tree_id,member_id_1,member_id_2,married_at,ended_at,status
7001,1000296,1000297,1432-01-01,1459-12-31,ended
7001,1000296,1000299,1438-01-01,1459-12-31,ended
7001,1000296,1000301,1435-01-01,1459-12-31,ended
7001,1000308,1000311,1437-01-01,1489-12-31,ended
7001,1000314,1000319,1435-01-01,1451-12-31,ended
7001,1000316,1000319,1434-01-01,1451-12-31,ended
7001,1000316,1000321,1435-01-01,1488-12-31,ended
7001,1000318,1000319,1437-01-01,1451-12-31,ended
7001,1000318,1000321,1433-01-01,1488-12-31,ended
7001,1000318,1000323,1433-01-01,1478-12-31,ended
7001,1000330,1000333,1433-01-01,1470-12-31,ended
7001,1000336,1000341,1434-01-01,1466-12-31,ended
7001,1000338,1000341,1437-01-01,1481-12-31,ended
7001,1000338,1000343,1438-01-01,1481-12-31,ended
7001,1000340,1000341,1435-01-01,1481-12-31,ended
7001,1000340,1000343,1436-01-01,1483-12-31,ended
7001,1000340,1000345,1434-01-01,1481-12-31,ended
7001,1000352,1000355,1435-01-01,1471-12-31,ended
7001,1000364,1000367,1432-01-01,1457-12-31,ended
7001,1000366,1000367,1435-01-01,1478-12-31,ended
7001,1000370,1000371,1435-01-01,1486-12-31,ended
7001,1000370,1000373,1438-01-01,1477-12-31,ended
7001,1000386,1000389,1433-01-01,1472-12-31,ended
7001,1000388,1000389,1436-01-01,1485-12-31,ended
7001,1000392,1000393,1437-01-01,1471-12-31,ended
7001,1000392,1000395,1434-01-01,1471-12-31,ended
7001,1000408,1000411,1436-01-01,1465-12-31,ended
7001,1000410,1000411,1437-01-01,1465-12-31,ended
7001,1000414,1000415,1432-01-01,1481-12-31,ended
7001,1000414,1000417,1437-01-01,1461-12-31,ended
7001,1000426,1000429,1433-01-01,1463-12-31,ended
7001,1000434,1000437,1435-01-01,1492-12-31,ended
7001,1000436,1000437,1433-01-01,1492-12-31,ended
7001,1000436,1000439,1434-01-01,1475-12-31,ended
7001,1000443,1000444,1458-01-01,1499-12-31,ended
7001,1000445,1000446,1454-01-01,1524-12-31,ended
7001,1000447,1000448,1454-01-01,1497-12-31,ended
7001,1000449,1000450,1458-01-01,1482-12-31,ended
7001,1000451,1000452,1454-01-01,1479-12-31,ended
7001,1000453,1000454,1455-01-01,1498-12-31,ended
7001,1000455,1000456,1460-01-01,1511-12-31,ended
7001,1000457,1000458,1456-01-01,1509-12-31,ended
7001,1000459,1000460,1456-01-01,1499-12-31,ended
7001,1000461,1000462,1456-01-01,1503-12-31,ended
7001,1000463,1000464,1457-01-01,1514-12-31,ended
7001,1000465,1000466,1455-01-01,1530-12-31,ended
7001,1000467,1000468,1459-01-01,1491-12-31,ended
7001,1000469,1000470,1455-01-01,1488-12-31,ended
7001,1000471,1000472,1455-01-01,1483-12-31,ended
7001,1000473,1000474,1457-01-01,1484-12-31,ended
7001,1000475,1000476,1455-01-01,1489-12-31,ended
7001,1000477,1000478,1454-01-01,1489-12-31,ended
7001,1000481,1000482,1459-01-01,1486-12-31,ended
7001,1000483,1000484,1456-01-01,1489-12-31,ended
7001,1000485,1000486,1458-01-01,1489-12-31,ended
7001,1000487,1000488,1456-01-01,1500-12-31,ended
7001,1000491,1000492,1458-01-01,1501-12-31,ended
7001,1000493,1000494,1454-01-01,1463-12-31,ended
7001,1000495,1000496,1454-01-01,1481-12-31,ended
7001,1000497,1000498,1459-01-01,1505-12-31,ended
7001,1000499,1000500,1455-01-01,1509-12-31,ended
7001,1000503,1000504,1458-01-01,1493-12-31,ended
7001,1000505,1000506,1460-01-01,1518-12-31,ended
7001,1000507,1000508,1460-01-01,1465-12-31,ended
7001,1000509,1000510,1457-01-01,1472-12-31,ended
7001,1000511,1000512,1455-01-01,1472-12-31,ended
7001,1000513,1000514,1454-01-01,1503-12-31,ended
7001,1000515,1000516,1456-01-01,1515-12-31,ended
7001,1000517,1000518,1457-01-01,1476-12-31,ended
7001,1000519,1000520,1459-01-01,1509-12-31,ended
7001,1000525,1000526,1457-01-01,1494-12-31,ended
7001,1000527,1000528,1453-01-01,1475-12-31,ended
7001,1000529,1000530,1456-01-01,1497-12-31,ended
7001,1000531,1000532,1456-01-01,1496-12-31,ended
7001,1000537,1000538,1457-01-01,1480-12-31,ended
7001,1000539,1000540,1458-01-01,1484-12-31,ended
7001,1000541,1000542,1458-01-01,1491-12-31,ended
7001,1000547,1000548,1460-01-01,1486-12-31,ended
7001,1000549,1000550,1456-01-01,1488-12-31,ended
7001,1000551,1000552,1460-01-01,1495-12-31,ended
7001,1000553,1000554,1457-01-01,1472-12-31,ended
7001,1000555,1000556,1455-01-01,1462-12-31,ended
7001,1000559,1000560,1458-01-01,1489-12-31,ended
7001,1000561,1000562,1458-01-01,1469-12-31,ended
7001,1000563,1000564,1454-01-01,1492-12-31,ended
7001,1000565,1000566,1457-01-01,1511-12-31,ended
7001,1000569,1000570,1456-01-01,1497-12-31,ended
7001,1000571,1000572,1455-01-01,1489-12-31,ended
7001,1000573,1000574,1456-01-01,1466-12-31,ended
7001,1000575,1000576,1455-01-01,1497-12-31,ended
7001,1000577,1000578,1457-01-01,1499-12-31,ended
7001,1000579,1000580,1459-01-01,1480-12-31,ended
7001,1000585,1000586,1454-01-01,1487-12-31,ended
7001,1000587,1000588,1456-01-01,1480-12-31,ended
7001,1000589,1000590,1458-01-01,1475-12-31,ended
7001,1000591,1000592,1457-01-01,1477-12-31,ended
7001,1000593,1000594,1456-01-01,1504-12-31,ended
7001,1000599,1000600,1454-01-01,1464-12-31,ended
7001,1000601,1000602,1454-01-01,1495-12-31,ended
7001,1000603,1000604,1455-01-01,1502-12-31,ended
7001,1000607,1000608,1456-01-01,1482-12-31,ended
7001,1000611,1000612,1458-01-01,1469-12-31,ended
7001,1000613,1000614,1455-01-01,1480-12-31,ended
7001,1000615,1000616,1457-01-01,1501-12-31,ended
7001,1000619,1000620,1478-01-01,1507-12-31,ended
7001,1000621,1000622,1479-01-01,1513-12-31,ended
7001,1000623,1000624,1477-01-01,1526-12-31,ended
7001,1000625,1000626,1479-01-01,1495-12-31,ended
7001,1000627,1000628,1476-01-01,1506-12-31,ended
7001,1000629,1000630,1481-01-01,1493-12-31,ended
7001,1000631,1000632,1476-01-01,1483-12-31,ended
7001,1000633,1000634,1476-01-01,1522-12-31,ended
7001,1000635,1000636,1476-01-01,1504-12-31,ended
7001,1000637,1000638,1480-01-01,1492-12-31,ended
7001,1000639,1000640,1479-01-01,1526-12-31,ended
7001,1000641,1000642,1480-01-01,1503-12-31,ended
7001,1000643,1000644,1481-01-01,1488-12-31,ended
7001,1000645,1000646,1479-01-01,1481-12-31,ended
7001,1000647,1000648,1478-01-01,1509-12-31,ended
7001,1000649,1000650,1480-01-01,1494-12-31,ended
7001,1000651,1000652,1476-01-01,1518-12-31,ended
7001,1000653,1000654,1477-01-01,1535-12-31,ended
7001,1000655,1000656,1478-01-01,1507-12-31,ended
7001,1000657,1000658,1477-01-01,1525-12-31,ended
7001,1000659,1000660,1478-01-01,1524-12-31,ended
7001,1000661,1000662,1481-01-01,1529-12-31,ended
7001,1000663,1000664,1477-01-01,1532-12-31,ended
7001,1000665,1000666,1476-01-01,1508-12-31,ended
7001,1000667,1000668,1479-01-01,1528-12-31,ended
7001,1000669,1000670,1481-01-01,1508-12-31,ended
7001,1000671,1000672,1476-01-01,1499-12-31,ended
7001,1000673,1000674,1481-01-01,1487-12-31,ended
7001,1000675,1000676,1482-01-01,1534-12-31,ended
7001,1000677,1000678,1479-01-01,1518-12-31,ended
7001,1000679,1000680,1477-01-01,1529-12-31,ended
7001,1000681,1000682,1481-01-01,1493-12-31,ended
7001,1000683,1000684,1476-01-01,1492-12-31,ended
7001,1000685,1000686,1476-01-01,1527-12-31,ended
7001,1000687,1000688,1480-01-01,1518-12-31,ended
7001,1000689,1000690,1480-01-01,1503-12-31,ended
7001,1000691,1000692,1478-01-01,1513-12-31,ended
7001,1000693,1000694,1480-01-01,1517-12-31,ended
7001,1000695,1000696,1481-01-01,1498-12-31,ended
7001,1000697,1000698,1477-01-01,1529-12-31,ended
7001,1000699,1000700,1482-01-01,1486-12-31,ended
7001,1000701,1000702,1477-01-01,1540-12-31,ended
7001,1000703,1000704,1477-01-01,1526-12-31,ended
7001,1000705,1000706,1477-01-01,1524-12-31,ended
7001,1000707,1000708,1478-01-01,1503-12-31,ended
7001,1000709,1000710,1477-01-01,1514-12-31,ended
7001,1000711,1000712,1479-01-01,1498-12-31,ended
7001,1000713,1000714,1477-01-01,1491-12-31,ended
7001,1000715,1000716,1478-01-01,1536-12-31,ended
7001,1000717,1000718,1478-01-01,1490-12-31,ended
7001,1000719,1000720,1479-01-01,1493-12-31,ended
7001,1000721,1000722,1476-01-01,1515-12-31,ended
7001,1000723,1000724,1477-01-01,1521-12-31,ended
7001,1000725,1000726,1480-01-01,1523-12-31,ended
7001,1000727,1000728,1478-01-01,1509-12-31,ended
7001,1000729,1000730,1480-01-01,1485-12-31,ended
7001,1000731,1000732,1476-01-01,1536-12-31,ended
7001,1000733,1000734,1477-01-01,1497-12-31,ended
7001,1000735,1000736,1480-01-01,1535-12-31,ended
7001,1000737,1000738,1479-01-01,1551-12-31,ended
7001,1000739,1000740,1479-01-01,1492-12-31,ended
7001,1000741,1000742,1476-01-01,1513-12-31,ended
7001,1000743,1000744,1479-01-01,1511-12-31,ended
7001,1000745,1000746,1477-01-01,1515-12-31,ended
7001,1000747,1000748,1477-01-01,1505-12-31,ended
7001,1000749,1000750,1482-01-01,1536-12-31,ended
7001,1000751,1000752,1478-01-01,1493-12-31,ended
7001,1000753,1000754,1476-01-01,1508-12-31,ended
7001,1000755,1000756,1479-01-01,1504-12-31,ended
7001,1000757,1000758,1479-01-01,1522-12-31,ended
7001,1000759,1000760,1478-01-01,1524-12-31,ended
7001,1000761,1000762,1480-01-01,1523-12-31,ended
7001,1000763,1000764,1475-01-01,1520-12-31,ended
7001,1000765,1000766,1477-01-01,1511-12-31,ended
7001,1000767,1000768,1480-01-01,1517-12-31,ended
7001,1000769,1000770,1479-01-01,1546-12-31,ended
7001,1000771,1000772,1482-01-01,1493-12-31,ended
7001,1000773,1000774,1480-01-01,1535-12-31,ended
7001,1000775,1000776,1476-01-01,1508-12-31,ended
7001,1000777,1000778,1474-01-01,1525-12-31,ended
7001,1000779,1000780,1479-01-01,1511-12-31,ended
7001,1000781,1000782,1479-01-01,1504-12-31,ended
7001,1000783,1000784,1477-01-01,1498-12-31,ended
7001,1000785,1000786,1479-01-01,1517-12-31,ended
7001,1000787,1000788,1478-01-01,1516-12-31,ended
7001,1000789,1000790,1475-01-01,1524-12-31,ended
7001,1000791,1000792,1481-01-01,1509-12-31,ended
7001,1000793,1000794,1476-01-01,1535-12-31,ended
7001,1000795,1000796,1480-01-01,1493-12-31,ended
7001,1000797,1000798,1477-01-01,1500-12-31,ended
7001,1000799,1000800,1476-01-01,1526-12-31,ended
7001,1000801,1000802,1481-01-01,1514-12-31,ended
7001,1000803,1000804,1478-01-01,1493-12-31,ended
7001,1000805,1000806,1476-01-01,1487-12-31,ended
7001,1000807,1000808,1479-01-01,1530-12-31,ended
7001,1000809,1000810,1481-01-01,1487-12-31,ended
7001,1000811,1000812,1478-01-01,1515-12-31,ended
7001,1000813,1000814,1476-01-01,1515-12-31,ended
7001,1000815,1000816,1476-01-01,1501-12-31,ended
7001,1000817,1000818,1479-01-01,1509-12-31,ended
7001,1000819,1000820,1479-01-01,1512-12-31,ended
7001,1000821,1000822,1480-01-01,1504-12-31,ended
7001,1000823,1000824,1477-01-01,1508-12-31,ended
7001,1000825,1000826,1501-01-01,1512-12-31,ended
7001,1000825,1000828,1498-01-01,1535-12-31,ended
7001,1000825,1000830,1504-01-01,1535-12-31,ended
7001,1000826,1001057,1502-01-01,1512-12-31,ended
7001,1000826,1001059,1502-01-01,1512-12-31,ended
7001,1000827,1000828,1504-01-01,1545-12-31,ended
7001,1000827,1000830,1498-01-01,1545-12-31,ended
7001,1000827,1000832,1499-01-01,1530-12-31,ended
7001,1000828,1001059,1504-01-01,1547-12-31,ended
7001,1000829,1000830,1500-01-01,1522-12-31,ended
7001,1000829,1000832,1501-01-01,1522-12-31,ended
7001,1000829,1000834,1499-01-01,1522-12-31,ended
7001,1000831,1000832,1495-01-01,1530-12-31,ended
7001,1000831,1000834,1502-01-01,1531-12-31,ended
7001,1000831,1000836,1504-01-01,1531-12-31,ended
7001,1000833,1000834,1503-01-01,1533-12-31,ended
7001,1000833,1000836,1501-01-01,1533-12-31,ended
7001,1000833,1000838,1499-01-01,1533-12-31,ended
7001,1000835,1000836,1503-01-01,1515-12-31,ended
7001,1000835,1000838,1499-01-01,1515-12-31,ended
7001,1000835,1000840,1502-01-01,1515-12-31,ended
7001,1000837,1000838,1504-01-01,1533-12-31,ended
7001,1000837,1000840,1499-01-01,1554-12-31,ended
7001,1000837,1000842,1499-01-01,1554-12-31,ended
7001,1000839,1000840,1501-01-01,1551-12-31,ended
7001,1000839,1000842,1504-01-01,1551-12-31,ended
7001,1000839,1000844,1498-01-01,1544-12-31,ended
7001,1000841,1000842,1499-01-01,1551-12-31,ended
7001,1000841,1000844,1500-01-01,1544-12-31,ended
7001,1000841,1000846,1500-01-01,1539-12-31,ended
7001,1000843,1000844,1498-01-01,1544-12-31,ended
7001,1000843,1000846,1501-01-01,1539-12-31,ended
7001,1000843,1000848,1502-01-01,1534-12-31,ended
7001,1000845,1000846,1503-01-01,1539-12-31,ended
7001,1000845,1000848,1500-01-01,1534-12-31,ended
7001,1000845,1000850,1498-01-01,1560-12-31,ended
7001,1000847,1000848,1500-01-01,1534-12-31,ended
7001,1000847,1000850,1498-01-01,1568-12-31,ended
7001,1000847,1000852,1500-01-01,1520-12-31,ended
7001,1000849,1000850,1499-01-01,1508-12-31,ended
7001,1000849,1000852,1503-01-01,1508-12-31,ended
7001,1000849,1000854,1500-01-01,1508-12-31,ended
7001,1000851,1000852,1498-01-01,1520-12-31,ended
7001,1000851,1000854,1499-01-01,1542-12-31,ended
7001,1000851,1000856,1500-01-01,1542-12-31,ended
7001,1000853,1000854,1498-01-01,1553-12-31,ended
7001,1000853,1000856,1501-01-01,1553-12-31,ended
7001,1000853,1000858,1500-01-01,1540-12-31,ended
7001,1000855,1000856,1503-01-01,1518-12-31,ended
7001,1000855,1000858,1499-01-01,1518-12-31,ended
7001,1000855,1000860,1500-01-01,1518-12-31,ended
7001,1000857,1000858,1499-01-01,1508-12-31,ended
7001,1000857,1000860,1498-01-01,1508-12-31,ended
7001,1000857,1000862,1501-01-01,1508-12-31,ended
7001,1000859,1000860,1499-01-01,1529-12-31,ended
7001,1000859,1000862,1501-01-01,1510-12-31,ended
7001,1000859,1000864,1499-01-01,1529-12-31,ended
7001,1000861,1000862,1504-01-01,1510-12-31,ended
7001,1000861,1000864,1500-01-01,1534-12-31,ended
7001,1000861,1000866,1498-01-01,1534-12-31,ended
7001,1000863,1000864,1500-01-01,1530-12-31,ended
7001,1000863,1000866,1504-01-01,1530-12-31,ended
7001,1000863,1000868,1502-01-01,1530-12-31,ended
7001,1000865,1000866,1502-01-01,1535-12-31,ended
7001,1000865,1000868,1503-01-01,1534-12-31,ended
7001,1000865,1000870,1501-01-01,1535-12-31,ended
7001,1000867,1000868,1503-01-01,1534-12-31,ended
7001,1000867,1000870,1501-01-01,1538-12-31,ended
7001,1000867,1000872,1497-01-01,1535-12-31,ended
7001,1000869,1000870,1498-01-01,1545-12-31,ended
7001,1000869,1000872,1502-01-01,1535-12-31,ended
7001,1000869,1000874,1503-01-01,1506-12-31,ended
7001,1000871,1000872,1498-01-01,1535-12-31,ended
7001,1000871,1000874,1500-01-01,1506-12-31,ended
7001,1000871,1000876,1502-01-01,1529-12-31,ended
7001,1000873,1000874,1497-01-01,1506-12-31,ended
7001,1000873,1000876,1502-01-01,1529-12-31,ended
7001,1000873,1000878,1503-01-01,1538-12-31,ended
7001,1000875,1000876,1499-01-01,1529-12-31,ended
7001,1000875,1000878,1503-01-01,1538-12-31,ended
7001,1000875,1000880,1504-01-01,1560-12-31,ended
7001,1000877,1000878,1498-01-01,1528-12-31,ended
7001,1000877,1000880,1500-01-01,1528-12-31,ended
7001,1000877,1000882,1499-01-01,1528-12-31,ended
7001,1000879,1000880,1504-01-01,1529-12-31,ended
7001,1000879,1000882,1498-01-01,1529-12-31,ended
7001,1000879,1000884,1499-01-01,1529-12-31,ended
7001,1000881,1000882,1498-01-01,1515-12-31,ended
7001,1000881,1000884,1503-01-01,1515-12-31,ended
7001,1000883,1000884,1500-01-01,1547-12-31,ended
7001,1000883,1000886,1500-01-01,1572-12-31,ended
7001,1000885,1000886,1498-01-01,1572-12-31,ended
7001,1000885,1000888,1498-01-01,1570-12-31,ended
7001,1000887,1000888,1502-01-01,1553-12-31,ended
7001,1000887,1000890,1501-01-01,1534-12-31,ended
7001,1000889,1000890,1502-01-01,1534-12-31,ended
7001,1000889,1000892,1497-01-01,1534-12-31,ended
7001,1000891,1000892,1500-01-01,1534-12-31,ended
7001,1000891,1000894,1502-01-01,1535-12-31,ended
7001,1000893,1000894,1502-01-01,1544-12-31,ended
7001,1000893,1000896,1502-01-01,1531-12-31,ended
7001,1000895,1000896,1500-01-01,1531-12-31,ended
7001,1000895,1000898,1500-01-01,1549-12-31,ended
7001,1000897,1000898,1500-01-01,1530-12-31,ended
7001,1000897,1000900,1501-01-01,1507-12-31,ended
7001,1000899,1000900,1501-01-01,1507-12-31,ended
7001,1000899,1000902,1498-01-01,1550-12-31,ended
7001,1000901,1000902,1499-01-01,1536-12-31,ended
7001,1000901,1000904,1502-01-01,1536-12-31,ended
7001,1000903,1000904,1497-01-01,1537-12-31,ended
7001,1000903,1000906,1501-01-01,1530-12-31,ended
7001,1000905,1000906,1499-01-01,1530-12-31,ended
7001,1000905,1000908,1499-01-01,1537-12-31,ended
7001,1000907,1000908,1501-01-01,1537-12-31,ended
7001,1000907,1000910,1503-01-01,1528-12-31,ended
7001,1000909,1000910,1500-01-01,1528-12-31,ended
7001,1000909,1000912,1501-01-01,1562-12-31,ended
7001,1000911,1000912,1498-01-01,1524-12-31,ended
7001,1000911,1000914,1501-01-01,1507-12-31,ended
7001,1000913,1000914,1498-01-01,1507-12-31,ended
7001,1000913,1000916,1499-01-01,1524-12-31,ended
7001,1000915,1000916,1502-01-01,1524-12-31,ended
7001,1000915,1000918,1495-01-01,1547-12-31,ended
7001,1000917,1000918,1499-01-01,1524-12-31,ended
7001,1000917,1000920,1498-01-01,1524-12-31,ended
7001,1000919,1000920,1504-01-01,1541-12-31,ended
7001,1000919,1000922,1498-01-01,1540-12-31,ended
7001,1000921,1000922,1498-01-01,1532-12-31,ended
7001,1000921,1000924,1502-01-01,1532-12-31,ended
7001,1000923,1000924,1498-01-01,1510-12-31,ended
7001,1000923,1000926,1499-01-01,1510-12-31,ended
7001,1000925,1000926,1499-01-01,1531-12-31,ended
7001,1000925,1000928,1500-01-01,1531-12-31,ended
7001,1000927,1000928,1498-01-01,1527-12-31,ended
7001,1000927,1000930,1502-01-01,1526-12-31,ended
7001,1000929,1000930,1500-01-01,1526-12-31,ended
7001,1000929,1000932,1500-01-01,1531-12-31,ended
7001,1000931,1000932,1501-01-01,1531-12-31,ended
7001,1000931,1000934,1504-01-01,1519-12-31,ended
7001,1000933,1000934,1498-01-01,1504-12-31,ended
7001,1000933,1000936,1502-01-01,1504-12-31,ended
7001,1000935,1000936,1500-01-01,1531-12-31,ended
7001,1000935,1000938,1502-01-01,1536-12-31,ended
7001,1000937,1000938,1502-01-01,1536-12-31,ended
7001,1000937,1000940,1504-01-01,1537-12-31,ended
7001,1000939,1000940,1501-01-01,1515-12-31,ended
7001,1000939,1000942,1500-01-01,1515-12-31,ended
7001,1000941,1000942,1500-01-01,1519-12-31,ended
7001,1000941,1000944,1500-01-01,1530-12-31,ended
7001,1000943,1000944,1498-01-01,1508-12-31,ended
7001,1000943,1000946,1498-01-01,1508-12-31,ended
7001,1000945,1000946,1498-01-01,1535-12-31,ended
7001,1000945,1000948,1503-01-01,1535-12-31,ended
7001,1000947,1000948,1500-01-01,1570-12-31,ended
7001,1000947,1000950,1499-01-01,1555-12-31,ended
7001,1000949,1000950,1499-01-01,1555-12-31,ended
7001,1000949,1000952,1503-01-01,1521-12-31,ended
7001,1000951,1000952,1498-01-01,1521-12-31,ended
7001,1000951,1000954,1500-01-01,1510-12-31,ended
7001,1000953,1000954,1501-01-01,1510-12-31,ended
7001,1000953,1000956,1503-01-01,1544-12-31,ended
7001,1000955,1000956,1499-01-01,1536-12-31,ended
7001,1000955,1000958,1503-01-01,1503-12-31,ended
7001,1000957,1000958,1501-01-01,1503-12-31,ended
7001,1000957,1000960,1504-01-01,1531-12-31,ended
7001,1000959,1000960,1498-01-01,1548-12-31,ended
7001,1000959,1000962,1500-01-01,1545-12-31,ended
7001,1000961,1000962,1498-01-01,1512-12-31,ended
7001,1000961,1000964,1501-01-01,1512-12-31,ended
7001,1000963,1000964,1502-01-01,1514-12-31,ended
7001,1000963,1000966,1502-01-01,1514-12-31,ended
7001,1000965,1000966,1499-01-01,1519-12-31,ended
7001,1000965,1000968,1501-01-01,1546-12-31,ended
7001,1000967,1000968,1502-01-01,1530-12-31,ended
7001,1000967,1000970,1500-01-01,1530-12-31,ended
7001,1000969,1000970,1500-01-01,1559-12-31,ended
7001,1000969,1000972,1503-01-01,1539-12-31,ended
7001,1000971,1000972,1500-01-01,1520-12-31,ended
7001,1000971,1000974,1499-01-01,1515-12-31,ended
7001,1000973,1000974,1502-01-01,1515-12-31,ended
7001,1000973,1000976,1500-01-01,1542-12-31,ended
7001,1000975,1000976,1501-01-01,1520-12-31,ended
7001,1000975,1000978,1500-01-01,1520-12-31,ended
7001,1000977,1000978,1502-01-01,1529-12-31,ended
7001,1000977,1000980,1502-01-01,1532-12-31,ended
7001,1000979,1000980,1501-01-01,1544-12-31,ended
7001,1000979,1000982,1503-01-01,1544-12-31,ended
7001,1000981,1000982,1501-01-01,1549-12-31,ended
7001,1000981,1000984,1500-01-01,1518-12-31,ended
7001,1000983,1000984,1500-01-01,1518-12-31,ended
7001,1000983,1000986,1498-01-01,1550-12-31,ended
7001,1000985,1000986,1500-01-01,1541-12-31,ended
7001,1000985,1000988,1500-01-01,1541-12-31,ended
7001,1000987,1000988,1499-01-01,1531-12-31,ended
7001,1000987,1000990,1501-01-01,1527-12-31,ended
7001,1000989,1000990,1504-01-01,1527-12-31,ended
7001,1000989,1000992,1501-01-01,1544-12-31,ended
7001,1000991,1000992,1498-01-01,1545-12-31,ended
7001,1000991,1000994,1498-01-01,1545-12-31,ended
7001,1000993,1000994,1500-01-01,1545-12-31,ended
7001,1000993,1000996,1501-01-01,1554-12-31,ended
7001,1000995,1000996,1500-01-01,1554-12-31,ended
7001,1000995,1000998,1500-01-01,1557-12-31,ended
7001,1000997,1000998,1502-01-01,1544-12-31,ended
7001,1000997,1001000,1504-01-01,1507-12-31,ended
7001,1000999,1001000,1499-01-01,1507-12-31,ended
7001,1000999,1001002,1499-01-01,1546-12-31,ended
7001,1001001,1001002,1504-01-01,1546-12-31,ended
7001,1001001,1001004,1498-01-01,1567-12-31,ended
7001,1001003,1001004,1499-01-01,1553-12-31,ended
7001,1001003,1001006,1500-01-01,1553-12-31,ended
7001,1001005,1001006,1498-01-01,1504-12-31,ended
7001,1001005,1001008,1501-01-01,1504-12-31,ended
7001,1001007,1001008,1502-01-01,1540-12-31,ended
7001,1001007,1001010,1500-01-01,1540-12-31,ended
7001,1001009,1001010,1500-01-01,1568-12-31,ended
7001,1001009,1001012,1499-01-01,1508-12-31,ended
7001,1001011,1001012,1501-01-01,1508-12-31,ended
7001,1001011,1001014,1501-01-01,1516-12-31,ended
7001,1001013,1001014,1501-01-01,1574-12-31,ended
7001,1001013,1001016,1503-01-01,1530-12-31,ended
7001,1001015,1001016,1500-01-01,1530-12-31,ended
7001,1001015,1001018,1501-01-01,1532-12-31,ended
7001,1001017,1001018,1498-01-01,1532-12-31,ended
7001,1001017,1001020,1499-01-01,1518-12-31,ended
7001,1001019,1001020,1500-01-01,1518-12-31,ended
7001,1001019,1001022,1503-01-01,1539-12-31,ended
7001,1001021,1001022,1498-01-01,1529-12-31,ended
7001,1001021,1001024,1500-01-01,1519-12-31,ended
7001,1001023,1001024,1499-01-01,1519-12-31,ended
7001,1001023,1001026,1502-01-01,1538-12-31,ended
7001,1001025,1001026,1502-01-01,1531-12-31,ended
7001,1001025,1001028,1501-01-01,1531-12-31,ended
7001,1001027,1001028,1500-01-01,1502-12-31,ended
7001,1001027,1001030,1501-01-01,1502-12-31,ended
7001,1001029,1001030,1498-01-01,1509-12-31,ended
7001,1001029,1001032,1498-01-01,1528-12-31,ended
7001,1001031,1001032,1504-01-01,1534-12-31,ended
7001,1001031,1001034,1504-01-01,1525-12-31,ended
7001,1001033,1001034,1504-01-01,1525-12-31,ended
7001,1001033,1001036,1498-01-01,1561-12-31,ended
7001,1001035,1001036,1502-01-01,1521-12-31,ended
7001,1001035,1001038,1498-01-01,1521-12-31,ended
7001,1001037,1001038,1497-01-01,1548-12-31,ended
7001,1001037,1001040,1500-01-01,1521-12-31,ended
7001,1001039,1001040,1501-01-01,1521-12-31,ended
7001,1001039,1001042,1500-01-01,1510-12-31,ended
7001,1001041,1001042,1498-01-01,1510-12-31,ended
7001,1001041,1001044,1503-01-01,1522-12-31,ended
7001,1001043,1001044,1502-01-01,1522-12-31,ended
7001,1001043,1001046,1501-01-01,1546-12-31,ended
7001,1001045,1001046,1499-01-01,1523-12-31,ended
7001,1001045,1001048,1501-01-01,1523-12-31,ended
7001,1001047,1001048,1501-01-01,1535-12-31,ended
7001,1001047,1001050,1499-01-01,1510-12-31,ended
7001,1001049,1001050,1498-01-01,1510-12-31,ended
7001,1001049,1001052,1502-01-01,1543-12-31,ended
7001,1001051,1001052,1498-01-01,1523-12-31,ended
7001,1001051,1001054,1500-01-01,1522-12-31,ended
7001,1001053,1001054,1503-01-01,1522-12-31,ended
7001,1001053,1001056,1498-01-01,1536-12-31,ended
7001,1001055,1001056,1499-01-01,1556-12-31,ended
7001,1001055,1001058,1501-01-01,1546-12-31,ended
7001,1001057,1001058,1502-01-01,1512-12-31,ended
7001,1001060,1001061,1521-01-01,1555-12-31,ended
7001,1001062,1001063,1519-01-01,1571-12-31,ended
7001,1001064,1001065,1522-01-01,1592-12-31,ended
7001,1001066,1001067,1526-01-01,1534-12-31,ended
7001,1001068,1001069,1518-01-01,1543-12-31,ended
7001,1001070,1001071,1522-01-01,1556-12-31,ended
7001,1001072,1001073,1522-01-01,1553-12-31,ended
7001,1001074,1001075,1526-01-01,1546-12-31,ended
7001,1001076,1001077,1523-01-01,1560-12-31,ended
7001,1001078,1001079,1522-01-01,1558-12-31,ended
7001,1001080,1001081,1525-01-01,1542-12-31,ended
7001,1001082,1001083,1526-01-01,1574-12-31,ended
7001,1001084,1001085,1521-01-01,1574-12-31,ended
7001,1001086,1001087,1522-01-01,1562-12-31,ended
7001,1001088,1001089,1524-01-01,1551-12-31,ended
7001,1001090,1001091,1520-01-01,1534-12-31,ended
7001,1001092,1001093,1521-01-01,1540-12-31,ended
7001,1001094,1001095,1521-01-01,1565-12-31,ended
7001,1001096,1001097,1526-01-01,1556-12-31,ended
7001,1001098,1001099,1523-01-01,1553-12-31,ended
7001,1001100,1001101,1520-01-01,1555-12-31,ended
7001,1001102,1001103,1522-01-01,1522-12-31,ended
7001,1001104,1001105,1526-01-01,1528-12-31,ended
7001,1001106,1001107,1524-01-01,1551-12-31,ended
7001,1001108,1001109,1525-01-01,1555-12-31,ended
7001,1001110,1001111,1524-01-01,1547-12-31,ended
7001,1001112,1001113,1525-01-01,1568-12-31,ended
7001,1001114,1001115,1520-01-01,1560-12-31,ended
7001,1001116,1001117,1521-01-01,1533-12-31,ended
7001,1001118,1001119,1520-01-01,1550-12-31,ended
7001,1001120,1001121,1522-01-01,1545-12-31,ended
7001,1001122,1001123,1520-01-01,1543-12-31,ended
7001,1001124,1001125,1520-01-01,1523-12-31,ended
7001,1001126,1001127,1521-01-01,1570-12-31,ended
7001,1001128,1001129,1521-01-01,1567-12-31,ended
7001,1001130,1001131,1524-01-01,1538-12-31,ended
7001,1001132,1001133,1524-01-01,1536-12-31,ended
7001,1001134,1001135,1522-01-01,1549-12-31,ended
7001,1001136,1001137,1522-01-01,1565-12-31,ended
7001,1001138,1001139,1522-01-01,1540-12-31,ended
7001,1001140,1001141,1519-01-01,1545-12-31,ended
7001,1001142,1001143,1520-01-01,1543-12-31,ended
7001,1001144,1001145,1522-01-01,1561-12-31,ended
7001,1001146,1001147,1523-01-01,1547-12-31,ended
7001,1001148,1001149,1526-01-01,1559-12-31,ended
7001,1001150,1001151,1521-01-01,1551-12-31,ended
7001,1001152,1001153,1520-01-01,1532-12-31,ended
7001,1001154,1001155,1520-01-01,1560-12-31,ended
7001,1001156,1001157,1522-01-01,1533-12-31,ended
7001,1001158,1001159,1522-01-01,1575-12-31,ended
7001,1001160,1001161,1522-01-01,1549-12-31,ended
7001,1001162,1001163,1523-01-01,1562-12-31,ended
7001,1001164,1001165,1521-01-01,1573-12-31,ended
7001,1001166,1001167,1521-01-01,1535-12-31,ended
7001,1001168,1001169,1522-01-01,1525-12-31,ended
7001,1001170,1001171,1524-01-01,1531-12-31,ended
7001,1001172,1001173,1521-01-01,1575-12-31,ended
7001,1001174,1001175,1526-01-01,1589-12-31,ended
7001,1001176,1001177,1522-01-01,1546-12-31,ended
7001,1001178,1001179,1518-01-01,1557-12-31,ended
7001,1001180,1001181,1526-01-01,1575-12-31,ended
7001,1001182,1001183,1520-01-01,1540-12-31,ended
7001,1001184,1001185,1521-01-01,1548-12-31,ended
7001,1001186,1001187,1526-01-01,1558-12-31,ended
7001,1001188,1001189,1525-01-01,1540-12-31,ended
7001,1001190,1001191,1522-01-01,1571-12-31,ended
7001,1001192,1001193,1522-01-01,1578-12-31,ended
7001,1001194,1001195,1522-01-01,1549-12-31,ended
7001,1001196,1001197,1523-01-01,1538-12-31,ended
7001,1001198,1001199,1521-01-01,1541-12-31,ended
7001,1001200,1001201,1520-01-01,1589-12-31,ended
7001,1001202,1001203,1523-01-01,1546-12-31,ended
7001,1001204,1001205,1522-01-01,1531-12-31,ended
7001,1001206,1001207,1524-01-01,1579-12-31,ended
7001,1001208,1001209,1524-01-01,1529-12-31,ended
7001,1001210,1001211,1526-01-01,1543-12-31,ended
7001,1001212,1001213,1521-01-01,1582-12-31,ended
7001,1001214,1001215,1521-01-01,1552-12-31,ended
7001,1001216,1001217,1523-01-01,1551-12-31,ended
7001,1001218,1001219,1525-01-01,1550-12-31,ended
7001,1001220,1001221,1520-01-01,1550-12-31,ended
7001,1001222,1001223,1522-01-01,1569-12-31,ended
7001,1001224,1001225,1518-01-01,1549-12-31,ended
7001,1001226,1001227,1522-01-01,1539-12-31,ended
7001,1001228,1001229,1525-01-01,1567-12-31,ended
7001,1001230,1001231,1525-01-01,1534-12-31,ended
7001,1001232,1001233,1524-01-01,1559-12-31,ended
7001,1001234,1001235,1523-01-01,1536-12-31,ended
7001,1001236,1001237,1522-01-01,1570-12-31,ended
7001,1001238,1001239,1521-01-01,1558-12-31,ended
7001,1001240,1001241,1525-01-01,1552-12-31,ended
7001,1001242,1001243,1525-01-01,1558-12-31,ended
7001,1001244,1001245,1521-01-01,1537-12-31,ended
7001,1001246,1001247,1520-01-01,1545-12-31,ended
7001,1001248,1001249,1523-01-01,1554-12-31,ended
7001,1001250,1001251,1523-01-01,1539-12-31,ended
7001,1001252,1001253,1524-01-01,1528-12-31,ended
7001,1001254,1001255,1524-01-01,1563-12-31,ended
7001,1001256,1001257,1521-01-01,1561-12-31,ended
7001,1001258,1001259,1520-01-01,1552-12-31,ended
7001,1001260,1001261,1520-01-01,1564-12-31,ended
7001,1001262,1001263,1523-01-01,1590-12-31,ended
7001,1001264,1001265,1525-01-01,1549-12-31,ended
7001,1001266,1001267,1525-01-01,1569-12-31,ended
7001,1001268,1001269,1520-01-01,1525-12-31,ended
7001,1001270,1001271,1520-01-01,1574-12-31,ended
7001,1001272,1001273,1524-01-01,1554-12-31,ended
7001,1001274,1001275,1520-01-01,1550-12-31,ended
7001,1001276,1001277,1523-01-01,1581-12-31,ended
7001,1001278,1001279,1525-01-01,1566-12-31,ended
7001,1001280,1001281,1520-01-01,1525-12-31,ended
7001,1001282,1001283,1517-01-01,1528-12-31,ended
7001,1001284,1001285,1521-01-01,1577-12-31,ended
7001,1001286,1001287,1523-01-01,1536-12-31,ended
7001,1001288,1001289,1521-01-01,1562-12-31,ended
7001,1001290,1001291,1522-01-01,1574-12-31,ended
7001,1001292,1001293,1525-01-01,1534-12-31,ended
7001,1001294,1001295,1524-01-01,1532-12-31,ended
7001,1001296,1001297,1522-01-01,1543-12-31,ended
7001,1001298,1001299,1520-01-01,1557-12-31,ended
7001,1001300,1001301,1524-01-01,1565-12-31,ended
7001,1001302,1001303,1524-01-01,1542-12-31,ended
7001,1001304,1001305,1525-01-01,1555-12-31,ended
7001,1001306,1001307,1520-01-01,1530-12-31,ended
7001,1001308,1001309,1524-01-01,1556-12-31,ended
7001,1001310,1001311,1525-01-01,1565-12-31,ended
7001,1001312,1001313,1520-01-01,1553-12-31,ended
7001,1001314,1001315,1523-01-01,1547-12-31,ended
7001,1001316,1001317,1522-01-01,1554-12-31,ended
7001,1001318,1001319,1521-01-01,1546-12-31,ended
7001,1001320,1001321,1521-01-01,1562-12-31,ended
7001,1001322,1001323,1520-01-01,1551-12-31,ended
7001,1001324,1001325,1542-01-01,1546-12-31,ended
7001,1001324,1001327,1545-01-01,1546-12-31,ended
7001,1001324,1001329,1543-01-01,1546-12-31,ended
7001,1001325,1001614,1545-01-01,1573-12-31,ended
7001,1001325,1001616,1548-01-01,1589-12-31,ended
7001,1001326,1001327,1545-01-01,1594-12-31,ended
7001,1001326,1001329,1544-01-01,1582-12-31,ended
7001,1001326,1001331,1542-01-01,1599-12-31,ended
7001,1001327,1001616,1544-01-01,1594-12-31,ended
7001,1001328,1001329,1542-01-01,1582-12-31,ended
7001,1001328,1001331,1544-01-01,1599-12-31,ended
7001,1001328,1001333,1544-01-01,1576-12-31,ended
7001,1001330,1001331,1548-01-01,1599-12-31,ended
7001,1001330,1001333,1545-01-01,1576-12-31,ended
7001,1001330,1001335,1542-01-01,1557-12-31,ended
7001,1001332,1001333,1548-01-01,1576-12-31,ended
7001,1001332,1001335,1547-01-01,1557-12-31,ended
7001,1001332,1001337,1543-01-01,1597-12-31,ended
7001,1001334,1001335,1542-01-01,1557-12-31,ended
7001,1001334,1001337,1545-01-01,1596-12-31,ended
7001,1001334,1001339,1548-01-01,1593-12-31,ended
7001,1001336,1001337,1544-01-01,1597-12-31,ended
7001,1001336,1001339,1545-01-01,1593-12-31,ended
7001,1001336,1001341,1543-01-01,1603-12-31,ended
7001,1001338,1001339,1544-01-01,1593-12-31,ended
7001,1001338,1001341,1547-01-01,1603-12-31,ended
7001,1001338,1001343,1543-01-01,1574-12-31,ended
7001,1001340,1001341,1542-01-01,1591-12-31,ended
7001,1001340,1001343,1547-01-01,1574-12-31,ended
7001,1001340,1001345,1542-01-01,1591-12-31,ended
7001,1001342,1001343,1543-01-01,1574-12-31,ended
7001,1001342,1001345,1543-01-01,1597-12-31,ended
7001,1001342,1001347,1544-01-01,1597-12-31,ended
7001,1001344,1001345,1541-01-01,1610-12-31,ended
7001,1001344,1001347,1543-01-01,1612-12-31,ended
7001,1001344,1001349,1545-01-01,1612-12-31,ended
7001,1001346,1001347,1543-01-01,1594-12-31,ended
7001,1001346,1001349,1543-01-01,1594-12-31,ended
7001,1001346,1001351,1548-01-01,1594-12-31,ended
7001,1001348,1001349,1546-01-01,1603-12-31,ended
7001,1001348,1001351,1545-01-01,1603-12-31,ended
7001,1001348,1001353,1542-01-01,1591-12-31,ended
7001,1001350,1001351,1544-01-01,1547-12-31,ended
7001,1001350,1001353,1545-01-01,1547-12-31,ended
7001,1001350,1001355,1544-01-01,1547-12-31,ended
7001,1001352,1001353,1544-01-01,1548-12-31,ended
7001,1001352,1001355,1546-01-01,1548-12-31,ended
7001,1001352,1001357,1543-01-01,1548-12-31,ended
7001,1001354,1001355,1544-01-01,1595-12-31,ended
7001,1001354,1001357,1547-01-01,1572-12-31,ended
7001,1001354,1001359,1545-01-01,1595-12-31,ended
7001,1001356,1001357,1547-01-01,1572-12-31,ended
7001,1001356,1001359,1544-01-01,1580-12-31,ended
7001,1001356,1001361,1546-01-01,1580-12-31,ended
7001,1001358,1001359,1545-01-01,1581-12-31,ended
7001,1001358,1001361,1544-01-01,1581-12-31,ended
7001,1001358,1001363,1543-01-01,1581-12-31,ended
7001,1001360,1001361,1542-01-01,1578-12-31,ended
7001,1001360,1001363,1542-01-01,1578-12-31,ended
7001,1001360,1001365,1542-01-01,1561-12-31,ended
7001,1001362,1001363,1542-01-01,1593-12-31,ended
7001,1001362,1001365,1542-01-01,1561-12-31,ended
7001,1001362,1001367,1544-01-01,1579-12-31,ended
7001,1001364,1001365,1542-01-01,1561-12-31,ended
7001,1001364,1001367,1547-01-01,1577-12-31,ended
7001,1001364,1001369,1544-01-01,1577-12-31,ended
7001,1001366,1001367,1542-01-01,1566-12-31,ended
7001,1001366,1001369,1544-01-01,1566-12-31,ended
7001,1001366,1001371,1543-01-01,1566-12-31,ended
7001,1001368,1001369,1545-01-01,1583-12-31,ended
7001,1001368,1001371,1545-01-01,1572-12-31,ended
7001,1001368,1001373,1546-01-01,1574-12-31,ended
7001,1001370,1001371,1543-01-01,1571-12-31,ended
7001,1001370,1001373,1548-01-01,1571-12-31,ended
7001,1001370,1001375,1546-01-01,1571-12-31,ended
7001,1001372,1001373,1546-01-01,1574-12-31,ended
7001,1001372,1001375,1544-01-01,1576-12-31,ended
7001,1001372,1001377,1547-01-01,1588-12-31,ended
7001,1001374,1001375,1542-01-01,1576-12-31,ended
7001,1001374,1001377,1543-01-01,1578-12-31,ended
7001,1001374,1001379,1542-01-01,1578-12-31,ended
7001,1001376,1001377,1548-01-01,1574-12-31,ended
7001,1001376,1001379,1542-01-01,1574-12-31,ended
7001,1001376,1001381,1542-01-01,1574-12-31,ended
7001,1001378,1001379,1546-01-01,1584-12-31,ended
7001,1001378,1001381,1542-01-01,1584-12-31,ended
7001,1001378,1001383,1544-01-01,1584-12-31,ended
7001,1001380,1001381,1546-01-01,1557-12-31,ended
7001,1001380,1001383,1542-01-01,1557-12-31,ended
7001,1001380,1001385,1542-01-01,1557-12-31,ended
7001,1001382,1001383,1547-01-01,1587-12-31,ended
7001,1001382,1001385,1547-01-01,1576-12-31,ended
7001,1001384,1001385,1547-01-01,1576-12-31,ended
7001,1001384,1001387,1543-01-01,1601-12-31,ended
7001,1001386,1001387,1546-01-01,1546-12-31,ended
7001,1001386,1001389,1544-01-01,1545-12-31,ended
7001,1001388,1001389,1546-01-01,1594-12-31,ended
7001,1001388,1001391,1544-01-01,1587-12-31,ended
7001,1001390,1001391,1544-01-01,1587-12-31,ended
7001,1001390,1001393,1548-01-01,1605-12-31,ended
7001,1001392,1001393,1543-01-01,1600-12-31,ended
7001,1001392,1001395,1547-01-01,1570-12-31,ended
7001,1001394,1001395,1545-01-01,1570-12-31,ended
7001,1001394,1001397,1542-01-01,1559-12-31,ended
7001,1001396,1001397,1545-01-01,1559-12-31,ended
7001,1001396,1001399,1543-01-01,1587-12-31,ended
7001,1001398,1001399,1543-01-01,1607-12-31,ended
7001,1001398,1001401,1545-01-01,1595-12-31,ended
7001,1001400,1001401,1547-01-01,1589-12-31,ended
7001,1001400,1001403,1548-01-01,1580-12-31,ended
7001,1001402,1001403,1546-01-01,1580-12-31,ended
7001,1001402,1001405,1544-01-01,1574-12-31,ended
7001,1001404,1001405,1544-01-01,1574-12-31,ended
7001,1001404,1001407,1543-01-01,1585-12-31,ended
7001,1001406,1001407,1542-01-01,1557-12-31,ended
7001,1001406,1001409,1543-01-01,1557-12-31,ended
7001,1001408,1001409,1542-01-01,1594-12-31,ended
7001,1001408,1001411,1544-01-01,1594-12-31,ended
7001,1001410,1001411,1545-01-01,1564-12-31,ended
7001,1001410,1001413,1542-01-01,1564-12-31,ended
7001,1001412,1001413,1548-01-01,1611-12-31,ended
7001,1001412,1001415,1543-01-01,1564-12-31,ended
7001,1001414,1001415,1542-01-01,1552-12-31,ended
7001,1001414,1001417,1544-01-01,1552-12-31,ended
7001,1001416,1001417,1540-01-01,1587-12-31,ended
7001,1001416,1001419,1545-01-01,1587-12-31,ended
7001,1001418,1001419,1543-01-01,1569-12-31,ended
7001,1001418,1001421,1545-01-01,1560-12-31,ended
7001,1001420,1001421,1542-01-01,1560-12-31,ended
7001,1001420,1001423,1547-01-01,1562-12-31,ended
7001,1001422,1001423,1546-01-01,1592-12-31,ended
7001,1001422,1001425,1544-01-01,1592-12-31,ended
7001,1001424,1001425,1545-01-01,1592-12-31,ended
7001,1001424,1001427,1543-01-01,1566-12-31,ended
7001,1001426,1001427,1543-01-01,1566-12-31,ended
7001,1001426,1001429,1543-01-01,1575-12-31,ended
7001,1001428,1001429,1540-01-01,1564-12-31,ended
7001,1001428,1001431,1542-01-01,1564-12-31,ended
7001,1001430,1001431,1545-01-01,1567-12-31,ended
7001,1001430,1001433,1546-01-01,1567-12-31,ended
7001,1001432,1001433,1543-01-01,1624-12-31,ended
7001,1001432,1001435,1543-01-01,1598-12-31,ended
7001,1001434,1001435,1543-01-01,1598-12-31,ended
7001,1001434,1001437,1543-01-01,1599-12-31,ended
7001,1001436,1001437,1544-01-01,1594-12-31,ended
7001,1001436,1001439,1546-01-01,1594-12-31,ended
7001,1001438,1001439,1543-01-01,1575-12-31,ended
7001,1001438,1001441,1543-01-01,1575-12-31,ended
7001,1001440,1001441,1546-01-01,1577-12-31,ended
7001,1001440,1001443,1544-01-01,1563-12-31,ended
7001,1001442,1001443,1545-01-01,1563-12-31,ended
7001,1001442,1001445,1545-01-01,1588-12-31,ended
7001,1001444,1001445,1546-01-01,1550-12-31,ended
7001,1001444,1001447,1543-01-01,1550-12-31,ended
7001,1001446,1001447,1547-01-01,1592-12-31,ended
7001,1001446,1001449,1544-01-01,1576-12-31,ended
7001,1001448,1001449,1548-01-01,1576-12-31,ended
7001,1001448,1001451,1544-01-01,1566-12-31,ended
7001,1001450,1001451,1544-01-01,1560-12-31,ended
7001,1001450,1001453,1545-01-01,1560-12-31,ended
7001,1001452,1001453,1543-01-01,1583-12-31,ended
7001,1001452,1001455,1547-01-01,1583-12-31,ended
7001,1001454,1001455,1543-01-01,1601-12-31,ended
7001,1001454,1001457,1544-01-01,1553-12-31,ended
7001,1001456,1001457,1545-01-01,1553-12-31,ended
7001,1001456,1001459,1545-01-01,1561-12-31,ended
7001,1001458,1001459,1546-01-01,1595-12-31,ended
7001,1001458,1001461,1547-01-01,1583-12-31,ended
7001,1001460,1001461,1542-01-01,1567-12-31,ended
7001,1001460,1001463,1544-01-01,1567-12-31,ended
7001,1001462,1001463,1545-01-01,1604-12-31,ended
7001,1001462,1001465,1545-01-01,1574-12-31,ended
7001,1001464,1001465,1546-01-01,1574-12-31,ended
7001,1001464,1001467,1545-01-01,1601-12-31,ended
7001,1001466,1001467,1544-01-01,1596-12-31,ended
7001,1001466,1001469,1546-01-01,1559-12-31,ended
7001,1001468,1001469,1542-01-01,1559-12-31,ended
7001,1001468,1001471,1547-01-01,1587-12-31,ended
7001,1001470,1001471,1547-01-01,1589-12-31,ended
7001,1001470,1001473,1546-01-01,1584-12-31,ended
7001,1001472,1001473,1545-01-01,1584-12-31,ended
7001,1001472,1001475,1547-01-01,1561-12-31,ended
7001,1001474,1001475,1542-01-01,1561-12-31,ended
7001,1001474,1001477,1543-01-01,1564-12-31,ended
7001,1001476,1001477,1547-01-01,1596-12-31,ended
7001,1001476,1001479,1542-01-01,1597-12-31,ended
7001,1001478,1001479,1545-01-01,1597-12-31,ended
7001,1001478,1001481,1543-01-01,1565-12-31,ended
7001,1001480,1001481,1545-01-01,1565-12-31,ended
7001,1001480,1001483,1544-01-01,1594-12-31,ended
7001,1001482,1001483,1546-01-01,1583-12-31,ended
7001,1001482,1001485,1548-01-01,1583-12-31,ended
7001,1001484,1001485,1545-01-01,1583-12-31,ended
7001,1001484,1001487,1544-01-01,1583-12-31,ended
7001,1001486,1001487,1542-01-01,1583-12-31,ended
7001,1001486,1001489,1542-01-01,1583-12-31,ended
7001,1001488,1001489,1543-01-01,1588-12-31,ended
7001,1001488,1001491,1542-01-01,1562-12-31,ended
7001,1001490,1001491,1546-01-01,1562-12-31,ended
7001,1001490,1001493,1547-01-01,1571-12-31,ended
7001,1001492,1001493,1545-01-01,1571-12-31,ended
7001,1001492,1001495,1544-01-01,1599-12-31,ended
7001,1001494,1001495,1548-01-01,1549-12-31,ended
7001,1001494,1001497,1546-01-01,1549-12-31,ended
7001,1001496,1001497,1547-01-01,1611-12-31,ended
7001,1001496,1001499,1543-01-01,1598-12-31,ended
7001,1001498,1001499,1542-01-01,1559-12-31,ended
7001,1001498,1001501,1543-01-01,1559-12-31,ended
7001,1001500,1001501,1546-01-01,1570-12-31,ended
7001,1001500,1001503,1547-01-01,1571-12-31,ended
7001,1001502,1001503,1544-01-01,1559-12-31,ended
7001,1001502,1001505,1543-01-01,1559-12-31,ended
7001,1001504,1001505,1540-01-01,1582-12-31,ended
7001,1001504,1001507,1542-01-01,1582-12-31,ended
7001,1001506,1001507,1544-01-01,1592-12-31,ended
7001,1001506,1001509,1548-01-01,1605-12-31,ended
7001,1001508,1001509,1545-01-01,1565-12-31,ended
7001,1001508,1001511,1544-01-01,1565-12-31,ended
7001,1001510,1001511,1545-01-01,1582-12-31,ended
7001,1001510,1001513,1546-01-01,1581-12-31,ended
7001,1001512,1001513,1545-01-01,1563-12-31,ended
7001,1001512,1001515,1546-01-01,1563-12-31,ended
7001,1001514,1001515,1547-01-01,1589-12-31,ended
7001,1001514,1001517,1548-01-01,1590-12-31,ended
7001,1001516,1001517,1545-01-01,1584-12-31,ended
7001,1001516,1001519,1544-01-01,1568-12-31,ended
7001,1001518,1001519,1542-01-01,1568-12-31,ended
7001,1001518,1001521,1542-01-01,1582-12-31,ended
7001,1001520,1001521,1546-01-01,1582-12-31,ended
7001,1001520,1001523,1543-01-01,1578-12-31,ended
7001,1001522,1001523,1543-01-01,1578-12-31,ended
7001,1001522,1001525,1544-01-01,1577-12-31,ended
7001,1001524,1001525,1544-01-01,1577-12-31,ended
7001,1001524,1001527,1543-01-01,1594-12-31,ended
7001,1001526,1001527,1543-01-01,1576-12-31,ended
7001,1001526,1001529,1545-01-01,1576-12-31,ended
7001,1001528,1001529,1542-01-01,1590-12-31,ended
7001,1001528,1001531,1542-01-01,1595-12-31,ended
7001,1001530,1001531,1547-01-01,1562-12-31,ended
7001,1001530,1001533,1543-01-01,1562-12-31,ended
7001,1001532,1001533,1544-01-01,1550-12-31,ended
7001,1001532,1001535,1543-01-01,1550-12-31,ended
7001,1001534,1001535,1546-01-01,1580-12-31,ended
7001,1001534,1001537,1544-01-01,1580-12-31,ended
7001,1001536,1001537,1546-01-01,1562-12-31,ended
7001,1001536,1001539,1544-01-01,1562-12-31,ended
7001,1001538,1001539,1543-01-01,1572-12-31,ended
7001,1001538,1001541,1544-01-01,1577-12-31,ended
7001,1001540,1001541,1543-01-01,1577-12-31,ended
7001,1001540,1001543,1543-01-01,1598-12-31,ended
7001,1001542,1001543,1543-01-01,1588-12-31,ended
7001,1001542,1001545,1548-01-01,1588-12-31,ended
7001,1001544,1001545,1546-01-01,1599-12-31,ended
7001,1001544,1001547,1545-01-01,1559-12-31,ended
7001,1001546,1001547,1543-01-01,1559-12-31,ended
7001,1001546,1001549,1542-01-01,1563-12-31,ended
7001,1001548,1001549,1547-01-01,1571-12-31,ended
7001,1001548,1001551,1544-01-01,1571-12-31,ended
7001,1001550,1001551,1545-01-01,1594-12-31,ended
7001,1001550,1001553,1543-01-01,1597-12-31,ended
7001,1001552,1001553,1547-01-01,1598-12-31,ended
7001,1001552,1001555,1543-01-01,1592-12-31,ended
7001,1001554,1001555,1544-01-01,1592-12-31,ended
7001,1001554,1001557,1543-01-01,1595-12-31,ended
7001,1001556,1001557,1542-01-01,1601-12-31,ended
7001,1001556,1001559,1542-01-01,1612-12-31,ended
7001,1001558,1001559,1546-01-01,1582-12-31,ended
7001,1001558,1001561,1546-01-01,1582-12-31,ended
7001,1001560,1001561,1545-01-01,1598-12-31,ended
7001,1001560,1001563,1540-01-01,1604-12-31,ended
7001,1001562,1001563,1543-01-01,1599-12-31,ended
7001,1001562,1001565,1543-01-01,1557-12-31,ended
7001,1001564,1001565,1542-01-01,1557-12-31,ended
7001,1001564,1001567,1542-01-01,1568-12-31,ended
7001,1001566,1001567,1546-01-01,1568-12-31,ended
7001,1001566,1001569,1542-01-01,1558-12-31,ended
7001,1001568,1001569,1546-01-01,1558-12-31,ended
7001,1001568,1001571,1543-01-01,1575-12-31,ended
7001,1001570,1001571,1543-01-01,1581-12-31,ended
7001,1001570,1001573,1544-01-01,1596-12-31,ended
7001,1001572,1001573,1546-01-01,1596-12-31,ended
7001,1001572,1001575,1545-01-01,1596-12-31,ended
7001,1001574,1001575,1547-01-01,1608-12-31,ended
7001,1001574,1001577,1546-01-01,1558-12-31,ended
7001,1001576,1001577,1546-01-01,1546-12-31,ended
7001,1001576,1001579,1546-01-01,1546-12-31,ended
7001,1001578,1001579,1543-01-01,1576-12-31,ended
7001,1001578,1001581,1541-01-01,1576-12-31,ended
7001,1001580,1001581,1546-01-01,1577-12-31,ended
7001,1001580,1001583,1546-01-01,1582-12-31,ended
7001,1001582,1001583,1544-01-01,1577-12-31,ended
7001,1001582,1001585,1548-01-01,1577-12-31,ended
7001,1001584,1001585,1547-01-01,1580-12-31,ended
7001,1001584,1001587,1545-01-01,1582-12-31,ended
7001,1001586,1001587,1545-01-01,1591-12-31,ended
7001,1001586,1001589,1546-01-01,1576-12-31,ended
7001,1001588,1001589,1545-01-01,1573-12-31,ended
7001,1001588,1001591,1542-01-01,1573-12-31,ended
7001,1001590,1001591,1545-01-01,1581-12-31,ended
7001,1001590,1001593,1545-01-01,1591-12-31,ended
7001,1001592,1001593,1546-01-01,1583-12-31,ended
7001,1001592,1001595,1542-01-01,1583-12-31,ended
7001,1001594,1001595,1546-01-01,1591-12-31,ended
7001,1001594,1001597,1546-01-01,1574-12-31,ended
7001,1001596,1001597,1547-01-01,1574-12-31,ended
7001,1001596,1001599,1546-01-01,1584-12-31,ended
7001,1001598,1001599,1548-01-01,1576-12-31,ended
7001,1001598,1001601,1542-01-01,1550-12-31,ended
7001,1001600,1001601,1546-01-01,1550-12-31,ended
7001,1001600,1001603,1544-01-01,1586-12-31,ended
7001,1001602,1001603,1545-01-01,1582-12-31,ended
7001,1001602,1001605,1544-01-01,1577-12-31,ended
7001,1001604,1001605,1543-01-01,1577-12-31,ended
7001,1001604,1001607,1543-01-01,1591-12-31,ended
7001,1001606,1001607,1543-01-01,1610-12-31,ended
7001,1001606,1001609,1544-01-01,1587-12-31,ended
7001,1001608,1001609,1545-01-01,1574-12-31,ended
7001,1001608,1001611,1543-01-01,1574-12-31,ended
7001,1001610,1001611,1547-01-01,1586-12-31,ended
7001,1001610,1001613,1543-01-01,1582-12-31,ended
7001,1001612,1001613,1542-01-01,1570-12-31,ended
7001,1001612,1001615,1547-01-01,1570-12-31,ended
7001,1001614,1001615,1545-01-01,1573-12-31,ended
7001,1001617,1001618,1569-01-01,1594-12-31,ended
7001,1001617,1001620,1565-01-01,1595-12-31,ended
7001,1001617,1001622,1564-01-01,1582-12-31,ended
7001,1001618,1001937,1570-01-01,1594-12-31,ended
7001,1001618,1001939,1564-01-01,1594-12-31,ended
7001,1001619,1001620,1564-01-01,1581-12-31,ended
7001,1001619,1001622,1566-01-01,1581-12-31,ended
7001,1001619,1001624,1565-01-01,1581-12-31,ended
7001,1001620,1001939,1568-01-01,1601-12-31,ended
7001,1001621,1001622,1569-01-01,1582-12-31,ended
7001,1001621,1001624,1568-01-01,1602-12-31,ended
7001,1001621,1001626,1566-01-01,1591-12-31,ended
7001,1001623,1001624,1567-01-01,1602-12-31,ended
7001,1001623,1001626,1564-01-01,1591-12-31,ended
7001,1001623,1001628,1565-01-01,1603-12-31,ended
7001,1001625,1001626,1565-01-01,1591-12-31,ended
7001,1001625,1001628,1566-01-01,1603-12-31,ended
7001,1001625,1001630,1566-01-01,1571-12-31,ended
7001,1001627,1001628,1563-01-01,1603-12-31,ended
7001,1001627,1001630,1565-01-01,1571-12-31,ended
7001,1001627,1001632,1564-01-01,1594-12-31,ended
7001,1001629,1001630,1564-01-01,1571-12-31,ended
7001,1001629,1001632,1567-01-01,1594-12-31,ended
7001,1001629,1001634,1565-01-01,1621-12-31,ended
7001,1001631,1001632,1564-01-01,1594-12-31,ended
7001,1001631,1001634,1564-01-01,1595-12-31,ended
7001,1001631,1001636,1566-01-01,1595-12-31,ended
7001,1001633,1001634,1566-01-01,1627-12-31,ended
7001,1001633,1001636,1565-01-01,1632-12-31,ended
7001,1001633,1001638,1567-01-01,1620-12-31,ended
7001,1001635,1001636,1567-01-01,1609-12-31,ended
7001,1001635,1001638,1564-01-01,1609-12-31,ended
7001,1001635,1001640,1569-01-01,1609-12-31,ended
7001,1001637,1001638,1568-01-01,1615-12-31,ended
7001,1001637,1001640,1567-01-01,1615-12-31,ended
7001,1001637,1001642,1569-01-01,1590-12-31,ended
7001,1001639,1001640,1568-01-01,1618-12-31,ended
7001,1001639,1001642,1565-01-01,1590-12-31,ended
7001,1001639,1001644,1568-01-01,1576-12-31,ended
7001,1001641,1001642,1568-01-01,1590-12-31,ended
7001,1001641,1001644,1564-01-01,1576-12-31,ended
7001,1001641,1001646,1568-01-01,1603-12-31,ended
7001,1001643,1001644,1565-01-01,1576-12-31,ended
7001,1001643,1001646,1564-01-01,1597-12-31,ended
7001,1001643,1001648,1565-01-01,1597-12-31,ended
7001,1001645,1001646,1569-01-01,1615-12-31,ended
7001,1001645,1001648,1568-01-01,1599-12-31,ended
7001,1001645,1001650,1565-01-01,1615-12-31,ended
7001,1001647,1001648,1567-01-01,1599-12-31,ended
7001,1001647,1001650,1565-01-01,1621-12-31,ended
7001,1001647,1001652,1569-01-01,1621-12-31,ended
7001,1001649,1001650,1566-01-01,1621-12-31,ended
7001,1001649,1001652,1565-01-01,1623-12-31,ended
7001,1001649,1001654,1565-01-01,1582-12-31,ended
7001,1001651,1001652,1566-01-01,1628-12-31,ended
7001,1001651,1001654,1566-01-01,1582-12-31,ended
7001,1001651,1001656,1564-01-01,1591-12-31,ended
7001,1001653,1001654,1568-01-01,1582-12-31,ended
7001,1001653,1001656,1564-01-01,1591-12-31,ended
7001,1001653,1001658,1567-01-01,1607-12-31,ended
7001,1001655,1001656,1566-01-01,1591-12-31,ended
7001,1001655,1001658,1569-01-01,1607-12-31,ended
7001,1001655,1001660,1567-01-01,1606-12-31,ended
7001,1001657,1001658,1567-01-01,1607-12-31,ended
7001,1001657,1001660,1565-01-01,1606-12-31,ended
7001,1001657,1001662,1567-01-01,1617-12-31,ended
7001,1001659,1001660,1568-01-01,1606-12-31,ended
7001,1001659,1001662,1564-01-01,1617-12-31,ended
7001,1001659,1001664,1562-01-01,1608-12-31,ended
7001,1001661,1001662,1564-01-01,1607-12-31,ended
7001,1001661,1001664,1565-01-01,1607-12-31,ended
7001,1001661,1001666,1564-01-01,1607-12-31,ended
7001,1001663,1001664,1565-01-01,1591-12-31,ended
7001,1001663,1001666,1568-01-01,1591-12-31,ended
7001,1001663,1001668,1565-01-01,1591-12-31,ended
7001,1001665,1001666,1565-01-01,1572-12-31,ended
7001,1001665,1001668,1562-01-01,1572-12-31,ended
7001,1001665,1001670,1564-01-01,1572-12-31,ended
7001,1001667,1001668,1565-01-01,1597-12-31,ended
7001,1001667,1001670,1568-01-01,1594-12-31,ended
7001,1001667,1001672,1564-01-01,1597-12-31,ended
7001,1001669,1001670,1566-01-01,1594-12-31,ended
7001,1001669,1001672,1564-01-01,1611-12-31,ended
7001,1001669,1001674,1568-01-01,1608-12-31,ended
7001,1001671,1001672,1567-01-01,1611-12-31,ended
7001,1001671,1001674,1566-01-01,1608-12-31,ended
7001,1001671,1001676,1566-01-01,1609-12-31,ended
7001,1001673,1001674,1570-01-01,1608-12-31,ended
7001,1001673,1001676,1565-01-01,1609-12-31,ended
7001,1001675,1001676,1570-01-01,1606-12-31,ended
7001,1001675,1001678,1566-01-01,1606-12-31,ended
7001,1001677,1001678,1566-01-01,1584-12-31,ended
7001,1001677,1001680,1565-01-01,1584-12-31,ended
7001,1001679,1001680,1566-01-01,1574-12-31,ended
7001,1001679,1001682,1564-01-01,1574-12-31,ended
7001,1001681,1001682,1567-01-01,1585-12-31,ended
7001,1001681,1001684,1568-01-01,1585-12-31,ended
7001,1001683,1001684,1568-01-01,1596-12-31,ended
7001,1001683,1001686,1566-01-01,1593-12-31,ended
7001,1001685,1001686,1564-01-01,1587-12-31,ended
7001,1001685,1001688,1563-01-01,1587-12-31,ended
7001,1001687,1001688,1566-01-01,1592-12-31,ended
7001,1001687,1001690,1566-01-01,1590-12-31,ended
7001,1001689,1001690,1565-01-01,1590-12-31,ended
7001,1001689,1001692,1563-01-01,1601-12-31,ended
7001,1001691,1001692,1564-01-01,1601-12-31,ended
7001,1001691,1001694,1564-01-01,1612-12-31,ended
7001,1001693,1001694,1565-01-01,1615-12-31,ended
7001,1001693,1001696,1569-01-01,1605-12-31,ended
7001,1001695,1001696,1567-01-01,1605-12-31,ended
7001,1001695,1001698,1570-01-01,1614-12-31,ended
7001,1001697,1001698,1569-01-01,1614-12-31,ended
7001,1001697,1001700,1569-01-01,1573-12-31,ended
7001,1001699,1001700,1564-01-01,1573-12-31,ended
7001,1001699,1001702,1566-01-01,1584-12-31,ended
7001,1001701,1001702,1565-01-01,1576-12-31,ended
7001,1001701,1001704,1567-01-01,1576-12-31,ended
7001,1001703,1001704,1568-01-01,1597-12-31,ended
7001,1001703,1001706,1564-01-01,1597-12-31,ended
7001,1001705,1001706,1570-01-01,1586-12-31,ended
7001,1001705,1001708,1566-01-01,1586-12-31,ended
7001,1001707,1001708,1568-01-01,1601-12-31,ended
7001,1001707,1001710,1570-01-01,1590-12-31,ended
7001,1001709,1001710,1567-01-01,1590-12-31,ended
7001,1001709,1001712,1566-01-01,1607-12-31,ended
7001,1001711,1001712,1570-01-01,1575-12-31,ended
7001,1001711,1001714,1565-01-01,1575-12-31,ended
7001,1001713,1001714,1567-01-01,1591-12-31,ended
7001,1001713,1001716,1565-01-01,1591-12-31,ended
7001,1001715,1001716,1565-01-01,1611-12-31,ended
7001,1001715,1001718,1565-01-01,1604-12-31,ended
7001,1001717,1001718,1569-01-01,1604-12-31,ended
7001,1001717,1001720,1566-01-01,1614-12-31,ended
7001,1001719,1001720,1565-01-01,1583-12-31,ended
7001,1001719,1001722,1570-01-01,1583-12-31,ended
7001,1001721,1001722,1568-01-01,1631-12-31,ended
7001,1001721,1001724,1563-01-01,1631-12-31,ended
7001,1001723,1001724,1564-01-01,1584-12-31,ended
7001,1001723,1001726,1565-01-01,1582-12-31,ended
7001,1001725,1001726,1565-01-01,1582-12-31,ended
7001,1001725,1001728,1564-01-01,1586-12-31,ended
7001,1001727,1001728,1568-01-01,1616-12-31,ended
7001,1001727,1001730,1567-01-01,1616-12-31,ended
7001,1001729,1001730,1567-01-01,1616-12-31,ended
7001,1001729,1001732,1568-01-01,1617-12-31,ended
7001,1001731,1001732,1566-01-01,1618-12-31,ended
7001,1001731,1001734,1570-01-01,1612-12-31,ended
7001,1001733,1001734,1566-01-01,1612-12-31,ended
7001,1001733,1001736,1567-01-01,1625-12-31,ended
7001,1001735,1001736,1569-01-01,1620-12-31,ended
7001,1001735,1001738,1568-01-01,1605-12-31,ended
7001,1001737,1001738,1565-01-01,1600-12-31,ended
7001,1001737,1001740,1566-01-01,1575-12-31,ended
7001,1001739,1001740,1565-01-01,1575-12-31,ended
7001,1001739,1001742,1566-01-01,1598-12-31,ended
7001,1001741,1001742,1569-01-01,1606-12-31,ended
7001,1001741,1001744,1569-01-01,1606-12-31,ended
7001,1001743,1001744,1566-01-01,1636-12-31,ended
7001,1001743,1001746,1569-01-01,1600-12-31,ended
7001,1001745,1001746,1566-01-01,1600-12-31,ended
7001,1001745,1001748,1565-01-01,1610-12-31,ended
7001,1001747,1001748,1570-01-01,1612-12-31,ended
7001,1001747,1001750,1564-01-01,1622-12-31,ended
7001,1001749,1001750,1566-01-01,1616-12-31,ended
7001,1001749,1001752,1567-01-01,1616-12-31,ended
7001,1001751,1001752,1564-01-01,1625-12-31,ended
7001,1001751,1001754,1564-01-01,1626-12-31,ended
7001,1001753,1001754,1568-01-01,1621-12-31,ended
7001,1001753,1001756,1565-01-01,1578-12-31,ended
7001,1001755,1001756,1565-01-01,1578-12-31,ended
7001,1001755,1001758,1566-01-01,1593-12-31,ended
7001,1001757,1001758,1565-01-01,1593-12-31,ended
7001,1001757,1001760,1569-01-01,1591-12-31,ended
7001,1001759,1001760,1566-01-01,1579-12-31,ended
7001,1001759,1001762,1564-01-01,1579-12-31,ended
7001,1001761,1001762,1565-01-01,1603-12-31,ended
7001,1001761,1001764,1567-01-01,1619-12-31,ended
7001,1001763,1001764,1569-01-01,1614-12-31,ended
7001,1001763,1001766,1570-01-01,1602-12-31,ended
7001,1001765,1001766,1566-01-01,1602-12-31,ended
7001,1001765,1001768,1567-01-01,1608-12-31,ended
7001,1001767,1001768,1569-01-01,1601-12-31,ended
7001,1001767,1001770,1570-01-01,1583-12-31,ended
7001,1001769,1001770,1570-01-01,1583-12-31,ended
7001,1001769,1001772,1568-01-01,1609-12-31,ended
7001,1001771,1001772,1568-01-01,1588-12-31,ended
7001,1001771,1001774,1564-01-01,1572-12-31,ended
7001,1001773,1001774,1562-01-01,1572-12-31,ended
7001,1001773,1001776,1564-01-01,1604-12-31,ended
7001,1001775,1001776,1565-01-01,1569-12-31,ended
7001,1001775,1001778,1565-01-01,1569-12-31,ended
7001,1001777,1001778,1569-01-01,1613-12-31,ended
7001,1001777,1001780,1570-01-01,1616-12-31,ended
7001,1001779,1001780,1564-01-01,1616-12-31,ended
7001,1001779,1001782,1568-01-01,1580-12-31,ended
7001,1001781,1001782,1570-01-01,1580-12-31,ended
7001,1001781,1001784,1568-01-01,1603-12-31,ended
7001,1001783,1001784,1565-01-01,1588-12-31,ended
7001,1001783,1001786,1569-01-01,1588-12-31,ended
7001,1001785,1001786,1568-01-01,1602-12-31,ended
7001,1001785,1001788,1565-01-01,1611-12-31,ended
7001,1001787,1001788,1570-01-01,1611-12-31,ended
7001,1001787,1001790,1565-01-01,1609-12-31,ended
7001,1001789,1001790,1567-01-01,1609-12-31,ended
7001,1001789,1001792,1566-01-01,1600-12-31,ended
7001,1001791,1001792,1563-01-01,1600-12-31,ended
7001,1001791,1001794,1564-01-01,1631-12-31,ended
7001,1001793,1001794,1564-01-01,1636-12-31,ended
7001,1001793,1001796,1566-01-01,1589-12-31,ended
7001,1001795,1001796,1569-01-01,1576-12-31,ended
7001,1001795,1001798,1565-01-01,1576-12-31,ended
7001,1001797,1001798,1569-01-01,1581-12-31,ended
7001,1001797,1001800,1567-01-01,1581-12-31,ended
7001,1001799,1001800,1565-01-01,1587-12-31,ended
7001,1001799,1001802,1569-01-01,1608-12-31,ended
7001,1001801,1001802,1570-01-01,1616-12-31,ended
7001,1001801,1001804,1569-01-01,1590-12-31,ended
7001,1001803,1001804,1570-01-01,1590-12-31,ended
7001,1001803,1001806,1570-01-01,1639-12-31,ended
7001,1001805,1001806,1565-01-01,1605-12-31,ended
7001,1001805,1001808,1568-01-01,1605-12-31,ended
7001,1001807,1001808,1563-01-01,1600-12-31,ended
7001,1001807,1001810,1569-01-01,1600-12-31,ended
7001,1001809,1001810,1565-01-01,1613-12-31,ended
7001,1001809,1001812,1569-01-01,1599-12-31,ended
7001,1001811,1001812,1569-01-01,1599-12-31,ended
7001,1001811,1001814,1566-01-01,1610-12-31,ended
7001,1001813,1001814,1564-01-01,1596-12-31,ended
7001,1001813,1001816,1566-01-01,1596-12-31,ended
7001,1001815,1001816,1564-01-01,1595-12-31,ended
7001,1001815,1001818,1566-01-01,1595-12-31,ended
7001,1001817,1001818,1565-01-01,1600-12-31,ended
7001,1001817,1001820,1565-01-01,1600-12-31,ended
7001,1001819,1001820,1566-01-01,1608-12-31,ended
7001,1001819,1001822,1564-01-01,1599-12-31,ended
7001,1001821,1001822,1567-01-01,1592-12-31,ended
7001,1001821,1001824,1565-01-01,1592-12-31,ended
7001,1001823,1001824,1565-01-01,1593-12-31,ended
7001,1001823,1001826,1567-01-01,1593-12-31,ended
7001,1001825,1001826,1564-01-01,1618-12-31,ended
7001,1001825,1001828,1564-01-01,1609-12-31,ended
7001,1001827,1001828,1565-01-01,1590-12-31,ended
7001,1001827,1001830,1565-01-01,1590-12-31,ended
7001,1001829,1001830,1564-01-01,1623-12-31,ended
7001,1001829,1001832,1564-01-01,1579-12-31,ended
7001,1001831,1001832,1564-01-01,1579-12-31,ended
7001,1001831,1001834,1564-01-01,1581-12-31,ended
7001,1001833,1001834,1570-01-01,1581-12-31,ended
7001,1001833,1001836,1570-01-01,1581-12-31,ended
7001,1001835,1001836,1564-01-01,1593-12-31,ended
7001,1001835,1001838,1567-01-01,1603-12-31,ended
7001,1001837,1001838,1565-01-01,1603-12-31,ended
7001,1001837,1001840,1566-01-01,1614-12-31,ended
7001,1001839,1001840,1569-01-01,1614-12-31,ended
7001,1001839,1001842,1569-01-01,1623-12-31,ended
7001,1001841,1001842,1564-01-01,1601-12-31,ended
7001,1001841,1001844,1566-01-01,1601-12-31,ended
7001,1001843,1001844,1565-01-01,1614-12-31,ended
7001,1001843,1001846,1567-01-01,1619-12-31,ended
7001,1001845,1001846,1565-01-01,1640-12-31,ended
7001,1001845,1001848,1564-01-01,1640-12-31,ended
7001,1001847,1001848,1568-01-01,1612-12-31,ended
7001,1001847,1001850,1568-01-01,1612-12-31,ended
7001,1001849,1001850,1566-01-01,1594-12-31,ended
7001,1001849,1001852,1565-01-01,1594-12-31,ended
7001,1001851,1001852,1564-01-01,1614-12-31,ended
7001,1001851,1001854,1570-01-01,1608-12-31,ended
7001,1001853,1001854,1568-01-01,1589-12-31,ended
7001,1001853,1001856,1565-01-01,1588-12-31,ended
7001,1001855,1001856,1567-01-01,1588-12-31,ended
7001,1001855,1001858,1566-01-01,1628-12-31,ended
7001,1001857,1001858,1569-01-01,1597-12-31,ended
7001,1001857,1001860,1566-01-01,1597-12-31,ended
7001,1001859,1001860,1564-01-01,1600-12-31,ended
7001,1001859,1001862,1570-01-01,1600-12-31,ended
7001,1001861,1001862,1564-01-01,1624-12-31,ended
7001,1001861,1001864,1562-01-01,1615-12-31,ended
7001,1001863,1001864,1566-01-01,1615-12-31,ended
7001,1001863,1001866,1568-01-01,1629-12-31,ended
7001,1001865,1001866,1566-01-01,1630-12-31,ended
7001,1001865,1001868,1566-01-01,1632-12-31,ended
7001,1001867,1001868,1570-01-01,1632-12-31,ended
7001,1001867,1001870,1566-01-01,1598-12-31,ended
7001,1001869,1001870,1568-01-01,1573-12-31,ended
7001,1001869,1001872,1566-01-01,1573-12-31,ended
7001,1001871,1001872,1570-01-01,1592-12-31,ended
7001,1001871,1001874,1565-01-01,1579-12-31,ended
7001,1001873,1001874,1564-01-01,1579-12-31,ended
7001,1001873,1001876,1566-01-01,1599-12-31,ended
7001,1001875,1001876,1563-01-01,1593-12-31,ended
7001,1001875,1001878,1567-01-01,1593-12-31,ended
7001,1001877,1001878,1564-01-01,1625-12-31,ended
7001,1001877,1001880,1565-01-01,1606-12-31,ended
7001,1001879,1001880,1565-01-01,1593-12-31,ended
7001,1001879,1001882,1567-01-01,1593-12-31,ended
7001,1001881,1001882,1564-01-01,1611-12-31,ended
7001,1001881,1001884,1566-01-01,1611-12-31,ended
7001,1001883,1001884,1565-01-01,1619-12-31,ended
7001,1001883,1001886,1567-01-01,1609-12-31,ended
7001,1001885,1001886,1568-01-01,1568-12-31,ended
7001,1001885,1001888,1569-01-01,1569-12-31,ended
7001,1001887,1001888,1564-01-01,1592-12-31,ended
7001,1001887,1001890,1566-01-01,1614-12-31,ended
7001,1001889,1001890,1568-01-01,1621-12-31,ended
7001,1001889,1001892,1567-01-01,1587-12-31,ended
7001,1001891,1001892,1567-01-01,1587-12-31,ended
7001,1001891,1001894,1564-01-01,1608-12-31,ended
7001,1001893,1001894,1564-01-01,1604-12-31,ended
7001,1001893,1001896,1570-01-01,1570-12-31,ended
7001,1001895,1001896,1564-01-01,1569-12-31,ended
7001,1001895,1001898,1568-01-01,1576-12-31,ended
7001,1001897,1001898,1566-01-01,1576-12-31,ended
7001,1001897,1001900,1569-01-01,1592-12-31,ended
7001,1001899,1001900,1567-01-01,1615-12-31,ended
7001,1001899,1001902,1566-01-01,1590-12-31,ended
7001,1001901,1001902,1563-01-01,1590-12-31,ended
7001,1001901,1001904,1570-01-01,1603-12-31,ended
7001,1001903,1001904,1565-01-01,1603-12-31,ended
7001,1001903,1001906,1563-01-01,1612-12-31,ended
7001,1001905,1001906,1565-01-01,1602-12-31,ended
7001,1001905,1001908,1568-01-01,1602-12-31,ended
7001,1001907,1001908,1570-01-01,1613-12-31,ended
7001,1001907,1001910,1568-01-01,1612-12-31,ended
7001,1001909,1001910,1565-01-01,1612-12-31,ended
7001,1001909,1001912,1566-01-01,1613-12-31,ended
7001,1001911,1001912,1563-01-01,1592-12-31,ended
7001,1001911,1001914,1568-01-01,1592-12-31,ended
7001,1001913,1001914,1564-01-01,1596-12-31,ended
7001,1001913,1001916,1565-01-01,1595-12-31,ended
7001,1001915,1001916,1567-01-01,1595-12-31,ended
7001,1001915,1001918,1562-01-01,1604-12-31,ended
7001,1001917,1001918,1565-01-01,1592-12-31,ended
7001,1001917,1001920,1565-01-01,1592-12-31,ended
7001,1001919,1001920,1565-01-01,1612-12-31,ended
7001,1001919,1001922,1565-01-01,1612-12-31,ended
7001,1001921,1001922,1565-01-01,1607-12-31,ended
7001,1001921,1001924,1566-01-01,1583-12-31,ended
7001,1001923,1001924,1565-01-01,1583-12-31,ended
7001,1001923,1001926,1570-01-01,1615-12-31,ended
7001,1001925,1001926,1567-01-01,1627-12-31,ended
7001,1001925,1001928,1565-01-01,1591-12-31,ended
7001,1001927,1001928,1565-01-01,1591-12-31,ended
7001,1001927,1001930,1569-01-01,1617-12-31,ended
7001,1001929,1001930,1566-01-01,1599-12-31,ended
7001,1001929,1001932,1567-01-01,1598-12-31,ended
7001,1001931,1001932,1568-01-01,1598-12-31,ended
7001,1001931,1001934,1564-01-01,1602-12-31,ended
7001,1001933,1001934,1567-01-01,1588-12-31,ended
7001,1001933,1001936,1567-01-01,1588-12-31,ended
7001,1001935,1001936,1569-01-01,1596-12-31,ended
7001,1001935,1001938,1564-01-01,1593-12-31,ended
7001,1001937,1001938,1567-01-01,1593-12-31,ended
7001,1001940,1001941,1592-01-01,1596-12-31,ended
7001,1001942,1001943,1590-01-01,1597-12-31,ended
7001,1001944,1001945,1591-01-01,1661-12-31,ended
7001,1001946,1001947,1585-01-01,1632-12-31,ended
7001,1001948,1001949,1590-01-01,1625-12-31,ended
7001,1001950,1001951,1588-01-01,1627-12-31,ended
7001,1001952,1001953,1586-01-01,1613-12-31,ended
7001,1001954,1001955,1586-01-01,1631-12-31,ended
7001,1001956,1001957,1590-01-01,1636-12-31,ended
7001,1001958,1001959,1589-01-01,1614-12-31,ended
7001,1001960,1001961,1588-01-01,1614-12-31,ended
7001,1001962,1001963,1587-01-01,1614-12-31,ended
7001,1001964,1001965,1591-01-01,1602-12-31,ended
7001,1001966,1001967,1587-01-01,1598-12-31,ended
7001,1001968,1001969,1587-01-01,1651-12-31,ended
7001,1001970,1001971,1589-01-01,1627-12-31,ended
7001,1001972,1001973,1589-01-01,1616-12-31,ended
7001,1001974,1001975,1588-01-01,1617-12-31,ended
7001,1001976,1001977,1588-01-01,1602-12-31,ended
7001,1001978,1001979,1590-01-01,1622-12-31,ended
7001,1001980,1001981,1590-01-01,1597-12-31,ended
7001,1001982,1001983,1591-01-01,1616-12-31,ended
7001,1001984,1001985,1589-01-01,1610-12-31,ended
7001,1001986,1001987,1590-01-01,1627-12-31,ended
7001,1001988,1001989,1588-01-01,1600-12-31,ended
7001,1001990,1001991,1588-01-01,1645-12-31,ended
7001,1001992,1001993,1591-01-01,1635-12-31,ended
7001,1001994,1001995,1588-01-01,1622-12-31,ended
7001,1001996,1001997,1589-01-01,1612-12-31,ended
7001,1001998,1001999,1588-01-01,1638-12-31,ended
7001,1002000,1002001,1589-01-01,1611-12-31,ended
7001,1002002,1002003,1591-01-01,1644-12-31,ended
7001,1002004,1002005,1589-01-01,1645-12-31,ended
7001,1002006,1002007,1586-01-01,1608-12-31,ended
7001,1002008,1002009,1586-01-01,1626-12-31,ended
7001,1002010,1002011,1589-01-01,1621-12-31,ended
7001,1002012,1002013,1587-01-01,1639-12-31,ended
7001,1002014,1002015,1587-01-01,1623-12-31,ended
7001,1002016,1002017,1588-01-01,1633-12-31,ended
7001,1002018,1002019,1589-01-01,1614-12-31,ended
7001,1002020,1002021,1589-01-01,1653-12-31,ended
7001,1002022,1002023,1590-01-01,1603-12-31,ended
7001,1002024,1002025,1588-01-01,1631-12-31,ended
7001,1002026,1002027,1591-01-01,1620-12-31,ended
7001,1002028,1002029,1592-01-01,1653-12-31,ended
7001,1002030,1002031,1591-01-01,1638-12-31,ended
7001,1002032,1002033,1587-01-01,1644-12-31,ended
7001,1002034,1002035,1587-01-01,1614-12-31,ended
7001,1002036,1002037,1586-01-01,1621-12-31,ended
7001,1002038,1002039,1587-01-01,1657-12-31,ended
7001,1002040,1002041,1591-01-01,1626-12-31,ended
7001,1002042,1002043,1589-01-01,1628-12-31,ended
7001,1002044,1002045,1586-01-01,1620-12-31,ended
7001,1002046,1002047,1584-01-01,1619-12-31,ended
7001,1002048,1002049,1587-01-01,1597-12-31,ended
7001,1002050,1002051,1586-01-01,1606-12-31,ended
7001,1002052,1002053,1589-01-01,1624-12-31,ended
7001,1002054,1002055,1588-01-01,1596-12-31,ended
7001,1002056,1002057,1586-01-01,1639-12-31,ended
7001,1002058,1002059,1586-01-01,1652-12-31,ended
7001,1002060,1002061,1587-01-01,1636-12-31,ended
7001,1002062,1002063,1590-01-01,1636-12-31,ended
7001,1002064,1002065,1587-01-01,1619-12-31,ended
7001,1002066,1002067,1592-01-01,1619-12-31,ended
7001,1002068,1002069,1588-01-01,1626-12-31,ended
7001,1002070,1002071,1589-01-01,1629-12-31,ended
7001,1002072,1002073,1590-01-01,1608-12-31,ended
7001,1002074,1002075,1587-01-01,1604-12-31,ended
7001,1002076,1002077,1587-01-01,1605-12-31,ended
7001,1002078,1002079,1589-01-01,1628-12-31,ended
7001,1002080,1002081,1592-01-01,1617-12-31,ended
7001,1002082,1002083,1586-01-01,1639-12-31,ended
7001,1002084,1002085,1587-01-01,1624-12-31,ended
7001,1002086,1002087,1589-01-01,1621-12-31,ended
7001,1002088,1002089,1590-01-01,1618-12-31,ended
7001,1002090,1002091,1591-01-01,1598-12-31,ended
7001,1002092,1002093,1588-01-01,1605-12-31,ended
7001,1002094,1002095,1588-01-01,1618-12-31,ended
7001,1002096,1002097,1589-01-01,1605-12-31,ended
7001,1002098,1002099,1588-01-01,1612-12-31,ended
7001,1002100,1002101,1591-01-01,1644-12-31,ended
7001,1002102,1002103,1586-01-01,1621-12-31,ended
7001,1002104,1002105,1589-01-01,1641-12-31,ended
7001,1002106,1002107,1587-01-01,1643-12-31,ended
7001,1002108,1002109,1588-01-01,1616-12-31,ended
7001,1002110,1002111,1591-01-01,1619-12-31,ended
7001,1002112,1002113,1590-01-01,1611-12-31,ended
7001,1002114,1002115,1588-01-01,1615-12-31,ended
7001,1002116,1002117,1590-01-01,1645-12-31,ended
7001,1002118,1002119,1591-01-01,1605-12-31,ended
7001,1002120,1002121,1590-01-01,1629-12-31,ended
7001,1002122,1002123,1588-01-01,1624-12-31,ended
7001,1002124,1002125,1592-01-01,1630-12-31,ended
7001,1002126,1002127,1587-01-01,1615-12-31,ended
7001,1002128,1002129,1591-01-01,1639-12-31,ended
7001,1002130,1002131,1590-01-01,1618-12-31,ended
7001,1002132,1002133,1589-01-01,1623-12-31,ended
7001,1002134,1002135,1587-01-01,1610-12-31,ended
7001,1002136,1002137,1587-01-01,1625-12-31,ended
7001,1002138,1002139,1588-01-01,1638-12-31,ended
7001,1002140,1002141,1591-01-01,1634-12-31,ended
7001,1002142,1002143,1591-01-01,1603-12-31,ended
7001,1002144,1002145,1590-01-01,1629-12-31,ended
7001,1002146,1002147,1586-01-01,1601-12-31,ended
7001,1002148,1002149,1586-01-01,1627-12-31,ended
7001,1002150,1002151,1590-01-01,1622-12-31,ended
7001,1002152,1002153,1591-01-01,1634-12-31,ended
7001,1002154,1002155,1587-01-01,1602-12-31,ended
7001,1002156,1002157,1587-01-01,1621-12-31,ended
7001,1002158,1002159,1588-01-01,1606-12-31,ended
7001,1002160,1002161,1587-01-01,1609-12-31,ended
7001,1002162,1002163,1588-01-01,1621-12-31,ended
7001,1002164,1002165,1590-01-01,1598-12-31,ended
7001,1002166,1002167,1584-01-01,1620-12-31,ended
7001,1002168,1002169,1587-01-01,1614-12-31,ended
7001,1002170,1002171,1591-01-01,1621-12-31,ended
7001,1002172,1002173,1591-01-01,1632-12-31,ended
7001,1002174,1002175,1586-01-01,1633-12-31,ended
7001,1002176,1002177,1589-01-01,1639-12-31,ended
7001,1002178,1002179,1592-01-01,1629-12-31,ended
7001,1002180,1002181,1589-01-01,1626-12-31,ended
7001,1002182,1002183,1591-01-01,1604-12-31,ended
7001,1002184,1002185,1586-01-01,1652-12-31,ended
7001,1002186,1002187,1589-01-01,1612-12-31,ended
7001,1002188,1002189,1591-01-01,1613-12-31,ended
7001,1002190,1002191,1587-01-01,1625-12-31,ended
7001,1002192,1002193,1587-01-01,1617-12-31,ended
7001,1002194,1002195,1589-01-01,1606-12-31,ended
7001,1002196,1002197,1590-01-01,1632-12-31,ended
7001,1002198,1002199,1591-01-01,1617-12-31,ended
7001,1002200,1002201,1587-01-01,1615-12-31,ended
7001,1002202,1002203,1592-01-01,1605-12-31,ended
7001,1002204,1002205,1586-01-01,1629-12-31,ended
7001,1002206,1002207,1589-01-01,1599-12-31,ended
7001,1002208,1002209,1588-01-01,1620-12-31,ended
7001,1002210,1002211,1590-01-01,1626-12-31,ended
7001,1002212,1002213,1588-01-01,1622-12-31,ended
7001,1002214,1002215,1588-01-01,1598-12-31,ended
7001,1002216,1002217,1591-01-01,1613-12-31,ended
7001,1002218,1002219,1588-01-01,1619-12-31,ended
7001,1002220,1002221,1588-01-01,1601-12-31,ended
7001,1002222,1002223,1589-01-01,1630-12-31,ended
7001,1002224,1002225,1589-01-01,1622-12-31,ended
7001,1002226,1002227,1589-01-01,1640-12-31,ended
7001,1002228,1002229,1588-01-01,1623-12-31,ended
7001,1002230,1002231,1587-01-01,1607-12-31,ended
7001,1002232,1002233,1588-01-01,1596-12-31,ended
7001,1002234,1002235,1586-01-01,1600-12-31,ended
7001,1002236,1002237,1589-01-01,1603-12-31,ended
7001,1002238,1002239,1587-01-01,1632-12-31,ended
7001,1002240,1002241,1591-01-01,1623-12-31,ended
7001,1002242,1002243,1589-01-01,1613-12-31,ended
7001,1002244,1002245,1589-01-01,1634-12-31,ended
7001,1002246,1002247,1591-01-01,1628-12-31,ended
7001,1002248,1002249,1586-01-01,1628-12-31,ended
7001,1002250,1002251,1589-01-01,1659-12-31,ended
7001,1002252,1002253,1588-01-01,1645-12-31,ended
7001,1002254,1002255,1589-01-01,1611-12-31,ended
7001,1002256,1002257,1590-01-01,1601-12-31,ended
7001,1002258,1002259,1589-01-01,1603-12-31,ended
7001,1002260,1002261,1587-01-01,1623-12-31,ended
7001,1002262,1002263,1589-01-01,1618-12-31,ended
7001,1002264,1002265,1586-01-01,1625-12-31,ended
7001,1002266,1002267,1586-01-01,1626-12-31,ended
7001,1002268,1002269,1591-01-01,1603-12-31,ended
7001,1002270,1002271,1587-01-01,1645-12-31,ended
7001,1002272,1002273,1588-01-01,1601-12-31,ended
7001,1002274,1002275,1590-01-01,1635-12-31,ended
7001,1002276,1002277,1591-01-01,1635-12-31,ended
7001,1002278,1002279,1592-01-01,1657-12-31,ended
7001,1002280,1002281,1585-01-01,1648-12-31,ended
7001,1002282,1002283,1589-01-01,1634-12-31,ended
7001,1002284,1002285,1586-01-01,1605-12-31,ended
7001,1002286,1002287,1590-01-01,1599-12-31,ended
7001,1002288,1002289,1585-01-01,1592-12-31,ended
7001,1002290,1002291,1591-01-01,1602-12-31,ended
7001,1002292,1002293,1610-01-01,1647-12-31,ended
7001,1002292,1002295,1612-01-01,1647-12-31,ended
7001,1002292,1002297,1608-01-01,1647-12-31,ended
7001,1002293,1002670,1611-01-01,1663-12-31,ended
7001,1002293,1002672,1611-01-01,1674-12-31,ended
7001,1002294,1002295,1611-01-01,1651-12-31,ended
7001,1002294,1002297,1609-01-01,1651-12-31,ended
7001,1002294,1002299,1611-01-01,1624-12-31,ended
7001,1002295,1002672,1613-01-01,1656-12-31,ended
7001,1002296,1002297,1614-01-01,1623-12-31,ended
7001,1002296,1002299,1608-01-01,1623-12-31,ended
7001,1002296,1002301,1610-01-01,1623-12-31,ended
7001,1002298,1002299,1606-01-01,1624-12-31,ended
7001,1002298,1002301,1611-01-01,1648-12-31,ended
7001,1002298,1002303,1614-01-01,1624-12-31,ended
7001,1002300,1002301,1613-01-01,1659-12-31,ended
7001,1002300,1002303,1608-01-01,1624-12-31,ended
7001,1002300,1002305,1609-01-01,1667-12-31,ended
7001,1002302,1002303,1614-01-01,1624-12-31,ended
7001,1002302,1002305,1610-01-01,1657-12-31,ended
7001,1002302,1002307,1611-01-01,1632-12-31,ended
7001,1002304,1002305,1610-01-01,1656-12-31,ended
7001,1002304,1002307,1612-01-01,1632-12-31,ended
7001,1002304,1002309,1608-01-01,1656-12-31,ended
7001,1002306,1002307,1611-01-01,1632-12-31,ended
7001,1002306,1002309,1607-01-01,1648-12-31,ended
7001,1002306,1002311,1610-01-01,1648-12-31,ended
7001,1002308,1002309,1608-01-01,1638-12-31,ended
7001,1002308,1002311,1608-01-01,1638-12-31,ended
7001,1002308,1002313,1610-01-01,1638-12-31,ended
7001,1002310,1002311,1613-01-01,1654-12-31,ended
7001,1002310,1002313,1611-01-01,1651-12-31,ended
7001,1002310,1002315,1608-01-01,1654-12-31,ended
7001,1002312,1002313,1609-01-01,1637-12-31,ended
7001,1002312,1002315,1608-01-01,1637-12-31,ended
7001,1002312,1002317,1613-01-01,1637-12-31,ended
7001,1002314,1002315,1611-01-01,1665-12-31,ended
7001,1002314,1002317,1608-01-01,1647-12-31,ended
7001,1002314,1002319,1612-01-01,1626-12-31,ended
7001,1002316,1002317,1610-01-01,1617-12-31,ended
7001,1002316,1002319,1608-01-01,1617-12-31,ended
7001,1002316,1002321,1608-01-01,1617-12-31,ended
7001,1002318,1002319,1609-01-01,1626-12-31,ended
7001,1002318,1002321,1609-01-01,1655-12-31,ended
7001,1002318,1002323,1608-01-01,1645-12-31,ended
7001,1002320,1002321,1610-01-01,1647-12-31,ended
7001,1002320,1002323,1614-01-01,1645-12-31,ended
7001,1002320,1002325,1609-01-01,1647-12-31,ended
7001,1002322,1002323,1613-01-01,1645-12-31,ended
7001,1002322,1002325,1610-01-01,1663-12-31,ended
7001,1002322,1002327,1611-01-01,1673-12-31,ended
7001,1002324,1002325,1610-01-01,1616-12-31,ended
7001,1002324,1002327,1611-01-01,1616-12-31,ended
7001,1002324,1002329,1611-01-01,1616-12-31,ended
7001,1002326,1002327,1612-01-01,1653-12-31,ended
7001,1002326,1002329,1608-01-01,1653-12-31,ended
7001,1002326,1002331,1614-01-01,1653-12-31,ended
7001,1002328,1002329,1609-01-01,1649-12-31,ended
7001,1002328,1002331,1611-01-01,1649-12-31,ended
7001,1002328,1002333,1610-01-01,1636-12-31,ended
7001,1002330,1002331,1608-01-01,1652-12-31,ended
7001,1002330,1002333,1608-01-01,1636-12-31,ended
7001,1002330,1002335,1610-01-01,1652-12-31,ended
7001,1002332,1002333,1612-01-01,1636-12-31,ended
7001,1002332,1002335,1610-01-01,1652-12-31,ended
7001,1002332,1002337,1611-01-01,1640-12-31,ended
7001,1002334,1002335,1612-01-01,1652-12-31,ended
7001,1002334,1002337,1609-01-01,1640-12-31,ended
7001,1002334,1002339,1614-01-01,1652-12-31,ended
7001,1002336,1002337,1612-01-01,1640-12-31,ended
7001,1002336,1002339,1611-01-01,1672-12-31,ended
7001,1002336,1002341,1614-01-01,1670-12-31,ended
7001,1002338,1002339,1612-01-01,1661-12-31,ended
7001,1002338,1002341,1607-01-01,1661-12-31,ended
7001,1002338,1002343,1610-01-01,1660-12-31,ended
7001,1002340,1002341,1610-01-01,1623-12-31,ended
7001,1002340,1002343,1608-01-01,1623-12-31,ended
7001,1002340,1002345,1609-01-01,1623-12-31,ended
7001,1002342,1002343,1613-01-01,1660-12-31,ended
7001,1002342,1002345,1613-01-01,1633-12-31,ended
7001,1002342,1002347,1608-01-01,1637-12-31,ended
7001,1002344,1002345,1614-01-01,1633-12-31,ended
7001,1002344,1002347,1612-01-01,1637-12-31,ended
7001,1002344,1002349,1610-01-01,1653-12-31,ended
7001,1002346,1002347,1611-01-01,1637-12-31,ended
7001,1002346,1002349,1607-01-01,1651-12-31,ended
7001,1002346,1002351,1609-01-01,1643-12-31,ended
7001,1002348,1002349,1612-01-01,1649-12-31,ended
7001,1002348,1002351,1610-01-01,1643-12-31,ended
7001,1002348,1002353,1611-01-01,1649-12-31,ended
7001,1002350,1002351,1606-01-01,1643-12-31,ended
7001,1002350,1002353,1611-01-01,1649-12-31,ended
7001,1002352,1002353,1609-01-01,1655-12-31,ended
7001,1002352,1002355,1614-01-01,1657-12-31,ended
7001,1002354,1002355,1609-01-01,1664-12-31,ended
7001,1002354,1002357,1612-01-01,1639-12-31,ended
7001,1002356,1002357,1610-01-01,1639-12-31,ended
7001,1002356,1002359,1608-01-01,1652-12-31,ended
7001,1002358,1002359,1611-01-01,1652-12-31,ended
7001,1002358,1002361,1609-01-01,1630-12-31,ended
7001,1002360,1002361,1608-01-01,1630-12-31,ended
7001,1002360,1002363,1610-01-01,1652-12-31,ended
7001,1002362,1002363,1611-01-01,1652-12-31,ended
7001,1002362,1002365,1611-01-01,1651-12-31,ended
7001,1002364,1002365,1610-01-01,1651-12-31,ended
7001,1002364,1002367,1608-01-01,1659-12-31,ended
7001,1002366,1002367,1612-01-01,1662-12-31,ended
7001,1002366,1002369,1614-01-01,1642-12-31,ended
7001,1002368,1002369,1608-01-01,1642-12-31,ended
7001,1002368,1002371,1607-01-01,1652-12-31,ended
7001,1002370,1002371,1614-01-01,1665-12-31,ended
7001,1002370,1002373,1613-01-01,1638-12-31,ended
7001,1002372,1002373,1608-01-01,1638-12-31,ended
7001,1002372,1002375,1609-01-01,1643-12-31,ended
7001,1002374,1002375,1608-01-01,1649-12-31,ended
7001,1002374,1002377,1608-01-01,1639-12-31,ended
7001,1002376,1002377,1613-01-01,1639-12-31,ended
7001,1002376,1002379,1611-01-01,1669-12-31,ended
7001,1002378,1002379,1611-01-01,1657-12-31,ended
7001,1002378,1002381,1612-01-01,1618-12-31,ended
7001,1002380,1002381,1610-01-01,1618-12-31,ended
7001,1002380,1002383,1609-01-01,1624-12-31,ended
7001,1002382,1002383,1609-01-01,1644-12-31,ended
7001,1002382,1002385,1612-01-01,1626-12-31,ended
7001,1002384,1002385,1611-01-01,1626-12-31,ended
7001,1002384,1002387,1609-01-01,1657-12-31,ended
7001,1002386,1002387,1610-01-01,1669-12-31,ended
7001,1002386,1002389,1609-01-01,1637-12-31,ended
7001,1002388,1002389,1610-01-01,1637-12-31,ended
7001,1002388,1002391,1610-01-01,1634-12-31,ended
7001,1002390,1002391,1610-01-01,1630-12-31,ended
7001,1002390,1002393,1614-01-01,1630-12-31,ended
7001,1002392,1002393,1612-01-01,1648-12-31,ended
7001,1002392,1002395,1612-01-01,1651-12-31,ended
7001,1002394,1002395,1614-01-01,1638-12-31,ended
7001,1002394,1002397,1608-01-01,1638-12-31,ended
7001,1002396,1002397,1612-01-01,1613-12-31,ended
7001,1002396,1002399,1612-01-01,1613-12-31,ended
7001,1002398,1002399,1609-01-01,1660-12-31,ended
7001,1002398,1002401,1608-01-01,1660-12-31,ended
7001,1002400,1002401,1609-01-01,1630-12-31,ended
7001,1002400,1002403,1612-01-01,1630-12-31,ended
7001,1002402,1002403,1609-01-01,1628-12-31,ended
7001,1002402,1002405,1611-01-01,1628-12-31,ended
7001,1002404,1002405,1611-01-01,1650-12-31,ended
7001,1002404,1002407,1609-01-01,1650-12-31,ended
7001,1002406,1002407,1611-01-01,1643-12-31,ended
7001,1002406,1002409,1609-01-01,1643-12-31,ended
7001,1002408,1002409,1609-01-01,1646-12-31,ended
7001,1002408,1002411,1608-01-01,1646-12-31,ended
7001,1002410,1002411,1608-01-01,1661-12-31,ended
7001,1002410,1002413,1611-01-01,1661-12-31,ended
7001,1002412,1002413,1612-01-01,1663-12-31,ended
7001,1002412,1002415,1609-01-01,1632-12-31,ended
7001,1002414,1002415,1612-01-01,1632-12-31,ended
7001,1002414,1002417,1611-01-01,1679-12-31,ended
7001,1002416,1002417,1610-01-01,1644-12-31,ended
7001,1002416,1002419,1608-01-01,1644-12-31,ended
7001,1002418,1002419,1610-01-01,1645-12-31,ended
7001,1002418,1002421,1610-01-01,1640-12-31,ended
7001,1002420,1002421,1609-01-01,1640-12-31,ended
7001,1002420,1002423,1613-01-01,1673-12-31,ended
7001,1002422,1002423,1610-01-01,1655-12-31,ended
7001,1002422,1002425,1610-01-01,1655-12-31,ended
7001,1002424,1002425,1610-01-01,1643-12-31,ended
7001,1002424,1002427,1613-01-01,1643-12-31,ended
7001,1002426,1002427,1608-01-01,1658-12-31,ended
7001,1002426,1002429,1609-01-01,1621-12-31,ended
7001,1002428,1002429,1614-01-01,1621-12-31,ended
7001,1002428,1002431,1611-01-01,1660-12-31,ended
7001,1002430,1002431,1610-01-01,1663-12-31,ended
7001,1002430,1002433,1613-01-01,1663-12-31,ended
7001,1002432,1002433,1608-01-01,1649-12-31,ended
7001,1002432,1002435,1608-01-01,1649-12-31,ended
7001,1002434,1002435,1608-01-01,1656-12-31,ended
7001,1002434,1002437,1612-01-01,1659-12-31,ended
7001,1002436,1002437,1608-01-01,1659-12-31,ended
7001,1002436,1002439,1608-01-01,1660-12-31,ended
7001,1002438,1002439,1608-01-01,1652-12-31,ended
7001,1002438,1002441,1608-01-01,1652-12-31,ended
7001,1002440,1002441,1611-01-01,1642-12-31,ended
7001,1002440,1002443,1610-01-01,1642-12-31,ended
7001,1002442,1002443,1608-01-01,1653-12-31,ended
7001,1002442,1002445,1611-01-01,1617-12-31,ended
7001,1002444,1002445,1612-01-01,1617-12-31,ended
7001,1002444,1002447,1609-01-01,1677-12-31,ended
7001,1002446,1002447,1612-01-01,1633-12-31,ended
7001,1002446,1002449,1609-01-01,1633-12-31,ended
7001,1002448,1002449,1614-01-01,1652-12-31,ended
7001,1002448,1002451,1610-01-01,1671-12-31,ended
7001,1002450,1002451,1611-01-01,1649-12-31,ended
7001,1002450,1002453,1610-01-01,1649-12-31,ended
7001,1002452,1002453,1612-01-01,1666-12-31,ended
7001,1002452,1002455,1613-01-01,1671-12-31,ended
7001,1002454,1002455,1611-01-01,1663-12-31,ended
7001,1002454,1002457,1612-01-01,1661-12-31,ended
7001,1002456,1002457,1611-01-01,1653-12-31,ended
7001,1002456,1002459,1609-01-01,1653-12-31,ended
7001,1002458,1002459,1612-01-01,1654-12-31,ended
7001,1002458,1002461,1612-01-01,1654-12-31,ended
7001,1002460,1002461,1610-01-01,1661-12-31,ended
7001,1002460,1002463,1613-01-01,1651-12-31,ended
7001,1002462,1002463,1612-01-01,1651-12-31,ended
7001,1002462,1002465,1608-01-01,1652-12-31,ended
7001,1002464,1002465,1613-01-01,1646-12-31,ended
7001,1002464,1002467,1610-01-01,1631-12-31,ended
7001,1002466,1002467,1612-01-01,1631-12-31,ended
7001,1002466,1002469,1612-01-01,1651-12-31,ended
7001,1002468,1002469,1612-01-01,1638-12-31,ended
7001,1002468,1002471,1609-01-01,1635-12-31,ended
7001,1002470,1002471,1608-01-01,1635-12-31,ended
7001,1002470,1002473,1609-01-01,1640-12-31,ended
7001,1002472,1002473,1614-01-01,1670-12-31,ended
7001,1002472,1002475,1608-01-01,1667-12-31,ended
7001,1002474,1002475,1611-01-01,1628-12-31,ended
7001,1002474,1002477,1614-01-01,1628-12-31,ended
7001,1002476,1002477,1609-01-01,1656-12-31,ended
7001,1002476,1002479,1609-01-01,1626-12-31,ended
7001,1002478,1002479,1611-01-01,1626-12-31,ended
7001,1002478,1002481,1612-01-01,1629-12-31,ended
7001,1002480,1002481,1607-01-01,1629-12-31,ended
7001,1002480,1002483,1610-01-01,1648-12-31,ended
7001,1002482,1002483,1611-01-01,1635-12-31,ended
7001,1002482,1002485,1610-01-01,1635-12-31,ended
7001,1002484,1002485,1608-01-01,1632-12-31,ended
7001,1002484,1002487,1609-01-01,1632-12-31,ended
7001,1002486,1002487,1608-01-01,1670-12-31,ended
7001,1002486,1002489,1613-01-01,1668-12-31,ended
7001,1002488,1002489,1611-01-01,1641-12-31,ended
7001,1002488,1002491,1612-01-01,1641-12-31,ended
7001,1002490,1002491,1608-01-01,1643-12-31,ended
7001,1002490,1002493,1608-01-01,1623-12-31,ended
7001,1002492,1002493,1609-01-01,1623-12-31,ended
7001,1002492,1002495,1612-01-01,1642-12-31,ended
7001,1002494,1002495,1612-01-01,1649-12-31,ended
7001,1002494,1002497,1608-01-01,1667-12-31,ended
7001,1002496,1002497,1608-01-01,1661-12-31,ended
7001,1002496,1002499,1613-01-01,1661-12-31,ended
7001,1002498,1002499,1610-01-01,1657-12-31,ended
7001,1002498,1002501,1611-01-01,1657-12-31,ended
7001,1002500,1002501,1611-01-01,1660-12-31,ended
7001,1002500,1002503,1608-01-01,1684-12-31,ended
7001,1002502,1002503,1608-01-01,1669-12-31,ended
7001,1002502,1002505,1611-01-01,1632-12-31,ended
7001,1002504,1002505,1612-01-01,1632-12-31,ended
7001,1002504,1002507,1607-01-01,1634-12-31,ended
7001,1002506,1002507,1610-01-01,1658-12-31,ended
7001,1002506,1002509,1610-01-01,1668-12-31,ended
7001,1002508,1002509,1609-01-01,1648-12-31,ended
7001,1002508,1002511,1611-01-01,1648-12-31,ended
7001,1002510,1002511,1610-01-01,1656-12-31,ended
7001,1002510,1002513,1609-01-01,1632-12-31,ended
7001,1002512,1002513,1608-01-01,1632-12-31,ended
7001,1002512,1002515,1611-01-01,1650-12-31,ended
7001,1002514,1002515,1610-01-01,1653-12-31,ended
7001,1002514,1002517,1612-01-01,1653-12-31,ended
7001,1002516,1002517,1610-01-01,1653-12-31,ended
7001,1002516,1002519,1608-01-01,1658-12-31,ended
7001,1002518,1002519,1608-01-01,1636-12-31,ended
7001,1002518,1002521,1608-01-01,1636-12-31,ended
7001,1002520,1002521,1608-01-01,1648-12-31,ended
7001,1002520,1002523,1614-01-01,1621-12-31,ended
7001,1002522,1002523,1613-01-01,1621-12-31,ended
7001,1002522,1002525,1614-01-01,1644-12-31,ended
7001,1002524,1002525,1611-01-01,1611-12-31,ended
7001,1002524,1002527,1611-01-01,1611-12-31,ended
7001,1002526,1002527,1612-01-01,1646-12-31,ended
7001,1002526,1002529,1608-01-01,1658-12-31,ended
7001,1002528,1002529,1608-01-01,1665-12-31,ended
7001,1002528,1002531,1611-01-01,1638-12-31,ended
7001,1002530,1002531,1608-01-01,1638-12-31,ended
7001,1002530,1002533,1609-01-01,1649-12-31,ended
7001,1002532,1002533,1612-01-01,1636-12-31,ended
7001,1002532,1002535,1608-01-01,1636-12-31,ended
7001,1002534,1002535,1610-01-01,1668-12-31,ended
7001,1002534,1002537,1608-01-01,1630-12-31,ended
7001,1002536,1002537,1609-01-01,1630-12-31,ended
7001,1002536,1002539,1610-01-01,1666-12-31,ended
7001,1002538,1002539,1612-01-01,1666-12-31,ended
7001,1002538,1002541,1610-01-01,1612-12-31,ended
7001,1002540,1002541,1613-01-01,1613-12-31,ended
7001,1002540,1002543,1609-01-01,1646-12-31,ended
7001,1002542,1002543,1613-01-01,1646-12-31,ended
7001,1002542,1002545,1613-01-01,1646-12-31,ended
7001,1002544,1002545,1614-01-01,1657-12-31,ended
7001,1002544,1002547,1609-01-01,1641-12-31,ended
7001,1002546,1002547,1609-01-01,1624-12-31,ended
7001,1002546,1002549,1611-01-01,1624-12-31,ended
7001,1002548,1002549,1609-01-01,1629-12-31,ended
7001,1002548,1002551,1609-01-01,1640-12-31,ended
7001,1002550,1002551,1605-01-01,1643-12-31,ended
7001,1002550,1002553,1610-01-01,1643-12-31,ended
7001,1002552,1002553,1609-01-01,1633-12-31,ended
7001,1002552,1002555,1612-01-01,1633-12-31,ended
7001,1002554,1002555,1608-01-01,1668-12-31,ended
7001,1002554,1002557,1611-01-01,1635-12-31,ended
7001,1002556,1002557,1612-01-01,1635-12-31,ended
7001,1002556,1002559,1613-01-01,1673-12-31,ended
7001,1002558,1002559,1608-01-01,1656-12-31,ended
7001,1002558,1002561,1609-01-01,1656-12-31,ended
7001,1002560,1002561,1611-01-01,1665-12-31,ended
7001,1002560,1002563,1609-01-01,1665-12-31,ended
7001,1002562,1002563,1613-01-01,1635-12-31,ended
7001,1002562,1002565,1612-01-01,1635-12-31,ended
7001,1002564,1002565,1608-01-01,1637-12-31,ended
7001,1002564,1002567,1608-01-01,1635-12-31,ended
7001,1002566,1002567,1611-01-01,1635-12-31,ended
7001,1002566,1002569,1609-01-01,1655-12-31,ended
7001,1002568,1002569,1613-01-01,1647-12-31,ended
7001,1002568,1002571,1612-01-01,1647-12-31,ended
7001,1002570,1002571,1609-01-01,1670-12-31,ended
7001,1002570,1002573,1608-01-01,1638-12-31,ended
7001,1002572,1002573,1609-01-01,1624-12-31,ended
7001,1002572,1002575,1612-01-01,1624-12-31,ended
7001,1002574,1002575,1612-01-01,1627-12-31,ended
7001,1002574,1002577,1610-01-01,1627-12-31,ended
7001,1002576,1002577,1610-01-01,1657-12-31,ended
7001,1002576,1002579,1614-01-01,1660-12-31,ended
7001,1002578,1002579,1610-01-01,1651-12-31,ended
7001,1002578,1002581,1609-01-01,1651-12-31,ended
7001,1002580,1002581,1611-01-01,1648-12-31,ended
7001,1002580,1002583,1609-01-01,1616-12-31,ended
7001,1002582,1002583,1612-01-01,1616-12-31,ended
7001,1002582,1002585,1610-01-01,1627-12-31,ended
7001,1002584,1002585,1609-01-01,1661-12-31,ended
7001,1002584,1002587,1614-01-01,1661-12-31,ended
7001,1002586,1002587,1614-01-01,1688-12-31,ended
7001,1002586,1002589,1612-01-01,1653-12-31,ended
7001,1002588,1002589,1613-01-01,1653-12-31,ended
7001,1002588,1002591,1614-01-01,1633-12-31,ended
7001,1002590,1002591,1613-01-01,1633-12-31,ended
7001,1002590,1002593,1608-01-01,1626-12-31,ended
7001,1002592,1002593,1611-01-01,1626-12-31,ended
7001,1002592,1002595,1610-01-01,1637-12-31,ended
7001,1002594,1002595,1610-01-01,1653-12-31,ended
7001,1002594,1002597,1609-01-01,1624-12-31,ended
7001,1002596,1002597,1612-01-01,1624-12-31,ended
7001,1002596,1002599,1613-01-01,1646-12-31,ended
7001,1002598,1002599,1613-01-01,1652-12-31,ended
7001,1002598,1002601,1612-01-01,1661-12-31,ended
7001,1002600,1002601,1609-01-01,1643-12-31,ended
7001,1002600,1002603,1611-01-01,1643-12-31,ended
7001,1002602,1002603,1608-01-01,1658-12-31,ended
7001,1002602,1002605,1611-01-01,1658-12-31,ended
7001,1002604,1002605,1611-01-01,1634-12-31,ended
7001,1002604,1002607,1609-01-01,1613-12-31,ended
7001,1002606,1002607,1611-01-01,1613-12-31,ended
7001,1002606,1002609,1612-01-01,1635-12-31,ended
7001,1002608,1002609,1608-01-01,1635-12-31,ended
7001,1002608,1002611,1611-01-01,1655-12-31,ended
7001,1002610,1002611,1611-01-01,1645-12-31,ended
7001,1002610,1002613,1612-01-01,1645-12-31,ended
7001,1002612,1002613,1610-01-01,1669-12-31,ended
7001,1002612,1002615,1614-01-01,1677-12-31,ended
7001,1002614,1002615,1609-01-01,1688-12-31,ended
7001,1002614,1002617,1610-01-01,1672-12-31,ended
7001,1002616,1002617,1609-01-01,1647-12-31,ended
7001,1002616,1002619,1609-01-01,1647-12-31,ended
7001,1002618,1002619,1606-01-01,1639-12-31,ended
7001,1002618,1002621,1608-01-01,1639-12-31,ended
7001,1002620,1002621,1607-01-01,1642-12-31,ended
7001,1002620,1002623,1609-01-01,1647-12-31,ended
7001,1002622,1002623,1608-01-01,1616-12-31,ended
7001,1002622,1002625,1608-01-01,1616-12-31,ended
7001,1002624,1002625,1609-01-01,1614-12-31,ended
7001,1002624,1002627,1612-01-01,1614-12-31,ended
7001,1002626,1002627,1609-01-01,1663-12-31,ended
7001,1002626,1002629,1609-01-01,1626-12-31,ended
7001,1002628,1002629,1608-01-01,1626-12-31,ended
7001,1002628,1002631,1610-01-01,1654-12-31,ended
7001,1002630,1002631,1611-01-01,1627-12-31,ended
7001,1002630,1002633,1612-01-01,1627-12-31,ended
7001,1002632,1002633,1610-01-01,1632-12-31,ended
7001,1002632,1002635,1610-01-01,1617-12-31,ended
7001,1002634,1002635,1608-01-01,1617-12-31,ended
7001,1002634,1002637,1609-01-01,1651-12-31,ended
7001,1002636,1002637,1613-01-01,1647-12-31,ended
7001,1002636,1002639,1612-01-01,1647-12-31,ended
7001,1002638,1002639,1612-01-01,1627-12-31,ended
7001,1002638,1002641,1608-01-01,1627-12-31,ended
7001,1002640,1002641,1608-01-01,1646-12-31,ended
7001,1002640,1002643,1611-01-01,1646-12-31,ended
7001,1002642,1002643,1608-01-01,1655-12-31,ended
7001,1002642,1002645,1609-01-01,1655-12-31,ended
7001,1002644,1002645,1612-01-01,1618-12-31,ended
7001,1002644,1002647,1614-01-01,1618-12-31,ended
7001,1002646,1002647,1610-01-01,1657-12-31,ended
7001,1002646,1002649,1612-01-01,1657-12-31,ended
7001,1002648,1002649,1610-01-01,1677-12-31,ended
7001,1002648,1002651,1612-01-01,1626-12-31,ended
7001,1002650,1002651,1608-01-01,1626-12-31,ended
7001,1002650,1002653,1611-01-01,1635-12-31,ended
7001,1002652,1002653,1613-01-01,1635-12-31,ended
7001,1002652,1002655,1608-01-01,1618-12-31,ended
7001,1002654,1002655,1612-01-01,1618-12-31,ended
7001,1002654,1002657,1611-01-01,1661-12-31,ended
7001,1002656,1002657,1614-01-01,1645-12-31,ended
7001,1002656,1002659,1610-01-01,1645-12-31,ended
7001,1002658,1002659,1609-01-01,1661-12-31,ended
7001,1002658,1002661,1611-01-01,1659-12-31,ended
7001,1002660,1002661,1610-01-01,1621-12-31,ended
7001,1002660,1002663,1608-01-01,1621-12-31,ended
7001,1002662,1002663,1613-01-01,1670-12-31,ended
7001,1002662,1002665,1608-01-01,1671-12-31,ended
7001,1002664,1002665,1613-01-01,1646-12-31,ended
7001,1002664,1002667,1613-01-01,1646-12-31,ended
7001,1002666,1002667,1610-01-01,1651-12-31,ended
7001,1002666,1002669,1612-01-01,1636-12-31,ended
7001,1002668,1002669,1608-01-01,1636-12-31,ended
7001,1002668,1002671,1610-01-01,1655-12-31,ended
7001,1002670,1002671,1613-01-01,1663-12-31,ended
7001,1002673,1002674,1633-01-01,1680-12-31,ended
7001,1002673,1002676,1632-01-01,1678-12-31,ended
7001,1002673,1002678,1630-01-01,1642-12-31,ended
7001,1002674,1003081,1631-01-01,1664-12-31,ended
7001,1002674,1003083,1631-01-01,1650-12-31,ended
7001,1002675,1002676,1636-01-01,1678-12-31,ended
7001,1002675,1002678,1636-01-01,1642-12-31,ended
7001,1002675,1002680,1633-01-01,1675-12-31,ended
7001,1002676,1003083,1631-01-01,1650-12-31,ended
7001,1002677,1002678,1632-01-01,1642-12-31,ended
7001,1002677,1002680,1635-01-01,1653-12-31,ended
7001,1002677,1002682,1633-01-01,1653-12-31,ended
7001,1002679,1002680,1633-01-01,1643-12-31,ended
7001,1002679,1002682,1633-01-01,1643-12-31,ended
7001,1002679,1002684,1633-01-01,1643-12-31,ended
7001,1002681,1002682,1633-01-01,1673-12-31,ended
7001,1002681,1002684,1633-01-01,1667-12-31,ended
7001,1002681,1002686,1630-01-01,1642-12-31,ended
7001,1002683,1002684,1630-01-01,1667-12-31,ended
7001,1002683,1002686,1629-01-01,1642-12-31,ended
7001,1002683,1002688,1634-01-01,1688-12-31,ended
7001,1002685,1002686,1630-01-01,1642-12-31,ended
7001,1002685,1002688,1634-01-01,1673-12-31,ended
7001,1002685,1002690,1630-01-01,1647-12-31,ended
7001,1002687,1002688,1636-01-01,1659-12-31,ended
7001,1002687,1002690,1630-01-01,1647-12-31,ended
7001,1002687,1002692,1630-01-01,1659-12-31,ended
7001,1002689,1002690,1630-01-01,1647-12-31,ended
7001,1002689,1002692,1632-01-01,1667-12-31,ended
7001,1002689,1002694,1633-01-01,1670-12-31,ended
7001,1002691,1002692,1634-01-01,1667-12-31,ended
7001,1002691,1002694,1635-01-01,1683-12-31,ended
7001,1002691,1002696,1631-01-01,1677-12-31,ended
7001,1002693,1002694,1631-01-01,1704-12-31,ended
7001,1002693,1002696,1632-01-01,1677-12-31,ended
7001,1002693,1002698,1633-01-01,1671-12-31,ended
7001,1002695,1002696,1631-01-01,1670-12-31,ended
7001,1002695,1002698,1633-01-01,1670-12-31,ended
7001,1002695,1002700,1633-01-01,1670-12-31,ended
7001,1002697,1002698,1633-01-01,1671-12-31,ended
7001,1002697,1002700,1630-01-01,1675-12-31,ended
7001,1002697,1002702,1632-01-01,1675-12-31,ended
7001,1002699,1002700,1634-01-01,1673-12-31,ended
7001,1002699,1002702,1631-01-01,1673-12-31,ended
7001,1002699,1002704,1635-01-01,1673-12-31,ended
7001,1002701,1002702,1633-01-01,1671-12-31,ended
7001,1002701,1002704,1633-01-01,1671-12-31,ended
7001,1002701,1002706,1634-01-01,1671-12-31,ended
7001,1002703,1002704,1629-01-01,1679-12-31,ended
7001,1002703,1002706,1633-01-01,1688-12-31,ended
7001,1002703,1002708,1635-01-01,1688-12-31,ended
7001,1002705,1002706,1633-01-01,1688-12-31,ended
7001,1002705,1002708,1630-01-01,1688-12-31,ended
7001,1002705,1002710,1631-01-01,1653-12-31,ended
7001,1002707,1002708,1630-01-01,1702-12-31,ended
7001,1002707,1002710,1632-01-01,1653-12-31,ended
7001,1002707,1002712,1634-01-01,1672-12-31,ended
7001,1002709,1002710,1636-01-01,1653-12-31,ended
7001,1002709,1002712,1632-01-01,1672-12-31,ended
7001,1002709,1002714,1630-01-01,1676-12-31,ended
7001,1002711,1002712,1635-01-01,1672-12-31,ended
7001,1002711,1002714,1629-01-01,1678-12-31,ended
7001,1002711,1002716,1631-01-01,1684-12-31,ended
7001,1002713,1002714,1630-01-01,1660-12-31,ended
7001,1002713,1002716,1630-01-01,1660-12-31,ended
7001,1002713,1002718,1629-01-01,1660-12-31,ended
7001,1002715,1002716,1632-01-01,1672-12-31,ended
7001,1002715,1002718,1632-01-01,1669-12-31,ended
7001,1002715,1002720,1630-01-01,1672-12-31,ended
7001,1002717,1002718,1633-01-01,1669-12-31,ended
7001,1002717,1002720,1634-01-01,1674-12-31,ended
7001,1002717,1002722,1631-01-01,1674-12-31,ended
7001,1002719,1002720,1635-01-01,1680-12-31,ended
7001,1002719,1002722,1631-01-01,1680-12-31,ended
7001,1002719,1002724,1635-01-01,1660-12-31,ended
7001,1002721,1002722,1631-01-01,1681-12-31,ended
7001,1002721,1002724,1635-01-01,1660-12-31,ended
7001,1002721,1002726,1630-01-01,1676-12-31,ended
7001,1002723,1002724,1630-01-01,1660-12-31,ended
7001,1002723,1002726,1632-01-01,1664-12-31,ended
7001,1002723,1002728,1635-01-01,1664-12-31,ended
7001,1002725,1002726,1634-01-01,1676-12-31,ended
7001,1002725,1002728,1631-01-01,1695-12-31,ended
7001,1002725,1002730,1631-01-01,1692-12-31,ended
7001,1002727,1002728,1632-01-01,1667-12-31,ended
7001,1002727,1002730,1635-01-01,1667-12-31,ended
7001,1002727,1002732,1632-01-01,1667-12-31,ended
7001,1002729,1002730,1630-01-01,1684-12-31,ended
7001,1002729,1002732,1631-01-01,1684-12-31,ended
7001,1002731,1002732,1631-01-01,1673-12-31,ended
7001,1002731,1002734,1633-01-01,1673-12-31,ended
7001,1002733,1002734,1635-01-01,1671-12-31,ended
7001,1002733,1002736,1631-01-01,1665-12-31,ended
7001,1002735,1002736,1631-01-01,1665-12-31,ended
7001,1002735,1002738,1631-01-01,1677-12-31,ended
7001,1002737,1002738,1633-01-01,1662-12-31,ended
7001,1002737,1002740,1632-01-01,1657-12-31,ended
7001,1002739,1002740,1634-01-01,1657-12-31,ended
7001,1002739,1002742,1631-01-01,1665-12-31,ended
7001,1002741,1002742,1632-01-01,1687-12-31,ended
7001,1002741,1002744,1631-01-01,1694-12-31,ended
7001,1002743,1002744,1631-01-01,1673-12-31,ended
7001,1002743,1002746,1631-01-01,1652-12-31,ended
7001,1002745,1002746,1632-01-01,1652-12-31,ended
7001,1002745,1002748,1628-01-01,1654-12-31,ended
7001,1002747,1002748,1631-01-01,1654-12-31,ended
7001,1002747,1002750,1635-01-01,1679-12-31,ended
7001,1002749,1002750,1632-01-01,1671-12-31,ended
7001,1002749,1002752,1634-01-01,1662-12-31,ended
7001,1002751,1002752,1634-01-01,1662-12-31,ended
7001,1002751,1002754,1633-01-01,1665-12-31,ended
7001,1002753,1002754,1634-01-01,1669-12-31,ended
7001,1002753,1002756,1636-01-01,1669-12-31,ended
7001,1002755,1002756,1635-01-01,1685-12-31,ended
7001,1002755,1002758,1634-01-01,1685-12-31,ended
7001,1002757,1002758,1630-01-01,1652-12-31,ended
7001,1002757,1002760,1631-01-01,1652-12-31,ended
7001,1002759,1002760,1632-01-01,1662-12-31,ended
7001,1002759,1002762,1632-01-01,1693-12-31,ended
7001,1002761,1002762,1632-01-01,1685-12-31,ended
7001,1002761,1002764,1633-01-01,1685-12-31,ended
7001,1002763,1002764,1635-01-01,1649-12-31,ended
7001,1002763,1002766,1631-01-01,1649-12-31,ended
7001,1002765,1002766,1630-01-01,1680-12-31,ended
7001,1002765,1002768,1632-01-01,1680-12-31,ended
7001,1002767,1002768,1636-01-01,1647-12-31,ended
7001,1002767,1002770,1633-01-01,1647-12-31,ended
7001,1002769,1002770,1630-01-01,1679-12-31,ended
7001,1002769,1002772,1629-01-01,1678-12-31,ended
7001,1002771,1002772,1630-01-01,1668-12-31,ended
7001,1002771,1002774,1631-01-01,1668-12-31,ended
7001,1002773,1002774,1633-01-01,1683-12-31,ended
7001,1002773,1002776,1635-01-01,1683-12-31,ended
7001,1002775,1002776,1631-01-01,1675-12-31,ended
7001,1002775,1002778,1631-01-01,1675-12-31,ended
7001,1002777,1002778,1632-01-01,1651-12-31,ended
7001,1002777,1002780,1630-01-01,1651-12-31,ended
7001,1002779,1002780,1631-01-01,1641-12-31,ended
7001,1002779,1002782,1635-01-01,1641-12-31,ended
7001,1002781,1002782,1632-01-01,1682-12-31,ended
7001,1002781,1002784,1630-01-01,1691-12-31,ended
7001,1002783,1002784,1630-01-01,1670-12-31,ended
7001,1002783,1002786,1631-01-01,1660-12-31,ended
7001,1002785,1002786,1632-01-01,1660-12-31,ended
7001,1002785,1002788,1636-01-01,1666-12-31,ended
7001,1002787,1002788,1634-01-01,1670-12-31,ended
7001,1002787,1002790,1633-01-01,1670-12-31,ended
7001,1002789,1002790,1634-01-01,1642-12-31,ended
7001,1002789,1002792,1630-01-01,1642-12-31,ended
7001,1002791,1002792,1630-01-01,1659-12-31,ended
7001,1002791,1002794,1631-01-01,1659-12-31,ended
7001,1002793,1002794,1636-01-01,1689-12-31,ended
7001,1002793,1002796,1631-01-01,1683-12-31,ended
7001,1002795,1002796,1635-01-01,1650-12-31,ended
7001,1002795,1002798,1631-01-01,1641-12-31,ended
7001,1002797,1002798,1635-01-01,1641-12-31,ended
7001,1002797,1002800,1632-01-01,1668-12-31,ended
7001,1002799,1002800,1633-01-01,1668-12-31,ended
7001,1002799,1002802,1631-01-01,1696-12-31,ended
7001,1002801,1002802,1630-01-01,1684-12-31,ended
7001,1002801,1002804,1630-01-01,1658-12-31,ended
7001,1002803,1002804,1635-01-01,1658-12-31,ended
7001,1002803,1002806,1631-01-01,1665-12-31,ended
7001,1002805,1002806,1632-01-01,1654-12-31,ended
7001,1002805,1002808,1630-01-01,1654-12-31,ended
7001,1002807,1002808,1632-01-01,1684-12-31,ended
7001,1002807,1002810,1632-01-01,1657-12-31,ended
7001,1002809,1002810,1634-01-01,1657-12-31,ended
7001,1002809,1002812,1630-01-01,1689-12-31,ended
7001,1002811,1002812,1634-01-01,1662-12-31,ended
7001,1002811,1002814,1630-01-01,1658-12-31,ended
7001,1002813,1002814,1635-01-01,1658-12-31,ended
7001,1002813,1002816,1633-01-01,1667-12-31,ended
7001,1002815,1002816,1632-01-01,1668-12-31,ended
7001,1002815,1002818,1631-01-01,1668-12-31,ended
7001,1002817,1002818,1631-01-01,1663-12-31,ended
7001,1002817,1002820,1633-01-01,1663-12-31,ended
7001,1002819,1002820,1630-01-01,1678-12-31,ended
7001,1002819,1002822,1632-01-01,1678-12-31,ended
7001,1002821,1002822,1636-01-01,1682-12-31,ended
7001,1002821,1002824,1633-01-01,1669-12-31,ended
7001,1002823,1002824,1632-01-01,1648-12-31,ended
7001,1002823,1002826,1630-01-01,1648-12-31,ended
7001,1002825,1002826,1630-01-01,1660-12-31,ended
7001,1002825,1002828,1633-01-01,1660-12-31,ended
7001,1002827,1002828,1632-01-01,1651-12-31,ended
7001,1002827,1002830,1632-01-01,1651-12-31,ended
7001,1002829,1002830,1632-01-01,1699-12-31,ended
7001,1002829,1002832,1632-01-01,1695-12-31,ended
7001,1002831,1002832,1633-01-01,1695-12-31,ended
7001,1002831,1002834,1635-01-01,1683-12-31,ended
7001,1002833,1002834,1634-01-01,1679-12-31,ended
7001,1002833,1002836,1631-01-01,1670-12-31,ended
7001,1002835,1002836,1630-01-01,1670-12-31,ended
7001,1002835,1002838,1632-01-01,1656-12-31,ended
7001,1002837,1002838,1628-01-01,1656-12-31,ended
7001,1002837,1002840,1631-01-01,1684-12-31,ended
7001,1002839,1002840,1634-01-01,1651-12-31,ended
7001,1002839,1002842,1632-01-01,1651-12-31,ended
7001,1002841,1002842,1631-01-01,1669-12-31,ended
7001,1002841,1002844,1635-01-01,1640-12-31,ended
7001,1002843,1002844,1632-01-01,1640-12-31,ended
7001,1002843,1002846,1636-01-01,1681-12-31,ended
7001,1002845,1002846,1633-01-01,1694-12-31,ended
7001,1002845,1002848,1634-01-01,1653-12-31,ended
7001,1002847,1002848,1629-01-01,1653-12-31,ended
7001,1002847,1002850,1633-01-01,1685-12-31,ended
7001,1002849,1002850,1631-01-01,1695-12-31,ended
7001,1002849,1002852,1635-01-01,1680-12-31,ended
7001,1002851,1002852,1630-01-01,1680-12-31,ended
7001,1002851,1002854,1633-01-01,1682-12-31,ended
7001,1002853,1002854,1632-01-01,1657-12-31,ended
7001,1002853,1002856,1630-01-01,1657-12-31,ended
7001,1002855,1002856,1631-01-01,1675-12-31,ended
7001,1002855,1002858,1630-01-01,1675-12-31,ended
7001,1002857,1002858,1635-01-01,1675-12-31,ended
7001,1002857,1002860,1636-01-01,1680-12-31,ended
7001,1002859,1002860,1632-01-01,1665-12-31,ended
7001,1002859,1002862,1632-01-01,1665-12-31,ended
7001,1002861,1002862,1632-01-01,1677-12-31,ended
7001,1002861,1002864,1635-01-01,1678-12-31,ended
7001,1002863,1002864,1634-01-01,1649-12-31,ended
7001,1002863,1002866,1631-01-01,1649-12-31,ended
7001,1002865,1002866,1635-01-01,1676-12-31,ended
7001,1002865,1002868,1630-01-01,1684-12-31,ended
7001,1002867,1002868,1632-01-01,1684-12-31,ended
7001,1002867,1002870,1636-01-01,1680-12-31,ended
7001,1002869,1002870,1630-01-01,1667-12-31,ended
7001,1002869,1002872,1633-01-01,1657-12-31,ended
7001,1002871,1002872,1631-01-01,1657-12-31,ended
7001,1002871,1002874,1634-01-01,1685-12-31,ended
7001,1002873,1002874,1634-01-01,1660-12-31,ended
7001,1002873,1002876,1633-01-01,1660-12-31,ended
7001,1002875,1002876,1627-01-01,1664-12-31,ended
7001,1002875,1002878,1634-01-01,1664-12-31,ended
7001,1002877,1002878,1631-01-01,1671-12-31,ended
7001,1002877,1002880,1635-01-01,1674-12-31,ended
7001,1002879,1002880,1631-01-01,1674-12-31,ended
7001,1002879,1002882,1632-01-01,1674-12-31,ended
7001,1002881,1002882,1634-01-01,1654-12-31,ended
7001,1002881,1002884,1632-01-01,1643-12-31,ended
7001,1002883,1002884,1635-01-01,1643-12-31,ended
7001,1002883,1002886,1631-01-01,1684-12-31,ended
7001,1002885,1002886,1634-01-01,1661-12-31,ended
7001,1002885,1002888,1632-01-01,1661-12-31,ended
7001,1002887,1002888,1635-01-01,1676-12-31,ended
7001,1002887,1002890,1633-01-01,1687-12-31,ended
7001,1002889,1002890,1633-01-01,1687-12-31,ended
7001,1002889,1002892,1633-01-01,1696-12-31,ended
7001,1002891,1002892,1630-01-01,1679-12-31,ended
7001,1002891,1002894,1633-01-01,1660-12-31,ended
7001,1002893,1002894,1636-01-01,1645-12-31,ended
7001,1002893,1002896,1631-01-01,1645-12-31,ended
7001,1002895,1002896,1632-01-01,1698-12-31,ended
7001,1002895,1002898,1630-01-01,1693-12-31,ended
7001,1002897,1002898,1632-01-01,1685-12-31,ended
7001,1002897,1002900,1633-01-01,1669-12-31,ended
7001,1002899,1002900,1632-01-01,1638-12-31,ended
7001,1002899,1002902,1635-01-01,1638-12-31,ended
7001,1002901,1002902,1631-01-01,1650-12-31,ended
7001,1002901,1002904,1632-01-01,1668-12-31,ended
7001,1002903,1002904,1634-01-01,1682-12-31,ended
7001,1002903,1002906,1635-01-01,1682-12-31,ended
7001,1002905,1002906,1632-01-01,1683-12-31,ended
7001,1002905,1002908,1628-01-01,1687-12-31,ended
7001,1002907,1002908,1630-01-01,1688-12-31,ended
7001,1002907,1002910,1633-01-01,1687-12-31,ended
7001,1002909,1002910,1631-01-01,1687-12-31,ended
7001,1002909,1002912,1634-01-01,1639-12-31,ended
7001,1002911,1002912,1634-01-01,1639-12-31,ended
7001,1002911,1002914,1632-01-01,1693-12-31,ended
7001,1002913,1002914,1632-01-01,1647-12-31,ended
7001,1002913,1002916,1633-01-01,1647-12-31,ended
7001,1002915,1002916,1632-01-01,1661-12-31,ended
7001,1002915,1002918,1633-01-01,1661-12-31,ended
7001,1002917,1002918,1631-01-01,1682-12-31,ended
7001,1002917,1002920,1628-01-01,1647-12-31,ended
7001,1002919,1002920,1634-01-01,1639-12-31,ended
7001,1002919,1002922,1631-01-01,1639-12-31,ended
7001,1002921,1002922,1631-01-01,1665-12-31,ended
7001,1002921,1002924,1634-01-01,1676-12-31,ended
7001,1002923,1002924,1636-01-01,1676-12-31,ended
7001,1002923,1002926,1632-01-01,1679-12-31,ended
7001,1002925,1002926,1630-01-01,1680-12-31,ended
7001,1002925,1002928,1632-01-01,1665-12-31,ended
7001,1002927,1002928,1630-01-01,1665-12-31,ended
7001,1002927,1002930,1633-01-01,1667-12-31,ended
7001,1002929,1002930,1633-01-01,1691-12-31,ended
7001,1002929,1002932,1632-01-01,1674-12-31,ended
7001,1002931,1002932,1635-01-01,1674-12-31,ended
7001,1002931,1002934,1632-01-01,1686-12-31,ended
7001,1002933,1002934,1635-01-01,1644-12-31,ended
7001,1002933,1002936,1632-01-01,1644-12-31,ended
7001,1002935,1002936,1634-01-01,1650-12-31,ended
7001,1002935,1002938,1634-01-01,1650-12-31,ended
7001,1002937,1002938,1634-01-01,1670-12-31,ended
7001,1002937,1002940,1630-01-01,1670-12-31,ended
7001,1002939,1002940,1631-01-01,1672-12-31,ended
7001,1002939,1002942,1630-01-01,1689-12-31,ended
7001,1002941,1002942,1635-01-01,1689-12-31,ended
7001,1002941,1002944,1630-01-01,1658-12-31,ended
7001,1002943,1002944,1630-01-01,1658-12-31,ended
7001,1002943,1002946,1629-01-01,1637-12-31,ended
7001,1002945,1002946,1633-01-01,1637-12-31,ended
7001,1002945,1002948,1632-01-01,1665-12-31,ended
7001,1002947,1002948,1633-01-01,1665-12-31,ended
7001,1002947,1002950,1632-01-01,1666-12-31,ended
7001,1002949,1002950,1631-01-01,1645-12-31,ended
7001,1002949,1002952,1629-01-01,1645-12-31,ended
7001,1002951,1002952,1632-01-01,1688-12-31,ended
7001,1002951,1002954,1633-01-01,1657-12-31,ended
7001,1002953,1002954,1628-01-01,1657-12-31,ended
7001,1002953,1002956,1634-01-01,1665-12-31,ended
7001,1002955,1002956,1631-01-01,1654-12-31,ended
7001,1002955,1002958,1635-01-01,1654-12-31,ended
7001,1002957,1002958,1635-01-01,1668-12-31,ended
7001,1002957,1002960,1632-01-01,1655-12-31,ended
7001,1002959,1002960,1634-01-01,1652-12-31,ended
7001,1002959,1002962,1636-01-01,1652-12-31,ended
7001,1002961,1002962,1630-01-01,1708-12-31,ended
7001,1002961,1002964,1633-01-01,1674-12-31,ended
7001,1002963,1002964,1633-01-01,1674-12-31,ended
7001,1002963,1002966,1632-01-01,1677-12-31,ended
7001,1002965,1002966,1636-01-01,1636-12-31,ended
7001,1002965,1002968,1632-01-01,1635-12-31,ended
7001,1002967,1002968,1630-01-01,1643-12-31,ended
7001,1002967,1002970,1634-01-01,1671-12-31,ended
7001,1002969,1002970,1634-01-01,1676-12-31,ended
7001,1002969,1002972,1636-01-01,1676-12-31,ended
7001,1002971,1002972,1632-01-01,1678-12-31,ended
7001,1002971,1002974,1630-01-01,1672-12-31,ended
7001,1002973,1002974,1630-01-01,1672-12-31,ended
7001,1002973,1002976,1631-01-01,1668-12-31,ended
7001,1002975,1002976,1633-01-01,1668-12-31,ended
7001,1002975,1002978,1636-01-01,1664-12-31,ended
7001,1002977,1002978,1632-01-01,1664-12-31,ended
7001,1002977,1002980,1630-01-01,1671-12-31,ended
7001,1002979,1002980,1636-01-01,1671-12-31,ended
7001,1002979,1002982,1631-01-01,1694-12-31,ended
7001,1002981,1002982,1632-01-01,1691-12-31,ended
7001,1002981,1002984,1631-01-01,1691-12-31,ended
7001,1002983,1002984,1634-01-01,1694-12-31,ended
7001,1002983,1002986,1633-01-01,1689-12-31,ended
7001,1002985,1002986,1632-01-01,1689-12-31,ended
7001,1002985,1002988,1634-01-01,1643-12-31,ended
7001,1002987,1002988,1630-01-01,1643-12-31,ended
7001,1002987,1002990,1632-01-01,1651-12-31,ended
7001,1002989,1002990,1632-01-01,1688-12-31,ended
7001,1002989,1002992,1634-01-01,1688-12-31,ended
7001,1002991,1002992,1633-01-01,1681-12-31,ended
7001,1002991,1002994,1632-01-01,1681-12-31,ended
7001,1002993,1002994,1633-01-01,1684-12-31,ended
7001,1002993,1002996,1632-01-01,1677-12-31,ended
7001,1002995,1002996,1633-01-01,1677-12-31,ended
7001,1002995,1002998,1634-01-01,1668-12-31,ended
7001,1002997,1002998,1629-01-01,1665-12-31,ended
7001,1002997,1003000,1630-01-01,1665-12-31,ended
7001,1002999,1003000,1634-01-01,1676-12-31,ended
7001,1002999,1003002,1634-01-01,1660-12-31,ended
7001,1003001,1003002,1631-01-01,1660-12-31,ended
7001,1003001,1003004,1633-01-01,1672-12-31,ended
7001,1003003,1003004,1635-01-01,1672-12-31,ended
7001,1003003,1003006,1632-01-01,1679-12-31,ended
7001,1003005,1003006,1634-01-01,1689-12-31,ended
7001,1003005,1003008,1629-01-01,1682-12-31,ended
7001,1003007,1003008,1634-01-01,1654-12-31,ended
7001,1003007,1003010,1630-01-01,1654-12-31,ended
7001,1003009,1003010,1635-01-01,1676-12-31,ended
7001,1003009,1003012,1635-01-01,1676-12-31,ended
7001,1003011,1003012,1634-01-01,1684-12-31,ended
7001,1003011,1003014,1630-01-01,1706-12-31,ended
7001,1003013,1003014,1632-01-01,1689-12-31,ended
7001,1003013,1003016,1636-01-01,1689-12-31,ended
7001,1003015,1003016,1634-01-01,1680-12-31,ended
7001,1003015,1003018,1636-01-01,1670-12-31,ended
7001,1003017,1003018,1634-01-01,1648-12-31,ended
7001,1003017,1003020,1632-01-01,1648-12-31,ended
7001,1003019,1003020,1633-01-01,1667-12-31,ended
7001,1003019,1003022,1632-01-01,1667-12-31,ended
7001,1003021,1003022,1631-01-01,1682-12-31,ended
7001,1003021,1003024,1631-01-01,1696-12-31,ended
7001,1003023,1003024,1636-01-01,1689-12-31,ended
7001,1003023,1003026,1636-01-01,1645-12-31,ended
7001,1003025,1003026,1631-01-01,1645-12-31,ended
7001,1003025,1003028,1636-01-01,1670-12-31,ended
7001,1003027,1003028,1632-01-01,1670-12-31,ended
7001,1003027,1003030,1635-01-01,1677-12-31,ended
7001,1003029,1003030,1631-01-01,1691-12-31,ended
7001,1003029,1003032,1631-01-01,1650-12-31,ended
7001,1003031,1003032,1631-01-01,1650-12-31,ended
7001,1003031,1003034,1635-01-01,1647-12-31,ended
7001,1003033,1003034,1634-01-01,1647-12-31,ended
7001,1003033,1003036,1632-01-01,1674-12-31,ended
7001,1003035,1003036,1636-01-01,1674-12-31,ended
7001,1003035,1003038,1635-01-01,1686-12-31,ended
7001,1003037,1003038,1633-01-01,1691-12-31,ended
7001,1003037,1003040,1633-01-01,1669-12-31,ended
7001,1003039,1003040,1636-01-01,1669-12-31,ended
7001,1003039,1003042,1630-01-01,1668-12-31,ended
7001,1003041,1003042,1632-01-01,1668-12-31,ended
7001,1003041,1003044,1632-01-01,1685-12-31,ended
7001,1003043,1003044,1634-01-01,1678-12-31,ended
7001,1003043,1003046,1630-01-01,1660-12-31,ended
7001,1003045,1003046,1633-01-01,1646-12-31,ended
7001,1003045,1003048,1634-01-01,1646-12-31,ended
7001,1003047,1003048,1633-01-01,1657-12-31,ended
7001,1003047,1003050,1632-01-01,1657-12-31,ended
7001,1003049,1003050,1630-01-01,1698-12-31,ended
7001,1003049,1003052,1630-01-01,1643-12-31,ended
7001,1003051,1003052,1631-01-01,1643-12-31,ended
7001,1003051,1003054,1630-01-01,1696-12-31,ended
7001,1003053,1003054,1631-01-01,1694-12-31,ended
7001,1003053,1003056,1633-01-01,1667-12-31,ended
7001,1003055,1003056,1634-01-01,1667-12-31,ended
7001,1003055,1003058,1630-01-01,1675-12-31,ended
7001,1003057,1003058,1632-01-01,1672-12-31,ended
7001,1003057,1003060,1631-01-01,1672-12-31,ended
7001,1003059,1003060,1632-01-01,1673-12-31,ended
7001,1003059,1003062,1634-01-01,1686-12-31,ended
7001,1003061,1003062,1630-01-01,1659-12-31,ended
7001,1003061,1003064,1631-01-01,1659-12-31,ended
7001,1003063,1003064,1631-01-01,1679-12-31,ended
7001,1003063,1003066,1632-01-01,1663-12-31,ended
7001,1003065,1003066,1633-01-01,1661-12-31,ended
7001,1003065,1003068,1635-01-01,1661-12-31,ended
7001,1003067,1003068,1627-01-01,1665-12-31,ended
7001,1003067,1003070,1634-01-01,1684-12-31,ended
7001,1003069,1003070,1630-01-01,1697-12-31,ended
7001,1003069,1003072,1631-01-01,1681-12-31,ended
7001,1003071,1003072,1632-01-01,1681-12-31,ended
7001,1003071,1003074,1630-01-01,1663-12-31,ended
7001,1003073,1003074,1631-01-01,1658-12-31,ended
7001,1003073,1003076,1635-01-01,1658-12-31,ended
7001,1003075,1003076,1630-01-01,1688-12-31,ended
7001,1003075,1003078,1633-01-01,1666-12-31,ended
7001,1003077,1003078,1634-01-01,1666-12-31,ended
7001,1003077,1003080,1632-01-01,1679-12-31,ended
7001,1003079,1003080,1631-01-01,1640-12-31,ended
7001,1003079,1003082,1634-01-01,1640-12-31,ended
7001,1003081,1003082,1631-01-01,1664-12-31,ended
7001,1003084,1003085,1654-01-01,1683-12-31,ended
7001,1003086,1003087,1655-01-01,1702-12-31,ended
7001,1003088,1003089,1654-01-01,1703-12-31,ended
7001,1003090,1003091,1652-01-01,1670-12-31,ended
7001,1003092,1003093,1655-01-01,1709-12-31,ended
7001,1003094,1003095,1655-01-01,1684-12-31,ended
7001,1003096,1003097,1657-01-01,1703-12-31,ended
7001,1003098,1003099,1658-01-01,1702-12-31,ended
7001,1003100,1003101,1658-01-01,1660-12-31,ended
7001,1003102,1003103,1656-01-01,1671-12-31,ended
7001,1003104,1003105,1655-01-01,1671-12-31,ended
7001,1003106,1003107,1654-01-01,1670-12-31,ended
7001,1003108,1003109,1653-01-01,1679-12-31,ended
7001,1003110,1003111,1652-01-01,1685-12-31,ended
7001,1003112,1003113,1651-01-01,1717-12-31,ended
7001,1003114,1003115,1657-01-01,1697-12-31,ended
7001,1003116,1003117,1653-01-01,1676-12-31,ended
7001,1003118,1003119,1655-01-01,1701-12-31,ended
7001,1003120,1003121,1654-01-01,1687-12-31,ended
7001,1003122,1003123,1654-01-01,1703-12-31,ended
7001,1003124,1003125,1654-01-01,1712-12-31,ended
7001,1003126,1003127,1655-01-01,1659-12-31,ended
7001,1003128,1003129,1654-01-01,1666-12-31,ended
7001,1003130,1003131,1656-01-01,1677-12-31,ended
7001,1003132,1003133,1656-01-01,1711-12-31,ended
7001,1003134,1003135,1655-01-01,1719-12-31,ended
7001,1003136,1003137,1651-01-01,1687-12-31,ended
7001,1003138,1003139,1655-01-01,1708-12-31,ended
7001,1003140,1003141,1658-01-01,1700-12-31,ended
7001,1003142,1003143,1655-01-01,1667-12-31,ended
7001,1003144,1003145,1656-01-01,1696-12-31,ended
7001,1003146,1003147,1655-01-01,1705-12-31,ended
7001,1003148,1003149,1656-01-01,1704-12-31,ended
7001,1003150,1003151,1658-01-01,1672-12-31,ended
7001,1003152,1003153,1656-01-01,1677-12-31,ended
7001,1003154,1003155,1658-01-01,1707-12-31,ended
7001,1003156,1003157,1654-01-01,1690-12-31,ended
7001,1003158,1003159,1653-01-01,1697-12-31,ended
7001,1003160,1003161,1652-01-01,1671-12-31,ended
7001,1003162,1003163,1655-01-01,1713-12-31,ended
7001,1003164,1003165,1652-01-01,1707-12-31,ended
7001,1003166,1003167,1656-01-01,1696-12-31,ended
7001,1003168,1003169,1653-01-01,1677-12-31,ended
7001,1003170,1003171,1656-01-01,1698-12-31,ended
7001,1003172,1003173,1657-01-01,1697-12-31,ended
7001,1003174,1003175,1654-01-01,1690-12-31,ended
7001,1003176,1003177,1654-01-01,1685-12-31,ended
7001,1003178,1003179,1656-01-01,1704-12-31,ended
7001,1003180,1003181,1655-01-01,1690-12-31,ended
7001,1003182,1003183,1656-01-01,1713-12-31,ended
7001,1003184,1003185,1657-01-01,1676-12-31,ended
7001,1003186,1003187,1656-01-01,1689-12-31,ended
7001,1003188,1003189,1657-01-01,1729-12-31,ended
7001,1003190,1003191,1654-01-01,1691-12-31,ended
7001,1003192,1003193,1653-01-01,1694-12-31,ended
7001,1003194,1003195,1655-01-01,1688-12-31,ended
7001,1003196,1003197,1653-01-01,1703-12-31,ended
7001,1003198,1003199,1653-01-01,1692-12-31,ended
7001,1003200,1003201,1652-01-01,1656-12-31,ended
7001,1003202,1003203,1658-01-01,1690-12-31,ended
7001,1003204,1003205,1656-01-01,1675-12-31,ended
7001,1003206,1003207,1652-01-01,1668-12-31,ended
7001,1003208,1003209,1652-01-01,1725-12-31,ended
7001,1003210,1003211,1649-01-01,1701-12-31,ended
7001,1003212,1003213,1653-01-01,1716-12-31,ended
7001,1003214,1003215,1654-01-01,1701-12-31,ended
7001,1003216,1003217,1653-01-01,1685-12-31,ended
7001,1003218,1003219,1654-01-01,1684-12-31,ended
7001,1003220,1003221,1653-01-01,1687-12-31,ended
7001,1003222,1003223,1652-01-01,1716-12-31,ended
7001,1003224,1003225,1656-01-01,1675-12-31,ended
7001,1003226,1003227,1656-01-01,1666-12-31,ended
7001,1003228,1003229,1652-01-01,1682-12-31,ended
7001,1003230,1003231,1652-01-01,1698-12-31,ended
7001,1003232,1003233,1655-01-01,1663-12-31,ended
7001,1003234,1003235,1655-01-01,1710-12-31,ended
7001,1003236,1003237,1657-01-01,1686-12-31,ended
7001,1003238,1003239,1652-01-01,1667-12-31,ended
7001,1003240,1003241,1656-01-01,1715-12-31,ended
7001,1003242,1003243,1656-01-01,1686-12-31,ended
7001,1003244,1003245,1652-01-01,1693-12-31,ended
7001,1003246,1003247,1655-01-01,1671-12-31,ended
7001,1003248,1003249,1656-01-01,1687-12-31,ended
7001,1003250,1003251,1656-01-01,1689-12-31,ended
7001,1003252,1003253,1658-01-01,1692-12-31,ended
7001,1003254,1003255,1652-01-01,1701-12-31,ended
7001,1003256,1003257,1655-01-01,1700-12-31,ended
7001,1003258,1003259,1653-01-01,1695-12-31,ended
7001,1003260,1003261,1653-01-01,1710-12-31,ended
7001,1003262,1003263,1656-01-01,1675-12-31,ended
7001,1003264,1003265,1654-01-01,1690-12-31,ended
7001,1003266,1003267,1656-01-01,1663-12-31,ended
7001,1003268,1003269,1658-01-01,1702-12-31,ended
7001,1003270,1003271,1658-01-01,1726-12-31,ended
7001,1003272,1003273,1652-01-01,1658-12-31,ended
7001,1003274,1003275,1655-01-01,1691-12-31,ended
7001,1003276,1003277,1656-01-01,1702-12-31,ended
7001,1003278,1003279,1656-01-01,1715-12-31,ended
7001,1003280,1003281,1652-01-01,1691-12-31,ended
7001,1003282,1003283,1653-01-01,1673-12-31,ended
7001,1003284,1003285,1652-01-01,1702-12-31,ended
7001,1003286,1003287,1655-01-01,1688-12-31,ended
7001,1003288,1003289,1656-01-01,1694-12-31,ended
7001,1003290,1003291,1653-01-01,1692-12-31,ended
7001,1003292,1003293,1658-01-01,1665-12-31,ended
7001,1003294,1003295,1655-01-01,1664-12-31,ended
7001,1003296,1003297,1653-01-01,1698-12-31,ended
7001,1003298,1003299,1654-01-01,1702-12-31,ended
7001,1003300,1003301,1655-01-01,1666-12-31,ended
7001,1003302,1003303,1655-01-01,1684-12-31,ended
7001,1003304,1003305,1654-01-01,1673-12-31,ended
7001,1003306,1003307,1657-01-01,1702-12-31,ended
7001,1003308,1003309,1657-01-01,1673-12-31,ended
7001,1003310,1003311,1655-01-01,1702-12-31,ended
7001,1003312,1003313,1655-01-01,1690-12-31,ended
7001,1003314,1003315,1652-01-01,1694-12-31,ended
7001,1003316,1003317,1655-01-01,1678-12-31,ended
7001,1003318,1003319,1653-01-01,1700-12-31,ended
7001,1003320,1003321,1652-01-01,1709-12-31,ended
7001,1003322,1003323,1653-01-01,1664-12-31,ended
7001,1003324,1003325,1652-01-01,1706-12-31,ended
7001,1003326,1003327,1656-01-01,1696-12-31,ended
7001,1003328,1003329,1656-01-01,1701-12-31,ended
7001,1003330,1003331,1653-01-01,1705-12-31,ended
7001,1003332,1003333,1651-01-01,1683-12-31,ended
7001,1003334,1003335,1652-01-01,1691-12-31,ended
7001,1003336,1003337,1658-01-01,1685-12-31,ended
7001,1003338,1003339,1656-01-01,1680-12-31,ended
7001,1003340,1003341,1654-01-01,1679-12-31,ended
7001,1003342,1003343,1654-01-01,1674-12-31,ended
7001,1003344,1003345,1654-01-01,1676-12-31,ended
7001,1003346,1003347,1658-01-01,1700-12-31,ended
7001,1003348,1003349,1655-01-01,1704-12-31,ended
7001,1003350,1003351,1650-01-01,1656-12-31,ended
7001,1003352,1003353,1658-01-01,1696-12-31,ended
7001,1003354,1003355,1652-01-01,1687-12-31,ended
7001,1003356,1003357,1656-01-01,1678-12-31,ended
7001,1003358,1003359,1654-01-01,1699-12-31,ended
7001,1003360,1003361,1653-01-01,1700-12-31,ended
7001,1003362,1003363,1654-01-01,1690-12-31,ended
7001,1003364,1003365,1657-01-01,1675-12-31,ended
7001,1003366,1003367,1656-01-01,1697-12-31,ended
7001,1003368,1003369,1653-01-01,1703-12-31,ended
7001,1003370,1003371,1652-01-01,1706-12-31,ended
7001,1003372,1003373,1654-01-01,1670-12-31,ended
7001,1003374,1003375,1657-01-01,1700-12-31,ended
7001,1003376,1003377,1655-01-01,1662-12-31,ended
7001,1003378,1003379,1657-01-01,1689-12-31,ended
7001,1003380,1003381,1655-01-01,1696-12-31,ended
7001,1003382,1003383,1658-01-01,1658-12-31,ended
7001,1003384,1003385,1656-01-01,1687-12-31,ended
7001,1003386,1003387,1655-01-01,1699-12-31,ended
7001,1003388,1003389,1654-01-01,1696-12-31,ended
7001,1003390,1003391,1653-01-01,1697-12-31,ended
7001,1003392,1003393,1657-01-01,1699-12-31,ended
7001,1003394,1003395,1653-01-01,1707-12-31,ended
7001,1003396,1003397,1652-01-01,1692-12-31,ended
7001,1003398,1003399,1656-01-01,1683-12-31,ended
7001,1003400,1003401,1653-01-01,1683-12-31,ended
7001,1003402,1003403,1652-01-01,1682-12-31,ended
7001,1003404,1003405,1654-01-01,1672-12-31,ended
7001,1003406,1003407,1657-01-01,1701-12-31,ended
7001,1003408,1003409,1654-01-01,1715-12-31,ended
7001,1003410,1003411,1658-01-01,1670-12-31,ended
7001,1003412,1003413,1656-01-01,1728-12-31,ended
7001,1003414,1003415,1652-01-01,1675-12-31,ended
7001,1003416,1003417,1655-01-01,1684-12-31,ended
7001,1003418,1003419,1653-01-01,1696-12-31,ended
7001,1003420,1003421,1656-01-01,1698-12-31,ended
7001,1003422,1003423,1650-01-01,1688-12-31,ended
7001,1003424,1003425,1655-01-01,1676-12-31,ended
7001,1003426,1003427,1653-01-01,1683-12-31,ended
7001,1003428,1003429,1655-01-01,1660-12-31,ended
7001,1003430,1003431,1654-01-01,1699-12-31,ended
7001,1003432,1003433,1652-01-01,1694-12-31,ended
7001,1003434,1003435,1655-01-01,1707-12-31,ended
7001,1003436,1003437,1652-01-01,1697-12-31,ended
7001,1003438,1003439,1653-01-01,1669-12-31,ended
7001,1003440,1003441,1656-01-01,1682-12-31,ended
7001,1003442,1003443,1656-01-01,1720-12-31,ended
7001,1003444,1003445,1654-01-01,1668-12-31,ended
7001,1003446,1003447,1655-01-01,1705-12-31,ended
7001,1003448,1003449,1655-01-01,1702-12-31,ended
7001,1003450,1003451,1652-01-01,1687-12-31,ended
7001,1003452,1003453,1655-01-01,1709-12-31,ended
7001,1003454,1003455,1652-01-01,1676-12-31,ended
7001,1003456,1003457,1654-01-01,1692-12-31,ended
7001,1003458,1003459,1656-01-01,1688-12-31,ended
7001,1003460,1003461,1657-01-01,1726-12-31,ended
7001,1003462,1003463,1653-01-01,1685-12-31,ended
7001,1003464,1003465,1655-01-01,1700-12-31,ended
7001,1003466,1003467,1652-01-01,1690-12-31,ended
7001,1003468,1003469,1654-01-01,1713-12-31,ended
7001,1003470,1003471,1655-01-01,1701-12-31,ended
7001,1003472,1003473,1656-01-01,1684-12-31,ended
7001,1003474,1003475,1653-01-01,1667-12-31,ended
7001,1003476,1003477,1656-01-01,1662-12-31,ended
7001,1003478,1003479,1650-01-01,1697-12-31,ended
7001,1003480,1003481,1656-01-01,1691-12-31,ended
7001,1003482,1003483,1657-01-01,1685-12-31,ended
7001,1003484,1003485,1653-01-01,1697-12-31,ended
7001,1003486,1003487,1655-01-01,1706-12-31,ended
7001,1003488,1003489,1655-01-01,1696-12-31,ended
7001,1003490,1003491,1652-01-01,1693-12-31,ended
7001,1003492,1003493,1654-01-01,1672-12-31,ended
7001,1003494,1003495,1655-01-01,1698-12-31,ended
7001,1003496,1003497,1655-01-01,1709-12-31,ended
7001,1003498,1003499,1653-01-01,1693-12-31,ended
7001,1003500,1003501,1653-01-01,1681-12-31,ended
7001,1003502,1003503,1652-01-01,1687-12-31,ended
7001,1003504,1003505,1655-01-01,1668-12-31,ended
7001,1003506,1003507,1656-01-01,1723-12-31,ended
7001,1003508,1003509,1656-01-01,1696-12-31,ended
7001,1003510,1003511,1652-01-01,1695-12-31,ended
7001,1003512,1003513,1654-01-01,1689-12-31,ended
7001,1003514,1003515,1656-01-01,1681-12-31,ended
7001,1003516,1003517,1654-01-01,1676-12-31,ended
7001,1003518,1003519,1655-01-01,1694-12-31,ended
7001,1003520,1003521,1654-01-01,1700-12-31,ended
7001,1003522,1003523,1654-01-01,1699-12-31,ended
7001,1003524,1003525,1676-01-01,1700-12-31,ended
7001,1003524,1003527,1676-01-01,1719-12-31,ended
7001,1003525,1003990,1677-01-01,1700-12-31,ended
7001,1003525,1003992,1677-01-01,1700-12-31,ended
7001,1003526,1003527,1679-01-01,1711-12-31,ended
7001,1003526,1003529,1676-01-01,1711-12-31,ended
7001,1003527,1003992,1674-01-01,1717-12-31,ended
7001,1003528,1003529,1674-01-01,1692-12-31,ended
7001,1003528,1003531,1678-01-01,1681-12-31,ended
7001,1003530,1003531,1675-01-01,1681-12-31,ended
7001,1003530,1003533,1680-01-01,1710-12-31,ended
7001,1003532,1003533,1678-01-01,1710-12-31,ended
7001,1003532,1003535,1676-01-01,1704-12-31,ended
7001,1003534,1003535,1674-01-01,1704-12-31,ended
7001,1003534,1003537,1677-01-01,1717-12-31,ended
7001,1003536,1003537,1675-01-01,1717-12-31,ended
7001,1003536,1003539,1676-01-01,1730-12-31,ended
7001,1003538,1003539,1677-01-01,1733-12-31,ended
7001,1003538,1003541,1674-01-01,1733-12-31,ended
7001,1003540,1003541,1675-01-01,1693-12-31,ended
7001,1003540,1003543,1679-01-01,1693-12-31,ended
7001,1003542,1003543,1678-01-01,1694-12-31,ended
7001,1003542,1003545,1678-01-01,1679-12-31,ended
7001,1003544,1003545,1677-01-01,1679-12-31,ended
7001,1003544,1003547,1678-01-01,1716-12-31,ended
7001,1003546,1003547,1674-01-01,1718-12-31,ended
7001,1003546,1003549,1676-01-01,1716-12-31,ended
7001,1003548,1003549,1679-01-01,1716-12-31,ended
7001,1003548,1003551,1676-01-01,1729-12-31,ended
7001,1003550,1003551,1677-01-01,1729-12-31,ended
7001,1003550,1003553,1674-01-01,1741-12-31,ended
7001,1003552,1003553,1678-01-01,1728-12-31,ended
7001,1003552,1003555,1679-01-01,1725-12-31,ended
7001,1003554,1003555,1678-01-01,1690-12-31,ended
7001,1003554,1003557,1675-01-01,1690-12-31,ended
7001,1003556,1003557,1675-01-01,1703-12-31,ended
7001,1003556,1003559,1674-01-01,1722-12-31,ended
7001,1003558,1003559,1679-01-01,1717-12-31,ended
7001,1003558,1003561,1679-01-01,1688-12-31,ended
7001,1003560,1003561,1675-01-01,1688-12-31,ended
7001,1003560,1003563,1674-01-01,1703-12-31,ended
7001,1003562,1003563,1674-01-01,1717-12-31,ended
7001,1003562,1003565,1679-01-01,1704-12-31,ended
7001,1003564,1003565,1675-01-01,1704-12-31,ended
7001,1003564,1003567,1676-01-01,1710-12-31,ended
7001,1003566,1003567,1679-01-01,1707-12-31,ended
7001,1003566,1003569,1673-01-01,1703-12-31,ended
7001,1003568,1003569,1676-01-01,1703-12-31,ended
7001,1003568,1003571,1678-01-01,1724-12-31,ended
7001,1003570,1003571,1674-01-01,1724-12-31,ended
7001,1003570,1003573,1677-01-01,1736-12-31,ended
7001,1003572,1003573,1676-01-01,1736-12-31,ended
7001,1003572,1003575,1675-01-01,1717-12-31,ended
7001,1003574,1003575,1679-01-01,1687-12-31,ended
7001,1003574,1003577,1678-01-01,1687-12-31,ended
7001,1003576,1003577,1679-01-01,1726-12-31,ended
7001,1003576,1003579,1677-01-01,1727-12-31,ended
7001,1003578,1003579,1674-01-01,1727-12-31,ended
7001,1003578,1003581,1678-01-01,1688-12-31,ended
7001,1003580,1003581,1675-01-01,1688-12-31,ended
7001,1003580,1003583,1674-01-01,1722-12-31,ended
7001,1003582,1003583,1678-01-01,1722-12-31,ended
7001,1003582,1003585,1678-01-01,1733-12-31,ended
7001,1003584,1003585,1676-01-01,1686-12-31,ended
7001,1003584,1003587,1677-01-01,1686-12-31,ended
7001,1003586,1003587,1674-01-01,1685-12-31,ended
7001,1003586,1003589,1674-01-01,1685-12-31,ended
7001,1003588,1003589,1680-01-01,1690-12-31,ended
7001,1003588,1003591,1674-01-01,1729-12-31,ended
7001,1003590,1003591,1677-01-01,1729-12-31,ended
7001,1003590,1003593,1679-01-01,1702-12-31,ended
7001,1003592,1003593,1673-01-01,1702-12-31,ended
7001,1003592,1003595,1675-01-01,1699-12-31,ended
7001,1003594,1003595,1675-01-01,1699-12-31,ended
7001,1003594,1003597,1680-01-01,1739-12-31,ended
7001,1003596,1003597,1678-01-01,1706-12-31,ended
7001,1003596,1003599,1677-01-01,1706-12-31,ended
7001,1003598,1003599,1674-01-01,1725-12-31,ended
7001,1003598,1003601,1675-01-01,1713-12-31,ended
7001,1003600,1003601,1679-01-01,1713-12-31,ended
7001,1003600,1003603,1676-01-01,1711-12-31,ended
7001,1003602,1003603,1674-01-01,1711-12-31,ended
7001,1003602,1003605,1675-01-01,1711-12-31,ended
7001,1003604,1003605,1674-01-01,1714-12-31,ended
7001,1003604,1003607,1677-01-01,1714-12-31,ended
7001,1003606,1003607,1680-01-01,1689-12-31,ended
7001,1003606,1003609,1675-01-01,1688-12-31,ended
7001,1003608,1003609,1679-01-01,1688-12-31,ended
7001,1003608,1003611,1680-01-01,1704-12-31,ended
7001,1003610,1003611,1676-01-01,1721-12-31,ended
7001,1003610,1003613,1674-01-01,1709-12-31,ended
7001,1003612,1003613,1674-01-01,1709-12-31,ended
7001,1003612,1003615,1677-01-01,1732-12-31,ended
7001,1003614,1003615,1674-01-01,1700-12-31,ended
7001,1003614,1003617,1676-01-01,1700-12-31,ended
7001,1003616,1003617,1678-01-01,1692-12-31,ended
7001,1003616,1003619,1678-01-01,1692-12-31,ended
7001,1003618,1003619,1676-01-01,1738-12-31,ended
7001,1003618,1003621,1677-01-01,1697-12-31,ended
7001,1003620,1003621,1674-01-01,1697-12-31,ended
7001,1003620,1003623,1677-01-01,1709-12-31,ended
7001,1003622,1003623,1674-01-01,1711-12-31,ended
7001,1003622,1003625,1676-01-01,1711-12-31,ended
7001,1003624,1003625,1678-01-01,1723-12-31,ended
7001,1003624,1003627,1674-01-01,1726-12-31,ended
7001,1003626,1003627,1676-01-01,1703-12-31,ended
7001,1003626,1003629,1677-01-01,1696-12-31,ended
7001,1003628,1003629,1677-01-01,1696-12-31,ended
7001,1003628,1003631,1678-01-01,1715-12-31,ended
7001,1003630,1003631,1674-01-01,1700-12-31,ended
7001,1003630,1003633,1678-01-01,1700-12-31,ended
7001,1003632,1003633,1677-01-01,1730-12-31,ended
7001,1003632,1003635,1677-01-01,1714-12-31,ended
7001,1003634,1003635,1675-01-01,1714-12-31,ended
7001,1003634,1003637,1677-01-01,1720-12-31,ended
7001,1003636,1003637,1677-01-01,1721-12-31,ended
7001,1003636,1003639,1680-01-01,1741-12-31,ended
7001,1003638,1003639,1677-01-01,1711-12-31,ended
7001,1003638,1003641,1675-01-01,1711-12-31,ended
7001,1003640,1003641,1680-01-01,1714-12-31,ended
7001,1003640,1003643,1675-01-01,1714-12-31,ended
7001,1003642,1003643,1679-01-01,1725-12-31,ended
7001,1003642,1003645,1676-01-01,1725-12-31,ended
7001,1003644,1003645,1679-01-01,1721-12-31,ended
7001,1003644,1003647,1674-01-01,1721-12-31,ended
7001,1003646,1003647,1675-01-01,1716-12-31,ended
7001,1003646,1003649,1675-01-01,1716-12-31,ended
7001,1003648,1003649,1674-01-01,1715-12-31,ended
7001,1003648,1003651,1675-01-01,1711-12-31,ended
7001,1003650,1003651,1680-01-01,1711-12-31,ended
7001,1003650,1003653,1678-01-01,1699-12-31,ended
7001,1003652,1003653,1677-01-01,1699-12-31,ended
7001,1003652,1003655,1678-01-01,1703-12-31,ended
7001,1003654,1003655,1678-01-01,1723-12-31,ended
7001,1003654,1003657,1676-01-01,1696-12-31,ended
7001,1003656,1003657,1678-01-01,1696-12-31,ended
7001,1003656,1003659,1676-01-01,1698-12-31,ended
7001,1003658,1003659,1676-01-01,1698-12-31,ended
7001,1003658,1003661,1677-01-01,1685-12-31,ended
7001,1003660,1003661,1676-01-01,1685-12-31,ended
7001,1003660,1003663,1675-01-01,1697-12-31,ended
7001,1003662,1003663,1674-01-01,1721-12-31,ended
7001,1003662,1003665,1674-01-01,1725-12-31,ended
7001,1003664,1003665,1679-01-01,1725-12-31,ended
7001,1003664,1003667,1674-01-01,1737-12-31,ended
7001,1003666,1003667,1673-01-01,1714-12-31,ended
7001,1003666,1003669,1675-01-01,1714-12-31,ended
7001,1003668,1003669,1676-01-01,1721-12-31,ended
7001,1003668,1003671,1679-01-01,1727-12-31,ended
7001,1003670,1003671,1675-01-01,1697-12-31,ended
7001,1003670,1003673,1675-01-01,1697-12-31,ended
7001,1003672,1003673,1678-01-01,1695-12-31,ended
7001,1003672,1003675,1679-01-01,1691-12-31,ended
7001,1003674,1003675,1678-01-01,1691-12-31,ended
7001,1003674,1003677,1674-01-01,1697-12-31,ended
7001,1003676,1003677,1675-01-01,1722-12-31,ended
7001,1003676,1003679,1674-01-01,1736-12-31,ended
7001,1003678,1003679,1675-01-01,1719-12-31,ended
7001,1003678,1003681,1679-01-01,1719-12-31,ended
7001,1003680,1003681,1677-01-01,1714-12-31,ended
7001,1003680,1003683,1679-01-01,1714-12-31,ended
7001,1003682,1003683,1678-01-01,1690-12-31,ended
7001,1003682,1003685,1676-01-01,1690-12-31,ended
7001,1003684,1003685,1675-01-01,1737-12-31,ended
7001,1003684,1003687,1680-01-01,1698-12-31,ended
7001,1003686,1003687,1677-01-01,1698-12-31,ended
7001,1003686,1003689,1677-01-01,1697-12-31,ended
7001,1003688,1003689,1678-01-01,1697-12-31,ended
7001,1003688,1003691,1678-01-01,1726-12-31,ended
7001,1003690,1003691,1674-01-01,1694-12-31,ended
7001,1003690,1003693,1677-01-01,1694-12-31,ended
7001,1003692,1003693,1680-01-01,1698-12-31,ended
7001,1003692,1003695,1678-01-01,1716-12-31,ended
7001,1003694,1003695,1676-01-01,1716-12-31,ended
7001,1003694,1003697,1678-01-01,1700-12-31,ended
7001,1003696,1003697,1676-01-01,1700-12-31,ended
7001,1003696,1003699,1675-01-01,1738-12-31,ended
7001,1003698,1003699,1677-01-01,1690-12-31,ended
7001,1003698,1003701,1675-01-01,1690-12-31,ended
7001,1003700,1003701,1674-01-01,1756-12-31,ended
7001,1003700,1003703,1679-01-01,1733-12-31,ended
7001,1003702,1003703,1678-01-01,1721-12-31,ended
7001,1003702,1003705,1677-01-01,1721-12-31,ended
7001,1003704,1003705,1680-01-01,1700-12-31,ended
7001,1003704,1003707,1678-01-01,1700-12-31,ended
7001,1003706,1003707,1678-01-01,1728-12-31,ended
7001,1003706,1003709,1679-01-01,1728-12-31,ended
7001,1003708,1003709,1674-01-01,1728-12-31,ended
7001,1003708,1003711,1676-01-01,1730-12-31,ended
7001,1003710,1003711,1676-01-01,1695-12-31,ended
7001,1003710,1003713,1674-01-01,1692-12-31,ended
7001,1003712,1003713,1674-01-01,1690-12-31,ended
7001,1003712,1003715,1676-01-01,1690-12-31,ended
7001,1003714,1003715,1676-01-01,1701-12-31,ended
7001,1003714,1003717,1676-01-01,1691-12-31,ended
7001,1003716,1003717,1677-01-01,1691-12-31,ended
7001,1003716,1003719,1674-01-01,1726-12-31,ended
7001,1003718,1003719,1680-01-01,1720-12-31,ended
7001,1003718,1003721,1677-01-01,1720-12-31,ended
7001,1003720,1003721,1677-01-01,1722-12-31,ended
7001,1003720,1003723,1678-01-01,1713-12-31,ended
7001,1003722,1003723,1674-01-01,1705-12-31,ended
7001,1003722,1003725,1680-01-01,1705-12-31,ended
7001,1003724,1003725,1677-01-01,1707-12-31,ended
7001,1003724,1003727,1675-01-01,1702-12-31,ended
7001,1003726,1003727,1674-01-01,1702-12-31,ended
7001,1003726,1003729,1678-01-01,1695-12-31,ended
7001,1003728,1003729,1676-01-01,1695-12-31,ended
7001,1003728,1003731,1680-01-01,1702-12-31,ended
7001,1003730,1003731,1680-01-01,1702-12-31,ended
7001,1003730,1003733,1678-01-01,1699-12-31,ended
7001,1003732,1003733,1676-01-01,1699-12-31,ended
7001,1003732,1003735,1679-01-01,1709-12-31,ended
7001,1003734,1003735,1674-01-01,1709-12-31,ended
7001,1003734,1003737,1676-01-01,1735-12-31,ended
7001,1003736,1003737,1679-01-01,1713-12-31,ended
7001,1003736,1003739,1676-01-01,1713-12-31,ended
7001,1003738,1003739,1676-01-01,1732-12-31,ended
7001,1003738,1003741,1677-01-01,1714-12-31,ended
7001,1003740,1003741,1674-01-01,1709-12-31,ended
7001,1003740,1003743,1676-01-01,1709-12-31,ended
7001,1003742,1003743,1677-01-01,1709-12-31,ended
7001,1003742,1003745,1674-01-01,1682-12-31,ended
7001,1003744,1003745,1677-01-01,1682-12-31,ended
7001,1003744,1003747,1677-01-01,1717-12-31,ended
7001,1003746,1003747,1677-01-01,1683-12-31,ended
7001,1003746,1003749,1679-01-01,1683-12-31,ended
7001,1003748,1003749,1678-01-01,1678-12-31,ended
7001,1003748,1003751,1674-01-01,1674-12-31,ended
7001,1003750,1003751,1677-01-01,1720-12-31,ended
7001,1003750,1003753,1676-01-01,1704-12-31,ended
7001,1003752,1003753,1678-01-01,1704-12-31,ended
7001,1003752,1003755,1680-01-01,1725-12-31,ended
7001,1003754,1003755,1674-01-01,1709-12-31,ended
7001,1003754,1003757,1680-01-01,1709-12-31,ended
7001,1003756,1003757,1679-01-01,1720-12-31,ended
7001,1003756,1003759,1678-01-01,1698-12-31,ended
7001,1003758,1003759,1678-01-01,1698-12-31,ended
7001,1003758,1003761,1677-01-01,1725-12-31,ended
7001,1003760,1003761,1679-01-01,1714-12-31,ended
7001,1003760,1003763,1675-01-01,1714-12-31,ended
7001,1003762,1003763,1677-01-01,1713-12-31,ended
7001,1003762,1003765,1674-01-01,1690-12-31,ended
7001,1003764,1003765,1675-01-01,1690-12-31,ended
7001,1003764,1003767,1676-01-01,1710-12-31,ended
7001,1003766,1003767,1680-01-01,1710-12-31,ended
7001,1003766,1003769,1678-01-01,1719-12-31,ended
7001,1003768,1003769,1679-01-01,1719-12-31,ended
7001,1003768,1003771,1674-01-01,1720-12-31,ended
7001,1003770,1003771,1679-01-01,1734-12-31,ended
7001,1003770,1003773,1679-01-01,1679-12-31,ended
7001,1003772,1003773,1679-01-01,1679-12-31,ended
7001,1003772,1003775,1680-01-01,1717-12-31,ended
7001,1003774,1003775,1675-01-01,1720-12-31,ended
7001,1003774,1003777,1674-01-01,1694-12-31,ended
7001,1003776,1003777,1676-01-01,1694-12-31,ended
7001,1003776,1003779,1676-01-01,1734-12-31,ended
7001,1003778,1003779,1674-01-01,1718-12-31,ended
7001,1003778,1003781,1678-01-01,1686-12-31,ended
7001,1003780,1003781,1679-01-01,1686-12-31,ended
7001,1003780,1003783,1676-01-01,1759-12-31,ended
7001,1003782,1003783,1675-01-01,1735-12-31,ended
7001,1003782,1003785,1674-01-01,1717-12-31,ended
7001,1003784,1003785,1675-01-01,1683-12-31,ended
7001,1003784,1003787,1676-01-01,1683-12-31,ended
7001,1003786,1003787,1679-01-01,1723-12-31,ended
7001,1003786,1003789,1674-01-01,1698-12-31,ended
7001,1003788,1003789,1676-01-01,1698-12-31,ended
7001,1003788,1003791,1677-01-01,1717-12-31,ended
7001,1003790,1003791,1674-01-01,1708-12-31,ended
7001,1003790,1003793,1679-01-01,1708-12-31,ended
7001,1003792,1003793,1674-01-01,1725-12-31,ended
7001,1003792,1003795,1680-01-01,1725-12-31,ended
7001,1003794,1003795,1676-01-01,1721-12-31,ended
7001,1003794,1003797,1677-01-01,1694-12-31,ended
7001,1003796,1003797,1675-01-01,1694-12-31,ended
7001,1003796,1003799,1678-01-01,1698-12-31,ended
7001,1003798,1003799,1675-01-01,1698-12-31,ended
7001,1003798,1003801,1680-01-01,1719-12-31,ended
7001,1003800,1003801,1677-01-01,1702-12-31,ended
7001,1003800,1003803,1678-01-01,1683-12-31,ended
7001,1003802,1003803,1678-01-01,1683-12-31,ended
7001,1003802,1003805,1679-01-01,1679-12-31,ended
7001,1003804,1003805,1677-01-01,1678-12-31,ended
7001,1003804,1003807,1675-01-01,1717-12-31,ended
7001,1003806,1003807,1679-01-01,1714-12-31,ended
7001,1003806,1003809,1679-01-01,1714-12-31,ended
7001,1003808,1003809,1676-01-01,1722-12-31,ended
7001,1003808,1003811,1674-01-01,1700-12-31,ended
7001,1003810,1003811,1679-01-01,1700-12-31,ended
7001,1003810,1003813,1674-01-01,1726-12-31,ended
7001,1003812,1003813,1675-01-01,1700-12-31,ended
7001,1003812,1003815,1674-01-01,1700-12-31,ended
7001,1003814,1003815,1676-01-01,1695-12-31,ended
7001,1003814,1003817,1677-01-01,1695-12-31,ended
7001,1003816,1003817,1675-01-01,1720-12-31,ended
7001,1003816,1003819,1678-01-01,1701-12-31,ended
7001,1003818,1003819,1678-01-01,1701-12-31,ended
7001,1003818,1003821,1674-01-01,1739-12-31,ended
7001,1003820,1003821,1678-01-01,1705-12-31,ended
7001,1003820,1003823,1674-01-01,1705-12-31,ended
7001,1003822,1003823,1678-01-01,1740-12-31,ended
7001,1003822,1003825,1678-01-01,1707-12-31,ended
7001,1003824,1003825,1674-01-01,1707-12-31,ended
7001,1003824,1003827,1674-01-01,1736-12-31,ended
7001,1003826,1003827,1676-01-01,1692-12-31,ended
7001,1003826,1003829,1680-01-01,1692-12-31,ended
7001,1003828,1003829,1677-01-01,1740-12-31,ended
7001,1003828,1003831,1675-01-01,1730-12-31,ended
7001,1003830,1003831,1679-01-01,1710-12-31,ended
7001,1003830,1003833,1675-01-01,1710-12-31,ended
7001,1003832,1003833,1680-01-01,1722-12-31,ended
7001,1003832,1003835,1680-01-01,1712-12-31,ended
7001,1003834,1003835,1677-01-01,1712-12-31,ended
7001,1003834,1003837,1678-01-01,1725-12-31,ended
7001,1003836,1003837,1676-01-01,1725-12-31,ended
7001,1003836,1003839,1676-01-01,1723-12-31,ended
7001,1003838,1003839,1673-01-01,1698-12-31,ended
7001,1003838,1003841,1679-01-01,1698-12-31,ended
7001,1003840,1003841,1678-01-01,1702-12-31,ended
7001,1003840,1003843,1676-01-01,1702-12-31,ended
7001,1003842,1003843,1674-01-01,1691-12-31,ended
7001,1003842,1003845,1678-01-01,1691-12-31,ended
7001,1003844,1003845,1677-01-01,1694-12-31,ended
7001,1003844,1003847,1677-01-01,1694-12-31,ended
7001,1003846,1003847,1674-01-01,1717-12-31,ended
7001,1003846,1003849,1679-01-01,1679-12-31,ended
7001,1003848,1003849,1679-01-01,1679-12-31,ended
7001,1003848,1003851,1679-01-01,1687-12-31,ended
7001,1003850,1003851,1675-01-01,1721-12-31,ended
7001,1003850,1003853,1677-01-01,1712-12-31,ended
7001,1003852,1003853,1677-01-01,1711-12-31,ended
7001,1003852,1003855,1674-01-01,1711-12-31,ended
7001,1003854,1003855,1675-01-01,1723-12-31,ended
7001,1003854,1003857,1677-01-01,1717-12-31,ended
7001,1003856,1003857,1676-01-01,1711-12-31,ended
7001,1003856,1003859,1674-01-01,1711-12-31,ended
7001,1003858,1003859,1674-01-01,1682-12-31,ended
7001,1003858,1003861,1678-01-01,1682-12-31,ended
7001,1003860,1003861,1679-01-01,1738-12-31,ended
7001,1003860,1003863,1675-01-01,1725-12-31,ended
7001,1003862,1003863,1674-01-01,1725-12-31,ended
7001,1003862,1003865,1677-01-01,1728-12-31,ended
7001,1003864,1003865,1678-01-01,1716-12-31,ended
7001,1003864,1003867,1676-01-01,1714-12-31,ended
7001,1003866,1003867,1677-01-01,1714-12-31,ended
7001,1003866,1003869,1676-01-01,1703-12-31,ended
7001,1003868,1003869,1674-01-01,1703-12-31,ended
7001,1003868,1003871,1680-01-01,1707-12-31,ended
7001,1003870,1003871,1677-01-01,1707-12-31,ended
7001,1003870,1003873,1676-01-01,1709-12-31,ended
7001,1003872,1003873,1680-01-01,1714-12-31,ended
7001,1003872,1003875,1677-01-01,1714-12-31,ended
7001,1003874,1003875,1677-01-01,1744-12-31,ended
7001,1003874,1003877,1675-01-01,1717-12-31,ended
7001,1003876,1003877,1677-01-01,1688-12-31,ended
7001,1003876,1003879,1676-01-01,1688-12-31,ended
7001,1003878,1003879,1675-01-01,1713-12-31,ended
7001,1003878,1003881,1677-01-01,1718-12-31,ended
7001,1003880,1003881,1676-01-01,1698-12-31,ended
7001,1003880,1003883,1677-01-01,1698-12-31,ended
7001,1003882,1003883,1679-01-01,1700-12-31,ended
7001,1003882,1003885,1675-01-01,1700-12-31,ended
7001,1003884,1003885,1679-01-01,1704-12-31,ended
7001,1003884,1003887,1679-01-01,1714-12-31,ended
7001,1003886,1003887,1675-01-01,1714-12-31,ended
7001,1003886,1003889,1674-01-01,1706-12-31,ended
7001,1003888,1003889,1680-01-01,1706-12-31,ended
7001,1003888,1003891,1675-01-01,1725-12-31,ended
7001,1003890,1003891,1673-01-01,1723-12-31,ended
7001,1003890,1003893,1674-01-01,1723-12-31,ended
7001,1003892,1003893,1675-01-01,1706-12-31,ended
7001,1003892,1003895,1677-01-01,1706-12-31,ended
7001,1003894,1003895,1673-01-01,1695-12-31,ended
7001,1003894,1003897,1680-01-01,1695-12-31,ended
7001,1003896,1003897,1677-01-01,1721-12-31,ended
7001,1003896,1003899,1677-01-01,1721-12-31,ended
7001,1003898,1003899,1675-01-01,1720-12-31,ended
7001,1003898,1003901,1676-01-01,1720-12-31,ended
7001,1003900,1003901,1677-01-01,1704-12-31,ended
7001,1003900,1003903,1677-01-01,1704-12-31,ended
7001,1003902,1003903,1678-01-01,1729-12-31,ended
7001,1003902,1003905,1677-01-01,1723-12-31,ended
7001,1003904,1003905,1678-01-01,1723-12-31,ended
7001,1003904,1003907,1674-01-01,1724-12-31,ended
7001,1003906,1003907,1676-01-01,1724-12-31,ended
7001,1003906,1003909,1680-01-01,1714-12-31,ended
7001,1003908,1003909,1676-01-01,1704-12-31,ended
7001,1003908,1003911,1674-01-01,1704-12-31,ended
7001,1003910,1003911,1676-01-01,1733-12-31,ended
7001,1003910,1003913,1680-01-01,1713-12-31,ended
7001,1003912,1003913,1674-01-01,1713-12-31,ended
7001,1003912,1003915,1678-01-01,1725-12-31,ended
7001,1003914,1003915,1675-01-01,1715-12-31,ended
7001,1003914,1003917,1679-01-01,1707-12-31,ended
7001,1003916,1003917,1676-01-01,1690-12-31,ended
7001,1003916,1003919,1679-01-01,1690-12-31,ended
7001,1003918,1003919,1677-01-01,1706-12-31,ended
7001,1003918,1003921,1679-01-01,1730-12-31,ended
7001,1003920,1003921,1679-01-01,1718-12-31,ended
7001,1003920,1003923,1679-01-01,1706-12-31,ended
7001,1003922,1003923,1677-01-01,1706-12-31,ended
7001,1003922,1003925,1677-01-01,1722-12-31,ended
7001,1003924,1003925,1675-01-01,1717-12-31,ended
7001,1003924,1003927,1680-01-01,1712-12-31,ended
7001,1003926,1003927,1679-01-01,1712-12-31,ended
7001,1003926,1003929,1674-01-01,1717-12-31,ended
7001,1003928,1003929,1678-01-01,1720-12-31,ended
7001,1003928,1003931,1677-01-01,1713-12-31,ended
7001,1003930,1003931,1676-01-01,1713-12-31,ended
7001,1003930,1003933,1674-01-01,1681-12-31,ended
7001,1003932,1003933,1674-01-01,1681-12-31,ended
7001,1003932,1003935,1678-01-01,1708-12-31,ended
7001,1003934,1003935,1674-01-01,1713-12-31,ended
7001,1003934,1003937,1679-01-01,1713-12-31,ended
7001,1003936,1003937,1673-01-01,1687-12-31,ended
7001,1003936,1003939,1675-01-01,1687-12-31,ended
7001,1003938,1003939,1676-01-01,1732-12-31,ended
7001,1003938,1003941,1676-01-01,1716-12-31,ended
7001,1003940,1003941,1676-01-01,1701-12-31,ended
7001,1003940,1003943,1675-01-01,1701-12-31,ended
7001,1003942,1003943,1679-01-01,1712-12-31,ended
7001,1003942,1003945,1676-01-01,1712-12-31,ended
7001,1003944,1003945,1676-01-01,1687-12-31,ended
7001,1003944,1003947,1674-01-01,1687-12-31,ended
7001,1003946,1003947,1677-01-01,1693-12-31,ended
7001,1003946,1003949,1674-01-01,1693-12-31,ended
7001,1003948,1003949,1678-01-01,1699-12-31,ended
7001,1003948,1003951,1679-01-01,1699-12-31,ended
7001,1003950,1003951,1680-01-01,1744-12-31,ended
7001,1003950,1003953,1675-01-01,1694-12-31,ended
7001,1003952,1003953,1675-01-01,1694-12-31,ended
7001,1003952,1003955,1675-01-01,1703-12-31,ended
7001,1003954,1003955,1675-01-01,1710-12-31,ended
7001,1003954,1003957,1674-01-01,1686-12-31,ended
7001,1003956,1003957,1678-01-01,1686-12-31,ended
7001,1003956,1003959,1674-01-01,1708-12-31,ended
7001,1003958,1003959,1680-01-01,1708-12-31,ended
7001,1003958,1003961,1679-01-01,1710-12-31,ended
7001,1003960,1003961,1680-01-01,1710-12-31,ended
7001,1003960,1003963,1679-01-01,1699-12-31,ended
7001,1003962,1003963,1676-01-01,1699-12-31,ended
7001,1003962,1003965,1677-01-01,1712-12-31,ended
7001,1003964,1003965,1674-01-01,1687-12-31,ended
7001,1003964,1003967,1677-01-01,1687-12-31,ended
7001,1003966,1003967,1676-01-01,1725-12-31,ended
7001,1003966,1003969,1676-01-01,1725-12-31,ended
7001,1003968,1003969,1676-01-01,1738-12-31,ended
7001,1003968,1003971,1674-01-01,1723-12-31,ended
7001,1003970,1003971,1677-01-01,1719-12-31,ended
7001,1003970,1003973,1679-01-01,1704-12-31,ended
7001,1003972,1003973,1677-01-01,1691-12-31,ended
7001,1003972,1003975,1680-01-01,1691-12-31,ended
7001,1003974,1003975,1679-01-01,1705-12-31,ended
7001,1003974,1003977,1674-01-01,1705-12-31,ended
7001,1003976,1003977,1677-01-01,1706-12-31,ended
7001,1003976,1003979,1674-01-01,1706-12-31,ended
7001,1003978,1003979,1679-01-01,1682-12-31,ended
7001,1003978,1003981,1673-01-01,1682-12-31,ended
7001,1003980,1003981,1676-01-01,1717-12-31,ended
7001,1003980,1003983,1678-01-01,1715-12-31,ended
7001,1003982,1003983,1676-01-01,1713-12-31,ended
7001,1003982,1003985,1674-01-01,1713-12-31,ended
7001,1003984,1003985,1678-01-01,1715-12-31,ended
7001,1003984,1003987,1678-01-01,1717-12-31,ended
7001,1003986,1003987,1672-01-01,1719-12-31,ended
7001,1003986,1003989,1675-01-01,1715-12-31,ended
7001,1003988,1003989,1680-01-01,1715-12-31,ended
7001,1003988,1003991,1676-01-01,1709-12-31,ended
7001,1003990,1003991,1675-01-01,1709-12-31,ended
7001,1003993,1003994,1697-01-01,1711-12-31,ended
7001,1003995,1003996,1694-01-01,1752-12-31,ended
7001,1003997,1003998,1701-01-01,1727-12-31,ended
7001,1003999,1004000,1698-01-01,1723-12-31,ended
7001,1004001,1004002,1698-01-01,1747-12-31,ended
7001,1004003,1004004,1699-01-01,1730-12-31,ended
7001,1004005,1004006,1697-01-01,1720-12-31,ended
7001,1004007,1004008,1697-01-01,1757-12-31,ended
7001,1004009,1004010,1697-01-01,1709-12-31,ended
7001,1004011,1004012,1696-01-01,1735-12-31,ended
7001,1004013,1004014,1697-01-01,1720-12-31,ended
7001,1004015,1004016,1696-01-01,1706-12-31,ended
7001,1004017,1004018,1697-01-01,1743-12-31,ended
7001,1004019,1004020,1699-01-01,1735-12-31,ended
7001,1004021,1004022,1696-01-01,1726-12-31,ended
7001,1004023,1004024,1700-01-01,1751-12-31,ended
7001,1004025,1004026,1699-01-01,1714-12-31,ended
7001,1004027,1004028,1697-01-01,1723-12-31,ended
7001,1004029,1004030,1698-01-01,1740-12-31,ended
7001,1004031,1004032,1701-01-01,1701-12-31,ended
7001,1004033,1004034,1698-01-01,1717-12-31,ended
7001,1004035,1004036,1701-01-01,1717-12-31,ended
7001,1004037,1004038,1697-01-01,1703-12-31,ended
7001,1004039,1004040,1702-01-01,1734-12-31,ended
7001,1004041,1004042,1700-01-01,1743-12-31,ended
7001,1004043,1004044,1701-01-01,1721-12-31,ended
7001,1004045,1004046,1699-01-01,1724-12-31,ended
7001,1004047,1004048,1699-01-01,1709-12-31,ended
7001,1004049,1004050,1698-01-01,1731-12-31,ended
7001,1004051,1004052,1700-01-01,1711-12-31,ended
7001,1004053,1004054,1696-01-01,1741-12-31,ended
7001,1004055,1004056,1696-01-01,1719-12-31,ended
7001,1004057,1004058,1700-01-01,1755-12-31,ended
7001,1004059,1004060,1702-01-01,1725-12-31,ended
7001,1004061,1004062,1697-01-01,1716-12-31,ended
7001,1004063,1004064,1701-01-01,1767-12-31,ended
7001,1004065,1004066,1696-01-01,1734-12-31,ended
7001,1004067,1004068,1699-01-01,1744-12-31,ended
7001,1004069,1004070,1700-01-01,1700-12-31,ended
7001,1004071,1004072,1698-01-01,1747-12-31,ended
7001,1004073,1004074,1697-01-01,1737-12-31,ended
7001,1004075,1004076,1700-01-01,1733-12-31,ended
7001,1004077,1004078,1696-01-01,1728-12-31,ended
7001,1004079,1004080,1696-01-01,1718-12-31,ended
7001,1004081,1004082,1702-01-01,1746-12-31,ended
7001,1004083,1004084,1699-01-01,1714-12-31,ended
7001,1004085,1004086,1699-01-01,1712-12-31,ended
7001,1004087,1004088,1698-01-01,1730-12-31,ended
7001,1004089,1004090,1697-01-01,1707-12-31,ended
7001,1004091,1004092,1699-01-01,1731-12-31,ended
7001,1004093,1004094,1699-01-01,1751-12-31,ended
7001,1004095,1004096,1697-01-01,1721-12-31,ended
7001,1004097,1004098,1699-01-01,1736-12-31,ended
7001,1004099,1004100,1699-01-01,1736-12-31,ended
7001,1004101,1004102,1698-01-01,1707-12-31,ended
7001,1004103,1004104,1701-01-01,1731-12-31,ended
7001,1004105,1004106,1696-01-01,1759-12-31,ended
7001,1004107,1004108,1697-01-01,1705-12-31,ended
7001,1004109,1004110,1696-01-01,1763-12-31,ended
7001,1004111,1004112,1699-01-01,1757-12-31,ended
7001,1004113,1004114,1699-01-01,1715-12-31,ended
7001,1004115,1004116,1701-01-01,1735-12-31,ended
7001,1004117,1004118,1697-01-01,1744-12-31,ended
7001,1004119,1004120,1697-01-01,1714-12-31,ended
7001,1004121,1004122,1701-01-01,1724-12-31,ended
7001,1004123,1004124,1696-01-01,1749-12-31,ended
7001,1004125,1004126,1697-01-01,1728-12-31,ended
7001,1004127,1004128,1702-01-01,1758-12-31,ended
7001,1004129,1004130,1696-01-01,1723-12-31,ended
7001,1004131,1004132,1697-01-01,1714-12-31,ended
7001,1004133,1004134,1696-01-01,1764-12-31,ended
7001,1004135,1004136,1696-01-01,1730-12-31,ended
7001,1004137,1004138,1699-01-01,1727-12-31,ended
7001,1004139,1004140,1698-01-01,1740-12-31,ended
7001,1004141,1004142,1699-01-01,1728-12-31,ended
7001,1004143,1004144,1695-01-01,1726-12-31,ended
7001,1004145,1004146,1697-01-01,1722-12-31,ended
7001,1004147,1004148,1699-01-01,1750-12-31,ended
7001,1004149,1004150,1698-01-01,1762-12-31,ended
7001,1004151,1004152,1696-01-01,1765-12-31,ended
7001,1004153,1004154,1696-01-01,1714-12-31,ended
7001,1004155,1004156,1696-01-01,1731-12-31,ended
7001,1004157,1004158,1698-01-01,1722-12-31,ended
7001,1004159,1004160,1698-01-01,1738-12-31,ended
7001,1004161,1004162,1699-01-01,1726-12-31,ended
7001,1004163,1004164,1702-01-01,1746-12-31,ended
7001,1004165,1004166,1698-01-01,1730-12-31,ended
7001,1004167,1004168,1697-01-01,1714-12-31,ended
7001,1004169,1004170,1700-01-01,1709-12-31,ended
7001,1004171,1004172,1699-01-01,1728-12-31,ended
7001,1004173,1004174,1698-01-01,1711-12-31,ended
7001,1004175,1004176,1698-01-01,1745-12-31,ended
7001,1004177,1004178,1696-01-01,1724-12-31,ended
7001,1004179,1004180,1701-01-01,1717-12-31,ended
7001,1004181,1004182,1702-01-01,1730-12-31,ended
7001,1004183,1004184,1699-01-01,1719-12-31,ended
7001,1004185,1004186,1701-01-01,1707-12-31,ended
7001,1004187,1004188,1697-01-01,1740-12-31,ended
7001,1004189,1004190,1697-01-01,1709-12-31,ended
7001,1004191,1004192,1698-01-01,1759-12-31,ended
7001,1004193,1004194,1701-01-01,1716-12-31,ended
7001,1004195,1004196,1696-01-01,1700-12-31,ended
7001,1004197,1004198,1694-01-01,1741-12-31,ended
7001,1004199,1004200,1697-01-01,1743-12-31,ended
7001,1004201,1004202,1702-01-01,1711-12-31,ended
7001,1004203,1004204,1696-01-01,1715-12-31,ended
7001,1004205,1004206,1699-01-01,1716-12-31,ended
7001,1004207,1004208,1700-01-01,1714-12-31,ended
7001,1004209,1004210,1698-01-01,1757-12-31,ended
7001,1004211,1004212,1698-01-01,1712-12-31,ended
7001,1004213,1004214,1700-01-01,1732-12-31,ended
7001,1004215,1004216,1701-01-01,1735-12-31,ended
7001,1004217,1004218,1697-01-01,1733-12-31,ended
7001,1004219,1004220,1700-01-01,1721-12-31,ended
7001,1004221,1004222,1698-01-01,1712-12-31,ended
7001,1004223,1004224,1699-01-01,1733-12-31,ended
7001,1004225,1004226,1696-01-01,1726-12-31,ended
7001,1004227,1004228,1697-01-01,1734-12-31,ended
7001,1004229,1004230,1700-01-01,1727-12-31,ended
7001,1004231,1004232,1702-01-01,1732-12-31,ended
7001,1004233,1004234,1700-01-01,1728-12-31,ended
7001,1004235,1004236,1701-01-01,1743-12-31,ended
7001,1004237,1004238,1700-01-01,1730-12-31,ended
7001,1004239,1004240,1701-01-01,1748-12-31,ended
7001,1004241,1004242,1698-01-01,1727-12-31,ended
7001,1004243,1004244,1700-01-01,1736-12-31,ended
7001,1004245,1004246,1701-01-01,1729-12-31,ended
7001,1004247,1004248,1698-01-01,1716-12-31,ended
7001,1004249,1004250,1701-01-01,1731-12-31,ended
7001,1004251,1004252,1696-01-01,1732-12-31,ended
7001,1004253,1004254,1702-01-01,1747-12-31,ended
7001,1004255,1004256,1697-01-01,1752-12-31,ended
7001,1004257,1004258,1697-01-01,1719-12-31,ended
7001,1004259,1004260,1702-01-01,1713-12-31,ended
7001,1004261,1004262,1699-01-01,1744-12-31,ended
7001,1004263,1004264,1699-01-01,1721-12-31,ended
7001,1004265,1004266,1701-01-01,1730-12-31,ended
7001,1004267,1004268,1702-01-01,1724-12-31,ended
7001,1004269,1004270,1699-01-01,1724-12-31,ended
7001,1004271,1004272,1701-01-01,1746-12-31,ended
7001,1004273,1004274,1697-01-01,1727-12-31,ended
7001,1004275,1004276,1697-01-01,1743-12-31,ended
7001,1004277,1004278,1699-01-01,1736-12-31,ended
7001,1004279,1004280,1696-01-01,1745-12-31,ended
7001,1004281,1004282,1696-01-01,1763-12-31,ended
7001,1004283,1004284,1698-01-01,1730-12-31,ended
7001,1004285,1004286,1700-01-01,1713-12-31,ended
7001,1004287,1004288,1696-01-01,1737-12-31,ended
7001,1004289,1004290,1696-01-01,1719-12-31,ended
7001,1004291,1004292,1699-01-01,1744-12-31,ended
7001,1004293,1004294,1699-01-01,1755-12-31,ended
7001,1004295,1004296,1698-01-01,1731-12-31,ended
7001,1004297,1004298,1697-01-01,1746-12-31,ended
7001,1004299,1004300,1699-01-01,1747-12-31,ended
7001,1004301,1004302,1699-01-01,1709-12-31,ended
7001,1004303,1004304,1696-01-01,1737-12-31,ended
7001,1004305,1004306,1698-01-01,1768-12-31,ended
7001,1004307,1004308,1700-01-01,1712-12-31,ended
7001,1004309,1004310,1699-01-01,1721-12-31,ended
7001,1004311,1004312,1699-01-01,1728-12-31,ended
7001,1004313,1004314,1699-01-01,1732-12-31,ended
7001,1004315,1004316,1699-01-01,1735-12-31,ended
7001,1004317,1004318,1699-01-01,1768-12-31,ended
7001,1004319,1004320,1700-01-01,1720-12-31,ended
7001,1004321,1004322,1698-01-01,1738-12-31,ended
7001,1004323,1004324,1699-01-01,1747-12-31,ended
7001,1004325,1004326,1697-01-01,1737-12-31,ended
7001,1004327,1004328,1698-01-01,1752-12-31,ended
7001,1004329,1004330,1698-01-01,1755-12-31,ended
7001,1004331,1004332,1697-01-01,1740-12-31,ended
7001,1004333,1004334,1699-01-01,1712-12-31,ended
7001,1004335,1004336,1696-01-01,1718-12-31,ended
7001,1004337,1004338,1696-01-01,1708-12-31,ended
7001,1004339,1004340,1696-01-01,1738-12-31,ended
7001,1004341,1004342,1698-01-01,1739-12-31,ended
7001,1004343,1004344,1701-01-01,1738-12-31,ended
7001,1004345,1004346,1696-01-01,1706-12-31,ended
7001,1004347,1004348,1695-01-01,1738-12-31,ended
7001,1004349,1004350,1701-01-01,1719-12-31,ended
7001,1004351,1004352,1701-01-01,1741-12-31,ended
7001,1004353,1004354,1695-01-01,1739-12-31,ended
7001,1004355,1004356,1701-01-01,1735-12-31,ended
7001,1004357,1004358,1702-01-01,1712-12-31,ended
7001,1004359,1004360,1699-01-01,1752-12-31,ended
7001,1004361,1004362,1698-01-01,1748-12-31,ended
7001,1004363,1004364,1702-01-01,1708-12-31,ended
7001,1004365,1004366,1698-01-01,1745-12-31,ended
7001,1004367,1004368,1701-01-01,1723-12-31,ended
7001,1004369,1004370,1697-01-01,1710-12-31,ended
7001,1004371,1004372,1696-01-01,1721-12-31,ended
7001,1004373,1004374,1696-01-01,1704-12-31,ended
7001,1004375,1004376,1699-01-01,1750-12-31,ended
7001,1004377,1004378,1700-01-01,1728-12-31,ended
7001,1004379,1004380,1696-01-01,1700-12-31,ended
7001,1004381,1004382,1698-01-01,1743-12-31,ended
7001,1004383,1004384,1696-01-01,1712-12-31,ended
7001,1004385,1004386,1698-01-01,1723-12-31,ended
7001,1004387,1004388,1697-01-01,1730-12-31,ended
7001,1004389,1004390,1696-01-01,1719-12-31,ended
7001,1004391,1004392,1696-01-01,1707-12-31,ended
7001,1004393,1004394,1699-01-01,1760-12-31,ended
7001,1004395,1004396,1701-01-01,1773-12-31,ended
7001,1004397,1004398,1696-01-01,1712-12-31,ended
7001,1004399,1004400,1696-01-01,1741-12-31,ended
7001,1004401,1004402,1696-01-01,1736-12-31,ended
7001,1004403,1004404,1697-01-01,1721-12-31,ended
7001,1004405,1004406,1700-01-01,1751-12-31,ended
7001,1004407,1004408,1698-01-01,1736-12-31,ended
7001,1004409,1004410,1697-01-01,1738-12-31,ended
7001,1004411,1004412,1702-01-01,1719-12-31,ended
7001,1004413,1004414,1697-01-01,1724-12-31,ended
7001,1004415,1004416,1697-01-01,1729-12-31,ended
7001,1004417,1004418,1700-01-01,1744-12-31,ended
7001,1004419,1004420,1699-01-01,1739-12-31,ended
7001,1004421,1004422,1697-01-01,1724-12-31,ended
7001,1004423,1004424,1699-01-01,1726-12-31,ended
7001,1004425,1004426,1701-01-01,1731-12-31,ended
7001,1004427,1004428,1699-01-01,1720-12-31,ended
7001,1004429,1004430,1699-01-01,1717-12-31,ended
7001,1004431,1004432,1697-01-01,1736-12-31,ended
7001,1004433,1004434,1702-01-01,1769-12-31,ended
7001,1004435,1004436,1699-01-01,1729-12-31,ended
7001,1004437,1004438,1696-01-01,1733-12-31,ended
7001,1004439,1004440,1697-01-01,1756-12-31,ended
7001,1004441,1004442,1697-01-01,1717-12-31,ended
7001,1004443,1004444,1700-01-01,1748-12-31,ended
7001,1004445,1004446,1700-01-01,1756-12-31,ended
7001,1004447,1004448,1697-01-01,1724-12-31,ended
7001,1004449,1004450,1698-01-01,1716-12-31,ended
7001,1004451,1004452,1701-01-01,1732-12-31,ended
7001,1004453,1004454,1696-01-01,1755-12-31,ended
7001,1004455,1004456,1699-01-01,1748-12-31,ended
7001,1004457,1004458,1696-01-01,1710-12-31,ended
7001,1004459,1004460,1697-01-01,1744-12-31,ended
7001,1004461,1004462,1696-01-01,1753-12-31,ended
7001,1004463,1004464,1719-01-01,1768-12-31,ended
7001,1004463,1004466,1718-01-01,1754-12-31,ended
7001,1004464,1004903,1718-01-01,1768-12-31,ended
7001,1004465,1004466,1719-01-01,1754-12-31,ended
7001,1004465,1004468,1719-01-01,1754-12-31,ended
7001,1004467,1004468,1720-01-01,1777-12-31,ended
7001,1004467,1004470,1719-01-01,1777-12-31,ended
7001,1004469,1004470,1718-01-01,1770-12-31,ended
7001,1004469,1004472,1718-01-01,1751-12-31,ended
7001,1004471,1004472,1717-01-01,1751-12-31,ended
7001,1004471,1004474,1718-01-01,1753-12-31,ended
7001,1004473,1004474,1716-01-01,1753-12-31,ended
7001,1004473,1004476,1720-01-01,1767-12-31,ended
7001,1004475,1004476,1722-01-01,1790-12-31,ended
7001,1004475,1004478,1722-01-01,1787-12-31,ended
7001,1004477,1004478,1722-01-01,1783-12-31,ended
7001,1004477,1004480,1718-01-01,1727-12-31,ended
7001,1004479,1004480,1723-01-01,1727-12-31,ended
7001,1004479,1004482,1720-01-01,1745-12-31,ended
7001,1004481,1004482,1719-01-01,1745-12-31,ended
7001,1004481,1004484,1722-01-01,1767-12-31,ended
7001,1004483,1004484,1721-01-01,1760-12-31,ended
7001,1004483,1004486,1723-01-01,1760-12-31,ended
7001,1004485,1004486,1720-01-01,1757-12-31,ended
7001,1004485,1004488,1720-01-01,1757-12-31,ended
7001,1004487,1004488,1721-01-01,1768-12-31,ended
7001,1004487,1004490,1721-01-01,1776-12-31,ended
7001,1004489,1004490,1718-01-01,1767-12-31,ended
7001,1004489,1004492,1718-01-01,1767-12-31,ended
7001,1004491,1004492,1723-01-01,1746-12-31,ended
7001,1004491,1004494,1719-01-01,1746-12-31,ended
7001,1004493,1004494,1716-01-01,1761-12-31,ended
7001,1004493,1004496,1724-01-01,1761-12-31,ended
7001,1004495,1004496,1722-01-01,1749-12-31,ended
7001,1004495,1004498,1721-01-01,1749-12-31,ended
7001,1004497,1004498,1722-01-01,1773-12-31,ended
7001,1004497,1004500,1720-01-01,1773-12-31,ended
7001,1004499,1004500,1720-01-01,1736-12-31,ended
7001,1004499,1004502,1721-01-01,1736-12-31,ended
7001,1004501,1004502,1720-01-01,1757-12-31,ended
7001,1004501,1004504,1719-01-01,1757-12-31,ended
7001,1004503,1004504,1721-01-01,1758-12-31,ended
7001,1004503,1004506,1720-01-01,1783-12-31,ended
7001,1004505,1004506,1721-01-01,1761-12-31,ended
7001,1004505,1004508,1718-01-01,1761-12-31,ended
7001,1004507,1004508,1719-01-01,1759-12-31,ended
7001,1004507,1004510,1719-01-01,1759-12-31,ended
7001,1004509,1004510,1723-01-01,1745-12-31,ended
7001,1004509,1004512,1723-01-01,1745-12-31,ended
7001,1004511,1004512,1719-01-01,1762-12-31,ended
7001,1004511,1004514,1717-01-01,1757-12-31,ended
7001,1004513,1004514,1723-01-01,1740-12-31,ended
7001,1004513,1004516,1722-01-01,1734-12-31,ended
7001,1004515,1004516,1724-01-01,1734-12-31,ended
7001,1004515,1004518,1724-01-01,1766-12-31,ended
7001,1004517,1004518,1724-01-01,1763-12-31,ended
7001,1004517,1004520,1719-01-01,1726-12-31,ended
7001,1004519,1004520,1719-01-01,1726-12-31,ended
7001,1004519,1004522,1720-01-01,1772-12-31,ended
7001,1004521,1004522,1724-01-01,1768-12-31,ended
7001,1004521,1004524,1720-01-01,1768-12-31,ended
7001,1004523,1004524,1718-01-01,1780-12-31,ended
7001,1004523,1004526,1718-01-01,1752-12-31,ended
7001,1004525,1004526,1724-01-01,1735-12-31,ended
7001,1004525,1004528,1723-01-01,1735-12-31,ended
7001,1004527,1004528,1718-01-01,1722-12-31,ended
7001,1004527,1004530,1718-01-01,1722-12-31,ended
7001,1004529,1004530,1721-01-01,1737-12-31,ended
7001,1004529,1004532,1718-01-01,1737-12-31,ended
7001,1004531,1004532,1721-01-01,1771-12-31,ended
7001,1004531,1004534,1719-01-01,1756-12-31,ended
7001,1004533,1004534,1723-01-01,1747-12-31,ended
7001,1004533,1004536,1718-01-01,1747-12-31,ended
7001,1004535,1004536,1720-01-01,1758-12-31,ended
7001,1004535,1004538,1719-01-01,1751-12-31,ended
7001,1004537,1004538,1721-01-01,1750-12-31,ended
7001,1004537,1004540,1720-01-01,1750-12-31,ended
7001,1004539,1004540,1719-01-01,1768-12-31,ended
7001,1004539,1004542,1720-01-01,1743-12-31,ended
7001,1004541,1004542,1717-01-01,1743-12-31,ended
7001,1004541,1004544,1720-01-01,1753-12-31,ended
7001,1004543,1004544,1719-01-01,1776-12-31,ended
7001,1004543,1004546,1720-01-01,1731-12-31,ended
7001,1004545,1004546,1718-01-01,1731-12-31,ended
7001,1004545,1004548,1723-01-01,1756-12-31,ended
7001,1004547,1004548,1719-01-01,1762-12-31,ended
7001,1004547,1004550,1718-01-01,1754-12-31,ended
7001,1004549,1004550,1724-01-01,1754-12-31,ended
7001,1004549,1004552,1718-01-01,1767-12-31,ended
7001,1004551,1004552,1720-01-01,1785-12-31,ended
7001,1004551,1004554,1723-01-01,1785-12-31,ended
7001,1004553,1004554,1718-01-01,1780-12-31,ended
7001,1004553,1004556,1721-01-01,1770-12-31,ended
7001,1004555,1004556,1719-01-01,1770-12-31,ended
7001,1004555,1004558,1723-01-01,1760-12-31,ended
7001,1004557,1004558,1718-01-01,1757-12-31,ended
7001,1004557,1004560,1718-01-01,1757-12-31,ended
7001,1004559,1004560,1720-01-01,1773-12-31,ended
7001,1004559,1004562,1718-01-01,1759-12-31,ended
7001,1004561,1004562,1724-01-01,1759-12-31,ended
7001,1004561,1004564,1724-01-01,1771-12-31,ended
7001,1004563,1004564,1720-01-01,1771-12-31,ended
7001,1004563,1004566,1718-01-01,1739-12-31,ended
7001,1004565,1004566,1724-01-01,1739-12-31,ended
7001,1004565,1004568,1721-01-01,1782-12-31,ended
7001,1004567,1004568,1721-01-01,1765-12-31,ended
7001,1004567,1004570,1719-01-01,1765-12-31,ended
7001,1004569,1004570,1719-01-01,1769-12-31,ended
7001,1004569,1004572,1718-01-01,1750-12-31,ended
7001,1004571,1004572,1717-01-01,1750-12-31,ended
7001,1004571,1004574,1720-01-01,1782-12-31,ended
7001,1004573,1004574,1718-01-01,1762-12-31,ended
7001,1004573,1004576,1721-01-01,1756-12-31,ended
7001,1004575,1004576,1718-01-01,1756-12-31,ended
7001,1004575,1004578,1718-01-01,1770-12-31,ended
7001,1004577,1004578,1721-01-01,1756-12-31,ended
7001,1004577,1004580,1724-01-01,1756-12-31,ended
7001,1004579,1004580,1717-01-01,1742-12-31,ended
7001,1004579,1004582,1718-01-01,1742-12-31,ended
7001,1004581,1004582,1723-01-01,1776-12-31,ended
7001,1004581,1004584,1720-01-01,1752-12-31,ended
7001,1004583,1004584,1721-01-01,1752-12-31,ended
7001,1004583,1004586,1724-01-01,1780-12-31,ended
7001,1004585,1004586,1721-01-01,1755-12-31,ended
7001,1004585,1004588,1722-01-01,1755-12-31,ended
7001,1004587,1004588,1721-01-01,1746-12-31,ended
7001,1004587,1004590,1718-01-01,1746-12-31,ended
7001,1004589,1004590,1721-01-01,1752-12-31,ended
7001,1004589,1004592,1721-01-01,1751-12-31,ended
7001,1004591,1004592,1720-01-01,1751-12-31,ended
7001,1004591,1004594,1720-01-01,1775-12-31,ended
7001,1004593,1004594,1719-01-01,1775-12-31,ended
7001,1004593,1004596,1721-01-01,1783-12-31,ended
7001,1004595,1004596,1723-01-01,1756-12-31,ended
7001,1004595,1004598,1718-01-01,1747-12-31,ended
7001,1004597,1004598,1721-01-01,1747-12-31,ended
7001,1004597,1004600,1720-01-01,1765-12-31,ended
7001,1004599,1004600,1718-01-01,1767-12-31,ended
7001,1004599,1004602,1718-01-01,1767-12-31,ended
7001,1004601,1004602,1723-01-01,1756-12-31,ended
7001,1004601,1004604,1719-01-01,1756-12-31,ended
7001,1004603,1004604,1719-01-01,1779-12-31,ended
7001,1004603,1004606,1718-01-01,1767-12-31,ended
7001,1004605,1004606,1720-01-01,1752-12-31,ended
7001,1004605,1004608,1722-01-01,1744-12-31,ended
7001,1004607,1004608,1719-01-01,1744-12-31,ended
7001,1004607,1004610,1719-01-01,1740-12-31,ended
7001,1004609,1004610,1719-01-01,1740-12-31,ended
7001,1004609,1004612,1719-01-01,1772-12-31,ended
7001,1004611,1004612,1718-01-01,1790-12-31,ended
7001,1004611,1004614,1720-01-01,1757-12-31,ended
7001,1004613,1004614,1724-01-01,1757-12-31,ended
7001,1004613,1004616,1720-01-01,1741-12-31,ended
7001,1004615,1004616,1719-01-01,1741-12-31,ended
7001,1004615,1004618,1717-01-01,1749-12-31,ended
7001,1004617,1004618,1719-01-01,1761-12-31,ended
7001,1004617,1004620,1722-01-01,1742-12-31,ended
7001,1004619,1004620,1721-01-01,1742-12-31,ended
7001,1004619,1004622,1719-01-01,1742-12-31,ended
7001,1004621,1004622,1718-01-01,1728-12-31,ended
7001,1004621,1004624,1722-01-01,1728-12-31,ended
7001,1004623,1004624,1718-01-01,1756-12-31,ended
7001,1004623,1004626,1721-01-01,1776-12-31,ended
7001,1004625,1004626,1720-01-01,1761-12-31,ended
7001,1004625,1004628,1723-01-01,1749-12-31,ended
7001,1004627,1004628,1719-01-01,1749-12-31,ended
7001,1004627,1004630,1717-01-01,1766-12-31,ended
7001,1004629,1004630,1721-01-01,1772-12-31,ended
7001,1004629,1004632,1722-01-01,1725-12-31,ended
7001,1004631,1004632,1719-01-01,1725-12-31,ended
7001,1004631,1004634,1723-01-01,1790-12-31,ended
7001,1004633,1004634,1721-01-01,1746-12-31,ended
7001,1004633,1004636,1720-01-01,1724-12-31,ended
7001,1004635,1004636,1718-01-01,1724-12-31,ended
7001,1004635,1004638,1719-01-01,1724-12-31,ended
7001,1004637,1004638,1720-01-01,1753-12-31,ended
7001,1004637,1004640,1718-01-01,1753-12-31,ended
7001,1004639,1004640,1722-01-01,1786-12-31,ended
7001,1004639,1004642,1719-01-01,1787-12-31,ended
7001,1004641,1004642,1720-01-01,1755-12-31,ended
7001,1004641,1004644,1721-01-01,1738-12-31,ended
7001,1004643,1004644,1720-01-01,1738-12-31,ended
7001,1004643,1004646,1719-01-01,1775-12-31,ended
7001,1004645,1004646,1722-01-01,1775-12-31,ended
7001,1004645,1004648,1721-01-01,1730-12-31,ended
7001,1004647,1004648,1719-01-01,1730-12-31,ended
7001,1004647,1004650,1721-01-01,1776-12-31,ended
7001,1004649,1004650,1720-01-01,1786-12-31,ended
7001,1004649,1004652,1719-01-01,1771-12-31,ended
7001,1004651,1004652,1719-01-01,1759-12-31,ended
7001,1004651,1004654,1720-01-01,1759-12-31,ended
7001,1004653,1004654,1719-01-01,1731-12-31,ended
7001,1004653,1004656,1718-01-01,1731-12-31,ended
7001,1004655,1004656,1721-01-01,1776-12-31,ended
7001,1004655,1004658,1721-01-01,1735-12-31,ended
7001,1004657,1004658,1721-01-01,1735-12-31,ended
7001,1004657,1004660,1724-01-01,1742-12-31,ended
7001,1004659,1004660,1722-01-01,1730-12-31,ended
7001,1004659,1004662,1722-01-01,1730-12-31,ended
7001,1004661,1004662,1720-01-01,1744-12-31,ended
7001,1004661,1004664,1724-01-01,1744-12-31,ended
7001,1004663,1004664,1720-01-01,1738-12-31,ended
7001,1004663,1004666,1718-01-01,1738-12-31,ended
7001,1004665,1004666,1721-01-01,1746-12-31,ended
7001,1004665,1004668,1720-01-01,1746-12-31,ended
7001,1004667,1004668,1720-01-01,1758-12-31,ended
7001,1004667,1004670,1720-01-01,1780-12-31,ended
7001,1004669,1004670,1721-01-01,1761-12-31,ended
7001,1004669,1004672,1718-01-01,1732-12-31,ended
7001,1004671,1004672,1721-01-01,1732-12-31,ended
7001,1004671,1004674,1721-01-01,1759-12-31,ended
7001,1004673,1004674,1723-01-01,1752-12-31,ended
7001,1004673,1004676,1718-01-01,1752-12-31,ended
7001,1004675,1004676,1718-01-01,1739-12-31,ended
7001,1004675,1004678,1721-01-01,1739-12-31,ended
7001,1004677,1004678,1718-01-01,1763-12-31,ended
7001,1004677,1004680,1722-01-01,1763-12-31,ended
7001,1004679,1004680,1719-01-01,1765-12-31,ended
7001,1004679,1004682,1723-01-01,1735-12-31,ended
7001,1004681,1004682,1718-01-01,1735-12-31,ended
7001,1004681,1004684,1720-01-01,1743-12-31,ended
7001,1004683,1004684,1722-01-01,1755-12-31,ended
7001,1004683,1004686,1721-01-01,1770-12-31,ended
7001,1004685,1004686,1718-01-01,1736-12-31,ended
7001,1004685,1004688,1718-01-01,1736-12-31,ended
7001,1004687,1004688,1721-01-01,1774-12-31,ended
7001,1004687,1004690,1720-01-01,1781-12-31,ended
7001,1004689,1004690,1724-01-01,1748-12-31,ended
7001,1004689,1004692,1720-01-01,1748-12-31,ended
7001,1004691,1004692,1722-01-01,1792-12-31,ended
7001,1004691,1004694,1721-01-01,1759-12-31,ended
7001,1004693,1004694,1722-01-01,1734-12-31,ended
7001,1004693,1004696,1720-01-01,1734-12-31,ended
7001,1004695,1004696,1719-01-01,1729-12-31,ended
7001,1004695,1004698,1720-01-01,1729-12-31,ended
7001,1004697,1004698,1722-01-01,1768-12-31,ended
7001,1004697,1004700,1720-01-01,1768-12-31,ended
7001,1004699,1004700,1723-01-01,1731-12-31,ended
7001,1004699,1004702,1719-01-01,1731-12-31,ended
7001,1004701,1004702,1719-01-01,1736-12-31,ended
7001,1004701,1004704,1718-01-01,1736-12-31,ended
7001,1004703,1004704,1718-01-01,1767-12-31,ended
7001,1004703,1004706,1718-01-01,1741-12-31,ended
7001,1004705,1004706,1723-01-01,1732-12-31,ended
7001,1004705,1004708,1719-01-01,1732-12-31,ended
7001,1004707,1004708,1721-01-01,1774-12-31,ended
7001,1004707,1004710,1718-01-01,1768-12-31,ended
7001,1004709,1004710,1718-01-01,1768-12-31,ended
7001,1004709,1004712,1718-01-01,1757-12-31,ended
7001,1004711,1004712,1718-01-01,1757-12-31,ended
7001,1004711,1004714,1721-01-01,1771-12-31,ended
7001,1004713,1004714,1722-01-01,1771-12-31,ended
7001,1004713,1004716,1718-01-01,1776-12-31,ended
7001,1004715,1004716,1715-01-01,1756-12-31,ended
7001,1004715,1004718,1718-01-01,1756-12-31,ended
7001,1004717,1004718,1717-01-01,1775-12-31,ended
7001,1004717,1004720,1721-01-01,1764-12-31,ended
7001,1004719,1004720,1722-01-01,1752-12-31,ended
7001,1004719,1004722,1720-01-01,1752-12-31,ended
7001,1004721,1004722,1717-01-01,1755-12-31,ended
7001,1004721,1004724,1717-01-01,1766-12-31,ended
7001,1004723,1004724,1719-01-01,1768-12-31,ended
7001,1004723,1004726,1720-01-01,1768-12-31,ended
7001,1004725,1004726,1724-01-01,1764-12-31,ended
7001,1004725,1004728,1720-01-01,1748-12-31,ended
7001,1004727,1004728,1719-01-01,1748-12-31,ended
7001,1004727,1004730,1718-01-01,1741-12-31,ended
7001,1004729,1004730,1721-01-01,1741-12-31,ended
7001,1004729,1004732,1721-01-01,1756-12-31,ended
7001,1004731,1004732,1721-01-01,1762-12-31,ended
7001,1004731,1004734,1723-01-01,1768-12-31,ended
7001,1004733,1004734,1718-01-01,1719-12-31,ended
7001,1004733,1004736,1722-01-01,1722-12-31,ended
7001,1004735,1004736,1723-01-01,1762-12-31,ended
7001,1004735,1004738,1718-01-01,1735-12-31,ended
7001,1004737,1004738,1719-01-01,1735-12-31,ended
7001,1004737,1004740,1719-01-01,1744-12-31,ended
7001,1004739,1004740,1719-01-01,1749-12-31,ended
7001,1004739,1004742,1722-01-01,1761-12-31,ended
7001,1004741,1004742,1724-01-01,1759-12-31,ended
7001,1004741,1004744,1721-01-01,1742-12-31,ended
7001,1004743,1004744,1724-01-01,1742-12-31,ended
7001,1004743,1004746,1719-01-01,1773-12-31,ended
7001,1004745,1004746,1719-01-01,1773-12-31,ended
7001,1004745,1004748,1719-01-01,1767-12-31,ended
7001,1004747,1004748,1719-01-01,1738-12-31,ended
7001,1004747,1004750,1723-01-01,1738-12-31,ended
7001,1004749,1004750,1723-01-01,1739-12-31,ended
7001,1004749,1004752,1721-01-01,1739-12-31,ended
7001,1004751,1004752,1719-01-01,1777-12-31,ended
7001,1004751,1004754,1721-01-01,1747-12-31,ended
7001,1004753,1004754,1718-01-01,1747-12-31,ended
7001,1004753,1004756,1718-01-01,1770-12-31,ended
7001,1004755,1004756,1719-01-01,1778-12-31,ended
7001,1004755,1004758,1720-01-01,1766-12-31,ended
7001,1004757,1004758,1724-01-01,1766-12-31,ended
7001,1004757,1004760,1719-01-01,1792-12-31,ended
7001,1004759,1004760,1722-01-01,1753-12-31,ended
7001,1004759,1004762,1720-01-01,1753-12-31,ended
7001,1004761,1004762,1723-01-01,1778-12-31,ended
7001,1004761,1004764,1719-01-01,1771-12-31,ended
7001,1004763,1004764,1720-01-01,1771-12-31,ended
7001,1004763,1004766,1722-01-01,1770-12-31,ended
7001,1004765,1004766,1723-01-01,1759-12-31,ended
7001,1004765,1004768,1719-01-01,1747-12-31,ended
7001,1004767,1004768,1718-01-01,1747-12-31,ended
7001,1004767,1004770,1720-01-01,1767-12-31,ended
7001,1004769,1004770,1717-01-01,1767-12-31,ended
7001,1004769,1004772,1721-01-01,1771-12-31,ended
7001,1004771,1004772,1721-01-01,1771-12-31,ended
7001,1004771,1004774,1718-01-01,1751-12-31,ended
7001,1004773,1004774,1720-01-01,1751-12-31,ended
7001,1004773,1004776,1721-01-01,1771-12-31,ended
7001,1004775,1004776,1720-01-01,1758-12-31,ended
7001,1004775,1004778,1721-01-01,1758-12-31,ended
7001,1004777,1004778,1718-01-01,1778-12-31,ended
7001,1004777,1004780,1719-01-01,1762-12-31,ended
7001,1004779,1004780,1718-01-01,1762-12-31,ended
7001,1004779,1004782,1719-01-01,1783-12-31,ended
7001,1004781,1004782,1718-01-01,1782-12-31,ended
7001,1004781,1004784,1717-01-01,1775-12-31,ended
7001,1004783,1004784,1719-01-01,1722-12-31,ended
7001,1004783,1004786,1720-01-01,1722-12-31,ended
7001,1004785,1004786,1717-01-01,1737-12-31,ended
7001,1004785,1004788,1718-01-01,1737-12-31,ended
7001,1004787,1004788,1722-01-01,1757-12-31,ended
7001,1004787,1004790,1720-01-01,1757-12-31,ended
7001,1004789,1004790,1721-01-01,1757-12-31,ended
7001,1004789,1004792,1722-01-01,1762-12-31,ended
7001,1004791,1004792,1720-01-01,1764-12-31,ended
7001,1004791,1004794,1720-01-01,1766-12-31,ended
7001,1004793,1004794,1721-01-01,1746-12-31,ended
7001,1004793,1004796,1720-01-01,1746-12-31,ended
7001,1004795,1004796,1720-01-01,1764-12-31,ended
7001,1004795,1004798,1721-01-01,1772-12-31,ended
7001,1004797,1004798,1724-01-01,1772-12-31,ended
7001,1004797,1004800,1720-01-01,1783-12-31,ended
7001,1004799,1004800,1721-01-01,1756-12-31,ended
7001,1004799,1004802,1722-01-01,1756-12-31,ended
7001,1004801,1004802,1723-01-01,1756-12-31,ended
7001,1004801,1004804,1722-01-01,1737-12-31,ended
7001,1004803,1004804,1720-01-01,1737-12-31,ended
7001,1004803,1004806,1718-01-01,1763-12-31,ended
7001,1004805,1004806,1721-01-01,1729-12-31,ended
7001,1004805,1004808,1719-01-01,1729-12-31,ended
7001,1004807,1004808,1722-01-01,1746-12-31,ended
7001,1004807,1004810,1719-01-01,1746-12-31,ended
7001,1004809,1004810,1723-01-01,1727-12-31,ended
7001,1004809,1004812,1720-01-01,1727-12-31,ended
7001,1004811,1004812,1722-01-01,1753-12-31,ended
7001,1004811,1004814,1718-01-01,1753-12-31,ended
7001,1004813,1004814,1720-01-01,1764-12-31,ended
7001,1004813,1004816,1722-01-01,1770-12-31,ended
7001,1004815,1004816,1722-01-01,1766-12-31,ended
7001,1004815,1004818,1721-01-01,1745-12-31,ended
7001,1004817,1004818,1718-01-01,1745-12-31,ended
7001,1004817,1004820,1720-01-01,1779-12-31,ended
7001,1004819,1004820,1723-01-01,1779-12-31,ended
7001,1004819,1004822,1719-01-01,1775-12-31,ended
7001,1004821,1004822,1719-01-01,1775-12-31,ended
7001,1004821,1004824,1720-01-01,1776-12-31,ended
7001,1004823,1004824,1722-01-01,1763-12-31,ended
7001,1004823,1004826,1723-01-01,1763-12-31,ended
7001,1004825,1004826,1724-01-01,1748-12-31,ended
7001,1004825,1004828,1722-01-01,1748-12-31,ended
7001,1004827,1004828,1721-01-01,1756-12-31,ended
7001,1004827,1004830,1722-01-01,1760-12-31,ended
7001,1004829,1004830,1723-01-01,1760-12-31,ended
7001,1004829,1004832,1719-01-01,1775-12-31,ended
7001,1004831,1004832,1721-01-01,1782-12-31,ended
7001,1004831,1004834,1719-01-01,1787-12-31,ended
7001,1004833,1004834,1718-01-01,1779-12-31,ended
7001,1004833,1004836,1721-01-01,1748-12-31,ended
7001,1004835,1004836,1718-01-01,1724-12-31,ended
7001,1004835,1004838,1721-01-01,1724-12-31,ended
7001,1004837,1004838,1718-01-01,1762-12-31,ended
7001,1004837,1004840,1719-01-01,1763-12-31,ended
7001,1004839,1004840,1723-01-01,1731-12-31,ended
7001,1004839,1004842,1723-01-01,1731-12-31,ended
7001,1004841,1004842,1721-01-01,1721-12-31,ended
7001,1004841,1004844,1718-01-01,1720-12-31,ended
7001,1004843,1004844,1722-01-01,1753-12-31,ended
7001,1004843,1004846,1719-01-01,1753-12-31,ended
7001,1004845,1004846,1722-01-01,1747-12-31,ended
7001,1004847,1004848,1721-01-01,1750-12-31,ended
7001,1004849,1004850,1722-01-01,1755-12-31,ended
7001,1004851,1004852,1719-01-01,1771-12-31,ended
7001,1004853,1004854,1718-01-01,1773-12-31,ended
7001,1004855,1004856,1721-01-01,1759-12-31,ended
7001,1004857,1004858,1719-01-01,1758-12-31,ended
7001,1004859,1004860,1719-01-01,1743-12-31,ended
7001,1004861,1004862,1721-01-01,1768-12-31,ended
7001,1004863,1004864,1721-01-01,1745-12-31,ended
7001,1004865,1004866,1717-01-01,1756-12-31,ended
7001,1004867,1004868,1718-01-01,1737-12-31,ended
7001,1004869,1004870,1719-01-01,1770-12-31,ended
7001,1004871,1004872,1720-01-01,1749-12-31,ended
7001,1004873,1004874,1723-01-01,1731-12-31,ended
7001,1004875,1004876,1718-01-01,1754-12-31,ended
7001,1004877,1004878,1721-01-01,1771-12-31,ended
7001,1004879,1004880,1724-01-01,1762-12-31,ended
7001,1004881,1004882,1724-01-01,1767-12-31,ended
7001,1004883,1004884,1724-01-01,1748-12-31,ended
7001,1004885,1004886,1720-01-01,1758-12-31,ended
7001,1004887,1004888,1723-01-01,1759-12-31,ended
7001,1004889,1004890,1718-01-01,1784-12-31,ended
7001,1004891,1004892,1718-01-01,1763-12-31,ended
7001,1004893,1004894,1721-01-01,1760-12-31,ended
7001,1004895,1004896,1724-01-01,1742-12-31,ended
7001,1004897,1004898,1720-01-01,1746-12-31,ended
7001,1004899,1004900,1722-01-01,1746-12-31,ended
7001,1004901,1004902,1724-01-01,1773-12-31,ended
7001,1004904,1004905,1742-01-01,1742-12-31,ended
7001,1004906,1004907,1741-01-01,1769-12-31,ended
7001,1004908,1004909,1746-01-01,1774-12-31,ended
7001,1004910,1004911,1740-01-01,1768-12-31,ended
7001,1004912,1004913,1745-01-01,1779-12-31,ended
7001,1004914,1004915,1744-01-01,1799-12-31,ended
7001,1004916,1004917,1746-01-01,1759-12-31,ended
7001,1004918,1004919,1740-01-01,1784-12-31,ended
7001,1004920,1004921,1740-01-01,1797-12-31,ended
7001,1004922,1004923,1741-01-01,1765-12-31,ended
7001,1004924,1004925,1745-01-01,1799-12-31,ended
7001,1004926,1004927,1743-01-01,1773-12-31,ended
7001,1004928,1004929,1742-01-01,1777-12-31,ended
7001,1004930,1004931,1744-01-01,1760-12-31,ended
7001,1004932,1004933,1744-01-01,1802-12-31,ended
7001,1004934,1004935,1742-01-01,1777-12-31,ended
7001,1004936,1004937,1743-01-01,1797-12-31,ended
7001,1004938,1004939,1741-01-01,1761-12-31,ended
7001,1004940,1004941,1742-01-01,1757-12-31,ended
7001,1004942,1004943,1743-01-01,1777-12-31,ended
7001,1004944,1004945,1744-01-01,1758-12-31,ended
7001,1004946,1004947,1743-01-01,1806-12-31,ended
7001,1004948,1004949,1740-01-01,1768-12-31,ended
7001,1004950,1004951,1741-01-01,1744-12-31,ended
7001,1004952,1004953,1741-01-01,1793-12-31,ended
7001,1004954,1004955,1740-01-01,1767-12-31,ended
7001,1004956,1004957,1743-01-01,1799-12-31,ended
7001,1004958,1004959,1745-01-01,1767-12-31,ended
7001,1004960,1004961,1741-01-01,1806-12-31,ended
7001,1004962,1004963,1743-01-01,1754-12-31,ended
7001,1004964,1004965,1740-01-01,1780-12-31,ended
7001,1004966,1004967,1742-01-01,1791-12-31,ended
7001,1004968,1004969,1740-01-01,1783-12-31,ended
7001,1004970,1004971,1744-01-01,1789-12-31,ended
7001,1004972,1004973,1742-01-01,1759-12-31,ended
7001,1004974,1004975,1743-01-01,1757-12-31,ended
7001,1004976,1004977,1741-01-01,1788-12-31,ended
7001,1004978,1004979,1746-01-01,1749-12-31,ended
7001,1004980,1004981,1741-01-01,1785-12-31,ended
7001,1004982,1004983,1746-01-01,1753-12-31,ended
7001,1004984,1004985,1741-01-01,1761-12-31,ended
7001,1004986,1004987,1743-01-01,1778-12-31,ended
7001,1004988,1004989,1743-01-01,1759-12-31,ended
7001,1004990,1004991,1742-01-01,1793-12-31,ended
7001,1004992,1004993,1740-01-01,1784-12-31,ended
7001,1004994,1004995,1742-01-01,1783-12-31,ended
7001,1004996,1004997,1739-01-01,1777-12-31,ended
7001,1004998,1004999,1742-01-01,1753-12-31,ended
7001,1005000,1005001,1746-01-01,1787-12-31,ended
7001,1005002,1005003,1741-01-01,1798-12-31,ended
7001,1005004,1005005,1740-01-01,1759-12-31,ended
7001,1005006,1005007,1741-01-01,1769-12-31,ended
7001,1005008,1005009,1742-01-01,1761-12-31,ended
7001,1005010,1005011,1741-01-01,1758-12-31,ended
7001,1005012,1005013,1742-01-01,1762-12-31,ended
7001,1005014,1005015,1743-01-01,1767-12-31,ended
7001,1005016,1005017,1743-01-01,1778-12-31,ended
7001,1005018,1005019,1741-01-01,1771-12-31,ended
7001,1005020,1005021,1743-01-01,1756-12-31,ended
7001,1005022,1005023,1744-01-01,1790-12-31,ended
7001,1005024,1005025,1744-01-01,1781-12-31,ended
7001,1005026,1005027,1742-01-01,1763-12-31,ended
7001,1005028,1005029,1743-01-01,1747-12-31,ended
7001,1005030,1005031,1745-01-01,1800-12-31,ended
7001,1005032,1005033,1745-01-01,1783-12-31,ended
7001,1005034,1005035,1744-01-01,1755-12-31,ended
7001,1005036,1005037,1741-01-01,1780-12-31,ended
7001,1005038,1005039,1745-01-01,1781-12-31,ended
7001,1005040,1005041,1740-01-01,1771-12-31,ended
7001,1005042,1005043,1743-01-01,1801-12-31,ended
7001,1005044,1005045,1740-01-01,1793-12-31,ended
7001,1005046,1005047,1742-01-01,1778-12-31,ended
7001,1005048,1005049,1744-01-01,1765-12-31,ended
7001,1005050,1005051,1745-01-01,1780-12-31,ended
7001,1005052,1005053,1742-01-01,1790-12-31,ended
7001,1005054,1005055,1743-01-01,1773-12-31,ended
7001,1005056,1005057,1740-01-01,1816-12-31,ended
7001,1005058,1005059,1740-01-01,1801-12-31,ended
7001,1005060,1005061,1743-01-01,1769-12-31,ended
7001,1005062,1005063,1743-01-01,1765-12-31,ended
7001,1005064,1005065,1741-01-01,1767-12-31,ended
7001,1005066,1005067,1742-01-01,1782-12-31,ended
7001,1005068,1005069,1742-01-01,1807-12-31,ended
7001,1005070,1005071,1740-01-01,1769-12-31,ended
7001,1005072,1005073,1744-01-01,1766-12-31,ended
7001,1005074,1005075,1740-01-01,1768-12-31,ended
7001,1005076,1005077,1741-01-01,1800-12-31,ended
7001,1005078,1005079,1740-01-01,1767-12-31,ended
7001,1005080,1005081,1740-01-01,1756-12-31,ended
7001,1005082,1005083,1743-01-01,1769-12-31,ended
7001,1005084,1005085,1745-01-01,1786-12-31,ended
7001,1005086,1005087,1743-01-01,1783-12-31,ended
7001,1005088,1005089,1742-01-01,1758-12-31,ended
7001,1005090,1005091,1745-01-01,1776-12-31,ended
7001,1005092,1005093,1742-01-01,1780-12-31,ended
7001,1005094,1005095,1744-01-01,1772-12-31,ended
7001,1005096,1005097,1741-01-01,1768-12-31,ended
7001,1005098,1005099,1742-01-01,1763-12-31,ended
7001,1005100,1005101,1745-01-01,1777-12-31,ended
7001,1005102,1005103,1742-01-01,1770-12-31,ended
7001,1005104,1005105,1740-01-01,1756-12-31,ended
7001,1005106,1005107,1744-01-01,1783-12-31,ended
7001,1005108,1005109,1740-01-01,1789-12-31,ended
7001,1005110,1005111,1744-01-01,1761-12-31,ended
7001,1005112,1005113,1741-01-01,1801-12-31,ended
7001,1005114,1005115,1741-01-01,1785-12-31,ended
7001,1005116,1005117,1745-01-01,1788-12-31,ended
7001,1005118,1005119,1740-01-01,1749-12-31,ended
7001,1005120,1005121,1745-01-01,1766-12-31,ended
7001,1005122,1005123,1742-01-01,1756-12-31,ended
7001,1005124,1005125,1738-01-01,1778-12-31,ended
7001,1005126,1005127,1745-01-01,1770-12-31,ended
7001,1005128,1005129,1742-01-01,1780-12-31,ended
7001,1005130,1005131,1743-01-01,1792-12-31,ended
7001,1005132,1005133,1742-01-01,1768-12-31,ended
7001,1005134,1005135,1742-01-01,1791-12-31,ended
7001,1005136,1005137,1744-01-01,1793-12-31,ended
7001,1005138,1005139,1742-01-01,1777-12-31,ended
7001,1005140,1005141,1746-01-01,1808-12-31,ended
7001,1005142,1005143,1746-01-01,1812-12-31,ended
7001,1005144,1005145,1746-01-01,1794-12-31,ended
7001,1005146,1005147,1740-01-01,1778-12-31,ended
7001,1005148,1005149,1740-01-01,1783-12-31,ended
7001,1005150,1005151,1741-01-01,1779-12-31,ended
7001,1005152,1005153,1740-01-01,1745-12-31,ended
7001,1005154,1005155,1739-01-01,1769-12-31,ended
7001,1005156,1005157,1740-01-01,1779-12-31,ended
7001,1005158,1005159,1744-01-01,1786-12-31,ended
7001,1005160,1005161,1744-01-01,1786-12-31,ended
7001,1005162,1005163,1740-01-01,1755-12-31,ended
7001,1005164,1005165,1744-01-01,1789-12-31,ended
7001,1005166,1005167,1745-01-01,1796-12-31,ended
7001,1005168,1005169,1740-01-01,1796-12-31,ended
7001,1005170,1005171,1742-01-01,1787-12-31,ended
7001,1005172,1005173,1738-01-01,1781-12-31,ended
7001,1005174,1005175,1743-01-01,1793-12-31,ended
7001,1005176,1005177,1741-01-01,1751-12-31,ended
7001,1005178,1005179,1744-01-01,1772-12-31,ended
7001,1005180,1005181,1743-01-01,1757-12-31,ended
7001,1005182,1005183,1741-01-01,1778-12-31,ended
7001,1005184,1005185,1744-01-01,1767-12-31,ended
7001,1005186,1005187,1741-01-01,1794-12-31,ended
7001,1005188,1005189,1740-01-01,1790-12-31,ended
7001,1005190,1005191,1740-01-01,1778-12-31,ended
7001,1005192,1005193,1740-01-01,1786-12-31,ended
7001,1005194,1005195,1741-01-01,1759-12-31,ended
7001,1005196,1005197,1743-01-01,1780-12-31,ended
7001,1005198,1005199,1743-01-01,1760-12-31,ended
7001,1005200,1005201,1740-01-01,1753-12-31,ended
7001,1005202,1005203,1745-01-01,1778-12-31,ended
7001,1005204,1005205,1740-01-01,1775-12-31,ended
7001,1005206,1005207,1744-01-01,1789-12-31,ended
7001,1005208,1005209,1746-01-01,1798-12-31,ended
7001,1005210,1005211,1743-01-01,1783-12-31,ended
7001,1005212,1005213,1740-01-01,1768-12-31,ended
7001,1005214,1005215,1745-01-01,1792-12-31,ended
7001,1005216,1005217,1741-01-01,1783-12-31,ended
7001,1005218,1005219,1743-01-01,1754-12-31,ended
7001,1005220,1005221,1741-01-01,1769-12-31,ended
7001,1005222,1005223,1740-01-01,1764-12-31,ended
7001,1005224,1005225,1743-01-01,1749-12-31,ended
7001,1005226,1005227,1744-01-01,1750-12-31,ended
7001,1005228,1005229,1742-01-01,1782-12-31,ended
7001,1005230,1005231,1742-01-01,1776-12-31,ended
7001,1005232,1005233,1743-01-01,1759-12-31,ended
7001,1005234,1005235,1742-01-01,1789-12-31,ended
7001,1005236,1005237,1741-01-01,1801-12-31,ended
7001,1005238,1005239,1743-01-01,1795-12-31,ended
7001,1005240,1005241,1743-01-01,1757-12-31,ended
7001,1005242,1005243,1742-01-01,1809-12-31,ended
7001,1005244,1005245,1741-01-01,1792-12-31,ended
7001,1005246,1005247,1740-01-01,1765-12-31,ended
7001,1005248,1005249,1743-01-01,1775-12-31,ended
7001,1005250,1005251,1739-01-01,1775-12-31,ended
7001,1005252,1005253,1741-01-01,1779-12-31,ended
7001,1005254,1005255,1739-01-01,1782-12-31,ended
7001,1005256,1005257,1743-01-01,1803-12-31,ended
7001,1005258,1005259,1745-01-01,1775-12-31,ended
7001,1005260,1005261,1743-01-01,1782-12-31,ended
7001,1005262,1005263,1746-01-01,1773-12-31,ended
7001,1005264,1005265,1742-01-01,1756-12-31,ended
7001,1005266,1005267,1742-01-01,1792-12-31,ended
7001,1005268,1005269,1745-01-01,1775-12-31,ended
7001,1005270,1005271,1740-01-01,1775-12-31,ended
7001,1005272,1005273,1742-01-01,1754-12-31,ended
7001,1005274,1005275,1740-01-01,1759-12-31,ended
7001,1005276,1005277,1744-01-01,1768-12-31,ended
7001,1005278,1005279,1745-01-01,1794-12-31,ended
7001,1005280,1005281,1740-01-01,1787-12-31,ended
7001,1005282,1005283,1742-01-01,1760-12-31,ended
7001,1005284,1005285,1742-01-01,1792-12-31,ended
7001,1005286,1005287,1742-01-01,1781-12-31,ended
7001,1005288,1005289,1744-01-01,1789-12-31,ended
7001,1005290,1005291,1741-01-01,1789-12-31,ended
7001,1005292,1005293,1742-01-01,1761-12-31,ended
7001,1005294,1005295,1741-01-01,1748-12-31,ended
7001,1005296,1005297,1741-01-01,1767-12-31,ended
7001,1005298,1005299,1742-01-01,1807-12-31,ended
7001,1005300,1005301,1744-01-01,1793-12-31,ended
7001,1005302,1005303,1745-01-01,1784-12-31,ended
7001,1005304,1005305,1744-01-01,1773-12-31,ended
7001,1005306,1005307,1742-01-01,1764-12-31,ended
7001,1005308,1005309,1740-01-01,1771-12-31,ended
7001,1005310,1005311,1744-01-01,1785-12-31,ended
7001,1005312,1005313,1744-01-01,1785-12-31,ended
7001,1005314,1005315,1743-01-01,1807-12-31,ended
7001,1005316,1005317,1765-01-01,1815-12-31,ended
7001,1005318,1005319,1762-01-01,1829-12-31,ended
7001,1005320,1005321,1768-01-01,1791-12-31,ended
7001,1005322,1005323,1767-01-01,1817-12-31,ended
7001,1005324,1005325,1766-01-01,1798-12-31,ended
7001,1005326,1005327,1765-01-01,1794-12-31,ended
7001,1005328,1005329,1766-01-01,1830-12-31,ended
7001,1005330,1005331,1762-01-01,1777-12-31,ended
7001,1005332,1005333,1766-01-01,1798-12-31,ended
7001,1005334,1005335,1764-01-01,1814-12-31,ended
7001,1005336,1005337,1764-01-01,1810-12-31,ended
7001,1005338,1005339,1762-01-01,1787-12-31,ended
7001,1005340,1005341,1761-01-01,1795-12-31,ended
7001,1005342,1005343,1767-01-01,1797-12-31,ended
7001,1005344,1005345,1768-01-01,1828-12-31,ended
7001,1005346,1005347,1762-01-01,1799-12-31,ended
7001,1005348,1005349,1765-01-01,1788-12-31,ended
7001,1005350,1005351,1764-01-01,1799-12-31,ended
7001,1005352,1005353,1768-01-01,1818-12-31,ended
7001,1005354,1005355,1764-01-01,1811-12-31,ended
7001,1005356,1005357,1767-01-01,1801-12-31,ended
7001,1005358,1005359,1762-01-01,1765-12-31,ended
7001,1005360,1005361,1766-01-01,1792-12-31,ended
7001,1005362,1005363,1764-01-01,1823-12-31,ended
7001,1005364,1005365,1763-01-01,1803-12-31,ended
7001,1005366,1005367,1761-01-01,1793-12-31,ended
7001,1005368,1005369,1762-01-01,1838-12-31,ended
7001,1005370,1005371,1763-01-01,1800-12-31,ended
7001,1005372,1005373,1762-01-01,1793-12-31,ended
7001,1005374,1005375,1763-01-01,1772-12-31,ended
7001,1005376,1005377,1766-01-01,1780-12-31,ended
7001,1005378,1005379,1766-01-01,1783-12-31,ended
7001,1005380,1005381,1767-01-01,1815-12-31,ended
7001,1005382,1005383,1767-01-01,1773-12-31,ended
7001,1005384,1005385,1762-01-01,1798-12-31,ended
7001,1005386,1005387,1764-01-01,1778-12-31,ended
7001,1005388,1005389,1764-01-01,1786-12-31,ended
7001,1005390,1005391,1763-01-01,1773-12-31,ended
7001,1005392,1005393,1765-01-01,1806-12-31,ended
7001,1005394,1005395,1764-01-01,1805-12-31,ended
7001,1005396,1005397,1768-01-01,1790-12-31,ended
7001,1005398,1005399,1764-01-01,1809-12-31,ended
7001,1005400,1005401,1765-01-01,1786-12-31,ended
7001,1005402,1005403,1764-01-01,1785-12-31,ended
7001,1005404,1005405,1765-01-01,1795-12-31,ended
7001,1005406,1005407,1766-01-01,1811-12-31,ended
7001,1005408,1005409,1762-01-01,1824-12-31,ended
7001,1005410,1005411,1762-01-01,1807-12-31,ended
7001,1005412,1005413,1763-01-01,1820-12-31,ended
7001,1005414,1005415,1764-01-01,1780-12-31,ended
7001,1005416,1005417,1768-01-01,1808-12-31,ended
7001,1005418,1005419,1763-01-01,1803-12-31,ended
7001,1005420,1005421,1763-01-01,1800-12-31,ended
7001,1005422,1005423,1763-01-01,1814-12-31,ended
7001,1005424,1005425,1763-01-01,1764-12-31,ended
7001,1005426,1005427,1766-01-01,1803-12-31,ended
7001,1005428,1005429,1767-01-01,1802-12-31,ended
7001,1005430,1005431,1763-01-01,1781-12-31,ended
7001,1005432,1005433,1767-01-01,1780-12-31,ended
7001,1005434,1005435,1765-01-01,1808-12-31,ended
7001,1005436,1005437,1765-01-01,1785-12-31,ended
7001,1005438,1005439,1768-01-01,1790-12-31,ended
7001,1005440,1005441,1764-01-01,1812-12-31,ended
7001,1005442,1005443,1767-01-01,1821-12-31,ended
7001,1005444,1005445,1765-01-01,1809-12-31,ended
7001,1005446,1005447,1764-01-01,1809-12-31,ended
7001,1005448,1005449,1762-01-01,1778-12-31,ended
7001,1005450,1005451,1763-01-01,1809-12-31,ended
7001,1005452,1005453,1766-01-01,1791-12-31,ended
7001,1005454,1005455,1762-01-01,1791-12-31,ended
7001,1005456,1005457,1764-01-01,1817-12-31,ended
7001,1005458,1005459,1765-01-01,1817-12-31,ended
7001,1005460,1005461,1765-01-01,1785-12-31,ended
7001,1005462,1005463,1766-01-01,1777-12-31,ended
7001,1005464,1005465,1767-01-01,1812-12-31,ended
7001,1005466,1005467,1765-01-01,1828-12-31,ended
7001,1005468,1005469,1764-01-01,1788-12-31,ended
7001,1005470,1005471,1766-01-01,1824-12-31,ended
7001,1005472,1005473,1767-01-01,1770-12-31,ended
7001,1005474,1005475,1767-01-01,1773-12-31,ended
7001,1005476,1005477,1765-01-01,1808-12-31,ended
7001,1005478,1005479,1763-01-01,1806-12-31,ended
7001,1005480,1005481,1766-01-01,1787-12-31,ended
7001,1005482,1005483,1768-01-01,1793-12-31,ended
7001,1005484,1005485,1763-01-01,1789-12-31,ended
7001,1005486,1005487,1762-01-01,1801-12-31,ended
7001,1005488,1005489,1765-01-01,1781-12-31,ended
7001,1005490,1005491,1767-01-01,1774-12-31,ended
7001,1005492,1005493,1765-01-01,1827-12-31,ended
7001,1005494,1005495,1767-01-01,1798-12-31,ended
7001,1005496,1005497,1763-01-01,1829-12-31,ended
7001,1005498,1005499,1764-01-01,1783-12-31,ended
7001,1005500,1005501,1764-01-01,1811-12-31,ended
7001,1005502,1005503,1762-01-01,1783-12-31,ended
7001,1005504,1005505,1764-01-01,1779-12-31,ended
7001,1005506,1005507,1767-01-01,1814-12-31,ended
7001,1005508,1005509,1763-01-01,1784-12-31,ended
7001,1005510,1005511,1767-01-01,1774-12-31,ended
7001,1005512,1005513,1764-01-01,1801-12-31,ended
7001,1005514,1005515,1765-01-01,1800-12-31,ended
7001,1005516,1005517,1763-01-01,1774-12-31,ended
7001,1005518,1005519,1764-01-01,1792-12-31,ended
7001,1005520,1005521,1764-01-01,1777-12-31,ended
7001,1005522,1005523,1766-01-01,1821-12-31,ended
7001,1005524,1005525,1763-01-01,1786-12-31,ended
7001,1005526,1005527,1762-01-01,1811-12-31,ended
7001,1005528,1005529,1766-01-01,1808-12-31,ended
7001,1005530,1005531,1766-01-01,1814-12-31,ended
7001,1005532,1005533,1763-01-01,1818-12-31,ended
7001,1005534,1005535,1767-01-01,1815-12-31,ended
7001,1005536,1005537,1768-01-01,1822-12-31,ended
7001,1005538,1005539,1764-01-01,1812-12-31,ended
7001,1005540,1005541,1762-01-01,1808-12-31,ended
7001,1005542,1005543,1763-01-01,1813-12-31,ended
7001,1005544,1005545,1764-01-01,1777-12-31,ended
7001,1005546,1005547,1763-01-01,1809-12-31,ended
7001,1005548,1005549,1763-01-01,1805-12-31,ended
7001,1005550,1005551,1766-01-01,1805-12-31,ended
7001,1005552,1005553,1763-01-01,1823-12-31,ended
7001,1005554,1005555,1767-01-01,1795-12-31,ended
7001,1005556,1005557,1764-01-01,1778-12-31,ended
7001,1005558,1005559,1766-01-01,1793-12-31,ended
7001,1005560,1005561,1763-01-01,1803-12-31,ended
7001,1005562,1005563,1766-01-01,1797-12-31,ended
7001,1005564,1005565,1763-01-01,1797-12-31,ended
7001,1005566,1005567,1767-01-01,1815-12-31,ended
7001,1005568,1005569,1767-01-01,1781-12-31,ended
7001,1005570,1005571,1764-01-01,1778-12-31,ended
7001,1005572,1005573,1762-01-01,1823-12-31,ended
7001,1005574,1005575,1763-01-01,1805-12-31,ended
7001,1005576,1005577,1762-01-01,1804-12-31,ended
7001,1005578,1005579,1762-01-01,1806-12-31,ended
7001,1005580,1005581,1763-01-01,1816-12-31,ended
7001,1005582,1005583,1768-01-01,1795-12-31,ended
7001,1005584,1005585,1766-01-01,1780-12-31,ended
7001,1005586,1005587,1764-01-01,1823-12-31,ended
7001,1005588,1005589,1767-01-01,1785-12-31,ended
7001,1005590,1005591,1765-01-01,1815-12-31,ended
7001,1005592,1005593,1763-01-01,1825-12-31,ended
7001,1005594,1005595,1767-01-01,1787-12-31,ended
7001,1005596,1005597,1762-01-01,1799-12-31,ended
7001,1005598,1005599,1762-01-01,1784-12-31,ended
7001,1005600,1005601,1766-01-01,1809-12-31,ended
7001,1005602,1005603,1763-01-01,1787-12-31,ended
7001,1005604,1005605,1766-01-01,1796-12-31,ended
7001,1005606,1005607,1768-01-01,1770-12-31,ended
7001,1005608,1005609,1766-01-01,1782-12-31,ended
7001,1005610,1005611,1764-01-01,1789-12-31,ended
7001,1005612,1005613,1762-01-01,1794-12-31,ended
7001,1005614,1005615,1763-01-01,1808-12-31,ended
7001,1005616,1005617,1762-01-01,1775-12-31,ended
7001,1005618,1005619,1765-01-01,1805-12-31,ended
7001,1005620,1005621,1762-01-01,1782-12-31,ended
7001,1005622,1005623,1762-01-01,1808-12-31,ended
7001,1005624,1005625,1767-01-01,1775-12-31,ended
7001,1005626,1005627,1762-01-01,1801-12-31,ended
7001,1005628,1005629,1765-01-01,1819-12-31,ended
7001,1005630,1005631,1766-01-01,1766-12-31,ended
7001,1005632,1005633,1765-01-01,1839-12-31,ended
7001,1005634,1005635,1763-01-01,1789-12-31,ended
7001,1005636,1005637,1765-01-01,1812-12-31,ended
7001,1005638,1005639,1763-01-01,1816-12-31,ended
7001,1005640,1005641,1764-01-01,1800-12-31,ended
7001,1005642,1005643,1766-01-01,1804-12-31,ended
7001,1005644,1005645,1766-01-01,1800-12-31,ended
7001,1005646,1005647,1762-01-01,1791-12-31,ended
7001,1005648,1005649,1763-01-01,1814-12-31,ended
7001,1005650,1005651,1764-01-01,1802-12-31,ended
7001,1005652,1005653,1765-01-01,1809-12-31,ended
7001,1005654,1005655,1766-01-01,1774-12-31,ended
7001,1005656,1005657,1763-01-01,1808-12-31,ended
7001,1005658,1005659,1763-01-01,1828-12-31,ended
7001,1005660,1005661,1764-01-01,1772-12-31,ended
7001,1005662,1005663,1762-01-01,1799-12-31,ended
7001,1005664,1005665,1765-01-01,1823-12-31,ended
7001,1005666,1005667,1766-01-01,1786-12-31,ended
7001,1005668,1005669,1761-01-01,1798-12-31,ended
7001,1005670,1005671,1763-01-01,1782-12-31,ended
7001,1005672,1005673,1764-01-01,1792-12-31,ended
7001,1005674,1005675,1766-01-01,1809-12-31,ended
7001,1005676,1005677,1763-01-01,1777-12-31,ended
7001,1005678,1005679,1762-01-01,1840-12-31,ended
7001,1005680,1005681,1763-01-01,1792-12-31,ended
7001,1005682,1005683,1762-01-01,1797-12-31,ended
7001,1005684,1005685,1767-01-01,1801-12-31,ended
7001,1005686,1005687,1765-01-01,1779-12-31,ended
7001,1005688,1005689,1766-01-01,1810-12-31,ended
7001,1005690,1005691,1768-01-01,1787-12-31,ended
7001,1005692,1005693,1768-01-01,1819-12-31,ended
7001,1005694,1005695,1762-01-01,1771-12-31,ended
7001,1005696,1005697,1765-01-01,1792-12-31,ended
7001,1005698,1005699,1785-01-01,1841-12-31,ended
7001,1005698,1005701,1787-01-01,1829-12-31,ended
7001,1005699,1006050,1783-01-01,1841-12-31,ended
7001,1005700,1005701,1788-01-01,1828-12-31,ended
7001,1005700,1005703,1786-01-01,1820-12-31,ended
7001,1005702,1005703,1790-01-01,1820-12-31,ended
7001,1005702,1005705,1784-01-01,1803-12-31,ended
7001,1005704,1005705,1789-01-01,1803-12-31,ended
7001,1005704,1005707,1788-01-01,1825-12-31,ended
7001,1005706,1005707,1787-01-01,1825-12-31,ended
7001,1005706,1005709,1787-01-01,1808-12-31,ended
7001,1005708,1005709,1786-01-01,1808-12-31,ended
7001,1005708,1005711,1785-01-01,1854-12-31,ended
7001,1005710,1005711,1784-01-01,1823-12-31,ended
7001,1005710,1005713,1786-01-01,1795-12-31,ended
7001,1005712,1005713,1784-01-01,1795-12-31,ended
7001,1005712,1005715,1784-01-01,1828-12-31,ended
7001,1005714,1005715,1787-01-01,1794-12-31,ended
7001,1005714,1005717,1787-01-01,1794-12-31,ended
7001,1005716,1005717,1788-01-01,1838-12-31,ended
7001,1005716,1005719,1786-01-01,1829-12-31,ended
7001,1005718,1005719,1786-01-01,1829-12-31,ended
7001,1005718,1005721,1790-01-01,1800-12-31,ended
7001,1005720,1005721,1789-01-01,1800-12-31,ended
7001,1005720,1005723,1784-01-01,1838-12-31,ended
7001,1005722,1005723,1785-01-01,1852-12-31,ended
7001,1005722,1005725,1784-01-01,1844-12-31,ended
7001,1005724,1005725,1788-01-01,1836-12-31,ended
7001,1005724,1005727,1790-01-01,1836-12-31,ended
7001,1005726,1005727,1787-01-01,1820-12-31,ended
7001,1005726,1005729,1788-01-01,1820-12-31,ended
7001,1005728,1005729,1789-01-01,1826-12-31,ended
7001,1005728,1005731,1788-01-01,1826-12-31,ended
7001,1005730,1005731,1787-01-01,1811-12-31,ended
7001,1005730,1005733,1789-01-01,1811-12-31,ended
7001,1005732,1005733,1787-01-01,1801-12-31,ended
7001,1005732,1005735,1785-01-01,1801-12-31,ended
7001,1005734,1005735,1785-01-01,1818-12-31,ended
7001,1005734,1005737,1785-01-01,1837-12-31,ended
7001,1005736,1005737,1787-01-01,1826-12-31,ended
7001,1005736,1005739,1787-01-01,1823-12-31,ended
7001,1005738,1005739,1787-01-01,1823-12-31,ended
7001,1005738,1005741,1787-01-01,1822-12-31,ended
7001,1005740,1005741,1788-01-01,1822-12-31,ended
7001,1005740,1005743,1787-01-01,1849-12-31,ended
7001,1005742,1005743,1788-01-01,1803-12-31,ended
7001,1005742,1005745,1790-01-01,1803-12-31,ended
7001,1005744,1005745,1783-01-01,1816-12-31,ended
7001,1005744,1005747,1788-01-01,1830-12-31,ended
7001,1005746,1005747,1787-01-01,1823-12-31,ended
7001,1005746,1005749,1785-01-01,1819-12-31,ended
7001,1005748,1005749,1786-01-01,1819-12-31,ended
7001,1005748,1005751,1786-01-01,1848-12-31,ended
7001,1005750,1005751,1788-01-01,1845-12-31,ended
7001,1005750,1005753,1784-01-01,1820-12-31,ended
7001,1005752,1005753,1785-01-01,1810-12-31,ended
7001,1005752,1005755,1788-01-01,1805-12-31,ended
7001,1005754,1005755,1789-01-01,1805-12-31,ended
7001,1005754,1005757,1789-01-01,1825-12-31,ended
7001,1005756,1005757,1787-01-01,1825-12-31,ended
7001,1005756,1005759,1789-01-01,1830-12-31,ended
7001,1005758,1005759,1786-01-01,1831-12-31,ended
7001,1005758,1005761,1784-01-01,1831-12-31,ended
7001,1005760,1005761,1787-01-01,1829-12-31,ended
7001,1005760,1005763,1784-01-01,1829-12-31,ended
7001,1005762,1005763,1786-01-01,1852-12-31,ended
7001,1005762,1005765,1786-01-01,1796-12-31,ended
7001,1005764,1005765,1783-01-01,1796-12-31,ended
7001,1005764,1005767,1784-01-01,1818-12-31,ended
7001,1005766,1005767,1785-01-01,1814-12-31,ended
7001,1005766,1005769,1786-01-01,1808-12-31,ended
7001,1005768,1005769,1785-01-01,1808-12-31,ended
7001,1005768,1005771,1788-01-01,1820-12-31,ended
7001,1005770,1005771,1786-01-01,1828-12-31,ended
7001,1005770,1005773,1790-01-01,1818-12-31,ended
7001,1005772,1005773,1785-01-01,1818-12-31,ended
7001,1005772,1005775,1788-01-01,1819-12-31,ended
7001,1005774,1005775,1785-01-01,1824-12-31,ended
7001,1005774,1005777,1786-01-01,1814-12-31,ended
7001,1005776,1005777,1785-01-01,1814-12-31,ended
7001,1005776,1005779,1786-01-01,1847-12-31,ended
7001,1005778,1005779,1787-01-01,1847-12-31,ended
7001,1005778,1005781,1788-01-01,1809-12-31,ended
7001,1005780,1005781,1785-01-01,1809-12-31,ended
7001,1005780,1005783,1786-01-01,1837-12-31,ended
7001,1005782,1005783,1785-01-01,1829-12-31,ended
7001,1005782,1005785,1786-01-01,1817-12-31,ended
7001,1005784,1005785,1786-01-01,1817-12-31,ended
7001,1005784,1005787,1785-01-01,1829-12-31,ended
7001,1005786,1005787,1785-01-01,1816-12-31,ended
7001,1005786,1005789,1789-01-01,1816-12-31,ended
7001,1005788,1005789,1788-01-01,1823-12-31,ended
7001,1005788,1005791,1782-01-01,1815-12-31,ended
7001,1005790,1005791,1787-01-01,1815-12-31,ended
7001,1005790,1005793,1789-01-01,1808-12-31,ended
7001,1005792,1005793,1785-01-01,1808-12-31,ended
7001,1005792,1005795,1788-01-01,1814-12-31,ended
7001,1005794,1005795,1788-01-01,1828-12-31,ended
7001,1005794,1005797,1790-01-01,1813-12-31,ended
7001,1005796,1005797,1784-01-01,1813-12-31,ended
7001,1005796,1005799,1788-01-01,1831-12-31,ended
7001,1005798,1005799,1787-01-01,1825-12-31,ended
7001,1005798,1005801,1790-01-01,1825-12-31,ended
7001,1005800,1005801,1788-01-01,1828-12-31,ended
7001,1005800,1005803,1785-01-01,1823-12-31,ended
7001,1005802,1005803,1782-01-01,1823-12-31,ended
7001,1005802,1005805,1785-01-01,1837-12-31,ended
7001,1005804,1005805,1785-01-01,1792-12-31,ended
7001,1005804,1005807,1784-01-01,1792-12-31,ended
7001,1005806,1005807,1786-01-01,1851-12-31,ended
7001,1005806,1005809,1786-01-01,1838-12-31,ended
7001,1005808,1005809,1785-01-01,1822-12-31,ended
7001,1005808,1005811,1784-01-01,1822-12-31,ended
7001,1005810,1005811,1790-01-01,1816-12-31,ended
7001,1005810,1005813,1784-01-01,1816-12-31,ended
7001,1005812,1005813,1786-01-01,1806-12-31,ended
7001,1005812,1005815,1785-01-01,1806-12-31,ended
7001,1005814,1005815,1787-01-01,1842-12-31,ended
7001,1005814,1005817,1788-01-01,1834-12-31,ended
7001,1005816,1005817,1790-01-01,1831-12-31,ended
7001,1005816,1005819,1784-01-01,1831-12-31,ended
7001,1005818,1005819,1785-01-01,1840-12-31,ended
7001,1005818,1005821,1784-01-01,1800-12-31,ended
7001,1005820,1005821,1788-01-01,1798-12-31,ended
7001,1005820,1005823,1784-01-01,1798-12-31,ended
7001,1005822,1005823,1785-01-01,1834-12-31,ended
7001,1005822,1005825,1784-01-01,1834-12-31,ended
7001,1005824,1005825,1790-01-01,1853-12-31,ended
7001,1005824,1005827,1785-01-01,1865-12-31,ended
7001,1005826,1005827,1784-01-01,1816-12-31,ended
7001,1005826,1005829,1787-01-01,1816-12-31,ended
7001,1005828,1005829,1783-01-01,1817-12-31,ended
7001,1005828,1005831,1785-01-01,1840-12-31,ended
7001,1005830,1005831,1788-01-01,1803-12-31,ended
7001,1005830,1005833,1784-01-01,1803-12-31,ended
7001,1005832,1005833,1786-01-01,1828-12-31,ended
7001,1005832,1005835,1787-01-01,1837-12-31,ended
7001,1005834,1005835,1786-01-01,1815-12-31,ended
7001,1005834,1005837,1785-01-01,1815-12-31,ended
7001,1005836,1005837,1787-01-01,1830-12-31,ended
7001,1005836,1005839,1783-01-01,1831-12-31,ended
7001,1005838,1005839,1782-01-01,1827-12-31,ended
7001,1005838,1005841,1784-01-01,1827-12-31,ended
7001,1005840,1005841,1784-01-01,1825-12-31,ended
7001,1005840,1005843,1784-01-01,1825-12-31,ended
7001,1005842,1005843,1786-01-01,1824-12-31,ended
7001,1005842,1005845,1788-01-01,1824-12-31,ended
7001,1005844,1005845,1786-01-01,1839-12-31,ended
7001,1005844,1005847,1787-01-01,1837-12-31,ended
7001,1005846,1005847,1784-01-01,1837-12-31,ended
7001,1005846,1005849,1788-01-01,1825-12-31,ended
7001,1005848,1005849,1785-01-01,1818-12-31,ended
7001,1005848,1005851,1784-01-01,1818-12-31,ended
7001,1005850,1005851,1784-01-01,1828-12-31,ended
7001,1005850,1005853,1788-01-01,1828-12-31,ended
7001,1005852,1005853,1785-01-01,1835-12-31,ended
7001,1005852,1005855,1787-01-01,1853-12-31,ended
7001,1005854,1005855,1788-01-01,1842-12-31,ended
7001,1005854,1005857,1790-01-01,1832-12-31,ended
7001,1005856,1005857,1786-01-01,1832-12-31,ended
7001,1005856,1005859,1786-01-01,1834-12-31,ended
7001,1005858,1005859,1785-01-01,1834-12-31,ended
7001,1005858,1005861,1788-01-01,1836-12-31,ended
7001,1005860,1005861,1788-01-01,1822-12-31,ended
7001,1005860,1005863,1784-01-01,1821-12-31,ended
7001,1005862,1005863,1785-01-01,1821-12-31,ended
7001,1005862,1005865,1786-01-01,1827-12-31,ended
7001,1005864,1005865,1787-01-01,1827-12-31,ended
7001,1005864,1005867,1787-01-01,1833-12-31,ended
7001,1005866,1005867,1788-01-01,1833-12-31,ended
7001,1005866,1005869,1784-01-01,1822-12-31,ended
7001,1005868,1005869,1786-01-01,1819-12-31,ended
7001,1005868,1005871,1784-01-01,1814-12-31,ended
7001,1005870,1005871,1788-01-01,1809-12-31,ended
7001,1005870,1005873,1786-01-01,1809-12-31,ended
7001,1005872,1005873,1784-01-01,1821-12-31,ended
7001,1005872,1005875,1787-01-01,1832-12-31,ended
7001,1005874,1005875,1783-01-01,1807-12-31,ended
7001,1005874,1005877,1789-01-01,1807-12-31,ended
7001,1005876,1005877,1784-01-01,1808-12-31,ended
7001,1005876,1005879,1783-01-01,1808-12-31,ended
7001,1005878,1005879,1790-01-01,1839-12-31,ended
7001,1005878,1005881,1785-01-01,1839-12-31,ended
7001,1005880,1005881,1787-01-01,1860-12-31,ended
7001,1005880,1005883,1784-01-01,1854-12-31,ended
7001,1005882,1005883,1787-01-01,1850-12-31,ended
7001,1005882,1005885,1784-01-01,1840-12-31,ended
7001,1005884,1005885,1785-01-01,1840-12-31,ended
7001,1005884,1005887,1784-01-01,1815-12-31,ended
7001,1005886,1005887,1787-01-01,1815-12-31,ended
7001,1005886,1005889,1784-01-01,1839-12-31,ended
7001,1005888,1005889,1785-01-01,1845-12-31,ended
7001,1005888,1005891,1784-01-01,1846-12-31,ended
7001,1005890,1005891,1784-01-01,1795-12-31,ended
7001,1005890,1005893,1789-01-01,1795-12-31,ended
7001,1005892,1005893,1787-01-01,1815-12-31,ended
7001,1005892,1005895,1784-01-01,1814-12-31,ended
7001,1005894,1005895,1786-01-01,1814-12-31,ended
7001,1005894,1005897,1786-01-01,1836-12-31,ended
7001,1005896,1005897,1787-01-01,1792-12-31,ended
7001,1005896,1005899,1785-01-01,1792-12-31,ended
7001,1005898,1005899,1788-01-01,1838-12-31,ended
7001,1005898,1005901,1789-01-01,1839-12-31,ended
7001,1005900,1005901,1789-01-01,1811-12-31,ended
7001,1005900,1005903,1787-01-01,1811-12-31,ended
7001,1005902,1005903,1786-01-01,1821-12-31,ended
7001,1005902,1005905,1784-01-01,1816-12-31,ended
7001,1005904,1005905,1784-01-01,1816-12-31,ended
7001,1005904,1005907,1784-01-01,1818-12-31,ended
7001,1005906,1005907,1790-01-01,1819-12-31,ended
7001,1005906,1005909,1790-01-01,1839-12-31,ended
7001,1005908,1005909,1788-01-01,1824-12-31,ended
7001,1005908,1005911,1787-01-01,1824-12-31,ended
7001,1005910,1005911,1789-01-01,1804-12-31,ended
7001,1005910,1005913,1786-01-01,1804-12-31,ended
7001,1005912,1005913,1786-01-01,1818-12-31,ended
7001,1005912,1005915,1784-01-01,1834-12-31,ended
7001,1005914,1005915,1785-01-01,1833-12-31,ended
7001,1005914,1005917,1785-01-01,1833-12-31,ended
7001,1005916,1005917,1784-01-01,1837-12-31,ended
7001,1005916,1005919,1788-01-01,1833-12-31,ended
7001,1005918,1005919,1786-01-01,1799-12-31,ended
7001,1005918,1005921,1788-01-01,1799-12-31,ended
7001,1005920,1005921,1784-01-01,1818-12-31,ended
7001,1005920,1005923,1784-01-01,1818-12-31,ended
7001,1005922,1005923,1787-01-01,1829-12-31,ended
7001,1005922,1005925,1785-01-01,1831-12-31,ended
7001,1005924,1005925,1785-01-01,1831-12-31,ended
7001,1005924,1005927,1790-01-01,1813-12-31,ended
7001,1005926,1005927,1786-01-01,1813-12-31,ended
7001,1005926,1005929,1785-01-01,1820-12-31,ended
7001,1005928,1005929,1787-01-01,1820-12-31,ended
7001,1005928,1005931,1785-01-01,1829-12-31,ended
7001,1005930,1005931,1784-01-01,1832-12-31,ended
7001,1005930,1005933,1784-01-01,1832-12-31,ended
7001,1005932,1005933,1787-01-01,1812-12-31,ended
7001,1005932,1005935,1784-01-01,1812-12-31,ended
7001,1005934,1005935,1784-01-01,1826-12-31,ended
7001,1005934,1005937,1784-01-01,1843-12-31,ended
7001,1005936,1005937,1787-01-01,1843-12-31,ended
7001,1005936,1005939,1787-01-01,1828-12-31,ended
7001,1005938,1005939,1788-01-01,1828-12-31,ended
7001,1005938,1005941,1787-01-01,1838-12-31,ended
7001,1005940,1005941,1784-01-01,1822-12-31,ended
7001,1005940,1005943,1783-01-01,1788-12-31,ended
7001,1005942,1005943,1786-01-01,1788-12-31,ended
7001,1005942,1005945,1787-01-01,1838-12-31,ended
7001,1005944,1005945,1788-01-01,1803-12-31,ended
7001,1005944,1005947,1786-01-01,1801-12-31,ended
7001,1005946,1005947,1786-01-01,1801-12-31,ended
7001,1005946,1005949,1784-01-01,1814-12-31,ended
7001,1005948,1005949,1785-01-01,1814-12-31,ended
7001,1005948,1005951,1790-01-01,1819-12-31,ended
7001,1005950,1005951,1789-01-01,1817-12-31,ended
7001,1005950,1005953,1785-01-01,1817-12-31,ended
7001,1005952,1005953,1788-01-01,1832-12-31,ended
7001,1005952,1005955,1789-01-01,1832-12-31,ended
7001,1005954,1005955,1789-01-01,1840-12-31,ended
7001,1005954,1005957,1784-01-01,1829-12-31,ended
7001,1005956,1005957,1790-01-01,1829-12-31,ended
7001,1005956,1005959,1784-01-01,1830-12-31,ended
7001,1005958,1005959,1786-01-01,1830-12-31,ended
7001,1005958,1005961,1787-01-01,1831-12-31,ended
7001,1005960,1005961,1786-01-01,1831-12-31,ended
7001,1005960,1005963,1786-01-01,1831-12-31,ended
7001,1005962,1005963,1786-01-01,1830-12-31,ended
7001,1005962,1005965,1784-01-01,1818-12-31,ended
7001,1005964,1005965,1784-01-01,1811-12-31,ended
7001,1005964,1005967,1785-01-01,1811-12-31,ended
7001,1005966,1005967,1784-01-01,1822-12-31,ended
7001,1005966,1005969,1788-01-01,1843-12-31,ended
7001,1005968,1005969,1789-01-01,1817-12-31,ended
7001,1005968,1005971,1787-01-01,1817-12-31,ended
7001,1005970,1005971,1784-01-01,1831-12-31,ended
7001,1005970,1005973,1790-01-01,1831-12-31,ended
7001,1005972,1005973,1787-01-01,1822-12-31,ended
7001,1005972,1005975,1784-01-01,1822-12-31,ended
7001,1005974,1005975,1785-01-01,1835-12-31,ended
7001,1005974,1005977,1786-01-01,1825-12-31,ended
7001,1005976,1005977,1787-01-01,1825-12-31,ended
7001,1005976,1005979,1786-01-01,1801-12-31,ended
7001,1005978,1005979,1786-01-01,1801-12-31,ended
7001,1005978,1005981,1786-01-01,1810-12-31,ended
7001,1005980,1005981,1787-01-01,1810-12-31,ended
7001,1005980,1005983,1786-01-01,1803-12-31,ended
7001,1005982,1005983,1783-01-01,1798-12-31,ended
7001,1005982,1005985,1789-01-01,1798-12-31,ended
7001,1005984,1005985,1790-01-01,1831-12-31,ended
7001,1005984,1005987,1785-01-01,1826-12-31,ended
7001,1005986,1005987,1785-01-01,1822-12-31,ended
7001,1005986,1005989,1789-01-01,1822-12-31,ended
7001,1005988,1005989,1785-01-01,1825-12-31,ended
7001,1005988,1005991,1786-01-01,1835-12-31,ended
7001,1005990,1005991,1784-01-01,1815-12-31,ended
7001,1005990,1005993,1787-01-01,1815-12-31,ended
7001,1005992,1005993,1784-01-01,1826-12-31,ended
7001,1005994,1005995,1788-01-01,1824-12-31,ended
7001,1005996,1005997,1784-01-01,1831-12-31,ended
7001,1005998,1005999,1787-01-01,1833-12-31,ended
7001,1006000,1006001,1789-01-01,1817-12-31,ended
7001,1006002,1006003,1785-01-01,1829-12-31,ended
7001,1006004,1006005,1784-01-01,1829-12-31,ended
7001,1006006,1006007,1785-01-01,1812-12-31,ended
7001,1006008,1006009,1786-01-01,1819-12-31,ended
7001,1006010,1006011,1788-01-01,1794-12-31,ended
7001,1006012,1006013,1787-01-01,1795-12-31,ended
7001,1006014,1006015,1787-01-01,1805-12-31,ended
7001,1006016,1006017,1788-01-01,1837-12-31,ended
7001,1006018,1006019,1789-01-01,1821-12-31,ended
7001,1006020,1006021,1786-01-01,1836-12-31,ended
7001,1006022,1006023,1788-01-01,1812-12-31,ended
7001,1006024,1006025,1788-01-01,1789-12-31,ended
7001,1006026,1006027,1785-01-01,1833-12-31,ended
7001,1006028,1006029,1785-01-01,1848-12-31,ended
7001,1006030,1006031,1785-01-01,1805-12-31,ended
7001,1006032,1006033,1786-01-01,1801-12-31,ended
7001,1006034,1006035,1788-01-01,1814-12-31,ended
7001,1006036,1006037,1784-01-01,1806-12-31,ended
7001,1006038,1006039,1787-01-01,1830-12-31,ended
7001,1006040,1006041,1789-01-01,1812-12-31,ended
7001,1006042,1006043,1787-01-01,1808-12-31,ended
7001,1006044,1006045,1787-01-01,1830-12-31,ended
7001,1006046,1006047,1787-01-01,1803-12-31,ended
7001,1006048,1006049,1789-01-01,1808-12-31,ended
7001,1006051,1006052,1806-01-01,1825-12-31,ended
7001,1006053,1006054,1811-01-01,1839-12-31,ended
7001,1006055,1006056,1808-01-01,1831-12-31,ended
7001,1006057,1006058,1804-01-01,1853-12-31,ended
7001,1006059,1006060,1809-01-01,1812-12-31,ended
7001,1006061,1006062,1809-01-01,1840-12-31,ended
7001,1006063,1006064,1806-01-01,1859-12-31,ended
7001,1006065,1006066,1808-01-01,1852-12-31,ended
7001,1006067,1006068,1810-01-01,1850-12-31,ended
7001,1006069,1006070,1812-01-01,1847-12-31,ended
7001,1006071,1006072,1812-01-01,1837-12-31,ended
7001,1006073,1006074,1811-01-01,1839-12-31,ended
7001,1006075,1006076,1807-01-01,1844-12-31,ended
7001,1006077,1006078,1809-01-01,1846-12-31,ended
7001,1006079,1006080,1810-01-01,1841-12-31,ended
7001,1006081,1006082,1807-01-01,1815-12-31,ended
7001,1006083,1006084,1811-01-01,1852-12-31,ended
7001,1006085,1006086,1808-01-01,1823-12-31,ended
7001,1006087,1006088,1807-01-01,1850-12-31,ended
7001,1006089,1006090,1808-01-01,1812-12-31,ended
7001,1006091,1006092,1806-01-01,1821-12-31,ended
7001,1006093,1006094,1812-01-01,1862-12-31,ended
7001,1006095,1006096,1807-01-01,1851-12-31,ended
7001,1006097,1006098,1809-01-01,1843-12-31,ended
7001,1006099,1006100,1806-01-01,1840-12-31,ended
7001,1006101,1006102,1810-01-01,1862-12-31,ended
7001,1006103,1006104,1810-01-01,1839-12-31,ended
7001,1006105,1006106,1808-01-01,1857-12-31,ended
7001,1006107,1006108,1810-01-01,1838-12-31,ended
7001,1006109,1006110,1809-01-01,1834-12-31,ended
7001,1006111,1006112,1810-01-01,1832-12-31,ended
7001,1006113,1006114,1810-01-01,1838-12-31,ended
7001,1006115,1006116,1807-01-01,1827-12-31,ended
7001,1006117,1006118,1811-01-01,1847-12-31,ended
7001,1006119,1006120,1812-01-01,1855-12-31,ended
7001,1006121,1006122,1811-01-01,1847-12-31,ended
7001,1006123,1006124,1808-01-01,1829-12-31,ended
7001,1006125,1006126,1805-01-01,1847-12-31,ended
7001,1006127,1006128,1805-01-01,1847-12-31,ended
7001,1006129,1006130,1810-01-01,1835-12-31,ended
7001,1006131,1006132,1806-01-01,1857-12-31,ended
7001,1006133,1006134,1810-01-01,1849-12-31,ended
7001,1006135,1006136,1807-01-01,1874-12-31,ended
7001,1006137,1006138,1809-01-01,1829-12-31,ended
7001,1006139,1006140,1803-01-01,1863-12-31,ended
7001,1006141,1006142,1811-01-01,1854-12-31,ended
7001,1006143,1006144,1807-01-01,1838-12-31,ended
7001,1006145,1006146,1811-01-01,1834-12-31,ended
7001,1006147,1006148,1806-01-01,1866-12-31,ended
7001,1006149,1006150,1810-01-01,1849-12-31,ended
7001,1006151,1006152,1808-01-01,1861-12-31,ended
7001,1006153,1006154,1810-01-01,1833-12-31,ended
7001,1006155,1006156,1811-01-01,1845-12-31,ended
7001,1006157,1006158,1810-01-01,1870-12-31,ended
7001,1006159,1006160,1810-01-01,1825-12-31,ended
7001,1006161,1006162,1809-01-01,1825-12-31,ended
7001,1006163,1006164,1806-01-01,1809-12-31,ended
7001,1006165,1006166,1811-01-01,1877-12-31,ended
7001,1006167,1006168,1807-01-01,1830-12-31,ended
7001,1006169,1006170,1810-01-01,1868-12-31,ended
7001,1006171,1006172,1806-01-01,1869-12-31,ended
7001,1006173,1006174,1809-01-01,1840-12-31,ended
7001,1006175,1006176,1808-01-01,1837-12-31,ended
7001,1006177,1006178,1810-01-01,1863-12-31,ended
7001,1006179,1006180,1812-01-01,1842-12-31,ended
7001,1006181,1006182,1810-01-01,1810-12-31,ended
7001,1006183,1006184,1806-01-01,1824-12-31,ended
7001,1006185,1006186,1808-01-01,1833-12-31,ended
7001,1006187,1006188,1808-01-01,1849-12-31,ended
7001,1006189,1006190,1812-01-01,1863-12-31,ended
7001,1006191,1006192,1806-01-01,1817-12-31,ended
7001,1006193,1006194,1808-01-01,1831-12-31,ended
7001,1006195,1006196,1807-01-01,1832-12-31,ended
7001,1006197,1006198,1807-01-01,1857-12-31,ended
7001,1006199,1006200,1810-01-01,1844-12-31,ended
7001,1006201,1006202,1806-01-01,1834-12-31,ended
7001,1006203,1006204,1809-01-01,1841-12-31,ended
7001,1006205,1006206,1812-01-01,1840-12-31,ended
7001,1006207,1006208,1806-01-01,1818-12-31,ended
7001,1006209,1006210,1809-01-01,1845-12-31,ended
7001,1006211,1006212,1809-01-01,1868-12-31,ended
7001,1006213,1006214,1809-01-01,1834-12-31,ended
7001,1006215,1006216,1804-01-01,1831-12-31,ended
7001,1006217,1006218,1807-01-01,1843-12-31,ended
7001,1006219,1006220,1808-01-01,1868-12-31,ended
7001,1006221,1006222,1812-01-01,1854-12-31,ended
7001,1006223,1006224,1810-01-01,1846-12-31,ended
7001,1006225,1006226,1812-01-01,1843-12-31,ended
7001,1006227,1006228,1812-01-01,1836-12-31,ended
7001,1006229,1006230,1805-01-01,1812-12-31,ended
7001,1006231,1006232,1810-01-01,1850-12-31,ended
7001,1006233,1006234,1807-01-01,1861-12-31,ended
7001,1006235,1006236,1811-01-01,1824-12-31,ended
7001,1006237,1006238,1806-01-01,1831-12-31,ended
7001,1006239,1006240,1809-01-01,1829-12-31,ended
7001,1006241,1006242,1810-01-01,1838-12-31,ended
7001,1006243,1006244,1809-01-01,1842-12-31,ended
7001,1006245,1006246,1809-01-01,1815-12-31,ended
7001,1006247,1006248,1809-01-01,1867-12-31,ended
7001,1006249,1006250,1809-01-01,1827-12-31,ended
7001,1006251,1006252,1807-01-01,1864-12-31,ended
7001,1006253,1006254,1809-01-01,1825-12-31,ended
7001,1006255,1006256,1806-01-01,1839-12-31,ended
7001,1006257,1006258,1811-01-01,1859-12-31,ended
7001,1006259,1006260,1806-01-01,1845-12-31,ended
7001,1006261,1006262,1809-01-01,1849-12-31,ended
7001,1006263,1006264,1812-01-01,1838-12-31,ended
7001,1006265,1006266,1809-01-01,1818-12-31,ended
7001,1006267,1006268,1808-01-01,1832-12-31,ended
7001,1006269,1006270,1806-01-01,1813-12-31,ended
7001,1006271,1006272,1811-01-01,1830-12-31,ended
7001,1006273,1006274,1806-01-01,1836-12-31,ended
7001,1006275,1006276,1807-01-01,1833-12-31,ended
7001,1006277,1006278,1809-01-01,1858-12-31,ended
7001,1006279,1006280,1807-01-01,1844-12-31,ended
7001,1006281,1006282,1806-01-01,1822-12-31,ended
7001,1006283,1006284,1807-01-01,1833-12-31,ended
7001,1006285,1006286,1808-01-01,1811-12-31,ended
7001,1006287,1006288,1806-01-01,1848-12-31,ended
7001,1006289,1006290,1803-01-01,1852-12-31,ended
7001,1006291,1006292,1806-01-01,1857-12-31,ended
7001,1006293,1006294,1806-01-01,1828-12-31,ended
7001,1006295,1006296,1809-01-01,1832-12-31,ended
7001,1006297,1006298,1808-01-01,1815-12-31,ended
7001,1006299,1006300,1809-01-01,1845-12-31,ended
7001,1006301,1006302,1809-01-01,1844-12-31,ended
7001,1006303,1006304,1809-01-01,1867-12-31,ended
7001,1006305,1006306,1806-01-01,1846-12-31,ended
7001,1006307,1006308,1809-01-01,1850-12-31,ended
7001,1006309,1006310,1807-01-01,1841-12-31,ended
7001,1006311,1006312,1810-01-01,1861-12-31,ended
7001,1006313,1006314,1810-01-01,1828-12-31,ended
7001,1006315,1006316,1806-01-01,1812-12-31,ended
7001,1006317,1006318,1806-01-01,1835-12-31,ended
7001,1006319,1006320,1808-01-01,1810-12-31,ended
7001,1006321,1006322,1807-01-01,1816-12-31,ended
7001,1006323,1006324,1806-01-01,1836-12-31,ended
7001,1006325,1006326,1808-01-01,1858-12-31,ended
7001,1006327,1006328,1806-01-01,1855-12-31,ended
7001,1006329,1006330,1806-01-01,1836-12-31,ended
7001,1006331,1006332,1809-01-01,1866-12-31,ended
7001,1006333,1006334,1807-01-01,1837-12-31,ended
7001,1006335,1006336,1806-01-01,1854-12-31,ended
7001,1006337,1006338,1809-01-01,1876-12-31,ended
7001,1006339,1006340,1809-01-01,1866-12-31,ended
7001,1006341,1006342,1810-01-01,1827-12-31,ended
7001,1006343,1006344,1806-01-01,1827-12-31,ended
7001,1006345,1006346,1810-01-01,1853-12-31,ended
7001,1006347,1006348,1809-01-01,1820-12-31,ended
7001,1006349,1006350,1808-01-01,1842-12-31,ended
7001,1006351,1006352,1805-01-01,1835-12-31,ended
7001,1006353,1006354,1810-01-01,1864-12-31,ended
7001,1006355,1006356,1807-01-01,1840-12-31,ended
7001,1006357,1006358,1806-01-01,1820-12-31,ended
7001,1006359,1006360,1806-01-01,1817-12-31,ended
7001,1006361,1006362,1808-01-01,1849-12-31,ended
7001,1006363,1006364,1810-01-01,1822-12-31,ended
7001,1006365,1006366,1809-01-01,1836-12-31,ended
7001,1006367,1006368,1805-01-01,1860-12-31,ended
7001,1006369,1006370,1806-01-01,1841-12-31,ended
7001,1006371,1006372,1810-01-01,1845-12-31,ended
7001,1006373,1006374,1806-01-01,1828-12-31,ended
7001,1006375,1006376,1830-01-01,1847-12-31,ended
7001,1006377,1006378,1833-01-01,1856-12-31,ended
7001,1006379,1006380,1828-01-01,1872-12-31,ended
7001,1006381,1006382,1828-01-01,1863-12-31,ended
7001,1006383,1006384,1831-01-01,1851-12-31,ended
7001,1006385,1006386,1831-01-01,1849-12-31,ended
7001,1006387,1006388,1830-01-01,1856-12-31,ended
7001,1006389,1006390,1831-01-01,1852-12-31,ended
7001,1006391,1006392,1829-01-01,1853-12-31,ended
7001,1006393,1006394,1830-01-01,1846-12-31,ended
7001,1006395,1006396,1833-01-01,1868-12-31,ended
7001,1006397,1006398,1834-01-01,1887-12-31,ended
7001,1006399,1006400,1829-01-01,1846-12-31,ended
7001,1006401,1006402,1833-01-01,1845-12-31,ended
7001,1006403,1006404,1829-01-01,1882-12-31,ended
7001,1006405,1006406,1833-01-01,1876-12-31,ended
7001,1006407,1006408,1832-01-01,1878-12-31,ended
7001,1006409,1006410,1832-01-01,1862-12-31,ended
7001,1006411,1006412,1829-01-01,1857-12-31,ended
7001,1006413,1006414,1834-01-01,1862-12-31,ended
7001,1006415,1006416,1831-01-01,1884-12-31,ended
7001,1006417,1006418,1833-01-01,1883-12-31,ended
7001,1006419,1006420,1831-01-01,1866-12-31,ended
7001,1006421,1006422,1829-01-01,1874-12-31,ended
7001,1006423,1006424,1830-01-01,1868-12-31,ended
7001,1006425,1006426,1830-01-01,1875-12-31,ended
7001,1006427,1006428,1829-01-01,1850-12-31,ended
7001,1006429,1006430,1832-01-01,1870-12-31,ended
7001,1006431,1006432,1830-01-01,1854-12-31,ended
7001,1006433,1006434,1829-01-01,1888-12-31,ended
7001,1006435,1006436,1829-01-01,1887-12-31,ended
7001,1006437,1006438,1829-01-01,1856-12-31,ended
7001,1006439,1006440,1834-01-01,1877-12-31,ended
7001,1006441,1006442,1828-01-01,1866-12-31,ended
7001,1006443,1006444,1832-01-01,1885-12-31,ended
7001,1006445,1006446,1831-01-01,1866-12-31,ended
7001,1006447,1006448,1832-01-01,1863-12-31,ended
7001,1006449,1006450,1831-01-01,1856-12-31,ended
7001,1006451,1006452,1832-01-01,1840-12-31,ended
7001,1006453,1006454,1828-01-01,1843-12-31,ended
7001,1006455,1006456,1831-01-01,1854-12-31,ended
7001,1006457,1006458,1830-01-01,1853-12-31,ended
7001,1006459,1006460,1833-01-01,1873-12-31,ended
7001,1006461,1006462,1834-01-01,1891-12-31,ended
7001,1006463,1006464,1828-01-01,1873-12-31,ended
7001,1006465,1006466,1829-01-01,1877-12-31,ended
7001,1006467,1006468,1833-01-01,1883-12-31,ended
7001,1006469,1006470,1829-01-01,1880-12-31,ended
7001,1006471,1006472,1830-01-01,1848-12-31,ended
7001,1006473,1006474,1829-01-01,1868-12-31,ended
7001,1006475,1006476,1829-01-01,1887-12-31,ended
7001,1006477,1006478,1833-01-01,1851-12-31,ended
7001,1006479,1006480,1831-01-01,1869-12-31,ended
7001,1006481,1006482,1831-01-01,1832-12-31,ended
7001,1006483,1006484,1829-01-01,1885-12-31,ended
7001,1006485,1006486,1833-01-01,1853-12-31,ended
7001,1006487,1006488,1831-01-01,1881-12-31,ended
7001,1006489,1006490,1832-01-01,1853-12-31,ended
7001,1006491,1006492,1829-01-01,1847-12-31,ended
7001,1006493,1006494,1832-01-01,1865-12-31,ended
7001,1006495,1006496,1830-01-01,1872-12-31,ended
7001,1006497,1006498,1832-01-01,1869-12-31,ended
7001,1006499,1006500,1831-01-01,1891-12-31,ended
7001,1006501,1006502,1831-01-01,1846-12-31,ended
7001,1006503,1006504,1834-01-01,1850-12-31,ended
7001,1006505,1006506,1832-01-01,1882-12-31,ended
7001,1006507,1006508,1830-01-01,1866-12-31,ended
7001,1006509,1006510,1832-01-01,1886-12-31,ended
7001,1006511,1006512,1834-01-01,1886-12-31,ended
7001,1006513,1006514,1825-01-01,1853-12-31,ended
7001,1006515,1006516,1829-01-01,1865-12-31,ended
7001,1006517,1006518,1830-01-01,1858-12-31,ended
7001,1006519,1006520,1831-01-01,1835-12-31,ended
7001,1006521,1006522,1834-01-01,1885-12-31,ended
7001,1006523,1006524,1828-01-01,1887-12-31,ended
7001,1006525,1006526,1829-01-01,1881-12-31,ended
7001,1006527,1006528,1828-01-01,1848-12-31,ended
7001,1006529,1006530,1830-01-01,1888-12-31,ended
7001,1006531,1006532,1831-01-01,1886-12-31,ended
7001,1006533,1006534,1833-01-01,1860-12-31,ended
7001,1006535,1006536,1829-01-01,1881-12-31,ended
7001,1006537,1006538,1828-01-01,1853-12-31,ended
7001,1006539,1006540,1830-01-01,1873-12-31,ended
7001,1006541,1006542,1828-01-01,1861-12-31,ended
7001,1006543,1006544,1832-01-01,1850-12-31,ended
7001,1006545,1006546,1828-01-01,1842-12-31,ended
7001,1006547,1006548,1830-01-01,1880-12-31,ended
7001,1006549,1006550,1830-01-01,1873-12-31,ended
7001,1006551,1006552,1829-01-01,1851-12-31,ended
7001,1006553,1006554,1830-01-01,1855-12-31,ended
7001,1006555,1006556,1828-01-01,1863-12-31,ended
7001,1006557,1006558,1833-01-01,1884-12-31,ended
7001,1006559,1006560,1829-01-01,1871-12-31,ended
7001,1006561,1006562,1830-01-01,1880-12-31,ended
7001,1006563,1006564,1832-01-01,1850-12-31,ended
7001,1006565,1006566,1829-01-01,1845-12-31,ended
7001,1006567,1006568,1829-01-01,1871-12-31,ended
7001,1006569,1006570,1831-01-01,1850-12-31,ended
7001,1006571,1006572,1829-01-01,1869-12-31,ended
7001,1006573,1006574,1834-01-01,1886-12-31,ended
7001,1006575,1006576,1831-01-01,1855-12-31,ended
7001,1006577,1006578,1828-01-01,1838-12-31,ended
7001,1006579,1006580,1828-01-01,1838-12-31,ended
7001,1006581,1006582,1832-01-01,1897-12-31,ended
7001,1006583,1006584,1833-01-01,1894-12-31,ended
7001,1006585,1006586,1828-01-01,1870-12-31,ended
7001,1006587,1006588,1828-01-01,1860-12-31,ended
7001,1006589,1006590,1832-01-01,1889-12-31,ended
7001,1006591,1006592,1828-01-01,1881-12-31,ended
7001,1006593,1006594,1833-01-01,1881-12-31,ended
7001,1006595,1006596,1829-01-01,1885-12-31,ended
7001,1006597,1006598,1828-01-01,1870-12-31,ended
7001,1006599,1006600,1828-01-01,1875-12-31,ended
7001,1006601,1006602,1828-01-01,1855-12-31,ended
7001,1006603,1006604,1833-01-01,1850-12-31,ended
7001,1006605,1006606,1831-01-01,1874-12-31,ended
7001,1006607,1006608,1829-01-01,1862-12-31,ended
7001,1006609,1006610,1828-01-01,1878-12-31,ended
7001,1006611,1006612,1828-01-01,1868-12-31,ended
7001,1006613,1006614,1831-01-01,1875-12-31,ended
7001,1006615,1006616,1833-01-01,1873-12-31,ended
7001,1006617,1006618,1830-01-01,1872-12-31,ended
7001,1006619,1006620,1834-01-01,1857-12-31,ended
7001,1006621,1006622,1831-01-01,1844-12-31,ended
7001,1006623,1006624,1831-01-01,1876-12-31,ended
7001,1006625,1006626,1830-01-01,1833-12-31,ended
7001,1006627,1006628,1833-01-01,1848-12-31,ended
7001,1006629,1006630,1828-01-01,1879-12-31,ended
7001,1006631,1006632,1831-01-01,1857-12-31,ended
7001,1006633,1006634,1834-01-01,1858-12-31,ended
7001,1006635,1006636,1831-01-01,1852-12-31,ended
7001,1006637,1006638,1831-01-01,1854-12-31,ended
7001,1006639,1006640,1829-01-01,1851-12-31,ended
7001,1006641,1006642,1832-01-01,1861-12-31,ended
7001,1006643,1006644,1831-01-01,1887-12-31,ended
7001,1006645,1006646,1828-01-01,1871-12-31,ended
7001,1006647,1006648,1833-01-01,1872-12-31,ended
7001,1006649,1006650,1829-01-01,1870-12-31,ended
7001,1006651,1006652,1829-01-01,1863-12-31,ended
7001,1006653,1006654,1831-01-01,1866-12-31,ended
7001,1006655,1006656,1832-01-01,1840-12-31,ended
7001,1006657,1006658,1832-01-01,1852-12-31,ended
7001,1006659,1006660,1832-01-01,1875-12-31,ended
7001,1006661,1006662,1830-01-01,1869-12-31,ended
7001,1006663,1006664,1834-01-01,1855-12-31,ended
7001,1006665,1006666,1831-01-01,1885-12-31,ended
7001,1006667,1006668,1833-01-01,1876-12-31,ended
7001,1006669,1006670,1853-01-01,1871-12-31,ended
7001,1006669,1006672,1851-01-01,1871-12-31,ended
7001,1006670,1006933,1855-01-01,1892-12-31,ended
7001,1006671,1006672,1852-01-01,1892-12-31,ended
7001,1006671,1006674,1851-01-01,1858-12-31,ended
7001,1006673,1006674,1855-01-01,1858-12-31,ended
7001,1006673,1006676,1853-01-01,1883-12-31,ended
7001,1006675,1006676,1851-01-01,1883-12-31,ended
7001,1006675,1006678,1854-01-01,1872-12-31,ended
7001,1006677,1006678,1849-01-01,1872-12-31,ended
7001,1006677,1006680,1854-01-01,1871-12-31,ended
7001,1006679,1006680,1854-01-01,1871-12-31,ended
7001,1006679,1006682,1852-01-01,1882-12-31,ended
7001,1006681,1006682,1850-01-01,1896-12-31,ended
7001,1006681,1006684,1854-01-01,1876-12-31,ended
7001,1006683,1006684,1851-01-01,1876-12-31,ended
7001,1006683,1006686,1852-01-01,1896-12-31,ended
7001,1006685,1006686,1850-01-01,1906-12-31,ended
7001,1006685,1006688,1850-01-01,1906-12-31,ended
7001,1006687,1006688,1851-01-01,1900-12-31,ended
7001,1006687,1006690,1854-01-01,1900-12-31,ended
7001,1006689,1006690,1850-01-01,1921-12-31,ended
7001,1006689,1006692,1852-01-01,1873-12-31,ended
7001,1006691,1006692,1852-01-01,1863-12-31,ended
7001,1006691,1006694,1850-01-01,1863-12-31,ended
7001,1006693,1006694,1853-01-01,1898-12-31,ended
7001,1006693,1006696,1853-01-01,1862-12-31,ended
7001,1006695,1006696,1852-01-01,1862-12-31,ended
7001,1006695,1006698,1850-01-01,1908-12-31,ended
7001,1006697,1006698,1851-01-01,1913-12-31,ended
7001,1006697,1006700,1856-01-01,1920-12-31,ended
7001,1006699,1006700,1850-01-01,1893-12-31,ended
7001,1006699,1006702,1849-01-01,1893-12-31,ended
7001,1006701,1006702,1853-01-01,1910-12-31,ended
7001,1006701,1006704,1852-01-01,1895-12-31,ended
7001,1006703,1006704,1855-01-01,1893-12-31,ended
7001,1006703,1006706,1854-01-01,1870-12-31,ended
7001,1006705,1006706,1851-01-01,1870-12-31,ended
7001,1006705,1006708,1855-01-01,1860-12-31,ended
7001,1006707,1006708,1854-01-01,1860-12-31,ended
7001,1006707,1006710,1854-01-01,1901-12-31,ended
7001,1006709,1006710,1854-01-01,1917-12-31,ended
7001,1006709,1006712,1855-01-01,1896-12-31,ended
7001,1006711,1006712,1852-01-01,1890-12-31,ended
7001,1006711,1006714,1853-01-01,1865-12-31,ended
7001,1006713,1006714,1854-01-01,1865-12-31,ended
7001,1006713,1006716,1850-01-01,1872-12-31,ended
7001,1006715,1006716,1853-01-01,1878-12-31,ended
7001,1006715,1006718,1853-01-01,1878-12-31,ended
7001,1006717,1006718,1850-01-01,1878-12-31,ended
7001,1006717,1006720,1851-01-01,1878-12-31,ended
7001,1006719,1006720,1850-01-01,1897-12-31,ended
7001,1006719,1006722,1855-01-01,1873-12-31,ended
7001,1006721,1006722,1852-01-01,1873-12-31,ended
7001,1006721,1006724,1850-01-01,1889-12-31,ended
7001,1006723,1006724,1853-01-01,1905-12-31,ended
7001,1006723,1006726,1854-01-01,1886-12-31,ended
7001,1006725,1006726,1851-01-01,1886-12-31,ended
7001,1006725,1006728,1851-01-01,1912-12-31,ended
7001,1006727,1006728,1854-01-01,1874-12-31,ended
7001,1006727,1006730,1851-01-01,1874-12-31,ended
7001,1006729,1006730,1852-01-01,1893-12-31,ended
7001,1006729,1006732,1853-01-01,1891-12-31,ended
7001,1006731,1006732,1854-01-01,1891-12-31,ended
7001,1006731,1006734,1854-01-01,1896-12-31,ended
7001,1006733,1006734,1850-01-01,1907-12-31,ended
7001,1006733,1006736,1853-01-01,1882-12-31,ended
7001,1006735,1006736,1853-01-01,1882-12-31,ended
7001,1006735,1006738,1852-01-01,1901-12-31,ended
7001,1006737,1006738,1854-01-01,1887-12-31,ended
7001,1006737,1006740,1852-01-01,1871-12-31,ended
7001,1006739,1006740,1855-01-01,1871-12-31,ended
7001,1006739,1006742,1854-01-01,1903-12-31,ended
7001,1006741,1006742,1851-01-01,1892-12-31,ended
7001,1006741,1006744,1850-01-01,1872-12-31,ended
7001,1006743,1006744,1853-01-01,1872-12-31,ended
7001,1006743,1006746,1849-01-01,1920-12-31,ended
7001,1006745,1006746,1850-01-01,1920-12-31,ended
7001,1006745,1006748,1851-01-01,1922-12-31,ended
7001,1006747,1006748,1854-01-01,1917-12-31,ended
7001,1006747,1006750,1855-01-01,1863-12-31,ended
7001,1006749,1006750,1848-01-01,1863-12-31,ended
7001,1006749,1006752,1850-01-01,1870-12-31,ended
7001,1006751,1006752,1856-01-01,1870-12-31,ended
7001,1006751,1006754,1853-01-01,1888-12-31,ended
7001,1006753,1006754,1855-01-01,1919-12-31,ended
7001,1006753,1006756,1855-01-01,1919-12-31,ended
7001,1006755,1006756,1851-01-01,1872-12-31,ended
7001,1006755,1006758,1852-01-01,1872-12-31,ended
7001,1006757,1006758,1849-01-01,1866-12-31,ended
7001,1006757,1006760,1851-01-01,1866-12-31,ended
7001,1006759,1006760,1856-01-01,1872-12-31,ended
7001,1006759,1006762,1854-01-01,1872-12-31,ended
7001,1006761,1006762,1851-01-01,1913-12-31,ended
7001,1006761,1006764,1852-01-01,1924-12-31,ended
7001,1006763,1006764,1856-01-01,1909-12-31,ended
7001,1006763,1006766,1852-01-01,1909-12-31,ended
7001,1006765,1006766,1850-01-01,1889-12-31,ended
7001,1006765,1006768,1854-01-01,1887-12-31,ended
7001,1006767,1006768,1855-01-01,1887-12-31,ended
7001,1006767,1006770,1851-01-01,1861-12-31,ended
7001,1006769,1006770,1850-01-01,1861-12-31,ended
7001,1006769,1006772,1851-01-01,1909-12-31,ended
7001,1006771,1006772,1851-01-01,1903-12-31,ended
7001,1006771,1006774,1852-01-01,1901-12-31,ended
7001,1006773,1006774,1851-01-01,1873-12-31,ended
7001,1006773,1006776,1850-01-01,1873-12-31,ended
7001,1006775,1006776,1853-01-01,1890-12-31,ended
7001,1006775,1006778,1850-01-01,1890-12-31,ended
7001,1006777,1006778,1853-01-01,1897-12-31,ended
7001,1006777,1006780,1852-01-01,1897-12-31,ended
7001,1006779,1006780,1854-01-01,1907-12-31,ended
7001,1006779,1006782,1853-01-01,1907-12-31,ended
7001,1006781,1006782,1850-01-01,1920-12-31,ended
7001,1006781,1006784,1852-01-01,1890-12-31,ended
7001,1006783,1006784,1852-01-01,1890-12-31,ended
7001,1006783,1006786,1854-01-01,1877-12-31,ended
7001,1006785,1006786,1851-01-01,1877-12-31,ended
7001,1006785,1006788,1850-01-01,1890-12-31,ended
7001,1006787,1006788,1852-01-01,1864-12-31,ended
7001,1006787,1006790,1850-01-01,1864-12-31,ended
7001,1006789,1006790,1852-01-01,1899-12-31,ended
7001,1006789,1006792,1853-01-01,1864-12-31,ended
7001,1006791,1006792,1855-01-01,1864-12-31,ended
7001,1006791,1006794,1853-01-01,1903-12-31,ended
7001,1006793,1006794,1851-01-01,1914-12-31,ended
7001,1006793,1006796,1855-01-01,1876-12-31,ended
7001,1006795,1006796,1853-01-01,1876-12-31,ended
7001,1006795,1006798,1856-01-01,1876-12-31,ended
7001,1006797,1006798,1855-01-01,1918-12-31,ended
7001,1006797,1006800,1851-01-01,1918-12-31,ended
7001,1006799,1006800,1852-01-01,1912-12-31,ended
7001,1006799,1006802,1852-01-01,1896-12-31,ended
7001,1006801,1006802,1855-01-01,1882-12-31,ended
7001,1006801,1006804,1856-01-01,1869-12-31,ended
7001,1006803,1006804,1850-01-01,1869-12-31,ended
7001,1006803,1006806,1855-01-01,1909-12-31,ended
7001,1006805,1006806,1856-01-01,1860-12-31,ended
7001,1006805,1006808,1850-01-01,1860-12-31,ended
7001,1006807,1006808,1851-01-01,1899-12-31,ended
7001,1006807,1006810,1851-01-01,1899-12-31,ended
7001,1006809,1006810,1854-01-01,1879-12-31,ended
7001,1006809,1006812,1853-01-01,1879-12-31,ended
7001,1006811,1006812,1854-01-01,1893-12-31,ended
7001,1006811,1006814,1852-01-01,1877-12-31,ended
7001,1006813,1006814,1855-01-01,1877-12-31,ended
7001,1006813,1006816,1853-01-01,1912-12-31,ended
7001,1006815,1006816,1855-01-01,1910-12-31,ended
7001,1006815,1006818,1852-01-01,1902-12-31,ended
7001,1006817,1006818,1851-01-01,1887-12-31,ended
7001,1006817,1006820,1855-01-01,1887-12-31,ended
7001,1006819,1006820,1851-01-01,1905-12-31,ended
7001,1006819,1006822,1852-01-01,1905-12-31,ended
7001,1006821,1006822,1851-01-01,1904-12-31,ended
7001,1006821,1006824,1852-01-01,1901-12-31,ended
7001,1006823,1006824,1854-01-01,1867-12-31,ended
7001,1006823,1006826,1854-01-01,1867-12-31,ended
7001,1006825,1006826,1854-01-01,1887-12-31,ended
7001,1006825,1006828,1853-01-01,1880-12-31,ended
7001,1006827,1006828,1855-01-01,1880-12-31,ended
7001,1006827,1006830,1854-01-01,1900-12-31,ended
7001,1006829,1006830,1854-01-01,1900-12-31,ended
7001,1006829,1006832,1850-01-01,1865-12-31,ended
7001,1006831,1006832,1856-01-01,1865-12-31,ended
7001,1006831,1006834,1856-01-01,1893-12-31,ended
7001,1006833,1006834,1852-01-01,1893-12-31,ended
7001,1006833,1006836,1851-01-01,1898-12-31,ended
7001,1006835,1006836,1855-01-01,1920-12-31,ended
7001,1006835,1006838,1849-01-01,1880-12-31,ended
7001,1006837,1006838,1851-01-01,1880-12-31,ended
7001,1006837,1006840,1856-01-01,1901-12-31,ended
7001,1006839,1006840,1853-01-01,1901-12-31,ended
7001,1006839,1006842,1855-01-01,1914-12-31,ended
7001,1006841,1006842,1850-01-01,1914-12-31,ended
7001,1006841,1006844,1850-01-01,1877-12-31,ended
7001,1006843,1006844,1853-01-01,1877-12-31,ended
7001,1006843,1006846,1853-01-01,1863-12-31,ended
7001,1006845,1006846,1851-01-01,1863-12-31,ended
7001,1006845,1006848,1855-01-01,1892-12-31,ended
7001,1006847,1006848,1855-01-01,1892-12-31,ended
7001,1006847,1006850,1855-01-01,1893-12-31,ended
7001,1006849,1006850,1850-01-01,1895-12-31,ended
7001,1006849,1006852,1852-01-01,1924-12-31,ended
7001,1006851,1006852,1855-01-01,1890-12-31,ended
7001,1006851,1006854,1849-01-01,1878-12-31,ended
7001,1006853,1006854,1849-01-01,1878-12-31,ended
7001,1006853,1006856,1850-01-01,1854-12-31,ended
7001,1006855,1006856,1850-01-01,1854-12-31,ended
7001,1006855,1006858,1852-01-01,1885-12-31,ended
7001,1006857,1006858,1854-01-01,1885-12-31,ended
7001,1006857,1006860,1850-01-01,1862-12-31,ended
7001,1006859,1006860,1852-01-01,1862-12-31,ended
7001,1006859,1006862,1850-01-01,1906-12-31,ended
7001,1006861,1006862,1851-01-01,1893-12-31,ended
7001,1006861,1006864,1852-01-01,1879-12-31,ended
7001,1006863,1006864,1851-01-01,1879-12-31,ended
7001,1006863,1006866,1850-01-01,1890-12-31,ended
7001,1006865,1006866,1852-01-01,1907-12-31,ended
7001,1006865,1006868,1852-01-01,1882-12-31,ended
7001,1006867,1006868,1852-01-01,1882-12-31,ended
7001,1006867,1006870,1854-01-01,1900-12-31,ended
7001,1006869,1006870,1850-01-01,1889-12-31,ended
7001,1006869,1006872,1850-01-01,1889-12-31,ended
7001,1006871,1006872,1856-01-01,1888-12-31,ended
7001,1006871,1006874,1856-01-01,1888-12-31,ended
7001,1006873,1006874,1851-01-01,1892-12-31,ended
7001,1006873,1006876,1853-01-01,1880-12-31,ended
7001,1006875,1006876,1855-01-01,1880-12-31,ended
7001,1006877,1006878,1855-01-01,1866-12-31,ended
7001,1006879,1006880,1851-01-01,1900-12-31,ended
7001,1006881,1006882,1852-01-01,1900-12-31,ended
7001,1006883,1006884,1852-01-01,1870-12-31,ended
7001,1006885,1006886,1853-01-01,1880-12-31,ended
7001,1006887,1006888,1850-01-01,1897-12-31,ended
7001,1006889,1006890,1851-01-01,1895-12-31,ended
7001,1006891,1006892,1853-01-01,1886-12-31,ended
7001,1006893,1006894,1853-01-01,1886-12-31,ended
7001,1006895,1006896,1856-01-01,1894-12-31,ended
7001,1006897,1006898,1850-01-01,1859-12-31,ended
7001,1006899,1006900,1855-01-01,1886-12-31,ended
7001,1006901,1006902,1851-01-01,1887-12-31,ended
7001,1006903,1006904,1855-01-01,1902-12-31,ended
7001,1006905,1006906,1856-01-01,1876-12-31,ended
7001,1006907,1006908,1853-01-01,1867-12-31,ended
7001,1006909,1006910,1853-01-01,1865-12-31,ended
7001,1006911,1006912,1850-01-01,1878-12-31,ended
7001,1006913,1006914,1852-01-01,1877-12-31,ended
7001,1006915,1006916,1856-01-01,1883-12-31,ended
7001,1006917,1006918,1852-01-01,1882-12-31,ended
7001,1006919,1006920,1850-01-01,1877-12-31,ended
7001,1006921,1006922,1851-01-01,1898-12-31,ended
7001,1006923,1006924,1851-01-01,1917-12-31,ended
7001,1006925,1006926,1852-01-01,1903-12-31,ended
7001,1006927,1006928,1854-01-01,1893-12-31,ended
7001,1006929,1006930,1852-01-01,1903-12-31,ended
7001,1006931,1006932,1854-01-01,1883-12-31,ended
7001,1006934,1006935,1878-01-01,1934-12-31,ended
7001,1006936,1006937,1872-01-01,1902-12-31,ended
7001,1006938,1006939,1874-01-01,1877-12-31,ended
7001,1006940,1006941,1872-01-01,1878-12-31,ended
7001,1006942,1006943,1873-01-01,1886-12-31,ended
7001,1006944,1006945,1877-01-01,1909-12-31,ended
7001,1006946,1006947,1874-01-01,1879-12-31,ended
7001,1006948,1006949,1873-01-01,1899-12-31,ended
7001,1006950,1006951,1875-01-01,1894-12-31,ended
7001,1006952,1006953,1877-01-01,1904-12-31,ended
7001,1006954,1006955,1875-01-01,1877-12-31,ended
7001,1006956,1006957,1873-01-01,1947-12-31,ended
7001,1006958,1006959,1876-01-01,1884-12-31,ended
7001,1006960,1006961,1875-01-01,1940-12-31,ended
7001,1006962,1006963,1872-01-01,1895-12-31,ended
7001,1006964,1006965,1876-01-01,1902-12-31,ended
7001,1006966,1006967,1874-01-01,1945-12-31,ended
7001,1006968,1006969,1877-01-01,1888-12-31,ended
7001,1006970,1006971,1876-01-01,1926-12-31,ended
7001,1006972,1006973,1876-01-01,1925-12-31,ended
7001,1006974,1006975,1876-01-01,1907-12-31,ended
7001,1006976,1006977,1875-01-01,1931-12-31,ended
7001,1006978,1006979,1873-01-01,1929-12-31,ended
7001,1006980,1006981,1872-01-01,1903-12-31,ended
7001,1006982,1006983,1875-01-01,1891-12-31,ended
7001,1006984,1006985,1874-01-01,1880-12-31,ended
7001,1006986,1006987,1872-01-01,1927-12-31,ended
7001,1006988,1006989,1874-01-01,1886-12-31,ended
7001,1006990,1006991,1873-01-01,1885-12-31,ended
7001,1006992,1006993,1872-01-01,1923-12-31,ended
7001,1006994,1006995,1876-01-01,1929-12-31,ended
7001,1006996,1006997,1873-01-01,1913-12-31,ended
7001,1006998,1006999,1872-01-01,1910-12-31,ended
7001,1007000,1007001,1872-01-01,1930-12-31,ended
7001,1007002,1007003,1875-01-01,1875-12-31,ended
7001,1007004,1007005,1876-01-01,1905-12-31,ended
7001,1007006,1007007,1875-01-01,1946-12-31,ended
7001,1007008,1007009,1876-01-01,1890-12-31,ended
7001,1007010,1007011,1878-01-01,1934-12-31,ended
7001,1007012,1007013,1876-01-01,1883-12-31,ended
7001,1007014,1007015,1875-01-01,1897-12-31,ended
7001,1007016,1007017,1875-01-01,1915-12-31,ended
7001,1007018,1007019,1875-01-01,1912-12-31,ended
7001,1007020,1007021,1872-01-01,1925-12-31,ended
7001,1007022,1007023,1873-01-01,1912-12-31,ended
7001,1007024,1007025,1875-01-01,1905-12-31,ended
7001,1007026,1007027,1876-01-01,1886-12-31,ended
7001,1007028,1007029,1875-01-01,1918-12-31,ended
7001,1007030,1007031,1875-01-01,1936-12-31,ended
7001,1007032,1007033,1872-01-01,1906-12-31,ended
7001,1007034,1007035,1873-01-01,1901-12-31,ended
7001,1007036,1007037,1877-01-01,1907-12-31,ended
7001,1007038,1007039,1877-01-01,1908-12-31,ended
7001,1007040,1007041,1874-01-01,1912-12-31,ended
7001,1007042,1007043,1878-01-01,1878-12-31,ended
7001,1007044,1007045,1874-01-01,1919-12-31,ended
7001,1007046,1007047,1876-01-01,1904-12-31,ended
7001,1007048,1007049,1873-01-01,1873-12-31,ended
7001,1007050,1007051,1874-01-01,1901-12-31,ended
7001,1007052,1007053,1873-01-01,1921-12-31,ended
7001,1007054,1007055,1873-01-01,1891-12-31,ended
7001,1007056,1007057,1876-01-01,1920-12-31,ended
7001,1007058,1007059,1873-01-01,1934-12-31,ended
7001,1007060,1007061,1872-01-01,1920-12-31,ended
7001,1007062,1007063,1877-01-01,1916-12-31,ended
7001,1007064,1007065,1877-01-01,1899-12-31,ended
7001,1007066,1007067,1874-01-01,1912-12-31,ended
7001,1007068,1007069,1872-01-01,1884-12-31,ended
7001,1007070,1007071,1877-01-01,1921-12-31,ended
7001,1007072,1007073,1876-01-01,1945-12-31,ended
7001,1007074,1007075,1875-01-01,1923-12-31,ended
7001,1007076,1007077,1875-01-01,1906-12-31,ended
7001,1007078,1007079,1873-01-01,1912-12-31,ended
7001,1007080,1007081,1873-01-01,1900-12-31,ended
7001,1007082,1007083,1878-01-01,1903-12-31,ended
7001,1007084,1007085,1876-01-01,1934-12-31,ended
7001,1007086,1007087,1873-01-01,1917-12-31,ended
7001,1007088,1007089,1873-01-01,1915-12-31,ended
7001,1007090,1007091,1875-01-01,1879-12-31,ended
7001,1007092,1007093,1878-01-01,1899-12-31,ended
7001,1007094,1007095,1873-01-01,1913-12-31,ended
7001,1007096,1007097,1872-01-01,1903-12-31,ended
7001,1007098,1007099,1873-01-01,1916-12-31,ended
7001,1007100,1007101,1876-01-01,1891-12-31,ended
7001,1007102,1007103,1877-01-01,1938-12-31,ended
7001,1007104,1007105,1874-01-01,1933-12-31,ended
7001,1007106,1007107,1872-01-01,1918-12-31,ended
7001,1007108,1007109,1876-01-01,1889-12-31,ended
7001,1007110,1007111,1875-01-01,1926-12-31,ended
7001,1007112,1007113,1873-01-01,1921-12-31,ended
7001,1007114,1007115,1875-01-01,1888-12-31,ended
7001,1007116,1007117,1872-01-01,1929-12-31,ended
7001,1007118,1007119,1874-01-01,1910-12-31,ended
7001,1007120,1007121,1874-01-01,1885-12-31,ended
7001,1007122,1007123,1875-01-01,1909-12-31,ended
7001,1007124,1007125,1875-01-01,1925-12-31,ended
7001,1007126,1007127,1872-01-01,1899-12-31,ended
7001,1007128,1007129,1876-01-01,1913-12-31,ended
7001,1007130,1007131,1876-01-01,1915-12-31,ended
7001,1007132,1007133,1874-01-01,1920-12-31,ended
7001,1007134,1007135,1874-01-01,1902-12-31,ended
7001,1007136,1007137,1875-01-01,1899-12-31,ended
7001,1007138,1007139,1877-01-01,1880-12-31,ended
7001,1007140,1007141,1877-01-01,1920-12-31,ended
7001,1007142,1007143,1873-01-01,1911-12-31,ended
7001,1007144,1007145,1876-01-01,1930-12-31,ended
7001,1007146,1007147,1873-01-01,1930-12-31,ended
7001,1007148,1007149,1876-01-01,1895-12-31,ended
7001,1007150,1007151,1872-01-01,1904-12-31,ended
7001,1007152,1007153,1876-01-01,1909-12-31,ended
7001,1007154,1007155,1874-01-01,1888-12-31,ended
7001,1007156,1007157,1875-01-01,1913-12-31,ended
7001,1007158,1007159,1875-01-01,1930-12-31,ended
7001,1007160,1007161,1873-01-01,1892-12-31,ended
7001,1007162,1007163,1873-01-01,1906-12-31,ended
7001,1007164,1007165,1875-01-01,1931-12-31,ended
7001,1007166,1007167,1873-01-01,1883-12-31,ended
7001,1007168,1007169,1878-01-01,1916-12-31,ended
7001,1007170,1007171,1900-01-01,1954-12-31,ended
7001,1007170,1007173,1897-01-01,1904-12-31,ended
7001,1007171,1007376,1898-01-01,1938-12-31,ended
7001,1007172,1007173,1895-01-01,1904-12-31,ended
7001,1007172,1007175,1897-01-01,1941-12-31,ended
7001,1007174,1007175,1895-01-01,1913-12-31,ended
7001,1007174,1007177,1894-01-01,1913-12-31,ended
7001,1007176,1007177,1897-01-01,1947-12-31,ended
7001,1007176,1007179,1897-01-01,1918-12-31,ended
7001,1007178,1007179,1895-01-01,1918-12-31,ended
7001,1007178,1007181,1900-01-01,1928-12-31,ended
7001,1007180,1007181,1895-01-01,1928-12-31,ended
7001,1007180,1007183,1894-01-01,1946-12-31,ended
7001,1007182,1007183,1897-01-01,1946-12-31,ended
7001,1007182,1007185,1897-01-01,1946-12-31,ended
7001,1007184,1007185,1896-01-01,1932-12-31,ended
7001,1007184,1007187,1896-01-01,1910-12-31,ended
7001,1007186,1007187,1898-01-01,1910-12-31,ended
7001,1007186,1007189,1897-01-01,1917-12-31,ended
7001,1007188,1007189,1895-01-01,1937-12-31,ended
7001,1007188,1007191,1896-01-01,1943-12-31,ended
7001,1007190,1007191,1900-01-01,1934-12-31,ended
7001,1007190,1007193,1895-01-01,1922-12-31,ended
7001,1007192,1007193,1898-01-01,1922-12-31,ended
7001,1007192,1007195,1899-01-01,1950-12-31,ended
7001,1007194,1007195,1896-01-01,1935-12-31,ended
7001,1007194,1007197,1897-01-01,1935-12-31,ended
7001,1007196,1007197,1897-01-01,1929-12-31,ended
7001,1007196,1007199,1892-01-01,1916-12-31,ended
7001,1007198,1007199,1894-01-01,1916-12-31,ended
7001,1007198,1007201,1892-01-01,1939-12-31,ended
7001,1007200,1007201,1895-01-01,1914-12-31,ended
7001,1007200,1007203,1895-01-01,1914-12-31,ended
7001,1007202,1007203,1894-01-01,1937-12-31,ended
7001,1007202,1007205,1895-01-01,1926-12-31,ended
7001,1007204,1007205,1896-01-01,1926-12-31,ended
7001,1007204,1007207,1897-01-01,1947-12-31,ended
7001,1007206,1007207,1895-01-01,1928-12-31,ended
7001,1007206,1007209,1894-01-01,1928-12-31,ended
7001,1007208,1007209,1897-01-01,1946-12-31,ended
7001,1007208,1007211,1894-01-01,1946-12-31,ended
7001,1007210,1007211,1896-01-01,1951-12-31,ended
7001,1007210,1007213,1900-01-01,1948-12-31,ended
7001,1007212,1007213,1896-01-01,1928-12-31,ended
7001,1007212,1007215,1894-01-01,1928-12-31,ended
7001,1007214,1007215,1899-01-01,1941-12-31,ended
7001,1007214,1007217,1894-01-01,1953-12-31,ended
7001,1007216,1007217,1900-01-01,1936-12-31,ended
7001,1007216,1007219,1896-01-01,1922-12-31,ended
7001,1007218,1007219,1895-01-01,1922-12-31,ended
7001,1007218,1007221,1896-01-01,1938-12-31,ended
7001,1007220,1007221,1896-01-01,1940-12-31,ended
7001,1007220,1007223,1896-01-01,1935-12-31,ended
7001,1007222,1007223,1896-01-01,1934-12-31,ended
7001,1007222,1007225,1894-01-01,1934-12-31,ended
7001,1007224,1007225,1894-01-01,1950-12-31,ended
7001,1007224,1007227,1898-01-01,1931-12-31,ended
7001,1007226,1007227,1894-01-01,1931-12-31,ended
7001,1007226,1007229,1894-01-01,1937-12-31,ended
7001,1007228,1007229,1895-01-01,1920-12-31,ended
7001,1007228,1007231,1895-01-01,1920-12-31,ended
7001,1007230,1007231,1897-01-01,1946-12-31,ended
7001,1007230,1007233,1898-01-01,1940-12-31,ended
7001,1007232,1007233,1896-01-01,1935-12-31,ended
7001,1007232,1007235,1896-01-01,1935-12-31,ended
7001,1007234,1007235,1895-01-01,1950-12-31,ended
7001,1007234,1007237,1898-01-01,1957-12-31,ended
7001,1007236,1007237,1895-01-01,1911-12-31,ended
7001,1007236,1007239,1894-01-01,1911-12-31,ended
7001,1007238,1007239,1900-01-01,1951-12-31,ended
7001,1007238,1007241,1897-01-01,1951-12-31,ended
7001,1007240,1007241,1896-01-01,1961-12-31,ended
7001,1007240,1007243,1896-01-01,1946-12-31,ended
7001,1007242,1007243,1897-01-01,1946-12-31,ended
7001,1007242,1007245,1896-01-01,1944-12-31,ended
7001,1007244,1007245,1894-01-01,1944-12-31,ended
7001,1007244,1007247,1897-01-01,1954-12-31,ended
7001,1007246,1007247,1894-01-01,1954-12-31,ended
7001,1007246,1007249,1898-01-01,1958-12-31,ended
7001,1007248,1007249,1896-01-01,1954-12-31,ended
7001,1007248,1007251,1899-01-01,1954-12-31,ended
7001,1007250,1007251,1894-01-01,1911-12-31,ended
7001,1007250,1007253,1894-01-01,1911-12-31,ended
7001,1007252,1007253,1896-01-01,1917-12-31,ended
7001,1007252,1007255,1896-01-01,1917-12-31,ended
7001,1007254,1007255,1895-01-01,1961-12-31,ended
7001,1007254,1007257,1894-01-01,1930-12-31,ended
7001,1007256,1007257,1897-01-01,1928-12-31,ended
7001,1007256,1007259,1895-01-01,1928-12-31,ended
7001,1007258,1007259,1895-01-01,1941-12-31,ended
7001,1007258,1007261,1897-01-01,1941-12-31,ended
7001,1007260,1007261,1897-01-01,1934-12-31,ended
7001,1007260,1007263,1899-01-01,1924-12-31,ended
7001,1007262,1007263,1894-01-01,1924-12-31,ended
7001,1007262,1007265,1899-01-01,1940-12-31,ended
7001,1007264,1007265,1895-01-01,1940-12-31,ended
7001,1007264,1007267,1899-01-01,1943-12-31,ended
7001,1007266,1007267,1895-01-01,1926-12-31,ended
7001,1007266,1007269,1894-01-01,1905-12-31,ended
7001,1007268,1007269,1896-01-01,1905-12-31,ended
7001,1007268,1007271,1896-01-01,1938-12-31,ended
7001,1007270,1007271,1897-01-01,1938-12-31,ended
7001,1007270,1007273,1898-01-01,1959-12-31,ended
7001,1007272,1007273,1899-01-01,1921-12-31,ended
7001,1007272,1007275,1899-01-01,1921-12-31,ended
7001,1007274,1007275,1897-01-01,1923-12-31,ended
7001,1007274,1007277,1896-01-01,1947-12-31,ended
7001,1007276,1007277,1899-01-01,1915-12-31,ended
7001,1007276,1007279,1895-01-01,1915-12-31,ended
7001,1007278,1007279,1895-01-01,1953-12-31,ended
7001,1007278,1007281,1896-01-01,1953-12-31,ended
7001,1007280,1007281,1895-01-01,1908-12-31,ended
7001,1007280,1007283,1894-01-01,1908-12-31,ended
7001,1007282,1007283,1899-01-01,1927-12-31,ended
7001,1007282,1007285,1896-01-01,1927-12-31,ended
7001,1007284,1007285,1896-01-01,1947-12-31,ended
7001,1007284,1007287,1899-01-01,1951-12-31,ended
7001,1007286,1007287,1898-01-01,1951-12-31,ended
7001,1007286,1007289,1897-01-01,1932-12-31,ended
7001,1007288,1007289,1896-01-01,1908-12-31,ended
7001,1007288,1007291,1895-01-01,1908-12-31,ended
7001,1007290,1007291,1898-01-01,1914-12-31,ended
7001,1007290,1007293,1898-01-01,1904-12-31,ended
7001,1007292,1007293,1896-01-01,1904-12-31,ended
7001,1007292,1007295,1895-01-01,1956-12-31,ended
7001,1007294,1007295,1894-01-01,1960-12-31,ended
7001,1007294,1007297,1896-01-01,1955-12-31,ended
7001,1007296,1007297,1899-01-01,1928-12-31,ended
7001,1007296,1007299,1896-01-01,1928-12-31,ended
7001,1007298,1007299,1897-01-01,1911-12-31,ended
7001,1007298,1007301,1900-01-01,1911-12-31,ended
7001,1007300,1007301,1900-01-01,1948-12-31,ended
7001,1007300,1007303,1897-01-01,1948-12-31,ended
7001,1007302,1007303,1894-01-01,1944-12-31,ended
7001,1007302,1007305,1895-01-01,1935-12-31,ended
7001,1007304,1007305,1894-01-01,1935-12-31,ended
7001,1007304,1007307,1899-01-01,1961-12-31,ended
7001,1007306,1007307,1898-01-01,1931-12-31,ended
7001,1007306,1007309,1896-01-01,1931-12-31,ended
7001,1007308,1007309,1896-01-01,1950-12-31,ended
7001,1007308,1007311,1899-01-01,1934-12-31,ended
7001,1007310,1007311,1895-01-01,1934-12-31,ended
7001,1007310,1007313,1896-01-01,1911-12-31,ended
7001,1007312,1007313,1899-01-01,1911-12-31,ended
7001,1007312,1007315,1894-01-01,1923-12-31,ended
7001,1007314,1007315,1891-01-01,1923-12-31,ended
7001,1007314,1007317,1898-01-01,1952-12-31,ended
7001,1007316,1007317,1895-01-01,1962-12-31,ended
7001,1007318,1007319,1894-01-01,1920-12-31,ended
7001,1007320,1007321,1897-01-01,1917-12-31,ended
7001,1007322,1007323,1894-01-01,1926-12-31,ended
7001,1007324,1007325,1899-01-01,1925-12-31,ended
7001,1007326,1007327,1896-01-01,1908-12-31,ended
7001,1007328,1007329,1896-01-01,1931-12-31,ended
7001,1007330,1007331,1900-01-01,1946-12-31,ended
7001,1007332,1007333,1893-01-01,1903-12-31,ended
7001,1007334,1007335,1899-01-01,1934-12-31,ended
7001,1007336,1007337,1894-01-01,1911-12-31,ended
7001,1007338,1007339,1898-01-01,1942-12-31,ended
7001,1007340,1007341,1895-01-01,1951-12-31,ended
7001,1007342,1007343,1897-01-01,1952-12-31,ended
7001,1007344,1007345,1897-01-01,1930-12-31,ended
7001,1007346,1007347,1896-01-01,1929-12-31,ended
7001,1007348,1007349,1899-01-01,1940-12-31,ended
7001,1007350,1007351,1896-01-01,1947-12-31,ended
7001,1007352,1007353,1895-01-01,1939-12-31,ended
7001,1007354,1007355,1897-01-01,1940-12-31,ended
7001,1007356,1007357,1900-01-01,1914-12-31,ended
7001,1007358,1007359,1898-01-01,1925-12-31,ended
7001,1007360,1007361,1894-01-01,1938-12-31,ended
7001,1007362,1007363,1894-01-01,1947-12-31,ended
7001,1007364,1007365,1895-01-01,1912-12-31,ended
7001,1007366,1007367,1896-01-01,1921-12-31,ended
7001,1007368,1007369,1900-01-01,1910-12-31,ended
7001,1007370,1007371,1894-01-01,1932-12-31,ended
7001,1007372,1007373,1899-01-01,1932-12-31,ended
7001,1007374,1007375,1895-01-01,1940-12-31,ended
7001,1007377,1007378,1916-01-01,1963-12-31,ended
7001,1007377,1007380,1919-01-01,1941-12-31,ended
7001,1007378,1007553,1918-01-01,1947-12-31,ended
7001,1007379,1007380,1917-01-01,1941-12-31,ended
7001,1007379,1007382,1919-01-01,1941-12-31,ended
7001,1007381,1007382,1922-01-01,1941-12-31,ended
7001,1007381,1007384,1920-01-01,1924-12-31,ended
7001,1007383,1007384,1917-01-01,1924-12-31,ended
7001,1007383,1007386,1918-01-01,1928-12-31,ended
7001,1007385,1007386,1916-01-01,1957-12-31,ended
7001,1007385,1007388,1918-01-01,1957-12-31,ended
7001,1007387,1007388,1918-01-01,1972-12-31,ended
7001,1007387,1007390,1922-01-01,1976-12-31,ended
7001,1007389,1007390,1916-01-01,1966-12-31,ended
7001,1007389,1007392,1919-01-01,1966-12-31,ended
7001,1007391,1007392,1916-01-01,1969-12-31,ended
7001,1007391,1007394,1919-01-01,1970-12-31,ended
7001,1007393,1007394,1918-01-01,1938-12-31,ended
7001,1007393,1007396,1917-01-01,1938-12-31,ended
7001,1007395,1007396,1918-01-01,1930-12-31,ended
7001,1007395,1007398,1917-01-01,1930-12-31,ended
7001,1007397,1007398,1920-01-01,1955-12-31,ended
7001,1007397,1007400,1919-01-01,1955-12-31,ended
7001,1007399,1007400,1917-01-01,1981-12-31,ended
7001,1007399,1007402,1919-01-01,1958-12-31,ended
7001,1007401,1007402,1916-01-01,1933-12-31,ended
7001,1007401,1007404,1922-01-01,1933-12-31,ended
7001,1007403,1007404,1918-01-01,1961-12-31,ended
7001,1007403,1007406,1920-01-01,1961-12-31,ended
7001,1007405,1007406,1916-01-01,1994-12-31,ended
7001,1007405,1007408,1919-01-01,1985-12-31,ended
7001,1007407,1007408,1920-01-01,1951-12-31,ended
7001,1007407,1007410,1916-01-01,1951-12-31,ended
7001,1007409,1007410,1916-01-01,1967-12-31,ended
7001,1007409,1007412,1919-01-01,1967-12-31,ended
7001,1007411,1007412,1922-01-01,1980-12-31,ended
7001,1007411,1007414,1922-01-01,1931-12-31,ended
7001,1007413,1007414,1920-01-01,1931-12-31,ended
7001,1007413,1007416,1917-01-01,1939-12-31,ended
7001,1007415,1007416,1916-01-01,1939-12-31,ended
7001,1007415,1007418,1916-01-01,1945-12-31,ended
7001,1007417,1007418,1916-01-01,1945-12-31,ended
7001,1007417,1007420,1919-01-01,1949-12-31,ended
7001,1007419,1007420,1917-01-01,1949-12-31,ended
7001,1007419,1007422,1919-01-01,1954-12-31,ended
7001,1007421,1007422,1916-01-01,1938-12-31,ended
7001,1007421,1007424,1914-01-01,1938-12-31,ended
7001,1007423,1007424,1918-01-01,1950-12-31,ended
7001,1007423,1007426,1916-01-01,1950-12-31,ended
7001,1007425,1007426,1916-01-01,1964-12-31,ended
7001,1007425,1007428,1916-01-01,1928-12-31,ended
7001,1007427,1007428,1918-01-01,1928-12-31,ended
7001,1007427,1007430,1921-01-01,1961-12-31,ended
7001,1007429,1007430,1919-01-01,1961-12-31,ended
7001,1007429,1007432,1917-01-01,1971-12-31,ended
7001,1007431,1007432,1916-01-01,1971-12-31,ended
7001,1007431,1007434,1918-01-01,1966-12-31,ended
7001,1007433,1007434,1916-01-01,1966-12-31,ended
7001,1007433,1007436,1919-01-01,1948-12-31,ended
7001,1007435,1007436,1917-01-01,1948-12-31,ended
7001,1007435,1007438,1920-01-01,1951-12-31,ended
7001,1007437,1007438,1919-01-01,1968-12-31,ended
7001,1007437,1007440,1920-01-01,1978-12-31,ended
7001,1007439,1007440,1918-01-01,1961-12-31,ended
7001,1007439,1007442,1922-01-01,1961-12-31,ended
7001,1007441,1007442,1918-01-01,1971-12-31,ended
7001,1007441,1007444,1916-01-01,1971-12-31,ended
7001,1007443,1007444,1916-01-01,1959-12-31,ended
7001,1007443,1007446,1922-01-01,1953-12-31,ended
7001,1007445,1007446,1918-01-01,1953-12-31,ended
7001,1007445,1007448,1918-01-01,1995-12-31,ended
7001,1007447,1007448,1917-01-01,1948-12-31,ended
7001,1007447,1007450,1918-01-01,1948-12-31,ended
7001,1007449,1007450,1919-01-01,1977-12-31,ended
7001,1007449,1007452,1917-01-01,1977-12-31,ended
7001,1007451,1007452,1917-01-01,1950-12-31,ended
7001,1007451,1007454,1920-01-01,1950-12-31,ended
7001,1007453,1007454,1920-01-01,1938-12-31,ended
7001,1007453,1007456,1920-01-01,1938-12-31,ended
7001,1007455,1007456,1919-01-01,1961-12-31,ended
7001,1007455,1007458,1922-01-01,1962-12-31,ended
7001,1007457,1007458,1916-01-01,1972-12-31,ended
7001,1007457,1007460,1916-01-01,1941-12-31,ended
7001,1007459,1007460,1919-01-01,1940-12-31,ended
7001,1007459,1007462,1917-01-01,1940-12-31,ended
7001,1007461,1007462,1919-01-01,1946-12-31,ended
7001,1007461,1007464,1921-01-01,1946-12-31,ended
7001,1007463,1007464,1916-01-01,1960-12-31,ended
7001,1007463,1007466,1922-01-01,1939-12-31,ended
7001,1007465,1007466,1916-01-01,1937-12-31,ended
7001,1007465,1007468,1919-01-01,1937-12-31,ended
7001,1007467,1007468,1916-01-01,1934-12-31,ended
7001,1007467,1007470,1919-01-01,1934-12-31,ended
7001,1007469,1007470,1919-01-01,1968-12-31,ended
7001,1007469,1007472,1916-01-01,1936-12-31,ended
7001,1007471,1007472,1916-01-01,1936-12-31,ended
7001,1007471,1007474,1917-01-01,1930-12-31,ended
7001,1007473,1007474,1917-01-01,1930-12-31,ended
7001,1007473,1007476,1917-01-01,1947-12-31,ended
7001,1007475,1007476,1917-01-01,1947-12-31,ended
7001,1007475,1007478,1919-01-01,1957-12-31,ended
7001,1007477,1007478,1920-01-01,1971-12-31,ended
7001,1007477,1007480,1921-01-01,1946-12-31,ended
7001,1007479,1007480,1922-01-01,1946-12-31,ended
7001,1007479,1007482,1917-01-01,1959-12-31,ended
7001,1007481,1007482,1920-01-01,1959-12-31,ended
7001,1007481,1007484,1921-01-01,1937-12-31,ended
7001,1007483,1007484,1920-01-01,1937-12-31,ended
7001,1007483,1007486,1917-01-01,1934-12-31,ended
7001,1007485,1007486,1920-01-01,1934-12-31,ended
7001,1007485,1007488,1917-01-01,1971-12-31,ended
7001,1007487,1007488,1922-01-01,1954-12-31,ended
7001,1007487,1007490,1917-01-01,1947-12-31,ended
7001,1007489,1007490,1917-01-01,1947-12-31,ended
7001,1007489,1007492,1916-01-01,1951-12-31,ended
7001,1007491,1007492,1917-01-01,1952-12-31,ended
7001,1007491,1007494,1921-01-01,1952-12-31,ended
7001,1007493,1007494,1918-01-01,1959-12-31,ended
7001,1007493,1007496,1922-01-01,1974-12-31,ended
7001,1007495,1007496,1917-01-01,1948-12-31,ended
7001,1007497,1007498,1919-01-01,1935-12-31,ended
7001,1007499,1007500,1916-01-01,1957-12-31,ended
7001,1007501,1007502,1917-01-01,1961-12-31,ended
7001,1007503,1007504,1916-01-01,1938-12-31,ended
7001,1007505,1007506,1917-01-01,1920-12-31,ended
7001,1007507,1007508,1918-01-01,1981-12-31,ended
7001,1007509,1007510,1918-01-01,1947-12-31,ended
7001,1007511,1007512,1920-01-01,1962-12-31,ended
7001,1007513,1007514,1918-01-01,1951-12-31,ended
7001,1007515,1007516,1916-01-01,1960-12-31,ended
7001,1007517,1007518,1920-01-01,1985-12-31,ended
7001,1007519,1007520,1920-01-01,1973-12-31,ended
7001,1007521,1007522,1917-01-01,1969-12-31,ended
7001,1007523,1007524,1917-01-01,1929-12-31,ended
7001,1007525,1007526,1917-01-01,1936-12-31,ended
7001,1007527,1007528,1919-01-01,1975-12-31,ended
7001,1007529,1007530,1919-01-01,1973-12-31,ended
7001,1007531,1007532,1916-01-01,1965-12-31,ended
7001,1007533,1007534,1917-01-01,1939-12-31,ended
7001,1007535,1007536,1916-01-01,1924-12-31,ended
7001,1007537,1007538,1921-01-01,1977-12-31,ended
7001,1007539,1007540,1918-01-01,1928-12-31,ended
7001,1007541,1007542,1919-01-01,1952-12-31,ended
7001,1007543,1007544,1916-01-01,1972-12-31,ended
7001,1007545,1007546,1918-01-01,1970-12-31,ended
7001,1007547,1007548,1919-01-01,1960-12-31,ended
7001,1007549,1007550,1919-01-01,1923-12-31,ended
7001,1007551,1007552,1922-01-01,1960-12-31,ended
7001,1007554,1007555,1942-01-01,1967-12-31,ended
7001,1007556,1007557,1944-01-01,1977-12-31,ended
7001,1007558,1007559,1940-01-01,1964-12-31,ended
7001,1007560,1007561,1944-01-01,1985-12-31,ended
7001,1007562,1007563,1939-01-01,1967-12-31,ended
7001,1007564,1007565,1939-01-01,1992-12-31,ended
7001,1007566,1007567,1944-01-01,1968-12-31,ended
7001,1007568,1007569,1939-01-01,1967-12-31,ended
7001,1007570,1007571,1943-01-01,2005-12-31,ended
7001,1007572,1007573,1939-01-01,1951-12-31,ended
7001,1007574,1007575,1939-01-01,1987-12-31,ended
7001,1007576,1007577,1938-01-01,1979-12-31,ended
7001,1007578,1007579,1942-01-01,1952-12-31,ended
7001,1007580,1007581,1939-01-01,1987-12-31,ended
7001,1007582,1007583,1940-01-01,1961-12-31,ended
7001,1007584,1007585,1942-01-01,1964-12-31,ended
7001,1007586,1007587,1938-01-01,1964-12-31,ended
7001,1007588,1007589,1938-01-01,1987-12-31,ended
7001,1007590,1007591,1939-01-01,1945-12-31,ended
7001,1007592,1007593,1939-01-01,1968-12-31,ended
7001,1007594,1007595,1944-01-01,2000-12-31,ended
7001,1007596,1007597,1940-01-01,1990-12-31,ended
7001,1007598,1007599,1935-01-01,1955-12-31,ended
7001,1007600,1007601,1939-01-01,1995-12-31,ended
7001,1007602,1007603,1938-01-01,1995-12-31,ended
7001,1007604,1007605,1942-01-01,1976-12-31,ended
7001,1007606,1007607,1941-01-01,2010-12-31,ended
7001,1007608,1007609,1940-01-01,1993-12-31,ended
7001,1007610,1007611,1937-01-01,1977-12-31,ended
7001,1007612,1007613,1940-01-01,1971-12-31,ended
7001,1007614,1007615,1941-01-01,1986-12-31,ended
7001,1007616,1007617,1943-01-01,1967-12-31,ended
7001,1007618,1007619,1942-01-01,1954-12-31,ended
7001,1007620,1007621,1939-01-01,1972-12-31,ended
7001,1007622,1007623,1944-01-01,1959-12-31,ended
7001,1007624,1007625,1938-01-01,1980-12-31,ended
7001,1007626,1007627,1938-01-01,1993-12-31,ended
7001,1007628,1007629,1938-01-01,1975-12-31,ended
7001,1007630,1007631,1941-01-01,1993-12-31,ended
7001,1007632,1007633,1936-01-01,1962-12-31,ended
7001,1007634,1007635,1939-01-01,1957-12-31,ended
7001,1007636,1007637,1942-01-01,1985-12-31,ended
7001,1007638,1007639,1942-01-01,1998-12-31,ended
7001,1007640,1007641,1940-01-01,1996-12-31,ended
7001,1007642,1007643,1941-01-01,1974-12-31,ended
7001,1007644,1007645,1939-01-01,1971-12-31,ended
7001,1007646,1007647,1942-01-01,1964-12-31,ended
7001,1007648,1007649,1939-01-01,1989-12-31,ended
7001,1007650,1007651,1939-01-01,1954-12-31,ended
7001,1007652,1007653,1939-01-01,1967-12-31,ended
7001,1007654,1007655,1938-01-01,1966-12-31,ended
7001,1007656,1007657,1941-01-01,1973-12-31,ended
7001,1007658,1007659,1941-01-01,1964-12-31,ended
7001,1007660,1007661,1938-01-01,1977-12-31,ended
7001,1007662,1007663,1941-01-01,1949-12-31,ended
7001,1007664,1007665,1943-01-01,1985-12-31,ended
7001,1007666,1007667,1941-01-01,1964-12-31,ended
7001,1007668,1007669,1944-01-01,1964-12-31,ended
7001,1007670,1007671,1939-01-01,1941-12-31,ended
7001,1007672,1007673,1943-01-01,1971-12-31,ended
7001,1007674,1007675,1940-01-01,1979-12-31,ended
7001,1007676,1007677,1940-01-01,1949-12-31,ended
7001,1007678,1007679,1938-01-01,1955-12-31,ended
7001,1007680,1007681,1944-01-01,1980-12-31,ended
7001,1007682,1007683,1943-01-01,1995-12-31,ended
7001,1007684,1007685,1939-01-01,1963-12-31,ended
7001,1007686,1007687,1942-01-01,1972-12-31,ended
7001,1007688,1007689,1941-01-01,2002-12-31,ended
7001,1007690,1007691,1941-01-01,1977-12-31,ended
7001,1007692,1007693,1938-01-01,2002-12-31,ended
7001,1007694,1007695,1942-01-01,1962-12-31,ended
7001,1007696,1007697,1939-01-01,1962-12-31,ended
7001,1007698,1007699,1944-01-01,1946-12-31,ended
7001,1007700,1007701,1942-01-01,1955-12-31,ended
7001,1007702,1007703,1965-01-01,2005-12-31,ended
7001,1007702,1007705,1965-01-01,1998-12-31,ended
7001,1007703,1007820,1962-01-01,2005-12-31,ended
7001,1007704,1007705,1961-01-01,1998-12-31,ended
7001,1007704,1007707,1959-01-01,1991-12-31,ended
7001,1007706,1007707,1960-01-01,1980-12-31,ended
7001,1007706,1007709,1960-01-01,1980-12-31,ended
7001,1007708,1007709,1964-01-01,1993-12-31,ended
7001,1007708,1007711,1961-01-01,2008-12-31,ended
7001,1007710,1007711,1965-01-01,2014-12-31,ended
7001,1007710,1007713,1962-01-01,2018-12-31,ended
7001,1007712,1007713,1966-01-01,2017-12-31,ended
7001,1007712,1007715,1966-01-01,2004-12-31,ended
7001,1007714,1007715,1963-01-01,2004-12-31,ended
7001,1007714,1007717,1965-01-01,1978-12-31,ended
7001,1007716,1007717,1962-01-01,1978-12-31,ended
7001,1007716,1007719,1963-01-01,1998-12-31,ended
7001,1007718,1007719,1957-01-01,1998-12-31,ended
7001,1007718,1007721,1960-01-01,2000-12-31,ended
7001,1007720,1007721,1964-01-01,2002-12-31,ended
7001,1007720,1007723,1960-01-01,1986-12-31,ended
7001,1007722,1007723,1960-01-01,1986-12-31,ended
7001,1007722,1007725,1964-01-01,2003-12-31,ended
7001,1007724,1007725,1959-01-01,2007-12-31,ended
7001,1007724,1007727,1960-01-01,2007-12-31,ended
7001,1007726,1007727,1962-01-01,1984-12-31,ended
7001,1007726,1007729,1961-01-01,1984-12-31,ended
7001,1007728,1007729,1961-01-01,1988-12-31,ended
7001,1007728,1007731,1964-01-01,2006-12-31,ended
7001,1007730,1007731,1962-01-01,1987-12-31,ended
7001,1007730,1007733,1962-01-01,1987-12-31,ended
7001,1007732,1007733,1963-01-01,2001-12-31,ended
7001,1007732,1007735,1961-01-01,1989-12-31,ended
7001,1007734,1007735,1964-01-01,1978-12-31,ended
7001,1007734,1007737,1960-01-01,1978-12-31,ended
7001,1007736,1007737,1963-01-01,1991-12-31,ended
7001,1007736,1007739,1960-01-01,1979-12-31,ended
7001,1007738,1007739,1962-01-01,1979-12-31,ended
7001,1007738,1007741,1960-01-01,1998-12-31,ended
7001,1007740,1007741,1962-01-01,1996-12-31,ended
7001,1007740,1007743,1963-01-01,1996-12-31,ended
7001,1007742,1007743,1963-01-01,2005-12-31,ended
7001,1007742,1007745,1965-01-01,2003-12-31,ended
7001,1007744,1007745,1960-01-01,2003-12-31,ended
7001,1007744,1007747,1961-01-01,2004-12-31,ended
7001,1007746,1007747,1963-01-01,2004-12-31,ended
7001,1007746,1007749,1962-01-01,2005-12-31,ended
7001,1007748,1007749,1963-01-01,1997-12-31,ended
7001,1007748,1007751,1963-01-01,1988-12-31,ended
7001,1007750,1007751,1961-01-01,1988-12-31,ended
7001,1007750,1007753,1964-01-01,2001-12-31,ended
7001,1007752,1007753,1962-01-01,2007-12-31,ended
7001,1007752,1007755,1961-01-01,,active
7001,1007754,1007755,1960-01-01,1985-12-31,ended
7001,1007754,1007757,1962-01-01,1985-12-31,ended
7001,1007756,1007757,1960-01-01,1976-12-31,ended
7001,1007756,1007759,1966-01-01,1976-12-31,ended
7001,1007758,1007759,1965-01-01,1979-12-31,ended
7001,1007758,1007761,1966-01-01,2014-12-31,ended
7001,1007760,1007761,1965-01-01,2002-12-31,ended
7001,1007762,1007763,1962-01-01,1993-12-31,ended
7001,1007764,1007765,1960-01-01,1996-12-31,ended
7001,1007766,1007767,1965-01-01,1998-12-31,ended
7001,1007768,1007769,1965-01-01,2006-12-31,ended
7001,1007770,1007771,1963-01-01,1975-12-31,ended
7001,1007772,1007773,1964-01-01,2005-12-31,ended
7001,1007774,1007775,1963-01-01,1997-12-31,ended
7001,1007776,1007777,1965-01-01,2000-12-31,ended
7001,1007778,1007779,1963-01-01,1982-12-31,ended
7001,1007780,1007781,1962-01-01,2019-12-31,ended
7001,1007782,1007783,1960-01-01,1993-12-31,ended
7001,1007784,1007785,1961-01-01,2002-12-31,ended
7001,1007786,1007787,1962-01-01,1984-12-31,ended
7001,1007788,1007789,1964-01-01,2013-12-31,ended
7001,1007790,1007791,1964-01-01,1992-12-31,ended
7001,1007792,1007793,1961-01-01,2004-12-31,ended
7001,1007794,1007795,1962-01-01,1981-12-31,ended
7001,1007796,1007797,1963-01-01,2006-12-31,ended
7001,1007798,1007799,1961-01-01,1993-12-31,ended
7001,1007800,1007801,1961-01-01,1999-12-31,ended
7001,1007802,1007803,1966-01-01,1997-12-31,ended
7001,1007804,1007805,1960-01-01,2013-12-31,ended
7001,1007806,1007807,1961-01-01,2006-12-31,ended
7001,1007808,1007809,1966-01-01,2011-12-31,ended
7001,1007810,1007811,1965-01-01,2009-12-31,ended
7001,1007812,1007813,1966-01-01,1970-12-31,ended
7001,1007814,1007815,1964-01-01,1987-12-31,ended
7001,1007816,1007817,1963-01-01,1996-12-31,ended
7001,1007818,1007819,1962-01-01,1985-12-31,ended
7001,1007821,1007822,1986-01-01,2025-12-31,ended
7001,1007821,1007824,1985-01-01,,active
7001,1007822,1007909,1986-01-01,2025-12-31,ended
7001,1007823,1007824,1984-01-01,,active
7001,1007823,1007826,1982-01-01,,active
7001,1007825,1007826,1988-01-01,,active
7001,1007825,1007828,1984-01-01,,active
7001,1007827,1007828,1987-01-01,,active
7001,1007827,1007830,1984-01-01,,active
7001,1007829,1007830,1983-01-01,,active
7001,1007829,1007832,1987-01-01,,active
7001,1007831,1007832,1983-01-01,,active
7001,1007831,1007834,1983-01-01,2010-12-31,ended
7001,1007833,1007834,1984-01-01,2010-12-31,ended
7001,1007833,1007836,1983-01-01,,active
7001,1007835,1007836,1984-01-01,,active
7001,1007835,1007838,1983-01-01,,active
7001,1007837,1007838,1985-01-01,2023-12-31,ended
7001,1007837,1007840,1988-01-01,2023-12-31,ended
7001,1007839,1007840,1984-01-01,2023-12-31,ended
7001,1007839,1007842,1985-01-01,,active
7001,1007841,1007842,1988-01-01,,active
7001,1007841,1007844,1984-01-01,,active
7001,1007843,1007844,1986-01-01,,active
7001,1007843,1007846,1983-01-01,,active
7001,1007845,1007846,1985-01-01,,active
7001,1007845,1007848,1985-01-01,,active
7001,1007847,1007848,1985-01-01,2006-12-31,ended
7001,1007847,1007850,1986-01-01,2006-12-31,ended
7001,1007849,1007850,1983-01-01,,active
7001,1007849,1007852,1982-01-01,,active
7001,1007851,1007852,1984-01-01,,active
7001,1007853,1007854,1985-01-01,,active
7001,1007855,1007856,1985-01-01,1999-12-31,ended
7001,1007857,1007858,1983-01-01,2013-12-31,ended
7001,1007859,1007860,1986-01-01,2025-12-31,ended
7001,1007861,1007862,1982-01-01,1995-12-31,ended
7001,1007863,1007864,1984-01-01,,active
7001,1007865,1007866,1984-01-01,,active
7001,1007867,1007868,1984-01-01,,active
7001,1007869,1007870,1981-01-01,2012-12-31,ended
7001,1007871,1007872,1988-01-01,,active
7001,1007873,1007874,1982-01-01,,active
7001,1007875,1007876,1984-01-01,,active
7001,1007877,1007878,1987-01-01,1996-12-31,ended
7001,1007879,1007880,1986-01-01,2008-12-31,ended
7001,1007881,1007882,1988-01-01,,active
7001,1007883,1007884,1984-01-01,2016-12-31,ended
7001,1007885,1007886,1984-01-01,,active
7001,1007887,1007888,1985-01-01,2010-12-31,ended
7001,1007889,1007890,1986-01-01,2016-12-31,ended
7001,1007891,1007892,1984-01-01,,active
7001,1007893,1007894,1984-01-01,2003-12-31,ended
7001,1007895,1007896,1985-01-01,,active
7001,1007897,1007898,1982-01-01,2018-12-31,ended
7001,1007899,1007900,1983-01-01,,active
7001,1007901,1007902,1983-01-01,,active
7001,1007903,1007904,1983-01-01,,active
7001,1007905,1007906,1987-01-01,,active
7001,1007907,1007908,1985-01-01,,active
7001,1007910,1007911,2007-01-01,,active
7001,1007912,1007913,2004-01-01,,active
7001,1007914,1007915,2008-01-01,,active
7001,1007916,1007917,2004-01-01,2010-12-31,ended
7001,1007918,1007919,2008-01-01,,active
7001,1007920,1007921,2008-01-01,,active
7001,1007922,1007923,2004-01-01,,active
7001,1007924,1007925,2009-01-01,,active
7001,1007926,1007927,2006-01-01,,active
7001,1007928,1007929,2008-01-01,,active
7001,1007930,1007931,2003-01-01,,active
7001,1007932,1007933,2007-01-01,,active
7001,1007934,1007935,2007-01-01,2019-12-31,ended
7001,1007936,1007937,2004-01-01,,active
7001,1007938,1007939,2004-01-01,,active
7001,1007940,1007941,2010-01-01,,active
7001,1007942,1007943,2006-01-01,,active
7001,1007944,1007945,2010-01-01,,active
7001,1007946,1007947,2005-01-01,,active
7001,1007948,1007949,2005-01-01,,active
7001,1007950,1007951,2008-01-01,,active
7001,1007952,1007953,2009-01-01,,active
7001,1007954,1007955,2006-01-01,,active
7001,1007956,1007957,2006-01-01,,active
7001,1007958,1007959,2006-01-01,,active
7001,1007960,1007961,2007-01-01,,active
7001,1007962,1007963,2007-01-01,,active
7001,1007964,1007965,2006-01-01,2013-12-31,ended
7001,1007966,1007967,2010-01-01,,active
7001,1007968,1007969,2004-01-01,,active
