member_id,tree_id,name,gender,birth_date,death_date,generation_no,generation_name,biography,is_alive
1000001,7001,刘德承,male,1324-01-01,1405-12-31,1,德,Rule-generated Stage7 member for 汉朝刘氏.,False
1000031,7001,刘仁景,male,1346-01-01,1413-12-31,2,仁,Rule-generated Stage7 member for 汉朝刘氏.,False
1000046,7001,刘仁兰,female,1346-01-01,1417-12-31,2,仁,Rule-generated Stage7 member for 汉朝刘氏.,False
1000061,7001,刘伟,male,1349-01-01,1422-12-31,2,仁,Rule-generated Stage7 member for 汉朝刘氏.,False
1000076,7001,刘仁雅,female,1348-01-01,1436-12-31,2,仁,Rule-generated Stage7 member for 汉朝刘氏.,False
1000090,7001,刘孝文,male,1371-01-01,1461-12-31,3,孝,Rule-generated Stage7 member for 汉朝刘氏.,False
1000097,7001,刘孝雅,female,1367-01-01,1433-12-31,3,孝,Rule-generated Stage7 member for 汉朝刘氏.,False
1000105,7001,刘明,female,1367-01-01,1427-12-31,3,孝,Rule-generated Stage7 member for 汉朝刘氏.,False
1000112,7001,刘伟文,male,1367-01-01,1406-12-31,3,孝,Rule-generated Stage7 member for 汉朝刘氏.,False
1000120,7001,刘孝伟,male,1369-01-01,1460-12-31,3,孝,Rule-generated Stage7 member for 汉朝刘氏.,False
1000126,7001,刘承宗,male,1370-01-01,1425-12-31,3,孝,Rule-generated Stage7 member for 汉朝刘氏.,False
1000135,7001,刘玉宁,female,1367-01-01,1397-12-31,3,孝,Rule-generated Stage7 member for 汉朝刘氏.,False
1000141,7001,刘孝安,female,1371-01-01,1414-12-31,3,孝,Rule-generated Stage7 member for 汉朝刘氏.,False
1000150,7001,刘孝世,male,1372-01-01,1456-12-31,3,孝,Rule-generated Stage7 member for 汉朝刘氏.,False
1000155,7001,刘明,female,1370-01-01,1446-12-31,3,孝,Rule-generated Stage7 member for 汉朝刘氏.,False
1000165,7001,刘孝宁,female,1373-01-01,1428-12-31,3,孝,Rule-generated Stage7 member for 汉朝刘氏.,False
1000170,7001,刘文景,male,1370-01-01,1445-12-31,3,孝,Rule-generated Stage7 member for 汉朝刘氏.,False
1000178,7001,刘成德,male,1395-01-01,1458-12-31,4,礼,Rule-generated Stage7 member for 汉朝刘氏.,False
1000181,7001,刘礼慧,female,1393-01-01,1459-12-31,4,礼,Rule-generated Stage7 member for 汉朝刘氏.,False
1000185,7001,刘礼梅,female,1393-01-01,1419-12-31,4,礼,Rule-generated Stage7 member for 汉朝刘氏.,False
1000189,7001,刘华敏,female,1394-01-01,1469-12-31,4,礼,Rule-generated Stage7 member for 汉朝刘氏.,False
1000193,7001,刘丽,female,1392-01-01,1467-12-31,4,礼,Rule-generated Stage7 member for 汉朝刘氏.,False
1000196,7001,刘明景,male,1391-01-01,1463-12-31,4,礼,Rule-generated Stage7 member for 汉朝刘氏.,False
1000200,7001,刘敏,male,1390-01-01,1469-12-31,4,礼,Rule-generated Stage7 member for 汉朝刘氏.,False
1000203,7001,刘礼安,female,1393-01-01,1451-12-31,4,礼,Rule-generated Stage7 member for 汉朝刘氏.,False
1000208,7001,刘礼安,male,1390-01-01,1455-12-31,4,礼,Rule-generated Stage7 member for 汉朝刘氏.,False
1000210,7001,刘伟,male,1394-01-01,1435-12-31,4,礼,Rule-generated Stage7 member for 汉朝刘氏.,False
1000215,7001,刘礼安,female,1390-01-01,1448-12-31,4,礼,Rule-generated Stage7 member for 汉朝刘氏.,False
1000218,7001,刘承安,male,1391-01-01,1441-12-31,4,礼,Rule-generated Stage7 member for 汉朝刘氏.,False
1000222,7001,刘礼世,male,1394-01-01,1472-12-31,4,礼,Rule-generated Stage7 member for 汉朝刘氏.,False
1000225,7001,刘礼雅,female,1392-01-01,1474-12-31,4,礼,Rule-generated Stage7 member for 汉朝刘氏.,False
1000229,7001,刘礼华,female,1390-01-01,1465-12-31,4,礼,Rule-generated Stage7 member for 汉朝刘氏.,False
1000233,7001,刘丽,female,1390-01-01,1488-12-31,4,礼,Rule-generated Stage7 member for 汉朝刘氏.,False
1000237,7001,刘礼雅,female,1392-01-01,1459-12-31,4,礼,Rule-generated Stage7 member for 汉朝刘氏.,False
1000240,7001,刘伟安,male,1392-01-01,1450-12-31,4,礼,Rule-generated Stage7 member for 汉朝刘氏.,False
1000244,7001,刘承明,male,1394-01-01,1467-12-31,4,礼,Rule-generated Stage7 member for 汉朝刘氏.,False
1000247,7001,刘丽,female,1393-01-01,1469-12-31,4,礼,Rule-generated Stage7 member for 汉朝刘氏.,False
1000252,7001,刘礼宗,male,1390-01-01,1446-12-31,4,礼,Rule-generated Stage7 member for 汉朝刘氏.,False
1000254,7001,刘礼伟,male,1389-01-01,1491-12-31,4,礼,Rule-generated Stage7 member for 汉朝刘氏.,False
1000259,7001,刘礼安,female,1389-01-01,1467-12-31,4,礼,Rule-generated Stage7 member for 汉朝刘氏.,False
1000262,7001,刘礼景,male,1394-01-01,1448-12-31,4,礼,Rule-generated Stage7 member for 汉朝刘氏.,False
1000266,7001,刘礼宗,male,1392-01-01,1427-12-31,4,礼,Rule-generated Stage7 member for 汉朝刘氏.,False
1000269,7001,刘礼玉,female,1389-01-01,1472-12-31,4,礼,Rule-generated Stage7 member for 汉朝刘氏.,False
1000273,7001,刘芳雅,female,1394-01-01,1459-12-31,4,礼,Rule-generated Stage7 member for 汉朝刘氏.,False
1000277,7001,刘宁雅,female,1393-01-01,1427-12-31,4,礼,Rule-generated Stage7 member for 汉朝刘氏.,False
1000281,7001,刘明,female,1391-01-01,1424-12-31,4,礼,Rule-generated Stage7 member for 汉朝刘氏.,False
1000284,7001,刘礼伟,male,1389-01-01,1469-12-31,4,礼,Rule-generated Stage7 member for 汉朝刘氏.,False
1000288,7001,刘伟宗,male,1394-01-01,1468-12-31,4,礼,Rule-generated Stage7 member for 汉朝刘氏.,False
1000291,7001,刘雅华,female,1391-01-01,1445-12-31,4,礼,Rule-generated Stage7 member for 汉朝刘氏.,False
1000296,7001,刘义伟,male,1415-01-01,1459-12-31,5,义,Rule-generated Stage7 member for 汉朝刘氏.,False
1000297,7001,刘华,female,1417-01-01,1493-12-31,5,义,Rule-generated Stage7 member for 汉朝刘氏.,False
1000299,7001,刘义宁,female,1416-01-01,1502-12-31,5,义,Rule-generated Stage7 member for 汉朝刘氏.,False
1000301,7001,刘雅兰,female,1417-01-01,1495-12-31,5,义,Rule-generated Stage7 member for 汉朝刘氏.,False
1000303,7001,刘义慧,female,1413-01-01,1509-12-31,5,义,Rule-generated Stage7 member for 汉朝刘氏.,False
1000305,7001,刘义安,female,1417-01-01,1441-12-31,5,义,Rule-generated Stage7 member for 汉朝刘氏.,False
1000307,7001,刘义梅,female,1417-01-01,1487-12-31,5,义,Rule-generated Stage7 member for 汉朝刘氏.,False
1000308,7001,刘义景,male,1411-01-01,1489-12-31,5,义,Rule-generated Stage7 member for 汉朝刘氏.,False
1000311,7001,刘敏慧,female,1416-01-01,1490-12-31,5,义,Rule-generated Stage7 member for 汉朝刘氏.,False
1000312,7001,刘伟世,male,1416-01-01,1479-12-31,5,义,Rule-generated Stage7 member for 汉朝刘氏.,False
1000314,7001,刘承强,male,1417-01-01,1505-12-31,5,义,Rule-generated Stage7 member for 汉朝刘氏.,False
1000316,7001,刘伟成,male,1414-01-01,1513-12-31,5,义,Rule-generated Stage7 member for 汉朝刘氏.,False
1000318,7001,刘强明,male,1411-01-01,1488-12-31,5,义,Rule-generated Stage7 member for 汉朝刘氏.,False
1000319,7001,刘义敏,female,1414-01-01,1451-12-31,5,义,Rule-generated Stage7 member for 汉朝刘氏.,False
1000321,7001,刘义芳,female,1413-01-01,1488-12-31,5,义,Rule-generated Stage7 member for 汉朝刘氏.,False
1000323,7001,刘玉雅,female,1415-01-01,1478-12-31,5,义,Rule-generated Stage7 member for 汉朝刘氏.,False
1000325,7001,刘安雅,female,1415-01-01,1438-12-31,5,义,Rule-generated Stage7 member for 汉朝刘氏.,False
1000327,7001,刘敏宁,female,1414-01-01,1462-12-31,5,义,Rule-generated Stage7 member for 汉朝刘氏.,False
1000329,7001,刘义安,female,1413-01-01,1470-12-31,5,义,Rule-generated Stage7 member for 汉朝刘氏.,False
1000330,7001,刘敏,male,1412-01-01,1503-12-31,5,义,Rule-generated Stage7 member for 汉朝刘氏.,False
1000333,7001,刘义敏,female,1413-01-01,1470-12-31,5,义,Rule-generated Stage7 member for 汉朝刘氏.,False
1000334,7001,刘宗景,male,1413-01-01,1480-12-31,5,义,Rule-generated Stage7 member for 汉朝刘氏.,False
1000336,7001,刘义世,male,1415-01-01,1466-12-31,5,义,Rule-generated Stage7 member for 汉朝刘氏.,False
1000338,7001,刘义安,male,1414-01-01,1481-12-31,5,义,Rule-generated Stage7 member for 汉朝刘氏.,False
1000340,7001,刘义强,male,1416-01-01,1483-12-31,5,义,Rule-generated Stage7 member for 汉朝刘氏.,False
1000341,7001,刘义安,female,1412-01-01,1481-12-31,5,义,Rule-generated Stage7 member for 汉朝刘氏.,False
1000343,7001,刘义敏,female,1414-01-01,1490-12-31,5,义,Rule-generated Stage7 member for 汉朝刘氏.,False
1000345,7001,刘义清,female,1413-01-01,1481-12-31,5,义,Rule-generated Stage7 member for 汉朝刘氏.,False
1000347,7001,刘义丽,female,1415-01-01,1461-12-31,5,义,Rule-generated Stage7 member for 汉朝刘氏.,False
1000349,7001,刘兰雅,female,1417-01-01,1503-12-31,5,义,Rule-generated Stage7 member for 汉朝刘氏.,False
1000351,7001,刘义敏,female,1414-01-01,1461-12-31,5,义,Rule-generated Stage7 member for 汉朝刘氏.,False
1000352,7001,刘强承,male,1414-01-01,1471-12-31,5,义,Rule-generated Stage7 member for 汉朝刘氏.,False
1000355,7001,刘华,female,1417-01-01,1506-12-31,5,义,Rule-generated Stage7 member for 汉朝刘氏.,False
1000356,7001,刘敏,male,1415-01-01,1463-12-31,5,义,Rule-generated Stage7 member for 汉朝刘氏.,False
1000358,7001,刘义德,male,1412-01-01,1448-12-31,5,义,Rule-generated Stage7 member for 汉朝刘氏.,False
1000360,7001,刘义景,male,1417-01-01,1518-12-31,5,义,Rule-generated Stage7 member for 汉朝刘氏.,False
1000362,7001,刘义德,male,1416-01-01,1466-12-31,5,义,Rule-generated Stage7 member for 汉朝刘氏.,False
1000364,7001,刘义景,male,1412-01-01,1457-12-31,5,义,Rule-generated Stage7 member for 汉朝刘氏.,False
1000366,7001,刘义强,male,1415-01-01,1478-12-31,5,义,Rule-generated Stage7 member for 汉朝刘氏.,False
1000367,7001,刘雅兰,female,1413-01-01,1481-12-31,5,义,Rule-generated Stage7 member for 汉朝刘氏.,False
1000370,7001,刘义世,male,1417-01-01,1514-12-31,5,义,Rule-generated Stage7 member for 汉朝刘氏.,False
1000371,7001,刘丽,female,1417-01-01,1486-12-31,5,义,Rule-generated Stage7 member for 汉朝刘氏.,False
1000373,7001,刘宁敏,female,1414-01-01,1477-12-31,5,义,Rule-generated Stage7 member for 汉朝刘氏.,False
1000375,7001,刘义安,female,1416-01-01,1482-12-31,5,义,Rule-generated Stage7 member for 汉朝刘氏.,False
1000377,7001,刘义丽,female,1417-01-01,1502-12-31,5,义,Rule-generated Stage7 member for 汉朝刘氏.,False
1000378,7001,刘义明,male,1414-01-01,1495-12-31,5,义,Rule-generated Stage7 member for 汉朝刘氏.,False
1000380,7001,刘义文,male,1414-01-01,1502-12-31,5,义,Rule-generated Stage7 member for 汉朝刘氏.,False
1000382,7001,刘景安,male,1414-01-01,1507-12-31,5,义,Rule-generated Stage7 member for 汉朝刘氏.,False
1000384,7001,刘安世,male,1416-01-01,1463-12-31,5,义,Rule-generated Stage7 member for 汉朝刘氏.,False
1000386,7001,刘义伟,male,1411-01-01,1472-12-31,5,义,Rule-generated Stage7 member for 汉朝刘氏.,False
1000388,7001,刘德文,male,1413-01-01,1494-12-31,5,义,Rule-generated Stage7 member for 汉朝刘氏.,False
1000389,7001,刘义敏,female,1415-01-01,1485-12-31,5,义,Rule-generated Stage7 member for 汉朝刘氏.,False
1000392,7001,刘义宗,male,1412-01-01,1471-12-31,5,义,Rule-generated Stage7 member for 汉朝刘氏.,False
1000393,7001,刘义安,female,1417-01-01,1476-12-31,5,义,Rule-generated Stage7 member for 汉朝刘氏.,False
1000395,7001,刘义雅,female,1412-01-01,1477-12-31,5,义,Rule-generated Stage7 member for 汉朝刘氏.,False
1000397,7001,刘义慧,female,1417-01-01,1494-12-31,5,义,Rule-generated Stage7 member for 汉朝刘氏.,False
1000399,7001,刘明,female,1415-01-01,1483-12-31,5,义,Rule-generated Stage7 member for 汉朝刘氏.,False
1000400,7001,刘丽,male,1414-01-01,1473-12-31,5,义,Rule-generated Stage7 member for 汉朝刘氏.,False
1000402,7001,刘明,male,1415-01-01,1475-12-31,5,义,Rule-generated Stage7 member for 汉朝刘氏.,False
1000404,7001,刘义世,male,1411-01-01,1461-12-31,5,义,Rule-generated Stage7 member for 汉朝刘氏.,False
1000406,7001,刘义国,male,1413-01-01,1490-12-31,5,义,Rule-generated Stage7 member for 汉朝刘氏.,False
1000408,7001,刘强世,male,1413-01-01,1475-12-31,5,义,Rule-generated Stage7 member for 汉朝刘氏.,False
1000410,7001,刘义文,male,1412-01-01,1486-12-31,5,义,Rule-generated Stage7 member for 汉朝刘氏.,False
1000411,7001,刘丽芳,female,1417-01-01,1465-12-31,5,义,Rule-generated Stage7 member for 汉朝刘氏.,False
1000414,7001,刘义成,male,1413-01-01,1481-12-31,5,义,Rule-generated Stage7 member for 汉朝刘氏.,False
1000415,7001,刘敏雅,female,1414-01-01,1502-12-31,5,义,Rule-generated Stage7 member for 汉朝刘氏.,False
1000417,7001,刘义梅,female,1417-01-01,1461-12-31,5,义,Rule-generated Stage7 member for 汉朝刘氏.,False
1000419,7001,刘宁玉,female,1417-01-01,1496-12-31,5,义,Rule-generated Stage7 member for 汉朝刘氏.,False
1000421,7001,刘华,female,1416-01-01,1446-12-31,5,义,Rule-generated Stage7 member for 汉朝刘氏.,False
1000423,7001,刘义芳,female,1417-01-01,1477-12-31,5,义,Rule-generated Stage7 member for 汉朝刘氏.,False
1000425,7001,刘安梅,female,1411-01-01,1484-12-31,5,义,Rule-generated Stage7 member for 汉朝刘氏.,False
1000426,7001,刘强,male,1412-01-01,1463-12-31,5,义,Rule-generated Stage7 member for 汉朝刘氏.,False
1000429,7001,刘义宁,female,1412-01-01,1494-12-31,5,义,Rule-generated Stage7 member for 汉朝刘氏.,False
1000430,7001,刘义世,male,1415-01-01,1475-12-31,5,义,Rule-generated Stage7 member for 汉朝刘氏.,False
1000432,7001,刘义明,male,1414-01-01,1484-12-31,5,义,Rule-generated Stage7 member for 汉朝刘氏.,False
1000434,7001,刘义承,male,1416-01-01,1492-12-31,5,义,Rule-generated Stage7 member for 汉朝刘氏.,False
1000436,7001,刘义德,male,1416-01-01,1503-12-31,5,义,Rule-generated Stage7 member for 汉朝刘氏.,False
1000437,7001,刘义雅,female,1417-01-01,1492-12-31,5,义,Rule-generated Stage7 member for 汉朝刘氏.,False
1000439,7001,刘义梅,female,1415-01-01,1475-12-31,5,义,Rule-generated Stage7 member for 汉朝刘氏.,False
1000441,7001,刘义芳,female,1411-01-01,1469-12-31,5,义,Rule-generated Stage7 member for 汉朝刘氏.,False
1000443,7001,刘明,male,1433-01-01,1501-12-31,6,信,Rule-generated Stage7 member for 汉朝刘氏.,False
1000444,7001,刘信丽,female,1439-01-01,1499-12-31,6,信,Rule-generated Stage7 member for 汉朝刘氏.,False
1000445,7001,刘敏,male,1438-01-01,1524-12-31,6,信,Rule-generated Stage7 member for 汉朝刘氏.,False
1000446,7001,刘信敏,female,1435-01-01,1535-12-31,6,信,Rule-generated Stage7 member for 汉朝刘氏.,False
1000447,7001,刘信文,male,1433-01-01,1497-12-31,6,信,Rule-generated Stage7 member for 汉朝刘氏.,False
1000448,7001,刘敏兰,female,1439-01-01,1541-12-31,6,信,Rule-generated Stage7 member for 汉朝刘氏.,False
1000449,7001,刘承明,male,1436-01-01,1490-12-31,6,信,Rule-generated Stage7 member for 汉朝刘氏.,False
1000450,7001,刘慧宁,female,1437-01-01,1482-12-31,6,信,Rule-generated Stage7 member for 汉朝刘氏.,False
1000451,7001,刘信世,male,1435-01-01,1509-12-31,6,信,Rule-generated Stage7 member for 汉朝刘氏.,False
1000452,7001,刘明,female,1436-01-01,1479-12-31,6,信,Rule-generated Stage7 member for 汉朝刘氏.,False
1000453,7001,刘信安,male,1437-01-01,1498-12-31,6,信,Rule-generated Stage7 member for 汉朝刘氏.,False
1000454,7001,刘信玉,female,1438-01-01,1520-12-31,6,信,Rule-generated Stage7 member for 汉朝刘氏.,False
1000455,7001,刘安世,male,1438-01-01,1511-12-31,6,信,Rule-generated Stage7 member for 汉朝刘氏.,False
1000456,7001,刘信清,female,1438-01-01,1518-12-31,6,信,Rule-generated Stage7 member for 汉朝刘氏.,False
1000457,7001,刘信承,male,1433-01-01,1509-12-31,6,信,Rule-generated Stage7 member for 汉朝刘氏.,False
1000458,7001,刘信宁,female,1438-01-01,1530-12-31,6,信,Rule-generated Stage7 member for 汉朝刘氏.,False
1000459,7001,刘国文,male,1439-01-01,1528-12-31,6,信,Rule-generated Stage7 member for 汉朝刘氏.,False
1000460,7001,刘丽,female,1437-01-01,1499-12-31,6,信,Rule-generated Stage7 member for 汉朝刘氏.,False
1000461,7001,刘信宗,male,1434-01-01,1503-12-31,6,信,Rule-generated Stage7 member for 汉朝刘氏.,False
1000462,7001,刘明,female,1439-01-01,1529-12-31,6,信,Rule-generated Stage7 member for 汉朝刘氏.,False
1000463,7001,刘信文,male,1435-01-01,1514-12-31,6,信,Rule-generated Stage7 member for 汉朝刘氏.,False
1000464,7001,刘信华,female,1437-01-01,1522-12-31,6,信,Rule-generated Stage7 member for 汉朝刘氏.,False
1000465,7001,刘宗国,male,1436-01-01,1539-12-31,6,信,Rule-generated Stage7 member for 汉朝刘氏.,False
1000466,7001,刘信兰,female,1436-01-01,1530-12-31,6,信,Rule-generated Stage7 member for 汉朝刘氏.,False
1000467,7001,刘安安,male,1435-01-01,1502-12-31,6,信,Rule-generated Stage7 member for 汉朝刘氏.,False
1000468,7001,刘慧兰,female,1439-01-01,1491-12-31,6,信,Rule-generated Stage7 member for 汉朝刘氏.,False
1000469,7001,刘信成,male,1434-01-01,1488-12-31,6,信,Rule-generated Stage7 member for 汉朝刘氏.,False
1000470,7001,刘兰梅,female,1439-01-01,1523-12-31,6,信,Rule-generated Stage7 member for 汉朝刘氏.,False
1000471,7001,刘信文,male,1438-01-01,1529-12-31,6,信,Rule-generated Stage7 member for 汉朝刘氏.,False
1000472,7001,刘信芳,female,1436-01-01,1483-12-31,6,信,Rule-generated Stage7 member for 汉朝刘氏.,False
1000473,7001,刘成宗,male,1438-01-01,1484-12-31,6,信,Rule-generated Stage7 member for 汉朝刘氏.,False
1000474,7001,刘华华,female,1437-01-01,1514-12-31,6,信,Rule-generated Stage7 member for 汉朝刘氏.,False
1000475,7001,刘伟,male,1438-01-01,1515-12-31,6,信,Rule-generated Stage7 member for 汉朝刘氏.,False
1000476,7001,刘信丽,female,1433-01-01,1489-12-31,6,信,Rule-generated Stage7 member for 汉朝刘氏.,False
1000477,7001,刘文宗,male,1434-01-01,1497-12-31,6,信,Rule-generated Stage7 member for 汉朝刘氏.,False
1000478,7001,刘信敏,female,1436-01-01,1489-12-31,6,信,Rule-generated Stage7 member for 汉朝刘氏.,False
1000480,7001,刘玉梅,female,1436-01-01,1518-12-31,6,信,Rule-generated Stage7 member for 汉朝刘氏.,False
1000481,7001,刘成景,male,1433-01-01,1486-12-31,6,信,Rule-generated Stage7 member for 汉朝刘氏.,False
1000482,7001,刘华,female,1437-01-01,1505-12-31,6,信,Rule-generated Stage7 member for 汉朝刘氏.,False
1000483,7001,刘信强,male,1434-01-01,1489-12-31,6,信,Rule-generated Stage7 member for 汉朝刘氏.,False
1000484,7001,刘信丽,female,1437-01-01,1505-12-31,6,信,Rule-generated Stage7 member for 汉朝刘氏.,False
1000485,7001,刘信宗,male,1434-01-01,1503-12-31,6,信,Rule-generated Stage7 member for 汉朝刘氏.,False
1000486,7001,刘芳兰,female,1435-01-01,1489-12-31,6,信,Rule-generated Stage7 member for 汉朝刘氏.,False
1000487,7001,刘信明,male,1434-01-01,1531-12-31,6,信,Rule-generated Stage7 member for 汉朝刘氏.,False
1000488,7001,刘信宁,female,1436-01-01,1500-12-31,6,信,Rule-generated Stage7 member for 汉朝刘氏.,False
1000489,7001,刘伟强,male,1438-01-01,1484-12-31,6,信,Rule-generated Stage7 member for 汉朝刘氏.,False
1000491,7001,刘信国,male,1438-01-01,1501-12-31,6,信,Rule-generated Stage7 member for 汉朝刘氏.,False
1000492,7001,刘信宁,female,1433-01-01,1505-12-31,6,信,Rule-generated Stage7 member for 汉朝刘氏.,False
1000493,7001,刘德国,male,1438-01-01,1475-12-31,6,信,Rule-generated Stage7 member for 汉朝刘氏.,False
1000494,7001,刘信宁,female,1436-01-01,1463-12-31,6,信,Rule-generated Stage7 member for 汉朝刘氏.,False
1000495,7001,刘德强,male,1433-01-01,1481-12-31,6,信,Rule-generated Stage7 member for 汉朝刘氏.,False
1000496,7001,刘伟,female,1439-01-01,1511-12-31,6,信,Rule-generated Stage7 member for 汉朝刘氏.,False
1000497,7001,刘信安,male,1435-01-01,1507-12-31,6,信,Rule-generated Stage7 member for 汉朝刘氏.,False
1000498,7001,刘慧安,female,1435-01-01,1505-12-31,6,信,Rule-generated Stage7 member for 汉朝刘氏.,False
1000499,7001,刘信国,male,1436-01-01,1510-12-31,6,信,Rule-generated Stage7 member for 汉朝刘氏.,False
1000500,7001,刘梅芳,female,1438-01-01,1509-12-31,6,信,Rule-generated Stage7 member for 汉朝刘氏.,False
1000502,7001,刘信安,female,1433-01-01,1506-12-31,6,信,Rule-generated Stage7 member for 汉朝刘氏.,False
1000503,7001,刘信明,male,1437-01-01,1502-12-31,6,信,Rule-generated Stage7 member for 汉朝刘氏.,False
1000504,7001,刘雅安,female,1438-01-01,1493-12-31,6,信,Rule-generated Stage7 member for 汉朝刘氏.,False
1000505,7001,刘国宗,male,1439-01-01,1525-12-31,6,信,Rule-generated Stage7 member for 汉朝刘氏.,False
1000506,7001,刘兰安,female,1434-01-01,1518-12-31,6,信,Rule-generated Stage7 member for 汉朝刘氏.,False
1000507,7001,刘信宗,male,1437-01-01,1509-12-31,6,信,Rule-generated Stage7 member for 汉朝刘氏.,False
1000508,7001,刘信慧,female,1434-01-01,1465-12-31,6,信,Rule-generated Stage7 member for 汉朝刘氏.,False
1000509,7001,刘国国,male,1439-01-01,1498-12-31,6,信,Rule-generated Stage7 member for 汉朝刘氏.,False
1000510,7001,刘玉雅,female,1436-01-01,1472-12-31,6,信,Rule-generated Stage7 member for 汉朝刘氏.,False
1000511,7001,刘信世,male,1435-01-01,1472-12-31,6,信,Rule-generated Stage7 member for 汉朝刘氏.,False
1000512,7001,刘慧清,female,1438-01-01,1504-12-31,6,信,Rule-generated Stage7 member for 汉朝刘氏.,False
1000513,7001,刘信伟,male,1434-01-01,1503-12-31,6,信,Rule-generated Stage7 member for 汉朝刘氏.,False
1000514,7001,刘丽,female,1433-01-01,1515-12-31,6,信,Rule-generated Stage7 member for 汉朝刘氏.,False
1000515,7001,刘信德,male,1433-01-01,1515-12-31,6,信,Rule-generated Stage7 member for 汉朝刘氏.,False
1000516,7001,刘信敏,female,1435-01-01,1515-12-31,6,信,Rule-generated Stage7 member for 汉朝刘氏.,False
1000517,7001,刘信伟,male,1439-01-01,1476-12-31,6,信,Rule-generated Stage7 member for 汉朝刘氏.,False
1000518,7001,刘信兰,female,1433-01-01,1515-12-31,6,信,Rule-generated Stage7 member for 汉朝刘氏.,False
1000519,7001,刘成宗,male,1439-01-01,1510-12-31,6,信,Rule-generated Stage7 member for 汉朝刘氏.,False
1000520,7001,刘信慧,female,1436-01-01,1509-12-31,6,信,Rule-generated Stage7 member for 汉朝刘氏.,False
1000521,7001,刘宗安,male,1437-01-01,1492-12-31,6,信,Rule-generated Stage7 member for 汉朝刘氏.,False
1000523,7001,刘敏,male,1438-01-01,1498-12-31,6,信,Rule-generated Stage7 member for 汉朝刘氏.,False
1000525,7001,刘信宗,male,1437-01-01,1544-12-31,6,信,Rule-generated Stage7 member for 汉朝刘氏.,False
1000526,7001,刘信芳,female,1439-01-01,1494-12-31,6,信,Rule-generated Stage7 member for 汉朝刘氏.,False
1000527,7001,刘信世,male,1435-01-01,1509-12-31,6,信,Rule-generated Stage7 member for 汉朝刘氏.,False
1000528,7001,刘芳梅,female,1434-01-01,1475-12-31,6,信,Rule-generated Stage7 member for 汉朝刘氏.,False
1000529,7001,刘宗景,male,1438-01-01,1507-12-31,6,信,Rule-generated Stage7 member for 汉朝刘氏.,False
1000530,7001,刘信梅,female,1434-01-01,1497-12-31,6,信,Rule-generated Stage7 member for 汉朝刘氏.,False
1000531,7001,刘安文,male,1433-01-01,1520-12-31,6,信,Rule-generated Stage7 member for 汉朝刘氏.,False
1000532,7001,刘信兰,female,1435-01-01,1496-12-31,6,信,Rule-generated Stage7 member for 汉朝刘氏.,False
1000534,7001,刘信芳,female,1435-01-01,1487-12-31,6,信,Rule-generated Stage7 member for 汉朝刘氏.,False
1000536,7001,刘安丽,female,1435-01-01,1484-12-31,6,信,Rule-generated Stage7 member for 汉朝刘氏.,False
1000537,7001,刘信宗,male,1437-01-01,1498-12-31,6,信,Rule-generated Stage7 member for 汉朝刘氏.,False
1000538,7001,刘兰玉,female,1438-01-01,1480-12-31,6,信,Rule-generated Stage7 member for 汉朝刘氏.,False
1000539,7001,刘文宗,male,1437-01-01,1492-12-31,6,信,Rule-generated Stage7 member for 汉朝刘氏.,False
1000540,7001,刘信清,female,1436-01-01,1484-12-31,6,信,Rule-generated Stage7 member for 汉朝刘氏.,False
1000541,7001,刘信承,male,1435-01-01,1491-12-31,6,信,Rule-generated Stage7 member for 汉朝刘氏.,False
1000542,7001,刘敏玉,female,1438-01-01,1521-12-31,6,信,Rule-generated Stage7 member for 汉朝刘氏.,False
1000543,7001,刘信成,male,1436-01-01,1506-12-31,6,信,Rule-generated Stage7 member for 汉朝刘氏.,False
1000545,7001,刘伟德,male,1436-01-01,1528-12-31,6,信,Rule-generated Stage7 member for 汉朝刘氏.,False
1000547,7001,刘信宗,male,1437-01-01,1486-12-31,6,信,Rule-generated Stage7 member for 汉朝刘氏.,False
1000548,7001,刘信华,female,1433-01-01,1506-12-31,6,信,Rule-generated Stage7 member for 汉朝刘氏.,False
1000549,7001,刘国国,male,1438-01-01,1521-12-31,6,信,Rule-generated Stage7 member for 汉朝刘氏.,False
1000550,7001,刘雅梅,female,1435-01-01,1488-12-31,6,信,Rule-generated Stage7 member for 汉朝刘氏.,False
1000551,7001,刘丽,male,1438-01-01,1500-12-31,6,信,Rule-generated Stage7 member for 汉朝刘氏.,False
1000552,7001,刘信安,female,1433-01-01,1495-12-31,6,信,Rule-generated Stage7 member for 汉朝刘氏.,False
1000553,7001,刘丽,male,1435-01-01,1488-12-31,6,信,Rule-generated Stage7 member for 汉朝刘氏.,False
1000554,7001,刘信梅,female,1439-01-01,1472-12-31,6,信,Rule-generated Stage7 member for 汉朝刘氏.,False
1000555,7001,刘强,male,1439-01-01,1462-12-31,6,信,Rule-generated Stage7 member for 汉朝刘氏.,False
1000556,7001,刘信华,female,1433-01-01,1480-12-31,6,信,Rule-generated Stage7 member for 汉朝刘氏.,False
1000558,7001,刘信梅,female,1436-01-01,1508-12-31,6,信,Rule-generated Stage7 member for 汉朝刘氏.,False
1000559,7001,刘信强,male,1438-01-01,1489-12-31,6,信,Rule-generated Stage7 member for 汉朝刘氏.,False
1000560,7001,刘丽芳,female,1434-01-01,1494-12-31,6,信,Rule-generated Stage7 member for 汉朝刘氏.,False
1000561,7001,刘信成,male,1434-01-01,1469-12-31,6,信,Rule-generated Stage7 member for 汉朝刘氏.,False
1000562,7001,刘兰雅,female,1439-01-01,1473-12-31,6,信,Rule-generated Stage7 member for 汉朝刘氏.,False
1000563,7001,刘世景,male,1433-01-01,1492-12-31,6,信,Rule-generated Stage7 member for 汉朝刘氏.,False
1000564,7001,刘伟,female,1436-01-01,1504-12-31,6,信,Rule-generated Stage7 member for 汉朝刘氏.,False
1000565,7001,刘信伟,male,1435-01-01,1511-12-31,6,信,Rule-generated Stage7 member for 汉朝刘氏.,False
1000566,7001,刘雅宁,female,1435-01-01,1519-12-31,6,信,Rule-generated Stage7 member for 汉朝刘氏.,False
1000567,7001,刘安世,male,1437-01-01,1528-12-31,6,信,Rule-generated Stage7 member for 汉朝刘氏.,False
1000569,7001,刘信德,male,1435-01-01,1497-12-31,6,信,Rule-generated Stage7 member for 汉朝刘氏.,False
1000570,7001,刘芳雅,female,1433-01-01,1507-12-31,6,信,Rule-generated Stage7 member for 汉朝刘氏.,False
1000571,7001,刘文德,male,1435-01-01,1495-12-31,6,信,Rule-generated Stage7 member for 汉朝刘氏.,False
1000572,7001,刘信安,female,1436-01-01,1489-12-31,6,信,Rule-generated Stage7 member for 汉朝刘氏.,False
1000573,7001,刘信安,male,1437-01-01,1497-12-31,6,信,Rule-generated Stage7 member for 汉朝刘氏.,False
1000574,7001,刘梅安,female,1434-01-01,1466-12-31,6,信,Rule-generated Stage7 member for 汉朝刘氏.,False
1000575,7001,刘景景,male,1439-01-01,1531-12-31,6,信,Rule-generated Stage7 member for 汉朝刘氏.,False
1000576,7001,刘信兰,female,1439-01-01,1497-12-31,6,信,Rule-generated Stage7 member for 汉朝刘氏.,False
1000577,7001,刘信安,male,1433-01-01,1528-12-31,6,信,Rule-generated Stage7 member for 汉朝刘氏.,False
1000578,7001,刘宁兰,female,1437-01-01,1499-12-31,6,信,Rule-generated Stage7 member for 汉朝刘氏.,False
1000579,7001,刘信承,male,1435-01-01,1480-12-31,6,信,Rule-generated Stage7 member for 汉朝刘氏.,False
1000580,7001,刘敏安,female,1439-01-01,1520-12-31,6,信,Rule-generated Stage7 member for 汉朝刘氏.,False
1000582,7001,刘信慧,female,1434-01-01,1499-12-31,6,信,Rule-generated Stage7 member for 汉朝刘氏.,False
1000584,7001,刘慧敏,female,1436-01-01,1514-12-31,6,信,Rule-generated Stage7 member for 汉朝刘氏.,False
1000585,7001,刘信伟,male,1435-01-01,1507-12-31,6,信,Rule-generated Stage7 member for 汉朝刘氏.,False
1000586,7001,刘信玉,female,1436-01-01,1487-12-31,6,信,Rule-generated Stage7 member for 汉朝刘氏.,False
1000587,7001,刘信世,male,1435-01-01,1480-12-31,6,信,Rule-generated Stage7 member for 汉朝刘氏.,False
1000588,7001,刘伟,female,1436-01-01,1492-12-31,6,信,Rule-generated Stage7 member for 汉朝刘氏.,False
1000589,7001,刘景德,male,1439-01-01,1475-12-31,6,信,Rule-generated Stage7 member for 汉朝刘氏.,False
1000590,7001,刘雅丽,female,1434-01-01,1511-12-31,6,信,Rule-generated Stage7 member for 汉朝刘氏.,False
1000591,7001,刘世德,male,1436-01-01,1484-12-31,6,信,Rule-generated Stage7 member for 汉朝刘氏.,False
1000592,7001,刘信清,female,1437-01-01,1477-12-31,6,信,Rule-generated Stage7 member for 汉朝刘氏.,False
1000593,7001,刘信承,male,1438-01-01,1504-12-31,6,信,Rule-generated Stage7 member for 汉朝刘氏.,False
1000594,7001,刘敏梅,female,1436-01-01,1534-12-31,6,信,Rule-generated Stage7 member for 汉朝刘氏.,False
1000596,7001,刘清清,female,1435-01-01,1515-12-31,6,信,Rule-generated Stage7 member for 汉朝刘氏.,False
1000597,7001,刘信明,male,1435-01-01,1503-12-31,6,信,Rule-generated Stage7 member for 汉朝刘氏.,False
1000599,7001,刘信安,male,1437-01-01,1515-12-31,6,信,Rule-generated Stage7 member for 汉朝刘氏.,False
1000600,7001,刘信清,female,1436-01-01,1464-12-31,6,信,Rule-generated Stage7 member for 汉朝刘氏.,False
1000601,7001,刘信文,male,1438-01-01,1525-12-31,6,信,Rule-generated Stage7 member for 汉朝刘氏.,False
1000602,7001,刘华兰,female,1434-01-01,1495-12-31,6,信,Rule-generated Stage7 member for 汉朝刘氏.,False
1000603,7001,刘信文,male,1439-01-01,1512-12-31,6,信,Rule-generated Stage7 member for 汉朝刘氏.,False
1000604,7001,刘信兰,female,1433-01-01,1502-12-31,6,信,Rule-generated Stage7 member for 汉朝刘氏.,False
1000605,7001,刘强伟,male,1433-01-01,1533-12-31,6,信,Rule-generated Stage7 member for 汉朝刘氏.,False
1000607,7001,刘承国,male,1436-01-01,1505-12-31,6,信,Rule-generated Stage7 member for 汉朝刘氏.,False
1000608,7001,刘信清,female,1435-01-01,1482-12-31,6,信,Rule-generated Stage7 member for 汉朝刘氏.,False
1000610,7001,刘玉雅,female,1437-01-01,1492-12-31,6,信,Rule-generated Stage7 member for 汉朝刘氏.,False
1000611,7001,刘信成,male,1436-01-01,1515-12-31,6,信,Rule-generated Stage7 member for 汉朝刘氏.,False
1000612,7001,刘敏,female,1439-01-01,1469-12-31,6,信,Rule-generated Stage7 member for 汉朝刘氏.,False
1000613,7001,刘信承,male,1435-01-01,1497-12-31,6,信,Rule-generated Stage7 member for 汉朝刘氏.,False
1000614,7001,刘信雅,female,1433-01-01,1480-12-31,6,信,Rule-generated Stage7 member for 汉朝刘氏.,False
1000615,7001,刘承文,male,1439-01-01,1501-12-31,6,信,Rule-generated Stage7 member for 汉朝刘氏.,False
1000616,7001,刘信梅,female,1434-01-01,1506-12-31,6,信,Rule-generated Stage7 member for 汉朝刘氏.,False
1000618,7001,刘信慧,female,1436-01-01,1510-12-31,6,信,Rule-generated Stage7 member for 汉朝刘氏.,False
1000619,7001,刘伟成,male,1461-01-01,1507-12-31,7,忠,Rule-generated Stage7 member for 汉朝刘氏.,False
1000620,7001,刘敏,female,1455-01-01,1516-12-31,7,忠,Rule-generated Stage7 member for 汉朝刘氏.,False
1000621,7001,刘忠承,male,1455-01-01,1537-12-31,7,忠,Rule-generated Stage7 member for 汉朝刘氏.,False
1000622,7001,刘慧梅,female,1459-01-01,1513-12-31,7,忠,Rule-generated Stage7 member for 汉朝刘氏.,False
1000623,7001,刘文明,male,1460-01-01,1526-12-31,7,忠,Rule-generated Stage7 member for 汉朝刘氏.,False
1000624,7001,刘忠安,female,1456-01-01,1538-12-31,7,忠,Rule-generated Stage7 member for 汉朝刘氏.,False
1000625,7001,刘德宗,male,1461-01-01,1523-12-31,7,忠,Rule-generated Stage7 member for 汉朝刘氏.,False
1000626,7001,刘华宁,female,1460-01-01,1495-12-31,7,忠,Rule-generated Stage7 member for 汉朝刘氏.,False
1000627,7001,刘伟德,male,1457-01-01,1506-12-31,7,忠,Rule-generated Stage7 member for 汉朝刘氏.,False
1000628,7001,刘忠慧,female,1457-01-01,1510-12-31,7,忠,Rule-generated Stage7 member for 汉朝刘氏.,False
1000629,7001,刘承文,male,1459-01-01,1515-12-31,7,忠,Rule-generated Stage7 member for 汉朝刘氏.,False
1000630,7001,刘忠安,female,1459-01-01,1493-12-31,7,忠,Rule-generated Stage7 member for 汉朝刘氏.,False
1000631,7001,刘忠德,male,1460-01-01,1483-12-31,7,忠,Rule-generated Stage7 member for 汉朝刘氏.,False
1000632,7001,刘忠宁,female,1456-01-01,1534-12-31,7,忠,Rule-generated Stage7 member for 汉朝刘氏.,False
1000633,7001,刘忠伟,male,1456-01-01,1522-12-31,7,忠,Rule-generated Stage7 member for 汉朝刘氏.,False
1000634,7001,刘宁敏,female,1458-01-01,1535-12-31,7,忠,Rule-generated Stage7 member for 汉朝刘氏.,False
1000635,7001,刘忠承,male,1456-01-01,1526-12-31,7,忠,Rule-generated Stage7 member for 汉朝刘氏.,False
1000636,7001,刘清敏,female,1455-01-01,1504-12-31,7,忠,Rule-generated Stage7 member for 汉朝刘氏.,False
1000637,7001,刘忠强,male,1456-01-01,1492-12-31,7,忠,Rule-generated Stage7 member for 汉朝刘氏.,False
1000638,7001,刘宁丽,female,1460-01-01,1536-12-31,7,忠,Rule-generated Stage7 member for 汉朝刘氏.,False
1000639,7001,刘忠世,male,1458-01-01,1526-12-31,7,忠,Rule-generated Stage7 member for 汉朝刘氏.,False
1000640,7001,刘雅玉,female,1459-01-01,1529-12-31,7,忠,Rule-generated Stage7 member for 汉朝刘氏.,False
1000641,7001,刘忠安,male,1457-01-01,1510-12-31,7,忠,Rule-generated Stage7 member for 汉朝刘氏.,False
1000642,7001,刘忠雅,female,1455-01-01,1503-12-31,7,忠,Rule-generated Stage7 member for 汉朝刘氏.,False
1000643,7001,刘宗国,male,1459-01-01,1522-12-31,7,忠,Rule-generated Stage7 member for 汉朝刘氏.,False
1000644,7001,刘忠梅,female,1455-01-01,1488-12-31,7,忠,Rule-generated Stage7 member for 汉朝刘氏.,False
1000645,7001,刘宗宗,male,1455-01-01,1481-12-31,7,忠,Rule-generated Stage7 member for 汉朝刘氏.,False
1000646,7001,刘忠敏,female,1460-01-01,1529-12-31,7,忠,Rule-generated Stage7 member for 汉朝刘氏.,False
1000647,7001,刘成德,male,1456-01-01,1509-12-31,7,忠,Rule-generated Stage7 member for 汉朝刘氏.,False
1000648,7001,刘忠雅,female,1457-01-01,1541-12-31,7,忠,Rule-generated Stage7 member for 汉朝刘氏.,False
1000649,7001,刘忠承,male,1459-01-01,1523-12-31,7,忠,Rule-generated Stage7 member for 汉朝刘氏.,False
1000650,7001,刘忠雅,female,1461-01-01,1494-12-31,7,忠,Rule-generated Stage7 member for 汉朝刘氏.,False
1000651,7001,刘忠明,male,1461-01-01,1546-12-31,7,忠,Rule-generated Stage7 member for 汉朝刘氏.,False
1000652,7001,刘敏安,female,1459-01-01,1518-12-31,7,忠,Rule-generated Stage7 member for 汉朝刘氏.,False
1000653,7001,刘伟文,male,1456-01-01,1556-12-31,7,忠,Rule-generated Stage7 member for 汉朝刘氏.,False
1000654,7001,刘忠清,female,1456-01-01,1535-12-31,7,忠,Rule-generated Stage7 member for 汉朝刘氏.,False
1000655,7001,刘忠安,male,1457-01-01,1507-12-31,7,忠,Rule-generated Stage7 member for 汉朝刘氏.,False
1000656,7001,刘丽敏,female,1461-01-01,1520-12-31,7,忠,Rule-generated Stage7 member for 汉朝刘氏.,False
1000657,7001,刘忠文,male,1461-01-01,1525-12-31,7,忠,Rule-generated Stage7 member for 汉朝刘氏.,False
1000658,7001,刘玉敏,female,1461-01-01,1539-12-31,7,忠,Rule-generated Stage7 member for 汉朝刘氏.,False
1000659,7001,刘忠明,male,1459-01-01,1524-12-31,7,忠,Rule-generated Stage7 member for 汉朝刘氏.,False
1000660,7001,刘忠慧,female,1461-01-01,1542-12-31,7,忠,Rule-generated Stage7 member for 汉朝刘氏.,False
1000661,7001,刘忠伟,male,1461-01-01,1529-12-31,7,忠,Rule-generated Stage7 member for 汉朝刘氏.,False
1000662,7001,刘忠丽,female,1457-01-01,1549-12-31,7,忠,Rule-generated Stage7 member for 汉朝刘氏.,False
1000663,7001,刘忠伟,male,1459-01-01,1544-12-31,7,忠,Rule-generated Stage7 member for 汉朝刘氏.,False
1000664,7001,刘敏兰,female,1457-01-01,1532-12-31,7,忠,Rule-generated Stage7 member for 汉朝刘氏.,False
1000665,7001,刘忠明,male,1455-01-01,1525-12-31,7,忠,Rule-generated Stage7 member for 汉朝刘氏.,False
1000666,7001,刘忠华,female,1458-01-01,1508-12-31,7,忠,Rule-generated Stage7 member for 汉朝刘氏.,False
1000667,7001,刘忠德,male,1459-01-01,1534-12-31,7,忠,Rule-generated Stage7 member for 汉朝刘氏.,False
1000668,7001,刘忠兰,female,1461-01-01,1528-12-31,7,忠,Rule-generated Stage7 member for 汉朝刘氏.,False
1000669,7001,刘忠文,male,1455-01-01,1517-12-31,7,忠,Rule-generated Stage7 member for 汉朝刘氏.,False
1000670,7001,刘忠芳,female,1458-01-01,1508-12-31,7,忠,Rule-generated Stage7 member for 汉朝刘氏.,False
1000671,7001,刘忠强,male,1461-01-01,1499-12-31,7,忠,Rule-generated Stage7 member for 汉朝刘氏.,False
1000672,7001,刘慧芳,female,1457-01-01,1550-12-31,7,忠,Rule-generated Stage7 member for 汉朝刘氏.,False
1000673,7001,刘成国,male,1461-01-01,1487-12-31,7,忠,Rule-generated Stage7 member for 汉朝刘氏.,False
1000674,7001,刘忠玉,female,1458-01-01,1548-12-31,7,忠,Rule-generated Stage7 member for 汉朝刘氏.,False
1000675,7001,刘华,male,1456-01-01,1534-12-31,7,忠,Rule-generated Stage7 member for 汉朝刘氏.,False
1000676,7001,刘忠宁,female,1460-01-01,1536-12-31,7,忠,Rule-generated Stage7 member for 汉朝刘氏.,False
1000677,7001,刘德伟,male,1460-01-01,1518-12-31,7,忠,Rule-generated Stage7 member for 汉朝刘氏.,False
1000678,7001,刘强,female,1460-01-01,1526-12-31,7,忠,Rule-generated Stage7 member for 汉朝刘氏.,False
1000679,7001,刘敏,male,1461-01-01,1529-12-31,7,忠,Rule-generated Stage7 member for 汉朝刘氏.,False
1000680,7001,刘忠芳,female,1459-01-01,1550-12-31,7,忠,Rule-generated Stage7 member for 汉朝刘氏.,False
1000681,7001,刘伟,male,1455-01-01,1493-12-31,7,忠,Rule-generated Stage7 member for 汉朝刘氏.,False
1000682,7001,刘华丽,female,1461-01-01,1537-12-31,7,忠,Rule-generated Stage7 member for 汉朝刘氏.,False
1000683,7001,刘忠景,male,1456-01-01,1526-12-31,7,忠,Rule-generated Stage7 member for 汉朝刘氏.,False
1000684,7001,刘雅安,female,1457-01-01,1492-12-31,7,忠,Rule-generated Stage7 member for 汉朝刘氏.,False
1000685,7001,刘华,male,1456-01-01,1527-12-31,7,忠,Rule-generated Stage7 member for 汉朝刘氏.,False
1000686,7001,刘雅清,female,1458-01-01,1528-12-31,7,忠,Rule-generated Stage7 member for 汉朝刘氏.,False
1000687,7001,刘忠强,male,1460-01-01,1518-12-31,7,忠,Rule-generated Stage7 member for 汉朝刘氏.,False
1000688,7001,刘兰慧,female,1458-01-01,1545-12-31,7,忠,Rule-generated Stage7 member for 汉朝刘氏.,False
1000689,7001,刘忠世,male,1459-01-01,1532-12-31,7,忠,Rule-generated Stage7 member for 汉朝刘氏.,False
1000690,7001,刘安梅,female,1456-01-01,1503-12-31,7,忠,Rule-generated Stage7 member for 汉朝刘氏.,False
1000691,7001,刘忠安,male,1457-01-01,1513-12-31,7,忠,Rule-generated Stage7 member for 汉朝刘氏.,False
1000692,7001,刘忠慧,female,1459-01-01,1542-12-31,7,忠,Rule-generated Stage7 member for 汉朝刘氏.,False
1000693,7001,刘忠国,male,1461-01-01,1517-12-31,7,忠,Rule-generated Stage7 member for 汉朝刘氏.,False
1000694,7001,刘安宁,female,1457-01-01,1540-12-31,7,忠,Rule-generated Stage7 member for 汉朝刘氏.,False
1000695,7001,刘忠安,male,1457-01-01,1517-12-31,7,忠,Rule-generated Stage7 member for 汉朝刘氏.,False
1000696,7001,刘忠芳,female,1456-01-01,1498-12-31,7,忠,Rule-generated Stage7 member for 汉朝刘氏.,False
1000697,7001,刘景德,male,1455-01-01,1529-12-31,7,忠,Rule-generated Stage7 member for 汉朝刘氏.,False
1000698,7001,刘忠玉,female,1455-01-01,1552-12-31,7,忠,Rule-generated Stage7 member for 汉朝刘氏.,False
1000699,7001,刘伟世,male,1456-01-01,1553-12-31,7,忠,Rule-generated Stage7 member for 汉朝刘氏.,False
1000700,7001,刘忠宁,female,1457-01-01,1486-12-31,7,忠,Rule-generated Stage7 member for 汉朝刘氏.,False
1000701,7001,刘忠成,male,1457-01-01,1542-12-31,7,忠,Rule-generated Stage7 member for 汉朝刘氏.,False
1000702,7001,刘华慧,female,1457-01-01,1540-12-31,7,忠,Rule-generated Stage7 member for 汉朝刘氏.,False
1000703,7001,刘忠成,male,1459-01-01,1526-12-31,7,忠,Rule-generated Stage7 member for 汉朝刘氏.,False
1000704,7001,刘忠玉,female,1461-01-01,1539-12-31,7,忠,Rule-generated Stage7 member for 汉朝刘氏.,False
1000705,7001,刘忠文,male,1458-01-01,1524-12-31,7,忠,Rule-generated Stage7 member for 汉朝刘氏.,False
1000706,7001,刘芳梅,female,1456-01-01,1533-12-31,7,忠,Rule-generated Stage7 member for 汉朝刘氏.,False
1000707,7001,刘忠德,male,1455-01-01,1503-12-31,7,忠,Rule-generated Stage7 member for 汉朝刘氏.,False
1000708,7001,刘忠宁,female,1460-01-01,1549-12-31,7,忠,Rule-generated Stage7 member for 汉朝刘氏.,False
1000709,7001,刘忠成,male,1457-01-01,1516-12-31,7,忠,Rule-generated Stage7 member for 汉朝刘氏.,False
1000710,7001,刘玉兰,female,1455-01-01,1514-12-31,7,忠,Rule-generated Stage7 member for 汉朝刘氏.,False
1000711,7001,刘忠德,male,1456-01-01,1509-12-31,7,忠,Rule-generated Stage7 member for 汉朝刘氏.,False
1000712,7001,刘忠雅,female,1461-01-01,1498-12-31,7,忠,Rule-generated Stage7 member for 汉朝刘氏.,False
1000713,7001,刘德承,male,1461-01-01,1529-12-31,7,忠,Rule-generated Stage7 member for 汉朝刘氏.,False
1000714,7001,刘芳丽,female,1459-01-01,1491-12-31,7,忠,Rule-generated Stage7 member for 汉朝刘氏.,False
1000715,7001,刘忠安,male,1460-01-01,1546-12-31,7,忠,Rule-generated Stage7 member for 汉朝刘氏.,False
1000716,7001,刘华安,female,1458-01-01,1536-12-31,7,忠,Rule-generated Stage7 member for 汉朝刘氏.,False
1000717,7001,刘忠安,male,1457-01-01,1490-12-31,7,忠,Rule-generated Stage7 member for 汉朝刘氏.,False
1000718,7001,刘忠华,female,1461-01-01,1503-12-31,7,忠,Rule-generated Stage7 member for 汉朝刘氏.,False
1000719,7001,刘宗成,male,1461-01-01,1493-12-31,7,忠,Rule-generated Stage7 member for 汉朝刘氏.,False
1000720,7001,刘忠梅,female,1460-01-01,1506-12-31,7,忠,Rule-generated Stage7 member for 汉朝刘氏.,False
1000721,7001,刘德成,male,1455-01-01,1515-12-31,7,忠,Rule-generated Stage7 member for 汉朝刘氏.,False
1000722,7001,刘忠安,female,1455-01-01,1555-12-31,7,忠,Rule-generated Stage7 member for 汉朝刘氏.,False
1000723,7001,刘强,male,1456-01-01,1521-12-31,7,忠,Rule-generated Stage7 member for 汉朝刘氏.,False
1000724,7001,刘华,female,1458-01-01,1527-12-31,7,忠,Rule-generated Stage7 member for 汉朝刘氏.,False
1000725,7001,刘忠强,male,1460-01-01,1523-12-31,7,忠,Rule-generated Stage7 member for 汉朝刘氏.,False
1000726,7001,刘芳梅,female,1457-01-01,1543-12-31,7,忠,Rule-generated Stage7 member for 汉朝刘氏.,False
1000727,7001,刘成安,male,1457-01-01,1509-12-31,7,忠,Rule-generated Stage7 member for 汉朝刘氏.,False
1000728,7001,刘明,female,1457-01-01,1533-12-31,7,忠,Rule-generated Stage7 member for 汉朝刘氏.,False
1000729,7001,刘明安,male,1460-01-01,1485-12-31,7,忠,Rule-generated Stage7 member for 汉朝刘氏.,False
1000730,7001,刘梅芳,female,1458-01-01,1508-12-31,7,忠,Rule-generated Stage7 member for 汉朝刘氏.,False
1000731,7001,刘忠强,male,1456-01-01,1540-12-31,7,忠,Rule-generated Stage7 member for 汉朝刘氏.,False
1000732,7001,刘忠华,female,1457-01-01,1536-12-31,7,忠,Rule-generated Stage7 member for 汉朝刘氏.,False
1000733,7001,刘德成,male,1456-01-01,1501-12-31,7,忠,Rule-generated Stage7 member for 汉朝刘氏.,False
1000734,7001,刘忠兰,female,1456-01-01,1497-12-31,7,忠,Rule-generated Stage7 member for 汉朝刘氏.,False
1000735,7001,刘忠伟,male,1459-01-01,1559-12-31,7,忠,Rule-generated Stage7 member for 汉朝刘氏.,False
1000736,7001,刘清宁,female,1461-01-01,1535-12-31,7,忠,Rule-generated Stage7 member for 汉朝刘氏.,False
1000737,7001,刘忠德,male,1461-01-01,1557-12-31,7,忠,Rule-generated Stage7 member for 汉朝刘氏.,False
1000738,7001,刘丽兰,female,1461-01-01,1551-12-31,7,忠,Rule-generated Stage7 member for 汉朝刘氏.,False
1000739,7001,刘忠伟,male,1459-01-01,1492-12-31,7,忠,Rule-generated Stage7 member for 汉朝刘氏.,False
1000740,7001,刘忠梅,female,1460-01-01,1538-12-31,7,忠,Rule-generated Stage7 member for 汉朝刘氏.,False
1000741,7001,刘忠安,male,1456-01-01,1513-12-31,7,忠,Rule-generated Stage7 member for 汉朝刘氏.,False
1000742,7001,刘忠玉,female,1461-01-01,1538-12-31,7,忠,Rule-generated Stage7 member for 汉朝刘氏.,False
1000743,7001,刘忠德,male,1460-01-01,1559-12-31,7,忠,Rule-generated Stage7 member for 汉朝刘氏.,False
1000744,7001,刘强,female,1455-01-01,1511-12-31,7,忠,Rule-generated Stage7 member for 汉朝刘氏.,False
1000745,7001,刘景景,male,1459-01-01,1515-12-31,7,忠,Rule-generated Stage7 member for 汉朝刘氏.,False
1000746,7001,刘忠梅,female,1457-01-01,1524-12-31,7,忠,Rule-generated Stage7 member for 汉朝刘氏.,False
1000747,7001,刘忠文,male,1459-01-01,1505-12-31,7,忠,Rule-generated Stage7 member for 汉朝刘氏.,False
1000748,7001,刘忠安,female,1456-01-01,1509-12-31,7,忠,Rule-generated Stage7 member for 汉朝刘氏.,False
1000749,7001,刘丽,male,1458-01-01,1540-12-31,7,忠,Rule-generated Stage7 member for 汉朝刘氏.,False
1000750,7001,刘忠宁,female,1458-01-01,1536-12-31,7,忠,Rule-generated Stage7 member for 汉朝刘氏.,False
1000751,7001,刘世世,male,1460-01-01,1545-12-31,7,忠,Rule-generated Stage7 member for 汉朝刘氏.,False
1000752,7001,刘忠雅,female,1456-01-01,1493-12-31,7,忠,Rule-generated Stage7 member for 汉朝刘氏.,False
1000753,7001,刘文国,male,1455-01-01,1508-12-31,7,忠,Rule-generated Stage7 member for 汉朝刘氏.,False
1000754,7001,刘忠兰,female,1461-01-01,1564-12-31,7,忠,Rule-generated Stage7 member for 汉朝刘氏.,False
1000755,7001,刘忠承,male,1459-01-01,1544-12-31,7,忠,Rule-generated Stage7 member for 汉朝刘氏.,False
1000756,7001,刘忠梅,female,1455-01-01,1504-12-31,7,忠,Rule-generated Stage7 member for 汉朝刘氏.,False
1000757,7001,刘国成,male,1456-01-01,1546-12-31,7,忠,Rule-generated Stage7 member for 汉朝刘氏.,False
1000758,7001,刘忠清,female,1456-01-01,1522-12-31,7,忠,Rule-generated Stage7 member for 汉朝刘氏.,False
1000759,7001,刘忠承,male,1459-01-01,1524-12-31,7,忠,Rule-generated Stage7 member for 汉朝刘氏.,False
1000760,7001,刘华,female,1459-01-01,1547-12-31,7,忠,Rule-generated Stage7 member for 汉朝刘氏.,False
1000761,7001,刘承安,male,1461-01-01,1523-12-31,7,忠,Rule-generated Stage7 member for 汉朝刘氏.,False
1000762,7001,刘梅梅,female,1455-01-01,1549-12-31,7,忠,Rule-generated Stage7 member for 汉朝刘氏.,False
1000763,7001,刘世国,male,1456-01-01,1520-12-31,7,忠,Rule-generated Stage7 member for 汉朝刘氏.,False
1000764,7001,刘忠梅,female,1457-01-01,1529-12-31,7,忠,Rule-generated Stage7 member for 汉朝刘氏.,False
1000765,7001,刘敏,male,1458-01-01,1542-12-31,7,忠,Rule-generated Stage7 member for 汉朝刘氏.,False
1000766,7001,刘忠梅,female,1455-01-01,1511-12-31,7,忠,Rule-generated Stage7 member for 汉朝刘氏.,False
1000767,7001,刘忠明,male,1458-01-01,1540-12-31,7,忠,Rule-generated Stage7 member for 汉朝刘氏.,False
1000768,7001,刘忠宁,female,1457-01-01,1517-12-31,7,忠,Rule-generated Stage7 member for 汉朝刘氏.,False
1000769,7001,刘忠景,male,1458-01-01,1550-12-31,7,忠,Rule-generated Stage7 member for 汉朝刘氏.,False
1000770,7001,刘兰芳,female,1457-01-01,1546-12-31,7,忠,Rule-generated Stage7 member for 汉朝刘氏.,False
1000771,7001,刘德国,male,1461-01-01,1526-12-31,7,忠,Rule-generated Stage7 member for 汉朝刘氏.,False
1000772,7001,刘忠华,female,1456-01-01,1493-12-31,7,忠,Rule-generated Stage7 member for 汉朝刘氏.,False
1000773,7001,刘文明,male,1456-01-01,1547-12-31,7,忠,Rule-generated Stage7 member for 汉朝刘氏.,False
1000774,7001,刘芳芳,female,1461-01-01,1535-12-31,7,忠,Rule-generated Stage7 member for 汉朝刘氏.,False
1000775,7001,刘忠国,male,1456-01-01,1508-12-31,7,忠,Rule-generated Stage7 member for 汉朝刘氏.,False
1000776,7001,刘忠敏,female,1459-01-01,1523-12-31,7,忠,Rule-generated Stage7 member for 汉朝刘氏.,False
1000777,7001,刘忠宗,male,1456-01-01,1525-12-31,7,忠,Rule-generated Stage7 member for 汉朝刘氏.,False
1000778,7001,刘宁慧,female,1456-01-01,1538-12-31,7,忠,Rule-generated Stage7 member for 汉朝刘氏.,False
1000779,7001,刘丽,male,1455-01-01,1511-12-31,7,忠,Rule-generated Stage7 member for 汉朝刘氏.,False
1000780,7001,刘安雅,female,1460-01-01,1544-12-31,7,忠,Rule-generated Stage7 member for 汉朝刘氏.,False
1000781,7001,刘忠安,male,1457-01-01,1504-12-31,7,忠,Rule-generated Stage7 member for 汉朝刘氏.,False
1000782,7001,刘忠丽,female,1457-01-01,1523-12-31,7,忠,Rule-generated Stage7 member for 汉朝刘氏.,False
1000783,7001,刘忠强,male,1455-01-01,1498-12-31,7,忠,Rule-generated Stage7 member for 汉朝刘氏.,False
1000784,7001,刘兰芳,female,1457-01-01,1522-12-31,7,忠,Rule-generated Stage7 member for 汉朝刘氏.,False
1000785,7001,刘忠明,male,1461-01-01,1519-12-31,7,忠,Rule-generated Stage7 member for 汉朝刘氏.,False
1000786,7001,刘清安,female,1460-01-01,1517-12-31,7,忠,Rule-generated Stage7 member for 汉朝刘氏.,False
1000787,7001,刘忠明,male,1457-01-01,1519-12-31,7,忠,Rule-generated Stage7 member for 汉朝刘氏.,False
1000788,7001,刘梅雅,female,1455-01-01,1516-12-31,7,忠,Rule-generated Stage7 member for 汉朝刘氏.,False
1000789,7001,刘忠明,male,1455-01-01,1524-12-31,7,忠,Rule-generated Stage7 member for 汉朝刘氏.,False
1000790,7001,刘芳敏,female,1455-01-01,1528-12-31,7,忠,Rule-generated Stage7 member for 汉朝刘氏.,False
1000791,7001,刘成德,male,1461-01-01,1549-12-31,7,忠,Rule-generated Stage7 member for 汉朝刘氏.,False
1000792,7001,刘兰华,female,1459-01-01,1509-12-31,7,忠,Rule-generated Stage7 member for 汉朝刘氏.,False
1000793,7001,刘世安,male,1455-01-01,1535-12-31,7,忠,Rule-generated Stage7 member for 汉朝刘氏.,False
1000794,7001,刘忠兰,female,1460-01-01,1547-12-31,7,忠,Rule-generated Stage7 member for 汉朝刘氏.,False
1000795,7001,刘明,male,1456-01-01,1546-12-31,7,忠,Rule-generated Stage7 member for 汉朝刘氏.,False
1000796,7001,刘清清,female,1455-01-01,1493-12-31,7,忠,Rule-generated Stage7 member for 汉朝刘氏.,False
1000797,7001,刘伟世,male,1461-01-01,1500-12-31,7,忠,Rule-generated Stage7 member for 汉朝刘氏.,False
1000798,7001,刘忠华,female,1460-01-01,1551-12-31,7,忠,Rule-generated Stage7 member for 汉朝刘氏.,False
1000799,7001,刘文明,male,1456-01-01,1542-12-31,7,忠,Rule-generated Stage7 member for 汉朝刘氏.,False
1000800,7001,刘强,female,1459-01-01,1526-12-31,7,忠,Rule-generated Stage7 member for 汉朝刘氏.,False
1000801,7001,刘忠强,male,1455-01-01,1514-12-31,7,忠,Rule-generated Stage7 member for 汉朝刘氏.,False
1000802,7001,刘宁慧,female,1457-01-01,1545-12-31,7,忠,Rule-generated Stage7 member for 汉朝刘氏.,False
1000803,7001,刘忠景,male,1456-01-01,1493-12-31,7,忠,Rule-generated Stage7 member for 汉朝刘氏.,False
1000804,7001,刘忠芳,female,1458-01-01,1524-12-31,7,忠,Rule-generated Stage7 member for 汉朝刘氏.,False
1000805,7001,刘国承,male,1457-01-01,1526-12-31,7,忠,Rule-generated Stage7 member for 汉朝刘氏.,False
1000806,7001,刘丽,female,1459-01-01,1487-12-31,7,忠,Rule-generated Stage7 member for 汉朝刘氏.,False
1000807,7001,刘忠强,male,1458-01-01,1543-12-31,7,忠,Rule-generated Stage7 member for 汉朝刘氏.,False
1000808,7001,刘忠兰,female,1457-01-01,1530-12-31,7,忠,Rule-generated Stage7 member for 汉朝刘氏.,False
1000809,7001,刘明成,male,1455-01-01,1511-12-31,7,忠,Rule-generated Stage7 member for 汉朝刘氏.,False
1000810,7001,刘华清,female,1461-01-01,1487-12-31,7,忠,Rule-generated Stage7 member for 汉朝刘氏.,False
1000811,7001,刘忠世,male,1459-01-01,1515-12-31,7,忠,Rule-generated Stage7 member for 汉朝刘氏.,False
1000812,7001,刘忠玉,female,1458-01-01,1548-12-31,7,忠,Rule-generated Stage7 member for 汉朝刘氏.,False
1000813,7001,刘德伟,male,1455-01-01,1517-12-31,7,忠,Rule-generated Stage7 member for 汉朝刘氏.,False
1000814,7001,刘忠丽,female,1455-01-01,1515-12-31,7,忠,Rule-generated Stage7 member for 汉朝刘氏.,False
1000815,7001,刘忠国,male,1458-01-01,1501-12-31,7,忠,Rule-generated Stage7 member for 汉朝刘氏.,False
1000816,7001,刘忠丽,female,1459-01-01,1532-12-31,7,忠,Rule-generated Stage7 member for 汉朝刘氏.,False
1000817,7001,刘忠宗,male,1455-01-01,1512-12-31,7,忠,Rule-generated Stage7 member for 汉朝刘氏.,False
1000818,7001,刘敏芳,female,1458-01-01,1509-12-31,7,忠,Rule-generated Stage7 member for 汉朝刘氏.,False
1000819,7001,刘忠强,male,1456-01-01,1512-12-31,7,忠,Rule-generated Stage7 member for 汉朝刘氏.,False
1000820,7001,刘宁安,female,1461-01-01,1563-12-31,7,忠,Rule-generated Stage7 member for 汉朝刘氏.,False
1000821,7001,刘忠宗,male,1457-01-01,1504-12-31,7,忠,Rule-generated Stage7 member for 汉朝刘氏.,False
1000822,7001,刘忠华,female,1461-01-01,1516-12-31,7,忠,Rule-generated Stage7 member for 汉朝刘氏.,False
1000823,7001,刘忠成,male,1457-01-01,1511-12-31,7,忠,Rule-generated Stage7 member for 汉朝刘氏.,False
1000824,7001,刘兰宁,female,1460-01-01,1508-12-31,7,忠,Rule-generated Stage7 member for 汉朝刘氏.,False
1000825,7001,刘和明,male,1479-01-01,1535-12-31,8,和,Rule-generated Stage7 member for 汉朝刘氏.,False
1000826,7001,刘华,female,1480-01-01,1512-12-31,8,和,Rule-generated Stage7 member for 汉朝刘氏.,False
1000827,7001,刘和景,male,1478-01-01,1545-12-31,8,和,Rule-generated Stage7 member for 汉朝刘氏.,False
1000828,7001,刘和安,female,1480-01-01,1547-12-31,8,和,Rule-generated Stage7 member for 汉朝刘氏.,False
1000829,7001,刘丽,male,1481-01-01,1522-12-31,8,和,Rule-generated Stage7 member for 汉朝刘氏.,False
1000830,7001,刘玉敏,female,1482-01-01,1561-12-31,8,和,Rule-generated Stage7 member for 汉朝刘氏.,False
1000831,7001,刘华,male,1477-01-01,1531-12-31,8,和,Rule-generated Stage7 member for 汉朝刘氏.,False
1000832,7001,刘和清,female,1477-01-01,1530-12-31,8,和,Rule-generated Stage7 member for 汉朝刘氏.,False
1000833,7001,刘和伟,male,1480-01-01,1533-12-31,8,和,Rule-generated Stage7 member for 汉朝刘氏.,False
1000834,7001,刘和清,female,1481-01-01,1546-12-31,8,和,Rule-generated Stage7 member for 汉朝刘氏.,False
1000835,7001,刘和成,male,1481-01-01,1515-12-31,8,和,Rule-generated Stage7 member for 汉朝刘氏.,False
1000836,7001,刘和玉,female,1483-01-01,1533-12-31,8,和,Rule-generated Stage7 member for 汉朝刘氏.,False
1000837,7001,刘世承,male,1482-01-01,1554-12-31,8,和,Rule-generated Stage7 member for 汉朝刘氏.,False
1000838,7001,刘敏,female,1480-01-01,1533-12-31,8,和,Rule-generated Stage7 member for 汉朝刘氏.,False
1000839,7001,刘和德,male,1479-01-01,1551-12-31,8,和,Rule-generated Stage7 member for 汉朝刘氏.,False
1000840,7001,刘和玉,female,1481-01-01,1554-12-31,8,和,Rule-generated Stage7 member for 汉朝刘氏.,False
1000841,7001,刘德明,male,1477-01-01,1551-12-31,8,和,Rule-generated Stage7 member for 汉朝刘氏.,False
1000842,7001,刘和玉,female,1482-01-01,1564-12-31,8,和,Rule-generated Stage7 member for 汉朝刘氏.,False
1000843,7001,刘成德,male,1479-01-01,1560-12-31,8,和,Rule-generated Stage7 member for 汉朝刘氏.,False
1000844,7001,刘和华,female,1478-01-01,1544-12-31,8,和,Rule-generated Stage7 member for 汉朝刘氏.,False
1000845,7001,刘和景,male,1479-01-01,1560-12-31,8,和,Rule-generated Stage7 member for 汉朝刘氏.,False
1000846,7001,刘清玉,female,1482-01-01,1539-12-31,8,和,Rule-generated Stage7 member for 汉朝刘氏.,False
1000847,7001,刘德宗,male,1479-01-01,1569-12-31,8,和,Rule-generated Stage7 member for 汉朝刘氏.,False
1000848,7001,刘芳安,female,1483-01-01,1534-12-31,8,和,Rule-generated Stage7 member for 汉朝刘氏.,False
1000849,7001,刘和承,male,1481-01-01,1508-12-31,8,和,Rule-generated Stage7 member for 汉朝刘氏.,False
1000850,7001,刘敏玉,female,1483-01-01,1568-12-31,8,和,Rule-generated Stage7 member for 汉朝刘氏.,False
1000851,7001,刘和伟,male,1477-01-01,1542-12-31,8,和,Rule-generated Stage7 member for 汉朝刘氏.,False
1000852,7001,刘明,female,1483-01-01,1520-12-31,8,和,Rule-generated Stage7 member for 汉朝刘氏.,False
1000853,7001,刘国宗,male,1483-01-01,1553-12-31,8,和,Rule-generated Stage7 member for 汉朝刘氏.,False
1000854,7001,刘和梅,female,1480-01-01,1572-12-31,8,和,Rule-generated Stage7 member for 汉朝刘氏.,False
1000855,7001,刘和宗,male,1478-01-01,1518-12-31,8,和,Rule-generated Stage7 member for 汉朝刘氏.,False
1000856,7001,刘和玉,female,1483-01-01,1576-12-31,8,和,Rule-generated Stage7 member for 汉朝刘氏.,False
1000857,7001,刘安景,male,1478-01-01,1508-12-31,8,和,Rule-generated Stage7 member for 汉朝刘氏.,False
1000858,7001,刘清安,female,1477-01-01,1540-12-31,8,和,Rule-generated Stage7 member for 汉朝刘氏.,False
1000859,7001,刘和伟,male,1483-01-01,1529-12-31,8,和,Rule-generated Stage7 member for 汉朝刘氏.,False
1000860,7001,刘宁雅,female,1482-01-01,1559-12-31,8,和,Rule-generated Stage7 member for 汉朝刘氏.,False
1000861,7001,刘和宗,male,1479-01-01,1534-12-31,8,和,Rule-generated Stage7 member for 汉朝刘氏.,False
1000862,7001,刘敏,female,1483-01-01,1510-12-31,8,和,Rule-generated Stage7 member for 汉朝刘氏.,False
1000863,7001,刘和明,male,1482-01-01,1530-12-31,8,和,Rule-generated Stage7 member for 汉朝刘氏.,False
1000864,7001,刘和雅,female,1480-01-01,1573-12-31,8,和,Rule-generated Stage7 member for 汉朝刘氏.,False
1000865,7001,刘和文,male,1483-01-01,1535-12-31,8,和,Rule-generated Stage7 member for 汉朝刘氏.,False
1000866,7001,刘和敏,female,1478-01-01,1560-12-31,8,和,Rule-generated Stage7 member for 汉朝刘氏.,False
1000867,7001,刘和成,male,1478-01-01,1538-12-31,8,和,Rule-generated Stage7 member for 汉朝刘氏.,False
1000868,7001,刘和慧,female,1481-01-01,1534-12-31,8,和,Rule-generated Stage7 member for 汉朝刘氏.,False
1000869,7001,刘德强,male,1482-01-01,1579-12-31,8,和,Rule-generated Stage7 member for 汉朝刘氏.,False
1000870,7001,刘和兰,female,1478-01-01,1545-12-31,8,和,Rule-generated Stage7 member for 汉朝刘氏.,False
1000871,7001,刘成世,male,1480-01-01,1571-12-31,8,和,Rule-generated Stage7 member for 汉朝刘氏.,False
1000872,7001,刘慧芳,female,1478-01-01,1535-12-31,8,和,Rule-generated Stage7 member for 汉朝刘氏.,False
1000873,7001,刘景安,male,1479-01-01,1549-12-31,8,和,Rule-generated Stage7 member for 汉朝刘氏.,False
1000874,7001,刘和玉,female,1479-01-01,1506-12-31,8,和,Rule-generated Stage7 member for 汉朝刘氏.,False
1000875,7001,刘和成,male,1480-01-01,1560-12-31,8,和,Rule-generated Stage7 member for 汉朝刘氏.,False
1000876,7001,刘慧丽,female,1477-01-01,1529-12-31,8,和,Rule-generated Stage7 member for 汉朝刘氏.,False
1000877,7001,刘和成,male,1478-01-01,1528-12-31,8,和,Rule-generated Stage7 member for 汉朝刘氏.,False
1000878,7001,刘梅梅,female,1481-01-01,1538-12-31,8,和,Rule-generated Stage7 member for 汉朝刘氏.,False
1000879,7001,刘和德,male,1479-01-01,1529-12-31,8,和,Rule-generated Stage7 member for 汉朝刘氏.,False
1000880,7001,刘和丽,female,1481-01-01,1567-12-31,8,和,Rule-generated Stage7 member for 汉朝刘氏.,False
1000881,7001,刘德承,male,1477-01-01,1515-12-31,8,和,Rule-generated Stage7 member for 汉朝刘氏.,False
1000882,7001,刘和丽,female,1478-01-01,1553-12-31,8,和,Rule-generated Stage7 member for 汉朝刘氏.,False
1000883,7001,刘和成,male,1481-01-01,1572-12-31,8,和,Rule-generated Stage7 member for 汉朝刘氏.,False
1000884,7001,刘和华,female,1480-01-01,1547-12-31,8,和,Rule-generated Stage7 member for 汉朝刘氏.,False
1000885,7001,刘和承,male,1480-01-01,1572-12-31,8,和,Rule-generated Stage7 member for 汉朝刘氏.,False
1000886,7001,刘和梅,female,1477-01-01,1572-12-31,8,和,Rule-generated Stage7 member for 汉朝刘氏.,False
1000887,7001,刘和德,male,1483-01-01,1553-12-31,8,和,Rule-generated Stage7 member for 汉朝刘氏.,False
1000888,7001,刘和玉,female,1480-01-01,1570-12-31,8,和,Rule-generated Stage7 member for 汉朝刘氏.,False
1000889,7001,刘安世,male,1478-01-01,1548-12-31,8,和,Rule-generated Stage7 member for 汉朝刘氏.,False
1000890,7001,刘玉芳,female,1483-01-01,1534-12-31,8,和,Rule-generated Stage7 member for 汉朝刘氏.,False
1000891,7001,刘和承,male,1481-01-01,1535-12-31,8,和,Rule-generated Stage7 member for 汉朝刘氏.,False
1000892,7001,刘和芳,female,1477-01-01,1534-12-31,8,和,Rule-generated Stage7 member for 汉朝刘氏.,False
1000893,7001,刘和国,male,1480-01-01,1544-12-31,8,和,Rule-generated Stage7 member for 汉朝刘氏.,False
1000894,7001,刘宁安,female,1483-01-01,1559-12-31,8,和,Rule-generated Stage7 member for 汉朝刘氏.,False
1000895,7001,刘强,male,1479-01-01,1549-12-31,8,和,Rule-generated Stage7 member for 汉朝刘氏.,False
1000896,7001,刘和宁,female,1481-01-01,1531-12-31,8,和,Rule-generated Stage7 member for 汉朝刘氏.,False
1000897,7001,刘成强,male,1479-01-01,1530-12-31,8,和,Rule-generated Stage7 member for 汉朝刘氏.,False
1000898,7001,刘和梅,female,1480-01-01,1550-12-31,8,和,Rule-generated Stage7 member for 汉朝刘氏.,False
1000899,7001,刘和文,male,1481-01-01,1556-12-31,8,和,Rule-generated Stage7 member for 汉朝刘氏.,False
1000900,7001,刘和清,female,1480-01-01,1507-12-31,8,和,Rule-generated Stage7 member for 汉朝刘氏.,False
1000901,7001,刘和世,male,1483-01-01,1536-12-31,8,和,Rule-generated Stage7 member for 汉朝刘氏.,False
1000902,7001,刘和芳,female,1482-01-01,1550-12-31,8,和,Rule-generated Stage7 member for 汉朝刘氏.,False
1000903,7001,刘和世,male,1477-01-01,1579-12-31,8,和,Rule-generated Stage7 member for 汉朝刘氏.,False
1000904,7001,刘宁兰,female,1479-01-01,1537-12-31,8,和,Rule-generated Stage7 member for 汉朝刘氏.,False
1000905,7001,刘和世,male,1483-01-01,1575-12-31,8,和,Rule-generated Stage7 member for 汉朝刘氏.,False
1000906,7001,刘玉安,female,1480-01-01,1530-12-31,8,和,Rule-generated Stage7 member for 汉朝刘氏.,False
1000907,7001,刘敏,male,1478-01-01,1541-12-31,8,和,Rule-generated Stage7 member for 汉朝刘氏.,False
1000908,7001,刘和宁,female,1483-01-01,1537-12-31,8,和,Rule-generated Stage7 member for 汉朝刘氏.,False
1000909,7001,刘和成,male,1479-01-01,1562-12-31,8,和,Rule-generated Stage7 member for 汉朝刘氏.,False
1000910,7001,刘和华,female,1479-01-01,1528-12-31,8,和,Rule-generated Stage7 member for 汉朝刘氏.,False
1000911,7001,刘和宗,male,1483-01-01,1524-12-31,8,和,Rule-generated Stage7 member for 汉朝刘氏.,False
1000912,7001,刘和梅,female,1477-01-01,1562-12-31,8,和,Rule-generated Stage7 member for 汉朝刘氏.,False
1000913,7001,刘和成,male,1481-01-01,1554-12-31,8,和,Rule-generated Stage7 member for 汉朝刘氏.,False
1000914,7001,刘和丽,female,1478-01-01,1507-12-31,8,和,Rule-generated Stage7 member for 汉朝刘氏.,False
1000915,7001,刘和伟,male,1477-01-01,1547-12-31,8,和,Rule-generated Stage7 member for 汉朝刘氏.,False
1000916,7001,刘和丽,female,1483-01-01,1524-12-31,8,和,Rule-generated Stage7 member for 汉朝刘氏.,False
1000917,7001,刘和强,male,1479-01-01,1524-12-31,8,和,Rule-generated Stage7 member for 汉朝刘氏.,False
1000918,7001,刘和清,female,1477-01-01,1560-12-31,8,和,Rule-generated Stage7 member for 汉朝刘氏.,False
1000919,7001,刘和成,male,1480-01-01,1554-12-31,8,和,Rule-generated Stage7 member for 汉朝刘氏.,False
1000920,7001,刘芳兰,female,1482-01-01,1541-12-31,8,和,Rule-generated Stage7 member for 汉朝刘氏.,False
1000921,7001,刘和安,male,1479-01-01,1532-12-31,8,和,Rule-generated Stage7 member for 汉朝刘氏.,False
1000922,7001,刘和安,female,1477-01-01,1540-12-31,8,和,Rule-generated Stage7 member for 汉朝刘氏.,False
1000923,7001,刘和明,male,1477-01-01,1510-12-31,8,和,Rule-generated Stage7 member for 汉朝刘氏.,False
1000924,7001,刘宁兰,female,1480-01-01,1555-12-31,8,和,Rule-generated Stage7 member for 汉朝刘氏.,False
1000925,7001,刘和强,male,1482-01-01,1531-12-31,8,和,Rule-generated Stage7 member for 汉朝刘氏.,False
1000926,7001,刘丽清,female,1483-01-01,1581-12-31,8,和,Rule-generated Stage7 member for 汉朝刘氏.,False
1000927,7001,刘和德,male,1478-01-01,1527-12-31,8,和,Rule-generated Stage7 member for 汉朝刘氏.,False
1000928,7001,刘丽慧,female,1480-01-01,1542-12-31,8,和,Rule-generated Stage7 member for 汉朝刘氏.,False
1000929,7001,刘和宗,male,1481-01-01,1579-12-31,8,和,Rule-generated Stage7 member for 汉朝刘氏.,False
1000930,7001,刘和丽,female,1478-01-01,1526-12-31,8,和,Rule-generated Stage7 member for 汉朝刘氏.,False
1000931,7001,刘和文,male,1482-01-01,1565-12-31,8,和,Rule-generated Stage7 member for 汉朝刘氏.,False
1000932,7001,刘芳清,female,1479-01-01,1531-12-31,8,和,Rule-generated Stage7 member for 汉朝刘氏.,False
1000933,7001,刘和强,male,1478-01-01,1504-12-31,8,和,Rule-generated Stage7 member for 汉朝刘氏.,False
1000934,7001,刘和敏,female,1482-01-01,1519-12-31,8,和,Rule-generated Stage7 member for 汉朝刘氏.,False
1000935,7001,刘和国,male,1479-01-01,1552-12-31,8,和,Rule-generated Stage7 member for 汉朝刘氏.,False
1000936,7001,刘和清,female,1481-01-01,1531-12-31,8,和,Rule-generated Stage7 member for 汉朝刘氏.,False
1000937,7001,刘和安,male,1482-01-01,1537-12-31,8,和,Rule-generated Stage7 member for 汉朝刘氏.,False
1000938,7001,刘和丽,female,1481-01-01,1536-12-31,8,和,Rule-generated Stage7 member for 汉朝刘氏.,False
1000939,7001,刘和伟,male,1482-01-01,1515-12-31,8,和,Rule-generated Stage7 member for 汉朝刘氏.,False
1000940,7001,刘和芳,female,1482-01-01,1552-12-31,8,和,Rule-generated Stage7 member for 汉朝刘氏.,False
1000941,7001,刘和世,male,1478-01-01,1556-12-31,8,和,Rule-generated Stage7 member for 汉朝刘氏.,False
1000942,7001,刘和华,female,1481-01-01,1519-12-31,8,和,Rule-generated Stage7 member for 汉朝刘氏.,False
1000943,7001,刘世伟,male,1477-01-01,1508-12-31,8,和,Rule-generated Stage7 member for 汉朝刘氏.,False
1000944,7001,刘和清,female,1480-01-01,1530-12-31,8,和,Rule-generated Stage7 member for 汉朝刘氏.,False
1000945,7001,刘华,male,1478-01-01,1535-12-31,8,和,Rule-generated Stage7 member for 汉朝刘氏.,False
1000946,7001,刘和梅,female,1480-01-01,1574-12-31,8,和,Rule-generated Stage7 member for 汉朝刘氏.,False
1000947,7001,刘和文,male,1481-01-01,1574-12-31,8,和,Rule-generated Stage7 member for 汉朝刘氏.,False
1000948,7001,刘安雅,female,1482-01-01,1570-12-31,8,和,Rule-generated Stage7 member for 汉朝刘氏.,False
1000949,7001,刘和成,male,1481-01-01,1588-12-31,8,和,Rule-generated Stage7 member for 汉朝刘氏.,False
1000950,7001,刘安敏,female,1479-01-01,1555-12-31,8,和,Rule-generated Stage7 member for 汉朝刘氏.,False
1000951,7001,刘和景,male,1481-01-01,1552-12-31,8,和,Rule-generated Stage7 member for 汉朝刘氏.,False
1000952,7001,刘和雅,female,1482-01-01,1521-12-31,8,和,Rule-generated Stage7 member for 汉朝刘氏.,False
1000953,7001,刘和承,male,1481-01-01,1578-12-31,8,和,Rule-generated Stage7 member for 汉朝刘氏.,False
1000954,7001,刘和华,female,1483-01-01,1510-12-31,8,和,Rule-generated Stage7 member for 汉朝刘氏.,False
1000955,7001,刘和伟,male,1480-01-01,1536-12-31,8,和,Rule-generated Stage7 member for 汉朝刘氏.,False
1000956,7001,刘和华,female,1481-01-01,1544-12-31,8,和,Rule-generated Stage7 member for 汉朝刘氏.,False
1000957,7001,刘和世,male,1478-01-01,1531-12-31,8,和,Rule-generated Stage7 member for 汉朝刘氏.,False
1000958,7001,刘伟,female,1482-01-01,1503-12-31,8,和,Rule-generated Stage7 member for 汉朝刘氏.,False
1000959,7001,刘成文,male,1478-01-01,1548-12-31,8,和,Rule-generated Stage7 member for 汉朝刘氏.,False
1000960,7001,刘慧清,female,1481-01-01,1568-12-31,8,和,Rule-generated Stage7 member for 汉朝刘氏.,False
1000961,7001,刘成强,male,1480-01-01,1512-12-31,8,和,Rule-generated Stage7 member for 汉朝刘氏.,False
1000962,7001,刘和清,female,1482-01-01,1545-12-31,8,和,Rule-generated Stage7 member for 汉朝刘氏.,False
1000963,7001,刘和景,male,1479-01-01,1514-12-31,8,和,Rule-generated Stage7 member for 汉朝刘氏.,False
1000964,7001,刘安丽,female,1483-01-01,1566-12-31,8,和,Rule-generated Stage7 member for 汉朝刘氏.,False
1000965,7001,刘强明,male,1482-01-01,1546-12-31,8,和,Rule-generated Stage7 member for 汉朝刘氏.,False
1000966,7001,刘和梅,female,1478-01-01,1519-12-31,8,和,Rule-generated Stage7 member for 汉朝刘氏.,False
1000967,7001,刘景安,male,1478-01-01,1530-12-31,8,和,Rule-generated Stage7 member for 汉朝刘氏.,False
1000968,7001,刘和玉,female,1480-01-01,1561-12-31,8,和,Rule-generated Stage7 member for 汉朝刘氏.,False
1000969,7001,刘敏,male,1481-01-01,1581-12-31,8,和,Rule-generated Stage7 member for 汉朝刘氏.,False
1000970,7001,刘梅清,female,1479-01-01,1559-12-31,8,和,Rule-generated Stage7 member for 汉朝刘氏.,False
1000971,7001,刘和景,male,1482-01-01,1520-12-31,8,和,Rule-generated Stage7 member for 汉朝刘氏.,False
1000972,7001,刘和华,female,1479-01-01,1539-12-31,8,和,Rule-generated Stage7 member for 汉朝刘氏.,False
1000973,7001,刘伟伟,male,1483-01-01,1542-12-31,8,和,Rule-generated Stage7 member for 汉朝刘氏.,False
1000974,7001,刘和兰,female,1477-01-01,1515-12-31,8,和,Rule-generated Stage7 member for 汉朝刘氏.,False
1000975,7001,刘明明,male,1480-01-01,1520-12-31,8,和,Rule-generated Stage7 member for 汉朝刘氏.,False
1000976,7001,刘和敏,female,1481-01-01,1553-12-31,8,和,Rule-generated Stage7 member for 汉朝刘氏.,False
1000977,7001,刘景强,male,1481-01-01,1532-12-31,8,和,Rule-generated Stage7 member for 汉朝刘氏.,False
1000978,7001,刘和梅,female,1478-01-01,1529-12-31,8,和,Rule-generated Stage7 member for 汉朝刘氏.,False
1000979,7001,刘和安,male,1478-01-01,1544-12-31,8,和,Rule-generated Stage7 member for 汉朝刘氏.,False
1000980,7001,刘和芳,female,1479-01-01,1560-12-31,8,和,Rule-generated Stage7 member for 汉朝刘氏.,False
1000981,7001,刘和国,male,1482-01-01,1560-12-31,8,和,Rule-generated Stage7 member for 汉朝刘氏.,False
1000982,7001,刘和慧,female,1483-01-01,1549-12-31,8,和,Rule-generated Stage7 member for 汉朝刘氏.,False
1000983,7001,刘和景,male,1481-01-01,1572-12-31,8,和,Rule-generated Stage7 member for 汉朝刘氏.,False
1000984,7001,刘和慧,female,1479-01-01,1518-12-31,8,和,Rule-generated Stage7 member for 汉朝刘氏.,False
1000985,7001,刘明世,male,1481-01-01,1541-12-31,8,和,Rule-generated Stage7 member for 汉朝刘氏.,False
1000986,7001,刘敏,female,1478-01-01,1550-12-31,8,和,Rule-generated Stage7 member for 汉朝刘氏.,False
1000987,7001,刘世伟,male,1480-01-01,1531-12-31,8,和,Rule-generated Stage7 member for 汉朝刘氏.,False
1000988,7001,刘和慧,female,1482-01-01,1586-12-31,8,和,Rule-generated Stage7 member for 汉朝刘氏.,False
1000989,7001,刘和明,male,1482-01-01,1544-12-31,8,和,Rule-generated Stage7 member for 汉朝刘氏.,False
1000990,7001,刘和兰,female,1481-01-01,1527-12-31,8,和,Rule-generated Stage7 member for 汉朝刘氏.,False
1000991,7001,刘伟,male,1479-01-01,1557-12-31,8,和,Rule-generated Stage7 member for 汉朝刘氏.,False
1000992,7001,刘玉慧,female,1477-01-01,1545-12-31,8,和,Rule-generated Stage7 member for 汉朝刘氏.,False
1000993,7001,刘丽,male,1482-01-01,1562-12-31,8,和,Rule-generated Stage7 member for 汉朝刘氏.,False
1000994,7001,刘和安,female,1477-01-01,1545-12-31,8,和,Rule-generated Stage7 member for 汉朝刘氏.,False
1000995,7001,刘世成,male,1482-01-01,1572-12-31,8,和,Rule-generated Stage7 member for 汉朝刘氏.,False
1000996,7001,刘丽玉,female,1480-01-01,1554-12-31,8,和,Rule-generated Stage7 member for 汉朝刘氏.,False
1000997,7001,刘宗强,male,1483-01-01,1544-12-31,8,和,Rule-generated Stage7 member for 汉朝刘氏.,False
1000998,7001,刘和慧,female,1481-01-01,1557-12-31,8,和,Rule-generated Stage7 member for 汉朝刘氏.,False
1000999,7001,刘和世,male,1483-01-01,1547-12-31,8,和,Rule-generated Stage7 member for 汉朝刘氏.,False
1001000,7001,刘强,female,1483-01-01,1507-12-31,8,和,Rule-generated Stage7 member for 汉朝刘氏.,False
1001001,7001,刘明强,male,1482-01-01,1567-12-31,8,和,Rule-generated Stage7 member for 汉朝刘氏.,False
1001002,7001,刘和丽,female,1480-01-01,1546-12-31,8,和,Rule-generated Stage7 member for 汉朝刘氏.,False
1001003,7001,刘和强,male,1480-01-01,1553-12-31,8,和,Rule-generated Stage7 member for 汉朝刘氏.,False
1001004,7001,刘梅宁,female,1483-01-01,1567-12-31,8,和,Rule-generated Stage7 member for 汉朝刘氏.,False
1001005,7001,刘和国,male,1481-01-01,1504-12-31,8,和,Rule-generated Stage7 member for 汉朝刘氏.,False
1001006,7001,刘和兰,female,1477-01-01,1565-12-31,8,和,Rule-generated Stage7 member for 汉朝刘氏.,False
1001007,7001,刘和伟,male,1483-01-01,1540-12-31,8,和,Rule-generated Stage7 member for 汉朝刘氏.,False
1001008,7001,刘和安,female,1481-01-01,1571-12-31,8,和,Rule-generated Stage7 member for 汉朝刘氏.,False
1001009,7001,刘和宗,male,1481-01-01,1568-12-31,8,和,Rule-generated Stage7 member for 汉朝刘氏.,False
1001010,7001,刘强,female,1482-01-01,1578-12-31,8,和,Rule-generated Stage7 member for 汉朝刘氏.,False
1001011,7001,刘和伟,male,1480-01-01,1516-12-31,8,和,Rule-generated Stage7 member for 汉朝刘氏.,False
1001012,7001,刘和兰,female,1477-01-01,1508-12-31,8,和,Rule-generated Stage7 member for 汉朝刘氏.,False
1001013,7001,刘和景,male,1477-01-01,1574-12-31,8,和,Rule-generated Stage7 member for 汉朝刘氏.,False
1001014,7001,刘宁丽,female,1482-01-01,1578-12-31,8,和,Rule-generated Stage7 member for 汉朝刘氏.,False
1001015,7001,刘和伟,male,1478-01-01,1563-12-31,8,和,Rule-generated Stage7 member for 汉朝刘氏.,False
1001016,7001,刘和梅,female,1482-01-01,1530-12-31,8,和,Rule-generated Stage7 member for 汉朝刘氏.,False
1001017,7001,刘景宗,male,1479-01-01,1539-12-31,8,和,Rule-generated Stage7 member for 汉朝刘氏.,False
1001018,7001,刘和梅,female,1478-01-01,1532-12-31,8,和,Rule-generated Stage7 member for 汉朝刘氏.,False
1001019,7001,刘国强,male,1482-01-01,1539-12-31,8,和,Rule-generated Stage7 member for 汉朝刘氏.,False
1001020,7001,刘和芳,female,1478-01-01,1518-12-31,8,和,Rule-generated Stage7 member for 汉朝刘氏.,False
1001021,7001,刘和强,male,1480-01-01,1529-12-31,8,和,Rule-generated Stage7 member for 汉朝刘氏.,False
1001022,7001,刘慧玉,female,1477-01-01,1549-12-31,8,和,Rule-generated Stage7 member for 汉朝刘氏.,False
1001023,7001,刘和宗,male,1482-01-01,1560-12-31,8,和,Rule-generated Stage7 member for 汉朝刘氏.,False
1001024,7001,刘和玉,female,1483-01-01,1519-12-31,8,和,Rule-generated Stage7 member for 汉朝刘氏.,False
1001025,7001,刘安景,male,1483-01-01,1531-12-31,8,和,Rule-generated Stage7 member for 汉朝刘氏.,False
1001026,7001,刘丽,female,1483-01-01,1538-12-31,8,和,Rule-generated Stage7 member for 汉朝刘氏.,False
1001027,7001,刘华,male,1483-01-01,1502-12-31,8,和,Rule-generated Stage7 member for 汉朝刘氏.,False
1001028,7001,刘华玉,female,1481-01-01,1572-12-31,8,和,Rule-generated Stage7 member for 汉朝刘氏.,False
1001029,7001,刘和世,male,1477-01-01,1528-12-31,8,和,Rule-generated Stage7 member for 汉朝刘氏.,False
1001030,7001,刘玉清,female,1478-01-01,1509-12-31,8,和,Rule-generated Stage7 member for 汉朝刘氏.,False
1001031,7001,刘成安,male,1481-01-01,1536-12-31,8,和,Rule-generated Stage7 member for 汉朝刘氏.,False
1001032,7001,刘和丽,female,1480-01-01,1534-12-31,8,和,Rule-generated Stage7 member for 汉朝刘氏.,False
1001033,7001,刘和宗,male,1482-01-01,1561-12-31,8,和,Rule-generated Stage7 member for 汉朝刘氏.,False
1001034,7001,刘和兰,female,1480-01-01,1525-12-31,8,和,Rule-generated Stage7 member for 汉朝刘氏.,False
1001035,7001,刘世国,male,1482-01-01,1521-12-31,8,和,Rule-generated Stage7 member for 汉朝刘氏.,False
1001036,7001,刘和丽,female,1481-01-01,1571-12-31,8,和,Rule-generated Stage7 member for 汉朝刘氏.,False
1001037,7001,刘强强,male,1477-01-01,1556-12-31,8,和,Rule-generated Stage7 member for 汉朝刘氏.,False
1001038,7001,刘和雅,female,1479-01-01,1548-12-31,8,和,Rule-generated Stage7 member for 汉朝刘氏.,False
1001039,7001,刘和景,male,1478-01-01,1547-12-31,8,和,Rule-generated Stage7 member for 汉朝刘氏.,False
1001040,7001,刘和梅,female,1481-01-01,1521-12-31,8,和,Rule-generated Stage7 member for 汉朝刘氏.,False
1001041,7001,刘安国,male,1481-01-01,1544-12-31,8,和,Rule-generated Stage7 member for 汉朝刘氏.,False
1001042,7001,刘和梅,female,1482-01-01,1510-12-31,8,和,Rule-generated Stage7 member for 汉朝刘氏.,False
1001043,7001,刘和强,male,1481-01-01,1546-12-31,8,和,Rule-generated Stage7 member for 汉朝刘氏.,False
1001044,7001,刘清清,female,1478-01-01,1522-12-31,8,和,Rule-generated Stage7 member for 汉朝刘氏.,False
1001045,7001,刘和景,male,1479-01-01,1523-12-31,8,和,Rule-generated Stage7 member for 汉朝刘氏.,False
1001046,7001,刘华,female,1483-01-01,1552-12-31,8,和,Rule-generated Stage7 member for 汉朝刘氏.,False
1001047,7001,刘和世,male,1478-01-01,1548-12-31,8,和,Rule-generated Stage7 member for 汉朝刘氏.,False
1001048,7001,刘强,female,1478-01-01,1535-12-31,8,和,Rule-generated Stage7 member for 汉朝刘氏.,False
1001049,7001,刘明宗,male,1478-01-01,1543-12-31,8,和,Rule-generated Stage7 member for 汉朝刘氏.,False
1001050,7001,刘和丽,female,1480-01-01,1510-12-31,8,和,Rule-generated Stage7 member for 汉朝刘氏.,False
1001051,7001,刘安成,male,1479-01-01,1523-12-31,8,和,Rule-generated Stage7 member for 汉朝刘氏.,False
1001052,7001,刘慧清,female,1478-01-01,1585-12-31,8,和,Rule-generated Stage7 member for 汉朝刘氏.,False
1001053,7001,刘和成,male,1483-01-01,1536-12-31,8,和,Rule-generated Stage7 member for 汉朝刘氏.,False
1001054,7001,刘和芳,female,1483-01-01,1522-12-31,8,和,Rule-generated Stage7 member for 汉朝刘氏.,False
1001055,7001,刘和成,male,1482-01-01,1556-12-31,8,和,Rule-generated Stage7 member for 汉朝刘氏.,False
1001056,7001,刘敏敏,female,1483-01-01,1567-12-31,8,和,Rule-generated Stage7 member for 汉朝刘氏.,False
1001057,7001,刘伟,male,1477-01-01,1512-12-31,8,和,Rule-generated Stage7 member for 汉朝刘氏.,False
1001058,7001,刘和慧,female,1482-01-01,1546-12-31,8,和,Rule-generated Stage7 member for 汉朝刘氏.,False
1001059,7001,刘和景,male,1482-01-01,1570-12-31,8,和,Rule-generated Stage7 member for 汉朝刘氏.,False
1001060,7001,刘强,male,1505-01-01,1555-12-31,9,景,Rule-generated Stage7 member for 汉朝刘氏.,False
1001061,7001,刘景华,female,1505-01-01,1566-12-31,9,景,Rule-generated Stage7 member for 汉朝刘氏.,False
1001062,7001,刘景景,male,1501-01-01,1571-12-31,9,景,Rule-generated Stage7 member for 汉朝刘氏.,False
1001063,7001,刘景丽,female,1499-01-01,1578-12-31,9,景,Rule-generated Stage7 member for 汉朝刘氏.,False
1001064,7001,刘伟强,male,1504-01-01,1611-12-31,9,景,Rule-generated Stage7 member for 汉朝刘氏.,False
1001065,7001,刘明,female,1504-01-01,1592-12-31,9,景,Rule-generated Stage7 member for 汉朝刘氏.,False
1001066,7001,刘文世,male,1505-01-01,1563-12-31,9,景,Rule-generated Stage7 member for 汉朝刘氏.,False
1001067,7001,刘景慧,female,1502-01-01,1534-12-31,9,景,Rule-generated Stage7 member for 汉朝刘氏.,False
1001068,7001,刘景明,male,1500-01-01,1561-12-31,9,景,Rule-generated Stage7 member for 汉朝刘氏.,False
1001069,7001,刘丽,female,1499-01-01,1543-12-31,9,景,Rule-generated Stage7 member for 汉朝刘氏.,False
1001070,7001,刘景德,male,1504-01-01,1556-12-31,9,景,Rule-generated Stage7 member for 汉朝刘氏.,False
1001071,7001,刘玉华,female,1501-01-01,1563-12-31,9,景,Rule-generated Stage7 member for 汉朝刘氏.,False
1001072,7001,刘景世,male,1500-01-01,1598-12-31,9,景,Rule-generated Stage7 member for 汉朝刘氏.,False
1001073,7001,刘慧丽,female,1499-01-01,1553-12-31,9,景,Rule-generated Stage7 member for 汉朝刘氏.,False
1001074,7001,刘敏,male,1499-01-01,1576-12-31,9,景,Rule-generated Stage7 member for 汉朝刘氏.,False
1001075,7001,刘景敏,female,1505-01-01,1546-12-31,9,景,Rule-generated Stage7 member for 汉朝刘氏.,False
1001076,7001,刘景文,male,1503-01-01,1560-12-31,9,景,Rule-generated Stage7 member for 汉朝刘氏.,False
1001077,7001,刘景玉,female,1500-01-01,1578-12-31,9,景,Rule-generated Stage7 member for 汉朝刘氏.,False
1001078,7001,刘景明,male,1505-01-01,1571-12-31,9,景,Rule-generated Stage7 member for 汉朝刘氏.,False
1001079,7001,刘景丽,female,1502-01-01,1558-12-31,9,景,Rule-generated Stage7 member for 汉朝刘氏.,False
1001080,7001,刘宗安,male,1503-01-01,1542-12-31,9,景,Rule-generated Stage7 member for 汉朝刘氏.,False
1001081,7001,刘明,female,1504-01-01,1577-12-31,9,景,Rule-generated Stage7 member for 汉朝刘氏.,False
1001082,7001,刘景国,male,1499-01-01,1576-12-31,9,景,Rule-generated Stage7 member for 汉朝刘氏.,False
1001083,7001,刘梅丽,female,1505-01-01,1574-12-31,9,景,Rule-generated Stage7 member for 汉朝刘氏.,False
1001084,7001,刘景文,male,1503-01-01,1601-12-31,9,景,Rule-generated Stage7 member for 汉朝刘氏.,False
1001085,7001,刘丽,female,1500-01-01,1574-12-31,9,景,Rule-generated Stage7 member for 汉朝刘氏.,False
1001086,7001,刘景安,male,1499-01-01,1582-12-31,9,景,Rule-generated Stage7 member for 汉朝刘氏.,False
1001087,7001,刘景安,female,1505-01-01,1562-12-31,9,景,Rule-generated Stage7 member for 汉朝刘氏.,False
1001088,7001,刘景明,male,1499-01-01,1565-12-31,9,景,Rule-generated Stage7 member for 汉朝刘氏.,False
1001089,7001,刘玉清,female,1505-01-01,1551-12-31,9,景,Rule-generated Stage7 member for 汉朝刘氏.,False
1001090,7001,刘强,male,1501-01-01,1588-12-31,9,景,Rule-generated Stage7 member for 汉朝刘氏.,False
1001091,7001,刘梅芳,female,1503-01-01,1534-12-31,9,景,Rule-generated Stage7 member for 汉朝刘氏.,False
1001092,7001,刘景明,male,1503-01-01,1566-12-31,9,景,Rule-generated Stage7 member for 汉朝刘氏.,False
1001093,7001,刘景兰,female,1501-01-01,1540-12-31,9,景,Rule-generated Stage7 member for 汉朝刘氏.,False
1001094,7001,刘景景,male,1503-01-01,1578-12-31,9,景,Rule-generated Stage7 member for 汉朝刘氏.,False
1001095,7001,刘景丽,female,1501-01-01,1565-12-31,9,景,Rule-generated Stage7 member for 汉朝刘氏.,False
1001096,7001,刘景安,male,1501-01-01,1586-12-31,9,景,Rule-generated Stage7 member for 汉朝刘氏.,False
1001097,7001,刘景慧,female,1502-01-01,1556-12-31,9,景,Rule-generated Stage7 member for 汉朝刘氏.,False
1001098,7001,刘景国,male,1500-01-01,1603-12-31,9,景,Rule-generated Stage7 member for 汉朝刘氏.,False
1001099,7001,刘景兰,female,1499-01-01,1553-12-31,9,景,Rule-generated Stage7 member for 汉朝刘氏.,False
1001100,7001,刘景世,male,1500-01-01,1555-12-31,9,景,Rule-generated Stage7 member for 汉朝刘氏.,False
1001101,7001,刘景华,female,1502-01-01,1560-12-31,9,景,Rule-generated Stage7 member for 汉朝刘氏.,False
1001102,7001,刘德成,male,1501-01-01,1522-12-31,9,景,Rule-generated Stage7 member for 汉朝刘氏.,False
1001103,7001,刘景华,female,1499-01-01,1525-12-31,9,景,Rule-generated Stage7 member for 汉朝刘氏.,False
1001104,7001,刘景景,male,1499-01-01,1528-12-31,9,景,Rule-generated Stage7 member for 汉朝刘氏.,False
1001105,7001,刘景梅,female,1505-01-01,1572-12-31,9,景,Rule-generated Stage7 member for 汉朝刘氏.,False
1001106,7001,刘景成,male,1500-01-01,1551-12-31,9,景,Rule-generated Stage7 member for 汉朝刘氏.,False
1001107,7001,刘景芳,female,1505-01-01,1554-12-31,9,景,Rule-generated Stage7 member for 汉朝刘氏.,False
1001108,7001,刘景世,male,1499-01-01,1555-12-31,9,景,Rule-generated Stage7 member for 汉朝刘氏.,False
1001109,7001,刘景兰,female,1503-01-01,1570-12-31,9,景,Rule-generated Stage7 member for 汉朝刘氏.,False
1001110,7001,刘景景,male,1500-01-01,1573-12-31,9,景,Rule-generated Stage7 member for 汉朝刘氏.,False
1001111,7001,刘敏芳,female,1499-01-01,1547-12-31,9,景,Rule-generated Stage7 member for 汉朝刘氏.,False
1001112,7001,刘伟,male,1503-01-01,1569-12-31,9,景,Rule-generated Stage7 member for 汉朝刘氏.,False
1001113,7001,刘雅雅,female,1502-01-01,1568-12-31,9,景,Rule-generated Stage7 member for 汉朝刘氏.,False
1001114,7001,刘景承,male,1499-01-01,1580-12-31,9,景,Rule-generated Stage7 member for 汉朝刘氏.,False
1001115,7001,刘景丽,female,1501-01-01,1560-12-31,9,景,Rule-generated Stage7 member for 汉朝刘氏.,False
1001116,7001,刘德安,male,1503-01-01,1533-12-31,9,景,Rule-generated Stage7 member for 汉朝刘氏.,False
1001117,7001,刘景华,female,1502-01-01,1540-12-31,9,景,Rule-generated Stage7 member for 汉朝刘氏.,False
1001118,7001,刘景成,male,1505-01-01,1550-12-31,9,景,Rule-generated Stage7 member for 汉朝刘氏.,False
1001119,7001,刘景敏,female,1499-01-01,1579-12-31,9,景,Rule-generated Stage7 member for 汉朝刘氏.,False
1001120,7001,刘景承,male,1499-01-01,1545-12-31,9,景,Rule-generated Stage7 member for 汉朝刘氏.,False
1001121,7001,刘梅玉,female,1505-01-01,1579-12-31,9,景,Rule-generated Stage7 member for 汉朝刘氏.,False
1001122,7001,刘强承,male,1500-01-01,1543-12-31,9,景,Rule-generated Stage7 member for 汉朝刘氏.,False
1001123,7001,刘景慧,female,1499-01-01,1560-12-31,9,景,Rule-generated Stage7 member for 汉朝刘氏.,False
1001124,7001,刘景成,male,1503-01-01,1523-12-31,9,景,Rule-generated Stage7 member for 汉朝刘氏.,False
1001125,7001,刘安宁,female,1503-01-01,1558-12-31,9,景,Rule-generated Stage7 member for 汉朝刘氏.,False
1001126,7001,刘景伟,male,1502-01-01,1570-12-31,9,景,Rule-generated Stage7 member for 汉朝刘氏.,False
1001127,7001,刘敏华,female,1499-01-01,1577-12-31,9,景,Rule-generated Stage7 member for 汉朝刘氏.,False
1001128,7001,刘景宗,male,1499-01-01,1579-12-31,9,景,Rule-generated Stage7 member for 汉朝刘氏.,False
1001129,7001,刘芳华,female,1503-01-01,1567-12-31,9,景,Rule-generated Stage7 member for 汉朝刘氏.,False
1001130,7001,刘明宗,male,1500-01-01,1538-12-31,9,景,Rule-generated Stage7 member for 汉朝刘氏.,False
1001131,7001,刘景敏,female,1504-01-01,1591-12-31,9,景,Rule-generated Stage7 member for 汉朝刘氏.,False
1001132,7001,刘景成,male,1505-01-01,1546-12-31,9,景,Rule-generated Stage7 member for 汉朝刘氏.,False
1001133,7001,刘景华,female,1501-01-01,1536-12-31,9,景,Rule-generated Stage7 member for 汉朝刘氏.,False
1001134,7001,刘景安,male,1503-01-01,1598-12-31,9,景,Rule-generated Stage7 member for 汉朝刘氏.,False
1001135,7001,刘玉慧,female,1504-01-01,1549-12-31,9,景,Rule-generated Stage7 member for 汉朝刘氏.,False
1001136,7001,刘强承,male,1504-01-01,1565-12-31,9,景,Rule-generated Stage7 member for 汉朝刘氏.,False
1001137,7001,刘景宁,female,1502-01-01,1582-12-31,9,景,Rule-generated Stage7 member for 汉朝刘氏.,False
1001138,7001,刘安德,male,1502-01-01,1540-12-31,9,景,Rule-generated Stage7 member for 汉朝刘氏.,False
1001139,7001,刘景芳,female,1501-01-01,1568-12-31,9,景,Rule-generated Stage7 member for 汉朝刘氏.,False
1001140,7001,刘丽,male,1501-01-01,1560-12-31,9,景,Rule-generated Stage7 member for 汉朝刘氏.,False
1001141,7001,刘景敏,female,1500-01-01,1545-12-31,9,景,Rule-generated Stage7 member for 汉朝刘氏.,False
1001142,7001,刘景伟,male,1505-01-01,1565-12-31,9,景,Rule-generated Stage7 member for 汉朝刘氏.,False
1001143,7001,刘景清,female,1499-01-01,1543-12-31,9,景,Rule-generated Stage7 member for 汉朝刘氏.,False
1001144,7001,刘景明,male,1501-01-01,1561-12-31,9,景,Rule-generated Stage7 member for 汉朝刘氏.,False
1001145,7001,刘明,female,1501-01-01,1590-12-31,9,景,Rule-generated Stage7 member for 汉朝刘氏.,False
1001146,7001,刘景世,male,1503-01-01,1582-12-31,9,景,Rule-generated Stage7 member for 汉朝刘氏.,False
1001147,7001,刘景兰,female,1500-01-01,1547-12-31,9,景,Rule-generated Stage7 member for 汉朝刘氏.,False
1001148,7001,刘景宗,male,1505-01-01,1602-12-31,9,景,Rule-generated Stage7 member for 汉朝刘氏.,False
1001149,7001,刘景慧,female,1500-01-01,1559-12-31,9,景,Rule-generated Stage7 member for 汉朝刘氏.,False
1001150,7001,刘景文,male,1499-01-01,1599-12-31,9,景,Rule-generated Stage7 member for 汉朝刘氏.,False
1001151,7001,刘景华,female,1503-01-01,1551-12-31,9,景,Rule-generated Stage7 member for 汉朝刘氏.,False
1001152,7001,刘景安,male,1501-01-01,1535-12-31,9,景,Rule-generated Stage7 member for 汉朝刘氏.,False
1001153,7001,刘景华,female,1504-01-01,1532-12-31,9,景,Rule-generated Stage7 member for 汉朝刘氏.,False
1001154,7001,刘景世,male,1502-01-01,1560-12-31,9,景,Rule-generated Stage7 member for 汉朝刘氏.,False
1001155,7001,刘景雅,female,1501-01-01,1588-12-31,9,景,Rule-generated Stage7 member for 汉朝刘氏.,False
1001156,7001,刘景承,male,1503-01-01,1533-12-31,9,景,Rule-generated Stage7 member for 汉朝刘氏.,False
1001157,7001,刘景安,female,1501-01-01,1537-12-31,9,景,Rule-generated Stage7 member for 汉朝刘氏.,False
1001158,7001,刘景景,male,1499-01-01,1587-12-31,9,景,Rule-generated Stage7 member for 汉朝刘氏.,False
1001159,7001,刘兰清,female,1500-01-01,1575-12-31,9,景,Rule-generated Stage7 member for 汉朝刘氏.,False
1001160,7001,刘景明,male,1505-01-01,1586-12-31,9,景,Rule-generated Stage7 member for 汉朝刘氏.,False
1001161,7001,刘景华,female,1501-01-01,1549-12-31,9,景,Rule-generated Stage7 member for 汉朝刘氏.,False
1001162,7001,刘宗文,male,1501-01-01,1562-12-31,9,景,Rule-generated Stage7 member for 汉朝刘氏.,False
1001163,7001,刘景芳,female,1505-01-01,1604-12-31,9,景,Rule-generated Stage7 member for 汉朝刘氏.,False
1001164,7001,刘景文,male,1505-01-01,1573-12-31,9,景,Rule-generated Stage7 member for 汉朝刘氏.,False
1001165,7001,刘景清,female,1503-01-01,1575-12-31,9,景,Rule-generated Stage7 member for 汉朝刘氏.,False
1001166,7001,刘景宗,male,1502-01-01,1545-12-31,9,景,Rule-generated Stage7 member for 汉朝刘氏.,False
1001167,7001,刘宁芳,female,1502-01-01,1535-12-31,9,景,Rule-generated Stage7 member for 汉朝刘氏.,False
1001168,7001,刘景世,male,1499-01-01,1525-12-31,9,景,Rule-generated Stage7 member for 汉朝刘氏.,False
1001169,7001,刘宁慧,female,1503-01-01,1599-12-31,9,景,Rule-generated Stage7 member for 汉朝刘氏.,False
1001170,7001,刘景安,male,1500-01-01,1576-12-31,9,景,Rule-generated Stage7 member for 汉朝刘氏.,False
1001171,7001,刘宁玉,female,1503-01-01,1531-12-31,9,景,Rule-generated Stage7 member for 汉朝刘氏.,False
1001172,7001,刘景承,male,1499-01-01,1605-12-31,9,景,Rule-generated Stage7 member for 汉朝刘氏.,False
1001173,7001,刘景清,female,1500-01-01,1575-12-31,9,景,Rule-generated Stage7 member for 汉朝刘氏.,False
1001174,7001,刘景国,male,1504-01-01,1594-12-31,9,景,Rule-generated Stage7 member for 汉朝刘氏.,False
1001175,7001,刘宁雅,female,1500-01-01,1589-12-31,9,景,Rule-generated Stage7 member for 汉朝刘氏.,False
1001176,7001,刘宗景,male,1504-01-01,1554-12-31,9,景,Rule-generated Stage7 member for 汉朝刘氏.,False
1001177,7001,刘景雅,female,1503-01-01,1546-12-31,9,景,Rule-generated Stage7 member for 汉朝刘氏.,False
1001178,7001,刘强承,male,1499-01-01,1557-12-31,9,景,Rule-generated Stage7 member for 汉朝刘氏.,False
1001179,7001,刘景兰,female,1499-01-01,1573-12-31,9,景,Rule-generated Stage7 member for 汉朝刘氏.,False
1001180,7001,刘景文,male,1504-01-01,1576-12-31,9,景,Rule-generated Stage7 member for 汉朝刘氏.,False
1001181,7001,刘敏华,female,1505-01-01,1575-12-31,9,景,Rule-generated Stage7 member for 汉朝刘氏.,False
1001182,7001,刘强,male,1502-01-01,1540-12-31,9,景,Rule-generated Stage7 member for 汉朝刘氏.,False
1001183,7001,刘景芳,female,1500-01-01,1578-12-31,9,景,Rule-generated Stage7 member for 汉朝刘氏.,False
1001184,7001,刘强承,male,1500-01-01,1548-12-31,9,景,Rule-generated Stage7 member for 汉朝刘氏.,False
1001185,7001,刘景丽,female,1505-01-01,1551-12-31,9,景,Rule-generated Stage7 member for 汉朝刘氏.,False
1001186,7001,刘文承,male,1501-01-01,1558-12-31,9,景,Rule-generated Stage7 member for 汉朝刘氏.,False
1001187,7001,刘景慧,female,1505-01-01,1586-12-31,9,景,Rule-generated Stage7 member for 汉朝刘氏.,False
1001188,7001,刘景宗,male,1501-01-01,1540-12-31,9,景,Rule-generated Stage7 member for 汉朝刘氏.,False
1001189,7001,刘华安,female,1499-01-01,1555-12-31,9,景,Rule-generated Stage7 member for 汉朝刘氏.,False
1001190,7001,刘景德,male,1504-01-01,1593-12-31,9,景,Rule-generated Stage7 member for 汉朝刘氏.,False
1001191,7001,刘宁梅,female,1500-01-01,1571-12-31,9,景,Rule-generated Stage7 member for 汉朝刘氏.,False
1001192,7001,刘景伟,male,1502-01-01,1578-12-31,9,景,Rule-generated Stage7 member for 汉朝刘氏.,False
1001193,7001,刘丽玉,female,1500-01-01,1581-12-31,9,景,Rule-generated Stage7 member for 汉朝刘氏.,False
1001194,7001,刘景景,male,1499-01-01,1549-12-31,9,景,Rule-generated Stage7 member for 汉朝刘氏.,False
1001195,7001,刘景玉,female,1502-01-01,1580-12-31,9,景,Rule-generated Stage7 member for 汉朝刘氏.,False
1001196,7001,刘华,male,1501-01-01,1538-12-31,9,景,Rule-generated Stage7 member for 汉朝刘氏.,False
1001197,7001,刘慧敏,female,1505-01-01,1568-12-31,9,景,Rule-generated Stage7 member for 汉朝刘氏.,False
1001198,7001,刘景世,male,1504-01-01,1576-12-31,9,景,Rule-generated Stage7 member for 汉朝刘氏.,False
1001199,7001,刘慧宁,female,1503-01-01,1541-12-31,9,景,Rule-generated Stage7 member for 汉朝刘氏.,False
1001200,7001,刘景世,male,1504-01-01,1589-12-31,9,景,Rule-generated Stage7 member for 汉朝刘氏.,False
1001201,7001,刘明,female,1503-01-01,1594-12-31,9,景,Rule-generated Stage7 member for 汉朝刘氏.,False
1001202,7001,刘承宗,male,1505-01-01,1546-12-31,9,景,Rule-generated Stage7 member for 汉朝刘氏.,False
1001203,7001,刘景兰,female,1504-01-01,1588-12-31,9,景,Rule-generated Stage7 member for 汉朝刘氏.,False
1001204,7001,刘景强,male,1501-01-01,1531-12-31,9,景,Rule-generated Stage7 member for 汉朝刘氏.,False
1001205,7001,刘兰安,female,1499-01-01,1600-12-31,9,景,Rule-generated Stage7 member for 汉朝刘氏.,False
1001206,7001,刘景文,male,1505-01-01,1579-12-31,9,景,Rule-generated Stage7 member for 汉朝刘氏.,False
1001207,7001,刘景梅,female,1504-01-01,1589-12-31,9,景,Rule-generated Stage7 member for 汉朝刘氏.,False
1001208,7001,刘景安,male,1500-01-01,1529-12-31,9,景,Rule-generated Stage7 member for 汉朝刘氏.,False
1001209,7001,刘丽,female,1502-01-01,1582-12-31,9,景,Rule-generated Stage7 member for 汉朝刘氏.,False
1001210,7001,刘世文,male,1505-01-01,1543-12-31,9,景,Rule-generated Stage7 member for 汉朝刘氏.,False
1001211,7001,刘宁芳,female,1503-01-01,1543-12-31,9,景,Rule-generated Stage7 member for 汉朝刘氏.,False
1001212,7001,刘景文,male,1503-01-01,1599-12-31,9,景,Rule-generated Stage7 member for 汉朝刘氏.,False
1001213,7001,刘宁安,female,1501-01-01,1582-12-31,9,景,Rule-generated Stage7 member for 汉朝刘氏.,False
1001214,7001,刘强,male,1503-01-01,1585-12-31,9,景,Rule-generated Stage7 member for 汉朝刘氏.,False
1001215,7001,刘芳雅,female,1499-01-01,1552-12-31,9,景,Rule-generated Stage7 member for 汉朝刘氏.,False
1001216,7001,刘景宗,male,1503-01-01,1593-12-31,9,景,Rule-generated Stage7 member for 汉朝刘氏.,False
1001217,7001,刘慧丽,female,1502-01-01,1551-12-31,9,景,Rule-generated Stage7 member for 汉朝刘氏.,False
1001218,7001,刘景明,male,1500-01-01,1572-12-31,9,景,Rule-generated Stage7 member for 汉朝刘氏.,False
1001219,7001,刘雅雅,female,1504-01-01,1550-12-31,9,景,Rule-generated Stage7 member for 汉朝刘氏.,False
1001220,7001,刘敏,male,1503-01-01,1577-12-31,9,景,Rule-generated Stage7 member for 汉朝刘氏.,False
1001221,7001,刘景梅,female,1502-01-01,1550-12-31,9,景,Rule-generated Stage7 member for 汉朝刘氏.,False
1001222,7001,刘景景,male,1500-01-01,1569-12-31,9,景,Rule-generated Stage7 member for 汉朝刘氏.,False
1001223,7001,刘芳宁,female,1504-01-01,1577-12-31,9,景,Rule-generated Stage7 member for 汉朝刘氏.,False
1001224,7001,刘景强,male,1499-01-01,1549-12-31,9,景,Rule-generated Stage7 member for 汉朝刘氏.,False
1001225,7001,刘景安,female,1499-01-01,1584-12-31,9,景,Rule-generated Stage7 member for 汉朝刘氏.,False
1001226,7001,刘景世,male,1503-01-01,1539-12-31,9,景,Rule-generated Stage7 member for 汉朝刘氏.,False
1001227,7001,刘景雅,female,1500-01-01,1571-12-31,9,景,Rule-generated Stage7 member for 汉朝刘氏.,False
1001228,7001,刘景强,male,1501-01-01,1567-12-31,9,景,Rule-generated Stage7 member for 汉朝刘氏.,False
1001229,7001,刘景梅,female,1503-01-01,1570-12-31,9,景,Rule-generated Stage7 member for 汉朝刘氏.,False
1001230,7001,刘景强,male,1501-01-01,1534-12-31,9,景,Rule-generated Stage7 member for 汉朝刘氏.,False
1001231,7001,刘景安,female,1505-01-01,1560-12-31,9,景,Rule-generated Stage7 member for 汉朝刘氏.,False
1001232,7001,刘景伟,male,1503-01-01,1559-12-31,9,景,Rule-generated Stage7 member for 汉朝刘氏.,False
1001233,7001,刘景玉,female,1505-01-01,1564-12-31,9,景,Rule-generated Stage7 member for 汉朝刘氏.,False
1001234,7001,刘景承,male,1505-01-01,1558-12-31,9,景,Rule-generated Stage7 member for 汉朝刘氏.,False
1001235,7001,刘景玉,female,1501-01-01,1536-12-31,9,景,Rule-generated Stage7 member for 汉朝刘氏.,False
1001236,7001,刘国国,male,1501-01-01,1570-12-31,9,景,Rule-generated Stage7 member for 汉朝刘氏.,False
1001237,7001,刘景梅,female,1499-01-01,1585-12-31,9,景,Rule-generated Stage7 member for 汉朝刘氏.,False
1001238,7001,刘景承,male,1504-01-01,1574-12-31,9,景,Rule-generated Stage7 member for 汉朝刘氏.,False
1001239,7001,刘景安,female,1505-01-01,1558-12-31,9,景,Rule-generated Stage7 member for 汉朝刘氏.,False
1001240,7001,刘德国,male,1504-01-01,1552-12-31,9,景,Rule-generated Stage7 member for 汉朝刘氏.,False
1001241,7001,刘华,female,1501-01-01,1573-12-31,9,景,Rule-generated Stage7 member for 汉朝刘氏.,False
1001242,7001,刘景宗,male,1504-01-01,1582-12-31,9,景,Rule-generated Stage7 member for 汉朝刘氏.,False
1001243,7001,刘丽,female,1505-01-01,1558-12-31,9,景,Rule-generated Stage7 member for 汉朝刘氏.,False
1001244,7001,刘文文,male,1505-01-01,1593-12-31,9,景,Rule-generated Stage7 member for 汉朝刘氏.,False
1001245,7001,刘景丽,female,1501-01-01,1537-12-31,9,景,Rule-generated Stage7 member for 汉朝刘氏.,False
1001246,7001,刘景景,male,1502-01-01,1545-12-31,9,景,Rule-generated Stage7 member for 汉朝刘氏.,False
1001247,7001,刘明,female,1503-01-01,1574-12-31,9,景,Rule-generated Stage7 member for 汉朝刘氏.,False
1001248,7001,刘敏,male,1502-01-01,1554-12-31,9,景,Rule-generated Stage7 member for 汉朝刘氏.,False
1001249,7001,刘安丽,female,1505-01-01,1561-12-31,9,景,Rule-generated Stage7 member for 汉朝刘氏.,False
1001250,7001,刘景世,male,1504-01-01,1539-12-31,9,景,Rule-generated Stage7 member for 汉朝刘氏.,False
1001251,7001,刘景清,female,1500-01-01,1542-12-31,9,景,Rule-generated Stage7 member for 汉朝刘氏.,False
1001252,7001,刘明,male,1501-01-01,1565-12-31,9,景,Rule-generated Stage7 member for 汉朝刘氏.,False
1001253,7001,刘景宁,female,1501-01-01,1528-12-31,9,景,Rule-generated Stage7 member for 汉朝刘氏.,False
1001254,7001,刘景承,male,1503-01-01,1584-12-31,9,景,Rule-generated Stage7 member for 汉朝刘氏.,False
1001255,7001,刘景华,female,1504-01-01,1563-12-31,9,景,Rule-generated Stage7 member for 汉朝刘氏.,False
1001256,7001,刘景伟,male,1501-01-01,1561-12-31,9,景,Rule-generated Stage7 member for 汉朝刘氏.,False
1001257,7001,刘景丽,female,1499-01-01,1569-12-31,9,景,Rule-generated Stage7 member for 汉朝刘氏.,False
1001258,7001,刘景强,male,1501-01-01,1559-12-31,9,景,Rule-generated Stage7 member for 汉朝刘氏.,False
1001259,7001,刘景梅,female,1502-01-01,1552-12-31,9,景,Rule-generated Stage7 member for 汉朝刘氏.,False
1001260,7001,刘景成,male,1502-01-01,1594-12-31,9,景,Rule-generated Stage7 member for 汉朝刘氏.,False
1001261,7001,刘玉安,female,1499-01-01,1564-12-31,9,景,Rule-generated Stage7 member for 汉朝刘氏.,False
1001262,7001,刘德安,male,1502-01-01,1602-12-31,9,景,Rule-generated Stage7 member for 汉朝刘氏.,False
1001263,7001,刘华宁,female,1501-01-01,1590-12-31,9,景,Rule-generated Stage7 member for 汉朝刘氏.,False
1001264,7001,刘成承,male,1505-01-01,1600-12-31,9,景,Rule-generated Stage7 member for 汉朝刘氏.,False
1001265,7001,刘雅华,female,1500-01-01,1549-12-31,9,景,Rule-generated Stage7 member for 汉朝刘氏.,False
1001266,7001,刘世安,male,1499-01-01,1586-12-31,9,景,Rule-generated Stage7 member for 汉朝刘氏.,False
1001267,7001,刘景清,female,1501-01-01,1569-12-31,9,景,Rule-generated Stage7 member for 汉朝刘氏.,False
1001268,7001,刘景文,male,1504-01-01,1569-12-31,9,景,Rule-generated Stage7 member for 汉朝刘氏.,False
1001269,7001,刘景丽,female,1501-01-01,1525-12-31,9,景,Rule-generated Stage7 member for 汉朝刘氏.,False
1001270,7001,刘景德,male,1500-01-01,1574-12-31,9,景,Rule-generated Stage7 member for 汉朝刘氏.,False
1001271,7001,刘景华,female,1503-01-01,1576-12-31,9,景,Rule-generated Stage7 member for 汉朝刘氏.,False
1001272,7001,刘景景,male,1504-01-01,1554-12-31,9,景,Rule-generated Stage7 member for 汉朝刘氏.,False
1001273,7001,刘景梅,female,1502-01-01,1587-12-31,9,景,Rule-generated Stage7 member for 汉朝刘氏.,False
1001274,7001,刘景文,male,1500-01-01,1566-12-31,9,景,Rule-generated Stage7 member for 汉朝刘氏.,False
1001275,7001,刘敏芳,female,1504-01-01,1550-12-31,9,景,Rule-generated Stage7 member for 汉朝刘氏.,False
1001276,7001,刘景安,male,1501-01-01,1583-12-31,9,景,Rule-generated Stage7 member for 汉朝刘氏.,False
1001277,7001,刘景玉,female,1503-01-01,1581-12-31,9,景,Rule-generated Stage7 member for 汉朝刘氏.,False
1001278,7001,刘景景,male,1502-01-01,1566-12-31,9,景,Rule-generated Stage7 member for 汉朝刘氏.,False
1001279,7001,刘景芳,female,1502-01-01,1611-12-31,9,景,Rule-generated Stage7 member for 汉朝刘氏.,False
1001280,7001,刘强世,male,1499-01-01,1525-12-31,9,景,Rule-generated Stage7 member for 汉朝刘氏.,False
1001281,7001,刘玉敏,female,1505-01-01,1545-12-31,9,景,Rule-generated Stage7 member for 汉朝刘氏.,False
1001282,7001,刘景景,male,1499-01-01,1564-12-31,9,景,Rule-generated Stage7 member for 汉朝刘氏.,False
1001283,7001,刘丽,female,1499-01-01,1528-12-31,9,景,Rule-generated Stage7 member for 汉朝刘氏.,False
1001284,7001,刘景国,male,1501-01-01,1577-12-31,9,景,Rule-generated Stage7 member for 汉朝刘氏.,False
1001285,7001,刘景清,female,1503-01-01,1579-12-31,9,景,Rule-generated Stage7 member for 汉朝刘氏.,False
1001286,7001,刘承景,male,1504-01-01,1536-12-31,9,景,Rule-generated Stage7 member for 汉朝刘氏.,False
1001287,7001,刘景雅,female,1502-01-01,1564-12-31,9,景,Rule-generated Stage7 member for 汉朝刘氏.,False
1001288,7001,刘宗伟,male,1502-01-01,1571-12-31,9,景,Rule-generated Stage7 member for 汉朝刘氏.,False
1001289,7001,刘景华,female,1500-01-01,1562-12-31,9,景,Rule-generated Stage7 member for 汉朝刘氏.,False
1001290,7001,刘景明,male,1503-01-01,1574-12-31,9,景,Rule-generated Stage7 member for 汉朝刘氏.,False
1001291,7001,刘敏,female,1501-01-01,1581-12-31,9,景,Rule-generated Stage7 member for 汉朝刘氏.,False
1001292,7001,刘景成,male,1499-01-01,1558-12-31,9,景,Rule-generated Stage7 member for 汉朝刘氏.,False
1001293,7001,刘景雅,female,1503-01-01,1534-12-31,9,景,Rule-generated Stage7 member for 汉朝刘氏.,False
1001294,7001,刘景明,male,1504-01-01,1602-12-31,9,景,Rule-generated Stage7 member for 汉朝刘氏.,False
1001295,7001,刘宁梅,female,1505-01-01,1532-12-31,9,景,Rule-generated Stage7 member for 汉朝刘氏.,False
1001296,7001,刘景德,male,1505-01-01,1560-12-31,9,景,Rule-generated Stage7 member for 汉朝刘氏.,False
1001297,7001,刘景丽,female,1500-01-01,1543-12-31,9,景,Rule-generated Stage7 member for 汉朝刘氏.,False
1001298,7001,刘景文,male,1504-01-01,1557-12-31,9,景,Rule-generated Stage7 member for 汉朝刘氏.,False
1001299,7001,刘景芳,female,1505-01-01,1565-12-31,9,景,Rule-generated Stage7 member for 汉朝刘氏.,False
1001300,7001,刘景景,male,1505-01-01,1578-12-31,9,景,Rule-generated Stage7 member for 汉朝刘氏.,False
1001301,7001,刘景丽,female,1505-01-01,1565-12-31,9,景,Rule-generated Stage7 member for 汉朝刘氏.,False
1001302,7001,刘景国,male,1500-01-01,1542-12-31,9,景,Rule-generated Stage7 member for 汉朝刘氏.,False
1001303,7001,刘梅芳,female,1499-01-01,1596-12-31,9,景,Rule-generated Stage7 member for 汉朝刘氏.,False
1001304,7001,刘景承,male,1501-01-01,1555-12-31,9,景,Rule-generated Stage7 member for 汉朝刘氏.,False
1001305,7001,刘景兰,female,1504-01-01,1572-12-31,9,景,Rule-generated Stage7 member for 汉朝刘氏.,False
1001306,7001,刘国景,male,1499-01-01,1530-12-31,9,景,Rule-generated Stage7 member for 汉朝刘氏.,False
1001307,7001,刘明,female,1501-01-01,1546-12-31,9,景,Rule-generated Stage7 member for 汉朝刘氏.,False
1001308,7001,刘敏,male,1503-01-01,1572-12-31,9,景,Rule-generated Stage7 member for 汉朝刘氏.,False
1001309,7001,刘景敏,female,1501-01-01,1556-12-31,9,景,Rule-generated Stage7 member for 汉朝刘氏.,False
1001310,7001,刘景成,male,1501-01-01,1575-12-31,9,景,Rule-generated Stage7 member for 汉朝刘氏.,False
1001311,7001,刘景慧,female,1505-01-01,1565-12-31,9,景,Rule-generated Stage7 member for 汉朝刘氏.,False
1001312,7001,刘景文,male,1504-01-01,1553-12-31,9,景,Rule-generated Stage7 member for 汉朝刘氏.,False
1001313,7001,刘景安,female,1500-01-01,1583-12-31,9,景,Rule-generated Stage7 member for 汉朝刘氏.,False
1001314,7001,刘宗世,male,1500-01-01,1563-12-31,9,景,Rule-generated Stage7 member for 汉朝刘氏.,False
1001315,7001,刘强,female,1503-01-01,1547-12-31,9,景,Rule-generated Stage7 member for 汉朝刘氏.,False
1001316,7001,刘德文,male,1502-01-01,1554-12-31,9,景,Rule-generated Stage7 member for 汉朝刘氏.,False
1001317,7001,刘丽华,female,1502-01-01,1603-12-31,9,景,Rule-generated Stage7 member for 汉朝刘氏.,False
1001318,7001,刘敏,male,1504-01-01,1546-12-31,9,景,Rule-generated Stage7 member for 汉朝刘氏.,False
1001319,7001,刘景敏,female,1503-01-01,1558-12-31,9,景,Rule-generated Stage7 member for 汉朝刘氏.,False
1001320,7001,刘强明,male,1504-01-01,1562-12-31,9,景,Rule-generated Stage7 member for 汉朝刘氏.,False
1001321,7001,刘雅丽,female,1505-01-01,1594-12-31,9,景,Rule-generated Stage7 member for 汉朝刘氏.,False
1001322,7001,刘景明,male,1502-01-01,1551-12-31,9,景,Rule-generated Stage7 member for 汉朝刘氏.,False
1001323,7001,刘华宁,female,1500-01-01,1571-12-31,9,景,Rule-generated Stage7 member for 汉朝刘氏.,False
1001324,7001,刘承明,male,1522-01-01,1546-12-31,10,承,Rule-generated Stage7 member for 汉朝刘氏.,False
1001325,7001,刘承敏,female,1523-01-01,1589-12-31,10,承,Rule-generated Stage7 member for 汉朝刘氏.,False
1001326,7001,刘承景,male,1523-01-01,1618-12-31,10,承,Rule-generated Stage7 member for 汉朝刘氏.,False
1001327,7001,刘芳安,female,1527-01-01,1594-12-31,10,承,Rule-generated Stage7 member for 汉朝刘氏.,False
1001328,7001,刘承景,male,1527-01-01,1629-12-31,10,承,Rule-generated Stage7 member for 汉朝刘氏.,False
1001329,7001,刘华,female,1524-01-01,1582-12-31,10,承,Rule-generated Stage7 member for 汉朝刘氏.,False
1001330,7001,刘承宗,male,1527-01-01,1610-12-31,10,承,Rule-generated Stage7 member for 汉朝刘氏.,False
1001331,7001,刘芳安,female,1527-01-01,1599-12-31,10,承,Rule-generated Stage7 member for 汉朝刘氏.,False
1001332,7001,刘承伟,male,1524-01-01,1608-12-31,10,承,Rule-generated Stage7 member for 汉朝刘氏.,False
1001333,7001,刘承梅,female,1523-01-01,1576-12-31,10,承,Rule-generated Stage7 member for 汉朝刘氏.,False
1001334,7001,刘伟,male,1526-01-01,1596-12-31,10,承,Rule-generated Stage7 member for 汉朝刘氏.,False
1001335,7001,刘清华,female,1527-01-01,1557-12-31,10,承,Rule-generated Stage7 member for 汉朝刘氏.,False
1001336,7001,刘承宗,male,1526-01-01,1614-12-31,10,承,Rule-generated Stage7 member for 汉朝刘氏.,False
1001337,7001,刘承宁,female,1523-01-01,1597-12-31,10,承,Rule-generated Stage7 member for 汉朝刘氏.,False
1001338,7001,刘德宗,male,1525-01-01,1616-12-31,10,承,Rule-generated Stage7 member for 汉朝刘氏.,False
1001339,7001,刘芳玉,female,1521-01-01,1593-12-31,10,承,Rule-generated Stage7 member for 汉朝刘氏.,False
1001340,7001,刘承成,male,1522-01-01,1591-12-31,10,承,Rule-generated Stage7 member for 汉朝刘氏.,False
1001341,7001,刘承丽,female,1522-01-01,1603-12-31,10,承,Rule-generated Stage7 member for 汉朝刘氏.,False
1001342,7001,刘丽,male,1527-01-01,1597-12-31,10,承,Rule-generated Stage7 member for 汉朝刘氏.,False
1001343,7001,刘承宁,female,1527-01-01,1574-12-31,10,承,Rule-generated Stage7 member for 汉朝刘氏.,False
1001344,7001,刘安成,male,1521-01-01,1612-12-31,10,承,Rule-generated Stage7 member for 汉朝刘氏.,False
1001345,7001,刘清慧,female,1523-01-01,1610-12-31,10,承,Rule-generated Stage7 member for 汉朝刘氏.,False
1001346,7001,刘承宗,male,1527-01-01,1594-12-31,10,承,Rule-generated Stage7 member for 汉朝刘氏.,False
1001347,7001,刘梅华,female,1525-01-01,1620-12-31,10,承,Rule-generated Stage7 member for 汉朝刘氏.,False
1001348,7001,刘承承,male,1526-01-01,1603-12-31,10,承,Rule-generated Stage7 member for 汉朝刘氏.,False
1001349,7001,刘承敏,female,1525-01-01,1626-12-31,10,承,Rule-generated Stage7 member for 汉朝刘氏.,False
1001350,7001,刘承景,male,1526-01-01,1547-12-31,10,承,Rule-generated Stage7 member for 汉朝刘氏.,False
1001351,7001,刘承雅,female,1525-01-01,1606-12-31,10,承,Rule-generated Stage7 member for 汉朝刘氏.,False
1001352,7001,刘强,male,1522-01-01,1548-12-31,10,承,Rule-generated Stage7 member for 汉朝刘氏.,False
1001353,7001,刘承丽,female,1521-01-01,1591-12-31,10,承,Rule-generated Stage7 member for 汉朝刘氏.,False
1001354,7001,刘承明,male,1523-01-01,1595-12-31,10,承,Rule-generated Stage7 member for 汉朝刘氏.,False
1001355,7001,刘玉雅,female,1522-01-01,1608-12-31,10,承,Rule-generated Stage7 member for 汉朝刘氏.,False
1001356,7001,刘承宗,male,1521-01-01,1580-12-31,10,承,Rule-generated Stage7 member for 汉朝刘氏.,False
1001357,7001,刘清雅,female,1522-01-01,1572-12-31,10,承,Rule-generated Stage7 member for 汉朝刘氏.,False
1001358,7001,刘华,male,1522-01-01,1581-12-31,10,承,Rule-generated Stage7 member for 汉朝刘氏.,False
1001359,7001,刘安芳,female,1526-01-01,1623-12-31,10,承,Rule-generated Stage7 member for 汉朝刘氏.,False
1001360,7001,刘宗强,male,1525-01-01,1578-12-31,10,承,Rule-generated Stage7 member for 汉朝刘氏.,False
1001361,7001,刘伟,female,1524-01-01,1584-12-31,10,承,Rule-generated Stage7 member for 汉朝刘氏.,False
1001362,7001,刘明,male,1526-01-01,1608-12-31,10,承,Rule-generated Stage7 member for 汉朝刘氏.,False
1001363,7001,刘安慧,female,1523-01-01,1593-12-31,10,承,Rule-generated Stage7 member for 汉朝刘氏.,False
1001364,7001,刘承国,male,1524-01-01,1577-12-31,10,承,Rule-generated Stage7 member for 汉朝刘氏.,False
1001365,7001,刘明,female,1521-01-01,1561-12-31,10,承,Rule-generated Stage7 member for 汉朝刘氏.,False
1001366,7001,刘国伟,male,1523-01-01,1566-12-31,10,承,Rule-generated Stage7 member for 汉朝刘氏.,False
1001367,7001,刘承芳,female,1524-01-01,1579-12-31,10,承,Rule-generated Stage7 member for 汉朝刘氏.,False
1001368,7001,刘承承,male,1527-01-01,1599-12-31,10,承,Rule-generated Stage7 member for 汉朝刘氏.,False
1001369,7001,刘承华,female,1522-01-01,1583-12-31,10,承,Rule-generated Stage7 member for 汉朝刘氏.,False
1001370,7001,刘明明,male,1521-01-01,1571-12-31,10,承,Rule-generated Stage7 member for 汉朝刘氏.,False
1001371,7001,刘承敏,female,1521-01-01,1572-12-31,10,承,Rule-generated Stage7 member for 汉朝刘氏.,False
1001372,7001,刘承文,male,1524-01-01,1608-12-31,10,承,Rule-generated Stage7 member for 汉朝刘氏.,False
1001373,7001,刘承清,female,1523-01-01,1574-12-31,10,承,Rule-generated Stage7 member for 汉朝刘氏.,False
1001374,7001,刘伟德,male,1523-01-01,1578-12-31,10,承,Rule-generated Stage7 member for 汉朝刘氏.,False
1001375,7001,刘敏,female,1526-01-01,1576-12-31,10,承,Rule-generated Stage7 member for 汉朝刘氏.,False
1001376,7001,刘承伟,male,1522-01-01,1574-12-31,10,承,Rule-generated Stage7 member for 汉朝刘氏.,False
1001377,7001,刘兰清,female,1525-01-01,1588-12-31,10,承,Rule-generated Stage7 member for 汉朝刘氏.,False
1001378,7001,刘景德,male,1523-01-01,1584-12-31,10,承,Rule-generated Stage7 member for 汉朝刘氏.,False
1001379,7001,刘华梅,female,1527-01-01,1598-12-31,10,承,Rule-generated Stage7 member for 汉朝刘氏.,False
1001380,7001,刘承伟,male,1522-01-01,1557-12-31,10,承,Rule-generated Stage7 member for 汉朝刘氏.,False
1001381,7001,刘承清,female,1527-01-01,1590-12-31,10,承,Rule-generated Stage7 member for 汉朝刘氏.,False
1001382,7001,刘德强,male,1524-01-01,1587-12-31,10,承,Rule-generated Stage7 member for 汉朝刘氏.,False
1001383,7001,刘承清,female,1523-01-01,1587-12-31,10,承,Rule-generated Stage7 member for 汉朝刘氏.,False
1001384,7001,刘明,male,1527-01-01,1603-12-31,10,承,Rule-generated Stage7 member for 汉朝刘氏.,False
1001385,7001,刘承宁,female,1521-01-01,1576-12-31,10,承,Rule-generated Stage7 member for 汉朝刘氏.,False
1001386,7001,刘承景,male,1522-01-01,1545-12-31,10,承,Rule-generated Stage7 member for 汉朝刘氏.,False
1001387,7001,刘承芳,female,1527-01-01,1601-12-31,10,承,Rule-generated Stage7 member for 汉朝刘氏.,False
1001388,7001,刘承强,male,1527-01-01,1597-12-31,10,承,Rule-generated Stage7 member for 汉朝刘氏.,False
1001389,7001,刘伟,female,1523-01-01,1594-12-31,10,承,Rule-generated Stage7 member for 汉朝刘氏.,False
1001390,7001,刘华,male,1525-01-01,1605-12-31,10,承,Rule-generated Stage7 member for 汉朝刘氏.,False
1001391,7001,刘丽安,female,1524-01-01,1587-12-31,10,承,Rule-generated Stage7 member for 汉朝刘氏.,False
1001392,7001,刘伟承,male,1524-01-01,1600-12-31,10,承,Rule-generated Stage7 member for 汉朝刘氏.,False
1001393,7001,刘承芳,female,1522-01-01,1610-12-31,10,承,Rule-generated Stage7 member for 汉朝刘氏.,False
1001394,7001,刘承承,male,1521-01-01,1595-12-31,10,承,Rule-generated Stage7 member for 汉朝刘氏.,False
1001395,7001,刘兰丽,female,1527-01-01,1570-12-31,10,承,Rule-generated Stage7 member for 汉朝刘氏.,False
1001396,7001,刘明,male,1524-01-01,1587-12-31,10,承,Rule-generated Stage7 member for 汉朝刘氏.,False
1001397,7001,刘承丽,female,1525-01-01,1559-12-31,10,承,Rule-generated Stage7 member for 汉朝刘氏.,False
1001398,7001,刘承世,male,1525-01-01,1612-12-31,10,承,Rule-generated Stage7 member for 汉朝刘氏.,False
1001399,7001,刘伟,female,1527-01-01,1607-12-31,10,承,Rule-generated Stage7 member for 汉朝刘氏.,False
1001400,7001,刘承伟,male,1524-01-01,1589-12-31,10,承,Rule-generated Stage7 member for 汉朝刘氏.,False
1001401,7001,刘承芳,female,1522-01-01,1595-12-31,10,承,Rule-generated Stage7 member for 汉朝刘氏.,False
1001402,7001,刘华,male,1524-01-01,1582-12-31,10,承,Rule-generated Stage7 member for 汉朝刘氏.,False
1001403,7001,刘承清,female,1526-01-01,1580-12-31,10,承,Rule-generated Stage7 member for 汉朝刘氏.,False
1001404,7001,刘文世,male,1521-01-01,1585-12-31,10,承,Rule-generated Stage7 member for 汉朝刘氏.,False
1001405,7001,刘明,female,1523-01-01,1574-12-31,10,承,Rule-generated Stage7 member for 汉朝刘氏.,False
1001406,7001,刘承国,male,1524-01-01,1557-12-31,10,承,Rule-generated Stage7 member for 汉朝刘氏.,False
1001407,7001,刘承清,female,1523-01-01,1615-12-31,10,承,Rule-generated Stage7 member for 汉朝刘氏.,False
1001408,7001,刘承宗,male,1526-01-01,1594-12-31,10,承,Rule-generated Stage7 member for 汉朝刘氏.,False
1001409,7001,刘承清,female,1527-01-01,1597-12-31,10,承,Rule-generated Stage7 member for 汉朝刘氏.,False
1001410,7001,刘宗世,male,1527-01-01,1564-12-31,10,承,Rule-generated Stage7 member for 汉朝刘氏.,False
1001411,7001,刘明,female,1524-01-01,1597-12-31,10,承,Rule-generated Stage7 member for 汉朝刘氏.,False
1001412,7001,刘承国,male,1526-01-01,1611-12-31,10,承,Rule-generated Stage7 member for 汉朝刘氏.,False
1001413,7001,刘安玉,female,1522-01-01,1621-12-31,10,承,Rule-generated Stage7 member for 汉朝刘氏.,False
1001414,7001,刘承安,male,1526-01-01,1552-12-31,10,承,Rule-generated Stage7 member for 汉朝刘氏.,False
1001415,7001,刘宁华,female,1526-01-01,1564-12-31,10,承,Rule-generated Stage7 member for 汉朝刘氏.,False
1001416,7001,刘强世,male,1522-01-01,1587-12-31,10,承,Rule-generated Stage7 member for 汉朝刘氏.,False
1001417,7001,刘承华,female,1521-01-01,1617-12-31,10,承,Rule-generated Stage7 member for 汉朝刘氏.,False
1001418,7001,刘承承,male,1524-01-01,1569-12-31,10,承,Rule-generated Stage7 member for 汉朝刘氏.,False
1001419,7001,刘承梅,female,1527-01-01,1595-12-31,10,承,Rule-generated Stage7 member for 汉朝刘氏.,False
1001420,7001,刘承宗,male,1527-01-01,1562-12-31,10,承,Rule-generated Stage7 member for 汉朝刘氏.,False
1001421,7001,刘玉玉,female,1525-01-01,1560-12-31,10,承,Rule-generated Stage7 member for 汉朝刘氏.,False
1001422,7001,刘承成,male,1524-01-01,1592-12-31,10,承,Rule-generated Stage7 member for 汉朝刘氏.,False
1001423,7001,刘承芳,female,1521-01-01,1600-12-31,10,承,Rule-generated Stage7 member for 汉朝刘氏.,False
1001424,7001,刘德承,male,1527-01-01,1592-12-31,10,承,Rule-generated Stage7 member for 汉朝刘氏.,False
1001425,7001,刘承敏,female,1524-01-01,1607-12-31,10,承,Rule-generated Stage7 member for 汉朝刘氏.,False
1001426,7001,刘成宗,male,1527-01-01,1601-12-31,10,承,Rule-generated Stage7 member for 汉朝刘氏.,False
1001427,7001,刘清华,female,1526-01-01,1566-12-31,10,承,Rule-generated Stage7 member for 汉朝刘氏.,False
1001428,7001,刘承景,male,1521-01-01,1564-12-31,10,承,Rule-generated Stage7 member for 汉朝刘氏.,False
1001429,7001,刘承慧,female,1521-01-01,1575-12-31,10,承,Rule-generated Stage7 member for 汉朝刘氏.,False
1001430,7001,刘承国,male,1525-01-01,1567-12-31,10,承,Rule-generated Stage7 member for 汉朝刘氏.,False
1001431,7001,刘玉清,female,1521-01-01,1583-12-31,10,承,Rule-generated Stage7 member for 汉朝刘氏.,False
1001432,7001,刘敏,male,1524-01-01,1624-12-31,10,承,Rule-generated Stage7 member for 汉朝刘氏.,False
1001433,7001,刘明,female,1526-01-01,1625-12-31,10,承,Rule-generated Stage7 member for 汉朝刘氏.,False
1001434,7001,刘明,male,1521-01-01,1599-12-31,10,承,Rule-generated Stage7 member for 汉朝刘氏.,False
1001435,7001,刘承华,female,1524-01-01,1598-12-31,10,承,Rule-generated Stage7 member for 汉朝刘氏.,False
1001436,7001,刘承安,male,1522-01-01,1594-12-31,10,承,Rule-generated Stage7 member for 汉朝刘氏.,False
1001437,7001,刘兰梅,female,1524-01-01,1603-12-31,10,承,Rule-generated Stage7 member for 汉朝刘氏.,False
1001438,7001,刘景景,male,1522-01-01,1575-12-31,10,承,Rule-generated Stage7 member for 汉朝刘氏.,False
1001439,7001,刘承梅,female,1527-01-01,1599-12-31,10,承,Rule-generated Stage7 member for 汉朝刘氏.,False
1001440,7001,刘承宗,male,1527-01-01,1601-12-31,10,承,Rule-generated Stage7 member for 汉朝刘氏.,False
1001441,7001,刘安雅,female,1525-01-01,1577-12-31,10,承,Rule-generated Stage7 member for 汉朝刘氏.,False
1001442,7001,刘承强,male,1523-01-01,1588-12-31,10,承,Rule-generated Stage7 member for 汉朝刘氏.,False
1001443,7001,刘敏,female,1521-01-01,1563-12-31,10,承,Rule-generated Stage7 member for 汉朝刘氏.,False
1001444,7001,刘承强,male,1525-01-01,1550-12-31,10,承,Rule-generated Stage7 member for 汉朝刘氏.,False
1001445,7001,刘承敏,female,1525-01-01,1631-12-31,10,承,Rule-generated Stage7 member for 汉朝刘氏.,False
1001446,7001,刘承德,male,1527-01-01,1601-12-31,10,承,Rule-generated Stage7 member for 汉朝刘氏.,False
1001447,7001,刘玉雅,female,1521-01-01,1592-12-31,10,承,Rule-generated Stage7 member for 汉朝刘氏.,False
1001448,7001,刘明世,male,1525-01-01,1593-12-31,10,承,Rule-generated Stage7 member for 汉朝刘氏.,False
1001449,7001,刘承雅,female,1526-01-01,1576-12-31,10,承,Rule-generated Stage7 member for 汉朝刘氏.,False
1001450,7001,刘承强,male,1521-01-01,1560-12-31,10,承,Rule-generated Stage7 member for 汉朝刘氏.,False
1001451,7001,刘承宁,female,1524-01-01,1566-12-31,10,承,Rule-generated Stage7 member for 汉朝刘氏.,False
1001452,7001,刘世宗,male,1523-01-01,1583-12-31,10,承,Rule-generated Stage7 member for 汉朝刘氏.,False
1001453,7001,刘承丽,female,1522-01-01,1584-12-31,10,承,Rule-generated Stage7 member for 汉朝刘氏.,False
1001454,7001,刘承伟,male,1522-01-01,1605-12-31,10,承,Rule-generated Stage7 member for 汉朝刘氏.,False
1001455,7001,刘承丽,female,1521-01-01,1601-12-31,10,承,Rule-generated Stage7 member for 汉朝刘氏.,False
1001456,7001,刘世国,male,1526-01-01,1561-12-31,10,承,Rule-generated Stage7 member for 汉朝刘氏.,False
1001457,7001,刘承玉,female,1522-01-01,1553-12-31,10,承,Rule-generated Stage7 member for 汉朝刘氏.,False
1001458,7001,刘承文,male,1527-01-01,1600-12-31,10,承,Rule-generated Stage7 member for 汉朝刘氏.,False
1001459,7001,刘承梅,female,1522-01-01,1595-12-31,10,承,Rule-generated Stage7 member for 汉朝刘氏.,False
1001460,7001,刘景伟,male,1523-01-01,1567-12-31,10,承,Rule-generated Stage7 member for 汉朝刘氏.,False
1001461,7001,刘承芳,female,1524-01-01,1583-12-31,10,承,Rule-generated Stage7 member for 汉朝刘氏.,False
1001462,7001,刘强,male,1521-01-01,1604-12-31,10,承,Rule-generated Stage7 member for 汉朝刘氏.,False
1001463,7001,刘伟,female,1526-01-01,1607-12-31,10,承,Rule-generated Stage7 member for 汉朝刘氏.,False
1001464,7001,刘承承,male,1523-01-01,1601-12-31,10,承,Rule-generated Stage7 member for 汉朝刘氏.,False
1001465,7001,刘承梅,female,1527-01-01,1574-12-31,10,承,Rule-generated Stage7 member for 汉朝刘氏.,False
1001466,7001,刘安德,male,1526-01-01,1596-12-31,10,承,Rule-generated Stage7 member for 汉朝刘氏.,False
1001467,7001,刘承梅,female,1521-01-01,1610-12-31,10,承,Rule-generated Stage7 member for 汉朝刘氏.,False
1001468,7001,刘国成,male,1522-01-01,1587-12-31,10,承,Rule-generated Stage7 member for 汉朝刘氏.,False
1001469,7001,刘承敏,female,1522-01-01,1559-12-31,10,承,Rule-generated Stage7 member for 汉朝刘氏.,False
1001470,7001,刘承宗,male,1527-01-01,1589-12-31,10,承,Rule-generated Stage7 member for 汉朝刘氏.,False
1001471,7001,刘承慧,female,1521-01-01,1597-12-31,10,承,Rule-generated Stage7 member for 汉朝刘氏.,False
1001472,7001,刘承承,male,1525-01-01,1621-12-31,10,承,Rule-generated Stage7 member for 汉朝刘氏.,False
1001473,7001,刘慧安,female,1524-01-01,1584-12-31,10,承,Rule-generated Stage7 member for 汉朝刘氏.,False
1001474,7001,刘承景,male,1522-01-01,1564-12-31,10,承,Rule-generated Stage7 member for 汉朝刘氏.,False
1001475,7001,刘承芳,female,1521-01-01,1561-12-31,10,承,Rule-generated Stage7 member for 汉朝刘氏.,False
1001476,7001,刘承世,male,1523-01-01,1597-12-31,10,承,Rule-generated Stage7 member for 汉朝刘氏.,False
1001477,7001,刘兰清,female,1527-01-01,1596-12-31,10,承,Rule-generated Stage7 member for 汉朝刘氏.,False
1001478,7001,刘承德,male,1526-01-01,1597-12-31,10,承,Rule-generated Stage7 member for 汉朝刘氏.,False
1001479,7001,刘宁慧,female,1521-01-01,1604-12-31,10,承,Rule-generated Stage7 member for 汉朝刘氏.,False
1001480,7001,刘强国,male,1526-01-01,1600-12-31,10,承,Rule-generated Stage7 member for 汉朝刘氏.,False
1001481,7001,刘承雅,female,1523-01-01,1565-12-31,10,承,Rule-generated Stage7 member for 汉朝刘氏.,False
1001482,7001,刘承宗,male,1524-01-01,1583-12-31,10,承,Rule-generated Stage7 member for 汉朝刘氏.,False
1001483,7001,刘承慧,female,1526-01-01,1594-12-31,10,承,Rule-generated Stage7 member for 汉朝刘氏.,False
1001484,7001,刘承宗,male,1523-01-01,1583-12-31,10,承,Rule-generated Stage7 member for 汉朝刘氏.,False
1001485,7001,刘伟,female,1525-01-01,1596-12-31,10,承,Rule-generated Stage7 member for 汉朝刘氏.,False
1001486,7001,刘承国,male,1527-01-01,1583-12-31,10,承,Rule-generated Stage7 member for 汉朝刘氏.,False
1001487,7001,刘清宁,female,1527-01-01,1596-12-31,10,承,Rule-generated Stage7 member for 汉朝刘氏.,False
1001488,7001,刘世强,male,1524-01-01,1598-12-31,10,承,Rule-generated Stage7 member for 汉朝刘氏.,False
1001489,7001,刘承雅,female,1521-01-01,1588-12-31,10,承,Rule-generated Stage7 member for 汉朝刘氏.,False
1001490,7001,刘承德,male,1526-01-01,1582-12-31,10,承,Rule-generated Stage7 member for 汉朝刘氏.,False
1001491,7001,刘慧慧,female,1522-01-01,1562-12-31,10,承,Rule-generated Stage7 member for 汉朝刘氏.,False
1001492,7001,刘承明,male,1524-01-01,1609-12-31,10,承,Rule-generated Stage7 member for 汉朝刘氏.,False
1001493,7001,刘丽,female,1523-01-01,1571-12-31,10,承,Rule-generated Stage7 member for 汉朝刘氏.,False
1001494,7001,刘强世,male,1526-01-01,1549-12-31,10,承,Rule-generated Stage7 member for 汉朝刘氏.,False
1001495,7001,刘承丽,female,1525-01-01,1599-12-31,10,承,Rule-generated Stage7 member for 汉朝刘氏.,False
1001496,7001,刘强,male,1522-01-01,1611-12-31,10,承,Rule-generated Stage7 member for 汉朝刘氏.,False
1001497,7001,刘承慧,female,1525-01-01,1616-12-31,10,承,Rule-generated Stage7 member for 汉朝刘氏.,False
1001498,7001,刘承国,male,1523-01-01,1559-12-31,10,承,Rule-generated Stage7 member for 汉朝刘氏.,False
1001499,7001,刘华敏,female,1522-01-01,1598-12-31,10,承,Rule-generated Stage7 member for 汉朝刘氏.,False
1001500,7001,刘承世,male,1524-01-01,1571-12-31,10,承,Rule-generated Stage7 member for 汉朝刘氏.,False
1001501,7001,刘丽芳,female,1523-01-01,1570-12-31,10,承,Rule-generated Stage7 member for 汉朝刘氏.,False
1001502,7001,刘国承,male,1522-01-01,1559-12-31,10,承,Rule-generated Stage7 member for 汉朝刘氏.,False
1001503,7001,刘承清,female,1525-01-01,1583-12-31,10,承,Rule-generated Stage7 member for 汉朝刘氏.,False
1001504,7001,刘承宗,male,1522-01-01,1582-12-31,10,承,Rule-generated Stage7 member for 汉朝刘氏.,False
1001505,7001,刘承雅,female,1521-01-01,1603-12-31,10,承,Rule-generated Stage7 member for 汉朝刘氏.,False
1001506,7001,刘世景,male,1522-01-01,1612-12-31,10,承,Rule-generated Stage7 member for 汉朝刘氏.,False
1001507,7001,刘敏丽,female,1522-01-01,1592-12-31,10,承,Rule-generated Stage7 member for 汉朝刘氏.,False
1001508,7001,刘承安,male,1523-01-01,1565-12-31,10,承,Rule-generated Stage7 member for 汉朝刘氏.,False
1001509,7001,刘承华,female,1526-01-01,1605-12-31,10,承,Rule-generated Stage7 member for 汉朝刘氏.,False
1001510,7001,刘承文,male,1526-01-01,1591-12-31,10,承,Rule-generated Stage7 member for 汉朝刘氏.,False
1001511,7001,刘华,female,1523-01-01,1582-12-31,10,承,Rule-generated Stage7 member for 汉朝刘氏.,False
1001512,7001,刘明文,male,1524-01-01,1563-12-31,10,承,Rule-generated Stage7 member for 汉朝刘氏.,False
1001513,7001,刘芳丽,female,1527-01-01,1581-12-31,10,承,Rule-generated Stage7 member for 汉朝刘氏.,False
1001514,7001,刘伟成,male,1524-01-01,1599-12-31,10,承,Rule-generated Stage7 member for 汉朝刘氏.,False
1001515,7001,刘承慧,female,1526-01-01,1589-12-31,10,承,Rule-generated Stage7 member for 汉朝刘氏.,False
1001516,7001,刘强安,male,1527-01-01,1584-12-31,10,承,Rule-generated Stage7 member for 汉朝刘氏.,False
1001517,7001,刘承兰,female,1527-01-01,1590-12-31,10,承,Rule-generated Stage7 member for 汉朝刘氏.,False
1001518,7001,刘承安,male,1524-01-01,1589-12-31,10,承,Rule-generated Stage7 member for 汉朝刘氏.,False
1001519,7001,刘宁梅,female,1524-01-01,1568-12-31,10,承,Rule-generated Stage7 member for 汉朝刘氏.,False
1001520,7001,刘承成,male,1522-01-01,1596-12-31,10,承,Rule-generated Stage7 member for 汉朝刘氏.,False
1001521,7001,刘承宁,female,1522-01-01,1582-12-31,10,承,Rule-generated Stage7 member for 汉朝刘氏.,False
1001522,7001,刘承景,male,1521-01-01,1621-12-31,10,承,Rule-generated Stage7 member for 汉朝刘氏.,False
1001523,7001,刘梅兰,female,1527-01-01,1578-12-31,10,承,Rule-generated Stage7 member for 汉朝刘氏.,False
1001524,7001,刘承世,male,1526-01-01,1599-12-31,10,承,Rule-generated Stage7 member for 汉朝刘氏.,False
1001525,7001,刘丽,female,1526-01-01,1577-12-31,10,承,Rule-generated Stage7 member for 汉朝刘氏.,False
1001526,7001,刘明,male,1522-01-01,1576-12-31,10,承,Rule-generated Stage7 member for 汉朝刘氏.,False
1001527,7001,刘强,female,1526-01-01,1594-12-31,10,承,Rule-generated Stage7 member for 汉朝刘氏.,False
1001528,7001,刘华,male,1524-01-01,1595-12-31,10,承,Rule-generated Stage7 member for 汉朝刘氏.,False
1001529,7001,刘承梅,female,1526-01-01,1590-12-31,10,承,Rule-generated Stage7 member for 汉朝刘氏.,False
1001530,7001,刘承强,male,1524-01-01,1562-12-31,10,承,Rule-generated Stage7 member for 汉朝刘氏.,False
1001531,7001,刘承敏,female,1527-01-01,1606-12-31,10,承,Rule-generated Stage7 member for 汉朝刘氏.,False
1001532,7001,刘华,male,1523-01-01,1550-12-31,10,承,Rule-generated Stage7 member for 汉朝刘氏.,False
1001533,7001,刘承芳,female,1526-01-01,1562-12-31,10,承,Rule-generated Stage7 member for 汉朝刘氏.,False
1001534,7001,刘承强,male,1525-01-01,1580-12-31,10,承,Rule-generated Stage7 member for 汉朝刘氏.,False
1001535,7001,刘承芳,female,1527-01-01,1608-12-31,10,承,Rule-generated Stage7 member for 汉朝刘氏.,False
1001536,7001,刘承成,male,1523-01-01,1562-12-31,10,承,Rule-generated Stage7 member for 汉朝刘氏.,False
1001537,7001,刘丽雅,female,1523-01-01,1599-12-31,10,承,Rule-generated Stage7 member for 汉朝刘氏.,False
1001538,7001,刘丽,male,1526-01-01,1597-12-31,10,承,Rule-generated Stage7 member for 汉朝刘氏.,False
1001539,7001,刘承梅,female,1527-01-01,1572-12-31,10,承,Rule-generated Stage7 member for 汉朝刘氏.,False
1001540,7001,刘承明,male,1522-01-01,1598-12-31,10,承,Rule-generated Stage7 member for 汉朝刘氏.,False
1001541,7001,刘承敏,female,1523-01-01,1577-12-31,10,承,Rule-generated Stage7 member for 汉朝刘氏.,False
1001542,7001,刘成承,male,1521-01-01,1588-12-31,10,承,Rule-generated Stage7 member for 汉朝刘氏.,False
1001543,7001,刘承兰,female,1524-01-01,1610-12-31,10,承,Rule-generated Stage7 member for 汉朝刘氏.,False
1001544,7001,刘承世,male,1524-01-01,1600-12-31,10,承,Rule-generated Stage7 member for 汉朝刘氏.,False
1001545,7001,刘敏丽,female,1526-01-01,1599-12-31,10,承,Rule-generated Stage7 member for 汉朝刘氏.,False
1001546,7001,刘承国,male,1521-01-01,1563-12-31,10,承,Rule-generated Stage7 member for 汉朝刘氏.,False
1001547,7001,刘承慧,female,1525-01-01,1559-12-31,10,承,Rule-generated Stage7 member for 汉朝刘氏.,False
1001548,7001,刘文世,male,1524-01-01,1571-12-31,10,承,Rule-generated Stage7 member for 汉朝刘氏.,False
1001549,7001,刘承安,female,1527-01-01,1591-12-31,10,承,Rule-generated Stage7 member for 汉朝刘氏.,False
1001550,7001,刘承文,male,1526-01-01,1597-12-31,10,承,Rule-generated Stage7 member for 汉朝刘氏.,False
1001551,7001,刘宁玉,female,1524-01-01,1594-12-31,10,承,Rule-generated Stage7 member for 汉朝刘氏.,False
1001552,7001,刘承伟,male,1522-01-01,1601-12-31,10,承,Rule-generated Stage7 member for 汉朝刘氏.,False
1001553,7001,刘华梅,female,1527-01-01,1598-12-31,10,承,Rule-generated Stage7 member for 汉朝刘氏.,False
1001554,7001,刘承国,male,1523-01-01,1595-12-31,10,承,Rule-generated Stage7 member for 汉朝刘氏.,False
1001555,7001,刘承兰,female,1526-01-01,1592-12-31,10,承,Rule-generated Stage7 member for 汉朝刘氏.,False
1001556,7001,刘承世,male,1521-01-01,1612-12-31,10,承,Rule-generated Stage7 member for 汉朝刘氏.,False
1001557,7001,刘承丽,female,1522-01-01,1601-12-31,10,承,Rule-generated Stage7 member for 汉朝刘氏.,False
1001558,7001,刘承成,male,1525-01-01,1582-12-31,10,承,Rule-generated Stage7 member for 汉朝刘氏.,False
1001559,7001,刘丽,female,1526-01-01,1619-12-31,10,承,Rule-generated Stage7 member for 汉朝刘氏.,False
1001560,7001,刘伟,male,1521-01-01,1604-12-31,10,承,Rule-generated Stage7 member for 汉朝刘氏.,False
1001561,7001,刘安安,female,1525-01-01,1598-12-31,10,承,Rule-generated Stage7 member for 汉朝刘氏.,False
1001562,7001,刘承国,male,1521-01-01,1599-12-31,10,承,Rule-generated Stage7 member for 汉朝刘氏.,False
1001563,7001,刘丽,female,1522-01-01,1620-12-31,10,承,Rule-generated Stage7 member for 汉朝刘氏.,False
1001564,7001,刘安强,male,1524-01-01,1607-12-31,10,承,Rule-generated Stage7 member for 汉朝刘氏.,False
1001565,7001,刘承宁,female,1521-01-01,1557-12-31,10,承,Rule-generated Stage7 member for 汉朝刘氏.,False
1001566,7001,刘承强,male,1522-01-01,1606-12-31,10,承,Rule-generated Stage7 member for 汉朝刘氏.,False
1001567,7001,刘承华,female,1525-01-01,1568-12-31,10,承,Rule-generated Stage7 member for 汉朝刘氏.,False
1001568,7001,刘承德,male,1523-01-01,1575-12-31,10,承,Rule-generated Stage7 member for 汉朝刘氏.,False
1001569,7001,刘承清,female,1527-01-01,1558-12-31,10,承,Rule-generated Stage7 member for 汉朝刘氏.,False
1001570,7001,刘伟,male,1521-01-01,1596-12-31,10,承,Rule-generated Stage7 member for 汉朝刘氏.,False
1001571,7001,刘承梅,female,1527-01-01,1581-12-31,10,承,Rule-generated Stage7 member for 汉朝刘氏.,False
1001572,7001,刘承景,male,1527-01-01,1596-12-31,10,承,Rule-generated Stage7 member for 汉朝刘氏.,False
1001573,7001,刘承宁,female,1521-01-01,1600-12-31,10,承,Rule-generated Stage7 member for 汉朝刘氏.,False
1001574,7001,刘承强,male,1525-01-01,1609-12-31,10,承,Rule-generated Stage7 member for 汉朝刘氏.,False
1001575,7001,刘承敏,female,1521-01-01,1608-12-31,10,承,Rule-generated Stage7 member for 汉朝刘氏.,False
1001576,7001,刘国文,male,1523-01-01,1543-12-31,10,承,Rule-generated Stage7 member for 汉朝刘氏.,False
1001577,7001,刘承雅,female,1522-01-01,1558-12-31,10,承,Rule-generated Stage7 member for 汉朝刘氏.,False
1001578,7001,刘承世,male,1523-01-01,1576-12-31,10,承,Rule-generated Stage7 member for 汉朝刘氏.,False
1001579,7001,刘梅宁,female,1527-01-01,1586-12-31,10,承,Rule-generated Stage7 member for 汉朝刘氏.,False
1001580,7001,刘承文,male,1522-01-01,1604-12-31,10,承,Rule-generated Stage7 member for 汉朝刘氏.,False
1001581,7001,刘承梅,female,1521-01-01,1577-12-31,10,承,Rule-generated Stage7 member for 汉朝刘氏.,False
1001582,7001,刘成文,male,1526-01-01,1577-12-31,10,承,Rule-generated Stage7 member for 汉朝刘氏.,False
1001583,7001,刘华清,female,1526-01-01,1582-12-31,10,承,Rule-generated Stage7 member for 汉朝刘氏.,False
1001584,7001,刘承安,male,1527-01-01,1582-12-31,10,承,Rule-generated Stage7 member for 汉朝刘氏.,False
1001585,7001,刘玉兰,female,1526-01-01,1580-12-31,10,承,Rule-generated Stage7 member for 汉朝刘氏.,False
1001586,7001,刘承宗,male,1527-01-01,1591-12-31,10,承,Rule-generated Stage7 member for 汉朝刘氏.,False
1001587,7001,刘华兰,female,1526-01-01,1613-12-31,10,承,Rule-generated Stage7 member for 汉朝刘氏.,False
1001588,7001,刘承宗,male,1524-01-01,1573-12-31,10,承,Rule-generated Stage7 member for 汉朝刘氏.,False
1001589,7001,刘承宁,female,1527-01-01,1576-12-31,10,承,Rule-generated Stage7 member for 汉朝刘氏.,False
1001590,7001,刘明,male,1522-01-01,1608-12-31,10,承,Rule-generated Stage7 member for 汉朝刘氏.,False
1001591,7001,刘承芳,female,1522-01-01,1581-12-31,10,承,Rule-generated Stage7 member for 汉朝刘氏.,False
1001592,7001,刘强德,male,1527-01-01,1583-12-31,10,承,Rule-generated Stage7 member for 汉朝刘氏.,False
1001593,7001,刘丽芳,female,1525-01-01,1591-12-31,10,承,Rule-generated Stage7 member for 汉朝刘氏.,False
1001594,7001,刘德世,male,1526-01-01,1591-12-31,10,承,Rule-generated Stage7 member for 汉朝刘氏.,False
1001595,7001,刘承芳,female,1524-01-01,1594-12-31,10,承,Rule-generated Stage7 member for 汉朝刘氏.,False
1001596,7001,刘承承,male,1522-01-01,1584-12-31,10,承,Rule-generated Stage7 member for 汉朝刘氏.,False
1001597,7001,刘伟,female,1527-01-01,1574-12-31,10,承,Rule-generated Stage7 member for 汉朝刘氏.,False
1001598,7001,刘承伟,male,1526-01-01,1576-12-31,10,承,Rule-generated Stage7 member for 汉朝刘氏.,False
1001599,7001,刘承清,female,1525-01-01,1618-12-31,10,承,Rule-generated Stage7 member for 汉朝刘氏.,False
1001600,7001,刘承成,male,1523-01-01,1621-12-31,10,承,Rule-generated Stage7 member for 汉朝刘氏.,False
1001601,7001,刘承宁,female,1522-01-01,1550-12-31,10,承,Rule-generated Stage7 member for 汉朝刘氏.,False
1001602,7001,刘承景,male,1523-01-01,1582-12-31,10,承,Rule-generated Stage7 member for 汉朝刘氏.,False
1001603,7001,刘承敏,female,1524-01-01,1586-12-31,10,承,Rule-generated Stage7 member for 汉朝刘氏.,False
1001604,7001,刘承安,male,1526-01-01,1591-12-31,10,承,Rule-generated Stage7 member for 汉朝刘氏.,False
1001605,7001,刘承安,female,1525-01-01,1577-12-31,10,承,Rule-generated Stage7 member for 汉朝刘氏.,False
1001606,7001,刘文景,male,1526-01-01,1623-12-31,10,承,Rule-generated Stage7 member for 汉朝刘氏.,False
1001607,7001,刘慧宁,female,1527-01-01,1610-12-31,10,承,Rule-generated Stage7 member for 汉朝刘氏.,False
1001608,7001,刘丽,male,1526-01-01,1574-12-31,10,承,Rule-generated Stage7 member for 汉朝刘氏.,False
1001609,7001,刘承芳,female,1525-01-01,1587-12-31,10,承,Rule-generated Stage7 member for 汉朝刘氏.,False
1001610,7001,刘承世,male,1524-01-01,1613-12-31,10,承,Rule-generated Stage7 member for 汉朝刘氏.,False
1001611,7001,刘丽,female,1527-01-01,1586-12-31,10,承,Rule-generated Stage7 member for 汉朝刘氏.,False
1001612,7001,刘强成,male,1525-01-01,1570-12-31,10,承,Rule-generated Stage7 member for 汉朝刘氏.,False
1001613,7001,刘雅安,female,1524-01-01,1582-12-31,10,承,Rule-generated Stage7 member for 汉朝刘氏.,False
1001614,7001,刘成明,male,1521-01-01,1573-12-31,10,承,Rule-generated Stage7 member for 汉朝刘氏.,False
1001615,7001,刘梅敏,female,1524-01-01,1602-12-31,10,承,Rule-generated Stage7 member for 汉朝刘氏.,False
1001616,7001,刘德明,male,1526-01-01,1594-12-31,10,承,Rule-generated Stage7 member for 汉朝刘氏.,False
1001617,7001,刘安明,male,1544-01-01,1595-12-31,11,安,Rule-generated Stage7 member for 汉朝刘氏.,False
1001618,7001,刘玉清,female,1546-01-01,1594-12-31,11,安,Rule-generated Stage7 member for 汉朝刘氏.,False
1001619,7001,刘安德,male,1543-01-01,1581-12-31,11,安,Rule-generated Stage7 member for 汉朝刘氏.,False
1001620,7001,刘玉丽,female,1549-01-01,1617-12-31,11,安,Rule-generated Stage7 member for 汉朝刘氏.,False
1001621,7001,刘安成,male,1549-01-01,1616-12-31,11,安,Rule-generated Stage7 member for 汉朝刘氏.,False
1001622,7001,刘梅宁,female,1543-01-01,1582-12-31,11,安,Rule-generated Stage7 member for 汉朝刘氏.,False
1001623,7001,刘德成,male,1545-01-01,1626-12-31,11,安,Rule-generated Stage7 member for 汉朝刘氏.,False
1001624,7001,刘安安,female,1548-01-01,1602-12-31,11,安,Rule-generated Stage7 member for 汉朝刘氏.,False
1001625,7001,刘安国,male,1546-01-01,1615-12-31,11,安,Rule-generated Stage7 member for 汉朝刘氏.,False
1001626,7001,刘安敏,female,1544-01-01,1591-12-31,11,安,Rule-generated Stage7 member for 汉朝刘氏.,False
1001627,7001,刘安景,male,1545-01-01,1604-12-31,11,安,Rule-generated Stage7 member for 汉朝刘氏.,False
1001628,7001,刘安安,female,1544-01-01,1603-12-31,11,安,Rule-generated Stage7 member for 汉朝刘氏.,False
1001629,7001,刘承宗,male,1547-01-01,1621-12-31,11,安,Rule-generated Stage7 member for 汉朝刘氏.,False
1001630,7001,刘安玉,female,1549-01-01,1571-12-31,11,安,Rule-generated Stage7 member for 汉朝刘氏.,False
1001631,7001,刘安景,male,1546-01-01,1595-12-31,11,安,Rule-generated Stage7 member for 汉朝刘氏.,False
1001632,7001,刘安清,female,1546-01-01,1594-12-31,11,安,Rule-generated Stage7 member for 汉朝刘氏.,False
1001633,7001,刘安德,male,1548-01-01,1632-12-31,11,安,Rule-generated Stage7 member for 汉朝刘氏.,False
1001634,7001,刘安宁,female,1546-01-01,1627-12-31,11,安,Rule-generated Stage7 member for 汉朝刘氏.,False
1001635,7001,刘安承,male,1543-01-01,1609-12-31,11,安,Rule-generated Stage7 member for 汉朝刘氏.,False
1001636,7001,刘慧清,female,1543-01-01,1638-12-31,11,安,Rule-generated Stage7 member for 汉朝刘氏.,False
1001637,7001,刘世国,male,1548-01-01,1615-12-31,11,安,Rule-generated Stage7 member for 汉朝刘氏.,False
1001638,7001,刘安芳,female,1544-01-01,1620-12-31,11,安,Rule-generated Stage7 member for 汉朝刘氏.,False
1001639,7001,刘文明,male,1546-01-01,1630-12-31,11,安,Rule-generated Stage7 member for 汉朝刘氏.,False
1001640,7001,刘安清,female,1548-01-01,1618-12-31,11,安,Rule-generated Stage7 member for 汉朝刘氏.,False
1001641,7001,刘安强,male,1548-01-01,1603-12-31,11,安,Rule-generated Stage7 member for 汉朝刘氏.,False
1001642,7001,刘安安,female,1543-01-01,1590-12-31,11,安,Rule-generated Stage7 member for 汉朝刘氏.,False
1001643,7001,刘强,male,1549-01-01,1597-12-31,11,安,Rule-generated Stage7 member for 汉朝刘氏.,False
1001644,7001,刘安安,female,1547-01-01,1576-12-31,11,安,Rule-generated Stage7 member for 汉朝刘氏.,False
1001645,7001,刘安文,male,1547-01-01,1615-12-31,11,安,Rule-generated Stage7 member for 汉朝刘氏.,False
1001646,7001,刘强,female,1548-01-01,1634-12-31,11,安,Rule-generated Stage7 member for 汉朝刘氏.,False
1001647,7001,刘安成,male,1548-01-01,1621-12-31,11,安,Rule-generated Stage7 member for 汉朝刘氏.,False
1001648,7001,刘兰宁,female,1548-01-01,1599-12-31,11,安,Rule-generated Stage7 member for 汉朝刘氏.,False
1001649,7001,刘安安,male,1547-01-01,1623-12-31,11,安,Rule-generated Stage7 member for 汉朝刘氏.,False
1001650,7001,刘清宁,female,1545-01-01,1621-12-31,11,安,Rule-generated Stage7 member for 汉朝刘氏.,False
1001651,7001,刘安强,male,1544-01-01,1628-12-31,11,安,Rule-generated Stage7 member for 汉朝刘氏.,False
1001652,7001,刘明,female,1546-01-01,1641-12-31,11,安,Rule-generated Stage7 member for 汉朝刘氏.,False
1001653,7001,刘安景,male,1546-01-01,1607-12-31,11,安,Rule-generated Stage7 member for 汉朝刘氏.,False
1001654,7001,刘安芳,female,1544-01-01,1582-12-31,11,安,Rule-generated Stage7 member for 汉朝刘氏.,False
1001655,7001,刘丽,male,1548-01-01,1638-12-31,11,安,Rule-generated Stage7 member for 汉朝刘氏.,False
1001656,7001,刘华,female,1547-01-01,1591-12-31,11,安,Rule-generated Stage7 member for 汉朝刘氏.,False
1001657,7001,刘安安,male,1545-01-01,1623-12-31,11,安,Rule-generated Stage7 member for 汉朝刘氏.,False
1001658,7001,刘安安,female,1543-01-01,1607-12-31,11,安,Rule-generated Stage7 member for 汉朝刘氏.,False
1001659,7001,刘强,male,1543-01-01,1643-12-31,11,安,Rule-generated Stage7 member for 汉朝刘氏.,False
1001660,7001,刘安安,female,1549-01-01,1606-12-31,11,安,Rule-generated Stage7 member for 汉朝刘氏.,False
1001661,7001,刘敏,male,1549-01-01,1607-12-31,11,安,Rule-generated Stage7 member for 汉朝刘氏.,False
1001662,7001,刘华,female,1543-01-01,1617-12-31,11,安,Rule-generated Stage7 member for 汉朝刘氏.,False
1001663,7001,刘安文,male,1543-01-01,1591-12-31,11,安,Rule-generated Stage7 member for 汉朝刘氏.,False
1001664,7001,刘安丽,female,1544-01-01,1608-12-31,11,安,Rule-generated Stage7 member for 汉朝刘氏.,False
1001665,7001,刘安伟,male,1543-01-01,1572-12-31,11,安,Rule-generated Stage7 member for 汉朝刘氏.,False
1001666,7001,刘安芳,female,1549-01-01,1656-12-31,11,安,Rule-generated Stage7 member for 汉朝刘氏.,False
1001667,7001,刘安伟,male,1546-01-01,1597-12-31,11,安,Rule-generated Stage7 member for 汉朝刘氏.,False
1001668,7001,刘安雅,female,1544-01-01,1611-12-31,11,安,Rule-generated Stage7 member for 汉朝刘氏.,False
1001669,7001,刘安景,male,1543-01-01,1623-12-31,11,安,Rule-generated Stage7 member for 汉朝刘氏.,False
1001670,7001,刘安华,female,1547-01-01,1594-12-31,11,安,Rule-generated Stage7 member for 汉朝刘氏.,False
1001671,7001,刘安承,male,1544-01-01,1638-12-31,11,安,Rule-generated Stage7 member for 汉朝刘氏.,False
1001672,7001,刘伟,female,1544-01-01,1611-12-31,11,安,Rule-generated Stage7 member for 汉朝刘氏.,False
1001673,7001,刘伟承,male,1548-01-01,1614-12-31,11,安,Rule-generated Stage7 member for 汉朝刘氏.,False
1001674,7001,刘安慧,female,1544-01-01,1608-12-31,11,安,Rule-generated Stage7 member for 汉朝刘氏.,False
1001675,7001,刘安承,male,1549-01-01,1606-12-31,11,安,Rule-generated Stage7 member for 汉朝刘氏.,False
1001676,7001,刘安雅,female,1546-01-01,1609-12-31,11,安,Rule-generated Stage7 member for 汉朝刘氏.,False
1001677,7001,刘安世,male,1549-01-01,1584-12-31,11,安,Rule-generated Stage7 member for 汉朝刘氏.,False
1001678,7001,刘安梅,female,1548-01-01,1635-12-31,11,安,Rule-generated Stage7 member for 汉朝刘氏.,False
1001679,7001,刘安伟,male,1549-01-01,1574-12-31,11,安,Rule-generated Stage7 member for 汉朝刘氏.,False
1001680,7001,刘安清,female,1545-01-01,1631-12-31,11,安,Rule-generated Stage7 member for 汉朝刘氏.,False
1001681,7001,刘安文,male,1544-01-01,1585-12-31,11,安,Rule-generated Stage7 member for 汉朝刘氏.,False
1001682,7001,刘安丽,female,1544-01-01,1591-12-31,11,安,Rule-generated Stage7 member for 汉朝刘氏.,False
1001683,7001,刘丽,male,1546-01-01,1596-12-31,11,安,Rule-generated Stage7 member for 汉朝刘氏.,False
1001684,7001,刘雅清,female,1547-01-01,1614-12-31,11,安,Rule-generated Stage7 member for 汉朝刘氏.,False
1001685,7001,刘安明,male,1543-01-01,1587-12-31,11,安,Rule-generated Stage7 member for 汉朝刘氏.,False
1001686,7001,刘丽丽,female,1547-01-01,1593-12-31,11,安,Rule-generated Stage7 member for 汉朝刘氏.,False
1001687,7001,刘敏,male,1547-01-01,1595-12-31,11,安,Rule-generated Stage7 member for 汉朝刘氏.,False
1001688,7001,刘安敏,female,1545-01-01,1592-12-31,11,安,Rule-generated Stage7 member for 汉朝刘氏.,False
1001689,7001,刘伟,male,1543-01-01,1603-12-31,11,安,Rule-generated Stage7 member for 汉朝刘氏.,False
1001690,7001,刘安丽,female,1548-01-01,1590-12-31,11,安,Rule-generated Stage7 member for 汉朝刘氏.,False
1001691,7001,刘华,male,1546-01-01,1612-12-31,11,安,Rule-generated Stage7 member for 汉朝刘氏.,False
1001692,7001,刘安芳,female,1543-01-01,1601-12-31,11,安,Rule-generated Stage7 member for 汉朝刘氏.,False
1001693,7001,刘安德,male,1548-01-01,1615-12-31,11,安,Rule-generated Stage7 member for 汉朝刘氏.,False
1001694,7001,刘丽清,female,1546-01-01,1631-12-31,11,安,Rule-generated Stage7 member for 汉朝刘氏.,False
1001695,7001,刘安伟,male,1547-01-01,1614-12-31,11,安,Rule-generated Stage7 member for 汉朝刘氏.,False
1001696,7001,刘强,female,1547-01-01,1605-12-31,11,安,Rule-generated Stage7 member for 汉朝刘氏.,False
1001697,7001,刘明,male,1546-01-01,1625-12-31,11,安,Rule-generated Stage7 member for 汉朝刘氏.,False
1001698,7001,刘安玉,female,1543-01-01,1614-12-31,11,安,Rule-generated Stage7 member for 汉朝刘氏.,False
1001699,7001,刘伟,male,1544-01-01,1584-12-31,11,安,Rule-generated Stage7 member for 汉朝刘氏.,False
1001700,7001,刘安敏,female,1547-01-01,1573-12-31,11,安,Rule-generated Stage7 member for 汉朝刘氏.,False
1001701,7001,刘承安,male,1546-01-01,1576-12-31,11,安,Rule-generated Stage7 member for 汉朝刘氏.,False
1001702,7001,刘强,female,1549-01-01,1628-12-31,11,安,Rule-generated Stage7 member for 汉朝刘氏.,False
1001703,7001,刘安文,male,1548-01-01,1597-12-31,11,安,Rule-generated Stage7 member for 汉朝刘氏.,False
1001704,7001,刘宁宁,female,1543-01-01,1617-12-31,11,安,Rule-generated Stage7 member for 汉朝刘氏.,False
1001705,7001,刘安安,male,1547-01-01,1586-12-31,11,安,Rule-generated Stage7 member for 汉朝刘氏.,False
1001706,7001,刘安安,female,1548-01-01,1623-12-31,11,安,Rule-generated Stage7 member for 汉朝刘氏.,False
1001707,7001,刘成伟,male,1545-01-01,1614-12-31,11,安,Rule-generated Stage7 member for 汉朝刘氏.,False
1001708,7001,刘安梅,female,1546-01-01,1601-12-31,11,安,Rule-generated Stage7 member for 汉朝刘氏.,False
1001709,7001,刘安文,male,1548-01-01,1607-12-31,11,安,Rule-generated Stage7 member for 汉朝刘氏.,False
1001710,7001,刘丽慧,female,1546-01-01,1590-12-31,11,安,Rule-generated Stage7 member for 汉朝刘氏.,False
1001711,7001,刘伟成,male,1546-01-01,1575-12-31,11,安,Rule-generated Stage7 member for 汉朝刘氏.,False
1001712,7001,刘安宁,female,1548-01-01,1630-12-31,11,安,Rule-generated Stage7 member for 汉朝刘氏.,False
1001713,7001,刘明,male,1546-01-01,1591-12-31,11,安,Rule-generated Stage7 member for 汉朝刘氏.,False
1001714,7001,刘安慧,female,1547-01-01,1600-12-31,11,安,Rule-generated Stage7 member for 汉朝刘氏.,False
1001715,7001,刘安景,male,1547-01-01,1611-12-31,11,安,Rule-generated Stage7 member for 汉朝刘氏.,False
1001716,7001,刘兰芳,female,1544-01-01,1622-12-31,11,安,Rule-generated Stage7 member for 汉朝刘氏.,False
1001717,7001,刘安强,male,1549-01-01,1614-12-31,11,安,Rule-generated Stage7 member for 汉朝刘氏.,False
1001718,7001,刘敏玉,female,1544-01-01,1604-12-31,11,安,Rule-generated Stage7 member for 汉朝刘氏.,False
1001719,7001,刘安强,male,1543-01-01,1583-12-31,11,安,Rule-generated Stage7 member for 汉朝刘氏.,False
1001720,7001,刘安清,female,1548-01-01,1629-12-31,11,安,Rule-generated Stage7 member for 汉朝刘氏.,False
1001721,7001,刘文安,male,1545-01-01,1631-12-31,11,安,Rule-generated Stage7 member for 汉朝刘氏.,False
1001722,7001,刘梅梅,female,1548-01-01,1646-12-31,11,安,Rule-generated Stage7 member for 汉朝刘氏.,False
1001723,7001,刘华,male,1547-01-01,1584-12-31,11,安,Rule-generated Stage7 member for 汉朝刘氏.,False
1001724,7001,刘安宁,female,1544-01-01,1645-12-31,11,安,Rule-generated Stage7 member for 汉朝刘氏.,False
1001725,7001,刘安强,male,1546-01-01,1586-12-31,11,安,Rule-generated Stage7 member for 汉朝刘氏.,False
1001726,7001,刘芳敏,female,1544-01-01,1582-12-31,11,安,Rule-generated Stage7 member for 汉朝刘氏.,False
1001727,7001,刘安德,male,1547-01-01,1633-12-31,11,安,Rule-generated Stage7 member for 汉朝刘氏.,False
1001728,7001,刘安清,female,1544-01-01,1616-12-31,11,安,Rule-generated Stage7 member for 汉朝刘氏.,False
1001729,7001,刘安承,male,1548-01-01,1617-12-31,11,安,Rule-generated Stage7 member for 汉朝刘氏.,False
1001730,7001,刘安慧,female,1547-01-01,1616-12-31,11,安,Rule-generated Stage7 member for 汉朝刘氏.,False
1001731,7001,刘安成,male,1548-01-01,1618-12-31,11,安,Rule-generated Stage7 member for 汉朝刘氏.,False
1001732,7001,刘安敏,female,1545-01-01,1622-12-31,11,安,Rule-generated Stage7 member for 汉朝刘氏.,False
1001733,7001,刘安伟,male,1543-01-01,1625-12-31,11,安,Rule-generated Stage7 member for 汉朝刘氏.,False
1001734,7001,刘安安,female,1547-01-01,1612-12-31,11,安,Rule-generated Stage7 member for 汉朝刘氏.,False
1001735,7001,刘强,male,1549-01-01,1620-12-31,11,安,Rule-generated Stage7 member for 汉朝刘氏.,False
1001736,7001,刘安宁,female,1547-01-01,1635-12-31,11,安,Rule-generated Stage7 member for 汉朝刘氏.,False
1001737,7001,刘安承,male,1543-01-01,1600-12-31,11,安,Rule-generated Stage7 member for 汉朝刘氏.,False
1001738,7001,刘安慧,female,1549-01-01,1605-12-31,11,安,Rule-generated Stage7 member for 汉朝刘氏.,False
1001739,7001,刘文宗,male,1547-01-01,1598-12-31,11,安,Rule-generated Stage7 member for 汉朝刘氏.,False
1001740,7001,刘宁华,female,1544-01-01,1575-12-31,11,安,Rule-generated Stage7 member for 汉朝刘氏.,False
1001741,7001,刘安世,male,1547-01-01,1606-12-31,11,安,Rule-generated Stage7 member for 汉朝刘氏.,False
1001742,7001,刘敏,female,1548-01-01,1624-12-31,11,安,Rule-generated Stage7 member for 汉朝刘氏.,False
1001743,7001,刘安伟,male,1549-01-01,1650-12-31,11,安,Rule-generated Stage7 member for 汉朝刘氏.,False
1001744,7001,刘丽,female,1544-01-01,1636-12-31,11,安,Rule-generated Stage7 member for 汉朝刘氏.,False
1001745,7001,刘华,male,1547-01-01,1610-12-31,11,安,Rule-generated Stage7 member for 汉朝刘氏.,False
1001746,7001,刘安芳,female,1545-01-01,1600-12-31,11,安,Rule-generated Stage7 member for 汉朝刘氏.,False
1001747,7001,刘安明,male,1548-01-01,1625-12-31,11,安,Rule-generated Stage7 member for 汉朝刘氏.,False
1001748,7001,刘安清,female,1546-01-01,1612-12-31,11,安,Rule-generated Stage7 member for 汉朝刘氏.,False
1001749,7001,刘宗世,male,1547-01-01,1616-12-31,11,安,Rule-generated Stage7 member for 汉朝刘氏.,False
1001750,7001,刘玉敏,female,1546-01-01,1622-12-31,11,安,Rule-generated Stage7 member for 汉朝刘氏.,False
1001751,7001,刘安景,male,1547-01-01,1629-12-31,11,安,Rule-generated Stage7 member for 汉朝刘氏.,False
1001752,7001,刘安华,female,1547-01-01,1625-12-31,11,安,Rule-generated Stage7 member for 汉朝刘氏.,False
1001753,7001,刘国强,male,1549-01-01,1621-12-31,11,安,Rule-generated Stage7 member for 汉朝刘氏.,False
1001754,7001,刘安安,female,1549-01-01,1626-12-31,11,安,Rule-generated Stage7 member for 汉朝刘氏.,False
1001755,7001,刘安景,male,1549-01-01,1615-12-31,11,安,Rule-generated Stage7 member for 汉朝刘氏.,False
1001756,7001,刘安雅,female,1549-01-01,1578-12-31,11,安,Rule-generated Stage7 member for 汉朝刘氏.,False
1001757,7001,刘安安,male,1544-01-01,1621-12-31,11,安,Rule-generated Stage7 member for 汉朝刘氏.,False
1001758,7001,刘安敏,female,1544-01-01,1593-12-31,11,安,Rule-generated Stage7 member for 汉朝刘氏.,False
1001759,7001,刘安世,male,1546-01-01,1579-12-31,11,安,Rule-generated Stage7 member for 汉朝刘氏.,False
1001760,7001,刘安兰,female,1548-01-01,1591-12-31,11,安,Rule-generated Stage7 member for 汉朝刘氏.,False
1001761,7001,刘安宗,male,1543-01-01,1619-12-31,11,安,Rule-generated Stage7 member for 汉朝刘氏.,False
1001762,7001,刘安丽,female,1546-01-01,1603-12-31,11,安,Rule-generated Stage7 member for 汉朝刘氏.,False
1001763,7001,刘世明,male,1549-01-01,1614-12-31,11,安,Rule-generated Stage7 member for 汉朝刘氏.,False
1001764,7001,刘安兰,female,1547-01-01,1642-12-31,11,安,Rule-generated Stage7 member for 汉朝刘氏.,False
1001765,7001,刘安成,male,1545-01-01,1608-12-31,11,安,Rule-generated Stage7 member for 汉朝刘氏.,False
1001766,7001,刘兰宁,female,1545-01-01,1602-12-31,11,安,Rule-generated Stage7 member for 汉朝刘氏.,False
1001767,7001,刘安明,male,1547-01-01,1601-12-31,11,安,Rule-generated Stage7 member for 汉朝刘氏.,False
1001768,7001,刘安宁,female,1548-01-01,1632-12-31,11,安,Rule-generated Stage7 member for 汉朝刘氏.,False
1001769,7001,刘安景,male,1547-01-01,1638-12-31,11,安,Rule-generated Stage7 member for 汉朝刘氏.,False
1001770,7001,刘雅华,female,1546-01-01,1583-12-31,11,安,Rule-generated Stage7 member for 汉朝刘氏.,False
1001771,7001,刘明,male,1548-01-01,1588-12-31,11,安,Rule-generated Stage7 member for 汉朝刘氏.,False
1001772,7001,刘安敏,female,1548-01-01,1609-12-31,11,安,Rule-generated Stage7 member for 汉朝刘氏.,False
1001773,7001,刘安成,male,1544-01-01,1604-12-31,11,安,Rule-generated Stage7 member for 汉朝刘氏.,False
1001774,7001,刘安清,female,1544-01-01,1572-12-31,11,安,Rule-generated Stage7 member for 汉朝刘氏.,False
1001775,7001,刘景景,male,1544-01-01,1569-12-31,11,安,Rule-generated Stage7 member for 汉朝刘氏.,False
1001776,7001,刘安安,female,1547-01-01,1630-12-31,11,安,Rule-generated Stage7 member for 汉朝刘氏.,False
1001777,7001,刘安文,male,1548-01-01,1650-12-31,11,安,Rule-generated Stage7 member for 汉朝刘氏.,False
1001778,7001,刘安华,female,1547-01-01,1613-12-31,11,安,Rule-generated Stage7 member for 汉朝刘氏.,False
1001779,7001,刘安景,male,1548-01-01,1625-12-31,11,安,Rule-generated Stage7 member for 汉朝刘氏.,False
1001780,7001,刘梅清,female,1545-01-01,1616-12-31,11,安,Rule-generated Stage7 member for 汉朝刘氏.,False
1001781,7001,刘安文,male,1545-01-01,1628-12-31,11,安,Rule-generated Stage7 member for 汉朝刘氏.,False
1001782,7001,刘安宁,female,1543-01-01,1580-12-31,11,安,Rule-generated Stage7 member for 汉朝刘氏.,False
1001783,7001,刘强承,male,1543-01-01,1588-12-31,11,安,Rule-generated Stage7 member for 汉朝刘氏.,False
1001784,7001,刘安华,female,1548-01-01,1603-12-31,11,安,Rule-generated Stage7 member for 汉朝刘氏.,False
1001785,7001,刘国强,male,1545-01-01,1617-12-31,11,安,Rule-generated Stage7 member for 汉朝刘氏.,False
1001786,7001,刘安玉,female,1547-01-01,1602-12-31,11,安,Rule-generated Stage7 member for 汉朝刘氏.,False
1001787,7001,刘安承,male,1549-01-01,1626-12-31,11,安,Rule-generated Stage7 member for 汉朝刘氏.,False
1001788,7001,刘安玉,female,1545-01-01,1611-12-31,11,安,Rule-generated Stage7 member for 汉朝刘氏.,False
1001789,7001,刘安国,male,1548-01-01,1631-12-31,11,安,Rule-generated Stage7 member for 汉朝刘氏.,False
1001790,7001,刘安清,female,1543-01-01,1609-12-31,11,安,Rule-generated Stage7 member for 汉朝刘氏.,False
1001791,7001,刘世宗,male,1543-01-01,1631-12-31,11,安,Rule-generated Stage7 member for 汉朝刘氏.,False
1001792,7001,刘安安,female,1543-01-01,1600-12-31,11,安,Rule-generated Stage7 member for 汉朝刘氏.,False
1001793,7001,刘明宗,male,1549-01-01,1636-12-31,11,安,Rule-generated Stage7 member for 汉朝刘氏.,False
1001794,7001,刘雅慧,female,1544-01-01,1641-12-31,11,安,Rule-generated Stage7 member for 汉朝刘氏.,False
1001795,7001,刘承文,male,1549-01-01,1576-12-31,11,安,Rule-generated Stage7 member for 汉朝刘氏.,False
1001796,7001,刘安雅,female,1545-01-01,1589-12-31,11,安,Rule-generated Stage7 member for 汉朝刘氏.,False
1001797,7001,刘安安,male,1549-01-01,1581-12-31,11,安,Rule-generated Stage7 member for 汉朝刘氏.,False
1001798,7001,刘安华,female,1548-01-01,1635-12-31,11,安,Rule-generated Stage7 member for 汉朝刘氏.,False
1001799,7001,刘景德,male,1543-01-01,1608-12-31,11,安,Rule-generated Stage7 member for 汉朝刘氏.,False
1001800,7001,刘兰安,female,1544-01-01,1587-12-31,11,安,Rule-generated Stage7 member for 汉朝刘氏.,False
1001801,7001,刘安承,male,1548-01-01,1616-12-31,11,安,Rule-generated Stage7 member for 汉朝刘氏.,False
1001802,7001,刘丽兰,female,1549-01-01,1639-12-31,11,安,Rule-generated Stage7 member for 汉朝刘氏.,False
1001803,7001,刘华,male,1547-01-01,1641-12-31,11,安,Rule-generated Stage7 member for 汉朝刘氏.,False
1001804,7001,刘安雅,female,1544-01-01,1590-12-31,11,安,Rule-generated Stage7 member for 汉朝刘氏.,False
1001805,7001,刘景安,male,1544-01-01,1605-12-31,11,安,Rule-generated Stage7 member for 汉朝刘氏.,False
1001806,7001,刘芳梅,female,1545-01-01,1639-12-31,11,安,Rule-generated Stage7 member for 汉朝刘氏.,False
1001807,7001,刘安明,male,1543-01-01,1600-12-31,11,安,Rule-generated Stage7 member for 汉朝刘氏.,False
1001808,7001,刘安慧,female,1544-01-01,1628-12-31,11,安,Rule-generated Stage7 member for 汉朝刘氏.,False
1001809,7001,刘华,male,1549-01-01,1622-12-31,11,安,Rule-generated Stage7 member for 汉朝刘氏.,False
1001810,7001,刘安敏,female,1546-01-01,1613-12-31,11,安,Rule-generated Stage7 member for 汉朝刘氏.,False
1001811,7001,刘文强,male,1546-01-01,1646-12-31,11,安,Rule-generated Stage7 member for 汉朝刘氏.,False
1001812,7001,刘安敏,female,1548-01-01,1599-12-31,11,安,Rule-generated Stage7 member for 汉朝刘氏.,False
1001813,7001,刘安伟,male,1545-01-01,1596-12-31,11,安,Rule-generated Stage7 member for 汉朝刘氏.,False
1001814,7001,刘芳丽,female,1544-01-01,1610-12-31,11,安,Rule-generated Stage7 member for 汉朝刘氏.,False
1001815,7001,刘安承,male,1544-01-01,1595-12-31,11,安,Rule-generated Stage7 member for 汉朝刘氏.,False
1001816,7001,刘安清,female,1549-01-01,1623-12-31,11,安,Rule-generated Stage7 member for 汉朝刘氏.,False
1001817,7001,刘丽,male,1548-01-01,1600-12-31,11,安,Rule-generated Stage7 member for 汉朝刘氏.,False
1001818,7001,刘安雅,female,1547-01-01,1614-12-31,11,安,Rule-generated Stage7 member for 汉朝刘氏.,False
1001819,7001,刘安强,male,1546-01-01,1612-12-31,11,安,Rule-generated Stage7 member for 汉朝刘氏.,False
1001820,7001,刘安敏,female,1548-01-01,1608-12-31,11,安,Rule-generated Stage7 member for 汉朝刘氏.,False
1001821,7001,刘华,male,1544-01-01,1592-12-31,11,安,Rule-generated Stage7 member for 汉朝刘氏.,False
1001822,7001,刘宁兰,female,1545-01-01,1599-12-31,11,安,Rule-generated Stage7 member for 汉朝刘氏.,False
1001823,7001,刘安国,male,1546-01-01,1593-12-31,11,安,Rule-generated Stage7 member for 汉朝刘氏.,False
1001824,7001,刘兰玉,female,1549-01-01,1618-12-31,11,安,Rule-generated Stage7 member for 汉朝刘氏.,False
1001825,7001,刘景文,male,1545-01-01,1618-12-31,11,安,Rule-generated Stage7 member for 汉朝刘氏.,False
1001826,7001,刘安敏,female,1545-01-01,1624-12-31,11,安,Rule-generated Stage7 member for 汉朝刘氏.,False
1001827,7001,刘安伟,male,1547-01-01,1590-12-31,11,安,Rule-generated Stage7 member for 汉朝刘氏.,False
1001828,7001,刘安清,female,1548-01-01,1609-12-31,11,安,Rule-generated Stage7 member for 汉朝刘氏.,False
1001829,7001,刘安安,male,1545-01-01,1623-12-31,11,安,Rule-generated Stage7 member for 汉朝刘氏.,False
1001830,7001,刘雅敏,female,1546-01-01,1626-12-31,11,安,Rule-generated Stage7 member for 汉朝刘氏.,False
1001831,7001,刘安文,male,1548-01-01,1619-12-31,11,安,Rule-generated Stage7 member for 汉朝刘氏.,False
1001832,7001,刘安梅,female,1545-01-01,1579-12-31,11,安,Rule-generated Stage7 member for 汉朝刘氏.,False
1001833,7001,刘安承,male,1546-01-01,1581-12-31,11,安,Rule-generated Stage7 member for 汉朝刘氏.,False
1001834,7001,刘敏芳,female,1549-01-01,1581-12-31,11,安,Rule-generated Stage7 member for 汉朝刘氏.,False
1001835,7001,刘强明,male,1547-01-01,1608-12-31,11,安,Rule-generated Stage7 member for 汉朝刘氏.,False
1001836,7001,刘华,female,1549-01-01,1593-12-31,11,安,Rule-generated Stage7 member for 汉朝刘氏.,False
1001837,7001,刘强,male,1547-01-01,1627-12-31,11,安,Rule-generated Stage7 member for 汉朝刘氏.,False
1001838,7001,刘安清,female,1548-01-01,1603-12-31,11,安,Rule-generated Stage7 member for 汉朝刘氏.,False
1001839,7001,刘宗国,male,1544-01-01,1623-12-31,11,安,Rule-generated Stage7 member for 汉朝刘氏.,False
1001840,7001,刘华玉,female,1549-01-01,1614-12-31,11,安,Rule-generated Stage7 member for 汉朝刘氏.,False
1001841,7001,刘安德,male,1544-01-01,1601-12-31,11,安,Rule-generated Stage7 member for 汉朝刘氏.,False
1001842,7001,刘丽芳,female,1549-01-01,1631-12-31,11,安,Rule-generated Stage7 member for 汉朝刘氏.,False
1001843,7001,刘强,male,1549-01-01,1619-12-31,11,安,Rule-generated Stage7 member for 汉朝刘氏.,False
1001844,7001,刘安慧,female,1545-01-01,1614-12-31,11,安,Rule-generated Stage7 member for 汉朝刘氏.,False
1001845,7001,刘伟承,male,1543-01-01,1640-12-31,11,安,Rule-generated Stage7 member for 汉朝刘氏.,False
1001846,7001,刘安华,female,1545-01-01,1643-12-31,11,安,Rule-generated Stage7 member for 汉朝刘氏.,False
1001847,7001,刘安明,male,1548-01-01,1612-12-31,11,安,Rule-generated Stage7 member for 汉朝刘氏.,False
1001848,7001,刘敏华,female,1545-01-01,1644-12-31,11,安,Rule-generated Stage7 member for 汉朝刘氏.,False
1001849,7001,刘成文,male,1547-01-01,1594-12-31,11,安,Rule-generated Stage7 member for 汉朝刘氏.,False
1001850,7001,刘安芳,female,1544-01-01,1623-12-31,11,安,Rule-generated Stage7 member for 汉朝刘氏.,False
1001851,7001,刘明景,male,1547-01-01,1625-12-31,11,安,Rule-generated Stage7 member for 汉朝刘氏.,False
1001852,7001,刘强,female,1548-01-01,1614-12-31,11,安,Rule-generated Stage7 member for 汉朝刘氏.,False
1001853,7001,刘安安,male,1549-01-01,1589-12-31,11,安,Rule-generated Stage7 member for 汉朝刘氏.,False
1001854,7001,刘慧华,female,1547-01-01,1608-12-31,11,安,Rule-generated Stage7 member for 汉朝刘氏.,False
1001855,7001,刘安国,male,1549-01-01,1628-12-31,11,安,Rule-generated Stage7 member for 汉朝刘氏.,False
1001856,7001,刘安兰,female,1545-01-01,1588-12-31,11,安,Rule-generated Stage7 member for 汉朝刘氏.,False
1001857,7001,刘安宗,male,1547-01-01,1597-12-31,11,安,Rule-generated Stage7 member for 汉朝刘氏.,False
1001858,7001,刘安梅,female,1547-01-01,1639-12-31,11,安,Rule-generated Stage7 member for 汉朝刘氏.,False
1001859,7001,刘安世,male,1549-01-01,1600-12-31,11,安,Rule-generated Stage7 member for 汉朝刘氏.,False
1001860,7001,刘安雅,female,1545-01-01,1627-12-31,11,安,Rule-generated Stage7 member for 汉朝刘氏.,False
1001861,7001,刘明承,male,1543-01-01,1625-12-31,11,安,Rule-generated Stage7 member for 汉朝刘氏.,False
1001862,7001,刘安安,female,1544-01-01,1624-12-31,11,安,Rule-generated Stage7 member for 汉朝刘氏.,False
1001863,7001,刘安世,male,1545-01-01,1629-12-31,11,安,Rule-generated Stage7 member for 汉朝刘氏.,False
1001864,7001,刘安宁,female,1544-01-01,1615-12-31,11,安,Rule-generated Stage7 member for 汉朝刘氏.,False
1001865,7001,刘安文,male,1546-01-01,1649-12-31,11,安,Rule-generated Stage7 member for 汉朝刘氏.,False
1001866,7001,刘安雅,female,1543-01-01,1630-12-31,11,安,Rule-generated Stage7 member for 汉朝刘氏.,False
1001867,7001,刘德文,male,1544-01-01,1638-12-31,11,安,Rule-generated Stage7 member for 汉朝刘氏.,False
1001868,7001,刘安兰,female,1544-01-01,1632-12-31,11,安,Rule-generated Stage7 member for 汉朝刘氏.,False
1001869,7001,刘安景,male,1545-01-01,1573-12-31,11,安,Rule-generated Stage7 member for 汉朝刘氏.,False
1001870,7001,刘安敏,female,1545-01-01,1598-12-31,11,安,Rule-generated Stage7 member for 汉朝刘氏.,False
1001871,7001,刘安伟,male,1545-01-01,1592-12-31,11,安,Rule-generated Stage7 member for 汉朝刘氏.,False
1001872,7001,刘安敏,female,1544-01-01,1618-12-31,11,安,Rule-generated Stage7 member for 汉朝刘氏.,False
1001873,7001,刘成安,male,1549-01-01,1599-12-31,11,安,Rule-generated Stage7 member for 汉朝刘氏.,False
1001874,7001,刘安丽,female,1546-01-01,1579-12-31,11,安,Rule-generated Stage7 member for 汉朝刘氏.,False
1001875,7001,刘安文,male,1543-01-01,1593-12-31,11,安,Rule-generated Stage7 member for 汉朝刘氏.,False
1001876,7001,刘华,female,1545-01-01,1603-12-31,11,安,Rule-generated Stage7 member for 汉朝刘氏.,False
1001877,7001,刘成强,male,1544-01-01,1636-12-31,11,安,Rule-generated Stage7 member for 汉朝刘氏.,False
1001878,7001,刘安安,female,1544-01-01,1625-12-31,11,安,Rule-generated Stage7 member for 汉朝刘氏.,False
1001879,7001,刘伟景,male,1544-01-01,1593-12-31,11,安,Rule-generated Stage7 member for 汉朝刘氏.,False
1001880,7001,刘丽雅,female,1543-01-01,1606-12-31,11,安,Rule-generated Stage7 member for 汉朝刘氏.,False
1001881,7001,刘安文,male,1549-01-01,1611-12-31,11,安,Rule-generated Stage7 member for 汉朝刘氏.,False
1001882,7001,刘安华,female,1544-01-01,1631-12-31,11,安,Rule-generated Stage7 member for 汉朝刘氏.,False
1001883,7001,刘世国,male,1547-01-01,1626-12-31,11,安,Rule-generated Stage7 member for 汉朝刘氏.,False
1001884,7001,刘丽兰,female,1543-01-01,1619-12-31,11,安,Rule-generated Stage7 member for 汉朝刘氏.,False
1001885,7001,刘安文,male,1543-01-01,1568-12-31,11,安,Rule-generated Stage7 member for 汉朝刘氏.,False
1001886,7001,刘安丽,female,1544-01-01,1609-12-31,11,安,Rule-generated Stage7 member for 汉朝刘氏.,False
1001887,7001,刘成成,male,1545-01-01,1614-12-31,11,安,Rule-generated Stage7 member for 汉朝刘氏.,False
1001888,7001,刘安丽,female,1546-01-01,1592-12-31,11,安,Rule-generated Stage7 member for 汉朝刘氏.,False
1001889,7001,刘安明,male,1547-01-01,1621-12-31,11,安,Rule-generated Stage7 member for 汉朝刘氏.,False
1001890,7001,刘安丽,female,1547-01-01,1625-12-31,11,安,Rule-generated Stage7 member for 汉朝刘氏.,False
1001891,7001,刘伟,male,1546-01-01,1616-12-31,11,安,Rule-generated Stage7 member for 汉朝刘氏.,False
1001892,7001,刘安慧,female,1547-01-01,1587-12-31,11,安,Rule-generated Stage7 member for 汉朝刘氏.,False
1001893,7001,刘安成,male,1549-01-01,1604-12-31,11,安,Rule-generated Stage7 member for 汉朝刘氏.,False
1001894,7001,刘安敏,female,1546-01-01,1608-12-31,11,安,Rule-generated Stage7 member for 汉朝刘氏.,False
1001895,7001,刘安景,male,1547-01-01,1610-12-31,11,安,Rule-generated Stage7 member for 汉朝刘氏.,False
1001896,7001,刘安敏,female,1543-01-01,1569-12-31,11,安,Rule-generated Stage7 member for 汉朝刘氏.,False
1001897,7001,刘德强,male,1546-01-01,1592-12-31,11,安,Rule-generated Stage7 member for 汉朝刘氏.,False
1001898,7001,刘安梅,female,1543-01-01,1576-12-31,11,安,Rule-generated Stage7 member for 汉朝刘氏.,False
1001899,7001,刘安安,male,1547-01-01,1635-12-31,11,安,Rule-generated Stage7 member for 汉朝刘氏.,False
1001900,7001,刘安玉,female,1547-01-01,1615-12-31,11,安,Rule-generated Stage7 member for 汉朝刘氏.,False
1001901,7001,刘明宗,male,1543-01-01,1612-12-31,11,安,Rule-generated Stage7 member for 汉朝刘氏.,False
1001902,7001,刘安安,female,1545-01-01,1590-12-31,11,安,Rule-generated Stage7 member for 汉朝刘氏.,False
1001903,7001,刘国世,male,1545-01-01,1617-12-31,11,安,Rule-generated Stage7 member for 汉朝刘氏.,False
1001904,7001,刘安宁,female,1544-01-01,1603-12-31,11,安,Rule-generated Stage7 member for 汉朝刘氏.,False
1001905,7001,刘安明,male,1545-01-01,1602-12-31,11,安,Rule-generated Stage7 member for 汉朝刘氏.,False
1001906,7001,刘安安,female,1544-01-01,1612-12-31,11,安,Rule-generated Stage7 member for 汉朝刘氏.,False
1001907,7001,刘安宗,male,1547-01-01,1637-12-31,11,安,Rule-generated Stage7 member for 汉朝刘氏.,False
1001908,7001,刘明,female,1548-01-01,1613-12-31,11,安,Rule-generated Stage7 member for 汉朝刘氏.,False
1001909,7001,刘安伟,male,1546-01-01,1613-12-31,11,安,Rule-generated Stage7 member for 汉朝刘氏.,False
1001910,7001,刘安梅,female,1545-01-01,1612-12-31,11,安,Rule-generated Stage7 member for 汉朝刘氏.,False
1001911,7001,刘安强,male,1544-01-01,1592-12-31,11,安,Rule-generated Stage7 member for 汉朝刘氏.,False
1001912,7001,刘兰雅,female,1543-01-01,1617-12-31,11,安,Rule-generated Stage7 member for 汉朝刘氏.,False
1001913,7001,刘安德,male,1545-01-01,1596-12-31,11,安,Rule-generated Stage7 member for 汉朝刘氏.,False
1001914,7001,刘安安,female,1543-01-01,1622-12-31,11,安,Rule-generated Stage7 member for 汉朝刘氏.,False
1001915,7001,刘丽,male,1544-01-01,1608-12-31,11,安,Rule-generated Stage7 member for 汉朝刘氏.,False
1001916,7001,刘安华,female,1549-01-01,1595-12-31,11,安,Rule-generated Stage7 member for 汉朝刘氏.,False
1001917,7001,刘安成,male,1544-01-01,1592-12-31,11,安,Rule-generated Stage7 member for 汉朝刘氏.,False
1001918,7001,刘强,female,1544-01-01,1604-12-31,11,安,Rule-generated Stage7 member for 汉朝刘氏.,False
1001919,7001,刘世文,male,1548-01-01,1612-12-31,11,安,Rule-generated Stage7 member for 汉朝刘氏.,False
1001920,7001,刘芳丽,female,1545-01-01,1616-12-31,11,安,Rule-generated Stage7 member for 汉朝刘氏.,False
1001921,7001,刘安成,male,1548-01-01,1607-12-31,11,安,Rule-generated Stage7 member for 汉朝刘氏.,False
1001922,7001,刘安雅,female,1549-01-01,1616-12-31,11,安,Rule-generated Stage7 member for 汉朝刘氏.,False
1001923,7001,刘国伟,male,1543-01-01,1615-12-31,11,安,Rule-generated Stage7 member for 汉朝刘氏.,False
1001924,7001,刘安梅,female,1545-01-01,1583-12-31,11,安,Rule-generated Stage7 member for 汉朝刘氏.,False
1001925,7001,刘安安,male,1546-01-01,1636-12-31,11,安,Rule-generated Stage7 member for 汉朝刘氏.,False
1001926,7001,刘清清,female,1546-01-01,1627-12-31,11,安,Rule-generated Stage7 member for 汉朝刘氏.,False
1001927,7001,刘伟伟,male,1547-01-01,1624-12-31,11,安,Rule-generated Stage7 member for 汉朝刘氏.,False
1001928,7001,刘安敏,female,1544-01-01,1591-12-31,11,安,Rule-generated Stage7 member for 汉朝刘氏.,False
1001929,7001,刘安德,male,1543-01-01,1599-12-31,11,安,Rule-generated Stage7 member for 汉朝刘氏.,False
1001930,7001,刘安敏,female,1545-01-01,1617-12-31,11,安,Rule-generated Stage7 member for 汉朝刘氏.,False
1001931,7001,刘安世,male,1545-01-01,1602-12-31,11,安,Rule-generated Stage7 member for 汉朝刘氏.,False
1001932,7001,刘安安,female,1548-01-01,1598-12-31,11,安,Rule-generated Stage7 member for 汉朝刘氏.,False
1001933,7001,刘安景,male,1547-01-01,1588-12-31,11,安,Rule-generated Stage7 member for 汉朝刘氏.,False
1001934,7001,刘安宁,female,1547-01-01,1625-12-31,11,安,Rule-generated Stage7 member for 汉朝刘氏.,False
1001935,7001,刘安国,male,1548-01-01,1624-12-31,11,安,Rule-generated Stage7 member for 汉朝刘氏.,False
1001936,7001,刘安梅,female,1543-01-01,1596-12-31,11,安,Rule-generated Stage7 member for 汉朝刘氏.,False
1001937,7001,刘安国,male,1543-01-01,1605-12-31,11,安,Rule-generated Stage7 member for 汉朝刘氏.,False
1001938,7001,刘兰慧,female,1545-01-01,1593-12-31,11,安,Rule-generated Stage7 member for 汉朝刘氏.,False
1001939,7001,刘明成,male,1543-01-01,1601-12-31,11,安,Rule-generated Stage7 member for 汉朝刘氏.,False
1001940,7001,刘宁德,male,1571-01-01,1675-12-31,12,宁,Rule-generated Stage7 member for 汉朝刘氏.,False
1001941,7001,刘宁慧,female,1565-01-01,1596-12-31,12,宁,Rule-generated Stage7 member for 汉朝刘氏.,False
1001942,7001,刘宁文,male,1570-01-01,1634-12-31,12,宁,Rule-generated Stage7 member for 汉朝刘氏.,False
1001943,7001,刘宁宁,female,1570-01-01,1597-12-31,12,宁,Rule-generated Stage7 member for 汉朝刘氏.,False
1001944,7001,刘丽,male,1571-01-01,1661-12-31,12,宁,Rule-generated Stage7 member for 汉朝刘氏.,False
1001945,7001,刘宁安,female,1571-01-01,1664-12-31,12,宁,Rule-generated Stage7 member for 汉朝刘氏.,False
1001946,7001,刘宁国,male,1565-01-01,1650-12-31,12,宁,Rule-generated Stage7 member for 汉朝刘氏.,False
1001947,7001,刘宁玉,female,1565-01-01,1632-12-31,12,宁,Rule-generated Stage7 member for 汉朝刘氏.,False
1001948,7001,刘宗宗,male,1567-01-01,1644-12-31,12,宁,Rule-generated Stage7 member for 汉朝刘氏.,False
1001949,7001,刘雅兰,female,1568-01-01,1625-12-31,12,宁,Rule-generated Stage7 member for 汉朝刘氏.,False
1001950,7001,刘宁承,male,1571-01-01,1675-12-31,12,宁,Rule-generated Stage7 member for 汉朝刘氏.,False
1001951,7001,刘慧兰,female,1569-01-01,1627-12-31,12,宁,Rule-generated Stage7 member for 汉朝刘氏.,False
1001952,7001,刘宁明,male,1569-01-01,1646-12-31,12,宁,Rule-generated Stage7 member for 汉朝刘氏.,False
1001953,7001,刘宁玉,female,1566-01-01,1613-12-31,12,宁,Rule-generated Stage7 member for 汉朝刘氏.,False
1001954,7001,刘宁明,male,1570-01-01,1631-12-31,12,宁,Rule-generated Stage7 member for 汉朝刘氏.,False
1001955,7001,刘宁慧,female,1568-01-01,1634-12-31,12,宁,Rule-generated Stage7 member for 汉朝刘氏.,False
1001956,7001,刘宁景,male,1567-01-01,1636-12-31,12,宁,Rule-generated Stage7 member for 汉朝刘氏.,False
1001957,7001,刘丽雅,female,1567-01-01,1669-12-31,12,宁,Rule-generated Stage7 member for 汉朝刘氏.,False
1001958,7001,刘成国,male,1570-01-01,1614-12-31,12,宁,Rule-generated Stage7 member for 汉朝刘氏.,False
1001959,7001,刘伟,female,1571-01-01,1662-12-31,12,宁,Rule-generated Stage7 member for 汉朝刘氏.,False
1001960,7001,刘宁宗,male,1569-01-01,1614-12-31,12,宁,Rule-generated Stage7 member for 汉朝刘氏.,False
1001961,7001,刘宁慧,female,1569-01-01,1665-12-31,12,宁,Rule-generated Stage7 member for 汉朝刘氏.,False
1001962,7001,刘宁宗,male,1565-01-01,1614-12-31,12,宁,Rule-generated Stage7 member for 汉朝刘氏.,False
1001963,7001,刘芳清,female,1566-01-01,1633-12-31,12,宁,Rule-generated Stage7 member for 汉朝刘氏.,False
1001964,7001,刘宁世,male,1566-01-01,1627-12-31,12,宁,Rule-generated Stage7 member for 汉朝刘氏.,False
1001965,7001,刘玉兰,female,1567-01-01,1602-12-31,12,宁,Rule-generated Stage7 member for 汉朝刘氏.,False
1001966,7001,刘德安,male,1567-01-01,1638-12-31,12,宁,Rule-generated Stage7 member for 汉朝刘氏.,False
1001967,7001,刘安玉,female,1568-01-01,1598-12-31,12,宁,Rule-generated Stage7 member for 汉朝刘氏.,False
1001968,7001,刘成宗,male,1571-01-01,1651-12-31,12,宁,Rule-generated Stage7 member for 汉朝刘氏.,False
1001969,7001,刘宁雅,female,1571-01-01,1652-12-31,12,宁,Rule-generated Stage7 member for 汉朝刘氏.,False
1001970,7001,刘宁国,male,1567-01-01,1655-12-31,12,宁,Rule-generated Stage7 member for 汉朝刘氏.,False
1001971,7001,刘宁丽,female,1567-01-01,1627-12-31,12,宁,Rule-generated Stage7 member for 汉朝刘氏.,False
1001972,7001,刘宁文,male,1570-01-01,1616-12-31,12,宁,Rule-generated Stage7 member for 汉朝刘氏.,False
1001973,7001,刘雅华,female,1571-01-01,1624-12-31,12,宁,Rule-generated Stage7 member for 汉朝刘氏.,False
1001974,7001,刘宁明,male,1565-01-01,1644-12-31,12,宁,Rule-generated Stage7 member for 汉朝刘氏.,False
1001975,7001,刘华,female,1569-01-01,1617-12-31,12,宁,Rule-generated Stage7 member for 汉朝刘氏.,False
1001976,7001,刘宁承,male,1566-01-01,1602-12-31,12,宁,Rule-generated Stage7 member for 汉朝刘氏.,False
1001977,7001,刘宁丽,female,1568-01-01,1634-12-31,12,宁,Rule-generated Stage7 member for 汉朝刘氏.,False
1001978,7001,刘宗景,male,1566-01-01,1622-12-31,12,宁,Rule-generated Stage7 member for 汉朝刘氏.,False
1001979,7001,刘宁雅,female,1568-01-01,1643-12-31,12,宁,Rule-generated Stage7 member for 汉朝刘氏.,False
1001980,7001,刘宁宗,male,1570-01-01,1667-12-31,12,宁,Rule-generated Stage7 member for 汉朝刘氏.,False
1001981,7001,刘敏雅,female,1565-01-01,1597-12-31,12,宁,Rule-generated Stage7 member for 汉朝刘氏.,False
1001982,7001,刘敏,male,1566-01-01,1616-12-31,12,宁,Rule-generated Stage7 member for 汉朝刘氏.,False
1001983,7001,刘宁芳,female,1569-01-01,1652-12-31,12,宁,Rule-generated Stage7 member for 汉朝刘氏.,False
1001984,7001,刘宁伟,male,1571-01-01,1622-12-31,12,宁,Rule-generated Stage7 member for 汉朝刘氏.,False
1001985,7001,刘强,female,1569-01-01,1610-12-31,12,宁,Rule-generated Stage7 member for 汉朝刘氏.,False
1001986,7001,刘宁安,male,1568-01-01,1646-12-31,12,宁,Rule-generated Stage7 member for 汉朝刘氏.,False
1001987,7001,刘宁雅,female,1571-01-01,1627-12-31,12,宁,Rule-generated Stage7 member for 汉朝刘氏.,False
1001988,7001,刘宁安,male,1570-01-01,1633-12-31,12,宁,Rule-generated Stage7 member for 汉朝刘氏.,False
1001989,7001,刘芳清,female,1566-01-01,1600-12-31,12,宁,Rule-generated Stage7 member for 汉朝刘氏.,False
1001990,7001,刘宁景,male,1570-01-01,1668-12-31,12,宁,Rule-generated Stage7 member for 汉朝刘氏.,False
1001991,7001,刘宁清,female,1566-01-01,1645-12-31,12,宁,Rule-generated Stage7 member for 汉朝刘氏.,False
1001992,7001,刘宁明,male,1569-01-01,1635-12-31,12,宁,Rule-generated Stage7 member for 汉朝刘氏.,False
1001993,7001,刘宁清,female,1565-01-01,1646-12-31,12,宁,Rule-generated Stage7 member for 汉朝刘氏.,False
1001994,7001,刘宁明,male,1570-01-01,1622-12-31,12,宁,Rule-generated Stage7 member for 汉朝刘氏.,False
1001995,7001,刘宁芳,female,1569-01-01,1626-12-31,12,宁,Rule-generated Stage7 member for 汉朝刘氏.,False
1001996,7001,刘宁强,male,1568-01-01,1612-12-31,12,宁,Rule-generated Stage7 member for 汉朝刘氏.,False
1001997,7001,刘华安,female,1567-01-01,1629-12-31,12,宁,Rule-generated Stage7 member for 汉朝刘氏.,False
1001998,7001,刘国成,male,1568-01-01,1638-12-31,12,宁,Rule-generated Stage7 member for 汉朝刘氏.,False
1001999,7001,刘宁梅,female,1571-01-01,1665-12-31,12,宁,Rule-generated Stage7 member for 汉朝刘氏.,False
1002000,7001,刘宁宗,male,1566-01-01,1626-12-31,12,宁,Rule-generated Stage7 member for 汉朝刘氏.,False
1002001,7001,刘宁雅,female,1566-01-01,1611-12-31,12,宁,Rule-generated Stage7 member for 汉朝刘氏.,False
1002002,7001,刘宁景,male,1570-01-01,1644-12-31,12,宁,Rule-generated Stage7 member for 汉朝刘氏.,False
1002003,7001,刘宁玉,female,1567-01-01,1651-12-31,12,宁,Rule-generated Stage7 member for 汉朝刘氏.,False
1002004,7001,刘宁安,male,1568-01-01,1645-12-31,12,宁,Rule-generated Stage7 member for 汉朝刘氏.,False
1002005,7001,刘慧梅,female,1571-01-01,1650-12-31,12,宁,Rule-generated Stage7 member for 汉朝刘氏.,False
1002006,7001,刘宁伟,male,1567-01-01,1647-12-31,12,宁,Rule-generated Stage7 member for 汉朝刘氏.,False
1002007,7001,刘宁慧,female,1565-01-01,1608-12-31,12,宁,Rule-generated Stage7 member for 汉朝刘氏.,False
1002008,7001,刘宁德,male,1571-01-01,1626-12-31,12,宁,Rule-generated Stage7 member for 汉朝刘氏.,False
1002009,7001,刘宁清,female,1566-01-01,1632-12-31,12,宁,Rule-generated Stage7 member for 汉朝刘氏.,False
1002010,7001,刘宁德,male,1566-01-01,1657-12-31,12,宁,Rule-generated Stage7 member for 汉朝刘氏.,False
1002011,7001,刘宁玉,female,1567-01-01,1621-12-31,12,宁,Rule-generated Stage7 member for 汉朝刘氏.,False
1002012,7001,刘承明,male,1566-01-01,1645-12-31,12,宁,Rule-generated Stage7 member for 汉朝刘氏.,False
1002013,7001,刘宁梅,female,1570-01-01,1639-12-31,12,宁,Rule-generated Stage7 member for 汉朝刘氏.,False
1002014,7001,刘宗承,male,1568-01-01,1623-12-31,12,宁,Rule-generated Stage7 member for 汉朝刘氏.,False
1002015,7001,刘宁梅,female,1570-01-01,1637-12-31,12,宁,Rule-generated Stage7 member for 汉朝刘氏.,False
1002016,7001,刘宁宗,male,1571-01-01,1636-12-31,12,宁,Rule-generated Stage7 member for 汉朝刘氏.,False
1002017,7001,刘宁玉,female,1569-01-01,1633-12-31,12,宁,Rule-generated Stage7 member for 汉朝刘氏.,False
1002018,7001,刘强伟,male,1568-01-01,1614-12-31,12,宁,Rule-generated Stage7 member for 汉朝刘氏.,False
1002019,7001,刘芳丽,female,1570-01-01,1663-12-31,12,宁,Rule-generated Stage7 member for 汉朝刘氏.,False
1002020,7001,刘宁世,male,1570-01-01,1658-12-31,12,宁,Rule-generated Stage7 member for 汉朝刘氏.,False
1002021,7001,刘宁芳,female,1565-01-01,1653-12-31,12,宁,Rule-generated Stage7 member for 汉朝刘氏.,False
1002022,7001,刘宁强,male,1571-01-01,1639-12-31,12,宁,Rule-generated Stage7 member for 汉朝刘氏.,False
1002023,7001,刘宁玉,female,1566-01-01,1603-12-31,12,宁,Rule-generated Stage7 member for 汉朝刘氏.,False
1002024,7001,刘宁文,male,1571-01-01,1631-12-31,12,宁,Rule-generated Stage7 member for 汉朝刘氏.,False
1002025,7001,刘宁敏,female,1571-01-01,1632-12-31,12,宁,Rule-generated Stage7 member for 汉朝刘氏.,False
1002026,7001,刘宁强,male,1568-01-01,1620-12-31,12,宁,Rule-generated Stage7 member for 汉朝刘氏.,False
1002027,7001,刘宁慧,female,1569-01-01,1638-12-31,12,宁,Rule-generated Stage7 member for 汉朝刘氏.,False
1002028,7001,刘宁成,male,1565-01-01,1661-12-31,12,宁,Rule-generated Stage7 member for 汉朝刘氏.,False
1002029,7001,刘宁安,female,1571-01-01,1653-12-31,12,宁,Rule-generated Stage7 member for 汉朝刘氏.,False
1002030,7001,刘德宗,male,1570-01-01,1641-12-31,12,宁,Rule-generated Stage7 member for 汉朝刘氏.,False
1002031,7001,刘宁丽,female,1566-01-01,1638-12-31,12,宁,Rule-generated Stage7 member for 汉朝刘氏.,False
1002032,7001,刘承伟,male,1571-01-01,1644-12-31,12,宁,Rule-generated Stage7 member for 汉朝刘氏.,False
1002033,7001,刘宁芳,female,1571-01-01,1648-12-31,12,宁,Rule-generated Stage7 member for 汉朝刘氏.,False
1002034,7001,刘宁伟,male,1566-01-01,1664-12-31,12,宁,Rule-generated Stage7 member for 汉朝刘氏.,False
1002035,7001,刘宁雅,female,1567-01-01,1614-12-31,12,宁,Rule-generated Stage7 member for 汉朝刘氏.,False
1002036,7001,刘宁明,male,1566-01-01,1622-12-31,12,宁,Rule-generated Stage7 member for 汉朝刘氏.,False
1002037,7001,刘兰华,female,1570-01-01,1621-12-31,12,宁,Rule-generated Stage7 member for 汉朝刘氏.,False
1002038,7001,刘宁国,male,1566-01-01,1657-12-31,12,宁,Rule-generated Stage7 member for 汉朝刘氏.,False
1002039,7001,刘敏安,female,1565-01-01,1663-12-31,12,宁,Rule-generated Stage7 member for 汉朝刘氏.,False
1002040,7001,刘宁安,male,1566-01-01,1640-12-31,12,宁,Rule-generated Stage7 member for 汉朝刘氏.,False
1002041,7001,刘宁丽,female,1567-01-01,1626-12-31,12,宁,Rule-generated Stage7 member for 汉朝刘氏.,False
1002042,7001,刘强伟,male,1568-01-01,1651-12-31,12,宁,Rule-generated Stage7 member for 汉朝刘氏.,False
1002043,7001,刘宁丽,female,1566-01-01,1628-12-31,12,宁,Rule-generated Stage7 member for 汉朝刘氏.,False
1002044,7001,刘明,male,1571-01-01,1620-12-31,12,宁,Rule-generated Stage7 member for 汉朝刘氏.,False
1002045,7001,刘宁清,female,1566-01-01,1630-12-31,12,宁,Rule-generated Stage7 member for 汉朝刘氏.,False
1002046,7001,刘宁强,male,1565-01-01,1638-12-31,12,宁,Rule-generated Stage7 member for 汉朝刘氏.,False
1002047,7001,刘宁清,female,1565-01-01,1619-12-31,12,宁,Rule-generated Stage7 member for 汉朝刘氏.,False
1002048,7001,刘强成,male,1571-01-01,1597-12-31,12,宁,Rule-generated Stage7 member for 汉朝刘氏.,False
1002049,7001,刘宁芳,female,1565-01-01,1624-12-31,12,宁,Rule-generated Stage7 member for 汉朝刘氏.,False
1002050,7001,刘宁文,male,1566-01-01,1665-12-31,12,宁,Rule-generated Stage7 member for 汉朝刘氏.,False
1002051,7001,刘慧慧,female,1570-01-01,1606-12-31,12,宁,Rule-generated Stage7 member for 汉朝刘氏.,False
1002052,7001,刘德景,male,1565-01-01,1624-12-31,12,宁,Rule-generated Stage7 member for 汉朝刘氏.,False
1002053,7001,刘丽,female,1566-01-01,1650-12-31,12,宁,Rule-generated Stage7 member for 汉朝刘氏.,False
1002054,7001,刘宁明,male,1566-01-01,1597-12-31,12,宁,Rule-generated Stage7 member for 汉朝刘氏.,False
1002055,7001,刘兰兰,female,1569-01-01,1596-12-31,12,宁,Rule-generated Stage7 member for 汉朝刘氏.,False
1002056,7001,刘德明,male,1567-01-01,1639-12-31,12,宁,Rule-generated Stage7 member for 汉朝刘氏.,False
1002057,7001,刘丽丽,female,1565-01-01,1657-12-31,12,宁,Rule-generated Stage7 member for 汉朝刘氏.,False
1002058,7001,刘宁强,male,1569-01-01,1661-12-31,12,宁,Rule-generated Stage7 member for 汉朝刘氏.,False
1002059,7001,刘宁丽,female,1568-01-01,1652-12-31,12,宁,Rule-generated Stage7 member for 汉朝刘氏.,False
1002060,7001,刘世承,male,1570-01-01,1636-12-31,12,宁,Rule-generated Stage7 member for 汉朝刘氏.,False
1002061,7001,刘丽芳,female,1565-01-01,1654-12-31,12,宁,Rule-generated Stage7 member for 汉朝刘氏.,False
1002062,7001,刘成文,male,1566-01-01,1639-12-31,12,宁,Rule-generated Stage7 member for 汉朝刘氏.,False
1002063,7001,刘宁梅,female,1567-01-01,1636-12-31,12,宁,Rule-generated Stage7 member for 汉朝刘氏.,False
1002064,7001,刘景文,male,1569-01-01,1648-12-31,12,宁,Rule-generated Stage7 member for 汉朝刘氏.,False
1002065,7001,刘宁清,female,1571-01-01,1619-12-31,12,宁,Rule-generated Stage7 member for 汉朝刘氏.,False
1002066,7001,刘德文,male,1569-01-01,1619-12-31,12,宁,Rule-generated Stage7 member for 汉朝刘氏.,False
1002067,7001,刘宁兰,female,1571-01-01,1642-12-31,12,宁,Rule-generated Stage7 member for 汉朝刘氏.,False
1002068,7001,刘文世,male,1565-01-01,1628-12-31,12,宁,Rule-generated Stage7 member for 汉朝刘氏.,False
1002069,7001,刘宁丽,female,1568-01-01,1626-12-31,12,宁,Rule-generated Stage7 member for 汉朝刘氏.,False
1002070,7001,刘宁承,male,1567-01-01,1640-12-31,12,宁,Rule-generated Stage7 member for 汉朝刘氏.,False
1002071,7001,刘宁玉,female,1571-01-01,1629-12-31,12,宁,Rule-generated Stage7 member for 汉朝刘氏.,False
1002072,7001,刘宁德,male,1565-01-01,1635-12-31,12,宁,Rule-generated Stage7 member for 汉朝刘氏.,False
1002073,7001,刘宁雅,female,1566-01-01,1608-12-31,12,宁,Rule-generated Stage7 member for 汉朝刘氏.,False
1002074,7001,刘伟,male,1570-01-01,1629-12-31,12,宁,Rule-generated Stage7 member for 汉朝刘氏.,False
1002075,7001,刘慧雅,female,1565-01-01,1604-12-31,12,宁,Rule-generated Stage7 member for 汉朝刘氏.,False
1002076,7001,刘敏,male,1569-01-01,1605-12-31,12,宁,Rule-generated Stage7 member for 汉朝刘氏.,False
1002077,7001,刘强,female,1568-01-01,1638-12-31,12,宁,Rule-generated Stage7 member for 汉朝刘氏.,False
1002078,7001,刘宁成,male,1565-01-01,1656-12-31,12,宁,Rule-generated Stage7 member for 汉朝刘氏.,False
1002079,7001,刘敏华,female,1565-01-01,1628-12-31,12,宁,Rule-generated Stage7 member for 汉朝刘氏.,False
1002080,7001,刘安德,male,1569-01-01,1617-12-31,12,宁,Rule-generated Stage7 member for 汉朝刘氏.,False
1002081,7001,刘丽,female,1568-01-01,1652-12-31,12,宁,Rule-generated Stage7 member for 汉朝刘氏.,False
1002082,7001,刘宁景,male,1568-01-01,1639-12-31,12,宁,Rule-generated Stage7 member for 汉朝刘氏.,False
1002083,7001,刘华华,female,1566-01-01,1644-12-31,12,宁,Rule-generated Stage7 member for 汉朝刘氏.,False
1002084,7001,刘国强,male,1566-01-01,1636-12-31,12,宁,Rule-generated Stage7 member for 汉朝刘氏.,False
1002085,7001,刘敏宁,female,1571-01-01,1624-12-31,12,宁,Rule-generated Stage7 member for 汉朝刘氏.,False
1002086,7001,刘宁国,male,1571-01-01,1640-12-31,12,宁,Rule-generated Stage7 member for 汉朝刘氏.,False
1002087,7001,刘宁敏,female,1568-01-01,1621-12-31,12,宁,Rule-generated Stage7 member for 汉朝刘氏.,False
1002088,7001,刘宁文,male,1570-01-01,1639-12-31,12,宁,Rule-generated Stage7 member for 汉朝刘氏.,False
1002089,7001,刘强,female,1568-01-01,1618-12-31,12,宁,Rule-generated Stage7 member for 汉朝刘氏.,False
1002090,7001,刘明明,male,1570-01-01,1598-12-31,12,宁,Rule-generated Stage7 member for 汉朝刘氏.,False
1002091,7001,刘宁玉,female,1566-01-01,1639-12-31,12,宁,Rule-generated Stage7 member for 汉朝刘氏.,False
1002092,7001,刘宁国,male,1566-01-01,1605-12-31,12,宁,Rule-generated Stage7 member for 汉朝刘氏.,False
1002093,7001,刘宁梅,female,1566-01-01,1617-12-31,12,宁,Rule-generated Stage7 member for 汉朝刘氏.,False
1002094,7001,刘伟明,male,1568-01-01,1648-12-31,12,宁,Rule-generated Stage7 member for 汉朝刘氏.,False
1002095,7001,刘宁丽,female,1566-01-01,1618-12-31,12,宁,Rule-generated Stage7 member for 汉朝刘氏.,False
1002096,7001,刘宁文,male,1567-01-01,1640-12-31,12,宁,Rule-generated Stage7 member for 汉朝刘氏.,False
1002097,7001,刘明,female,1569-01-01,1605-12-31,12,宁,Rule-generated Stage7 member for 汉朝刘氏.,False
1002098,7001,刘宁世,male,1569-01-01,1640-12-31,12,宁,Rule-generated Stage7 member for 汉朝刘氏.,False
1002099,7001,刘慧芳,female,1570-01-01,1612-12-31,12,宁,Rule-generated Stage7 member for 汉朝刘氏.,False
1002100,7001,刘宁强,male,1569-01-01,1644-12-31,12,宁,Rule-generated Stage7 member for 汉朝刘氏.,False
1002101,7001,刘华丽,female,1570-01-01,1647-12-31,12,宁,Rule-generated Stage7 member for 汉朝刘氏.,False
1002102,7001,刘宁成,male,1566-01-01,1621-12-31,12,宁,Rule-generated Stage7 member for 汉朝刘氏.,False
1002103,7001,刘宁兰,female,1568-01-01,1637-12-31,12,宁,Rule-generated Stage7 member for 汉朝刘氏.,False
1002104,7001,刘敏,male,1569-01-01,1663-12-31,12,宁,Rule-generated Stage7 member for 汉朝刘氏.,False
1002105,7001,刘宁梅,female,1565-01-01,1641-12-31,12,宁,Rule-generated Stage7 member for 汉朝刘氏.,False
1002106,7001,刘宁宗,male,1567-01-01,1656-12-31,12,宁,Rule-generated Stage7 member for 汉朝刘氏.,False
1002107,7001,刘宁雅,female,1566-01-01,1643-12-31,12,宁,Rule-generated Stage7 member for 汉朝刘氏.,False
1002108,7001,刘宁成,male,1568-01-01,1637-12-31,12,宁,Rule-generated Stage7 member for 汉朝刘氏.,False
1002109,7001,刘宁安,female,1565-01-01,1616-12-31,12,宁,Rule-generated Stage7 member for 汉朝刘氏.,False
1002110,7001,刘宗世,male,1566-01-01,1619-12-31,12,宁,Rule-generated Stage7 member for 汉朝刘氏.,False
1002111,7001,刘宁丽,female,1569-01-01,1659-12-31,12,宁,Rule-generated Stage7 member for 汉朝刘氏.,False
1002112,7001,刘伟,male,1568-01-01,1650-12-31,12,宁,Rule-generated Stage7 member for 汉朝刘氏.,False
1002113,7001,刘宁芳,female,1566-01-01,1611-12-31,12,宁,Rule-generated Stage7 member for 汉朝刘氏.,False
1002114,7001,刘宁安,male,1565-01-01,1617-12-31,12,宁,Rule-generated Stage7 member for 汉朝刘氏.,False
1002115,7001,刘宁华,female,1565-01-01,1615-12-31,12,宁,Rule-generated Stage7 member for 汉朝刘氏.,False
1002116,7001,刘宁强,male,1569-01-01,1645-12-31,12,宁,Rule-generated Stage7 member for 汉朝刘氏.,False
1002117,7001,刘宁敏,female,1566-01-01,1652-12-31,12,宁,Rule-generated Stage7 member for 汉朝刘氏.,False
1002118,7001,刘敏,male,1566-01-01,1605-12-31,12,宁,Rule-generated Stage7 member for 汉朝刘氏.,False
1002119,7001,刘宁宁,female,1570-01-01,1654-12-31,12,宁,Rule-generated Stage7 member for 汉朝刘氏.,False
1002120,7001,刘宁宗,male,1565-01-01,1629-12-31,12,宁,Rule-generated Stage7 member for 汉朝刘氏.,False
1002121,7001,刘宁丽,female,1570-01-01,1640-12-31,12,宁,Rule-generated Stage7 member for 汉朝刘氏.,False
1002122,7001,刘宁文,male,1566-01-01,1624-12-31,12,宁,Rule-generated Stage7 member for 汉朝刘氏.,False
1002123,7001,刘兰安,female,1567-01-01,1627-12-31,12,宁,Rule-generated Stage7 member for 汉朝刘氏.,False
1002124,7001,刘国景,male,1566-01-01,1636-12-31,12,宁,Rule-generated Stage7 member for 汉朝刘氏.,False
1002125,7001,刘宁慧,female,1569-01-01,1630-12-31,12,宁,Rule-generated Stage7 member for 汉朝刘氏.,False
1002126,7001,刘宁强,male,1569-01-01,1615-12-31,12,宁,Rule-generated Stage7 member for 汉朝刘氏.,False
1002127,7001,刘华芳,female,1569-01-01,1643-12-31,12,宁,Rule-generated Stage7 member for 汉朝刘氏.,False
1002128,7001,刘宁景,male,1570-01-01,1639-12-31,12,宁,Rule-generated Stage7 member for 汉朝刘氏.,False
1002129,7001,刘宁兰,female,1567-01-01,1639-12-31,12,宁,Rule-generated Stage7 member for 汉朝刘氏.,False
1002130,7001,刘宁伟,male,1566-01-01,1618-12-31,12,宁,Rule-generated Stage7 member for 汉朝刘氏.,False
1002131,7001,刘宁兰,female,1567-01-01,1640-12-31,12,宁,Rule-generated Stage7 member for 汉朝刘氏.,False
1002132,7001,刘世世,male,1566-01-01,1632-12-31,12,宁,Rule-generated Stage7 member for 汉朝刘氏.,False
1002133,7001,刘宁玉,female,1565-01-01,1623-12-31,12,宁,Rule-generated Stage7 member for 汉朝刘氏.,False
1002134,7001,刘宁强,male,1569-01-01,1648-12-31,12,宁,Rule-generated Stage7 member for 汉朝刘氏.,False
1002135,7001,刘宁清,female,1567-01-01,1610-12-31,12,宁,Rule-generated Stage7 member for 汉朝刘氏.,False
1002136,7001,刘伟宗,male,1565-01-01,1643-12-31,12,宁,Rule-generated Stage7 member for 汉朝刘氏.,False
1002137,7001,刘宁华,female,1570-01-01,1625-12-31,12,宁,Rule-generated Stage7 member for 汉朝刘氏.,False
1002138,7001,刘国成,male,1567-01-01,1638-12-31,12,宁,Rule-generated Stage7 member for 汉朝刘氏.,False
1002139,7001,刘明,female,1565-01-01,1639-12-31,12,宁,Rule-generated Stage7 member for 汉朝刘氏.,False
1002140,7001,刘强德,male,1570-01-01,1647-12-31,12,宁,Rule-generated Stage7 member for 汉朝刘氏.,False
1002141,7001,刘宁慧,female,1571-01-01,1634-12-31,12,宁,Rule-generated Stage7 member for 汉朝刘氏.,False
1002142,7001,刘宁文,male,1570-01-01,1604-12-31,12,宁,Rule-generated Stage7 member for 汉朝刘氏.,False
1002143,7001,刘明,female,1567-01-01,1603-12-31,12,宁,Rule-generated Stage7 member for 汉朝刘氏.,False
1002144,7001,刘丽,male,1568-01-01,1629-12-31,12,宁,Rule-generated Stage7 member for 汉朝刘氏.,False
1002145,7001,刘丽,female,1565-01-01,1642-12-31,12,宁,Rule-generated Stage7 member for 汉朝刘氏.,False
1002146,7001,刘强文,male,1567-01-01,1601-12-31,12,宁,Rule-generated Stage7 member for 汉朝刘氏.,False
1002147,7001,刘宁安,female,1571-01-01,1653-12-31,12,宁,Rule-generated Stage7 member for 汉朝刘氏.,False
1002148,7001,刘宁世,male,1569-01-01,1627-12-31,12,宁,Rule-generated Stage7 member for 汉朝刘氏.,False
1002149,7001,刘宁芳,female,1569-01-01,1639-12-31,12,宁,Rule-generated Stage7 member for 汉朝刘氏.,False
1002150,7001,刘伟,male,1566-01-01,1622-12-31,12,宁,Rule-generated Stage7 member for 汉朝刘氏.,False
1002151,7001,刘华慧,female,1566-01-01,1633-12-31,12,宁,Rule-generated Stage7 member for 汉朝刘氏.,False
1002152,7001,刘宁强,male,1567-01-01,1634-12-31,12,宁,Rule-generated Stage7 member for 汉朝刘氏.,False
1002153,7001,刘宁华,female,1571-01-01,1644-12-31,12,宁,Rule-generated Stage7 member for 汉朝刘氏.,False
1002154,7001,刘宁景,male,1571-01-01,1602-12-31,12,宁,Rule-generated Stage7 member for 汉朝刘氏.,False
1002155,7001,刘宁雅,female,1567-01-01,1631-12-31,12,宁,Rule-generated Stage7 member for 汉朝刘氏.,False
1002156,7001,刘安成,male,1570-01-01,1621-12-31,12,宁,Rule-generated Stage7 member for 汉朝刘氏.,False
1002157,7001,刘宁玉,female,1568-01-01,1665-12-31,12,宁,Rule-generated Stage7 member for 汉朝刘氏.,False
1002158,7001,刘承德,male,1569-01-01,1606-12-31,12,宁,Rule-generated Stage7 member for 汉朝刘氏.,False
1002159,7001,刘宁华,female,1571-01-01,1626-12-31,12,宁,Rule-generated Stage7 member for 汉朝刘氏.,False
1002160,7001,刘宁德,male,1570-01-01,1609-12-31,12,宁,Rule-generated Stage7 member for 汉朝刘氏.,False
1002161,7001,刘安芳,female,1569-01-01,1622-12-31,12,宁,Rule-generated Stage7 member for 汉朝刘氏.,False
1002162,7001,刘宁成,male,1570-01-01,1621-12-31,12,宁,Rule-generated Stage7 member for 汉朝刘氏.,False
1002163,7001,刘宁慧,female,1571-01-01,1651-12-31,12,宁,Rule-generated Stage7 member for 汉朝刘氏.,False
1002164,7001,刘伟,male,1570-01-01,1609-12-31,12,宁,Rule-generated Stage7 member for 汉朝刘氏.,False
1002165,7001,刘安华,female,1570-01-01,1598-12-31,12,宁,Rule-generated Stage7 member for 汉朝刘氏.,False
1002166,7001,刘承强,male,1566-01-01,1627-12-31,12,宁,Rule-generated Stage7 member for 汉朝刘氏.,False
1002167,7001,刘宁敏,female,1565-01-01,1620-12-31,12,宁,Rule-generated Stage7 member for 汉朝刘氏.,False
1002168,7001,刘宁成,male,1568-01-01,1614-12-31,12,宁,Rule-generated Stage7 member for 汉朝刘氏.,False
1002169,7001,刘宁雅,female,1565-01-01,1633-12-31,12,宁,Rule-generated Stage7 member for 汉朝刘氏.,False
1002170,7001,刘宁明,male,1566-01-01,1621-12-31,12,宁,Rule-generated Stage7 member for 汉朝刘氏.,False
1002171,7001,刘华,female,1567-01-01,1655-12-31,12,宁,Rule-generated Stage7 member for 汉朝刘氏.,False
1002172,7001,刘宁成,male,1570-01-01,1632-12-31,12,宁,Rule-generated Stage7 member for 汉朝刘氏.,False
1002173,7001,刘梅兰,female,1571-01-01,1656-12-31,12,宁,Rule-generated Stage7 member for 汉朝刘氏.,False
1002174,7001,刘宁伟,male,1568-01-01,1637-12-31,12,宁,Rule-generated Stage7 member for 汉朝刘氏.,False
1002175,7001,刘宁丽,female,1571-01-01,1633-12-31,12,宁,Rule-generated Stage7 member for 汉朝刘氏.,False
1002176,7001,刘伟成,male,1568-01-01,1639-12-31,12,宁,Rule-generated Stage7 member for 汉朝刘氏.,False
1002177,7001,刘宁丽,female,1571-01-01,1652-12-31,12,宁,Rule-generated Stage7 member for 汉朝刘氏.,False
1002178,7001,刘世明,male,1569-01-01,1629-12-31,12,宁,Rule-generated Stage7 member for 汉朝刘氏.,False
1002179,7001,刘宁清,female,1565-01-01,1663-12-31,12,宁,Rule-generated Stage7 member for 汉朝刘氏.,False
1002180,7001,刘宁国,male,1565-01-01,1632-12-31,12,宁,Rule-generated Stage7 member for 汉朝刘氏.,False
1002181,7001,刘芳慧,female,1568-01-01,1626-12-31,12,宁,Rule-generated Stage7 member for 汉朝刘氏.,False
1002182,7001,刘宁安,male,1571-01-01,1604-12-31,12,宁,Rule-generated Stage7 member for 汉朝刘氏.,False
1002183,7001,刘宁芳,female,1569-01-01,1628-12-31,12,宁,Rule-generated Stage7 member for 汉朝刘氏.,False
1002184,7001,刘德明,male,1569-01-01,1652-12-31,12,宁,Rule-generated Stage7 member for 汉朝刘氏.,False
1002185,7001,刘宁芳,female,1570-01-01,1657-12-31,12,宁,Rule-generated Stage7 member for 汉朝刘氏.,False
1002186,7001,刘宁景,male,1566-01-01,1612-12-31,12,宁,Rule-generated Stage7 member for 汉朝刘氏.,False
1002187,7001,刘慧华,female,1566-01-01,1647-12-31,12,宁,Rule-generated Stage7 member for 汉朝刘氏.,False
1002188,7001,刘宁承,male,1571-01-01,1613-12-31,12,宁,Rule-generated Stage7 member for 汉朝刘氏.,False
1002189,7001,刘宁玉,female,1565-01-01,1647-12-31,12,宁,Rule-generated Stage7 member for 汉朝刘氏.,False
1002190,7001,刘宁安,male,1567-01-01,1634-12-31,12,宁,Rule-generated Stage7 member for 汉朝刘氏.,False
1002191,7001,刘宁清,female,1566-01-01,1625-12-31,12,宁,Rule-generated Stage7 member for 汉朝刘氏.,False
1002192,7001,刘宁成,male,1568-01-01,1617-12-31,12,宁,Rule-generated Stage7 member for 汉朝刘氏.,False
1002193,7001,刘宁安,female,1570-01-01,1666-12-31,12,宁,Rule-generated Stage7 member for 汉朝刘氏.,False
1002194,7001,刘宁伟,male,1570-01-01,1606-12-31,12,宁,Rule-generated Stage7 member for 汉朝刘氏.,False
1002195,7001,刘宁宁,female,1571-01-01,1674-12-31,12,宁,Rule-generated Stage7 member for 汉朝刘氏.,False
1002196,7001,刘宁成,male,1569-01-01,1648-12-31,12,宁,Rule-generated Stage7 member for 汉朝刘氏.,False
1002197,7001,刘雅安,female,1570-01-01,1632-12-31,12,宁,Rule-generated Stage7 member for 汉朝刘氏.,False
1002198,7001,刘明伟,male,1570-01-01,1657-12-31,12,宁,Rule-generated Stage7 member for 汉朝刘氏.,False
1002199,7001,刘兰敏,female,1567-01-01,1617-12-31,12,宁,Rule-generated Stage7 member for 汉朝刘氏.,False
1002200,7001,刘国明,male,1567-01-01,1615-12-31,12,宁,Rule-generated Stage7 member for 汉朝刘氏.,False
1002201,7001,刘芳兰,female,1567-01-01,1652-12-31,12,宁,Rule-generated Stage7 member for 汉朝刘氏.,False
1002202,7001,刘华,male,1566-01-01,1605-12-31,12,宁,Rule-generated Stage7 member for 汉朝刘氏.,False
1002203,7001,刘宁华,female,1571-01-01,1632-12-31,12,宁,Rule-generated Stage7 member for 汉朝刘氏.,False
1002204,7001,刘文承,male,1566-01-01,1633-12-31,12,宁,Rule-generated Stage7 member for 汉朝刘氏.,False
1002205,7001,刘玉丽,female,1568-01-01,1629-12-31,12,宁,Rule-generated Stage7 member for 汉朝刘氏.,False
1002206,7001,刘强,male,1565-01-01,1599-12-31,12,宁,Rule-generated Stage7 member for 汉朝刘氏.,False
1002207,7001,刘丽,female,1566-01-01,1642-12-31,12,宁,Rule-generated Stage7 member for 汉朝刘氏.,False
1002208,7001,刘宁成,male,1568-01-01,1647-12-31,12,宁,Rule-generated Stage7 member for 汉朝刘氏.,False
1002209,7001,刘宁宁,female,1565-01-01,1620-12-31,12,宁,Rule-generated Stage7 member for 汉朝刘氏.,False
1002210,7001,刘宁宗,male,1571-01-01,1626-12-31,12,宁,Rule-generated Stage7 member for 汉朝刘氏.,False
1002211,7001,刘敏,female,1568-01-01,1636-12-31,12,宁,Rule-generated Stage7 member for 汉朝刘氏.,False
1002212,7001,刘安世,male,1567-01-01,1622-12-31,12,宁,Rule-generated Stage7 member for 汉朝刘氏.,False
1002213,7001,刘宁玉,female,1570-01-01,1628-12-31,12,宁,Rule-generated Stage7 member for 汉朝刘氏.,False
1002214,7001,刘宁德,male,1571-01-01,1598-12-31,12,宁,Rule-generated Stage7 member for 汉朝刘氏.,False
1002215,7001,刘宁丽,female,1568-01-01,1617-12-31,12,宁,Rule-generated Stage7 member for 汉朝刘氏.,False
1002216,7001,刘敏,male,1565-01-01,1613-12-31,12,宁,Rule-generated Stage7 member for 汉朝刘氏.,False
1002217,7001,刘宁华,female,1569-01-01,1620-12-31,12,宁,Rule-generated Stage7 member for 汉朝刘氏.,False
1002218,7001,刘宁文,male,1566-01-01,1619-12-31,12,宁,Rule-generated Stage7 member for 汉朝刘氏.,False
1002219,7001,刘宁敏,female,1571-01-01,1671-12-31,12,宁,Rule-generated Stage7 member for 汉朝刘氏.,False
1002220,7001,刘成强,male,1566-01-01,1601-12-31,12,宁,Rule-generated Stage7 member for 汉朝刘氏.,False
1002221,7001,刘雅宁,female,1567-01-01,1649-12-31,12,宁,Rule-generated Stage7 member for 汉朝刘氏.,False
1002222,7001,刘宁承,male,1567-01-01,1630-12-31,12,宁,Rule-generated Stage7 member for 汉朝刘氏.,False
1002223,7001,刘梅慧,female,1571-01-01,1646-12-31,12,宁,Rule-generated Stage7 member for 汉朝刘氏.,False
1002224,7001,刘宁文,male,1565-01-01,1634-12-31,12,宁,Rule-generated Stage7 member for 汉朝刘氏.,False
1002225,7001,刘宁玉,female,1570-01-01,1622-12-31,12,宁,Rule-generated Stage7 member for 汉朝刘氏.,False
1002226,7001,刘明明,male,1567-01-01,1652-12-31,12,宁,Rule-generated Stage7 member for 汉朝刘氏.,False
1002227,7001,刘宁芳,female,1567-01-01,1640-12-31,12,宁,Rule-generated Stage7 member for 汉朝刘氏.,False
1002228,7001,刘成宗,male,1567-01-01,1623-12-31,12,宁,Rule-generated Stage7 member for 汉朝刘氏.,False
1002229,7001,刘宁安,female,1569-01-01,1634-12-31,12,宁,Rule-generated Stage7 member for 汉朝刘氏.,False
1002230,7001,刘宗成,male,1567-01-01,1672-12-31,12,宁,Rule-generated Stage7 member for 汉朝刘氏.,False
1002231,7001,刘宁安,female,1568-01-01,1607-12-31,12,宁,Rule-generated Stage7 member for 汉朝刘氏.,False
1002232,7001,刘德安,male,1568-01-01,1596-12-31,12,宁,Rule-generated Stage7 member for 汉朝刘氏.,False
1002233,7001,刘宁慧,female,1568-01-01,1628-12-31,12,宁,Rule-generated Stage7 member for 汉朝刘氏.,False
1002234,7001,刘宁伟,male,1567-01-01,1600-12-31,12,宁,Rule-generated Stage7 member for 汉朝刘氏.,False
1002235,7001,刘宁玉,female,1568-01-01,1615-12-31,12,宁,Rule-generated Stage7 member for 汉朝刘氏.,False
1002236,7001,刘宁强,male,1570-01-01,1603-12-31,12,宁,Rule-generated Stage7 member for 汉朝刘氏.,False
1002237,7001,刘宁宁,female,1568-01-01,1644-12-31,12,宁,Rule-generated Stage7 member for 汉朝刘氏.,False
1002238,7001,刘宁强,male,1568-01-01,1632-12-31,12,宁,Rule-generated Stage7 member for 汉朝刘氏.,False
1002239,7001,刘安梅,female,1570-01-01,1663-12-31,12,宁,Rule-generated Stage7 member for 汉朝刘氏.,False
1002240,7001,刘宁德,male,1571-01-01,1661-12-31,12,宁,Rule-generated Stage7 member for 汉朝刘氏.,False
1002241,7001,刘宁宁,female,1571-01-01,1623-12-31,12,宁,Rule-generated Stage7 member for 汉朝刘氏.,False
1002242,7001,刘宁国,male,1570-01-01,1671-12-31,12,宁,Rule-generated Stage7 member for 汉朝刘氏.,False
1002243,7001,刘宁安,female,1567-01-01,1613-12-31,12,宁,Rule-generated Stage7 member for 汉朝刘氏.,False
1002244,7001,刘国安,male,1571-01-01,1634-12-31,12,宁,Rule-generated Stage7 member for 汉朝刘氏.,False
1002245,7001,刘宁梅,female,1565-01-01,1634-12-31,12,宁,Rule-generated Stage7 member for 汉朝刘氏.,False
1002246,7001,刘宁景,male,1569-01-01,1630-12-31,12,宁,Rule-generated Stage7 member for 汉朝刘氏.,False
1002247,7001,刘宁安,female,1570-01-01,1628-12-31,12,宁,Rule-generated Stage7 member for 汉朝刘氏.,False
1002248,7001,刘宁承,male,1567-01-01,1628-12-31,12,宁,Rule-generated Stage7 member for 汉朝刘氏.,False
1002249,7001,刘敏,female,1570-01-01,1642-12-31,12,宁,Rule-generated Stage7 member for 汉朝刘氏.,False
1002250,7001,刘宁世,male,1566-01-01,1669-12-31,12,宁,Rule-generated Stage7 member for 汉朝刘氏.,False
1002251,7001,刘清敏,female,1569-01-01,1659-12-31,12,宁,Rule-generated Stage7 member for 汉朝刘氏.,False
1002252,7001,刘宁成,male,1566-01-01,1645-12-31,12,宁,Rule-generated Stage7 member for 汉朝刘氏.,False
1002253,7001,刘敏清,female,1566-01-01,1665-12-31,12,宁,Rule-generated Stage7 member for 汉朝刘氏.,False
1002254,7001,刘宁文,male,1569-01-01,1611-12-31,12,宁,Rule-generated Stage7 member for 汉朝刘氏.,False
1002255,7001,刘宁梅,female,1571-01-01,1641-12-31,12,宁,Rule-generated Stage7 member for 汉朝刘氏.,False
1002256,7001,刘景世,male,1567-01-01,1601-12-31,12,宁,Rule-generated Stage7 member for 汉朝刘氏.,False
1002257,7001,刘梅慧,female,1571-01-01,1637-12-31,12,宁,Rule-generated Stage7 member for 汉朝刘氏.,False
1002258,7001,刘宁承,male,1569-01-01,1603-12-31,12,宁,Rule-generated Stage7 member for 汉朝刘氏.,False
1002259,7001,刘宁玉,female,1565-01-01,1609-12-31,12,宁,Rule-generated Stage7 member for 汉朝刘氏.,False
1002260,7001,刘景伟,male,1568-01-01,1623-12-31,12,宁,Rule-generated Stage7 member for 汉朝刘氏.,False
1002261,7001,刘丽清,female,1565-01-01,1644-12-31,12,宁,Rule-generated Stage7 member for 汉朝刘氏.,False
1002262,7001,刘华,male,1571-01-01,1639-12-31,12,宁,Rule-generated Stage7 member for 汉朝刘氏.,False
1002263,7001,刘芳清,female,1570-01-01,1618-12-31,12,宁,Rule-generated Stage7 member for 汉朝刘氏.,False
1002264,7001,刘明,male,1568-01-01,1625-12-31,12,宁,Rule-generated Stage7 member for 汉朝刘氏.,False
1002265,7001,刘宁安,female,1566-01-01,1648-12-31,12,宁,Rule-generated Stage7 member for 汉朝刘氏.,False
1002266,7001,刘宁德,male,1567-01-01,1626-12-31,12,宁,Rule-generated Stage7 member for 汉朝刘氏.,False
1002267,7001,刘敏安,female,1566-01-01,1665-12-31,12,宁,Rule-generated Stage7 member for 汉朝刘氏.,False
1002268,7001,刘宁明,male,1567-01-01,1603-12-31,12,宁,Rule-generated Stage7 member for 汉朝刘氏.,False
1002269,7001,刘宁华,female,1565-01-01,1623-12-31,12,宁,Rule-generated Stage7 member for 汉朝刘氏.,False
1002270,7001,刘宁承,male,1568-01-01,1653-12-31,12,宁,Rule-generated Stage7 member for 汉朝刘氏.,False
1002271,7001,刘华敏,female,1567-01-01,1645-12-31,12,宁,Rule-generated Stage7 member for 汉朝刘氏.,False
1002272,7001,刘宁承,male,1568-01-01,1601-12-31,12,宁,Rule-generated Stage7 member for 汉朝刘氏.,False
1002273,7001,刘丽丽,female,1571-01-01,1633-12-31,12,宁,Rule-generated Stage7 member for 汉朝刘氏.,False
1002274,7001,刘文景,male,1570-01-01,1635-12-31,12,宁,Rule-generated Stage7 member for 汉朝刘氏.,False
1002275,7001,刘宁慧,female,1569-01-01,1658-12-31,12,宁,Rule-generated Stage7 member for 汉朝刘氏.,False
1002276,7001,刘宁宗,male,1570-01-01,1635-12-31,12,宁,Rule-generated Stage7 member for 汉朝刘氏.,False
1002277,7001,刘明,female,1566-01-01,1655-12-31,12,宁,Rule-generated Stage7 member for 汉朝刘氏.,False
1002278,7001,刘宁成,male,1571-01-01,1659-12-31,12,宁,Rule-generated Stage7 member for 汉朝刘氏.,False
1002279,7001,刘宁敏,female,1570-01-01,1657-12-31,12,宁,Rule-generated Stage7 member for 汉朝刘氏.,False
1002280,7001,刘宁景,male,1566-01-01,1648-12-31,12,宁,Rule-generated Stage7 member for 汉朝刘氏.,False
1002281,7001,刘宁玉,female,1565-01-01,1671-12-31,12,宁,Rule-generated Stage7 member for 汉朝刘氏.,False
1002282,7001,刘宁宗,male,1568-01-01,1634-12-31,12,宁,Rule-generated Stage7 member for 汉朝刘氏.,False
1002283,7001,刘宁宁,female,1568-01-01,1637-12-31,12,宁,Rule-generated Stage7 member for 汉朝刘氏.,False
1002284,7001,刘宁文,male,1570-01-01,1605-12-31,12,宁,Rule-generated Stage7 member for 汉朝刘氏.,False
1002285,7001,刘宁玉,female,1566-01-01,1640-12-31,12,宁,Rule-generated Stage7 member for 汉朝刘氏.,False
1002286,7001,刘宗景,male,1565-01-01,1626-12-31,12,宁,Rule-generated Stage7 member for 汉朝刘氏.,False
1002287,7001,刘丽,female,1566-01-01,1599-12-31,12,宁,Rule-generated Stage7 member for 汉朝刘氏.,False
1002288,7001,刘宁安,male,1565-01-01,1592-12-31,12,宁,Rule-generated Stage7 member for 汉朝刘氏.,False
1002289,7001,刘丽,female,1565-01-01,1659-12-31,12,宁,Rule-generated Stage7 member for 汉朝刘氏.,False
1002290,7001,刘成成,male,1571-01-01,1602-12-31,12,宁,Rule-generated Stage7 member for 汉朝刘氏.,False
1002291,7001,刘宁宁,female,1567-01-01,1647-12-31,12,宁,Rule-generated Stage7 member for 汉朝刘氏.,False
1002292,7001,刘成宗,male,1593-01-01,1647-12-31,13,文,Rule-generated Stage7 member for 汉朝刘氏.,False
1002293,7001,刘文敏,female,1591-01-01,1681-12-31,13,文,Rule-generated Stage7 member for 汉朝刘氏.,False
1002294,7001,刘文明,male,1592-01-01,1651-12-31,13,文,Rule-generated Stage7 member for 汉朝刘氏.,False
1002295,7001,刘文雅,female,1589-01-01,1656-12-31,13,文,Rule-generated Stage7 member for 汉朝刘氏.,False
1002296,7001,刘文明,male,1591-01-01,1623-12-31,13,文,Rule-generated Stage7 member for 汉朝刘氏.,False
1002297,7001,刘文安,female,1589-01-01,1682-12-31,13,文,Rule-generated Stage7 member for 汉朝刘氏.,False
1002298,7001,刘文世,male,1587-01-01,1648-12-31,13,文,Rule-generated Stage7 member for 汉朝刘氏.,False
1002299,7001,刘芳华,female,1587-01-01,1624-12-31,13,文,Rule-generated Stage7 member for 汉朝刘氏.,False
1002300,7001,刘敏,male,1591-01-01,1667-12-31,13,文,Rule-generated Stage7 member for 汉朝刘氏.,False
1002301,7001,刘文安,female,1593-01-01,1659-12-31,13,文,Rule-generated Stage7 member for 汉朝刘氏.,False
1002302,7001,刘文明,male,1589-01-01,1657-12-31,13,文,Rule-generated Stage7 member for 汉朝刘氏.,False
1002303,7001,刘强,female,1593-01-01,1624-12-31,13,文,Rule-generated Stage7 member for 汉朝刘氏.,False
1002304,7001,刘安世,male,1592-01-01,1656-12-31,13,文,Rule-generated Stage7 member for 汉朝刘氏.,False
1002305,7001,刘敏,female,1588-01-01,1684-12-31,13,文,Rule-generated Stage7 member for 汉朝刘氏.,False
1002306,7001,刘明国,male,1588-01-01,1648-12-31,13,文,Rule-generated Stage7 member for 汉朝刘氏.,False
1002307,7001,刘丽梅,female,1593-01-01,1632-12-31,13,文,Rule-generated Stage7 member for 汉朝刘氏.,False
1002308,7001,刘伟明,male,1591-01-01,1638-12-31,13,文,Rule-generated Stage7 member for 汉朝刘氏.,False
1002309,7001,刘文慧,female,1589-01-01,1686-12-31,13,文,Rule-generated Stage7 member for 汉朝刘氏.,False
1002310,7001,刘文伟,male,1589-01-01,1654-12-31,13,文,Rule-generated Stage7 member for 汉朝刘氏.,False
1002311,7001,刘兰梅,female,1591-01-01,1666-12-31,13,文,Rule-generated Stage7 member for 汉朝刘氏.,False
1002312,7001,刘文宗,male,1591-01-01,1637-12-31,13,文,Rule-generated Stage7 member for 汉朝刘氏.,False
1002313,7001,刘敏兰,female,1592-01-01,1651-12-31,13,文,Rule-generated Stage7 member for 汉朝刘氏.,False
1002314,7001,刘伟,male,1590-01-01,1665-12-31,13,文,Rule-generated Stage7 member for 汉朝刘氏.,False
1002315,7001,刘兰宁,female,1591-01-01,1674-12-31,13,文,Rule-generated Stage7 member for 汉朝刘氏.,False
1002316,7001,刘文景,male,1589-01-01,1617-12-31,13,文,Rule-generated Stage7 member for 汉朝刘氏.,False
1002317,7001,刘文丽,female,1590-01-01,1647-12-31,13,文,Rule-generated Stage7 member for 汉朝刘氏.,False
1002318,7001,刘文景,male,1592-01-01,1660-12-31,13,文,Rule-generated Stage7 member for 汉朝刘氏.,False
1002319,7001,刘玉兰,female,1590-01-01,1626-12-31,13,文,Rule-generated Stage7 member for 汉朝刘氏.,False
1002320,7001,刘世强,male,1590-01-01,1647-12-31,13,文,Rule-generated Stage7 member for 汉朝刘氏.,False
1002321,7001,刘丽慧,female,1589-01-01,1655-12-31,13,文,Rule-generated Stage7 member for 汉朝刘氏.,False
1002322,7001,刘宗承,male,1590-01-01,1673-12-31,13,文,Rule-generated Stage7 member for 汉朝刘氏.,False
1002323,7001,刘华敏,female,1592-01-01,1645-12-31,13,文,Rule-generated Stage7 member for 汉朝刘氏.,False
1002324,7001,刘文国,male,1590-01-01,1616-12-31,13,文,Rule-generated Stage7 member for 汉朝刘氏.,False
1002325,7001,刘华,female,1587-01-01,1663-12-31,13,文,Rule-generated Stage7 member for 汉朝刘氏.,False
1002326,7001,刘文强,male,1587-01-01,1653-12-31,13,文,Rule-generated Stage7 member for 汉朝刘氏.,False
1002327,7001,刘文清,female,1593-01-01,1675-12-31,13,文,Rule-generated Stage7 member for 汉朝刘氏.,False
1002328,7001,刘宗文,male,1588-01-01,1649-12-31,13,文,Rule-generated Stage7 member for 汉朝刘氏.,False
1002329,7001,刘华,female,1588-01-01,1682-12-31,13,文,Rule-generated Stage7 member for 汉朝刘氏.,False
1002330,7001,刘丽,male,1589-01-01,1652-12-31,13,文,Rule-generated Stage7 member for 汉朝刘氏.,False
1002331,7001,刘文玉,female,1593-01-01,1666-12-31,13,文,Rule-generated Stage7 member for 汉朝刘氏.,False
1002332,7001,刘文宗,male,1592-01-01,1652-12-31,13,文,Rule-generated Stage7 member for 汉朝刘氏.,False
1002333,7001,刘文丽,female,1591-01-01,1636-12-31,13,文,Rule-generated Stage7 member for 汉朝刘氏.,False
1002334,7001,刘文世,male,1589-01-01,1652-12-31,13,文,Rule-generated Stage7 member for 汉朝刘氏.,False
1002335,7001,刘安兰,female,1593-01-01,1652-12-31,13,文,Rule-generated Stage7 member for 汉朝刘氏.,False
1002336,7001,刘国景,male,1593-01-01,1672-12-31,13,文,Rule-generated Stage7 member for 汉朝刘氏.,False
1002337,7001,刘文慧,female,1592-01-01,1640-12-31,13,文,Rule-generated Stage7 member for 汉朝刘氏.,False
1002338,7001,刘伟,male,1588-01-01,1661-12-31,13,文,Rule-generated Stage7 member for 汉朝刘氏.,False
1002339,7001,刘文玉,female,1592-01-01,1676-12-31,13,文,Rule-generated Stage7 member for 汉朝刘氏.,False
1002340,7001,刘文景,male,1587-01-01,1623-12-31,13,文,Rule-generated Stage7 member for 汉朝刘氏.,False
1002341,7001,刘敏兰,female,1588-01-01,1670-12-31,13,文,Rule-generated Stage7 member for 汉朝刘氏.,False
1002342,7001,刘文德,male,1593-01-01,1687-12-31,13,文,Rule-generated Stage7 member for 汉朝刘氏.,False
1002343,7001,刘华梅,female,1590-01-01,1660-12-31,13,文,Rule-generated Stage7 member for 汉朝刘氏.,False
1002344,7001,刘文伟,male,1587-01-01,1674-12-31,13,文,Rule-generated Stage7 member for 汉朝刘氏.,False
1002345,7001,刘兰兰,female,1591-01-01,1633-12-31,13,文,Rule-generated Stage7 member for 汉朝刘氏.,False
1002346,7001,刘强承,male,1588-01-01,1651-12-31,13,文,Rule-generated Stage7 member for 汉朝刘氏.,False
1002347,7001,刘安雅,female,1587-01-01,1637-12-31,13,文,Rule-generated Stage7 member for 汉朝刘氏.,False
1002348,7001,刘文安,male,1591-01-01,1649-12-31,13,文,Rule-generated Stage7 member for 汉朝刘氏.,False
1002349,7001,刘文梅,female,1589-01-01,1653-12-31,13,文,Rule-generated Stage7 member for 汉朝刘氏.,False
1002350,7001,刘文伟,male,1587-01-01,1649-12-31,13,文,Rule-generated Stage7 member for 汉朝刘氏.,False
1002351,7001,刘宁安,female,1587-01-01,1643-12-31,13,文,Rule-generated Stage7 member for 汉朝刘氏.,False
1002352,7001,刘文明,male,1588-01-01,1657-12-31,13,文,Rule-generated Stage7 member for 汉朝刘氏.,False
1002353,7001,刘文兰,female,1591-01-01,1655-12-31,13,文,Rule-generated Stage7 member for 汉朝刘氏.,False
1002354,7001,刘文宗,male,1588-01-01,1664-12-31,13,文,Rule-generated Stage7 member for 汉朝刘氏.,False
1002355,7001,刘雅清,female,1593-01-01,1685-12-31,13,文,Rule-generated Stage7 member for 汉朝刘氏.,False
1002356,7001,刘文景,male,1592-01-01,1685-12-31,13,文,Rule-generated Stage7 member for 汉朝刘氏.,False
1002357,7001,刘文玉,female,1590-01-01,1639-12-31,13,文,Rule-generated Stage7 member for 汉朝刘氏.,False
1002358,7001,刘丽,male,1591-01-01,1654-12-31,13,文,Rule-generated Stage7 member for 汉朝刘氏.,False
1002359,7001,刘文慧,female,1588-01-01,1652-12-31,13,文,Rule-generated Stage7 member for 汉朝刘氏.,False
1002360,7001,刘文明,male,1588-01-01,1654-12-31,13,文,Rule-generated Stage7 member for 汉朝刘氏.,False
1002361,7001,刘文兰,female,1590-01-01,1630-12-31,13,文,Rule-generated Stage7 member for 汉朝刘氏.,False
1002362,7001,刘文安,male,1593-01-01,1677-12-31,13,文,Rule-generated Stage7 member for 汉朝刘氏.,False
1002363,7001,刘文安,female,1587-01-01,1652-12-31,13,文,Rule-generated Stage7 member for 汉朝刘氏.,False
1002364,7001,刘文宗,male,1588-01-01,1659-12-31,13,文,Rule-generated Stage7 member for 汉朝刘氏.,False
1002365,7001,刘文华,female,1590-01-01,1651-12-31,13,文,Rule-generated Stage7 member for 汉朝刘氏.,False
1002366,7001,刘文承,male,1591-01-01,1688-12-31,13,文,Rule-generated Stage7 member for 汉朝刘氏.,False
1002367,7001,刘文慧,female,1592-01-01,1662-12-31,13,文,Rule-generated Stage7 member for 汉朝刘氏.,False
1002368,7001,刘明,male,1589-01-01,1652-12-31,13,文,Rule-generated Stage7 member for 汉朝刘氏.,False
1002369,7001,刘文清,female,1589-01-01,1642-12-31,13,文,Rule-generated Stage7 member for 汉朝刘氏.,False
1002370,7001,刘承安,male,1590-01-01,1665-12-31,13,文,Rule-generated Stage7 member for 汉朝刘氏.,False
1002371,7001,刘慧慧,female,1589-01-01,1680-12-31,13,文,Rule-generated Stage7 member for 汉朝刘氏.,False
1002372,7001,刘明安,male,1592-01-01,1643-12-31,13,文,Rule-generated Stage7 member for 汉朝刘氏.,False
1002373,7001,刘文丽,female,1591-01-01,1638-12-31,13,文,Rule-generated Stage7 member for 汉朝刘氏.,False
1002374,7001,刘文景,male,1590-01-01,1649-12-31,13,文,Rule-generated Stage7 member for 汉朝刘氏.,False
1002375,7001,刘文安,female,1591-01-01,1677-12-31,13,文,Rule-generated Stage7 member for 汉朝刘氏.,False
1002376,7001,刘文世,male,1589-01-01,1673-12-31,13,文,Rule-generated Stage7 member for 汉朝刘氏.,False
1002377,7001,刘文慧,female,1592-01-01,1639-12-31,13,文,Rule-generated Stage7 member for 汉朝刘氏.,False
1002378,7001,刘安明,male,1593-01-01,1657-12-31,13,文,Rule-generated Stage7 member for 汉朝刘氏.,False
1002379,7001,刘文兰,female,1589-01-01,1669-12-31,13,文,Rule-generated Stage7 member for 汉朝刘氏.,False
1002380,7001,刘强国,male,1591-01-01,1624-12-31,13,文,Rule-generated Stage7 member for 汉朝刘氏.,False
1002381,7001,刘文宁,female,1592-01-01,1618-12-31,13,文,Rule-generated Stage7 member for 汉朝刘氏.,False
1002382,7001,刘文世,male,1591-01-01,1661-12-31,13,文,Rule-generated Stage7 member for 汉朝刘氏.,False
1002383,7001,刘文雅,female,1589-01-01,1644-12-31,13,文,Rule-generated Stage7 member for 汉朝刘氏.,False
1002384,7001,刘文成,male,1593-01-01,1657-12-31,13,文,Rule-generated Stage7 member for 汉朝刘氏.,False
1002385,7001,刘敏,female,1591-01-01,1626-12-31,13,文,Rule-generated Stage7 member for 汉朝刘氏.,False
1002386,7001,刘文国,male,1592-01-01,1669-12-31,13,文,Rule-generated Stage7 member for 汉朝刘氏.,False
1002387,7001,刘兰华,female,1592-01-01,1682-12-31,13,文,Rule-generated Stage7 member for 汉朝刘氏.,False
1002388,7001,刘文景,male,1590-01-01,1650-12-31,13,文,Rule-generated Stage7 member for 汉朝刘氏.,False
1002389,7001,刘玉玉,female,1588-01-01,1637-12-31,13,文,Rule-generated Stage7 member for 汉朝刘氏.,False
1002390,7001,刘华,male,1588-01-01,1630-12-31,13,文,Rule-generated Stage7 member for 汉朝刘氏.,False
1002391,7001,刘文慧,female,1589-01-01,1634-12-31,13,文,Rule-generated Stage7 member for 汉朝刘氏.,False
1002392,7001,刘文强,male,1592-01-01,1670-12-31,13,文,Rule-generated Stage7 member for 汉朝刘氏.,False
1002393,7001,刘强,female,1592-01-01,1648-12-31,13,文,Rule-generated Stage7 member for 汉朝刘氏.,False
1002394,7001,刘文宗,male,1592-01-01,1638-12-31,13,文,Rule-generated Stage7 member for 汉朝刘氏.,False
1002395,7001,刘敏雅,female,1587-01-01,1651-12-31,13,文,Rule-generated Stage7 member for 汉朝刘氏.,False
1002396,7001,刘文成,male,1587-01-01,1613-12-31,13,文,Rule-generated Stage7 member for 汉朝刘氏.,False
1002397,7001,刘慧清,female,1591-01-01,1650-12-31,13,文,Rule-generated Stage7 member for 汉朝刘氏.,False
1002398,7001,刘强世,male,1593-01-01,1660-12-31,13,文,Rule-generated Stage7 member for 汉朝刘氏.,False
1002399,7001,刘敏,female,1588-01-01,1670-12-31,13,文,Rule-generated Stage7 member for 汉朝刘氏.,False
1002400,7001,刘文宗,male,1588-01-01,1630-12-31,13,文,Rule-generated Stage7 member for 汉朝刘氏.,False
1002401,7001,刘文安,female,1589-01-01,1665-12-31,13,文,Rule-generated Stage7 member for 汉朝刘氏.,False
1002402,7001,刘华,male,1588-01-01,1628-12-31,13,文,Rule-generated Stage7 member for 汉朝刘氏.,False
1002403,7001,刘伟,female,1589-01-01,1641-12-31,13,文,Rule-generated Stage7 member for 汉朝刘氏.,False
1002404,7001,刘明承,male,1593-01-01,1650-12-31,13,文,Rule-generated Stage7 member for 汉朝刘氏.,False
1002405,7001,刘文梅,female,1590-01-01,1657-12-31,13,文,Rule-generated Stage7 member for 汉朝刘氏.,False
1002406,7001,刘明成,male,1588-01-01,1643-12-31,13,文,Rule-generated Stage7 member for 汉朝刘氏.,False
1002407,7001,刘文慧,female,1592-01-01,1654-12-31,13,文,Rule-generated Stage7 member for 汉朝刘氏.,False
1002408,7001,刘文伟,male,1592-01-01,1646-12-31,13,文,Rule-generated Stage7 member for 汉朝刘氏.,False
1002409,7001,刘文雅,female,1587-01-01,1659-12-31,13,文,Rule-generated Stage7 member for 汉朝刘氏.,False
1002410,7001,刘文国,male,1593-01-01,1661-12-31,13,文,Rule-generated Stage7 member for 汉朝刘氏.,False
1002411,7001,刘文安,female,1593-01-01,1687-12-31,13,文,Rule-generated Stage7 member for 汉朝刘氏.,False
1002412,7001,刘文明,male,1593-01-01,1663-12-31,13,文,Rule-generated Stage7 member for 汉朝刘氏.,False
1002413,7001,刘丽,female,1593-01-01,1679-12-31,13,文,Rule-generated Stage7 member for 汉朝刘氏.,False
1002414,7001,刘文承,male,1587-01-01,1685-12-31,13,文,Rule-generated Stage7 member for 汉朝刘氏.,False
1002415,7001,刘伟,female,1590-01-01,1632-12-31,13,文,Rule-generated Stage7 member for 汉朝刘氏.,False
1002416,7001,刘文国,male,1592-01-01,1644-12-31,13,文,Rule-generated Stage7 member for 汉朝刘氏.,False
1002417,7001,刘梅兰,female,1588-01-01,1679-12-31,13,文,Rule-generated Stage7 member for 汉朝刘氏.,False
1002418,7001,刘强德,male,1588-01-01,1650-12-31,13,文,Rule-generated Stage7 member for 汉朝刘氏.,False
1002419,7001,刘宁兰,female,1590-01-01,1645-12-31,13,文,Rule-generated Stage7 member for 汉朝刘氏.,False
1002420,7001,刘文国,male,1592-01-01,1673-12-31,13,文,Rule-generated Stage7 member for 汉朝刘氏.,False
1002421,7001,刘文雅,female,1592-01-01,1640-12-31,13,文,Rule-generated Stage7 member for 汉朝刘氏.,False
1002422,7001,刘文明,male,1588-01-01,1655-12-31,13,文,Rule-generated Stage7 member for 汉朝刘氏.,False
1002423,7001,刘文敏,female,1593-01-01,1683-12-31,13,文,Rule-generated Stage7 member for 汉朝刘氏.,False
1002424,7001,刘文强,male,1587-01-01,1643-12-31,13,文,Rule-generated Stage7 member for 汉朝刘氏.,False
1002425,7001,刘文清,female,1590-01-01,1694-12-31,13,文,Rule-generated Stage7 member for 汉朝刘氏.,False
1002426,7001,刘文明,male,1589-01-01,1658-12-31,13,文,Rule-generated Stage7 member for 汉朝刘氏.,False
1002427,7001,刘文玉,female,1593-01-01,1683-12-31,13,文,Rule-generated Stage7 member for 汉朝刘氏.,False
1002428,7001,刘文伟,male,1593-01-01,1660-12-31,13,文,Rule-generated Stage7 member for 汉朝刘氏.,False
1002429,7001,刘丽慧,female,1589-01-01,1621-12-31,13,文,Rule-generated Stage7 member for 汉朝刘氏.,False
1002430,7001,刘文国,male,1592-01-01,1663-12-31,13,文,Rule-generated Stage7 member for 汉朝刘氏.,False
1002431,7001,刘文玉,female,1589-01-01,1668-12-31,13,文,Rule-generated Stage7 member for 汉朝刘氏.,False
1002432,7001,刘伟,male,1589-01-01,1649-12-31,13,文,Rule-generated Stage7 member for 汉朝刘氏.,False
1002433,7001,刘文安,female,1590-01-01,1663-12-31,13,文,Rule-generated Stage7 member for 汉朝刘氏.,False
1002434,7001,刘文伟,male,1590-01-01,1679-12-31,13,文,Rule-generated Stage7 member for 汉朝刘氏.,False
1002435,7001,刘华兰,female,1590-01-01,1656-12-31,13,文,Rule-generated Stage7 member for 汉朝刘氏.,False
1002436,7001,刘文德,male,1589-01-01,1676-12-31,13,文,Rule-generated Stage7 member for 汉朝刘氏.,False
1002437,7001,刘文兰,female,1588-01-01,1659-12-31,13,文,Rule-generated Stage7 member for 汉朝刘氏.,False
1002438,7001,刘文强,male,1589-01-01,1652-12-31,13,文,Rule-generated Stage7 member for 汉朝刘氏.,False
1002439,7001,刘文敏,female,1587-01-01,1660-12-31,13,文,Rule-generated Stage7 member for 汉朝刘氏.,False
1002440,7001,刘承安,male,1592-01-01,1642-12-31,13,文,Rule-generated Stage7 member for 汉朝刘氏.,False
1002441,7001,刘华兰,female,1588-01-01,1664-12-31,13,文,Rule-generated Stage7 member for 汉朝刘氏.,False
1002442,7001,刘文文,male,1593-01-01,1653-12-31,13,文,Rule-generated Stage7 member for 汉朝刘氏.,False
1002443,7001,刘雅清,female,1590-01-01,1670-12-31,13,文,Rule-generated Stage7 member for 汉朝刘氏.,False
1002444,7001,刘文承,male,1590-01-01,1681-12-31,13,文,Rule-generated Stage7 member for 汉朝刘氏.,False
1002445,7001,刘文慧,female,1592-01-01,1617-12-31,13,文,Rule-generated Stage7 member for 汉朝刘氏.,False
1002446,7001,刘文强,male,1587-01-01,1633-12-31,13,文,Rule-generated Stage7 member for 汉朝刘氏.,False
1002447,7001,刘文慧,female,1593-01-01,1677-12-31,13,文,Rule-generated Stage7 member for 汉朝刘氏.,False
1002448,7001,刘明,male,1590-01-01,1682-12-31,13,文,Rule-generated Stage7 member for 汉朝刘氏.,False
1002449,7001,刘文清,female,1590-01-01,1652-12-31,13,文,Rule-generated Stage7 member for 汉朝刘氏.,False
1002450,7001,刘伟,male,1592-01-01,1649-12-31,13,文,Rule-generated Stage7 member for 汉朝刘氏.,False
1002451,7001,刘安雅,female,1590-01-01,1671-12-31,13,文,Rule-generated Stage7 member for 汉朝刘氏.,False
1002452,7001,刘文安,male,1588-01-01,1680-12-31,13,文,Rule-generated Stage7 member for 汉朝刘氏.,False
1002453,7001,刘文清,female,1590-01-01,1666-12-31,13,文,Rule-generated Stage7 member for 汉朝刘氏.,False
1002454,7001,刘文强,male,1587-01-01,1663-12-31,13,文,Rule-generated Stage7 member for 汉朝刘氏.,False
1002455,7001,刘文兰,female,1587-01-01,1671-12-31,13,文,Rule-generated Stage7 member for 汉朝刘氏.,False
1002456,7001,刘强,male,1593-01-01,1653-12-31,13,文,Rule-generated Stage7 member for 汉朝刘氏.,False
1002457,7001,刘文宁,female,1588-01-01,1661-12-31,13,文,Rule-generated Stage7 member for 汉朝刘氏.,False
1002458,7001,刘文国,male,1589-01-01,1654-12-31,13,文,Rule-generated Stage7 member for 汉朝刘氏.,False
1002459,7001,刘文清,female,1591-01-01,1658-12-31,13,文,Rule-generated Stage7 member for 汉朝刘氏.,False
1002460,7001,刘文安,male,1592-01-01,1661-12-31,13,文,Rule-generated Stage7 member for 汉朝刘氏.,False
1002461,7001,刘丽玉,female,1593-01-01,1672-12-31,13,文,Rule-generated Stage7 member for 汉朝刘氏.,False
1002462,7001,刘文明,male,1592-01-01,1652-12-31,13,文,Rule-generated Stage7 member for 汉朝刘氏.,False
1002463,7001,刘文敏,female,1592-01-01,1651-12-31,13,文,Rule-generated Stage7 member for 汉朝刘氏.,False
1002464,7001,刘文宗,male,1587-01-01,1646-12-31,13,文,Rule-generated Stage7 member for 汉朝刘氏.,False
1002465,7001,刘文华,female,1592-01-01,1660-12-31,13,文,Rule-generated Stage7 member for 汉朝刘氏.,False
1002466,7001,刘文国,male,1589-01-01,1667-12-31,13,文,Rule-generated Stage7 member for 汉朝刘氏.,False
1002467,7001,刘强,female,1592-01-01,1631-12-31,13,文,Rule-generated Stage7 member for 汉朝刘氏.,False
1002468,7001,刘强宗,male,1593-01-01,1638-12-31,13,文,Rule-generated Stage7 member for 汉朝刘氏.,False
1002469,7001,刘文芳,female,1593-01-01,1651-12-31,13,文,Rule-generated Stage7 member for 汉朝刘氏.,False
1002470,7001,刘文宗,male,1589-01-01,1640-12-31,13,文,Rule-generated Stage7 member for 汉朝刘氏.,False
1002471,7001,刘文梅,female,1587-01-01,1635-12-31,13,文,Rule-generated Stage7 member for 汉朝刘氏.,False
1002472,7001,刘伟,male,1591-01-01,1674-12-31,13,文,Rule-generated Stage7 member for 汉朝刘氏.,False
1002473,7001,刘文雅,female,1593-01-01,1670-12-31,13,文,Rule-generated Stage7 member for 汉朝刘氏.,False
1002474,7001,刘德景,male,1590-01-01,1628-12-31,13,文,Rule-generated Stage7 member for 汉朝刘氏.,False
1002475,7001,刘文宁,female,1589-01-01,1667-12-31,13,文,Rule-generated Stage7 member for 汉朝刘氏.,False
1002476,7001,刘文明,male,1588-01-01,1656-12-31,13,文,Rule-generated Stage7 member for 汉朝刘氏.,False
1002477,7001,刘文安,female,1591-01-01,1656-12-31,13,文,Rule-generated Stage7 member for 汉朝刘氏.,False
1002478,7001,刘承世,male,1592-01-01,1643-12-31,13,文,Rule-generated Stage7 member for 汉朝刘氏.,False
1002479,7001,刘玉华,female,1590-01-01,1626-12-31,13,文,Rule-generated Stage7 member for 汉朝刘氏.,False
1002480,7001,刘文安,male,1589-01-01,1656-12-31,13,文,Rule-generated Stage7 member for 汉朝刘氏.,False
1002481,7001,刘清敏,female,1588-01-01,1629-12-31,13,文,Rule-generated Stage7 member for 汉朝刘氏.,False
1002482,7001,刘伟,male,1592-01-01,1635-12-31,13,文,Rule-generated Stage7 member for 汉朝刘氏.,False
1002483,7001,刘文华,female,1590-01-01,1648-12-31,13,文,Rule-generated Stage7 member for 汉朝刘氏.,False
1002484,7001,刘强安,male,1593-01-01,1632-12-31,13,文,Rule-generated Stage7 member for 汉朝刘氏.,False
1002485,7001,刘文雅,female,1591-01-01,1655-12-31,13,文,Rule-generated Stage7 member for 汉朝刘氏.,False
1002486,7001,刘文景,male,1591-01-01,1671-12-31,13,文,Rule-generated Stage7 member for 汉朝刘氏.,False
1002487,7001,刘文玉,female,1590-01-01,1670-12-31,13,文,Rule-generated Stage7 member for 汉朝刘氏.,False
1002488,7001,刘文文,male,1593-01-01,1641-12-31,13,文,Rule-generated Stage7 member for 汉朝刘氏.,False
1002489,7001,刘慧安,female,1592-01-01,1668-12-31,13,文,Rule-generated Stage7 member for 汉朝刘氏.,False
1002490,7001,刘世国,male,1591-01-01,1643-12-31,13,文,Rule-generated Stage7 member for 汉朝刘氏.,False
1002491,7001,刘芳兰,female,1592-01-01,1659-12-31,13,文,Rule-generated Stage7 member for 汉朝刘氏.,False
1002492,7001,刘文强,male,1589-01-01,1642-12-31,13,文,Rule-generated Stage7 member for 汉朝刘氏.,False
1002493,7001,刘华丽,female,1593-01-01,1623-12-31,13,文,Rule-generated Stage7 member for 汉朝刘氏.,False
1002494,7001,刘成安,male,1593-01-01,1684-12-31,13,文,Rule-generated Stage7 member for 汉朝刘氏.,False
1002495,7001,刘文芳,female,1589-01-01,1649-12-31,13,文,Rule-generated Stage7 member for 汉朝刘氏.,False
1002496,7001,刘国明,male,1591-01-01,1661-12-31,13,文,Rule-generated Stage7 member for 汉朝刘氏.,False
1002497,7001,刘伟,female,1589-01-01,1667-12-31,13,文,Rule-generated Stage7 member for 汉朝刘氏.,False
1002498,7001,刘文承,male,1588-01-01,1657-12-31,13,文,Rule-generated Stage7 member for 汉朝刘氏.,False
1002499,7001,刘文清,female,1589-01-01,1679-12-31,13,文,Rule-generated Stage7 member for 汉朝刘氏.,False
1002500,7001,刘德明,male,1593-01-01,1690-12-31,13,文,Rule-generated Stage7 member for 汉朝刘氏.,False
1002501,7001,刘文兰,female,1592-01-01,1660-12-31,13,文,Rule-generated Stage7 member for 汉朝刘氏.,False
1002502,7001,刘文文,male,1592-01-01,1669-12-31,13,文,Rule-generated Stage7 member for 汉朝刘氏.,False
1002503,7001,刘文雅,female,1590-01-01,1684-12-31,13,文,Rule-generated Stage7 member for 汉朝刘氏.,False
1002504,7001,刘文世,male,1589-01-01,1634-12-31,13,文,Rule-generated Stage7 member for 汉朝刘氏.,False
1002505,7001,刘敏慧,female,1591-01-01,1632-12-31,13,文,Rule-generated Stage7 member for 汉朝刘氏.,False
1002506,7001,刘文国,male,1592-01-01,1683-12-31,13,文,Rule-generated Stage7 member for 汉朝刘氏.,False
1002507,7001,刘文安,female,1588-01-01,1658-12-31,13,文,Rule-generated Stage7 member for 汉朝刘氏.,False
1002508,7001,刘文国,male,1588-01-01,1648-12-31,13,文,Rule-generated Stage7 member for 汉朝刘氏.,False
1002509,7001,刘文梅,female,1590-01-01,1668-12-31,13,文,Rule-generated Stage7 member for 汉朝刘氏.,False
1002510,7001,刘强,male,1588-01-01,1656-12-31,13,文,Rule-generated Stage7 member for 汉朝刘氏.,False
1002511,7001,刘文安,female,1590-01-01,1681-12-31,13,文,Rule-generated Stage7 member for 汉朝刘氏.,False
1002512,7001,刘伟,male,1588-01-01,1650-12-31,13,文,Rule-generated Stage7 member for 汉朝刘氏.,False
1002513,7001,刘兰芳,female,1587-01-01,1632-12-31,13,文,Rule-generated Stage7 member for 汉朝刘氏.,False
1002514,7001,刘文明,male,1591-01-01,1653-12-31,13,文,Rule-generated Stage7 member for 汉朝刘氏.,False
1002515,7001,刘文芳,female,1588-01-01,1671-12-31,13,文,Rule-generated Stage7 member for 汉朝刘氏.,False
1002516,7001,刘文伟,male,1589-01-01,1658-12-31,13,文,Rule-generated Stage7 member for 汉朝刘氏.,False
1002517,7001,刘文清,female,1593-01-01,1653-12-31,13,文,Rule-generated Stage7 member for 汉朝刘氏.,False
1002518,7001,刘丽,male,1593-01-01,1636-12-31,13,文,Rule-generated Stage7 member for 汉朝刘氏.,False
1002519,7001,刘文丽,female,1588-01-01,1666-12-31,13,文,Rule-generated Stage7 member for 汉朝刘氏.,False
1002520,7001,刘敏,male,1590-01-01,1648-12-31,13,文,Rule-generated Stage7 member for 汉朝刘氏.,False
1002521,7001,刘明,female,1587-01-01,1671-12-31,13,文,Rule-generated Stage7 member for 汉朝刘氏.,False
1002522,7001,刘国成,male,1593-01-01,1676-12-31,13,文,Rule-generated Stage7 member for 汉朝刘氏.,False
1002523,7001,刘文兰,female,1588-01-01,1621-12-31,13,文,Rule-generated Stage7 member for 汉朝刘氏.,False
1002524,7001,刘文世,male,1589-01-01,1611-12-31,13,文,Rule-generated Stage7 member for 汉朝刘氏.,False
1002525,7001,刘文宁,female,1588-01-01,1644-12-31,13,文,Rule-generated Stage7 member for 汉朝刘氏.,False
1002526,7001,刘文承,male,1587-01-01,1658-12-31,13,文,Rule-generated Stage7 member for 汉朝刘氏.,False
1002527,7001,刘兰玉,female,1590-01-01,1646-12-31,13,文,Rule-generated Stage7 member for 汉朝刘氏.,False
1002528,7001,刘文文,male,1591-01-01,1674-12-31,13,文,Rule-generated Stage7 member for 汉朝刘氏.,False
1002529,7001,刘伟,female,1593-01-01,1665-12-31,13,文,Rule-generated Stage7 member for 汉朝刘氏.,False
1002530,7001,刘文德,male,1588-01-01,1662-12-31,13,文,Rule-generated Stage7 member for 汉朝刘氏.,False
1002531,7001,刘敏敏,female,1591-01-01,1638-12-31,13,文,Rule-generated Stage7 member for 汉朝刘氏.,False
1002532,7001,刘文成,male,1592-01-01,1636-12-31,13,文,Rule-generated Stage7 member for 汉朝刘氏.,False
1002533,7001,刘华,female,1588-01-01,1649-12-31,13,文,Rule-generated Stage7 member for 汉朝刘氏.,False
1002534,7001,刘文国,male,1588-01-01,1681-12-31,13,文,Rule-generated Stage7 member for 汉朝刘氏.,False
1002535,7001,刘文雅,female,1591-01-01,1668-12-31,13,文,Rule-generated Stage7 member for 汉朝刘氏.,False
1002536,7001,刘文文,male,1591-01-01,1670-12-31,13,文,Rule-generated Stage7 member for 汉朝刘氏.,False
1002537,7001,刘文慧,female,1590-01-01,1630-12-31,13,文,Rule-generated Stage7 member for 汉朝刘氏.,False
1002538,7001,刘文文,male,1588-01-01,1674-12-31,13,文,Rule-generated Stage7 member for 汉朝刘氏.,False
1002539,7001,刘文宁,female,1592-01-01,1666-12-31,13,文,Rule-generated Stage7 member for 汉朝刘氏.,False
1002540,7001,刘文安,male,1591-01-01,1660-12-31,13,文,Rule-generated Stage7 member for 汉朝刘氏.,False
1002541,7001,刘文清,female,1588-01-01,1612-12-31,13,文,Rule-generated Stage7 member for 汉朝刘氏.,False
1002542,7001,刘文强,male,1587-01-01,1646-12-31,13,文,Rule-generated Stage7 member for 汉朝刘氏.,False
1002543,7001,刘文雅,female,1593-01-01,1646-12-31,13,文,Rule-generated Stage7 member for 汉朝刘氏.,False
1002544,7001,刘敏,male,1589-01-01,1657-12-31,13,文,Rule-generated Stage7 member for 汉朝刘氏.,False
1002545,7001,刘文清,female,1593-01-01,1664-12-31,13,文,Rule-generated Stage7 member for 汉朝刘氏.,False
1002546,7001,刘文成,male,1590-01-01,1624-12-31,13,文,Rule-generated Stage7 member for 汉朝刘氏.,False
1002547,7001,刘慧梅,female,1590-01-01,1641-12-31,13,文,Rule-generated Stage7 member for 汉朝刘氏.,False
1002548,7001,刘明,male,1591-01-01,1640-12-31,13,文,Rule-generated Stage7 member for 汉朝刘氏.,False
1002549,7001,刘慧华,female,1587-01-01,1629-12-31,13,文,Rule-generated Stage7 member for 汉朝刘氏.,False
1002550,7001,刘明,male,1587-01-01,1643-12-31,13,文,Rule-generated Stage7 member for 汉朝刘氏.,False
1002551,7001,刘华慧,female,1587-01-01,1675-12-31,13,文,Rule-generated Stage7 member for 汉朝刘氏.,False
1002552,7001,刘明,male,1587-01-01,1633-12-31,13,文,Rule-generated Stage7 member for 汉朝刘氏.,False
1002553,7001,刘文慧,female,1592-01-01,1647-12-31,13,文,Rule-generated Stage7 member for 汉朝刘氏.,False
1002554,7001,刘世德,male,1592-01-01,1673-12-31,13,文,Rule-generated Stage7 member for 汉朝刘氏.,False
1002555,7001,刘玉慧,female,1588-01-01,1668-12-31,13,文,Rule-generated Stage7 member for 汉朝刘氏.,False
1002556,7001,刘伟国,male,1593-01-01,1692-12-31,13,文,Rule-generated Stage7 member for 汉朝刘氏.,False
1002557,7001,刘明,female,1591-01-01,1635-12-31,13,文,Rule-generated Stage7 member for 汉朝刘氏.,False
1002558,7001,刘成成,male,1590-01-01,1656-12-31,13,文,Rule-generated Stage7 member for 汉朝刘氏.,False
1002559,7001,刘华丽,female,1588-01-01,1673-12-31,13,文,Rule-generated Stage7 member for 汉朝刘氏.,False
1002560,7001,刘文强,male,1592-01-01,1665-12-31,13,文,Rule-generated Stage7 member for 汉朝刘氏.,False
1002561,7001,刘敏,female,1590-01-01,1678-12-31,13,文,Rule-generated Stage7 member for 汉朝刘氏.,False
1002562,7001,刘承德,male,1593-01-01,1635-12-31,13,文,Rule-generated Stage7 member for 汉朝刘氏.,False
1002563,7001,刘宁清,female,1587-01-01,1690-12-31,13,文,Rule-generated Stage7 member for 汉朝刘氏.,False
1002564,7001,刘文成,male,1589-01-01,1637-12-31,13,文,Rule-generated Stage7 member for 汉朝刘氏.,False
1002565,7001,刘文丽,female,1593-01-01,1695-12-31,13,文,Rule-generated Stage7 member for 汉朝刘氏.,False
1002566,7001,刘文宗,male,1592-01-01,1658-12-31,13,文,Rule-generated Stage7 member for 汉朝刘氏.,False
1002567,7001,刘文安,female,1587-01-01,1635-12-31,13,文,Rule-generated Stage7 member for 汉朝刘氏.,False
1002568,7001,刘文成,male,1592-01-01,1647-12-31,13,文,Rule-generated Stage7 member for 汉朝刘氏.,False
1002569,7001,刘雅丽,female,1592-01-01,1655-12-31,13,文,Rule-generated Stage7 member for 汉朝刘氏.,False
1002570,7001,刘文世,male,1589-01-01,1670-12-31,13,文,Rule-generated Stage7 member for 汉朝刘氏.,False
1002571,7001,刘文敏,female,1589-01-01,1691-12-31,13,文,Rule-generated Stage7 member for 汉朝刘氏.,False
1002572,7001,刘文国,male,1589-01-01,1624-12-31,13,文,Rule-generated Stage7 member for 汉朝刘氏.,False
1002573,7001,刘文清,female,1589-01-01,1638-12-31,13,文,Rule-generated Stage7 member for 汉朝刘氏.,False
1002574,7001,刘伟成,male,1589-01-01,1627-12-31,13,文,Rule-generated Stage7 member for 汉朝刘氏.,False
1002575,7001,刘明,female,1587-01-01,1664-12-31,13,文,Rule-generated Stage7 member for 汉朝刘氏.,False
1002576,7001,刘文景,male,1593-01-01,1661-12-31,13,文,Rule-generated Stage7 member for 汉朝刘氏.,False
1002577,7001,刘文兰,female,1589-01-01,1657-12-31,13,文,Rule-generated Stage7 member for 汉朝刘氏.,False
1002578,7001,刘文明,male,1590-01-01,1651-12-31,13,文,Rule-generated Stage7 member for 汉朝刘氏.,False
1002579,7001,刘文梅,female,1592-01-01,1660-12-31,13,文,Rule-generated Stage7 member for 汉朝刘氏.,False
1002580,7001,刘文德,male,1592-01-01,1648-12-31,13,文,Rule-generated Stage7 member for 汉朝刘氏.,False
1002581,7001,刘清慧,female,1591-01-01,1668-12-31,13,文,Rule-generated Stage7 member for 汉朝刘氏.,False
1002582,7001,刘文宗,male,1587-01-01,1627-12-31,13,文,Rule-generated Stage7 member for 汉朝刘氏.,False
1002583,7001,刘文芳,female,1592-01-01,1616-12-31,13,文,Rule-generated Stage7 member for 汉朝刘氏.,False
1002584,7001,刘文明,male,1589-01-01,1661-12-31,13,文,Rule-generated Stage7 member for 汉朝刘氏.,False
1002585,7001,刘文芳,female,1589-01-01,1684-12-31,13,文,Rule-generated Stage7 member for 汉朝刘氏.,False
1002586,7001,刘文文,male,1591-01-01,1694-12-31,13,文,Rule-generated Stage7 member for 汉朝刘氏.,False
1002587,7001,刘宁丽,female,1593-01-01,1688-12-31,13,文,Rule-generated Stage7 member for 汉朝刘氏.,False
1002588,7001,刘文安,male,1592-01-01,1666-12-31,13,文,Rule-generated Stage7 member for 汉朝刘氏.,False
1002589,7001,刘明,female,1592-01-01,1653-12-31,13,文,Rule-generated Stage7 member for 汉朝刘氏.,False
1002590,7001,刘华,male,1592-01-01,1680-12-31,13,文,Rule-generated Stage7 member for 汉朝刘氏.,False
1002591,7001,刘丽,female,1590-01-01,1633-12-31,13,文,Rule-generated Stage7 member for 汉朝刘氏.,False
1002592,7001,刘强,male,1589-01-01,1637-12-31,13,文,Rule-generated Stage7 member for 汉朝刘氏.,False
1002593,7001,刘文慧,female,1593-01-01,1626-12-31,13,文,Rule-generated Stage7 member for 汉朝刘氏.,False
1002594,7001,刘明,male,1589-01-01,1653-12-31,13,文,Rule-generated Stage7 member for 汉朝刘氏.,False
1002595,7001,刘华梅,female,1590-01-01,1683-12-31,13,文,Rule-generated Stage7 member for 汉朝刘氏.,False
1002596,7001,刘文德,male,1587-01-01,1646-12-31,13,文,Rule-generated Stage7 member for 汉朝刘氏.,False
1002597,7001,刘文清,female,1591-01-01,1624-12-31,13,文,Rule-generated Stage7 member for 汉朝刘氏.,False
1002598,7001,刘德强,male,1587-01-01,1661-12-31,13,文,Rule-generated Stage7 member for 汉朝刘氏.,False
1002599,7001,刘玉宁,female,1592-01-01,1652-12-31,13,文,Rule-generated Stage7 member for 汉朝刘氏.,False
1002600,7001,刘敏,male,1593-01-01,1643-12-31,13,文,Rule-generated Stage7 member for 汉朝刘氏.,False
1002601,7001,刘文华,female,1589-01-01,1669-12-31,13,文,Rule-generated Stage7 member for 汉朝刘氏.,False
1002602,7001,刘文国,male,1590-01-01,1658-12-31,13,文,Rule-generated Stage7 member for 汉朝刘氏.,False
1002603,7001,刘文宁,female,1589-01-01,1661-12-31,13,文,Rule-generated Stage7 member for 汉朝刘氏.,False
1002604,7001,刘文国,male,1589-01-01,1634-12-31,13,文,Rule-generated Stage7 member for 汉朝刘氏.,False
1002605,7001,刘文安,female,1590-01-01,1663-12-31,13,文,Rule-generated Stage7 member for 汉朝刘氏.,False
1002606,7001,刘世成,male,1592-01-01,1646-12-31,13,文,Rule-generated Stage7 member for 汉朝刘氏.,False
1002607,7001,刘安清,female,1587-01-01,1613-12-31,13,文,Rule-generated Stage7 member for 汉朝刘氏.,False
1002608,7001,刘文承,male,1593-01-01,1657-12-31,13,文,Rule-generated Stage7 member for 汉朝刘氏.,False
1002609,7001,刘文华,female,1587-01-01,1635-12-31,13,文,Rule-generated Stage7 member for 汉朝刘氏.,False
1002610,7001,刘敏,male,1591-01-01,1645-12-31,13,文,Rule-generated Stage7 member for 汉朝刘氏.,False
1002611,7001,刘华雅,female,1587-01-01,1655-12-31,13,文,Rule-generated Stage7 member for 汉朝刘氏.,False
1002612,7001,刘文文,male,1591-01-01,1677-12-31,13,文,Rule-generated Stage7 member for 汉朝刘氏.,False
1002613,7001,刘玉芳,female,1587-01-01,1669-12-31,13,文,Rule-generated Stage7 member for 汉朝刘氏.,False
1002614,7001,刘文伟,male,1588-01-01,1688-12-31,13,文,Rule-generated Stage7 member for 汉朝刘氏.,False
1002615,7001,刘丽雅,female,1592-01-01,1690-12-31,13,文,Rule-generated Stage7 member for 汉朝刘氏.,False
1002616,7001,刘文明,male,1587-01-01,1647-12-31,13,文,Rule-generated Stage7 member for 汉朝刘氏.,False
1002617,7001,刘宁雅,female,1589-01-01,1672-12-31,13,文,Rule-generated Stage7 member for 汉朝刘氏.,False
1002618,7001,刘文成,male,1587-01-01,1639-12-31,13,文,Rule-generated Stage7 member for 汉朝刘氏.,False
1002619,7001,刘文兰,female,1587-01-01,1647-12-31,13,文,Rule-generated Stage7 member for 汉朝刘氏.,False
1002620,7001,刘强,male,1588-01-01,1685-12-31,13,文,Rule-generated Stage7 member for 汉朝刘氏.,False
1002621,7001,刘敏兰,female,1589-01-01,1642-12-31,13,文,Rule-generated Stage7 member for 汉朝刘氏.,False
1002622,7001,刘华,male,1587-01-01,1616-12-31,13,文,Rule-generated Stage7 member for 汉朝刘氏.,False
1002623,7001,刘文玉,female,1588-01-01,1647-12-31,13,文,Rule-generated Stage7 member for 汉朝刘氏.,False
1002624,7001,刘安伟,male,1589-01-01,1614-12-31,13,文,Rule-generated Stage7 member for 汉朝刘氏.,False
1002625,7001,刘雅慧,female,1587-01-01,1645-12-31,13,文,Rule-generated Stage7 member for 汉朝刘氏.,False
1002626,7001,刘世宗,male,1591-01-01,1663-12-31,13,文,Rule-generated Stage7 member for 汉朝刘氏.,False
1002627,7001,刘兰芳,female,1590-01-01,1684-12-31,13,文,Rule-generated Stage7 member for 汉朝刘氏.,False
1002628,7001,刘文景,male,1591-01-01,1654-12-31,13,文,Rule-generated Stage7 member for 汉朝刘氏.,False
1002629,7001,刘安华,female,1592-01-01,1626-12-31,13,文,Rule-generated Stage7 member for 汉朝刘氏.,False
1002630,7001,刘文成,male,1592-01-01,1627-12-31,13,文,Rule-generated Stage7 member for 汉朝刘氏.,False
1002631,7001,刘芳雅,female,1588-01-01,1675-12-31,13,文,Rule-generated Stage7 member for 汉朝刘氏.,False
1002632,7001,刘敏,male,1592-01-01,1632-12-31,13,文,Rule-generated Stage7 member for 汉朝刘氏.,False
1002633,7001,刘梅华,female,1589-01-01,1647-12-31,13,文,Rule-generated Stage7 member for 汉朝刘氏.,False
1002634,7001,刘文德,male,1590-01-01,1651-12-31,13,文,Rule-generated Stage7 member for 汉朝刘氏.,False
1002635,7001,刘丽丽,female,1587-01-01,1617-12-31,13,文,Rule-generated Stage7 member for 汉朝刘氏.,False
1002636,7001,刘安国,male,1592-01-01,1647-12-31,13,文,Rule-generated Stage7 member for 汉朝刘氏.,False
1002637,7001,刘文丽,female,1592-01-01,1670-12-31,13,文,Rule-generated Stage7 member for 汉朝刘氏.,False
1002638,7001,刘文成,male,1588-01-01,1627-12-31,13,文,Rule-generated Stage7 member for 汉朝刘氏.,False
1002639,7001,刘文玉,female,1593-01-01,1659-12-31,13,文,Rule-generated Stage7 member for 汉朝刘氏.,False
1002640,7001,刘文安,male,1590-01-01,1646-12-31,13,文,Rule-generated Stage7 member for 汉朝刘氏.,False
1002641,7001,刘华玉,female,1589-01-01,1671-12-31,13,文,Rule-generated Stage7 member for 汉朝刘氏.,False
1002642,7001,刘文强,male,1588-01-01,1655-12-31,13,文,Rule-generated Stage7 member for 汉朝刘氏.,False
1002643,7001,刘芳华,female,1588-01-01,1656-12-31,13,文,Rule-generated Stage7 member for 汉朝刘氏.,False
1002644,7001,刘文成,male,1592-01-01,1618-12-31,13,文,Rule-generated Stage7 member for 汉朝刘氏.,False
1002645,7001,刘文芳,female,1590-01-01,1680-12-31,13,文,Rule-generated Stage7 member for 汉朝刘氏.,False
1002646,7001,刘德德,male,1590-01-01,1657-12-31,13,文,Rule-generated Stage7 member for 汉朝刘氏.,False
1002647,7001,刘文清,female,1591-01-01,1671-12-31,13,文,Rule-generated Stage7 member for 汉朝刘氏.,False
1002648,7001,刘敏,male,1593-01-01,1680-12-31,13,文,Rule-generated Stage7 member for 汉朝刘氏.,False
1002649,7001,刘安清,female,1588-01-01,1677-12-31,13,文,Rule-generated Stage7 member for 汉朝刘氏.,False
1002650,7001,刘文安,male,1593-01-01,1689-12-31,13,文,Rule-generated Stage7 member for 汉朝刘氏.,False
1002651,7001,刘文丽,female,1588-01-01,1626-12-31,13,文,Rule-generated Stage7 member for 汉朝刘氏.,False
1002652,7001,刘文景,male,1590-01-01,1672-12-31,13,文,Rule-generated Stage7 member for 汉朝刘氏.,False
1002653,7001,刘文梅,female,1587-01-01,1635-12-31,13,文,Rule-generated Stage7 member for 汉朝刘氏.,False
1002654,7001,刘华,male,1592-01-01,1661-12-31,13,文,Rule-generated Stage7 member for 汉朝刘氏.,False
1002655,7001,刘清敏,female,1589-01-01,1618-12-31,13,文,Rule-generated Stage7 member for 汉朝刘氏.,False
1002656,7001,刘文明,male,1593-01-01,1645-12-31,13,文,Rule-generated Stage7 member for 汉朝刘氏.,False
1002657,7001,刘文慧,female,1587-01-01,1681-12-31,13,文,Rule-generated Stage7 member for 汉朝刘氏.,False
1002658,7001,刘世承,male,1592-01-01,1673-12-31,13,文,Rule-generated Stage7 member for 汉朝刘氏.,False
1002659,7001,刘文清,female,1593-01-01,1661-12-31,13,文,Rule-generated Stage7 member for 汉朝刘氏.,False
1002660,7001,刘文文,male,1590-01-01,1621-12-31,13,文,Rule-generated Stage7 member for 汉朝刘氏.,False
1002661,7001,刘梅芳,female,1589-01-01,1659-12-31,13,文,Rule-generated Stage7 member for 汉朝刘氏.,False
1002662,7001,刘成承,male,1593-01-01,1673-12-31,13,文,Rule-generated Stage7 member for 汉朝刘氏.,False
1002663,7001,刘丽雅,female,1589-01-01,1670-12-31,13,文,Rule-generated Stage7 member for 汉朝刘氏.,False
1002664,7001,刘德明,male,1589-01-01,1646-12-31,13,文,Rule-generated Stage7 member for 汉朝刘氏.,False
1002665,7001,刘文清,female,1590-01-01,1671-12-31,13,文,Rule-generated Stage7 member for 汉朝刘氏.,False
1002666,7001,刘强,male,1589-01-01,1651-12-31,13,文,Rule-generated Stage7 member for 汉朝刘氏.,False
1002667,7001,刘梅清,female,1592-01-01,1677-12-31,13,文,Rule-generated Stage7 member for 汉朝刘氏.,False
1002668,7001,刘文世,male,1590-01-01,1655-12-31,13,文,Rule-generated Stage7 member for 汉朝刘氏.,False
1002669,7001,刘文兰,female,1590-01-01,1636-12-31,13,文,Rule-generated Stage7 member for 汉朝刘氏.,False
1002670,7001,刘文文,male,1591-01-01,1663-12-31,13,文,Rule-generated Stage7 member for 汉朝刘氏.,False
1002671,7001,刘雅丽,female,1593-01-01,1673-12-31,13,文,Rule-generated Stage7 member for 汉朝刘氏.,False
1002672,7001,刘承德,male,1589-01-01,1674-12-31,13,文,Rule-generated Stage7 member for 汉朝刘氏.,False
1002673,7001,刘武景,male,1611-01-01,1708-12-31,14,武,Rule-generated Stage7 member for 汉朝刘氏.,False
1002674,7001,刘武芳,female,1612-01-01,1680-12-31,14,武,Rule-generated Stage7 member for 汉朝刘氏.,False
1002675,7001,刘景强,male,1615-01-01,1698-12-31,14,武,Rule-generated Stage7 member for 汉朝刘氏.,False
1002676,7001,刘明,female,1613-01-01,1678-12-31,14,武,Rule-generated Stage7 member for 汉朝刘氏.,False
1002677,7001,刘强,male,1615-01-01,1653-12-31,14,武,Rule-generated Stage7 member for 汉朝刘氏.,False
1002678,7001,刘敏玉,female,1615-01-01,1642-12-31,14,武,Rule-generated Stage7 member for 汉朝刘氏.,False
1002679,7001,刘宗世,male,1611-01-01,1643-12-31,14,武,Rule-generated Stage7 member for 汉朝刘氏.,False
1002680,7001,刘武雅,female,1612-01-01,1675-12-31,14,武,Rule-generated Stage7 member for 汉朝刘氏.,False
1002681,7001,刘武世,male,1609-01-01,1674-12-31,14,武,Rule-generated Stage7 member for 汉朝刘氏.,False
1002682,7001,刘敏安,female,1614-01-01,1673-12-31,14,武,Rule-generated Stage7 member for 汉朝刘氏.,False
1002683,7001,刘武宗,male,1610-01-01,1688-12-31,14,武,Rule-generated Stage7 member for 汉朝刘氏.,False
1002684,7001,刘武兰,female,1612-01-01,1667-12-31,14,武,Rule-generated Stage7 member for 汉朝刘氏.,False
1002685,7001,刘武承,male,1611-01-01,1673-12-31,14,武,Rule-generated Stage7 member for 汉朝刘氏.,False
1002686,7001,刘强,female,1610-01-01,1642-12-31,14,武,Rule-generated Stage7 member for 汉朝刘氏.,False
1002687,7001,刘武伟,male,1611-01-01,1659-12-31,14,武,Rule-generated Stage7 member for 汉朝刘氏.,False
1002688,7001,刘武雅,female,1614-01-01,1706-12-31,14,武,Rule-generated Stage7 member for 汉朝刘氏.,False
1002689,7001,刘武成,male,1611-01-01,1670-12-31,14,武,Rule-generated Stage7 member for 汉朝刘氏.,False
1002690,7001,刘武兰,female,1613-01-01,1647-12-31,14,武,Rule-generated Stage7 member for 汉朝刘氏.,False
1002691,7001,刘国宗,male,1610-01-01,1683-12-31,14,武,Rule-generated Stage7 member for 汉朝刘氏.,False
1002692,7001,刘玉慧,female,1609-01-01,1667-12-31,14,武,Rule-generated Stage7 member for 汉朝刘氏.,False
1002693,7001,刘伟,male,1613-01-01,1704-12-31,14,武,Rule-generated Stage7 member for 汉朝刘氏.,False
1002694,7001,刘华,female,1613-01-01,1705-12-31,14,武,Rule-generated Stage7 member for 汉朝刘氏.,False
1002695,7001,刘武伟,male,1613-01-01,1670-12-31,14,武,Rule-generated Stage7 member for 汉朝刘氏.,False
1002696,7001,刘武华,female,1613-01-01,1677-12-31,14,武,Rule-generated Stage7 member for 汉朝刘氏.,False
1002697,7001,刘武景,male,1611-01-01,1675-12-31,14,武,Rule-generated Stage7 member for 汉朝刘氏.,False
1002698,7001,刘武兰,female,1614-01-01,1671-12-31,14,武,Rule-generated Stage7 member for 汉朝刘氏.,False
1002699,7001,刘武世,male,1615-01-01,1673-12-31,14,武,Rule-generated Stage7 member for 汉朝刘氏.,False
1002700,7001,刘宁宁,female,1612-01-01,1697-12-31,14,武,Rule-generated Stage7 member for 汉朝刘氏.,False
1002701,7001,刘武景,male,1613-01-01,1671-12-31,14,武,Rule-generated Stage7 member for 汉朝刘氏.,False
1002702,7001,刘武宁,female,1615-01-01,1679-12-31,14,武,Rule-generated Stage7 member for 汉朝刘氏.,False
1002703,7001,刘德成,male,1610-01-01,1688-12-31,14,武,Rule-generated Stage7 member for 汉朝刘氏.,False
1002704,7001,刘敏清,female,1610-01-01,1679-12-31,14,武,Rule-generated Stage7 member for 汉朝刘氏.,False
1002705,7001,刘武景,male,1612-01-01,1688-12-31,14,武,Rule-generated Stage7 member for 汉朝刘氏.,False
1002706,7001,刘敏,female,1612-01-01,1701-12-31,14,武,Rule-generated Stage7 member for 汉朝刘氏.,False
1002707,7001,刘武成,male,1609-01-01,1702-12-31,14,武,Rule-generated Stage7 member for 汉朝刘氏.,False
1002708,7001,刘武华,female,1612-01-01,1710-12-31,14,武,Rule-generated Stage7 member for 汉朝刘氏.,False
1002709,7001,刘丽,male,1614-01-01,1676-12-31,14,武,Rule-generated Stage7 member for 汉朝刘氏.,False
1002710,7001,刘武华,female,1614-01-01,1653-12-31,14,武,Rule-generated Stage7 member for 汉朝刘氏.,False
1002711,7001,刘武伟,male,1609-01-01,1684-12-31,14,武,Rule-generated Stage7 member for 汉朝刘氏.,False
1002712,7001,刘武安,female,1615-01-01,1672-12-31,14,武,Rule-generated Stage7 member for 汉朝刘氏.,False
1002713,7001,刘明伟,male,1609-01-01,1660-12-31,14,武,Rule-generated Stage7 member for 汉朝刘氏.,False
1002714,7001,刘武宁,female,1609-01-01,1678-12-31,14,武,Rule-generated Stage7 member for 汉朝刘氏.,False
1002715,7001,刘国明,male,1614-01-01,1672-12-31,14,武,Rule-generated Stage7 member for 汉朝刘氏.,False
1002716,7001,刘敏,female,1612-01-01,1690-12-31,14,武,Rule-generated Stage7 member for 汉朝刘氏.,False
1002717,7001,刘伟伟,male,1611-01-01,1674-12-31,14,武,Rule-generated Stage7 member for 汉朝刘氏.,False
1002718,7001,刘武慧,female,1610-01-01,1669-12-31,14,武,Rule-generated Stage7 member for 汉朝刘氏.,False
1002719,7001,刘宗国,male,1612-01-01,1680-12-31,14,武,Rule-generated Stage7 member for 汉朝刘氏.,False
1002720,7001,刘慧华,female,1611-01-01,1705-12-31,14,武,Rule-generated Stage7 member for 汉朝刘氏.,False
1002721,7001,刘敏,male,1611-01-01,1712-12-31,14,武,Rule-generated Stage7 member for 汉朝刘氏.,False
1002722,7001,刘武华,female,1611-01-01,1681-12-31,14,武,Rule-generated Stage7 member for 汉朝刘氏.,False
1002723,7001,刘安世,male,1613-01-01,1664-12-31,14,武,Rule-generated Stage7 member for 汉朝刘氏.,False
1002724,7001,刘玉慧,female,1615-01-01,1660-12-31,14,武,Rule-generated Stage7 member for 汉朝刘氏.,False
1002725,7001,刘强强,male,1613-01-01,1701-12-31,14,武,Rule-generated Stage7 member for 汉朝刘氏.,False
1002726,7001,刘慧丽,female,1610-01-01,1676-12-31,14,武,Rule-generated Stage7 member for 汉朝刘氏.,False
1002727,7001,刘武德,male,1610-01-01,1667-12-31,14,武,Rule-generated Stage7 member for 汉朝刘氏.,False
1002728,7001,刘慧兰,female,1611-01-01,1695-12-31,14,武,Rule-generated Stage7 member for 汉朝刘氏.,False
1002729,7001,刘明景,male,1612-01-01,1684-12-31,14,武,Rule-generated Stage7 member for 汉朝刘氏.,False
1002730,7001,刘宁丽,female,1615-01-01,1692-12-31,14,武,Rule-generated Stage7 member for 汉朝刘氏.,False
1002731,7001,刘武承,male,1610-01-01,1673-12-31,14,武,Rule-generated Stage7 member for 汉朝刘氏.,False
1002732,7001,刘武敏,female,1609-01-01,1689-12-31,14,武,Rule-generated Stage7 member for 汉朝刘氏.,False
1002733,7001,刘华,male,1613-01-01,1671-12-31,14,武,Rule-generated Stage7 member for 汉朝刘氏.,False
1002734,7001,刘武敏,female,1614-01-01,1711-12-31,14,武,Rule-generated Stage7 member for 汉朝刘氏.,False
1002735,7001,刘文宗,male,1611-01-01,1677-12-31,14,武,Rule-generated Stage7 member for 汉朝刘氏.,False
1002736,7001,刘丽慧,female,1615-01-01,1665-12-31,14,武,Rule-generated Stage7 member for 汉朝刘氏.,False
1002737,7001,刘武明,male,1610-01-01,1662-12-31,14,武,Rule-generated Stage7 member for 汉朝刘氏.,False
1002738,7001,刘武安,female,1611-01-01,1685-12-31,14,武,Rule-generated Stage7 member for 汉朝刘氏.,False
1002739,7001,刘武宗,male,1611-01-01,1665-12-31,14,武,Rule-generated Stage7 member for 汉朝刘氏.,False
1002740,7001,刘强,female,1609-01-01,1657-12-31,14,武,Rule-generated Stage7 member for 汉朝刘氏.,False
1002741,7001,刘武强,male,1615-01-01,1694-12-31,14,武,Rule-generated Stage7 member for 汉朝刘氏.,False
1002742,7001,刘梅雅,female,1611-01-01,1687-12-31,14,武,Rule-generated Stage7 member for 汉朝刘氏.,False
1002743,7001,刘武世,male,1609-01-01,1673-12-31,14,武,Rule-generated Stage7 member for 汉朝刘氏.,False
1002744,7001,刘宁安,female,1610-01-01,1705-12-31,14,武,Rule-generated Stage7 member for 汉朝刘氏.,False
1002745,7001,刘世强,male,1609-01-01,1666-12-31,14,武,Rule-generated Stage7 member for 汉朝刘氏.,False
1002746,7001,刘武芳,female,1614-01-01,1652-12-31,14,武,Rule-generated Stage7 member for 汉朝刘氏.,False
1002747,7001,刘伟,male,1612-01-01,1679-12-31,14,武,Rule-generated Stage7 member for 汉朝刘氏.,False
1002748,7001,刘武梅,female,1609-01-01,1654-12-31,14,武,Rule-generated Stage7 member for 汉朝刘氏.,False
1002749,7001,刘武承,male,1613-01-01,1671-12-31,14,武,Rule-generated Stage7 member for 汉朝刘氏.,False
1002750,7001,刘安华,female,1613-01-01,1687-12-31,14,武,Rule-generated Stage7 member for 汉朝刘氏.,False
1002751,7001,刘武伟,male,1615-01-01,1665-12-31,14,武,Rule-generated Stage7 member for 汉朝刘氏.,False
1002752,7001,刘武雅,female,1612-01-01,1662-12-31,14,武,Rule-generated Stage7 member for 汉朝刘氏.,False
1002753,7001,刘伟,male,1613-01-01,1669-12-31,14,武,Rule-generated Stage7 member for 汉朝刘氏.,False
1002754,7001,刘武华,female,1612-01-01,1716-12-31,14,武,Rule-generated Stage7 member for 汉朝刘氏.,False
1002755,7001,刘武承,male,1612-01-01,1685-12-31,14,武,Rule-generated Stage7 member for 汉朝刘氏.,False
1002756,7001,刘明,female,1615-01-01,1686-12-31,14,武,Rule-generated Stage7 member for 汉朝刘氏.,False
1002757,7001,刘武国,male,1611-01-01,1652-12-31,14,武,Rule-generated Stage7 member for 汉朝刘氏.,False
1002758,7001,刘武雅,female,1613-01-01,1705-12-31,14,武,Rule-generated Stage7 member for 汉朝刘氏.,False
1002759,7001,刘承安,male,1614-01-01,1706-12-31,14,武,Rule-generated Stage7 member for 汉朝刘氏.,False
1002760,7001,刘武清,female,1613-01-01,1662-12-31,14,武,Rule-generated Stage7 member for 汉朝刘氏.,False
1002761,7001,刘武景,male,1613-01-01,1685-12-31,14,武,Rule-generated Stage7 member for 汉朝刘氏.,False
1002762,7001,刘武梅,female,1609-01-01,1693-12-31,14,武,Rule-generated Stage7 member for 汉朝刘氏.,False
1002763,7001,刘武国,male,1615-01-01,1649-12-31,14,武,Rule-generated Stage7 member for 汉朝刘氏.,False
1002764,7001,刘武丽,female,1612-01-01,1693-12-31,14,武,Rule-generated Stage7 member for 汉朝刘氏.,False
1002765,7001,刘武伟,male,1610-01-01,1680-12-31,14,武,Rule-generated Stage7 member for 汉朝刘氏.,False
1002766,7001,刘伟,female,1612-01-01,1697-12-31,14,武,Rule-generated Stage7 member for 汉朝刘氏.,False
1002767,7001,刘宗景,male,1610-01-01,1647-12-31,14,武,Rule-generated Stage7 member for 汉朝刘氏.,False
1002768,7001,刘雅清,female,1612-01-01,1706-12-31,14,武,Rule-generated Stage7 member for 汉朝刘氏.,False
1002769,7001,刘武成,male,1609-01-01,1682-12-31,14,武,Rule-generated Stage7 member for 汉朝刘氏.,False
1002770,7001,刘敏梅,female,1609-01-01,1679-12-31,14,武,Rule-generated Stage7 member for 汉朝刘氏.,False
1002771,7001,刘景安,male,1612-01-01,1668-12-31,14,武,Rule-generated Stage7 member for 汉朝刘氏.,False
1002772,7001,刘武梅,female,1609-01-01,1678-12-31,14,武,Rule-generated Stage7 member for 汉朝刘氏.,False
1002773,7001,刘国世,male,1610-01-01,1683-12-31,14,武,Rule-generated Stage7 member for 汉朝刘氏.,False
1002774,7001,刘梅慧,female,1613-01-01,1694-12-31,14,武,Rule-generated Stage7 member for 汉朝刘氏.,False
1002775,7001,刘敏,male,1609-01-01,1675-12-31,14,武,Rule-generated Stage7 member for 汉朝刘氏.,False
1002776,7001,刘敏华,female,1612-01-01,1693-12-31,14,武,Rule-generated Stage7 member for 汉朝刘氏.,False
1002777,7001,刘文德,male,1612-01-01,1651-12-31,14,武,Rule-generated Stage7 member for 汉朝刘氏.,False
1002778,7001,刘宁华,female,1609-01-01,1696-12-31,14,武,Rule-generated Stage7 member for 汉朝刘氏.,False
1002779,7001,刘武安,male,1613-01-01,1641-12-31,14,武,Rule-generated Stage7 member for 汉朝刘氏.,False
1002780,7001,刘武华,female,1612-01-01,1657-12-31,14,武,Rule-generated Stage7 member for 汉朝刘氏.,False
1002781,7001,刘武强,male,1614-01-01,1696-12-31,14,武,Rule-generated Stage7 member for 汉朝刘氏.,False
1002782,7001,刘武敏,female,1612-01-01,1682-12-31,14,武,Rule-generated Stage7 member for 汉朝刘氏.,False
1002783,7001,刘华,male,1609-01-01,1670-12-31,14,武,Rule-generated Stage7 member for 汉朝刘氏.,False
1002784,7001,刘武安,female,1611-01-01,1691-12-31,14,武,Rule-generated Stage7 member for 汉朝刘氏.,False
1002785,7001,刘武文,male,1611-01-01,1666-12-31,14,武,Rule-generated Stage7 member for 汉朝刘氏.,False
1002786,7001,刘华丽,female,1609-01-01,1660-12-31,14,武,Rule-generated Stage7 member for 汉朝刘氏.,False
1002787,7001,刘强世,male,1611-01-01,1670-12-31,14,武,Rule-generated Stage7 member for 汉朝刘氏.,False
1002788,7001,刘梅华,female,1614-01-01,1689-12-31,14,武,Rule-generated Stage7 member for 汉朝刘氏.,False
1002789,7001,刘强,male,1612-01-01,1642-12-31,14,武,Rule-generated Stage7 member for 汉朝刘氏.,False
1002790,7001,刘武梅,female,1613-01-01,1706-12-31,14,武,Rule-generated Stage7 member for 汉朝刘氏.,False
1002791,7001,刘安安,male,1609-01-01,1659-12-31,14,武,Rule-generated Stage7 member for 汉朝刘氏.,False
1002792,7001,刘丽慧,female,1609-01-01,1681-12-31,14,武,Rule-generated Stage7 member for 汉朝刘氏.,False
1002793,7001,刘武宗,male,1615-01-01,1689-12-31,14,武,Rule-generated Stage7 member for 汉朝刘氏.,False
1002794,7001,刘梅玉,female,1611-01-01,1694-12-31,14,武,Rule-generated Stage7 member for 汉朝刘氏.,False
1002795,7001,刘成景,male,1610-01-01,1650-12-31,14,武,Rule-generated Stage7 member for 汉朝刘氏.,False
1002796,7001,刘芳宁,female,1615-01-01,1683-12-31,14,武,Rule-generated Stage7 member for 汉朝刘氏.,False
1002797,7001,刘武承,male,1614-01-01,1671-12-31,14,武,Rule-generated Stage7 member for 汉朝刘氏.,False
1002798,7001,刘芳清,female,1614-01-01,1641-12-31,14,武,Rule-generated Stage7 member for 汉朝刘氏.,False
1002799,7001,刘武强,male,1615-01-01,1698-12-31,14,武,Rule-generated Stage7 member for 汉朝刘氏.,False
1002800,7001,刘玉芳,female,1610-01-01,1668-12-31,14,武,Rule-generated Stage7 member for 汉朝刘氏.,False
1002801,7001,刘武景,male,1610-01-01,1684-12-31,14,武,Rule-generated Stage7 member for 汉朝刘氏.,False
1002802,7001,刘伟,female,1612-01-01,1696-12-31,14,武,Rule-generated Stage7 member for 汉朝刘氏.,False
1002803,7001,刘丽,male,1610-01-01,1665-12-31,14,武,Rule-generated Stage7 member for 汉朝刘氏.,False
1002804,7001,刘安敏,female,1609-01-01,1658-12-31,14,武,Rule-generated Stage7 member for 汉朝刘氏.,False
1002805,7001,刘武国,male,1613-01-01,1654-12-31,14,武,Rule-generated Stage7 member for 汉朝刘氏.,False
1002806,7001,刘清宁,female,1615-01-01,1693-12-31,14,武,Rule-generated Stage7 member for 汉朝刘氏.,False
1002807,7001,刘武宗,male,1613-01-01,1707-12-31,14,武,Rule-generated Stage7 member for 汉朝刘氏.,False
1002808,7001,刘武慧,female,1614-01-01,1684-12-31,14,武,Rule-generated Stage7 member for 汉朝刘氏.,False
1002809,7001,刘武成,male,1609-01-01,1702-12-31,14,武,Rule-generated Stage7 member for 汉朝刘氏.,False
1002810,7001,刘武梅,female,1612-01-01,1657-12-31,14,武,Rule-generated Stage7 member for 汉朝刘氏.,False
1002811,7001,刘武景,male,1614-01-01,1662-12-31,14,武,Rule-generated Stage7 member for 汉朝刘氏.,False
1002812,7001,刘玉玉,female,1611-01-01,1689-12-31,14,武,Rule-generated Stage7 member for 汉朝刘氏.,False
1002813,7001,刘文世,male,1614-01-01,1667-12-31,14,武,Rule-generated Stage7 member for 汉朝刘氏.,False
1002814,7001,刘武芳,female,1613-01-01,1658-12-31,14,武,Rule-generated Stage7 member for 汉朝刘氏.,False
1002815,7001,刘成景,male,1611-01-01,1668-12-31,14,武,Rule-generated Stage7 member for 汉朝刘氏.,False
1002816,7001,刘丽玉,female,1614-01-01,1693-12-31,14,武,Rule-generated Stage7 member for 汉朝刘氏.,False
1002817,7001,刘武成,male,1613-01-01,1663-12-31,14,武,Rule-generated Stage7 member for 汉朝刘氏.,False
1002818,7001,刘武芳,female,1613-01-01,1677-12-31,14,武,Rule-generated Stage7 member for 汉朝刘氏.,False
1002819,7001,刘武文,male,1610-01-01,1678-12-31,14,武,Rule-generated Stage7 member for 汉朝刘氏.,False
1002820,7001,刘武雅,female,1615-01-01,1693-12-31,14,武,Rule-generated Stage7 member for 汉朝刘氏.,False
1002821,7001,刘武伟,male,1614-01-01,1682-12-31,14,武,Rule-generated Stage7 member for 汉朝刘氏.,False
1002822,7001,刘武梅,female,1614-01-01,1682-12-31,14,武,Rule-generated Stage7 member for 汉朝刘氏.,False
1002823,7001,刘敏,male,1614-01-01,1648-12-31,14,武,Rule-generated Stage7 member for 汉朝刘氏.,False
1002824,7001,刘武敏,female,1612-01-01,1669-12-31,14,武,Rule-generated Stage7 member for 汉朝刘氏.,False
1002825,7001,刘武明,male,1614-01-01,1660-12-31,14,武,Rule-generated Stage7 member for 汉朝刘氏.,False
1002826,7001,刘伟,female,1615-01-01,1676-12-31,14,武,Rule-generated Stage7 member for 汉朝刘氏.,False
1002827,7001,刘武国,male,1610-01-01,1651-12-31,14,武,Rule-generated Stage7 member for 汉朝刘氏.,False
1002828,7001,刘丽梅,female,1609-01-01,1686-12-31,14,武,Rule-generated Stage7 member for 汉朝刘氏.,False
1002829,7001,刘武德,male,1612-01-01,1706-12-31,14,武,Rule-generated Stage7 member for 汉朝刘氏.,False
1002830,7001,刘武宁,female,1612-01-01,1699-12-31,14,武,Rule-generated Stage7 member for 汉朝刘氏.,False
1002831,7001,刘敏,male,1609-01-01,1697-12-31,14,武,Rule-generated Stage7 member for 汉朝刘氏.,False
1002832,7001,刘敏清,female,1612-01-01,1695-12-31,14,武,Rule-generated Stage7 member for 汉朝刘氏.,False
1002833,7001,刘安世,male,1611-01-01,1679-12-31,14,武,Rule-generated Stage7 member for 汉朝刘氏.,False
1002834,7001,刘丽华,female,1610-01-01,1683-12-31,14,武,Rule-generated Stage7 member for 汉朝刘氏.,False
1002835,7001,刘武德,male,1610-01-01,1709-12-31,14,武,Rule-generated Stage7 member for 汉朝刘氏.,False
1002836,7001,刘慧清,female,1611-01-01,1670-12-31,14,武,Rule-generated Stage7 member for 汉朝刘氏.,False
1002837,7001,刘安明,male,1610-01-01,1693-12-31,14,武,Rule-generated Stage7 member for 汉朝刘氏.,False
1002838,7001,刘武敏,female,1609-01-01,1656-12-31,14,武,Rule-generated Stage7 member for 汉朝刘氏.,False
1002839,7001,刘武承,male,1610-01-01,1651-12-31,14,武,Rule-generated Stage7 member for 汉朝刘氏.,False
1002840,7001,刘芳华,female,1610-01-01,1684-12-31,14,武,Rule-generated Stage7 member for 汉朝刘氏.,False
1002841,7001,刘武强,male,1609-01-01,1689-12-31,14,武,Rule-generated Stage7 member for 汉朝刘氏.,False
1002842,7001,刘安梅,female,1612-01-01,1669-12-31,14,武,Rule-generated Stage7 member for 汉朝刘氏.,False
1002843,7001,刘武宗,male,1612-01-01,1681-12-31,14,武,Rule-generated Stage7 member for 汉朝刘氏.,False
1002844,7001,刘兰丽,female,1613-01-01,1640-12-31,14,武,Rule-generated Stage7 member for 汉朝刘氏.,False
1002845,7001,刘国德,male,1615-01-01,1705-12-31,14,武,Rule-generated Stage7 member for 汉朝刘氏.,False
1002846,7001,刘雅宁,female,1613-01-01,1694-12-31,14,武,Rule-generated Stage7 member for 汉朝刘氏.,False
1002847,7001,刘丽,male,1609-01-01,1685-12-31,14,武,Rule-generated Stage7 member for 汉朝刘氏.,False
1002848,7001,刘武安,female,1609-01-01,1653-12-31,14,武,Rule-generated Stage7 member for 汉朝刘氏.,False
1002849,7001,刘武世,male,1613-01-01,1698-12-31,14,武,Rule-generated Stage7 member for 汉朝刘氏.,False
1002850,7001,刘武清,female,1611-01-01,1695-12-31,14,武,Rule-generated Stage7 member for 汉朝刘氏.,False
1002851,7001,刘武景,male,1611-01-01,1682-12-31,14,武,Rule-generated Stage7 member for 汉朝刘氏.,False
1002852,7001,刘武梅,female,1609-01-01,1680-12-31,14,武,Rule-generated Stage7 member for 汉朝刘氏.,False
1002853,7001,刘武景,male,1614-01-01,1657-12-31,14,武,Rule-generated Stage7 member for 汉朝刘氏.,False
1002854,7001,刘安华,female,1614-01-01,1699-12-31,14,武,Rule-generated Stage7 member for 汉朝刘氏.,False
1002855,7001,刘明,male,1615-01-01,1708-12-31,14,武,Rule-generated Stage7 member for 汉朝刘氏.,False
1002856,7001,刘武安,female,1610-01-01,1675-12-31,14,武,Rule-generated Stage7 member for 汉朝刘氏.,False
1002857,7001,刘武文,male,1615-01-01,1690-12-31,14,武,Rule-generated Stage7 member for 汉朝刘氏.,False
1002858,7001,刘武梅,female,1614-01-01,1675-12-31,14,武,Rule-generated Stage7 member for 汉朝刘氏.,False
1002859,7001,刘德文,male,1614-01-01,1665-12-31,14,武,Rule-generated Stage7 member for 汉朝刘氏.,False
1002860,7001,刘伟,female,1611-01-01,1680-12-31,14,武,Rule-generated Stage7 member for 汉朝刘氏.,False
1002861,7001,刘安承,male,1610-01-01,1678-12-31,14,武,Rule-generated Stage7 member for 汉朝刘氏.,False
1002862,7001,刘芳雅,female,1614-01-01,1677-12-31,14,武,Rule-generated Stage7 member for 汉朝刘氏.,False
1002863,7001,刘明,male,1612-01-01,1649-12-31,14,武,Rule-generated Stage7 member for 汉朝刘氏.,False
1002864,7001,刘武梅,female,1613-01-01,1689-12-31,14,武,Rule-generated Stage7 member for 汉朝刘氏.,False
1002865,7001,刘伟成,male,1610-01-01,1693-12-31,14,武,Rule-generated Stage7 member for 汉朝刘氏.,False
1002866,7001,刘武芳,female,1609-01-01,1676-12-31,14,武,Rule-generated Stage7 member for 汉朝刘氏.,False
1002867,7001,刘武宗,male,1614-01-01,1695-12-31,14,武,Rule-generated Stage7 member for 汉朝刘氏.,False
1002868,7001,刘丽,female,1609-01-01,1684-12-31,14,武,Rule-generated Stage7 member for 汉朝刘氏.,False
1002869,7001,刘武成,male,1611-01-01,1667-12-31,14,武,Rule-generated Stage7 member for 汉朝刘氏.,False
1002870,7001,刘玉雅,female,1613-01-01,1680-12-31,14,武,Rule-generated Stage7 member for 汉朝刘氏.,False
1002871,7001,刘武世,male,1615-01-01,1689-12-31,14,武,Rule-generated Stage7 member for 汉朝刘氏.,False
1002872,7001,刘清清,female,1609-01-01,1657-12-31,14,武,Rule-generated Stage7 member for 汉朝刘氏.,False
1002873,7001,刘武伟,male,1614-01-01,1660-12-31,14,武,Rule-generated Stage7 member for 汉朝刘氏.,False
1002874,7001,刘武兰,female,1609-01-01,1685-12-31,14,武,Rule-generated Stage7 member for 汉朝刘氏.,False
1002875,7001,刘武明,male,1609-01-01,1664-12-31,14,武,Rule-generated Stage7 member for 汉朝刘氏.,False
1002876,7001,刘武宁,female,1609-01-01,1691-12-31,14,武,Rule-generated Stage7 member for 汉朝刘氏.,False
1002877,7001,刘成德,male,1610-01-01,1717-12-31,14,武,Rule-generated Stage7 member for 汉朝刘氏.,False
1002878,7001,刘武丽,female,1615-01-01,1671-12-31,14,武,Rule-generated Stage7 member for 汉朝刘氏.,False
1002879,7001,刘武承,male,1613-01-01,1674-12-31,14,武,Rule-generated Stage7 member for 汉朝刘氏.,False
1002880,7001,刘武梅,female,1615-01-01,1674-12-31,14,武,Rule-generated Stage7 member for 汉朝刘氏.,False
1002881,7001,刘国世,male,1609-01-01,1654-12-31,14,武,Rule-generated Stage7 member for 汉朝刘氏.,False
1002882,7001,刘武宁,female,1613-01-01,1678-12-31,14,武,Rule-generated Stage7 member for 汉朝刘氏.,False
1002883,7001,刘武明,male,1609-01-01,1684-12-31,14,武,Rule-generated Stage7 member for 汉朝刘氏.,False
1002884,7001,刘武芳,female,1611-01-01,1643-12-31,14,武,Rule-generated Stage7 member for 汉朝刘氏.,False
1002885,7001,刘成世,male,1610-01-01,1661-12-31,14,武,Rule-generated Stage7 member for 汉朝刘氏.,False
1002886,7001,刘芳玉,female,1612-01-01,1700-12-31,14,武,Rule-generated Stage7 member for 汉朝刘氏.,False
1002887,7001,刘武景,male,1614-01-01,1693-12-31,14,武,Rule-generated Stage7 member for 汉朝刘氏.,False
1002888,7001,刘慧芳,female,1609-01-01,1676-12-31,14,武,Rule-generated Stage7 member for 汉朝刘氏.,False
1002889,7001,刘承伟,male,1614-01-01,1702-12-31,14,武,Rule-generated Stage7 member for 汉朝刘氏.,False
1002890,7001,刘武华,female,1614-01-01,1687-12-31,14,武,Rule-generated Stage7 member for 汉朝刘氏.,False
1002891,7001,刘武宗,male,1609-01-01,1679-12-31,14,武,Rule-generated Stage7 member for 汉朝刘氏.,False
1002892,7001,刘安安,female,1611-01-01,1696-12-31,14,武,Rule-generated Stage7 member for 汉朝刘氏.,False
1002893,7001,刘武德,male,1612-01-01,1645-12-31,14,武,Rule-generated Stage7 member for 汉朝刘氏.,False
1002894,7001,刘武清,female,1615-01-01,1660-12-31,14,武,Rule-generated Stage7 member for 汉朝刘氏.,False
1002895,7001,刘武明,male,1613-01-01,1708-12-31,14,武,Rule-generated Stage7 member for 汉朝刘氏.,False
1002896,7001,刘清安,female,1609-01-01,1698-12-31,14,武,Rule-generated Stage7 member for 汉朝刘氏.,False
1002897,7001,刘武明,male,1610-01-01,1685-12-31,14,武,Rule-generated Stage7 member for 汉朝刘氏.,False
1002898,7001,刘武梅,female,1611-01-01,1693-12-31,14,武,Rule-generated Stage7 member for 汉朝刘氏.,False
1002899,7001,刘武承,male,1612-01-01,1638-12-31,14,武,Rule-generated Stage7 member for 汉朝刘氏.,False
1002900,7001,刘武清,female,1609-01-01,1669-12-31,14,武,Rule-generated Stage7 member for 汉朝刘氏.,False
1002901,7001,刘武伟,male,1615-01-01,1668-12-31,14,武,Rule-generated Stage7 member for 汉朝刘氏.,False
1002902,7001,刘华宁,female,1615-01-01,1650-12-31,14,武,Rule-generated Stage7 member for 汉朝刘氏.,False
1002903,7001,刘武明,male,1614-01-01,1682-12-31,14,武,Rule-generated Stage7 member for 汉朝刘氏.,False
1002904,7001,刘武芳,female,1610-01-01,1687-12-31,14,武,Rule-generated Stage7 member for 汉朝刘氏.,False
1002905,7001,刘武文,male,1609-01-01,1687-12-31,14,武,Rule-generated Stage7 member for 汉朝刘氏.,False
1002906,7001,刘武丽,female,1612-01-01,1683-12-31,14,武,Rule-generated Stage7 member for 汉朝刘氏.,False
1002907,7001,刘德国,male,1614-01-01,1694-12-31,14,武,Rule-generated Stage7 member for 汉朝刘氏.,False
1002908,7001,刘武玉,female,1610-01-01,1688-12-31,14,武,Rule-generated Stage7 member for 汉朝刘氏.,False
1002909,7001,刘武德,male,1615-01-01,1712-12-31,14,武,Rule-generated Stage7 member for 汉朝刘氏.,False
1002910,7001,刘丽芳,female,1610-01-01,1687-12-31,14,武,Rule-generated Stage7 member for 汉朝刘氏.,False
1002911,7001,刘强安,male,1610-01-01,1693-12-31,14,武,Rule-generated Stage7 member for 汉朝刘氏.,False
1002912,7001,刘武华,female,1611-01-01,1639-12-31,14,武,Rule-generated Stage7 member for 汉朝刘氏.,False
1002913,7001,刘承景,male,1615-01-01,1647-12-31,14,武,Rule-generated Stage7 member for 汉朝刘氏.,False
1002914,7001,刘武兰,female,1614-01-01,1693-12-31,14,武,Rule-generated Stage7 member for 汉朝刘氏.,False
1002915,7001,刘敏,male,1609-01-01,1661-12-31,14,武,Rule-generated Stage7 member for 汉朝刘氏.,False
1002916,7001,刘武芳,female,1614-01-01,1705-12-31,14,武,Rule-generated Stage7 member for 汉朝刘氏.,False
1002917,7001,刘武明,male,1609-01-01,1682-12-31,14,武,Rule-generated Stage7 member for 汉朝刘氏.,False
1002918,7001,刘武华,female,1613-01-01,1698-12-31,14,武,Rule-generated Stage7 member for 汉朝刘氏.,False
1002919,7001,刘武强,male,1612-01-01,1639-12-31,14,武,Rule-generated Stage7 member for 汉朝刘氏.,False
1002920,7001,刘武宁,female,1610-01-01,1647-12-31,14,武,Rule-generated Stage7 member for 汉朝刘氏.,False
1002921,7001,刘武安,male,1610-01-01,1707-12-31,14,武,Rule-generated Stage7 member for 汉朝刘氏.,False
1002922,7001,刘丽,female,1609-01-01,1665-12-31,14,武,Rule-generated Stage7 member for 汉朝刘氏.,False
1002923,7001,刘明,male,1613-01-01,1679-12-31,14,武,Rule-generated Stage7 member for 汉朝刘氏.,False
1002924,7001,刘武华,female,1610-01-01,1676-12-31,14,武,Rule-generated Stage7 member for 汉朝刘氏.,False
1002925,7001,刘武国,male,1615-01-01,1702-12-31,14,武,Rule-generated Stage7 member for 汉朝刘氏.,False
1002926,7001,刘武慧,female,1609-01-01,1680-12-31,14,武,Rule-generated Stage7 member for 汉朝刘氏.,False
1002927,7001,刘武宗,male,1611-01-01,1667-12-31,14,武,Rule-generated Stage7 member for 汉朝刘氏.,False
1002928,7001,刘武安,female,1614-01-01,1665-12-31,14,武,Rule-generated Stage7 member for 汉朝刘氏.,False
1002929,7001,刘文强,male,1614-01-01,1701-12-31,14,武,Rule-generated Stage7 member for 汉朝刘氏.,False
1002930,7001,刘武丽,female,1614-01-01,1691-12-31,14,武,Rule-generated Stage7 member for 汉朝刘氏.,False
1002931,7001,刘武文,male,1613-01-01,1688-12-31,14,武,Rule-generated Stage7 member for 汉朝刘氏.,False
1002932,7001,刘武雅,female,1612-01-01,1674-12-31,14,武,Rule-generated Stage7 member for 汉朝刘氏.,False
1002933,7001,刘武世,male,1614-01-01,1644-12-31,14,武,Rule-generated Stage7 member for 汉朝刘氏.,False
1002934,7001,刘敏,female,1614-01-01,1686-12-31,14,武,Rule-generated Stage7 member for 汉朝刘氏.,False
1002935,7001,刘武国,male,1613-01-01,1650-12-31,14,武,Rule-generated Stage7 member for 汉朝刘氏.,False
1002936,7001,刘武兰,female,1614-01-01,1677-12-31,14,武,Rule-generated Stage7 member for 汉朝刘氏.,False
1002937,7001,刘武安,male,1614-01-01,1670-12-31,14,武,Rule-generated Stage7 member for 汉朝刘氏.,False
1002938,7001,刘安敏,female,1611-01-01,1704-12-31,14,武,Rule-generated Stage7 member for 汉朝刘氏.,False
1002939,7001,刘武国,male,1612-01-01,1709-12-31,14,武,Rule-generated Stage7 member for 汉朝刘氏.,False
1002940,7001,刘武慧,female,1610-01-01,1672-12-31,14,武,Rule-generated Stage7 member for 汉朝刘氏.,False
1002941,7001,刘武德,male,1610-01-01,1707-12-31,14,武,Rule-generated Stage7 member for 汉朝刘氏.,False
1002942,7001,刘武华,female,1611-01-01,1689-12-31,14,武,Rule-generated Stage7 member for 汉朝刘氏.,False
1002943,7001,刘武世,male,1611-01-01,1687-12-31,14,武,Rule-generated Stage7 member for 汉朝刘氏.,False
1002944,7001,刘武慧,female,1614-01-01,1658-12-31,14,武,Rule-generated Stage7 member for 汉朝刘氏.,False
1002945,7001,刘武成,male,1613-01-01,1677-12-31,14,武,Rule-generated Stage7 member for 汉朝刘氏.,False
1002946,7001,刘丽,female,1610-01-01,1637-12-31,14,武,Rule-generated Stage7 member for 汉朝刘氏.,False
1002947,7001,刘武国,male,1615-01-01,1679-12-31,14,武,Rule-generated Stage7 member for 汉朝刘氏.,False
1002948,7001,刘武兰,female,1614-01-01,1665-12-31,14,武,Rule-generated Stage7 member for 汉朝刘氏.,False
1002949,7001,刘成明,male,1609-01-01,1645-12-31,14,武,Rule-generated Stage7 member for 汉朝刘氏.,False
1002950,7001,刘伟,female,1611-01-01,1666-12-31,14,武,Rule-generated Stage7 member for 汉朝刘氏.,False
1002951,7001,刘武文,male,1613-01-01,1715-12-31,14,武,Rule-generated Stage7 member for 汉朝刘氏.,False
1002952,7001,刘雅丽,female,1610-01-01,1688-12-31,14,武,Rule-generated Stage7 member for 汉朝刘氏.,False
1002953,7001,刘武成,male,1610-01-01,1665-12-31,14,武,Rule-generated Stage7 member for 汉朝刘氏.,False
1002954,7001,刘丽芳,female,1609-01-01,1657-12-31,14,武,Rule-generated Stage7 member for 汉朝刘氏.,False
1002955,7001,刘武强,male,1615-01-01,1654-12-31,14,武,Rule-generated Stage7 member for 汉朝刘氏.,False
1002956,7001,刘武敏,female,1610-01-01,1702-12-31,14,武,Rule-generated Stage7 member for 汉朝刘氏.,False
1002957,7001,刘武德,male,1615-01-01,1668-12-31,14,武,Rule-generated Stage7 member for 汉朝刘氏.,False
1002958,7001,刘雅敏,female,1611-01-01,1674-12-31,14,武,Rule-generated Stage7 member for 汉朝刘氏.,False
1002959,7001,刘武景,male,1611-01-01,1652-12-31,14,武,Rule-generated Stage7 member for 汉朝刘氏.,False
1002960,7001,刘华兰,female,1610-01-01,1655-12-31,14,武,Rule-generated Stage7 member for 汉朝刘氏.,False
1002961,7001,刘安国,male,1614-01-01,1708-12-31,14,武,Rule-generated Stage7 member for 汉朝刘氏.,False
1002962,7001,刘武清,female,1613-01-01,1711-12-31,14,武,Rule-generated Stage7 member for 汉朝刘氏.,False
1002963,7001,刘丽,male,1609-01-01,1677-12-31,14,武,Rule-generated Stage7 member for 汉朝刘氏.,False
1002964,7001,刘武梅,female,1613-01-01,1674-12-31,14,武,Rule-generated Stage7 member for 汉朝刘氏.,False
1002965,7001,刘宗强,male,1609-01-01,1635-12-31,14,武,Rule-generated Stage7 member for 汉朝刘氏.,False
1002966,7001,刘武玉,female,1614-01-01,1692-12-31,14,武,Rule-generated Stage7 member for 汉朝刘氏.,False
1002967,7001,刘强成,male,1612-01-01,1671-12-31,14,武,Rule-generated Stage7 member for 汉朝刘氏.,False
1002968,7001,刘敏,female,1609-01-01,1643-12-31,14,武,Rule-generated Stage7 member for 汉朝刘氏.,False
1002969,7001,刘武承,male,1612-01-01,1676-12-31,14,武,Rule-generated Stage7 member for 汉朝刘氏.,False
1002970,7001,刘武梅,female,1613-01-01,1679-12-31,14,武,Rule-generated Stage7 member for 汉朝刘氏.,False
1002971,7001,刘武德,male,1611-01-01,1701-12-31,14,武,Rule-generated Stage7 member for 汉朝刘氏.,False
1002972,7001,刘雅慧,female,1613-01-01,1678-12-31,14,武,Rule-generated Stage7 member for 汉朝刘氏.,False
1002973,7001,刘武景,male,1610-01-01,1707-12-31,14,武,Rule-generated Stage7 member for 汉朝刘氏.,False
1002974,7001,刘华华,female,1612-01-01,1672-12-31,14,武,Rule-generated Stage7 member for 汉朝刘氏.,False
1002975,7001,刘伟,male,1613-01-01,1707-12-31,14,武,Rule-generated Stage7 member for 汉朝刘氏.,False
1002976,7001,刘伟,female,1609-01-01,1668-12-31,14,武,Rule-generated Stage7 member for 汉朝刘氏.,False
1002977,7001,刘安安,male,1609-01-01,1679-12-31,14,武,Rule-generated Stage7 member for 汉朝刘氏.,False
1002978,7001,刘玉清,female,1615-01-01,1664-12-31,14,武,Rule-generated Stage7 member for 汉朝刘氏.,False
1002979,7001,刘武景,male,1615-01-01,1695-12-31,14,武,Rule-generated Stage7 member for 汉朝刘氏.,False
1002980,7001,刘宁宁,female,1612-01-01,1671-12-31,14,武,Rule-generated Stage7 member for 汉朝刘氏.,False
1002981,7001,刘武承,male,1609-01-01,1691-12-31,14,武,Rule-generated Stage7 member for 汉朝刘氏.,False
1002982,7001,刘明,female,1612-01-01,1694-12-31,14,武,Rule-generated Stage7 member for 汉朝刘氏.,False
1002983,7001,刘强景,male,1615-01-01,1694-12-31,14,武,Rule-generated Stage7 member for 汉朝刘氏.,False
1002984,7001,刘武敏,female,1609-01-01,1696-12-31,14,武,Rule-generated Stage7 member for 汉朝刘氏.,False
1002985,7001,刘武伟,male,1610-01-01,1703-12-31,14,武,Rule-generated Stage7 member for 汉朝刘氏.,False
1002986,7001,刘敏,female,1612-01-01,1689-12-31,14,武,Rule-generated Stage7 member for 汉朝刘氏.,False
1002987,7001,刘安伟,male,1615-01-01,1651-12-31,14,武,Rule-generated Stage7 member for 汉朝刘氏.,False
1002988,7001,刘兰慧,female,1610-01-01,1643-12-31,14,武,Rule-generated Stage7 member for 汉朝刘氏.,False
1002989,7001,刘武安,male,1614-01-01,1688-12-31,14,武,Rule-generated Stage7 member for 汉朝刘氏.,False
1002990,7001,刘丽慧,female,1610-01-01,1695-12-31,14,武,Rule-generated Stage7 member for 汉朝刘氏.,False
1002991,7001,刘明,male,1615-01-01,1681-12-31,14,武,Rule-generated Stage7 member for 汉朝刘氏.,False
1002992,7001,刘武兰,female,1614-01-01,1705-12-31,14,武,Rule-generated Stage7 member for 汉朝刘氏.,False
1002993,7001,刘武文,male,1614-01-01,1684-12-31,14,武,Rule-generated Stage7 member for 汉朝刘氏.,False
1002994,7001,刘武丽,female,1615-01-01,1688-12-31,14,武,Rule-generated Stage7 member for 汉朝刘氏.,False
1002995,7001,刘武德,male,1615-01-01,1702-12-31,14,武,Rule-generated Stage7 member for 汉朝刘氏.,False
1002996,7001,刘武兰,female,1614-01-01,1677-12-31,14,武,Rule-generated Stage7 member for 汉朝刘氏.,False
1002997,7001,刘武宗,male,1610-01-01,1665-12-31,14,武,Rule-generated Stage7 member for 汉朝刘氏.,False
1002998,7001,刘伟,female,1610-01-01,1668-12-31,14,武,Rule-generated Stage7 member for 汉朝刘氏.,False
1002999,7001,刘武强,male,1613-01-01,1676-12-31,14,武,Rule-generated Stage7 member for 汉朝刘氏.,False
1003000,7001,刘武玉,female,1612-01-01,1687-12-31,14,武,Rule-generated Stage7 member for 汉朝刘氏.,False
1003001,7001,刘成明,male,1610-01-01,1679-12-31,14,武,Rule-generated Stage7 member for 汉朝刘氏.,False
1003002,7001,刘武梅,female,1613-01-01,1660-12-31,14,武,Rule-generated Stage7 member for 汉朝刘氏.,False
1003003,7001,刘武世,male,1609-01-01,1679-12-31,14,武,Rule-generated Stage7 member for 汉朝刘氏.,False
1003004,7001,刘武丽,female,1613-01-01,1672-12-31,14,武,Rule-generated Stage7 member for 汉朝刘氏.,False
1003005,7001,刘武世,male,1611-01-01,1689-12-31,14,武,Rule-generated Stage7 member for 汉朝刘氏.,False
1003006,7001,刘强,female,1615-01-01,1720-12-31,14,武,Rule-generated Stage7 member for 汉朝刘氏.,False
1003007,7001,刘武文,male,1610-01-01,1654-12-31,14,武,Rule-generated Stage7 member for 汉朝刘氏.,False
1003008,7001,刘宁玉,female,1610-01-01,1682-12-31,14,武,Rule-generated Stage7 member for 汉朝刘氏.,False
1003009,7001,刘武景,male,1611-01-01,1676-12-31,14,武,Rule-generated Stage7 member for 汉朝刘氏.,False
1003010,7001,刘华,female,1615-01-01,1695-12-31,14,武,Rule-generated Stage7 member for 汉朝刘氏.,False
1003011,7001,刘世宗,male,1613-01-01,1706-12-31,14,武,Rule-generated Stage7 member for 汉朝刘氏.,False
1003012,7001,刘强,female,1615-01-01,1684-12-31,14,武,Rule-generated Stage7 member for 汉朝刘氏.,False
1003013,7001,刘强德,male,1609-01-01,1689-12-31,14,武,Rule-generated Stage7 member for 汉朝刘氏.,False
1003014,7001,刘武丽,female,1611-01-01,1710-12-31,14,武,Rule-generated Stage7 member for 汉朝刘氏.,False
1003015,7001,刘武成,male,1610-01-01,1680-12-31,14,武,Rule-generated Stage7 member for 汉朝刘氏.,False
1003016,7001,刘丽安,female,1614-01-01,1718-12-31,14,武,Rule-generated Stage7 member for 汉朝刘氏.,False
1003017,7001,刘武安,male,1613-01-01,1648-12-31,14,武,Rule-generated Stage7 member for 汉朝刘氏.,False
1003018,7001,刘芳安,female,1612-01-01,1670-12-31,14,武,Rule-generated Stage7 member for 汉朝刘氏.,False
1003019,7001,刘武德,male,1612-01-01,1667-12-31,14,武,Rule-generated Stage7 member for 汉朝刘氏.,False
1003020,7001,刘武慧,female,1610-01-01,1671-12-31,14,武,Rule-generated Stage7 member for 汉朝刘氏.,False
1003021,7001,刘武世,male,1613-01-01,1697-12-31,14,武,Rule-generated Stage7 member for 汉朝刘氏.,False
1003022,7001,刘武梅,female,1612-01-01,1682-12-31,14,武,Rule-generated Stage7 member for 汉朝刘氏.,False
1003023,7001,刘世成,male,1614-01-01,1689-12-31,14,武,Rule-generated Stage7 member for 汉朝刘氏.,False
1003024,7001,刘武玉,female,1615-01-01,1696-12-31,14,武,Rule-generated Stage7 member for 汉朝刘氏.,False
1003025,7001,刘武文,male,1612-01-01,1706-12-31,14,武,Rule-generated Stage7 member for 汉朝刘氏.,False
1003026,7001,刘明,female,1611-01-01,1645-12-31,14,武,Rule-generated Stage7 member for 汉朝刘氏.,False
1003027,7001,刘武宗,male,1609-01-01,1677-12-31,14,武,Rule-generated Stage7 member for 汉朝刘氏.,False
1003028,7001,刘武安,female,1610-01-01,1670-12-31,14,武,Rule-generated Stage7 member for 汉朝刘氏.,False
1003029,7001,刘世伟,male,1612-01-01,1691-12-31,14,武,Rule-generated Stage7 member for 汉朝刘氏.,False
1003030,7001,刘芳芳,female,1613-01-01,1706-12-31,14,武,Rule-generated Stage7 member for 汉朝刘氏.,False
1003031,7001,刘安成,male,1610-01-01,1664-12-31,14,武,Rule-generated Stage7 member for 汉朝刘氏.,False
1003032,7001,刘武安,female,1613-01-01,1650-12-31,14,武,Rule-generated Stage7 member for 汉朝刘氏.,False
1003033,7001,刘武承,male,1613-01-01,1697-12-31,14,武,Rule-generated Stage7 member for 汉朝刘氏.,False
1003034,7001,刘宁华,female,1614-01-01,1647-12-31,14,武,Rule-generated Stage7 member for 汉朝刘氏.,False
1003035,7001,刘文德,male,1610-01-01,1686-12-31,14,武,Rule-generated Stage7 member for 汉朝刘氏.,False
1003036,7001,刘武玉,female,1613-01-01,1674-12-31,14,武,Rule-generated Stage7 member for 汉朝刘氏.,False
1003037,7001,刘德宗,male,1615-01-01,1708-12-31,14,武,Rule-generated Stage7 member for 汉朝刘氏.,False
1003038,7001,刘梅雅,female,1612-01-01,1691-12-31,14,武,Rule-generated Stage7 member for 汉朝刘氏.,False
1003039,7001,刘武安,male,1610-01-01,1693-12-31,14,武,Rule-generated Stage7 member for 汉朝刘氏.,False
1003040,7001,刘武雅,female,1615-01-01,1669-12-31,14,武,Rule-generated Stage7 member for 汉朝刘氏.,False
1003041,7001,刘国文,male,1613-01-01,1685-12-31,14,武,Rule-generated Stage7 member for 汉朝刘氏.,False
1003042,7001,刘清安,female,1614-01-01,1668-12-31,14,武,Rule-generated Stage7 member for 汉朝刘氏.,False
1003043,7001,刘强强,male,1612-01-01,1678-12-31,14,武,Rule-generated Stage7 member for 汉朝刘氏.,False
1003044,7001,刘强,female,1612-01-01,1695-12-31,14,武,Rule-generated Stage7 member for 汉朝刘氏.,False
1003045,7001,刘国成,male,1612-01-01,1646-12-31,14,武,Rule-generated Stage7 member for 汉朝刘氏.,False
1003046,7001,刘玉雅,female,1611-01-01,1660-12-31,14,武,Rule-generated Stage7 member for 汉朝刘氏.,False
1003047,7001,刘成德,male,1615-01-01,1657-12-31,14,武,Rule-generated Stage7 member for 汉朝刘氏.,False
1003048,7001,刘安安,female,1609-01-01,1695-12-31,14,武,Rule-generated Stage7 member for 汉朝刘氏.,False
1003049,7001,刘成景,male,1609-01-01,1701-12-31,14,武,Rule-generated Stage7 member for 汉朝刘氏.,False
1003050,7001,刘武敏,female,1614-01-01,1698-12-31,14,武,Rule-generated Stage7 member for 汉朝刘氏.,False
1003051,7001,刘景宗,male,1613-01-01,1701-12-31,14,武,Rule-generated Stage7 member for 汉朝刘氏.,False
1003052,7001,刘武华,female,1611-01-01,1643-12-31,14,武,Rule-generated Stage7 member for 汉朝刘氏.,False
1003053,7001,刘文强,male,1613-01-01,1694-12-31,14,武,Rule-generated Stage7 member for 汉朝刘氏.,False
1003054,7001,刘慧梅,female,1614-01-01,1696-12-31,14,武,Rule-generated Stage7 member for 汉朝刘氏.,False
1003055,7001,刘武承,male,1609-01-01,1684-12-31,14,武,Rule-generated Stage7 member for 汉朝刘氏.,False
1003056,7001,刘华芳,female,1612-01-01,1667-12-31,14,武,Rule-generated Stage7 member for 汉朝刘氏.,False
1003057,7001,刘武景,male,1611-01-01,1672-12-31,14,武,Rule-generated Stage7 member for 汉朝刘氏.,False
1003058,7001,刘武慧,female,1615-01-01,1675-12-31,14,武,Rule-generated Stage7 member for 汉朝刘氏.,False
1003059,7001,刘丽,male,1610-01-01,1707-12-31,14,武,Rule-generated Stage7 member for 汉朝刘氏.,False
1003060,7001,刘芳清,female,1612-01-01,1673-12-31,14,武,Rule-generated Stage7 member for 汉朝刘氏.,False
1003061,7001,刘伟宗,male,1609-01-01,1659-12-31,14,武,Rule-generated Stage7 member for 汉朝刘氏.,False
1003062,7001,刘强,female,1612-01-01,1686-12-31,14,武,Rule-generated Stage7 member for 汉朝刘氏.,False
1003063,7001,刘明,male,1611-01-01,1679-12-31,14,武,Rule-generated Stage7 member for 汉朝刘氏.,False
1003064,7001,刘武玉,female,1609-01-01,1680-12-31,14,武,Rule-generated Stage7 member for 汉朝刘氏.,False
1003065,7001,刘安德,male,1614-01-01,1661-12-31,14,武,Rule-generated Stage7 member for 汉朝刘氏.,False
1003066,7001,刘武华,female,1613-01-01,1663-12-31,14,武,Rule-generated Stage7 member for 汉朝刘氏.,False
1003067,7001,刘武文,male,1609-01-01,1684-12-31,14,武,Rule-generated Stage7 member for 汉朝刘氏.,False
1003068,7001,刘武安,female,1609-01-01,1665-12-31,14,武,Rule-generated Stage7 member for 汉朝刘氏.,False
1003069,7001,刘明景,male,1610-01-01,1697-12-31,14,武,Rule-generated Stage7 member for 汉朝刘氏.,False
1003070,7001,刘武丽,female,1612-01-01,1705-12-31,14,武,Rule-generated Stage7 member for 汉朝刘氏.,False
1003071,7001,刘武宗,male,1612-01-01,1693-12-31,14,武,Rule-generated Stage7 member for 汉朝刘氏.,False
1003072,7001,刘武雅,female,1615-01-01,1681-12-31,14,武,Rule-generated Stage7 member for 汉朝刘氏.,False
1003073,7001,刘武国,male,1611-01-01,1658-12-31,14,武,Rule-generated Stage7 member for 汉朝刘氏.,False
1003074,7001,刘武雅,female,1611-01-01,1663-12-31,14,武,Rule-generated Stage7 member for 汉朝刘氏.,False
1003075,7001,刘文成,male,1612-01-01,1688-12-31,14,武,Rule-generated Stage7 member for 汉朝刘氏.,False
1003076,7001,刘武清,female,1615-01-01,1691-12-31,14,武,Rule-generated Stage7 member for 汉朝刘氏.,False
1003077,7001,刘武安,male,1615-01-01,1679-12-31,14,武,Rule-generated Stage7 member for 汉朝刘氏.,False
1003078,7001,刘武华,female,1614-01-01,1666-12-31,14,武,Rule-generated Stage7 member for 汉朝刘氏.,False
1003079,7001,刘宗德,male,1613-01-01,1640-12-31,14,武,Rule-generated Stage7 member for 汉朝刘氏.,False
1003080,7001,刘武雅,female,1609-01-01,1699-12-31,14,武,Rule-generated Stage7 member for 汉朝刘氏.,False
1003081,7001,刘世安,male,1611-01-01,1664-12-31,14,武,Rule-generated Stage7 member for 汉朝刘氏.,False
1003082,7001,刘武丽,female,1610-01-01,1669-12-31,14,武,Rule-generated Stage7 member for 汉朝刘氏.,False
1003083,7001,刘成安,male,1612-01-01,1650-12-31,14,武,Rule-generated Stage7 member for 汉朝刘氏.,False
1003084,7001,刘昌强,male,1634-01-01,1683-12-31,15,昌,Rule-generated Stage7 member for 汉朝刘氏.,False
1003085,7001,刘梅宁,female,1637-01-01,1718-12-31,15,昌,Rule-generated Stage7 member for 汉朝刘氏.,False
1003086,7001,刘昌国,male,1633-01-01,1702-12-31,15,昌,Rule-generated Stage7 member for 汉朝刘氏.,False
1003087,7001,刘清敏,female,1637-01-01,1735-12-31,15,昌,Rule-generated Stage7 member for 汉朝刘氏.,False
1003088,7001,刘昌宗,male,1634-01-01,1706-12-31,15,昌,Rule-generated Stage7 member for 汉朝刘氏.,False
1003089,7001,刘慧宁,female,1631-01-01,1703-12-31,15,昌,Rule-generated Stage7 member for 汉朝刘氏.,False
1003090,7001,刘昌明,male,1631-01-01,1670-12-31,15,昌,Rule-generated Stage7 member for 汉朝刘氏.,False
1003091,7001,刘昌梅,female,1637-01-01,1681-12-31,15,昌,Rule-generated Stage7 member for 汉朝刘氏.,False
1003092,7001,刘昌强,male,1631-01-01,1709-12-31,15,昌,Rule-generated Stage7 member for 汉朝刘氏.,False
1003093,7001,刘清玉,female,1637-01-01,1723-12-31,15,昌,Rule-generated Stage7 member for 汉朝刘氏.,False
1003094,7001,刘昌明,male,1636-01-01,1684-12-31,15,昌,Rule-generated Stage7 member for 汉朝刘氏.,False
1003095,7001,刘雅慧,female,1632-01-01,1702-12-31,15,昌,Rule-generated Stage7 member for 汉朝刘氏.,False
1003096,7001,刘伟,male,1634-01-01,1729-12-31,15,昌,Rule-generated Stage7 member for 汉朝刘氏.,False
1003097,7001,刘梅宁,female,1635-01-01,1703-12-31,15,昌,Rule-generated Stage7 member for 汉朝刘氏.,False
1003098,7001,刘昌安,male,1634-01-01,1707-12-31,15,昌,Rule-generated Stage7 member for 汉朝刘氏.,False
1003099,7001,刘昌芳,female,1634-01-01,1702-12-31,15,昌,Rule-generated Stage7 member for 汉朝刘氏.,False
1003100,7001,刘成德,male,1635-01-01,1689-12-31,15,昌,Rule-generated Stage7 member for 汉朝刘氏.,False
1003101,7001,刘昌兰,female,1637-01-01,1660-12-31,15,昌,Rule-generated Stage7 member for 汉朝刘氏.,False
1003102,7001,刘安安,male,1637-01-01,1720-12-31,15,昌,Rule-generated Stage7 member for 汉朝刘氏.,False
1003103,7001,刘丽,female,1637-01-01,1671-12-31,15,昌,Rule-generated Stage7 member for 汉朝刘氏.,False
1003104,7001,刘明,male,1632-01-01,1721-12-31,15,昌,Rule-generated Stage7 member for 汉朝刘氏.,False
1003105,7001,刘昌清,female,1633-01-01,1671-12-31,15,昌,Rule-generated Stage7 member for 汉朝刘氏.,False
1003106,7001,刘昌安,male,1635-01-01,1670-12-31,15,昌,Rule-generated Stage7 member for 汉朝刘氏.,False
1003107,7001,刘昌清,female,1636-01-01,1715-12-31,15,昌,Rule-generated Stage7 member for 汉朝刘氏.,False
1003108,7001,刘昌文,male,1632-01-01,1709-12-31,15,昌,Rule-generated Stage7 member for 汉朝刘氏.,False
1003109,7001,刘玉梅,female,1631-01-01,1679-12-31,15,昌,Rule-generated Stage7 member for 汉朝刘氏.,False
1003110,7001,刘昌强,male,1636-01-01,1688-12-31,15,昌,Rule-generated Stage7 member for 汉朝刘氏.,False
1003111,7001,刘昌芳,female,1633-01-01,1685-12-31,15,昌,Rule-generated Stage7 member for 汉朝刘氏.,False
1003112,7001,刘昌强,male,1631-01-01,1717-12-31,15,昌,Rule-generated Stage7 member for 汉朝刘氏.,False
1003113,7001,刘昌宁,female,1632-01-01,1733-12-31,15,昌,Rule-generated Stage7 member for 汉朝刘氏.,False
1003114,7001,刘昌承,male,1636-01-01,1730-12-31,15,昌,Rule-generated Stage7 member for 汉朝刘氏.,False
1003115,7001,刘安玉,female,1632-01-01,1697-12-31,15,昌,Rule-generated Stage7 member for 汉朝刘氏.,False
1003116,7001,刘昌文,male,1634-01-01,1676-12-31,15,昌,Rule-generated Stage7 member for 汉朝刘氏.,False
1003117,7001,刘华,female,1635-01-01,1725-12-31,15,昌,Rule-generated Stage7 member for 汉朝刘氏.,False
1003118,7001,刘昌世,male,1633-01-01,1707-12-31,15,昌,Rule-generated Stage7 member for 汉朝刘氏.,False
1003119,7001,刘安慧,female,1636-01-01,1701-12-31,15,昌,Rule-generated Stage7 member for 汉朝刘氏.,False
1003120,7001,刘世文,male,1633-01-01,1722-12-31,15,昌,Rule-generated Stage7 member for 汉朝刘氏.,False
1003121,7001,刘昌芳,female,1632-01-01,1687-12-31,15,昌,Rule-generated Stage7 member for 汉朝刘氏.,False
1003122,7001,刘昌文,male,1634-01-01,1737-12-31,15,昌,Rule-generated Stage7 member for 汉朝刘氏.,False
1003123,7001,刘清梅,female,1635-01-01,1703-12-31,15,昌,Rule-generated Stage7 member for 汉朝刘氏.,False
1003124,7001,刘强,male,1635-01-01,1734-12-31,15,昌,Rule-generated Stage7 member for 汉朝刘氏.,False
1003125,7001,刘慧敏,female,1637-01-01,1712-12-31,15,昌,Rule-generated Stage7 member for 汉朝刘氏.,False
1003126,7001,刘明伟,male,1631-01-01,1682-12-31,15,昌,Rule-generated Stage7 member for 汉朝刘氏.,False
1003127,7001,刘昌芳,female,1633-01-01,1659-12-31,15,昌,Rule-generated Stage7 member for 汉朝刘氏.,False
1003128,7001,刘国强,male,1633-01-01,1666-12-31,15,昌,Rule-generated Stage7 member for 汉朝刘氏.,False
1003129,7001,刘昌敏,female,1636-01-01,1685-12-31,15,昌,Rule-generated Stage7 member for 汉朝刘氏.,False
1003130,7001,刘昌世,male,1631-01-01,1677-12-31,15,昌,Rule-generated Stage7 member for 汉朝刘氏.,False
1003131,7001,刘丽慧,female,1637-01-01,1687-12-31,15,昌,Rule-generated Stage7 member for 汉朝刘氏.,False
1003132,7001,刘承宗,male,1635-01-01,1711-12-31,15,昌,Rule-generated Stage7 member for 汉朝刘氏.,False
1003133,7001,刘昌玉,female,1633-01-01,1735-12-31,15,昌,Rule-generated Stage7 member for 汉朝刘氏.,False
1003134,7001,刘强世,male,1634-01-01,1731-12-31,15,昌,Rule-generated Stage7 member for 汉朝刘氏.,False
1003135,7001,刘昌梅,female,1632-01-01,1719-12-31,15,昌,Rule-generated Stage7 member for 汉朝刘氏.,False
1003136,7001,刘成伟,male,1633-01-01,1723-12-31,15,昌,Rule-generated Stage7 member for 汉朝刘氏.,False
1003137,7001,刘昌芳,female,1632-01-01,1687-12-31,15,昌,Rule-generated Stage7 member for 汉朝刘氏.,False
1003138,7001,刘昌成,male,1633-01-01,1723-12-31,15,昌,Rule-generated Stage7 member for 汉朝刘氏.,False
1003139,7001,刘昌清,female,1635-01-01,1708-12-31,15,昌,Rule-generated Stage7 member for 汉朝刘氏.,False
1003140,7001,刘昌宗,male,1633-01-01,1700-12-31,15,昌,Rule-generated Stage7 member for 汉朝刘氏.,False
1003141,7001,刘昌兰,female,1635-01-01,1717-12-31,15,昌,Rule-generated Stage7 member for 汉朝刘氏.,False
1003142,7001,刘昌安,male,1635-01-01,1667-12-31,15,昌,Rule-generated Stage7 member for 汉朝刘氏.,False
1003143,7001,刘昌华,female,1637-01-01,1674-12-31,15,昌,Rule-generated Stage7 member for 汉朝刘氏.,False
1003144,7001,刘昌强,male,1637-01-01,1696-12-31,15,昌,Rule-generated Stage7 member for 汉朝刘氏.,False
1003145,7001,刘昌敏,female,1636-01-01,1705-12-31,15,昌,Rule-generated Stage7 member for 汉朝刘氏.,False
1003146,7001,刘昌安,male,1636-01-01,1705-12-31,15,昌,Rule-generated Stage7 member for 汉朝刘氏.,False
1003147,7001,刘梅宁,female,1637-01-01,1734-12-31,15,昌,Rule-generated Stage7 member for 汉朝刘氏.,False
1003148,7001,刘昌伟,male,1631-01-01,1704-12-31,15,昌,Rule-generated Stage7 member for 汉朝刘氏.,False
1003149,7001,刘梅丽,female,1636-01-01,1704-12-31,15,昌,Rule-generated Stage7 member for 汉朝刘氏.,False
1003150,7001,刘昌景,male,1633-01-01,1672-12-31,15,昌,Rule-generated Stage7 member for 汉朝刘氏.,False
1003151,7001,刘梅清,female,1633-01-01,1726-12-31,15,昌,Rule-generated Stage7 member for 汉朝刘氏.,False
1003152,7001,刘强国,male,1635-01-01,1697-12-31,15,昌,Rule-generated Stage7 member for 汉朝刘氏.,False
1003153,7001,刘昌玉,female,1635-01-01,1677-12-31,15,昌,Rule-generated Stage7 member for 汉朝刘氏.,False
1003154,7001,刘昌宗,male,1636-01-01,1731-12-31,15,昌,Rule-generated Stage7 member for 汉朝刘氏.,False
1003155,7001,刘强,female,1633-01-01,1707-12-31,15,昌,Rule-generated Stage7 member for 汉朝刘氏.,False
1003156,7001,刘昌明,male,1632-01-01,1717-12-31,15,昌,Rule-generated Stage7 member for 汉朝刘氏.,False
1003157,7001,刘昌兰,female,1631-01-01,1690-12-31,15,昌,Rule-generated Stage7 member for 汉朝刘氏.,False
1003158,7001,刘昌伟,male,1637-01-01,1709-12-31,15,昌,Rule-generated Stage7 member for 汉朝刘氏.,False
1003159,7001,刘昌梅,female,1633-01-01,1697-12-31,15,昌,Rule-generated Stage7 member for 汉朝刘氏.,False
1003160,7001,刘德安,male,1631-01-01,1697-12-31,15,昌,Rule-generated Stage7 member for 汉朝刘氏.,False
1003161,7001,刘安清,female,1633-01-01,1671-12-31,15,昌,Rule-generated Stage7 member for 汉朝刘氏.,False
1003162,7001,刘昌文,male,1635-01-01,1713-12-31,15,昌,Rule-generated Stage7 member for 汉朝刘氏.,False
1003163,7001,刘昌宁,female,1635-01-01,1727-12-31,15,昌,Rule-generated Stage7 member for 汉朝刘氏.,False
1003164,7001,刘昌景,male,1635-01-01,1707-12-31,15,昌,Rule-generated Stage7 member for 汉朝刘氏.,False
1003165,7001,刘清丽,female,1631-01-01,1707-12-31,15,昌,Rule-generated Stage7 member for 汉朝刘氏.,False
1003166,7001,刘昌明,male,1635-01-01,1708-12-31,15,昌,Rule-generated Stage7 member for 汉朝刘氏.,False
1003167,7001,刘慧清,female,1635-01-01,1696-12-31,15,昌,Rule-generated Stage7 member for 汉朝刘氏.,False
1003168,7001,刘敏,male,1632-01-01,1677-12-31,15,昌,Rule-generated Stage7 member for 汉朝刘氏.,False
1003169,7001,刘兰丽,female,1633-01-01,1719-12-31,15,昌,Rule-generated Stage7 member for 汉朝刘氏.,False
1003170,7001,刘伟伟,male,1634-01-01,1707-12-31,15,昌,Rule-generated Stage7 member for 汉朝刘氏.,False
1003171,7001,刘昌梅,female,1632-01-01,1698-12-31,15,昌,Rule-generated Stage7 member for 汉朝刘氏.,False
1003172,7001,刘伟,male,1632-01-01,1702-12-31,15,昌,Rule-generated Stage7 member for 汉朝刘氏.,False
1003173,7001,刘昌丽,female,1633-01-01,1697-12-31,15,昌,Rule-generated Stage7 member for 汉朝刘氏.,False
1003174,7001,刘昌强,male,1633-01-01,1703-12-31,15,昌,Rule-generated Stage7 member for 汉朝刘氏.,False
1003175,7001,刘昌玉,female,1632-01-01,1690-12-31,15,昌,Rule-generated Stage7 member for 汉朝刘氏.,False
1003176,7001,刘安文,male,1636-01-01,1699-12-31,15,昌,Rule-generated Stage7 member for 汉朝刘氏.,False
1003177,7001,刘梅雅,female,1633-01-01,1685-12-31,15,昌,Rule-generated Stage7 member for 汉朝刘氏.,False
1003178,7001,刘昌文,male,1637-01-01,1704-12-31,15,昌,Rule-generated Stage7 member for 汉朝刘氏.,False
1003179,7001,刘丽梅,female,1635-01-01,1706-12-31,15,昌,Rule-generated Stage7 member for 汉朝刘氏.,False
1003180,7001,刘安强,male,1637-01-01,1691-12-31,15,昌,Rule-generated Stage7 member for 汉朝刘氏.,False
1003181,7001,刘芳丽,female,1633-01-01,1690-12-31,15,昌,Rule-generated Stage7 member for 汉朝刘氏.,False
1003182,7001,刘昌承,male,1631-01-01,1723-12-31,15,昌,Rule-generated Stage7 member for 汉朝刘氏.,False
1003183,7001,刘丽雅,female,1632-01-01,1713-12-31,15,昌,Rule-generated Stage7 member for 汉朝刘氏.,False
1003184,7001,刘承世,male,1635-01-01,1732-12-31,15,昌,Rule-generated Stage7 member for 汉朝刘氏.,False
1003185,7001,刘明,female,1632-01-01,1676-12-31,15,昌,Rule-generated Stage7 member for 汉朝刘氏.,False
1003186,7001,刘承宗,male,1632-01-01,1711-12-31,15,昌,Rule-generated Stage7 member for 汉朝刘氏.,False
1003187,7001,刘丽芳,female,1632-01-01,1689-12-31,15,昌,Rule-generated Stage7 member for 汉朝刘氏.,False
1003188,7001,刘明景,male,1635-01-01,1729-12-31,15,昌,Rule-generated Stage7 member for 汉朝刘氏.,False
1003189,7001,刘华兰,female,1636-01-01,1737-12-31,15,昌,Rule-generated Stage7 member for 汉朝刘氏.,False
1003190,7001,刘世承,male,1636-01-01,1691-12-31,15,昌,Rule-generated Stage7 member for 汉朝刘氏.,False
1003191,7001,刘梅安,female,1636-01-01,1711-12-31,15,昌,Rule-generated Stage7 member for 汉朝刘氏.,False
1003192,7001,刘华,male,1634-01-01,1701-12-31,15,昌,Rule-generated Stage7 member for 汉朝刘氏.,False
1003193,7001,刘昌慧,female,1635-01-01,1694-12-31,15,昌,Rule-generated Stage7 member for 汉朝刘氏.,False
1003194,7001,刘昌承,male,1637-01-01,1708-12-31,15,昌,Rule-generated Stage7 member for 汉朝刘氏.,False
1003195,7001,刘昌玉,female,1633-01-01,1688-12-31,15,昌,Rule-generated Stage7 member for 汉朝刘氏.,False
1003196,7001,刘伟德,male,1633-01-01,1722-12-31,15,昌,Rule-generated Stage7 member for 汉朝刘氏.,False
1003197,7001,刘昌梅,female,1633-01-01,1703-12-31,15,昌,Rule-generated Stage7 member for 汉朝刘氏.,False
1003198,7001,刘昌宗,male,1632-01-01,1692-12-31,15,昌,Rule-generated Stage7 member for 汉朝刘氏.,False
1003199,7001,刘芳兰,female,1636-01-01,1709-12-31,15,昌,Rule-generated Stage7 member for 汉朝刘氏.,False
1003200,7001,刘昌安,male,1634-01-01,1676-12-31,15,昌,Rule-generated Stage7 member for 汉朝刘氏.,False
1003201,7001,刘昌芳,female,1631-01-01,1656-12-31,15,昌,Rule-generated Stage7 member for 汉朝刘氏.,False
1003202,7001,刘强,male,1632-01-01,1690-12-31,15,昌,Rule-generated Stage7 member for 汉朝刘氏.,False
1003203,7001,刘敏玉,female,1635-01-01,1703-12-31,15,昌,Rule-generated Stage7 member for 汉朝刘氏.,False
1003204,7001,刘昌成,male,1633-01-01,1721-12-31,15,昌,Rule-generated Stage7 member for 汉朝刘氏.,False
1003205,7001,刘昌华,female,1633-01-01,1675-12-31,15,昌,Rule-generated Stage7 member for 汉朝刘氏.,False
1003206,7001,刘宗伟,male,1636-01-01,1668-12-31,15,昌,Rule-generated Stage7 member for 汉朝刘氏.,False
1003207,7001,刘兰丽,female,1635-01-01,1710-12-31,15,昌,Rule-generated Stage7 member for 汉朝刘氏.,False
1003208,7001,刘景成,male,1632-01-01,1729-12-31,15,昌,Rule-generated Stage7 member for 汉朝刘氏.,False
1003209,7001,刘丽,female,1637-01-01,1725-12-31,15,昌,Rule-generated Stage7 member for 汉朝刘氏.,False
1003210,7001,刘昌成,male,1631-01-01,1701-12-31,15,昌,Rule-generated Stage7 member for 汉朝刘氏.,False
1003211,7001,刘昌宁,female,1631-01-01,1714-12-31,15,昌,Rule-generated Stage7 member for 汉朝刘氏.,False
1003212,7001,刘昌景,male,1634-01-01,1731-12-31,15,昌,Rule-generated Stage7 member for 汉朝刘氏.,False
1003213,7001,刘梅安,female,1636-01-01,1716-12-31,15,昌,Rule-generated Stage7 member for 汉朝刘氏.,False
1003214,7001,刘昌强,male,1636-01-01,1710-12-31,15,昌,Rule-generated Stage7 member for 汉朝刘氏.,False
1003215,7001,刘昌玉,female,1636-01-01,1701-12-31,15,昌,Rule-generated Stage7 member for 汉朝刘氏.,False
1003216,7001,刘安景,male,1635-01-01,1685-12-31,15,昌,Rule-generated Stage7 member for 汉朝刘氏.,False
1003217,7001,刘昌慧,female,1634-01-01,1694-12-31,15,昌,Rule-generated Stage7 member for 汉朝刘氏.,False
1003218,7001,刘昌景,male,1636-01-01,1710-12-31,15,昌,Rule-generated Stage7 member for 汉朝刘氏.,False
1003219,7001,刘昌丽,female,1631-01-01,1684-12-31,15,昌,Rule-generated Stage7 member for 汉朝刘氏.,False
1003220,7001,刘昌安,male,1634-01-01,1687-12-31,15,昌,Rule-generated Stage7 member for 汉朝刘氏.,False
1003221,7001,刘昌丽,female,1634-01-01,1701-12-31,15,昌,Rule-generated Stage7 member for 汉朝刘氏.,False
1003222,7001,刘明世,male,1637-01-01,1723-12-31,15,昌,Rule-generated Stage7 member for 汉朝刘氏.,False
1003223,7001,刘敏,female,1637-01-01,1716-12-31,15,昌,Rule-generated Stage7 member for 汉朝刘氏.,False
1003224,7001,刘宗伟,male,1632-01-01,1705-12-31,15,昌,Rule-generated Stage7 member for 汉朝刘氏.,False
1003225,7001,刘昌宁,female,1632-01-01,1675-12-31,15,昌,Rule-generated Stage7 member for 汉朝刘氏.,False
1003226,7001,刘昌宗,male,1636-01-01,1666-12-31,15,昌,Rule-generated Stage7 member for 汉朝刘氏.,False
1003227,7001,刘昌慧,female,1635-01-01,1711-12-31,15,昌,Rule-generated Stage7 member for 汉朝刘氏.,False
1003228,7001,刘昌国,male,1631-01-01,1682-12-31,15,昌,Rule-generated Stage7 member for 汉朝刘氏.,False
1003229,7001,刘安慧,female,1634-01-01,1710-12-31,15,昌,Rule-generated Stage7 member for 汉朝刘氏.,False
1003230,7001,刘承世,male,1637-01-01,1698-12-31,15,昌,Rule-generated Stage7 member for 汉朝刘氏.,False
1003231,7001,刘芳敏,female,1636-01-01,1728-12-31,15,昌,Rule-generated Stage7 member for 汉朝刘氏.,False
1003232,7001,刘昌安,male,1635-01-01,1663-12-31,15,昌,Rule-generated Stage7 member for 汉朝刘氏.,False
1003233,7001,刘昌安,female,1637-01-01,1731-12-31,15,昌,Rule-generated Stage7 member for 汉朝刘氏.,False
1003234,7001,刘昌承,male,1632-01-01,1710-12-31,15,昌,Rule-generated Stage7 member for 汉朝刘氏.,False
1003235,7001,刘昌梅,female,1634-01-01,1720-12-31,15,昌,Rule-generated Stage7 member for 汉朝刘氏.,False
1003236,7001,刘昌强,male,1633-01-01,1686-12-31,15,昌,Rule-generated Stage7 member for 汉朝刘氏.,False
1003237,7001,刘昌芳,female,1637-01-01,1738-12-31,15,昌,Rule-generated Stage7 member for 汉朝刘氏.,False
1003238,7001,刘强德,male,1633-01-01,1705-12-31,15,昌,Rule-generated Stage7 member for 汉朝刘氏.,False
1003239,7001,刘昌慧,female,1635-01-01,1667-12-31,15,昌,Rule-generated Stage7 member for 汉朝刘氏.,False
1003240,7001,刘昌文,male,1633-01-01,1715-12-31,15,昌,Rule-generated Stage7 member for 汉朝刘氏.,False
1003241,7001,刘昌清,female,1631-01-01,1717-12-31,15,昌,Rule-generated Stage7 member for 汉朝刘氏.,False
1003242,7001,刘昌宗,male,1633-01-01,1686-12-31,15,昌,Rule-generated Stage7 member for 汉朝刘氏.,False
1003243,7001,刘昌芳,female,1634-01-01,1700-12-31,15,昌,Rule-generated Stage7 member for 汉朝刘氏.,False
1003244,7001,刘昌强,male,1634-01-01,1693-12-31,15,昌,Rule-generated Stage7 member for 汉朝刘氏.,False
1003245,7001,刘昌兰,female,1637-01-01,1733-12-31,15,昌,Rule-generated Stage7 member for 汉朝刘氏.,False
1003246,7001,刘昌强,male,1632-01-01,1725-12-31,15,昌,Rule-generated Stage7 member for 汉朝刘氏.,False
1003247,7001,刘昌安,female,1635-01-01,1671-12-31,15,昌,Rule-generated Stage7 member for 汉朝刘氏.,False
1003248,7001,刘昌文,male,1632-01-01,1711-12-31,15,昌,Rule-generated Stage7 member for 汉朝刘氏.,False
1003249,7001,刘昌玉,female,1636-01-01,1687-12-31,15,昌,Rule-generated Stage7 member for 汉朝刘氏.,False
1003250,7001,刘强强,male,1635-01-01,1689-12-31,15,昌,Rule-generated Stage7 member for 汉朝刘氏.,False
1003251,7001,刘昌玉,female,1637-01-01,1713-12-31,15,昌,Rule-generated Stage7 member for 汉朝刘氏.,False
1003252,7001,刘昌宗,male,1636-01-01,1702-12-31,15,昌,Rule-generated Stage7 member for 汉朝刘氏.,False
1003253,7001,刘昌芳,female,1637-01-01,1692-12-31,15,昌,Rule-generated Stage7 member for 汉朝刘氏.,False
1003254,7001,刘昌成,male,1633-01-01,1714-12-31,15,昌,Rule-generated Stage7 member for 汉朝刘氏.,False
1003255,7001,刘兰华,female,1635-01-01,1701-12-31,15,昌,Rule-generated Stage7 member for 汉朝刘氏.,False
1003256,7001,刘昌文,male,1636-01-01,1740-12-31,15,昌,Rule-generated Stage7 member for 汉朝刘氏.,False
1003257,7001,刘昌雅,female,1634-01-01,1700-12-31,15,昌,Rule-generated Stage7 member for 汉朝刘氏.,False
1003258,7001,刘文宗,male,1632-01-01,1695-12-31,15,昌,Rule-generated Stage7 member for 汉朝刘氏.,False
1003259,7001,刘昌宁,female,1637-01-01,1708-12-31,15,昌,Rule-generated Stage7 member for 汉朝刘氏.,False
1003260,7001,刘国安,male,1633-01-01,1710-12-31,15,昌,Rule-generated Stage7 member for 汉朝刘氏.,False
1003261,7001,刘昌玉,female,1633-01-01,1726-12-31,15,昌,Rule-generated Stage7 member for 汉朝刘氏.,False
1003262,7001,刘丽,male,1636-01-01,1675-12-31,15,昌,Rule-generated Stage7 member for 汉朝刘氏.,False
1003263,7001,刘昌雅,female,1632-01-01,1689-12-31,15,昌,Rule-generated Stage7 member for 汉朝刘氏.,False
1003264,7001,刘昌文,male,1635-01-01,1690-12-31,15,昌,Rule-generated Stage7 member for 汉朝刘氏.,False
1003265,7001,刘昌清,female,1637-01-01,1736-12-31,15,昌,Rule-generated Stage7 member for 汉朝刘氏.,False
1003266,7001,刘文文,male,1634-01-01,1699-12-31,15,昌,Rule-generated Stage7 member for 汉朝刘氏.,False
1003267,7001,刘安安,female,1637-01-01,1663-12-31,15,昌,Rule-generated Stage7 member for 汉朝刘氏.,False
1003268,7001,刘昌承,male,1636-01-01,1718-12-31,15,昌,Rule-generated Stage7 member for 汉朝刘氏.,False
1003269,7001,刘昌雅,female,1635-01-01,1702-12-31,15,昌,Rule-generated Stage7 member for 汉朝刘氏.,False
1003270,7001,刘昌强,male,1636-01-01,1726-12-31,15,昌,Rule-generated Stage7 member for 汉朝刘氏.,False
1003271,7001,刘丽,female,1637-01-01,1734-12-31,15,昌,Rule-generated Stage7 member for 汉朝刘氏.,False
1003272,7001,刘昌强,male,1631-01-01,1658-12-31,15,昌,Rule-generated Stage7 member for 汉朝刘氏.,False
1003273,7001,刘昌慧,female,1632-01-01,1704-12-31,15,昌,Rule-generated Stage7 member for 汉朝刘氏.,False
1003274,7001,刘昌文,male,1632-01-01,1691-12-31,15,昌,Rule-generated Stage7 member for 汉朝刘氏.,False
1003275,7001,刘昌芳,female,1635-01-01,1699-12-31,15,昌,Rule-generated Stage7 member for 汉朝刘氏.,False
1003276,7001,刘昌宗,male,1633-01-01,1702-12-31,15,昌,Rule-generated Stage7 member for 汉朝刘氏.,False
1003277,7001,刘昌华,female,1636-01-01,1711-12-31,15,昌,Rule-generated Stage7 member for 汉朝刘氏.,False
1003278,7001,刘昌文,male,1637-01-01,1715-12-31,15,昌,Rule-generated Stage7 member for 汉朝刘氏.,False
1003279,7001,刘明,female,1632-01-01,1720-12-31,15,昌,Rule-generated Stage7 member for 汉朝刘氏.,False
1003280,7001,刘景宗,male,1635-01-01,1701-12-31,15,昌,Rule-generated Stage7 member for 汉朝刘氏.,False
1003281,7001,刘昌宁,female,1632-01-01,1691-12-31,15,昌,Rule-generated Stage7 member for 汉朝刘氏.,False
1003282,7001,刘华,male,1637-01-01,1721-12-31,15,昌,Rule-generated Stage7 member for 汉朝刘氏.,False
1003283,7001,刘宁玉,female,1633-01-01,1673-12-31,15,昌,Rule-generated Stage7 member for 汉朝刘氏.,False
1003284,7001,刘强,male,1632-01-01,1718-12-31,15,昌,Rule-generated Stage7 member for 汉朝刘氏.,False
1003285,7001,刘昌梅,female,1631-01-01,1702-12-31,15,昌,Rule-generated Stage7 member for 汉朝刘氏.,False
1003286,7001,刘景景,male,1635-01-01,1688-12-31,15,昌,Rule-generated Stage7 member for 汉朝刘氏.,False
1003287,7001,刘昌兰,female,1632-01-01,1702-12-31,15,昌,Rule-generated Stage7 member for 汉朝刘氏.,False
1003288,7001,刘昌世,male,1635-01-01,1722-12-31,15,昌,Rule-generated Stage7 member for 汉朝刘氏.,False
1003289,7001,刘兰玉,female,1637-01-01,1694-12-31,15,昌,Rule-generated Stage7 member for 汉朝刘氏.,False
1003290,7001,刘昌伟,male,1634-01-01,1692-12-31,15,昌,Rule-generated Stage7 member for 汉朝刘氏.,False
1003291,7001,刘昌安,female,1637-01-01,1742-12-31,15,昌,Rule-generated Stage7 member for 汉朝刘氏.,False
1003292,7001,刘昌承,male,1636-01-01,1675-12-31,15,昌,Rule-generated Stage7 member for 汉朝刘氏.,False
1003293,7001,刘昌梅,female,1636-01-01,1665-12-31,15,昌,Rule-generated Stage7 member for 汉朝刘氏.,False
1003294,7001,刘文伟,male,1634-01-01,1664-12-31,15,昌,Rule-generated Stage7 member for 汉朝刘氏.,False
1003295,7001,刘清梅,female,1632-01-01,1728-12-31,15,昌,Rule-generated Stage7 member for 汉朝刘氏.,False
1003296,7001,刘昌德,male,1635-01-01,1698-12-31,15,昌,Rule-generated Stage7 member for 汉朝刘氏.,False
1003297,7001,刘强,female,1631-01-01,1709-12-31,15,昌,Rule-generated Stage7 member for 汉朝刘氏.,False
1003298,7001,刘宗国,male,1633-01-01,1702-12-31,15,昌,Rule-generated Stage7 member for 汉朝刘氏.,False
1003299,7001,刘昌安,female,1637-01-01,1704-12-31,15,昌,Rule-generated Stage7 member for 汉朝刘氏.,False
1003300,7001,刘华,male,1635-01-01,1696-12-31,15,昌,Rule-generated Stage7 member for 汉朝刘氏.,False
1003301,7001,刘敏安,female,1634-01-01,1666-12-31,15,昌,Rule-generated Stage7 member for 汉朝刘氏.,False
1003302,7001,刘昌伟,male,1631-01-01,1684-12-31,15,昌,Rule-generated Stage7 member for 汉朝刘氏.,False
1003303,7001,刘昌宁,female,1632-01-01,1693-12-31,15,昌,Rule-generated Stage7 member for 汉朝刘氏.,False
1003304,7001,刘昌安,male,1634-01-01,1673-12-31,15,昌,Rule-generated Stage7 member for 汉朝刘氏.,False
1003305,7001,刘华兰,female,1634-01-01,1701-12-31,15,昌,Rule-generated Stage7 member for 汉朝刘氏.,False
1003306,7001,刘强,male,1631-01-01,1709-12-31,15,昌,Rule-generated Stage7 member for 汉朝刘氏.,False
1003307,7001,刘昌宁,female,1636-01-01,1702-12-31,15,昌,Rule-generated Stage7 member for 汉朝刘氏.,False
1003308,7001,刘昌景,male,1633-01-01,1673-12-31,15,昌,Rule-generated Stage7 member for 汉朝刘氏.,False
1003309,7001,刘昌玉,female,1632-01-01,1719-12-31,15,昌,Rule-generated Stage7 member for 汉朝刘氏.,False
1003310,7001,刘昌伟,male,1631-01-01,1702-12-31,15,昌,Rule-generated Stage7 member for 汉朝刘氏.,False
1003311,7001,刘昌敏,female,1633-01-01,1705-12-31,15,昌,Rule-generated Stage7 member for 汉朝刘氏.,False
1003312,7001,刘昌国,male,1635-01-01,1702-12-31,15,昌,Rule-generated Stage7 member for 汉朝刘氏.,False
1003313,7001,刘昌清,female,1632-01-01,1690-12-31,15,昌,Rule-generated Stage7 member for 汉朝刘氏.,False
1003314,7001,刘宗明,male,1636-01-01,1711-12-31,15,昌,Rule-generated Stage7 member for 汉朝刘氏.,False
1003315,7001,刘兰梅,female,1633-01-01,1694-12-31,15,昌,Rule-generated Stage7 member for 汉朝刘氏.,False
1003316,7001,刘成安,male,1636-01-01,1697-12-31,15,昌,Rule-generated Stage7 member for 汉朝刘氏.,False
1003317,7001,刘玉兰,female,1636-01-01,1678-12-31,15,昌,Rule-generated Stage7 member for 汉朝刘氏.,False
1003318,7001,刘昌安,male,1636-01-01,1724-12-31,15,昌,Rule-generated Stage7 member for 汉朝刘氏.,False
1003319,7001,刘昌梅,female,1634-01-01,1700-12-31,15,昌,Rule-generated Stage7 member for 汉朝刘氏.,False
1003320,7001,刘昌文,male,1632-01-01,1709-12-31,15,昌,Rule-generated Stage7 member for 汉朝刘氏.,False
1003321,7001,刘雅宁,female,1632-01-01,1720-12-31,15,昌,Rule-generated Stage7 member for 汉朝刘氏.,False
1003322,7001,刘昌伟,male,1634-01-01,1664-12-31,15,昌,Rule-generated Stage7 member for 汉朝刘氏.,False
1003323,7001,刘伟,female,1632-01-01,1682-12-31,15,昌,Rule-generated Stage7 member for 汉朝刘氏.,False
1003324,7001,刘安世,male,1632-01-01,1706-12-31,15,昌,Rule-generated Stage7 member for 汉朝刘氏.,False
1003325,7001,刘昌敏,female,1632-01-01,1707-12-31,15,昌,Rule-generated Stage7 member for 汉朝刘氏.,False
1003326,7001,刘丽,male,1634-01-01,1725-12-31,15,昌,Rule-generated Stage7 member for 汉朝刘氏.,False
1003327,7001,刘昌宁,female,1636-01-01,1696-12-31,15,昌,Rule-generated Stage7 member for 汉朝刘氏.,False
1003328,7001,刘伟德,male,1635-01-01,1701-12-31,15,昌,Rule-generated Stage7 member for 汉朝刘氏.,False
1003329,7001,刘强,female,1634-01-01,1703-12-31,15,昌,Rule-generated Stage7 member for 汉朝刘氏.,False
1003330,7001,刘昌成,male,1637-01-01,1705-12-31,15,昌,Rule-generated Stage7 member for 汉朝刘氏.,False
1003331,7001,刘昌梅,female,1635-01-01,1741-12-31,15,昌,Rule-generated Stage7 member for 汉朝刘氏.,False
1003332,7001,刘昌德,male,1632-01-01,1695-12-31,15,昌,Rule-generated Stage7 member for 汉朝刘氏.,False
1003333,7001,刘昌华,female,1633-01-01,1683-12-31,15,昌,Rule-generated Stage7 member for 汉朝刘氏.,False
1003334,7001,刘德明,male,1636-01-01,1699-12-31,15,昌,Rule-generated Stage7 member for 汉朝刘氏.,False
1003335,7001,刘昌慧,female,1632-01-01,1691-12-31,15,昌,Rule-generated Stage7 member for 汉朝刘氏.,False
1003336,7001,刘承伟,male,1637-01-01,1718-12-31,15,昌,Rule-generated Stage7 member for 汉朝刘氏.,False
1003337,7001,刘昌宁,female,1634-01-01,1685-12-31,15,昌,Rule-generated Stage7 member for 汉朝刘氏.,False
1003338,7001,刘文成,male,1637-01-01,1715-12-31,15,昌,Rule-generated Stage7 member for 汉朝刘氏.,False
1003339,7001,刘昌敏,female,1636-01-01,1680-12-31,15,昌,Rule-generated Stage7 member for 汉朝刘氏.,False
1003340,7001,刘昌承,male,1636-01-01,1679-12-31,15,昌,Rule-generated Stage7 member for 汉朝刘氏.,False
1003341,7001,刘慧宁,female,1633-01-01,1718-12-31,15,昌,Rule-generated Stage7 member for 汉朝刘氏.,False
1003342,7001,刘昌德,male,1632-01-01,1681-12-31,15,昌,Rule-generated Stage7 member for 汉朝刘氏.,False
1003343,7001,刘昌兰,female,1637-01-01,1674-12-31,15,昌,Rule-generated Stage7 member for 汉朝刘氏.,False
1003344,7001,刘昌成,male,1631-01-01,1676-12-31,15,昌,Rule-generated Stage7 member for 汉朝刘氏.,False
1003345,7001,刘昌敏,female,1636-01-01,1740-12-31,15,昌,Rule-generated Stage7 member for 汉朝刘氏.,False
1003346,7001,刘承承,male,1637-01-01,1700-12-31,15,昌,Rule-generated Stage7 member for 汉朝刘氏.,False
1003347,7001,刘安宁,female,1635-01-01,1706-12-31,15,昌,Rule-generated Stage7 member for 汉朝刘氏.,False
1003348,7001,刘昌宗,male,1635-01-01,1704-12-31,15,昌,Rule-generated Stage7 member for 汉朝刘氏.,False
1003349,7001,刘华,female,1632-01-01,1710-12-31,15,昌,Rule-generated Stage7 member for 汉朝刘氏.,False
1003350,7001,刘文安,male,1632-01-01,1669-12-31,15,昌,Rule-generated Stage7 member for 汉朝刘氏.,False
1003351,7001,刘昌丽,female,1632-01-01,1656-12-31,15,昌,Rule-generated Stage7 member for 汉朝刘氏.,False
1003352,7001,刘伟,male,1633-01-01,1696-12-31,15,昌,Rule-generated Stage7 member for 汉朝刘氏.,False
1003353,7001,刘昌敏,female,1632-01-01,1700-12-31,15,昌,Rule-generated Stage7 member for 汉朝刘氏.,False
1003354,7001,刘伟,male,1631-01-01,1728-12-31,15,昌,Rule-generated Stage7 member for 汉朝刘氏.,False
1003355,7001,刘昌兰,female,1632-01-01,1687-12-31,15,昌,Rule-generated Stage7 member for 汉朝刘氏.,False
1003356,7001,刘昌宗,male,1631-01-01,1678-12-31,15,昌,Rule-generated Stage7 member for 汉朝刘氏.,False
1003357,7001,刘昌宁,female,1633-01-01,1711-12-31,15,昌,Rule-generated Stage7 member for 汉朝刘氏.,False
1003358,7001,刘强伟,male,1633-01-01,1711-12-31,15,昌,Rule-generated Stage7 member for 汉朝刘氏.,False
1003359,7001,刘昌梅,female,1631-01-01,1699-12-31,15,昌,Rule-generated Stage7 member for 汉朝刘氏.,False
1003360,7001,刘承景,male,1634-01-01,1715-12-31,15,昌,Rule-generated Stage7 member for 汉朝刘氏.,False
1003361,7001,刘昌芳,female,1632-01-01,1700-12-31,15,昌,Rule-generated Stage7 member for 汉朝刘氏.,False
1003362,7001,刘昌宗,male,1634-01-01,1701-12-31,15,昌,Rule-generated Stage7 member for 汉朝刘氏.,False
1003363,7001,刘雅慧,female,1635-01-01,1690-12-31,15,昌,Rule-generated Stage7 member for 汉朝刘氏.,False
1003364,7001,刘安伟,male,1637-01-01,1697-12-31,15,昌,Rule-generated Stage7 member for 汉朝刘氏.,False
1003365,7001,刘伟,female,1631-01-01,1675-12-31,15,昌,Rule-generated Stage7 member for 汉朝刘氏.,False
1003366,7001,刘伟,male,1637-01-01,1704-12-31,15,昌,Rule-generated Stage7 member for 汉朝刘氏.,False
1003367,7001,刘兰芳,female,1633-01-01,1697-12-31,15,昌,Rule-generated Stage7 member for 汉朝刘氏.,False
1003368,7001,刘昌成,male,1633-01-01,1703-12-31,15,昌,Rule-generated Stage7 member for 汉朝刘氏.,False
1003369,7001,刘昌华,female,1637-01-01,1720-12-31,15,昌,Rule-generated Stage7 member for 汉朝刘氏.,False
1003370,7001,刘昌明,male,1636-01-01,1713-12-31,15,昌,Rule-generated Stage7 member for 汉朝刘氏.,False
1003371,7001,刘强,female,1633-01-01,1706-12-31,15,昌,Rule-generated Stage7 member for 汉朝刘氏.,False
1003372,7001,刘伟文,male,1636-01-01,1670-12-31,15,昌,Rule-generated Stage7 member for 汉朝刘氏.,False
1003373,7001,刘芳安,female,1635-01-01,1723-12-31,15,昌,Rule-generated Stage7 member for 汉朝刘氏.,False
1003374,7001,刘世成,male,1637-01-01,1726-12-31,15,昌,Rule-generated Stage7 member for 汉朝刘氏.,False
1003375,7001,刘宁安,female,1637-01-01,1700-12-31,15,昌,Rule-generated Stage7 member for 汉朝刘氏.,False
1003376,7001,刘昌安,male,1635-01-01,1714-12-31,15,昌,Rule-generated Stage7 member for 汉朝刘氏.,False
1003377,7001,刘昌玉,female,1635-01-01,1662-12-31,15,昌,Rule-generated Stage7 member for 汉朝刘氏.,False
1003378,7001,刘昌宗,male,1636-01-01,1689-12-31,15,昌,Rule-generated Stage7 member for 汉朝刘氏.,False
1003379,7001,刘清丽,female,1636-01-01,1707-12-31,15,昌,Rule-generated Stage7 member for 汉朝刘氏.,False
1003380,7001,刘明明,male,1631-01-01,1700-12-31,15,昌,Rule-generated Stage7 member for 汉朝刘氏.,False
1003381,7001,刘昌敏,female,1631-01-01,1696-12-31,15,昌,Rule-generated Stage7 member for 汉朝刘氏.,False
1003382,7001,刘承成,male,1637-01-01,1685-12-31,15,昌,Rule-generated Stage7 member for 汉朝刘氏.,False
1003383,7001,刘昌安,female,1633-01-01,1655-12-31,15,昌,Rule-generated Stage7 member for 汉朝刘氏.,False
1003384,7001,刘昌世,male,1636-01-01,1687-12-31,15,昌,Rule-generated Stage7 member for 汉朝刘氏.,False
1003385,7001,刘昌敏,female,1632-01-01,1705-12-31,15,昌,Rule-generated Stage7 member for 汉朝刘氏.,False
1003386,7001,刘国明,male,1635-01-01,1699-12-31,15,昌,Rule-generated Stage7 member for 汉朝刘氏.,False
1003387,7001,刘昌兰,female,1637-01-01,1707-12-31,15,昌,Rule-generated Stage7 member for 汉朝刘氏.,False
1003388,7001,刘国文,male,1634-01-01,1715-12-31,15,昌,Rule-generated Stage7 member for 汉朝刘氏.,False
1003389,7001,刘兰安,female,1635-01-01,1696-12-31,15,昌,Rule-generated Stage7 member for 汉朝刘氏.,False
1003390,7001,刘昌德,male,1636-01-01,1697-12-31,15,昌,Rule-generated Stage7 member for 汉朝刘氏.,False
1003391,7001,刘昌清,female,1635-01-01,1707-12-31,15,昌,Rule-generated Stage7 member for 汉朝刘氏.,False
1003392,7001,刘昌景,male,1636-01-01,1718-12-31,15,昌,Rule-generated Stage7 member for 汉朝刘氏.,False
1003393,7001,刘华,female,1633-01-01,1699-12-31,15,昌,Rule-generated Stage7 member for 汉朝刘氏.,False
1003394,7001,刘昌伟,male,1634-01-01,1709-12-31,15,昌,Rule-generated Stage7 member for 汉朝刘氏.,False
1003395,7001,刘昌宁,female,1632-01-01,1707-12-31,15,昌,Rule-generated Stage7 member for 汉朝刘氏.,False
1003396,7001,刘昌明,male,1636-01-01,1719-12-31,15,昌,Rule-generated Stage7 member for 汉朝刘氏.,False
1003397,7001,刘昌雅,female,1634-01-01,1692-12-31,15,昌,Rule-generated Stage7 member for 汉朝刘氏.,False
1003398,7001,刘国承,male,1634-01-01,1683-12-31,15,昌,Rule-generated Stage7 member for 汉朝刘氏.,False
1003399,7001,刘昌梅,female,1634-01-01,1683-12-31,15,昌,Rule-generated Stage7 member for 汉朝刘氏.,False
1003400,7001,刘昌宗,male,1633-01-01,1708-12-31,15,昌,Rule-generated Stage7 member for 汉朝刘氏.,False
1003401,7001,刘宁敏,female,1631-01-01,1683-12-31,15,昌,Rule-generated Stage7 member for 汉朝刘氏.,False
1003402,7001,刘明安,male,1637-01-01,1685-12-31,15,昌,Rule-generated Stage7 member for 汉朝刘氏.,False
1003403,7001,刘昌兰,female,1636-01-01,1682-12-31,15,昌,Rule-generated Stage7 member for 汉朝刘氏.,False
1003404,7001,刘强明,male,1633-01-01,1672-12-31,15,昌,Rule-generated Stage7 member for 汉朝刘氏.,False
1003405,7001,刘昌慧,female,1636-01-01,1698-12-31,15,昌,Rule-generated Stage7 member for 汉朝刘氏.,False
1003406,7001,刘德安,male,1635-01-01,1701-12-31,15,昌,Rule-generated Stage7 member for 汉朝刘氏.,False
1003407,7001,刘安梅,female,1634-01-01,1711-12-31,15,昌,Rule-generated Stage7 member for 汉朝刘氏.,False
1003408,7001,刘强强,male,1635-01-01,1728-12-31,15,昌,Rule-generated Stage7 member for 汉朝刘氏.,False
1003409,7001,刘慧敏,female,1635-01-01,1715-12-31,15,昌,Rule-generated Stage7 member for 汉朝刘氏.,False
1003410,7001,刘伟,male,1634-01-01,1670-12-31,15,昌,Rule-generated Stage7 member for 汉朝刘氏.,False
1003411,7001,刘宁敏,female,1637-01-01,1724-12-31,15,昌,Rule-generated Stage7 member for 汉朝刘氏.,False
1003412,7001,刘宗文,male,1637-01-01,1728-12-31,15,昌,Rule-generated Stage7 member for 汉朝刘氏.,False
1003413,7001,刘昌清,female,1637-01-01,1732-12-31,15,昌,Rule-generated Stage7 member for 汉朝刘氏.,False
1003414,7001,刘昌文,male,1635-01-01,1675-12-31,15,昌,Rule-generated Stage7 member for 汉朝刘氏.,False
1003415,7001,刘敏,female,1634-01-01,1706-12-31,15,昌,Rule-generated Stage7 member for 汉朝刘氏.,False
1003416,7001,刘昌宗,male,1633-01-01,1709-12-31,15,昌,Rule-generated Stage7 member for 汉朝刘氏.,False
1003417,7001,刘昌兰,female,1634-01-01,1684-12-31,15,昌,Rule-generated Stage7 member for 汉朝刘氏.,False
1003418,7001,刘成国,male,1633-01-01,1696-12-31,15,昌,Rule-generated Stage7 member for 汉朝刘氏.,False
1003419,7001,刘昌华,female,1633-01-01,1710-12-31,15,昌,Rule-generated Stage7 member for 汉朝刘氏.,False
1003420,7001,刘昌文,male,1633-01-01,1698-12-31,15,昌,Rule-generated Stage7 member for 汉朝刘氏.,False
1003421,7001,刘玉慧,female,1637-01-01,1707-12-31,15,昌,Rule-generated Stage7 member for 汉朝刘氏.,False
1003422,7001,刘宗承,male,1631-01-01,1688-12-31,15,昌,Rule-generated Stage7 member for 汉朝刘氏.,False
1003423,7001,刘昌清,female,1631-01-01,1689-12-31,15,昌,Rule-generated Stage7 member for 汉朝刘氏.,False
1003424,7001,刘昌景,male,1631-01-01,1716-12-31,15,昌,Rule-generated Stage7 member for 汉朝刘氏.,False
1003425,7001,刘昌安,female,1637-01-01,1676-12-31,15,昌,Rule-generated Stage7 member for 汉朝刘氏.,False
1003426,7001,刘昌明,male,1633-01-01,1702-12-31,15,昌,Rule-generated Stage7 member for 汉朝刘氏.,False
1003427,7001,刘昌丽,female,1633-01-01,1683-12-31,15,昌,Rule-generated Stage7 member for 汉朝刘氏.,False
1003428,7001,刘昌文,male,1631-01-01,1695-12-31,15,昌,Rule-generated Stage7 member for 汉朝刘氏.,False
1003429,7001,刘华宁,female,1634-01-01,1660-12-31,15,昌,Rule-generated Stage7 member for 汉朝刘氏.,False
1003430,7001,刘昌安,male,1637-01-01,1705-12-31,15,昌,Rule-generated Stage7 member for 汉朝刘氏.,False
1003431,7001,刘昌慧,female,1636-01-01,1699-12-31,15,昌,Rule-generated Stage7 member for 汉朝刘氏.,False
1003432,7001,刘昌强,male,1633-01-01,1694-12-31,15,昌,Rule-generated Stage7 member for 汉朝刘氏.,False
1003433,7001,刘昌清,female,1637-01-01,1713-12-31,15,昌,Rule-generated Stage7 member for 汉朝刘氏.,False
1003434,7001,刘明景,male,1634-01-01,1712-12-31,15,昌,Rule-generated Stage7 member for 汉朝刘氏.,False
1003435,7001,刘昌宁,female,1633-01-01,1707-12-31,15,昌,Rule-generated Stage7 member for 汉朝刘氏.,False
1003436,7001,刘昌明,male,1637-01-01,1697-12-31,15,昌,Rule-generated Stage7 member for 汉朝刘氏.,False
1003437,7001,刘昌玉,female,1635-01-01,1712-12-31,15,昌,Rule-generated Stage7 member for 汉朝刘氏.,False
1003438,7001,刘昌景,male,1637-01-01,1691-12-31,15,昌,Rule-generated Stage7 member for 汉朝刘氏.,False
1003439,7001,刘昌梅,female,1631-01-01,1669-12-31,15,昌,Rule-generated Stage7 member for 汉朝刘氏.,False
1003440,7001,刘昌宗,male,1632-01-01,1715-12-31,15,昌,Rule-generated Stage7 member for 汉朝刘氏.,False
1003441,7001,刘昌雅,female,1637-01-01,1682-12-31,15,昌,Rule-generated Stage7 member for 汉朝刘氏.,False
1003442,7001,刘昌国,male,1631-01-01,1738-12-31,15,昌,Rule-generated Stage7 member for 汉朝刘氏.,False
1003443,7001,刘昌梅,female,1632-01-01,1720-12-31,15,昌,Rule-generated Stage7 member for 汉朝刘氏.,False
1003444,7001,刘文景,male,1632-01-01,1668-12-31,15,昌,Rule-generated Stage7 member for 汉朝刘氏.,False
1003445,7001,刘昌雅,female,1634-01-01,1697-12-31,15,昌,Rule-generated Stage7 member for 汉朝刘氏.,False
1003446,7001,刘昌宗,male,1635-01-01,1705-12-31,15,昌,Rule-generated Stage7 member for 汉朝刘氏.,False
1003447,7001,刘昌雅,female,1633-01-01,1726-12-31,15,昌,Rule-generated Stage7 member for 汉朝刘氏.,False
1003448,7001,刘昌文,male,1637-01-01,1702-12-31,15,昌,Rule-generated Stage7 member for 汉朝刘氏.,False
1003449,7001,刘昌安,female,1633-01-01,1726-12-31,15,昌,Rule-generated Stage7 member for 汉朝刘氏.,False
1003450,7001,刘国承,male,1637-01-01,1687-12-31,15,昌,Rule-generated Stage7 member for 汉朝刘氏.,False
1003451,7001,刘昌安,female,1635-01-01,1716-12-31,15,昌,Rule-generated Stage7 member for 汉朝刘氏.,False
1003452,7001,刘昌文,male,1631-01-01,1713-12-31,15,昌,Rule-generated Stage7 member for 汉朝刘氏.,False
1003453,7001,刘昌宁,female,1635-01-01,1709-12-31,15,昌,Rule-generated Stage7 member for 汉朝刘氏.,False
1003454,7001,刘明,male,1634-01-01,1676-12-31,15,昌,Rule-generated Stage7 member for 汉朝刘氏.,False
1003455,7001,刘昌玉,female,1633-01-01,1694-12-31,15,昌,Rule-generated Stage7 member for 汉朝刘氏.,False
1003456,7001,刘昌德,male,1636-01-01,1692-12-31,15,昌,Rule-generated Stage7 member for 汉朝刘氏.,False
1003457,7001,刘昌兰,female,1631-01-01,1700-12-31,15,昌,Rule-generated Stage7 member for 汉朝刘氏.,False
1003458,7001,刘景德,male,1636-01-01,1688-12-31,15,昌,Rule-generated Stage7 member for 汉朝刘氏.,False
1003459,7001,刘昌兰,female,1631-01-01,1730-12-31,15,昌,Rule-generated Stage7 member for 汉朝刘氏.,False
1003460,7001,刘强明,male,1637-01-01,1726-12-31,15,昌,Rule-generated Stage7 member for 汉朝刘氏.,False
1003461,7001,刘宁华,female,1637-01-01,1741-12-31,15,昌,Rule-generated Stage7 member for 汉朝刘氏.,False
1003462,7001,刘昌国,male,1635-01-01,1685-12-31,15,昌,Rule-generated Stage7 member for 汉朝刘氏.,False
1003463,7001,刘昌兰,female,1633-01-01,1720-12-31,15,昌,Rule-generated Stage7 member for 汉朝刘氏.,False
1003464,7001,刘昌文,male,1632-01-01,1700-12-31,15,昌,Rule-generated Stage7 member for 汉朝刘氏.,False
1003465,7001,刘昌清,female,1637-01-01,1714-12-31,15,昌,Rule-generated Stage7 member for 汉朝刘氏.,False
1003466,7001,刘昌世,male,1637-01-01,1690-12-31,15,昌,Rule-generated Stage7 member for 汉朝刘氏.,False
1003467,7001,刘昌兰,female,1636-01-01,1699-12-31,15,昌,Rule-generated Stage7 member for 汉朝刘氏.,False
1003468,7001,刘昌景,male,1635-01-01,1713-12-31,15,昌,Rule-generated Stage7 member for 汉朝刘氏.,False
1003469,7001,刘昌清,female,1636-01-01,1722-12-31,15,昌,Rule-generated Stage7 member for 汉朝刘氏.,False
1003470,7001,刘昌宗,male,1634-01-01,1733-12-31,15,昌,Rule-generated Stage7 member for 汉朝刘氏.,False
1003471,7001,刘昌慧,female,1636-01-01,1701-12-31,15,昌,Rule-generated Stage7 member for 汉朝刘氏.,False
1003472,7001,刘昌文,male,1637-01-01,1684-12-31,15,昌,Rule-generated Stage7 member for 汉朝刘氏.,False
1003473,7001,刘雅梅,female,1631-01-01,1732-12-31,15,昌,Rule-generated Stage7 member for 汉朝刘氏.,False
1003474,7001,刘成承,male,1635-01-01,1690-12-31,15,昌,Rule-generated Stage7 member for 汉朝刘氏.,False
1003475,7001,刘昌雅,female,1631-01-01,1667-12-31,15,昌,Rule-generated Stage7 member for 汉朝刘氏.,False
1003476,7001,刘昌国,male,1635-01-01,1694-12-31,15,昌,Rule-generated Stage7 member for 汉朝刘氏.,False
1003477,7001,刘昌慧,female,1633-01-01,1662-12-31,15,昌,Rule-generated Stage7 member for 汉朝刘氏.,False
1003478,7001,刘昌宗,male,1631-01-01,1702-12-31,15,昌,Rule-generated Stage7 member for 汉朝刘氏.,False
1003479,7001,刘昌安,female,1631-01-01,1697-12-31,15,昌,Rule-generated Stage7 member for 汉朝刘氏.,False
1003480,7001,刘景世,male,1634-01-01,1726-12-31,15,昌,Rule-generated Stage7 member for 汉朝刘氏.,False
1003481,7001,刘昌玉,female,1631-01-01,1691-12-31,15,昌,Rule-generated Stage7 member for 汉朝刘氏.,False
1003482,7001,刘世成,male,1632-01-01,1689-12-31,15,昌,Rule-generated Stage7 member for 汉朝刘氏.,False
1003483,7001,刘昌慧,female,1636-01-01,1685-12-31,15,昌,Rule-generated Stage7 member for 汉朝刘氏.,False
1003484,7001,刘丽,male,1637-01-01,1697-12-31,15,昌,Rule-generated Stage7 member for 汉朝刘氏.,False
1003485,7001,刘玉梅,female,1633-01-01,1711-12-31,15,昌,Rule-generated Stage7 member for 汉朝刘氏.,False
1003486,7001,刘昌成,male,1637-01-01,1706-12-31,15,昌,Rule-generated Stage7 member for 汉朝刘氏.,False
1003487,7001,刘清敏,female,1635-01-01,1715-12-31,15,昌,Rule-generated Stage7 member for 汉朝刘氏.,False
1003488,7001,刘昌国,male,1632-01-01,1709-12-31,15,昌,Rule-generated Stage7 member for 汉朝刘氏.,False
1003489,7001,刘昌敏,female,1631-01-01,1696-12-31,15,昌,Rule-generated Stage7 member for 汉朝刘氏.,False
1003490,7001,刘昌文,male,1636-01-01,1693-12-31,15,昌,Rule-generated Stage7 member for 汉朝刘氏.,False
1003491,7001,刘昌敏,female,1636-01-01,1709-12-31,15,昌,Rule-generated Stage7 member for 汉朝刘氏.,False
1003492,7001,刘昌伟,male,1633-01-01,1672-12-31,15,昌,Rule-generated Stage7 member for 汉朝刘氏.,False
1003493,7001,刘兰芳,female,1635-01-01,1693-12-31,15,昌,Rule-generated Stage7 member for 汉朝刘氏.,False
1003494,7001,刘昌安,male,1636-01-01,1735-12-31,15,昌,Rule-generated Stage7 member for 汉朝刘氏.,False
1003495,7001,刘昌清,female,1637-01-01,1698-12-31,15,昌,Rule-generated Stage7 member for 汉朝刘氏.,False
1003496,7001,刘昌世,male,1631-01-01,1730-12-31,15,昌,Rule-generated Stage7 member for 汉朝刘氏.,False
1003497,7001,刘明,female,1636-01-01,1709-12-31,15,昌,Rule-generated Stage7 member for 汉朝刘氏.,False
1003498,7001,刘敏,male,1634-01-01,1693-12-31,15,昌,Rule-generated Stage7 member for 汉朝刘氏.,False
1003499,7001,刘丽,female,1634-01-01,1719-12-31,15,昌,Rule-generated Stage7 member for 汉朝刘氏.,False
1003500,7001,刘成强,male,1631-01-01,1681-12-31,15,昌,Rule-generated Stage7 member for 汉朝刘氏.,False
1003501,7001,刘丽丽,female,1635-01-01,1716-12-31,15,昌,Rule-generated Stage7 member for 汉朝刘氏.,False
1003502,7001,刘昌承,male,1631-01-01,1700-12-31,15,昌,Rule-generated Stage7 member for 汉朝刘氏.,False
1003503,7001,刘昌慧,female,1631-01-01,1687-12-31,15,昌,Rule-generated Stage7 member for 汉朝刘氏.,False
1003504,7001,刘安成,male,1634-01-01,1683-12-31,15,昌,Rule-generated Stage7 member for 汉朝刘氏.,False
1003505,7001,刘昌华,female,1634-01-01,1668-12-31,15,昌,Rule-generated Stage7 member for 汉朝刘氏.,False
1003506,7001,刘昌文,male,1634-01-01,1737-12-31,15,昌,Rule-generated Stage7 member for 汉朝刘氏.,False
1003507,7001,刘昌丽,female,1634-01-01,1723-12-31,15,昌,Rule-generated Stage7 member for 汉朝刘氏.,False
1003508,7001,刘昌成,male,1633-01-01,1737-12-31,15,昌,Rule-generated Stage7 member for 汉朝刘氏.,False
1003509,7001,刘昌宁,female,1636-01-01,1696-12-31,15,昌,Rule-generated Stage7 member for 汉朝刘氏.,False
1003510,7001,刘昌国,male,1635-01-01,1695-12-31,15,昌,Rule-generated Stage7 member for 汉朝刘氏.,False
1003511,7001,刘昌慧,female,1636-01-01,1722-12-31,15,昌,Rule-generated Stage7 member for 汉朝刘氏.,False
1003512,7001,刘昌伟,male,1632-01-01,1689-12-31,15,昌,Rule-generated Stage7 member for 汉朝刘氏.,False
1003513,7001,刘昌华,female,1635-01-01,1729-12-31,15,昌,Rule-generated Stage7 member for 汉朝刘氏.,False
1003514,7001,刘强伟,male,1631-01-01,1712-12-31,15,昌,Rule-generated Stage7 member for 汉朝刘氏.,False
1003515,7001,刘昌敏,female,1635-01-01,1681-12-31,15,昌,Rule-generated Stage7 member for 汉朝刘氏.,False
1003516,7001,刘昌成,male,1637-01-01,1676-12-31,15,昌,Rule-generated Stage7 member for 汉朝刘氏.,False
1003517,7001,刘昌华,female,1631-01-01,1693-12-31,15,昌,Rule-generated Stage7 member for 汉朝刘氏.,False
1003518,7001,刘明承,male,1632-01-01,1702-12-31,15,昌,Rule-generated Stage7 member for 汉朝刘氏.,False
1003519,7001,刘昌兰,female,1636-01-01,1694-12-31,15,昌,Rule-generated Stage7 member for 汉朝刘氏.,False
1003520,7001,刘华,male,1631-01-01,1704-12-31,15,昌,Rule-generated Stage7 member for 汉朝刘氏.,False
1003521,7001,刘昌安,female,1637-01-01,1700-12-31,15,昌,Rule-generated Stage7 member for 汉朝刘氏.,False
1003522,7001,刘昌伟,male,1632-01-01,1702-12-31,15,昌,Rule-generated Stage7 member for 汉朝刘氏.,False
1003523,7001,刘华,female,1633-01-01,1699-12-31,15,昌,Rule-generated Stage7 member for 汉朝刘氏.,False
1003524,7001,刘国德,male,1655-01-01,1719-12-31,16,隆,Rule-generated Stage7 member for 汉朝刘氏.,False
1003525,7001,刘隆芳,female,1656-01-01,1700-12-31,16,隆,Rule-generated Stage7 member for 汉朝刘氏.,False
1003526,7001,刘隆世,male,1656-01-01,1711-12-31,16,隆,Rule-generated Stage7 member for 汉朝刘氏.,False
1003527,7001,刘玉清,female,1653-01-01,1721-12-31,16,隆,Rule-generated Stage7 member for 汉朝刘氏.,False
1003528,7001,刘隆宗,male,1658-01-01,1692-12-31,16,隆,Rule-generated Stage7 member for 汉朝刘氏.,False
1003529,7001,刘隆清,female,1656-01-01,1750-12-31,16,隆,Rule-generated Stage7 member for 汉朝刘氏.,False
1003530,7001,刘隆明,male,1659-01-01,1729-12-31,16,隆,Rule-generated Stage7 member for 汉朝刘氏.,False
1003531,7001,刘隆芳,female,1659-01-01,1681-12-31,16,隆,Rule-generated Stage7 member for 汉朝刘氏.,False
1003532,7001,刘隆强,male,1659-01-01,1726-12-31,16,隆,Rule-generated Stage7 member for 汉朝刘氏.,False
1003533,7001,刘清清,female,1657-01-01,1710-12-31,16,隆,Rule-generated Stage7 member for 汉朝刘氏.,False
1003534,7001,刘伟,male,1656-01-01,1726-12-31,16,隆,Rule-generated Stage7 member for 汉朝刘氏.,False
1003535,7001,刘隆玉,female,1655-01-01,1704-12-31,16,隆,Rule-generated Stage7 member for 汉朝刘氏.,False
1003536,7001,刘隆成,male,1654-01-01,1730-12-31,16,隆,Rule-generated Stage7 member for 汉朝刘氏.,False
1003537,7001,刘隆梅,female,1653-01-01,1717-12-31,16,隆,Rule-generated Stage7 member for 汉朝刘氏.,False
1003538,7001,刘隆世,male,1656-01-01,1733-12-31,16,隆,Rule-generated Stage7 member for 汉朝刘氏.,False
1003539,7001,刘隆丽,female,1658-01-01,1742-12-31,16,隆,Rule-generated Stage7 member for 汉朝刘氏.,False
1003540,7001,刘隆国,male,1659-01-01,1693-12-31,16,隆,Rule-generated Stage7 member for 汉朝刘氏.,False
1003541,7001,刘华宁,female,1656-01-01,1761-12-31,16,隆,Rule-generated Stage7 member for 汉朝刘氏.,False
1003542,7001,刘隆世,male,1658-01-01,1702-12-31,16,隆,Rule-generated Stage7 member for 汉朝刘氏.,False
1003543,7001,刘隆安,female,1655-01-01,1694-12-31,16,隆,Rule-generated Stage7 member for 汉朝刘氏.,False
1003544,7001,刘隆德,male,1655-01-01,1716-12-31,16,隆,Rule-generated Stage7 member for 汉朝刘氏.,False
1003545,7001,刘丽敏,female,1658-01-01,1679-12-31,16,隆,Rule-generated Stage7 member for 汉朝刘氏.,False
1003546,7001,刘隆世,male,1655-01-01,1718-12-31,16,隆,Rule-generated Stage7 member for 汉朝刘氏.,False
1003547,7001,刘隆清,female,1657-01-01,1743-12-31,16,隆,Rule-generated Stage7 member for 汉朝刘氏.,False
1003548,7001,刘华,male,1657-01-01,1734-12-31,16,隆,Rule-generated Stage7 member for 汉朝刘氏.,False
1003549,7001,刘丽,female,1656-01-01,1716-12-31,16,隆,Rule-generated Stage7 member for 汉朝刘氏.,False
1003550,7001,刘隆景,male,1659-01-01,1742-12-31,16,隆,Rule-generated Stage7 member for 汉朝刘氏.,False
1003551,7001,刘慧慧,female,1656-01-01,1729-12-31,16,隆,Rule-generated Stage7 member for 汉朝刘氏.,False
1003552,7001,刘隆安,male,1659-01-01,1728-12-31,16,隆,Rule-generated Stage7 member for 汉朝刘氏.,False
1003553,7001,刘隆敏,female,1658-01-01,1741-12-31,16,隆,Rule-generated Stage7 member for 汉朝刘氏.,False
1003554,7001,刘明宗,male,1657-01-01,1690-12-31,16,隆,Rule-generated Stage7 member for 汉朝刘氏.,False
1003555,7001,刘隆丽,female,1656-01-01,1725-12-31,16,隆,Rule-generated Stage7 member for 汉朝刘氏.,False
1003556,7001,刘德明,male,1657-01-01,1722-12-31,16,隆,Rule-generated Stage7 member for 汉朝刘氏.,False
1003557,7001,刘雅玉,female,1659-01-01,1703-12-31,16,隆,Rule-generated Stage7 member for 汉朝刘氏.,False
1003558,7001,刘国明,male,1657-01-01,1717-12-31,16,隆,Rule-generated Stage7 member for 汉朝刘氏.,False
1003559,7001,刘隆华,female,1659-01-01,1756-12-31,16,隆,Rule-generated Stage7 member for 汉朝刘氏.,False
1003560,7001,刘明,male,1655-01-01,1703-12-31,16,隆,Rule-generated Stage7 member for 汉朝刘氏.,False
1003561,7001,刘隆清,female,1654-01-01,1688-12-31,16,隆,Rule-generated Stage7 member for 汉朝刘氏.,False
1003562,7001,刘强文,male,1655-01-01,1736-12-31,16,隆,Rule-generated Stage7 member for 汉朝刘氏.,False
1003563,7001,刘安梅,female,1656-01-01,1717-12-31,16,隆,Rule-generated Stage7 member for 汉朝刘氏.,False
1003564,7001,刘明伟,male,1653-01-01,1710-12-31,16,隆,Rule-generated Stage7 member for 汉朝刘氏.,False
1003565,7001,刘隆玉,female,1657-01-01,1704-12-31,16,隆,Rule-generated Stage7 member for 汉朝刘氏.,False
1003566,7001,刘承国,male,1654-01-01,1707-12-31,16,隆,Rule-generated Stage7 member for 汉朝刘氏.,False
1003567,7001,刘隆芳,female,1659-01-01,1737-12-31,16,隆,Rule-generated Stage7 member for 汉朝刘氏.,False
1003568,7001,刘隆安,male,1658-01-01,1726-12-31,16,隆,Rule-generated Stage7 member for 汉朝刘氏.,False
1003569,7001,刘明,female,1655-01-01,1703-12-31,16,隆,Rule-generated Stage7 member for 汉朝刘氏.,False
1003570,7001,刘隆安,male,1655-01-01,1753-12-31,16,隆,Rule-generated Stage7 member for 汉朝刘氏.,False
1003571,7001,刘隆敏,female,1657-01-01,1724-12-31,16,隆,Rule-generated Stage7 member for 汉朝刘氏.,False
1003572,7001,刘强,male,1657-01-01,1744-12-31,16,隆,Rule-generated Stage7 member for 汉朝刘氏.,False
1003573,7001,刘隆华,female,1659-01-01,1736-12-31,16,隆,Rule-generated Stage7 member for 汉朝刘氏.,False
1003574,7001,刘明安,male,1659-01-01,1687-12-31,16,隆,Rule-generated Stage7 member for 汉朝刘氏.,False
1003575,7001,刘隆雅,female,1659-01-01,1717-12-31,16,隆,Rule-generated Stage7 member for 汉朝刘氏.,False
1003576,7001,刘明德,male,1658-01-01,1727-12-31,16,隆,Rule-generated Stage7 member for 汉朝刘氏.,False
1003577,7001,刘隆清,female,1659-01-01,1726-12-31,16,隆,Rule-generated Stage7 member for 汉朝刘氏.,False
1003578,7001,刘隆安,male,1657-01-01,1727-12-31,16,隆,Rule-generated Stage7 member for 汉朝刘氏.,False
1003579,7001,刘隆华,female,1656-01-01,1746-12-31,16,隆,Rule-generated Stage7 member for 汉朝刘氏.,False
1003580,7001,刘成强,male,1656-01-01,1722-12-31,16,隆,Rule-generated Stage7 member for 汉朝刘氏.,False
1003581,7001,刘隆玉,female,1654-01-01,1688-12-31,16,隆,Rule-generated Stage7 member for 汉朝刘氏.,False
1003582,7001,刘隆安,male,1659-01-01,1746-12-31,16,隆,Rule-generated Stage7 member for 汉朝刘氏.,False
1003583,7001,刘隆慧,female,1659-01-01,1722-12-31,16,隆,Rule-generated Stage7 member for 汉朝刘氏.,False
1003584,7001,刘隆成,male,1659-01-01,1686-12-31,16,隆,Rule-generated Stage7 member for 汉朝刘氏.,False
1003585,7001,刘丽,female,1653-01-01,1733-12-31,16,隆,Rule-generated Stage7 member for 汉朝刘氏.,False
1003586,7001,刘强,male,1653-01-01,1685-12-31,16,隆,Rule-generated Stage7 member for 汉朝刘氏.,False
1003587,7001,刘隆敏,female,1659-01-01,1695-12-31,16,隆,Rule-generated Stage7 member for 汉朝刘氏.,False
1003588,7001,刘隆承,male,1654-01-01,1749-12-31,16,隆,Rule-generated Stage7 member for 汉朝刘氏.,False
1003589,7001,刘隆华,female,1656-01-01,1690-12-31,16,隆,Rule-generated Stage7 member for 汉朝刘氏.,False
1003590,7001,刘强承,male,1656-01-01,1737-12-31,16,隆,Rule-generated Stage7 member for 汉朝刘氏.,False
1003591,7001,刘隆玉,female,1655-01-01,1729-12-31,16,隆,Rule-generated Stage7 member for 汉朝刘氏.,False
1003592,7001,刘隆德,male,1654-01-01,1724-12-31,16,隆,Rule-generated Stage7 member for 汉朝刘氏.,False
1003593,7001,刘隆慧,female,1653-01-01,1702-12-31,16,隆,Rule-generated Stage7 member for 汉朝刘氏.,False
1003594,7001,刘强强,male,1659-01-01,1742-12-31,16,隆,Rule-generated Stage7 member for 汉朝刘氏.,False
1003595,7001,刘隆玉,female,1657-01-01,1699-12-31,16,隆,Rule-generated Stage7 member for 汉朝刘氏.,False
1003596,7001,刘世强,male,1653-01-01,1706-12-31,16,隆,Rule-generated Stage7 member for 汉朝刘氏.,False
1003597,7001,刘隆清,female,1653-01-01,1739-12-31,16,隆,Rule-generated Stage7 member for 汉朝刘氏.,False
1003598,7001,刘隆承,male,1656-01-01,1725-12-31,16,隆,Rule-generated Stage7 member for 汉朝刘氏.,False
1003599,7001,刘隆雅,female,1656-01-01,1746-12-31,16,隆,Rule-generated Stage7 member for 汉朝刘氏.,False
1003600,7001,刘隆明,male,1658-01-01,1737-12-31,16,隆,Rule-generated Stage7 member for 汉朝刘氏.,False
1003601,7001,刘强,female,1653-01-01,1713-12-31,16,隆,Rule-generated Stage7 member for 汉朝刘氏.,False
1003602,7001,刘隆国,male,1659-01-01,1711-12-31,16,隆,Rule-generated Stage7 member for 汉朝刘氏.,False
1003603,7001,刘隆敏,female,1657-01-01,1711-12-31,16,隆,Rule-generated Stage7 member for 汉朝刘氏.,False
1003604,7001,刘隆国,male,1653-01-01,1714-12-31,16,隆,Rule-generated Stage7 member for 汉朝刘氏.,False
1003605,7001,刘丽玉,female,1656-01-01,1726-12-31,16,隆,Rule-generated Stage7 member for 汉朝刘氏.,False
1003606,7001,刘承德,male,1657-01-01,1689-12-31,16,隆,Rule-generated Stage7 member for 汉朝刘氏.,False
1003607,7001,刘强,female,1659-01-01,1730-12-31,16,隆,Rule-generated Stage7 member for 汉朝刘氏.,False
1003608,7001,刘隆承,male,1659-01-01,1704-12-31,16,隆,Rule-generated Stage7 member for 汉朝刘氏.,False
1003609,7001,刘华丽,female,1653-01-01,1688-12-31,16,隆,Rule-generated Stage7 member for 汉朝刘氏.,False
1003610,7001,刘隆宗,male,1656-01-01,1721-12-31,16,隆,Rule-generated Stage7 member for 汉朝刘氏.,False
1003611,7001,刘梅华,female,1654-01-01,1736-12-31,16,隆,Rule-generated Stage7 member for 汉朝刘氏.,False
1003612,7001,刘强国,male,1657-01-01,1742-12-31,16,隆,Rule-generated Stage7 member for 汉朝刘氏.,False
1003613,7001,刘隆雅,female,1659-01-01,1709-12-31,16,隆,Rule-generated Stage7 member for 汉朝刘氏.,False
1003614,7001,刘隆景,male,1655-01-01,1700-12-31,16,隆,Rule-generated Stage7 member for 汉朝刘氏.,False
1003615,7001,刘梅敏,female,1657-01-01,1732-12-31,16,隆,Rule-generated Stage7 member for 汉朝刘氏.,False
1003616,7001,刘隆承,male,1659-01-01,1692-12-31,16,隆,Rule-generated Stage7 member for 汉朝刘氏.,False
1003617,7001,刘芳慧,female,1659-01-01,1722-12-31,16,隆,Rule-generated Stage7 member for 汉朝刘氏.,False
1003618,7001,刘承承,male,1653-01-01,1750-12-31,16,隆,Rule-generated Stage7 member for 汉朝刘氏.,False
1003619,7001,刘隆敏,female,1656-01-01,1738-12-31,16,隆,Rule-generated Stage7 member for 汉朝刘氏.,False
1003620,7001,刘文德,male,1657-01-01,1709-12-31,16,隆,Rule-generated Stage7 member for 汉朝刘氏.,False
1003621,7001,刘隆敏,female,1657-01-01,1697-12-31,16,隆,Rule-generated Stage7 member for 汉朝刘氏.,False
1003622,7001,刘隆安,male,1653-01-01,1711-12-31,16,隆,Rule-generated Stage7 member for 汉朝刘氏.,False
1003623,7001,刘芳兰,female,1654-01-01,1718-12-31,16,隆,Rule-generated Stage7 member for 汉朝刘氏.,False
1003624,7001,刘明强,male,1656-01-01,1726-12-31,16,隆,Rule-generated Stage7 member for 汉朝刘氏.,False
1003625,7001,刘隆丽,female,1656-01-01,1723-12-31,16,隆,Rule-generated Stage7 member for 汉朝刘氏.,False
1003626,7001,刘伟伟,male,1657-01-01,1703-12-31,16,隆,Rule-generated Stage7 member for 汉朝刘氏.,False
1003627,7001,刘慧慧,female,1654-01-01,1727-12-31,16,隆,Rule-generated Stage7 member for 汉朝刘氏.,False
1003628,7001,刘成成,male,1659-01-01,1715-12-31,16,隆,Rule-generated Stage7 member for 汉朝刘氏.,False
1003629,7001,刘安丽,female,1657-01-01,1696-12-31,16,隆,Rule-generated Stage7 member for 汉朝刘氏.,False
1003630,7001,刘丽,male,1656-01-01,1700-12-31,16,隆,Rule-generated Stage7 member for 汉朝刘氏.,False
1003631,7001,刘隆芳,female,1655-01-01,1715-12-31,16,隆,Rule-generated Stage7 member for 汉朝刘氏.,False
1003632,7001,刘隆文,male,1656-01-01,1730-12-31,16,隆,Rule-generated Stage7 member for 汉朝刘氏.,False
1003633,7001,刘华,female,1656-01-01,1731-12-31,16,隆,Rule-generated Stage7 member for 汉朝刘氏.,False
1003634,7001,刘敏,male,1655-01-01,1720-12-31,16,隆,Rule-generated Stage7 member for 汉朝刘氏.,False
1003635,7001,刘隆慧,female,1658-01-01,1714-12-31,16,隆,Rule-generated Stage7 member for 汉朝刘氏.,False
1003636,7001,刘隆安,male,1658-01-01,1744-12-31,16,隆,Rule-generated Stage7 member for 汉朝刘氏.,False
1003637,7001,刘隆丽,female,1656-01-01,1721-12-31,16,隆,Rule-generated Stage7 member for 汉朝刘氏.,False
1003638,7001,刘隆承,male,1657-01-01,1711-12-31,16,隆,Rule-generated Stage7 member for 汉朝刘氏.,False
1003639,7001,刘隆梅,female,1653-01-01,1741-12-31,16,隆,Rule-generated Stage7 member for 汉朝刘氏.,False
1003640,7001,刘隆德,male,1656-01-01,1714-12-31,16,隆,Rule-generated Stage7 member for 汉朝刘氏.,False
1003641,7001,刘雅芳,female,1654-01-01,1735-12-31,16,隆,Rule-generated Stage7 member for 汉朝刘氏.,False
1003642,7001,刘隆德,male,1654-01-01,1725-12-31,16,隆,Rule-generated Stage7 member for 汉朝刘氏.,False
1003643,7001,刘隆玉,female,1655-01-01,1733-12-31,16,隆,Rule-generated Stage7 member for 汉朝刘氏.,False
1003644,7001,刘隆世,male,1655-01-01,1721-12-31,16,隆,Rule-generated Stage7 member for 汉朝刘氏.,False
1003645,7001,刘清华,female,1657-01-01,1738-12-31,16,隆,Rule-generated Stage7 member for 汉朝刘氏.,False
1003646,7001,刘隆成,male,1658-01-01,1716-12-31,16,隆,Rule-generated Stage7 member for 汉朝刘氏.,False
1003647,7001,刘隆丽,female,1654-01-01,1726-12-31,16,隆,Rule-generated Stage7 member for 汉朝刘氏.,False
1003648,7001,刘隆成,male,1657-01-01,1715-12-31,16,隆,Rule-generated Stage7 member for 汉朝刘氏.,False
1003649,7001,刘隆雅,female,1653-01-01,1718-12-31,16,隆,Rule-generated Stage7 member for 汉朝刘氏.,False
1003650,7001,刘隆强,male,1659-01-01,1738-12-31,16,隆,Rule-generated Stage7 member for 汉朝刘氏.,False
1003651,7001,刘雅丽,female,1657-01-01,1711-12-31,16,隆,Rule-generated Stage7 member for 汉朝刘氏.,False
1003652,7001,刘景安,male,1655-01-01,1703-12-31,16,隆,Rule-generated Stage7 member for 汉朝刘氏.,False
1003653,7001,刘隆玉,female,1655-01-01,1699-12-31,16,隆,Rule-generated Stage7 member for 汉朝刘氏.,False
1003654,7001,刘隆世,male,1657-01-01,1727-12-31,16,隆,Rule-generated Stage7 member for 汉朝刘氏.,False
1003655,7001,刘隆丽,female,1659-01-01,1723-12-31,16,隆,Rule-generated Stage7 member for 汉朝刘氏.,False
1003656,7001,刘成宗,male,1656-01-01,1708-12-31,16,隆,Rule-generated Stage7 member for 汉朝刘氏.,False
1003657,7001,刘梅雅,female,1658-01-01,1696-12-31,16,隆,Rule-generated Stage7 member for 汉朝刘氏.,False
1003658,7001,刘隆景,male,1659-01-01,1724-12-31,16,隆,Rule-generated Stage7 member for 汉朝刘氏.,False
1003659,7001,刘梅梅,female,1653-01-01,1698-12-31,16,隆,Rule-generated Stage7 member for 汉朝刘氏.,False
1003660,7001,刘隆宗,male,1657-01-01,1697-12-31,16,隆,Rule-generated Stage7 member for 汉朝刘氏.,False
1003661,7001,刘丽,female,1656-01-01,1685-12-31,16,隆,Rule-generated Stage7 member for 汉朝刘氏.,False
1003662,7001,刘隆成,male,1654-01-01,1740-12-31,16,隆,Rule-generated Stage7 member for 汉朝刘氏.,False
1003663,7001,刘隆宁,female,1655-01-01,1721-12-31,16,隆,Rule-generated Stage7 member for 汉朝刘氏.,False
1003664,7001,刘文宗,male,1658-01-01,1737-12-31,16,隆,Rule-generated Stage7 member for 汉朝刘氏.,False
1003665,7001,刘慧敏,female,1657-01-01,1725-12-31,16,隆,Rule-generated Stage7 member for 汉朝刘氏.,False
1003666,7001,刘隆景,male,1654-01-01,1714-12-31,16,隆,Rule-generated Stage7 member for 汉朝刘氏.,False
1003667,7001,刘隆玉,female,1653-01-01,1746-12-31,16,隆,Rule-generated Stage7 member for 汉朝刘氏.,False
1003668,7001,刘德伟,male,1656-01-01,1757-12-31,16,隆,Rule-generated Stage7 member for 汉朝刘氏.,False
1003669,7001,刘强,female,1658-01-01,1721-12-31,16,隆,Rule-generated Stage7 member for 汉朝刘氏.,False
1003670,7001,刘隆承,male,1656-01-01,1697-12-31,16,隆,Rule-generated Stage7 member for 汉朝刘氏.,False
1003671,7001,刘明,female,1658-01-01,1727-12-31,16,隆,Rule-generated Stage7 member for 汉朝刘氏.,False
1003672,7001,刘安世,male,1658-01-01,1695-12-31,16,隆,Rule-generated Stage7 member for 汉朝刘氏.,False
1003673,7001,刘敏,female,1659-01-01,1732-12-31,16,隆,Rule-generated Stage7 member for 汉朝刘氏.,False
1003674,7001,刘成国,male,1657-01-01,1697-12-31,16,隆,Rule-generated Stage7 member for 汉朝刘氏.,False
1003675,7001,刘玉慧,female,1657-01-01,1691-12-31,16,隆,Rule-generated Stage7 member for 汉朝刘氏.,False
1003676,7001,刘伟世,male,1655-01-01,1736-12-31,16,隆,Rule-generated Stage7 member for 汉朝刘氏.,False
1003677,7001,刘宁丽,female,1654-01-01,1722-12-31,16,隆,Rule-generated Stage7 member for 汉朝刘氏.,False
1003678,7001,刘隆成,male,1658-01-01,1719-12-31,16,隆,Rule-generated Stage7 member for 汉朝刘氏.,False
1003679,7001,刘隆敏,female,1656-01-01,1736-12-31,16,隆,Rule-generated Stage7 member for 汉朝刘氏.,False
1003680,7001,刘隆承,male,1653-01-01,1714-12-31,16,隆,Rule-generated Stage7 member for 汉朝刘氏.,False
1003681,7001,刘隆敏,female,1657-01-01,1728-12-31,16,隆,Rule-generated Stage7 member for 汉朝刘氏.,False
1003682,7001,刘隆宗,male,1655-01-01,1690-12-31,16,隆,Rule-generated Stage7 member for 汉朝刘氏.,False
1003683,7001,刘梅丽,female,1653-01-01,1719-12-31,16,隆,Rule-generated Stage7 member for 汉朝刘氏.,False
1003684,7001,刘隆景,male,1658-01-01,1737-12-31,16,隆,Rule-generated Stage7 member for 汉朝刘氏.,False
1003685,7001,刘隆宁,female,1658-01-01,1740-12-31,16,隆,Rule-generated Stage7 member for 汉朝刘氏.,False
1003686,7001,刘安成,male,1659-01-01,1729-12-31,16,隆,Rule-generated Stage7 member for 汉朝刘氏.,False
1003687,7001,刘隆梅,female,1659-01-01,1698-12-31,16,隆,Rule-generated Stage7 member for 汉朝刘氏.,False
1003688,7001,刘世明,male,1657-01-01,1726-12-31,16,隆,Rule-generated Stage7 member for 汉朝刘氏.,False
1003689,7001,刘强,female,1653-01-01,1697-12-31,16,隆,Rule-generated Stage7 member for 汉朝刘氏.,False
1003690,7001,刘隆文,male,1659-01-01,1694-12-31,16,隆,Rule-generated Stage7 member for 汉朝刘氏.,False
1003691,7001,刘隆敏,female,1657-01-01,1732-12-31,16,隆,Rule-generated Stage7 member for 汉朝刘氏.,False
1003692,7001,刘伟文,male,1657-01-01,1736-12-31,16,隆,Rule-generated Stage7 member for 汉朝刘氏.,False
1003693,7001,刘隆敏,female,1655-01-01,1698-12-31,16,隆,Rule-generated Stage7 member for 汉朝刘氏.,False
1003694,7001,刘隆文,male,1656-01-01,1728-12-31,16,隆,Rule-generated Stage7 member for 汉朝刘氏.,False
1003695,7001,刘隆兰,female,1654-01-01,1716-12-31,16,隆,Rule-generated Stage7 member for 汉朝刘氏.,False
1003696,7001,刘明,male,1656-01-01,1738-12-31,16,隆,Rule-generated Stage7 member for 汉朝刘氏.,False
1003697,7001,刘雅丽,female,1655-01-01,1700-12-31,16,隆,Rule-generated Stage7 member for 汉朝刘氏.,False
1003698,7001,刘隆国,male,1653-01-01,1690-12-31,16,隆,Rule-generated Stage7 member for 汉朝刘氏.,False
1003699,7001,刘隆华,female,1656-01-01,1751-12-31,16,隆,Rule-generated Stage7 member for 汉朝刘氏.,False
1003700,7001,刘丽,male,1653-01-01,1756-12-31,16,隆,Rule-generated Stage7 member for 汉朝刘氏.,False
1003701,7001,刘隆安,female,1654-01-01,1757-12-31,16,隆,Rule-generated Stage7 member for 汉朝刘氏.,False
1003702,7001,刘丽,male,1657-01-01,1721-12-31,16,隆,Rule-generated Stage7 member for 汉朝刘氏.,False
1003703,7001,刘敏,female,1658-01-01,1733-12-31,16,隆,Rule-generated Stage7 member for 汉朝刘氏.,False
1003704,7001,刘隆国,male,1655-01-01,1700-12-31,16,隆,Rule-generated Stage7 member for 汉朝刘氏.,False
1003705,7001,刘隆梅,female,1656-01-01,1748-12-31,16,隆,Rule-generated Stage7 member for 汉朝刘氏.,False
1003706,7001,刘隆成,male,1656-01-01,1728-12-31,16,隆,Rule-generated Stage7 member for 汉朝刘氏.,False
1003707,7001,刘宁玉,female,1653-01-01,1728-12-31,16,隆,Rule-generated Stage7 member for 汉朝刘氏.,False
1003708,7001,刘隆强,male,1659-01-01,1730-12-31,16,隆,Rule-generated Stage7 member for 汉朝刘氏.,False
1003709,7001,刘清丽,female,1653-01-01,1728-12-31,16,隆,Rule-generated Stage7 member for 汉朝刘氏.,False
1003710,7001,刘隆成,male,1655-01-01,1695-12-31,16,隆,Rule-generated Stage7 member for 汉朝刘氏.,False
1003711,7001,刘芳华,female,1657-01-01,1751-12-31,16,隆,Rule-generated Stage7 member for 汉朝刘氏.,False
1003712,7001,刘隆景,male,1658-01-01,1690-12-31,16,隆,Rule-generated Stage7 member for 汉朝刘氏.,False
1003713,7001,刘强,female,1655-01-01,1692-12-31,16,隆,Rule-generated Stage7 member for 汉朝刘氏.,False
1003714,7001,刘伟成,male,1656-01-01,1715-12-31,16,隆,Rule-generated Stage7 member for 汉朝刘氏.,False
1003715,7001,刘明,female,1653-01-01,1701-12-31,16,隆,Rule-generated Stage7 member for 汉朝刘氏.,False
1003716,7001,刘隆宗,male,1655-01-01,1757-12-31,16,隆,Rule-generated Stage7 member for 汉朝刘氏.,False
1003717,7001,刘明,female,1656-01-01,1691-12-31,16,隆,Rule-generated Stage7 member for 汉朝刘氏.,False
1003718,7001,刘隆强,male,1657-01-01,1720-12-31,16,隆,Rule-generated Stage7 member for 汉朝刘氏.,False
1003719,7001,刘明,female,1654-01-01,1726-12-31,16,隆,Rule-generated Stage7 member for 汉朝刘氏.,False
1003720,7001,刘隆明,male,1657-01-01,1731-12-31,16,隆,Rule-generated Stage7 member for 汉朝刘氏.,False
1003721,7001,刘隆丽,female,1654-01-01,1722-12-31,16,隆,Rule-generated Stage7 member for 汉朝刘氏.,False
1003722,7001,刘华,male,1659-01-01,1705-12-31,16,隆,Rule-generated Stage7 member for 汉朝刘氏.,False
1003723,7001,刘隆华,female,1658-01-01,1713-12-31,16,隆,Rule-generated Stage7 member for 汉朝刘氏.,False
1003724,7001,刘强明,male,1654-01-01,1707-12-31,16,隆,Rule-generated Stage7 member for 汉朝刘氏.,False
1003725,7001,刘隆玉,female,1657-01-01,1738-12-31,16,隆,Rule-generated Stage7 member for 汉朝刘氏.,False
1003726,7001,刘强,male,1656-01-01,1757-12-31,16,隆,Rule-generated Stage7 member for 汉朝刘氏.,False
1003727,7001,刘隆清,female,1653-01-01,1702-12-31,16,隆,Rule-generated Stage7 member for 汉朝刘氏.,False
1003728,7001,刘国文,male,1655-01-01,1733-12-31,16,隆,Rule-generated Stage7 member for 汉朝刘氏.,False
1003729,7001,刘隆玉,female,1656-01-01,1695-12-31,16,隆,Rule-generated Stage7 member for 汉朝刘氏.,False
1003730,7001,刘隆文,male,1659-01-01,1724-12-31,16,隆,Rule-generated Stage7 member for 汉朝刘氏.,False
1003731,7001,刘芳安,female,1654-01-01,1702-12-31,16,隆,Rule-generated Stage7 member for 汉朝刘氏.,False
1003732,7001,刘隆成,male,1654-01-01,1744-12-31,16,隆,Rule-generated Stage7 member for 汉朝刘氏.,False
1003733,7001,刘明,female,1653-01-01,1699-12-31,16,隆,Rule-generated Stage7 member for 汉朝刘氏.,False
1003734,7001,刘文世,male,1656-01-01,1738-12-31,16,隆,Rule-generated Stage7 member for 汉朝刘氏.,False
1003735,7001,刘隆安,female,1657-01-01,1709-12-31,16,隆,Rule-generated Stage7 member for 汉朝刘氏.,False
1003736,7001,刘明明,male,1657-01-01,1713-12-31,16,隆,Rule-generated Stage7 member for 汉朝刘氏.,False
1003737,7001,刘慧华,female,1653-01-01,1735-12-31,16,隆,Rule-generated Stage7 member for 汉朝刘氏.,False
1003738,7001,刘隆安,male,1658-01-01,1732-12-31,16,隆,Rule-generated Stage7 member for 汉朝刘氏.,False
1003739,7001,刘芳清,female,1657-01-01,1738-12-31,16,隆,Rule-generated Stage7 member for 汉朝刘氏.,False
1003740,7001,刘文宗,male,1655-01-01,1709-12-31,16,隆,Rule-generated Stage7 member for 汉朝刘氏.,False
1003741,7001,刘隆梅,female,1656-01-01,1714-12-31,16,隆,Rule-generated Stage7 member for 汉朝刘氏.,False
1003742,7001,刘隆国,male,1655-01-01,1738-12-31,16,隆,Rule-generated Stage7 member for 汉朝刘氏.,False
1003743,7001,刘隆敏,female,1657-01-01,1709-12-31,16,隆,Rule-generated Stage7 member for 汉朝刘氏.,False
1003744,7001,刘隆安,male,1657-01-01,1717-12-31,16,隆,Rule-generated Stage7 member for 汉朝刘氏.,False
1003745,7001,刘隆丽,female,1656-01-01,1682-12-31,16,隆,Rule-generated Stage7 member for 汉朝刘氏.,False
1003746,7001,刘隆宗,male,1658-01-01,1683-12-31,16,隆,Rule-generated Stage7 member for 汉朝刘氏.,False
1003747,7001,刘隆安,female,1657-01-01,1732-12-31,16,隆,Rule-generated Stage7 member for 汉朝刘氏.,False
1003748,7001,刘隆安,male,1654-01-01,1674-12-31,16,隆,Rule-generated Stage7 member for 汉朝刘氏.,False
1003749,7001,刘丽,female,1659-01-01,1727-12-31,16,隆,Rule-generated Stage7 member for 汉朝刘氏.,False
1003750,7001,刘景世,male,1656-01-01,1720-12-31,16,隆,Rule-generated Stage7 member for 汉朝刘氏.,False
1003751,7001,刘隆玉,female,1659-01-01,1728-12-31,16,隆,Rule-generated Stage7 member for 汉朝刘氏.,False
1003752,7001,刘强,male,1655-01-01,1730-12-31,16,隆,Rule-generated Stage7 member for 汉朝刘氏.,False
1003753,7001,刘隆敏,female,1657-01-01,1704-12-31,16,隆,Rule-generated Stage7 member for 汉朝刘氏.,False
1003754,7001,刘文强,male,1653-01-01,1709-12-31,16,隆,Rule-generated Stage7 member for 汉朝刘氏.,False
1003755,7001,刘丽,female,1655-01-01,1725-12-31,16,隆,Rule-generated Stage7 member for 汉朝刘氏.,False
1003756,7001,刘隆伟,male,1657-01-01,1720-12-31,16,隆,Rule-generated Stage7 member for 汉朝刘氏.,False
1003757,7001,刘隆梅,female,1658-01-01,1748-12-31,16,隆,Rule-generated Stage7 member for 汉朝刘氏.,False
1003758,7001,刘隆伟,male,1656-01-01,1725-12-31,16,隆,Rule-generated Stage7 member for 汉朝刘氏.,False
1003759,7001,刘隆慧,female,1656-01-01,1698-12-31,16,隆,Rule-generated Stage7 member for 汉朝刘氏.,False
1003760,7001,刘隆宗,male,1656-01-01,1714-12-31,16,隆,Rule-generated Stage7 member for 汉朝刘氏.,False
1003761,7001,刘隆丽,female,1654-01-01,1748-12-31,16,隆,Rule-generated Stage7 member for 汉朝刘氏.,False
1003762,7001,刘德明,male,1654-01-01,1713-12-31,16,隆,Rule-generated Stage7 member for 汉朝刘氏.,False
1003763,7001,刘隆敏,female,1656-01-01,1741-12-31,16,隆,Rule-generated Stage7 member for 汉朝刘氏.,False
1003764,7001,刘伟,male,1658-01-01,1748-12-31,16,隆,Rule-generated Stage7 member for 汉朝刘氏.,False
1003765,7001,刘芳兰,female,1659-01-01,1690-12-31,16,隆,Rule-generated Stage7 member for 汉朝刘氏.,False
1003766,7001,刘隆强,male,1654-01-01,1736-12-31,16,隆,Rule-generated Stage7 member for 汉朝刘氏.,False
1003767,7001,刘隆宁,female,1655-01-01,1710-12-31,16,隆,Rule-generated Stage7 member for 汉朝刘氏.,False
1003768,7001,刘隆宗,male,1659-01-01,1720-12-31,16,隆,Rule-generated Stage7 member for 汉朝刘氏.,False
1003769,7001,刘慧敏,female,1656-01-01,1719-12-31,16,隆,Rule-generated Stage7 member for 汉朝刘氏.,False
1003770,7001,刘隆明,male,1655-01-01,1734-12-31,16,隆,Rule-generated Stage7 member for 汉朝刘氏.,False
1003771,7001,刘兰宁,female,1654-01-01,1741-12-31,16,隆,Rule-generated Stage7 member for 汉朝刘氏.,False
1003772,7001,刘隆国,male,1659-01-01,1717-12-31,16,隆,Rule-generated Stage7 member for 汉朝刘氏.,False
1003773,7001,刘玉清,female,1653-01-01,1678-12-31,16,隆,Rule-generated Stage7 member for 汉朝刘氏.,False
1003774,7001,刘宗世,male,1657-01-01,1757-12-31,16,隆,Rule-generated Stage7 member for 汉朝刘氏.,False
1003775,7001,刘宁敏,female,1659-01-01,1720-12-31,16,隆,Rule-generated Stage7 member for 汉朝刘氏.,False
1003776,7001,刘成承,male,1657-01-01,1743-12-31,16,隆,Rule-generated Stage7 member for 汉朝刘氏.,False
1003777,7001,刘敏玉,female,1655-01-01,1694-12-31,16,隆,Rule-generated Stage7 member for 汉朝刘氏.,False
1003778,7001,刘世强,male,1659-01-01,1718-12-31,16,隆,Rule-generated Stage7 member for 汉朝刘氏.,False
1003779,7001,刘玉华,female,1659-01-01,1734-12-31,16,隆,Rule-generated Stage7 member for 汉朝刘氏.,False
1003780,7001,刘承宗,male,1655-01-01,1759-12-31,16,隆,Rule-generated Stage7 member for 汉朝刘氏.,False
1003781,7001,刘隆清,female,1654-01-01,1686-12-31,16,隆,Rule-generated Stage7 member for 汉朝刘氏.,False
1003782,7001,刘成伟,male,1655-01-01,1735-12-31,16,隆,Rule-generated Stage7 member for 汉朝刘氏.,False
1003783,7001,刘隆华,female,1656-01-01,1759-12-31,16,隆,Rule-generated Stage7 member for 汉朝刘氏.,False
1003784,7001,刘隆德,male,1654-01-01,1683-12-31,16,隆,Rule-generated Stage7 member for 汉朝刘氏.,False
1003785,7001,刘隆玉,female,1656-01-01,1717-12-31,16,隆,Rule-generated Stage7 member for 汉朝刘氏.,False
1003786,7001,刘隆强,male,1654-01-01,1723-12-31,16,隆,Rule-generated Stage7 member for 汉朝刘氏.,False
1003787,7001,刘强,female,1658-01-01,1749-12-31,16,隆,Rule-generated Stage7 member for 汉朝刘氏.,False
1003788,7001,刘隆安,male,1653-01-01,1717-12-31,16,隆,Rule-generated Stage7 member for 汉朝刘氏.,False
1003789,7001,刘隆芳,female,1656-01-01,1698-12-31,16,隆,Rule-generated Stage7 member for 汉朝刘氏.,False
1003790,7001,刘隆国,male,1655-01-01,1708-12-31,16,隆,Rule-generated Stage7 member for 汉朝刘氏.,False
1003791,7001,刘安兰,female,1657-01-01,1758-12-31,16,隆,Rule-generated Stage7 member for 汉朝刘氏.,False
1003792,7001,刘隆伟,male,1654-01-01,1725-12-31,16,隆,Rule-generated Stage7 member for 汉朝刘氏.,False
1003793,7001,刘隆丽,female,1659-01-01,1762-12-31,16,隆,Rule-generated Stage7 member for 汉朝刘氏.,False
1003794,7001,刘国成,male,1657-01-01,1721-12-31,16,隆,Rule-generated Stage7 member for 汉朝刘氏.,False
1003795,7001,刘隆宁,female,1656-01-01,1737-12-31,16,隆,Rule-generated Stage7 member for 汉朝刘氏.,False
1003796,7001,刘隆文,male,1655-01-01,1718-12-31,16,隆,Rule-generated Stage7 member for 汉朝刘氏.,False
1003797,7001,刘清敏,female,1653-01-01,1694-12-31,16,隆,Rule-generated Stage7 member for 汉朝刘氏.,False
1003798,7001,刘隆伟,male,1655-01-01,1749-12-31,16,隆,Rule-generated Stage7 member for 汉朝刘氏.,False
1003799,7001,刘隆雅,female,1659-01-01,1698-12-31,16,隆,Rule-generated Stage7 member for 汉朝刘氏.,False
1003800,7001,刘隆承,male,1658-01-01,1702-12-31,16,隆,Rule-generated Stage7 member for 汉朝刘氏.,False
1003801,7001,刘清丽,female,1659-01-01,1719-12-31,16,隆,Rule-generated Stage7 member for 汉朝刘氏.,False
1003802,7001,刘伟伟,male,1654-01-01,1707-12-31,16,隆,Rule-generated Stage7 member for 汉朝刘氏.,False
1003803,7001,刘隆敏,female,1658-01-01,1683-12-31,16,隆,Rule-generated Stage7 member for 汉朝刘氏.,False
1003804,7001,刘隆文,male,1658-01-01,1755-12-31,16,隆,Rule-generated Stage7 member for 汉朝刘氏.,False
1003805,7001,刘敏,female,1657-01-01,1678-12-31,16,隆,Rule-generated Stage7 member for 汉朝刘氏.,False
1003806,7001,刘强世,male,1659-01-01,1714-12-31,16,隆,Rule-generated Stage7 member for 汉朝刘氏.,False
1003807,7001,刘隆清,female,1658-01-01,1717-12-31,16,隆,Rule-generated Stage7 member for 汉朝刘氏.,False
1003808,7001,刘隆强,male,1657-01-01,1722-12-31,16,隆,Rule-generated Stage7 member for 汉朝刘氏.,False
1003809,7001,刘明,female,1658-01-01,1742-12-31,16,隆,Rule-generated Stage7 member for 汉朝刘氏.,False
1003810,7001,刘隆文,male,1659-01-01,1732-12-31,16,隆,Rule-generated Stage7 member for 汉朝刘氏.,False
1003811,7001,刘隆芳,female,1656-01-01,1700-12-31,16,隆,Rule-generated Stage7 member for 汉朝刘氏.,False
1003812,7001,刘敏,male,1655-01-01,1700-12-31,16,隆,Rule-generated Stage7 member for 汉朝刘氏.,False
1003813,7001,刘隆清,female,1658-01-01,1726-12-31,16,隆,Rule-generated Stage7 member for 汉朝刘氏.,False
1003814,7001,刘隆世,male,1657-01-01,1695-12-31,16,隆,Rule-generated Stage7 member for 汉朝刘氏.,False
1003815,7001,刘清敏,female,1655-01-01,1739-12-31,16,隆,Rule-generated Stage7 member for 汉朝刘氏.,False
1003816,7001,刘隆明,male,1655-01-01,1720-12-31,16,隆,Rule-generated Stage7 member for 汉朝刘氏.,False
1003817,7001,刘敏宁,female,1658-01-01,1740-12-31,16,隆,Rule-generated Stage7 member for 汉朝刘氏.,False
1003818,7001,刘隆国,male,1658-01-01,1739-12-31,16,隆,Rule-generated Stage7 member for 汉朝刘氏.,False
1003819,7001,刘敏兰,female,1653-01-01,1701-12-31,16,隆,Rule-generated Stage7 member for 汉朝刘氏.,False
1003820,7001,刘安明,male,1657-01-01,1705-12-31,16,隆,Rule-generated Stage7 member for 汉朝刘氏.,False
1003821,7001,刘隆兰,female,1655-01-01,1742-12-31,16,隆,Rule-generated Stage7 member for 汉朝刘氏.,False
1003822,7001,刘隆成,male,1659-01-01,1740-12-31,16,隆,Rule-generated Stage7 member for 汉朝刘氏.,False
1003823,7001,刘隆安,female,1658-01-01,1747-12-31,16,隆,Rule-generated Stage7 member for 汉朝刘氏.,False
1003824,7001,刘隆安,male,1657-01-01,1737-12-31,16,隆,Rule-generated Stage7 member for 汉朝刘氏.,False
1003825,7001,刘丽,female,1655-01-01,1707-12-31,16,隆,Rule-generated Stage7 member for 汉朝刘氏.,False
1003826,7001,刘隆安,male,1658-01-01,1692-12-31,16,隆,Rule-generated Stage7 member for 汉朝刘氏.,False
1003827,7001,刘华,female,1654-01-01,1736-12-31,16,隆,Rule-generated Stage7 member for 汉朝刘氏.,False
1003828,7001,刘伟安,male,1658-01-01,1740-12-31,16,隆,Rule-generated Stage7 member for 汉朝刘氏.,False
1003829,7001,刘隆兰,female,1655-01-01,1742-12-31,16,隆,Rule-generated Stage7 member for 汉朝刘氏.,False
1003830,7001,刘宗德,male,1654-01-01,1710-12-31,16,隆,Rule-generated Stage7 member for 汉朝刘氏.,False
1003831,7001,刘隆丽,female,1659-01-01,1730-12-31,16,隆,Rule-generated Stage7 member for 汉朝刘氏.,False
1003832,7001,刘德安,male,1659-01-01,1735-12-31,16,隆,Rule-generated Stage7 member for 汉朝刘氏.,False
1003833,7001,刘隆清,female,1653-01-01,1722-12-31,16,隆,Rule-generated Stage7 member for 汉朝刘氏.,False
1003834,7001,刘隆安,male,1654-01-01,1734-12-31,16,隆,Rule-generated Stage7 member for 汉朝刘氏.,False
1003835,7001,刘隆宁,female,1656-01-01,1712-12-31,16,隆,Rule-generated Stage7 member for 汉朝刘氏.,False
1003836,7001,刘德明,male,1657-01-01,1734-12-31,16,隆,Rule-generated Stage7 member for 汉朝刘氏.,False
1003837,7001,刘隆宁,female,1654-01-01,1725-12-31,16,隆,Rule-generated Stage7 member for 汉朝刘氏.,False
1003838,7001,刘隆明,male,1655-01-01,1698-12-31,16,隆,Rule-generated Stage7 member for 汉朝刘氏.,False
1003839,7001,刘隆敏,female,1655-01-01,1723-12-31,16,隆,Rule-generated Stage7 member for 汉朝刘氏.,False
1003840,7001,刘隆安,male,1655-01-01,1702-12-31,16,隆,Rule-generated Stage7 member for 汉朝刘氏.,False
1003841,7001,刘隆雅,female,1653-01-01,1744-12-31,16,隆,Rule-generated Stage7 member for 汉朝刘氏.,False
1003842,7001,刘国世,male,1655-01-01,1691-12-31,16,隆,Rule-generated Stage7 member for 汉朝刘氏.,False
1003843,7001,刘隆华,female,1658-01-01,1757-12-31,16,隆,Rule-generated Stage7 member for 汉朝刘氏.,False
1003844,7001,刘安德,male,1656-01-01,1694-12-31,16,隆,Rule-generated Stage7 member for 汉朝刘氏.,False
1003845,7001,刘强,female,1659-01-01,1750-12-31,16,隆,Rule-generated Stage7 member for 汉朝刘氏.,False
1003846,7001,刘隆明,male,1659-01-01,1717-12-31,16,隆,Rule-generated Stage7 member for 汉朝刘氏.,False
1003847,7001,刘隆清,female,1656-01-01,1737-12-31,16,隆,Rule-generated Stage7 member for 汉朝刘氏.,False
1003848,7001,刘丽,male,1655-01-01,1687-12-31,16,隆,Rule-generated Stage7 member for 汉朝刘氏.,False
1003849,7001,刘隆慧,female,1655-01-01,1678-12-31,16,隆,Rule-generated Stage7 member for 汉朝刘氏.,False
1003850,7001,刘隆德,male,1658-01-01,1756-12-31,16,隆,Rule-generated Stage7 member for 汉朝刘氏.,False
1003851,7001,刘隆丽,female,1656-01-01,1721-12-31,16,隆,Rule-generated Stage7 member for 汉朝刘氏.,False
1003852,7001,刘隆世,male,1657-01-01,1711-12-31,16,隆,Rule-generated Stage7 member for 汉朝刘氏.,False
1003853,7001,刘隆兰,female,1656-01-01,1712-12-31,16,隆,Rule-generated Stage7 member for 汉朝刘氏.,False
1003854,7001,刘隆伟,male,1657-01-01,1742-12-31,16,隆,Rule-generated Stage7 member for 汉朝刘氏.,False
1003855,7001,刘梅敏,female,1653-01-01,1723-12-31,16,隆,Rule-generated Stage7 member for 汉朝刘氏.,False
1003856,7001,刘隆世,male,1659-01-01,1711-12-31,16,隆,Rule-generated Stage7 member for 汉朝刘氏.,False
1003857,7001,刘隆雅,female,1658-01-01,1717-12-31,16,隆,Rule-generated Stage7 member for 汉朝刘氏.,False
1003858,7001,刘隆世,male,1655-01-01,1682-12-31,16,隆,Rule-generated Stage7 member for 汉朝刘氏.,False
1003859,7001,刘玉清,female,1656-01-01,1713-12-31,16,隆,Rule-generated Stage7 member for 汉朝刘氏.,False
1003860,7001,刘华,male,1657-01-01,1752-12-31,16,隆,Rule-generated Stage7 member for 汉朝刘氏.,False
1003861,7001,刘隆梅,female,1656-01-01,1738-12-31,16,隆,Rule-generated Stage7 member for 汉朝刘氏.,False
1003862,7001,刘伟国,male,1656-01-01,1753-12-31,16,隆,Rule-generated Stage7 member for 汉朝刘氏.,False
1003863,7001,刘隆梅,female,1653-01-01,1725-12-31,16,隆,Rule-generated Stage7 member for 汉朝刘氏.,False
1003864,7001,刘隆宗,male,1655-01-01,1716-12-31,16,隆,Rule-generated Stage7 member for 汉朝刘氏.,False
1003865,7001,刘隆梅,female,1654-01-01,1728-12-31,16,隆,Rule-generated Stage7 member for 汉朝刘氏.,False
1003866,7001,刘强德,male,1656-01-01,1720-12-31,16,隆,Rule-generated Stage7 member for 汉朝刘氏.,False
1003867,7001,刘雅安,female,1658-01-01,1714-12-31,16,隆,Rule-generated Stage7 member for 汉朝刘氏.,False
1003868,7001,刘德伟,male,1656-01-01,1729-12-31,16,隆,Rule-generated Stage7 member for 汉朝刘氏.,False
1003869,7001,刘华兰,female,1654-01-01,1703-12-31,16,隆,Rule-generated Stage7 member for 汉朝刘氏.,False
1003870,7001,刘隆景,male,1658-01-01,1709-12-31,16,隆,Rule-generated Stage7 member for 汉朝刘氏.,False
1003871,7001,刘丽梅,female,1659-01-01,1707-12-31,16,隆,Rule-generated Stage7 member for 汉朝刘氏.,False
1003872,7001,刘隆成,male,1653-01-01,1714-12-31,16,隆,Rule-generated Stage7 member for 汉朝刘氏.,False
1003873,7001,刘隆兰,female,1659-01-01,1723-12-31,16,隆,Rule-generated Stage7 member for 汉朝刘氏.,False
1003874,7001,刘强文,male,1656-01-01,1744-12-31,16,隆,Rule-generated Stage7 member for 汉朝刘氏.,False
1003875,7001,刘丽梅,female,1655-01-01,1753-12-31,16,隆,Rule-generated Stage7 member for 汉朝刘氏.,False
1003876,7001,刘隆强,male,1654-01-01,1688-12-31,16,隆,Rule-generated Stage7 member for 汉朝刘氏.,False
1003877,7001,刘隆雅,female,1655-01-01,1717-12-31,16,隆,Rule-generated Stage7 member for 汉朝刘氏.,False
1003878,7001,刘隆明,male,1653-01-01,1746-12-31,16,隆,Rule-generated Stage7 member for 汉朝刘氏.,False
1003879,7001,刘隆华,female,1657-01-01,1713-12-31,16,隆,Rule-generated Stage7 member for 汉朝刘氏.,False
1003880,7001,刘隆景,male,1655-01-01,1698-12-31,16,隆,Rule-generated Stage7 member for 汉朝刘氏.,False
1003881,7001,刘隆芳,female,1653-01-01,1718-12-31,16,隆,Rule-generated Stage7 member for 汉朝刘氏.,False
1003882,7001,刘安文,male,1659-01-01,1700-12-31,16,隆,Rule-generated Stage7 member for 汉朝刘氏.,False
1003883,7001,刘华,female,1659-01-01,1747-12-31,16,隆,Rule-generated Stage7 member for 汉朝刘氏.,False
1003884,7001,刘宗国,male,1658-01-01,1732-12-31,16,隆,Rule-generated Stage7 member for 汉朝刘氏.,False
1003885,7001,刘隆安,female,1654-01-01,1704-12-31,16,隆,Rule-generated Stage7 member for 汉朝刘氏.,False
1003886,7001,刘隆宗,male,1653-01-01,1723-12-31,16,隆,Rule-generated Stage7 member for 汉朝刘氏.,False
1003887,7001,刘安清,female,1657-01-01,1714-12-31,16,隆,Rule-generated Stage7 member for 汉朝刘氏.,False
1003888,7001,刘隆世,male,1658-01-01,1725-12-31,16,隆,Rule-generated Stage7 member for 汉朝刘氏.,False
1003889,7001,刘宁宁,female,1653-01-01,1706-12-31,16,隆,Rule-generated Stage7 member for 汉朝刘氏.,False
1003890,7001,刘承文,male,1655-01-01,1723-12-31,16,隆,Rule-generated Stage7 member for 汉朝刘氏.,False
1003891,7001,刘隆芳,female,1655-01-01,1755-12-31,16,隆,Rule-generated Stage7 member for 汉朝刘氏.,False
1003892,7001,刘隆文,male,1659-01-01,1706-12-31,16,隆,Rule-generated Stage7 member for 汉朝刘氏.,False
1003893,7001,刘隆慧,female,1656-01-01,1727-12-31,16,隆,Rule-generated Stage7 member for 汉朝刘氏.,False
1003894,7001,刘丽,male,1654-01-01,1695-12-31,16,隆,Rule-generated Stage7 member for 汉朝刘氏.,False
1003895,7001,刘丽芳,female,1654-01-01,1736-12-31,16,隆,Rule-generated Stage7 member for 汉朝刘氏.,False
1003896,7001,刘隆宗,male,1657-01-01,1721-12-31,16,隆,Rule-generated Stage7 member for 汉朝刘氏.,False
1003897,7001,刘隆梅,female,1655-01-01,1727-12-31,16,隆,Rule-generated Stage7 member for 汉朝刘氏.,False
1003898,7001,刘景景,male,1653-01-01,1720-12-31,16,隆,Rule-generated Stage7 member for 汉朝刘氏.,False
1003899,7001,刘玉华,female,1656-01-01,1731-12-31,16,隆,Rule-generated Stage7 member for 汉朝刘氏.,False
1003900,7001,刘强,male,1656-01-01,1704-12-31,16,隆,Rule-generated Stage7 member for 汉朝刘氏.,False
1003901,7001,刘安雅,female,1658-01-01,1728-12-31,16,隆,Rule-generated Stage7 member for 汉朝刘氏.,False
1003902,7001,刘隆景,male,1654-01-01,1729-12-31,16,隆,Rule-generated Stage7 member for 汉朝刘氏.,False
1003903,7001,刘清玉,female,1656-01-01,1749-12-31,16,隆,Rule-generated Stage7 member for 汉朝刘氏.,False
1003904,7001,刘隆安,male,1654-01-01,1759-12-31,16,隆,Rule-generated Stage7 member for 汉朝刘氏.,False
1003905,7001,刘隆玉,female,1658-01-01,1723-12-31,16,隆,Rule-generated Stage7 member for 汉朝刘氏.,False
1003906,7001,刘安景,male,1658-01-01,1730-12-31,16,隆,Rule-generated Stage7 member for 汉朝刘氏.,False
1003907,7001,刘隆雅,female,1656-01-01,1724-12-31,16,隆,Rule-generated Stage7 member for 汉朝刘氏.,False
1003908,7001,刘明安,male,1653-01-01,1704-12-31,16,隆,Rule-generated Stage7 member for 汉朝刘氏.,False
1003909,7001,刘隆华,female,1656-01-01,1714-12-31,16,隆,Rule-generated Stage7 member for 汉朝刘氏.,False
1003910,7001,刘隆强,male,1658-01-01,1751-12-31,16,隆,Rule-generated Stage7 member for 汉朝刘氏.,False
1003911,7001,刘宁雅,female,1655-01-01,1733-12-31,16,隆,Rule-generated Stage7 member for 汉朝刘氏.,False
1003912,7001,刘隆强,male,1655-01-01,1725-12-31,16,隆,Rule-generated Stage7 member for 汉朝刘氏.,False
1003913,7001,刘隆玉,female,1653-01-01,1713-12-31,16,隆,Rule-generated Stage7 member for 汉朝刘氏.,False
1003914,7001,刘德成,male,1655-01-01,1715-12-31,16,隆,Rule-generated Stage7 member for 汉朝刘氏.,False
1003915,7001,刘芳清,female,1658-01-01,1727-12-31,16,隆,Rule-generated Stage7 member for 汉朝刘氏.,False
1003916,7001,刘隆文,male,1653-01-01,1690-12-31,16,隆,Rule-generated Stage7 member for 汉朝刘氏.,False
1003917,7001,刘隆慧,female,1659-01-01,1707-12-31,16,隆,Rule-generated Stage7 member for 汉朝刘氏.,False
1003918,7001,刘隆明,male,1658-01-01,1730-12-31,16,隆,Rule-generated Stage7 member for 汉朝刘氏.,False
1003919,7001,刘隆丽,female,1654-01-01,1706-12-31,16,隆,Rule-generated Stage7 member for 汉朝刘氏.,False
1003920,7001,刘强宗,male,1658-01-01,1718-12-31,16,隆,Rule-generated Stage7 member for 汉朝刘氏.,False
1003921,7001,刘丽华,female,1657-01-01,1730-12-31,16,隆,Rule-generated Stage7 member for 汉朝刘氏.,False
1003922,7001,刘明,male,1653-01-01,1722-12-31,16,隆,Rule-generated Stage7 member for 汉朝刘氏.,False
1003923,7001,刘伟,female,1653-01-01,1706-12-31,16,隆,Rule-generated Stage7 member for 汉朝刘氏.,False
1003924,7001,刘隆成,male,1659-01-01,1717-12-31,16,隆,Rule-generated Stage7 member for 汉朝刘氏.,False
1003925,7001,刘隆梅,female,1654-01-01,1723-12-31,16,隆,Rule-generated Stage7 member for 汉朝刘氏.,False
1003926,7001,刘国德,male,1656-01-01,1717-12-31,16,隆,Rule-generated Stage7 member for 汉朝刘氏.,False
1003927,7001,刘隆兰,female,1657-01-01,1712-12-31,16,隆,Rule-generated Stage7 member for 汉朝刘氏.,False
1003928,7001,刘世景,male,1654-01-01,1720-12-31,16,隆,Rule-generated Stage7 member for 汉朝刘氏.,False
1003929,7001,刘隆丽,female,1655-01-01,1723-12-31,16,隆,Rule-generated Stage7 member for 汉朝刘氏.,False
1003930,7001,刘隆文,male,1654-01-01,1745-12-31,16,隆,Rule-generated Stage7 member for 汉朝刘氏.,False
1003931,7001,刘隆玉,female,1657-01-01,1713-12-31,16,隆,Rule-generated Stage7 member for 汉朝刘氏.,False
1003932,7001,刘隆国,male,1654-01-01,1708-12-31,16,隆,Rule-generated Stage7 member for 汉朝刘氏.,False
1003933,7001,刘清雅,female,1653-01-01,1681-12-31,16,隆,Rule-generated Stage7 member for 汉朝刘氏.,False
1003934,7001,刘敏,male,1658-01-01,1713-12-31,16,隆,Rule-generated Stage7 member for 汉朝刘氏.,False
1003935,7001,刘兰宁,female,1658-01-01,1756-12-31,16,隆,Rule-generated Stage7 member for 汉朝刘氏.,False
1003936,7001,刘隆成,male,1653-01-01,1687-12-31,16,隆,Rule-generated Stage7 member for 汉朝刘氏.,False
1003937,7001,刘隆宁,female,1654-01-01,1739-12-31,16,隆,Rule-generated Stage7 member for 汉朝刘氏.,False
1003938,7001,刘隆宗,male,1658-01-01,1732-12-31,16,隆,Rule-generated Stage7 member for 汉朝刘氏.,False
1003939,7001,刘隆清,female,1656-01-01,1753-12-31,16,隆,Rule-generated Stage7 member for 汉朝刘氏.,False
1003940,7001,刘隆国,male,1655-01-01,1701-12-31,16,隆,Rule-generated Stage7 member for 汉朝刘氏.,False
1003941,7001,刘隆敏,female,1656-01-01,1716-12-31,16,隆,Rule-generated Stage7 member for 汉朝刘氏.,False
1003942,7001,刘隆世,male,1658-01-01,1712-12-31,16,隆,Rule-generated Stage7 member for 汉朝刘氏.,False
1003943,7001,刘芳玉,female,1653-01-01,1729-12-31,16,隆,Rule-generated Stage7 member for 汉朝刘氏.,False
1003944,7001,刘明,male,1655-01-01,1687-12-31,16,隆,Rule-generated Stage7 member for 汉朝刘氏.,False
1003945,7001,刘梅梅,female,1654-01-01,1760-12-31,16,隆,Rule-generated Stage7 member for 汉朝刘氏.,False
1003946,7001,刘安成,male,1656-01-01,1693-12-31,16,隆,Rule-generated Stage7 member for 汉朝刘氏.,False
1003947,7001,刘隆丽,female,1659-01-01,1707-12-31,16,隆,Rule-generated Stage7 member for 汉朝刘氏.,False
1003948,7001,刘隆德,male,1655-01-01,1699-12-31,16,隆,Rule-generated Stage7 member for 汉朝刘氏.,False
1003949,7001,刘清敏,female,1657-01-01,1744-12-31,16,隆,Rule-generated Stage7 member for 汉朝刘氏.,False
1003950,7001,刘隆景,male,1653-01-01,1744-12-31,16,隆,Rule-generated Stage7 member for 汉朝刘氏.,False
1003951,7001,刘宁丽,female,1656-01-01,1746-12-31,16,隆,Rule-generated Stage7 member for 汉朝刘氏.,False
1003952,7001,刘隆宗,male,1656-01-01,1703-12-31,16,隆,Rule-generated Stage7 member for 汉朝刘氏.,False
1003953,7001,刘芳丽,female,1655-01-01,1694-12-31,16,隆,Rule-generated Stage7 member for 汉朝刘氏.,False
1003954,7001,刘隆国,male,1658-01-01,1723-12-31,16,隆,Rule-generated Stage7 member for 汉朝刘氏.,False
1003955,7001,刘明,female,1653-01-01,1710-12-31,16,隆,Rule-generated Stage7 member for 汉朝刘氏.,False
1003956,7001,刘强,male,1653-01-01,1731-12-31,16,隆,Rule-generated Stage7 member for 汉朝刘氏.,False
1003957,7001,刘隆梅,female,1653-01-01,1686-12-31,16,隆,Rule-generated Stage7 member for 汉朝刘氏.,False
1003958,7001,刘景国,male,1658-01-01,1750-12-31,16,隆,Rule-generated Stage7 member for 汉朝刘氏.,False
1003959,7001,刘华,female,1656-01-01,1708-12-31,16,隆,Rule-generated Stage7 member for 汉朝刘氏.,False
1003960,7001,刘隆成,male,1657-01-01,1757-12-31,16,隆,Rule-generated Stage7 member for 汉朝刘氏.,False
1003961,7001,刘慧宁,female,1656-01-01,1710-12-31,16,隆,Rule-generated Stage7 member for 汉朝刘氏.,False
1003962,7001,刘隆明,male,1658-01-01,1734-12-31,16,隆,Rule-generated Stage7 member for 汉朝刘氏.,False
1003963,7001,刘敏慧,female,1659-01-01,1699-12-31,16,隆,Rule-generated Stage7 member for 汉朝刘氏.,False
1003964,7001,刘德伟,male,1657-01-01,1687-12-31,16,隆,Rule-generated Stage7 member for 汉朝刘氏.,False
1003965,7001,刘兰慧,female,1657-01-01,1712-12-31,16,隆,Rule-generated Stage7 member for 汉朝刘氏.,False
1003966,7001,刘隆德,male,1658-01-01,1725-12-31,16,隆,Rule-generated Stage7 member for 汉朝刘氏.,False
1003967,7001,刘芳敏,female,1654-01-01,1730-12-31,16,隆,Rule-generated Stage7 member for 汉朝刘氏.,False
1003968,7001,刘隆成,male,1659-01-01,1738-12-31,16,隆,Rule-generated Stage7 member for 汉朝刘氏.,False
1003969,7001,刘丽安,female,1657-01-01,1753-12-31,16,隆,Rule-generated Stage7 member for 汉朝刘氏.,False
1003970,7001,刘隆国,male,1656-01-01,1719-12-31,16,隆,Rule-generated Stage7 member for 汉朝刘氏.,False
1003971,7001,刘隆宁,female,1655-01-01,1723-12-31,16,隆,Rule-generated Stage7 member for 汉朝刘氏.,False
1003972,7001,刘世承,male,1659-01-01,1691-12-31,16,隆,Rule-generated Stage7 member for 汉朝刘氏.,False
1003973,7001,刘隆安,female,1655-01-01,1704-12-31,16,隆,Rule-generated Stage7 member for 汉朝刘氏.,False
1003974,7001,刘伟,male,1659-01-01,1705-12-31,16,隆,Rule-generated Stage7 member for 汉朝刘氏.,False
1003975,7001,刘敏宁,female,1659-01-01,1751-12-31,16,隆,Rule-generated Stage7 member for 汉朝刘氏.,False
1003976,7001,刘隆伟,male,1654-01-01,1706-12-31,16,隆,Rule-generated Stage7 member for 汉朝刘氏.,False
1003977,7001,刘隆雅,female,1653-01-01,1728-12-31,16,隆,Rule-generated Stage7 member for 汉朝刘氏.,False
1003978,7001,刘隆国,male,1655-01-01,1682-12-31,16,隆,Rule-generated Stage7 member for 汉朝刘氏.,False
1003979,7001,刘隆慧,female,1653-01-01,1716-12-31,16,隆,Rule-generated Stage7 member for 汉朝刘氏.,False
1003980,7001,刘伟景,male,1654-01-01,1717-12-31,16,隆,Rule-generated Stage7 member for 汉朝刘氏.,False
1003981,7001,刘隆兰,female,1655-01-01,1740-12-31,16,隆,Rule-generated Stage7 member for 汉朝刘氏.,False
1003982,7001,刘隆景,male,1656-01-01,1713-12-31,16,隆,Rule-generated Stage7 member for 汉朝刘氏.,False
1003983,7001,刘玉安,female,1656-01-01,1715-12-31,16,隆,Rule-generated Stage7 member for 汉朝刘氏.,False
1003984,7001,刘宗安,male,1658-01-01,1717-12-31,16,隆,Rule-generated Stage7 member for 汉朝刘氏.,False
1003985,7001,刘安敏,female,1655-01-01,1715-12-31,16,隆,Rule-generated Stage7 member for 汉朝刘氏.,False
1003986,7001,刘隆安,male,1653-01-01,1746-12-31,16,隆,Rule-generated Stage7 member for 汉朝刘氏.,False
1003987,7001,刘隆宁,female,1653-01-01,1719-12-31,16,隆,Rule-generated Stage7 member for 汉朝刘氏.,False
1003988,7001,刘隆明,male,1658-01-01,1725-12-31,16,隆,Rule-generated Stage7 member for 汉朝刘氏.,False
1003989,7001,刘慧华,female,1658-01-01,1715-12-31,16,隆,Rule-generated Stage7 member for 汉朝刘氏.,False
1003990,7001,刘隆成,male,1654-01-01,1727-12-31,16,隆,Rule-generated Stage7 member for 汉朝刘氏.,False
1003991,7001,刘隆清,female,1657-01-01,1709-12-31,16,隆,Rule-generated Stage7 member for 汉朝刘氏.,False
1003992,7001,刘景世,male,1654-01-01,1717-12-31,16,隆,Rule-generated Stage7 member for 汉朝刘氏.,False
1003993,7001,刘国国,male,1679-01-01,1713-12-31,17,绍,Rule-generated Stage7 member for 汉朝刘氏.,False
1003994,7001,刘绍敏,female,1680-01-01,1711-12-31,17,绍,Rule-generated Stage7 member for 汉朝刘氏.,False
1003995,7001,刘文成,male,1675-01-01,1769-12-31,17,绍,Rule-generated Stage7 member for 汉朝刘氏.,False
1003996,7001,刘绍兰,female,1676-01-01,1752-12-31,17,绍,Rule-generated Stage7 member for 汉朝刘氏.,False
1003997,7001,刘国世,male,1679-01-01,1727-12-31,17,绍,Rule-generated Stage7 member for 汉朝刘氏.,False
1003998,7001,刘慧丽,female,1678-01-01,1758-12-31,17,绍,Rule-generated Stage7 member for 汉朝刘氏.,False
1003999,7001,刘承承,male,1677-01-01,1723-12-31,17,绍,Rule-generated Stage7 member for 汉朝刘氏.,False
1004000,7001,刘清宁,female,1678-01-01,1732-12-31,17,绍,Rule-generated Stage7 member for 汉朝刘氏.,False
1004001,7001,刘绍德,male,1676-01-01,1747-12-31,17,绍,Rule-generated Stage7 member for 汉朝刘氏.,False
1004002,7001,刘玉兰,female,1679-01-01,1763-12-31,17,绍,Rule-generated Stage7 member for 汉朝刘氏.,False
1004003,7001,刘绍强,male,1678-01-01,1764-12-31,17,绍,Rule-generated Stage7 member for 汉朝刘氏.,False
1004004,7001,刘绍玉,female,1675-01-01,1730-12-31,17,绍,Rule-generated Stage7 member for 汉朝刘氏.,False
1004005,7001,刘绍国,male,1680-01-01,1720-12-31,17,绍,Rule-generated Stage7 member for 汉朝刘氏.,False
1004006,7001,刘梅丽,female,1679-01-01,1762-12-31,17,绍,Rule-generated Stage7 member for 汉朝刘氏.,False
1004007,7001,刘绍景,male,1679-01-01,1768-12-31,17,绍,Rule-generated Stage7 member for 汉朝刘氏.,False
1004008,7001,刘雅清,female,1681-01-01,1757-12-31,17,绍,Rule-generated Stage7 member for 汉朝刘氏.,False
1004009,7001,刘绍成,male,1676-01-01,1709-12-31,17,绍,Rule-generated Stage7 member for 汉朝刘氏.,False
1004010,7001,刘绍兰,female,1680-01-01,1765-12-31,17,绍,Rule-generated Stage7 member for 汉朝刘氏.,False
1004011,7001,刘绍明,male,1676-01-01,1735-12-31,17,绍,Rule-generated Stage7 member for 汉朝刘氏.,False
1004012,7001,刘雅清,female,1677-01-01,1780-12-31,17,绍,Rule-generated Stage7 member for 汉朝刘氏.,False
1004013,7001,刘强,male,1680-01-01,1755-12-31,17,绍,Rule-generated Stage7 member for 汉朝刘氏.,False
1004014,7001,刘绍丽,female,1680-01-01,1720-12-31,17,绍,Rule-generated Stage7 member for 汉朝刘氏.,False
1004015,7001,刘绍世,male,1677-01-01,1706-12-31,17,绍,Rule-generated Stage7 member for 汉朝刘氏.,False
1004016,7001,刘绍玉,female,1675-01-01,1714-12-31,17,绍,Rule-generated Stage7 member for 汉朝刘氏.,False
1004017,7001,刘国安,male,1677-01-01,1743-12-31,17,绍,Rule-generated Stage7 member for 汉朝刘氏.,False
1004018,7001,刘安华,female,1680-01-01,1769-12-31,17,绍,Rule-generated Stage7 member for 汉朝刘氏.,False
1004019,7001,刘绍德,male,1680-01-01,1735-12-31,17,绍,Rule-generated Stage7 member for 汉朝刘氏.,False
1004020,7001,刘兰安,female,1675-01-01,1736-12-31,17,绍,Rule-generated Stage7 member for 汉朝刘氏.,False
1004021,7001,刘宗国,male,1676-01-01,1726-12-31,17,绍,Rule-generated Stage7 member for 汉朝刘氏.,False
1004022,7001,刘明,female,1679-01-01,1741-12-31,17,绍,Rule-generated Stage7 member for 汉朝刘氏.,False
1004023,7001,刘明国,male,1677-01-01,1751-12-31,17,绍,Rule-generated Stage7 member for 汉朝刘氏.,False
1004024,7001,刘芳芳,female,1675-01-01,1767-12-31,17,绍,Rule-generated Stage7 member for 汉朝刘氏.,False
1004025,7001,刘绍明,male,1681-01-01,1720-12-31,17,绍,Rule-generated Stage7 member for 汉朝刘氏.,False
1004026,7001,刘敏宁,female,1678-01-01,1714-12-31,17,绍,Rule-generated Stage7 member for 汉朝刘氏.,False
1004027,7001,刘景明,male,1678-01-01,1723-12-31,17,绍,Rule-generated Stage7 member for 汉朝刘氏.,False
1004028,7001,刘芳雅,female,1676-01-01,1757-12-31,17,绍,Rule-generated Stage7 member for 汉朝刘氏.,False
1004029,7001,刘绍成,male,1680-01-01,1748-12-31,17,绍,Rule-generated Stage7 member for 汉朝刘氏.,False
1004030,7001,刘慧芳,female,1675-01-01,1740-12-31,17,绍,Rule-generated Stage7 member for 汉朝刘氏.,False
1004031,7001,刘成强,male,1681-01-01,1723-12-31,17,绍,Rule-generated Stage7 member for 汉朝刘氏.,False
1004032,7001,刘慧兰,female,1675-01-01,1700-12-31,17,绍,Rule-generated Stage7 member for 汉朝刘氏.,False
1004033,7001,刘绍景,male,1677-01-01,1717-12-31,17,绍,Rule-generated Stage7 member for 汉朝刘氏.,False
1004034,7001,刘伟,female,1681-01-01,1739-12-31,17,绍,Rule-generated Stage7 member for 汉朝刘氏.,False
1004035,7001,刘成强,male,1680-01-01,1717-12-31,17,绍,Rule-generated Stage7 member for 汉朝刘氏.,False
1004036,7001,刘安梅,female,1677-01-01,1722-12-31,17,绍,Rule-generated Stage7 member for 汉朝刘氏.,False
1004037,7001,刘绍伟,male,1675-01-01,1728-12-31,17,绍,Rule-generated Stage7 member for 汉朝刘氏.,False
1004038,7001,刘绍清,female,1675-01-01,1703-12-31,17,绍,Rule-generated Stage7 member for 汉朝刘氏.,False
1004039,7001,刘绍景,male,1679-01-01,1747-12-31,17,绍,Rule-generated Stage7 member for 汉朝刘氏.,False
1004040,7001,刘绍安,female,1677-01-01,1734-12-31,17,绍,Rule-generated Stage7 member for 汉朝刘氏.,False
1004041,7001,刘绍文,male,1675-01-01,1751-12-31,17,绍,Rule-generated Stage7 member for 汉朝刘氏.,False
1004042,7001,刘绍梅,female,1675-01-01,1743-12-31,17,绍,Rule-generated Stage7 member for 汉朝刘氏.,False
1004043,7001,刘德宗,male,1680-01-01,1736-12-31,17,绍,Rule-generated Stage7 member for 汉朝刘氏.,False
1004044,7001,刘绍梅,female,1677-01-01,1721-12-31,17,绍,Rule-generated Stage7 member for 汉朝刘氏.,False
1004045,7001,刘绍宗,male,1680-01-01,1724-12-31,17,绍,Rule-generated Stage7 member for 汉朝刘氏.,False
1004046,7001,刘绍敏,female,1675-01-01,1743-12-31,17,绍,Rule-generated Stage7 member for 汉朝刘氏.,False
1004047,7001,刘景伟,male,1678-01-01,1760-12-31,17,绍,Rule-generated Stage7 member for 汉朝刘氏.,False
1004048,7001,刘雅梅,female,1676-01-01,1709-12-31,17,绍,Rule-generated Stage7 member for 汉朝刘氏.,False
1004049,7001,刘明景,male,1678-01-01,1771-12-31,17,绍,Rule-generated Stage7 member for 汉朝刘氏.,False
1004050,7001,刘清慧,female,1678-01-01,1731-12-31,17,绍,Rule-generated Stage7 member for 汉朝刘氏.,False
1004051,7001,刘绍明,male,1681-01-01,1711-12-31,17,绍,Rule-generated Stage7 member for 汉朝刘氏.,False
1004052,7001,刘绍安,female,1680-01-01,1728-12-31,17,绍,Rule-generated Stage7 member for 汉朝刘氏.,False
1004053,7001,刘承景,male,1680-01-01,1747-12-31,17,绍,Rule-generated Stage7 member for 汉朝刘氏.,False
1004054,7001,刘梅雅,female,1676-01-01,1741-12-31,17,绍,Rule-generated Stage7 member for 汉朝刘氏.,False
1004055,7001,刘安承,male,1675-01-01,1719-12-31,17,绍,Rule-generated Stage7 member for 汉朝刘氏.,False
1004056,7001,刘雅慧,female,1681-01-01,1766-12-31,17,绍,Rule-generated Stage7 member for 汉朝刘氏.,False
1004057,7001,刘国宗,male,1678-01-01,1756-12-31,17,绍,Rule-generated Stage7 member for 汉朝刘氏.,False
1004058,7001,刘敏兰,female,1679-01-01,1755-12-31,17,绍,Rule-generated Stage7 member for 汉朝刘氏.,False
1004059,7001,刘绍安,male,1679-01-01,1726-12-31,17,绍,Rule-generated Stage7 member for 汉朝刘氏.,False
1004060,7001,刘绍安,female,1677-01-01,1725-12-31,17,绍,Rule-generated Stage7 member for 汉朝刘氏.,False
1004061,7001,刘绍德,male,1677-01-01,1727-12-31,17,绍,Rule-generated Stage7 member for 汉朝刘氏.,False
1004062,7001,刘绍慧,female,1677-01-01,1716-12-31,17,绍,Rule-generated Stage7 member for 汉朝刘氏.,False
1004063,7001,刘绍文,male,1680-01-01,1776-12-31,17,绍,Rule-generated Stage7 member for 汉朝刘氏.,False
1004064,7001,刘芳安,female,1677-01-01,1767-12-31,17,绍,Rule-generated Stage7 member for 汉朝刘氏.,False
1004065,7001,刘绍景,male,1677-01-01,1760-12-31,17,绍,Rule-generated Stage7 member for 汉朝刘氏.,False
1004066,7001,刘华,female,1676-01-01,1734-12-31,17,绍,Rule-generated Stage7 member for 汉朝刘氏.,False
1004067,7001,刘丽,male,1679-01-01,1744-12-31,17,绍,Rule-generated Stage7 member for 汉朝刘氏.,False
1004068,7001,刘绍丽,female,1680-01-01,1744-12-31,17,绍,Rule-generated Stage7 member for 汉朝刘氏.,False
1004069,7001,刘绍宗,male,1676-01-01,1700-12-31,17,绍,Rule-generated Stage7 member for 汉朝刘氏.,False
1004070,7001,刘绍丽,female,1676-01-01,1742-12-31,17,绍,Rule-generated Stage7 member for 汉朝刘氏.,False
1004071,7001,刘绍宗,male,1678-01-01,1747-12-31,17,绍,Rule-generated Stage7 member for 汉朝刘氏.,False
1004072,7001,刘绍梅,female,1679-01-01,1778-12-31,17,绍,Rule-generated Stage7 member for 汉朝刘氏.,False
1004073,7001,刘绍文,male,1676-01-01,1737-12-31,17,绍,Rule-generated Stage7 member for 汉朝刘氏.,False
1004074,7001,刘绍清,female,1678-01-01,1748-12-31,17,绍,Rule-generated Stage7 member for 汉朝刘氏.,False
1004075,7001,刘绍景,male,1681-01-01,1733-12-31,17,绍,Rule-generated Stage7 member for 汉朝刘氏.,False
1004076,7001,刘玉宁,female,1675-01-01,1737-12-31,17,绍,Rule-generated Stage7 member for 汉朝刘氏.,False
1004077,7001,刘绍世,male,1681-01-01,1752-12-31,17,绍,Rule-generated Stage7 member for 汉朝刘氏.,False
1004078,7001,刘丽慧,female,1681-01-01,1728-12-31,17,绍,Rule-generated Stage7 member for 汉朝刘氏.,False
1004079,7001,刘绍德,male,1677-01-01,1718-12-31,17,绍,Rule-generated Stage7 member for 汉朝刘氏.,False
1004080,7001,刘绍安,female,1678-01-01,1738-12-31,17,绍,Rule-generated Stage7 member for 汉朝刘氏.,False
1004081,7001,刘德伟,male,1679-01-01,1746-12-31,17,绍,Rule-generated Stage7 member for 汉朝刘氏.,False
1004082,7001,刘华华,female,1679-01-01,1760-12-31,17,绍,Rule-generated Stage7 member for 汉朝刘氏.,False
1004083,7001,刘绍安,male,1681-01-01,1714-12-31,17,绍,Rule-generated Stage7 member for 汉朝刘氏.,False
1004084,7001,刘安雅,female,1679-01-01,1746-12-31,17,绍,Rule-generated Stage7 member for 汉朝刘氏.,False
1004085,7001,刘景成,male,1675-01-01,1746-12-31,17,绍,Rule-generated Stage7 member for 汉朝刘氏.,False
1004086,7001,刘绍清,female,1680-01-01,1712-12-31,17,绍,Rule-generated Stage7 member for 汉朝刘氏.,False
1004087,7001,刘宗德,male,1675-01-01,1734-12-31,17,绍,Rule-generated Stage7 member for 汉朝刘氏.,False
1004088,7001,刘绍芳,female,1680-01-01,1730-12-31,17,绍,Rule-generated Stage7 member for 汉朝刘氏.,False
1004089,7001,刘伟世,male,1679-01-01,1707-12-31,17,绍,Rule-generated Stage7 member for 汉朝刘氏.,False
1004090,7001,刘绍宁,female,1681-01-01,1761-12-31,17,绍,Rule-generated Stage7 member for 汉朝刘氏.,False
1004091,7001,刘安明,male,1678-01-01,1731-12-31,17,绍,Rule-generated Stage7 member for 汉朝刘氏.,False
1004092,7001,刘丽敏,female,1675-01-01,1752-12-31,17,绍,Rule-generated Stage7 member for 汉朝刘氏.,False
1004093,7001,刘绍明,male,1678-01-01,1759-12-31,17,绍,Rule-generated Stage7 member for 汉朝刘氏.,False
1004094,7001,刘丽兰,female,1675-01-01,1751-12-31,17,绍,Rule-generated Stage7 member for 汉朝刘氏.,False
1004095,7001,刘德宗,male,1679-01-01,1750-12-31,17,绍,Rule-generated Stage7 member for 汉朝刘氏.,False
1004096,7001,刘丽,female,1681-01-01,1721-12-31,17,绍,Rule-generated Stage7 member for 汉朝刘氏.,False
1004097,7001,刘世德,male,1680-01-01,1736-12-31,17,绍,Rule-generated Stage7 member for 汉朝刘氏.,False
1004098,7001,刘华,female,1675-01-01,1762-12-31,17,绍,Rule-generated Stage7 member for 汉朝刘氏.,False
1004099,7001,刘绍承,male,1680-01-01,1773-12-31,17,绍,Rule-generated Stage7 member for 汉朝刘氏.,False
1004100,7001,刘绍丽,female,1677-01-01,1736-12-31,17,绍,Rule-generated Stage7 member for 汉朝刘氏.,False
1004101,7001,刘宗文,male,1675-01-01,1758-12-31,17,绍,Rule-generated Stage7 member for 汉朝刘氏.,False
1004102,7001,刘芳丽,female,1678-01-01,1707-12-31,17,绍,Rule-generated Stage7 member for 汉朝刘氏.,False
1004103,7001,刘宗国,male,1678-01-01,1755-12-31,17,绍,Rule-generated Stage7 member for 汉朝刘氏.,False
1004104,7001,刘绍芳,female,1680-01-01,1731-12-31,17,绍,Rule-generated Stage7 member for 汉朝刘氏.,False
1004105,7001,刘绍成,male,1679-01-01,1772-12-31,17,绍,Rule-generated Stage7 member for 汉朝刘氏.,False
1004106,7001,刘绍敏,female,1678-01-01,1759-12-31,17,绍,Rule-generated Stage7 member for 汉朝刘氏.,False
1004107,7001,刘强承,male,1679-01-01,1705-12-31,17,绍,Rule-generated Stage7 member for 汉朝刘氏.,False
1004108,7001,刘兰敏,female,1675-01-01,1766-12-31,17,绍,Rule-generated Stage7 member for 汉朝刘氏.,False
1004109,7001,刘绍成,male,1681-01-01,1763-12-31,17,绍,Rule-generated Stage7 member for 汉朝刘氏.,False
1004110,7001,刘敏,female,1681-01-01,1765-12-31,17,绍,Rule-generated Stage7 member for 汉朝刘氏.,False
1004111,7001,刘绍安,male,1680-01-01,1761-12-31,17,绍,Rule-generated Stage7 member for 汉朝刘氏.,False
1004112,7001,刘华,female,1681-01-01,1757-12-31,17,绍,Rule-generated Stage7 member for 汉朝刘氏.,False
1004113,7001,刘绍文,male,1676-01-01,1719-12-31,17,绍,Rule-generated Stage7 member for 汉朝刘氏.,False
1004114,7001,刘绍兰,female,1681-01-01,1715-12-31,17,绍,Rule-generated Stage7 member for 汉朝刘氏.,False
1004115,7001,刘绍国,male,1680-01-01,1735-12-31,17,绍,Rule-generated Stage7 member for 汉朝刘氏.,False
1004116,7001,刘绍华,female,1680-01-01,1749-12-31,17,绍,Rule-generated Stage7 member for 汉朝刘氏.,False
1004117,7001,刘绍国,male,1680-01-01,1747-12-31,17,绍,Rule-generated Stage7 member for 汉朝刘氏.,False
1004118,7001,刘丽清,female,1676-01-01,1744-12-31,17,绍,Rule-generated Stage7 member for 汉朝刘氏.,False
1004119,7001,刘绍伟,male,1677-01-01,1714-12-31,17,绍,Rule-generated Stage7 member for 汉朝刘氏.,False
1004120,7001,刘华兰,female,1675-01-01,1738-12-31,17,绍,Rule-generated Stage7 member for 汉朝刘氏.,False
1004121,7001,刘强成,male,1680-01-01,1757-12-31,17,绍,Rule-generated Stage7 member for 汉朝刘氏.,False
1004122,7001,刘宁兰,female,1676-01-01,1724-12-31,17,绍,Rule-generated Stage7 member for 汉朝刘氏.,False
1004123,7001,刘绍世,male,1680-01-01,1749-12-31,17,绍,Rule-generated Stage7 member for 汉朝刘氏.,False
1004124,7001,刘绍华,female,1681-01-01,1749-12-31,17,绍,Rule-generated Stage7 member for 汉朝刘氏.,False
1004125,7001,刘强,male,1677-01-01,1743-12-31,17,绍,Rule-generated Stage7 member for 汉朝刘氏.,False
1004126,7001,刘梅丽,female,1675-01-01,1728-12-31,17,绍,Rule-generated Stage7 member for 汉朝刘氏.,False
1004127,7001,刘德德,male,1675-01-01,1758-12-31,17,绍,Rule-generated Stage7 member for 汉朝刘氏.,False
1004128,7001,刘伟,female,1680-01-01,1758-12-31,17,绍,Rule-generated Stage7 member for 汉朝刘氏.,False
1004129,7001,刘绍景,male,1676-01-01,1739-12-31,17,绍,Rule-generated Stage7 member for 汉朝刘氏.,False
1004130,7001,刘明,female,1676-01-01,1723-12-31,17,绍,Rule-generated Stage7 member for 汉朝刘氏.,False
1004131,7001,刘绍承,male,1678-01-01,1726-12-31,17,绍,Rule-generated Stage7 member for 汉朝刘氏.,False
1004132,7001,刘绍雅,female,1679-01-01,1714-12-31,17,绍,Rule-generated Stage7 member for 汉朝刘氏.,False
1004133,7001,刘绍宗,male,1678-01-01,1767-12-31,17,绍,Rule-generated Stage7 member for 汉朝刘氏.,False
1004134,7001,刘敏清,female,1680-01-01,1764-12-31,17,绍,Rule-generated Stage7 member for 汉朝刘氏.,False
1004135,7001,刘绍世,male,1677-01-01,1740-12-31,17,绍,Rule-generated Stage7 member for 汉朝刘氏.,False
1004136,7001,刘绍兰,female,1680-01-01,1730-12-31,17,绍,Rule-generated Stage7 member for 汉朝刘氏.,False
1004137,7001,刘承国,male,1676-01-01,1727-12-31,17,绍,Rule-generated Stage7 member for 汉朝刘氏.,False
1004138,7001,刘兰宁,female,1677-01-01,1740-12-31,17,绍,Rule-generated Stage7 member for 汉朝刘氏.,False
1004139,7001,刘敏,male,1676-01-01,1764-12-31,17,绍,Rule-generated Stage7 member for 汉朝刘氏.,False
1004140,7001,刘绍芳,female,1679-01-01,1740-12-31,17,绍,Rule-generated Stage7 member for 汉朝刘氏.,False
1004141,7001,刘世安,male,1679-01-01,1728-12-31,17,绍,Rule-generated Stage7 member for 汉朝刘氏.,False
1004142,7001,刘绍安,female,1679-01-01,1738-12-31,17,绍,Rule-generated Stage7 member for 汉朝刘氏.,False
1004143,7001,刘绍安,male,1675-01-01,1726-12-31,17,绍,Rule-generated Stage7 member for 汉朝刘氏.,False
1004144,7001,刘兰丽,female,1677-01-01,1731-12-31,17,绍,Rule-generated Stage7 member for 汉朝刘氏.,False
1004145,7001,刘宗景,male,1678-01-01,1722-12-31,17,绍,Rule-generated Stage7 member for 汉朝刘氏.,False
1004146,7001,刘绍安,female,1680-01-01,1728-12-31,17,绍,Rule-generated Stage7 member for 汉朝刘氏.,False
1004147,7001,刘绍景,male,1681-01-01,1763-12-31,17,绍,Rule-generated Stage7 member for 汉朝刘氏.,False
1004148,7001,刘伟,female,1678-01-01,1750-12-31,17,绍,Rule-generated Stage7 member for 汉朝刘氏.,False
1004149,7001,刘绍承,male,1677-01-01,1769-12-31,17,绍,Rule-generated Stage7 member for 汉朝刘氏.,False
1004150,7001,刘绍玉,female,1679-01-01,1762-12-31,17,绍,Rule-generated Stage7 member for 汉朝刘氏.,False
1004151,7001,刘绍承,male,1679-01-01,1765-12-31,17,绍,Rule-generated Stage7 member for 汉朝刘氏.,False
1004152,7001,刘安雅,female,1675-01-01,1765-12-31,17,绍,Rule-generated Stage7 member for 汉朝刘氏.,False
1004153,7001,刘强,male,1678-01-01,1714-12-31,17,绍,Rule-generated Stage7 member for 汉朝刘氏.,False
1004154,7001,刘华丽,female,1675-01-01,1755-12-31,17,绍,Rule-generated Stage7 member for 汉朝刘氏.,False
1004155,7001,刘世承,male,1680-01-01,1747-12-31,17,绍,Rule-generated Stage7 member for 汉朝刘氏.,False
1004156,7001,刘玉玉,female,1676-01-01,1731-12-31,17,绍,Rule-generated Stage7 member for 汉朝刘氏.,False
1004157,7001,刘世宗,male,1678-01-01,1726-12-31,17,绍,Rule-generated Stage7 member for 汉朝刘氏.,False
1004158,7001,刘绍兰,female,1676-01-01,1722-12-31,17,绍,Rule-generated Stage7 member for 汉朝刘氏.,False
1004159,7001,刘宗明,male,1677-01-01,1753-12-31,17,绍,Rule-generated Stage7 member for 汉朝刘氏.,False
1004160,7001,刘绍芳,female,1679-01-01,1738-12-31,17,绍,Rule-generated Stage7 member for 汉朝刘氏.,False
1004161,7001,刘绍国,male,1680-01-01,1726-12-31,17,绍,Rule-generated Stage7 member for 汉朝刘氏.,False
1004162,7001,刘绍华,female,1675-01-01,1772-12-31,17,绍,Rule-generated Stage7 member for 汉朝刘氏.,False
1004163,7001,刘绍承,male,1681-01-01,1746-12-31,17,绍,Rule-generated Stage7 member for 汉朝刘氏.,False
1004164,7001,刘芳清,female,1678-01-01,1751-12-31,17,绍,Rule-generated Stage7 member for 汉朝刘氏.,False
1004165,7001,刘绍安,male,1675-01-01,1730-12-31,17,绍,Rule-generated Stage7 member for 汉朝刘氏.,False
1004166,7001,刘绍雅,female,1678-01-01,1743-12-31,17,绍,Rule-generated Stage7 member for 汉朝刘氏.,False
1004167,7001,刘宗伟,male,1681-01-01,1714-12-31,17,绍,Rule-generated Stage7 member for 汉朝刘氏.,False
1004168,7001,刘敏华,female,1681-01-01,1725-12-31,17,绍,Rule-generated Stage7 member for 汉朝刘氏.,False
1004169,7001,刘绍伟,male,1680-01-01,1725-12-31,17,绍,Rule-generated Stage7 member for 汉朝刘氏.,False
1004170,7001,刘华,female,1676-01-01,1709-12-31,17,绍,Rule-generated Stage7 member for 汉朝刘氏.,False
1004171,7001,刘绍德,male,1677-01-01,1728-12-31,17,绍,Rule-generated Stage7 member for 汉朝刘氏.,False
1004172,7001,刘绍玉,female,1680-01-01,1757-12-31,17,绍,Rule-generated Stage7 member for 汉朝刘氏.,False
1004173,7001,刘明,male,1680-01-01,1736-12-31,17,绍,Rule-generated Stage7 member for 汉朝刘氏.,False
1004174,7001,刘绍兰,female,1680-01-01,1711-12-31,17,绍,Rule-generated Stage7 member for 汉朝刘氏.,False
1004175,7001,刘绍世,male,1681-01-01,1767-12-31,17,绍,Rule-generated Stage7 member for 汉朝刘氏.,False
1004176,7001,刘绍敏,female,1677-01-01,1745-12-31,17,绍,Rule-generated Stage7 member for 汉朝刘氏.,False
1004177,7001,刘绍承,male,1676-01-01,1724-12-31,17,绍,Rule-generated Stage7 member for 汉朝刘氏.,False
1004178,7001,刘兰敏,female,1681-01-01,1739-12-31,17,绍,Rule-generated Stage7 member for 汉朝刘氏.,False
1004179,7001,刘绍明,male,1678-01-01,1718-12-31,17,绍,Rule-generated Stage7 member for 汉朝刘氏.,False
1004180,7001,刘兰慧,female,1676-01-01,1717-12-31,17,绍,Rule-generated Stage7 member for 汉朝刘氏.,False
1004181,7001,刘敏,male,1678-01-01,1782-12-31,17,绍,Rule-generated Stage7 member for 汉朝刘氏.,False
1004182,7001,刘绍雅,female,1681-01-01,1730-12-31,17,绍,Rule-generated Stage7 member for 汉朝刘氏.,False
1004183,7001,刘绍德,male,1679-01-01,1728-12-31,17,绍,Rule-generated Stage7 member for 汉朝刘氏.,False
1004184,7001,刘安玉,female,1677-01-01,1719-12-31,17,绍,Rule-generated Stage7 member for 汉朝刘氏.,False
1004185,7001,刘文文,male,1677-01-01,1707-12-31,17,绍,Rule-generated Stage7 member for 汉朝刘氏.,False
1004186,7001,刘绍丽,female,1680-01-01,1737-12-31,17,绍,Rule-generated Stage7 member for 汉朝刘氏.,False
1004187,7001,刘世安,male,1679-01-01,1757-12-31,17,绍,Rule-generated Stage7 member for 汉朝刘氏.,False
1004188,7001,刘兰敏,female,1676-01-01,1740-12-31,17,绍,Rule-generated Stage7 member for 汉朝刘氏.,False
1004189,7001,刘绍国,male,1677-01-01,1774-12-31,17,绍,Rule-generated Stage7 member for 汉朝刘氏.,False
1004190,7001,刘绍安,female,1678-01-01,1709-12-31,17,绍,Rule-generated Stage7 member for 汉朝刘氏.,False
1004191,7001,刘成承,male,1680-01-01,1759-12-31,17,绍,Rule-generated Stage7 member for 汉朝刘氏.,False
1004192,7001,刘兰梅,female,1678-01-01,1760-12-31,17,绍,Rule-generated Stage7 member for 汉朝刘氏.,False
1004193,7001,刘景承,male,1676-01-01,1735-12-31,17,绍,Rule-generated Stage7 member for 汉朝刘氏.,False
1004194,7001,刘华,female,1680-01-01,1716-12-31,17,绍,Rule-generated Stage7 member for 汉朝刘氏.,False
1004195,7001,刘绍宗,male,1681-01-01,1722-12-31,17,绍,Rule-generated Stage7 member for 汉朝刘氏.,False
1004196,7001,刘慧玉,female,1677-01-01,1700-12-31,17,绍,Rule-generated Stage7 member for 汉朝刘氏.,False
1004197,7001,刘绍宗,male,1675-01-01,1758-12-31,17,绍,Rule-generated Stage7 member for 汉朝刘氏.,False
1004198,7001,刘芳华,female,1675-01-01,1741-12-31,17,绍,Rule-generated Stage7 member for 汉朝刘氏.,False
1004199,7001,刘明成,male,1676-01-01,1743-12-31,17,绍,Rule-generated Stage7 member for 汉朝刘氏.,False
1004200,7001,刘绍宁,female,1680-01-01,1760-12-31,17,绍,Rule-generated Stage7 member for 汉朝刘氏.,False
1004201,7001,刘明景,male,1677-01-01,1711-12-31,17,绍,Rule-generated Stage7 member for 汉朝刘氏.,False
1004202,7001,刘丽,female,1680-01-01,1762-12-31,17,绍,Rule-generated Stage7 member for 汉朝刘氏.,False
1004203,7001,刘绍景,male,1678-01-01,1715-12-31,17,绍,Rule-generated Stage7 member for 汉朝刘氏.,False
1004204,7001,刘绍梅,female,1678-01-01,1718-12-31,17,绍,Rule-generated Stage7 member for 汉朝刘氏.,False
1004205,7001,刘绍成,male,1679-01-01,1716-12-31,17,绍,Rule-generated Stage7 member for 汉朝刘氏.,False
1004206,7001,刘慧华,female,1681-01-01,1750-12-31,17,绍,Rule-generated Stage7 member for 汉朝刘氏.,False
1004207,7001,刘安宗,male,1678-01-01,1757-12-31,17,绍,Rule-generated Stage7 member for 汉朝刘氏.,False
1004208,7001,刘华,female,1676-01-01,1714-12-31,17,绍,Rule-generated Stage7 member for 汉朝刘氏.,False
1004209,7001,刘绍明,male,1681-01-01,1780-12-31,17,绍,Rule-generated Stage7 member for 汉朝刘氏.,False
1004210,7001,刘绍雅,female,1681-01-01,1757-12-31,17,绍,Rule-generated Stage7 member for 汉朝刘氏.,False
1004211,7001,刘绍文,male,1681-01-01,1758-12-31,17,绍,Rule-generated Stage7 member for 汉朝刘氏.,False
1004212,7001,刘绍安,female,1677-01-01,1712-12-31,17,绍,Rule-generated Stage7 member for 汉朝刘氏.,False
1004213,7001,刘绍宗,male,1675-01-01,1732-12-31,17,绍,Rule-generated Stage7 member for 汉朝刘氏.,False
1004214,7001,刘绍敏,female,1681-01-01,1745-12-31,17,绍,Rule-generated Stage7 member for 汉朝刘氏.,False
1004215,7001,刘绍伟,male,1677-01-01,1762-12-31,17,绍,Rule-generated Stage7 member for 汉朝刘氏.,False
1004216,7001,刘绍雅,female,1678-01-01,1735-12-31,17,绍,Rule-generated Stage7 member for 汉朝刘氏.,False
1004217,7001,刘绍文,male,1678-01-01,1745-12-31,17,绍,Rule-generated Stage7 member for 汉朝刘氏.,False
1004218,7001,刘绍华,female,1681-01-01,1733-12-31,17,绍,Rule-generated Stage7 member for 汉朝刘氏.,False
1004219,7001,刘绍明,male,1678-01-01,1752-12-31,17,绍,Rule-generated Stage7 member for 汉朝刘氏.,False
1004220,7001,刘丽,female,1680-01-01,1721-12-31,17,绍,Rule-generated Stage7 member for 汉朝刘氏.,False
1004221,7001,刘承明,male,1681-01-01,1743-12-31,17,绍,Rule-generated Stage7 member for 汉朝刘氏.,False
1004222,7001,刘绍芳,female,1677-01-01,1712-12-31,17,绍,Rule-generated Stage7 member for 汉朝刘氏.,False
1004223,7001,刘明,male,1679-01-01,1778-12-31,17,绍,Rule-generated Stage7 member for 汉朝刘氏.,False
1004224,7001,刘绍慧,female,1679-01-01,1733-12-31,17,绍,Rule-generated Stage7 member for 汉朝刘氏.,False
1004225,7001,刘绍强,male,1681-01-01,1726-12-31,17,绍,Rule-generated Stage7 member for 汉朝刘氏.,False
1004226,7001,刘宁兰,female,1676-01-01,1731-12-31,17,绍,Rule-generated Stage7 member for 汉朝刘氏.,False
1004227,7001,刘世景,male,1678-01-01,1734-12-31,17,绍,Rule-generated Stage7 member for 汉朝刘氏.,False
1004228,7001,刘绍宁,female,1677-01-01,1757-12-31,17,绍,Rule-generated Stage7 member for 汉朝刘氏.,False
1004229,7001,刘绍承,male,1677-01-01,1727-12-31,17,绍,Rule-generated Stage7 member for 汉朝刘氏.,False
1004230,7001,刘绍梅,female,1681-01-01,1735-12-31,17,绍,Rule-generated Stage7 member for 汉朝刘氏.,False
1004231,7001,刘绍承,male,1681-01-01,1732-12-31,17,绍,Rule-generated Stage7 member for 汉朝刘氏.,False
1004232,7001,刘绍雅,female,1677-01-01,1757-12-31,17,绍,Rule-generated Stage7 member for 汉朝刘氏.,False
1004233,7001,刘绍文,male,1678-01-01,1728-12-31,17,绍,Rule-generated Stage7 member for 汉朝刘氏.,False
1004234,7001,刘绍华,female,1677-01-01,1739-12-31,17,绍,Rule-generated Stage7 member for 汉朝刘氏.,False
1004235,7001,刘绍成,male,1681-01-01,1743-12-31,17,绍,Rule-generated Stage7 member for 汉朝刘氏.,False
1004236,7001,刘绍芳,female,1680-01-01,1745-12-31,17,绍,Rule-generated Stage7 member for 汉朝刘氏.,False
1004237,7001,刘绍伟,male,1680-01-01,1757-12-31,17,绍,Rule-generated Stage7 member for 汉朝刘氏.,False
1004238,7001,刘绍雅,female,1679-01-01,1730-12-31,17,绍,Rule-generated Stage7 member for 汉朝刘氏.,False
1004239,7001,刘绍承,male,1679-01-01,1755-12-31,17,绍,Rule-generated Stage7 member for 汉朝刘氏.,False
1004240,7001,刘玉清,female,1677-01-01,1748-12-31,17,绍,Rule-generated Stage7 member for 汉朝刘氏.,False
1004241,7001,刘绍国,male,1675-01-01,1730-12-31,17,绍,Rule-generated Stage7 member for 汉朝刘氏.,False
1004242,7001,刘丽,female,1680-01-01,1727-12-31,17,绍,Rule-generated Stage7 member for 汉朝刘氏.,False
1004243,7001,刘安文,male,1676-01-01,1736-12-31,17,绍,Rule-generated Stage7 member for 汉朝刘氏.,False
1004244,7001,刘绍梅,female,1675-01-01,1742-12-31,17,绍,Rule-generated Stage7 member for 汉朝刘氏.,False
1004245,7001,刘强景,male,1681-01-01,1745-12-31,17,绍,Rule-generated Stage7 member for 汉朝刘氏.,False
1004246,7001,刘芳芳,female,1675-01-01,1729-12-31,17,绍,Rule-generated Stage7 member for 汉朝刘氏.,False
1004247,7001,刘绍承,male,1680-01-01,1716-12-31,17,绍,Rule-generated Stage7 member for 汉朝刘氏.,False
1004248,7001,刘绍敏,female,1677-01-01,1775-12-31,17,绍,Rule-generated Stage7 member for 汉朝刘氏.,False
1004249,7001,刘绍宗,male,1677-01-01,1764-12-31,17,绍,Rule-generated Stage7 member for 汉朝刘氏.,False
1004250,7001,刘绍梅,female,1679-01-01,1731-12-31,17,绍,Rule-generated Stage7 member for 汉朝刘氏.,False
1004251,7001,刘绍文,male,1678-01-01,1732-12-31,17,绍,Rule-generated Stage7 member for 汉朝刘氏.,False
1004252,7001,刘绍清,female,1676-01-01,1749-12-31,17,绍,Rule-generated Stage7 member for 汉朝刘氏.,False
1004253,7001,刘绍成,male,1679-01-01,1778-12-31,17,绍,Rule-generated Stage7 member for 汉朝刘氏.,False
1004254,7001,刘清雅,female,1681-01-01,1747-12-31,17,绍,Rule-generated Stage7 member for 汉朝刘氏.,False
1004255,7001,刘绍世,male,1680-01-01,1752-12-31,17,绍,Rule-generated Stage7 member for 汉朝刘氏.,False
1004256,7001,刘绍丽,female,1675-01-01,1757-12-31,17,绍,Rule-generated Stage7 member for 汉朝刘氏.,False
1004257,7001,刘华,male,1679-01-01,1719-12-31,17,绍,Rule-generated Stage7 member for 汉朝刘氏.,False
1004258,7001,刘绍宁,female,1678-01-01,1742-12-31,17,绍,Rule-generated Stage7 member for 汉朝刘氏.,False
1004259,7001,刘丽,male,1678-01-01,1717-12-31,17,绍,Rule-generated Stage7 member for 汉朝刘氏.,False
1004260,7001,刘绍芳,female,1675-01-01,1713-12-31,17,绍,Rule-generated Stage7 member for 汉朝刘氏.,False
1004261,7001,刘世文,male,1680-01-01,1755-12-31,17,绍,Rule-generated Stage7 member for 汉朝刘氏.,False
1004262,7001,刘绍丽,female,1676-01-01,1744-12-31,17,绍,Rule-generated Stage7 member for 汉朝刘氏.,False
1004263,7001,刘国国,male,1681-01-01,1748-12-31,17,绍,Rule-generated Stage7 member for 汉朝刘氏.,False
1004264,7001,刘绍丽,female,1681-01-01,1721-12-31,17,绍,Rule-generated Stage7 member for 汉朝刘氏.,False
1004265,7001,刘华,male,1676-01-01,1764-12-31,17,绍,Rule-generated Stage7 member for 汉朝刘氏.,False
1004266,7001,刘绍雅,female,1677-01-01,1730-12-31,17,绍,Rule-generated Stage7 member for 汉朝刘氏.,False
1004267,7001,刘安国,male,1676-01-01,1724-12-31,17,绍,Rule-generated Stage7 member for 汉朝刘氏.,False
1004268,7001,刘绍芳,female,1678-01-01,1770-12-31,17,绍,Rule-generated Stage7 member for 汉朝刘氏.,False
1004269,7001,刘绍景,male,1676-01-01,1724-12-31,17,绍,Rule-generated Stage7 member for 汉朝刘氏.,False
1004270,7001,刘敏慧,female,1681-01-01,1732-12-31,17,绍,Rule-generated Stage7 member for 汉朝刘氏.,False
1004271,7001,刘成世,male,1675-01-01,1746-12-31,17,绍,Rule-generated Stage7 member for 汉朝刘氏.,False
1004272,7001,刘绍宁,female,1678-01-01,1747-12-31,17,绍,Rule-generated Stage7 member for 汉朝刘氏.,False
1004273,7001,刘国德,male,1677-01-01,1727-12-31,17,绍,Rule-generated Stage7 member for 汉朝刘氏.,False
1004274,7001,刘绍清,female,1679-01-01,1764-12-31,17,绍,Rule-generated Stage7 member for 汉朝刘氏.,False
1004275,7001,刘伟伟,male,1678-01-01,1766-12-31,17,绍,Rule-generated Stage7 member for 汉朝刘氏.,False
1004276,7001,刘绍芳,female,1681-01-01,1743-12-31,17,绍,Rule-generated Stage7 member for 汉朝刘氏.,False
1004277,7001,刘绍世,male,1680-01-01,1736-12-31,17,绍,Rule-generated Stage7 member for 汉朝刘氏.,False
1004278,7001,刘敏安,female,1677-01-01,1750-12-31,17,绍,Rule-generated Stage7 member for 汉朝刘氏.,False
1004279,7001,刘绍宗,male,1680-01-01,1745-12-31,17,绍,Rule-generated Stage7 member for 汉朝刘氏.,False
1004280,7001,刘绍华,female,1680-01-01,1746-12-31,17,绍,Rule-generated Stage7 member for 汉朝刘氏.,False
1004281,7001,刘成景,male,1679-01-01,1770-12-31,17,绍,Rule-generated Stage7 member for 汉朝刘氏.,False
1004282,7001,刘慧敏,female,1678-01-01,1763-12-31,17,绍,Rule-generated Stage7 member for 汉朝刘氏.,False
1004283,7001,刘强景,male,1678-01-01,1730-12-31,17,绍,Rule-generated Stage7 member for 汉朝刘氏.,False
1004284,7001,刘绍宁,female,1681-01-01,1741-12-31,17,绍,Rule-generated Stage7 member for 汉朝刘氏.,False
1004285,7001,刘强景,male,1681-01-01,1713-12-31,17,绍,Rule-generated Stage7 member for 汉朝刘氏.,False
1004286,7001,刘绍兰,female,1678-01-01,1764-12-31,17,绍,Rule-generated Stage7 member for 汉朝刘氏.,False
1004287,7001,刘绍强,male,1678-01-01,1737-12-31,17,绍,Rule-generated Stage7 member for 汉朝刘氏.,False
1004288,7001,刘敏,female,1675-01-01,1757-12-31,17,绍,Rule-generated Stage7 member for 汉朝刘氏.,False
1004289,7001,刘世宗,male,1676-01-01,1777-12-31,17,绍,Rule-generated Stage7 member for 汉朝刘氏.,False
1004290,7001,刘伟,female,1676-01-01,1719-12-31,17,绍,Rule-generated Stage7 member for 汉朝刘氏.,False
1004291,7001,刘成安,male,1680-01-01,1744-12-31,17,绍,Rule-generated Stage7 member for 汉朝刘氏.,False
1004292,7001,刘绍慧,female,1681-01-01,1745-12-31,17,绍,Rule-generated Stage7 member for 汉朝刘氏.,False
1004293,7001,刘绍强,male,1677-01-01,1768-12-31,17,绍,Rule-generated Stage7 member for 汉朝刘氏.,False
1004294,7001,刘丽敏,female,1680-01-01,1755-12-31,17,绍,Rule-generated Stage7 member for 汉朝刘氏.,False
1004295,7001,刘承文,male,1678-01-01,1731-12-31,17,绍,Rule-generated Stage7 member for 汉朝刘氏.,False
1004296,7001,刘梅梅,female,1676-01-01,1774-12-31,17,绍,Rule-generated Stage7 member for 汉朝刘氏.,False
1004297,7001,刘承强,male,1675-01-01,1767-12-31,17,绍,Rule-generated Stage7 member for 汉朝刘氏.,False
1004298,7001,刘华,female,1675-01-01,1746-12-31,17,绍,Rule-generated Stage7 member for 汉朝刘氏.,False
1004299,7001,刘绍明,male,1676-01-01,1747-12-31,17,绍,Rule-generated Stage7 member for 汉朝刘氏.,False
1004300,7001,刘绍敏,female,1681-01-01,1760-12-31,17,绍,Rule-generated Stage7 member for 汉朝刘氏.,False
1004301,7001,刘明宗,male,1676-01-01,1709-12-31,17,绍,Rule-generated Stage7 member for 汉朝刘氏.,False
1004302,7001,刘绍安,female,1680-01-01,1729-12-31,17,绍,Rule-generated Stage7 member for 汉朝刘氏.,False
1004303,7001,刘敏,male,1675-01-01,1756-12-31,17,绍,Rule-generated Stage7 member for 汉朝刘氏.,False
1004304,7001,刘清玉,female,1678-01-01,1737-12-31,17,绍,Rule-generated Stage7 member for 汉朝刘氏.,False
1004305,7001,刘明,male,1680-01-01,1768-12-31,17,绍,Rule-generated Stage7 member for 汉朝刘氏.,False
1004306,7001,刘丽,female,1681-01-01,1777-12-31,17,绍,Rule-generated Stage7 member for 汉朝刘氏.,False
1004307,7001,刘伟文,male,1677-01-01,1712-12-31,17,绍,Rule-generated Stage7 member for 汉朝刘氏.,False
1004308,7001,刘绍玉,female,1681-01-01,1777-12-31,17,绍,Rule-generated Stage7 member for 汉朝刘氏.,False
1004309,7001,刘绍安,male,1678-01-01,1721-12-31,17,绍,Rule-generated Stage7 member for 汉朝刘氏.,False
1004310,7001,刘绍兰,female,1679-01-01,1756-12-31,17,绍,Rule-generated Stage7 member for 汉朝刘氏.,False
1004311,7001,刘绍世,male,1680-01-01,1747-12-31,17,绍,Rule-generated Stage7 member for 汉朝刘氏.,False
1004312,7001,刘绍芳,female,1679-01-01,1728-12-31,17,绍,Rule-generated Stage7 member for 汉朝刘氏.,False
1004313,7001,刘绍国,male,1679-01-01,1732-12-31,17,绍,Rule-generated Stage7 member for 汉朝刘氏.,False
1004314,7001,刘梅芳,female,1680-01-01,1772-12-31,17,绍,Rule-generated Stage7 member for 汉朝刘氏.,False
1004315,7001,刘强,male,1676-01-01,1748-12-31,17,绍,Rule-generated Stage7 member for 汉朝刘氏.,False
1004316,7001,刘宁宁,female,1680-01-01,1735-12-31,17,绍,Rule-generated Stage7 member for 汉朝刘氏.,False
1004317,7001,刘丽,male,1681-01-01,1773-12-31,17,绍,Rule-generated Stage7 member for 汉朝刘氏.,False
1004318,7001,刘安慧,female,1679-01-01,1768-12-31,17,绍,Rule-generated Stage7 member for 汉朝刘氏.,False
1004319,7001,刘绍伟,male,1680-01-01,1728-12-31,17,绍,Rule-generated Stage7 member for 汉朝刘氏.,False
1004320,7001,刘强,female,1677-01-01,1720-12-31,17,绍,Rule-generated Stage7 member for 汉朝刘氏.,False
1004321,7001,刘绍景,male,1680-01-01,1738-12-31,17,绍,Rule-generated Stage7 member for 汉朝刘氏.,False
1004322,7001,刘绍芳,female,1679-01-01,1756-12-31,17,绍,Rule-generated Stage7 member for 汉朝刘氏.,False
1004323,7001,刘绍伟,male,1681-01-01,1759-12-31,17,绍,Rule-generated Stage7 member for 汉朝刘氏.,False
1004324,7001,刘敏芳,female,1677-01-01,1747-12-31,17,绍,Rule-generated Stage7 member for 汉朝刘氏.,False
1004325,7001,刘绍宗,male,1678-01-01,1767-12-31,17,绍,Rule-generated Stage7 member for 汉朝刘氏.,False
1004326,7001,刘兰芳,female,1679-01-01,1737-12-31,17,绍,Rule-generated Stage7 member for 汉朝刘氏.,False
1004327,7001,刘绍明,male,1681-01-01,1752-12-31,17,绍,Rule-generated Stage7 member for 汉朝刘氏.,False
1004328,7001,刘敏,female,1676-01-01,1753-12-31,17,绍,Rule-generated Stage7 member for 汉朝刘氏.,False
1004329,7001,刘绍承,male,1681-01-01,1755-12-31,17,绍,Rule-generated Stage7 member for 汉朝刘氏.,False
1004330,7001,刘宁玉,female,1681-01-01,1771-12-31,17,绍,Rule-generated Stage7 member for 汉朝刘氏.,False
1004331,7001,刘绍文,male,1679-01-01,1775-12-31,17,绍,Rule-generated Stage7 member for 汉朝刘氏.,False
1004332,7001,刘绍慧,female,1680-01-01,1740-12-31,17,绍,Rule-generated Stage7 member for 汉朝刘氏.,False
1004333,7001,刘承伟,male,1681-01-01,1712-12-31,17,绍,Rule-generated Stage7 member for 汉朝刘氏.,False
1004334,7001,刘绍雅,female,1677-01-01,1744-12-31,17,绍,Rule-generated Stage7 member for 汉朝刘氏.,False
1004335,7001,刘德明,male,1678-01-01,1718-12-31,17,绍,Rule-generated Stage7 member for 汉朝刘氏.,False
1004336,7001,刘绍丽,female,1677-01-01,1766-12-31,17,绍,Rule-generated Stage7 member for 汉朝刘氏.,False
1004337,7001,刘绍世,male,1676-01-01,1768-12-31,17,绍,Rule-generated Stage7 member for 汉朝刘氏.,False
1004338,7001,刘敏慧,female,1678-01-01,1708-12-31,17,绍,Rule-generated Stage7 member for 汉朝刘氏.,False
1004339,7001,刘绍安,male,1680-01-01,1738-12-31,17,绍,Rule-generated Stage7 member for 汉朝刘氏.,False
1004340,7001,刘绍清,female,1675-01-01,1749-12-31,17,绍,Rule-generated Stage7 member for 汉朝刘氏.,False
1004341,7001,刘绍文,male,1681-01-01,1745-12-31,17,绍,Rule-generated Stage7 member for 汉朝刘氏.,False
1004342,7001,刘绍梅,female,1681-01-01,1739-12-31,17,绍,Rule-generated Stage7 member for 汉朝刘氏.,False
1004343,7001,刘绍明,male,1681-01-01,1738-12-31,17,绍,Rule-generated Stage7 member for 汉朝刘氏.,False
1004344,7001,刘伟,female,1679-01-01,1765-12-31,17,绍,Rule-generated Stage7 member for 汉朝刘氏.,False
1004345,7001,刘文宗,male,1678-01-01,1723-12-31,17,绍,Rule-generated Stage7 member for 汉朝刘氏.,False
1004346,7001,刘敏梅,female,1676-01-01,1706-12-31,17,绍,Rule-generated Stage7 member for 汉朝刘氏.,False
1004347,7001,刘绍承,male,1675-01-01,1764-12-31,17,绍,Rule-generated Stage7 member for 汉朝刘氏.,False
1004348,7001,刘绍宁,female,1677-01-01,1738-12-31,17,绍,Rule-generated Stage7 member for 汉朝刘氏.,False
1004349,7001,刘国明,male,1680-01-01,1751-12-31,17,绍,Rule-generated Stage7 member for 汉朝刘氏.,False
1004350,7001,刘绍华,female,1675-01-01,1719-12-31,17,绍,Rule-generated Stage7 member for 汉朝刘氏.,False
1004351,7001,刘绍文,male,1680-01-01,1767-12-31,17,绍,Rule-generated Stage7 member for 汉朝刘氏.,False
1004352,7001,刘绍芳,female,1681-01-01,1741-12-31,17,绍,Rule-generated Stage7 member for 汉朝刘氏.,False
1004353,7001,刘景承,male,1675-01-01,1754-12-31,17,绍,Rule-generated Stage7 member for 汉朝刘氏.,False
1004354,7001,刘宁玉,female,1677-01-01,1739-12-31,17,绍,Rule-generated Stage7 member for 汉朝刘氏.,False
1004355,7001,刘绍承,male,1681-01-01,1762-12-31,17,绍,Rule-generated Stage7 member for 汉朝刘氏.,False
1004356,7001,刘强,female,1677-01-01,1735-12-31,17,绍,Rule-generated Stage7 member for 汉朝刘氏.,False
1004357,7001,刘绍明,male,1675-01-01,1752-12-31,17,绍,Rule-generated Stage7 member for 汉朝刘氏.,False
1004358,7001,刘安玉,female,1678-01-01,1712-12-31,17,绍,Rule-generated Stage7 member for 汉朝刘氏.,False
1004359,7001,刘景承,male,1676-01-01,1760-12-31,17,绍,Rule-generated Stage7 member for 汉朝刘氏.,False
1004360,7001,刘玉丽,female,1681-01-01,1752-12-31,17,绍,Rule-generated Stage7 member for 汉朝刘氏.,False
1004361,7001,刘强成,male,1680-01-01,1748-12-31,17,绍,Rule-generated Stage7 member for 汉朝刘氏.,False
1004362,7001,刘绍华,female,1681-01-01,1774-12-31,17,绍,Rule-generated Stage7 member for 汉朝刘氏.,False
1004363,7001,刘绍宗,male,1678-01-01,1708-12-31,17,绍,Rule-generated Stage7 member for 汉朝刘氏.,False
1004364,7001,刘梅安,female,1679-01-01,1737-12-31,17,绍,Rule-generated Stage7 member for 汉朝刘氏.,False
1004365,7001,刘绍文,male,1681-01-01,1747-12-31,17,绍,Rule-generated Stage7 member for 汉朝刘氏.,False
1004366,7001,刘玉芳,female,1679-01-01,1745-12-31,17,绍,Rule-generated Stage7 member for 汉朝刘氏.,False
1004367,7001,刘明,male,1680-01-01,1746-12-31,17,绍,Rule-generated Stage7 member for 汉朝刘氏.,False
1004368,7001,刘绍宁,female,1676-01-01,1723-12-31,17,绍,Rule-generated Stage7 member for 汉朝刘氏.,False
1004369,7001,刘绍明,male,1680-01-01,1757-12-31,17,绍,Rule-generated Stage7 member for 汉朝刘氏.,False
1004370,7001,刘绍华,female,1675-01-01,1710-12-31,17,绍,Rule-generated Stage7 member for 汉朝刘氏.,False
1004371,7001,刘绍成,male,1675-01-01,1746-12-31,17,绍,Rule-generated Stage7 member for 汉朝刘氏.,False
1004372,7001,刘梅丽,female,1680-01-01,1721-12-31,17,绍,Rule-generated Stage7 member for 汉朝刘氏.,False
1004373,7001,刘绍景,male,1678-01-01,1704-12-31,17,绍,Rule-generated Stage7 member for 汉朝刘氏.,False
1004374,7001,刘绍芳,female,1679-01-01,1772-12-31,17,绍,Rule-generated Stage7 member for 汉朝刘氏.,False
1004375,7001,刘强世,male,1675-01-01,1750-12-31,17,绍,Rule-generated Stage7 member for 汉朝刘氏.,False
1004376,7001,刘绍芳,female,1675-01-01,1768-12-31,17,绍,Rule-generated Stage7 member for 汉朝刘氏.,False
1004377,7001,刘绍安,male,1679-01-01,1771-12-31,17,绍,Rule-generated Stage7 member for 汉朝刘氏.,False
1004378,7001,刘丽丽,female,1675-01-01,1728-12-31,17,绍,Rule-generated Stage7 member for 汉朝刘氏.,False
1004379,7001,刘绍国,male,1681-01-01,1779-12-31,17,绍,Rule-generated Stage7 member for 汉朝刘氏.,False
1004380,7001,刘绍华,female,1676-01-01,1700-12-31,17,绍,Rule-generated Stage7 member for 汉朝刘氏.,False
1004381,7001,刘绍世,male,1676-01-01,1743-12-31,17,绍,Rule-generated Stage7 member for 汉朝刘氏.,False
1004382,7001,刘绍雅,female,1681-01-01,1747-12-31,17,绍,Rule-generated Stage7 member for 汉朝刘氏.,False
1004383,7001,刘绍世,male,1679-01-01,1712-12-31,17,绍,Rule-generated Stage7 member for 汉朝刘氏.,False
1004384,7001,刘绍慧,female,1679-01-01,1755-12-31,17,绍,Rule-generated Stage7 member for 汉朝刘氏.,False
1004385,7001,刘伟,male,1680-01-01,1723-12-31,17,绍,Rule-generated Stage7 member for 汉朝刘氏.,False
1004386,7001,刘绍雅,female,1677-01-01,1747-12-31,17,绍,Rule-generated Stage7 member for 汉朝刘氏.,False
1004387,7001,刘绍文,male,1679-01-01,1730-12-31,17,绍,Rule-generated Stage7 member for 汉朝刘氏.,False
1004388,7001,刘绍安,female,1679-01-01,1739-12-31,17,绍,Rule-generated Stage7 member for 汉朝刘氏.,False
1004389,7001,刘绍安,male,1680-01-01,1751-12-31,17,绍,Rule-generated Stage7 member for 汉朝刘氏.,False
1004390,7001,刘绍芳,female,1680-01-01,1719-12-31,17,绍,Rule-generated Stage7 member for 汉朝刘氏.,False
1004391,7001,刘绍承,male,1678-01-01,1707-12-31,17,绍,Rule-generated Stage7 member for 汉朝刘氏.,False
1004392,7001,刘安华,female,1675-01-01,1725-12-31,17,绍,Rule-generated Stage7 member for 汉朝刘氏.,False
1004393,7001,刘丽,male,1678-01-01,1760-12-31,17,绍,Rule-generated Stage7 member for 汉朝刘氏.,False
1004394,7001,刘绍梅,female,1675-01-01,1768-12-31,17,绍,Rule-generated Stage7 member for 汉朝刘氏.,False
1004395,7001,刘绍宗,male,1679-01-01,1781-12-31,17,绍,Rule-generated Stage7 member for 汉朝刘氏.,False
1004396,7001,刘绍慧,female,1676-01-01,1773-12-31,17,绍,Rule-generated Stage7 member for 汉朝刘氏.,False
1004397,7001,刘世德,male,1681-01-01,1712-12-31,17,绍,Rule-generated Stage7 member for 汉朝刘氏.,False
1004398,7001,刘伟,female,1677-01-01,1753-12-31,17,绍,Rule-generated Stage7 member for 汉朝刘氏.,False
1004399,7001,刘明,male,1677-01-01,1741-12-31,17,绍,Rule-generated Stage7 member for 汉朝刘氏.,False
1004400,7001,刘绍丽,female,1681-01-01,1768-12-31,17,绍,Rule-generated Stage7 member for 汉朝刘氏.,False
1004401,7001,刘文国,male,1677-01-01,1747-12-31,17,绍,Rule-generated Stage7 member for 汉朝刘氏.,False
1004402,7001,刘安敏,female,1678-01-01,1736-12-31,17,绍,Rule-generated Stage7 member for 汉朝刘氏.,False
1004403,7001,刘绍强,male,1676-01-01,1721-12-31,17,绍,Rule-generated Stage7 member for 汉朝刘氏.,False
1004404,7001,刘丽,female,1677-01-01,1778-12-31,17,绍,Rule-generated Stage7 member for 汉朝刘氏.,False
1004405,7001,刘伟,male,1680-01-01,1773-12-31,17,绍,Rule-generated Stage7 member for 汉朝刘氏.,False
1004406,7001,刘绍敏,female,1678-01-01,1751-12-31,17,绍,Rule-generated Stage7 member for 汉朝刘氏.,False
1004407,7001,刘德承,male,1676-01-01,1739-12-31,17,绍,Rule-generated Stage7 member for 汉朝刘氏.,False
1004408,7001,刘玉敏,female,1680-01-01,1736-12-31,17,绍,Rule-generated Stage7 member for 汉朝刘氏.,False
1004409,7001,刘绍安,male,1677-01-01,1755-12-31,17,绍,Rule-generated Stage7 member for 汉朝刘氏.,False
1004410,7001,刘丽安,female,1676-01-01,1738-12-31,17,绍,Rule-generated Stage7 member for 汉朝刘氏.,False
1004411,7001,刘成文,male,1675-01-01,1719-12-31,17,绍,Rule-generated Stage7 member for 汉朝刘氏.,False
1004412,7001,刘敏,female,1678-01-01,1769-12-31,17,绍,Rule-generated Stage7 member for 汉朝刘氏.,False
1004413,7001,刘承强,male,1681-01-01,1745-12-31,17,绍,Rule-generated Stage7 member for 汉朝刘氏.,False
1004414,7001,刘绍玉,female,1678-01-01,1724-12-31,17,绍,Rule-generated Stage7 member for 汉朝刘氏.,False
1004415,7001,刘敏,male,1677-01-01,1762-12-31,17,绍,Rule-generated Stage7 member for 汉朝刘氏.,False
1004416,7001,刘绍梅,female,1678-01-01,1729-12-31,17,绍,Rule-generated Stage7 member for 汉朝刘氏.,False
1004417,7001,刘世强,male,1678-01-01,1744-12-31,17,绍,Rule-generated Stage7 member for 汉朝刘氏.,False
1004418,7001,刘绍丽,female,1675-01-01,1750-12-31,17,绍,Rule-generated Stage7 member for 汉朝刘氏.,False
1004419,7001,刘绍世,male,1681-01-01,1750-12-31,17,绍,Rule-generated Stage7 member for 汉朝刘氏.,False
1004420,7001,刘绍清,female,1676-01-01,1739-12-31,17,绍,Rule-generated Stage7 member for 汉朝刘氏.,False
1004421,7001,刘宗明,male,1681-01-01,1724-12-31,17,绍,Rule-generated Stage7 member for 汉朝刘氏.,False
1004422,7001,刘芳玉,female,1680-01-01,1757-12-31,17,绍,Rule-generated Stage7 member for 汉朝刘氏.,False
1004423,7001,刘绍国,male,1681-01-01,1726-12-31,17,绍,Rule-generated Stage7 member for 汉朝刘氏.,False
1004424,7001,刘绍慧,female,1681-01-01,1742-12-31,17,绍,Rule-generated Stage7 member for 汉朝刘氏.,False
1004425,7001,刘绍承,male,1681-01-01,1731-12-31,17,绍,Rule-generated Stage7 member for 汉朝刘氏.,False
1004426,7001,刘安雅,female,1680-01-01,1746-12-31,17,绍,Rule-generated Stage7 member for 汉朝刘氏.,False
1004427,7001,刘绍宗,male,1678-01-01,1720-12-31,17,绍,Rule-generated Stage7 member for 汉朝刘氏.,False
1004428,7001,刘芳玉,female,1681-01-01,1742-12-31,17,绍,Rule-generated Stage7 member for 汉朝刘氏.,False
1004429,7001,刘敏,male,1675-01-01,1717-12-31,17,绍,Rule-generated Stage7 member for 汉朝刘氏.,False
1004430,7001,刘绍宁,female,1678-01-01,1755-12-31,17,绍,Rule-generated Stage7 member for 汉朝刘氏.,False
1004431,7001,刘绍文,male,1675-01-01,1743-12-31,17,绍,Rule-generated Stage7 member for 汉朝刘氏.,False
1004432,7001,刘绍宁,female,1679-01-01,1736-12-31,17,绍,Rule-generated Stage7 member for 汉朝刘氏.,False
1004433,7001,刘承成,male,1680-01-01,1774-12-31,17,绍,Rule-generated Stage7 member for 汉朝刘氏.,False
1004434,7001,刘华,female,1676-01-01,1769-12-31,17,绍,Rule-generated Stage7 member for 汉朝刘氏.,False
1004435,7001,刘强文,male,1677-01-01,1729-12-31,17,绍,Rule-generated Stage7 member for 汉朝刘氏.,False
1004436,7001,刘绍清,female,1681-01-01,1759-12-31,17,绍,Rule-generated Stage7 member for 汉朝刘氏.,False
1004437,7001,刘华,male,1677-01-01,1775-12-31,17,绍,Rule-generated Stage7 member for 汉朝刘氏.,False
1004438,7001,刘绍安,female,1675-01-01,1733-12-31,17,绍,Rule-generated Stage7 member for 汉朝刘氏.,False
1004439,7001,刘绍宗,male,1675-01-01,1756-12-31,17,绍,Rule-generated Stage7 member for 汉朝刘氏.,False
1004440,7001,刘华,female,1680-01-01,1760-12-31,17,绍,Rule-generated Stage7 member for 汉朝刘氏.,False
1004441,7001,刘绍承,male,1676-01-01,1749-12-31,17,绍,Rule-generated Stage7 member for 汉朝刘氏.,False
1004442,7001,刘敏敏,female,1676-01-01,1717-12-31,17,绍,Rule-generated Stage7 member for 汉朝刘氏.,False
1004443,7001,刘安安,male,1675-01-01,1748-12-31,17,绍,Rule-generated Stage7 member for 汉朝刘氏.,False
1004444,7001,刘芳兰,female,1675-01-01,1748-12-31,17,绍,Rule-generated Stage7 member for 汉朝刘氏.,False
1004445,7001,刘绍世,male,1680-01-01,1756-12-31,17,绍,Rule-generated Stage7 member for 汉朝刘氏.,False
1004446,7001,刘绍玉,female,1680-01-01,1770-12-31,17,绍,Rule-generated Stage7 member for 汉朝刘氏.,False
1004447,7001,刘成国,male,1678-01-01,1749-12-31,17,绍,Rule-generated Stage7 member for 汉朝刘氏.,False
1004448,7001,刘绍华,female,1678-01-01,1724-12-31,17,绍,Rule-generated Stage7 member for 汉朝刘氏.,False
1004449,7001,刘绍国,male,1677-01-01,1716-12-31,17,绍,Rule-generated Stage7 member for 汉朝刘氏.,False
1004450,7001,刘绍华,female,1675-01-01,1748-12-31,17,绍,Rule-generated Stage7 member for 汉朝刘氏.,False
1004451,7001,刘明,male,1680-01-01,1769-12-31,17,绍,Rule-generated Stage7 member for 汉朝刘氏.,False
1004452,7001,刘绍梅,female,1681-01-01,1732-12-31,17,绍,Rule-generated Stage7 member for 汉朝刘氏.,False
1004453,7001,刘绍德,male,1675-01-01,1773-12-31,17,绍,Rule-generated Stage7 member for 汉朝刘氏.,False
1004454,7001,刘梅玉,female,1681-01-01,1755-12-31,17,绍,Rule-generated Stage7 member for 汉朝刘氏.,False
1004455,7001,刘明,male,1679-01-01,1750-12-31,17,绍,Rule-generated Stage7 member for 汉朝刘氏.,False
1004456,7001,刘绍雅,female,1681-01-01,1748-12-31,17,绍,Rule-generated Stage7 member for 汉朝刘氏.,False
1004457,7001,刘绍明,male,1675-01-01,1710-12-31,17,绍,Rule-generated Stage7 member for 汉朝刘氏.,False
1004458,7001,刘绍梅,female,1679-01-01,1773-12-31,17,绍,Rule-generated Stage7 member for 汉朝刘氏.,False
1004459,7001,刘丽,male,1676-01-01,1744-12-31,17,绍,Rule-generated Stage7 member for 汉朝刘氏.,False
1004460,7001,刘芳华,female,1678-01-01,1753-12-31,17,绍,Rule-generated Stage7 member for 汉朝刘氏.,False
1004461,7001,刘绍强,male,1678-01-01,1772-12-31,17,绍,Rule-generated Stage7 member for 汉朝刘氏.,False
1004462,7001,刘绍雅,female,1676-01-01,1753-12-31,17,绍,Rule-generated Stage7 member for 汉朝刘氏.,False
1004463,7001,刘启宗,male,1698-01-01,1777-12-31,18,启,Rule-generated Stage7 member for 汉朝刘氏.,False
1004464,7001,刘强,female,1703-01-01,1768-12-31,18,启,Rule-generated Stage7 member for 汉朝刘氏.,False
1004465,7001,刘强明,male,1702-01-01,1754-12-31,18,启,Rule-generated Stage7 member for 汉朝刘氏.,False
1004466,7001,刘启玉,female,1699-01-01,1754-12-31,18,启,Rule-generated Stage7 member for 汉朝刘氏.,False
1004467,7001,刘敏,male,1700-01-01,1777-12-31,18,启,Rule-generated Stage7 member for 汉朝刘氏.,False
1004468,7001,刘启清,female,1700-01-01,1784-12-31,18,启,Rule-generated Stage7 member for 汉朝刘氏.,False
1004469,7001,刘启成,male,1698-01-01,1770-12-31,18,启,Rule-generated Stage7 member for 汉朝刘氏.,False
1004470,7001,刘启丽,female,1698-01-01,1796-12-31,18,启,Rule-generated Stage7 member for 汉朝刘氏.,False
1004471,7001,刘启安,male,1698-01-01,1768-12-31,18,启,Rule-generated Stage7 member for 汉朝刘氏.,False
1004472,7001,刘芳敏,female,1697-01-01,1751-12-31,18,启,Rule-generated Stage7 member for 汉朝刘氏.,False
1004473,7001,刘启文,male,1698-01-01,1767-12-31,18,启,Rule-generated Stage7 member for 汉朝刘氏.,False
1004474,7001,刘启慧,female,1697-01-01,1753-12-31,18,启,Rule-generated Stage7 member for 汉朝刘氏.,False
1004475,7001,刘景国,male,1698-01-01,1802-12-31,18,启,Rule-generated Stage7 member for 汉朝刘氏.,False
1004476,7001,刘启芳,female,1700-01-01,1790-12-31,18,启,Rule-generated Stage7 member for 汉朝刘氏.,False
1004477,7001,刘启文,male,1697-01-01,1783-12-31,18,启,Rule-generated Stage7 member for 汉朝刘氏.,False
1004478,7001,刘启敏,female,1703-01-01,1787-12-31,18,启,Rule-generated Stage7 member for 汉朝刘氏.,False
1004479,7001,刘启景,male,1703-01-01,1789-12-31,18,启,Rule-generated Stage7 member for 汉朝刘氏.,False
1004480,7001,刘伟,female,1700-01-01,1727-12-31,18,启,Rule-generated Stage7 member for 汉朝刘氏.,False
1004481,7001,刘国文,male,1702-01-01,1806-12-31,18,启,Rule-generated Stage7 member for 汉朝刘氏.,False
1004482,7001,刘宁芳,female,1702-01-01,1745-12-31,18,启,Rule-generated Stage7 member for 汉朝刘氏.,False
1004483,7001,刘启强,male,1699-01-01,1760-12-31,18,启,Rule-generated Stage7 member for 汉朝刘氏.,False
1004484,7001,刘启敏,female,1702-01-01,1767-12-31,18,启,Rule-generated Stage7 member for 汉朝刘氏.,False
1004485,7001,刘启成,male,1699-01-01,1757-12-31,18,启,Rule-generated Stage7 member for 汉朝刘氏.,False
1004486,7001,刘清慧,female,1703-01-01,1776-12-31,18,启,Rule-generated Stage7 member for 汉朝刘氏.,False
1004487,7001,刘伟,male,1702-01-01,1776-12-31,18,启,Rule-generated Stage7 member for 汉朝刘氏.,False
1004488,7001,刘华敏,female,1703-01-01,1768-12-31,18,启,Rule-generated Stage7 member for 汉朝刘氏.,False
1004489,7001,刘丽,male,1700-01-01,1767-12-31,18,启,Rule-generated Stage7 member for 汉朝刘氏.,False
1004490,7001,刘启梅,female,1700-01-01,1795-12-31,18,启,Rule-generated Stage7 member for 汉朝刘氏.,False
1004491,7001,刘启承,male,1699-01-01,1746-12-31,18,启,Rule-generated Stage7 member for 汉朝刘氏.,False
1004492,7001,刘丽敏,female,1701-01-01,1778-12-31,18,启,Rule-generated Stage7 member for 汉朝刘氏.,False
1004493,7001,刘启明,male,1697-01-01,1761-12-31,18,启,Rule-generated Stage7 member for 汉朝刘氏.,False
1004494,7001,刘启兰,female,1697-01-01,1800-12-31,18,启,Rule-generated Stage7 member for 汉朝刘氏.,False
1004495,7001,刘启强,male,1701-01-01,1749-12-31,18,启,Rule-generated Stage7 member for 汉朝刘氏.,False
1004496,7001,刘梅敏,female,1703-01-01,1771-12-31,18,启,Rule-generated Stage7 member for 汉朝刘氏.,False
1004497,7001,刘启国,male,1699-01-01,1773-12-31,18,启,Rule-generated Stage7 member for 汉朝刘氏.,False
1004498,7001,刘启宁,female,1702-01-01,1802-12-31,18,启,Rule-generated Stage7 member for 汉朝刘氏.,False
1004499,7001,刘安明,male,1697-01-01,1736-12-31,18,启,Rule-generated Stage7 member for 汉朝刘氏.,False
1004500,7001,刘启雅,female,1700-01-01,1789-12-31,18,启,Rule-generated Stage7 member for 汉朝刘氏.,False
1004501,7001,刘文德,male,1701-01-01,1757-12-31,18,启,Rule-generated Stage7 member for 汉朝刘氏.,False
1004502,7001,刘雅清,female,1703-01-01,1791-12-31,18,启,Rule-generated Stage7 member for 汉朝刘氏.,False
1004503,7001,刘启宗,male,1698-01-01,1783-12-31,18,启,Rule-generated Stage7 member for 汉朝刘氏.,False
1004504,7001,刘启芳,female,1701-01-01,1758-12-31,18,启,Rule-generated Stage7 member for 汉朝刘氏.,False
1004505,7001,刘景景,male,1697-01-01,1761-12-31,18,启,Rule-generated Stage7 member for 汉朝刘氏.,False
1004506,7001,刘启丽,female,1697-01-01,1800-12-31,18,启,Rule-generated Stage7 member for 汉朝刘氏.,False
1004507,7001,刘世国,male,1703-01-01,1759-12-31,18,启,Rule-generated Stage7 member for 汉朝刘氏.,False
1004508,7001,刘宁华,female,1701-01-01,1763-12-31,18,启,Rule-generated Stage7 member for 汉朝刘氏.,False
1004509,7001,刘成明,male,1700-01-01,1745-12-31,18,启,Rule-generated Stage7 member for 汉朝刘氏.,False
1004510,7001,刘启丽,female,1699-01-01,1795-12-31,18,启,Rule-generated Stage7 member for 汉朝刘氏.,False
1004511,7001,刘启伟,male,1698-01-01,1762-12-31,18,启,Rule-generated Stage7 member for 汉朝刘氏.,False
1004512,7001,刘丽宁,female,1700-01-01,1774-12-31,18,启,Rule-generated Stage7 member for 汉朝刘氏.,False
1004513,7001,刘启伟,male,1701-01-01,1740-12-31,18,启,Rule-generated Stage7 member for 汉朝刘氏.,False
1004514,7001,刘启梅,female,1698-01-01,1757-12-31,18,启,Rule-generated Stage7 member for 汉朝刘氏.,False
1004515,7001,刘文安,male,1700-01-01,1793-12-31,18,启,Rule-generated Stage7 member for 汉朝刘氏.,False
1004516,7001,刘启芳,female,1700-01-01,1734-12-31,18,启,Rule-generated Stage7 member for 汉朝刘氏.,False
1004517,7001,刘启宗,male,1699-01-01,1763-12-31,18,启,Rule-generated Stage7 member for 汉朝刘氏.,False
1004518,7001,刘丽,female,1702-01-01,1766-12-31,18,启,Rule-generated Stage7 member for 汉朝刘氏.,False
1004519,7001,刘启国,male,1697-01-01,1772-12-31,18,启,Rule-generated Stage7 member for 汉朝刘氏.,False
1004520,7001,刘启清,female,1698-01-01,1726-12-31,18,启,Rule-generated Stage7 member for 汉朝刘氏.,False
1004521,7001,刘文景,male,1697-01-01,1768-12-31,18,启,Rule-generated Stage7 member for 汉朝刘氏.,False
1004522,7001,刘启芳,female,1703-01-01,1776-12-31,18,启,Rule-generated Stage7 member for 汉朝刘氏.,False
1004523,7001,刘景伟,male,1700-01-01,1780-12-31,18,启,Rule-generated Stage7 member for 汉朝刘氏.,False
1004524,7001,刘启慧,female,1702-01-01,1780-12-31,18,启,Rule-generated Stage7 member for 汉朝刘氏.,False
1004525,7001,刘启德,male,1698-01-01,1735-12-31,18,启,Rule-generated Stage7 member for 汉朝刘氏.,False
1004526,7001,刘玉华,female,1701-01-01,1752-12-31,18,启,Rule-generated Stage7 member for 汉朝刘氏.,False
1004527,7001,刘德明,male,1702-01-01,1722-12-31,18,启,Rule-generated Stage7 member for 汉朝刘氏.,False
1004528,7001,刘启芳,female,1697-01-01,1790-12-31,18,启,Rule-generated Stage7 member for 汉朝刘氏.,False
1004529,7001,刘启国,male,1698-01-01,1737-12-31,18,启,Rule-generated Stage7 member for 汉朝刘氏.,False
1004530,7001,刘启清,female,1703-01-01,1738-12-31,18,启,Rule-generated Stage7 member for 汉朝刘氏.,False
1004531,7001,刘启宗,male,1702-01-01,1771-12-31,18,启,Rule-generated Stage7 member for 汉朝刘氏.,False
1004532,7001,刘启敏,female,1698-01-01,1779-12-31,18,启,Rule-generated Stage7 member for 汉朝刘氏.,False
1004533,7001,刘启安,male,1697-01-01,1747-12-31,18,启,Rule-generated Stage7 member for 汉朝刘氏.,False
1004534,7001,刘兰芳,female,1697-01-01,1756-12-31,18,启,Rule-generated Stage7 member for 汉朝刘氏.,False
1004535,7001,刘启景,male,1701-01-01,1758-12-31,18,启,Rule-generated Stage7 member for 汉朝刘氏.,False
1004536,7001,刘启玉,female,1699-01-01,1758-12-31,18,启,Rule-generated Stage7 member for 汉朝刘氏.,False
1004537,7001,刘华,male,1700-01-01,1750-12-31,18,启,Rule-generated Stage7 member for 汉朝刘氏.,False
1004538,7001,刘启雅,female,1700-01-01,1751-12-31,18,启,Rule-generated Stage7 member for 汉朝刘氏.,False
1004539,7001,刘启文,male,1698-01-01,1768-12-31,18,启,Rule-generated Stage7 member for 汉朝刘氏.,False
1004540,7001,刘启清,female,1701-01-01,1783-12-31,18,启,Rule-generated Stage7 member for 汉朝刘氏.,False
1004541,7001,刘启宗,male,1699-01-01,1753-12-31,18,启,Rule-generated Stage7 member for 汉朝刘氏.,False
1004542,7001,刘启丽,female,1697-01-01,1743-12-31,18,启,Rule-generated Stage7 member for 汉朝刘氏.,False
1004543,7001,刘启安,male,1701-01-01,1791-12-31,18,启,Rule-generated Stage7 member for 汉朝刘氏.,False
1004544,7001,刘慧丽,female,1697-01-01,1776-12-31,18,启,Rule-generated Stage7 member for 汉朝刘氏.,False
1004545,7001,刘明,male,1701-01-01,1756-12-31,18,启,Rule-generated Stage7 member for 汉朝刘氏.,False
1004546,7001,刘清梅,female,1703-01-01,1731-12-31,18,启,Rule-generated Stage7 member for 汉朝刘氏.,False
1004547,7001,刘伟德,male,1700-01-01,1762-12-31,18,启,Rule-generated Stage7 member for 汉朝刘氏.,False
1004548,7001,刘强,female,1703-01-01,1795-12-31,18,启,Rule-generated Stage7 member for 汉朝刘氏.,False
1004549,7001,刘启承,male,1703-01-01,1767-12-31,18,启,Rule-generated Stage7 member for 汉朝刘氏.,False
1004550,7001,刘启慧,female,1698-01-01,1754-12-31,18,启,Rule-generated Stage7 member for 汉朝刘氏.,False
1004551,7001,刘承德,male,1701-01-01,1785-12-31,18,启,Rule-generated Stage7 member for 汉朝刘氏.,False
1004552,7001,刘雅雅,female,1702-01-01,1788-12-31,18,启,Rule-generated Stage7 member for 汉朝刘氏.,False
1004553,7001,刘启世,male,1699-01-01,1780-12-31,18,启,Rule-generated Stage7 member for 汉朝刘氏.,False
1004554,7001,刘安雅,female,1699-01-01,1797-12-31,18,启,Rule-generated Stage7 member for 汉朝刘氏.,False
1004555,7001,刘成文,male,1697-01-01,1773-12-31,18,启,Rule-generated Stage7 member for 汉朝刘氏.,False
1004556,7001,刘启安,female,1702-01-01,1770-12-31,18,启,Rule-generated Stage7 member for 汉朝刘氏.,False
1004557,7001,刘安世,male,1703-01-01,1757-12-31,18,启,Rule-generated Stage7 member for 汉朝刘氏.,False
1004558,7001,刘启兰,female,1700-01-01,1760-12-31,18,启,Rule-generated Stage7 member for 汉朝刘氏.,False
1004559,7001,刘启安,male,1702-01-01,1773-12-31,18,启,Rule-generated Stage7 member for 汉朝刘氏.,False
1004560,7001,刘启宁,female,1698-01-01,1778-12-31,18,启,Rule-generated Stage7 member for 汉朝刘氏.,False
1004561,7001,刘启安,male,1701-01-01,1787-12-31,18,启,Rule-generated Stage7 member for 汉朝刘氏.,False
1004562,7001,刘梅丽,female,1700-01-01,1759-12-31,18,启,Rule-generated Stage7 member for 汉朝刘氏.,False
1004563,7001,刘德承,male,1703-01-01,1786-12-31,18,启,Rule-generated Stage7 member for 汉朝刘氏.,False
1004564,7001,刘启雅,female,1697-01-01,1771-12-31,18,启,Rule-generated Stage7 member for 汉朝刘氏.,False
1004565,7001,刘敏,male,1701-01-01,1788-12-31,18,启,Rule-generated Stage7 member for 汉朝刘氏.,False
1004566,7001,刘启雅,female,1698-01-01,1739-12-31,18,启,Rule-generated Stage7 member for 汉朝刘氏.,False
1004567,7001,刘强,male,1703-01-01,1765-12-31,18,启,Rule-generated Stage7 member for 汉朝刘氏.,False
1004568,7001,刘兰华,female,1697-01-01,1782-12-31,18,启,Rule-generated Stage7 member for 汉朝刘氏.,False
1004569,7001,刘启安,male,1700-01-01,1784-12-31,18,启,Rule-generated Stage7 member for 汉朝刘氏.,False
1004570,7001,刘安雅,female,1701-01-01,1769-12-31,18,启,Rule-generated Stage7 member for 汉朝刘氏.,False
1004571,7001,刘启文,male,1699-01-01,1784-12-31,18,启,Rule-generated Stage7 member for 汉朝刘氏.,False
1004572,7001,刘启宁,female,1699-01-01,1750-12-31,18,启,Rule-generated Stage7 member for 汉朝刘氏.,False
1004573,7001,刘启德,male,1703-01-01,1762-12-31,18,启,Rule-generated Stage7 member for 汉朝刘氏.,False
1004574,7001,刘启雅,female,1702-01-01,1782-12-31,18,启,Rule-generated Stage7 member for 汉朝刘氏.,False
1004575,7001,刘景强,male,1698-01-01,1770-12-31,18,启,Rule-generated Stage7 member for 汉朝刘氏.,False
1004576,7001,刘梅雅,female,1703-01-01,1756-12-31,18,启,Rule-generated Stage7 member for 汉朝刘氏.,False
1004577,7001,刘敏,male,1699-01-01,1756-12-31,18,启,Rule-generated Stage7 member for 汉朝刘氏.,False
1004578,7001,刘启清,female,1700-01-01,1780-12-31,18,启,Rule-generated Stage7 member for 汉朝刘氏.,False
1004579,7001,刘启景,male,1697-01-01,1742-12-31,18,启,Rule-generated Stage7 member for 汉朝刘氏.,False
1004580,7001,刘宁慧,female,1698-01-01,1789-12-31,18,启,Rule-generated Stage7 member for 汉朝刘氏.,False
1004581,7001,刘启承,male,1701-01-01,1782-12-31,18,启,Rule-generated Stage7 member for 汉朝刘氏.,False
1004582,7001,刘华梅,female,1703-01-01,1776-12-31,18,启,Rule-generated Stage7 member for 汉朝刘氏.,False
1004583,7001,刘华,male,1701-01-01,1780-12-31,18,启,Rule-generated Stage7 member for 汉朝刘氏.,False
1004584,7001,刘启宁,female,1702-01-01,1752-12-31,18,启,Rule-generated Stage7 member for 汉朝刘氏.,False
1004585,7001,刘国景,male,1701-01-01,1755-12-31,18,启,Rule-generated Stage7 member for 汉朝刘氏.,False
1004586,7001,刘启兰,female,1702-01-01,1780-12-31,18,启,Rule-generated Stage7 member for 汉朝刘氏.,False
1004587,7001,刘强,male,1699-01-01,1746-12-31,18,启,Rule-generated Stage7 member for 汉朝刘氏.,False
1004588,7001,刘安雅,female,1703-01-01,1799-12-31,18,启,Rule-generated Stage7 member for 汉朝刘氏.,False
1004589,7001,刘世承,male,1702-01-01,1752-12-31,18,启,Rule-generated Stage7 member for 汉朝刘氏.,False
1004590,7001,刘启梅,female,1699-01-01,1761-12-31,18,启,Rule-generated Stage7 member for 汉朝刘氏.,False
1004591,7001,刘强,male,1702-01-01,1786-12-31,18,启,Rule-generated Stage7 member for 汉朝刘氏.,False
1004592,7001,刘启慧,female,1697-01-01,1751-12-31,18,启,Rule-generated Stage7 member for 汉朝刘氏.,False
1004593,7001,刘启成,male,1703-01-01,1796-12-31,18,启,Rule-generated Stage7 member for 汉朝刘氏.,False
1004594,7001,刘强,female,1698-01-01,1775-12-31,18,启,Rule-generated Stage7 member for 汉朝刘氏.,False
1004595,7001,刘明,male,1698-01-01,1756-12-31,18,启,Rule-generated Stage7 member for 汉朝刘氏.,False
1004596,7001,刘伟,female,1703-01-01,1783-12-31,18,启,Rule-generated Stage7 member for 汉朝刘氏.,False
1004597,7001,刘启成,male,1700-01-01,1765-12-31,18,启,Rule-generated Stage7 member for 汉朝刘氏.,False
1004598,7001,刘启宁,female,1700-01-01,1747-12-31,18,启,Rule-generated Stage7 member for 汉朝刘氏.,False
1004599,7001,刘启景,male,1702-01-01,1767-12-31,18,启,Rule-generated Stage7 member for 汉朝刘氏.,False
1004600,7001,刘慧安,female,1703-01-01,1786-12-31,18,启,Rule-generated Stage7 member for 汉朝刘氏.,False
1004601,7001,刘启成,male,1703-01-01,1756-12-31,18,启,Rule-generated Stage7 member for 汉朝刘氏.,False
1004602,7001,刘启梅,female,1702-01-01,1776-12-31,18,启,Rule-generated Stage7 member for 汉朝刘氏.,False
1004603,7001,刘启宗,male,1701-01-01,1779-12-31,18,启,Rule-generated Stage7 member for 汉朝刘氏.,False
1004604,7001,刘安雅,female,1698-01-01,1794-12-31,18,启,Rule-generated Stage7 member for 汉朝刘氏.,False
1004605,7001,刘世世,male,1700-01-01,1752-12-31,18,启,Rule-generated Stage7 member for 汉朝刘氏.,False
1004606,7001,刘敏华,female,1697-01-01,1767-12-31,18,启,Rule-generated Stage7 member for 汉朝刘氏.,False
1004607,7001,刘启安,male,1697-01-01,1776-12-31,18,启,Rule-generated Stage7 member for 汉朝刘氏.,False
1004608,7001,刘启丽,female,1699-01-01,1744-12-31,18,启,Rule-generated Stage7 member for 汉朝刘氏.,False
1004609,7001,刘启承,male,1701-01-01,1772-12-31,18,启,Rule-generated Stage7 member for 汉朝刘氏.,False
1004610,7001,刘丽宁,female,1697-01-01,1740-12-31,18,启,Rule-generated Stage7 member for 汉朝刘氏.,False
1004611,7001,刘启强,male,1697-01-01,1804-12-31,18,启,Rule-generated Stage7 member for 汉朝刘氏.,False
1004612,7001,刘雅华,female,1700-01-01,1790-12-31,18,启,Rule-generated Stage7 member for 汉朝刘氏.,False
1004613,7001,刘华,male,1700-01-01,1760-12-31,18,启,Rule-generated Stage7 member for 汉朝刘氏.,False
1004614,7001,刘慧安,female,1699-01-01,1757-12-31,18,启,Rule-generated Stage7 member for 汉朝刘氏.,False
1004615,7001,刘启德,male,1698-01-01,1749-12-31,18,启,Rule-generated Stage7 member for 汉朝刘氏.,False
1004616,7001,刘启敏,female,1700-01-01,1741-12-31,18,启,Rule-generated Stage7 member for 汉朝刘氏.,False
1004617,7001,刘启景,male,1700-01-01,1800-12-31,18,启,Rule-generated Stage7 member for 汉朝刘氏.,False
1004618,7001,刘启清,female,1699-01-01,1761-12-31,18,启,Rule-generated Stage7 member for 汉朝刘氏.,False
1004619,7001,刘国安,male,1699-01-01,1742-12-31,18,启,Rule-generated Stage7 member for 汉朝刘氏.,False
1004620,7001,刘敏,female,1701-01-01,1742-12-31,18,启,Rule-generated Stage7 member for 汉朝刘氏.,False
1004621,7001,刘国承,male,1700-01-01,1728-12-31,18,启,Rule-generated Stage7 member for 汉朝刘氏.,False
1004622,7001,刘启玉,female,1700-01-01,1760-12-31,18,启,Rule-generated Stage7 member for 汉朝刘氏.,False
1004623,7001,刘强,male,1700-01-01,1776-12-31,18,启,Rule-generated Stage7 member for 汉朝刘氏.,False
1004624,7001,刘启丽,female,1700-01-01,1756-12-31,18,启,Rule-generated Stage7 member for 汉朝刘氏.,False
1004625,7001,刘启宗,male,1702-01-01,1761-12-31,18,启,Rule-generated Stage7 member for 汉朝刘氏.,False
1004626,7001,刘启敏,female,1701-01-01,1777-12-31,18,启,Rule-generated Stage7 member for 汉朝刘氏.,False
1004627,7001,刘启强,male,1699-01-01,1766-12-31,18,启,Rule-generated Stage7 member for 汉朝刘氏.,False
1004628,7001,刘启清,female,1700-01-01,1749-12-31,18,启,Rule-generated Stage7 member for 汉朝刘氏.,False
1004629,7001,刘华,male,1698-01-01,1792-12-31,18,启,Rule-generated Stage7 member for 汉朝刘氏.,False
1004630,7001,刘启敏,female,1699-01-01,1772-12-31,18,启,Rule-generated Stage7 member for 汉朝刘氏.,False
1004631,7001,刘启明,male,1699-01-01,1806-12-31,18,启,Rule-generated Stage7 member for 汉朝刘氏.,False
1004632,7001,刘启梅,female,1698-01-01,1725-12-31,18,启,Rule-generated Stage7 member for 汉朝刘氏.,False
1004633,7001,刘启国,male,1703-01-01,1746-12-31,18,启,Rule-generated Stage7 member for 汉朝刘氏.,False
1004634,7001,刘启华,female,1697-01-01,1790-12-31,18,启,Rule-generated Stage7 member for 汉朝刘氏.,False
1004635,7001,刘世成,male,1697-01-01,1724-12-31,18,启,Rule-generated Stage7 member for 汉朝刘氏.,False
1004636,7001,刘华,female,1697-01-01,1724-12-31,18,启,Rule-generated Stage7 member for 汉朝刘氏.,False
1004637,7001,刘强安,male,1699-01-01,1753-12-31,18,启,Rule-generated Stage7 member for 汉朝刘氏.,False
1004638,7001,刘启芳,female,1702-01-01,1777-12-31,18,启,Rule-generated Stage7 member for 汉朝刘氏.,False
1004639,7001,刘启强,male,1700-01-01,1790-12-31,18,启,Rule-generated Stage7 member for 汉朝刘氏.,False
1004640,7001,刘华安,female,1701-01-01,1786-12-31,18,启,Rule-generated Stage7 member for 汉朝刘氏.,False
1004641,7001,刘世文,male,1702-01-01,1755-12-31,18,启,Rule-generated Stage7 member for 汉朝刘氏.,False
1004642,7001,刘启华,female,1703-01-01,1787-12-31,18,启,Rule-generated Stage7 member for 汉朝刘氏.,False
1004643,7001,刘启强,male,1701-01-01,1777-12-31,18,启,Rule-generated Stage7 member for 汉朝刘氏.,False
1004644,7001,刘启华,female,1703-01-01,1738-12-31,18,启,Rule-generated Stage7 member for 汉朝刘氏.,False
1004645,7001,刘启德,male,1703-01-01,1783-12-31,18,启,Rule-generated Stage7 member for 汉朝刘氏.,False
1004646,7001,刘启雅,female,1702-01-01,1775-12-31,18,启,Rule-generated Stage7 member for 汉朝刘氏.,False
1004647,7001,刘丽,male,1699-01-01,1776-12-31,18,启,Rule-generated Stage7 member for 汉朝刘氏.,False
1004648,7001,刘丽,female,1703-01-01,1730-12-31,18,启,Rule-generated Stage7 member for 汉朝刘氏.,False
1004649,7001,刘明文,male,1699-01-01,1786-12-31,18,启,Rule-generated Stage7 member for 汉朝刘氏.,False
1004650,7001,刘启梅,female,1702-01-01,1789-12-31,18,启,Rule-generated Stage7 member for 汉朝刘氏.,False
1004651,7001,刘明,male,1698-01-01,1759-12-31,18,启,Rule-generated Stage7 member for 汉朝刘氏.,False
1004652,7001,刘启玉,female,1697-01-01,1771-12-31,18,启,Rule-generated Stage7 member for 汉朝刘氏.,False
1004653,7001,刘成德,male,1697-01-01,1731-12-31,18,启,Rule-generated Stage7 member for 汉朝刘氏.,False
1004654,7001,刘启清,female,1700-01-01,1774-12-31,18,启,Rule-generated Stage7 member for 汉朝刘氏.,False
1004655,7001,刘文景,male,1701-01-01,1778-12-31,18,启,Rule-generated Stage7 member for 汉朝刘氏.,False
1004656,7001,刘启玉,female,1697-01-01,1776-12-31,18,启,Rule-generated Stage7 member for 汉朝刘氏.,False
1004657,7001,刘启安,male,1699-01-01,1742-12-31,18,启,Rule-generated Stage7 member for 汉朝刘氏.,False
1004658,7001,刘启敏,female,1697-01-01,1735-12-31,18,启,Rule-generated Stage7 member for 汉朝刘氏.,False
1004659,7001,刘明安,male,1703-01-01,1730-12-31,18,启,Rule-generated Stage7 member for 汉朝刘氏.,False
1004660,7001,刘启芳,female,1698-01-01,1769-12-31,18,启,Rule-generated Stage7 member for 汉朝刘氏.,False
1004661,7001,刘强,male,1697-01-01,1744-12-31,18,启,Rule-generated Stage7 member for 汉朝刘氏.,False
1004662,7001,刘启雅,female,1697-01-01,1756-12-31,18,启,Rule-generated Stage7 member for 汉朝刘氏.,False
1004663,7001,刘启宗,male,1700-01-01,1738-12-31,18,启,Rule-generated Stage7 member for 汉朝刘氏.,False
1004664,7001,刘兰慧,female,1702-01-01,1753-12-31,18,启,Rule-generated Stage7 member for 汉朝刘氏.,False
1004665,7001,刘启德,male,1697-01-01,1746-12-31,18,启,Rule-generated Stage7 member for 汉朝刘氏.,False
1004666,7001,刘启丽,female,1697-01-01,1758-12-31,18,启,Rule-generated Stage7 member for 汉朝刘氏.,False
1004667,7001,刘强,male,1697-01-01,1780-12-31,18,启,Rule-generated Stage7 member for 汉朝刘氏.,False
1004668,7001,刘启慧,female,1700-01-01,1758-12-31,18,启,Rule-generated Stage7 member for 汉朝刘氏.,False
1004669,7001,刘启承,male,1701-01-01,1761-12-31,18,启,Rule-generated Stage7 member for 汉朝刘氏.,False
1004670,7001,刘兰兰,female,1699-01-01,1794-12-31,18,启,Rule-generated Stage7 member for 汉朝刘氏.,False
1004671,7001,刘成文,male,1698-01-01,1759-12-31,18,启,Rule-generated Stage7 member for 汉朝刘氏.,False
1004672,7001,刘启雅,female,1703-01-01,1732-12-31,18,启,Rule-generated Stage7 member for 汉朝刘氏.,False
1004673,7001,刘启文,male,1698-01-01,1752-12-31,18,启,Rule-generated Stage7 member for 汉朝刘氏.,False
1004674,7001,刘启慧,female,1702-01-01,1771-12-31,18,启,Rule-generated Stage7 member for 汉朝刘氏.,False
1004675,7001,刘启德,male,1701-01-01,1739-12-31,18,启,Rule-generated Stage7 member for 汉朝刘氏.,False
1004676,7001,刘芳丽,female,1700-01-01,1779-12-31,18,启,Rule-generated Stage7 member for 汉朝刘氏.,False
1004677,7001,刘伟承,male,1698-01-01,1763-12-31,18,启,Rule-generated Stage7 member for 汉朝刘氏.,False
1004678,7001,刘启玉,female,1700-01-01,1784-12-31,18,启,Rule-generated Stage7 member for 汉朝刘氏.,False
1004679,7001,刘启德,male,1702-01-01,1765-12-31,18,启,Rule-generated Stage7 member for 汉朝刘氏.,False
1004680,7001,刘雅雅,female,1701-01-01,1788-12-31,18,启,Rule-generated Stage7 member for 汉朝刘氏.,False
1004681,7001,刘世世,male,1701-01-01,1743-12-31,18,启,Rule-generated Stage7 member for 汉朝刘氏.,False
1004682,7001,刘启敏,female,1698-01-01,1735-12-31,18,启,Rule-generated Stage7 member for 汉朝刘氏.,False
1004683,7001,刘启承,male,1703-01-01,1770-12-31,18,启,Rule-generated Stage7 member for 汉朝刘氏.,False
1004684,7001,刘敏芳,female,1700-01-01,1755-12-31,18,启,Rule-generated Stage7 member for 汉朝刘氏.,False
1004685,7001,刘启宗,male,1698-01-01,1736-12-31,18,启,Rule-generated Stage7 member for 汉朝刘氏.,False
1004686,7001,刘启敏,female,1698-01-01,1783-12-31,18,启,Rule-generated Stage7 member for 汉朝刘氏.,False
1004687,7001,刘启成,male,1698-01-01,1781-12-31,18,启,Rule-generated Stage7 member for 汉朝刘氏.,False
1004688,7001,刘安兰,female,1701-01-01,1774-12-31,18,启,Rule-generated Stage7 member for 汉朝刘氏.,False
1004689,7001,刘启承,male,1701-01-01,1748-12-31,18,启,Rule-generated Stage7 member for 汉朝刘氏.,False
1004690,7001,刘启慧,female,1698-01-01,1799-12-31,18,启,Rule-generated Stage7 member for 汉朝刘氏.,False
1004691,7001,刘德世,male,1703-01-01,1793-12-31,18,启,Rule-generated Stage7 member for 汉朝刘氏.,False
1004692,7001,刘启芳,female,1702-01-01,1792-12-31,18,启,Rule-generated Stage7 member for 汉朝刘氏.,False
1004693,7001,刘启文,male,1697-01-01,1734-12-31,18,启,Rule-generated Stage7 member for 汉朝刘氏.,False
1004694,7001,刘启宁,female,1700-01-01,1759-12-31,18,启,Rule-generated Stage7 member for 汉朝刘氏.,False
1004695,7001,刘启世,male,1697-01-01,1729-12-31,18,启,Rule-generated Stage7 member for 汉朝刘氏.,False
1004696,7001,刘启安,female,1700-01-01,1769-12-31,18,启,Rule-generated Stage7 member for 汉朝刘氏.,False
1004697,7001,刘启伟,male,1701-01-01,1768-12-31,18,启,Rule-generated Stage7 member for 汉朝刘氏.,False
1004698,7001,刘启敏,female,1697-01-01,1784-12-31,18,启,Rule-generated Stage7 member for 汉朝刘氏.,False
1004699,7001,刘启成,male,1700-01-01,1731-12-31,18,启,Rule-generated Stage7 member for 汉朝刘氏.,False
1004700,7001,刘宁丽,female,1702-01-01,1795-12-31,18,启,Rule-generated Stage7 member for 汉朝刘氏.,False
1004701,7001,刘启承,male,1700-01-01,1736-12-31,18,启,Rule-generated Stage7 member for 汉朝刘氏.,False
1004702,7001,刘启华,female,1703-01-01,1753-12-31,18,启,Rule-generated Stage7 member for 汉朝刘氏.,False
1004703,7001,刘启安,male,1700-01-01,1788-12-31,18,启,Rule-generated Stage7 member for 汉朝刘氏.,False
1004704,7001,刘强,female,1698-01-01,1767-12-31,18,启,Rule-generated Stage7 member for 汉朝刘氏.,False
1004705,7001,刘启景,male,1697-01-01,1732-12-31,18,启,Rule-generated Stage7 member for 汉朝刘氏.,False
1004706,7001,刘慧玉,female,1703-01-01,1741-12-31,18,启,Rule-generated Stage7 member for 汉朝刘氏.,False
1004707,7001,刘启伟,male,1702-01-01,1774-12-31,18,启,Rule-generated Stage7 member for 汉朝刘氏.,False
1004708,7001,刘启丽,female,1700-01-01,1775-12-31,18,启,Rule-generated Stage7 member for 汉朝刘氏.,False
1004709,7001,刘明,male,1702-01-01,1780-12-31,18,启,Rule-generated Stage7 member for 汉朝刘氏.,False
1004710,7001,刘启宁,female,1699-01-01,1768-12-31,18,启,Rule-generated Stage7 member for 汉朝刘氏.,False
1004711,7001,刘国世,male,1697-01-01,1778-12-31,18,启,Rule-generated Stage7 member for 汉朝刘氏.,False
1004712,7001,刘丽敏,female,1697-01-01,1757-12-31,18,启,Rule-generated Stage7 member for 汉朝刘氏.,False
1004713,7001,刘国德,male,1702-01-01,1776-12-31,18,启,Rule-generated Stage7 member for 汉朝刘氏.,False
1004714,7001,刘华芳,female,1701-01-01,1771-12-31,18,启,Rule-generated Stage7 member for 汉朝刘氏.,False
1004715,7001,刘明世,male,1697-01-01,1756-12-31,18,启,Rule-generated Stage7 member for 汉朝刘氏.,False
1004716,7001,刘启丽,female,1697-01-01,1801-12-31,18,启,Rule-generated Stage7 member for 汉朝刘氏.,False
1004717,7001,刘启宗,male,1697-01-01,1775-12-31,18,启,Rule-generated Stage7 member for 汉朝刘氏.,False
1004718,7001,刘启华,female,1698-01-01,1779-12-31,18,启,Rule-generated Stage7 member for 汉朝刘氏.,False
1004719,7001,刘景伟,male,1698-01-01,1752-12-31,18,启,Rule-generated Stage7 member for 汉朝刘氏.,False
1004720,7001,刘启慧,female,1701-01-01,1764-12-31,18,启,Rule-generated Stage7 member for 汉朝刘氏.,False
1004721,7001,刘启世,male,1698-01-01,1766-12-31,18,启,Rule-generated Stage7 member for 汉朝刘氏.,False
1004722,7001,刘启敏,female,1699-01-01,1755-12-31,18,启,Rule-generated Stage7 member for 汉朝刘氏.,False
1004723,7001,刘启强,male,1700-01-01,1768-12-31,18,启,Rule-generated Stage7 member for 汉朝刘氏.,False
1004724,7001,刘启华,female,1698-01-01,1768-12-31,18,启,Rule-generated Stage7 member for 汉朝刘氏.,False
1004725,7001,刘启国,male,1698-01-01,1764-12-31,18,启,Rule-generated Stage7 member for 汉朝刘氏.,False
1004726,7001,刘兰清,female,1701-01-01,1783-12-31,18,启,Rule-generated Stage7 member for 汉朝刘氏.,False
1004727,7001,刘启世,male,1700-01-01,1790-12-31,18,启,Rule-generated Stage7 member for 汉朝刘氏.,False
1004728,7001,刘清玉,female,1700-01-01,1748-12-31,18,启,Rule-generated Stage7 member for 汉朝刘氏.,False
1004729,7001,刘世强,male,1697-01-01,1756-12-31,18,启,Rule-generated Stage7 member for 汉朝刘氏.,False
1004730,7001,刘玉清,female,1697-01-01,1741-12-31,18,启,Rule-generated Stage7 member for 汉朝刘氏.,False
1004731,7001,刘强伟,male,1699-01-01,1776-12-31,18,启,Rule-generated Stage7 member for 汉朝刘氏.,False
1004732,7001,刘兰安,female,1703-01-01,1762-12-31,18,启,Rule-generated Stage7 member for 汉朝刘氏.,False
1004733,7001,刘启伟,male,1698-01-01,1719-12-31,18,启,Rule-generated Stage7 member for 汉朝刘氏.,False
1004734,7001,刘慧梅,female,1701-01-01,1768-12-31,18,启,Rule-generated Stage7 member for 汉朝刘氏.,False
1004735,7001,刘启成,male,1701-01-01,1787-12-31,18,启,Rule-generated Stage7 member for 汉朝刘氏.,False
1004736,7001,刘启芳,female,1701-01-01,1762-12-31,18,启,Rule-generated Stage7 member for 汉朝刘氏.,False
1004737,7001,刘启文,male,1700-01-01,1744-12-31,18,启,Rule-generated Stage7 member for 汉朝刘氏.,False
1004738,7001,刘启梅,female,1701-01-01,1735-12-31,18,启,Rule-generated Stage7 member for 汉朝刘氏.,False
1004739,7001,刘启景,male,1701-01-01,1761-12-31,18,启,Rule-generated Stage7 member for 汉朝刘氏.,False
1004740,7001,刘明,female,1698-01-01,1749-12-31,18,启,Rule-generated Stage7 member for 汉朝刘氏.,False
1004741,7001,刘宗德,male,1702-01-01,1759-12-31,18,启,Rule-generated Stage7 member for 汉朝刘氏.,False
1004742,7001,刘敏敏,female,1701-01-01,1774-12-31,18,启,Rule-generated Stage7 member for 汉朝刘氏.,False
1004743,7001,刘启伟,male,1699-01-01,1785-12-31,18,启,Rule-generated Stage7 member for 汉朝刘氏.,False
1004744,7001,刘启慧,female,1703-01-01,1742-12-31,18,启,Rule-generated Stage7 member for 汉朝刘氏.,False
1004745,7001,刘伟景,male,1701-01-01,1786-12-31,18,启,Rule-generated Stage7 member for 汉朝刘氏.,False
1004746,7001,刘启安,female,1697-01-01,1773-12-31,18,启,Rule-generated Stage7 member for 汉朝刘氏.,False
1004747,7001,刘启伟,male,1699-01-01,1738-12-31,18,启,Rule-generated Stage7 member for 汉朝刘氏.,False
1004748,7001,刘明,female,1699-01-01,1767-12-31,18,启,Rule-generated Stage7 member for 汉朝刘氏.,False
1004749,7001,刘启宗,male,1702-01-01,1739-12-31,18,启,Rule-generated Stage7 member for 汉朝刘氏.,False
1004750,7001,刘宁华,female,1698-01-01,1767-12-31,18,启,Rule-generated Stage7 member for 汉朝刘氏.,False
1004751,7001,刘启成,male,1701-01-01,1777-12-31,18,启,Rule-generated Stage7 member for 汉朝刘氏.,False
1004752,7001,刘启芳,female,1698-01-01,1784-12-31,18,启,Rule-generated Stage7 member for 汉朝刘氏.,False
1004753,7001,刘德安,male,1700-01-01,1770-12-31,18,启,Rule-generated Stage7 member for 汉朝刘氏.,False
1004754,7001,刘启丽,female,1702-01-01,1747-12-31,18,启,Rule-generated Stage7 member for 汉朝刘氏.,False
1004755,7001,刘启德,male,1700-01-01,1781-12-31,18,启,Rule-generated Stage7 member for 汉朝刘氏.,False
1004756,7001,刘玉敏,female,1700-01-01,1778-12-31,18,启,Rule-generated Stage7 member for 汉朝刘氏.,False
1004757,7001,刘启承,male,1698-01-01,1792-12-31,18,启,Rule-generated Stage7 member for 汉朝刘氏.,False
1004758,7001,刘启雅,female,1700-01-01,1766-12-31,18,启,Rule-generated Stage7 member for 汉朝刘氏.,False
1004759,7001,刘伟安,male,1702-01-01,1753-12-31,18,启,Rule-generated Stage7 member for 汉朝刘氏.,False
1004760,7001,刘安安,female,1700-01-01,1800-12-31,18,启,Rule-generated Stage7 member for 汉朝刘氏.,False
1004761,7001,刘成承,male,1698-01-01,1778-12-31,18,启,Rule-generated Stage7 member for 汉朝刘氏.,False
1004762,7001,刘伟,female,1701-01-01,1781-12-31,18,启,Rule-generated Stage7 member for 汉朝刘氏.,False
1004763,7001,刘启宗,male,1702-01-01,1775-12-31,18,启,Rule-generated Stage7 member for 汉朝刘氏.,False
1004764,7001,刘启宁,female,1700-01-01,1771-12-31,18,启,Rule-generated Stage7 member for 汉朝刘氏.,False
1004765,7001,刘启安,male,1699-01-01,1759-12-31,18,启,Rule-generated Stage7 member for 汉朝刘氏.,False
1004766,7001,刘明,female,1701-01-01,1770-12-31,18,启,Rule-generated Stage7 member for 汉朝刘氏.,False
1004767,7001,刘启明,male,1698-01-01,1802-12-31,18,启,Rule-generated Stage7 member for 汉朝刘氏.,False
1004768,7001,刘慧慧,female,1703-01-01,1747-12-31,18,启,Rule-generated Stage7 member for 汉朝刘氏.,False
1004769,7001,刘启世,male,1699-01-01,1779-12-31,18,启,Rule-generated Stage7 member for 汉朝刘氏.,False
1004770,7001,刘启华,female,1699-01-01,1767-12-31,18,启,Rule-generated Stage7 member for 汉朝刘氏.,False
1004771,7001,刘强伟,male,1697-01-01,1775-12-31,18,启,Rule-generated Stage7 member for 汉朝刘氏.,False
1004772,7001,刘启清,female,1698-01-01,1771-12-31,18,启,Rule-generated Stage7 member for 汉朝刘氏.,False
1004773,7001,刘强景,male,1697-01-01,1772-12-31,18,启,Rule-generated Stage7 member for 汉朝刘氏.,False
1004774,7001,刘启敏,female,1700-01-01,1751-12-31,18,启,Rule-generated Stage7 member for 汉朝刘氏.,False
1004775,7001,刘安明,male,1698-01-01,1758-12-31,18,启,Rule-generated Stage7 member for 汉朝刘氏.,False
1004776,7001,刘丽,female,1702-01-01,1771-12-31,18,启,Rule-generated Stage7 member for 汉朝刘氏.,False
1004777,7001,刘启世,male,1699-01-01,1778-12-31,18,启,Rule-generated Stage7 member for 汉朝刘氏.,False
1004778,7001,刘启玉,female,1703-01-01,1785-12-31,18,启,Rule-generated Stage7 member for 汉朝刘氏.,False
1004779,7001,刘宗国,male,1697-01-01,1783-12-31,18,启,Rule-generated Stage7 member for 汉朝刘氏.,False
1004780,7001,刘启雅,female,1700-01-01,1762-12-31,18,启,Rule-generated Stage7 member for 汉朝刘氏.,False
1004781,7001,刘文国,male,1698-01-01,1782-12-31,18,启,Rule-generated Stage7 member for 汉朝刘氏.,False
1004782,7001,刘启宁,female,1698-01-01,1788-12-31,18,启,Rule-generated Stage7 member for 汉朝刘氏.,False
1004783,7001,刘国成,male,1700-01-01,1722-12-31,18,启,Rule-generated Stage7 member for 汉朝刘氏.,False
1004784,7001,刘雅安,female,1697-01-01,1775-12-31,18,启,Rule-generated Stage7 member for 汉朝刘氏.,False
1004785,7001,刘国强,male,1699-01-01,1737-12-31,18,启,Rule-generated Stage7 member for 汉朝刘氏.,False
1004786,7001,刘强,female,1698-01-01,1806-12-31,18,启,Rule-generated Stage7 member for 汉朝刘氏.,False
1004787,7001,刘启成,male,1700-01-01,1757-12-31,18,启,Rule-generated Stage7 member for 汉朝刘氏.,False
1004788,7001,刘启芳,female,1699-01-01,1775-12-31,18,启,Rule-generated Stage7 member for 汉朝刘氏.,False
1004789,7001,刘启伟,male,1702-01-01,1762-12-31,18,启,Rule-generated Stage7 member for 汉朝刘氏.,False
1004790,7001,刘丽玉,female,1697-01-01,1757-12-31,18,启,Rule-generated Stage7 member for 汉朝刘氏.,False
1004791,7001,刘启承,male,1698-01-01,1773-12-31,18,启,Rule-generated Stage7 member for 汉朝刘氏.,False
1004792,7001,刘启玉,female,1702-01-01,1764-12-31,18,启,Rule-generated Stage7 member for 汉朝刘氏.,False
1004793,7001,刘启安,male,1702-01-01,1746-12-31,18,启,Rule-generated Stage7 member for 汉朝刘氏.,False
1004794,7001,刘启敏,female,1698-01-01,1766-12-31,18,启,Rule-generated Stage7 member for 汉朝刘氏.,False
1004795,7001,刘启明,male,1702-01-01,1796-12-31,18,启,Rule-generated Stage7 member for 汉朝刘氏.,False
1004796,7001,刘启清,female,1703-01-01,1764-12-31,18,启,Rule-generated Stage7 member for 汉朝刘氏.,False
1004797,7001,刘伟宗,male,1702-01-01,1790-12-31,18,启,Rule-generated Stage7 member for 汉朝刘氏.,False
1004798,7001,刘启敏,female,1700-01-01,1772-12-31,18,启,Rule-generated Stage7 member for 汉朝刘氏.,False
1004799,7001,刘敏,male,1699-01-01,1756-12-31,18,启,Rule-generated Stage7 member for 汉朝刘氏.,False
1004800,7001,刘启清,female,1700-01-01,1783-12-31,18,启,Rule-generated Stage7 member for 汉朝刘氏.,False
1004801,7001,刘启明,male,1697-01-01,1756-12-31,18,启,Rule-generated Stage7 member for 汉朝刘氏.,False
1004802,7001,刘玉丽,female,1701-01-01,1761-12-31,18,启,Rule-generated Stage7 member for 汉朝刘氏.,False
1004803,7001,刘启文,male,1697-01-01,1763-12-31,18,启,Rule-generated Stage7 member for 汉朝刘氏.,False
1004804,7001,刘启宁,female,1698-01-01,1737-12-31,18,启,Rule-generated Stage7 member for 汉朝刘氏.,False
1004805,7001,刘启明,male,1698-01-01,1729-12-31,18,启,Rule-generated Stage7 member for 汉朝刘氏.,False
1004806,7001,刘启慧,female,1698-01-01,1779-12-31,18,启,Rule-generated Stage7 member for 汉朝刘氏.,False
1004807,7001,刘启成,male,1700-01-01,1746-12-31,18,启,Rule-generated Stage7 member for 汉朝刘氏.,False
1004808,7001,刘慧慧,female,1698-01-01,1748-12-31,18,启,Rule-generated Stage7 member for 汉朝刘氏.,False
1004809,7001,刘启安,male,1700-01-01,1727-12-31,18,启,Rule-generated Stage7 member for 汉朝刘氏.,False
1004810,7001,刘启敏,female,1698-01-01,1786-12-31,18,启,Rule-generated Stage7 member for 汉朝刘氏.,False
1004811,7001,刘启德,male,1701-01-01,1753-12-31,18,启,Rule-generated Stage7 member for 汉朝刘氏.,False
1004812,7001,刘启玉,female,1703-01-01,1797-12-31,18,启,Rule-generated Stage7 member for 汉朝刘氏.,False
1004813,7001,刘启景,male,1699-01-01,1770-12-31,18,启,Rule-generated Stage7 member for 汉朝刘氏.,False
1004814,7001,刘启敏,female,1701-01-01,1764-12-31,18,启,Rule-generated Stage7 member for 汉朝刘氏.,False
1004815,7001,刘敏,male,1703-01-01,1766-12-31,18,启,Rule-generated Stage7 member for 汉朝刘氏.,False
1004816,7001,刘芳梅,female,1703-01-01,1781-12-31,18,启,Rule-generated Stage7 member for 汉朝刘氏.,False
1004817,7001,刘启承,male,1701-01-01,1784-12-31,18,启,Rule-generated Stage7 member for 汉朝刘氏.,False
1004818,7001,刘敏雅,female,1703-01-01,1745-12-31,18,启,Rule-generated Stage7 member for 汉朝刘氏.,False
1004819,7001,刘启成,male,1700-01-01,1787-12-31,18,启,Rule-generated Stage7 member for 汉朝刘氏.,False
1004820,7001,刘明,female,1699-01-01,1779-12-31,18,启,Rule-generated Stage7 member for 汉朝刘氏.,False
1004821,7001,刘启明,male,1703-01-01,1776-12-31,18,启,Rule-generated Stage7 member for 汉朝刘氏.,False
1004822,7001,刘启安,female,1698-01-01,1775-12-31,18,启,Rule-generated Stage7 member for 汉朝刘氏.,False
1004823,7001,刘启文,male,1702-01-01,1763-12-31,18,启,Rule-generated Stage7 member for 汉朝刘氏.,False
1004824,7001,刘丽慧,female,1699-01-01,1783-12-31,18,启,Rule-generated Stage7 member for 汉朝刘氏.,False
1004825,7001,刘启文,male,1701-01-01,1748-12-31,18,启,Rule-generated Stage7 member for 汉朝刘氏.,False
1004826,7001,刘启丽,female,1703-01-01,1775-12-31,18,启,Rule-generated Stage7 member for 汉朝刘氏.,False
1004827,7001,刘伟文,male,1700-01-01,1763-12-31,18,启,Rule-generated Stage7 member for 汉朝刘氏.,False
1004828,7001,刘启玉,female,1699-01-01,1756-12-31,18,启,Rule-generated Stage7 member for 汉朝刘氏.,False
1004829,7001,刘华,male,1699-01-01,1775-12-31,18,启,Rule-generated Stage7 member for 汉朝刘氏.,False
1004830,7001,刘启清,female,1702-01-01,1760-12-31,18,启,Rule-generated Stage7 member for 汉朝刘氏.,False
1004831,7001,刘丽,male,1702-01-01,1787-12-31,18,启,Rule-generated Stage7 member for 汉朝刘氏.,False
1004832,7001,刘启芳,female,1700-01-01,1782-12-31,18,启,Rule-generated Stage7 member for 汉朝刘氏.,False
1004833,7001,刘启明,male,1702-01-01,1779-12-31,18,启,Rule-generated Stage7 member for 汉朝刘氏.,False
1004834,7001,刘启清,female,1700-01-01,1791-12-31,18,启,Rule-generated Stage7 member for 汉朝刘氏.,False
1004835,7001,刘丽,male,1697-01-01,1724-12-31,18,启,Rule-generated Stage7 member for 汉朝刘氏.,False
1004836,7001,刘启安,female,1703-01-01,1748-12-31,18,启,Rule-generated Stage7 member for 汉朝刘氏.,False
1004837,7001,刘启明,male,1698-01-01,1780-12-31,18,启,Rule-generated Stage7 member for 汉朝刘氏.,False
1004838,7001,刘启丽,female,1701-01-01,1762-12-31,18,启,Rule-generated Stage7 member for 汉朝刘氏.,False
1004839,7001,刘强德,male,1701-01-01,1731-12-31,18,启,Rule-generated Stage7 member for 汉朝刘氏.,False
1004840,7001,刘兰梅,female,1699-01-01,1763-12-31,18,启,Rule-generated Stage7 member for 汉朝刘氏.,False
1004841,7001,刘敏,male,1698-01-01,1720-12-31,18,启,Rule-generated Stage7 member for 汉朝刘氏.,False
1004842,7001,刘启宁,female,1700-01-01,1756-12-31,18,启,Rule-generated Stage7 member for 汉朝刘氏.,False
1004843,7001,刘启安,male,1703-01-01,1753-12-31,18,启,Rule-generated Stage7 member for 汉朝刘氏.,False
1004844,7001,刘梅安,female,1697-01-01,1760-12-31,18,启,Rule-generated Stage7 member for 汉朝刘氏.,False
1004845,7001,刘启成,male,1698-01-01,1747-12-31,18,启,Rule-generated Stage7 member for 汉朝刘氏.,False
1004846,7001,刘启清,female,1699-01-01,1766-12-31,18,启,Rule-generated Stage7 member for 汉朝刘氏.,False
1004847,7001,刘启文,male,1700-01-01,1750-12-31,18,启,Rule-generated Stage7 member for 汉朝刘氏.,False
1004848,7001,刘启丽,female,1698-01-01,1757-12-31,18,启,Rule-generated Stage7 member for 汉朝刘氏.,False
1004849,7001,刘启德,male,1697-01-01,1775-12-31,18,启,Rule-generated Stage7 member for 汉朝刘氏.,False
1004850,7001,刘启雅,female,1703-01-01,1755-12-31,18,启,Rule-generated Stage7 member for 汉朝刘氏.,False
1004851,7001,刘敏,male,1698-01-01,1773-12-31,18,启,Rule-generated Stage7 member for 汉朝刘氏.,False
1004852,7001,刘启兰,female,1701-01-01,1771-12-31,18,启,Rule-generated Stage7 member for 汉朝刘氏.,False
1004853,7001,刘启宗,male,1698-01-01,1782-12-31,18,启,Rule-generated Stage7 member for 汉朝刘氏.,False
1004854,7001,刘启玉,female,1701-01-01,1773-12-31,18,启,Rule-generated Stage7 member for 汉朝刘氏.,False
1004855,7001,刘启景,male,1702-01-01,1759-12-31,18,启,Rule-generated Stage7 member for 汉朝刘氏.,False
1004856,7001,刘伟,female,1700-01-01,1788-12-31,18,启,Rule-generated Stage7 member for 汉朝刘氏.,False
1004857,7001,刘启德,male,1700-01-01,1793-12-31,18,启,Rule-generated Stage7 member for 汉朝刘氏.,False
1004858,7001,刘启芳,female,1697-01-01,1758-12-31,18,启,Rule-generated Stage7 member for 汉朝刘氏.,False
1004859,7001,刘启伟,male,1700-01-01,1743-12-31,18,启,Rule-generated Stage7 member for 汉朝刘氏.,False
1004860,7001,刘启清,female,1701-01-01,1782-12-31,18,启,Rule-generated Stage7 member for 汉朝刘氏.,False
1004861,7001,刘景强,male,1701-01-01,1768-12-31,18,启,Rule-generated Stage7 member for 汉朝刘氏.,False
1004862,7001,刘启兰,female,1701-01-01,1791-12-31,18,启,Rule-generated Stage7 member for 汉朝刘氏.,False
1004863,7001,刘伟,male,1702-01-01,1762-12-31,18,启,Rule-generated Stage7 member for 汉朝刘氏.,False
1004864,7001,刘启敏,female,1697-01-01,1745-12-31,18,启,Rule-generated Stage7 member for 汉朝刘氏.,False
1004865,7001,刘启承,male,1697-01-01,1762-12-31,18,启,Rule-generated Stage7 member for 汉朝刘氏.,False
1004866,7001,刘启慧,female,1697-01-01,1756-12-31,18,启,Rule-generated Stage7 member for 汉朝刘氏.,False
1004867,7001,刘启承,male,1700-01-01,1783-12-31,18,启,Rule-generated Stage7 member for 汉朝刘氏.,False
1004868,7001,刘安丽,female,1698-01-01,1737-12-31,18,启,Rule-generated Stage7 member for 汉朝刘氏.,False
1004869,7001,刘启世,male,1697-01-01,1775-12-31,18,启,Rule-generated Stage7 member for 汉朝刘氏.,False
1004870,7001,刘丽,female,1700-01-01,1770-12-31,18,启,Rule-generated Stage7 member for 汉朝刘氏.,False
1004871,7001,刘启承,male,1701-01-01,1749-12-31,18,启,Rule-generated Stage7 member for 汉朝刘氏.,False
1004872,7001,刘启玉,female,1698-01-01,1765-12-31,18,启,Rule-generated Stage7 member for 汉朝刘氏.,False
1004873,7001,刘启安,male,1699-01-01,1731-12-31,18,启,Rule-generated Stage7 member for 汉朝刘氏.,False
1004874,7001,刘启慧,female,1698-01-01,1766-12-31,18,启,Rule-generated Stage7 member for 汉朝刘氏.,False
1004875,7001,刘启成,male,1699-01-01,1773-12-31,18,启,Rule-generated Stage7 member for 汉朝刘氏.,False
1004876,7001,刘启梅,female,1700-01-01,1754-12-31,18,启,Rule-generated Stage7 member for 汉朝刘氏.,False
1004877,7001,刘敏,male,1697-01-01,1777-12-31,18,启,Rule-generated Stage7 member for 汉朝刘氏.,False
1004878,7001,刘启安,female,1700-01-01,1771-12-31,18,启,Rule-generated Stage7 member for 汉朝刘氏.,False
1004879,7001,刘华,male,1701-01-01,1769-12-31,18,启,Rule-generated Stage7 member for 汉朝刘氏.,False
1004880,7001,刘清玉,female,1703-01-01,1762-12-31,18,启,Rule-generated Stage7 member for 汉朝刘氏.,False
1004881,7001,刘启宗,male,1702-01-01,1785-12-31,18,启,Rule-generated Stage7 member for 汉朝刘氏.,False
1004882,7001,刘启梅,female,1701-01-01,1767-12-31,18,启,Rule-generated Stage7 member for 汉朝刘氏.,False
1004883,7001,刘启景,male,1697-01-01,1765-12-31,18,启,Rule-generated Stage7 member for 汉朝刘氏.,False
1004884,7001,刘启清,female,1703-01-01,1748-12-31,18,启,Rule-generated Stage7 member for 汉朝刘氏.,False
1004885,7001,刘启宗,male,1703-01-01,1758-12-31,18,启,Rule-generated Stage7 member for 汉朝刘氏.,False
1004886,7001,刘丽,female,1701-01-01,1791-12-31,18,启,Rule-generated Stage7 member for 汉朝刘氏.,False
1004887,7001,刘明文,male,1701-01-01,1773-12-31,18,启,Rule-generated Stage7 member for 汉朝刘氏.,False
1004888,7001,刘启清,female,1699-01-01,1759-12-31,18,启,Rule-generated Stage7 member for 汉朝刘氏.,False
1004889,7001,刘启宗,male,1701-01-01,1798-12-31,18,启,Rule-generated Stage7 member for 汉朝刘氏.,False
1004890,7001,刘敏丽,female,1697-01-01,1784-12-31,18,启,Rule-generated Stage7 member for 汉朝刘氏.,False
1004891,7001,刘启宗,male,1699-01-01,1788-12-31,18,启,Rule-generated Stage7 member for 汉朝刘氏.,False
1004892,7001,刘启华,female,1699-01-01,1763-12-31,18,启,Rule-generated Stage7 member for 汉朝刘氏.,False
1004893,7001,刘强,male,1701-01-01,1760-12-31,18,启,Rule-generated Stage7 member for 汉朝刘氏.,False
1004894,7001,刘启雅,female,1702-01-01,1765-12-31,18,启,Rule-generated Stage7 member for 汉朝刘氏.,False
1004895,7001,刘启成,male,1699-01-01,1780-12-31,18,启,Rule-generated Stage7 member for 汉朝刘氏.,False
1004896,7001,刘启梅,female,1702-01-01,1742-12-31,18,启,Rule-generated Stage7 member for 汉朝刘氏.,False
1004897,7001,刘强德,male,1699-01-01,1789-12-31,18,启,Rule-generated Stage7 member for 汉朝刘氏.,False
1004898,7001,刘启慧,female,1699-01-01,1746-12-31,18,启,Rule-generated Stage7 member for 汉朝刘氏.,False
1004899,7001,刘承安,male,1703-01-01,1746-12-31,18,启,Rule-generated Stage7 member for 汉朝刘氏.,False
1004900,7001,刘启敏,female,1699-01-01,1752-12-31,18,启,Rule-generated Stage7 member for 汉朝刘氏.,False
1004901,7001,刘启宗,male,1701-01-01,1797-12-31,18,启,Rule-generated Stage7 member for 汉朝刘氏.,False
1004902,7001,刘启玉,female,1703-01-01,1773-12-31,18,启,Rule-generated Stage7 member for 汉朝刘氏.,False
1004903,7001,刘启宗,male,1703-01-01,1780-12-31,18,启,Rule-generated Stage7 member for 汉朝刘氏.,False
1004904,7001,刘盛伟,male,1720-01-01,1740-12-31,19,盛,Rule-generated Stage7 member for 汉朝刘氏.,False
1004905,7001,刘清梅,female,1720-01-01,1813-12-31,19,盛,Rule-generated Stage7 member for 汉朝刘氏.,False
1004906,7001,刘盛文,male,1724-01-01,1769-12-31,19,盛,Rule-generated Stage7 member for 汉朝刘氏.,False
1004907,7001,刘盛雅,female,1720-01-01,1784-12-31,19,盛,Rule-generated Stage7 member for 汉朝刘氏.,False
1004908,7001,刘盛伟,male,1725-01-01,1778-12-31,19,盛,Rule-generated Stage7 member for 汉朝刘氏.,False
1004909,7001,刘盛芳,female,1720-01-01,1774-12-31,19,盛,Rule-generated Stage7 member for 汉朝刘氏.,False
1004910,7001,刘盛明,male,1723-01-01,1768-12-31,19,盛,Rule-generated Stage7 member for 汉朝刘氏.,False
1004911,7001,刘明,female,1723-01-01,1792-12-31,19,盛,Rule-generated Stage7 member for 汉朝刘氏.,False
1004912,7001,刘盛世,male,1724-01-01,1788-12-31,19,盛,Rule-generated Stage7 member for 汉朝刘氏.,False
1004913,7001,刘清清,female,1720-01-01,1779-12-31,19,盛,Rule-generated Stage7 member for 汉朝刘氏.,False
1004914,7001,刘盛伟,male,1722-01-01,1799-12-31,19,盛,Rule-generated Stage7 member for 汉朝刘氏.,False
1004915,7001,刘宁安,female,1721-01-01,1814-12-31,19,盛,Rule-generated Stage7 member for 汉朝刘氏.,False
1004916,7001,刘宗安,male,1722-01-01,1759-12-31,19,盛,Rule-generated Stage7 member for 汉朝刘氏.,False
1004917,7001,刘盛敏,female,1719-01-01,1796-12-31,19,盛,Rule-generated Stage7 member for 汉朝刘氏.,False
1004918,7001,刘盛安,male,1724-01-01,1808-12-31,19,盛,Rule-generated Stage7 member for 汉朝刘氏.,False
1004919,7001,刘盛雅,female,1719-01-01,1784-12-31,19,盛,Rule-generated Stage7 member for 汉朝刘氏.,False
1004920,7001,刘盛景,male,1725-01-01,1797-12-31,19,盛,Rule-generated Stage7 member for 汉朝刘氏.,False
1004921,7001,刘雅敏,female,1725-01-01,1809-12-31,19,盛,Rule-generated Stage7 member for 汉朝刘氏.,False
1004922,7001,刘盛宗,male,1721-01-01,1779-12-31,19,盛,Rule-generated Stage7 member for 汉朝刘氏.,False
1004923,7001,刘盛敏,female,1721-01-01,1765-12-31,19,盛,Rule-generated Stage7 member for 汉朝刘氏.,False
1004924,7001,刘强,male,1722-01-01,1802-12-31,19,盛,Rule-generated Stage7 member for 汉朝刘氏.,False
1004925,7001,刘盛敏,female,1725-01-01,1799-12-31,19,盛,Rule-generated Stage7 member for 汉朝刘氏.,False
1004926,7001,刘盛成,male,1720-01-01,1794-12-31,19,盛,Rule-generated Stage7 member for 汉朝刘氏.,False
1004927,7001,刘盛兰,female,1724-01-01,1773-12-31,19,盛,Rule-generated Stage7 member for 汉朝刘氏.,False
1004928,7001,刘盛景,male,1720-01-01,1777-12-31,19,盛,Rule-generated Stage7 member for 汉朝刘氏.,False
1004929,7001,刘盛丽,female,1724-01-01,1789-12-31,19,盛,Rule-generated Stage7 member for 汉朝刘氏.,False
1004930,7001,刘盛宗,male,1725-01-01,1762-12-31,19,盛,Rule-generated Stage7 member for 汉朝刘氏.,False
1004931,7001,刘强,female,1725-01-01,1760-12-31,19,盛,Rule-generated Stage7 member for 汉朝刘氏.,False
1004932,7001,刘成强,male,1720-01-01,1802-12-31,19,盛,Rule-generated Stage7 member for 汉朝刘氏.,False
1004933,7001,刘敏,female,1725-01-01,1808-12-31,19,盛,Rule-generated Stage7 member for 汉朝刘氏.,False
1004934,7001,刘盛明,male,1719-01-01,1781-12-31,19,盛,Rule-generated Stage7 member for 汉朝刘氏.,False
1004935,7001,刘宁兰,female,1725-01-01,1777-12-31,19,盛,Rule-generated Stage7 member for 汉朝刘氏.,False
1004936,7001,刘盛成,male,1719-01-01,1807-12-31,19,盛,Rule-generated Stage7 member for 汉朝刘氏.,False
1004937,7001,刘盛华,female,1722-01-01,1797-12-31,19,盛,Rule-generated Stage7 member for 汉朝刘氏.,False
1004938,7001,刘成德,male,1722-01-01,1761-12-31,19,盛,Rule-generated Stage7 member for 汉朝刘氏.,False
1004939,7001,刘伟,female,1725-01-01,1794-12-31,19,盛,Rule-generated Stage7 member for 汉朝刘氏.,False
1004940,7001,刘盛国,male,1721-01-01,1806-12-31,19,盛,Rule-generated Stage7 member for 汉朝刘氏.,False
1004941,7001,刘丽,female,1722-01-01,1757-12-31,19,盛,Rule-generated Stage7 member for 汉朝刘氏.,False
1004942,7001,刘明景,male,1724-01-01,1777-12-31,19,盛,Rule-generated Stage7 member for 汉朝刘氏.,False
1004943,7001,刘盛雅,female,1724-01-01,1778-12-31,19,盛,Rule-generated Stage7 member for 汉朝刘氏.,False
1004944,7001,刘成景,male,1720-01-01,1792-12-31,19,盛,Rule-generated Stage7 member for 汉朝刘氏.,False
1004945,7001,刘雅敏,female,1719-01-01,1758-12-31,19,盛,Rule-generated Stage7 member for 汉朝刘氏.,False
1004946,7001,刘盛世,male,1720-01-01,1814-12-31,19,盛,Rule-generated Stage7 member for 汉朝刘氏.,False
1004947,7001,刘盛慧,female,1725-01-01,1806-12-31,19,盛,Rule-generated Stage7 member for 汉朝刘氏.,False
1004948,7001,刘强文,male,1724-01-01,1805-12-31,19,盛,Rule-generated Stage7 member for 汉朝刘氏.,False
1004949,7001,刘盛丽,female,1719-01-01,1768-12-31,19,盛,Rule-generated Stage7 member for 汉朝刘氏.,False
1004950,7001,刘盛世,male,1720-01-01,1810-12-31,19,盛,Rule-generated Stage7 member for 汉朝刘氏.,False
1004951,7001,刘盛玉,female,1719-01-01,1744-12-31,19,盛,Rule-generated Stage7 member for 汉朝刘氏.,False
1004952,7001,刘世强,male,1724-01-01,1809-12-31,19,盛,Rule-generated Stage7 member for 汉朝刘氏.,False
1004953,7001,刘盛清,female,1725-01-01,1793-12-31,19,盛,Rule-generated Stage7 member for 汉朝刘氏.,False
1004954,7001,刘盛成,male,1721-01-01,1812-12-31,19,盛,Rule-generated Stage7 member for 汉朝刘氏.,False
1004955,7001,刘盛雅,female,1725-01-01,1767-12-31,19,盛,Rule-generated Stage7 member for 汉朝刘氏.,False
1004956,7001,刘盛国,male,1722-01-01,1802-12-31,19,盛,Rule-generated Stage7 member for 汉朝刘氏.,False
1004957,7001,刘丽华,female,1720-01-01,1799-12-31,19,盛,Rule-generated Stage7 member for 汉朝刘氏.,False
1004958,7001,刘宗景,male,1721-01-01,1806-12-31,19,盛,Rule-generated Stage7 member for 汉朝刘氏.,False
1004959,7001,刘盛玉,female,1719-01-01,1767-12-31,19,盛,Rule-generated Stage7 member for 汉朝刘氏.,False
1004960,7001,刘盛景,male,1719-01-01,1806-12-31,19,盛,Rule-generated Stage7 member for 汉朝刘氏.,False
1004961,7001,刘盛玉,female,1722-01-01,1821-12-31,19,盛,Rule-generated Stage7 member for 汉朝刘氏.,False
1004962,7001,刘盛明,male,1721-01-01,1754-12-31,19,盛,Rule-generated Stage7 member for 汉朝刘氏.,False
1004963,7001,刘盛安,female,1724-01-01,1787-12-31,19,盛,Rule-generated Stage7 member for 汉朝刘氏.,False
1004964,7001,刘强,male,1722-01-01,1780-12-31,19,盛,Rule-generated Stage7 member for 汉朝刘氏.,False
1004965,7001,刘兰敏,female,1722-01-01,1804-12-31,19,盛,Rule-generated Stage7 member for 汉朝刘氏.,False
1004966,7001,刘盛安,male,1722-01-01,1812-12-31,19,盛,Rule-generated Stage7 member for 汉朝刘氏.,False
1004967,7001,刘盛宁,female,1723-01-01,1791-12-31,19,盛,Rule-generated Stage7 member for 汉朝刘氏.,False
1004968,7001,刘盛成,male,1721-01-01,1783-12-31,19,盛,Rule-generated Stage7 member for 汉朝刘氏.,False
1004969,7001,刘盛慧,female,1720-01-01,1795-12-31,19,盛,Rule-generated Stage7 member for 汉朝刘氏.,False
1004970,7001,刘盛明,male,1724-01-01,1802-12-31,19,盛,Rule-generated Stage7 member for 汉朝刘氏.,False
1004971,7001,刘华,female,1722-01-01,1789-12-31,19,盛,Rule-generated Stage7 member for 汉朝刘氏.,False
1004972,7001,刘盛宗,male,1719-01-01,1788-12-31,19,盛,Rule-generated Stage7 member for 汉朝刘氏.,False
1004973,7001,刘盛芳,female,1724-01-01,1759-12-31,19,盛,Rule-generated Stage7 member for 汉朝刘氏.,False
1004974,7001,刘成德,male,1720-01-01,1767-12-31,19,盛,Rule-generated Stage7 member for 汉朝刘氏.,False
1004975,7001,刘丽宁,female,1722-01-01,1757-12-31,19,盛,Rule-generated Stage7 member for 汉朝刘氏.,False
1004976,7001,刘盛明,male,1720-01-01,1788-12-31,19,盛,Rule-generated Stage7 member for 汉朝刘氏.,False
1004977,7001,刘盛安,female,1724-01-01,1791-12-31,19,盛,Rule-generated Stage7 member for 汉朝刘氏.,False
1004978,7001,刘华,male,1721-01-01,1779-12-31,19,盛,Rule-generated Stage7 member for 汉朝刘氏.,False
1004979,7001,刘敏,female,1725-01-01,1749-12-31,19,盛,Rule-generated Stage7 member for 汉朝刘氏.,False
1004980,7001,刘盛宗,male,1724-01-01,1811-12-31,19,盛,Rule-generated Stage7 member for 汉朝刘氏.,False
1004981,7001,刘盛清,female,1720-01-01,1785-12-31,19,盛,Rule-generated Stage7 member for 汉朝刘氏.,False
1004982,7001,刘盛景,male,1722-01-01,1753-12-31,19,盛,Rule-generated Stage7 member for 汉朝刘氏.,False
1004983,7001,刘伟,female,1724-01-01,1797-12-31,19,盛,Rule-generated Stage7 member for 汉朝刘氏.,False
1004984,7001,刘盛德,male,1719-01-01,1794-12-31,19,盛,Rule-generated Stage7 member for 汉朝刘氏.,False
1004985,7001,刘慧清,female,1721-01-01,1761-12-31,19,盛,Rule-generated Stage7 member for 汉朝刘氏.,False
1004986,7001,刘强文,male,1720-01-01,1781-12-31,19,盛,Rule-generated Stage7 member for 汉朝刘氏.,False
1004987,7001,刘盛丽,female,1722-01-01,1778-12-31,19,盛,Rule-generated Stage7 member for 汉朝刘氏.,False
1004988,7001,刘盛明,male,1720-01-01,1759-12-31,19,盛,Rule-generated Stage7 member for 汉朝刘氏.,False
1004989,7001,刘强,female,1722-01-01,1784-12-31,19,盛,Rule-generated Stage7 member for 汉朝刘氏.,False
1004990,7001,刘宗宗,male,1724-01-01,1812-12-31,19,盛,Rule-generated Stage7 member for 汉朝刘氏.,False
1004991,7001,刘盛芳,female,1721-01-01,1793-12-31,19,盛,Rule-generated Stage7 member for 汉朝刘氏.,False
1004992,7001,刘盛伟,male,1723-01-01,1791-12-31,19,盛,Rule-generated Stage7 member for 汉朝刘氏.,False
1004993,7001,刘盛雅,female,1721-01-01,1784-12-31,19,盛,Rule-generated Stage7 member for 汉朝刘氏.,False
1004994,7001,刘华,male,1721-01-01,1808-12-31,19,盛,Rule-generated Stage7 member for 汉朝刘氏.,False
1004995,7001,刘兰雅,female,1723-01-01,1783-12-31,19,盛,Rule-generated Stage7 member for 汉朝刘氏.,False
1004996,7001,刘宗强,male,1720-01-01,1808-12-31,19,盛,Rule-generated Stage7 member for 汉朝刘氏.,False
1004997,7001,刘丽梅,female,1721-01-01,1777-12-31,19,盛,Rule-generated Stage7 member for 汉朝刘氏.,False
1004998,7001,刘强德,male,1720-01-01,1789-12-31,19,盛,Rule-generated Stage7 member for 汉朝刘氏.,False
1004999,7001,刘慧芳,female,1722-01-01,1753-12-31,19,盛,Rule-generated Stage7 member for 汉朝刘氏.,False
1005000,7001,刘成宗,male,1722-01-01,1787-12-31,19,盛,Rule-generated Stage7 member for 汉朝刘氏.,False
1005001,7001,刘宁慧,female,1722-01-01,1822-12-31,19,盛,Rule-generated Stage7 member for 汉朝刘氏.,False
1005002,7001,刘盛世,male,1724-01-01,1798-12-31,19,盛,Rule-generated Stage7 member for 汉朝刘氏.,False
1005003,7001,刘芳敏,female,1721-01-01,1809-12-31,19,盛,Rule-generated Stage7 member for 汉朝刘氏.,False
1005004,7001,刘文德,male,1721-01-01,1759-12-31,19,盛,Rule-generated Stage7 member for 汉朝刘氏.,False
1005005,7001,刘梅芳,female,1724-01-01,1803-12-31,19,盛,Rule-generated Stage7 member for 汉朝刘氏.,False
1005006,7001,刘盛世,male,1721-01-01,1769-12-31,19,盛,Rule-generated Stage7 member for 汉朝刘氏.,False
1005007,7001,刘敏安,female,1722-01-01,1771-12-31,19,盛,Rule-generated Stage7 member for 汉朝刘氏.,False
1005008,7001,刘强,male,1722-01-01,1795-12-31,19,盛,Rule-generated Stage7 member for 汉朝刘氏.,False
1005009,7001,刘盛华,female,1724-01-01,1761-12-31,19,盛,Rule-generated Stage7 member for 汉朝刘氏.,False
1005010,7001,刘安承,male,1719-01-01,1758-12-31,19,盛,Rule-generated Stage7 member for 汉朝刘氏.,False
1005011,7001,刘盛华,female,1719-01-01,1783-12-31,19,盛,Rule-generated Stage7 member for 汉朝刘氏.,False
1005012,7001,刘盛德,male,1720-01-01,1772-12-31,19,盛,Rule-generated Stage7 member for 汉朝刘氏.,False
1005013,7001,刘兰清,female,1719-01-01,1762-12-31,19,盛,Rule-generated Stage7 member for 汉朝刘氏.,False
1005014,7001,刘盛强,male,1723-01-01,1767-12-31,19,盛,Rule-generated Stage7 member for 汉朝刘氏.,False
1005015,7001,刘盛安,female,1719-01-01,1779-12-31,19,盛,Rule-generated Stage7 member for 汉朝刘氏.,False
1005016,7001,刘盛伟,male,1722-01-01,1778-12-31,19,盛,Rule-generated Stage7 member for 汉朝刘氏.,False
1005017,7001,刘盛兰,female,1725-01-01,1793-12-31,19,盛,Rule-generated Stage7 member for 汉朝刘氏.,False
1005018,7001,刘盛明,male,1723-01-01,1771-12-31,19,盛,Rule-generated Stage7 member for 汉朝刘氏.,False
1005019,7001,刘盛玉,female,1723-01-01,1791-12-31,19,盛,Rule-generated Stage7 member for 汉朝刘氏.,False
1005020,7001,刘盛安,male,1720-01-01,1757-12-31,19,盛,Rule-generated Stage7 member for 汉朝刘氏.,False
1005021,7001,刘雅华,female,1725-01-01,1756-12-31,19,盛,Rule-generated Stage7 member for 汉朝刘氏.,False
1005022,7001,刘文景,male,1724-01-01,1793-12-31,19,盛,Rule-generated Stage7 member for 汉朝刘氏.,False
1005023,7001,刘华,female,1720-01-01,1790-12-31,19,盛,Rule-generated Stage7 member for 汉朝刘氏.,False
1005024,7001,刘盛成,male,1719-01-01,1791-12-31,19,盛,Rule-generated Stage7 member for 汉朝刘氏.,False
1005025,7001,刘玉梅,female,1724-01-01,1781-12-31,19,盛,Rule-generated Stage7 member for 汉朝刘氏.,False
1005026,7001,刘盛景,male,1722-01-01,1763-12-31,19,盛,Rule-generated Stage7 member for 汉朝刘氏.,False
1005027,7001,刘芳兰,female,1719-01-01,1803-12-31,19,盛,Rule-generated Stage7 member for 汉朝刘氏.,False
1005028,7001,刘明,male,1721-01-01,1747-12-31,19,盛,Rule-generated Stage7 member for 汉朝刘氏.,False
1005029,7001,刘盛丽,female,1724-01-01,1788-12-31,19,盛,Rule-generated Stage7 member for 汉朝刘氏.,False
1005030,7001,刘盛成,male,1723-01-01,1800-12-31,19,盛,Rule-generated Stage7 member for 汉朝刘氏.,False
1005031,7001,刘盛兰,female,1724-01-01,1805-12-31,19,盛,Rule-generated Stage7 member for 汉朝刘氏.,False
1005032,7001,刘盛强,male,1724-01-01,1783-12-31,19,盛,Rule-generated Stage7 member for 汉朝刘氏.,False
1005033,7001,刘盛兰,female,1722-01-01,1815-12-31,19,盛,Rule-generated Stage7 member for 汉朝刘氏.,False
1005034,7001,刘盛世,male,1720-01-01,1755-12-31,19,盛,Rule-generated Stage7 member for 汉朝刘氏.,False
1005035,7001,刘盛宁,female,1725-01-01,1800-12-31,19,盛,Rule-generated Stage7 member for 汉朝刘氏.,False
1005036,7001,刘盛国,male,1720-01-01,1800-12-31,19,盛,Rule-generated Stage7 member for 汉朝刘氏.,False
1005037,7001,刘丽安,female,1722-01-01,1780-12-31,19,盛,Rule-generated Stage7 member for 汉朝刘氏.,False
1005038,7001,刘盛德,male,1725-01-01,1786-12-31,19,盛,Rule-generated Stage7 member for 汉朝刘氏.,False
1005039,7001,刘丽华,female,1719-01-01,1781-12-31,19,盛,Rule-generated Stage7 member for 汉朝刘氏.,False
1005040,7001,刘盛宗,male,1724-01-01,1771-12-31,19,盛,Rule-generated Stage7 member for 汉朝刘氏.,False
1005041,7001,刘安芳,female,1721-01-01,1812-12-31,19,盛,Rule-generated Stage7 member for 汉朝刘氏.,False
1005042,7001,刘盛景,male,1720-01-01,1801-12-31,19,盛,Rule-generated Stage7 member for 汉朝刘氏.,False
1005043,7001,刘盛清,female,1725-01-01,1812-12-31,19,盛,Rule-generated Stage7 member for 汉朝刘氏.,False
1005044,7001,刘丽,male,1725-01-01,1805-12-31,19,盛,Rule-generated Stage7 member for 汉朝刘氏.,False
1005045,7001,刘华,female,1723-01-01,1793-12-31,19,盛,Rule-generated Stage7 member for 汉朝刘氏.,False
1005046,7001,刘盛安,male,1723-01-01,1799-12-31,19,盛,Rule-generated Stage7 member for 汉朝刘氏.,False
1005047,7001,刘盛玉,female,1724-01-01,1778-12-31,19,盛,Rule-generated Stage7 member for 汉朝刘氏.,False
1005048,7001,刘盛宗,male,1720-01-01,1816-12-31,19,盛,Rule-generated Stage7 member for 汉朝刘氏.,False
1005049,7001,刘敏兰,female,1719-01-01,1765-12-31,19,盛,Rule-generated Stage7 member for 汉朝刘氏.,False
1005050,7001,刘敏,male,1725-01-01,1780-12-31,19,盛,Rule-generated Stage7 member for 汉朝刘氏.,False
1005051,7001,刘丽丽,female,1725-01-01,1814-12-31,19,盛,Rule-generated Stage7 member for 汉朝刘氏.,False
1005052,7001,刘盛景,male,1724-01-01,1790-12-31,19,盛,Rule-generated Stage7 member for 汉朝刘氏.,False
1005053,7001,刘玉安,female,1725-01-01,1792-12-31,19,盛,Rule-generated Stage7 member for 汉朝刘氏.,False
1005054,7001,刘华,male,1725-01-01,1793-12-31,19,盛,Rule-generated Stage7 member for 汉朝刘氏.,False
1005055,7001,刘盛清,female,1725-01-01,1773-12-31,19,盛,Rule-generated Stage7 member for 汉朝刘氏.,False
1005056,7001,刘盛伟,male,1719-01-01,1816-12-31,19,盛,Rule-generated Stage7 member for 汉朝刘氏.,False
1005057,7001,刘伟,female,1725-01-01,1820-12-31,19,盛,Rule-generated Stage7 member for 汉朝刘氏.,False
1005058,7001,刘盛世,male,1724-01-01,1801-12-31,19,盛,Rule-generated Stage7 member for 汉朝刘氏.,False
1005059,7001,刘慧敏,female,1723-01-01,1811-12-31,19,盛,Rule-generated Stage7 member for 汉朝刘氏.,False
1005060,7001,刘世成,male,1721-01-01,1770-12-31,19,盛,Rule-generated Stage7 member for 汉朝刘氏.,False
1005061,7001,刘盛华,female,1719-01-01,1769-12-31,19,盛,Rule-generated Stage7 member for 汉朝刘氏.,False
1005062,7001,刘盛德,male,1719-01-01,1807-12-31,19,盛,Rule-generated Stage7 member for 汉朝刘氏.,False
1005063,7001,刘盛华,female,1724-01-01,1765-12-31,19,盛,Rule-generated Stage7 member for 汉朝刘氏.,False
1005064,7001,刘敏,male,1720-01-01,1767-12-31,19,盛,Rule-generated Stage7 member for 汉朝刘氏.,False
1005065,7001,刘盛芳,female,1719-01-01,1791-12-31,19,盛,Rule-generated Stage7 member for 汉朝刘氏.,False
1005066,7001,刘文德,male,1725-01-01,1782-12-31,19,盛,Rule-generated Stage7 member for 汉朝刘氏.,False
1005067,7001,刘玉安,female,1722-01-01,1819-12-31,19,盛,Rule-generated Stage7 member for 汉朝刘氏.,False
1005068,7001,刘明景,male,1721-01-01,1820-12-31,19,盛,Rule-generated Stage7 member for 汉朝刘氏.,False
1005069,7001,刘安兰,female,1722-01-01,1807-12-31,19,盛,Rule-generated Stage7 member for 汉朝刘氏.,False
1005070,7001,刘强安,male,1721-01-01,1779-12-31,19,盛,Rule-generated Stage7 member for 汉朝刘氏.,False
1005071,7001,刘敏,female,1725-01-01,1769-12-31,19,盛,Rule-generated Stage7 member for 汉朝刘氏.,False
1005072,7001,刘盛宗,male,1722-01-01,1766-12-31,19,盛,Rule-generated Stage7 member for 汉朝刘氏.,False
1005073,7001,刘强,female,1724-01-01,1773-12-31,19,盛,Rule-generated Stage7 member for 汉朝刘氏.,False
1005074,7001,刘盛国,male,1723-01-01,1768-12-31,19,盛,Rule-generated Stage7 member for 汉朝刘氏.,False
1005075,7001,刘慧华,female,1722-01-01,1797-12-31,19,盛,Rule-generated Stage7 member for 汉朝刘氏.,False
1005076,7001,刘明,male,1723-01-01,1800-12-31,19,盛,Rule-generated Stage7 member for 汉朝刘氏.,False
1005077,7001,刘盛兰,female,1724-01-01,1821-12-31,19,盛,Rule-generated Stage7 member for 汉朝刘氏.,False
1005078,7001,刘伟伟,male,1723-01-01,1775-12-31,19,盛,Rule-generated Stage7 member for 汉朝刘氏.,False
1005079,7001,刘盛玉,female,1721-01-01,1767-12-31,19,盛,Rule-generated Stage7 member for 汉朝刘氏.,False
1005080,7001,刘盛世,male,1723-01-01,1756-12-31,19,盛,Rule-generated Stage7 member for 汉朝刘氏.,False
1005081,7001,刘明,female,1719-01-01,1799-12-31,19,盛,Rule-generated Stage7 member for 汉朝刘氏.,False
1005082,7001,刘伟明,male,1724-01-01,1801-12-31,19,盛,Rule-generated Stage7 member for 汉朝刘氏.,False
1005083,7001,刘安雅,female,1720-01-01,1769-12-31,19,盛,Rule-generated Stage7 member for 汉朝刘氏.,False
1005084,7001,刘伟德,male,1723-01-01,1819-12-31,19,盛,Rule-generated Stage7 member for 汉朝刘氏.,False
1005085,7001,刘盛安,female,1725-01-01,1786-12-31,19,盛,Rule-generated Stage7 member for 汉朝刘氏.,False
1005086,7001,刘世强,male,1725-01-01,1783-12-31,19,盛,Rule-generated Stage7 member for 汉朝刘氏.,False
1005087,7001,刘慧兰,female,1724-01-01,1808-12-31,19,盛,Rule-generated Stage7 member for 汉朝刘氏.,False
1005088,7001,刘盛世,male,1722-01-01,1758-12-31,19,盛,Rule-generated Stage7 member for 汉朝刘氏.,False
1005089,7001,刘华华,female,1719-01-01,1779-12-31,19,盛,Rule-generated Stage7 member for 汉朝刘氏.,False
1005090,7001,刘景德,male,1719-01-01,1776-12-31,19,盛,Rule-generated Stage7 member for 汉朝刘氏.,False
1005091,7001,刘伟,female,1719-01-01,1808-12-31,19,盛,Rule-generated Stage7 member for 汉朝刘氏.,False
1005092,7001,刘宗明,male,1724-01-01,1780-12-31,19,盛,Rule-generated Stage7 member for 汉朝刘氏.,False
1005093,7001,刘盛宁,female,1723-01-01,1800-12-31,19,盛,Rule-generated Stage7 member for 汉朝刘氏.,False
1005094,7001,刘强,male,1723-01-01,1772-12-31,19,盛,Rule-generated Stage7 member for 汉朝刘氏.,False
1005095,7001,刘盛玉,female,1723-01-01,1785-12-31,19,盛,Rule-generated Stage7 member for 汉朝刘氏.,False
1005096,7001,刘盛成,male,1723-01-01,1786-12-31,19,盛,Rule-generated Stage7 member for 汉朝刘氏.,False
1005097,7001,刘盛慧,female,1723-01-01,1768-12-31,19,盛,Rule-generated Stage7 member for 汉朝刘氏.,False
1005098,7001,刘敏,male,1720-01-01,1763-12-31,19,盛,Rule-generated Stage7 member for 汉朝刘氏.,False
1005099,7001,刘玉安,female,1719-01-01,1811-12-31,19,盛,Rule-generated Stage7 member for 汉朝刘氏.,False
1005100,7001,刘盛国,male,1722-01-01,1777-12-31,19,盛,Rule-generated Stage7 member for 汉朝刘氏.,False
1005101,7001,刘盛宁,female,1720-01-01,1810-12-31,19,盛,Rule-generated Stage7 member for 汉朝刘氏.,False
1005102,7001,刘盛承,male,1720-01-01,1779-12-31,19,盛,Rule-generated Stage7 member for 汉朝刘氏.,False
1005103,7001,刘盛华,female,1722-01-01,1770-12-31,19,盛,Rule-generated Stage7 member for 汉朝刘氏.,False
1005104,7001,刘盛景,male,1722-01-01,1763-12-31,19,盛,Rule-generated Stage7 member for 汉朝刘氏.,False
1005105,7001,刘丽,female,1720-01-01,1756-12-31,19,盛,Rule-generated Stage7 member for 汉朝刘氏.,False
1005106,7001,刘盛强,male,1719-01-01,1786-12-31,19,盛,Rule-generated Stage7 member for 汉朝刘氏.,False
1005107,7001,刘盛丽,female,1722-01-01,1783-12-31,19,盛,Rule-generated Stage7 member for 汉朝刘氏.,False
1005108,7001,刘盛国,male,1721-01-01,1789-12-31,19,盛,Rule-generated Stage7 member for 汉朝刘氏.,False
1005109,7001,刘盛安,female,1724-01-01,1822-12-31,19,盛,Rule-generated Stage7 member for 汉朝刘氏.,False
1005110,7001,刘伟,male,1719-01-01,1815-12-31,19,盛,Rule-generated Stage7 member for 汉朝刘氏.,False
1005111,7001,刘盛兰,female,1724-01-01,1761-12-31,19,盛,Rule-generated Stage7 member for 汉朝刘氏.,False
1005112,7001,刘伟强,male,1725-01-01,1801-12-31,19,盛,Rule-generated Stage7 member for 汉朝刘氏.,False
1005113,7001,刘盛丽,female,1725-01-01,1807-12-31,19,盛,Rule-generated Stage7 member for 汉朝刘氏.,False
1005114,7001,刘盛成,male,1725-01-01,1785-12-31,19,盛,Rule-generated Stage7 member for 汉朝刘氏.,False
1005115,7001,刘敏清,female,1721-01-01,1796-12-31,19,盛,Rule-generated Stage7 member for 汉朝刘氏.,False
1005116,7001,刘盛安,male,1724-01-01,1788-12-31,19,盛,Rule-generated Stage7 member for 汉朝刘氏.,False
1005117,7001,刘盛安,female,1719-01-01,1788-12-31,19,盛,Rule-generated Stage7 member for 汉朝刘氏.,False
1005118,7001,刘国世,male,1719-01-01,1791-12-31,19,盛,Rule-generated Stage7 member for 汉朝刘氏.,False
1005119,7001,刘盛华,female,1722-01-01,1749-12-31,19,盛,Rule-generated Stage7 member for 汉朝刘氏.,False
1005120,7001,刘伟承,male,1725-01-01,1766-12-31,19,盛,Rule-generated Stage7 member for 汉朝刘氏.,False
1005121,7001,刘兰宁,female,1722-01-01,1798-12-31,19,盛,Rule-generated Stage7 member for 汉朝刘氏.,False
1005122,7001,刘宗国,male,1723-01-01,1792-12-31,19,盛,Rule-generated Stage7 member for 汉朝刘氏.,False
1005123,7001,刘兰宁,female,1725-01-01,1756-12-31,19,盛,Rule-generated Stage7 member for 汉朝刘氏.,False
1005124,7001,刘盛景,male,1719-01-01,1778-12-31,19,盛,Rule-generated Stage7 member for 汉朝刘氏.,False
1005125,7001,刘明,female,1719-01-01,1790-12-31,19,盛,Rule-generated Stage7 member for 汉朝刘氏.,False
1005126,7001,刘盛宗,male,1720-01-01,1770-12-31,19,盛,Rule-generated Stage7 member for 汉朝刘氏.,False
1005127,7001,刘玉敏,female,1720-01-01,1773-12-31,19,盛,Rule-generated Stage7 member for 汉朝刘氏.,False
1005128,7001,刘盛成,male,1720-01-01,1792-12-31,19,盛,Rule-generated Stage7 member for 汉朝刘氏.,False
1005129,7001,刘盛梅,female,1719-01-01,1780-12-31,19,盛,Rule-generated Stage7 member for 汉朝刘氏.,False
1005130,7001,刘明承,male,1722-01-01,1792-12-31,19,盛,Rule-generated Stage7 member for 汉朝刘氏.,False
1005131,7001,刘华华,female,1723-01-01,1812-12-31,19,盛,Rule-generated Stage7 member for 汉朝刘氏.,False
1005132,7001,刘敏,male,1719-01-01,1768-12-31,19,盛,Rule-generated Stage7 member for 汉朝刘氏.,False
1005133,7001,刘盛玉,female,1721-01-01,1787-12-31,19,盛,Rule-generated Stage7 member for 汉朝刘氏.,False
1005134,7001,刘国宗,male,1725-01-01,1791-12-31,19,盛,Rule-generated Stage7 member for 汉朝刘氏.,False
1005135,7001,刘宁兰,female,1724-01-01,1815-12-31,19,盛,Rule-generated Stage7 member for 汉朝刘氏.,False
1005136,7001,刘盛世,male,1721-01-01,1793-12-31,19,盛,Rule-generated Stage7 member for 汉朝刘氏.,False
1005137,7001,刘盛玉,female,1725-01-01,1804-12-31,19,盛,Rule-generated Stage7 member for 汉朝刘氏.,False
1005138,7001,刘盛宗,male,1719-01-01,1789-12-31,19,盛,Rule-generated Stage7 member for 汉朝刘氏.,False
1005139,7001,刘丽安,female,1722-01-01,1777-12-31,19,盛,Rule-generated Stage7 member for 汉朝刘氏.,False
1005140,7001,刘盛承,male,1725-01-01,1821-12-31,19,盛,Rule-generated Stage7 member for 汉朝刘氏.,False
1005141,7001,刘盛丽,female,1725-01-01,1808-12-31,19,盛,Rule-generated Stage7 member for 汉朝刘氏.,False
1005142,7001,刘盛德,male,1725-01-01,1823-12-31,19,盛,Rule-generated Stage7 member for 汉朝刘氏.,False
1005143,7001,刘盛梅,female,1724-01-01,1812-12-31,19,盛,Rule-generated Stage7 member for 汉朝刘氏.,False
1005144,7001,刘伟,male,1723-01-01,1803-12-31,19,盛,Rule-generated Stage7 member for 汉朝刘氏.,False
1005145,7001,刘玉兰,female,1721-01-01,1794-12-31,19,盛,Rule-generated Stage7 member for 汉朝刘氏.,False
1005146,7001,刘文安,male,1719-01-01,1785-12-31,19,盛,Rule-generated Stage7 member for 汉朝刘氏.,False
1005147,7001,刘盛华,female,1720-01-01,1778-12-31,19,盛,Rule-generated Stage7 member for 汉朝刘氏.,False
1005148,7001,刘景国,male,1724-01-01,1783-12-31,19,盛,Rule-generated Stage7 member for 汉朝刘氏.,False
1005149,7001,刘敏芳,female,1719-01-01,1783-12-31,19,盛,Rule-generated Stage7 member for 汉朝刘氏.,False
1005150,7001,刘盛德,male,1724-01-01,1779-12-31,19,盛,Rule-generated Stage7 member for 汉朝刘氏.,False
1005151,7001,刘宁安,female,1725-01-01,1779-12-31,19,盛,Rule-generated Stage7 member for 汉朝刘氏.,False
1005152,7001,刘宗国,male,1720-01-01,1745-12-31,19,盛,Rule-generated Stage7 member for 汉朝刘氏.,False
1005153,7001,刘华,female,1721-01-01,1820-12-31,19,盛,Rule-generated Stage7 member for 汉朝刘氏.,False
1005154,7001,刘盛文,male,1721-01-01,1790-12-31,19,盛,Rule-generated Stage7 member for 汉朝刘氏.,False
1005155,7001,刘盛安,female,1719-01-01,1769-12-31,19,盛,Rule-generated Stage7 member for 汉朝刘氏.,False
1005156,7001,刘盛成,male,1724-01-01,1797-12-31,19,盛,Rule-generated Stage7 member for 汉朝刘氏.,False
1005157,7001,刘盛慧,female,1719-01-01,1779-12-31,19,盛,Rule-generated Stage7 member for 汉朝刘氏.,False
1005158,7001,刘强,male,1721-01-01,1825-12-31,19,盛,Rule-generated Stage7 member for 汉朝刘氏.,False
1005159,7001,刘盛芳,female,1720-01-01,1786-12-31,19,盛,Rule-generated Stage7 member for 汉朝刘氏.,False
1005160,7001,刘盛伟,male,1721-01-01,1820-12-31,19,盛,Rule-generated Stage7 member for 汉朝刘氏.,False
1005161,7001,刘强,female,1721-01-01,1786-12-31,19,盛,Rule-generated Stage7 member for 汉朝刘氏.,False
1005162,7001,刘盛德,male,1721-01-01,1775-12-31,19,盛,Rule-generated Stage7 member for 汉朝刘氏.,False
1005163,7001,刘华玉,female,1721-01-01,1755-12-31,19,盛,Rule-generated Stage7 member for 汉朝刘氏.,False
1005164,7001,刘盛世,male,1721-01-01,1817-12-31,19,盛,Rule-generated Stage7 member for 汉朝刘氏.,False
1005165,7001,刘强,female,1721-01-01,1789-12-31,19,盛,Rule-generated Stage7 member for 汉朝刘氏.,False
1005166,7001,刘盛国,male,1724-01-01,1799-12-31,19,盛,Rule-generated Stage7 member for 汉朝刘氏.,False
1005167,7001,刘盛雅,female,1719-01-01,1796-12-31,19,盛,Rule-generated Stage7 member for 汉朝刘氏.,False
1005168,7001,刘承明,male,1719-01-01,1796-12-31,19,盛,Rule-generated Stage7 member for 汉朝刘氏.,False
1005169,7001,刘安敏,female,1724-01-01,1803-12-31,19,盛,Rule-generated Stage7 member for 汉朝刘氏.,False
1005170,7001,刘世世,male,1722-01-01,1787-12-31,19,盛,Rule-generated Stage7 member for 汉朝刘氏.,False
1005171,7001,刘盛梅,female,1724-01-01,1809-12-31,19,盛,Rule-generated Stage7 member for 汉朝刘氏.,False
1005172,7001,刘成世,male,1719-01-01,1781-12-31,19,盛,Rule-generated Stage7 member for 汉朝刘氏.,False
1005173,7001,刘盛兰,female,1719-01-01,1792-12-31,19,盛,Rule-generated Stage7 member for 汉朝刘氏.,False
1005174,7001,刘盛伟,male,1725-01-01,1825-12-31,19,盛,Rule-generated Stage7 member for 汉朝刘氏.,False
1005175,7001,刘盛华,female,1719-01-01,1793-12-31,19,盛,Rule-generated Stage7 member for 汉朝刘氏.,False
1005176,7001,刘强,male,1722-01-01,1762-12-31,19,盛,Rule-generated Stage7 member for 汉朝刘氏.,False
1005177,7001,刘盛雅,female,1720-01-01,1751-12-31,19,盛,Rule-generated Stage7 member for 汉朝刘氏.,False
1005178,7001,刘盛景,male,1719-01-01,1772-12-31,19,盛,Rule-generated Stage7 member for 汉朝刘氏.,False
1005179,7001,刘敏梅,female,1721-01-01,1805-12-31,19,盛,Rule-generated Stage7 member for 汉朝刘氏.,False
1005180,7001,刘强,male,1722-01-01,1757-12-31,19,盛,Rule-generated Stage7 member for 汉朝刘氏.,False
1005181,7001,刘兰慧,female,1719-01-01,1780-12-31,19,盛,Rule-generated Stage7 member for 汉朝刘氏.,False
1005182,7001,刘盛承,male,1725-01-01,1778-12-31,19,盛,Rule-generated Stage7 member for 汉朝刘氏.,False
1005183,7001,刘盛清,female,1719-01-01,1792-12-31,19,盛,Rule-generated Stage7 member for 汉朝刘氏.,False
1005184,7001,刘世景,male,1721-01-01,1767-12-31,19,盛,Rule-generated Stage7 member for 汉朝刘氏.,False
1005185,7001,刘盛清,female,1725-01-01,1794-12-31,19,盛,Rule-generated Stage7 member for 汉朝刘氏.,False
1005186,7001,刘安伟,male,1723-01-01,1794-12-31,19,盛,Rule-generated Stage7 member for 汉朝刘氏.,False
1005187,7001,刘强,female,1719-01-01,1799-12-31,19,盛,Rule-generated Stage7 member for 汉朝刘氏.,False
1005188,7001,刘盛强,male,1722-01-01,1790-12-31,19,盛,Rule-generated Stage7 member for 汉朝刘氏.,False
1005189,7001,刘明,female,1725-01-01,1804-12-31,19,盛,Rule-generated Stage7 member for 汉朝刘氏.,False
1005190,7001,刘盛宗,male,1722-01-01,1788-12-31,19,盛,Rule-generated Stage7 member for 汉朝刘氏.,False
1005191,7001,刘盛慧,female,1722-01-01,1778-12-31,19,盛,Rule-generated Stage7 member for 汉朝刘氏.,False
1005192,7001,刘盛景,male,1721-01-01,1788-12-31,19,盛,Rule-generated Stage7 member for 汉朝刘氏.,False
1005193,7001,刘芳梅,female,1719-01-01,1786-12-31,19,盛,Rule-generated Stage7 member for 汉朝刘氏.,False
1005194,7001,刘盛德,male,1720-01-01,1759-12-31,19,盛,Rule-generated Stage7 member for 汉朝刘氏.,False
1005195,7001,刘盛玉,female,1719-01-01,1765-12-31,19,盛,Rule-generated Stage7 member for 汉朝刘氏.,False
1005196,7001,刘伟文,male,1725-01-01,1780-12-31,19,盛,Rule-generated Stage7 member for 汉朝刘氏.,False
1005197,7001,刘敏玉,female,1724-01-01,1807-12-31,19,盛,Rule-generated Stage7 member for 汉朝刘氏.,False
1005198,7001,刘盛明,male,1724-01-01,1760-12-31,19,盛,Rule-generated Stage7 member for 汉朝刘氏.,False
1005199,7001,刘盛芳,female,1725-01-01,1800-12-31,19,盛,Rule-generated Stage7 member for 汉朝刘氏.,False
1005200,7001,刘盛文,male,1721-01-01,1774-12-31,19,盛,Rule-generated Stage7 member for 汉朝刘氏.,False
1005201,7001,刘宁宁,female,1720-01-01,1753-12-31,19,盛,Rule-generated Stage7 member for 汉朝刘氏.,False
1005202,7001,刘盛文,male,1723-01-01,1778-12-31,19,盛,Rule-generated Stage7 member for 汉朝刘氏.,False
1005203,7001,刘盛丽,female,1720-01-01,1779-12-31,19,盛,Rule-generated Stage7 member for 汉朝刘氏.,False
1005204,7001,刘文安,male,1723-01-01,1775-12-31,19,盛,Rule-generated Stage7 member for 汉朝刘氏.,False
1005205,7001,刘雅宁,female,1725-01-01,1788-12-31,19,盛,Rule-generated Stage7 member for 汉朝刘氏.,False
1005206,7001,刘盛明,male,1725-01-01,1789-12-31,19,盛,Rule-generated Stage7 member for 汉朝刘氏.,False
1005207,7001,刘敏,female,1720-01-01,1803-12-31,19,盛,Rule-generated Stage7 member for 汉朝刘氏.,False
1005208,7001,刘盛明,male,1723-01-01,1798-12-31,19,盛,Rule-generated Stage7 member for 汉朝刘氏.,False
1005209,7001,刘盛芳,female,1725-01-01,1818-12-31,19,盛,Rule-generated Stage7 member for 汉朝刘氏.,False
1005210,7001,刘敏,male,1721-01-01,1783-12-31,19,盛,Rule-generated Stage7 member for 汉朝刘氏.,False
1005211,7001,刘盛慧,female,1720-01-01,1808-12-31,19,盛,Rule-generated Stage7 member for 汉朝刘氏.,False
1005212,7001,刘盛宗,male,1719-01-01,1789-12-31,19,盛,Rule-generated Stage7 member for 汉朝刘氏.,False
1005213,7001,刘宁雅,female,1720-01-01,1768-12-31,19,盛,Rule-generated Stage7 member for 汉朝刘氏.,False
1005214,7001,刘明,male,1722-01-01,1792-12-31,19,盛,Rule-generated Stage7 member for 汉朝刘氏.,False
1005215,7001,刘伟,female,1720-01-01,1800-12-31,19,盛,Rule-generated Stage7 member for 汉朝刘氏.,False
1005216,7001,刘盛强,male,1722-01-01,1793-12-31,19,盛,Rule-generated Stage7 member for 汉朝刘氏.,False
1005217,7001,刘盛华,female,1722-01-01,1783-12-31,19,盛,Rule-generated Stage7 member for 汉朝刘氏.,False
1005218,7001,刘盛安,male,1720-01-01,1790-12-31,19,盛,Rule-generated Stage7 member for 汉朝刘氏.,False
1005219,7001,刘清玉,female,1721-01-01,1754-12-31,19,盛,Rule-generated Stage7 member for 汉朝刘氏.,False
1005220,7001,刘盛强,male,1719-01-01,1788-12-31,19,盛,Rule-generated Stage7 member for 汉朝刘氏.,False
1005221,7001,刘盛兰,female,1722-01-01,1769-12-31,19,盛,Rule-generated Stage7 member for 汉朝刘氏.,False
1005222,7001,刘安景,male,1725-01-01,1786-12-31,19,盛,Rule-generated Stage7 member for 汉朝刘氏.,False
1005223,7001,刘丽芳,female,1723-01-01,1764-12-31,19,盛,Rule-generated Stage7 member for 汉朝刘氏.,False
1005224,7001,刘明,male,1725-01-01,1749-12-31,19,盛,Rule-generated Stage7 member for 汉朝刘氏.,False
1005225,7001,刘盛雅,female,1720-01-01,1811-12-31,19,盛,Rule-generated Stage7 member for 汉朝刘氏.,False
1005226,7001,刘敏,male,1721-01-01,1795-12-31,19,盛,Rule-generated Stage7 member for 汉朝刘氏.,False
1005227,7001,刘雅敏,female,1721-01-01,1750-12-31,19,盛,Rule-generated Stage7 member for 汉朝刘氏.,False
1005228,7001,刘成文,male,1719-01-01,1787-12-31,19,盛,Rule-generated Stage7 member for 汉朝刘氏.,False
1005229,7001,刘盛玉,female,1723-01-01,1782-12-31,19,盛,Rule-generated Stage7 member for 汉朝刘氏.,False
1005230,7001,刘盛安,male,1719-01-01,1776-12-31,19,盛,Rule-generated Stage7 member for 汉朝刘氏.,False
1005231,7001,刘伟,female,1722-01-01,1811-12-31,19,盛,Rule-generated Stage7 member for 汉朝刘氏.,False
1005232,7001,刘成安,male,1725-01-01,1759-12-31,19,盛,Rule-generated Stage7 member for 汉朝刘氏.,False
1005233,7001,刘清丽,female,1725-01-01,1791-12-31,19,盛,Rule-generated Stage7 member for 汉朝刘氏.,False
1005234,7001,刘文强,male,1724-01-01,1789-12-31,19,盛,Rule-generated Stage7 member for 汉朝刘氏.,False
1005235,7001,刘盛兰,female,1722-01-01,1789-12-31,19,盛,Rule-generated Stage7 member for 汉朝刘氏.,False
1005236,7001,刘承德,male,1719-01-01,1801-12-31,19,盛,Rule-generated Stage7 member for 汉朝刘氏.,False
1005237,7001,刘华,female,1721-01-01,1803-12-31,19,盛,Rule-generated Stage7 member for 汉朝刘氏.,False
1005238,7001,刘景强,male,1721-01-01,1795-12-31,19,盛,Rule-generated Stage7 member for 汉朝刘氏.,False
1005239,7001,刘华慧,female,1722-01-01,1821-12-31,19,盛,Rule-generated Stage7 member for 汉朝刘氏.,False
1005240,7001,刘伟,male,1721-01-01,1757-12-31,19,盛,Rule-generated Stage7 member for 汉朝刘氏.,False
1005241,7001,刘盛慧,female,1724-01-01,1797-12-31,19,盛,Rule-generated Stage7 member for 汉朝刘氏.,False
1005242,7001,刘强伟,male,1721-01-01,1814-12-31,19,盛,Rule-generated Stage7 member for 汉朝刘氏.,False
1005243,7001,刘盛梅,female,1720-01-01,1809-12-31,19,盛,Rule-generated Stage7 member for 汉朝刘氏.,False
1005244,7001,刘德宗,male,1725-01-01,1792-12-31,19,盛,Rule-generated Stage7 member for 汉朝刘氏.,False
1005245,7001,刘盛华,female,1719-01-01,1807-12-31,19,盛,Rule-generated Stage7 member for 汉朝刘氏.,False
1005246,7001,刘盛文,male,1720-01-01,1765-12-31,19,盛,Rule-generated Stage7 member for 汉朝刘氏.,False
1005247,7001,刘慧宁,female,1719-01-01,1788-12-31,19,盛,Rule-generated Stage7 member for 汉朝刘氏.,False
1005248,7001,刘德景,male,1719-01-01,1813-12-31,19,盛,Rule-generated Stage7 member for 汉朝刘氏.,False
1005249,7001,刘安芳,female,1722-01-01,1775-12-31,19,盛,Rule-generated Stage7 member for 汉朝刘氏.,False
1005250,7001,刘盛成,male,1719-01-01,1786-12-31,19,盛,Rule-generated Stage7 member for 汉朝刘氏.,False
1005251,7001,刘盛安,female,1719-01-01,1775-12-31,19,盛,Rule-generated Stage7 member for 汉朝刘氏.,False
1005252,7001,刘国承,male,1722-01-01,1779-12-31,19,盛,Rule-generated Stage7 member for 汉朝刘氏.,False
1005253,7001,刘盛华,female,1723-01-01,1786-12-31,19,盛,Rule-generated Stage7 member for 汉朝刘氏.,False
1005254,7001,刘强景,male,1719-01-01,1782-12-31,19,盛,Rule-generated Stage7 member for 汉朝刘氏.,False
1005255,7001,刘玉慧,female,1721-01-01,1799-12-31,19,盛,Rule-generated Stage7 member for 汉朝刘氏.,False
1005256,7001,刘盛承,male,1721-01-01,1803-12-31,19,盛,Rule-generated Stage7 member for 汉朝刘氏.,False
1005257,7001,刘丽敏,female,1725-01-01,1805-12-31,19,盛,Rule-generated Stage7 member for 汉朝刘氏.,False
1005258,7001,刘盛强,male,1722-01-01,1775-12-31,19,盛,Rule-generated Stage7 member for 汉朝刘氏.,False
1005259,7001,刘伟,female,1724-01-01,1805-12-31,19,盛,Rule-generated Stage7 member for 汉朝刘氏.,False
1005260,7001,刘华,male,1725-01-01,1801-12-31,19,盛,Rule-generated Stage7 member for 汉朝刘氏.,False
1005261,7001,刘盛梅,female,1719-01-01,1782-12-31,19,盛,Rule-generated Stage7 member for 汉朝刘氏.,False
1005262,7001,刘盛文,male,1720-01-01,1808-12-31,19,盛,Rule-generated Stage7 member for 汉朝刘氏.,False
1005263,7001,刘兰兰,female,1723-01-01,1773-12-31,19,盛,Rule-generated Stage7 member for 汉朝刘氏.,False
1005264,7001,刘盛承,male,1722-01-01,1796-12-31,19,盛,Rule-generated Stage7 member for 汉朝刘氏.,False
1005265,7001,刘盛梅,female,1720-01-01,1756-12-31,19,盛,Rule-generated Stage7 member for 汉朝刘氏.,False
1005266,7001,刘盛伟,male,1721-01-01,1804-12-31,19,盛,Rule-generated Stage7 member for 汉朝刘氏.,False
1005267,7001,刘敏清,female,1724-01-01,1792-12-31,19,盛,Rule-generated Stage7 member for 汉朝刘氏.,False
1005268,7001,刘景国,male,1722-01-01,1784-12-31,19,盛,Rule-generated Stage7 member for 汉朝刘氏.,False
1005269,7001,刘伟,female,1722-01-01,1775-12-31,19,盛,Rule-generated Stage7 member for 汉朝刘氏.,False
1005270,7001,刘盛明,male,1719-01-01,1775-12-31,19,盛,Rule-generated Stage7 member for 汉朝刘氏.,False
1005271,7001,刘盛华,female,1721-01-01,1778-12-31,19,盛,Rule-generated Stage7 member for 汉朝刘氏.,False
1005272,7001,刘盛伟,male,1720-01-01,1754-12-31,19,盛,Rule-generated Stage7 member for 汉朝刘氏.,False
1005273,7001,刘盛雅,female,1722-01-01,1768-12-31,19,盛,Rule-generated Stage7 member for 汉朝刘氏.,False
1005274,7001,刘强,male,1720-01-01,1792-12-31,19,盛,Rule-generated Stage7 member for 汉朝刘氏.,False
1005275,7001,刘慧慧,female,1723-01-01,1759-12-31,19,盛,Rule-generated Stage7 member for 汉朝刘氏.,False
1005276,7001,刘盛景,male,1720-01-01,1815-12-31,19,盛,Rule-generated Stage7 member for 汉朝刘氏.,False
1005277,7001,刘伟,female,1724-01-01,1768-12-31,19,盛,Rule-generated Stage7 member for 汉朝刘氏.,False
1005278,7001,刘盛宗,male,1722-01-01,1810-12-31,19,盛,Rule-generated Stage7 member for 汉朝刘氏.,False
1005279,7001,刘兰雅,female,1724-01-01,1794-12-31,19,盛,Rule-generated Stage7 member for 汉朝刘氏.,False
1005280,7001,刘伟,male,1722-01-01,1787-12-31,19,盛,Rule-generated Stage7 member for 汉朝刘氏.,False
1005281,7001,刘盛兰,female,1722-01-01,1794-12-31,19,盛,Rule-generated Stage7 member for 汉朝刘氏.,False
1005282,7001,刘盛伟,male,1720-01-01,1805-12-31,19,盛,Rule-generated Stage7 member for 汉朝刘氏.,False
1005283,7001,刘盛玉,female,1720-01-01,1760-12-31,19,盛,Rule-generated Stage7 member for 汉朝刘氏.,False
1005284,7001,刘盛伟,male,1719-01-01,1792-12-31,19,盛,Rule-generated Stage7 member for 汉朝刘氏.,False
1005285,7001,刘盛芳,female,1722-01-01,1792-12-31,19,盛,Rule-generated Stage7 member for 汉朝刘氏.,False
1005286,7001,刘盛世,male,1719-01-01,1788-12-31,19,盛,Rule-generated Stage7 member for 汉朝刘氏.,False
1005287,7001,刘慧清,female,1721-01-01,1781-12-31,19,盛,Rule-generated Stage7 member for 汉朝刘氏.,False
1005288,7001,刘伟景,male,1723-01-01,1789-12-31,19,盛,Rule-generated Stage7 member for 汉朝刘氏.,False
1005289,7001,刘清兰,female,1721-01-01,1798-12-31,19,盛,Rule-generated Stage7 member for 汉朝刘氏.,False
1005290,7001,刘盛伟,male,1721-01-01,1789-12-31,19,盛,Rule-generated Stage7 member for 汉朝刘氏.,False
1005291,7001,刘宁慧,female,1723-01-01,1799-12-31,19,盛,Rule-generated Stage7 member for 汉朝刘氏.,False
1005292,7001,刘盛强,male,1722-01-01,1761-12-31,19,盛,Rule-generated Stage7 member for 汉朝刘氏.,False
1005293,7001,刘玉安,female,1723-01-01,1803-12-31,19,盛,Rule-generated Stage7 member for 汉朝刘氏.,False
1005294,7001,刘盛安,male,1723-01-01,1748-12-31,19,盛,Rule-generated Stage7 member for 汉朝刘氏.,False
1005295,7001,刘盛梅,female,1719-01-01,1804-12-31,19,盛,Rule-generated Stage7 member for 汉朝刘氏.,False
1005296,7001,刘华,male,1723-01-01,1789-12-31,19,盛,Rule-generated Stage7 member for 汉朝刘氏.,False
1005297,7001,刘盛安,female,1722-01-01,1767-12-31,19,盛,Rule-generated Stage7 member for 汉朝刘氏.,False
1005298,7001,刘明承,male,1721-01-01,1827-12-31,19,盛,Rule-generated Stage7 member for 汉朝刘氏.,False
1005299,7001,刘盛丽,female,1719-01-01,1807-12-31,19,盛,Rule-generated Stage7 member for 汉朝刘氏.,False
1005300,7001,刘盛明,male,1723-01-01,1805-12-31,19,盛,Rule-generated Stage7 member for 汉朝刘氏.,False
1005301,7001,刘盛安,female,1723-01-01,1793-12-31,19,盛,Rule-generated Stage7 member for 汉朝刘氏.,False
1005302,7001,刘盛成,male,1721-01-01,1803-12-31,19,盛,Rule-generated Stage7 member for 汉朝刘氏.,False
1005303,7001,刘盛梅,female,1724-01-01,1784-12-31,19,盛,Rule-generated Stage7 member for 汉朝刘氏.,False
1005304,7001,刘强,male,1721-01-01,1819-12-31,19,盛,Rule-generated Stage7 member for 汉朝刘氏.,False
1005305,7001,刘盛兰,female,1724-01-01,1773-12-31,19,盛,Rule-generated Stage7 member for 汉朝刘氏.,False
1005306,7001,刘盛成,male,1723-01-01,1764-12-31,19,盛,Rule-generated Stage7 member for 汉朝刘氏.,False
1005307,7001,刘盛兰,female,1723-01-01,1787-12-31,19,盛,Rule-generated Stage7 member for 汉朝刘氏.,False
1005308,7001,刘盛承,male,1720-01-01,1771-12-31,19,盛,Rule-generated Stage7 member for 汉朝刘氏.,False
1005309,7001,刘盛兰,female,1720-01-01,1807-12-31,19,盛,Rule-generated Stage7 member for 汉朝刘氏.,False
1005310,7001,刘盛承,male,1725-01-01,1785-12-31,19,盛,Rule-generated Stage7 member for 汉朝刘氏.,False
1005311,7001,刘强,female,1724-01-01,1812-12-31,19,盛,Rule-generated Stage7 member for 汉朝刘氏.,False
1005312,7001,刘盛伟,male,1720-01-01,1789-12-31,19,盛,Rule-generated Stage7 member for 汉朝刘氏.,False
1005313,7001,刘玉清,female,1724-01-01,1785-12-31,19,盛,Rule-generated Stage7 member for 汉朝刘氏.,False
1005314,7001,刘盛强,male,1722-01-01,1807-12-31,19,盛,Rule-generated Stage7 member for 汉朝刘氏.,False
1005315,7001,刘盛丽,female,1720-01-01,1809-12-31,19,盛,Rule-generated Stage7 member for 汉朝刘氏.,False
1005316,7001,刘华,male,1743-01-01,1815-12-31,20,延,Rule-generated Stage7 member for 汉朝刘氏.,False
1005317,7001,刘延华,female,1742-01-01,1820-12-31,20,延,Rule-generated Stage7 member for 汉朝刘氏.,False
1005318,7001,刘安国,male,1747-01-01,1842-12-31,20,延,Rule-generated Stage7 member for 汉朝刘氏.,False
1005319,7001,刘延宁,female,1741-01-01,1829-12-31,20,延,Rule-generated Stage7 member for 汉朝刘氏.,False
1005320,7001,刘延世,male,1746-01-01,1791-12-31,20,延,Rule-generated Stage7 member for 汉朝刘氏.,False
1005321,7001,刘延安,female,1747-01-01,1799-12-31,20,延,Rule-generated Stage7 member for 汉朝刘氏.,False
1005322,7001,刘延景,male,1747-01-01,1817-12-31,20,延,Rule-generated Stage7 member for 汉朝刘氏.,False
1005323,7001,刘延华,female,1741-01-01,1827-12-31,20,延,Rule-generated Stage7 member for 汉朝刘氏.,False
1005324,7001,刘延德,male,1741-01-01,1801-12-31,20,延,Rule-generated Stage7 member for 汉朝刘氏.,False
1005325,7001,刘延玉,female,1742-01-01,1798-12-31,20,延,Rule-generated Stage7 member for 汉朝刘氏.,False
1005326,7001,刘延明,male,1746-01-01,1794-12-31,20,延,Rule-generated Stage7 member for 汉朝刘氏.,False
1005327,7001,刘延慧,female,1747-01-01,1853-12-31,20,延,Rule-generated Stage7 member for 汉朝刘氏.,False
1005328,7001,刘延宗,male,1743-01-01,1830-12-31,20,延,Rule-generated Stage7 member for 汉朝刘氏.,False
1005329,7001,刘延丽,female,1745-01-01,1836-12-31,20,延,Rule-generated Stage7 member for 汉朝刘氏.,False
1005330,7001,刘景承,male,1745-01-01,1847-12-31,20,延,Rule-generated Stage7 member for 汉朝刘氏.,False
1005331,7001,刘延玉,female,1743-01-01,1777-12-31,20,延,Rule-generated Stage7 member for 汉朝刘氏.,False
1005332,7001,刘延景,male,1744-01-01,1798-12-31,20,延,Rule-generated Stage7 member for 汉朝刘氏.,False
1005333,7001,刘梅安,female,1742-01-01,1815-12-31,20,延,Rule-generated Stage7 member for 汉朝刘氏.,False
1005334,7001,刘延明,male,1743-01-01,1826-12-31,20,延,Rule-generated Stage7 member for 汉朝刘氏.,False
1005335,7001,刘延玉,female,1744-01-01,1814-12-31,20,延,Rule-generated Stage7 member for 汉朝刘氏.,False
1005336,7001,刘延文,male,1745-01-01,1810-12-31,20,延,Rule-generated Stage7 member for 汉朝刘氏.,False
1005337,7001,刘延华,female,1744-01-01,1825-12-31,20,延,Rule-generated Stage7 member for 汉朝刘氏.,False
1005338,7001,刘延成,male,1741-01-01,1801-12-31,20,延,Rule-generated Stage7 member for 汉朝刘氏.,False
1005339,7001,刘延雅,female,1742-01-01,1787-12-31,20,延,Rule-generated Stage7 member for 汉朝刘氏.,False
1005340,7001,刘延文,male,1742-01-01,1795-12-31,20,延,Rule-generated Stage7 member for 汉朝刘氏.,False
1005341,7001,刘延芳,female,1741-01-01,1807-12-31,20,延,Rule-generated Stage7 member for 汉朝刘氏.,False
1005342,7001,刘延承,male,1744-01-01,1831-12-31,20,延,Rule-generated Stage7 member for 汉朝刘氏.,False
1005343,7001,刘强,female,1746-01-01,1797-12-31,20,延,Rule-generated Stage7 member for 汉朝刘氏.,False
1005344,7001,刘延德,male,1742-01-01,1828-12-31,20,延,Rule-generated Stage7 member for 汉朝刘氏.,False
1005345,7001,刘延宁,female,1744-01-01,1838-12-31,20,延,Rule-generated Stage7 member for 汉朝刘氏.,False
1005346,7001,刘承明,male,1741-01-01,1799-12-31,20,延,Rule-generated Stage7 member for 汉朝刘氏.,False
1005347,7001,刘延丽,female,1743-01-01,1803-12-31,20,延,Rule-generated Stage7 member for 汉朝刘氏.,False
1005348,7001,刘国德,male,1742-01-01,1788-12-31,20,延,Rule-generated Stage7 member for 汉朝刘氏.,False
1005349,7001,刘延兰,female,1746-01-01,1846-12-31,20,延,Rule-generated Stage7 member for 汉朝刘氏.,False
1005350,7001,刘延明,male,1743-01-01,1799-12-31,20,延,Rule-generated Stage7 member for 汉朝刘氏.,False
1005351,7001,刘延宁,female,1747-01-01,1813-12-31,20,延,Rule-generated Stage7 member for 汉朝刘氏.,False
1005352,7001,刘延文,male,1742-01-01,1818-12-31,20,延,Rule-generated Stage7 member for 汉朝刘氏.,False
1005353,7001,刘伟,female,1747-01-01,1835-12-31,20,延,Rule-generated Stage7 member for 汉朝刘氏.,False
1005354,7001,刘成明,male,1742-01-01,1811-12-31,20,延,Rule-generated Stage7 member for 汉朝刘氏.,False
1005355,7001,刘清梅,female,1747-01-01,1853-12-31,20,延,Rule-generated Stage7 member for 汉朝刘氏.,False
1005356,7001,刘宗成,male,1742-01-01,1801-12-31,20,延,Rule-generated Stage7 member for 汉朝刘氏.,False
1005357,7001,刘雅敏,female,1745-01-01,1835-12-31,20,延,Rule-generated Stage7 member for 汉朝刘氏.,False
1005358,7001,刘延景,male,1744-01-01,1765-12-31,20,延,Rule-generated Stage7 member for 汉朝刘氏.,False
1005359,7001,刘延兰,female,1743-01-01,1811-12-31,20,延,Rule-generated Stage7 member for 汉朝刘氏.,False
1005360,7001,刘华,male,1741-01-01,1792-12-31,20,延,Rule-generated Stage7 member for 汉朝刘氏.,False
1005361,7001,刘安华,female,1744-01-01,1818-12-31,20,延,Rule-generated Stage7 member for 汉朝刘氏.,False
1005362,7001,刘文世,male,1746-01-01,1823-12-31,20,延,Rule-generated Stage7 member for 汉朝刘氏.,False
1005363,7001,刘安慧,female,1745-01-01,1835-12-31,20,延,Rule-generated Stage7 member for 汉朝刘氏.,False
1005364,7001,刘宗国,male,1747-01-01,1838-12-31,20,延,Rule-generated Stage7 member for 汉朝刘氏.,False
1005365,7001,刘延安,female,1742-01-01,1803-12-31,20,延,Rule-generated Stage7 member for 汉朝刘氏.,False
1005366,7001,刘华,male,1741-01-01,1793-12-31,20,延,Rule-generated Stage7 member for 汉朝刘氏.,False
1005367,7001,刘安安,female,1742-01-01,1842-12-31,20,延,Rule-generated Stage7 member for 汉朝刘氏.,False
1005368,7001,刘延明,male,1743-01-01,1840-12-31,20,延,Rule-generated Stage7 member for 汉朝刘氏.,False
1005369,7001,刘延梅,female,1742-01-01,1838-12-31,20,延,Rule-generated Stage7 member for 汉朝刘氏.,False
1005370,7001,刘景伟,male,1743-01-01,1800-12-31,20,延,Rule-generated Stage7 member for 汉朝刘氏.,False
1005371,7001,刘伟,female,1745-01-01,1828-12-31,20,延,Rule-generated Stage7 member for 汉朝刘氏.,False
1005372,7001,刘延景,male,1744-01-01,1793-12-31,20,延,Rule-generated Stage7 member for 汉朝刘氏.,False
1005373,7001,刘清安,female,1742-01-01,1814-12-31,20,延,Rule-generated Stage7 member for 汉朝刘氏.,False
1005374,7001,刘世文,male,1744-01-01,1772-12-31,20,延,Rule-generated Stage7 member for 汉朝刘氏.,False
1005375,7001,刘延清,female,1745-01-01,1794-12-31,20,延,Rule-generated Stage7 member for 汉朝刘氏.,False
1005376,7001,刘景成,male,1745-01-01,1780-12-31,20,延,Rule-generated Stage7 member for 汉朝刘氏.,False
1005377,7001,刘延敏,female,1744-01-01,1808-12-31,20,延,Rule-generated Stage7 member for 汉朝刘氏.,False
1005378,7001,刘文宗,male,1744-01-01,1817-12-31,20,延,Rule-generated Stage7 member for 汉朝刘氏.,False
1005379,7001,刘敏梅,female,1747-01-01,1783-12-31,20,延,Rule-generated Stage7 member for 汉朝刘氏.,False
1005380,7001,刘华,male,1746-01-01,1815-12-31,20,延,Rule-generated Stage7 member for 汉朝刘氏.,False
1005381,7001,刘明,female,1745-01-01,1822-12-31,20,延,Rule-generated Stage7 member for 汉朝刘氏.,False
1005382,7001,刘成宗,male,1743-01-01,1828-12-31,20,延,Rule-generated Stage7 member for 汉朝刘氏.,False
1005383,7001,刘延安,female,1746-01-01,1773-12-31,20,延,Rule-generated Stage7 member for 汉朝刘氏.,False
1005384,7001,刘强世,male,1741-01-01,1798-12-31,20,延,Rule-generated Stage7 member for 汉朝刘氏.,False
1005385,7001,刘延丽,female,1747-01-01,1814-12-31,20,延,Rule-generated Stage7 member for 汉朝刘氏.,False
1005386,7001,刘延伟,male,1741-01-01,1778-12-31,20,延,Rule-generated Stage7 member for 汉朝刘氏.,False
1005387,7001,刘延芳,female,1747-01-01,1791-12-31,20,延,Rule-generated Stage7 member for 汉朝刘氏.,False
1005388,7001,刘景德,male,1745-01-01,1786-12-31,20,延,Rule-generated Stage7 member for 汉朝刘氏.,False
1005389,7001,刘慧安,female,1746-01-01,1827-12-31,20,延,Rule-generated Stage7 member for 汉朝刘氏.,False
1005390,7001,刘延宗,male,1743-01-01,1773-12-31,20,延,Rule-generated Stage7 member for 汉朝刘氏.,False
1005391,7001,刘梅丽,female,1744-01-01,1837-12-31,20,延,Rule-generated Stage7 member for 汉朝刘氏.,False
1005392,7001,刘延成,male,1741-01-01,1806-12-31,20,延,Rule-generated Stage7 member for 汉朝刘氏.,False
1005393,7001,刘安兰,female,1741-01-01,1816-12-31,20,延,Rule-generated Stage7 member for 汉朝刘氏.,False
1005394,7001,刘德强,male,1744-01-01,1830-12-31,20,延,Rule-generated Stage7 member for 汉朝刘氏.,False
1005395,7001,刘延敏,female,1744-01-01,1805-12-31,20,延,Rule-generated Stage7 member for 汉朝刘氏.,False
1005396,7001,刘延文,male,1745-01-01,1838-12-31,20,延,Rule-generated Stage7 member for 汉朝刘氏.,False
1005397,7001,刘延安,female,1743-01-01,1790-12-31,20,延,Rule-generated Stage7 member for 汉朝刘氏.,False
1005398,7001,刘延文,male,1743-01-01,1830-12-31,20,延,Rule-generated Stage7 member for 汉朝刘氏.,False
1005399,7001,刘宁丽,female,1741-01-01,1809-12-31,20,延,Rule-generated Stage7 member for 汉朝刘氏.,False
1005400,7001,刘景成,male,1745-01-01,1786-12-31,20,延,Rule-generated Stage7 member for 汉朝刘氏.,False
1005401,7001,刘敏,female,1741-01-01,1789-12-31,20,延,Rule-generated Stage7 member for 汉朝刘氏.,False
1005402,7001,刘延世,male,1742-01-01,1785-12-31,20,延,Rule-generated Stage7 member for 汉朝刘氏.,False
1005403,7001,刘延宁,female,1741-01-01,1815-12-31,20,延,Rule-generated Stage7 member for 汉朝刘氏.,False
1005404,7001,刘延成,male,1741-01-01,1805-12-31,20,延,Rule-generated Stage7 member for 汉朝刘氏.,False
1005405,7001,刘宁梅,female,1744-01-01,1795-12-31,20,延,Rule-generated Stage7 member for 汉朝刘氏.,False
1005406,7001,刘明,male,1746-01-01,1811-12-31,20,延,Rule-generated Stage7 member for 汉朝刘氏.,False
1005407,7001,刘清宁,female,1744-01-01,1821-12-31,20,延,Rule-generated Stage7 member for 汉朝刘氏.,False
1005408,7001,刘景安,male,1743-01-01,1824-12-31,20,延,Rule-generated Stage7 member for 汉朝刘氏.,False
1005409,7001,刘敏,female,1746-01-01,1840-12-31,20,延,Rule-generated Stage7 member for 汉朝刘氏.,False
1005410,7001,刘国伟,male,1743-01-01,1837-12-31,20,延,Rule-generated Stage7 member for 汉朝刘氏.,False
1005411,7001,刘延玉,female,1747-01-01,1807-12-31,20,延,Rule-generated Stage7 member for 汉朝刘氏.,False
1005412,7001,刘宗宗,male,1744-01-01,1833-12-31,20,延,Rule-generated Stage7 member for 汉朝刘氏.,False
1005413,7001,刘安玉,female,1744-01-01,1820-12-31,20,延,Rule-generated Stage7 member for 汉朝刘氏.,False
1005414,7001,刘延德,male,1746-01-01,1790-12-31,20,延,Rule-generated Stage7 member for 汉朝刘氏.,False
1005415,7001,刘延芳,female,1743-01-01,1780-12-31,20,延,Rule-generated Stage7 member for 汉朝刘氏.,False
1005416,7001,刘延成,male,1744-01-01,1834-12-31,20,延,Rule-generated Stage7 member for 汉朝刘氏.,False
1005417,7001,刘延慧,female,1745-01-01,1808-12-31,20,延,Rule-generated Stage7 member for 汉朝刘氏.,False
1005418,7001,刘延安,male,1741-01-01,1836-12-31,20,延,Rule-generated Stage7 member for 汉朝刘氏.,False
1005419,7001,刘清梅,female,1746-01-01,1803-12-31,20,延,Rule-generated Stage7 member for 汉朝刘氏.,False
1005420,7001,刘延成,male,1742-01-01,1817-12-31,20,延,Rule-generated Stage7 member for 汉朝刘氏.,False
1005421,7001,刘延慧,female,1742-01-01,1800-12-31,20,延,Rule-generated Stage7 member for 汉朝刘氏.,False
1005422,7001,刘明,male,1746-01-01,1838-12-31,20,延,Rule-generated Stage7 member for 汉朝刘氏.,False
1005423,7001,刘慧华,female,1741-01-01,1814-12-31,20,延,Rule-generated Stage7 member for 汉朝刘氏.,False
1005424,7001,刘明宗,male,1746-01-01,1775-12-31,20,延,Rule-generated Stage7 member for 汉朝刘氏.,False
1005425,7001,刘延兰,female,1743-01-01,1764-12-31,20,延,Rule-generated Stage7 member for 汉朝刘氏.,False
1005426,7001,刘强,male,1744-01-01,1812-12-31,20,延,Rule-generated Stage7 member for 汉朝刘氏.,False
1005427,7001,刘雅雅,female,1747-01-01,1803-12-31,20,延,Rule-generated Stage7 member for 汉朝刘氏.,False
1005428,7001,刘成世,male,1745-01-01,1847-12-31,20,延,Rule-generated Stage7 member for 汉朝刘氏.,False
1005429,7001,刘延慧,female,1744-01-01,1802-12-31,20,延,Rule-generated Stage7 member for 汉朝刘氏.,False
1005430,7001,刘延明,male,1743-01-01,1781-12-31,20,延,Rule-generated Stage7 member for 汉朝刘氏.,False
1005431,7001,刘清清,female,1743-01-01,1786-12-31,20,延,Rule-generated Stage7 member for 汉朝刘氏.,False
1005432,7001,刘延承,male,1745-01-01,1815-12-31,20,延,Rule-generated Stage7 member for 汉朝刘氏.,False
1005433,7001,刘延丽,female,1746-01-01,1780-12-31,20,延,Rule-generated Stage7 member for 汉朝刘氏.,False
1005434,7001,刘延国,male,1747-01-01,1817-12-31,20,延,Rule-generated Stage7 member for 汉朝刘氏.,False
1005435,7001,刘延华,female,1747-01-01,1808-12-31,20,延,Rule-generated Stage7 member for 汉朝刘氏.,False
1005436,7001,刘强承,male,1747-01-01,1790-12-31,20,延,Rule-generated Stage7 member for 汉朝刘氏.,False
1005437,7001,刘清兰,female,1741-01-01,1785-12-31,20,延,Rule-generated Stage7 member for 汉朝刘氏.,False
1005438,7001,刘延强,male,1741-01-01,1790-12-31,20,延,Rule-generated Stage7 member for 汉朝刘氏.,False
1005439,7001,刘延华,female,1742-01-01,1794-12-31,20,延,Rule-generated Stage7 member for 汉朝刘氏.,False
1005440,7001,刘世强,male,1741-01-01,1812-12-31,20,延,Rule-generated Stage7 member for 汉朝刘氏.,False
1005441,7001,刘延安,female,1745-01-01,1822-12-31,20,延,Rule-generated Stage7 member for 汉朝刘氏.,False
1005442,7001,刘敏,male,1741-01-01,1825-12-31,20,延,Rule-generated Stage7 member for 汉朝刘氏.,False
1005443,7001,刘延芳,female,1747-01-01,1821-12-31,20,延,Rule-generated Stage7 member for 汉朝刘氏.,False
1005444,7001,刘成宗,male,1747-01-01,1828-12-31,20,延,Rule-generated Stage7 member for 汉朝刘氏.,False
1005445,7001,刘慧慧,female,1741-01-01,1809-12-31,20,延,Rule-generated Stage7 member for 汉朝刘氏.,False
1005446,7001,刘明承,male,1745-01-01,1830-12-31,20,延,Rule-generated Stage7 member for 汉朝刘氏.,False
1005447,7001,刘敏丽,female,1746-01-01,1809-12-31,20,延,Rule-generated Stage7 member for 汉朝刘氏.,False
1005448,7001,刘延强,male,1741-01-01,1778-12-31,20,延,Rule-generated Stage7 member for 汉朝刘氏.,False
1005449,7001,刘延慧,female,1747-01-01,1848-12-31,20,延,Rule-generated Stage7 member for 汉朝刘氏.,False
1005450,7001,刘宗德,male,1744-01-01,1809-12-31,20,延,Rule-generated Stage7 member for 汉朝刘氏.,False
1005451,7001,刘敏芳,female,1744-01-01,1820-12-31,20,延,Rule-generated Stage7 member for 汉朝刘氏.,False
1005452,7001,刘延文,male,1742-01-01,1810-12-31,20,延,Rule-generated Stage7 member for 汉朝刘氏.,False
1005453,7001,刘延玉,female,1747-01-01,1791-12-31,20,延,Rule-generated Stage7 member for 汉朝刘氏.,False
1005454,7001,刘强承,male,1746-01-01,1791-12-31,20,延,Rule-generated Stage7 member for 汉朝刘氏.,False
1005455,7001,刘延安,female,1742-01-01,1818-12-31,20,延,Rule-generated Stage7 member for 汉朝刘氏.,False
1005456,7001,刘延强,male,1745-01-01,1817-12-31,20,延,Rule-generated Stage7 member for 汉朝刘氏.,False
1005457,7001,刘敏,female,1742-01-01,1819-12-31,20,延,Rule-generated Stage7 member for 汉朝刘氏.,False
1005458,7001,刘承世,male,1741-01-01,1820-12-31,20,延,Rule-generated Stage7 member for 汉朝刘氏.,False
1005459,7001,刘敏清,female,1741-01-01,1817-12-31,20,延,Rule-generated Stage7 member for 汉朝刘氏.,False
1005460,7001,刘延伟,male,1747-01-01,1803-12-31,20,延,Rule-generated Stage7 member for 汉朝刘氏.,False
1005461,7001,刘梅华,female,1745-01-01,1785-12-31,20,延,Rule-generated Stage7 member for 汉朝刘氏.,False
1005462,7001,刘延德,male,1744-01-01,1777-12-31,20,延,Rule-generated Stage7 member for 汉朝刘氏.,False
1005463,7001,刘慧梅,female,1744-01-01,1807-12-31,20,延,Rule-generated Stage7 member for 汉朝刘氏.,False
1005464,7001,刘华,male,1741-01-01,1812-12-31,20,延,Rule-generated Stage7 member for 汉朝刘氏.,False
1005465,7001,刘延梅,female,1747-01-01,1853-12-31,20,延,Rule-generated Stage7 member for 汉朝刘氏.,False
1005466,7001,刘延景,male,1741-01-01,1832-12-31,20,延,Rule-generated Stage7 member for 汉朝刘氏.,False
1005467,7001,刘华慧,female,1746-01-01,1828-12-31,20,延,Rule-generated Stage7 member for 汉朝刘氏.,False
1005468,7001,刘明,male,1747-01-01,1835-12-31,20,延,Rule-generated Stage7 member for 汉朝刘氏.,False
1005469,7001,刘延慧,female,1744-01-01,1788-12-31,20,延,Rule-generated Stage7 member for 汉朝刘氏.,False
1005470,7001,刘强,male,1741-01-01,1824-12-31,20,延,Rule-generated Stage7 member for 汉朝刘氏.,False
1005471,7001,刘宁雅,female,1747-01-01,1828-12-31,20,延,Rule-generated Stage7 member for 汉朝刘氏.,False
1005472,7001,刘延德,male,1742-01-01,1770-12-31,20,延,Rule-generated Stage7 member for 汉朝刘氏.,False
1005473,7001,刘延兰,female,1747-01-01,1825-12-31,20,延,Rule-generated Stage7 member for 汉朝刘氏.,False
1005474,7001,刘延成,male,1744-01-01,1813-12-31,20,延,Rule-generated Stage7 member for 汉朝刘氏.,False
1005475,7001,刘兰宁,female,1741-01-01,1773-12-31,20,延,Rule-generated Stage7 member for 汉朝刘氏.,False
1005476,7001,刘德德,male,1744-01-01,1830-12-31,20,延,Rule-generated Stage7 member for 汉朝刘氏.,False
1005477,7001,刘敏清,female,1745-01-01,1808-12-31,20,延,Rule-generated Stage7 member for 汉朝刘氏.,False
1005478,7001,刘承世,male,1743-01-01,1806-12-31,20,延,Rule-generated Stage7 member for 汉朝刘氏.,False
1005479,7001,刘延丽,female,1745-01-01,1837-12-31,20,延,Rule-generated Stage7 member for 汉朝刘氏.,False
1005480,7001,刘强,male,1744-01-01,1806-12-31,20,延,Rule-generated Stage7 member for 汉朝刘氏.,False
1005481,7001,刘延慧,female,1743-01-01,1787-12-31,20,延,Rule-generated Stage7 member for 汉朝刘氏.,False
1005482,7001,刘延强,male,1747-01-01,1821-12-31,20,延,Rule-generated Stage7 member for 汉朝刘氏.,False
1005483,7001,刘延玉,female,1744-01-01,1793-12-31,20,延,Rule-generated Stage7 member for 汉朝刘氏.,False
1005484,7001,刘强明,male,1744-01-01,1789-12-31,20,延,Rule-generated Stage7 member for 汉朝刘氏.,False
1005485,7001,刘延华,female,1743-01-01,1803-12-31,20,延,Rule-generated Stage7 member for 汉朝刘氏.,False
1005486,7001,刘世景,male,1742-01-01,1801-12-31,20,延,Rule-generated Stage7 member for 汉朝刘氏.,False
1005487,7001,刘玉梅,female,1742-01-01,1832-12-31,20,延,Rule-generated Stage7 member for 汉朝刘氏.,False
1005488,7001,刘明,male,1745-01-01,1813-12-31,20,延,Rule-generated Stage7 member for 汉朝刘氏.,False
1005489,7001,刘玉宁,female,1746-01-01,1781-12-31,20,延,Rule-generated Stage7 member for 汉朝刘氏.,False
1005490,7001,刘强文,male,1746-01-01,1774-12-31,20,延,Rule-generated Stage7 member for 汉朝刘氏.,False
1005491,7001,刘宁华,female,1744-01-01,1781-12-31,20,延,Rule-generated Stage7 member for 汉朝刘氏.,False
1005492,7001,刘延成,male,1746-01-01,1827-12-31,20,延,Rule-generated Stage7 member for 汉朝刘氏.,False
1005493,7001,刘延芳,female,1746-01-01,1846-12-31,20,延,Rule-generated Stage7 member for 汉朝刘氏.,False
1005494,7001,刘承承,male,1746-01-01,1798-12-31,20,延,Rule-generated Stage7 member for 汉朝刘氏.,False
1005495,7001,刘华,female,1747-01-01,1803-12-31,20,延,Rule-generated Stage7 member for 汉朝刘氏.,False
1005496,7001,刘延国,male,1747-01-01,1832-12-31,20,延,Rule-generated Stage7 member for 汉朝刘氏.,False
1005497,7001,刘延华,female,1744-01-01,1829-12-31,20,延,Rule-generated Stage7 member for 汉朝刘氏.,False
1005498,7001,刘承成,male,1746-01-01,1786-12-31,20,延,Rule-generated Stage7 member for 汉朝刘氏.,False
1005499,7001,刘华宁,female,1741-01-01,1783-12-31,20,延,Rule-generated Stage7 member for 汉朝刘氏.,False
1005500,7001,刘延宗,male,1743-01-01,1811-12-31,20,延,Rule-generated Stage7 member for 汉朝刘氏.,False
1005501,7001,刘延丽,female,1741-01-01,1837-12-31,20,延,Rule-generated Stage7 member for 汉朝刘氏.,False
1005502,7001,刘延世,male,1746-01-01,1783-12-31,20,延,Rule-generated Stage7 member for 汉朝刘氏.,False
1005503,7001,刘延兰,female,1746-01-01,1818-12-31,20,延,Rule-generated Stage7 member for 汉朝刘氏.,False
1005504,7001,刘国德,male,1741-01-01,1779-12-31,20,延,Rule-generated Stage7 member for 汉朝刘氏.,False
1005505,7001,刘延宁,female,1745-01-01,1790-12-31,20,延,Rule-generated Stage7 member for 汉朝刘氏.,False
1005506,7001,刘延世,male,1745-01-01,1814-12-31,20,延,Rule-generated Stage7 member for 汉朝刘氏.,False
1005507,7001,刘延玉,female,1743-01-01,1833-12-31,20,延,Rule-generated Stage7 member for 汉朝刘氏.,False
1005508,7001,刘德成,male,1745-01-01,1786-12-31,20,延,Rule-generated Stage7 member for 汉朝刘氏.,False
1005509,7001,刘慧芳,female,1744-01-01,1784-12-31,20,延,Rule-generated Stage7 member for 汉朝刘氏.,False
1005510,7001,刘延德,male,1743-01-01,1829-12-31,20,延,Rule-generated Stage7 member for 汉朝刘氏.,False
1005511,7001,刘强,female,1742-01-01,1774-12-31,20,延,Rule-generated Stage7 member for 汉朝刘氏.,False
1005512,7001,刘敏,male,1746-01-01,1801-12-31,20,延,Rule-generated Stage7 member for 汉朝刘氏.,False
1005513,7001,刘延雅,female,1744-01-01,1842-12-31,20,延,Rule-generated Stage7 member for 汉朝刘氏.,False
1005514,7001,刘延文,male,1747-01-01,1801-12-31,20,延,Rule-generated Stage7 member for 汉朝刘氏.,False
1005515,7001,刘明,female,1746-01-01,1800-12-31,20,延,Rule-generated Stage7 member for 汉朝刘氏.,False
1005516,7001,刘延成,male,1745-01-01,1774-12-31,20,延,Rule-generated Stage7 member for 汉朝刘氏.,False
1005517,7001,刘延兰,female,1747-01-01,1824-12-31,20,延,Rule-generated Stage7 member for 汉朝刘氏.,False
1005518,7001,刘延承,male,1747-01-01,1820-12-31,20,延,Rule-generated Stage7 member for 汉朝刘氏.,False
1005519,7001,刘延雅,female,1745-01-01,1792-12-31,20,延,Rule-generated Stage7 member for 汉朝刘氏.,False
1005520,7001,刘延强,male,1745-01-01,1777-12-31,20,延,Rule-generated Stage7 member for 汉朝刘氏.,False
1005521,7001,刘丽敏,female,1744-01-01,1785-12-31,20,延,Rule-generated Stage7 member for 汉朝刘氏.,False
1005522,7001,刘延承,male,1747-01-01,1822-12-31,20,延,Rule-generated Stage7 member for 汉朝刘氏.,False
1005523,7001,刘延安,female,1746-01-01,1821-12-31,20,延,Rule-generated Stage7 member for 汉朝刘氏.,False
1005524,7001,刘延文,male,1743-01-01,1799-12-31,20,延,Rule-generated Stage7 member for 汉朝刘氏.,False
1005525,7001,刘玉梅,female,1741-01-01,1786-12-31,20,延,Rule-generated Stage7 member for 汉朝刘氏.,False
1005526,7001,刘延宗,male,1747-01-01,1811-12-31,20,延,Rule-generated Stage7 member for 汉朝刘氏.,False
1005527,7001,刘华,female,1745-01-01,1821-12-31,20,延,Rule-generated Stage7 member for 汉朝刘氏.,False
1005528,7001,刘延国,male,1744-01-01,1817-12-31,20,延,Rule-generated Stage7 member for 汉朝刘氏.,False
1005529,7001,刘延梅,female,1742-01-01,1808-12-31,20,延,Rule-generated Stage7 member for 汉朝刘氏.,False
1005530,7001,刘延世,male,1744-01-01,1820-12-31,20,延,Rule-generated Stage7 member for 汉朝刘氏.,False
1005531,7001,刘宁芳,female,1746-01-01,1814-12-31,20,延,Rule-generated Stage7 member for 汉朝刘氏.,False
1005532,7001,刘强,male,1745-01-01,1827-12-31,20,延,Rule-generated Stage7 member for 汉朝刘氏.,False
1005533,7001,刘延梅,female,1745-01-01,1818-12-31,20,延,Rule-generated Stage7 member for 汉朝刘氏.,False
1005534,7001,刘延世,male,1747-01-01,1815-12-31,20,延,Rule-generated Stage7 member for 汉朝刘氏.,False
1005535,7001,刘华,female,1745-01-01,1849-12-31,20,延,Rule-generated Stage7 member for 汉朝刘氏.,False
1005536,7001,刘明强,male,1743-01-01,1822-12-31,20,延,Rule-generated Stage7 member for 汉朝刘氏.,False
1005537,7001,刘延梅,female,1746-01-01,1822-12-31,20,延,Rule-generated Stage7 member for 汉朝刘氏.,False
1005538,7001,刘延承,male,1741-01-01,1814-12-31,20,延,Rule-generated Stage7 member for 汉朝刘氏.,False
1005539,7001,刘延宁,female,1747-01-01,1812-12-31,20,延,Rule-generated Stage7 member for 汉朝刘氏.,False
1005540,7001,刘伟,male,1747-01-01,1818-12-31,20,延,Rule-generated Stage7 member for 汉朝刘氏.,False
1005541,7001,刘延华,female,1746-01-01,1808-12-31,20,延,Rule-generated Stage7 member for 汉朝刘氏.,False
1005542,7001,刘强,male,1745-01-01,1813-12-31,20,延,Rule-generated Stage7 member for 汉朝刘氏.,False
1005543,7001,刘延敏,female,1743-01-01,1828-12-31,20,延,Rule-generated Stage7 member for 汉朝刘氏.,False
1005544,7001,刘世成,male,1743-01-01,1827-12-31,20,延,Rule-generated Stage7 member for 汉朝刘氏.,False
1005545,7001,刘敏,female,1744-01-01,1777-12-31,20,延,Rule-generated Stage7 member for 汉朝刘氏.,False
1005546,7001,刘德承,male,1744-01-01,1809-12-31,20,延,Rule-generated Stage7 member for 汉朝刘氏.,False
1005547,7001,刘延清,female,1744-01-01,1829-12-31,20,延,Rule-generated Stage7 member for 汉朝刘氏.,False
1005548,7001,刘延景,male,1744-01-01,1822-12-31,20,延,Rule-generated Stage7 member for 汉朝刘氏.,False
1005549,7001,刘丽,female,1741-01-01,1805-12-31,20,延,Rule-generated Stage7 member for 汉朝刘氏.,False
1005550,7001,刘延明,male,1745-01-01,1825-12-31,20,延,Rule-generated Stage7 member for 汉朝刘氏.,False
1005551,7001,刘敏,female,1742-01-01,1805-12-31,20,延,Rule-generated Stage7 member for 汉朝刘氏.,False
1005552,7001,刘明安,male,1743-01-01,1823-12-31,20,延,Rule-generated Stage7 member for 汉朝刘氏.,False
1005553,7001,刘玉清,female,1742-01-01,1837-12-31,20,延,Rule-generated Stage7 member for 汉朝刘氏.,False
1005554,7001,刘延明,male,1744-01-01,1795-12-31,20,延,Rule-generated Stage7 member for 汉朝刘氏.,False
1005555,7001,刘延敏,female,1744-01-01,1802-12-31,20,延,Rule-generated Stage7 member for 汉朝刘氏.,False
1005556,7001,刘景强,male,1742-01-01,1778-12-31,20,延,Rule-generated Stage7 member for 汉朝刘氏.,False
1005557,7001,刘强,female,1747-01-01,1815-12-31,20,延,Rule-generated Stage7 member for 汉朝刘氏.,False
1005558,7001,刘成成,male,1746-01-01,1824-12-31,20,延,Rule-generated Stage7 member for 汉朝刘氏.,False
1005559,7001,刘宁安,female,1746-01-01,1793-12-31,20,延,Rule-generated Stage7 member for 汉朝刘氏.,False
1005560,7001,刘承世,male,1745-01-01,1821-12-31,20,延,Rule-generated Stage7 member for 汉朝刘氏.,False
1005561,7001,刘延梅,female,1745-01-01,1803-12-31,20,延,Rule-generated Stage7 member for 汉朝刘氏.,False
1005562,7001,刘延国,male,1745-01-01,1797-12-31,20,延,Rule-generated Stage7 member for 汉朝刘氏.,False
1005563,7001,刘延兰,female,1741-01-01,1801-12-31,20,延,Rule-generated Stage7 member for 汉朝刘氏.,False
1005564,7001,刘成文,male,1741-01-01,1844-12-31,20,延,Rule-generated Stage7 member for 汉朝刘氏.,False
1005565,7001,刘兰雅,female,1742-01-01,1797-12-31,20,延,Rule-generated Stage7 member for 汉朝刘氏.,False
1005566,7001,刘延强,male,1741-01-01,1840-12-31,20,延,Rule-generated Stage7 member for 汉朝刘氏.,False
1005567,7001,刘延宁,female,1746-01-01,1815-12-31,20,延,Rule-generated Stage7 member for 汉朝刘氏.,False
1005568,7001,刘安承,male,1742-01-01,1781-12-31,20,延,Rule-generated Stage7 member for 汉朝刘氏.,False
1005569,7001,刘延兰,female,1747-01-01,1789-12-31,20,延,Rule-generated Stage7 member for 汉朝刘氏.,False
1005570,7001,刘延安,male,1746-01-01,1832-12-31,20,延,Rule-generated Stage7 member for 汉朝刘氏.,False
1005571,7001,刘延敏,female,1745-01-01,1778-12-31,20,延,Rule-generated Stage7 member for 汉朝刘氏.,False
1005572,7001,刘延承,male,1742-01-01,1823-12-31,20,延,Rule-generated Stage7 member for 汉朝刘氏.,False
1005573,7001,刘延安,female,1744-01-01,1843-12-31,20,延,Rule-generated Stage7 member for 汉朝刘氏.,False
1005574,7001,刘延伟,male,1742-01-01,1835-12-31,20,延,Rule-generated Stage7 member for 汉朝刘氏.,False
1005575,7001,刘延华,female,1746-01-01,1805-12-31,20,延,Rule-generated Stage7 member for 汉朝刘氏.,False
1005576,7001,刘延文,male,1743-01-01,1804-12-31,20,延,Rule-generated Stage7 member for 汉朝刘氏.,False
1005577,7001,刘芳梅,female,1741-01-01,1805-12-31,20,延,Rule-generated Stage7 member for 汉朝刘氏.,False
1005578,7001,刘伟明,male,1743-01-01,1808-12-31,20,延,Rule-generated Stage7 member for 汉朝刘氏.,False
1005579,7001,刘延芳,female,1744-01-01,1806-12-31,20,延,Rule-generated Stage7 member for 汉朝刘氏.,False
1005580,7001,刘延成,male,1747-01-01,1837-12-31,20,延,Rule-generated Stage7 member for 汉朝刘氏.,False
1005581,7001,刘明,female,1746-01-01,1816-12-31,20,延,Rule-generated Stage7 member for 汉朝刘氏.,False
1005582,7001,刘文强,male,1744-01-01,1795-12-31,20,延,Rule-generated Stage7 member for 汉朝刘氏.,False
1005583,7001,刘延丽,female,1743-01-01,1803-12-31,20,延,Rule-generated Stage7 member for 汉朝刘氏.,False
1005584,7001,刘强,male,1744-01-01,1817-12-31,20,延,Rule-generated Stage7 member for 汉朝刘氏.,False
1005585,7001,刘敏华,female,1742-01-01,1780-12-31,20,延,Rule-generated Stage7 member for 汉朝刘氏.,False
1005586,7001,刘世文,male,1744-01-01,1823-12-31,20,延,Rule-generated Stage7 member for 汉朝刘氏.,False
1005587,7001,刘延慧,female,1744-01-01,1831-12-31,20,延,Rule-generated Stage7 member for 汉朝刘氏.,False
1005588,7001,刘延强,male,1741-01-01,1831-12-31,20,延,Rule-generated Stage7 member for 汉朝刘氏.,False
1005589,7001,刘延玉,female,1744-01-01,1785-12-31,20,延,Rule-generated Stage7 member for 汉朝刘氏.,False
1005590,7001,刘丽,male,1745-01-01,1819-12-31,20,延,Rule-generated Stage7 member for 汉朝刘氏.,False
1005591,7001,刘延敏,female,1741-01-01,1815-12-31,20,延,Rule-generated Stage7 member for 汉朝刘氏.,False
1005592,7001,刘延承,male,1746-01-01,1825-12-31,20,延,Rule-generated Stage7 member for 汉朝刘氏.,False
1005593,7001,刘延兰,female,1742-01-01,1833-12-31,20,延,Rule-generated Stage7 member for 汉朝刘氏.,False
1005594,7001,刘世强,male,1746-01-01,1787-12-31,20,延,Rule-generated Stage7 member for 汉朝刘氏.,False
1005595,7001,刘兰雅,female,1747-01-01,1815-12-31,20,延,Rule-generated Stage7 member for 汉朝刘氏.,False
1005596,7001,刘延德,male,1746-01-01,1799-12-31,20,延,Rule-generated Stage7 member for 汉朝刘氏.,False
1005597,7001,刘敏,female,1746-01-01,1830-12-31,20,延,Rule-generated Stage7 member for 汉朝刘氏.,False
1005598,7001,刘伟,male,1747-01-01,1791-12-31,20,延,Rule-generated Stage7 member for 汉朝刘氏.,False
1005599,7001,刘明,female,1746-01-01,1784-12-31,20,延,Rule-generated Stage7 member for 汉朝刘氏.,False
1005600,7001,刘文文,male,1747-01-01,1809-12-31,20,延,Rule-generated Stage7 member for 汉朝刘氏.,False
1005601,7001,刘玉宁,female,1746-01-01,1818-12-31,20,延,Rule-generated Stage7 member for 汉朝刘氏.,False
1005602,7001,刘德宗,male,1742-01-01,1789-12-31,20,延,Rule-generated Stage7 member for 汉朝刘氏.,False
1005603,7001,刘雅梅,female,1742-01-01,1787-12-31,20,延,Rule-generated Stage7 member for 汉朝刘氏.,False
1005604,7001,刘延国,male,1742-01-01,1796-12-31,20,延,Rule-generated Stage7 member for 汉朝刘氏.,False
1005605,7001,刘宁敏,female,1747-01-01,1813-12-31,20,延,Rule-generated Stage7 member for 汉朝刘氏.,False
1005606,7001,刘延文,male,1744-01-01,1770-12-31,20,延,Rule-generated Stage7 member for 汉朝刘氏.,False
1005607,7001,刘明,female,1747-01-01,1807-12-31,20,延,Rule-generated Stage7 member for 汉朝刘氏.,False
1005608,7001,刘延景,male,1744-01-01,1812-12-31,20,延,Rule-generated Stage7 member for 汉朝刘氏.,False
1005609,7001,刘延安,female,1742-01-01,1782-12-31,20,延,Rule-generated Stage7 member for 汉朝刘氏.,False
1005610,7001,刘伟,male,1747-01-01,1789-12-31,20,延,Rule-generated Stage7 member for 汉朝刘氏.,False
1005611,7001,刘延兰,female,1741-01-01,1804-12-31,20,延,Rule-generated Stage7 member for 汉朝刘氏.,False
1005612,7001,刘延强,male,1746-01-01,1835-12-31,20,延,Rule-generated Stage7 member for 汉朝刘氏.,False
1005613,7001,刘梅华,female,1747-01-01,1794-12-31,20,延,Rule-generated Stage7 member for 汉朝刘氏.,False
1005614,7001,刘延宗,male,1744-01-01,1808-12-31,20,延,Rule-generated Stage7 member for 汉朝刘氏.,False
1005615,7001,刘慧玉,female,1747-01-01,1809-12-31,20,延,Rule-generated Stage7 member for 汉朝刘氏.,False
1005616,7001,刘延明,male,1744-01-01,1775-12-31,20,延,Rule-generated Stage7 member for 汉朝刘氏.,False
1005617,7001,刘延华,female,1742-01-01,1792-12-31,20,延,Rule-generated Stage7 member for 汉朝刘氏.,False
1005618,7001,刘国安,male,1744-01-01,1805-12-31,20,延,Rule-generated Stage7 member for 汉朝刘氏.,False
1005619,7001,刘延华,female,1747-01-01,1823-12-31,20,延,Rule-generated Stage7 member for 汉朝刘氏.,False
1005620,7001,刘宗安,male,1743-01-01,1782-12-31,20,延,Rule-generated Stage7 member for 汉朝刘氏.,False
1005621,7001,刘延清,female,1744-01-01,1831-12-31,20,延,Rule-generated Stage7 member for 汉朝刘氏.,False
1005622,7001,刘延国,male,1746-01-01,1840-12-31,20,延,Rule-generated Stage7 member for 汉朝刘氏.,False
1005623,7001,刘延芳,female,1744-01-01,1808-12-31,20,延,Rule-generated Stage7 member for 汉朝刘氏.,False
1005624,7001,刘承明,male,1744-01-01,1793-12-31,20,延,Rule-generated Stage7 member for 汉朝刘氏.,False
1005625,7001,刘延清,female,1744-01-01,1775-12-31,20,延,Rule-generated Stage7 member for 汉朝刘氏.,False
1005626,7001,刘延世,male,1743-01-01,1816-12-31,20,延,Rule-generated Stage7 member for 汉朝刘氏.,False
1005627,7001,刘延兰,female,1744-01-01,1801-12-31,20,延,Rule-generated Stage7 member for 汉朝刘氏.,False
1005628,7001,刘丽,male,1744-01-01,1819-12-31,20,延,Rule-generated Stage7 member for 汉朝刘氏.,False
1005629,7001,刘延清,female,1746-01-01,1828-12-31,20,延,Rule-generated Stage7 member for 汉朝刘氏.,False
1005630,7001,刘延安,male,1747-01-01,1837-12-31,20,延,Rule-generated Stage7 member for 汉朝刘氏.,False
1005631,7001,刘敏,female,1741-01-01,1760-12-31,20,延,Rule-generated Stage7 member for 汉朝刘氏.,False
1005632,7001,刘文德,male,1742-01-01,1839-12-31,20,延,Rule-generated Stage7 member for 汉朝刘氏.,False
1005633,7001,刘延宁,female,1741-01-01,1847-12-31,20,延,Rule-generated Stage7 member for 汉朝刘氏.,False
1005634,7001,刘强,male,1746-01-01,1791-12-31,20,延,Rule-generated Stage7 member for 汉朝刘氏.,False
1005635,7001,刘延华,female,1742-01-01,1789-12-31,20,延,Rule-generated Stage7 member for 汉朝刘氏.,False
1005636,7001,刘明,male,1747-01-01,1841-12-31,20,延,Rule-generated Stage7 member for 汉朝刘氏.,False
1005637,7001,刘延雅,female,1747-01-01,1812-12-31,20,延,Rule-generated Stage7 member for 汉朝刘氏.,False
1005638,7001,刘德强,male,1744-01-01,1816-12-31,20,延,Rule-generated Stage7 member for 汉朝刘氏.,False
1005639,7001,刘芳慧,female,1745-01-01,1851-12-31,20,延,Rule-generated Stage7 member for 汉朝刘氏.,False
1005640,7001,刘安明,male,1746-01-01,1800-12-31,20,延,Rule-generated Stage7 member for 汉朝刘氏.,False
1005641,7001,刘华,female,1743-01-01,1848-12-31,20,延,Rule-generated Stage7 member for 汉朝刘氏.,False
1005642,7001,刘承强,male,1741-01-01,1804-12-31,20,延,Rule-generated Stage7 member for 汉朝刘氏.,False
1005643,7001,刘延敏,female,1746-01-01,1804-12-31,20,延,Rule-generated Stage7 member for 汉朝刘氏.,False
1005644,7001,刘华,male,1745-01-01,1800-12-31,20,延,Rule-generated Stage7 member for 汉朝刘氏.,False
1005645,7001,刘延慧,female,1747-01-01,1824-12-31,20,延,Rule-generated Stage7 member for 汉朝刘氏.,False
1005646,7001,刘延安,male,1741-01-01,1814-12-31,20,延,Rule-generated Stage7 member for 汉朝刘氏.,False
1005647,7001,刘华慧,female,1743-01-01,1791-12-31,20,延,Rule-generated Stage7 member for 汉朝刘氏.,False
1005648,7001,刘伟,male,1743-01-01,1814-12-31,20,延,Rule-generated Stage7 member for 汉朝刘氏.,False
1005649,7001,刘延清,female,1745-01-01,1820-12-31,20,延,Rule-generated Stage7 member for 汉朝刘氏.,False
1005650,7001,刘延成,male,1746-01-01,1820-12-31,20,延,Rule-generated Stage7 member for 汉朝刘氏.,False
1005651,7001,刘延芳,female,1746-01-01,1802-12-31,20,延,Rule-generated Stage7 member for 汉朝刘氏.,False
1005652,7001,刘延宗,male,1744-01-01,1811-12-31,20,延,Rule-generated Stage7 member for 汉朝刘氏.,False
1005653,7001,刘延梅,female,1744-01-01,1809-12-31,20,延,Rule-generated Stage7 member for 汉朝刘氏.,False
1005654,7001,刘华,male,1746-01-01,1812-12-31,20,延,Rule-generated Stage7 member for 汉朝刘氏.,False
1005655,7001,刘延雅,female,1747-01-01,1774-12-31,20,延,Rule-generated Stage7 member for 汉朝刘氏.,False
1005656,7001,刘延宗,male,1744-01-01,1838-12-31,20,延,Rule-generated Stage7 member for 汉朝刘氏.,False
1005657,7001,刘玉芳,female,1741-01-01,1808-12-31,20,延,Rule-generated Stage7 member for 汉朝刘氏.,False
1005658,7001,刘伟明,male,1744-01-01,1838-12-31,20,延,Rule-generated Stage7 member for 汉朝刘氏.,False
1005659,7001,刘延梅,female,1745-01-01,1828-12-31,20,延,Rule-generated Stage7 member for 汉朝刘氏.,False
1005660,7001,刘延承,male,1746-01-01,1772-12-31,20,延,Rule-generated Stage7 member for 汉朝刘氏.,False
1005661,7001,刘丽,female,1745-01-01,1817-12-31,20,延,Rule-generated Stage7 member for 汉朝刘氏.,False
1005662,7001,刘延景,male,1742-01-01,1848-12-31,20,延,Rule-generated Stage7 member for 汉朝刘氏.,False
1005663,7001,刘延慧,female,1741-01-01,1799-12-31,20,延,Rule-generated Stage7 member for 汉朝刘氏.,False
1005664,7001,刘明,male,1745-01-01,1832-12-31,20,延,Rule-generated Stage7 member for 汉朝刘氏.,False
1005665,7001,刘清敏,female,1743-01-01,1823-12-31,20,延,Rule-generated Stage7 member for 汉朝刘氏.,False
1005666,7001,刘延国,male,1743-01-01,1786-12-31,20,延,Rule-generated Stage7 member for 汉朝刘氏.,False
1005667,7001,刘延芳,female,1746-01-01,1815-12-31,20,延,Rule-generated Stage7 member for 汉朝刘氏.,False
1005668,7001,刘延强,male,1741-01-01,1815-12-31,20,延,Rule-generated Stage7 member for 汉朝刘氏.,False
1005669,7001,刘延慧,female,1743-01-01,1798-12-31,20,延,Rule-generated Stage7 member for 汉朝刘氏.,False
1005670,7001,刘延国,male,1745-01-01,1782-12-31,20,延,Rule-generated Stage7 member for 汉朝刘氏.,False
1005671,7001,刘清雅,female,1746-01-01,1793-12-31,20,延,Rule-generated Stage7 member for 汉朝刘氏.,False
1005672,7001,刘文宗,male,1743-01-01,1816-12-31,20,延,Rule-generated Stage7 member for 汉朝刘氏.,False
1005673,7001,刘延兰,female,1745-01-01,1792-12-31,20,延,Rule-generated Stage7 member for 汉朝刘氏.,False
1005674,7001,刘延伟,male,1744-01-01,1831-12-31,20,延,Rule-generated Stage7 member for 汉朝刘氏.,False
1005675,7001,刘明,female,1741-01-01,1809-12-31,20,延,Rule-generated Stage7 member for 汉朝刘氏.,False
1005676,7001,刘成安,male,1745-01-01,1823-12-31,20,延,Rule-generated Stage7 member for 汉朝刘氏.,False
1005677,7001,刘清玉,female,1744-01-01,1777-12-31,20,延,Rule-generated Stage7 member for 汉朝刘氏.,False
1005678,7001,刘延德,male,1747-01-01,1852-12-31,20,延,Rule-generated Stage7 member for 汉朝刘氏.,False
1005679,7001,刘华玉,female,1745-01-01,1840-12-31,20,延,Rule-generated Stage7 member for 汉朝刘氏.,False
1005680,7001,刘文成,male,1746-01-01,1792-12-31,20,延,Rule-generated Stage7 member for 汉朝刘氏.,False
1005681,7001,刘梅丽,female,1747-01-01,1796-12-31,20,延,Rule-generated Stage7 member for 汉朝刘氏.,False
1005682,7001,刘延强,male,1743-01-01,1842-12-31,20,延,Rule-generated Stage7 member for 汉朝刘氏.,False
1005683,7001,刘延慧,female,1741-01-01,1797-12-31,20,延,Rule-generated Stage7 member for 汉朝刘氏.,False
1005684,7001,刘延世,male,1746-01-01,1801-12-31,20,延,Rule-generated Stage7 member for 汉朝刘氏.,False
1005685,7001,刘延清,female,1744-01-01,1850-12-31,20,延,Rule-generated Stage7 member for 汉朝刘氏.,False
1005686,7001,刘延明,male,1747-01-01,1815-12-31,20,延,Rule-generated Stage7 member for 汉朝刘氏.,False
1005687,7001,刘延芳,female,1746-01-01,1779-12-31,20,延,Rule-generated Stage7 member for 汉朝刘氏.,False
1005688,7001,刘国世,male,1747-01-01,1810-12-31,20,延,Rule-generated Stage7 member for 汉朝刘氏.,False
1005689,7001,刘延芳,female,1747-01-01,1819-12-31,20,延,Rule-generated Stage7 member for 汉朝刘氏.,False
1005690,7001,刘德明,male,1746-01-01,1849-12-31,20,延,Rule-generated Stage7 member for 汉朝刘氏.,False
1005691,7001,刘延玉,female,1743-01-01,1787-12-31,20,延,Rule-generated Stage7 member for 汉朝刘氏.,False
1005692,7001,刘延承,male,1743-01-01,1819-12-31,20,延,Rule-generated Stage7 member for 汉朝刘氏.,False
1005693,7001,刘延兰,female,1746-01-01,1837-12-31,20,延,Rule-generated Stage7 member for 汉朝刘氏.,False
1005694,7001,刘延宗,male,1747-01-01,1771-12-31,20,延,Rule-generated Stage7 member for 汉朝刘氏.,False
1005695,7001,刘延宁,female,1747-01-01,1838-12-31,20,延,Rule-generated Stage7 member for 汉朝刘氏.,False
1005696,7001,刘敏,male,1742-01-01,1801-12-31,20,延,Rule-generated Stage7 member for 汉朝刘氏.,False
1005697,7001,刘延慧,female,1744-01-01,1792-12-31,20,延,Rule-generated Stage7 member for 汉朝刘氏.,False
1005698,7001,刘宗伟,male,1766-01-01,1870-12-31,21,德,Rule-generated Stage7 member for 汉朝刘氏.,False
1005699,7001,刘伟,female,1763-01-01,1841-12-31,21,德,Rule-generated Stage7 member for 汉朝刘氏.,False
1005700,7001,刘德德,male,1769-01-01,1828-12-31,21,德,Rule-generated Stage7 member for 汉朝刘氏.,False
1005701,7001,刘德宁,female,1768-01-01,1829-12-31,21,德,Rule-generated Stage7 member for 汉朝刘氏.,False
1005702,7001,刘国强,male,1767-01-01,1844-12-31,21,德,Rule-generated Stage7 member for 汉朝刘氏.,False
1005703,7001,刘德清,female,1767-01-01,1820-12-31,21,德,Rule-generated Stage7 member for 汉朝刘氏.,False
1005704,7001,刘德强,male,1767-01-01,1859-12-31,21,德,Rule-generated Stage7 member for 汉朝刘氏.,False
1005705,7001,刘宁宁,female,1763-01-01,1803-12-31,21,德,Rule-generated Stage7 member for 汉朝刘氏.,False
1005706,7001,刘安世,male,1767-01-01,1853-12-31,21,德,Rule-generated Stage7 member for 汉朝刘氏.,False
1005707,7001,刘德安,female,1769-01-01,1825-12-31,21,德,Rule-generated Stage7 member for 汉朝刘氏.,False
1005708,7001,刘德宗,male,1765-01-01,1854-12-31,21,德,Rule-generated Stage7 member for 汉朝刘氏.,False
1005709,7001,刘德宁,female,1763-01-01,1808-12-31,21,德,Rule-generated Stage7 member for 汉朝刘氏.,False
1005710,7001,刘伟国,male,1765-01-01,1823-12-31,21,德,Rule-generated Stage7 member for 汉朝刘氏.,False
1005711,7001,刘雅丽,female,1768-01-01,1870-12-31,21,德,Rule-generated Stage7 member for 汉朝刘氏.,False
1005712,7001,刘德强,male,1769-01-01,1834-12-31,21,德,Rule-generated Stage7 member for 汉朝刘氏.,False
1005713,7001,刘德丽,female,1765-01-01,1795-12-31,21,德,Rule-generated Stage7 member for 汉朝刘氏.,False
1005714,7001,刘安宗,male,1766-01-01,1794-12-31,21,德,Rule-generated Stage7 member for 汉朝刘氏.,False
1005715,7001,刘安芳,female,1765-01-01,1828-12-31,21,德,Rule-generated Stage7 member for 汉朝刘氏.,False
1005716,7001,刘丽,male,1769-01-01,1845-12-31,21,德,Rule-generated Stage7 member for 汉朝刘氏.,False
1005717,7001,刘德梅,female,1765-01-01,1838-12-31,21,德,Rule-generated Stage7 member for 汉朝刘氏.,False
1005718,7001,刘德德,male,1768-01-01,1838-12-31,21,德,Rule-generated Stage7 member for 汉朝刘氏.,False
1005719,7001,刘德雅,female,1763-01-01,1829-12-31,21,德,Rule-generated Stage7 member for 汉朝刘氏.,False
1005720,7001,刘伟德,male,1767-01-01,1838-12-31,21,德,Rule-generated Stage7 member for 汉朝刘氏.,False
1005721,7001,刘德梅,female,1769-01-01,1800-12-31,21,德,Rule-generated Stage7 member for 汉朝刘氏.,False
1005722,7001,刘德明,male,1764-01-01,1854-12-31,21,德,Rule-generated Stage7 member for 汉朝刘氏.,False
1005723,7001,刘芳丽,female,1769-01-01,1852-12-31,21,德,Rule-generated Stage7 member for 汉朝刘氏.,False
1005724,7001,刘德伟,male,1766-01-01,1836-12-31,21,德,Rule-generated Stage7 member for 汉朝刘氏.,False
1005725,7001,刘兰敏,female,1767-01-01,1844-12-31,21,德,Rule-generated Stage7 member for 汉朝刘氏.,False
1005726,7001,刘德强,male,1766-01-01,1820-12-31,21,德,Rule-generated Stage7 member for 汉朝刘氏.,False
1005727,7001,刘丽宁,female,1769-01-01,1871-12-31,21,德,Rule-generated Stage7 member for 汉朝刘氏.,False
1005728,7001,刘成强,male,1767-01-01,1826-12-31,21,德,Rule-generated Stage7 member for 汉朝刘氏.,False
1005729,7001,刘强,female,1767-01-01,1838-12-31,21,德,Rule-generated Stage7 member for 汉朝刘氏.,False
1005730,7001,刘明国,male,1769-01-01,1811-12-31,21,德,Rule-generated Stage7 member for 汉朝刘氏.,False
1005731,7001,刘德慧,female,1768-01-01,1835-12-31,21,德,Rule-generated Stage7 member for 汉朝刘氏.,False
1005732,7001,刘德强,male,1763-01-01,1801-12-31,21,德,Rule-generated Stage7 member for 汉朝刘氏.,False
1005733,7001,刘敏安,female,1765-01-01,1853-12-31,21,德,Rule-generated Stage7 member for 汉朝刘氏.,False
1005734,7001,刘德承,male,1765-01-01,1837-12-31,21,德,Rule-generated Stage7 member for 汉朝刘氏.,False
1005735,7001,刘强,female,1764-01-01,1818-12-31,21,德,Rule-generated Stage7 member for 汉朝刘氏.,False
1005736,7001,刘德强,male,1766-01-01,1826-12-31,21,德,Rule-generated Stage7 member for 汉朝刘氏.,False
1005737,7001,刘德雅,female,1765-01-01,1856-12-31,21,德,Rule-generated Stage7 member for 汉朝刘氏.,False
1005738,7001,刘丽,male,1769-01-01,1834-12-31,21,德,Rule-generated Stage7 member for 汉朝刘氏.,False
1005739,7001,刘德梅,female,1765-01-01,1823-12-31,21,德,Rule-generated Stage7 member for 汉朝刘氏.,False
1005740,7001,刘德安,male,1768-01-01,1858-12-31,21,德,Rule-generated Stage7 member for 汉朝刘氏.,False
1005741,7001,刘慧敏,female,1765-01-01,1822-12-31,21,德,Rule-generated Stage7 member for 汉朝刘氏.,False
1005742,7001,刘伟,male,1766-01-01,1803-12-31,21,德,Rule-generated Stage7 member for 汉朝刘氏.,False
1005743,7001,刘德华,female,1767-01-01,1849-12-31,21,德,Rule-generated Stage7 member for 汉朝刘氏.,False
1005744,7001,刘德伟,male,1763-01-01,1830-12-31,21,德,Rule-generated Stage7 member for 汉朝刘氏.,False
1005745,7001,刘玉丽,female,1763-01-01,1816-12-31,21,德,Rule-generated Stage7 member for 汉朝刘氏.,False
1005746,7001,刘德景,male,1764-01-01,1823-12-31,21,德,Rule-generated Stage7 member for 汉朝刘氏.,False
1005747,7001,刘德慧,female,1765-01-01,1833-12-31,21,德,Rule-generated Stage7 member for 汉朝刘氏.,False
1005748,7001,刘德强,male,1769-01-01,1849-12-31,21,德,Rule-generated Stage7 member for 汉朝刘氏.,False
1005749,7001,刘德丽,female,1764-01-01,1819-12-31,21,德,Rule-generated Stage7 member for 汉朝刘氏.,False
1005750,7001,刘德世,male,1764-01-01,1845-12-31,21,德,Rule-generated Stage7 member for 汉朝刘氏.,False
1005751,7001,刘丽慧,female,1764-01-01,1848-12-31,21,德,Rule-generated Stage7 member for 汉朝刘氏.,False
1005752,7001,刘德德,male,1764-01-01,1810-12-31,21,德,Rule-generated Stage7 member for 汉朝刘氏.,False
1005753,7001,刘强,female,1767-01-01,1820-12-31,21,德,Rule-generated Stage7 member for 汉朝刘氏.,False
1005754,7001,刘德成,male,1768-01-01,1839-12-31,21,德,Rule-generated Stage7 member for 汉朝刘氏.,False
1005755,7001,刘德安,female,1765-01-01,1805-12-31,21,德,Rule-generated Stage7 member for 汉朝刘氏.,False
1005756,7001,刘国景,male,1768-01-01,1830-12-31,21,德,Rule-generated Stage7 member for 汉朝刘氏.,False
1005757,7001,刘梅玉,female,1768-01-01,1825-12-31,21,德,Rule-generated Stage7 member for 汉朝刘氏.,False
1005758,7001,刘德国,male,1766-01-01,1831-12-31,21,德,Rule-generated Stage7 member for 汉朝刘氏.,False
1005759,7001,刘德丽,female,1769-01-01,1856-12-31,21,德,Rule-generated Stage7 member for 汉朝刘氏.,False
1005760,7001,刘德安,male,1766-01-01,1829-12-31,21,德,Rule-generated Stage7 member for 汉朝刘氏.,False
1005761,7001,刘芳雅,female,1768-01-01,1846-12-31,21,德,Rule-generated Stage7 member for 汉朝刘氏.,False
1005762,7001,刘德景,male,1767-01-01,1860-12-31,21,德,Rule-generated Stage7 member for 汉朝刘氏.,False
1005763,7001,刘敏,female,1767-01-01,1852-12-31,21,德,Rule-generated Stage7 member for 汉朝刘氏.,False
1005764,7001,刘德强,male,1763-01-01,1834-12-31,21,德,Rule-generated Stage7 member for 汉朝刘氏.,False
1005765,7001,刘德慧,female,1764-01-01,1796-12-31,21,德,Rule-generated Stage7 member for 汉朝刘氏.,False
1005766,7001,刘德强,male,1769-01-01,1814-12-31,21,德,Rule-generated Stage7 member for 汉朝刘氏.,False
1005767,7001,刘兰敏,female,1763-01-01,1818-12-31,21,德,Rule-generated Stage7 member for 汉朝刘氏.,False
1005768,7001,刘伟强,male,1765-01-01,1820-12-31,21,德,Rule-generated Stage7 member for 汉朝刘氏.,False
1005769,7001,刘伟,female,1766-01-01,1808-12-31,21,德,Rule-generated Stage7 member for 汉朝刘氏.,False
1005770,7001,刘文伟,male,1769-01-01,1839-12-31,21,德,Rule-generated Stage7 member for 汉朝刘氏.,False
1005771,7001,刘德敏,female,1767-01-01,1828-12-31,21,德,Rule-generated Stage7 member for 汉朝刘氏.,False
1005772,7001,刘德安,male,1768-01-01,1819-12-31,21,德,Rule-generated Stage7 member for 汉朝刘氏.,False
1005773,7001,刘德雅,female,1766-01-01,1818-12-31,21,德,Rule-generated Stage7 member for 汉朝刘氏.,False
1005774,7001,刘德成,male,1765-01-01,1824-12-31,21,德,Rule-generated Stage7 member for 汉朝刘氏.,False
1005775,7001,刘德丽,female,1767-01-01,1862-12-31,21,德,Rule-generated Stage7 member for 汉朝刘氏.,False
1005776,7001,刘国安,male,1768-01-01,1862-12-31,21,德,Rule-generated Stage7 member for 汉朝刘氏.,False
1005777,7001,刘梅宁,female,1768-01-01,1814-12-31,21,德,Rule-generated Stage7 member for 汉朝刘氏.,False
1005778,7001,刘德明,male,1766-01-01,1849-12-31,21,德,Rule-generated Stage7 member for 汉朝刘氏.,False
1005779,7001,刘德兰,female,1768-01-01,1847-12-31,21,德,Rule-generated Stage7 member for 汉朝刘氏.,False
1005780,7001,刘明景,male,1767-01-01,1846-12-31,21,德,Rule-generated Stage7 member for 汉朝刘氏.,False
1005781,7001,刘敏,female,1769-01-01,1809-12-31,21,德,Rule-generated Stage7 member for 汉朝刘氏.,False
1005782,7001,刘德安,male,1764-01-01,1829-12-31,21,德,Rule-generated Stage7 member for 汉朝刘氏.,False
1005783,7001,刘德敏,female,1763-01-01,1837-12-31,21,德,Rule-generated Stage7 member for 汉朝刘氏.,False
1005784,7001,刘德安,male,1766-01-01,1829-12-31,21,德,Rule-generated Stage7 member for 汉朝刘氏.,False
1005785,7001,刘宁兰,female,1769-01-01,1817-12-31,21,德,Rule-generated Stage7 member for 汉朝刘氏.,False
1005786,7001,刘德成,male,1766-01-01,1816-12-31,21,德,Rule-generated Stage7 member for 汉朝刘氏.,False
1005787,7001,刘德慧,female,1768-01-01,1850-12-31,21,德,Rule-generated Stage7 member for 汉朝刘氏.,False
1005788,7001,刘德承,male,1764-01-01,1823-12-31,21,德,Rule-generated Stage7 member for 汉朝刘氏.,False
1005789,7001,刘兰梅,female,1769-01-01,1824-12-31,21,德,Rule-generated Stage7 member for 汉朝刘氏.,False
1005790,7001,刘德承,male,1768-01-01,1838-12-31,21,德,Rule-generated Stage7 member for 汉朝刘氏.,False
1005791,7001,刘梅安,female,1763-01-01,1815-12-31,21,德,Rule-generated Stage7 member for 汉朝刘氏.,False
1005792,7001,刘德文,male,1765-01-01,1814-12-31,21,德,Rule-generated Stage7 member for 汉朝刘氏.,False
1005793,7001,刘德梅,female,1768-01-01,1808-12-31,21,德,Rule-generated Stage7 member for 汉朝刘氏.,False
1005794,7001,刘德宗,male,1765-01-01,1832-12-31,21,德,Rule-generated Stage7 member for 汉朝刘氏.,False
1005795,7001,刘芳兰,female,1768-01-01,1828-12-31,21,德,Rule-generated Stage7 member for 汉朝刘氏.,False
1005796,7001,刘安国,male,1765-01-01,1844-12-31,21,德,Rule-generated Stage7 member for 汉朝刘氏.,False
1005797,7001,刘丽,female,1766-01-01,1813-12-31,21,德,Rule-generated Stage7 member for 汉朝刘氏.,False
1005798,7001,刘德国,male,1764-01-01,1825-12-31,21,德,Rule-generated Stage7 member for 汉朝刘氏.,False
1005799,7001,刘德玉,female,1765-01-01,1831-12-31,21,德,Rule-generated Stage7 member for 汉朝刘氏.,False
1005800,7001,刘德承,male,1765-01-01,1828-12-31,21,德,Rule-generated Stage7 member for 汉朝刘氏.,False
1005801,7001,刘丽慧,female,1769-01-01,1848-12-31,21,德,Rule-generated Stage7 member for 汉朝刘氏.,False
1005802,7001,刘德明,male,1764-01-01,1837-12-31,21,德,Rule-generated Stage7 member for 汉朝刘氏.,False
1005803,7001,刘清梅,female,1763-01-01,1823-12-31,21,德,Rule-generated Stage7 member for 汉朝刘氏.,False
1005804,7001,刘德国,male,1767-01-01,1792-12-31,21,德,Rule-generated Stage7 member for 汉朝刘氏.,False
1005805,7001,刘德安,female,1767-01-01,1838-12-31,21,德,Rule-generated Stage7 member for 汉朝刘氏.,False
1005806,7001,刘伟国,male,1764-01-01,1869-12-31,21,德,Rule-generated Stage7 member for 汉朝刘氏.,False
1005807,7001,刘德敏,female,1768-01-01,1851-12-31,21,德,Rule-generated Stage7 member for 汉朝刘氏.,False
1005808,7001,刘德世,male,1769-01-01,1822-12-31,21,德,Rule-generated Stage7 member for 汉朝刘氏.,False
1005809,7001,刘德华,female,1765-01-01,1838-12-31,21,德,Rule-generated Stage7 member for 汉朝刘氏.,False
1005810,7001,刘德宗,male,1763-01-01,1816-12-31,21,德,Rule-generated Stage7 member for 汉朝刘氏.,False
1005811,7001,刘德安,female,1764-01-01,1854-12-31,21,德,Rule-generated Stage7 member for 汉朝刘氏.,False
1005812,7001,刘国国,male,1767-01-01,1806-12-31,21,德,Rule-generated Stage7 member for 汉朝刘氏.,False
1005813,7001,刘德敏,female,1764-01-01,1826-12-31,21,德,Rule-generated Stage7 member for 汉朝刘氏.,False
1005814,7001,刘德明,male,1769-01-01,1846-12-31,21,德,Rule-generated Stage7 member for 汉朝刘氏.,False
1005815,7001,刘德芳,female,1767-01-01,1842-12-31,21,德,Rule-generated Stage7 member for 汉朝刘氏.,False
1005816,7001,刘德景,male,1769-01-01,1831-12-31,21,德,Rule-generated Stage7 member for 汉朝刘氏.,False
1005817,7001,刘德芳,female,1768-01-01,1834-12-31,21,德,Rule-generated Stage7 member for 汉朝刘氏.,False
1005818,7001,刘强明,male,1765-01-01,1840-12-31,21,德,Rule-generated Stage7 member for 汉朝刘氏.,False
1005819,7001,刘宁丽,female,1767-01-01,1845-12-31,21,德,Rule-generated Stage7 member for 汉朝刘氏.,False
1005820,7001,刘德景,male,1764-01-01,1798-12-31,21,德,Rule-generated Stage7 member for 汉朝刘氏.,False
1005821,7001,刘德兰,female,1767-01-01,1800-12-31,21,德,Rule-generated Stage7 member for 汉朝刘氏.,False
1005822,7001,刘德世,male,1769-01-01,1834-12-31,21,德,Rule-generated Stage7 member for 汉朝刘氏.,False
1005823,7001,刘强,female,1768-01-01,1854-12-31,21,德,Rule-generated Stage7 member for 汉朝刘氏.,False
1005824,7001,刘德强,male,1769-01-01,1870-12-31,21,德,Rule-generated Stage7 member for 汉朝刘氏.,False
1005825,7001,刘德芳,female,1765-01-01,1853-12-31,21,德,Rule-generated Stage7 member for 汉朝刘氏.,False
1005826,7001,刘德安,male,1763-01-01,1816-12-31,21,德,Rule-generated Stage7 member for 汉朝刘氏.,False
1005827,7001,刘玉安,female,1764-01-01,1865-12-31,21,德,Rule-generated Stage7 member for 汉朝刘氏.,False
1005828,7001,刘丽,male,1763-01-01,1840-12-31,21,德,Rule-generated Stage7 member for 汉朝刘氏.,False
1005829,7001,刘德玉,female,1763-01-01,1817-12-31,21,德,Rule-generated Stage7 member for 汉朝刘氏.,False
1005830,7001,刘德伟,male,1764-01-01,1803-12-31,21,德,Rule-generated Stage7 member for 汉朝刘氏.,False
1005831,7001,刘伟,female,1769-01-01,1866-12-31,21,德,Rule-generated Stage7 member for 汉朝刘氏.,False
1005832,7001,刘宗景,male,1767-01-01,1837-12-31,21,德,Rule-generated Stage7 member for 汉朝刘氏.,False
1005833,7001,刘德敏,female,1767-01-01,1828-12-31,21,德,Rule-generated Stage7 member for 汉朝刘氏.,False
1005834,7001,刘明世,male,1768-01-01,1815-12-31,21,德,Rule-generated Stage7 member for 汉朝刘氏.,False
1005835,7001,刘明,female,1766-01-01,1844-12-31,21,德,Rule-generated Stage7 member for 汉朝刘氏.,False
1005836,7001,刘德伟,male,1764-01-01,1831-12-31,21,德,Rule-generated Stage7 member for 汉朝刘氏.,False
1005837,7001,刘德宁,female,1768-01-01,1830-12-31,21,德,Rule-generated Stage7 member for 汉朝刘氏.,False
1005838,7001,刘德国,male,1763-01-01,1827-12-31,21,德,Rule-generated Stage7 member for 汉朝刘氏.,False
1005839,7001,刘华梅,female,1763-01-01,1850-12-31,21,德,Rule-generated Stage7 member for 汉朝刘氏.,False
1005840,7001,刘德明,male,1767-01-01,1825-12-31,21,德,Rule-generated Stage7 member for 汉朝刘氏.,False
1005841,7001,刘强,female,1764-01-01,1863-12-31,21,德,Rule-generated Stage7 member for 汉朝刘氏.,False
1005842,7001,刘世伟,male,1769-01-01,1824-12-31,21,德,Rule-generated Stage7 member for 汉朝刘氏.,False
1005843,7001,刘德兰,female,1769-01-01,1847-12-31,21,德,Rule-generated Stage7 member for 汉朝刘氏.,False
1005844,7001,刘德强,male,1767-01-01,1861-12-31,21,德,Rule-generated Stage7 member for 汉朝刘氏.,False
1005845,7001,刘德兰,female,1765-01-01,1839-12-31,21,德,Rule-generated Stage7 member for 汉朝刘氏.,False
1005846,7001,刘德强,male,1763-01-01,1841-12-31,21,德,Rule-generated Stage7 member for 汉朝刘氏.,False
1005847,7001,刘安清,female,1764-01-01,1837-12-31,21,德,Rule-generated Stage7 member for 汉朝刘氏.,False
1005848,7001,刘成安,male,1765-01-01,1818-12-31,21,德,Rule-generated Stage7 member for 汉朝刘氏.,False
1005849,7001,刘敏丽,female,1766-01-01,1825-12-31,21,德,Rule-generated Stage7 member for 汉朝刘氏.,False
1005850,7001,刘德伟,male,1767-01-01,1828-12-31,21,德,Rule-generated Stage7 member for 汉朝刘氏.,False
1005851,7001,刘德雅,female,1763-01-01,1830-12-31,21,德,Rule-generated Stage7 member for 汉朝刘氏.,False
1005852,7001,刘德伟,male,1768-01-01,1853-12-31,21,德,Rule-generated Stage7 member for 汉朝刘氏.,False
1005853,7001,刘丽安,female,1763-01-01,1835-12-31,21,德,Rule-generated Stage7 member for 汉朝刘氏.,False
1005854,7001,刘德明,male,1768-01-01,1842-12-31,21,德,Rule-generated Stage7 member for 汉朝刘氏.,False
1005855,7001,刘德慧,female,1767-01-01,1861-12-31,21,德,Rule-generated Stage7 member for 汉朝刘氏.,False
1005856,7001,刘德德,male,1767-01-01,1839-12-31,21,德,Rule-generated Stage7 member for 汉朝刘氏.,False
1005857,7001,刘伟,female,1764-01-01,1832-12-31,21,德,Rule-generated Stage7 member for 汉朝刘氏.,False
1005858,7001,刘德承,male,1766-01-01,1844-12-31,21,德,Rule-generated Stage7 member for 汉朝刘氏.,False
1005859,7001,刘德梅,female,1768-01-01,1834-12-31,21,德,Rule-generated Stage7 member for 汉朝刘氏.,False
1005860,7001,刘德承,male,1765-01-01,1822-12-31,21,德,Rule-generated Stage7 member for 汉朝刘氏.,False
1005861,7001,刘敏,female,1768-01-01,1836-12-31,21,德,Rule-generated Stage7 member for 汉朝刘氏.,False
1005862,7001,刘德强,male,1767-01-01,1834-12-31,21,德,Rule-generated Stage7 member for 汉朝刘氏.,False
1005863,7001,刘丽敏,female,1763-01-01,1821-12-31,21,德,Rule-generated Stage7 member for 汉朝刘氏.,False
1005864,7001,刘德景,male,1764-01-01,1840-12-31,21,德,Rule-generated Stage7 member for 汉朝刘氏.,False
1005865,7001,刘华玉,female,1766-01-01,1827-12-31,21,德,Rule-generated Stage7 member for 汉朝刘氏.,False
1005866,7001,刘德文,male,1766-01-01,1839-12-31,21,德,Rule-generated Stage7 member for 汉朝刘氏.,False
1005867,7001,刘德雅,female,1767-01-01,1833-12-31,21,德,Rule-generated Stage7 member for 汉朝刘氏.,False
1005868,7001,刘德景,male,1764-01-01,1819-12-31,21,德,Rule-generated Stage7 member for 汉朝刘氏.,False
1005869,7001,刘德慧,female,1764-01-01,1822-12-31,21,德,Rule-generated Stage7 member for 汉朝刘氏.,False
1005870,7001,刘德景,male,1769-01-01,1809-12-31,21,德,Rule-generated Stage7 member for 汉朝刘氏.,False
1005871,7001,刘梅梅,female,1763-01-01,1814-12-31,21,德,Rule-generated Stage7 member for 汉朝刘氏.,False
1005872,7001,刘德安,male,1767-01-01,1832-12-31,21,德,Rule-generated Stage7 member for 汉朝刘氏.,False
1005873,7001,刘德玉,female,1767-01-01,1821-12-31,21,德,Rule-generated Stage7 member for 汉朝刘氏.,False
1005874,7001,刘宗成,male,1765-01-01,1807-12-31,21,德,Rule-generated Stage7 member for 汉朝刘氏.,False
1005875,7001,刘华清,female,1764-01-01,1863-12-31,21,德,Rule-generated Stage7 member for 汉朝刘氏.,False
1005876,7001,刘德景,male,1765-01-01,1808-12-31,21,德,Rule-generated Stage7 member for 汉朝刘氏.,False
1005877,7001,刘敏,female,1769-01-01,1809-12-31,21,德,Rule-generated Stage7 member for 汉朝刘氏.,False
1005878,7001,刘宗宗,male,1764-01-01,1839-12-31,21,德,Rule-generated Stage7 member for 汉朝刘氏.,False
1005879,7001,刘华雅,female,1763-01-01,1847-12-31,21,德,Rule-generated Stage7 member for 汉朝刘氏.,False
1005880,7001,刘德文,male,1764-01-01,1861-12-31,21,德,Rule-generated Stage7 member for 汉朝刘氏.,False
1005881,7001,刘德雅,female,1763-01-01,1860-12-31,21,德,Rule-generated Stage7 member for 汉朝刘氏.,False
1005882,7001,刘德景,male,1768-01-01,1850-12-31,21,德,Rule-generated Stage7 member for 汉朝刘氏.,False
1005883,7001,刘玉清,female,1766-01-01,1854-12-31,21,德,Rule-generated Stage7 member for 汉朝刘氏.,False
1005884,7001,刘德强,male,1767-01-01,1855-12-31,21,德,Rule-generated Stage7 member for 汉朝刘氏.,False
1005885,7001,刘德兰,female,1769-01-01,1840-12-31,21,德,Rule-generated Stage7 member for 汉朝刘氏.,False
1005886,7001,刘丽,male,1769-01-01,1839-12-31,21,德,Rule-generated Stage7 member for 汉朝刘氏.,False
1005887,7001,刘德芳,female,1763-01-01,1815-12-31,21,德,Rule-generated Stage7 member for 汉朝刘氏.,False
1005888,7001,刘德宗,male,1766-01-01,1847-12-31,21,德,Rule-generated Stage7 member for 汉朝刘氏.,False
1005889,7001,刘宁兰,female,1769-01-01,1845-12-31,21,德,Rule-generated Stage7 member for 汉朝刘氏.,False
1005890,7001,刘伟德,male,1767-01-01,1795-12-31,21,德,Rule-generated Stage7 member for 汉朝刘氏.,False
1005891,7001,刘伟,female,1768-01-01,1846-12-31,21,德,Rule-generated Stage7 member for 汉朝刘氏.,False
1005892,7001,刘成强,male,1766-01-01,1815-12-31,21,德,Rule-generated Stage7 member for 汉朝刘氏.,False
1005893,7001,刘德清,female,1768-01-01,1832-12-31,21,德,Rule-generated Stage7 member for 汉朝刘氏.,False
1005894,7001,刘华,male,1764-01-01,1840-12-31,21,德,Rule-generated Stage7 member for 汉朝刘氏.,False
1005895,7001,刘德芳,female,1768-01-01,1814-12-31,21,德,Rule-generated Stage7 member for 汉朝刘氏.,False
1005896,7001,刘德成,male,1768-01-01,1792-12-31,21,德,Rule-generated Stage7 member for 汉朝刘氏.,False
1005897,7001,刘敏兰,female,1768-01-01,1836-12-31,21,德,Rule-generated Stage7 member for 汉朝刘氏.,False
1005898,7001,刘德成,male,1765-01-01,1839-12-31,21,德,Rule-generated Stage7 member for 汉朝刘氏.,False
1005899,7001,刘德梅,female,1769-01-01,1838-12-31,21,德,Rule-generated Stage7 member for 汉朝刘氏.,False
1005900,7001,刘德宗,male,1767-01-01,1811-12-31,21,德,Rule-generated Stage7 member for 汉朝刘氏.,False
1005901,7001,刘雅清,female,1767-01-01,1846-12-31,21,德,Rule-generated Stage7 member for 汉朝刘氏.,False
1005902,7001,刘德强,male,1766-01-01,1830-12-31,21,德,Rule-generated Stage7 member for 汉朝刘氏.,False
1005903,7001,刘德安,female,1765-01-01,1821-12-31,21,德,Rule-generated Stage7 member for 汉朝刘氏.,False
1005904,7001,刘德国,male,1766-01-01,1818-12-31,21,德,Rule-generated Stage7 member for 汉朝刘氏.,False
1005905,7001,刘芳梅,female,1764-01-01,1816-12-31,21,德,Rule-generated Stage7 member for 汉朝刘氏.,False
1005906,7001,刘宗伟,male,1766-01-01,1839-12-31,21,德,Rule-generated Stage7 member for 汉朝刘氏.,False
1005907,7001,刘清梅,female,1764-01-01,1819-12-31,21,德,Rule-generated Stage7 member for 汉朝刘氏.,False
1005908,7001,刘德明,male,1764-01-01,1824-12-31,21,德,Rule-generated Stage7 member for 汉朝刘氏.,False
1005909,7001,刘德雅,female,1768-01-01,1873-12-31,21,德,Rule-generated Stage7 member for 汉朝刘氏.,False
1005910,7001,刘德宗,male,1766-01-01,1804-12-31,21,德,Rule-generated Stage7 member for 汉朝刘氏.,False
1005911,7001,刘德丽,female,1767-01-01,1848-12-31,21,德,Rule-generated Stage7 member for 汉朝刘氏.,False
1005912,7001,刘德德,male,1764-01-01,1834-12-31,21,德,Rule-generated Stage7 member for 汉朝刘氏.,False
1005913,7001,刘德丽,female,1769-01-01,1818-12-31,21,德,Rule-generated Stage7 member for 汉朝刘氏.,False
1005914,7001,刘德明,male,1765-01-01,1833-12-31,21,德,Rule-generated Stage7 member for 汉朝刘氏.,False
1005915,7001,刘德安,female,1766-01-01,1840-12-31,21,德,Rule-generated Stage7 member for 汉朝刘氏.,False
1005916,7001,刘德强,male,1764-01-01,1837-12-31,21,德,Rule-generated Stage7 member for 汉朝刘氏.,False
1005917,7001,刘德兰,female,1763-01-01,1837-12-31,21,德,Rule-generated Stage7 member for 汉朝刘氏.,False
1005918,7001,刘景景,male,1763-01-01,1799-12-31,21,德,Rule-generated Stage7 member for 汉朝刘氏.,False
1005919,7001,刘德玉,female,1769-01-01,1833-12-31,21,德,Rule-generated Stage7 member for 汉朝刘氏.,False
1005920,7001,刘德伟,male,1765-01-01,1818-12-31,21,德,Rule-generated Stage7 member for 汉朝刘氏.,False
1005921,7001,刘兰兰,female,1763-01-01,1858-12-31,21,德,Rule-generated Stage7 member for 汉朝刘氏.,False
1005922,7001,刘德明,male,1769-01-01,1860-12-31,21,德,Rule-generated Stage7 member for 汉朝刘氏.,False
1005923,7001,刘德安,female,1768-01-01,1829-12-31,21,德,Rule-generated Stage7 member for 汉朝刘氏.,False
1005924,7001,刘德世,male,1763-01-01,1843-12-31,21,德,Rule-generated Stage7 member for 汉朝刘氏.,False
1005925,7001,刘德梅,female,1764-01-01,1831-12-31,21,德,Rule-generated Stage7 member for 汉朝刘氏.,False
1005926,7001,刘德强,male,1764-01-01,1850-12-31,21,德,Rule-generated Stage7 member for 汉朝刘氏.,False
1005927,7001,刘慧雅,female,1769-01-01,1813-12-31,21,德,Rule-generated Stage7 member for 汉朝刘氏.,False
1005928,7001,刘德德,male,1766-01-01,1829-12-31,21,德,Rule-generated Stage7 member for 汉朝刘氏.,False
1005929,7001,刘华宁,female,1765-01-01,1820-12-31,21,德,Rule-generated Stage7 member for 汉朝刘氏.,False
1005930,7001,刘德安,male,1766-01-01,1832-12-31,21,德,Rule-generated Stage7 member for 汉朝刘氏.,False
1005931,7001,刘雅宁,female,1765-01-01,1845-12-31,21,德,Rule-generated Stage7 member for 汉朝刘氏.,False
1005932,7001,刘德宗,male,1765-01-01,1812-12-31,21,德,Rule-generated Stage7 member for 汉朝刘氏.,False
1005933,7001,刘丽玉,female,1764-01-01,1859-12-31,21,德,Rule-generated Stage7 member for 汉朝刘氏.,False
1005934,7001,刘德景,male,1768-01-01,1843-12-31,21,德,Rule-generated Stage7 member for 汉朝刘氏.,False
1005935,7001,刘德敏,female,1766-01-01,1826-12-31,21,德,Rule-generated Stage7 member for 汉朝刘氏.,False
1005936,7001,刘宗景,male,1766-01-01,1843-12-31,21,德,Rule-generated Stage7 member for 汉朝刘氏.,False
1005937,7001,刘强,female,1764-01-01,1848-12-31,21,德,Rule-generated Stage7 member for 汉朝刘氏.,False
1005938,7001,刘明承,male,1767-01-01,1838-12-31,21,德,Rule-generated Stage7 member for 汉朝刘氏.,False
1005939,7001,刘德梅,female,1767-01-01,1828-12-31,21,德,Rule-generated Stage7 member for 汉朝刘氏.,False
1005940,7001,刘德伟,male,1764-01-01,1822-12-31,21,德,Rule-generated Stage7 member for 汉朝刘氏.,False
1005941,7001,刘德慧,female,1763-01-01,1850-12-31,21,德,Rule-generated Stage7 member for 汉朝刘氏.,False
1005942,7001,刘承安,male,1769-01-01,1839-12-31,21,德,Rule-generated Stage7 member for 汉朝刘氏.,False
1005943,7001,刘德慧,female,1763-01-01,1788-12-31,21,德,Rule-generated Stage7 member for 汉朝刘氏.,False
1005944,7001,刘景承,male,1767-01-01,1803-12-31,21,德,Rule-generated Stage7 member for 汉朝刘氏.,False
1005945,7001,刘德安,female,1768-01-01,1838-12-31,21,德,Rule-generated Stage7 member for 汉朝刘氏.,False
1005946,7001,刘景承,male,1765-01-01,1841-12-31,21,德,Rule-generated Stage7 member for 汉朝刘氏.,False
1005947,7001,刘德梅,female,1765-01-01,1801-12-31,21,德,Rule-generated Stage7 member for 汉朝刘氏.,False
1005948,7001,刘德强,male,1763-01-01,1819-12-31,21,德,Rule-generated Stage7 member for 汉朝刘氏.,False
1005949,7001,刘德芳,female,1765-01-01,1814-12-31,21,德,Rule-generated Stage7 member for 汉朝刘氏.,False
1005950,7001,刘成明,male,1767-01-01,1817-12-31,21,德,Rule-generated Stage7 member for 汉朝刘氏.,False
1005951,7001,刘华梅,female,1768-01-01,1836-12-31,21,德,Rule-generated Stage7 member for 汉朝刘氏.,False
1005952,7001,刘德宗,male,1766-01-01,1832-12-31,21,德,Rule-generated Stage7 member for 汉朝刘氏.,False
1005953,7001,刘强,female,1766-01-01,1860-12-31,21,德,Rule-generated Stage7 member for 汉朝刘氏.,False
1005954,7001,刘德成,male,1769-01-01,1842-12-31,21,德,Rule-generated Stage7 member for 汉朝刘氏.,False
1005955,7001,刘德雅,female,1764-01-01,1840-12-31,21,德,Rule-generated Stage7 member for 汉朝刘氏.,False
1005956,7001,刘德国,male,1763-01-01,1859-12-31,21,德,Rule-generated Stage7 member for 汉朝刘氏.,False
1005957,7001,刘德芳,female,1769-01-01,1829-12-31,21,德,Rule-generated Stage7 member for 汉朝刘氏.,False
1005958,7001,刘文景,male,1768-01-01,1851-12-31,21,德,Rule-generated Stage7 member for 汉朝刘氏.,False
1005959,7001,刘芳芳,female,1764-01-01,1830-12-31,21,德,Rule-generated Stage7 member for 汉朝刘氏.,False
1005960,7001,刘明,male,1766-01-01,1839-12-31,21,德,Rule-generated Stage7 member for 汉朝刘氏.,False
1005961,7001,刘德玉,female,1765-01-01,1831-12-31,21,德,Rule-generated Stage7 member for 汉朝刘氏.,False
1005962,7001,刘德承,male,1764-01-01,1830-12-31,21,德,Rule-generated Stage7 member for 汉朝刘氏.,False
1005963,7001,刘德丽,female,1769-01-01,1831-12-31,21,德,Rule-generated Stage7 member for 汉朝刘氏.,False
1005964,7001,刘景明,male,1768-01-01,1811-12-31,21,德,Rule-generated Stage7 member for 汉朝刘氏.,False
1005965,7001,刘梅兰,female,1766-01-01,1818-12-31,21,德,Rule-generated Stage7 member for 汉朝刘氏.,False
1005966,7001,刘德安,male,1766-01-01,1846-12-31,21,德,Rule-generated Stage7 member for 汉朝刘氏.,False
1005967,7001,刘德雅,female,1764-01-01,1822-12-31,21,德,Rule-generated Stage7 member for 汉朝刘氏.,False
1005968,7001,刘德伟,male,1765-01-01,1817-12-31,21,德,Rule-generated Stage7 member for 汉朝刘氏.,False
1005969,7001,刘德清,female,1764-01-01,1843-12-31,21,德,Rule-generated Stage7 member for 汉朝刘氏.,False
1005970,7001,刘德安,male,1764-01-01,1831-12-31,21,德,Rule-generated Stage7 member for 汉朝刘氏.,False
1005971,7001,刘德慧,female,1767-01-01,1854-12-31,21,德,Rule-generated Stage7 member for 汉朝刘氏.,False
1005972,7001,刘文世,male,1764-01-01,1822-12-31,21,德,Rule-generated Stage7 member for 汉朝刘氏.,False
1005973,7001,刘德丽,female,1768-01-01,1849-12-31,21,德,Rule-generated Stage7 member for 汉朝刘氏.,False
1005974,7001,刘丽,male,1766-01-01,1838-12-31,21,德,Rule-generated Stage7 member for 汉朝刘氏.,False
1005975,7001,刘伟,female,1766-01-01,1835-12-31,21,德,Rule-generated Stage7 member for 汉朝刘氏.,False
1005976,7001,刘明,male,1764-01-01,1831-12-31,21,德,Rule-generated Stage7 member for 汉朝刘氏.,False
1005977,7001,刘雅慧,female,1767-01-01,1825-12-31,21,德,Rule-generated Stage7 member for 汉朝刘氏.,False
1005978,7001,刘德国,male,1767-01-01,1812-12-31,21,德,Rule-generated Stage7 member for 汉朝刘氏.,False
1005979,7001,刘德芳,female,1764-01-01,1801-12-31,21,德,Rule-generated Stage7 member for 汉朝刘氏.,False
1005980,7001,刘世文,male,1763-01-01,1832-12-31,21,德,Rule-generated Stage7 member for 汉朝刘氏.,False
1005981,7001,刘德丽,female,1768-01-01,1810-12-31,21,德,Rule-generated Stage7 member for 汉朝刘氏.,False
1005982,7001,刘明,male,1764-01-01,1798-12-31,21,德,Rule-generated Stage7 member for 汉朝刘氏.,False
1005983,7001,刘德玉,female,1763-01-01,1803-12-31,21,德,Rule-generated Stage7 member for 汉朝刘氏.,False
1005984,7001,刘德伟,male,1764-01-01,1831-12-31,21,德,Rule-generated Stage7 member for 汉朝刘氏.,False
1005985,7001,刘德芳,female,1768-01-01,1851-12-31,21,德,Rule-generated Stage7 member for 汉朝刘氏.,False
1005986,7001,刘文国,male,1764-01-01,1822-12-31,21,德,Rule-generated Stage7 member for 汉朝刘氏.,False
1005987,7001,刘明,female,1767-01-01,1826-12-31,21,德,Rule-generated Stage7 member for 汉朝刘氏.,False
1005988,7001,刘安成,male,1767-01-01,1835-12-31,21,德,Rule-generated Stage7 member for 汉朝刘氏.,False
1005989,7001,刘德玉,female,1766-01-01,1825-12-31,21,德,Rule-generated Stage7 member for 汉朝刘氏.,False
1005990,7001,刘德明,male,1769-01-01,1815-12-31,21,德,Rule-generated Stage7 member for 汉朝刘氏.,False
1005991,7001,刘梅清,female,1766-01-01,1837-12-31,21,德,Rule-generated Stage7 member for 汉朝刘氏.,False
1005992,7001,刘德承,male,1766-01-01,1826-12-31,21,德,Rule-generated Stage7 member for 汉朝刘氏.,False
1005993,7001,刘德宁,female,1764-01-01,1829-12-31,21,德,Rule-generated Stage7 member for 汉朝刘氏.,False
1005994,7001,刘国明,male,1764-01-01,1824-12-31,21,德,Rule-generated Stage7 member for 汉朝刘氏.,False
1005995,7001,刘德玉,female,1766-01-01,1852-12-31,21,德,Rule-generated Stage7 member for 汉朝刘氏.,False
1005996,7001,刘德文,male,1765-01-01,1836-12-31,21,德,Rule-generated Stage7 member for 汉朝刘氏.,False
1005997,7001,刘德敏,female,1764-01-01,1831-12-31,21,德,Rule-generated Stage7 member for 汉朝刘氏.,False
1005998,7001,刘德成,male,1763-01-01,1853-12-31,21,德,Rule-generated Stage7 member for 汉朝刘氏.,False
1005999,7001,刘梅清,female,1769-01-01,1833-12-31,21,德,Rule-generated Stage7 member for 汉朝刘氏.,False
1006000,7001,刘明,male,1765-01-01,1819-12-31,21,德,Rule-generated Stage7 member for 汉朝刘氏.,False
1006001,7001,刘安慧,female,1764-01-01,1817-12-31,21,德,Rule-generated Stage7 member for 汉朝刘氏.,False
1006002,7001,刘德德,male,1766-01-01,1839-12-31,21,德,Rule-generated Stage7 member for 汉朝刘氏.,False
1006003,7001,刘德慧,female,1763-01-01,1829-12-31,21,德,Rule-generated Stage7 member for 汉朝刘氏.,False
1006004,7001,刘伟,male,1763-01-01,1831-12-31,21,德,Rule-generated Stage7 member for 汉朝刘氏.,False
1006005,7001,刘清丽,female,1765-01-01,1829-12-31,21,德,Rule-generated Stage7 member for 汉朝刘氏.,False
1006006,7001,刘景成,male,1767-01-01,1812-12-31,21,德,Rule-generated Stage7 member for 汉朝刘氏.,False
1006007,7001,刘德慧,female,1763-01-01,1847-12-31,21,德,Rule-generated Stage7 member for 汉朝刘氏.,False
1006008,7001,刘强文,male,1768-01-01,1857-12-31,21,德,Rule-generated Stage7 member for 汉朝刘氏.,False
1006009,7001,刘丽芳,female,1769-01-01,1819-12-31,21,德,Rule-generated Stage7 member for 汉朝刘氏.,False
1006010,7001,刘德世,male,1767-01-01,1794-12-31,21,德,Rule-generated Stage7 member for 汉朝刘氏.,False
1006011,7001,刘德华,female,1764-01-01,1851-12-31,21,德,Rule-generated Stage7 member for 汉朝刘氏.,False
1006012,7001,刘世国,male,1766-01-01,1798-12-31,21,德,Rule-generated Stage7 member for 汉朝刘氏.,False
1006013,7001,刘德芳,female,1765-01-01,1795-12-31,21,德,Rule-generated Stage7 member for 汉朝刘氏.,False
1006014,7001,刘国世,male,1767-01-01,1850-12-31,21,德,Rule-generated Stage7 member for 汉朝刘氏.,False
1006015,7001,刘强,female,1767-01-01,1805-12-31,21,德,Rule-generated Stage7 member for 汉朝刘氏.,False
1006016,7001,刘德承,male,1769-01-01,1857-12-31,21,德,Rule-generated Stage7 member for 汉朝刘氏.,False
1006017,7001,刘德玉,female,1769-01-01,1837-12-31,21,德,Rule-generated Stage7 member for 汉朝刘氏.,False
1006018,7001,刘德强,male,1764-01-01,1821-12-31,21,德,Rule-generated Stage7 member for 汉朝刘氏.,False
1006019,7001,刘安宁,female,1768-01-01,1835-12-31,21,德,Rule-generated Stage7 member for 汉朝刘氏.,False
1006020,7001,刘德宗,male,1767-01-01,1846-12-31,21,德,Rule-generated Stage7 member for 汉朝刘氏.,False
1006021,7001,刘德宁,female,1769-01-01,1836-12-31,21,德,Rule-generated Stage7 member for 汉朝刘氏.,False
1006022,7001,刘德宗,male,1768-01-01,1828-12-31,21,德,Rule-generated Stage7 member for 汉朝刘氏.,False
1006023,7001,刘德梅,female,1768-01-01,1812-12-31,21,德,Rule-generated Stage7 member for 汉朝刘氏.,False
1006024,7001,刘德安,male,1764-01-01,1789-12-31,21,德,Rule-generated Stage7 member for 汉朝刘氏.,False
1006025,7001,刘华清,female,1768-01-01,1821-12-31,21,德,Rule-generated Stage7 member for 汉朝刘氏.,False
1006026,7001,刘宗德,male,1764-01-01,1841-12-31,21,德,Rule-generated Stage7 member for 汉朝刘氏.,False
1006027,7001,刘德宁,female,1767-01-01,1833-12-31,21,德,Rule-generated Stage7 member for 汉朝刘氏.,False
1006028,7001,刘德国,male,1763-01-01,1853-12-31,21,德,Rule-generated Stage7 member for 汉朝刘氏.,False
1006029,7001,刘德玉,female,1769-01-01,1848-12-31,21,德,Rule-generated Stage7 member for 汉朝刘氏.,False
1006030,7001,刘华,male,1765-01-01,1835-12-31,21,德,Rule-generated Stage7 member for 汉朝刘氏.,False
1006031,7001,刘明,female,1767-01-01,1805-12-31,21,德,Rule-generated Stage7 member for 汉朝刘氏.,False
1006032,7001,刘华,male,1767-01-01,1840-12-31,21,德,Rule-generated Stage7 member for 汉朝刘氏.,False
1006033,7001,刘德安,female,1767-01-01,1801-12-31,21,德,Rule-generated Stage7 member for 汉朝刘氏.,False
1006034,7001,刘宗伟,male,1768-01-01,1826-12-31,21,德,Rule-generated Stage7 member for 汉朝刘氏.,False
1006035,7001,刘敏,female,1767-01-01,1814-12-31,21,德,Rule-generated Stage7 member for 汉朝刘氏.,False
1006036,7001,刘德成,male,1768-01-01,1859-12-31,21,德,Rule-generated Stage7 member for 汉朝刘氏.,False
1006037,7001,刘清芳,female,1769-01-01,1806-12-31,21,德,Rule-generated Stage7 member for 汉朝刘氏.,False
1006038,7001,刘承文,male,1764-01-01,1861-12-31,21,德,Rule-generated Stage7 member for 汉朝刘氏.,False
1006039,7001,刘清清,female,1768-01-01,1830-12-31,21,德,Rule-generated Stage7 member for 汉朝刘氏.,False
1006040,7001,刘景世,male,1766-01-01,1812-12-31,21,德,Rule-generated Stage7 member for 汉朝刘氏.,False
1006041,7001,刘德玉,female,1767-01-01,1825-12-31,21,德,Rule-generated Stage7 member for 汉朝刘氏.,False
1006042,7001,刘德伟,male,1768-01-01,1829-12-31,21,德,Rule-generated Stage7 member for 汉朝刘氏.,False
1006043,7001,刘敏兰,female,1769-01-01,1808-12-31,21,德,Rule-generated Stage7 member for 汉朝刘氏.,False
1006044,7001,刘安强,male,1769-01-01,1837-12-31,21,德,Rule-generated Stage7 member for 汉朝刘氏.,False
1006045,7001,刘强,female,1768-01-01,1830-12-31,21,德,Rule-generated Stage7 member for 汉朝刘氏.,False
1006046,7001,刘明文,male,1766-01-01,1837-12-31,21,德,Rule-generated Stage7 member for 汉朝刘氏.,False
1006047,7001,刘华,female,1769-01-01,1803-12-31,21,德,Rule-generated Stage7 member for 汉朝刘氏.,False
1006048,7001,刘德强,male,1769-01-01,1834-12-31,21,德,Rule-generated Stage7 member for 汉朝刘氏.,False
1006049,7001,刘敏梅,female,1765-01-01,1808-12-31,21,德,Rule-generated Stage7 member for 汉朝刘氏.,False
1006050,7001,刘承文,male,1764-01-01,1869-12-31,21,德,Rule-generated Stage7 member for 汉朝刘氏.,False
1006051,7001,刘文强,male,1786-01-01,1825-12-31,22,仁,Rule-generated Stage7 member for 汉朝刘氏.,False
1006052,7001,刘华,female,1789-01-01,1854-12-31,22,仁,Rule-generated Stage7 member for 汉朝刘氏.,False
1006053,7001,刘强,male,1791-01-01,1839-12-31,22,仁,Rule-generated Stage7 member for 汉朝刘氏.,False
1006054,7001,刘仁安,female,1790-01-01,1846-12-31,22,仁,Rule-generated Stage7 member for 汉朝刘氏.,False
1006055,7001,刘景文,male,1790-01-01,1831-12-31,22,仁,Rule-generated Stage7 member for 汉朝刘氏.,False
1006056,7001,刘仁芳,female,1787-01-01,1839-12-31,22,仁,Rule-generated Stage7 member for 汉朝刘氏.,False
1006057,7001,刘明,male,1785-01-01,1853-12-31,22,仁,Rule-generated Stage7 member for 汉朝刘氏.,False
1006058,7001,刘雅雅,female,1785-01-01,1874-12-31,22,仁,Rule-generated Stage7 member for 汉朝刘氏.,False
1006059,7001,刘德国,male,1791-01-01,1812-12-31,22,仁,Rule-generated Stage7 member for 汉朝刘氏.,False
1006060,7001,刘芳清,female,1790-01-01,1848-12-31,22,仁,Rule-generated Stage7 member for 汉朝刘氏.,False
1006061,7001,刘景国,male,1791-01-01,1847-12-31,22,仁,Rule-generated Stage7 member for 汉朝刘氏.,False
1006062,7001,刘宁华,female,1790-01-01,1840-12-31,22,仁,Rule-generated Stage7 member for 汉朝刘氏.,False
1006063,7001,刘国成,male,1786-01-01,1859-12-31,22,仁,Rule-generated Stage7 member for 汉朝刘氏.,False
1006064,7001,刘仁玉,female,1789-01-01,1888-12-31,22,仁,Rule-generated Stage7 member for 汉朝刘氏.,False
1006065,7001,刘明伟,male,1788-01-01,1861-12-31,22,仁,Rule-generated Stage7 member for 汉朝刘氏.,False
1006066,7001,刘宁雅,female,1790-01-01,1852-12-31,22,仁,Rule-generated Stage7 member for 汉朝刘氏.,False
1006067,7001,刘丽,male,1788-01-01,1888-12-31,22,仁,Rule-generated Stage7 member for 汉朝刘氏.,False
1006068,7001,刘梅芳,female,1790-01-01,1850-12-31,22,仁,Rule-generated Stage7 member for 汉朝刘氏.,False
1006069,7001,刘仁景,male,1786-01-01,1847-12-31,22,仁,Rule-generated Stage7 member for 汉朝刘氏.,False
1006070,7001,刘仁华,female,1789-01-01,1880-12-31,22,仁,Rule-generated Stage7 member for 汉朝刘氏.,False
1006071,7001,刘成国,male,1788-01-01,1857-12-31,22,仁,Rule-generated Stage7 member for 汉朝刘氏.,False
1006072,7001,刘仁梅,female,1789-01-01,1837-12-31,22,仁,Rule-generated Stage7 member for 汉朝刘氏.,False
1006073,7001,刘仁强,male,1789-01-01,1854-12-31,22,仁,Rule-generated Stage7 member for 汉朝刘氏.,False
1006074,7001,刘仁玉,female,1789-01-01,1839-12-31,22,仁,Rule-generated Stage7 member for 汉朝刘氏.,False
1006075,7001,刘仁宗,male,1788-01-01,1880-12-31,22,仁,Rule-generated Stage7 member for 汉朝刘氏.,False
1006076,7001,刘仁敏,female,1787-01-01,1844-12-31,22,仁,Rule-generated Stage7 member for 汉朝刘氏.,False
1006077,7001,刘景景,male,1789-01-01,1846-12-31,22,仁,Rule-generated Stage7 member for 汉朝刘氏.,False
1006078,7001,刘仁芳,female,1790-01-01,1856-12-31,22,仁,Rule-generated Stage7 member for 汉朝刘氏.,False
1006079,7001,刘华,male,1790-01-01,1841-12-31,22,仁,Rule-generated Stage7 member for 汉朝刘氏.,False
1006080,7001,刘安敏,female,1788-01-01,1863-12-31,22,仁,Rule-generated Stage7 member for 汉朝刘氏.,False
1006081,7001,刘成宗,male,1787-01-01,1856-12-31,22,仁,Rule-generated Stage7 member for 汉朝刘氏.,False
1006082,7001,刘丽玉,female,1790-01-01,1815-12-31,22,仁,Rule-generated Stage7 member for 汉朝刘氏.,False
1006083,7001,刘伟成,male,1787-01-01,1852-12-31,22,仁,Rule-generated Stage7 member for 汉朝刘氏.,False
1006084,7001,刘仁芳,female,1791-01-01,1866-12-31,22,仁,Rule-generated Stage7 member for 汉朝刘氏.,False
1006085,7001,刘仁伟,male,1786-01-01,1871-12-31,22,仁,Rule-generated Stage7 member for 汉朝刘氏.,False
1006086,7001,刘强,female,1787-01-01,1823-12-31,22,仁,Rule-generated Stage7 member for 汉朝刘氏.,False
1006087,7001,刘伟,male,1787-01-01,1850-12-31,22,仁,Rule-generated Stage7 member for 汉朝刘氏.,False
1006088,7001,刘仁丽,female,1786-01-01,1865-12-31,22,仁,Rule-generated Stage7 member for 汉朝刘氏.,False
1006089,7001,刘仁国,male,1786-01-01,1830-12-31,22,仁,Rule-generated Stage7 member for 汉朝刘氏.,False
1006090,7001,刘仁梅,female,1786-01-01,1812-12-31,22,仁,Rule-generated Stage7 member for 汉朝刘氏.,False
1006091,7001,刘仁成,male,1788-01-01,1821-12-31,22,仁,Rule-generated Stage7 member for 汉朝刘氏.,False
1006092,7001,刘雅玉,female,1786-01-01,1836-12-31,22,仁,Rule-generated Stage7 member for 汉朝刘氏.,False
1006093,7001,刘成德,male,1788-01-01,1873-12-31,22,仁,Rule-generated Stage7 member for 汉朝刘氏.,False
1006094,7001,刘仁玉,female,1787-01-01,1862-12-31,22,仁,Rule-generated Stage7 member for 汉朝刘氏.,False
1006095,7001,刘仁文,male,1786-01-01,1858-12-31,22,仁,Rule-generated Stage7 member for 汉朝刘氏.,False
1006096,7001,刘敏丽,female,1789-01-01,1851-12-31,22,仁,Rule-generated Stage7 member for 汉朝刘氏.,False
1006097,7001,刘仁宗,male,1789-01-01,1882-12-31,22,仁,Rule-generated Stage7 member for 汉朝刘氏.,False
1006098,7001,刘仁华,female,1786-01-01,1843-12-31,22,仁,Rule-generated Stage7 member for 汉朝刘氏.,False
1006099,7001,刘仁成,male,1790-01-01,1842-12-31,22,仁,Rule-generated Stage7 member for 汉朝刘氏.,False
1006100,7001,刘仁玉,female,1785-01-01,1840-12-31,22,仁,Rule-generated Stage7 member for 汉朝刘氏.,False
1006101,7001,刘伟强,male,1790-01-01,1862-12-31,22,仁,Rule-generated Stage7 member for 汉朝刘氏.,False
1006102,7001,刘强,female,1789-01-01,1883-12-31,22,仁,Rule-generated Stage7 member for 汉朝刘氏.,False
1006103,7001,刘华,male,1790-01-01,1840-12-31,22,仁,Rule-generated Stage7 member for 汉朝刘氏.,False
1006104,7001,刘明,female,1786-01-01,1839-12-31,22,仁,Rule-generated Stage7 member for 汉朝刘氏.,False
1006105,7001,刘仁伟,male,1787-01-01,1857-12-31,22,仁,Rule-generated Stage7 member for 汉朝刘氏.,False
1006106,7001,刘雅华,female,1786-01-01,1866-12-31,22,仁,Rule-generated Stage7 member for 汉朝刘氏.,False
1006107,7001,刘仁景,male,1791-01-01,1838-12-31,22,仁,Rule-generated Stage7 member for 汉朝刘氏.,False
1006108,7001,刘仁安,female,1787-01-01,1846-12-31,22,仁,Rule-generated Stage7 member for 汉朝刘氏.,False
1006109,7001,刘仁明,male,1788-01-01,1834-12-31,22,仁,Rule-generated Stage7 member for 汉朝刘氏.,False
1006110,7001,刘敏玉,female,1791-01-01,1864-12-31,22,仁,Rule-generated Stage7 member for 汉朝刘氏.,False
1006111,7001,刘仁强,male,1790-01-01,1854-12-31,22,仁,Rule-generated Stage7 member for 汉朝刘氏.,False
1006112,7001,刘雅芳,female,1789-01-01,1832-12-31,22,仁,Rule-generated Stage7 member for 汉朝刘氏.,False
1006113,7001,刘仁安,male,1786-01-01,1849-12-31,22,仁,Rule-generated Stage7 member for 汉朝刘氏.,False
1006114,7001,刘丽清,female,1791-01-01,1838-12-31,22,仁,Rule-generated Stage7 member for 汉朝刘氏.,False
1006115,7001,刘仁世,male,1785-01-01,1857-12-31,22,仁,Rule-generated Stage7 member for 汉朝刘氏.,False
1006116,7001,刘兰雅,female,1789-01-01,1827-12-31,22,仁,Rule-generated Stage7 member for 汉朝刘氏.,False
1006117,7001,刘仁国,male,1789-01-01,1887-12-31,22,仁,Rule-generated Stage7 member for 汉朝刘氏.,False
1006118,7001,刘华,female,1787-01-01,1847-12-31,22,仁,Rule-generated Stage7 member for 汉朝刘氏.,False
1006119,7001,刘成承,male,1787-01-01,1855-12-31,22,仁,Rule-generated Stage7 member for 汉朝刘氏.,False
1006120,7001,刘仁芳,female,1788-01-01,1882-12-31,22,仁,Rule-generated Stage7 member for 汉朝刘氏.,False
1006121,7001,刘承明,male,1788-01-01,1854-12-31,22,仁,Rule-generated Stage7 member for 汉朝刘氏.,False
1006122,7001,刘玉丽,female,1785-01-01,1847-12-31,22,仁,Rule-generated Stage7 member for 汉朝刘氏.,False
1006123,7001,刘仁世,male,1787-01-01,1829-12-31,22,仁,Rule-generated Stage7 member for 汉朝刘氏.,False
1006124,7001,刘仁安,female,1788-01-01,1877-12-31,22,仁,Rule-generated Stage7 member for 汉朝刘氏.,False
1006125,7001,刘仁强,male,1787-01-01,1847-12-31,22,仁,Rule-generated Stage7 member for 汉朝刘氏.,False
1006126,7001,刘清丽,female,1786-01-01,1854-12-31,22,仁,Rule-generated Stage7 member for 汉朝刘氏.,False
1006127,7001,刘仁伟,male,1785-01-01,1850-12-31,22,仁,Rule-generated Stage7 member for 汉朝刘氏.,False
1006128,7001,刘玉安,female,1786-01-01,1847-12-31,22,仁,Rule-generated Stage7 member for 汉朝刘氏.,False
1006129,7001,刘仁文,male,1790-01-01,1856-12-31,22,仁,Rule-generated Stage7 member for 汉朝刘氏.,False
1006130,7001,刘明,female,1787-01-01,1835-12-31,22,仁,Rule-generated Stage7 member for 汉朝刘氏.,False
1006131,7001,刘强成,male,1786-01-01,1857-12-31,22,仁,Rule-generated Stage7 member for 汉朝刘氏.,False
1006132,7001,刘仁雅,female,1789-01-01,1861-12-31,22,仁,Rule-generated Stage7 member for 汉朝刘氏.,False
1006133,7001,刘仁国,male,1789-01-01,1858-12-31,22,仁,Rule-generated Stage7 member for 汉朝刘氏.,False
1006134,7001,刘仁雅,female,1791-01-01,1849-12-31,22,仁,Rule-generated Stage7 member for 汉朝刘氏.,False
1006135,7001,刘国德,male,1791-01-01,1877-12-31,22,仁,Rule-generated Stage7 member for 汉朝刘氏.,False
1006136,7001,刘玉宁,female,1789-01-01,1874-12-31,22,仁,Rule-generated Stage7 member for 汉朝刘氏.,False
1006137,7001,刘承承,male,1789-01-01,1829-12-31,22,仁,Rule-generated Stage7 member for 汉朝刘氏.,False
1006138,7001,刘仁芳,female,1785-01-01,1844-12-31,22,仁,Rule-generated Stage7 member for 汉朝刘氏.,False
1006139,7001,刘伟明,male,1785-01-01,1863-12-31,22,仁,Rule-generated Stage7 member for 汉朝刘氏.,False
1006140,7001,刘兰宁,female,1785-01-01,1877-12-31,22,仁,Rule-generated Stage7 member for 汉朝刘氏.,False
1006141,7001,刘仁德,male,1791-01-01,1857-12-31,22,仁,Rule-generated Stage7 member for 汉朝刘氏.,False
1006142,7001,刘仁清,female,1788-01-01,1854-12-31,22,仁,Rule-generated Stage7 member for 汉朝刘氏.,False
1006143,7001,刘仁明,male,1790-01-01,1838-12-31,22,仁,Rule-generated Stage7 member for 汉朝刘氏.,False
1006144,7001,刘仁芳,female,1786-01-01,1847-12-31,22,仁,Rule-generated Stage7 member for 汉朝刘氏.,False
1006145,7001,刘仁国,male,1788-01-01,1837-12-31,22,仁,Rule-generated Stage7 member for 汉朝刘氏.,False
1006146,7001,刘华,female,1786-01-01,1834-12-31,22,仁,Rule-generated Stage7 member for 汉朝刘氏.,False
1006147,7001,刘敏,male,1785-01-01,1870-12-31,22,仁,Rule-generated Stage7 member for 汉朝刘氏.,False
1006148,7001,刘仁清,female,1789-01-01,1866-12-31,22,仁,Rule-generated Stage7 member for 汉朝刘氏.,False
1006149,7001,刘强文,male,1787-01-01,1849-12-31,22,仁,Rule-generated Stage7 member for 汉朝刘氏.,False
1006150,7001,刘丽丽,female,1788-01-01,1873-12-31,22,仁,Rule-generated Stage7 member for 汉朝刘氏.,False
1006151,7001,刘国承,male,1789-01-01,1880-12-31,22,仁,Rule-generated Stage7 member for 汉朝刘氏.,False
1006152,7001,刘敏,female,1790-01-01,1861-12-31,22,仁,Rule-generated Stage7 member for 汉朝刘氏.,False
1006153,7001,刘仁国,male,1787-01-01,1871-12-31,22,仁,Rule-generated Stage7 member for 汉朝刘氏.,False
1006154,7001,刘仁华,female,1785-01-01,1833-12-31,22,仁,Rule-generated Stage7 member for 汉朝刘氏.,False
1006155,7001,刘成德,male,1791-01-01,1845-12-31,22,仁,Rule-generated Stage7 member for 汉朝刘氏.,False
1006156,7001,刘明,female,1789-01-01,1888-12-31,22,仁,Rule-generated Stage7 member for 汉朝刘氏.,False
1006157,7001,刘仁成,male,1790-01-01,1875-12-31,22,仁,Rule-generated Stage7 member for 汉朝刘氏.,False
1006158,7001,刘仁芳,female,1787-01-01,1870-12-31,22,仁,Rule-generated Stage7 member for 汉朝刘氏.,False
1006159,7001,刘仁景,male,1786-01-01,1825-12-31,22,仁,Rule-generated Stage7 member for 汉朝刘氏.,False
1006160,7001,刘雅慧,female,1785-01-01,1839-12-31,22,仁,Rule-generated Stage7 member for 汉朝刘氏.,False
1006161,7001,刘仁强,male,1787-01-01,1876-12-31,22,仁,Rule-generated Stage7 member for 汉朝刘氏.,False
1006162,7001,刘敏慧,female,1785-01-01,1825-12-31,22,仁,Rule-generated Stage7 member for 汉朝刘氏.,False
1006163,7001,刘仁景,male,1788-01-01,1870-12-31,22,仁,Rule-generated Stage7 member for 汉朝刘氏.,False
1006164,7001,刘仁丽,female,1788-01-01,1809-12-31,22,仁,Rule-generated Stage7 member for 汉朝刘氏.,False
1006165,7001,刘仁世,male,1787-01-01,1878-12-31,22,仁,Rule-generated Stage7 member for 汉朝刘氏.,False
1006166,7001,刘华芳,female,1791-01-01,1877-12-31,22,仁,Rule-generated Stage7 member for 汉朝刘氏.,False
1006167,7001,刘丽,male,1785-01-01,1830-12-31,22,仁,Rule-generated Stage7 member for 汉朝刘氏.,False
1006168,7001,刘仁安,female,1791-01-01,1874-12-31,22,仁,Rule-generated Stage7 member for 汉朝刘氏.,False
1006169,7001,刘仁世,male,1785-01-01,1868-12-31,22,仁,Rule-generated Stage7 member for 汉朝刘氏.,False
1006170,7001,刘仁丽,female,1788-01-01,1884-12-31,22,仁,Rule-generated Stage7 member for 汉朝刘氏.,False
1006171,7001,刘仁成,male,1789-01-01,1869-12-31,22,仁,Rule-generated Stage7 member for 汉朝刘氏.,False
1006172,7001,刘雅敏,female,1788-01-01,1872-12-31,22,仁,Rule-generated Stage7 member for 汉朝刘氏.,False
1006173,7001,刘仁宗,male,1787-01-01,1840-12-31,22,仁,Rule-generated Stage7 member for 汉朝刘氏.,False
1006174,7001,刘仁兰,female,1791-01-01,1884-12-31,22,仁,Rule-generated Stage7 member for 汉朝刘氏.,False
1006175,7001,刘仁承,male,1787-01-01,1867-12-31,22,仁,Rule-generated Stage7 member for 汉朝刘氏.,False
1006176,7001,刘仁梅,female,1789-01-01,1837-12-31,22,仁,Rule-generated Stage7 member for 汉朝刘氏.,False
1006177,7001,刘仁国,male,1790-01-01,1863-12-31,22,仁,Rule-generated Stage7 member for 汉朝刘氏.,False
1006178,7001,刘仁安,female,1789-01-01,1863-12-31,22,仁,Rule-generated Stage7 member for 汉朝刘氏.,False
1006179,7001,刘承强,male,1790-01-01,1842-12-31,22,仁,Rule-generated Stage7 member for 汉朝刘氏.,False
1006180,7001,刘玉华,female,1791-01-01,1870-12-31,22,仁,Rule-generated Stage7 member for 汉朝刘氏.,False
1006181,7001,刘伟德,male,1787-01-01,1838-12-31,22,仁,Rule-generated Stage7 member for 汉朝刘氏.,False
1006182,7001,刘兰敏,female,1787-01-01,1807-12-31,22,仁,Rule-generated Stage7 member for 汉朝刘氏.,False
1006183,7001,刘仁强,male,1787-01-01,1854-12-31,22,仁,Rule-generated Stage7 member for 汉朝刘氏.,False
1006184,7001,刘敏敏,female,1785-01-01,1824-12-31,22,仁,Rule-generated Stage7 member for 汉朝刘氏.,False
1006185,7001,刘宗文,male,1785-01-01,1833-12-31,22,仁,Rule-generated Stage7 member for 汉朝刘氏.,False
1006186,7001,刘仁宁,female,1791-01-01,1872-12-31,22,仁,Rule-generated Stage7 member for 汉朝刘氏.,False
1006187,7001,刘华,male,1785-01-01,1849-12-31,22,仁,Rule-generated Stage7 member for 汉朝刘氏.,False
1006188,7001,刘仁丽,female,1788-01-01,1860-12-31,22,仁,Rule-generated Stage7 member for 汉朝刘氏.,False
1006189,7001,刘仁德,male,1786-01-01,1872-12-31,22,仁,Rule-generated Stage7 member for 汉朝刘氏.,False
1006190,7001,刘仁芳,female,1788-01-01,1863-12-31,22,仁,Rule-generated Stage7 member for 汉朝刘氏.,False
1006191,7001,刘成世,male,1787-01-01,1837-12-31,22,仁,Rule-generated Stage7 member for 汉朝刘氏.,False
1006192,7001,刘明,female,1788-01-01,1817-12-31,22,仁,Rule-generated Stage7 member for 汉朝刘氏.,False
1006193,7001,刘仁承,male,1788-01-01,1856-12-31,22,仁,Rule-generated Stage7 member for 汉朝刘氏.,False
1006194,7001,刘仁芳,female,1791-01-01,1831-12-31,22,仁,Rule-generated Stage7 member for 汉朝刘氏.,False
1006195,7001,刘仁德,male,1786-01-01,1832-12-31,22,仁,Rule-generated Stage7 member for 汉朝刘氏.,False
1006196,7001,刘仁安,female,1786-01-01,1872-12-31,22,仁,Rule-generated Stage7 member for 汉朝刘氏.,False
1006197,7001,刘仁国,male,1785-01-01,1866-12-31,22,仁,Rule-generated Stage7 member for 汉朝刘氏.,False
1006198,7001,刘伟,female,1785-01-01,1857-12-31,22,仁,Rule-generated Stage7 member for 汉朝刘氏.,False
1006199,7001,刘仁国,male,1790-01-01,1844-12-31,22,仁,Rule-generated Stage7 member for 汉朝刘氏.,False
1006200,7001,刘敏敏,female,1785-01-01,1857-12-31,22,仁,Rule-generated Stage7 member for 汉朝刘氏.,False
1006201,7001,刘仁文,male,1788-01-01,1835-12-31,22,仁,Rule-generated Stage7 member for 汉朝刘氏.,False
1006202,7001,刘仁慧,female,1791-01-01,1834-12-31,22,仁,Rule-generated Stage7 member for 汉朝刘氏.,False
1006203,7001,刘仁国,male,1787-01-01,1891-12-31,22,仁,Rule-generated Stage7 member for 汉朝刘氏.,False
1006204,7001,刘华,female,1791-01-01,1841-12-31,22,仁,Rule-generated Stage7 member for 汉朝刘氏.,False
1006205,7001,刘华,male,1786-01-01,1840-12-31,22,仁,Rule-generated Stage7 member for 汉朝刘氏.,False
1006206,7001,刘仁梅,female,1787-01-01,1859-12-31,22,仁,Rule-generated Stage7 member for 汉朝刘氏.,False
1006207,7001,刘仁世,male,1790-01-01,1818-12-31,22,仁,Rule-generated Stage7 member for 汉朝刘氏.,False
1006208,7001,刘丽玉,female,1788-01-01,1863-12-31,22,仁,Rule-generated Stage7 member for 汉朝刘氏.,False
1006209,7001,刘承景,male,1788-01-01,1862-12-31,22,仁,Rule-generated Stage7 member for 汉朝刘氏.,False
1006210,7001,刘仁兰,female,1789-01-01,1845-12-31,22,仁,Rule-generated Stage7 member for 汉朝刘氏.,False
1006211,7001,刘仁伟,male,1791-01-01,1892-12-31,22,仁,Rule-generated Stage7 member for 汉朝刘氏.,False
1006212,7001,刘仁梅,female,1787-01-01,1868-12-31,22,仁,Rule-generated Stage7 member for 汉朝刘氏.,False
1006213,7001,刘仁强,male,1789-01-01,1879-12-31,22,仁,Rule-generated Stage7 member for 汉朝刘氏.,False
1006214,7001,刘仁兰,female,1791-01-01,1834-12-31,22,仁,Rule-generated Stage7 member for 汉朝刘氏.,False
1006215,7001,刘仁文,male,1786-01-01,1831-12-31,22,仁,Rule-generated Stage7 member for 汉朝刘氏.,False
1006216,7001,刘仁宁,female,1786-01-01,1856-12-31,22,仁,Rule-generated Stage7 member for 汉朝刘氏.,False
1006217,7001,刘仁安,male,1786-01-01,1843-12-31,22,仁,Rule-generated Stage7 member for 汉朝刘氏.,False
1006218,7001,刘宁宁,female,1791-01-01,1873-12-31,22,仁,Rule-generated Stage7 member for 汉朝刘氏.,False
1006219,7001,刘华,male,1789-01-01,1881-12-31,22,仁,Rule-generated Stage7 member for 汉朝刘氏.,False
1006220,7001,刘敏,female,1785-01-01,1868-12-31,22,仁,Rule-generated Stage7 member for 汉朝刘氏.,False
1006221,7001,刘世强,male,1788-01-01,1859-12-31,22,仁,Rule-generated Stage7 member for 汉朝刘氏.,False
1006222,7001,刘仁雅,female,1790-01-01,1854-12-31,22,仁,Rule-generated Stage7 member for 汉朝刘氏.,False
1006223,7001,刘安景,male,1789-01-01,1851-12-31,22,仁,Rule-generated Stage7 member for 汉朝刘氏.,False
1006224,7001,刘仁兰,female,1788-01-01,1846-12-31,22,仁,Rule-generated Stage7 member for 汉朝刘氏.,False
1006225,7001,刘仁强,male,1788-01-01,1859-12-31,22,仁,Rule-generated Stage7 member for 汉朝刘氏.,False
1006226,7001,刘仁雅,female,1790-01-01,1843-12-31,22,仁,Rule-generated Stage7 member for 汉朝刘氏.,False
1006227,7001,刘仁宗,male,1789-01-01,1836-12-31,22,仁,Rule-generated Stage7 member for 汉朝刘氏.,False
1006228,7001,刘仁雅,female,1788-01-01,1854-12-31,22,仁,Rule-generated Stage7 member for 汉朝刘氏.,False
1006229,7001,刘仁世,male,1787-01-01,1821-12-31,22,仁,Rule-generated Stage7 member for 汉朝刘氏.,False
1006230,7001,刘仁玉,female,1785-01-01,1812-12-31,22,仁,Rule-generated Stage7 member for 汉朝刘氏.,False
1006231,7001,刘敏,male,1789-01-01,1851-12-31,22,仁,Rule-generated Stage7 member for 汉朝刘氏.,False
1006232,7001,刘仁丽,female,1788-01-01,1850-12-31,22,仁,Rule-generated Stage7 member for 汉朝刘氏.,False
1006233,7001,刘承文,male,1786-01-01,1861-12-31,22,仁,Rule-generated Stage7 member for 汉朝刘氏.,False
1006234,7001,刘仁清,female,1787-01-01,1875-12-31,22,仁,Rule-generated Stage7 member for 汉朝刘氏.,False
1006235,7001,刘明安,male,1785-01-01,1841-12-31,22,仁,Rule-generated Stage7 member for 汉朝刘氏.,False
1006236,7001,刘玉敏,female,1788-01-01,1824-12-31,22,仁,Rule-generated Stage7 member for 汉朝刘氏.,False
1006237,7001,刘仁成,male,1787-01-01,1872-12-31,22,仁,Rule-generated Stage7 member for 汉朝刘氏.,False
1006238,7001,刘清芳,female,1791-01-01,1831-12-31,22,仁,Rule-generated Stage7 member for 汉朝刘氏.,False
1006239,7001,刘世强,male,1785-01-01,1855-12-31,22,仁,Rule-generated Stage7 member for 汉朝刘氏.,False
1006240,7001,刘仁雅,female,1785-01-01,1829-12-31,22,仁,Rule-generated Stage7 member for 汉朝刘氏.,False
1006241,7001,刘文安,male,1791-01-01,1852-12-31,22,仁,Rule-generated Stage7 member for 汉朝刘氏.,False
1006242,7001,刘强,female,1789-01-01,1838-12-31,22,仁,Rule-generated Stage7 member for 汉朝刘氏.,False
1006243,7001,刘承宗,male,1790-01-01,1842-12-31,22,仁,Rule-generated Stage7 member for 汉朝刘氏.,False
1006244,7001,刘慧清,female,1790-01-01,1852-12-31,22,仁,Rule-generated Stage7 member for 汉朝刘氏.,False
1006245,7001,刘安明,male,1790-01-01,1855-12-31,22,仁,Rule-generated Stage7 member for 汉朝刘氏.,False
1006246,7001,刘仁华,female,1786-01-01,1815-12-31,22,仁,Rule-generated Stage7 member for 汉朝刘氏.,False
1006247,7001,刘仁安,male,1788-01-01,1867-12-31,22,仁,Rule-generated Stage7 member for 汉朝刘氏.,False
1006248,7001,刘仁清,female,1788-01-01,1867-12-31,22,仁,Rule-generated Stage7 member for 汉朝刘氏.,False
1006249,7001,刘强景,male,1791-01-01,1827-12-31,22,仁,Rule-generated Stage7 member for 汉朝刘氏.,False
1006250,7001,刘仁慧,female,1791-01-01,1853-12-31,22,仁,Rule-generated Stage7 member for 汉朝刘氏.,False
1006251,7001,刘世承,male,1789-01-01,1872-12-31,22,仁,Rule-generated Stage7 member for 汉朝刘氏.,False
1006252,7001,刘敏华,female,1786-01-01,1864-12-31,22,仁,Rule-generated Stage7 member for 汉朝刘氏.,False
1006253,7001,刘仁国,male,1787-01-01,1825-12-31,22,仁,Rule-generated Stage7 member for 汉朝刘氏.,False
1006254,7001,刘华慧,female,1785-01-01,1882-12-31,22,仁,Rule-generated Stage7 member for 汉朝刘氏.,False
1006255,7001,刘仁国,male,1789-01-01,1851-12-31,22,仁,Rule-generated Stage7 member for 汉朝刘氏.,False
1006256,7001,刘仁芳,female,1791-01-01,1839-12-31,22,仁,Rule-generated Stage7 member for 汉朝刘氏.,False
1006257,7001,刘仁安,male,1790-01-01,1861-12-31,22,仁,Rule-generated Stage7 member for 汉朝刘氏.,False
1006258,7001,刘仁清,female,1785-01-01,1859-12-31,22,仁,Rule-generated Stage7 member for 汉朝刘氏.,False
1006259,7001,刘仁成,male,1785-01-01,1845-12-31,22,仁,Rule-generated Stage7 member for 汉朝刘氏.,False
1006260,7001,刘梅兰,female,1788-01-01,1860-12-31,22,仁,Rule-generated Stage7 member for 汉朝刘氏.,False
1006261,7001,刘仁宗,male,1785-01-01,1849-12-31,22,仁,Rule-generated Stage7 member for 汉朝刘氏.,False
1006262,7001,刘仁雅,female,1787-01-01,1857-12-31,22,仁,Rule-generated Stage7 member for 汉朝刘氏.,False
1006263,7001,刘世成,male,1789-01-01,1838-12-31,22,仁,Rule-generated Stage7 member for 汉朝刘氏.,False
1006264,7001,刘仁丽,female,1791-01-01,1863-12-31,22,仁,Rule-generated Stage7 member for 汉朝刘氏.,False
1006265,7001,刘仁强,male,1789-01-01,1862-12-31,22,仁,Rule-generated Stage7 member for 汉朝刘氏.,False
1006266,7001,刘仁雅,female,1788-01-01,1818-12-31,22,仁,Rule-generated Stage7 member for 汉朝刘氏.,False
1006267,7001,刘仁宗,male,1789-01-01,1832-12-31,22,仁,Rule-generated Stage7 member for 汉朝刘氏.,False
1006268,7001,刘仁兰,female,1789-01-01,1840-12-31,22,仁,Rule-generated Stage7 member for 汉朝刘氏.,False
1006269,7001,刘世安,male,1787-01-01,1813-12-31,22,仁,Rule-generated Stage7 member for 汉朝刘氏.,False
1006270,7001,刘仁慧,female,1787-01-01,1843-12-31,22,仁,Rule-generated Stage7 member for 汉朝刘氏.,False
1006271,7001,刘仁承,male,1786-01-01,1830-12-31,22,仁,Rule-generated Stage7 member for 汉朝刘氏.,False
1006272,7001,刘丽梅,female,1790-01-01,1847-12-31,22,仁,Rule-generated Stage7 member for 汉朝刘氏.,False
1006273,7001,刘承伟,male,1786-01-01,1885-12-31,22,仁,Rule-generated Stage7 member for 汉朝刘氏.,False
1006274,7001,刘仁慧,female,1791-01-01,1836-12-31,22,仁,Rule-generated Stage7 member for 汉朝刘氏.,False
1006275,7001,刘宗国,male,1791-01-01,1855-12-31,22,仁,Rule-generated Stage7 member for 汉朝刘氏.,False
1006276,7001,刘仁芳,female,1791-01-01,1833-12-31,22,仁,Rule-generated Stage7 member for 汉朝刘氏.,False
1006277,7001,刘仁文,male,1789-01-01,1858-12-31,22,仁,Rule-generated Stage7 member for 汉朝刘氏.,False
1006278,7001,刘仁玉,female,1791-01-01,1879-12-31,22,仁,Rule-generated Stage7 member for 汉朝刘氏.,False
1006279,7001,刘仁明,male,1790-01-01,1864-12-31,22,仁,Rule-generated Stage7 member for 汉朝刘氏.,False
1006280,7001,刘仁梅,female,1786-01-01,1844-12-31,22,仁,Rule-generated Stage7 member for 汉朝刘氏.,False
1006281,7001,刘仁国,male,1785-01-01,1825-12-31,22,仁,Rule-generated Stage7 member for 汉朝刘氏.,False
1006282,7001,刘华清,female,1787-01-01,1822-12-31,22,仁,Rule-generated Stage7 member for 汉朝刘氏.,False
1006283,7001,刘仁成,male,1785-01-01,1862-12-31,22,仁,Rule-generated Stage7 member for 汉朝刘氏.,False
1006284,7001,刘清华,female,1789-01-01,1833-12-31,22,仁,Rule-generated Stage7 member for 汉朝刘氏.,False
1006285,7001,刘仁景,male,1786-01-01,1843-12-31,22,仁,Rule-generated Stage7 member for 汉朝刘氏.,False
1006286,7001,刘仁慧,female,1789-01-01,1811-12-31,22,仁,Rule-generated Stage7 member for 汉朝刘氏.,False
1006287,7001,刘仁强,male,1785-01-01,1848-12-31,22,仁,Rule-generated Stage7 member for 汉朝刘氏.,False
1006288,7001,刘清清,female,1785-01-01,1849-12-31,22,仁,Rule-generated Stage7 member for 汉朝刘氏.,False
1006289,7001,刘文强,male,1785-01-01,1855-12-31,22,仁,Rule-generated Stage7 member for 汉朝刘氏.,False
1006290,7001,刘宁雅,female,1785-01-01,1852-12-31,22,仁,Rule-generated Stage7 member for 汉朝刘氏.,False
1006291,7001,刘仁国,male,1786-01-01,1857-12-31,22,仁,Rule-generated Stage7 member for 汉朝刘氏.,False
1006292,7001,刘仁安,female,1789-01-01,1863-12-31,22,仁,Rule-generated Stage7 member for 汉朝刘氏.,False
1006293,7001,刘敏,male,1786-01-01,1828-12-31,22,仁,Rule-generated Stage7 member for 汉朝刘氏.,False
1006294,7001,刘芳雅,female,1785-01-01,1863-12-31,22,仁,Rule-generated Stage7 member for 汉朝刘氏.,False
1006295,7001,刘仁强,male,1790-01-01,1861-12-31,22,仁,Rule-generated Stage7 member for 汉朝刘氏.,False
1006296,7001,刘仁雅,female,1786-01-01,1832-12-31,22,仁,Rule-generated Stage7 member for 汉朝刘氏.,False
1006297,7001,刘仁成,male,1787-01-01,1815-12-31,22,仁,Rule-generated Stage7 member for 汉朝刘氏.,False
1006298,7001,刘玉华,female,1788-01-01,1843-12-31,22,仁,Rule-generated Stage7 member for 汉朝刘氏.,False
1006299,7001,刘景强,male,1785-01-01,1845-12-31,22,仁,Rule-generated Stage7 member for 汉朝刘氏.,False
1006300,7001,刘强,female,1789-01-01,1859-12-31,22,仁,Rule-generated Stage7 member for 汉朝刘氏.,False
1006301,7001,刘仁成,male,1788-01-01,1844-12-31,22,仁,Rule-generated Stage7 member for 汉朝刘氏.,False
1006302,7001,刘仁清,female,1789-01-01,1861-12-31,22,仁,Rule-generated Stage7 member for 汉朝刘氏.,False
1006303,7001,刘仁国,male,1785-01-01,1867-12-31,22,仁,Rule-generated Stage7 member for 汉朝刘氏.,False
1006304,7001,刘仁敏,female,1790-01-01,1868-12-31,22,仁,Rule-generated Stage7 member for 汉朝刘氏.,False
1006305,7001,刘仁宗,male,1788-01-01,1851-12-31,22,仁,Rule-generated Stage7 member for 汉朝刘氏.,False
1006306,7001,刘仁慧,female,1791-01-01,1846-12-31,22,仁,Rule-generated Stage7 member for 汉朝刘氏.,False
1006307,7001,刘安国,male,1787-01-01,1850-12-31,22,仁,Rule-generated Stage7 member for 汉朝刘氏.,False
1006308,7001,刘仁华,female,1789-01-01,1857-12-31,22,仁,Rule-generated Stage7 member for 汉朝刘氏.,False
1006309,7001,刘安明,male,1785-01-01,1876-12-31,22,仁,Rule-generated Stage7 member for 汉朝刘氏.,False
1006310,7001,刘敏,female,1787-01-01,1841-12-31,22,仁,Rule-generated Stage7 member for 汉朝刘氏.,False
1006311,7001,刘仁伟,male,1788-01-01,1861-12-31,22,仁,Rule-generated Stage7 member for 汉朝刘氏.,False
1006312,7001,刘仁雅,female,1789-01-01,1880-12-31,22,仁,Rule-generated Stage7 member for 汉朝刘氏.,False
1006313,7001,刘仁景,male,1785-01-01,1828-12-31,22,仁,Rule-generated Stage7 member for 汉朝刘氏.,False
1006314,7001,刘仁敏,female,1787-01-01,1852-12-31,22,仁,Rule-generated Stage7 member for 汉朝刘氏.,False
1006315,7001,刘仁景,male,1788-01-01,1812-12-31,22,仁,Rule-generated Stage7 member for 汉朝刘氏.,False
1006316,7001,刘敏,female,1790-01-01,1819-12-31,22,仁,Rule-generated Stage7 member for 汉朝刘氏.,False
1006317,7001,刘仁伟,male,1785-01-01,1835-12-31,22,仁,Rule-generated Stage7 member for 汉朝刘氏.,False
1006318,7001,刘华,female,1786-01-01,1885-12-31,22,仁,Rule-generated Stage7 member for 汉朝刘氏.,False
1006319,7001,刘仁世,male,1785-01-01,1810-12-31,22,仁,Rule-generated Stage7 member for 汉朝刘氏.,False
1006320,7001,刘仁华,female,1785-01-01,1838-12-31,22,仁,Rule-generated Stage7 member for 汉朝刘氏.,False
1006321,7001,刘仁文,male,1785-01-01,1847-12-31,22,仁,Rule-generated Stage7 member for 汉朝刘氏.,False
1006322,7001,刘玉玉,female,1785-01-01,1816-12-31,22,仁,Rule-generated Stage7 member for 汉朝刘氏.,False
1006323,7001,刘丽,male,1785-01-01,1853-12-31,22,仁,Rule-generated Stage7 member for 汉朝刘氏.,False
1006324,7001,刘清华,female,1790-01-01,1836-12-31,22,仁,Rule-generated Stage7 member for 汉朝刘氏.,False
1006325,7001,刘仁国,male,1785-01-01,1858-12-31,22,仁,Rule-generated Stage7 member for 汉朝刘氏.,False
1006326,7001,刘仁芳,female,1789-01-01,1874-12-31,22,仁,Rule-generated Stage7 member for 汉朝刘氏.,False
1006327,7001,刘仁国,male,1786-01-01,1855-12-31,22,仁,Rule-generated Stage7 member for 汉朝刘氏.,False
1006328,7001,刘仁芳,female,1790-01-01,1877-12-31,22,仁,Rule-generated Stage7 member for 汉朝刘氏.,False
1006329,7001,刘德强,male,1788-01-01,1858-12-31,22,仁,Rule-generated Stage7 member for 汉朝刘氏.,False
1006330,7001,刘仁敏,female,1791-01-01,1836-12-31,22,仁,Rule-generated Stage7 member for 汉朝刘氏.,False
1006331,7001,刘强,male,1785-01-01,1866-12-31,22,仁,Rule-generated Stage7 member for 汉朝刘氏.,False
1006332,7001,刘仁华,female,1791-01-01,1868-12-31,22,仁,Rule-generated Stage7 member for 汉朝刘氏.,False
1006333,7001,刘仁德,male,1789-01-01,1868-12-31,22,仁,Rule-generated Stage7 member for 汉朝刘氏.,False
1006334,7001,刘仁安,female,1787-01-01,1837-12-31,22,仁,Rule-generated Stage7 member for 汉朝刘氏.,False
1006335,7001,刘仁文,male,1785-01-01,1854-12-31,22,仁,Rule-generated Stage7 member for 汉朝刘氏.,False
1006336,7001,刘强,female,1786-01-01,1854-12-31,22,仁,Rule-generated Stage7 member for 汉朝刘氏.,False
1006337,7001,刘国成,male,1791-01-01,1876-12-31,22,仁,Rule-generated Stage7 member for 汉朝刘氏.,False
1006338,7001,刘仁华,female,1790-01-01,1883-12-31,22,仁,Rule-generated Stage7 member for 汉朝刘氏.,False
1006339,7001,刘华,male,1785-01-01,1874-12-31,22,仁,Rule-generated Stage7 member for 汉朝刘氏.,False
1006340,7001,刘仁宁,female,1786-01-01,1866-12-31,22,仁,Rule-generated Stage7 member for 汉朝刘氏.,False
1006341,7001,刘仁明,male,1791-01-01,1827-12-31,22,仁,Rule-generated Stage7 member for 汉朝刘氏.,False
1006342,7001,刘仁丽,female,1786-01-01,1844-12-31,22,仁,Rule-generated Stage7 member for 汉朝刘氏.,False
1006343,7001,刘仁承,male,1786-01-01,1834-12-31,22,仁,Rule-generated Stage7 member for 汉朝刘氏.,False
1006344,7001,刘仁丽,female,1785-01-01,1827-12-31,22,仁,Rule-generated Stage7 member for 汉朝刘氏.,False
1006345,7001,刘仁世,male,1788-01-01,1853-12-31,22,仁,Rule-generated Stage7 member for 汉朝刘氏.,False
1006346,7001,刘仁华,female,1785-01-01,1854-12-31,22,仁,Rule-generated Stage7 member for 汉朝刘氏.,False
1006347,7001,刘宗伟,male,1788-01-01,1820-12-31,22,仁,Rule-generated Stage7 member for 汉朝刘氏.,False
1006348,7001,刘仁芳,female,1788-01-01,1869-12-31,22,仁,Rule-generated Stage7 member for 汉朝刘氏.,False
1006349,7001,刘仁景,male,1788-01-01,1842-12-31,22,仁,Rule-generated Stage7 member for 汉朝刘氏.,False
1006350,7001,刘雅慧,female,1788-01-01,1865-12-31,22,仁,Rule-generated Stage7 member for 汉朝刘氏.,False
1006351,7001,刘仁德,male,1787-01-01,1835-12-31,22,仁,Rule-generated Stage7 member for 汉朝刘氏.,False
1006352,7001,刘梅宁,female,1785-01-01,1874-12-31,22,仁,Rule-generated Stage7 member for 汉朝刘氏.,False
1006353,7001,刘仁宗,male,1791-01-01,1864-12-31,22,仁,Rule-generated Stage7 member for 汉朝刘氏.,False
1006354,7001,刘仁兰,female,1786-01-01,1878-12-31,22,仁,Rule-generated Stage7 member for 汉朝刘氏.,False
1006355,7001,刘仁强,male,1790-01-01,1840-12-31,22,仁,Rule-generated Stage7 member for 汉朝刘氏.,False
1006356,7001,刘仁梅,female,1785-01-01,1849-12-31,22,仁,Rule-generated Stage7 member for 汉朝刘氏.,False
1006357,7001,刘仁文,male,1787-01-01,1820-12-31,22,仁,Rule-generated Stage7 member for 汉朝刘氏.,False
1006358,7001,刘丽,female,1788-01-01,1834-12-31,22,仁,Rule-generated Stage7 member for 汉朝刘氏.,False
1006359,7001,刘敏,male,1787-01-01,1847-12-31,22,仁,Rule-generated Stage7 member for 汉朝刘氏.,False
1006360,7001,刘明,female,1788-01-01,1817-12-31,22,仁,Rule-generated Stage7 member for 汉朝刘氏.,False
1006361,7001,刘仁明,male,1786-01-01,1876-12-31,22,仁,Rule-generated Stage7 member for 汉朝刘氏.,False
1006362,7001,刘仁丽,female,1789-01-01,1849-12-31,22,仁,Rule-generated Stage7 member for 汉朝刘氏.,False
1006363,7001,刘仁德,male,1788-01-01,1822-12-31,22,仁,Rule-generated Stage7 member for 汉朝刘氏.,False
1006364,7001,刘梅丽,female,1791-01-01,1878-12-31,22,仁,Rule-generated Stage7 member for 汉朝刘氏.,False
1006365,7001,刘仁强,male,1785-01-01,1836-12-31,22,仁,Rule-generated Stage7 member for 汉朝刘氏.,False
1006366,7001,刘仁宁,female,1791-01-01,1879-12-31,22,仁,Rule-generated Stage7 member for 汉朝刘氏.,False
1006367,7001,刘国德,male,1787-01-01,1881-12-31,22,仁,Rule-generated Stage7 member for 汉朝刘氏.,False
1006368,7001,刘仁芳,female,1787-01-01,1860-12-31,22,仁,Rule-generated Stage7 member for 汉朝刘氏.,False
1006369,7001,刘仁景,male,1789-01-01,1880-12-31,22,仁,Rule-generated Stage7 member for 汉朝刘氏.,False
1006370,7001,刘仁宁,female,1790-01-01,1841-12-31,22,仁,Rule-generated Stage7 member for 汉朝刘氏.,False
1006371,7001,刘安景,male,1786-01-01,1846-12-31,22,仁,Rule-generated Stage7 member for 汉朝刘氏.,False
1006372,7001,刘仁芳,female,1790-01-01,1845-12-31,22,仁,Rule-generated Stage7 member for 汉朝刘氏.,False
1006373,7001,刘明承,male,1789-01-01,1851-12-31,22,仁,Rule-generated Stage7 member for 汉朝刘氏.,False
1006374,7001,刘仁华,female,1788-01-01,1828-12-31,22,仁,Rule-generated Stage7 member for 汉朝刘氏.,False
1006375,7001,刘孝安,male,1807-01-01,1847-12-31,23,孝,Rule-generated Stage7 member for 汉朝刘氏.,False
1006376,7001,刘清梅,female,1812-01-01,1860-12-31,23,孝,Rule-generated Stage7 member for 汉朝刘氏.,False
1006377,7001,刘文安,male,1813-01-01,1859-12-31,23,孝,Rule-generated Stage7 member for 汉朝刘氏.,False
1006378,7001,刘孝兰,female,1807-01-01,1856-12-31,23,孝,Rule-generated Stage7 member for 汉朝刘氏.,False
1006379,7001,刘孝安,male,1810-01-01,1877-12-31,23,孝,Rule-generated Stage7 member for 汉朝刘氏.,False
1006380,7001,刘孝梅,female,1810-01-01,1872-12-31,23,孝,Rule-generated Stage7 member for 汉朝刘氏.,False
1006381,7001,刘孝景,male,1807-01-01,1863-12-31,23,孝,Rule-generated Stage7 member for 汉朝刘氏.,False
1006382,7001,刘清雅,female,1809-01-01,1899-12-31,23,孝,Rule-generated Stage7 member for 汉朝刘氏.,False
1006383,7001,刘孝明,male,1811-01-01,1877-12-31,23,孝,Rule-generated Stage7 member for 汉朝刘氏.,False
1006384,7001,刘孝敏,female,1813-01-01,1851-12-31,23,孝,Rule-generated Stage7 member for 汉朝刘氏.,False
1006385,7001,刘孝成,male,1813-01-01,1849-12-31,23,孝,Rule-generated Stage7 member for 汉朝刘氏.,False
1006386,7001,刘孝慧,female,1813-01-01,1906-12-31,23,孝,Rule-generated Stage7 member for 汉朝刘氏.,False
1006387,7001,刘孝德,male,1809-01-01,1856-12-31,23,孝,Rule-generated Stage7 member for 汉朝刘氏.,False
1006388,7001,刘孝宁,female,1812-01-01,1866-12-31,23,孝,Rule-generated Stage7 member for 汉朝刘氏.,False
1006389,7001,刘文世,male,1811-01-01,1852-12-31,23,孝,Rule-generated Stage7 member for 汉朝刘氏.,False
1006390,7001,刘孝雅,female,1808-01-01,1886-12-31,23,孝,Rule-generated Stage7 member for 汉朝刘氏.,False
1006391,7001,刘孝景,male,1812-01-01,1879-12-31,23,孝,Rule-generated Stage7 member for 汉朝刘氏.,False
1006392,7001,刘孝安,female,1809-01-01,1853-12-31,23,孝,Rule-generated Stage7 member for 汉朝刘氏.,False
1006393,7001,刘孝伟,male,1808-01-01,1888-12-31,23,孝,Rule-generated Stage7 member for 汉朝刘氏.,False
1006394,7001,刘孝宁,female,1809-01-01,1846-12-31,23,孝,Rule-generated Stage7 member for 汉朝刘氏.,False
1006395,7001,刘孝安,male,1807-01-01,1889-12-31,23,孝,Rule-generated Stage7 member for 汉朝刘氏.,False
1006396,7001,刘强,female,1813-01-01,1868-12-31,23,孝,Rule-generated Stage7 member for 汉朝刘氏.,False
1006397,7001,刘孝明,male,1812-01-01,1896-12-31,23,孝,Rule-generated Stage7 member for 汉朝刘氏.,False
1006398,7001,刘雅丽,female,1810-01-01,1887-12-31,23,孝,Rule-generated Stage7 member for 汉朝刘氏.,False
1006399,7001,刘华,male,1807-01-01,1846-12-31,23,孝,Rule-generated Stage7 member for 汉朝刘氏.,False
1006400,7001,刘宁雅,female,1811-01-01,1865-12-31,23,孝,Rule-generated Stage7 member for 汉朝刘氏.,False
1006401,7001,刘孝德,male,1811-01-01,1845-12-31,23,孝,Rule-generated Stage7 member for 汉朝刘氏.,False
1006402,7001,刘孝敏,female,1809-01-01,1864-12-31,23,孝,Rule-generated Stage7 member for 汉朝刘氏.,False
1006403,7001,刘孝承,male,1811-01-01,1902-12-31,23,孝,Rule-generated Stage7 member for 汉朝刘氏.,False
1006404,7001,刘敏兰,female,1810-01-01,1882-12-31,23,孝,Rule-generated Stage7 member for 汉朝刘氏.,False
1006405,7001,刘安安,male,1811-01-01,1876-12-31,23,孝,Rule-generated Stage7 member for 汉朝刘氏.,False
1006406,7001,刘孝兰,female,1812-01-01,1902-12-31,23,孝,Rule-generated Stage7 member for 汉朝刘氏.,False
1006407,7001,刘孝强,male,1808-01-01,1891-12-31,23,孝,Rule-generated Stage7 member for 汉朝刘氏.,False
1006408,7001,刘孝华,female,1812-01-01,1878-12-31,23,孝,Rule-generated Stage7 member for 汉朝刘氏.,False
1006409,7001,刘景强,male,1813-01-01,1889-12-31,23,孝,Rule-generated Stage7 member for 汉朝刘氏.,False
1006410,7001,刘安梅,female,1813-01-01,1862-12-31,23,孝,Rule-generated Stage7 member for 汉朝刘氏.,False
1006411,7001,刘伟,male,1810-01-01,1904-12-31,23,孝,Rule-generated Stage7 member for 汉朝刘氏.,False
1006412,7001,刘华,female,1810-01-01,1857-12-31,23,孝,Rule-generated Stage7 member for 汉朝刘氏.,False
1006413,7001,刘安景,male,1808-01-01,1862-12-31,23,孝,Rule-generated Stage7 member for 汉朝刘氏.,False
1006414,7001,刘敏兰,female,1811-01-01,1883-12-31,23,孝,Rule-generated Stage7 member for 汉朝刘氏.,False
1006415,7001,刘孝安,male,1807-01-01,1900-12-31,23,孝,Rule-generated Stage7 member for 汉朝刘氏.,False
1006416,7001,刘孝梅,female,1812-01-01,1884-12-31,23,孝,Rule-generated Stage7 member for 汉朝刘氏.,False
1006417,7001,刘孝明,male,1808-01-01,1895-12-31,23,孝,Rule-generated Stage7 member for 汉朝刘氏.,False
1006418,7001,刘华敏,female,1810-01-01,1883-12-31,23,孝,Rule-generated Stage7 member for 汉朝刘氏.,False
1006419,7001,刘孝文,male,1811-01-01,1879-12-31,23,孝,Rule-generated Stage7 member for 汉朝刘氏.,False
1006420,7001,刘孝兰,female,1812-01-01,1866-12-31,23,孝,Rule-generated Stage7 member for 汉朝刘氏.,False
1006421,7001,刘安安,male,1808-01-01,1874-12-31,23,孝,Rule-generated Stage7 member for 汉朝刘氏.,False
1006422,7001,刘华,female,1812-01-01,1875-12-31,23,孝,Rule-generated Stage7 member for 汉朝刘氏.,False
1006423,7001,刘德安,male,1807-01-01,1870-12-31,23,孝,Rule-generated Stage7 member for 汉朝刘氏.,False
1006424,7001,刘雅梅,female,1811-01-01,1868-12-31,23,孝,Rule-generated Stage7 member for 汉朝刘氏.,False
1006425,7001,刘孝承,male,1809-01-01,1875-12-31,23,孝,Rule-generated Stage7 member for 汉朝刘氏.,False
1006426,7001,刘孝华,female,1811-01-01,1876-12-31,23,孝,Rule-generated Stage7 member for 汉朝刘氏.,False
1006427,7001,刘孝宗,male,1812-01-01,1898-12-31,23,孝,Rule-generated Stage7 member for 汉朝刘氏.,False
1006428,7001,刘敏宁,female,1811-01-01,1850-12-31,23,孝,Rule-generated Stage7 member for 汉朝刘氏.,False
1006429,7001,刘孝景,male,1812-01-01,1870-12-31,23,孝,Rule-generated Stage7 member for 汉朝刘氏.,False
1006430,7001,刘梅慧,female,1810-01-01,1888-12-31,23,孝,Rule-generated Stage7 member for 汉朝刘氏.,False
1006431,7001,刘成景,male,1808-01-01,1854-12-31,23,孝,Rule-generated Stage7 member for 汉朝刘氏.,False
1006432,7001,刘清宁,female,1812-01-01,1859-12-31,23,孝,Rule-generated Stage7 member for 汉朝刘氏.,False
1006433,7001,刘强,male,1808-01-01,1909-12-31,23,孝,Rule-generated Stage7 member for 汉朝刘氏.,False
1006434,7001,刘孝玉,female,1811-01-01,1888-12-31,23,孝,Rule-generated Stage7 member for 汉朝刘氏.,False
1006435,7001,刘孝成,male,1807-01-01,1893-12-31,23,孝,Rule-generated Stage7 member for 汉朝刘氏.,False
1006436,7001,刘孝清,female,1810-01-01,1887-12-31,23,孝,Rule-generated Stage7 member for 汉朝刘氏.,False
1006437,7001,刘强强,male,1809-01-01,1880-12-31,23,孝,Rule-generated Stage7 member for 汉朝刘氏.,False
1006438,7001,刘孝雅,female,1811-01-01,1856-12-31,23,孝,Rule-generated Stage7 member for 汉朝刘氏.,False
1006439,7001,刘强景,male,1813-01-01,1877-12-31,23,孝,Rule-generated Stage7 member for 汉朝刘氏.,False
1006440,7001,刘丽梅,female,1811-01-01,1916-12-31,23,孝,Rule-generated Stage7 member for 汉朝刘氏.,False
1006441,7001,刘孝文,male,1807-01-01,1866-12-31,23,孝,Rule-generated Stage7 member for 汉朝刘氏.,False
1006442,7001,刘芳清,female,1809-01-01,1888-12-31,23,孝,Rule-generated Stage7 member for 汉朝刘氏.,False
1006443,7001,刘孝伟,male,1811-01-01,1885-12-31,23,孝,Rule-generated Stage7 member for 汉朝刘氏.,False
1006444,7001,刘孝丽,female,1813-01-01,1903-12-31,23,孝,Rule-generated Stage7 member for 汉朝刘氏.,False
1006445,7001,刘孝世,male,1807-01-01,1866-12-31,23,孝,Rule-generated Stage7 member for 汉朝刘氏.,False
1006446,7001,刘孝华,female,1809-01-01,1876-12-31,23,孝,Rule-generated Stage7 member for 汉朝刘氏.,False
1006447,7001,刘孝安,male,1809-01-01,1863-12-31,23,孝,Rule-generated Stage7 member for 汉朝刘氏.,False
1006448,7001,刘孝玉,female,1808-01-01,1886-12-31,23,孝,Rule-generated Stage7 member for 汉朝刘氏.,False
1006449,7001,刘孝国,male,1811-01-01,1856-12-31,23,孝,Rule-generated Stage7 member for 汉朝刘氏.,False
1006450,7001,刘孝敏,female,1807-01-01,1889-12-31,23,孝,Rule-generated Stage7 member for 汉朝刘氏.,False
1006451,7001,刘孝世,male,1812-01-01,1840-12-31,23,孝,Rule-generated Stage7 member for 汉朝刘氏.,False
1006452,7001,刘孝丽,female,1813-01-01,1868-12-31,23,孝,Rule-generated Stage7 member for 汉朝刘氏.,False
1006453,7001,刘安世,male,1807-01-01,1843-12-31,23,孝,Rule-generated Stage7 member for 汉朝刘氏.,False
1006454,7001,刘孝敏,female,1810-01-01,1874-12-31,23,孝,Rule-generated Stage7 member for 汉朝刘氏.,False
1006455,7001,刘安伟,male,1810-01-01,1854-12-31,23,孝,Rule-generated Stage7 member for 汉朝刘氏.,False
1006456,7001,刘孝雅,female,1810-01-01,1892-12-31,23,孝,Rule-generated Stage7 member for 汉朝刘氏.,False
1006457,7001,刘世明,male,1808-01-01,1897-12-31,23,孝,Rule-generated Stage7 member for 汉朝刘氏.,False
1006458,7001,刘兰清,female,1808-01-01,1853-12-31,23,孝,Rule-generated Stage7 member for 汉朝刘氏.,False
1006459,7001,刘孝明,male,1809-01-01,1890-12-31,23,孝,Rule-generated Stage7 member for 汉朝刘氏.,False
1006460,7001,刘孝安,female,1813-01-01,1873-12-31,23,孝,Rule-generated Stage7 member for 汉朝刘氏.,False
1006461,7001,刘伟文,male,1811-01-01,1911-12-31,23,孝,Rule-generated Stage7 member for 汉朝刘氏.,False
1006462,7001,刘孝兰,female,1813-01-01,1891-12-31,23,孝,Rule-generated Stage7 member for 汉朝刘氏.,False
1006463,7001,刘孝世,male,1813-01-01,1875-12-31,23,孝,Rule-generated Stage7 member for 汉朝刘氏.,False
1006464,7001,刘孝华,female,1813-01-01,1873-12-31,23,孝,Rule-generated Stage7 member for 汉朝刘氏.,False
1006465,7001,刘孝景,male,1811-01-01,1897-12-31,23,孝,Rule-generated Stage7 member for 汉朝刘氏.,False
1006466,7001,刘孝慧,female,1808-01-01,1877-12-31,23,孝,Rule-generated Stage7 member for 汉朝刘氏.,False
1006467,7001,刘成宗,male,1812-01-01,1883-12-31,23,孝,Rule-generated Stage7 member for 汉朝刘氏.,False
1006468,7001,刘孝芳,female,1807-01-01,1898-12-31,23,孝,Rule-generated Stage7 member for 汉朝刘氏.,False
1006469,7001,刘孝成,male,1811-01-01,1914-12-31,23,孝,Rule-generated Stage7 member for 汉朝刘氏.,False
1006470,7001,刘明,female,1813-01-01,1880-12-31,23,孝,Rule-generated Stage7 member for 汉朝刘氏.,False
1006471,7001,刘孝明,male,1812-01-01,1848-12-31,23,孝,Rule-generated Stage7 member for 汉朝刘氏.,False
1006472,7001,刘孝慧,female,1812-01-01,1870-12-31,23,孝,Rule-generated Stage7 member for 汉朝刘氏.,False
1006473,7001,刘安安,male,1810-01-01,1868-12-31,23,孝,Rule-generated Stage7 member for 汉朝刘氏.,False
1006474,7001,刘孝清,female,1810-01-01,1873-12-31,23,孝,Rule-generated Stage7 member for 汉朝刘氏.,False
1006475,7001,刘承德,male,1808-01-01,1887-12-31,23,孝,Rule-generated Stage7 member for 汉朝刘氏.,False
1006476,7001,刘孝华,female,1810-01-01,1888-12-31,23,孝,Rule-generated Stage7 member for 汉朝刘氏.,False
1006477,7001,刘孝安,male,1807-01-01,1864-12-31,23,孝,Rule-generated Stage7 member for 汉朝刘氏.,False
1006478,7001,刘孝敏,female,1812-01-01,1851-12-31,23,孝,Rule-generated Stage7 member for 汉朝刘氏.,False
1006479,7001,刘孝文,male,1812-01-01,1894-12-31,23,孝,Rule-generated Stage7 member for 汉朝刘氏.,False
1006480,7001,刘孝清,female,1810-01-01,1869-12-31,23,孝,Rule-generated Stage7 member for 汉朝刘氏.,False
1006481,7001,刘强伟,male,1813-01-01,1887-12-31,23,孝,Rule-generated Stage7 member for 汉朝刘氏.,False
1006482,7001,刘孝玉,female,1810-01-01,1832-12-31,23,孝,Rule-generated Stage7 member for 汉朝刘氏.,False
1006483,7001,刘孝成,male,1809-01-01,1885-12-31,23,孝,Rule-generated Stage7 member for 汉朝刘氏.,False
1006484,7001,刘孝慧,female,1807-01-01,1896-12-31,23,孝,Rule-generated Stage7 member for 汉朝刘氏.,False
1006485,7001,刘孝成,male,1812-01-01,1853-12-31,23,孝,Rule-generated Stage7 member for 汉朝刘氏.,False
1006486,7001,刘芳芳,female,1807-01-01,1888-12-31,23,孝,Rule-generated Stage7 member for 汉朝刘氏.,False
1006487,7001,刘孝承,male,1808-01-01,1881-12-31,23,孝,Rule-generated Stage7 member for 汉朝刘氏.,False
1006488,7001,刘梅芳,female,1812-01-01,1888-12-31,23,孝,Rule-generated Stage7 member for 汉朝刘氏.,False
1006489,7001,刘孝成,male,1808-01-01,1856-12-31,23,孝,Rule-generated Stage7 member for 汉朝刘氏.,False
1006490,7001,刘孝兰,female,1813-01-01,1853-12-31,23,孝,Rule-generated Stage7 member for 汉朝刘氏.,False
1006491,7001,刘国明,male,1808-01-01,1847-12-31,23,孝,Rule-generated Stage7 member for 汉朝刘氏.,False
1006492,7001,刘清华,female,1813-01-01,1909-12-31,23,孝,Rule-generated Stage7 member for 汉朝刘氏.,False
1006493,7001,刘承伟,male,1812-01-01,1865-12-31,23,孝,Rule-generated Stage7 member for 汉朝刘氏.,False
1006494,7001,刘孝芳,female,1811-01-01,1890-12-31,23,孝,Rule-generated Stage7 member for 汉朝刘氏.,False
1006495,7001,刘孝安,male,1807-01-01,1892-12-31,23,孝,Rule-generated Stage7 member for 汉朝刘氏.,False
1006496,7001,刘梅梅,female,1807-01-01,1872-12-31,23,孝,Rule-generated Stage7 member for 汉朝刘氏.,False
1006497,7001,刘承宗,male,1812-01-01,1869-12-31,23,孝,Rule-generated Stage7 member for 汉朝刘氏.,False
1006498,7001,刘玉梅,female,1809-01-01,1882-12-31,23,孝,Rule-generated Stage7 member for 汉朝刘氏.,False
1006499,7001,刘孝文,male,1813-01-01,1913-12-31,23,孝,Rule-generated Stage7 member for 汉朝刘氏.,False
1006500,7001,刘玉华,female,1810-01-01,1891-12-31,23,孝,Rule-generated Stage7 member for 汉朝刘氏.,False
1006501,7001,刘德景,male,1810-01-01,1894-12-31,23,孝,Rule-generated Stage7 member for 汉朝刘氏.,False
1006502,7001,刘安兰,female,1807-01-01,1846-12-31,23,孝,Rule-generated Stage7 member for 汉朝刘氏.,False
1006503,7001,刘伟,male,1810-01-01,1850-12-31,23,孝,Rule-generated Stage7 member for 汉朝刘氏.,False
1006504,7001,刘孝雅,female,1808-01-01,1873-12-31,23,孝,Rule-generated Stage7 member for 汉朝刘氏.,False
1006505,7001,刘孝强,male,1811-01-01,1893-12-31,23,孝,Rule-generated Stage7 member for 汉朝刘氏.,False
1006506,7001,刘孝芳,female,1811-01-01,1882-12-31,23,孝,Rule-generated Stage7 member for 汉朝刘氏.,False
1006507,7001,刘孝文,male,1807-01-01,1866-12-31,23,孝,Rule-generated Stage7 member for 汉朝刘氏.,False
1006508,7001,刘兰安,female,1807-01-01,1868-12-31,23,孝,Rule-generated Stage7 member for 汉朝刘氏.,False
1006509,7001,刘伟成,male,1811-01-01,1890-12-31,23,孝,Rule-generated Stage7 member for 汉朝刘氏.,False
1006510,7001,刘芳雅,female,1808-01-01,1886-12-31,23,孝,Rule-generated Stage7 member for 汉朝刘氏.,False
1006511,7001,刘孝成,male,1807-01-01,1886-12-31,23,孝,Rule-generated Stage7 member for 汉朝刘氏.,False
1006512,7001,刘兰慧,female,1813-01-01,1895-12-31,23,孝,Rule-generated Stage7 member for 汉朝刘氏.,False
1006513,7001,刘孝明,male,1807-01-01,1863-12-31,23,孝,Rule-generated Stage7 member for 汉朝刘氏.,False
1006514,7001,刘孝敏,female,1807-01-01,1853-12-31,23,孝,Rule-generated Stage7 member for 汉朝刘氏.,False
1006515,7001,刘孝文,male,1810-01-01,1865-12-31,23,孝,Rule-generated Stage7 member for 汉朝刘氏.,False
1006516,7001,刘孝慧,female,1808-01-01,1885-12-31,23,孝,Rule-generated Stage7 member for 汉朝刘氏.,False
1006517,7001,刘孝明,male,1807-01-01,1858-12-31,23,孝,Rule-generated Stage7 member for 汉朝刘氏.,False
1006518,7001,刘孝雅,female,1810-01-01,1917-12-31,23,孝,Rule-generated Stage7 member for 汉朝刘氏.,False
1006519,7001,刘孝文,male,1810-01-01,1835-12-31,23,孝,Rule-generated Stage7 member for 汉朝刘氏.,False
1006520,7001,刘孝安,female,1811-01-01,1862-12-31,23,孝,Rule-generated Stage7 member for 汉朝刘氏.,False
1006521,7001,刘孝伟,male,1807-01-01,1885-12-31,23,孝,Rule-generated Stage7 member for 汉朝刘氏.,False
1006522,7001,刘雅玉,female,1811-01-01,1887-12-31,23,孝,Rule-generated Stage7 member for 汉朝刘氏.,False
1006523,7001,刘敏,male,1810-01-01,1887-12-31,23,孝,Rule-generated Stage7 member for 汉朝刘氏.,False
1006524,7001,刘孝安,female,1809-01-01,1895-12-31,23,孝,Rule-generated Stage7 member for 汉朝刘氏.,False
1006525,7001,刘孝宗,male,1813-01-01,1881-12-31,23,孝,Rule-generated Stage7 member for 汉朝刘氏.,False
1006526,7001,刘孝清,female,1811-01-01,1895-12-31,23,孝,Rule-generated Stage7 member for 汉朝刘氏.,False
1006527,7001,刘孝安,male,1808-01-01,1906-12-31,23,孝,Rule-generated Stage7 member for 汉朝刘氏.,False
1006528,7001,刘雅芳,female,1807-01-01,1848-12-31,23,孝,Rule-generated Stage7 member for 汉朝刘氏.,False
1006529,7001,刘明,male,1809-01-01,1888-12-31,23,孝,Rule-generated Stage7 member for 汉朝刘氏.,False
1006530,7001,刘孝清,female,1813-01-01,1900-12-31,23,孝,Rule-generated Stage7 member for 汉朝刘氏.,False
1006531,7001,刘伟国,male,1811-01-01,1894-12-31,23,孝,Rule-generated Stage7 member for 汉朝刘氏.,False
1006532,7001,刘孝芳,female,1810-01-01,1886-12-31,23,孝,Rule-generated Stage7 member for 汉朝刘氏.,False
1006533,7001,刘孝伟,male,1811-01-01,1873-12-31,23,孝,Rule-generated Stage7 member for 汉朝刘氏.,False
1006534,7001,刘玉芳,female,1807-01-01,1860-12-31,23,孝,Rule-generated Stage7 member for 汉朝刘氏.,False
1006535,7001,刘孝国,male,1811-01-01,1886-12-31,23,孝,Rule-generated Stage7 member for 汉朝刘氏.,False
1006536,7001,刘孝慧,female,1807-01-01,1881-12-31,23,孝,Rule-generated Stage7 member for 汉朝刘氏.,False
1006537,7001,刘孝景,male,1809-01-01,1853-12-31,23,孝,Rule-generated Stage7 member for 汉朝刘氏.,False
1006538,7001,刘孝华,female,1810-01-01,1886-12-31,23,孝,Rule-generated Stage7 member for 汉朝刘氏.,False
1006539,7001,刘孝景,male,1812-01-01,1887-12-31,23,孝,Rule-generated Stage7 member for 汉朝刘氏.,False
1006540,7001,刘丽安,female,1808-01-01,1873-12-31,23,孝,Rule-generated Stage7 member for 汉朝刘氏.,False
1006541,7001,刘宗明,male,1808-01-01,1872-12-31,23,孝,Rule-generated Stage7 member for 汉朝刘氏.,False
1006542,7001,刘孝敏,female,1813-01-01,1861-12-31,23,孝,Rule-generated Stage7 member for 汉朝刘氏.,False
1006543,7001,刘孝强,male,1811-01-01,1850-12-31,23,孝,Rule-generated Stage7 member for 汉朝刘氏.,False
1006544,7001,刘明,female,1812-01-01,1858-12-31,23,孝,Rule-generated Stage7 member for 汉朝刘氏.,False
1006545,7001,刘孝景,male,1807-01-01,1842-12-31,23,孝,Rule-generated Stage7 member for 汉朝刘氏.,False
1006546,7001,刘安慧,female,1807-01-01,1850-12-31,23,孝,Rule-generated Stage7 member for 汉朝刘氏.,False
1006547,7001,刘孝强,male,1812-01-01,1880-12-31,23,孝,Rule-generated Stage7 member for 汉朝刘氏.,False
1006548,7001,刘敏,female,1813-01-01,1908-12-31,23,孝,Rule-generated Stage7 member for 汉朝刘氏.,False
1006549,7001,刘孝成,male,1810-01-01,1896-12-31,23,孝,Rule-generated Stage7 member for 汉朝刘氏.,False
1006550,7001,刘孝慧,female,1807-01-01,1873-12-31,23,孝,Rule-generated Stage7 member for 汉朝刘氏.,False
1006551,7001,刘宗成,male,1808-01-01,1851-12-31,23,孝,Rule-generated Stage7 member for 汉朝刘氏.,False
1006552,7001,刘孝慧,female,1812-01-01,1898-12-31,23,孝,Rule-generated Stage7 member for 汉朝刘氏.,False
1006553,7001,刘孝伟,male,1807-01-01,1855-12-31,23,孝,Rule-generated Stage7 member for 汉朝刘氏.,False
1006554,7001,刘孝丽,female,1810-01-01,1901-12-31,23,孝,Rule-generated Stage7 member for 汉朝刘氏.,False
1006555,7001,刘孝伟,male,1812-01-01,1863-12-31,23,孝,Rule-generated Stage7 member for 汉朝刘氏.,False
1006556,7001,刘孝慧,female,1809-01-01,1864-12-31,23,孝,Rule-generated Stage7 member for 汉朝刘氏.,False
1006557,7001,刘文文,male,1813-01-01,1894-12-31,23,孝,Rule-generated Stage7 member for 汉朝刘氏.,False
1006558,7001,刘孝雅,female,1808-01-01,1884-12-31,23,孝,Rule-generated Stage7 member for 汉朝刘氏.,False
1006559,7001,刘成安,male,1813-01-01,1871-12-31,23,孝,Rule-generated Stage7 member for 汉朝刘氏.,False
1006560,7001,刘孝芳,female,1813-01-01,1877-12-31,23,孝,Rule-generated Stage7 member for 汉朝刘氏.,False
1006561,7001,刘孝强,male,1811-01-01,1892-12-31,23,孝,Rule-generated Stage7 member for 汉朝刘氏.,False
1006562,7001,刘孝玉,female,1811-01-01,1880-12-31,23,孝,Rule-generated Stage7 member for 汉朝刘氏.,False
1006563,7001,刘孝德,male,1813-01-01,1903-12-31,23,孝,Rule-generated Stage7 member for 汉朝刘氏.,False
1006564,7001,刘孝慧,female,1813-01-01,1850-12-31,23,孝,Rule-generated Stage7 member for 汉朝刘氏.,False
1006565,7001,刘孝景,male,1811-01-01,1845-12-31,23,孝,Rule-generated Stage7 member for 汉朝刘氏.,False
1006566,7001,刘强,female,1812-01-01,1877-12-31,23,孝,Rule-generated Stage7 member for 汉朝刘氏.,False
1006567,7001,刘强明,male,1813-01-01,1886-12-31,23,孝,Rule-generated Stage7 member for 汉朝刘氏.,False
1006568,7001,刘孝兰,female,1807-01-01,1871-12-31,23,孝,Rule-generated Stage7 member for 汉朝刘氏.,False
1006569,7001,刘华,male,1812-01-01,1866-12-31,23,孝,Rule-generated Stage7 member for 汉朝刘氏.,False
1006570,7001,刘华雅,female,1813-01-01,1850-12-31,23,孝,Rule-generated Stage7 member for 汉朝刘氏.,False
1006571,7001,刘丽,male,1813-01-01,1869-12-31,23,孝,Rule-generated Stage7 member for 汉朝刘氏.,False
1006572,7001,刘兰安,female,1807-01-01,1870-12-31,23,孝,Rule-generated Stage7 member for 汉朝刘氏.,False
1006573,7001,刘孝宗,male,1811-01-01,1897-12-31,23,孝,Rule-generated Stage7 member for 汉朝刘氏.,False
1006574,7001,刘孝慧,female,1811-01-01,1886-12-31,23,孝,Rule-generated Stage7 member for 汉朝刘氏.,False
1006575,7001,刘安伟,male,1813-01-01,1855-12-31,23,孝,Rule-generated Stage7 member for 汉朝刘氏.,False
1006576,7001,刘孝敏,female,1809-01-01,1877-12-31,23,孝,Rule-generated Stage7 member for 汉朝刘氏.,False
1006577,7001,刘孝伟,male,1807-01-01,1838-12-31,23,孝,Rule-generated Stage7 member for 汉朝刘氏.,False
1006578,7001,刘明,female,1811-01-01,1873-12-31,23,孝,Rule-generated Stage7 member for 汉朝刘氏.,False
1006579,7001,刘德景,male,1807-01-01,1873-12-31,23,孝,Rule-generated Stage7 member for 汉朝刘氏.,False
1006580,7001,刘孝清,female,1809-01-01,1838-12-31,23,孝,Rule-generated Stage7 member for 汉朝刘氏.,False
1006581,7001,刘孝德,male,1807-01-01,1897-12-31,23,孝,Rule-generated Stage7 member for 汉朝刘氏.,False
1006582,7001,刘孝华,female,1810-01-01,1915-12-31,23,孝,Rule-generated Stage7 member for 汉朝刘氏.,False
1006583,7001,刘明宗,male,1813-01-01,1894-12-31,23,孝,Rule-generated Stage7 member for 汉朝刘氏.,False
1006584,7001,刘孝丽,female,1811-01-01,1907-12-31,23,孝,Rule-generated Stage7 member for 汉朝刘氏.,False
1006585,7001,刘孝承,male,1808-01-01,1870-12-31,23,孝,Rule-generated Stage7 member for 汉朝刘氏.,False
1006586,7001,刘安安,female,1807-01-01,1874-12-31,23,孝,Rule-generated Stage7 member for 汉朝刘氏.,False
1006587,7001,刘孝承,male,1808-01-01,1860-12-31,23,孝,Rule-generated Stage7 member for 汉朝刘氏.,False
1006588,7001,刘孝芳,female,1808-01-01,1882-12-31,23,孝,Rule-generated Stage7 member for 汉朝刘氏.,False
1006589,7001,刘孝成,male,1808-01-01,1900-12-31,23,孝,Rule-generated Stage7 member for 汉朝刘氏.,False
1006590,7001,刘孝玉,female,1812-01-01,1889-12-31,23,孝,Rule-generated Stage7 member for 汉朝刘氏.,False
1006591,7001,刘孝宗,male,1810-01-01,1891-12-31,23,孝,Rule-generated Stage7 member for 汉朝刘氏.,False
1006592,7001,刘明,female,1812-01-01,1881-12-31,23,孝,Rule-generated Stage7 member for 汉朝刘氏.,False
1006593,7001,刘孝宗,male,1807-01-01,1883-12-31,23,孝,Rule-generated Stage7 member for 汉朝刘氏.,False
1006594,7001,刘孝敏,female,1813-01-01,1881-12-31,23,孝,Rule-generated Stage7 member for 汉朝刘氏.,False
1006595,7001,刘景明,male,1808-01-01,1885-12-31,23,孝,Rule-generated Stage7 member for 汉朝刘氏.,False
1006596,7001,刘孝兰,female,1807-01-01,1885-12-31,23,孝,Rule-generated Stage7 member for 汉朝刘氏.,False
1006597,7001,刘安强,male,1808-01-01,1878-12-31,23,孝,Rule-generated Stage7 member for 汉朝刘氏.,False
1006598,7001,刘孝华,female,1807-01-01,1870-12-31,23,孝,Rule-generated Stage7 member for 汉朝刘氏.,False
1006599,7001,刘宗德,male,1808-01-01,1883-12-31,23,孝,Rule-generated Stage7 member for 汉朝刘氏.,False
1006600,7001,刘芳丽,female,1809-01-01,1875-12-31,23,孝,Rule-generated Stage7 member for 汉朝刘氏.,False
1006601,7001,刘安国,male,1810-01-01,1880-12-31,23,孝,Rule-generated Stage7 member for 汉朝刘氏.,False
1006602,7001,刘孝华,female,1808-01-01,1855-12-31,23,孝,Rule-generated Stage7 member for 汉朝刘氏.,False
1006603,7001,刘孝世,male,1811-01-01,1850-12-31,23,孝,Rule-generated Stage7 member for 汉朝刘氏.,False
1006604,7001,刘清华,female,1810-01-01,1883-12-31,23,孝,Rule-generated Stage7 member for 汉朝刘氏.,False
1006605,7001,刘孝宗,male,1808-01-01,1888-12-31,23,孝,Rule-generated Stage7 member for 汉朝刘氏.,False
1006606,7001,刘孝慧,female,1812-01-01,1874-12-31,23,孝,Rule-generated Stage7 member for 汉朝刘氏.,False
1006607,7001,刘孝安,male,1809-01-01,1897-12-31,23,孝,Rule-generated Stage7 member for 汉朝刘氏.,False
1006608,7001,刘雅丽,female,1812-01-01,1862-12-31,23,孝,Rule-generated Stage7 member for 汉朝刘氏.,False
1006609,7001,刘安文,male,1810-01-01,1897-12-31,23,孝,Rule-generated Stage7 member for 汉朝刘氏.,False
1006610,7001,刘孝清,female,1813-01-01,1878-12-31,23,孝,Rule-generated Stage7 member for 汉朝刘氏.,False
1006611,7001,刘孝成,male,1811-01-01,1868-12-31,23,孝,Rule-generated Stage7 member for 汉朝刘氏.,False
1006612,7001,刘孝雅,female,1811-01-01,1907-12-31,23,孝,Rule-generated Stage7 member for 汉朝刘氏.,False
1006613,7001,刘孝德,male,1808-01-01,1875-12-31,23,孝,Rule-generated Stage7 member for 汉朝刘氏.,False
1006614,7001,刘孝安,female,1813-01-01,1881-12-31,23,孝,Rule-generated Stage7 member for 汉朝刘氏.,False
1006615,7001,刘明国,male,1810-01-01,1873-12-31,23,孝,Rule-generated Stage7 member for 汉朝刘氏.,False
1006616,7001,刘强,female,1811-01-01,1914-12-31,23,孝,Rule-generated Stage7 member for 汉朝刘氏.,False
1006617,7001,刘孝明,male,1809-01-01,1872-12-31,23,孝,Rule-generated Stage7 member for 汉朝刘氏.,False
1006618,7001,刘孝兰,female,1809-01-01,1885-12-31,23,孝,Rule-generated Stage7 member for 汉朝刘氏.,False
1006619,7001,刘德明,male,1813-01-01,1857-12-31,23,孝,Rule-generated Stage7 member for 汉朝刘氏.,False
1006620,7001,刘明,female,1812-01-01,1915-12-31,23,孝,Rule-generated Stage7 member for 汉朝刘氏.,False
1006621,7001,刘孝明,male,1808-01-01,1844-12-31,23,孝,Rule-generated Stage7 member for 汉朝刘氏.,False
1006622,7001,刘玉玉,female,1813-01-01,1910-12-31,23,孝,Rule-generated Stage7 member for 汉朝刘氏.,False
1006623,7001,刘孝承,male,1808-01-01,1876-12-31,23,孝,Rule-generated Stage7 member for 汉朝刘氏.,False
1006624,7001,刘孝安,female,1810-01-01,1886-12-31,23,孝,Rule-generated Stage7 member for 汉朝刘氏.,False
1006625,7001,刘孝承,male,1812-01-01,1860-12-31,23,孝,Rule-generated Stage7 member for 汉朝刘氏.,False
1006626,7001,刘清玉,female,1812-01-01,1833-12-31,23,孝,Rule-generated Stage7 member for 汉朝刘氏.,False
1006627,7001,刘承宗,male,1813-01-01,1889-12-31,23,孝,Rule-generated Stage7 member for 汉朝刘氏.,False
1006628,7001,刘敏,female,1813-01-01,1848-12-31,23,孝,Rule-generated Stage7 member for 汉朝刘氏.,False
1006629,7001,刘文国,male,1808-01-01,1879-12-31,23,孝,Rule-generated Stage7 member for 汉朝刘氏.,False
1006630,7001,刘敏,female,1810-01-01,1889-12-31,23,孝,Rule-generated Stage7 member for 汉朝刘氏.,False
1006631,7001,刘华,male,1810-01-01,1857-12-31,23,孝,Rule-generated Stage7 member for 汉朝刘氏.,False
1006632,7001,刘孝敏,female,1813-01-01,1898-12-31,23,孝,Rule-generated Stage7 member for 汉朝刘氏.,False
1006633,7001,刘孝景,male,1813-01-01,1891-12-31,23,孝,Rule-generated Stage7 member for 汉朝刘氏.,False
1006634,7001,刘孝安,female,1809-01-01,1858-12-31,23,孝,Rule-generated Stage7 member for 汉朝刘氏.,False
1006635,7001,刘孝成,male,1808-01-01,1852-12-31,23,孝,Rule-generated Stage7 member for 汉朝刘氏.,False
1006636,7001,刘孝华,female,1813-01-01,1886-12-31,23,孝,Rule-generated Stage7 member for 汉朝刘氏.,False
1006637,7001,刘国安,male,1809-01-01,1854-12-31,23,孝,Rule-generated Stage7 member for 汉朝刘氏.,False
1006638,7001,刘孝安,female,1808-01-01,1903-12-31,23,孝,Rule-generated Stage7 member for 汉朝刘氏.,False
1006639,7001,刘丽,male,1811-01-01,1890-12-31,23,孝,Rule-generated Stage7 member for 汉朝刘氏.,False
1006640,7001,刘丽,female,1808-01-01,1851-12-31,23,孝,Rule-generated Stage7 member for 汉朝刘氏.,False
1006641,7001,刘孝宗,male,1812-01-01,1861-12-31,23,孝,Rule-generated Stage7 member for 汉朝刘氏.,False
1006642,7001,刘梅敏,female,1813-01-01,1873-12-31,23,孝,Rule-generated Stage7 member for 汉朝刘氏.,False
1006643,7001,刘丽,male,1809-01-01,1899-12-31,23,孝,Rule-generated Stage7 member for 汉朝刘氏.,False
1006644,7001,刘孝雅,female,1812-01-01,1887-12-31,23,孝,Rule-generated Stage7 member for 汉朝刘氏.,False
1006645,7001,刘孝安,male,1808-01-01,1895-12-31,23,孝,Rule-generated Stage7 member for 汉朝刘氏.,False
1006646,7001,刘丽,female,1807-01-01,1871-12-31,23,孝,Rule-generated Stage7 member for 汉朝刘氏.,False
1006647,7001,刘成成,male,1813-01-01,1872-12-31,23,孝,Rule-generated Stage7 member for 汉朝刘氏.,False
1006648,7001,刘玉华,female,1812-01-01,1900-12-31,23,孝,Rule-generated Stage7 member for 汉朝刘氏.,False
1006649,7001,刘明德,male,1808-01-01,1901-12-31,23,孝,Rule-generated Stage7 member for 汉朝刘氏.,False
1006650,7001,刘丽,female,1811-01-01,1870-12-31,23,孝,Rule-generated Stage7 member for 汉朝刘氏.,False
1006651,7001,刘孝景,male,1807-01-01,1863-12-31,23,孝,Rule-generated Stage7 member for 汉朝刘氏.,False
1006652,7001,刘孝芳,female,1811-01-01,1900-12-31,23,孝,Rule-generated Stage7 member for 汉朝刘氏.,False
1006653,7001,刘景承,male,1813-01-01,1866-12-31,23,孝,Rule-generated Stage7 member for 汉朝刘氏.,False
1006654,7001,刘孝玉,female,1813-01-01,1881-12-31,23,孝,Rule-generated Stage7 member for 汉朝刘氏.,False
1006655,7001,刘强景,male,1810-01-01,1915-12-31,23,孝,Rule-generated Stage7 member for 汉朝刘氏.,False
1006656,7001,刘安宁,female,1808-01-01,1840-12-31,23,孝,Rule-generated Stage7 member for 汉朝刘氏.,False
1006657,7001,刘华,male,1810-01-01,1852-12-31,23,孝,Rule-generated Stage7 member for 汉朝刘氏.,False
1006658,7001,刘孝兰,female,1810-01-01,1898-12-31,23,孝,Rule-generated Stage7 member for 汉朝刘氏.,False
1006659,7001,刘华,male,1813-01-01,1887-12-31,23,孝,Rule-generated Stage7 member for 汉朝刘氏.,False
1006660,7001,刘孝安,female,1809-01-01,1875-12-31,23,孝,Rule-generated Stage7 member for 汉朝刘氏.,False
1006661,7001,刘强宗,male,1807-01-01,1869-12-31,23,孝,Rule-generated Stage7 member for 汉朝刘氏.,False
1006662,7001,刘孝敏,female,1807-01-01,1905-12-31,23,孝,Rule-generated Stage7 member for 汉朝刘氏.,False
1006663,7001,刘孝成,male,1811-01-01,1878-12-31,23,孝,Rule-generated Stage7 member for 汉朝刘氏.,False
1006664,7001,刘孝兰,female,1812-01-01,1855-12-31,23,孝,Rule-generated Stage7 member for 汉朝刘氏.,False
1006665,7001,刘孝成,male,1813-01-01,1886-12-31,23,孝,Rule-generated Stage7 member for 汉朝刘氏.,False
1006666,7001,刘梅华,female,1810-01-01,1885-12-31,23,孝,Rule-generated Stage7 member for 汉朝刘氏.,False
1006667,7001,刘强,male,1810-01-01,1888-12-31,23,孝,Rule-generated Stage7 member for 汉朝刘氏.,False
1006668,7001,刘玉慧,female,1812-01-01,1876-12-31,23,孝,Rule-generated Stage7 member for 汉朝刘氏.,False
1006669,7001,刘礼强,male,1831-01-01,1871-12-31,24,礼,Rule-generated Stage7 member for 汉朝刘氏.,False
1006670,7001,刘华兰,female,1834-01-01,1892-12-31,24,礼,Rule-generated Stage7 member for 汉朝刘氏.,False
1006671,7001,刘礼文,male,1829-01-01,1892-12-31,24,礼,Rule-generated Stage7 member for 汉朝刘氏.,False
1006672,7001,刘礼宁,female,1829-01-01,1909-12-31,24,礼,Rule-generated Stage7 member for 汉朝刘氏.,False
1006673,7001,刘礼世,male,1834-01-01,1909-12-31,24,礼,Rule-generated Stage7 member for 汉朝刘氏.,False
1006674,7001,刘敏,female,1832-01-01,1858-12-31,24,礼,Rule-generated Stage7 member for 汉朝刘氏.,False
1006675,7001,刘宗国,male,1831-01-01,1900-12-31,24,礼,Rule-generated Stage7 member for 汉朝刘氏.,False
1006676,7001,刘礼清,female,1832-01-01,1883-12-31,24,礼,Rule-generated Stage7 member for 汉朝刘氏.,False
1006677,7001,刘礼安,male,1830-01-01,1887-12-31,24,礼,Rule-generated Stage7 member for 汉朝刘氏.,False
1006678,7001,刘宁兰,female,1831-01-01,1872-12-31,24,礼,Rule-generated Stage7 member for 汉朝刘氏.,False
1006679,7001,刘礼明,male,1834-01-01,1882-12-31,24,礼,Rule-generated Stage7 member for 汉朝刘氏.,False
1006680,7001,刘礼雅,female,1835-01-01,1871-12-31,24,礼,Rule-generated Stage7 member for 汉朝刘氏.,False
1006681,7001,刘礼德,male,1830-01-01,1896-12-31,24,礼,Rule-generated Stage7 member for 汉朝刘氏.,False
1006682,7001,刘礼宁,female,1834-01-01,1897-12-31,24,礼,Rule-generated Stage7 member for 汉朝刘氏.,False
1006683,7001,刘敏,male,1830-01-01,1896-12-31,24,礼,Rule-generated Stage7 member for 汉朝刘氏.,False
1006684,7001,刘礼梅,female,1835-01-01,1876-12-31,24,礼,Rule-generated Stage7 member for 汉朝刘氏.,False
1006685,7001,刘强,male,1833-01-01,1906-12-31,24,礼,Rule-generated Stage7 member for 汉朝刘氏.,False
1006686,7001,刘礼敏,female,1834-01-01,1911-12-31,24,礼,Rule-generated Stage7 member for 汉朝刘氏.,False
1006687,7001,刘礼安,male,1835-01-01,1900-12-31,24,礼,Rule-generated Stage7 member for 汉朝刘氏.,False
1006688,7001,刘强,female,1835-01-01,1910-12-31,24,礼,Rule-generated Stage7 member for 汉朝刘氏.,False
1006689,7001,刘安德,male,1832-01-01,1927-12-31,24,礼,Rule-generated Stage7 member for 汉朝刘氏.,False
1006690,7001,刘礼梅,female,1834-01-01,1921-12-31,24,礼,Rule-generated Stage7 member for 汉朝刘氏.,False
1006691,7001,刘礼世,male,1834-01-01,1863-12-31,24,礼,Rule-generated Stage7 member for 汉朝刘氏.,False
1006692,7001,刘礼慧,female,1830-01-01,1873-12-31,24,礼,Rule-generated Stage7 member for 汉朝刘氏.,False
1006693,7001,刘礼宗,male,1831-01-01,1898-12-31,24,礼,Rule-generated Stage7 member for 汉朝刘氏.,False
1006694,7001,刘礼敏,female,1832-01-01,1913-12-31,24,礼,Rule-generated Stage7 member for 汉朝刘氏.,False
1006695,7001,刘礼承,male,1830-01-01,1908-12-31,24,礼,Rule-generated Stage7 member for 汉朝刘氏.,False
1006696,7001,刘安雅,female,1833-01-01,1862-12-31,24,礼,Rule-generated Stage7 member for 汉朝刘氏.,False
1006697,7001,刘礼景,male,1835-01-01,1924-12-31,24,礼,Rule-generated Stage7 member for 汉朝刘氏.,False
1006698,7001,刘梅玉,female,1832-01-01,1913-12-31,24,礼,Rule-generated Stage7 member for 汉朝刘氏.,False
1006699,7001,刘文伟,male,1830-01-01,1893-12-31,24,礼,Rule-generated Stage7 member for 汉朝刘氏.,False
1006700,7001,刘礼芳,female,1831-01-01,1920-12-31,24,礼,Rule-generated Stage7 member for 汉朝刘氏.,False
1006701,7001,刘强,male,1835-01-01,1910-12-31,24,礼,Rule-generated Stage7 member for 汉朝刘氏.,False
1006702,7001,刘礼清,female,1829-01-01,1922-12-31,24,礼,Rule-generated Stage7 member for 汉朝刘氏.,False
1006703,7001,刘礼宗,male,1833-01-01,1893-12-31,24,礼,Rule-generated Stage7 member for 汉朝刘氏.,False
1006704,7001,刘雅宁,female,1835-01-01,1895-12-31,24,礼,Rule-generated Stage7 member for 汉朝刘氏.,False
1006705,7001,刘强安,male,1833-01-01,1899-12-31,24,礼,Rule-generated Stage7 member for 汉朝刘氏.,False
1006706,7001,刘礼华,female,1832-01-01,1870-12-31,24,礼,Rule-generated Stage7 member for 汉朝刘氏.,False
1006707,7001,刘强承,male,1833-01-01,1901-12-31,24,礼,Rule-generated Stage7 member for 汉朝刘氏.,False
1006708,7001,刘华慧,female,1829-01-01,1860-12-31,24,礼,Rule-generated Stage7 member for 汉朝刘氏.,False
1006709,7001,刘礼安,male,1832-01-01,1933-12-31,24,礼,Rule-generated Stage7 member for 汉朝刘氏.,False
1006710,7001,刘礼宁,female,1835-01-01,1917-12-31,24,礼,Rule-generated Stage7 member for 汉朝刘氏.,False
1006711,7001,刘礼景,male,1834-01-01,1890-12-31,24,礼,Rule-generated Stage7 member for 汉朝刘氏.,False
1006712,7001,刘安华,female,1835-01-01,1896-12-31,24,礼,Rule-generated Stage7 member for 汉朝刘氏.,False
1006713,7001,刘礼安,male,1829-01-01,1872-12-31,24,礼,Rule-generated Stage7 member for 汉朝刘氏.,False
1006714,7001,刘清安,female,1830-01-01,1865-12-31,24,礼,Rule-generated Stage7 member for 汉朝刘氏.,False
1006715,7001,刘礼景,male,1835-01-01,1878-12-31,24,礼,Rule-generated Stage7 member for 汉朝刘氏.,False
1006716,7001,刘华清,female,1830-01-01,1895-12-31,24,礼,Rule-generated Stage7 member for 汉朝刘氏.,False
1006717,7001,刘国安,male,1831-01-01,1878-12-31,24,礼,Rule-generated Stage7 member for 汉朝刘氏.,False
1006718,7001,刘礼清,female,1830-01-01,1925-12-31,24,礼,Rule-generated Stage7 member for 汉朝刘氏.,False
1006719,7001,刘伟伟,male,1830-01-01,1897-12-31,24,礼,Rule-generated Stage7 member for 汉朝刘氏.,False
1006720,7001,刘敏玉,female,1835-01-01,1912-12-31,24,礼,Rule-generated Stage7 member for 汉朝刘氏.,False
1006721,7001,刘伟,male,1833-01-01,1889-12-31,24,礼,Rule-generated Stage7 member for 汉朝刘氏.,False
1006722,7001,刘敏,female,1834-01-01,1873-12-31,24,礼,Rule-generated Stage7 member for 汉朝刘氏.,False
1006723,7001,刘文成,male,1830-01-01,1923-12-31,24,礼,Rule-generated Stage7 member for 汉朝刘氏.,False
1006724,7001,刘敏,female,1835-01-01,1905-12-31,24,礼,Rule-generated Stage7 member for 汉朝刘氏.,False
1006725,7001,刘伟明,male,1832-01-01,1923-12-31,24,礼,Rule-generated Stage7 member for 汉朝刘氏.,False
1006726,7001,刘清宁,female,1833-01-01,1886-12-31,24,礼,Rule-generated Stage7 member for 汉朝刘氏.,False
1006727,7001,刘礼德,male,1830-01-01,1874-12-31,24,礼,Rule-generated Stage7 member for 汉朝刘氏.,False
1006728,7001,刘慧梅,female,1833-01-01,1912-12-31,24,礼,Rule-generated Stage7 member for 汉朝刘氏.,False
1006729,7001,刘礼景,male,1833-01-01,1893-12-31,24,礼,Rule-generated Stage7 member for 汉朝刘氏.,False
1006730,7001,刘礼雅,female,1833-01-01,1897-12-31,24,礼,Rule-generated Stage7 member for 汉朝刘氏.,False
1006731,7001,刘礼强,male,1834-01-01,1896-12-31,24,礼,Rule-generated Stage7 member for 汉朝刘氏.,False
1006732,7001,刘明,female,1835-01-01,1891-12-31,24,礼,Rule-generated Stage7 member for 汉朝刘氏.,False
1006733,7001,刘伟,male,1835-01-01,1907-12-31,24,礼,Rule-generated Stage7 member for 汉朝刘氏.,False
1006734,7001,刘礼安,female,1833-01-01,1929-12-31,24,礼,Rule-generated Stage7 member for 汉朝刘氏.,False
1006735,7001,刘礼国,male,1831-01-01,1909-12-31,24,礼,Rule-generated Stage7 member for 汉朝刘氏.,False
1006736,7001,刘强,female,1833-01-01,1882-12-31,24,礼,Rule-generated Stage7 member for 汉朝刘氏.,False
1006737,7001,刘礼景,male,1835-01-01,1887-12-31,24,礼,Rule-generated Stage7 member for 汉朝刘氏.,False
1006738,7001,刘敏兰,female,1832-01-01,1901-12-31,24,礼,Rule-generated Stage7 member for 汉朝刘氏.,False
1006739,7001,刘礼德,male,1830-01-01,1918-12-31,24,礼,Rule-generated Stage7 member for 汉朝刘氏.,False
1006740,7001,刘礼梅,female,1833-01-01,1871-12-31,24,礼,Rule-generated Stage7 member for 汉朝刘氏.,False
1006741,7001,刘强成,male,1833-01-01,1892-12-31,24,礼,Rule-generated Stage7 member for 汉朝刘氏.,False
1006742,7001,刘礼梅,female,1835-01-01,1903-12-31,24,礼,Rule-generated Stage7 member for 汉朝刘氏.,False
1006743,7001,刘礼国,male,1829-01-01,1921-12-31,24,礼,Rule-generated Stage7 member for 汉朝刘氏.,False
1006744,7001,刘华梅,female,1830-01-01,1872-12-31,24,礼,Rule-generated Stage7 member for 汉朝刘氏.,False
1006745,7001,刘礼强,male,1834-01-01,1922-12-31,24,礼,Rule-generated Stage7 member for 汉朝刘氏.,False
1006746,7001,刘礼玉,female,1831-01-01,1920-12-31,24,礼,Rule-generated Stage7 member for 汉朝刘氏.,False
1006747,7001,刘伟,male,1832-01-01,1917-12-31,24,礼,Rule-generated Stage7 member for 汉朝刘氏.,False
1006748,7001,刘敏,female,1834-01-01,1932-12-31,24,礼,Rule-generated Stage7 member for 汉朝刘氏.,False
1006749,7001,刘国景,male,1830-01-01,1900-12-31,24,礼,Rule-generated Stage7 member for 汉朝刘氏.,False
1006750,7001,刘礼玉,female,1829-01-01,1863-12-31,24,礼,Rule-generated Stage7 member for 汉朝刘氏.,False
1006751,7001,刘礼文,male,1832-01-01,1888-12-31,24,礼,Rule-generated Stage7 member for 汉朝刘氏.,False
1006752,7001,刘清玉,female,1829-01-01,1870-12-31,24,礼,Rule-generated Stage7 member for 汉朝刘氏.,False
1006753,7001,刘礼德,male,1833-01-01,1919-12-31,24,礼,Rule-generated Stage7 member for 汉朝刘氏.,False
1006754,7001,刘礼丽,female,1832-01-01,1926-12-31,24,礼,Rule-generated Stage7 member for 汉朝刘氏.,False
1006755,7001,刘礼国,male,1831-01-01,1872-12-31,24,礼,Rule-generated Stage7 member for 汉朝刘氏.,False
1006756,7001,刘礼芳,female,1831-01-01,1930-12-31,24,礼,Rule-generated Stage7 member for 汉朝刘氏.,False
1006757,7001,刘礼文,male,1830-01-01,1866-12-31,24,礼,Rule-generated Stage7 member for 汉朝刘氏.,False
1006758,7001,刘玉芳,female,1831-01-01,1887-12-31,24,礼,Rule-generated Stage7 member for 汉朝刘氏.,False
1006759,7001,刘礼文,male,1829-01-01,1872-12-31,24,礼,Rule-generated Stage7 member for 汉朝刘氏.,False
1006760,7001,刘礼华,female,1834-01-01,1933-12-31,24,礼,Rule-generated Stage7 member for 汉朝刘氏.,False
1006761,7001,刘德伟,male,1830-01-01,1938-12-31,24,礼,Rule-generated Stage7 member for 汉朝刘氏.,False
1006762,7001,刘礼兰,female,1833-01-01,1913-12-31,24,礼,Rule-generated Stage7 member for 汉朝刘氏.,False
1006763,7001,刘强,male,1833-01-01,1909-12-31,24,礼,Rule-generated Stage7 member for 汉朝刘氏.,False
1006764,7001,刘礼丽,female,1830-01-01,1924-12-31,24,礼,Rule-generated Stage7 member for 汉朝刘氏.,False
1006765,7001,刘礼宗,male,1830-01-01,1889-12-31,24,礼,Rule-generated Stage7 member for 汉朝刘氏.,False
1006766,7001,刘丽宁,female,1833-01-01,1932-12-31,24,礼,Rule-generated Stage7 member for 汉朝刘氏.,False
1006767,7001,刘礼强,male,1830-01-01,1919-12-31,24,礼,Rule-generated Stage7 member for 汉朝刘氏.,False
1006768,7001,刘丽华,female,1835-01-01,1887-12-31,24,礼,Rule-generated Stage7 member for 汉朝刘氏.,False
1006769,7001,刘礼伟,male,1832-01-01,1925-12-31,24,礼,Rule-generated Stage7 member for 汉朝刘氏.,False
1006770,7001,刘礼敏,female,1829-01-01,1861-12-31,24,礼,Rule-generated Stage7 member for 汉朝刘氏.,False
1006771,7001,刘礼明,male,1829-01-01,1903-12-31,24,礼,Rule-generated Stage7 member for 汉朝刘氏.,False
1006772,7001,刘礼安,female,1835-01-01,1909-12-31,24,礼,Rule-generated Stage7 member for 汉朝刘氏.,False
1006773,7001,刘礼强,male,1834-01-01,1873-12-31,24,礼,Rule-generated Stage7 member for 汉朝刘氏.,False
1006774,7001,刘礼清,female,1829-01-01,1901-12-31,24,礼,Rule-generated Stage7 member for 汉朝刘氏.,False
1006775,7001,刘礼国,male,1829-01-01,1890-12-31,24,礼,Rule-generated Stage7 member for 汉朝刘氏.,False
1006776,7001,刘礼安,female,1833-01-01,1896-12-31,24,礼,Rule-generated Stage7 member for 汉朝刘氏.,False
1006777,7001,刘礼德,male,1829-01-01,1897-12-31,24,礼,Rule-generated Stage7 member for 汉朝刘氏.,False
1006778,7001,刘雅丽,female,1834-01-01,1918-12-31,24,礼,Rule-generated Stage7 member for 汉朝刘氏.,False
1006779,7001,刘文强,male,1833-01-01,1907-12-31,24,礼,Rule-generated Stage7 member for 汉朝刘氏.,False
1006780,7001,刘安清,female,1829-01-01,1912-12-31,24,礼,Rule-generated Stage7 member for 汉朝刘氏.,False
1006781,7001,刘伟承,male,1829-01-01,1920-12-31,24,礼,Rule-generated Stage7 member for 汉朝刘氏.,False
1006782,7001,刘礼雅,female,1832-01-01,1922-12-31,24,礼,Rule-generated Stage7 member for 汉朝刘氏.,False
1006783,7001,刘礼景,male,1834-01-01,1918-12-31,24,礼,Rule-generated Stage7 member for 汉朝刘氏.,False
1006784,7001,刘玉清,female,1832-01-01,1890-12-31,24,礼,Rule-generated Stage7 member for 汉朝刘氏.,False
1006785,7001,刘德伟,male,1830-01-01,1890-12-31,24,礼,Rule-generated Stage7 member for 汉朝刘氏.,False
1006786,7001,刘礼华,female,1829-01-01,1877-12-31,24,礼,Rule-generated Stage7 member for 汉朝刘氏.,False
1006787,7001,刘伟,male,1829-01-01,1864-12-31,24,礼,Rule-generated Stage7 member for 汉朝刘氏.,False
1006788,7001,刘礼雅,female,1832-01-01,1906-12-31,24,礼,Rule-generated Stage7 member for 汉朝刘氏.,False
1006789,7001,刘礼宗,male,1834-01-01,1899-12-31,24,礼,Rule-generated Stage7 member for 汉朝刘氏.,False
1006790,7001,刘礼梅,female,1831-01-01,1902-12-31,24,礼,Rule-generated Stage7 member for 汉朝刘氏.,False
1006791,7001,刘礼承,male,1835-01-01,1903-12-31,24,礼,Rule-generated Stage7 member for 汉朝刘氏.,False
1006792,7001,刘礼兰,female,1832-01-01,1864-12-31,24,礼,Rule-generated Stage7 member for 汉朝刘氏.,False
1006793,7001,刘礼安,male,1835-01-01,1921-12-31,24,礼,Rule-generated Stage7 member for 汉朝刘氏.,False
1006794,7001,刘礼安,female,1831-01-01,1914-12-31,24,礼,Rule-generated Stage7 member for 汉朝刘氏.,False
1006795,7001,刘文国,male,1834-01-01,1876-12-31,24,礼,Rule-generated Stage7 member for 汉朝刘氏.,False
1006796,7001,刘安丽,female,1829-01-01,1876-12-31,24,礼,Rule-generated Stage7 member for 汉朝刘氏.,False
1006797,7001,刘强强,male,1832-01-01,1918-12-31,24,礼,Rule-generated Stage7 member for 汉朝刘氏.,False
1006798,7001,刘丽安,female,1835-01-01,1930-12-31,24,礼,Rule-generated Stage7 member for 汉朝刘氏.,False
1006799,7001,刘礼强,male,1832-01-01,1912-12-31,24,礼,Rule-generated Stage7 member for 汉朝刘氏.,False
1006800,7001,刘礼芳,female,1832-01-01,1924-12-31,24,礼,Rule-generated Stage7 member for 汉朝刘氏.,False
1006801,7001,刘明,male,1830-01-01,1882-12-31,24,礼,Rule-generated Stage7 member for 汉朝刘氏.,False
1006802,7001,刘华梅,female,1833-01-01,1896-12-31,24,礼,Rule-generated Stage7 member for 汉朝刘氏.,False
1006803,7001,刘礼承,male,1832-01-01,1909-12-31,24,礼,Rule-generated Stage7 member for 汉朝刘氏.,False
1006804,7001,刘华,female,1833-01-01,1869-12-31,24,礼,Rule-generated Stage7 member for 汉朝刘氏.,False
1006805,7001,刘礼明,male,1834-01-01,1860-12-31,24,礼,Rule-generated Stage7 member for 汉朝刘氏.,False
1006806,7001,刘礼华,female,1830-01-01,1920-12-31,24,礼,Rule-generated Stage7 member for 汉朝刘氏.,False
1006807,7001,刘礼国,male,1830-01-01,1899-12-31,24,礼,Rule-generated Stage7 member for 汉朝刘氏.,False
1006808,7001,刘清安,female,1832-01-01,1908-12-31,24,礼,Rule-generated Stage7 member for 汉朝刘氏.,False
1006809,7001,刘丽,male,1833-01-01,1879-12-31,24,礼,Rule-generated Stage7 member for 汉朝刘氏.,False
1006810,7001,刘礼安,female,1835-01-01,1908-12-31,24,礼,Rule-generated Stage7 member for 汉朝刘氏.,False
1006811,7001,刘明,male,1833-01-01,1893-12-31,24,礼,Rule-generated Stage7 member for 汉朝刘氏.,False
1006812,7001,刘礼雅,female,1832-01-01,1934-12-31,24,礼,Rule-generated Stage7 member for 汉朝刘氏.,False
1006813,7001,刘礼伟,male,1835-01-01,1915-12-31,24,礼,Rule-generated Stage7 member for 汉朝刘氏.,False
1006814,7001,刘明,female,1832-01-01,1877-12-31,24,礼,Rule-generated Stage7 member for 汉朝刘氏.,False
1006815,7001,刘礼明,male,1834-01-01,1910-12-31,24,礼,Rule-generated Stage7 member for 汉朝刘氏.,False
1006816,7001,刘丽,female,1831-01-01,1912-12-31,24,礼,Rule-generated Stage7 member for 汉朝刘氏.,False
1006817,7001,刘强景,male,1835-01-01,1887-12-31,24,礼,Rule-generated Stage7 member for 汉朝刘氏.,False
1006818,7001,刘礼丽,female,1832-01-01,1902-12-31,24,礼,Rule-generated Stage7 member for 汉朝刘氏.,False
1006819,7001,刘礼成,male,1832-01-01,1905-12-31,24,礼,Rule-generated Stage7 member for 汉朝刘氏.,False
1006820,7001,刘礼慧,female,1835-01-01,1924-12-31,24,礼,Rule-generated Stage7 member for 汉朝刘氏.,False
1006821,7001,刘礼世,male,1831-01-01,1904-12-31,24,礼,Rule-generated Stage7 member for 汉朝刘氏.,False
1006822,7001,刘礼敏,female,1831-01-01,1910-12-31,24,礼,Rule-generated Stage7 member for 汉朝刘氏.,False
1006823,7001,刘礼宗,male,1833-01-01,1867-12-31,24,礼,Rule-generated Stage7 member for 汉朝刘氏.,False
1006824,7001,刘华玉,female,1829-01-01,1901-12-31,24,礼,Rule-generated Stage7 member for 汉朝刘氏.,False
1006825,7001,刘景德,male,1833-01-01,1907-12-31,24,礼,Rule-generated Stage7 member for 汉朝刘氏.,False
1006826,7001,刘丽宁,female,1833-01-01,1887-12-31,24,礼,Rule-generated Stage7 member for 汉朝刘氏.,False
1006827,7001,刘明,male,1833-01-01,1915-12-31,24,礼,Rule-generated Stage7 member for 汉朝刘氏.,False
1006828,7001,刘礼玉,female,1829-01-01,1880-12-31,24,礼,Rule-generated Stage7 member for 汉朝刘氏.,False
1006829,7001,刘敏,male,1832-01-01,1900-12-31,24,礼,Rule-generated Stage7 member for 汉朝刘氏.,False
1006830,7001,刘礼安,female,1832-01-01,1900-12-31,24,礼,Rule-generated Stage7 member for 汉朝刘氏.,False
1006831,7001,刘礼伟,male,1835-01-01,1925-12-31,24,礼,Rule-generated Stage7 member for 汉朝刘氏.,False
1006832,7001,刘兰敏,female,1833-01-01,1865-12-31,24,礼,Rule-generated Stage7 member for 汉朝刘氏.,False
1006833,7001,刘承强,male,1830-01-01,1898-12-31,24,礼,Rule-generated Stage7 member for 汉朝刘氏.,False
1006834,7001,刘安华,female,1830-01-01,1893-12-31,24,礼,Rule-generated Stage7 member for 汉朝刘氏.,False
1006835,7001,刘礼世,male,1831-01-01,1927-12-31,24,礼,Rule-generated Stage7 member for 汉朝刘氏.,False
1006836,7001,刘兰玉,female,1829-01-01,1920-12-31,24,礼,Rule-generated Stage7 member for 汉朝刘氏.,False
1006837,7001,刘伟,male,1835-01-01,1912-12-31,24,礼,Rule-generated Stage7 member for 汉朝刘氏.,False
1006838,7001,刘礼梅,female,1831-01-01,1880-12-31,24,礼,Rule-generated Stage7 member for 汉朝刘氏.,False
1006839,7001,刘礼伟,male,1832-01-01,1925-12-31,24,礼,Rule-generated Stage7 member for 汉朝刘氏.,False
1006840,7001,刘礼梅,female,1833-01-01,1901-12-31,24,礼,Rule-generated Stage7 member for 汉朝刘氏.,False
1006841,7001,刘文文,male,1829-01-01,1927-12-31,24,礼,Rule-generated Stage7 member for 汉朝刘氏.,False
1006842,7001,刘伟,female,1832-01-01,1914-12-31,24,礼,Rule-generated Stage7 member for 汉朝刘氏.,False
1006843,7001,刘宗成,male,1829-01-01,1916-12-31,24,礼,Rule-generated Stage7 member for 汉朝刘氏.,False
1006844,7001,刘慧宁,female,1834-01-01,1877-12-31,24,礼,Rule-generated Stage7 member for 汉朝刘氏.,False
1006845,7001,刘礼承,male,1832-01-01,1905-12-31,24,礼,Rule-generated Stage7 member for 汉朝刘氏.,False
1006846,7001,刘礼宁,female,1829-01-01,1863-12-31,24,礼,Rule-generated Stage7 member for 汉朝刘氏.,False
1006847,7001,刘礼安,male,1835-01-01,1893-12-31,24,礼,Rule-generated Stage7 member for 汉朝刘氏.,False
1006848,7001,刘宁敏,female,1834-01-01,1892-12-31,24,礼,Rule-generated Stage7 member for 汉朝刘氏.,False
1006849,7001,刘强,male,1831-01-01,1924-12-31,24,礼,Rule-generated Stage7 member for 汉朝刘氏.,False
1006850,7001,刘礼玉,female,1829-01-01,1895-12-31,24,礼,Rule-generated Stage7 member for 汉朝刘氏.,False
1006851,7001,刘德强,male,1831-01-01,1890-12-31,24,礼,Rule-generated Stage7 member for 汉朝刘氏.,False
1006852,7001,刘礼慧,female,1834-01-01,1927-12-31,24,礼,Rule-generated Stage7 member for 汉朝刘氏.,False
1006853,7001,刘承成,male,1831-01-01,1886-12-31,24,礼,Rule-generated Stage7 member for 汉朝刘氏.,False
1006854,7001,刘礼慧,female,1830-01-01,1878-12-31,24,礼,Rule-generated Stage7 member for 汉朝刘氏.,False
1006855,7001,刘敏,male,1832-01-01,1913-12-31,24,礼,Rule-generated Stage7 member for 汉朝刘氏.,False
1006856,7001,刘华玉,female,1830-01-01,1854-12-31,24,礼,Rule-generated Stage7 member for 汉朝刘氏.,False
1006857,7001,刘礼德,male,1832-01-01,1899-12-31,24,礼,Rule-generated Stage7 member for 汉朝刘氏.,False
1006858,7001,刘伟,female,1830-01-01,1885-12-31,24,礼,Rule-generated Stage7 member for 汉朝刘氏.,False
1006859,7001,刘德世,male,1834-01-01,1917-12-31,24,礼,Rule-generated Stage7 member for 汉朝刘氏.,False
1006860,7001,刘华,female,1829-01-01,1862-12-31,24,礼,Rule-generated Stage7 member for 汉朝刘氏.,False
1006861,7001,刘德宗,male,1832-01-01,1893-12-31,24,礼,Rule-generated Stage7 member for 汉朝刘氏.,False
1006862,7001,刘礼安,female,1833-01-01,1906-12-31,24,礼,Rule-generated Stage7 member for 汉朝刘氏.,False
1006863,7001,刘德伟,male,1829-01-01,1890-12-31,24,礼,Rule-generated Stage7 member for 汉朝刘氏.,False
1006864,7001,刘礼敏,female,1832-01-01,1879-12-31,24,礼,Rule-generated Stage7 member for 汉朝刘氏.,False
1006865,7001,刘文明,male,1830-01-01,1914-12-31,24,礼,Rule-generated Stage7 member for 汉朝刘氏.,False
1006866,7001,刘礼敏,female,1834-01-01,1907-12-31,24,礼,Rule-generated Stage7 member for 汉朝刘氏.,False
1006867,7001,刘世宗,male,1832-01-01,1900-12-31,24,礼,Rule-generated Stage7 member for 汉朝刘氏.,False
1006868,7001,刘安兰,female,1833-01-01,1882-12-31,24,礼,Rule-generated Stage7 member for 汉朝刘氏.,False
1006869,7001,刘礼安,male,1834-01-01,1889-12-31,24,礼,Rule-generated Stage7 member for 汉朝刘氏.,False
1006870,7001,刘丽,female,1835-01-01,1934-12-31,24,礼,Rule-generated Stage7 member for 汉朝刘氏.,False
1006871,7001,刘礼成,male,1835-01-01,1888-12-31,24,礼,Rule-generated Stage7 member for 汉朝刘氏.,False
1006872,7001,刘丽丽,female,1832-01-01,1905-12-31,24,礼,Rule-generated Stage7 member for 汉朝刘氏.,False
1006873,7001,刘伟,male,1830-01-01,1920-12-31,24,礼,Rule-generated Stage7 member for 汉朝刘氏.,False
1006874,7001,刘礼雅,female,1832-01-01,1892-12-31,24,礼,Rule-generated Stage7 member for 汉朝刘氏.,False
1006875,7001,刘宗文,male,1833-01-01,1908-12-31,24,礼,Rule-generated Stage7 member for 汉朝刘氏.,False
1006876,7001,刘礼清,female,1835-01-01,1880-12-31,24,礼,Rule-generated Stage7 member for 汉朝刘氏.,False
1006877,7001,刘礼强,male,1833-01-01,1866-12-31,24,礼,Rule-generated Stage7 member for 汉朝刘氏.,False
1006878,7001,刘清梅,female,1833-01-01,1922-12-31,24,礼,Rule-generated Stage7 member for 汉朝刘氏.,False
1006879,7001,刘景承,male,1830-01-01,1908-12-31,24,礼,Rule-generated Stage7 member for 汉朝刘氏.,False
1006880,7001,刘丽,female,1835-01-01,1900-12-31,24,礼,Rule-generated Stage7 member for 汉朝刘氏.,False
1006881,7001,刘礼明,male,1831-01-01,1900-12-31,24,礼,Rule-generated Stage7 member for 汉朝刘氏.,False
1006882,7001,刘礼雅,female,1829-01-01,1923-12-31,24,礼,Rule-generated Stage7 member for 汉朝刘氏.,False
1006883,7001,刘文安,male,1835-01-01,1870-12-31,24,礼,Rule-generated Stage7 member for 汉朝刘氏.,False
1006884,7001,刘安芳,female,1835-01-01,1881-12-31,24,礼,Rule-generated Stage7 member for 汉朝刘氏.,False
1006885,7001,刘礼伟,male,1834-01-01,1880-12-31,24,礼,Rule-generated Stage7 member for 汉朝刘氏.,False
1006886,7001,刘兰敏,female,1830-01-01,1909-12-31,24,礼,Rule-generated Stage7 member for 汉朝刘氏.,False
1006887,7001,刘礼世,male,1834-01-01,1897-12-31,24,礼,Rule-generated Stage7 member for 汉朝刘氏.,False
1006888,7001,刘明,female,1829-01-01,1904-12-31,24,礼,Rule-generated Stage7 member for 汉朝刘氏.,False
1006889,7001,刘敏,male,1832-01-01,1895-12-31,24,礼,Rule-generated Stage7 member for 汉朝刘氏.,False
1006890,7001,刘宁玉,female,1829-01-01,1898-12-31,24,礼,Rule-generated Stage7 member for 汉朝刘氏.,False
1006891,7001,刘宗成,male,1832-01-01,1911-12-31,24,礼,Rule-generated Stage7 member for 汉朝刘氏.,False
1006892,7001,刘丽,female,1834-01-01,1886-12-31,24,礼,Rule-generated Stage7 member for 汉朝刘氏.,False
1006893,7001,刘礼安,male,1834-01-01,1886-12-31,24,礼,Rule-generated Stage7 member for 汉朝刘氏.,False
1006894,7001,刘兰兰,female,1835-01-01,1906-12-31,24,礼,Rule-generated Stage7 member for 汉朝刘氏.,False
1006895,7001,刘成成,male,1834-01-01,1894-12-31,24,礼,Rule-generated Stage7 member for 汉朝刘氏.,False
1006896,7001,刘敏雅,female,1831-01-01,1918-12-31,24,礼,Rule-generated Stage7 member for 汉朝刘氏.,False
1006897,7001,刘礼承,male,1831-01-01,1859-12-31,24,礼,Rule-generated Stage7 member for 汉朝刘氏.,False
1006898,7001,刘玉雅,female,1829-01-01,1914-12-31,24,礼,Rule-generated Stage7 member for 汉朝刘氏.,False
1006899,7001,刘礼承,male,1829-01-01,1907-12-31,24,礼,Rule-generated Stage7 member for 汉朝刘氏.,False
1006900,7001,刘礼清,female,1834-01-01,1886-12-31,24,礼,Rule-generated Stage7 member for 汉朝刘氏.,False
1006901,7001,刘敏,male,1830-01-01,1909-12-31,24,礼,Rule-generated Stage7 member for 汉朝刘氏.,False
1006902,7001,刘礼梅,female,1829-01-01,1887-12-31,24,礼,Rule-generated Stage7 member for 汉朝刘氏.,False
1006903,7001,刘礼强,male,1833-01-01,1904-12-31,24,礼,Rule-generated Stage7 member for 汉朝刘氏.,False
1006904,7001,刘慧华,female,1830-01-01,1902-12-31,24,礼,Rule-generated Stage7 member for 汉朝刘氏.,False
1006905,7001,刘明德,male,1835-01-01,1876-12-31,24,礼,Rule-generated Stage7 member for 汉朝刘氏.,False
1006906,7001,刘礼慧,female,1831-01-01,1889-12-31,24,礼,Rule-generated Stage7 member for 汉朝刘氏.,False
1006907,7001,刘礼明,male,1834-01-01,1878-12-31,24,礼,Rule-generated Stage7 member for 汉朝刘氏.,False
1006908,7001,刘慧宁,female,1833-01-01,1867-12-31,24,礼,Rule-generated Stage7 member for 汉朝刘氏.,False
1006909,7001,刘礼景,male,1829-01-01,1865-12-31,24,礼,Rule-generated Stage7 member for 汉朝刘氏.,False
1006910,7001,刘礼清,female,1830-01-01,1871-12-31,24,礼,Rule-generated Stage7 member for 汉朝刘氏.,False
1006911,7001,刘礼德,male,1834-01-01,1897-12-31,24,礼,Rule-generated Stage7 member for 汉朝刘氏.,False
1006912,7001,刘礼丽,female,1829-01-01,1878-12-31,24,礼,Rule-generated Stage7 member for 汉朝刘氏.,False
1006913,7001,刘成景,male,1829-01-01,1930-12-31,24,礼,Rule-generated Stage7 member for 汉朝刘氏.,False
1006914,7001,刘礼玉,female,1829-01-01,1877-12-31,24,礼,Rule-generated Stage7 member for 汉朝刘氏.,False
1006915,7001,刘敏,male,1835-01-01,1933-12-31,24,礼,Rule-generated Stage7 member for 汉朝刘氏.,False
1006916,7001,刘伟,female,1830-01-01,1883-12-31,24,礼,Rule-generated Stage7 member for 汉朝刘氏.,False
1006917,7001,刘明安,male,1830-01-01,1882-12-31,24,礼,Rule-generated Stage7 member for 汉朝刘氏.,False
1006918,7001,刘华芳,female,1834-01-01,1911-12-31,24,礼,Rule-generated Stage7 member for 汉朝刘氏.,False
1006919,7001,刘礼安,male,1829-01-01,1895-12-31,24,礼,Rule-generated Stage7 member for 汉朝刘氏.,False
1006920,7001,刘宁芳,female,1829-01-01,1877-12-31,24,礼,Rule-generated Stage7 member for 汉朝刘氏.,False
1006921,7001,刘文德,male,1834-01-01,1907-12-31,24,礼,Rule-generated Stage7 member for 汉朝刘氏.,False
1006922,7001,刘礼雅,female,1829-01-01,1898-12-31,24,礼,Rule-generated Stage7 member for 汉朝刘氏.,False
1006923,7001,刘成成,male,1830-01-01,1921-12-31,24,礼,Rule-generated Stage7 member for 汉朝刘氏.,False
1006924,7001,刘雅慧,female,1834-01-01,1917-12-31,24,礼,Rule-generated Stage7 member for 汉朝刘氏.,False
1006925,7001,刘礼景,male,1832-01-01,1924-12-31,24,礼,Rule-generated Stage7 member for 汉朝刘氏.,False
1006926,7001,刘雅安,female,1834-01-01,1903-12-31,24,礼,Rule-generated Stage7 member for 汉朝刘氏.,False
1006927,7001,刘景德,male,1834-01-01,1893-12-31,24,礼,Rule-generated Stage7 member for 汉朝刘氏.,False
1006928,7001,刘华,female,1834-01-01,1927-12-31,24,礼,Rule-generated Stage7 member for 汉朝刘氏.,False
1006929,7001,刘礼世,male,1832-01-01,1903-12-31,24,礼,Rule-generated Stage7 member for 汉朝刘氏.,False
1006930,7001,刘敏慧,female,1834-01-01,1904-12-31,24,礼,Rule-generated Stage7 member for 汉朝刘氏.,False
1006931,7001,刘礼国,male,1832-01-01,1883-12-31,24,礼,Rule-generated Stage7 member for 汉朝刘氏.,False
1006932,7001,刘礼丽,female,1833-01-01,1908-12-31,24,礼,Rule-generated Stage7 member for 汉朝刘氏.,False
1006933,7001,刘礼文,male,1834-01-01,1910-12-31,24,礼,Rule-generated Stage7 member for 汉朝刘氏.,False
1006934,7001,刘义国,male,1854-01-01,1934-12-31,25,义,Rule-generated Stage7 member for 汉朝刘氏.,False
1006935,7001,刘义宁,female,1857-01-01,1957-12-31,25,义,Rule-generated Stage7 member for 汉朝刘氏.,False
1006936,7001,刘义伟,male,1856-01-01,1923-12-31,25,义,Rule-generated Stage7 member for 汉朝刘氏.,False
1006937,7001,刘义芳,female,1852-01-01,1902-12-31,25,义,Rule-generated Stage7 member for 汉朝刘氏.,False
1006938,7001,刘义承,male,1851-01-01,1928-12-31,25,义,Rule-generated Stage7 member for 汉朝刘氏.,False
1006939,7001,刘玉芳,female,1855-01-01,1877-12-31,25,义,Rule-generated Stage7 member for 汉朝刘氏.,False
1006940,7001,刘敏,male,1851-01-01,1929-12-31,25,义,Rule-generated Stage7 member for 汉朝刘氏.,False
1006941,7001,刘芳慧,female,1852-01-01,1878-12-31,25,义,Rule-generated Stage7 member for 汉朝刘氏.,False
1006942,7001,刘义宗,male,1851-01-01,1958-12-31,25,义,Rule-generated Stage7 member for 汉朝刘氏.,False
1006943,7001,刘义安,female,1852-01-01,1886-12-31,25,义,Rule-generated Stage7 member for 汉朝刘氏.,False
1006944,7001,刘义景,male,1851-01-01,1931-12-31,25,义,Rule-generated Stage7 member for 汉朝刘氏.,False
1006945,7001,刘华,female,1853-01-01,1909-12-31,25,义,Rule-generated Stage7 member for 汉朝刘氏.,False
1006946,7001,刘成伟,male,1854-01-01,1931-12-31,25,义,Rule-generated Stage7 member for 汉朝刘氏.,False
1006947,7001,刘强,female,1853-01-01,1879-12-31,25,义,Rule-generated Stage7 member for 汉朝刘氏.,False
1006948,7001,刘义承,male,1852-01-01,1916-12-31,25,义,Rule-generated Stage7 member for 汉朝刘氏.,False
1006949,7001,刘宁芳,female,1851-01-01,1899-12-31,25,义,Rule-generated Stage7 member for 汉朝刘氏.,False
1006950,7001,刘明,male,1854-01-01,1936-12-31,25,义,Rule-generated Stage7 member for 汉朝刘氏.,False
1006951,7001,刘伟,female,1856-01-01,1894-12-31,25,义,Rule-generated Stage7 member for 汉朝刘氏.,False
1006952,7001,刘义德,male,1852-01-01,1937-12-31,25,义,Rule-generated Stage7 member for 汉朝刘氏.,False
1006953,7001,刘义兰,female,1856-01-01,1904-12-31,25,义,Rule-generated Stage7 member for 汉朝刘氏.,False
1006954,7001,刘义承,male,1855-01-01,1877-12-31,25,义,Rule-generated Stage7 member for 汉朝刘氏.,False
1006955,7001,刘义芳,female,1853-01-01,1950-12-31,25,义,Rule-generated Stage7 member for 汉朝刘氏.,False
1006956,7001,刘义文,male,1857-01-01,1947-12-31,25,义,Rule-generated Stage7 member for 汉朝刘氏.,False
1006957,7001,刘义梅,female,1855-01-01,1951-12-31,25,义,Rule-generated Stage7 member for 汉朝刘氏.,False
1006958,7001,刘义强,male,1856-01-01,1884-12-31,25,义,Rule-generated Stage7 member for 汉朝刘氏.,False
1006959,7001,刘义梅,female,1851-01-01,1909-12-31,25,义,Rule-generated Stage7 member for 汉朝刘氏.,False
1006960,7001,刘义宗,male,1854-01-01,1940-12-31,25,义,Rule-generated Stage7 member for 汉朝刘氏.,False
1006961,7001,刘华,female,1854-01-01,1946-12-31,25,义,Rule-generated Stage7 member for 汉朝刘氏.,False
1006962,7001,刘义成,male,1852-01-01,1906-12-31,25,义,Rule-generated Stage7 member for 汉朝刘氏.,False
1006963,7001,刘义梅,female,1855-01-01,1895-12-31,25,义,Rule-generated Stage7 member for 汉朝刘氏.,False
1006964,7001,刘义安,male,1857-01-01,1930-12-31,25,义,Rule-generated Stage7 member for 汉朝刘氏.,False
1006965,7001,刘义丽,female,1857-01-01,1902-12-31,25,义,Rule-generated Stage7 member for 汉朝刘氏.,False
1006966,7001,刘国宗,male,1851-01-01,1952-12-31,25,义,Rule-generated Stage7 member for 汉朝刘氏.,False
1006967,7001,刘义敏,female,1854-01-01,1945-12-31,25,义,Rule-generated Stage7 member for 汉朝刘氏.,False
1006968,7001,刘国世,male,1855-01-01,1888-12-31,25,义,Rule-generated Stage7 member for 汉朝刘氏.,False
1006969,7001,刘敏,female,1856-01-01,1921-12-31,25,义,Rule-generated Stage7 member for 汉朝刘氏.,False
1006970,7001,刘宗承,male,1852-01-01,1926-12-31,25,义,Rule-generated Stage7 member for 汉朝刘氏.,False
1006971,7001,刘清梅,female,1856-01-01,1931-12-31,25,义,Rule-generated Stage7 member for 汉朝刘氏.,False
1006972,7001,刘文明,male,1851-01-01,1925-12-31,25,义,Rule-generated Stage7 member for 汉朝刘氏.,False
1006973,7001,刘义宁,female,1855-01-01,1933-12-31,25,义,Rule-generated Stage7 member for 汉朝刘氏.,False
1006974,7001,刘文文,male,1854-01-01,1907-12-31,25,义,Rule-generated Stage7 member for 汉朝刘氏.,False
1006975,7001,刘义梅,female,1857-01-01,1930-12-31,25,义,Rule-generated Stage7 member for 汉朝刘氏.,False
1006976,7001,刘义伟,male,1856-01-01,1939-12-31,25,义,Rule-generated Stage7 member for 汉朝刘氏.,False
1006977,7001,刘兰雅,female,1853-01-01,1931-12-31,25,义,Rule-generated Stage7 member for 汉朝刘氏.,False
1006978,7001,刘义德,male,1851-01-01,1934-12-31,25,义,Rule-generated Stage7 member for 汉朝刘氏.,False
1006979,7001,刘义华,female,1857-01-01,1929-12-31,25,义,Rule-generated Stage7 member for 汉朝刘氏.,False
1006980,7001,刘义伟,male,1852-01-01,1923-12-31,25,义,Rule-generated Stage7 member for 汉朝刘氏.,False
1006981,7001,刘敏,female,1857-01-01,1903-12-31,25,义,Rule-generated Stage7 member for 汉朝刘氏.,False
1006982,7001,刘义德,male,1851-01-01,1891-12-31,25,义,Rule-generated Stage7 member for 汉朝刘氏.,False
1006983,7001,刘明,female,1856-01-01,1898-12-31,25,义,Rule-generated Stage7 member for 汉朝刘氏.,False
1006984,7001,刘伟,male,1851-01-01,1904-12-31,25,义,Rule-generated Stage7 member for 汉朝刘氏.,False
1006985,7001,刘宁梅,female,1852-01-01,1880-12-31,25,义,Rule-generated Stage7 member for 汉朝刘氏.,False
1006986,7001,刘义文,male,1852-01-01,1927-12-31,25,义,Rule-generated Stage7 member for 汉朝刘氏.,False
1006987,7001,刘义安,female,1857-01-01,1927-12-31,25,义,Rule-generated Stage7 member for 汉朝刘氏.,False
1006988,7001,刘强,male,1854-01-01,1886-12-31,25,义,Rule-generated Stage7 member for 汉朝刘氏.,False
1006989,7001,刘慧安,female,1856-01-01,1909-12-31,25,义,Rule-generated Stage7 member for 汉朝刘氏.,False
1006990,7001,刘义承,male,1851-01-01,1885-12-31,25,义,Rule-generated Stage7 member for 汉朝刘氏.,False
1006991,7001,刘义梅,female,1857-01-01,1937-12-31,25,义,Rule-generated Stage7 member for 汉朝刘氏.,False
1006992,7001,刘义宗,male,1854-01-01,1923-12-31,25,义,Rule-generated Stage7 member for 汉朝刘氏.,False
1006993,7001,刘兰梅,female,1853-01-01,1930-12-31,25,义,Rule-generated Stage7 member for 汉朝刘氏.,False
1006994,7001,刘义德,male,1856-01-01,1932-12-31,25,义,Rule-generated Stage7 member for 汉朝刘氏.,False
1006995,7001,刘义华,female,1856-01-01,1929-12-31,25,义,Rule-generated Stage7 member for 汉朝刘氏.,False
1006996,7001,刘丽,male,1852-01-01,1913-12-31,25,义,Rule-generated Stage7 member for 汉朝刘氏.,False
1006997,7001,刘梅兰,female,1854-01-01,1913-12-31,25,义,Rule-generated Stage7 member for 汉朝刘氏.,False
1006998,7001,刘强德,male,1856-01-01,1939-12-31,25,义,Rule-generated Stage7 member for 汉朝刘氏.,False
1006999,7001,刘义雅,female,1853-01-01,1910-12-31,25,义,Rule-generated Stage7 member for 汉朝刘氏.,False
1007000,7001,刘义成,male,1856-01-01,1941-12-31,25,义,Rule-generated Stage7 member for 汉朝刘氏.,False
1007001,7001,刘义兰,female,1851-01-01,1930-12-31,25,义,Rule-generated Stage7 member for 汉朝刘氏.,False
1007002,7001,刘安国,male,1857-01-01,1936-12-31,25,义,Rule-generated Stage7 member for 汉朝刘氏.,False
1007003,7001,刘义玉,female,1852-01-01,1872-12-31,25,义,Rule-generated Stage7 member for 汉朝刘氏.,False
1007004,7001,刘义文,male,1855-01-01,1938-12-31,25,义,Rule-generated Stage7 member for 汉朝刘氏.,False
1007005,7001,刘义安,female,1855-01-01,1905-12-31,25,义,Rule-generated Stage7 member for 汉朝刘氏.,False
1007006,7001,刘伟,male,1856-01-01,1946-12-31,25,义,Rule-generated Stage7 member for 汉朝刘氏.,False
1007007,7001,刘义安,female,1856-01-01,1959-12-31,25,义,Rule-generated Stage7 member for 汉朝刘氏.,False
1007008,7001,刘文伟,male,1852-01-01,1926-12-31,25,义,Rule-generated Stage7 member for 汉朝刘氏.,False
1007009,7001,刘敏慧,female,1852-01-01,1890-12-31,25,义,Rule-generated Stage7 member for 汉朝刘氏.,False
1007010,7001,刘德景,male,1852-01-01,1941-12-31,25,义,Rule-generated Stage7 member for 汉朝刘氏.,False
1007011,7001,刘义雅,female,1855-01-01,1934-12-31,25,义,Rule-generated Stage7 member for 汉朝刘氏.,False
1007012,7001,刘义安,male,1855-01-01,1883-12-31,25,义,Rule-generated Stage7 member for 汉朝刘氏.,False
1007013,7001,刘雅梅,female,1856-01-01,1925-12-31,25,义,Rule-generated Stage7 member for 汉朝刘氏.,False
1007014,7001,刘安安,male,1855-01-01,1928-12-31,25,义,Rule-generated Stage7 member for 汉朝刘氏.,False
1007015,7001,刘义玉,female,1857-01-01,1897-12-31,25,义,Rule-generated Stage7 member for 汉朝刘氏.,False
1007016,7001,刘伟,male,1855-01-01,1940-12-31,25,义,Rule-generated Stage7 member for 汉朝刘氏.,False
1007017,7001,刘兰清,female,1856-01-01,1915-12-31,25,义,Rule-generated Stage7 member for 汉朝刘氏.,False
1007018,7001,刘丽,male,1852-01-01,1917-12-31,25,义,Rule-generated Stage7 member for 汉朝刘氏.,False
1007019,7001,刘义安,female,1857-01-01,1912-12-31,25,义,Rule-generated Stage7 member for 汉朝刘氏.,False
1007020,7001,刘景德,male,1852-01-01,1925-12-31,25,义,Rule-generated Stage7 member for 汉朝刘氏.,False
1007021,7001,刘义华,female,1854-01-01,1925-12-31,25,义,Rule-generated Stage7 member for 汉朝刘氏.,False
1007022,7001,刘德成,male,1852-01-01,1912-12-31,25,义,Rule-generated Stage7 member for 汉朝刘氏.,False
1007023,7001,刘义梅,female,1856-01-01,1938-12-31,25,义,Rule-generated Stage7 member for 汉朝刘氏.,False
1007024,7001,刘义伟,male,1854-01-01,1905-12-31,25,义,Rule-generated Stage7 member for 汉朝刘氏.,False
1007025,7001,刘安安,female,1856-01-01,1960-12-31,25,义,Rule-generated Stage7 member for 汉朝刘氏.,False
1007026,7001,刘义成,male,1856-01-01,1934-12-31,25,义,Rule-generated Stage7 member for 汉朝刘氏.,False
1007027,7001,刘义宁,female,1851-01-01,1886-12-31,25,义,Rule-generated Stage7 member for 汉朝刘氏.,False
1007028,7001,刘义成,male,1857-01-01,1919-12-31,25,义,Rule-generated Stage7 member for 汉朝刘氏.,False
1007029,7001,刘玉梅,female,1853-01-01,1918-12-31,25,义,Rule-generated Stage7 member for 汉朝刘氏.,False
1007030,7001,刘义成,male,1852-01-01,1936-12-31,25,义,Rule-generated Stage7 member for 汉朝刘氏.,False
1007031,7001,刘义玉,female,1852-01-01,1939-12-31,25,义,Rule-generated Stage7 member for 汉朝刘氏.,False
1007032,7001,刘义明,male,1853-01-01,1914-12-31,25,义,Rule-generated Stage7 member for 汉朝刘氏.,False
1007033,7001,刘义清,female,1853-01-01,1906-12-31,25,义,Rule-generated Stage7 member for 汉朝刘氏.,False
1007034,7001,刘义德,male,1851-01-01,1901-12-31,25,义,Rule-generated Stage7 member for 汉朝刘氏.,False
1007035,7001,刘玉玉,female,1857-01-01,1915-12-31,25,义,Rule-generated Stage7 member for 汉朝刘氏.,False
1007036,7001,刘丽,male,1854-01-01,1926-12-31,25,义,Rule-generated Stage7 member for 汉朝刘氏.,False
1007037,7001,刘义慧,female,1856-01-01,1907-12-31,25,义,Rule-generated Stage7 member for 汉朝刘氏.,False
1007038,7001,刘强世,male,1856-01-01,1908-12-31,25,义,Rule-generated Stage7 member for 汉朝刘氏.,False
1007039,7001,刘雅敏,female,1852-01-01,1920-12-31,25,义,Rule-generated Stage7 member for 汉朝刘氏.,False
1007040,7001,刘义伟,male,1853-01-01,1912-12-31,25,义,Rule-generated Stage7 member for 汉朝刘氏.,False
1007041,7001,刘梅清,female,1853-01-01,1945-12-31,25,义,Rule-generated Stage7 member for 汉朝刘氏.,False
1007042,7001,刘文景,male,1856-01-01,1921-12-31,25,义,Rule-generated Stage7 member for 汉朝刘氏.,False
1007043,7001,刘义华,female,1851-01-01,1878-12-31,25,义,Rule-generated Stage7 member for 汉朝刘氏.,False
1007044,7001,刘义成,male,1855-01-01,1919-12-31,25,义,Rule-generated Stage7 member for 汉朝刘氏.,False
1007045,7001,刘芳慧,female,1854-01-01,1949-12-31,25,义,Rule-generated Stage7 member for 汉朝刘氏.,False
1007046,7001,刘伟承,male,1854-01-01,1956-12-31,25,义,Rule-generated Stage7 member for 汉朝刘氏.,False
1007047,7001,刘义华,female,1857-01-01,1904-12-31,25,义,Rule-generated Stage7 member for 汉朝刘氏.,False
1007048,7001,刘德安,male,1852-01-01,1872-12-31,25,义,Rule-generated Stage7 member for 汉朝刘氏.,False
1007049,7001,刘华安,female,1856-01-01,1930-12-31,25,义,Rule-generated Stage7 member for 汉朝刘氏.,False
1007050,7001,刘义文,male,1854-01-01,1901-12-31,25,义,Rule-generated Stage7 member for 汉朝刘氏.,False
1007051,7001,刘梅兰,female,1856-01-01,1918-12-31,25,义,Rule-generated Stage7 member for 汉朝刘氏.,False
1007052,7001,刘义文,male,1857-01-01,1929-12-31,25,义,Rule-generated Stage7 member for 汉朝刘氏.,False
1007053,7001,刘清雅,female,1855-01-01,1921-12-31,25,义,Rule-generated Stage7 member for 汉朝刘氏.,False
1007054,7001,刘安成,male,1854-01-01,1895-12-31,25,义,Rule-generated Stage7 member for 汉朝刘氏.,False
1007055,7001,刘强,female,1851-01-01,1891-12-31,25,义,Rule-generated Stage7 member for 汉朝刘氏.,False
1007056,7001,刘强国,male,1854-01-01,1920-12-31,25,义,Rule-generated Stage7 member for 汉朝刘氏.,False
1007057,7001,刘义兰,female,1857-01-01,1932-12-31,25,义,Rule-generated Stage7 member for 汉朝刘氏.,False
1007058,7001,刘景世,male,1853-01-01,1937-12-31,25,义,Rule-generated Stage7 member for 汉朝刘氏.,False
1007059,7001,刘义宁,female,1856-01-01,1934-12-31,25,义,Rule-generated Stage7 member for 汉朝刘氏.,False
1007060,7001,刘丽,male,1852-01-01,1920-12-31,25,义,Rule-generated Stage7 member for 汉朝刘氏.,False
1007061,7001,刘安丽,female,1852-01-01,1926-12-31,25,义,Rule-generated Stage7 member for 汉朝刘氏.,False
1007062,7001,刘德景,male,1853-01-01,1922-12-31,25,义,Rule-generated Stage7 member for 汉朝刘氏.,False
1007063,7001,刘义兰,female,1855-01-01,1916-12-31,25,义,Rule-generated Stage7 member for 汉朝刘氏.,False
1007064,7001,刘宗承,male,1853-01-01,1899-12-31,25,义,Rule-generated Stage7 member for 汉朝刘氏.,False
1007065,7001,刘义玉,female,1855-01-01,1929-12-31,25,义,Rule-generated Stage7 member for 汉朝刘氏.,False
1007066,7001,刘义德,male,1856-01-01,1912-12-31,25,义,Rule-generated Stage7 member for 汉朝刘氏.,False
1007067,7001,刘义梅,female,1856-01-01,1933-12-31,25,义,Rule-generated Stage7 member for 汉朝刘氏.,False
1007068,7001,刘义伟,male,1852-01-01,1884-12-31,25,义,Rule-generated Stage7 member for 汉朝刘氏.,False
1007069,7001,刘义兰,female,1854-01-01,1954-12-31,25,义,Rule-generated Stage7 member for 汉朝刘氏.,False
1007070,7001,刘丽,male,1855-01-01,1934-12-31,25,义,Rule-generated Stage7 member for 汉朝刘氏.,False
1007071,7001,刘义玉,female,1855-01-01,1921-12-31,25,义,Rule-generated Stage7 member for 汉朝刘氏.,False
1007072,7001,刘伟景,male,1853-01-01,1945-12-31,25,义,Rule-generated Stage7 member for 汉朝刘氏.,False
1007073,7001,刘慧丽,female,1855-01-01,1950-12-31,25,义,Rule-generated Stage7 member for 汉朝刘氏.,False
1007074,7001,刘安国,male,1853-01-01,1947-12-31,25,义,Rule-generated Stage7 member for 汉朝刘氏.,False
1007075,7001,刘义宁,female,1851-01-01,1923-12-31,25,义,Rule-generated Stage7 member for 汉朝刘氏.,False
1007076,7001,刘敏,male,1855-01-01,1916-12-31,25,义,Rule-generated Stage7 member for 汉朝刘氏.,False
1007077,7001,刘慧清,female,1853-01-01,1906-12-31,25,义,Rule-generated Stage7 member for 汉朝刘氏.,False
1007078,7001,刘强德,male,1851-01-01,1912-12-31,25,义,Rule-generated Stage7 member for 汉朝刘氏.,False
1007079,7001,刘宁丽,female,1857-01-01,1954-12-31,25,义,Rule-generated Stage7 member for 汉朝刘氏.,False
1007080,7001,刘义景,male,1851-01-01,1900-12-31,25,义,Rule-generated Stage7 member for 汉朝刘氏.,False
1007081,7001,刘义丽,female,1857-01-01,1952-12-31,25,义,Rule-generated Stage7 member for 汉朝刘氏.,False
1007082,7001,刘义德,male,1851-01-01,1903-12-31,25,义,Rule-generated Stage7 member for 汉朝刘氏.,False
1007083,7001,刘义清,female,1853-01-01,1903-12-31,25,义,Rule-generated Stage7 member for 汉朝刘氏.,False
1007084,7001,刘义文,male,1856-01-01,1948-12-31,25,义,Rule-generated Stage7 member for 汉朝刘氏.,False
1007085,7001,刘义芳,female,1856-01-01,1934-12-31,25,义,Rule-generated Stage7 member for 汉朝刘氏.,False
1007086,7001,刘强,male,1855-01-01,1917-12-31,25,义,Rule-generated Stage7 member for 汉朝刘氏.,False
1007087,7001,刘华宁,female,1856-01-01,1937-12-31,25,义,Rule-generated Stage7 member for 汉朝刘氏.,False
1007088,7001,刘世承,male,1854-01-01,1915-12-31,25,义,Rule-generated Stage7 member for 汉朝刘氏.,False
1007089,7001,刘义清,female,1851-01-01,1943-12-31,25,义,Rule-generated Stage7 member for 汉朝刘氏.,False
1007090,7001,刘义明,male,1854-01-01,1879-12-31,25,义,Rule-generated Stage7 member for 汉朝刘氏.,False
1007091,7001,刘明,female,1852-01-01,1927-12-31,25,义,Rule-generated Stage7 member for 汉朝刘氏.,False
1007092,7001,刘明,male,1856-01-01,1926-12-31,25,义,Rule-generated Stage7 member for 汉朝刘氏.,False
1007093,7001,刘义慧,female,1851-01-01,1899-12-31,25,义,Rule-generated Stage7 member for 汉朝刘氏.,False
1007094,7001,刘成宗,male,1855-01-01,1913-12-31,25,义,Rule-generated Stage7 member for 汉朝刘氏.,False
1007095,7001,刘宁慧,female,1852-01-01,1924-12-31,25,义,Rule-generated Stage7 member for 汉朝刘氏.,False
1007096,7001,刘强,male,1852-01-01,1903-12-31,25,义,Rule-generated Stage7 member for 汉朝刘氏.,False
1007097,7001,刘华,female,1854-01-01,1922-12-31,25,义,Rule-generated Stage7 member for 汉朝刘氏.,False
1007098,7001,刘义宗,male,1855-01-01,1930-12-31,25,义,Rule-generated Stage7 member for 汉朝刘氏.,False
1007099,7001,刘义梅,female,1854-01-01,1916-12-31,25,义,Rule-generated Stage7 member for 汉朝刘氏.,False
1007100,7001,刘义国,male,1854-01-01,1926-12-31,25,义,Rule-generated Stage7 member for 汉朝刘氏.,False
1007101,7001,刘兰丽,female,1853-01-01,1891-12-31,25,义,Rule-generated Stage7 member for 汉朝刘氏.,False
1007102,7001,刘义国,male,1855-01-01,1945-12-31,25,义,Rule-generated Stage7 member for 汉朝刘氏.,False
1007103,7001,刘义宁,female,1851-01-01,1938-12-31,25,义,Rule-generated Stage7 member for 汉朝刘氏.,False
1007104,7001,刘义成,male,1855-01-01,1933-12-31,25,义,Rule-generated Stage7 member for 汉朝刘氏.,False
1007105,7001,刘义清,female,1852-01-01,1949-12-31,25,义,Rule-generated Stage7 member for 汉朝刘氏.,False
1007106,7001,刘义伟,male,1857-01-01,1931-12-31,25,义,Rule-generated Stage7 member for 汉朝刘氏.,False
1007107,7001,刘义华,female,1854-01-01,1918-12-31,25,义,Rule-generated Stage7 member for 汉朝刘氏.,False
1007108,7001,刘义国,male,1856-01-01,1919-12-31,25,义,Rule-generated Stage7 member for 汉朝刘氏.,False
1007109,7001,刘梅清,female,1857-01-01,1889-12-31,25,义,Rule-generated Stage7 member for 汉朝刘氏.,False
1007110,7001,刘义国,male,1853-01-01,1926-12-31,25,义,Rule-generated Stage7 member for 汉朝刘氏.,False
1007111,7001,刘义兰,female,1852-01-01,1943-12-31,25,义,Rule-generated Stage7 member for 汉朝刘氏.,False
1007112,7001,刘义国,male,1855-01-01,1921-12-31,25,义,Rule-generated Stage7 member for 汉朝刘氏.,False
1007113,7001,刘安梅,female,1854-01-01,1938-12-31,25,义,Rule-generated Stage7 member for 汉朝刘氏.,False
1007114,7001,刘义文,male,1853-01-01,1921-12-31,25,义,Rule-generated Stage7 member for 汉朝刘氏.,False
1007115,7001,刘安兰,female,1855-01-01,1888-12-31,25,义,Rule-generated Stage7 member for 汉朝刘氏.,False
1007116,7001,刘义文,male,1852-01-01,1949-12-31,25,义,Rule-generated Stage7 member for 汉朝刘氏.,False
1007117,7001,刘敏慧,female,1852-01-01,1929-12-31,25,义,Rule-generated Stage7 member for 汉朝刘氏.,False
1007118,7001,刘强文,male,1854-01-01,1910-12-31,25,义,Rule-generated Stage7 member for 汉朝刘氏.,False
1007119,7001,刘义梅,female,1851-01-01,1923-12-31,25,义,Rule-generated Stage7 member for 汉朝刘氏.,False
1007120,7001,刘义承,male,1851-01-01,1885-12-31,25,义,Rule-generated Stage7 member for 汉朝刘氏.,False
1007121,7001,刘义敏,female,1853-01-01,1910-12-31,25,义,Rule-generated Stage7 member for 汉朝刘氏.,False
1007122,7001,刘义承,male,1855-01-01,1948-12-31,25,义,Rule-generated Stage7 member for 汉朝刘氏.,False
1007123,7001,刘义芳,female,1853-01-01,1909-12-31,25,义,Rule-generated Stage7 member for 汉朝刘氏.,False
1007124,7001,刘义文,male,1855-01-01,1925-12-31,25,义,Rule-generated Stage7 member for 汉朝刘氏.,False
1007125,7001,刘义华,female,1851-01-01,1943-12-31,25,义,Rule-generated Stage7 member for 汉朝刘氏.,False
1007126,7001,刘义明,male,1854-01-01,1899-12-31,25,义,Rule-generated Stage7 member for 汉朝刘氏.,False
1007127,7001,刘义安,female,1854-01-01,1918-12-31,25,义,Rule-generated Stage7 member for 汉朝刘氏.,False
1007128,7001,刘成安,male,1854-01-01,1929-12-31,25,义,Rule-generated Stage7 member for 汉朝刘氏.,False
1007129,7001,刘敏,female,1856-01-01,1913-12-31,25,义,Rule-generated Stage7 member for 汉朝刘氏.,False
1007130,7001,刘义安,male,1857-01-01,1930-12-31,25,义,Rule-generated Stage7 member for 汉朝刘氏.,False
1007131,7001,刘丽,female,1852-01-01,1915-12-31,25,义,Rule-generated Stage7 member for 汉朝刘氏.,False
1007132,7001,刘义安,male,1853-01-01,1953-12-31,25,义,Rule-generated Stage7 member for 汉朝刘氏.,False
1007133,7001,刘义慧,female,1857-01-01,1920-12-31,25,义,Rule-generated Stage7 member for 汉朝刘氏.,False
1007134,7001,刘义世,male,1856-01-01,1937-12-31,25,义,Rule-generated Stage7 member for 汉朝刘氏.,False
1007135,7001,刘敏慧,female,1851-01-01,1902-12-31,25,义,Rule-generated Stage7 member for 汉朝刘氏.,False
1007136,7001,刘义成,male,1852-01-01,1930-12-31,25,义,Rule-generated Stage7 member for 汉朝刘氏.,False
1007137,7001,刘义丽,female,1854-01-01,1899-12-31,25,义,Rule-generated Stage7 member for 汉朝刘氏.,False
1007138,7001,刘伟,male,1853-01-01,1880-12-31,25,义,Rule-generated Stage7 member for 汉朝刘氏.,False
1007139,7001,刘义清,female,1854-01-01,1929-12-31,25,义,Rule-generated Stage7 member for 汉朝刘氏.,False
1007140,7001,刘义明,male,1855-01-01,1920-12-31,25,义,Rule-generated Stage7 member for 汉朝刘氏.,False
1007141,7001,刘义芳,female,1857-01-01,1948-12-31,25,义,Rule-generated Stage7 member for 汉朝刘氏.,False
1007142,7001,刘义强,male,1853-01-01,1937-12-31,25,义,Rule-generated Stage7 member for 汉朝刘氏.,False
1007143,7001,刘义芳,female,1853-01-01,1911-12-31,25,义,Rule-generated Stage7 member for 汉朝刘氏.,False
1007144,7001,刘安成,male,1855-01-01,1931-12-31,25,义,Rule-generated Stage7 member for 汉朝刘氏.,False
1007145,7001,刘梅玉,female,1854-01-01,1930-12-31,25,义,Rule-generated Stage7 member for 汉朝刘氏.,False
1007146,7001,刘明德,male,1856-01-01,1934-12-31,25,义,Rule-generated Stage7 member for 汉朝刘氏.,False
1007147,7001,刘义梅,female,1851-01-01,1930-12-31,25,义,Rule-generated Stage7 member for 汉朝刘氏.,False
1007148,7001,刘义德,male,1857-01-01,1911-12-31,25,义,Rule-generated Stage7 member for 汉朝刘氏.,False
1007149,7001,刘雅兰,female,1852-01-01,1895-12-31,25,义,Rule-generated Stage7 member for 汉朝刘氏.,False
1007150,7001,刘义成,male,1851-01-01,1904-12-31,25,义,Rule-generated Stage7 member for 汉朝刘氏.,False
1007151,7001,刘义兰,female,1857-01-01,1915-12-31,25,义,Rule-generated Stage7 member for 汉朝刘氏.,False
1007152,7001,刘景文,male,1856-01-01,1920-12-31,25,义,Rule-generated Stage7 member for 汉朝刘氏.,False
1007153,7001,刘义清,female,1851-01-01,1909-12-31,25,义,Rule-generated Stage7 member for 汉朝刘氏.,False
1007154,7001,刘义承,male,1857-01-01,1888-12-31,25,义,Rule-generated Stage7 member for 汉朝刘氏.,False
1007155,7001,刘义雅,female,1857-01-01,1920-12-31,25,义,Rule-generated Stage7 member for 汉朝刘氏.,False
1007156,7001,刘义承,male,1856-01-01,1913-12-31,25,义,Rule-generated Stage7 member for 汉朝刘氏.,False
1007157,7001,刘宁宁,female,1855-01-01,1922-12-31,25,义,Rule-generated Stage7 member for 汉朝刘氏.,False
1007158,7001,刘敏,male,1851-01-01,1952-12-31,25,义,Rule-generated Stage7 member for 汉朝刘氏.,False
1007159,7001,刘伟,female,1851-01-01,1930-12-31,25,义,Rule-generated Stage7 member for 汉朝刘氏.,False
1007160,7001,刘义德,male,1854-01-01,1892-12-31,25,义,Rule-generated Stage7 member for 汉朝刘氏.,False
1007161,7001,刘义芳,female,1851-01-01,1922-12-31,25,义,Rule-generated Stage7 member for 汉朝刘氏.,False
1007162,7001,刘义承,male,1851-01-01,1906-12-31,25,义,Rule-generated Stage7 member for 汉朝刘氏.,False
1007163,7001,刘义兰,female,1853-01-01,1928-12-31,25,义,Rule-generated Stage7 member for 汉朝刘氏.,False
1007164,7001,刘德德,male,1851-01-01,1931-12-31,25,义,Rule-generated Stage7 member for 汉朝刘氏.,False
1007165,7001,刘明,female,1853-01-01,1937-12-31,25,义,Rule-generated Stage7 member for 汉朝刘氏.,False
1007166,7001,刘世强,male,1855-01-01,1936-12-31,25,义,Rule-generated Stage7 member for 汉朝刘氏.,False
1007167,7001,刘丽,female,1851-01-01,1883-12-31,25,义,Rule-generated Stage7 member for 汉朝刘氏.,False
1007168,7001,刘文强,male,1857-01-01,1916-12-31,25,义,Rule-generated Stage7 member for 汉朝刘氏.,False
1007169,7001,刘义安,female,1854-01-01,1918-12-31,25,义,Rule-generated Stage7 member for 汉朝刘氏.,False
1007170,7001,刘信伟,male,1879-01-01,1954-12-31,26,信,Rule-generated Stage7 member for 汉朝刘氏.,False
1007171,7001,刘信丽,female,1873-01-01,1963-12-31,26,信,Rule-generated Stage7 member for 汉朝刘氏.,False
1007172,7001,刘信安,male,1878-01-01,1941-12-31,26,信,Rule-generated Stage7 member for 汉朝刘氏.,False
1007173,7001,刘信清,female,1876-01-01,1904-12-31,26,信,Rule-generated Stage7 member for 汉朝刘氏.,False
1007174,7001,刘信文,male,1874-01-01,1913-12-31,26,信,Rule-generated Stage7 member for 汉朝刘氏.,False
1007175,7001,刘伟,female,1878-01-01,1969-12-31,26,信,Rule-generated Stage7 member for 汉朝刘氏.,False
1007176,7001,刘信宗,male,1877-01-01,1958-12-31,26,信,Rule-generated Stage7 member for 汉朝刘氏.,False
1007177,7001,刘雅宁,female,1875-01-01,1947-12-31,26,信,Rule-generated Stage7 member for 汉朝刘氏.,False
1007178,7001,刘信世,male,1876-01-01,1967-12-31,26,信,Rule-generated Stage7 member for 汉朝刘氏.,False
1007179,7001,刘信芳,female,1878-01-01,1918-12-31,26,信,Rule-generated Stage7 member for 汉朝刘氏.,False
1007180,7001,刘伟德,male,1876-01-01,1953-12-31,26,信,Rule-generated Stage7 member for 汉朝刘氏.,False
1007181,7001,刘信安,female,1874-01-01,1928-12-31,26,信,Rule-generated Stage7 member for 汉朝刘氏.,False
1007182,7001,刘信伟,male,1877-01-01,1960-12-31,26,信,Rule-generated Stage7 member for 汉朝刘氏.,False
1007183,7001,刘清敏,female,1876-01-01,1946-12-31,26,信,Rule-generated Stage7 member for 汉朝刘氏.,False
1007184,7001,刘信文,male,1873-01-01,1932-12-31,26,信,Rule-generated Stage7 member for 汉朝刘氏.,False
1007185,7001,刘明,female,1877-01-01,1946-12-31,26,信,Rule-generated Stage7 member for 汉朝刘氏.,False
1007186,7001,刘信伟,male,1877-01-01,1917-12-31,26,信,Rule-generated Stage7 member for 汉朝刘氏.,False
1007187,7001,刘信芳,female,1878-01-01,1910-12-31,26,信,Rule-generated Stage7 member for 汉朝刘氏.,False
1007188,7001,刘信景,male,1877-01-01,1946-12-31,26,信,Rule-generated Stage7 member for 汉朝刘氏.,False
1007189,7001,刘信丽,female,1877-01-01,1937-12-31,26,信,Rule-generated Stage7 member for 汉朝刘氏.,False
1007190,7001,刘华,male,1877-01-01,1934-12-31,26,信,Rule-generated Stage7 member for 汉朝刘氏.,False
1007191,7001,刘慧敏,female,1876-01-01,1943-12-31,26,信,Rule-generated Stage7 member for 汉朝刘氏.,False
1007192,7001,刘明,male,1874-01-01,1972-12-31,26,信,Rule-generated Stage7 member for 汉朝刘氏.,False
1007193,7001,刘敏雅,female,1873-01-01,1922-12-31,26,信,Rule-generated Stage7 member for 汉朝刘氏.,False
1007194,7001,刘信承,male,1876-01-01,1935-12-31,26,信,Rule-generated Stage7 member for 汉朝刘氏.,False
1007195,7001,刘芳清,female,1876-01-01,1950-12-31,26,信,Rule-generated Stage7 member for 汉朝刘氏.,False
1007196,7001,刘信景,male,1873-01-01,1929-12-31,26,信,Rule-generated Stage7 member for 汉朝刘氏.,False
1007197,7001,刘强,female,1875-01-01,1963-12-31,26,信,Rule-generated Stage7 member for 汉朝刘氏.,False
1007198,7001,刘信宗,male,1874-01-01,1939-12-31,26,信,Rule-generated Stage7 member for 汉朝刘氏.,False
1007199,7001,刘明,female,1873-01-01,1916-12-31,26,信,Rule-generated Stage7 member for 汉朝刘氏.,False
1007200,7001,刘信承,male,1877-01-01,1914-12-31,26,信,Rule-generated Stage7 member for 汉朝刘氏.,False
1007201,7001,刘伟,female,1874-01-01,1953-12-31,26,信,Rule-generated Stage7 member for 汉朝刘氏.,False
1007202,7001,刘信德,male,1873-01-01,1937-12-31,26,信,Rule-generated Stage7 member for 汉朝刘氏.,False
1007203,7001,刘雅宁,female,1873-01-01,1953-12-31,26,信,Rule-generated Stage7 member for 汉朝刘氏.,False
1007204,7001,刘景承,male,1876-01-01,1955-12-31,26,信,Rule-generated Stage7 member for 汉朝刘氏.,False
1007205,7001,刘信雅,female,1877-01-01,1926-12-31,26,信,Rule-generated Stage7 member for 汉朝刘氏.,False
1007206,7001,刘信明,male,1876-01-01,1928-12-31,26,信,Rule-generated Stage7 member for 汉朝刘氏.,False
1007207,7001,刘强,female,1879-01-01,1947-12-31,26,信,Rule-generated Stage7 member for 汉朝刘氏.,False
1007208,7001,刘信景,male,1879-01-01,1946-12-31,26,信,Rule-generated Stage7 member for 汉朝刘氏.,False
1007209,7001,刘信慧,female,1877-01-01,1970-12-31,26,信,Rule-generated Stage7 member for 汉朝刘氏.,False
1007210,7001,刘信文,male,1876-01-01,1971-12-31,26,信,Rule-generated Stage7 member for 汉朝刘氏.,False
1007211,7001,刘信玉,female,1876-01-01,1951-12-31,26,信,Rule-generated Stage7 member for 汉朝刘氏.,False
1007212,7001,刘强,male,1876-01-01,1928-12-31,26,信,Rule-generated Stage7 member for 汉朝刘氏.,False
1007213,7001,刘信宁,female,1875-01-01,1948-12-31,26,信,Rule-generated Stage7 member for 汉朝刘氏.,False
1007214,7001,刘信安,male,1874-01-01,1953-12-31,26,信,Rule-generated Stage7 member for 汉朝刘氏.,False
1007215,7001,刘信宁,female,1876-01-01,1941-12-31,26,信,Rule-generated Stage7 member for 汉朝刘氏.,False
1007216,7001,刘德安,male,1877-01-01,1936-12-31,26,信,Rule-generated Stage7 member for 汉朝刘氏.,False
1007217,7001,刘信兰,female,1876-01-01,1957-12-31,26,信,Rule-generated Stage7 member for 汉朝刘氏.,False
1007218,7001,刘信德,male,1879-01-01,1938-12-31,26,信,Rule-generated Stage7 member for 汉朝刘氏.,False
1007219,7001,刘信华,female,1873-01-01,1922-12-31,26,信,Rule-generated Stage7 member for 汉朝刘氏.,False
1007220,7001,刘信安,male,1874-01-01,1940-12-31,26,信,Rule-generated Stage7 member for 汉朝刘氏.,False
1007221,7001,刘伟,female,1879-01-01,1959-12-31,26,信,Rule-generated Stage7 member for 汉朝刘氏.,False
1007222,7001,刘安安,male,1878-01-01,1934-12-31,26,信,Rule-generated Stage7 member for 汉朝刘氏.,False
1007223,7001,刘玉玉,female,1875-01-01,1935-12-31,26,信,Rule-generated Stage7 member for 汉朝刘氏.,False
1007224,7001,刘信文,male,1879-01-01,1959-12-31,26,信,Rule-generated Stage7 member for 汉朝刘氏.,False
1007225,7001,刘安慧,female,1875-01-01,1950-12-31,26,信,Rule-generated Stage7 member for 汉朝刘氏.,False
1007226,7001,刘伟,male,1877-01-01,1938-12-31,26,信,Rule-generated Stage7 member for 汉朝刘氏.,False
1007227,7001,刘安清,female,1874-01-01,1931-12-31,26,信,Rule-generated Stage7 member for 汉朝刘氏.,False
1007228,7001,刘信景,male,1875-01-01,1920-12-31,26,信,Rule-generated Stage7 member for 汉朝刘氏.,False
1007229,7001,刘强,female,1874-01-01,1937-12-31,26,信,Rule-generated Stage7 member for 汉朝刘氏.,False
1007230,7001,刘信景,male,1879-01-01,1949-12-31,26,信,Rule-generated Stage7 member for 汉朝刘氏.,False
1007231,7001,刘信玉,female,1877-01-01,1946-12-31,26,信,Rule-generated Stage7 member for 汉朝刘氏.,False
1007232,7001,刘景成,male,1874-01-01,1935-12-31,26,信,Rule-generated Stage7 member for 汉朝刘氏.,False
1007233,7001,刘信华,female,1873-01-01,1940-12-31,26,信,Rule-generated Stage7 member for 汉朝刘氏.,False
1007234,7001,刘信国,male,1878-01-01,1980-12-31,26,信,Rule-generated Stage7 member for 汉朝刘氏.,False
1007235,7001,刘信玉,female,1878-01-01,1950-12-31,26,信,Rule-generated Stage7 member for 汉朝刘氏.,False
1007236,7001,刘信世,male,1875-01-01,1911-12-31,26,信,Rule-generated Stage7 member for 汉朝刘氏.,False
1007237,7001,刘宁敏,female,1873-01-01,1957-12-31,26,信,Rule-generated Stage7 member for 汉朝刘氏.,False
1007238,7001,刘华,male,1878-01-01,1951-12-31,26,信,Rule-generated Stage7 member for 汉朝刘氏.,False
1007239,7001,刘信丽,female,1877-01-01,1961-12-31,26,信,Rule-generated Stage7 member for 汉朝刘氏.,False
1007240,7001,刘信成,male,1878-01-01,1966-12-31,26,信,Rule-generated Stage7 member for 汉朝刘氏.,False
1007241,7001,刘强,female,1878-01-01,1961-12-31,26,信,Rule-generated Stage7 member for 汉朝刘氏.,False
1007242,7001,刘信国,male,1874-01-01,1967-12-31,26,信,Rule-generated Stage7 member for 汉朝刘氏.,False
1007243,7001,刘信敏,female,1874-01-01,1946-12-31,26,信,Rule-generated Stage7 member for 汉朝刘氏.,False
1007244,7001,刘信成,male,1879-01-01,1963-12-31,26,信,Rule-generated Stage7 member for 汉朝刘氏.,False
1007245,7001,刘强,female,1877-01-01,1944-12-31,26,信,Rule-generated Stage7 member for 汉朝刘氏.,False
1007246,7001,刘信安,male,1874-01-01,1958-12-31,26,信,Rule-generated Stage7 member for 汉朝刘氏.,False
1007247,7001,刘信玉,female,1874-01-01,1954-12-31,26,信,Rule-generated Stage7 member for 汉朝刘氏.,False
1007248,7001,刘信承,male,1876-01-01,1954-12-31,26,信,Rule-generated Stage7 member for 汉朝刘氏.,False
1007249,7001,刘安梅,female,1879-01-01,1958-12-31,26,信,Rule-generated Stage7 member for 汉朝刘氏.,False
1007250,7001,刘信伟,male,1879-01-01,1911-12-31,26,信,Rule-generated Stage7 member for 汉朝刘氏.,False
1007251,7001,刘信华,female,1879-01-01,1978-12-31,26,信,Rule-generated Stage7 member for 汉朝刘氏.,False
1007252,7001,刘信德,male,1876-01-01,1917-12-31,26,信,Rule-generated Stage7 member for 汉朝刘氏.,False
1007253,7001,刘信丽,female,1877-01-01,1926-12-31,26,信,Rule-generated Stage7 member for 汉朝刘氏.,False
1007254,7001,刘文强,male,1878-01-01,1967-12-31,26,信,Rule-generated Stage7 member for 汉朝刘氏.,False
1007255,7001,刘明,female,1875-01-01,1961-12-31,26,信,Rule-generated Stage7 member for 汉朝刘氏.,False
1007256,7001,刘信国,male,1873-01-01,1928-12-31,26,信,Rule-generated Stage7 member for 汉朝刘氏.,False
1007257,7001,刘信兰,female,1879-01-01,1930-12-31,26,信,Rule-generated Stage7 member for 汉朝刘氏.,False
1007258,7001,刘文强,male,1879-01-01,1941-12-31,26,信,Rule-generated Stage7 member for 汉朝刘氏.,False
1007259,7001,刘信雅,female,1874-01-01,1962-12-31,26,信,Rule-generated Stage7 member for 汉朝刘氏.,False
1007260,7001,刘信宗,male,1878-01-01,1934-12-31,26,信,Rule-generated Stage7 member for 汉朝刘氏.,False
1007261,7001,刘丽,female,1875-01-01,1950-12-31,26,信,Rule-generated Stage7 member for 汉朝刘氏.,False
1007262,7001,刘信宗,male,1875-01-01,1972-12-31,26,信,Rule-generated Stage7 member for 汉朝刘氏.,False
1007263,7001,刘信敏,female,1875-01-01,1924-12-31,26,信,Rule-generated Stage7 member for 汉朝刘氏.,False
1007264,7001,刘德成,male,1877-01-01,1943-12-31,26,信,Rule-generated Stage7 member for 汉朝刘氏.,False
1007265,7001,刘慧清,female,1876-01-01,1940-12-31,26,信,Rule-generated Stage7 member for 汉朝刘氏.,False
1007266,7001,刘安世,male,1875-01-01,1926-12-31,26,信,Rule-generated Stage7 member for 汉朝刘氏.,False
1007267,7001,刘信雅,female,1877-01-01,1956-12-31,26,信,Rule-generated Stage7 member for 汉朝刘氏.,False
1007268,7001,刘德宗,male,1877-01-01,1958-12-31,26,信,Rule-generated Stage7 member for 汉朝刘氏.,False
1007269,7001,刘敏,female,1875-01-01,1905-12-31,26,信,Rule-generated Stage7 member for 汉朝刘氏.,False
1007270,7001,刘信德,male,1875-01-01,1973-12-31,26,信,Rule-generated Stage7 member for 汉朝刘氏.,False
1007271,7001,刘敏华,female,1877-01-01,1938-12-31,26,信,Rule-generated Stage7 member for 汉朝刘氏.,False
1007272,7001,刘景景,male,1878-01-01,1921-12-31,26,信,Rule-generated Stage7 member for 汉朝刘氏.,False
1007273,7001,刘安宁,female,1878-01-01,1959-12-31,26,信,Rule-generated Stage7 member for 汉朝刘氏.,False
1007274,7001,刘伟,male,1878-01-01,1947-12-31,26,信,Rule-generated Stage7 member for 汉朝刘氏.,False
1007275,7001,刘伟,female,1877-01-01,1923-12-31,26,信,Rule-generated Stage7 member for 汉朝刘氏.,False
1007276,7001,刘文宗,male,1874-01-01,1915-12-31,26,信,Rule-generated Stage7 member for 汉朝刘氏.,False
1007277,7001,刘信敏,female,1877-01-01,1947-12-31,26,信,Rule-generated Stage7 member for 汉朝刘氏.,False
1007278,7001,刘世国,male,1873-01-01,1953-12-31,26,信,Rule-generated Stage7 member for 汉朝刘氏.,False
1007279,7001,刘华兰,female,1877-01-01,1956-12-31,26,信,Rule-generated Stage7 member for 汉朝刘氏.,False
1007280,7001,刘伟,male,1875-01-01,1908-12-31,26,信,Rule-generated Stage7 member for 汉朝刘氏.,False
1007281,7001,刘信敏,female,1876-01-01,1955-12-31,26,信,Rule-generated Stage7 member for 汉朝刘氏.,False
1007282,7001,刘信德,male,1878-01-01,1927-12-31,26,信,Rule-generated Stage7 member for 汉朝刘氏.,False
1007283,7001,刘信丽,female,1874-01-01,1940-12-31,26,信,Rule-generated Stage7 member for 汉朝刘氏.,False
1007284,7001,刘信宗,male,1875-01-01,1952-12-31,26,信,Rule-generated Stage7 member for 汉朝刘氏.,False
1007285,7001,刘清宁,female,1876-01-01,1947-12-31,26,信,Rule-generated Stage7 member for 汉朝刘氏.,False
1007286,7001,刘安宗,male,1874-01-01,1952-12-31,26,信,Rule-generated Stage7 member for 汉朝刘氏.,False
1007287,7001,刘丽,female,1879-01-01,1951-12-31,26,信,Rule-generated Stage7 member for 汉朝刘氏.,False
1007288,7001,刘强,male,1878-01-01,1908-12-31,26,信,Rule-generated Stage7 member for 汉朝刘氏.,False
1007289,7001,刘信丽,female,1873-01-01,1932-12-31,26,信,Rule-generated Stage7 member for 汉朝刘氏.,False
1007290,7001,刘信宗,male,1879-01-01,1941-12-31,26,信,Rule-generated Stage7 member for 汉朝刘氏.,False
1007291,7001,刘信宁,female,1879-01-01,1914-12-31,26,信,Rule-generated Stage7 member for 汉朝刘氏.,False
1007292,7001,刘信强,male,1874-01-01,1956-12-31,26,信,Rule-generated Stage7 member for 汉朝刘氏.,False
1007293,7001,刘华敏,female,1874-01-01,1904-12-31,26,信,Rule-generated Stage7 member for 汉朝刘氏.,False
1007294,7001,刘信承,male,1878-01-01,1960-12-31,26,信,Rule-generated Stage7 member for 汉朝刘氏.,False
1007295,7001,刘明,female,1879-01-01,1967-12-31,26,信,Rule-generated Stage7 member for 汉朝刘氏.,False
1007296,7001,刘信世,male,1875-01-01,1928-12-31,26,信,Rule-generated Stage7 member for 汉朝刘氏.,False
1007297,7001,刘信宁,female,1879-01-01,1955-12-31,26,信,Rule-generated Stage7 member for 汉朝刘氏.,False
1007298,7001,刘信景,male,1878-01-01,1911-12-31,26,信,Rule-generated Stage7 member for 汉朝刘氏.,False
1007299,7001,刘明,female,1879-01-01,1956-12-31,26,信,Rule-generated Stage7 member for 汉朝刘氏.,False
1007300,7001,刘明,male,1877-01-01,1948-12-31,26,信,Rule-generated Stage7 member for 汉朝刘氏.,False
1007301,7001,刘信安,female,1876-01-01,1948-12-31,26,信,Rule-generated Stage7 member for 汉朝刘氏.,False
1007302,7001,刘强明,male,1873-01-01,1944-12-31,26,信,Rule-generated Stage7 member for 汉朝刘氏.,False
1007303,7001,刘信芳,female,1873-01-01,1956-12-31,26,信,Rule-generated Stage7 member for 汉朝刘氏.,False
1007304,7001,刘敏,male,1878-01-01,1961-12-31,26,信,Rule-generated Stage7 member for 汉朝刘氏.,False
1007305,7001,刘信敏,female,1879-01-01,1935-12-31,26,信,Rule-generated Stage7 member for 汉朝刘氏.,False
1007306,7001,刘丽,male,1878-01-01,1931-12-31,26,信,Rule-generated Stage7 member for 汉朝刘氏.,False
1007307,7001,刘敏梅,female,1876-01-01,1969-12-31,26,信,Rule-generated Stage7 member for 汉朝刘氏.,False
1007308,7001,刘信明,male,1878-01-01,1950-12-31,26,信,Rule-generated Stage7 member for 汉朝刘氏.,False
1007309,7001,刘丽清,female,1873-01-01,1973-12-31,26,信,Rule-generated Stage7 member for 汉朝刘氏.,False
1007310,7001,刘信安,male,1873-01-01,1960-12-31,26,信,Rule-generated Stage7 member for 汉朝刘氏.,False
1007311,7001,刘玉慧,female,1878-01-01,1934-12-31,26,信,Rule-generated Stage7 member for 汉朝刘氏.,False
1007312,7001,刘信宗,male,1875-01-01,1936-12-31,26,信,Rule-generated Stage7 member for 汉朝刘氏.,False
1007313,7001,刘信慧,female,1877-01-01,1911-12-31,26,信,Rule-generated Stage7 member for 汉朝刘氏.,False
1007314,7001,刘信文,male,1873-01-01,1952-12-31,26,信,Rule-generated Stage7 member for 汉朝刘氏.,False
1007315,7001,刘敏宁,female,1873-01-01,1923-12-31,26,信,Rule-generated Stage7 member for 汉朝刘氏.,False
1007316,7001,刘宗承,male,1874-01-01,1971-12-31,26,信,Rule-generated Stage7 member for 汉朝刘氏.,False
1007317,7001,刘丽,female,1879-01-01,1962-12-31,26,信,Rule-generated Stage7 member for 汉朝刘氏.,False
1007318,7001,刘宗明,male,1874-01-01,1931-12-31,26,信,Rule-generated Stage7 member for 汉朝刘氏.,False
1007319,7001,刘信梅,female,1875-01-01,1920-12-31,26,信,Rule-generated Stage7 member for 汉朝刘氏.,False
1007320,7001,刘明,male,1876-01-01,1944-12-31,26,信,Rule-generated Stage7 member for 汉朝刘氏.,False
1007321,7001,刘梅丽,female,1878-01-01,1917-12-31,26,信,Rule-generated Stage7 member for 汉朝刘氏.,False
1007322,7001,刘信国,male,1873-01-01,1926-12-31,26,信,Rule-generated Stage7 member for 汉朝刘氏.,False
1007323,7001,刘敏宁,female,1875-01-01,1957-12-31,26,信,Rule-generated Stage7 member for 汉朝刘氏.,False
1007324,7001,刘信德,male,1878-01-01,1925-12-31,26,信,Rule-generated Stage7 member for 汉朝刘氏.,False
1007325,7001,刘宁慧,female,1875-01-01,1936-12-31,26,信,Rule-generated Stage7 member for 汉朝刘氏.,False
1007326,7001,刘信景,male,1875-01-01,1908-12-31,26,信,Rule-generated Stage7 member for 汉朝刘氏.,False
1007327,7001,刘信华,female,1873-01-01,1953-12-31,26,信,Rule-generated Stage7 member for 汉朝刘氏.,False
1007328,7001,刘伟明,male,1876-01-01,1931-12-31,26,信,Rule-generated Stage7 member for 汉朝刘氏.,False
1007329,7001,刘信芳,female,1878-01-01,1974-12-31,26,信,Rule-generated Stage7 member for 汉朝刘氏.,False
1007330,7001,刘信强,male,1877-01-01,1956-12-31,26,信,Rule-generated Stage7 member for 汉朝刘氏.,False
1007331,7001,刘信清,female,1877-01-01,1946-12-31,26,信,Rule-generated Stage7 member for 汉朝刘氏.,False
1007332,7001,刘强,male,1874-01-01,1903-12-31,26,信,Rule-generated Stage7 member for 汉朝刘氏.,False
1007333,7001,刘信芳,female,1874-01-01,1935-12-31,26,信,Rule-generated Stage7 member for 汉朝刘氏.,False
1007334,7001,刘文明,male,1877-01-01,1976-12-31,26,信,Rule-generated Stage7 member for 汉朝刘氏.,False
1007335,7001,刘信芳,female,1879-01-01,1934-12-31,26,信,Rule-generated Stage7 member for 汉朝刘氏.,False
1007336,7001,刘丽,male,1874-01-01,1911-12-31,26,信,Rule-generated Stage7 member for 汉朝刘氏.,False
1007337,7001,刘丽,female,1878-01-01,1979-12-31,26,信,Rule-generated Stage7 member for 汉朝刘氏.,False
1007338,7001,刘信世,male,1876-01-01,1953-12-31,26,信,Rule-generated Stage7 member for 汉朝刘氏.,False
1007339,7001,刘宁华,female,1875-01-01,1942-12-31,26,信,Rule-generated Stage7 member for 汉朝刘氏.,False
1007340,7001,刘信伟,male,1876-01-01,1972-12-31,26,信,Rule-generated Stage7 member for 汉朝刘氏.,False
1007341,7001,刘信芳,female,1873-01-01,1951-12-31,26,信,Rule-generated Stage7 member for 汉朝刘氏.,False
1007342,7001,刘伟景,male,1877-01-01,1952-12-31,26,信,Rule-generated Stage7 member for 汉朝刘氏.,False
1007343,7001,刘信清,female,1875-01-01,1982-12-31,26,信,Rule-generated Stage7 member for 汉朝刘氏.,False
1007344,7001,刘宗宗,male,1876-01-01,1962-12-31,26,信,Rule-generated Stage7 member for 汉朝刘氏.,False
1007345,7001,刘伟,female,1879-01-01,1930-12-31,26,信,Rule-generated Stage7 member for 汉朝刘氏.,False
1007346,7001,刘信成,male,1875-01-01,1929-12-31,26,信,Rule-generated Stage7 member for 汉朝刘氏.,False
1007347,7001,刘丽华,female,1874-01-01,1953-12-31,26,信,Rule-generated Stage7 member for 汉朝刘氏.,False
1007348,7001,刘信宗,male,1879-01-01,1940-12-31,26,信,Rule-generated Stage7 member for 汉朝刘氏.,False
1007349,7001,刘信芳,female,1873-01-01,1942-12-31,26,信,Rule-generated Stage7 member for 汉朝刘氏.,False
1007350,7001,刘伟国,male,1877-01-01,1950-12-31,26,信,Rule-generated Stage7 member for 汉朝刘氏.,False
1007351,7001,刘信玉,female,1876-01-01,1947-12-31,26,信,Rule-generated Stage7 member for 汉朝刘氏.,False
1007352,7001,刘信宗,male,1878-01-01,1939-12-31,26,信,Rule-generated Stage7 member for 汉朝刘氏.,False
1007353,7001,刘信兰,female,1876-01-01,1949-12-31,26,信,Rule-generated Stage7 member for 汉朝刘氏.,False
1007354,7001,刘信宗,male,1879-01-01,1940-12-31,26,信,Rule-generated Stage7 member for 汉朝刘氏.,False
1007355,7001,刘信安,female,1875-01-01,1944-12-31,26,信,Rule-generated Stage7 member for 汉朝刘氏.,False
1007356,7001,刘信明,male,1877-01-01,1970-12-31,26,信,Rule-generated Stage7 member for 汉朝刘氏.,False
1007357,7001,刘敏,female,1874-01-01,1914-12-31,26,信,Rule-generated Stage7 member for 汉朝刘氏.,False
1007358,7001,刘丽,male,1874-01-01,1925-12-31,26,信,Rule-generated Stage7 member for 汉朝刘氏.,False
1007359,7001,刘慧宁,female,1877-01-01,1956-12-31,26,信,Rule-generated Stage7 member for 汉朝刘氏.,False
1007360,7001,刘信文,male,1878-01-01,1938-12-31,26,信,Rule-generated Stage7 member for 汉朝刘氏.,False
1007361,7001,刘信兰,female,1876-01-01,1968-12-31,26,信,Rule-generated Stage7 member for 汉朝刘氏.,False
1007362,7001,刘信宗,male,1874-01-01,1952-12-31,26,信,Rule-generated Stage7 member for 汉朝刘氏.,False
1007363,7001,刘梅雅,female,1875-01-01,1947-12-31,26,信,Rule-generated Stage7 member for 汉朝刘氏.,False
1007364,7001,刘华,male,1878-01-01,1912-12-31,26,信,Rule-generated Stage7 member for 汉朝刘氏.,False
1007365,7001,刘信敏,female,1877-01-01,1939-12-31,26,信,Rule-generated Stage7 member for 汉朝刘氏.,False
1007366,7001,刘景伟,male,1877-01-01,1921-12-31,26,信,Rule-generated Stage7 member for 汉朝刘氏.,False
1007367,7001,刘信玉,female,1877-01-01,1925-12-31,26,信,Rule-generated Stage7 member for 汉朝刘氏.,False
1007368,7001,刘信成,male,1879-01-01,1910-12-31,26,信,Rule-generated Stage7 member for 汉朝刘氏.,False
1007369,7001,刘信玉,female,1876-01-01,1943-12-31,26,信,Rule-generated Stage7 member for 汉朝刘氏.,False
1007370,7001,刘信德,male,1879-01-01,1958-12-31,26,信,Rule-generated Stage7 member for 汉朝刘氏.,False
1007371,7001,刘雅安,female,1876-01-01,1932-12-31,26,信,Rule-generated Stage7 member for 汉朝刘氏.,False
1007372,7001,刘信承,male,1879-01-01,1932-12-31,26,信,Rule-generated Stage7 member for 汉朝刘氏.,False
1007373,7001,刘敏清,female,1878-01-01,1952-12-31,26,信,Rule-generated Stage7 member for 汉朝刘氏.,False
1007374,7001,刘景世,male,1874-01-01,1940-12-31,26,信,Rule-generated Stage7 member for 汉朝刘氏.,False
1007375,7001,刘芳安,female,1873-01-01,1945-12-31,26,信,Rule-generated Stage7 member for 汉朝刘氏.,False
1007376,7001,刘华,male,1877-01-01,1938-12-31,26,信,Rule-generated Stage7 member for 汉朝刘氏.,False
1007377,7001,刘忠强,male,1901-01-01,1998-12-31,27,忠,Rule-generated Stage7 member for 汉朝刘氏.,False
1007378,7001,刘丽清,female,1896-01-01,1963-12-31,27,忠,Rule-generated Stage7 member for 汉朝刘氏.,False
1007379,7001,刘忠景,male,1896-01-01,1961-12-31,27,忠,Rule-generated Stage7 member for 汉朝刘氏.,False
1007380,7001,刘忠安,female,1898-01-01,1941-12-31,27,忠,Rule-generated Stage7 member for 汉朝刘氏.,False
1007381,7001,刘忠明,male,1896-01-01,1971-12-31,27,忠,Rule-generated Stage7 member for 汉朝刘氏.,False
1007382,7001,刘华,female,1900-01-01,1941-12-31,27,忠,Rule-generated Stage7 member for 汉朝刘氏.,False
1007383,7001,刘安文,male,1898-01-01,1928-12-31,27,忠,Rule-generated Stage7 member for 汉朝刘氏.,False
1007384,7001,刘忠宁,female,1897-01-01,1924-12-31,27,忠,Rule-generated Stage7 member for 汉朝刘氏.,False
1007385,7001,刘忠景,male,1899-01-01,1957-12-31,27,忠,Rule-generated Stage7 member for 汉朝刘氏.,False
1007386,7001,刘玉玉,female,1899-01-01,1963-12-31,27,忠,Rule-generated Stage7 member for 汉朝刘氏.,False
1007387,7001,刘忠宗,male,1901-01-01,1983-12-31,27,忠,Rule-generated Stage7 member for 汉朝刘氏.,False
1007388,7001,刘芳丽,female,1899-01-01,1972-12-31,27,忠,Rule-generated Stage7 member for 汉朝刘氏.,False
1007389,7001,刘忠文,male,1897-01-01,1966-12-31,27,忠,Rule-generated Stage7 member for 汉朝刘氏.,False
1007390,7001,刘忠雅,female,1901-01-01,1976-12-31,27,忠,Rule-generated Stage7 member for 汉朝刘氏.,False
1007391,7001,刘忠文,male,1897-01-01,1994-12-31,27,忠,Rule-generated Stage7 member for 汉朝刘氏.,False
1007392,7001,刘明,female,1896-01-01,1969-12-31,27,忠,Rule-generated Stage7 member for 汉朝刘氏.,False
1007393,7001,刘宗承,male,1897-01-01,1938-12-31,27,忠,Rule-generated Stage7 member for 汉朝刘氏.,False
1007394,7001,刘忠兰,female,1900-01-01,1970-12-31,27,忠,Rule-generated Stage7 member for 汉朝刘氏.,False
1007395,7001,刘伟伟,male,1896-01-01,1930-12-31,27,忠,Rule-generated Stage7 member for 汉朝刘氏.,False
1007396,7001,刘忠芳,female,1898-01-01,1969-12-31,27,忠,Rule-generated Stage7 member for 汉朝刘氏.,False
1007397,7001,刘忠国,male,1897-01-01,1955-12-31,27,忠,Rule-generated Stage7 member for 汉朝刘氏.,False
1007398,7001,刘清安,female,1897-01-01,1972-12-31,27,忠,Rule-generated Stage7 member for 汉朝刘氏.,False
1007399,7001,刘明明,male,1900-01-01,1981-12-31,27,忠,Rule-generated Stage7 member for 汉朝刘氏.,False
1007400,7001,刘忠敏,female,1901-01-01,1995-12-31,27,忠,Rule-generated Stage7 member for 汉朝刘氏.,False
1007401,7001,刘忠德,male,1896-01-01,1933-12-31,27,忠,Rule-generated Stage7 member for 汉朝刘氏.,False
1007402,7001,刘忠兰,female,1897-01-01,1958-12-31,27,忠,Rule-generated Stage7 member for 汉朝刘氏.,False
1007403,7001,刘忠景,male,1897-01-01,1961-12-31,27,忠,Rule-generated Stage7 member for 汉朝刘氏.,False
1007404,7001,刘忠清,female,1895-01-01,1972-12-31,27,忠,Rule-generated Stage7 member for 汉朝刘氏.,False
1007405,7001,刘景成,male,1895-01-01,1994-12-31,27,忠,Rule-generated Stage7 member for 汉朝刘氏.,False
1007406,7001,刘玉慧,female,1901-01-01,2000-12-31,27,忠,Rule-generated Stage7 member for 汉朝刘氏.,False
1007407,7001,刘强,male,1898-01-01,1951-12-31,27,忠,Rule-generated Stage7 member for 汉朝刘氏.,False
1007408,7001,刘明,female,1900-01-01,1985-12-31,27,忠,Rule-generated Stage7 member for 汉朝刘氏.,False
1007409,7001,刘强世,male,1896-01-01,1967-12-31,27,忠,Rule-generated Stage7 member for 汉朝刘氏.,False
1007410,7001,刘忠雅,female,1896-01-01,1974-12-31,27,忠,Rule-generated Stage7 member for 汉朝刘氏.,False
1007411,7001,刘忠成,male,1901-01-01,1980-12-31,27,忠,Rule-generated Stage7 member for 汉朝刘氏.,False
1007412,7001,刘忠安,female,1897-01-01,1994-12-31,27,忠,Rule-generated Stage7 member for 汉朝刘氏.,False
1007413,7001,刘忠宗,male,1898-01-01,1951-12-31,27,忠,Rule-generated Stage7 member for 汉朝刘氏.,False
1007414,7001,刘忠梅,female,1895-01-01,1931-12-31,27,忠,Rule-generated Stage7 member for 汉朝刘氏.,False
1007415,7001,刘忠文,male,1895-01-01,1991-12-31,27,忠,Rule-generated Stage7 member for 汉朝刘氏.,False
1007416,7001,刘雅慧,female,1897-01-01,1939-12-31,27,忠,Rule-generated Stage7 member for 汉朝刘氏.,False
1007417,7001,刘敏,male,1895-01-01,1958-12-31,27,忠,Rule-generated Stage7 member for 汉朝刘氏.,False
1007418,7001,刘忠宁,female,1897-01-01,1945-12-31,27,忠,Rule-generated Stage7 member for 汉朝刘氏.,False
1007419,7001,刘强安,male,1896-01-01,1989-12-31,27,忠,Rule-generated Stage7 member for 汉朝刘氏.,False
1007420,7001,刘忠玉,female,1901-01-01,1949-12-31,27,忠,Rule-generated Stage7 member for 汉朝刘氏.,False
1007421,7001,刘强世,male,1896-01-01,1938-12-31,27,忠,Rule-generated Stage7 member for 汉朝刘氏.,False
1007422,7001,刘安兰,female,1898-01-01,1954-12-31,27,忠,Rule-generated Stage7 member for 汉朝刘氏.,False
1007423,7001,刘忠安,male,1895-01-01,1950-12-31,27,忠,Rule-generated Stage7 member for 汉朝刘氏.,False
1007424,7001,刘明,female,1896-01-01,1989-12-31,27,忠,Rule-generated Stage7 member for 汉朝刘氏.,False
1007425,7001,刘国景,male,1896-01-01,1964-12-31,27,忠,Rule-generated Stage7 member for 汉朝刘氏.,False
1007426,7001,刘忠敏,female,1897-01-01,2000-12-31,27,忠,Rule-generated Stage7 member for 汉朝刘氏.,False
1007427,7001,刘世伟,male,1900-01-01,1982-12-31,27,忠,Rule-generated Stage7 member for 汉朝刘氏.,False
1007428,7001,刘忠华,female,1900-01-01,1928-12-31,27,忠,Rule-generated Stage7 member for 汉朝刘氏.,False
1007429,7001,刘忠伟,male,1898-01-01,1971-12-31,27,忠,Rule-generated Stage7 member for 汉朝刘氏.,False
1007430,7001,刘忠梅,female,1901-01-01,1961-12-31,27,忠,Rule-generated Stage7 member for 汉朝刘氏.,False
1007431,7001,刘安景,male,1896-01-01,1971-12-31,27,忠,Rule-generated Stage7 member for 汉朝刘氏.,False
1007432,7001,刘忠兰,female,1896-01-01,1990-12-31,27,忠,Rule-generated Stage7 member for 汉朝刘氏.,False
1007433,7001,刘敏,male,1900-01-01,1982-12-31,27,忠,Rule-generated Stage7 member for 汉朝刘氏.,False
1007434,7001,刘忠清,female,1897-01-01,1966-12-31,27,忠,Rule-generated Stage7 member for 汉朝刘氏.,False
1007435,7001,刘宗文,male,1899-01-01,1951-12-31,27,忠,Rule-generated Stage7 member for 汉朝刘氏.,False
1007436,7001,刘玉清,female,1897-01-01,1948-12-31,27,忠,Rule-generated Stage7 member for 汉朝刘氏.,False
1007437,7001,刘忠安,male,1899-01-01,1978-12-31,27,忠,Rule-generated Stage7 member for 汉朝刘氏.,False
1007438,7001,刘芳慧,female,1901-01-01,1968-12-31,27,忠,Rule-generated Stage7 member for 汉朝刘氏.,False
1007439,7001,刘安强,male,1895-01-01,1961-12-31,27,忠,Rule-generated Stage7 member for 汉朝刘氏.,False
1007440,7001,刘忠慧,female,1900-01-01,1981-12-31,27,忠,Rule-generated Stage7 member for 汉朝刘氏.,False
1007441,7001,刘强国,male,1898-01-01,1971-12-31,27,忠,Rule-generated Stage7 member for 汉朝刘氏.,False
1007442,7001,刘雅华,female,1901-01-01,1978-12-31,27,忠,Rule-generated Stage7 member for 汉朝刘氏.,False
1007443,7001,刘忠明,male,1899-01-01,1959-12-31,27,忠,Rule-generated Stage7 member for 汉朝刘氏.,False
1007444,7001,刘忠梅,female,1895-01-01,1981-12-31,27,忠,Rule-generated Stage7 member for 汉朝刘氏.,False
1007445,7001,刘国德,male,1899-01-01,1995-12-31,27,忠,Rule-generated Stage7 member for 汉朝刘氏.,False
1007446,7001,刘丽,female,1898-01-01,1953-12-31,27,忠,Rule-generated Stage7 member for 汉朝刘氏.,False
1007447,7001,刘忠成,male,1896-01-01,1948-12-31,27,忠,Rule-generated Stage7 member for 汉朝刘氏.,False
1007448,7001,刘丽敏,female,1901-01-01,1997-12-31,27,忠,Rule-generated Stage7 member for 汉朝刘氏.,False
1007449,7001,刘忠安,male,1898-01-01,1977-12-31,27,忠,Rule-generated Stage7 member for 汉朝刘氏.,False
1007450,7001,刘敏,female,1896-01-01,1982-12-31,27,忠,Rule-generated Stage7 member for 汉朝刘氏.,False
1007451,7001,刘宗承,male,1895-01-01,1950-12-31,27,忠,Rule-generated Stage7 member for 汉朝刘氏.,False
1007452,7001,刘明,female,1898-01-01,1987-12-31,27,忠,Rule-generated Stage7 member for 汉朝刘氏.,False
1007453,7001,刘忠承,male,1895-01-01,1938-12-31,27,忠,Rule-generated Stage7 member for 汉朝刘氏.,False
1007454,7001,刘雅兰,female,1900-01-01,1987-12-31,27,忠,Rule-generated Stage7 member for 汉朝刘氏.,False
1007455,7001,刘明,male,1901-01-01,1962-12-31,27,忠,Rule-generated Stage7 member for 汉朝刘氏.,False
1007456,7001,刘忠兰,female,1901-01-01,1961-12-31,27,忠,Rule-generated Stage7 member for 汉朝刘氏.,False
1007457,7001,刘世景,male,1901-01-01,1972-12-31,27,忠,Rule-generated Stage7 member for 汉朝刘氏.,False
1007458,7001,刘敏,female,1898-01-01,1977-12-31,27,忠,Rule-generated Stage7 member for 汉朝刘氏.,False
1007459,7001,刘忠国,male,1900-01-01,1940-12-31,27,忠,Rule-generated Stage7 member for 汉朝刘氏.,False
1007460,7001,刘忠安,female,1895-01-01,1941-12-31,27,忠,Rule-generated Stage7 member for 汉朝刘氏.,False
1007461,7001,刘忠强,male,1900-01-01,1946-12-31,27,忠,Rule-generated Stage7 member for 汉朝刘氏.,False
1007462,7001,刘清雅,female,1896-01-01,1953-12-31,27,忠,Rule-generated Stage7 member for 汉朝刘氏.,False
1007463,7001,刘文强,male,1898-01-01,1960-12-31,27,忠,Rule-generated Stage7 member for 汉朝刘氏.,False
1007464,7001,刘忠丽,female,1898-01-01,1977-12-31,27,忠,Rule-generated Stage7 member for 汉朝刘氏.,False
1007465,7001,刘忠宗,male,1898-01-01,1937-12-31,27,忠,Rule-generated Stage7 member for 汉朝刘氏.,False
1007466,7001,刘忠安,female,1900-01-01,1939-12-31,27,忠,Rule-generated Stage7 member for 汉朝刘氏.,False
1007467,7001,刘景安,male,1897-01-01,1934-12-31,27,忠,Rule-generated Stage7 member for 汉朝刘氏.,False
1007468,7001,刘忠宁,female,1896-01-01,1967-12-31,27,忠,Rule-generated Stage7 member for 汉朝刘氏.,False
1007469,7001,刘忠文,male,1898-01-01,1968-12-31,27,忠,Rule-generated Stage7 member for 汉朝刘氏.,False
1007470,7001,刘忠敏,female,1901-01-01,2004-12-31,27,忠,Rule-generated Stage7 member for 汉朝刘氏.,False
1007471,7001,刘明,male,1899-01-01,1960-12-31,27,忠,Rule-generated Stage7 member for 汉朝刘氏.,False
1007472,7001,刘丽梅,female,1895-01-01,1936-12-31,27,忠,Rule-generated Stage7 member for 汉朝刘氏.,False
1007473,7001,刘忠世,male,1901-01-01,1981-12-31,27,忠,Rule-generated Stage7 member for 汉朝刘氏.,False
1007474,7001,刘丽,female,1896-01-01,1930-12-31,27,忠,Rule-generated Stage7 member for 汉朝刘氏.,False
1007475,7001,刘忠强,male,1897-01-01,1957-12-31,27,忠,Rule-generated Stage7 member for 汉朝刘氏.,False
1007476,7001,刘清梅,female,1901-01-01,1947-12-31,27,忠,Rule-generated Stage7 member for 汉朝刘氏.,False
1007477,7001,刘忠文,male,1895-01-01,1971-12-31,27,忠,Rule-generated Stage7 member for 汉朝刘氏.,False
1007478,7001,刘忠雅,female,1900-01-01,1980-12-31,27,忠,Rule-generated Stage7 member for 汉朝刘氏.,False
1007479,7001,刘忠安,male,1898-01-01,1971-12-31,27,忠,Rule-generated Stage7 member for 汉朝刘氏.,False
1007480,7001,刘丽兰,female,1899-01-01,1946-12-31,27,忠,Rule-generated Stage7 member for 汉朝刘氏.,False
1007481,7001,刘忠伟,male,1898-01-01,1959-12-31,27,忠,Rule-generated Stage7 member for 汉朝刘氏.,False
1007482,7001,刘梅敏,female,1898-01-01,1959-12-31,27,忠,Rule-generated Stage7 member for 汉朝刘氏.,False
1007483,7001,刘文伟,male,1895-01-01,1959-12-31,27,忠,Rule-generated Stage7 member for 汉朝刘氏.,False
1007484,7001,刘兰雅,female,1898-01-01,1937-12-31,27,忠,Rule-generated Stage7 member for 汉朝刘氏.,False
1007485,7001,刘文明,male,1901-01-01,1973-12-31,27,忠,Rule-generated Stage7 member for 汉朝刘氏.,False
1007486,7001,刘明,female,1895-01-01,1934-12-31,27,忠,Rule-generated Stage7 member for 汉朝刘氏.,False
1007487,7001,刘忠安,male,1898-01-01,1954-12-31,27,忠,Rule-generated Stage7 member for 汉朝刘氏.,False
1007488,7001,刘敏,female,1897-01-01,1971-12-31,27,忠,Rule-generated Stage7 member for 汉朝刘氏.,False
1007489,7001,刘忠德,male,1900-01-01,1951-12-31,27,忠,Rule-generated Stage7 member for 汉朝刘氏.,False
1007490,7001,刘宁敏,female,1897-01-01,1947-12-31,27,忠,Rule-generated Stage7 member for 汉朝刘氏.,False
1007491,7001,刘景文,male,1897-01-01,1952-12-31,27,忠,Rule-generated Stage7 member for 汉朝刘氏.,False
1007492,7001,刘忠安,female,1900-01-01,1981-12-31,27,忠,Rule-generated Stage7 member for 汉朝刘氏.,False
1007493,7001,刘忠世,male,1898-01-01,1983-12-31,27,忠,Rule-generated Stage7 member for 汉朝刘氏.,False
1007494,7001,刘慧慧,female,1895-01-01,1959-12-31,27,忠,Rule-generated Stage7 member for 汉朝刘氏.,False
1007495,7001,刘伟,male,1896-01-01,1948-12-31,27,忠,Rule-generated Stage7 member for 汉朝刘氏.,False
1007496,7001,刘忠兰,female,1901-01-01,1974-12-31,27,忠,Rule-generated Stage7 member for 汉朝刘氏.,False
1007497,7001,刘文德,male,1896-01-01,1994-12-31,27,忠,Rule-generated Stage7 member for 汉朝刘氏.,False
1007498,7001,刘忠敏,female,1900-01-01,1935-12-31,27,忠,Rule-generated Stage7 member for 汉朝刘氏.,False
1007499,7001,刘忠承,male,1895-01-01,1957-12-31,27,忠,Rule-generated Stage7 member for 汉朝刘氏.,False
1007500,7001,刘忠清,female,1895-01-01,1962-12-31,27,忠,Rule-generated Stage7 member for 汉朝刘氏.,False
1007501,7001,刘忠成,male,1901-01-01,1966-12-31,27,忠,Rule-generated Stage7 member for 汉朝刘氏.,False
1007502,7001,刘忠芳,female,1895-01-01,1961-12-31,27,忠,Rule-generated Stage7 member for 汉朝刘氏.,False
1007503,7001,刘忠安,male,1898-01-01,1938-12-31,27,忠,Rule-generated Stage7 member for 汉朝刘氏.,False
1007504,7001,刘忠梅,female,1901-01-01,1945-12-31,27,忠,Rule-generated Stage7 member for 汉朝刘氏.,False
1007505,7001,刘承国,male,1897-01-01,1965-12-31,27,忠,Rule-generated Stage7 member for 汉朝刘氏.,False
1007506,7001,刘忠兰,female,1901-01-01,1920-12-31,27,忠,Rule-generated Stage7 member for 汉朝刘氏.,False
1007507,7001,刘敏,male,1895-01-01,1981-12-31,27,忠,Rule-generated Stage7 member for 汉朝刘氏.,False
1007508,7001,刘忠敏,female,1899-01-01,1992-12-31,27,忠,Rule-generated Stage7 member for 汉朝刘氏.,False
1007509,7001,刘忠承,male,1895-01-01,1985-12-31,27,忠,Rule-generated Stage7 member for 汉朝刘氏.,False
1007510,7001,刘明,female,1901-01-01,1947-12-31,27,忠,Rule-generated Stage7 member for 汉朝刘氏.,False
1007511,7001,刘忠强,male,1899-01-01,1986-12-31,27,忠,Rule-generated Stage7 member for 汉朝刘氏.,False
1007512,7001,刘忠慧,female,1897-01-01,1962-12-31,27,忠,Rule-generated Stage7 member for 汉朝刘氏.,False
1007513,7001,刘忠世,male,1899-01-01,1951-12-31,27,忠,Rule-generated Stage7 member for 汉朝刘氏.,False
1007514,7001,刘忠慧,female,1895-01-01,1969-12-31,27,忠,Rule-generated Stage7 member for 汉朝刘氏.,False
1007515,7001,刘强世,male,1898-01-01,1960-12-31,27,忠,Rule-generated Stage7 member for 汉朝刘氏.,False
1007516,7001,刘忠梅,female,1899-01-01,1981-12-31,27,忠,Rule-generated Stage7 member for 汉朝刘氏.,False
1007517,7001,刘安承,male,1901-01-01,1985-12-31,27,忠,Rule-generated Stage7 member for 汉朝刘氏.,False
1007518,7001,刘兰安,female,1898-01-01,1986-12-31,27,忠,Rule-generated Stage7 member for 汉朝刘氏.,False
1007519,7001,刘忠国,male,1901-01-01,1986-12-31,27,忠,Rule-generated Stage7 member for 汉朝刘氏.,False
1007520,7001,刘忠芳,female,1900-01-01,1973-12-31,27,忠,Rule-generated Stage7 member for 汉朝刘氏.,False
1007521,7001,刘忠明,male,1895-01-01,1997-12-31,27,忠,Rule-generated Stage7 member for 汉朝刘氏.,False
1007522,7001,刘丽兰,female,1897-01-01,1969-12-31,27,忠,Rule-generated Stage7 member for 汉朝刘氏.,False
1007523,7001,刘忠文,male,1895-01-01,1929-12-31,27,忠,Rule-generated Stage7 member for 汉朝刘氏.,False
1007524,7001,刘敏,female,1898-01-01,1991-12-31,27,忠,Rule-generated Stage7 member for 汉朝刘氏.,False
1007525,7001,刘景宗,male,1898-01-01,1954-12-31,27,忠,Rule-generated Stage7 member for 汉朝刘氏.,False
1007526,7001,刘忠芳,female,1900-01-01,1936-12-31,27,忠,Rule-generated Stage7 member for 汉朝刘氏.,False
1007527,7001,刘忠文,male,1900-01-01,1995-12-31,27,忠,Rule-generated Stage7 member for 汉朝刘氏.,False
1007528,7001,刘强,female,1900-01-01,1975-12-31,27,忠,Rule-generated Stage7 member for 汉朝刘氏.,False
1007529,7001,刘忠成,male,1896-01-01,1973-12-31,27,忠,Rule-generated Stage7 member for 汉朝刘氏.,False
1007530,7001,刘忠丽,female,1897-01-01,1984-12-31,27,忠,Rule-generated Stage7 member for 汉朝刘氏.,False
1007531,7001,刘敏,male,1899-01-01,1965-12-31,27,忠,Rule-generated Stage7 member for 汉朝刘氏.,False
1007532,7001,刘伟,female,1900-01-01,1982-12-31,27,忠,Rule-generated Stage7 member for 汉朝刘氏.,False
1007533,7001,刘文成,male,1900-01-01,1939-12-31,27,忠,Rule-generated Stage7 member for 汉朝刘氏.,False
1007534,7001,刘芳芳,female,1896-01-01,1969-12-31,27,忠,Rule-generated Stage7 member for 汉朝刘氏.,False
1007535,7001,刘强承,male,1901-01-01,1997-12-31,27,忠,Rule-generated Stage7 member for 汉朝刘氏.,False
1007536,7001,刘忠玉,female,1895-01-01,1924-12-31,27,忠,Rule-generated Stage7 member for 汉朝刘氏.,False
1007537,7001,刘忠国,male,1900-01-01,1977-12-31,27,忠,Rule-generated Stage7 member for 汉朝刘氏.,False
1007538,7001,刘忠慧,female,1900-01-01,1980-12-31,27,忠,Rule-generated Stage7 member for 汉朝刘氏.,False
1007539,7001,刘忠景,male,1901-01-01,1941-12-31,27,忠,Rule-generated Stage7 member for 汉朝刘氏.,False
1007540,7001,刘忠敏,female,1896-01-01,1928-12-31,27,忠,Rule-generated Stage7 member for 汉朝刘氏.,False
1007541,7001,刘国明,male,1899-01-01,1952-12-31,27,忠,Rule-generated Stage7 member for 汉朝刘氏.,False
1007542,7001,刘忠安,female,1896-01-01,1955-12-31,27,忠,Rule-generated Stage7 member for 汉朝刘氏.,False
1007543,7001,刘忠强,male,1897-01-01,1972-12-31,27,忠,Rule-generated Stage7 member for 汉朝刘氏.,False
1007544,7001,刘忠敏,female,1897-01-01,1987-12-31,27,忠,Rule-generated Stage7 member for 汉朝刘氏.,False
1007545,7001,刘忠宗,male,1901-01-01,1995-12-31,27,忠,Rule-generated Stage7 member for 汉朝刘氏.,False
1007546,7001,刘华安,female,1898-01-01,1970-12-31,27,忠,Rule-generated Stage7 member for 汉朝刘氏.,False
1007547,7001,刘忠德,male,1896-01-01,1961-12-31,27,忠,Rule-generated Stage7 member for 汉朝刘氏.,False
1007548,7001,刘忠玉,female,1900-01-01,1960-12-31,27,忠,Rule-generated Stage7 member for 汉朝刘氏.,False
1007549,7001,刘承承,male,1898-01-01,1923-12-31,27,忠,Rule-generated Stage7 member for 汉朝刘氏.,False
1007550,7001,刘慧兰,female,1900-01-01,1993-12-31,27,忠,Rule-generated Stage7 member for 汉朝刘氏.,False
1007551,7001,刘忠成,male,1900-01-01,1973-12-31,27,忠,Rule-generated Stage7 member for 汉朝刘氏.,False
1007552,7001,刘忠雅,female,1899-01-01,1960-12-31,27,忠,Rule-generated Stage7 member for 汉朝刘氏.,False
1007553,7001,刘文成,male,1899-01-01,1947-12-31,27,忠,Rule-generated Stage7 member for 汉朝刘氏.,False
1007554,7001,刘丽,male,1917-01-01,1974-12-31,28,和,Rule-generated Stage7 member for 汉朝刘氏.,False
1007555,7001,刘和清,female,1922-01-01,1967-12-31,28,和,Rule-generated Stage7 member for 汉朝刘氏.,False
1007556,7001,刘安安,male,1923-01-01,1977-12-31,28,和,Rule-generated Stage7 member for 汉朝刘氏.,False
1007557,7001,刘和敏,female,1923-01-01,2014-12-31,28,和,Rule-generated Stage7 member for 汉朝刘氏.,False
1007558,7001,刘明,male,1917-01-01,1964-12-31,28,和,Rule-generated Stage7 member for 汉朝刘氏.,False
1007559,7001,刘和清,female,1919-01-01,2000-12-31,28,和,Rule-generated Stage7 member for 汉朝刘氏.,False
1007560,7001,刘和世,male,1917-01-01,2019-12-31,28,和,Rule-generated Stage7 member for 汉朝刘氏.,False
1007561,7001,刘和敏,female,1922-01-01,1985-12-31,28,和,Rule-generated Stage7 member for 汉朝刘氏.,False
1007562,7001,刘宗承,male,1919-01-01,1967-12-31,28,和,Rule-generated Stage7 member for 汉朝刘氏.,False
1007563,7001,刘和兰,female,1919-01-01,1967-12-31,28,和,Rule-generated Stage7 member for 汉朝刘氏.,False
1007564,7001,刘和成,male,1921-01-01,1998-12-31,28,和,Rule-generated Stage7 member for 汉朝刘氏.,False
1007565,7001,刘和敏,female,1918-01-01,1992-12-31,28,和,Rule-generated Stage7 member for 汉朝刘氏.,False
1007566,7001,刘景宗,male,1920-01-01,1968-12-31,28,和,Rule-generated Stage7 member for 汉朝刘氏.,False
1007567,7001,刘和华,female,1920-01-01,1982-12-31,28,和,Rule-generated Stage7 member for 汉朝刘氏.,False
1007568,7001,刘和伟,male,1917-01-01,1967-12-31,28,和,Rule-generated Stage7 member for 汉朝刘氏.,False
1007569,7001,刘和宁,female,1921-01-01,2007-12-31,28,和,Rule-generated Stage7 member for 汉朝刘氏.,False
1007570,7001,刘德强,male,1921-01-01,2005-12-31,28,和,Rule-generated Stage7 member for 汉朝刘氏.,False
1007571,7001,刘和兰,female,1923-01-01,2007-12-31,28,和,Rule-generated Stage7 member for 汉朝刘氏.,False
1007572,7001,刘和宗,male,1921-01-01,1951-12-31,28,和,Rule-generated Stage7 member for 汉朝刘氏.,False
1007573,7001,刘华玉,female,1917-01-01,1968-12-31,28,和,Rule-generated Stage7 member for 汉朝刘氏.,False
1007574,7001,刘和德,male,1917-01-01,1996-12-31,28,和,Rule-generated Stage7 member for 汉朝刘氏.,False
1007575,7001,刘和玉,female,1918-01-01,1987-12-31,28,和,Rule-generated Stage7 member for 汉朝刘氏.,False
1007576,7001,刘和景,male,1917-01-01,1984-12-31,28,和,Rule-generated Stage7 member for 汉朝刘氏.,False
1007577,7001,刘梅慧,female,1919-01-01,1979-12-31,28,和,Rule-generated Stage7 member for 汉朝刘氏.,False
1007578,7001,刘和宗,male,1917-01-01,1952-12-31,28,和,Rule-generated Stage7 member for 汉朝刘氏.,False
1007579,7001,刘敏,female,1919-01-01,1998-12-31,28,和,Rule-generated Stage7 member for 汉朝刘氏.,False
1007580,7001,刘伟伟,male,1921-01-01,2012-12-31,28,和,Rule-generated Stage7 member for 汉朝刘氏.,False
1007581,7001,刘玉雅,female,1917-01-01,1987-12-31,28,和,Rule-generated Stage7 member for 汉朝刘氏.,False
1007582,7001,刘和明,male,1917-01-01,1961-12-31,28,和,Rule-generated Stage7 member for 汉朝刘氏.,False
1007583,7001,刘强,female,1919-01-01,2007-12-31,28,和,Rule-generated Stage7 member for 汉朝刘氏.,False
1007584,7001,刘宗承,male,1923-01-01,1964-12-31,28,和,Rule-generated Stage7 member for 汉朝刘氏.,False
1007585,7001,刘和雅,female,1919-01-01,1966-12-31,28,和,Rule-generated Stage7 member for 汉朝刘氏.,False
1007586,7001,刘成世,male,1919-01-01,2015-12-31,28,和,Rule-generated Stage7 member for 汉朝刘氏.,False
1007587,7001,刘兰宁,female,1917-01-01,1964-12-31,28,和,Rule-generated Stage7 member for 汉朝刘氏.,False
1007588,7001,刘明承,male,1919-01-01,1987-12-31,28,和,Rule-generated Stage7 member for 汉朝刘氏.,False
1007589,7001,刘和丽,female,1918-01-01,1990-12-31,28,和,Rule-generated Stage7 member for 汉朝刘氏.,False
1007590,7001,刘景宗,male,1920-01-01,1945-12-31,28,和,Rule-generated Stage7 member for 汉朝刘氏.,False
1007591,7001,刘和兰,female,1918-01-01,1995-12-31,28,和,Rule-generated Stage7 member for 汉朝刘氏.,False
1007592,7001,刘文宗,male,1921-01-01,1968-12-31,28,和,Rule-generated Stage7 member for 汉朝刘氏.,False
1007593,7001,刘和雅,female,1920-01-01,1987-12-31,28,和,Rule-generated Stage7 member for 汉朝刘氏.,False
1007594,7001,刘和强,male,1917-01-01,2000-12-31,28,和,Rule-generated Stage7 member for 汉朝刘氏.,False
1007595,7001,刘和雅,female,1920-01-01,2015-12-31,28,和,Rule-generated Stage7 member for 汉朝刘氏.,False
1007596,7001,刘和伟,male,1922-01-01,2015-12-31,28,和,Rule-generated Stage7 member for 汉朝刘氏.,False
1007597,7001,刘和梅,female,1917-01-01,1990-12-31,28,和,Rule-generated Stage7 member for 汉朝刘氏.,False
1007598,7001,刘和宗,male,1917-01-01,1955-12-31,28,和,Rule-generated Stage7 member for 汉朝刘氏.,False
1007599,7001,刘和兰,female,1917-01-01,1980-12-31,28,和,Rule-generated Stage7 member for 汉朝刘氏.,False
1007600,7001,刘和承,male,1921-01-01,1995-12-31,28,和,Rule-generated Stage7 member for 汉朝刘氏.,False
1007601,7001,刘和敏,female,1917-01-01,2005-12-31,28,和,Rule-generated Stage7 member for 汉朝刘氏.,False
1007602,7001,刘和承,male,1918-01-01,2011-12-31,28,和,Rule-generated Stage7 member for 汉朝刘氏.,False
1007603,7001,刘和丽,female,1918-01-01,1995-12-31,28,和,Rule-generated Stage7 member for 汉朝刘氏.,False
1007604,7001,刘和承,male,1921-01-01,1995-12-31,28,和,Rule-generated Stage7 member for 汉朝刘氏.,False
1007605,7001,刘和芳,female,1923-01-01,1976-12-31,28,和,Rule-generated Stage7 member for 汉朝刘氏.,False
1007606,7001,刘和文,male,1921-01-01,2010-12-31,28,和,Rule-generated Stage7 member for 汉朝刘氏.,False
1007607,7001,刘和雅,female,1921-01-01,2013-12-31,28,和,Rule-generated Stage7 member for 汉朝刘氏.,False
1007608,7001,刘和强,male,1923-01-01,1993-12-31,28,和,Rule-generated Stage7 member for 汉朝刘氏.,False
1007609,7001,刘安丽,female,1923-01-01,1996-12-31,28,和,Rule-generated Stage7 member for 汉朝刘氏.,False
1007610,7001,刘明,male,1918-01-01,1977-12-31,28,和,Rule-generated Stage7 member for 汉朝刘氏.,False
1007611,7001,刘雅雅,female,1918-01-01,1995-12-31,28,和,Rule-generated Stage7 member for 汉朝刘氏.,False
1007612,7001,刘和成,male,1919-01-01,1994-12-31,28,和,Rule-generated Stage7 member for 汉朝刘氏.,False
1007613,7001,刘和丽,female,1918-01-01,1971-12-31,28,和,Rule-generated Stage7 member for 汉朝刘氏.,False
1007614,7001,刘景宗,male,1920-01-01,2010-12-31,28,和,Rule-generated Stage7 member for 汉朝刘氏.,False
1007615,7001,刘慧梅,female,1923-01-01,1986-12-31,28,和,Rule-generated Stage7 member for 汉朝刘氏.,False
1007616,7001,刘国世,male,1918-01-01,1971-12-31,28,和,Rule-generated Stage7 member for 汉朝刘氏.,False
1007617,7001,刘和慧,female,1917-01-01,1967-12-31,28,和,Rule-generated Stage7 member for 汉朝刘氏.,False
1007618,7001,刘华,male,1918-01-01,1954-12-31,28,和,Rule-generated Stage7 member for 汉朝刘氏.,False
1007619,7001,刘和清,female,1919-01-01,1998-12-31,28,和,Rule-generated Stage7 member for 汉朝刘氏.,False
1007620,7001,刘成成,male,1919-01-01,1972-12-31,28,和,Rule-generated Stage7 member for 汉朝刘氏.,False
1007621,7001,刘清梅,female,1921-01-01,2020-12-31,28,和,Rule-generated Stage7 member for 汉朝刘氏.,False
1007622,7001,刘成文,male,1923-01-01,1976-12-31,28,和,Rule-generated Stage7 member for 汉朝刘氏.,False
1007623,7001,刘和慧,female,1917-01-01,1959-12-31,28,和,Rule-generated Stage7 member for 汉朝刘氏.,False
1007624,7001,刘宗德,male,1921-01-01,1992-12-31,28,和,Rule-generated Stage7 member for 汉朝刘氏.,False
1007625,7001,刘玉敏,female,1922-01-01,1980-12-31,28,和,Rule-generated Stage7 member for 汉朝刘氏.,False
1007626,7001,刘明景,male,1918-01-01,1993-12-31,28,和,Rule-generated Stage7 member for 汉朝刘氏.,False
1007627,7001,刘敏宁,female,1919-01-01,2012-12-31,28,和,Rule-generated Stage7 member for 汉朝刘氏.,False
1007628,7001,刘和德,male,1918-01-01,1975-12-31,28,和,Rule-generated Stage7 member for 汉朝刘氏.,False
1007629,7001,刘和清,female,1923-01-01,1988-12-31,28,和,Rule-generated Stage7 member for 汉朝刘氏.,False
1007630,7001,刘强伟,male,1920-01-01,2010-12-31,28,和,Rule-generated Stage7 member for 汉朝刘氏.,False
1007631,7001,刘和慧,female,1917-01-01,1993-12-31,28,和,Rule-generated Stage7 member for 汉朝刘氏.,False
1007632,7001,刘和宗,male,1918-01-01,1968-12-31,28,和,Rule-generated Stage7 member for 汉朝刘氏.,False
1007633,7001,刘和丽,female,1917-01-01,1962-12-31,28,和,Rule-generated Stage7 member for 汉朝刘氏.,False
1007634,7001,刘和德,male,1922-01-01,1957-12-31,28,和,Rule-generated Stage7 member for 汉朝刘氏.,False
1007635,7001,刘芳敏,female,1919-01-01,1999-12-31,28,和,Rule-generated Stage7 member for 汉朝刘氏.,False
1007636,7001,刘和文,male,1920-01-01,1985-12-31,28,和,Rule-generated Stage7 member for 汉朝刘氏.,False
1007637,7001,刘明,female,1917-01-01,2011-12-31,28,和,Rule-generated Stage7 member for 汉朝刘氏.,False
1007638,7001,刘和德,male,1919-01-01,2006-12-31,28,和,Rule-generated Stage7 member for 汉朝刘氏.,False
1007639,7001,刘芳安,female,1920-01-01,1998-12-31,28,和,Rule-generated Stage7 member for 汉朝刘氏.,False
1007640,7001,刘和世,male,1922-01-01,1996-12-31,28,和,Rule-generated Stage7 member for 汉朝刘氏.,False
1007641,7001,刘和清,female,1923-01-01,2007-12-31,28,和,Rule-generated Stage7 member for 汉朝刘氏.,False
1007642,7001,刘景世,male,1919-01-01,1974-12-31,28,和,Rule-generated Stage7 member for 汉朝刘氏.,False
1007643,7001,刘华,female,1920-01-01,1994-12-31,28,和,Rule-generated Stage7 member for 汉朝刘氏.,False
1007644,7001,刘明伟,male,1920-01-01,2007-12-31,28,和,Rule-generated Stage7 member for 汉朝刘氏.,False
1007645,7001,刘宁兰,female,1921-01-01,1971-12-31,28,和,Rule-generated Stage7 member for 汉朝刘氏.,False
1007646,7001,刘成承,male,1923-01-01,1964-12-31,28,和,Rule-generated Stage7 member for 汉朝刘氏.,False
1007647,7001,刘和丽,female,1923-01-01,2020-12-31,28,和,Rule-generated Stage7 member for 汉朝刘氏.,False
1007648,7001,刘伟,male,1923-01-01,2002-12-31,28,和,Rule-generated Stage7 member for 汉朝刘氏.,False
1007649,7001,刘和华,female,1921-01-01,1989-12-31,28,和,Rule-generated Stage7 member for 汉朝刘氏.,False
1007650,7001,刘和安,male,1920-01-01,1975-12-31,28,和,Rule-generated Stage7 member for 汉朝刘氏.,False
1007651,7001,刘芳丽,female,1919-01-01,1954-12-31,28,和,Rule-generated Stage7 member for 汉朝刘氏.,False
1007652,7001,刘和景,male,1918-01-01,2019-12-31,28,和,Rule-generated Stage7 member for 汉朝刘氏.,False
1007653,7001,刘清梅,female,1920-01-01,1967-12-31,28,和,Rule-generated Stage7 member for 汉朝刘氏.,False
1007654,7001,刘丽,male,1920-01-01,2002-12-31,28,和,Rule-generated Stage7 member for 汉朝刘氏.,False
1007655,7001,刘和安,female,1923-01-01,1966-12-31,28,和,Rule-generated Stage7 member for 汉朝刘氏.,False
1007656,7001,刘宗国,male,1921-01-01,1997-12-31,28,和,Rule-generated Stage7 member for 汉朝刘氏.,False
1007657,7001,刘强,female,1920-01-01,1973-12-31,28,和,Rule-generated Stage7 member for 汉朝刘氏.,False
1007658,7001,刘敏,male,1917-01-01,1964-12-31,28,和,Rule-generated Stage7 member for 汉朝刘氏.,False
1007659,7001,刘玉宁,female,1920-01-01,2003-12-31,28,和,Rule-generated Stage7 member for 汉朝刘氏.,False
1007660,7001,刘和伟,male,1923-01-01,2009-12-31,28,和,Rule-generated Stage7 member for 汉朝刘氏.,False
1007661,7001,刘和宁,female,1921-01-01,1977-12-31,28,和,Rule-generated Stage7 member for 汉朝刘氏.,False
1007662,7001,刘伟,male,1917-01-01,1949-12-31,28,和,Rule-generated Stage7 member for 汉朝刘氏.,False
1007663,7001,刘和宁,female,1922-01-01,1989-12-31,28,和,Rule-generated Stage7 member for 汉朝刘氏.,False
1007664,7001,刘和世,male,1922-01-01,1985-12-31,28,和,Rule-generated Stage7 member for 汉朝刘氏.,False
1007665,7001,刘雅敏,female,1923-01-01,2009-12-31,28,和,Rule-generated Stage7 member for 汉朝刘氏.,False
1007666,7001,刘和文,male,1918-01-01,1964-12-31,28,和,Rule-generated Stage7 member for 汉朝刘氏.,False
1007667,7001,刘敏,female,1917-01-01,1993-12-31,28,和,Rule-generated Stage7 member for 汉朝刘氏.,False
1007668,7001,刘和世,male,1922-01-01,1975-12-31,28,和,Rule-generated Stage7 member for 汉朝刘氏.,False
1007669,7001,刘和丽,female,1918-01-01,1964-12-31,28,和,Rule-generated Stage7 member for 汉朝刘氏.,False
1007670,7001,刘世世,male,1919-01-01,1941-12-31,28,和,Rule-generated Stage7 member for 汉朝刘氏.,False
1007671,7001,刘和华,female,1920-01-01,2009-12-31,28,和,Rule-generated Stage7 member for 汉朝刘氏.,False
1007672,7001,刘和伟,male,1921-01-01,1988-12-31,28,和,Rule-generated Stage7 member for 汉朝刘氏.,False
1007673,7001,刘丽,female,1921-01-01,1971-12-31,28,和,Rule-generated Stage7 member for 汉朝刘氏.,False
1007674,7001,刘承明,male,1923-01-01,1979-12-31,28,和,Rule-generated Stage7 member for 汉朝刘氏.,False
1007675,7001,刘和安,female,1919-01-01,1994-12-31,28,和,Rule-generated Stage7 member for 汉朝刘氏.,False
1007676,7001,刘伟,male,1923-01-01,1955-12-31,28,和,Rule-generated Stage7 member for 汉朝刘氏.,False
1007677,7001,刘和宁,female,1919-01-01,1949-12-31,28,和,Rule-generated Stage7 member for 汉朝刘氏.,False
1007678,7001,刘承国,male,1919-01-01,1983-12-31,28,和,Rule-generated Stage7 member for 汉朝刘氏.,False
1007679,7001,刘和敏,female,1921-01-01,1955-12-31,28,和,Rule-generated Stage7 member for 汉朝刘氏.,False
1007680,7001,刘世伟,male,1921-01-01,1980-12-31,28,和,Rule-generated Stage7 member for 汉朝刘氏.,False
1007681,7001,刘和宁,female,1921-01-01,2004-12-31,28,和,Rule-generated Stage7 member for 汉朝刘氏.,False
1007682,7001,刘和承,male,1923-01-01,1995-12-31,28,和,Rule-generated Stage7 member for 汉朝刘氏.,False
1007683,7001,刘慧兰,female,1917-01-01,2021-12-31,28,和,Rule-generated Stage7 member for 汉朝刘氏.,False
1007684,7001,刘和宗,male,1918-01-01,1963-12-31,28,和,Rule-generated Stage7 member for 汉朝刘氏.,False
1007685,7001,刘敏,female,1922-01-01,1966-12-31,28,和,Rule-generated Stage7 member for 汉朝刘氏.,False
1007686,7001,刘和景,male,1923-01-01,1974-12-31,28,和,Rule-generated Stage7 member for 汉朝刘氏.,False
1007687,7001,刘和雅,female,1923-01-01,1972-12-31,28,和,Rule-generated Stage7 member for 汉朝刘氏.,False
1007688,7001,刘和安,male,1920-01-01,2015-12-31,28,和,Rule-generated Stage7 member for 汉朝刘氏.,False
1007689,7001,刘安玉,female,1917-01-01,2002-12-31,28,和,Rule-generated Stage7 member for 汉朝刘氏.,False
1007690,7001,刘和世,male,1918-01-01,1977-12-31,28,和,Rule-generated Stage7 member for 汉朝刘氏.,False
1007691,7001,刘玉雅,female,1918-01-01,1994-12-31,28,和,Rule-generated Stage7 member for 汉朝刘氏.,False
1007692,7001,刘和伟,male,1920-01-01,2014-12-31,28,和,Rule-generated Stage7 member for 汉朝刘氏.,False
1007693,7001,刘和安,female,1922-01-01,2002-12-31,28,和,Rule-generated Stage7 member for 汉朝刘氏.,False
1007694,7001,刘华,male,1918-01-01,1986-12-31,28,和,Rule-generated Stage7 member for 汉朝刘氏.,False
1007695,7001,刘和安,female,1922-01-01,1962-12-31,28,和,Rule-generated Stage7 member for 汉朝刘氏.,False
1007696,7001,刘和强,male,1918-01-01,1997-12-31,28,和,Rule-generated Stage7 member for 汉朝刘氏.,False
1007697,7001,刘兰安,female,1918-01-01,1962-12-31,28,和,Rule-generated Stage7 member for 汉朝刘氏.,False
1007698,7001,刘和国,male,1918-01-01,2004-12-31,28,和,Rule-generated Stage7 member for 汉朝刘氏.,False
1007699,7001,刘和宁,female,1917-01-01,1946-12-31,28,和,Rule-generated Stage7 member for 汉朝刘氏.,False
1007700,7001,刘和世,male,1923-01-01,2001-12-31,28,和,Rule-generated Stage7 member for 汉朝刘氏.,False
1007701,7001,刘和清,female,1923-01-01,1955-12-31,28,和,Rule-generated Stage7 member for 汉朝刘氏.,False
1007702,7001,刘世成,male,1943-01-01,2022-12-31,29,景,Rule-generated Stage7 member for 汉朝刘氏.,False
1007703,7001,刘敏,female,1945-01-01,2005-12-31,29,景,Rule-generated Stage7 member for 汉朝刘氏.,False
1007704,7001,刘成成,male,1941-01-01,2004-12-31,29,景,Rule-generated Stage7 member for 汉朝刘氏.,False
1007705,7001,刘景安,female,1945-01-01,1998-12-31,29,景,Rule-generated Stage7 member for 汉朝刘氏.,False
1007706,7001,刘成明,male,1940-01-01,1980-12-31,29,景,Rule-generated Stage7 member for 汉朝刘氏.,False
1007707,7001,刘景丽,female,1940-01-01,1991-12-31,29,景,Rule-generated Stage7 member for 汉朝刘氏.,False
1007708,7001,刘景宗,male,1945-01-01,2008-12-31,29,景,Rule-generated Stage7 member for 汉朝刘氏.,False
1007709,7001,刘伟,female,1940-01-01,1993-12-31,29,景,Rule-generated Stage7 member for 汉朝刘氏.,False
1007710,7001,刘景伟,male,1944-01-01,,29,景,Rule-generated Stage7 member for 汉朝刘氏.,True
1007711,7001,刘景芳,female,1940-01-01,2014-12-31,29,景,Rule-generated Stage7 member for 汉朝刘氏.,False
1007712,7001,刘安文,male,1940-01-01,2017-12-31,29,景,Rule-generated Stage7 member for 汉朝刘氏.,False
1007713,7001,刘强,female,1944-01-01,2018-12-31,29,景,Rule-generated Stage7 member for 汉朝刘氏.,False
1007714,7001,刘成承,male,1945-01-01,,29,景,Rule-generated Stage7 member for 汉朝刘氏.,True
1007715,7001,刘景雅,female,1944-01-01,2004-12-31,29,景,Rule-generated Stage7 member for 汉朝刘氏.,False
1007716,7001,刘景文,male,1942-01-01,2006-12-31,29,景,Rule-generated Stage7 member for 汉朝刘氏.,False
1007717,7001,刘景芳,female,1943-01-01,1978-12-31,29,景,Rule-generated Stage7 member for 汉朝刘氏.,False
1007718,7001,刘景宗,male,1939-01-01,2000-12-31,29,景,Rule-generated Stage7 member for 汉朝刘氏.,False
1007719,7001,刘景清,female,1939-01-01,1998-12-31,29,景,Rule-generated Stage7 member for 汉朝刘氏.,False
1007720,7001,刘景承,male,1940-01-01,2003-12-31,29,景,Rule-generated Stage7 member for 汉朝刘氏.,False
1007721,7001,刘景华,female,1940-01-01,2002-12-31,29,景,Rule-generated Stage7 member for 汉朝刘氏.,False
1007722,7001,刘景文,male,1945-01-01,2003-12-31,29,景,Rule-generated Stage7 member for 汉朝刘氏.,False
1007723,7001,刘芳兰,female,1945-01-01,1986-12-31,29,景,Rule-generated Stage7 member for 汉朝刘氏.,False
1007724,7001,刘明,male,1940-01-01,2007-12-31,29,景,Rule-generated Stage7 member for 汉朝刘氏.,False
1007725,7001,刘景安,female,1940-01-01,2012-12-31,29,景,Rule-generated Stage7 member for 汉朝刘氏.,False
1007726,7001,刘景景,male,1940-01-01,1984-12-31,29,景,Rule-generated Stage7 member for 汉朝刘氏.,False
1007727,7001,刘景兰,female,1943-01-01,,29,景,Rule-generated Stage7 member for 汉朝刘氏.,True
1007728,7001,刘景景,male,1943-01-01,2006-12-31,29,景,Rule-generated Stage7 member for 汉朝刘氏.,False
1007729,7001,刘丽,female,1941-01-01,1988-12-31,29,景,Rule-generated Stage7 member for 汉朝刘氏.,False
1007730,7001,刘承成,male,1940-01-01,1987-12-31,29,景,Rule-generated Stage7 member for 汉朝刘氏.,False
1007731,7001,刘丽,female,1943-01-01,2007-12-31,29,景,Rule-generated Stage7 member for 汉朝刘氏.,False
1007732,7001,刘明,male,1942-01-01,,29,景,Rule-generated Stage7 member for 汉朝刘氏.,True
1007733,7001,刘芳芳,female,1944-01-01,2001-12-31,29,景,Rule-generated Stage7 member for 汉朝刘氏.,False
1007734,7001,刘景明,male,1943-01-01,1978-12-31,29,景,Rule-generated Stage7 member for 汉朝刘氏.,False
1007735,7001,刘景兰,female,1943-01-01,1989-12-31,29,景,Rule-generated Stage7 member for 汉朝刘氏.,False
1007736,7001,刘德宗,male,1945-01-01,,29,景,Rule-generated Stage7 member for 汉朝刘氏.,True
1007737,7001,刘宁清,female,1939-01-01,1991-12-31,29,景,Rule-generated Stage7 member for 汉朝刘氏.,False
1007738,7001,刘文强,male,1939-01-01,1998-12-31,29,景,Rule-generated Stage7 member for 汉朝刘氏.,False
1007739,7001,刘丽,female,1939-01-01,1979-12-31,29,景,Rule-generated Stage7 member for 汉朝刘氏.,False
1007740,7001,刘景国,male,1942-01-01,1996-12-31,29,景,Rule-generated Stage7 member for 汉朝刘氏.,False
1007741,7001,刘景兰,female,1945-01-01,2019-12-31,29,景,Rule-generated Stage7 member for 汉朝刘氏.,False
1007742,7001,刘华,male,1940-01-01,2005-12-31,29,景,Rule-generated Stage7 member for 汉朝刘氏.,False
1007743,7001,刘清丽,female,1943-01-01,2014-12-31,29,景,Rule-generated Stage7 member for 汉朝刘氏.,False
1007744,7001,刘强成,male,1944-01-01,,29,景,Rule-generated Stage7 member for 汉朝刘氏.,True
1007745,7001,刘华慧,female,1941-01-01,2003-12-31,29,景,Rule-generated Stage7 member for 汉朝刘氏.,False
1007746,7001,刘景伟,male,1942-01-01,2005-12-31,29,景,Rule-generated Stage7 member for 汉朝刘氏.,False
1007747,7001,刘景华,female,1940-01-01,2004-12-31,29,景,Rule-generated Stage7 member for 汉朝刘氏.,False
1007748,7001,刘世强,male,1943-01-01,1997-12-31,29,景,Rule-generated Stage7 member for 汉朝刘氏.,False
1007749,7001,刘景敏,female,1940-01-01,2016-12-31,29,景,Rule-generated Stage7 member for 汉朝刘氏.,False
1007750,7001,刘安安,male,1940-01-01,2001-12-31,29,景,Rule-generated Stage7 member for 汉朝刘氏.,False
1007751,7001,刘景安,female,1940-01-01,1988-12-31,29,景,Rule-generated Stage7 member for 汉朝刘氏.,False
1007752,7001,刘景强,male,1939-01-01,,29,景,Rule-generated Stage7 member for 汉朝刘氏.,True
1007753,7001,刘景梅,female,1942-01-01,2007-12-31,29,景,Rule-generated Stage7 member for 汉朝刘氏.,False
1007754,7001,刘景景,male,1942-01-01,1985-12-31,29,景,Rule-generated Stage7 member for 汉朝刘氏.,False
1007755,7001,刘景敏,female,1939-01-01,,29,景,Rule-generated Stage7 member for 汉朝刘氏.,True
1007756,7001,刘伟文,male,1942-01-01,1976-12-31,29,景,Rule-generated Stage7 member for 汉朝刘氏.,False
1007757,7001,刘景兰,female,1944-01-01,2012-12-31,29,景,Rule-generated Stage7 member for 汉朝刘氏.,False
1007758,7001,刘明,male,1943-01-01,2014-12-31,29,景,Rule-generated Stage7 member for 汉朝刘氏.,False
1007759,7001,刘景安,female,1945-01-01,1979-12-31,29,景,Rule-generated Stage7 member for 汉朝刘氏.,False
1007760,7001,刘景成,male,1940-01-01,2002-12-31,29,景,Rule-generated Stage7 member for 汉朝刘氏.,False
1007761,7001,刘景梅,female,1945-01-01,,29,景,Rule-generated Stage7 member for 汉朝刘氏.,True
1007762,7001,刘景明,male,1941-01-01,1993-12-31,29,景,Rule-generated Stage7 member for 汉朝刘氏.,False
1007763,7001,刘景芳,female,1941-01-01,2010-12-31,29,景,Rule-generated Stage7 member for 汉朝刘氏.,False
1007764,7001,刘景文,male,1939-01-01,,29,景,Rule-generated Stage7 member for 汉朝刘氏.,True
1007765,7001,刘敏丽,female,1945-01-01,1996-12-31,29,景,Rule-generated Stage7 member for 汉朝刘氏.,False
1007766,7001,刘德强,male,1944-01-01,2016-12-31,29,景,Rule-generated Stage7 member for 汉朝刘氏.,False
1007767,7001,刘景玉,female,1940-01-01,1998-12-31,29,景,Rule-generated Stage7 member for 汉朝刘氏.,False
1007768,7001,刘宗承,male,1945-01-01,2006-12-31,29,景,Rule-generated Stage7 member for 汉朝刘氏.,False
1007769,7001,刘景兰,female,1942-01-01,2015-12-31,29,景,Rule-generated Stage7 member for 汉朝刘氏.,False
1007770,7001,刘景伟,male,1942-01-01,1975-12-31,29,景,Rule-generated Stage7 member for 汉朝刘氏.,False
1007771,7001,刘玉雅,female,1939-01-01,2003-12-31,29,景,Rule-generated Stage7 member for 汉朝刘氏.,False
1007772,7001,刘宗世,male,1943-01-01,2012-12-31,29,景,Rule-generated Stage7 member for 汉朝刘氏.,False
1007773,7001,刘丽安,female,1940-01-01,2005-12-31,29,景,Rule-generated Stage7 member for 汉朝刘氏.,False
1007774,7001,刘华,male,1945-01-01,1998-12-31,29,景,Rule-generated Stage7 member for 汉朝刘氏.,False
1007775,7001,刘兰芳,female,1943-01-01,1997-12-31,29,景,Rule-generated Stage7 member for 汉朝刘氏.,False
1007776,7001,刘景成,male,1939-01-01,2000-12-31,29,景,Rule-generated Stage7 member for 汉朝刘氏.,False
1007777,7001,刘景丽,female,1945-01-01,2011-12-31,29,景,Rule-generated Stage7 member for 汉朝刘氏.,False
1007778,7001,刘文承,male,1945-01-01,1982-12-31,29,景,Rule-generated Stage7 member for 汉朝刘氏.,False
1007779,7001,刘雅雅,female,1941-01-01,2016-12-31,29,景,Rule-generated Stage7 member for 汉朝刘氏.,False
1007780,7001,刘承安,male,1939-01-01,2019-12-31,29,景,Rule-generated Stage7 member for 汉朝刘氏.,False
1007781,7001,刘明,female,1940-01-01,,29,景,Rule-generated Stage7 member for 汉朝刘氏.,True
1007782,7001,刘世安,male,1940-01-01,2005-12-31,29,景,Rule-generated Stage7 member for 汉朝刘氏.,False
1007783,7001,刘景敏,female,1940-01-01,1993-12-31,29,景,Rule-generated Stage7 member for 汉朝刘氏.,False
1007784,7001,刘伟世,male,1941-01-01,2005-12-31,29,景,Rule-generated Stage7 member for 汉朝刘氏.,False
1007785,7001,刘伟,female,1943-01-01,2002-12-31,29,景,Rule-generated Stage7 member for 汉朝刘氏.,False
1007786,7001,刘安安,male,1939-01-01,2014-12-31,29,景,Rule-generated Stage7 member for 汉朝刘氏.,False
1007787,7001,刘景芳,female,1944-01-01,1984-12-31,29,景,Rule-generated Stage7 member for 汉朝刘氏.,False
1007788,7001,刘强伟,male,1942-01-01,2013-12-31,29,景,Rule-generated Stage7 member for 汉朝刘氏.,False
1007789,7001,刘兰雅,female,1939-01-01,2013-12-31,29,景,Rule-generated Stage7 member for 汉朝刘氏.,False
1007790,7001,刘世景,male,1944-01-01,1992-12-31,29,景,Rule-generated Stage7 member for 汉朝刘氏.,False
1007791,7001,刘景兰,female,1942-01-01,2006-12-31,29,景,Rule-generated Stage7 member for 汉朝刘氏.,False
1007792,7001,刘安承,male,1941-01-01,2004-12-31,29,景,Rule-generated Stage7 member for 汉朝刘氏.,False
1007793,7001,刘景清,female,1945-01-01,,29,景,Rule-generated Stage7 member for 汉朝刘氏.,True
1007794,7001,刘景明,male,1941-01-01,,29,景,Rule-generated Stage7 member for 汉朝刘氏.,True
1007795,7001,刘华宁,female,1940-01-01,1981-12-31,29,景,Rule-generated Stage7 member for 汉朝刘氏.,False
1007796,7001,刘明国,male,1944-01-01,2025-12-31,29,景,Rule-generated Stage7 member for 汉朝刘氏.,False
1007797,7001,刘丽宁,female,1944-01-01,2006-12-31,29,景,Rule-generated Stage7 member for 汉朝刘氏.,False
1007798,7001,刘景文,male,1941-01-01,2014-12-31,29,景,Rule-generated Stage7 member for 汉朝刘氏.,False
1007799,7001,刘芳玉,female,1940-01-01,1993-12-31,29,景,Rule-generated Stage7 member for 汉朝刘氏.,False
1007800,7001,刘景文,male,1944-01-01,1999-12-31,29,景,Rule-generated Stage7 member for 汉朝刘氏.,False
1007801,7001,刘景宁,female,1939-01-01,,29,景,Rule-generated Stage7 member for 汉朝刘氏.,True
1007802,7001,刘安承,male,1940-01-01,2004-12-31,29,景,Rule-generated Stage7 member for 汉朝刘氏.,False
1007803,7001,刘丽慧,female,1942-01-01,1997-12-31,29,景,Rule-generated Stage7 member for 汉朝刘氏.,False
1007804,7001,刘景承,male,1939-01-01,,29,景,Rule-generated Stage7 member for 汉朝刘氏.,True
1007805,7001,刘景玉,female,1940-01-01,2013-12-31,29,景,Rule-generated Stage7 member for 汉朝刘氏.,False
1007806,7001,刘景明,male,1941-01-01,2022-12-31,29,景,Rule-generated Stage7 member for 汉朝刘氏.,False
1007807,7001,刘景敏,female,1942-01-01,2006-12-31,29,景,Rule-generated Stage7 member for 汉朝刘氏.,False
1007808,7001,刘强,male,1945-01-01,2011-12-31,29,景,Rule-generated Stage7 member for 汉朝刘氏.,False
1007809,7001,刘景兰,female,1941-01-01,2015-12-31,29,景,Rule-generated Stage7 member for 汉朝刘氏.,False
1007810,7001,刘强世,male,1942-01-01,2009-12-31,29,景,Rule-generated Stage7 member for 汉朝刘氏.,False
1007811,7001,刘景安,female,1945-01-01,2010-12-31,29,景,Rule-generated Stage7 member for 汉朝刘氏.,False
1007812,7001,刘景德,male,1944-01-01,1979-12-31,29,景,Rule-generated Stage7 member for 汉朝刘氏.,False
1007813,7001,刘兰兰,female,1939-01-01,1970-12-31,29,景,Rule-generated Stage7 member for 汉朝刘氏.,False
1007814,7001,刘景世,male,1944-01-01,2000-12-31,29,景,Rule-generated Stage7 member for 汉朝刘氏.,False
1007815,7001,刘景兰,female,1942-01-01,1987-12-31,29,景,Rule-generated Stage7 member for 汉朝刘氏.,False
1007816,7001,刘景国,male,1942-01-01,1997-12-31,29,景,Rule-generated Stage7 member for 汉朝刘氏.,False
1007817,7001,刘华芳,female,1943-01-01,1996-12-31,29,景,Rule-generated Stage7 member for 汉朝刘氏.,False
1007818,7001,刘德成,male,1944-01-01,1985-12-31,29,景,Rule-generated Stage7 member for 汉朝刘氏.,False
1007819,7001,刘清兰,female,1944-01-01,2015-12-31,29,景,Rule-generated Stage7 member for 汉朝刘氏.,False
1007820,7001,刘国安,male,1942-01-01,2005-12-31,29,景,Rule-generated Stage7 member for 汉朝刘氏.,False
1007821,7001,刘承宗,male,1966-01-01,,30,承,Rule-generated Stage7 member for 汉朝刘氏.,True
1007822,7001,刘承慧,female,1962-01-01,2025-12-31,30,承,Rule-generated Stage7 member for 汉朝刘氏.,False
1007823,7001,刘承承,male,1961-01-01,,30,承,Rule-generated Stage7 member for 汉朝刘氏.,True
1007824,7001,刘明,female,1965-01-01,,30,承,Rule-generated Stage7 member for 汉朝刘氏.,True
1007825,7001,刘承承,male,1966-01-01,,30,承,Rule-generated Stage7 member for 汉朝刘氏.,True
1007826,7001,刘承兰,female,1967-01-01,,30,承,Rule-generated Stage7 member for 汉朝刘氏.,True
1007827,7001,刘承成,male,1967-01-01,,30,承,Rule-generated Stage7 member for 汉朝刘氏.,True
1007828,7001,刘承清,female,1963-01-01,,30,承,Rule-generated Stage7 member for 汉朝刘氏.,True
1007829,7001,刘承承,male,1962-01-01,,30,承,Rule-generated Stage7 member for 汉朝刘氏.,True
1007830,7001,刘承兰,female,1965-01-01,,30,承,Rule-generated Stage7 member for 汉朝刘氏.,True
1007831,7001,刘强宗,male,1961-01-01,,30,承,Rule-generated Stage7 member for 汉朝刘氏.,True
1007832,7001,刘承慧,female,1967-01-01,,30,承,Rule-generated Stage7 member for 汉朝刘氏.,True
1007833,7001,刘承国,male,1966-01-01,,30,承,Rule-generated Stage7 member for 汉朝刘氏.,True
1007834,7001,刘玉丽,female,1962-01-01,2010-12-31,30,承,Rule-generated Stage7 member for 汉朝刘氏.,False
1007835,7001,刘承宗,male,1963-01-01,,30,承,Rule-generated Stage7 member for 汉朝刘氏.,True
1007836,7001,刘承兰,female,1964-01-01,,30,承,Rule-generated Stage7 member for 汉朝刘氏.,True
1007837,7001,刘安世,male,1965-01-01,2023-12-31,30,承,Rule-generated Stage7 member for 汉朝刘氏.,False
1007838,7001,刘宁芳,female,1964-01-01,,30,承,Rule-generated Stage7 member for 汉朝刘氏.,True
1007839,7001,刘国德,male,1967-01-01,,30,承,Rule-generated Stage7 member for 汉朝刘氏.,True
1007840,7001,刘承雅,female,1963-01-01,2023-12-31,30,承,Rule-generated Stage7 member for 汉朝刘氏.,False
1007841,7001,刘伟文,male,1964-01-01,,30,承,Rule-generated Stage7 member for 汉朝刘氏.,True
1007842,7001,刘清玉,female,1961-01-01,,30,承,Rule-generated Stage7 member for 汉朝刘氏.,True
1007843,7001,刘承宗,male,1964-01-01,,30,承,Rule-generated Stage7 member for 汉朝刘氏.,True
1007844,7001,刘承梅,female,1966-01-01,,30,承,Rule-generated Stage7 member for 汉朝刘氏.,True
1007845,7001,刘国世,male,1964-01-01,,30,承,Rule-generated Stage7 member for 汉朝刘氏.,True
1007846,7001,刘承宁,female,1963-01-01,,30,承,Rule-generated Stage7 member for 汉朝刘氏.,True
1007847,7001,刘宗世,male,1965-01-01,2006-12-31,30,承,Rule-generated Stage7 member for 汉朝刘氏.,False
1007848,7001,刘承安,female,1961-01-01,,30,承,Rule-generated Stage7 member for 汉朝刘氏.,True
1007849,7001,刘敏,male,1966-01-01,,30,承,Rule-generated Stage7 member for 汉朝刘氏.,True
1007850,7001,刘承芳,female,1966-01-01,,30,承,Rule-generated Stage7 member for 汉朝刘氏.,True
1007851,7001,刘承明,male,1963-01-01,,30,承,Rule-generated Stage7 member for 汉朝刘氏.,True
1007852,7001,刘承华,female,1961-01-01,,30,承,Rule-generated Stage7 member for 汉朝刘氏.,True
1007853,7001,刘安宗,male,1966-01-01,,30,承,Rule-generated Stage7 member for 汉朝刘氏.,True
1007854,7001,刘宁安,female,1966-01-01,,30,承,Rule-generated Stage7 member for 汉朝刘氏.,True
1007855,7001,刘明德,male,1964-01-01,,30,承,Rule-generated Stage7 member for 汉朝刘氏.,True
1007856,7001,刘伟,female,1965-01-01,1999-12-31,30,承,Rule-generated Stage7 member for 汉朝刘氏.,False
1007857,7001,刘承宗,male,1964-01-01,2013-12-31,30,承,Rule-generated Stage7 member for 汉朝刘氏.,False
1007858,7001,刘承梅,female,1966-01-01,,30,承,Rule-generated Stage7 member for 汉朝刘氏.,True
1007859,7001,刘承景,male,1964-01-01,2025-12-31,30,承,Rule-generated Stage7 member for 汉朝刘氏.,False
1007860,7001,刘承玉,female,1963-01-01,,30,承,Rule-generated Stage7 member for 汉朝刘氏.,True
1007861,7001,刘承德,male,1965-01-01,,30,承,Rule-generated Stage7 member for 汉朝刘氏.,True
1007862,7001,刘承安,female,1965-01-01,1995-12-31,30,承,Rule-generated Stage7 member for 汉朝刘氏.,False
1007863,7001,刘安安,male,1963-01-01,,30,承,Rule-generated Stage7 member for 汉朝刘氏.,True
1007864,7001,刘承华,female,1965-01-01,,30,承,Rule-generated Stage7 member for 汉朝刘氏.,True
1007865,7001,刘伟,male,1965-01-01,,30,承,Rule-generated Stage7 member for 汉朝刘氏.,True
1007866,7001,刘承敏,female,1962-01-01,,30,承,Rule-generated Stage7 member for 汉朝刘氏.,True
1007867,7001,刘明宗,male,1967-01-01,,30,承,Rule-generated Stage7 member for 汉朝刘氏.,True
1007868,7001,刘承兰,female,1964-01-01,,30,承,Rule-generated Stage7 member for 汉朝刘氏.,True
1007869,7001,刘安德,male,1962-01-01,2012-12-31,30,承,Rule-generated Stage7 member for 汉朝刘氏.,False
1007870,7001,刘承敏,female,1962-01-01,,30,承,Rule-generated Stage7 member for 汉朝刘氏.,True
1007871,7001,刘文国,male,1967-01-01,,30,承,Rule-generated Stage7 member for 汉朝刘氏.,True
1007872,7001,刘承芳,female,1965-01-01,,30,承,Rule-generated Stage7 member for 汉朝刘氏.,True
1007873,7001,刘伟景,male,1965-01-01,,30,承,Rule-generated Stage7 member for 汉朝刘氏.,True
1007874,7001,刘承宁,female,1967-01-01,,30,承,Rule-generated Stage7 member for 汉朝刘氏.,True
1007875,7001,刘成文,male,1966-01-01,,30,承,Rule-generated Stage7 member for 汉朝刘氏.,True
1007876,7001,刘承宁,female,1967-01-01,,30,承,Rule-generated Stage7 member for 汉朝刘氏.,True
1007877,7001,刘承承,male,1965-01-01,2006-12-31,30,承,Rule-generated Stage7 member for 汉朝刘氏.,False
1007878,7001,刘承慧,female,1964-01-01,1996-12-31,30,承,Rule-generated Stage7 member for 汉朝刘氏.,False
1007879,7001,刘承世,male,1964-01-01,2008-12-31,30,承,Rule-generated Stage7 member for 汉朝刘氏.,False
1007880,7001,刘承宁,female,1963-01-01,2020-12-31,30,承,Rule-generated Stage7 member for 汉朝刘氏.,False
1007881,7001,刘世安,male,1966-01-01,,30,承,Rule-generated Stage7 member for 汉朝刘氏.,True
1007882,7001,刘承芳,female,1967-01-01,,30,承,Rule-generated Stage7 member for 汉朝刘氏.,True
1007883,7001,刘明文,male,1961-01-01,,30,承,Rule-generated Stage7 member for 汉朝刘氏.,True
1007884,7001,刘宁雅,female,1962-01-01,2016-12-31,30,承,Rule-generated Stage7 member for 汉朝刘氏.,False
1007885,7001,刘承承,male,1963-01-01,,30,承,Rule-generated Stage7 member for 汉朝刘氏.,True
1007886,7001,刘承华,female,1967-01-01,,30,承,Rule-generated Stage7 member for 汉朝刘氏.,True
1007887,7001,刘强,male,1966-01-01,2010-12-31,30,承,Rule-generated Stage7 member for 汉朝刘氏.,False
1007888,7001,刘承兰,female,1966-01-01,,30,承,Rule-generated Stage7 member for 汉朝刘氏.,True
1007889,7001,刘承国,male,1965-01-01,2016-12-31,30,承,Rule-generated Stage7 member for 汉朝刘氏.,False
1007890,7001,刘丽清,female,1961-01-01,,30,承,Rule-generated Stage7 member for 汉朝刘氏.,True
1007891,7001,刘承国,male,1965-01-01,,30,承,Rule-generated Stage7 member for 汉朝刘氏.,True
1007892,7001,刘承宁,female,1961-01-01,,30,承,Rule-generated Stage7 member for 汉朝刘氏.,True
1007893,7001,刘承文,male,1966-01-01,,30,承,Rule-generated Stage7 member for 汉朝刘氏.,True
1007894,7001,刘承慧,female,1965-01-01,2003-12-31,30,承,Rule-generated Stage7 member for 汉朝刘氏.,False
1007895,7001,刘德伟,male,1966-01-01,,30,承,Rule-generated Stage7 member for 汉朝刘氏.,True
1007896,7001,刘承玉,female,1965-01-01,,30,承,Rule-generated Stage7 member for 汉朝刘氏.,True
1007897,7001,刘承明,male,1961-01-01,,30,承,Rule-generated Stage7 member for 汉朝刘氏.,True
1007898,7001,刘承兰,female,1961-01-01,2018-12-31,30,承,Rule-generated Stage7 member for 汉朝刘氏.,False
1007899,7001,刘承明,male,1961-01-01,,30,承,Rule-generated Stage7 member for 汉朝刘氏.,True
1007900,7001,刘慧清,female,1966-01-01,,30,承,Rule-generated Stage7 member for 汉朝刘氏.,True
1007901,7001,刘国明,male,1967-01-01,,30,承,Rule-generated Stage7 member for 汉朝刘氏.,True
1007902,7001,刘承梅,female,1962-01-01,,30,承,Rule-generated Stage7 member for 汉朝刘氏.,True
1007903,7001,刘华,male,1963-01-01,,30,承,Rule-generated Stage7 member for 汉朝刘氏.,True
1007904,7001,刘承兰,female,1965-01-01,,30,承,Rule-generated Stage7 member for 汉朝刘氏.,True
1007905,7001,刘宗国,male,1965-01-01,,30,承,Rule-generated Stage7 member for 汉朝刘氏.,True
1007906,7001,刘承安,female,1966-01-01,,30,承,Rule-generated Stage7 member for 汉朝刘氏.,True
1007907,7001,刘承德,male,1967-01-01,,30,承,Rule-generated Stage7 member for 汉朝刘氏.,True
1007908,7001,刘雅梅,female,1967-01-01,,30,承,Rule-generated Stage7 member for 汉朝刘氏.,True
1007909,7001,刘承景,male,1967-01-01,,30,承,Rule-generated Stage7 member for 汉朝刘氏.,True
1007910,7001,刘景文,male,1987-01-01,,31,安,Rule-generated Stage7 member for 汉朝刘氏.,True
1007911,7001,刘宁芳,female,1985-01-01,,31,安,Rule-generated Stage7 member for 汉朝刘氏.,True
1007912,7001,刘安德,male,1989-01-01,,31,安,Rule-generated Stage7 member for 汉朝刘氏.,True
1007913,7001,刘敏,female,1988-01-01,,31,安,Rule-generated Stage7 member for 汉朝刘氏.,True
1007914,7001,刘伟,male,1987-01-01,,31,安,Rule-generated Stage7 member for 汉朝刘氏.,True
1007915,7001,刘丽宁,female,1984-01-01,,31,安,Rule-generated Stage7 member for 汉朝刘氏.,True
1007916,7001,刘明成,male,1985-01-01,2010-12-31,31,安,Rule-generated Stage7 member for 汉朝刘氏.,False
1007917,7001,刘安兰,female,1985-01-01,,31,安,Rule-generated Stage7 member for 汉朝刘氏.,True
1007918,7001,刘明文,male,1989-01-01,,31,安,Rule-generated Stage7 member for 汉朝刘氏.,True
1007919,7001,刘丽慧,female,1985-01-01,,31,安,Rule-generated Stage7 member for 汉朝刘氏.,True
1007920,7001,刘安安,male,1989-01-01,,31,安,Rule-generated Stage7 member for 汉朝刘氏.,True
1007921,7001,刘华,female,1989-01-01,,31,安,Rule-generated Stage7 member for 汉朝刘氏.,True
1007922,7001,刘成强,male,1986-01-01,,31,安,Rule-generated Stage7 member for 汉朝刘氏.,True
1007923,7001,刘安华,female,1986-01-01,,31,安,Rule-generated Stage7 member for 汉朝刘氏.,True
1007924,7001,刘安世,male,1984-01-01,,31,安,Rule-generated Stage7 member for 汉朝刘氏.,True
1007925,7001,刘安芳,female,1989-01-01,,31,安,Rule-generated Stage7 member for 汉朝刘氏.,True
1007926,7001,刘安明,male,1986-01-01,,31,安,Rule-generated Stage7 member for 汉朝刘氏.,True
1007927,7001,刘敏梅,female,1986-01-01,,31,安,Rule-generated Stage7 member for 汉朝刘氏.,True
1007928,7001,刘安明,male,1984-01-01,,31,安,Rule-generated Stage7 member for 汉朝刘氏.,True
1007929,7001,刘安芳,female,1988-01-01,,31,安,Rule-generated Stage7 member for 汉朝刘氏.,True
1007930,7001,刘华,male,1983-01-01,,31,安,Rule-generated Stage7 member for 汉朝刘氏.,True
1007931,7001,刘安安,female,1985-01-01,,31,安,Rule-generated Stage7 member for 汉朝刘氏.,True
1007932,7001,刘安景,male,1986-01-01,,31,安,Rule-generated Stage7 member for 汉朝刘氏.,True
1007933,7001,刘安华,female,1985-01-01,,31,安,Rule-generated Stage7 member for 汉朝刘氏.,True
1007934,7001,刘安宗,male,1987-01-01,,31,安,Rule-generated Stage7 member for 汉朝刘氏.,True
1007935,7001,刘强,female,1989-01-01,2019-12-31,31,安,Rule-generated Stage7 member for 汉朝刘氏.,False
1007936,7001,刘明,male,1983-01-01,,31,安,Rule-generated Stage7 member for 汉朝刘氏.,True
1007937,7001,刘安兰,female,1985-01-01,,31,安,Rule-generated Stage7 member for 汉朝刘氏.,True
1007938,7001,刘安世,male,1988-01-01,,31,安,Rule-generated Stage7 member for 汉朝刘氏.,True
1007939,7001,刘敏,female,1989-01-01,,31,安,Rule-generated Stage7 member for 汉朝刘氏.,True
1007940,7001,刘国景,male,1989-01-01,,31,安,Rule-generated Stage7 member for 汉朝刘氏.,True
1007941,7001,刘安慧,female,1985-01-01,,31,安,Rule-generated Stage7 member for 汉朝刘氏.,True
1007942,7001,刘德伟,male,1985-01-01,,31,安,Rule-generated Stage7 member for 汉朝刘氏.,True
1007943,7001,刘安清,female,1986-01-01,,31,安,Rule-generated Stage7 member for 汉朝刘氏.,True
1007944,7001,刘安德,male,1987-01-01,,31,安,Rule-generated Stage7 member for 汉朝刘氏.,True
1007945,7001,刘安玉,female,1985-01-01,,31,安,Rule-generated Stage7 member for 汉朝刘氏.,True
1007946,7001,刘景强,male,1987-01-01,,31,安,Rule-generated Stage7 member for 汉朝刘氏.,True
1007947,7001,刘慧兰,female,1986-01-01,,31,安,Rule-generated Stage7 member for 汉朝刘氏.,True
1007948,7001,刘安安,male,1983-01-01,,31,安,Rule-generated Stage7 member for 汉朝刘氏.,True
1007949,7001,刘兰兰,female,1984-01-01,,31,安,Rule-generated Stage7 member for 汉朝刘氏.,True
1007950,7001,刘安宗,male,1984-01-01,,31,安,Rule-generated Stage7 member for 汉朝刘氏.,True
1007951,7001,刘安敏,female,1987-01-01,,31,安,Rule-generated Stage7 member for 汉朝刘氏.,True
1007952,7001,刘成文,male,1988-01-01,,31,安,Rule-generated Stage7 member for 汉朝刘氏.,True
1007953,7001,刘安宁,female,1986-01-01,,31,安,Rule-generated Stage7 member for 汉朝刘氏.,True
1007954,7001,刘承文,male,1987-01-01,,31,安,Rule-generated Stage7 member for 汉朝刘氏.,True
1007955,7001,刘安敏,female,1986-01-01,,31,安,Rule-generated Stage7 member for 汉朝刘氏.,True
1007956,7001,刘安宗,male,1983-01-01,,31,安,Rule-generated Stage7 member for 汉朝刘氏.,True
1007957,7001,刘兰雅,female,1985-01-01,,31,安,Rule-generated Stage7 member for 汉朝刘氏.,True
1007958,7001,刘景国,male,1985-01-01,,31,安,Rule-generated Stage7 member for 汉朝刘氏.,True
1007959,7001,刘安华,female,1988-01-01,,31,安,Rule-generated Stage7 member for 汉朝刘氏.,True
1007960,7001,刘承安,male,1984-01-01,,31,安,Rule-generated Stage7 member for 汉朝刘氏.,True
1007961,7001,刘安安,female,1984-01-01,,31,安,Rule-generated Stage7 member for 汉朝刘氏.,True
1007962,7001,刘安明,male,1988-01-01,,31,安,Rule-generated Stage7 member for 汉朝刘氏.,True
1007963,7001,刘安慧,female,1989-01-01,,31,安,Rule-generated Stage7 member for 汉朝刘氏.,True
1007964,7001,刘安德,male,1986-01-01,,31,安,Rule-generated Stage7 member for 汉朝刘氏.,True
1007965,7001,刘安华,female,1985-01-01,2013-12-31,31,安,Rule-generated Stage7 member for 汉朝刘氏.,False
1007966,7001,刘安景,male,1988-01-01,,31,安,Rule-generated Stage7 member for 汉朝刘氏.,True
1007967,7001,刘兰玉,female,1986-01-01,,31,安,Rule-generated Stage7 member for 汉朝刘氏.,True
1007968,7001,刘安景,male,1987-01-01,,31,安,Rule-generated Stage7 member for 汉朝刘氏.,True
1007969,7001,刘安梅,female,1983-01-01,,31,安,Rule-generated Stage7 member for 汉朝刘氏.,True
1007970,7001,刘宁承,male,2008-01-01,,32,宁,Rule-generated Stage7 member for 汉朝刘氏.,True
1007971,7001,刘华芳,female,2005-01-01,,32,宁,Rule-generated Stage7 member for 汉朝刘氏.,True
1007972,7001,刘宁国,male,2009-01-01,,32,宁,Rule-generated Stage7 member for 汉朝刘氏.,True
1007973,7001,刘慧芳,female,2005-01-01,,32,宁,Rule-generated Stage7 member for 汉朝刘氏.,True
1007974,7001,刘强德,male,2010-01-01,,32,宁,Rule-generated Stage7 member for 汉朝刘氏.,True
1007975,7001,刘宁梅,female,2009-01-01,,32,宁,Rule-generated Stage7 member for 汉朝刘氏.,True
1007976,7001,刘宁明,male,2005-01-01,,32,宁,Rule-generated Stage7 member for 汉朝刘氏.,True
1007977,7001,刘宁宁,female,2010-01-01,,32,宁,Rule-generated Stage7 member for 汉朝刘氏.,True
1007978,7001,刘成成,male,2007-01-01,,32,宁,Rule-generated Stage7 member for 汉朝刘氏.,True
1007979,7001,刘宁华,female,2009-01-01,,32,宁,Rule-generated Stage7 member for 汉朝刘氏.,True
1007980,7001,刘宁国,male,2010-01-01,,32,宁,Rule-generated Stage7 member for 汉朝刘氏.,True
1007981,7001,刘敏,female,2009-01-01,,32,宁,Rule-generated Stage7 member for 汉朝刘氏.,True
1007982,7001,刘宁世,male,2008-01-01,2025-12-31,32,宁,Rule-generated Stage7 member for 汉朝刘氏.,False
1007983,7001,刘伟,female,2007-01-01,,32,宁,Rule-generated Stage7 member for 汉朝刘氏.,True
1007984,7001,刘文德,male,2005-01-01,,32,宁,Rule-generated Stage7 member for 汉朝刘氏.,True
1007985,7001,刘宁安,female,2011-01-01,,32,宁,Rule-generated Stage7 member for 汉朝刘氏.,True
1007986,7001,刘宁承,male,2007-01-01,,32,宁,Rule-generated Stage7 member for 汉朝刘氏.,True
1007987,7001,刘宁丽,female,2011-01-01,,32,宁,Rule-generated Stage7 member for 汉朝刘氏.,True
1007988,7001,刘宁明,male,2011-01-01,,32,宁,Rule-generated Stage7 member for 汉朝刘氏.,True
1007989,7001,刘宁丽,female,2008-01-01,,32,宁,Rule-generated Stage7 member for 汉朝刘氏.,True
1007990,7001,刘宁宗,male,2009-01-01,2025-12-31,32,宁,Rule-generated Stage7 member for 汉朝刘氏.,False
1007991,7001,刘宁慧,female,2010-01-01,,32,宁,Rule-generated Stage7 member for 汉朝刘氏.,True
1007992,7001,刘安成,male,2007-01-01,,32,宁,Rule-generated Stage7 member for 汉朝刘氏.,True
1007993,7001,刘宁兰,female,2007-01-01,,32,宁,Rule-generated Stage7 member for 汉朝刘氏.,True
1007994,7001,刘宁文,male,2007-01-01,,32,宁,Rule-generated Stage7 member for 汉朝刘氏.,True
1007995,7001,刘宁慧,female,2008-01-01,,32,宁,Rule-generated Stage7 member for 汉朝刘氏.,True
1007996,7001,刘德明,male,2008-01-01,,32,宁,Rule-generated Stage7 member for 汉朝刘氏.,True
1007997,7001,刘宁安,female,2011-01-01,,32,宁,Rule-generated Stage7 member for 汉朝刘氏.,True
1007998,7001,刘德安,male,2011-01-01,,32,宁,Rule-generated Stage7 member for 汉朝刘氏.,True
1007999,7001,刘慧丽,female,2005-01-01,,32,宁,Rule-generated Stage7 member for 汉朝刘氏.,True
1008000,7001,刘宁承,male,2006-01-01,,32,宁,Rule-generated Stage7 member for 汉朝刘氏.,True
