tree_id,parent_member_id,child_member_id,parent_role
7001,1000001,1000031,father
7001,1000001,1000046,father
7001,1000001,1000061,father
7001,1000001,1000076,father
7001,1000031,1000090,father
7001,1000031,1000120,father
7001,1000031,1000150,father
7001,1000046,1000097,mother
7001,1000046,1000126,mother
7001,1000046,1000155,mother
7001,1000061,1000105,father
7001,1000061,1000135,father
7001,1000061,1000165,father
7001,1000076,1000112,mother
7001,1000076,1000141,mother
7001,1000076,1000170,mother
7001,1000090,1000178,father
7001,1000090,1000222,father
7001,1000090,1000266,father
7001,1000097,1000181,mother
7001,1000097,1000225,mother
7001,1000097,1000269,mother
7001,1000105,1000185,mother
7001,1000105,1000229,mother
7001,1000105,1000273,mother
7001,1000112,1000189,father
7001,1000112,1000233,father
7001,1000112,1000277,father
7001,1000120,1000193,father
7001,1000120,1000237,father
7001,1000120,1000281,father
7001,1000126,1000196,father
7001,1000126,1000240,father
7001,1000126,1000284,father
7001,1000135,1000200,mother
7001,1000135,1000244,mother
7001,1000135,1000288,mother
7001,1000141,1000203,mother
7001,1000141,1000247,mother
7001,1000141,1000291,mother
7001,1000150,1000208,father
7001,1000150,1000252,father
7001,1000155,1000210,mother
7001,1000155,1000254,mother
7001,1000165,1000215,mother
7001,1000165,1000259,mother
7001,1000170,1000218,father
7001,1000170,1000262,father
7001,1000178,1000296,father
7001,1000178,1000355,father
7001,1000178,1000414,father
7001,1000181,1000297,mother
7001,1000181,1000356,mother
7001,1000181,1000415,mother
7001,1000185,1000299,mother
7001,1000185,1000358,mother
7001,1000185,1000417,mother
7001,1000189,1000301,mother
7001,1000189,1000360,mother
7001,1000189,1000419,mother
7001,1000193,1000303,mother
7001,1000193,1000362,mother
7001,1000193,1000421,mother
7001,1000196,1000305,father
7001,1000196,1000364,father
7001,1000196,1000423,father
7001,1000200,1000307,father
7001,1000200,1000366,father
7001,1000200,1000425,father
7001,1000203,1000308,mother
7001,1000203,1000367,mother
7001,1000203,1000426,mother
7001,1000208,1000311,father
7001,1000208,1000370,father
7001,1000208,1000429,father
7001,1000210,1000312,father
7001,1000210,1000371,father
7001,1000210,1000430,father
7001,1000215,1000314,mother
7001,1000215,1000373,mother
7001,1000215,1000432,mother
7001,1000218,1000316,father
7001,1000218,1000375,father
7001,1000218,1000434,father
7001,1000222,1000318,father
7001,1000222,1000377,father
7001,1000222,1000436,father
7001,1000225,1000319,mother
7001,1000225,1000378,mother
7001,1000225,1000437,mother
7001,1000229,1000321,mother
7001,1000229,1000380,mother
7001,1000229,1000439,mother
7001,1000233,1000323,mother
7001,1000233,1000382,mother
7001,1000233,1000441,mother
7001,1000237,1000325,mother
7001,1000237,1000384,mother
7001,1000240,1000327,father
7001,1000240,1000386,father
7001,1000244,1000329,father
7001,1000244,1000388,father
7001,1000247,1000330,mother
7001,1000247,1000389,mother
7001,1000252,1000333,father
7001,1000252,1000392,father
7001,1000254,1000334,father
7001,1000254,1000393,father
7001,1000259,1000336,mother
7001,1000259,1000395,mother
7001,1000262,1000338,father
7001,1000262,1000397,father
7001,1000266,1000340,father
7001,1000266,1000399,father
7001,1000269,1000341,mother
7001,1000269,1000400,mother
7001,1000273,1000343,mother
7001,1000273,1000402,mother
7001,1000277,1000345,mother
7001,1000277,1000404,mother
7001,1000281,1000347,mother
7001,1000281,1000406,mother
7001,1000284,1000349,father
7001,1000284,1000408,father
7001,1000288,1000351,father
7001,1000288,1000410,father
7001,1000291,1000352,mother
7001,1000291,1000411,mother
7001,1000296,1000443,father
7001,1000296,1000517,father
7001,1000296,1000591,father
7001,1000297,1000443,mother
7001,1000297,1000516,mother
7001,1000297,1000589,mother
7001,1000299,1000444,mother
7001,1000299,1000517,mother
7001,1000299,1000590,mother
7001,1000301,1000445,mother
7001,1000301,1000518,mother
7001,1000301,1000591,mother
7001,1000303,1000446,mother
7001,1000303,1000519,mother
7001,1000303,1000592,mother
7001,1000305,1000447,mother
7001,1000305,1000520,mother
7001,1000305,1000593,mother
7001,1000307,1000448,mother
7001,1000307,1000521,mother
7001,1000307,1000594,mother
7001,1000308,1000449,father
7001,1000308,1000523,father
7001,1000308,1000597,father
7001,1000311,1000450,mother
7001,1000311,1000523,mother
7001,1000311,1000596,mother
7001,1000312,1000451,father
7001,1000312,1000525,father
7001,1000312,1000599,father
7001,1000314,1000452,father
7001,1000314,1000526,father
7001,1000314,1000600,father
7001,1000316,1000453,father
7001,1000316,1000527,father
7001,1000316,1000601,father
7001,1000318,1000454,father
7001,1000318,1000528,father
7001,1000318,1000602,father
7001,1000319,1000454,mother
7001,1000319,1000527,mother
7001,1000319,1000600,mother
7001,1000321,1000455,mother
7001,1000321,1000528,mother
7001,1000321,1000601,mother
7001,1000323,1000456,mother
7001,1000323,1000529,mother
7001,1000323,1000602,mother
7001,1000325,1000457,mother
7001,1000325,1000530,mother
7001,1000325,1000603,mother
7001,1000327,1000458,mother
7001,1000327,1000531,mother
7001,1000327,1000604,mother
7001,1000329,1000459,mother
7001,1000329,1000532,mother
7001,1000329,1000605,mother
7001,1000330,1000460,father
7001,1000330,1000534,father
7001,1000330,1000608,father
7001,1000333,1000461,mother
7001,1000333,1000534,mother
7001,1000333,1000607,mother
7001,1000334,1000462,father
7001,1000334,1000536,father
7001,1000334,1000610,father
7001,1000336,1000463,father
7001,1000336,1000537,father
7001,1000336,1000611,father
7001,1000338,1000464,father
7001,1000338,1000538,father
7001,1000338,1000612,father
7001,1000340,1000465,father
7001,1000340,1000539,father
7001,1000340,1000613,father
7001,1000341,1000465,mother
7001,1000341,1000538,mother
7001,1000341,1000611,mother
7001,1000343,1000466,mother
7001,1000343,1000539,mother
7001,1000343,1000612,mother
7001,1000345,1000467,mother
7001,1000345,1000540,mother
7001,1000345,1000613,mother
7001,1000347,1000468,mother
7001,1000347,1000541,mother
7001,1000347,1000614,mother
7001,1000349,1000469,mother
7001,1000349,1000542,mother
7001,1000349,1000615,mother
7001,1000351,1000470,mother
7001,1000351,1000543,mother
7001,1000351,1000616,mother
7001,1000352,1000471,father
7001,1000352,1000545,father
7001,1000355,1000472,mother
7001,1000355,1000545,mother
7001,1000355,1000618,mother
7001,1000356,1000473,father
7001,1000356,1000547,father
7001,1000358,1000474,father
7001,1000358,1000548,father
7001,1000360,1000475,father
7001,1000360,1000549,father
7001,1000362,1000476,father
7001,1000362,1000550,father
7001,1000364,1000477,father
7001,1000364,1000551,father
7001,1000366,1000478,father
7001,1000366,1000552,father
7001,1000367,1000478,mother
7001,1000367,1000551,mother
7001,1000370,1000480,father
7001,1000370,1000554,father
7001,1000371,1000480,mother
7001,1000371,1000553,mother
7001,1000373,1000481,mother
7001,1000373,1000554,mother
7001,1000375,1000482,mother
7001,1000375,1000555,mother
7001,1000377,1000483,mother
7001,1000377,1000556,mother
7001,1000378,1000484,father
7001,1000378,1000558,father
7001,1000380,1000485,father
7001,1000380,1000559,father
7001,1000382,1000486,father
7001,1000382,1000560,father
7001,1000384,1000487,father
7001,1000384,1000561,father
7001,1000386,1000488,father
7001,1000386,1000562,father
7001,1000388,1000489,father
7001,1000388,1000563,father
7001,1000389,1000489,mother
7001,1000389,1000562,mother
7001,1000392,1000491,father
7001,1000392,1000565,father
7001,1000393,1000491,mother
7001,1000393,1000564,mother
7001,1000395,1000492,mother
7001,1000395,1000565,mother
7001,1000397,1000493,mother
7001,1000397,1000566,mother
7001,1000399,1000494,mother
7001,1000399,1000567,mother
7001,1000400,1000495,father
7001,1000400,1000569,father
7001,1000402,1000496,father
7001,1000402,1000570,father
7001,1000404,1000497,father
7001,1000404,1000571,father
7001,1000406,1000498,father
7001,1000406,1000572,father
7001,1000408,1000499,father
7001,1000408,1000573,father
7001,1000410,1000500,father
7001,1000410,1000574,father
7001,1000411,1000500,mother
7001,1000411,1000573,mother
7001,1000414,1000502,father
7001,1000414,1000576,father
7001,1000415,1000502,mother
7001,1000415,1000575,mother
7001,1000417,1000503,mother
7001,1000417,1000576,mother
7001,1000419,1000504,mother
7001,1000419,1000577,mother
7001,1000421,1000505,mother
7001,1000421,1000578,mother
7001,1000423,1000506,mother
7001,1000423,1000579,mother
7001,1000425,1000507,mother
7001,1000425,1000580,mother
7001,1000426,1000508,father
7001,1000426,1000582,father
7001,1000429,1000509,mother
7001,1000429,1000582,mother
7001,1000430,1000510,father
7001,1000430,1000584,father
7001,1000432,1000511,father
7001,1000432,1000585,father
7001,1000434,1000512,father
7001,1000434,1000586,father
7001,1000436,1000513,father
7001,1000436,1000587,father
7001,1000437,1000513,mother
7001,1000437,1000586,mother
7001,1000439,1000514,mother
7001,1000439,1000587,mother
7001,1000441,1000515,mother
7001,1000441,1000588,mother
7001,1000443,1000619,father
7001,1000443,1000707,father
7001,1000443,1000795,father
7001,1000444,1000619,mother
7001,1000444,1000707,mother
7001,1000444,1000795,mother
7001,1000445,1000620,father
7001,1000445,1000708,father
7001,1000445,1000796,father
7001,1000446,1000620,mother
7001,1000446,1000708,mother
7001,1000446,1000796,mother
7001,1000447,1000621,father
7001,1000447,1000709,father
7001,1000447,1000797,father
7001,1000448,1000621,mother
7001,1000448,1000709,mother
7001,1000448,1000797,mother
7001,1000449,1000622,father
7001,1000449,1000710,father
7001,1000449,1000798,father
7001,1000450,1000622,mother
7001,1000450,1000710,mother
7001,1000450,1000798,mother
7001,1000451,1000623,father
7001,1000451,1000711,father
7001,1000451,1000799,father
7001,1000452,1000623,mother
7001,1000452,1000711,mother
7001,1000452,1000799,mother
7001,1000453,1000624,father
7001,1000453,1000712,father
7001,1000453,1000800,father
7001,1000454,1000624,mother
7001,1000454,1000712,mother
7001,1000454,1000800,mother
7001,1000455,1000625,father
7001,1000455,1000713,father
7001,1000455,1000801,father
7001,1000456,1000625,mother
7001,1000456,1000713,mother
7001,1000456,1000801,mother
7001,1000457,1000626,father
7001,1000457,1000714,father
7001,1000457,1000802,father
7001,1000458,1000626,mother
7001,1000458,1000714,mother
7001,1000458,1000802,mother
7001,1000459,1000627,father
7001,1000459,1000715,father
7001,1000459,1000803,father
7001,1000460,1000627,mother
7001,1000460,1000715,mother
7001,1000460,1000803,mother
7001,1000461,1000628,father
7001,1000461,1000716,father
7001,1000461,1000804,father
7001,1000462,1000628,mother
7001,1000462,1000716,mother
7001,1000462,1000804,mother
7001,1000463,1000629,father
7001,1000463,1000717,father
7001,1000463,1000805,father
7001,1000464,1000629,mother
7001,1000464,1000717,mother
7001,1000464,1000805,mother
7001,1000465,1000630,father
7001,1000465,1000718,father
7001,1000465,1000806,father
7001,1000466,1000630,mother
7001,1000466,1000718,mother
7001,1000466,1000806,mother
7001,1000467,1000631,father
7001,1000467,1000719,father
7001,1000467,1000807,father
7001,1000468,1000631,mother
7001,1000468,1000719,mother
7001,1000468,1000807,mother
7001,1000469,1000632,father
7001,1000469,1000720,father
7001,1000469,1000808,father
7001,1000470,1000632,mother
7001,1000470,1000720,mother
7001,1000470,1000808,mother
7001,1000471,1000633,father
7001,1000471,1000721,father
7001,1000471,1000809,father
7001,1000472,1000633,mother
7001,1000472,1000721,mother
7001,1000472,1000809,mother
7001,1000473,1000634,father
7001,1000473,1000722,father
7001,1000473,1000810,father
7001,1000474,1000634,mother
7001,1000474,1000722,mother
7001,1000474,1000810,mother
7001,1000475,1000635,father
7001,1000475,1000723,father
7001,1000475,1000811,father
7001,1000476,1000635,mother
7001,1000476,1000723,mother
7001,1000476,1000811,mother
7001,1000477,1000636,father
7001,1000477,1000724,father
7001,1000477,1000812,father
7001,1000478,1000636,mother
7001,1000478,1000724,mother
7001,1000478,1000812,mother
7001,1000480,1000637,mother
7001,1000480,1000725,mother
7001,1000480,1000813,mother
7001,1000481,1000638,father
7001,1000481,1000726,father
7001,1000481,1000814,father
7001,1000482,1000638,mother
7001,1000482,1000726,mother
7001,1000482,1000814,mother
7001,1000483,1000639,father
7001,1000483,1000727,father
7001,1000483,1000815,father
7001,1000484,1000639,mother
7001,1000484,1000727,mother
7001,1000484,1000815,mother
7001,1000485,1000640,father
7001,1000485,1000728,father
7001,1000485,1000816,father
7001,1000486,1000640,mother
7001,1000486,1000728,mother
7001,1000486,1000816,mother
7001,1000487,1000641,father
7001,1000487,1000729,father
7001,1000487,1000817,father
7001,1000488,1000641,mother
7001,1000488,1000729,mother
7001,1000488,1000817,mother
7001,1000489,1000642,father
7001,1000489,1000730,father
7001,1000489,1000818,father
7001,1000491,1000643,father
7001,1000491,1000731,father
7001,1000491,1000819,father
7001,1000492,1000643,mother
7001,1000492,1000731,mother
7001,1000492,1000819,mother
7001,1000493,1000644,father
7001,1000493,1000732,father
7001,1000493,1000820,father
7001,1000494,1000644,mother
7001,1000494,1000732,mother
7001,1000494,1000820,mother
7001,1000495,1000645,father
7001,1000495,1000733,father
7001,1000495,1000821,father
7001,1000496,1000645,mother
7001,1000496,1000733,mother
7001,1000496,1000821,mother
7001,1000497,1000646,father
7001,1000497,1000734,father
7001,1000497,1000822,father
7001,1000498,1000646,mother
7001,1000498,1000734,mother
7001,1000498,1000822,mother
7001,1000499,1000647,father
7001,1000499,1000735,father
7001,1000499,1000823,father
7001,1000500,1000647,mother
7001,1000500,1000735,mother
7001,1000500,1000823,mother
7001,1000502,1000648,mother
7001,1000502,1000736,mother
7001,1000502,1000824,mother
7001,1000503,1000649,father
7001,1000503,1000737,father
7001,1000504,1000649,mother
7001,1000504,1000737,mother
7001,1000505,1000650,father
7001,1000505,1000738,father
7001,1000506,1000650,mother
7001,1000506,1000738,mother
7001,1000507,1000651,father
7001,1000507,1000739,father
7001,1000508,1000651,mother
7001,1000508,1000739,mother
7001,1000509,1000652,father
7001,1000509,1000740,father
7001,1000510,1000652,mother
7001,1000510,1000740,mother
7001,1000511,1000653,father
7001,1000511,1000741,father
7001,1000512,1000653,mother
7001,1000512,1000741,mother
7001,1000513,1000654,father
7001,1000513,1000742,father
7001,1000514,1000654,mother
7001,1000514,1000742,mother
7001,1000515,1000655,father
7001,1000515,1000743,father
7001,1000516,1000655,mother
7001,1000516,1000743,mother
7001,1000517,1000656,father
7001,1000517,1000744,father
7001,1000518,1000656,mother
7001,1000518,1000744,mother
7001,1000519,1000657,father
7001,1000519,1000745,father
7001,1000520,1000657,mother
7001,1000520,1000745,mother
7001,1000521,1000658,father
7001,1000521,1000746,father
7001,1000523,1000659,father
7001,1000523,1000747,father
7001,1000525,1000660,father
7001,1000525,1000748,father
7001,1000526,1000660,mother
7001,1000526,1000748,mother
7001,1000527,1000661,father
7001,1000527,1000749,father
7001,1000528,1000661,mother
7001,1000528,1000749,mother
7001,1000529,1000662,father
7001,1000529,1000750,father
7001,1000530,1000662,mother
7001,1000530,1000750,mother
7001,1000531,1000663,father
7001,1000531,1000751,father
7001,1000532,1000663,mother
7001,1000532,1000751,mother
7001,1000534,1000664,mother
7001,1000534,1000752,mother
7001,1000536,1000665,mother
7001,1000536,1000753,mother
7001,1000537,1000666,father
7001,1000537,1000754,father
7001,1000538,1000666,mother
7001,1000538,1000754,mother
7001,1000539,1000667,father
7001,1000539,1000755,father
7001,1000540,1000667,mother
7001,1000540,1000755,mother
7001,1000541,1000668,father
7001,1000541,1000756,father
7001,1000542,1000668,mother
7001,1000542,1000756,mother
7001,1000543,1000669,father
7001,1000543,1000757,father
7001,1000545,1000670,father
7001,1000545,1000758,father
7001,1000547,1000671,father
7001,1000547,1000759,father
7001,1000548,1000671,mother
7001,1000548,1000759,mother
7001,1000549,1000672,father
7001,1000549,1000760,father
7001,1000550,1000672,mother
7001,1000550,1000760,mother
7001,1000551,1000673,father
7001,1000551,1000761,father
7001,1000552,1000673,mother
7001,1000552,1000761,mother
7001,1000553,1000674,father
7001,1000553,1000762,father
7001,1000554,1000674,mother
7001,1000554,1000762,mother
7001,1000555,1000675,father
7001,1000555,1000763,father
7001,1000556,1000675,mother
7001,1000556,1000763,mother
7001,1000558,1000676,mother
7001,1000558,1000764,mother
7001,1000559,1000677,father
7001,1000559,1000765,father
7001,1000560,1000677,mother
7001,1000560,1000765,mother
7001,1000561,1000678,father
7001,1000561,1000766,father
7001,1000562,1000678,mother
7001,1000562,1000766,mother
7001,1000563,1000679,father
7001,1000563,1000767,father
7001,1000564,1000679,mother
7001,1000564,1000767,mother
7001,1000565,1000680,father
7001,1000565,1000768,father
7001,1000566,1000680,mother
7001,1000566,1000768,mother
7001,1000567,1000681,father
7001,1000567,1000769,father
7001,1000569,1000682,father
7001,1000569,1000770,father
7001,1000570,1000682,mother
7001,1000570,1000770,mother
7001,1000571,1000683,father
7001,1000571,1000771,father
7001,1000572,1000683,mother
7001,1000572,1000771,mother
7001,1000573,1000684,father
7001,1000573,1000772,father
7001,1000574,1000684,mother
7001,1000574,1000772,mother
7001,1000575,1000685,father
7001,1000575,1000773,father
7001,1000576,1000685,mother
7001,1000576,1000773,mother
7001,1000577,1000686,father
7001,1000577,1000774,father
7001,1000578,1000686,mother
7001,1000578,1000774,mother
7001,1000579,1000687,father
7001,1000579,1000775,father
7001,1000580,1000687,mother
7001,1000580,1000775,mother
7001,1000582,1000688,mother
7001,1000582,1000776,mother
7001,1000584,1000689,mother
7001,1000584,1000777,mother
7001,1000585,1000690,father
7001,1000585,1000778,father
7001,1000586,1000690,mother
7001,1000586,1000778,mother
7001,1000587,1000691,father
7001,1000587,1000779,father
7001,1000588,1000691,mother
7001,1000588,1000779,mother
7001,1000589,1000692,father
7001,1000589,1000780,father
7001,1000590,1000692,mother
7001,1000590,1000780,mother
7001,1000591,1000693,father
7001,1000591,1000781,father
7001,1000592,1000693,mother
7001,1000592,1000781,mother
7001,1000593,1000694,father
7001,1000593,1000782,father
7001,1000594,1000694,mother
7001,1000594,1000782,mother
7001,1000596,1000695,mother
7001,1000596,1000783,mother
7001,1000597,1000696,father
7001,1000597,1000784,father
7001,1000599,1000697,father
7001,1000599,1000785,father
7001,1000600,1000697,mother
7001,1000600,1000785,mother
7001,1000601,1000698,father
7001,1000601,1000786,father
7001,1000602,1000698,mother
7001,1000602,1000786,mother
7001,1000603,1000699,father
7001,1000603,1000787,father
7001,1000604,1000699,mother
7001,1000604,1000787,mother
7001,1000605,1000700,father
7001,1000605,1000788,father
7001,1000607,1000701,father
7001,1000607,1000789,father
7001,1000608,1000701,mother
7001,1000608,1000789,mother
7001,1000610,1000702,mother
7001,1000610,1000790,mother
7001,1000611,1000703,father
7001,1000611,1000791,father
7001,1000612,1000703,mother
7001,1000612,1000791,mother
7001,1000613,1000704,father
7001,1000613,1000792,father
7001,1000614,1000704,mother
7001,1000614,1000792,mother
7001,1000615,1000705,father
7001,1000615,1000793,father
7001,1000616,1000705,mother
7001,1000616,1000793,mother
7001,1000618,1000706,mother
7001,1000618,1000794,mother
7001,1000619,1000825,father
7001,1000619,1000928,father
7001,1000619,1001031,father
7001,1000620,1000825,mother
7001,1000620,1000928,mother
7001,1000620,1001031,mother
7001,1000621,1000826,father
7001,1000621,1000929,father
7001,1000621,1001032,father
7001,1000622,1000826,mother
7001,1000622,1000929,mother
7001,1000622,1001032,mother
7001,1000623,1000827,father
7001,1000623,1000930,father
7001,1000623,1001033,father
7001,1000624,1000827,mother
7001,1000624,1000930,mother
7001,1000624,1001033,mother
7001,1000625,1000828,father
7001,1000625,1000931,father
7001,1000625,1001034,father
7001,1000626,1000828,mother
7001,1000626,1000931,mother
7001,1000626,1001034,mother
7001,1000627,1000829,father
7001,1000627,1000932,father
7001,1000627,1001035,father
7001,1000628,1000829,mother
7001,1000628,1000932,mother
7001,1000628,1001035,mother
7001,1000629,1000830,father
7001,1000629,1000933,father
7001,1000629,1001036,father
7001,1000630,1000830,mother
7001,1000630,1000933,mother
7001,1000630,1001036,mother
7001,1000631,1000831,father
7001,1000631,1000934,father
7001,1000631,1001037,father
7001,1000632,1000831,mother
7001,1000632,1000934,mother
7001,1000632,1001037,mother
7001,1000633,1000832,father
7001,1000633,1000935,father
7001,1000633,1001038,father
7001,1000634,1000832,mother
7001,1000634,1000935,mother
7001,1000634,1001038,mother
7001,1000635,1000833,father
7001,1000635,1000936,father
7001,1000635,1001039,father
7001,1000636,1000833,mother
7001,1000636,1000936,mother
7001,1000636,1001039,mother
7001,1000637,1000834,father
7001,1000637,1000937,father
7001,1000637,1001040,father
7001,1000638,1000834,mother
7001,1000638,1000937,mother
7001,1000638,1001040,mother
7001,1000639,1000835,father
7001,1000639,1000938,father
7001,1000639,1001041,father
7001,1000640,1000835,mother
7001,1000640,1000938,mother
7001,1000640,1001041,mother
7001,1000641,1000836,father
7001,1000641,1000939,father
7001,1000641,1001042,father
7001,1000642,1000836,mother
7001,1000642,1000939,mother
7001,1000642,1001042,mother
7001,1000643,1000837,father
7001,1000643,1000940,father
7001,1000643,1001043,father
7001,1000644,1000837,mother
7001,1000644,1000940,mother
7001,1000644,1001043,mother
7001,1000645,1000838,father
7001,1000645,1000941,father
7001,1000645,1001044,father
7001,1000646,1000838,mother
7001,1000646,1000941,mother
7001,1000646,1001044,mother
7001,1000647,1000839,father
7001,1000647,1000942,father
7001,1000647,1001045,father
7001,1000648,1000839,mother
7001,1000648,1000942,mother
7001,1000648,1001045,mother
7001,1000649,1000840,father
7001,1000649,1000943,father
7001,1000649,1001046,father
7001,1000650,1000840,mother
7001,1000650,1000943,mother
7001,1000650,1001046,mother
7001,1000651,1000841,father
7001,1000651,1000944,father
7001,1000651,1001047,father
7001,1000652,1000841,mother
7001,1000652,1000944,mother
7001,1000652,1001047,mother
7001,1000653,1000842,father
7001,1000653,1000945,father
7001,1000653,1001048,father
7001,1000654,1000842,mother
7001,1000654,1000945,mother
7001,1000654,1001048,mother
7001,1000655,1000843,father
7001,1000655,1000946,father
7001,1000655,1001049,father
7001,1000656,1000843,mother
7001,1000656,1000946,mother
7001,1000656,1001049,mother
7001,1000657,1000844,father
7001,1000657,1000947,father
7001,1000657,1001050,father
7001,1000658,1000844,mother
7001,1000658,1000947,mother
7001,1000658,1001050,mother
7001,1000659,1000845,father
7001,1000659,1000948,father
7001,1000659,1001051,father
7001,1000660,1000845,mother
7001,1000660,1000948,mother
7001,1000660,1001051,mother
7001,1000661,1000846,father
7001,1000661,1000949,father
7001,1000661,1001052,father
7001,1000662,1000846,mother
7001,1000662,1000949,mother
7001,1000662,1001052,mother
7001,1000663,1000847,father
7001,1000663,1000950,father
7001,1000663,1001053,father
7001,1000664,1000847,mother
7001,1000664,1000950,mother
7001,1000664,1001053,mother
7001,1000665,1000848,father
7001,1000665,1000951,father
7001,1000665,1001054,father
7001,1000666,1000848,mother
7001,1000666,1000951,mother
7001,1000666,1001054,mother
7001,1000667,1000849,father
7001,1000667,1000952,father
7001,1000667,1001055,father
7001,1000668,1000849,mother
7001,1000668,1000952,mother
7001,1000668,1001055,mother
7001,1000669,1000850,father
7001,1000669,1000953,father
7001,1000669,1001056,father
7001,1000670,1000850,mother
7001,1000670,1000953,mother
7001,1000670,1001056,mother
7001,1000671,1000851,father
7001,1000671,1000954,father
7001,1000671,1001057,father
7001,1000672,1000851,mother
7001,1000672,1000954,mother
7001,1000672,1001057,mother
7001,1000673,1000852,father
7001,1000673,1000955,father
7001,1000673,1001058,father
7001,1000674,1000852,mother
7001,1000674,1000955,mother
7001,1000674,1001058,mother
7001,1000675,1000853,father
7001,1000675,1000956,father
7001,1000675,1001059,father
7001,1000676,1000853,mother
7001,1000676,1000956,mother
7001,1000676,1001059,mother
7001,1000677,1000854,father
7001,1000677,1000957,father
7001,1000678,1000854,mother
7001,1000678,1000957,mother
7001,1000679,1000855,father
7001,1000679,1000958,father
7001,1000680,1000855,mother
7001,1000680,1000958,mother
7001,1000681,1000856,father
7001,1000681,1000959,father
7001,1000682,1000856,mother
7001,1000682,1000959,mother
7001,1000683,1000857,father
7001,1000683,1000960,father
7001,1000684,1000857,mother
7001,1000684,1000960,mother
7001,1000685,1000858,father
7001,1000685,1000961,father
7001,1000686,1000858,mother
7001,1000686,1000961,mother
7001,1000687,1000859,father
7001,1000687,1000962,father
7001,1000688,1000859,mother
7001,1000688,1000962,mother
7001,1000689,1000860,father
7001,1000689,1000963,father
7001,1000690,1000860,mother
7001,1000690,1000963,mother
7001,1000691,1000861,father
7001,1000691,1000964,father
7001,1000692,1000861,mother
7001,1000692,1000964,mother
7001,1000693,1000862,father
7001,1000693,1000965,father
7001,1000694,1000862,mother
7001,1000694,1000965,mother
7001,1000695,1000863,father
7001,1000695,1000966,father
7001,1000696,1000863,mother
7001,1000696,1000966,mother
7001,1000697,1000864,father
7001,1000697,1000967,father
7001,1000698,1000864,mother
7001,1000698,1000967,mother
7001,1000699,1000865,father
7001,1000699,1000968,father
7001,1000700,1000865,mother
7001,1000700,1000968,mother
7001,1000701,1000866,father
7001,1000701,1000969,father
7001,1000702,1000866,mother
7001,1000702,1000969,mother
7001,1000703,1000867,father
7001,1000703,1000970,father
7001,1000704,1000867,mother
7001,1000704,1000970,mother
7001,1000705,1000868,father
7001,1000705,1000971,father
7001,1000706,1000868,mother
7001,1000706,1000971,mother
7001,1000707,1000869,father
7001,1000707,1000972,father
7001,1000708,1000869,mother
7001,1000708,1000972,mother
7001,1000709,1000870,father
7001,1000709,1000973,father
7001,1000710,1000870,mother
7001,1000710,1000973,mother
7001,1000711,1000871,father
7001,1000711,1000974,father
7001,1000712,1000871,mother
7001,1000712,1000974,mother
7001,1000713,1000872,father
7001,1000713,1000975,father
7001,1000714,1000872,mother
7001,1000714,1000975,mother
7001,1000715,1000873,father
7001,1000715,1000976,father
7001,1000716,1000873,mother
7001,1000716,1000976,mother
7001,1000717,1000874,father
7001,1000717,1000977,father
7001,1000718,1000874,mother
7001,1000718,1000977,mother
7001,1000719,1000875,father
7001,1000719,1000978,father
7001,1000720,1000875,mother
7001,1000720,1000978,mother
7001,1000721,1000876,father
7001,1000721,1000979,father
7001,1000722,1000876,mother
7001,1000722,1000979,mother
7001,1000723,1000877,father
7001,1000723,1000980,father
7001,1000724,1000877,mother
7001,1000724,1000980,mother
7001,1000725,1000878,father
7001,1000725,1000981,father
7001,1000726,1000878,mother
7001,1000726,1000981,mother
7001,1000727,1000879,father
7001,1000727,1000982,father
7001,1000728,1000879,mother
7001,1000728,1000982,mother
7001,1000729,1000880,father
7001,1000729,1000983,father
7001,1000730,1000880,mother
7001,1000730,1000983,mother
7001,1000731,1000881,father
7001,1000731,1000984,father
7001,1000732,1000881,mother
7001,1000732,1000984,mother
7001,1000733,1000882,father
7001,1000733,1000985,father
7001,1000734,1000882,mother
7001,1000734,1000985,mother
7001,1000735,1000883,father
7001,1000735,1000986,father
7001,1000736,1000883,mother
7001,1000736,1000986,mother
7001,1000737,1000884,father
7001,1000737,1000987,father
7001,1000738,1000884,mother
7001,1000738,1000987,mother
7001,1000739,1000885,father
7001,1000739,1000988,father
7001,1000740,1000885,mother
7001,1000740,1000988,mother
7001,1000741,1000886,father
7001,1000741,1000989,father
7001,1000742,1000886,mother
7001,1000742,1000989,mother
7001,1000743,1000887,father
7001,1000743,1000990,father
7001,1000744,1000887,mother
7001,1000744,1000990,mother
7001,1000745,1000888,father
7001,1000745,1000991,father
7001,1000746,1000888,mother
7001,1000746,1000991,mother
7001,1000747,1000889,father
7001,1000747,1000992,father
7001,1000748,1000889,mother
7001,1000748,1000992,mother
7001,1000749,1000890,father
7001,1000749,1000993,father
7001,1000750,1000890,mother
7001,1000750,1000993,mother
7001,1000751,1000891,father
7001,1000751,1000994,father
7001,1000752,1000891,mother
7001,1000752,1000994,mother
7001,1000753,1000892,father
7001,1000753,1000995,father
7001,1000754,1000892,mother
7001,1000754,1000995,mother
7001,1000755,1000893,father
7001,1000755,1000996,father
7001,1000756,1000893,mother
7001,1000756,1000996,mother
7001,1000757,1000894,father
7001,1000757,1000997,father
7001,1000758,1000894,mother
7001,1000758,1000997,mother
7001,1000759,1000895,father
7001,1000759,1000998,father
7001,1000760,1000895,mother
7001,1000760,1000998,mother
7001,1000761,1000896,father
7001,1000761,1000999,father
7001,1000762,1000896,mother
7001,1000762,1000999,mother
7001,1000763,1000897,father
7001,1000763,1001000,father
7001,1000764,1000897,mother
7001,1000764,1001000,mother
7001,1000765,1000898,father
7001,1000765,1001001,father
7001,1000766,1000898,mother
7001,1000766,1001001,mother
7001,1000767,1000899,father
7001,1000767,1001002,father
7001,1000768,1000899,mother
7001,1000768,1001002,mother
7001,1000769,1000900,father
7001,1000769,1001003,father
7001,1000770,1000900,mother
7001,1000770,1001003,mother
7001,1000771,1000901,father
7001,1000771,1001004,father
7001,1000772,1000901,mother
7001,1000772,1001004,mother
7001,1000773,1000902,father
7001,1000773,1001005,father
7001,1000774,1000902,mother
7001,1000774,1001005,mother
7001,1000775,1000903,father
7001,1000775,1001006,father
7001,1000776,1000903,mother
7001,1000776,1001006,mother
7001,1000777,1000904,father
7001,1000777,1001007,father
7001,1000778,1000904,mother
7001,1000778,1001007,mother
7001,1000779,1000905,father
7001,1000779,1001008,father
7001,1000780,1000905,mother
7001,1000780,1001008,mother
7001,1000781,1000906,father
7001,1000781,1001009,father
7001,1000782,1000906,mother
7001,1000782,1001009,mother
7001,1000783,1000907,father
7001,1000783,1001010,father
7001,1000784,1000907,mother
7001,1000784,1001010,mother
7001,1000785,1000908,father
7001,1000785,1001011,father
7001,1000786,1000908,mother
7001,1000786,1001011,mother
7001,1000787,1000909,father
7001,1000787,1001012,father
7001,1000788,1000909,mother
7001,1000788,1001012,mother
7001,1000789,1000910,father
7001,1000789,1001013,father
7001,1000790,1000910,mother
7001,1000790,1001013,mother
7001,1000791,1000911,father
7001,1000791,1001014,father
7001,1000792,1000911,mother
7001,1000792,1001014,mother
7001,1000793,1000912,father
7001,1000793,1001015,father
7001,1000794,1000912,mother
7001,1000794,1001015,mother
7001,1000795,1000913,father
7001,1000795,1001016,father
7001,1000796,1000913,mother
7001,1000796,1001016,mother
7001,1000797,1000914,father
7001,1000797,1001017,father
7001,1000798,1000914,mother
7001,1000798,1001017,mother
7001,1000799,1000915,father
7001,1000799,1001018,father
7001,1000800,1000915,mother
7001,1000800,1001018,mother
7001,1000801,1000916,father
7001,1000801,1001019,father
7001,1000802,1000916,mother
7001,1000802,1001019,mother
7001,1000803,1000917,father
7001,1000803,1001020,father
7001,1000804,1000917,mother
7001,1000804,1001020,mother
7001,1000805,1000918,father
7001,1000805,1001021,father
7001,1000806,1000918,mother
7001,1000806,1001021,mother
7001,1000807,1000919,father
7001,1000807,1001022,father
7001,1000808,1000919,mother
7001,1000808,1001022,mother
7001,1000809,1000920,father
7001,1000809,1001023,father
7001,1000810,1000920,mother
7001,1000810,1001023,mother
7001,1000811,1000921,father
7001,1000811,1001024,father
7001,1000812,1000921,mother
7001,1000812,1001024,mother
7001,1000813,1000922,father
7001,1000813,1001025,father
7001,1000814,1000922,mother
7001,1000814,1001025,mother
7001,1000815,1000923,father
7001,1000815,1001026,father
7001,1000816,1000923,mother
7001,1000816,1001026,mother
7001,1000817,1000924,father
7001,1000817,1001027,father
7001,1000818,1000924,mother
7001,1000818,1001027,mother
7001,1000819,1000925,father
7001,1000819,1001028,father
7001,1000820,1000925,mother
7001,1000820,1001028,mother
7001,1000821,1000926,father
7001,1000821,1001029,father
7001,1000822,1000926,mother
7001,1000822,1001029,mother
7001,1000823,1000927,father
7001,1000823,1001030,father
7001,1000824,1000927,mother
7001,1000824,1001030,mother
7001,1000825,1001060,father
7001,1000825,1001178,father
7001,1000825,1001296,father
7001,1000826,1001060,mother
7001,1000826,1001177,mother
7001,1000826,1001294,mother
7001,1000827,1001061,father
7001,1000827,1001179,father
7001,1000827,1001297,father
7001,1000828,1001061,mother
7001,1000828,1001178,mother
7001,1000828,1001295,mother
7001,1000829,1001062,father
7001,1000829,1001180,father
7001,1000829,1001298,father
7001,1000830,1001062,mother
7001,1000830,1001179,mother
7001,1000830,1001296,mother
7001,1000831,1001063,father
7001,1000831,1001181,father
7001,1000831,1001299,father
7001,1000832,1001063,mother
7001,1000832,1001180,mother
7001,1000832,1001297,mother
7001,1000833,1001064,father
7001,1000833,1001182,father
7001,1000833,1001300,father
7001,1000834,1001064,mother
7001,1000834,1001181,mother
7001,1000834,1001298,mother
7001,1000835,1001065,father
7001,1000835,1001183,father
7001,1000835,1001301,father
7001,1000836,1001065,mother
7001,1000836,1001182,mother
7001,1000836,1001299,mother
7001,1000837,1001066,father
7001,1000837,1001184,father
7001,1000837,1001302,father
7001,1000838,1001066,mother
7001,1000838,1001183,mother
7001,1000838,1001300,mother
7001,1000839,1001067,father
7001,1000839,1001185,father
7001,1000839,1001303,father
7001,1000840,1001067,mother
7001,1000840,1001184,mother
7001,1000840,1001301,mother
7001,1000841,1001068,father
7001,1000841,1001186,father
7001,1000841,1001304,father
7001,1000842,1001068,mother
7001,1000842,1001185,mother
7001,1000842,1001302,mother
7001,1000843,1001069,father
7001,1000843,1001187,father
7001,1000843,1001305,father
7001,1000844,1001069,mother
7001,1000844,1001186,mother
7001,1000844,1001303,mother
7001,1000845,1001070,father
7001,1000845,1001188,father
7001,1000845,1001306,father
7001,1000846,1001070,mother
7001,1000846,1001187,mother
7001,1000846,1001304,mother
7001,1000847,1001071,father
7001,1000847,1001189,father
7001,1000847,1001307,father
7001,1000848,1001071,mother
7001,1000848,1001188,mother
7001,1000848,1001305,mother
7001,1000849,1001072,father
7001,1000849,1001190,father
7001,1000849,1001308,father
7001,1000850,1001072,mother
7001,1000850,1001189,mother
7001,1000850,1001306,mother
7001,1000851,1001073,father
7001,1000851,1001191,father
7001,1000851,1001309,father
7001,1000852,1001073,mother
7001,1000852,1001190,mother
7001,1000852,1001307,mother
7001,1000853,1001074,father
7001,1000853,1001192,father
7001,1000853,1001310,father
7001,1000854,1001074,mother
7001,1000854,1001191,mother
7001,1000854,1001308,mother
7001,1000855,1001075,father
7001,1000855,1001193,father
7001,1000855,1001311,father
7001,1000856,1001075,mother
7001,1000856,1001192,mother
7001,1000856,1001309,mother
7001,1000857,1001076,father
7001,1000857,1001194,father
7001,1000857,1001312,father
7001,1000858,1001076,mother
7001,1000858,1001193,mother
7001,1000858,1001310,mother
7001,1000859,1001077,father
7001,1000859,1001195,father
7001,1000859,1001313,father
7001,1000860,1001077,mother
7001,1000860,1001194,mother
7001,1000860,1001311,mother
7001,1000861,1001078,father
7001,1000861,1001196,father
7001,1000861,1001314,father
7001,1000862,1001078,mother
7001,1000862,1001195,mother
7001,1000862,1001312,mother
7001,1000863,1001079,father
7001,1000863,1001197,father
7001,1000863,1001315,father
7001,1000864,1001079,mother
7001,1000864,1001196,mother
7001,1000864,1001313,mother
7001,1000865,1001080,father
7001,1000865,1001198,father
7001,1000865,1001316,father
7001,1000866,1001080,mother
7001,1000866,1001197,mother
7001,1000866,1001314,mother
7001,1000867,1001081,father
7001,1000867,1001199,father
7001,1000867,1001317,father
7001,1000868,1001081,mother
7001,1000868,1001198,mother
7001,1000868,1001315,mother
7001,1000869,1001082,father
7001,1000869,1001200,father
7001,1000869,1001318,father
7001,1000870,1001082,mother
7001,1000870,1001199,mother
7001,1000870,1001316,mother
7001,1000871,1001083,father
7001,1000871,1001201,father
7001,1000871,1001319,father
7001,1000872,1001083,mother
7001,1000872,1001200,mother
7001,1000872,1001317,mother
7001,1000873,1001084,father
7001,1000873,1001202,father
7001,1000873,1001320,father
7001,1000874,1001084,mother
7001,1000874,1001201,mother
7001,1000874,1001318,mother
7001,1000875,1001085,father
7001,1000875,1001203,father
7001,1000875,1001321,father
7001,1000876,1001085,mother
7001,1000876,1001202,mother
7001,1000876,1001319,mother
7001,1000877,1001086,father
7001,1000877,1001204,father
7001,1000877,1001322,father
7001,1000878,1001086,mother
7001,1000878,1001203,mother
7001,1000878,1001320,mother
7001,1000879,1001087,father
7001,1000879,1001205,father
7001,1000879,1001323,father
7001,1000880,1001087,mother
7001,1000880,1001204,mother
7001,1000880,1001321,mother
7001,1000881,1001088,father
7001,1000881,1001206,father
7001,1000882,1001088,mother
7001,1000882,1001205,mother
7001,1000882,1001322,mother
7001,1000883,1001089,father
7001,1000883,1001207,father
7001,1000884,1001089,mother
7001,1000884,1001206,mother
7001,1000884,1001323,mother
7001,1000885,1001090,father
7001,1000885,1001208,father
7001,1000886,1001090,mother
7001,1000886,1001207,mother
7001,1000887,1001091,father
7001,1000887,1001209,father
7001,1000888,1001091,mother
7001,1000888,1001208,mother
7001,1000889,1001092,father
7001,1000889,1001210,father
7001,1000890,1001092,mother
7001,1000890,1001209,mother
7001,1000891,1001093,father
7001,1000891,1001211,father
7001,1000892,1001093,mother
7001,1000892,1001210,mother
7001,1000893,1001094,father
7001,1000893,1001212,father
7001,1000894,1001094,mother
7001,1000894,1001211,mother
7001,1000895,1001095,father
7001,1000895,1001213,father
7001,1000896,1001095,mother
7001,1000896,1001212,mother
7001,1000897,1001096,father
7001,1000897,1001214,father
7001,1000898,1001096,mother
7001,1000898,1001213,mother
7001,1000899,1001097,father
7001,1000899,1001215,father
7001,1000900,1001097,mother
7001,1000900,1001214,mother
7001,1000901,1001098,father
7001,1000901,1001216,father
7001,1000902,1001098,mother
7001,1000902,1001215,mother
7001,1000903,1001099,father
7001,1000903,1001217,father
7001,1000904,1001099,mother
7001,1000904,1001216,mother
7001,1000905,1001100,father
7001,1000905,1001218,father
7001,1000906,1001100,mother
7001,1000906,1001217,mother
7001,1000907,1001101,father
7001,1000907,1001219,father
7001,1000908,1001101,mother
7001,1000908,1001218,mother
7001,1000909,1001102,father
7001,1000909,1001220,father
7001,1000910,1001102,mother
7001,1000910,1001219,mother
7001,1000911,1001103,father
7001,1000911,1001221,father
7001,1000912,1001103,mother
7001,1000912,1001220,mother
7001,1000913,1001104,father
7001,1000913,1001222,father
7001,1000914,1001104,mother
7001,1000914,1001221,mother
7001,1000915,1001105,father
7001,1000915,1001223,father
7001,1000916,1001105,mother
7001,1000916,1001222,mother
7001,1000917,1001106,father
7001,1000917,1001224,father
7001,1000918,1001106,mother
7001,1000918,1001223,mother
7001,1000919,1001107,father
7001,1000919,1001225,father
7001,1000920,1001107,mother
7001,1000920,1001224,mother
7001,1000921,1001108,father
7001,1000921,1001226,father
7001,1000922,1001108,mother
7001,1000922,1001225,mother
7001,1000923,1001109,father
7001,1000923,1001227,father
7001,1000924,1001109,mother
7001,1000924,1001226,mother
7001,1000925,1001110,father
7001,1000925,1001228,father
7001,1000926,1001110,mother
7001,1000926,1001227,mother
7001,1000927,1001111,father
7001,1000927,1001229,father
7001,1000928,1001111,mother
7001,1000928,1001228,mother
7001,1000929,1001112,father
7001,1000929,1001230,father
7001,1000930,1001112,mother
7001,1000930,1001229,mother
7001,1000931,1001113,father
7001,1000931,1001231,father
7001,1000932,1001113,mother
7001,1000932,1001230,mother
7001,1000933,1001114,father
7001,1000933,1001232,father
7001,1000934,1001114,mother
7001,1000934,1001231,mother
7001,1000935,1001115,father
7001,1000935,1001233,father
7001,1000936,1001115,mother
7001,1000936,1001232,mother
7001,1000937,1001116,father
7001,1000937,1001234,father
7001,1000938,1001116,mother
7001,1000938,1001233,mother
7001,1000939,1001117,father
7001,1000939,1001235,father
7001,1000940,1001117,mother
7001,1000940,1001234,mother
7001,1000941,1001118,father
7001,1000941,1001236,father
7001,1000942,1001118,mother
7001,1000942,1001235,mother
7001,1000943,1001119,father
7001,1000943,1001237,father
7001,1000944,1001119,mother
7001,1000944,1001236,mother
7001,1000945,1001120,father
7001,1000945,1001238,father
7001,1000946,1001120,mother
7001,1000946,1001237,mother
7001,1000947,1001121,father
7001,1000947,1001239,father
7001,1000948,1001121,mother
7001,1000948,1001238,mother
7001,1000949,1001122,father
7001,1000949,1001240,father
7001,1000950,1001122,mother
7001,1000950,1001239,mother
7001,1000951,1001123,father
7001,1000951,1001241,father
7001,1000952,1001123,mother
7001,1000952,1001240,mother
7001,1000953,1001124,father
7001,1000953,1001242,father
7001,1000954,1001124,mother
7001,1000954,1001241,mother
7001,1000955,1001125,father
7001,1000955,1001243,father
7001,1000956,1001125,mother
7001,1000956,1001242,mother
7001,1000957,1001126,father
7001,1000957,1001244,father
7001,1000958,1001126,mother
7001,1000958,1001243,mother
7001,1000959,1001127,father
7001,1000959,1001245,father
7001,1000960,1001127,mother
7001,1000960,1001244,mother
7001,1000961,1001128,father
7001,1000961,1001246,father
7001,1000962,1001128,mother
7001,1000962,1001245,mother
7001,1000963,1001129,father
7001,1000963,1001247,father
7001,1000964,1001129,mother
7001,1000964,1001246,mother
7001,1000965,1001130,father
7001,1000965,1001248,father
7001,1000966,1001130,mother
7001,1000966,1001247,mother
7001,1000967,1001131,father
7001,1000967,1001249,father
7001,1000968,1001131,mother
7001,1000968,1001248,mother
7001,1000969,1001132,father
7001,1000969,1001250,father
7001,1000970,1001132,mother
7001,1000970,1001249,mother
7001,1000971,1001133,father
7001,1000971,1001251,father
7001,1000972,1001133,mother
7001,1000972,1001250,mother
7001,1000973,1001134,father
7001,1000973,1001252,father
7001,1000974,1001134,mother
7001,1000974,1001251,mother
7001,1000975,1001135,father
7001,1000975,1001253,father
7001,1000976,1001135,mother
7001,1000976,1001252,mother
7001,1000977,1001136,father
7001,1000977,1001254,father
7001,1000978,1001136,mother
7001,1000978,1001253,mother
7001,1000979,1001137,father
7001,1000979,1001255,father
7001,1000980,1001137,mother
7001,1000980,1001254,mother
7001,1000981,1001138,father
7001,1000981,1001256,father
7001,1000982,1001138,mother
7001,1000982,1001255,mother
7001,1000983,1001139,father
7001,1000983,1001257,father
7001,1000984,1001139,mother
7001,1000984,1001256,mother
7001,1000985,1001140,father
7001,1000985,1001258,father
7001,1000986,1001140,mother
7001,1000986,1001257,mother
7001,1000987,1001141,father
7001,1000987,1001259,father
7001,1000988,1001141,mother
7001,1000988,1001258,mother
7001,1000989,1001142,father
7001,1000989,1001260,father
7001,1000990,1001142,mother
7001,1000990,1001259,mother
7001,1000991,1001143,father
7001,1000991,1001261,father
7001,1000992,1001143,mother
7001,1000992,1001260,mother
7001,1000993,1001144,father
7001,1000993,1001262,father
7001,1000994,1001144,mother
7001,1000994,1001261,mother
7001,1000995,1001145,father
7001,1000995,1001263,father
7001,1000996,1001145,mother
7001,1000996,1001262,mother
7001,1000997,1001146,father
7001,1000997,1001264,father
7001,1000998,1001146,mother
7001,1000998,1001263,mother
7001,1000999,1001147,father
7001,1000999,1001265,father
7001,1001000,1001147,mother
7001,1001000,1001264,mother
7001,1001001,1001148,father
7001,1001001,1001266,father
7001,1001002,1001148,mother
7001,1001002,1001265,mother
7001,1001003,1001149,father
7001,1001003,1001267,father
7001,1001004,1001149,mother
7001,1001004,1001266,mother
7001,1001005,1001150,father
7001,1001005,1001268,father
7001,1001006,1001150,mother
7001,1001006,1001267,mother
7001,1001007,1001151,father
7001,1001007,1001269,father
7001,1001008,1001151,mother
7001,1001008,1001268,mother
7001,1001009,1001152,father
7001,1001009,1001270,father
7001,1001010,1001152,mother
7001,1001010,1001269,mother
7001,1001011,1001153,father
7001,1001011,1001271,father
7001,1001012,1001153,mother
7001,1001012,1001270,mother
7001,1001013,1001154,father
7001,1001013,1001272,father
7001,1001014,1001154,mother
7001,1001014,1001271,mother
7001,1001015,1001155,father
7001,1001015,1001273,father
7001,1001016,1001155,mother
7001,1001016,1001272,mother
7001,1001017,1001156,father
7001,1001017,1001274,father
7001,1001018,1001156,mother
7001,1001018,1001273,mother
7001,1001019,1001157,father
7001,1001019,1001275,father
7001,1001020,1001157,mother
7001,1001020,1001274,mother
7001,1001021,1001158,father
7001,1001021,1001276,father
7001,1001022,1001158,mother
7001,1001022,1001275,mother
7001,1001023,1001159,father
7001,1001023,1001277,father
7001,1001024,1001159,mother
7001,1001024,1001276,mother
7001,1001025,1001160,father
7001,1001025,1001278,father
7001,1001026,1001160,mother
7001,1001026,1001277,mother
7001,1001027,1001161,father
7001,1001027,1001279,father
7001,1001028,1001161,mother
7001,1001028,1001278,mother
7001,1001029,1001162,father
7001,1001029,1001280,father
7001,1001030,1001162,mother
7001,1001030,1001279,mother
7001,1001031,1001163,father
7001,1001031,1001281,father
7001,1001032,1001163,mother
7001,1001032,1001280,mother
7001,1001033,1001164,father
7001,1001033,1001282,father
7001,1001034,1001164,mother
7001,1001034,1001281,mother
7001,1001035,1001165,father
7001,1001035,1001283,father
7001,1001036,1001165,mother
7001,1001036,1001282,mother
7001,1001037,1001166,father
7001,1001037,1001284,father
7001,1001038,1001166,mother
7001,1001038,1001283,mother
7001,1001039,1001167,father
7001,1001039,1001285,father
7001,1001040,1001167,mother
7001,1001040,1001284,mother
7001,1001041,1001168,father
7001,1001041,1001286,father
7001,1001042,1001168,mother
7001,1001042,1001285,mother
7001,1001043,1001169,father
7001,1001043,1001287,father
7001,1001044,1001169,mother
7001,1001044,1001286,mother
7001,1001045,1001170,father
7001,1001045,1001288,father
7001,1001046,1001170,mother
7001,1001046,1001287,mother
7001,1001047,1001171,father
7001,1001047,1001289,father
7001,1001048,1001171,mother
7001,1001048,1001288,mother
7001,1001049,1001172,father
7001,1001049,1001290,father
7001,1001050,1001172,mother
7001,1001050,1001289,mother
7001,1001051,1001173,father
7001,1001051,1001291,father
7001,1001052,1001173,mother
7001,1001052,1001290,mother
7001,1001053,1001174,father
7001,1001053,1001292,father
7001,1001054,1001174,mother
7001,1001054,1001291,mother
7001,1001055,1001175,father
7001,1001055,1001293,father
7001,1001056,1001175,mother
7001,1001056,1001292,mother
7001,1001057,1001176,father
7001,1001057,1001294,father
7001,1001058,1001176,mother
7001,1001058,1001293,mother
7001,1001059,1001177,father
7001,1001059,1001295,father
7001,1001060,1001324,father
7001,1001060,1001456,father
7001,1001060,1001588,father
7001,1001061,1001324,mother
7001,1001061,1001456,mother
7001,1001061,1001588,mother
7001,1001062,1001325,father
7001,1001062,1001457,father
7001,1001062,1001589,father
7001,1001063,1001325,mother
7001,1001063,1001457,mother
7001,1001063,1001589,mother
7001,1001064,1001326,father
7001,1001064,1001458,father
7001,1001064,1001590,father
7001,1001065,1001326,mother
7001,1001065,1001458,mother
7001,1001065,1001590,mother
7001,1001066,1001327,father
7001,1001066,1001459,father
7001,1001066,1001591,father
7001,1001067,1001327,mother
7001,1001067,1001459,mother
7001,1001067,1001591,mother
7001,1001068,1001328,father
7001,1001068,1001460,father
7001,1001068,1001592,father
7001,1001069,1001328,mother
7001,1001069,1001460,mother
7001,1001069,1001592,mother
7001,1001070,1001329,father
7001,1001070,1001461,father
7001,1001070,1001593,father
7001,1001071,1001329,mother
7001,1001071,1001461,mother
7001,1001071,1001593,mother
7001,1001072,1001330,father
7001,1001072,1001462,father
7001,1001072,1001594,father
7001,1001073,1001330,mother
7001,1001073,1001462,mother
7001,1001073,1001594,mother
7001,1001074,1001331,father
7001,1001074,1001463,father
7001,1001074,1001595,father
7001,1001075,1001331,mother
7001,1001075,1001463,mother
7001,1001075,1001595,mother
7001,1001076,1001332,father
7001,1001076,1001464,father
7001,1001076,1001596,father
7001,1001077,1001332,mother
7001,1001077,1001464,mother
7001,1001077,1001596,mother
7001,1001078,1001333,father
7001,1001078,1001465,father
7001,1001078,1001597,father
7001,1001079,1001333,mother
7001,1001079,1001465,mother
7001,1001079,1001597,mother
7001,1001080,1001334,father
7001,1001080,1001466,father
7001,1001080,1001598,father
7001,1001081,1001334,mother
7001,1001081,1001466,mother
7001,1001081,1001598,mother
7001,1001082,1001335,father
7001,1001082,1001467,father
7001,1001082,1001599,father
7001,1001083,1001335,mother
7001,1001083,1001467,mother
7001,1001083,1001599,mother
7001,1001084,1001336,father
7001,1001084,1001468,father
7001,1001084,1001600,father
7001,1001085,1001336,mother
7001,1001085,1001468,mother
7001,1001085,1001600,mother
7001,1001086,1001337,father
7001,1001086,1001469,father
7001,1001086,1001601,father
7001,1001087,1001337,mother
7001,1001087,1001469,mother
7001,1001087,1001601,mother
7001,1001088,1001338,father
7001,1001088,1001470,father
7001,1001088,1001602,father
7001,1001089,1001338,mother
7001,1001089,1001470,mother
7001,1001089,1001602,mother
7001,1001090,1001339,father
7001,1001090,1001471,father
7001,1001090,1001603,father
7001,1001091,1001339,mother
7001,1001091,1001471,mother
7001,1001091,1001603,mother
7001,1001092,1001340,father
7001,1001092,1001472,father
7001,1001092,1001604,father
7001,1001093,1001340,mother
7001,1001093,1001472,mother
7001,1001093,1001604,mother
7001,1001094,1001341,father
7001,1001094,1001473,father
7001,1001094,1001605,father
7001,1001095,1001341,mother
7001,1001095,1001473,mother
7001,1001095,1001605,mother
7001,1001096,1001342,father
7001,1001096,1001474,father
7001,1001096,1001606,father
7001,1001097,1001342,mother
7001,1001097,1001474,mother
7001,1001097,1001606,mother
7001,1001098,1001343,father
7001,1001098,1001475,father
7001,1001098,1001607,father
7001,1001099,1001343,mother
7001,1001099,1001475,mother
7001,1001099,1001607,mother
7001,1001100,1001344,father
7001,1001100,1001476,father
7001,1001100,1001608,father
7001,1001101,1001344,mother
7001,1001101,1001476,mother
7001,1001101,1001608,mother
7001,1001102,1001345,father
7001,1001102,1001477,father
7001,1001102,1001609,father
7001,1001103,1001345,mother
7001,1001103,1001477,mother
7001,1001103,1001609,mother
7001,1001104,1001346,father
7001,1001104,1001478,father
7001,1001104,1001610,father
7001,1001105,1001346,mother
7001,1001105,1001478,mother
7001,1001105,1001610,mother
7001,1001106,1001347,father
7001,1001106,1001479,father
7001,1001106,1001611,father
7001,1001107,1001347,mother
7001,1001107,1001479,mother
7001,1001107,1001611,mother
7001,1001108,1001348,father
7001,1001108,1001480,father
7001,1001108,1001612,father
7001,1001109,1001348,mother
7001,1001109,1001480,mother
7001,1001109,1001612,mother
7001,1001110,1001349,father
7001,1001110,1001481,father
7001,1001110,1001613,father
7001,1001111,1001349,mother
7001,1001111,1001481,mother
7001,1001111,1001613,mother
7001,1001112,1001350,father
7001,1001112,1001482,father
7001,1001112,1001614,father
7001,1001113,1001350,mother
7001,1001113,1001482,mother
7001,1001113,1001614,mother
7001,1001114,1001351,father
7001,1001114,1001483,father
7001,1001114,1001615,father
7001,1001115,1001351,mother
7001,1001115,1001483,mother
7001,1001115,1001615,mother
7001,1001116,1001352,father
7001,1001116,1001484,father
7001,1001116,1001616,father
7001,1001117,1001352,mother
7001,1001117,1001484,mother
7001,1001117,1001616,mother
7001,1001118,1001353,father
7001,1001118,1001485,father
7001,1001119,1001353,mother
7001,1001119,1001485,mother
7001,1001120,1001354,father
7001,1001120,1001486,father
7001,1001121,1001354,mother
7001,1001121,1001486,mother
7001,1001122,1001355,father
7001,1001122,1001487,father
7001,1001123,1001355,mother
7001,1001123,1001487,mother
7001,1001124,1001356,father
7001,1001124,1001488,father
7001,1001125,1001356,mother
7001,1001125,1001488,mother
7001,1001126,1001357,father
7001,1001126,1001489,father
7001,1001127,1001357,mother
7001,1001127,1001489,mother
7001,1001128,1001358,father
7001,1001128,1001490,father
7001,1001129,1001358,mother
7001,1001129,1001490,mother
7001,1001130,1001359,father
7001,1001130,1001491,father
7001,1001131,1001359,mother
7001,1001131,1001491,mother
7001,1001132,1001360,father
7001,1001132,1001492,father
7001,1001133,1001360,mother
7001,1001133,1001492,mother
7001,1001134,1001361,father
7001,1001134,1001493,father
7001,1001135,1001361,mother
7001,1001135,1001493,mother
7001,1001136,1001362,father
7001,1001136,1001494,father
7001,1001137,1001362,mother
7001,1001137,1001494,mother
7001,1001138,1001363,father
7001,1001138,1001495,father
7001,1001139,1001363,mother
7001,1001139,1001495,mother
7001,1001140,1001364,father
7001,1001140,1001496,father
7001,1001141,1001364,mother
7001,1001141,1001496,mother
7001,1001142,1001365,father
7001,1001142,1001497,father
7001,1001143,1001365,mother
7001,1001143,1001497,mother
7001,1001144,1001366,father
7001,1001144,1001498,father
7001,1001145,1001366,mother
7001,1001145,1001498,mother
7001,1001146,1001367,father
7001,1001146,1001499,father
7001,1001147,1001367,mother
7001,1001147,1001499,mother
7001,1001148,1001368,father
7001,1001148,1001500,father
7001,1001149,1001368,mother
7001,1001149,1001500,mother
7001,1001150,1001369,father
7001,1001150,1001501,father
7001,1001151,1001369,mother
7001,1001151,1001501,mother
7001,1001152,1001370,father
7001,1001152,1001502,father
7001,1001153,1001370,mother
7001,1001153,1001502,mother
7001,1001154,1001371,father
7001,1001154,1001503,father
7001,1001155,1001371,mother
7001,1001155,1001503,mother
7001,1001156,1001372,father
7001,1001156,1001504,father
7001,1001157,1001372,mother
7001,1001157,1001504,mother
7001,1001158,1001373,father
7001,1001158,1001505,father
7001,1001159,1001373,mother
7001,1001159,1001505,mother
7001,1001160,1001374,father
7001,1001160,1001506,father
7001,1001161,1001374,mother
7001,1001161,1001506,mother
7001,1001162,1001375,father
7001,1001162,1001507,father
7001,1001163,1001375,mother
7001,1001163,1001507,mother
7001,1001164,1001376,father
7001,1001164,1001508,father
7001,1001165,1001376,mother
7001,1001165,1001508,mother
7001,1001166,1001377,father
7001,1001166,1001509,father
7001,1001167,1001377,mother
7001,1001167,1001509,mother
7001,1001168,1001378,father
7001,1001168,1001510,father
7001,1001169,1001378,mother
7001,1001169,1001510,mother
7001,1001170,1001379,father
7001,1001170,1001511,father
7001,1001171,1001379,mother
7001,1001171,1001511,mother
7001,1001172,1001380,father
7001,1001172,1001512,father
7001,1001173,1001380,mother
7001,1001173,1001512,mother
7001,1001174,1001381,father
7001,1001174,1001513,father
7001,1001175,1001381,mother
7001,1001175,1001513,mother
7001,1001176,1001382,father
7001,1001176,1001514,father
7001,1001177,1001382,mother
7001,1001177,1001514,mother
7001,1001178,1001383,father
7001,1001178,1001515,father
7001,1001179,1001383,mother
7001,1001179,1001515,mother
7001,1001180,1001384,father
7001,1001180,1001516,father
7001,1001181,1001384,mother
7001,1001181,1001516,mother
7001,1001182,1001385,father
7001,1001182,1001517,father
7001,1001183,1001385,mother
7001,1001183,1001517,mother
7001,1001184,1001386,father
7001,1001184,1001518,father
7001,1001185,1001386,mother
7001,1001185,1001518,mother
7001,1001186,1001387,father
7001,1001186,1001519,father
7001,1001187,1001387,mother
7001,1001187,1001519,mother
7001,1001188,1001388,father
7001,1001188,1001520,father
7001,1001189,1001388,mother
7001,1001189,1001520,mother
7001,1001190,1001389,father
7001,1001190,1001521,father
7001,1001191,1001389,mother
7001,1001191,1001521,mother
7001,1001192,1001390,father
7001,1001192,1001522,father
7001,1001193,1001390,mother
7001,1001193,1001522,mother
7001,1001194,1001391,father
7001,1001194,1001523,father
7001,1001195,1001391,mother
7001,1001195,1001523,mother
7001,1001196,1001392,father
7001,1001196,1001524,father
7001,1001197,1001392,mother
7001,1001197,1001524,mother
7001,1001198,1001393,father
7001,1001198,1001525,father
7001,1001199,1001393,mother
7001,1001199,1001525,mother
7001,1001200,1001394,father
7001,1001200,1001526,father
7001,1001201,1001394,mother
7001,1001201,1001526,mother
7001,1001202,1001395,father
7001,1001202,1001527,father
7001,1001203,1001395,mother
7001,1001203,1001527,mother
7001,1001204,1001396,father
7001,1001204,1001528,father
7001,1001205,1001396,mother
7001,1001205,1001528,mother
7001,1001206,1001397,father
7001,1001206,1001529,father
7001,1001207,1001397,mother
7001,1001207,1001529,mother
7001,1001208,1001398,father
7001,1001208,1001530,father
7001,1001209,1001398,mother
7001,1001209,1001530,mother
7001,1001210,1001399,father
7001,1001210,1001531,father
7001,1001211,1001399,mother
7001,1001211,1001531,mother
7001,1001212,1001400,father
7001,1001212,1001532,father
7001,1001213,1001400,mother
7001,1001213,1001532,mother
7001,1001214,1001401,father
7001,1001214,1001533,father
7001,1001215,1001401,mother
7001,1001215,1001533,mother
7001,1001216,1001402,father
7001,1001216,1001534,father
7001,1001217,1001402,mother
7001,1001217,1001534,mother
7001,1001218,1001403,father
7001,1001218,1001535,father
7001,1001219,1001403,mother
7001,1001219,1001535,mother
7001,1001220,1001404,father
7001,1001220,1001536,father
7001,1001221,1001404,mother
7001,1001221,1001536,mother
7001,1001222,1001405,father
7001,1001222,1001537,father
7001,1001223,1001405,mother
7001,1001223,1001537,mother
7001,1001224,1001406,father
7001,1001224,1001538,father
7001,1001225,1001406,mother
7001,1001225,1001538,mother
7001,1001226,1001407,father
7001,1001226,1001539,father
7001,1001227,1001407,mother
7001,1001227,1001539,mother
7001,1001228,1001408,father
7001,1001228,1001540,father
7001,1001229,1001408,mother
7001,1001229,1001540,mother
7001,1001230,1001409,father
7001,1001230,1001541,father
7001,1001231,1001409,mother
7001,1001231,1001541,mother
7001,1001232,1001410,father
7001,1001232,1001542,father
7001,1001233,1001410,mother
7001,1001233,1001542,mother
7001,1001234,1001411,father
7001,1001234,1001543,father
7001,1001235,1001411,mother
7001,1001235,1001543,mother
7001,1001236,1001412,father
7001,1001236,1001544,father
7001,1001237,1001412,mother
7001,1001237,1001544,mother
7001,1001238,1001413,father
7001,1001238,1001545,father
7001,1001239,1001413,mother
7001,1001239,1001545,mother
7001,1001240,1001414,father
7001,1001240,1001546,father
7001,1001241,1001414,mother
7001,1001241,1001546,mother
7001,1001242,1001415,father
7001,1001242,1001547,father
7001,1001243,1001415,mother
7001,1001243,1001547,mother
7001,1001244,1001416,father
7001,1001244,1001548,father
7001,1001245,1001416,mother
7001,1001245,1001548,mother
7001,1001246,1001417,father
7001,1001246,1001549,father
7001,1001247,1001417,mother
7001,1001247,1001549,mother
7001,1001248,1001418,father
7001,1001248,1001550,father
7001,1001249,1001418,mother
7001,1001249,1001550,mother
7001,1001250,1001419,father
7001,1001250,1001551,father
7001,1001251,1001419,mother
7001,1001251,1001551,mother
7001,1001252,1001420,father
7001,1001252,1001552,father
7001,1001253,1001420,mother
7001,1001253,1001552,mother
7001,1001254,1001421,father
7001,1001254,1001553,father
7001,1001255,1001421,mother
7001,1001255,1001553,mother
7001,1001256,1001422,father
7001,1001256,1001554,father
7001,1001257,1001422,mother
7001,1001257,1001554,mother
7001,1001258,1001423,father
7001,1001258,1001555,father
7001,1001259,1001423,mother
7001,1001259,1001555,mother
7001,1001260,1001424,father
7001,1001260,1001556,father
7001,1001261,1001424,mother
7001,1001261,1001556,mother
7001,1001262,1001425,father
7001,1001262,1001557,father
7001,1001263,1001425,mother
7001,1001263,1001557,mother
7001,1001264,1001426,father
7001,1001264,1001558,father
7001,1001265,1001426,mother
7001,1001265,1001558,mother
7001,1001266,1001427,father
7001,1001266,1001559,father
7001,1001267,1001427,mother
7001,1001267,1001559,mother
7001,1001268,1001428,father
7001,1001268,1001560,father
7001,1001269,1001428,mother
7001,1001269,1001560,mother
7001,1001270,1001429,father
7001,1001270,1001561,father
7001,1001271,1001429,mother
7001,1001271,1001561,mother
7001,1001272,1001430,father
7001,1001272,1001562,father
7001,1001273,1001430,mother
7001,1001273,1001562,mother
7001,1001274,1001431,father
7001,1001274,1001563,father
7001,1001275,1001431,mother
7001,1001275,1001563,mother
7001,1001276,1001432,father
7001,1001276,1001564,father
7001,1001277,1001432,mother
7001,1001277,1001564,mother
7001,1001278,1001433,father
7001,1001278,1001565,father
7001,1001279,1001433,mother
7001,1001279,1001565,mother
7001,1001280,1001434,father
7001,1001280,1001566,father
7001,1001281,1001434,mother
7001,1001281,1001566,mother
7001,1001282,1001435,father
7001,1001282,1001567,father
7001,1001283,1001435,mother
7001,1001283,1001567,mother
7001,1001284,1001436,father
7001,1001284,1001568,father
7001,1001285,1001436,mother
7001,1001285,1001568,mother
7001,1001286,1001437,father
7001,1001286,1001569,father
7001,1001287,1001437,mother
7001,1001287,1001569,mother
7001,1001288,1001438,father
7001,1001288,1001570,father
7001,1001289,1001438,mother
7001,1001289,1001570,mother
7001,1001290,1001439,father
7001,1001290,1001571,father
7001,1001291,1001439,mother
7001,1001291,1001571,mother
7001,1001292,1001440,father
7001,1001292,1001572,father
7001,1001293,1001440,mother
7001,1001293,1001572,mother
7001,1001294,1001441,father
7001,1001294,1001573,father
7001,1001295,1001441,mother
7001,1001295,1001573,mother
7001,1001296,1001442,father
7001,1001296,1001574,father
7001,1001297,1001442,mother
7001,1001297,1001574,mother
7001,1001298,1001443,father
7001,1001298,1001575,father
7001,1001299,1001443,mother
7001,1001299,1001575,mother
7001,1001300,1001444,father
7001,1001300,1001576,father
7001,1001301,1001444,mother
7001,1001301,1001576,mother
7001,1001302,1001445,father
7001,1001302,1001577,father
7001,1001303,1001445,mother
7001,1001303,1001577,mother
7001,1001304,1001446,father
7001,1001304,1001578,father
7001,1001305,1001446,mother
7001,1001305,1001578,mother
7001,1001306,1001447,father
7001,1001306,1001579,father
7001,1001307,1001447,mother
7001,1001307,1001579,mother
7001,1001308,1001448,father
7001,1001308,1001580,father
7001,1001309,1001448,mother
7001,1001309,1001580,mother
7001,1001310,1001449,father
7001,1001310,1001581,father
7001,1001311,1001449,mother
7001,1001311,1001581,mother
7001,1001312,1001450,father
7001,1001312,1001582,father
7001,1001313,1001450,mother
7001,1001313,1001582,mother
7001,1001314,1001451,father
7001,1001314,1001583,father
7001,1001315,1001451,mother
7001,1001315,1001583,mother
7001,1001316,1001452,father
7001,1001316,1001584,father
7001,1001317,1001452,mother
7001,1001317,1001584,mother
7001,1001318,1001453,father
7001,1001318,1001585,father
7001,1001319,1001453,mother
7001,1001319,1001585,mother
7001,1001320,1001454,father
7001,1001320,1001586,father
7001,1001321,1001454,mother
7001,1001321,1001586,mother
7001,1001322,1001455,father
7001,1001322,1001587,father
7001,1001323,1001455,mother
7001,1001323,1001587,mother
7001,1001324,1001617,father
7001,1001324,1001764,father
7001,1001324,1001911,father
7001,1001325,1001617,mother
7001,1001325,1001763,mother
7001,1001325,1001909,mother
7001,1001326,1001618,father
7001,1001326,1001765,father
7001,1001326,1001912,father
7001,1001327,1001618,mother
7001,1001327,1001764,mother
7001,1001327,1001910,mother
7001,1001328,1001619,father
7001,1001328,1001766,father
7001,1001328,1001913,father
7001,1001329,1001619,mother
7001,1001329,1001765,mother
7001,1001329,1001911,mother
7001,1001330,1001620,father
7001,1001330,1001767,father
7001,1001330,1001914,father
7001,1001331,1001620,mother
7001,1001331,1001766,mother
7001,1001331,1001912,mother
7001,1001332,1001621,father
7001,1001332,1001768,father
7001,1001332,1001915,father
7001,1001333,1001621,mother
7001,1001333,1001767,mother
7001,1001333,1001913,mother
7001,1001334,1001622,father
7001,1001334,1001769,father
7001,1001334,1001916,father
7001,1001335,1001622,mother
7001,1001335,1001768,mother
7001,1001335,1001914,mother
7001,1001336,1001623,father
7001,1001336,1001770,father
7001,1001336,1001917,father
7001,1001337,1001623,mother
7001,1001337,1001769,mother
7001,1001337,1001915,mother
7001,1001338,1001624,father
7001,1001338,1001771,father
7001,1001338,1001918,father
7001,1001339,1001624,mother
7001,1001339,1001770,mother
7001,1001339,1001916,mother
7001,1001340,1001625,father
7001,1001340,1001772,father
7001,1001340,1001919,father
7001,1001341,1001625,mother
7001,1001341,1001771,mother
7001,1001341,1001917,mother
7001,1001342,1001626,father
7001,1001342,1001773,father
7001,1001342,1001920,father
7001,1001343,1001626,mother
7001,1001343,1001772,mother
7001,1001343,1001918,mother
7001,1001344,1001627,father
7001,1001344,1001774,father
7001,1001344,1001921,father
7001,1001345,1001627,mother
7001,1001345,1001773,mother
7001,1001345,1001919,mother
7001,1001346,1001628,father
7001,1001346,1001775,father
7001,1001346,1001922,father
7001,1001347,1001628,mother
7001,1001347,1001774,mother
7001,1001347,1001920,mother
7001,1001348,1001629,father
7001,1001348,1001776,father
7001,1001348,1001923,father
7001,1001349,1001629,mother
7001,1001349,1001775,mother
7001,1001349,1001921,mother
7001,1001350,1001630,father
7001,1001350,1001777,father
7001,1001350,1001924,father
7001,1001351,1001630,mother
7001,1001351,1001776,mother
7001,1001351,1001922,mother
7001,1001352,1001631,father
7001,1001352,1001778,father
7001,1001352,1001925,father
7001,1001353,1001631,mother
7001,1001353,1001777,mother
7001,1001353,1001923,mother
7001,1001354,1001632,father
7001,1001354,1001779,father
7001,1001354,1001926,father
7001,1001355,1001632,mother
7001,1001355,1001778,mother
7001,1001355,1001924,mother
7001,1001356,1001633,father
7001,1001356,1001780,father
7001,1001356,1001927,father
7001,1001357,1001633,mother
7001,1001357,1001779,mother
7001,1001357,1001925,mother
7001,1001358,1001634,father
7001,1001358,1001781,father
7001,1001358,1001928,father
7001,1001359,1001634,mother
7001,1001359,1001780,mother
7001,1001359,1001926,mother
7001,1001360,1001635,father
7001,1001360,1001782,father
7001,1001360,1001929,father
7001,1001361,1001635,mother
7001,1001361,1001781,mother
7001,1001361,1001927,mother
7001,1001362,1001636,father
7001,1001362,1001783,father
7001,1001362,1001930,father
7001,1001363,1001636,mother
7001,1001363,1001782,mother
7001,1001363,1001928,mother
7001,1001364,1001637,father
7001,1001364,1001784,father
7001,1001364,1001931,father
7001,1001365,1001637,mother
7001,1001365,1001783,mother
7001,1001365,1001929,mother
7001,1001366,1001638,father
7001,1001366,1001785,father
7001,1001366,1001932,father
7001,1001367,1001638,mother
7001,1001367,1001784,mother
7001,1001367,1001930,mother
7001,1001368,1001639,father
7001,1001368,1001786,father
7001,1001368,1001933,father
7001,1001369,1001639,mother
7001,1001369,1001785,mother
7001,1001369,1001931,mother
7001,1001370,1001640,father
7001,1001370,1001787,father
7001,1001370,1001934,father
7001,1001371,1001640,mother
7001,1001371,1001786,mother
7001,1001371,1001932,mother
7001,1001372,1001641,father
7001,1001372,1001788,father
7001,1001372,1001935,father
7001,1001373,1001641,mother
7001,1001373,1001787,mother
7001,1001373,1001933,mother
7001,1001374,1001642,father
7001,1001374,1001789,father
7001,1001374,1001936,father
7001,1001375,1001642,mother
7001,1001375,1001788,mother
7001,1001375,1001934,mother
7001,1001376,1001643,father
7001,1001376,1001790,father
7001,1001376,1001937,father
7001,1001377,1001643,mother
7001,1001377,1001789,mother
7001,1001377,1001935,mother
7001,1001378,1001644,father
7001,1001378,1001791,father
7001,1001378,1001938,father
7001,1001379,1001644,mother
7001,1001379,1001790,mother
7001,1001379,1001936,mother
7001,1001380,1001645,father
7001,1001380,1001792,father
7001,1001380,1001939,father
7001,1001381,1001645,mother
7001,1001381,1001791,mother
7001,1001381,1001937,mother
7001,1001382,1001646,father
7001,1001382,1001793,father
7001,1001383,1001646,mother
7001,1001383,1001792,mother
7001,1001383,1001938,mother
7001,1001384,1001647,father
7001,1001384,1001794,father
7001,1001385,1001647,mother
7001,1001385,1001793,mother
7001,1001385,1001939,mother
7001,1001386,1001648,father
7001,1001386,1001795,father
7001,1001387,1001648,mother
7001,1001387,1001794,mother
7001,1001388,1001649,father
7001,1001388,1001796,father
7001,1001389,1001649,mother
7001,1001389,1001795,mother
7001,1001390,1001650,father
7001,1001390,1001797,father
7001,1001391,1001650,mother
7001,1001391,1001796,mother
7001,1001392,1001651,father
7001,1001392,1001798,father
7001,1001393,1001651,mother
7001,1001393,1001797,mother
7001,1001394,1001652,father
7001,1001394,1001799,father
7001,1001395,1001652,mother
7001,1001395,1001798,mother
7001,1001396,1001653,father
7001,1001396,1001800,father
7001,1001397,1001653,mother
7001,1001397,1001799,mother
7001,1001398,1001654,father
7001,1001398,1001801,father
7001,1001399,1001654,mother
7001,1001399,1001800,mother
7001,1001400,1001655,father
7001,1001400,1001802,father
7001,1001401,1001655,mother
7001,1001401,1001801,mother
7001,1001402,1001656,father
7001,1001402,1001803,father
7001,1001403,1001656,mother
7001,1001403,1001802,mother
7001,1001404,1001657,father
7001,1001404,1001804,father
7001,1001405,1001657,mother
7001,1001405,1001803,mother
7001,1001406,1001658,father
7001,1001406,1001805,father
7001,1001407,1001658,mother
7001,1001407,1001804,mother
7001,1001408,1001659,father
7001,1001408,1001806,father
7001,1001409,1001659,mother
7001,1001409,1001805,mother
7001,1001410,1001660,father
7001,1001410,1001807,father
7001,1001411,1001660,mother
7001,1001411,1001806,mother
7001,1001412,1001661,father
7001,1001412,1001808,father
7001,1001413,1001661,mother
7001,1001413,1001807,mother
7001,1001414,1001662,father
7001,1001414,1001809,father
7001,1001415,1001662,mother
7001,1001415,1001808,mother
7001,1001416,1001663,father
7001,1001416,1001810,father
7001,1001417,1001663,mother
7001,1001417,1001809,mother
7001,1001418,1001664,father
7001,1001418,1001811,father
7001,1001419,1001664,mother
7001,1001419,1001810,mother
7001,1001420,1001665,father
7001,1001420,1001812,father
7001,1001421,1001665,mother
7001,1001421,1001811,mother
7001,1001422,1001666,father
7001,1001422,1001813,father
7001,1001423,1001666,mother
7001,1001423,1001812,mother
7001,1001424,1001667,father
7001,1001424,1001814,father
7001,1001425,1001667,mother
7001,1001425,1001813,mother
7001,1001426,1001668,father
7001,1001426,1001815,father
7001,1001427,1001668,mother
7001,1001427,1001814,mother
7001,1001428,1001669,father
7001,1001428,1001816,father
7001,1001429,1001669,mother
7001,1001429,1001815,mother
7001,1001430,1001670,father
7001,1001430,1001817,father
7001,1001431,1001670,mother
7001,1001431,1001816,mother
7001,1001432,1001671,father
7001,1001432,1001818,father
7001,1001433,1001671,mother
7001,1001433,1001817,mother
7001,1001434,1001672,father
7001,1001434,1001819,father
7001,1001435,1001672,mother
7001,1001435,1001818,mother
7001,1001436,1001673,father
7001,1001436,1001820,father
7001,1001437,1001673,mother
7001,1001437,1001819,mother
7001,1001438,1001674,father
7001,1001438,1001821,father
7001,1001439,1001674,mother
7001,1001439,1001820,mother
7001,1001440,1001675,father
7001,1001440,1001822,father
7001,1001441,1001675,mother
7001,1001441,1001821,mother
7001,1001442,1001676,father
7001,1001442,1001823,father
7001,1001443,1001676,mother
7001,1001443,1001822,mother
7001,1001444,1001677,father
7001,1001444,1001824,father
7001,1001445,1001677,mother
7001,1001445,1001823,mother
7001,1001446,1001678,father
7001,1001446,1001825,father
7001,1001447,1001678,mother
7001,1001447,1001824,mother
7001,1001448,1001679,father
7001,1001448,1001826,father
7001,1001449,1001679,mother
7001,1001449,1001825,mother
7001,1001450,1001680,father
7001,1001450,1001827,father
7001,1001451,1001680,mother
7001,1001451,1001826,mother
7001,1001452,1001681,father
7001,1001452,1001828,father
7001,1001453,1001681,mother
7001,1001453,1001827,mother
7001,1001454,1001682,father
7001,1001454,1001829,father
7001,1001455,1001682,mother
7001,1001455,1001828,mother
7001,1001456,1001683,father
7001,1001456,1001830,father
7001,1001457,1001683,mother
7001,1001457,1001829,mother
7001,1001458,1001684,father
7001,1001458,1001831,father
7001,1001459,1001684,mother
7001,1001459,1001830,mother
7001,1001460,1001685,father
7001,1001460,1001832,father
7001,1001461,1001685,mother
7001,1001461,1001831,mother
7001,1001462,1001686,father
7001,1001462,1001833,father
7001,1001463,1001686,mother
7001,1001463,1001832,mother
7001,1001464,1001687,father
7001,1001464,1001834,father
7001,1001465,1001687,mother
7001,1001465,1001833,mother
7001,1001466,1001688,father
7001,1001466,1001835,father
7001,1001467,1001688,mother
7001,1001467,1001834,mother
7001,1001468,1001689,father
7001,1001468,1001836,father
7001,1001469,1001689,mother
7001,1001469,1001835,mother
7001,1001470,1001690,father
7001,1001470,1001837,father
7001,1001471,1001690,mother
7001,1001471,1001836,mother
7001,1001472,1001691,father
7001,1001472,1001838,father
7001,1001473,1001691,mother
7001,1001473,1001837,mother
7001,1001474,1001692,father
7001,1001474,1001839,father
7001,1001475,1001692,mother
7001,1001475,1001838,mother
7001,1001476,1001693,father
7001,1001476,1001840,father
7001,1001477,1001693,mother
7001,1001477,1001839,mother
7001,1001478,1001694,father
7001,1001478,1001841,father
7001,1001479,1001694,mother
7001,1001479,1001840,mother
7001,1001480,1001695,father
7001,1001480,1001842,father
7001,1001481,1001695,mother
7001,1001481,1001841,mother
7001,1001482,1001696,father
7001,1001482,1001843,father
7001,1001483,1001696,mother
7001,1001483,1001842,mother
7001,1001484,1001697,father
7001,1001484,1001844,father
7001,1001485,1001697,mother
7001,1001485,1001843,mother
7001,1001486,1001698,father
7001,1001486,1001845,father
7001,1001487,1001698,mother
7001,1001487,1001844,mother
7001,1001488,1001699,father
7001,1001488,1001846,father
7001,1001489,1001699,mother
7001,1001489,1001845,mother
7001,1001490,1001700,father
7001,1001490,1001847,father
7001,1001491,1001700,mother
7001,1001491,1001846,mother
7001,1001492,1001701,father
7001,1001492,1001848,father
7001,1001493,1001701,mother
7001,1001493,1001847,mother
7001,1001494,1001702,father
7001,1001494,1001849,father
7001,1001495,1001702,mother
7001,1001495,1001848,mother
7001,1001496,1001703,father
7001,1001496,1001850,father
7001,1001497,1001703,mother
7001,1001497,1001849,mother
7001,1001498,1001704,father
7001,1001498,1001851,father
7001,1001499,1001704,mother
7001,1001499,1001850,mother
7001,1001500,1001705,father
7001,1001500,1001852,father
7001,1001501,1001705,mother
7001,1001501,1001851,mother
7001,1001502,1001706,father
7001,1001502,1001853,father
7001,1001503,1001706,mother
7001,1001503,1001852,mother
7001,1001504,1001707,father
7001,1001504,1001854,father
7001,1001505,1001707,mother
7001,1001505,1001853,mother
7001,1001506,1001708,father
7001,1001506,1001855,father
7001,1001507,1001708,mother
7001,1001507,1001854,mother
7001,1001508,1001709,father
7001,1001508,1001856,father
7001,1001509,1001709,mother
7001,1001509,1001855,mother
7001,1001510,1001710,father
7001,1001510,1001857,father
7001,1001511,1001710,mother
7001,1001511,1001856,mother
7001,1001512,1001711,father
7001,1001512,1001858,father
7001,1001513,1001711,mother
7001,1001513,1001857,mother
7001,1001514,1001712,father
7001,1001514,1001859,father
7001,1001515,1001712,mother
7001,1001515,1001858,mother
7001,1001516,1001713,father
7001,1001516,1001860,father
7001,1001517,1001713,mother
7001,1001517,1001859,mother
7001,1001518,1001714,father
7001,1001518,1001861,father
7001,1001519,1001714,mother
7001,1001519,1001860,mother
7001,1001520,1001715,father
7001,1001520,1001862,father
7001,1001521,1001715,mother
7001,1001521,1001861,mother
7001,1001522,1001716,father
7001,1001522,1001863,father
7001,1001523,1001716,mother
7001,1001523,1001862,mother
7001,1001524,1001717,father
7001,1001524,1001864,father
7001,1001525,1001717,mother
7001,1001525,1001863,mother
7001,1001526,1001718,father
7001,1001526,1001865,father
7001,1001527,1001718,mother
7001,1001527,1001864,mother
7001,1001528,1001719,father
7001,1001528,1001866,father
7001,1001529,1001719,mother
7001,1001529,1001865,mother
7001,1001530,1001720,father
7001,1001530,1001867,father
7001,1001531,1001720,mother
7001,1001531,1001866,mother
7001,1001532,1001721,father
7001,1001532,1001868,father
7001,1001533,1001721,mother
7001,1001533,1001867,mother
7001,1001534,1001722,father
7001,1001534,1001869,father
7001,1001535,1001722,mother
7001,1001535,1001868,mother
7001,1001536,1001723,father
7001,1001536,1001870,father
7001,1001537,1001723,mother
7001,1001537,1001869,mother
7001,1001538,1001724,father
7001,1001538,1001871,father
7001,1001539,1001724,mother
7001,1001539,1001870,mother
7001,1001540,1001725,father
7001,1001540,1001872,father
7001,1001541,1001725,mother
7001,1001541,1001871,mother
7001,1001542,1001726,father
7001,1001542,1001873,father
7001,1001543,1001726,mother
7001,1001543,1001872,mother
7001,1001544,1001727,father
7001,1001544,1001874,father
7001,1001545,1001727,mother
7001,1001545,1001873,mother
7001,1001546,1001728,father
7001,1001546,1001875,father
7001,1001547,1001728,mother
7001,1001547,1001874,mother
7001,1001548,1001729,father
7001,1001548,1001876,father
7001,1001549,1001729,mother
7001,1001549,1001875,mother
7001,1001550,1001730,father
7001,1001550,1001877,father
7001,1001551,1001730,mother
7001,1001551,1001876,mother
7001,1001552,1001731,father
7001,1001552,1001878,father
7001,1001553,1001731,mother
7001,1001553,1001877,mother
7001,1001554,1001732,father
7001,1001554,1001879,father
7001,1001555,1001732,mother
7001,1001555,1001878,mother
7001,1001556,1001733,father
7001,1001556,1001880,father
7001,1001557,1001733,mother
7001,1001557,1001879,mother
7001,1001558,1001734,father
7001,1001558,1001881,father
7001,1001559,1001734,mother
7001,1001559,1001880,mother
7001,1001560,1001735,father
7001,1001560,1001882,father
7001,1001561,1001735,mother
7001,1001561,1001881,mother
7001,1001562,1001736,father
7001,1001562,1001883,father
7001,1001563,1001736,mother
7001,1001563,1001882,mother
7001,1001564,1001737,father
7001,1001564,1001884,father
7001,1001565,1001737,mother
7001,1001565,1001883,mother
7001,1001566,1001738,father
7001,1001566,1001885,father
7001,1001567,1001738,mother
7001,1001567,1001884,mother
7001,1001568,1001739,father
7001,1001568,1001886,father
7001,1001569,1001739,mother
7001,1001569,1001885,mother
7001,1001570,1001740,father
7001,1001570,1001887,father
7001,1001571,1001740,mother
7001,1001571,1001886,mother
7001,1001572,1001741,father
7001,1001572,1001888,father
7001,1001573,1001741,mother
7001,1001573,1001887,mother
7001,1001574,1001742,father
7001,1001574,1001889,father
7001,1001575,1001742,mother
7001,1001575,1001888,mother
7001,1001576,1001743,father
7001,1001576,1001890,father
7001,1001577,1001743,mother
7001,1001577,1001889,mother
7001,1001578,1001744,father
7001,1001578,1001891,father
7001,1001579,1001744,mother
7001,1001579,1001890,mother
7001,1001580,1001745,father
7001,1001580,1001892,father
7001,1001581,1001745,mother
7001,1001581,1001891,mother
7001,1001582,1001746,father
7001,1001582,1001893,father
7001,1001583,1001746,mother
7001,1001583,1001892,mother
7001,1001584,1001747,father
7001,1001584,1001894,father
7001,1001585,1001747,mother
7001,1001585,1001893,mother
7001,1001586,1001748,father
7001,1001586,1001895,father
7001,1001587,1001748,mother
7001,1001587,1001894,mother
7001,1001588,1001749,father
7001,1001588,1001896,father
7001,1001589,1001749,mother
7001,1001589,1001895,mother
7001,1001590,1001750,father
7001,1001590,1001897,father
7001,1001591,1001750,mother
7001,1001591,1001896,mother
7001,1001592,1001751,father
7001,1001592,1001898,father
7001,1001593,1001751,mother
7001,1001593,1001897,mother
7001,1001594,1001752,father
7001,1001594,1001899,father
7001,1001595,1001752,mother
7001,1001595,1001898,mother
7001,1001596,1001753,father
7001,1001596,1001900,father
7001,1001597,1001753,mother
7001,1001597,1001899,mother
7001,1001598,1001754,father
7001,1001598,1001901,father
7001,1001599,1001754,mother
7001,1001599,1001900,mother
7001,1001600,1001755,father
7001,1001600,1001902,father
7001,1001601,1001755,mother
7001,1001601,1001901,mother
7001,1001602,1001756,father
7001,1001602,1001903,father
7001,1001603,1001756,mother
7001,1001603,1001902,mother
7001,1001604,1001757,father
7001,1001604,1001904,father
7001,1001605,1001757,mother
7001,1001605,1001903,mother
7001,1001606,1001758,father
7001,1001606,1001905,father
7001,1001607,1001758,mother
7001,1001607,1001904,mother
7001,1001608,1001759,father
7001,1001608,1001906,father
7001,1001609,1001759,mother
7001,1001609,1001905,mother
7001,1001610,1001760,father
7001,1001610,1001907,father
7001,1001611,1001760,mother
7001,1001611,1001906,mother
7001,1001612,1001761,father
7001,1001612,1001908,father
7001,1001613,1001761,mother
7001,1001613,1001907,mother
7001,1001614,1001762,father
7001,1001614,1001909,father
7001,1001615,1001762,mother
7001,1001615,1001908,mother
7001,1001616,1001763,father
7001,1001616,1001910,father
7001,1001617,1001940,father
7001,1001617,1002102,father
7001,1001617,1002264,father
7001,1001618,1001940,mother
7001,1001618,1002101,mother
7001,1001618,1002262,mother
7001,1001619,1001941,father
7001,1001619,1002103,father
7001,1001619,1002265,father
7001,1001620,1001941,mother
7001,1001620,1002102,mother
7001,1001620,1002263,mother
7001,1001621,1001942,father
7001,1001621,1002104,father
7001,1001621,1002266,father
7001,1001622,1001942,mother
7001,1001622,1002103,mother
7001,1001622,1002264,mother
7001,1001623,1001943,father
7001,1001623,1002105,father
7001,1001623,1002267,father
7001,1001624,1001943,mother
7001,1001624,1002104,mother
7001,1001624,1002265,mother
7001,1001625,1001944,father
7001,1001625,1002106,father
7001,1001625,1002268,father
7001,1001626,1001944,mother
7001,1001626,1002105,mother
7001,1001626,1002266,mother
7001,1001627,1001945,father
7001,1001627,1002107,father
7001,1001627,1002269,father
7001,1001628,1001945,mother
7001,1001628,1002106,mother
7001,1001628,1002267,mother
7001,1001629,1001946,father
7001,1001629,1002108,father
7001,1001629,1002270,father
7001,1001630,1001946,mother
7001,1001630,1002107,mother
7001,1001630,1002268,mother
7001,1001631,1001947,father
7001,1001631,1002109,father
7001,1001631,1002271,father
7001,1001632,1001947,mother
7001,1001632,1002108,mother
7001,1001632,1002269,mother
7001,1001633,1001948,father
7001,1001633,1002110,father
7001,1001633,1002272,father
7001,1001634,1001948,mother
7001,1001634,1002109,mother
7001,1001634,1002270,mother
7001,1001635,1001949,father
7001,1001635,1002111,father
7001,1001635,1002273,father
7001,1001636,1001949,mother
7001,1001636,1002110,mother
7001,1001636,1002271,mother
7001,1001637,1001950,father
7001,1001637,1002112,father
7001,1001637,1002274,father
7001,1001638,1001950,mother
7001,1001638,1002111,mother
7001,1001638,1002272,mother
7001,1001639,1001951,father
7001,1001639,1002113,father
7001,1001639,1002275,father
7001,1001640,1001951,mother
7001,1001640,1002112,mother
7001,1001640,1002273,mother
7001,1001641,1001952,father
7001,1001641,1002114,father
7001,1001641,1002276,father
7001,1001642,1001952,mother
7001,1001642,1002113,mother
7001,1001642,1002274,mother
7001,1001643,1001953,father
7001,1001643,1002115,father
7001,1001643,1002277,father
7001,1001644,1001953,mother
7001,1001644,1002114,mother
7001,1001644,1002275,mother
7001,1001645,1001954,father
7001,1001645,1002116,father
7001,1001645,1002278,father
7001,1001646,1001954,mother
7001,1001646,1002115,mother
7001,1001646,1002276,mother
7001,1001647,1001955,father
7001,1001647,1002117,father
7001,1001647,1002279,father
7001,1001648,1001955,mother
7001,1001648,1002116,mother
7001,1001648,1002277,mother
7001,1001649,1001956,father
7001,1001649,1002118,father
7001,1001649,1002280,father
7001,1001650,1001956,mother
7001,1001650,1002117,mother
7001,1001650,1002278,mother
7001,1001651,1001957,father
7001,1001651,1002119,father
7001,1001651,1002281,father
7001,1001652,1001957,mother
7001,1001652,1002118,mother
7001,1001652,1002279,mother
7001,1001653,1001958,father
7001,1001653,1002120,father
7001,1001653,1002282,father
7001,1001654,1001958,mother
7001,1001654,1002119,mother
7001,1001654,1002280,mother
7001,1001655,1001959,father
7001,1001655,1002121,father
7001,1001655,1002283,father
7001,1001656,1001959,mother
7001,1001656,1002120,mother
7001,1001656,1002281,mother
7001,1001657,1001960,father
7001,1001657,1002122,father
7001,1001657,1002284,father
7001,1001658,1001960,mother
7001,1001658,1002121,mother
7001,1001658,1002282,mother
7001,1001659,1001961,father
7001,1001659,1002123,father
7001,1001659,1002285,father
7001,1001660,1001961,mother
7001,1001660,1002122,mother
7001,1001660,1002283,mother
7001,1001661,1001962,father
7001,1001661,1002124,father
7001,1001661,1002286,father
7001,1001662,1001962,mother
7001,1001662,1002123,mother
7001,1001662,1002284,mother
7001,1001663,1001963,father
7001,1001663,1002125,father
7001,1001663,1002287,father
7001,1001664,1001963,mother
7001,1001664,1002124,mother
7001,1001664,1002285,mother
7001,1001665,1001964,father
7001,1001665,1002126,father
7001,1001665,1002288,father
7001,1001666,1001964,mother
7001,1001666,1002125,mother
7001,1001666,1002286,mother
7001,1001667,1001965,father
7001,1001667,1002127,father
7001,1001667,1002289,father
7001,1001668,1001965,mother
7001,1001668,1002126,mother
7001,1001668,1002287,mother
7001,1001669,1001966,father
7001,1001669,1002128,father
7001,1001669,1002290,father
7001,1001670,1001966,mother
7001,1001670,1002127,mother
7001,1001670,1002288,mother
7001,1001671,1001967,father
7001,1001671,1002129,father
7001,1001671,1002291,father
7001,1001672,1001967,mother
7001,1001672,1002128,mother
7001,1001672,1002289,mother
7001,1001673,1001968,father
7001,1001673,1002130,father
7001,1001674,1001968,mother
7001,1001674,1002129,mother
7001,1001674,1002290,mother
7001,1001675,1001969,father
7001,1001675,1002131,father
7001,1001676,1001969,mother
7001,1001676,1002130,mother
7001,1001676,1002291,mother
7001,1001677,1001970,father
7001,1001677,1002132,father
7001,1001678,1001970,mother
7001,1001678,1002131,mother
7001,1001679,1001971,father
7001,1001679,1002133,father
7001,1001680,1001971,mother
7001,1001680,1002132,mother
7001,1001681,1001972,father
7001,1001681,1002134,father
7001,1001682,1001972,mother
7001,1001682,1002133,mother
7001,1001683,1001973,father
7001,1001683,1002135,father
7001,1001684,1001973,mother
7001,1001684,1002134,mother
7001,1001685,1001974,father
7001,1001685,1002136,father
7001,1001686,1001974,mother
7001,1001686,1002135,mother
7001,1001687,1001975,father
7001,1001687,1002137,father
7001,1001688,1001975,mother
7001,1001688,1002136,mother
7001,1001689,1001976,father
7001,1001689,1002138,father
7001,1001690,1001976,mother
7001,1001690,1002137,mother
7001,1001691,1001977,father
7001,1001691,1002139,father
7001,1001692,1001977,mother
7001,1001692,1002138,mother
7001,1001693,1001978,father
7001,1001693,1002140,father
7001,1001694,1001978,mother
7001,1001694,1002139,mother
7001,1001695,1001979,father
7001,1001695,1002141,father
7001,1001696,1001979,mother
7001,1001696,1002140,mother
7001,1001697,1001980,father
7001,1001697,1002142,father
7001,1001698,1001980,mother
7001,1001698,1002141,mother
7001,1001699,1001981,father
7001,1001699,1002143,father
7001,1001700,1001981,mother
7001,1001700,1002142,mother
7001,1001701,1001982,father
7001,1001701,1002144,father
7001,1001702,1001982,mother
7001,1001702,1002143,mother
7001,1001703,1001983,father
7001,1001703,1002145,father
7001,1001704,1001983,mother
7001,1001704,1002144,mother
7001,1001705,1001984,father
7001,1001705,1002146,father
7001,1001706,1001984,mother
7001,1001706,1002145,mother
7001,1001707,1001985,father
7001,1001707,1002147,father
7001,1001708,1001985,mother
7001,1001708,1002146,mother
7001,1001709,1001986,father
7001,1001709,1002148,father
7001,1001710,1001986,mother
7001,1001710,1002147,mother
7001,1001711,1001987,father
7001,1001711,1002149,father
7001,1001712,1001987,mother
7001,1001712,1002148,mother
7001,1001713,1001988,father
7001,1001713,1002150,father
7001,1001714,1001988,mother
7001,1001714,1002149,mother
7001,1001715,1001989,father
7001,1001715,1002151,father
7001,1001716,1001989,mother
7001,1001716,1002150,mother
7001,1001717,1001990,father
7001,1001717,1002152,father
7001,1001718,1001990,mother
7001,1001718,1002151,mother
7001,1001719,1001991,father
7001,1001719,1002153,father
7001,1001720,1001991,mother
7001,1001720,1002152,mother
7001,1001721,1001992,father
7001,1001721,1002154,father
7001,1001722,1001992,mother
7001,1001722,1002153,mother
7001,1001723,1001993,father
7001,1001723,1002155,father
7001,1001724,1001993,mother
7001,1001724,1002154,mother
7001,1001725,1001994,father
7001,1001725,1002156,father
7001,1001726,1001994,mother
7001,1001726,1002155,mother
7001,1001727,1001995,father
7001,1001727,1002157,father
7001,1001728,1001995,mother
7001,1001728,1002156,mother
7001,1001729,1001996,father
7001,1001729,1002158,father
7001,1001730,1001996,mother
7001,1001730,1002157,mother
7001,1001731,1001997,father
7001,1001731,1002159,father
7001,1001732,1001997,mother
7001,1001732,1002158,mother
7001,1001733,1001998,father
7001,1001733,1002160,father
7001,1001734,1001998,mother
7001,1001734,1002159,mother
7001,1001735,1001999,father
7001,1001735,1002161,father
7001,1001736,1001999,mother
7001,1001736,1002160,mother
7001,1001737,1002000,father
7001,1001737,1002162,father
7001,1001738,1002000,mother
7001,1001738,1002161,mother
7001,1001739,1002001,father
7001,1001739,1002163,father
7001,1001740,1002001,mother
7001,1001740,1002162,mother
7001,1001741,1002002,father
7001,1001741,1002164,father
7001,1001742,1002002,mother
7001,1001742,1002163,mother
7001,1001743,1002003,father
7001,1001743,1002165,father
7001,1001744,1002003,mother
7001,1001744,1002164,mother
7001,1001745,1002004,father
7001,1001745,1002166,father
7001,1001746,1002004,mother
7001,1001746,1002165,mother
7001,1001747,1002005,father
7001,1001747,1002167,father
7001,1001748,1002005,mother
7001,1001748,1002166,mother
7001,1001749,1002006,father
7001,1001749,1002168,father
7001,1001750,1002006,mother
7001,1001750,1002167,mother
7001,1001751,1002007,father
7001,1001751,1002169,father
7001,1001752,1002007,mother
7001,1001752,1002168,mother
7001,1001753,1002008,father
7001,1001753,1002170,father
7001,1001754,1002008,mother
7001,1001754,1002169,mother
7001,1001755,1002009,father
7001,1001755,1002171,father
7001,1001756,1002009,mother
7001,1001756,1002170,mother
7001,1001757,1002010,father
7001,1001757,1002172,father
7001,1001758,1002010,mother
7001,1001758,1002171,mother
7001,1001759,1002011,father
7001,1001759,1002173,father
7001,1001760,1002011,mother
7001,1001760,1002172,mother
7001,1001761,1002012,father
7001,1001761,1002174,father
7001,1001762,1002012,mother
7001,1001762,1002173,mother
7001,1001763,1002013,father
7001,1001763,1002175,father
7001,1001764,1002013,mother
7001,1001764,1002174,mother
7001,1001765,1002014,father
7001,1001765,1002176,father
7001,1001766,1002014,mother
7001,1001766,1002175,mother
7001,1001767,1002015,father
7001,1001767,1002177,father
7001,1001768,1002015,mother
7001,1001768,1002176,mother
7001,1001769,1002016,father
7001,1001769,1002178,father
7001,1001770,1002016,mother
7001,1001770,1002177,mother
7001,1001771,1002017,father
7001,1001771,1002179,father
7001,1001772,1002017,mother
7001,1001772,1002178,mother
7001,1001773,1002018,father
7001,1001773,1002180,father
7001,1001774,1002018,mother
7001,1001774,1002179,mother
7001,1001775,1002019,father
7001,1001775,1002181,father
7001,1001776,1002019,mother
7001,1001776,1002180,mother
7001,1001777,1002020,father
7001,1001777,1002182,father
7001,1001778,1002020,mother
7001,1001778,1002181,mother
7001,1001779,1002021,father
7001,1001779,1002183,father
7001,1001780,1002021,mother
7001,1001780,1002182,mother
7001,1001781,1002022,father
7001,1001781,1002184,father
7001,1001782,1002022,mother
7001,1001782,1002183,mother
7001,1001783,1002023,father
7001,1001783,1002185,father
7001,1001784,1002023,mother
7001,1001784,1002184,mother
7001,1001785,1002024,father
7001,1001785,1002186,father
7001,1001786,1002024,mother
7001,1001786,1002185,mother
7001,1001787,1002025,father
7001,1001787,1002187,father
7001,1001788,1002025,mother
7001,1001788,1002186,mother
7001,1001789,1002026,father
7001,1001789,1002188,father
7001,1001790,1002026,mother
7001,1001790,1002187,mother
7001,1001791,1002027,father
7001,1001791,1002189,father
7001,1001792,1002027,mother
7001,1001792,1002188,mother
7001,1001793,1002028,father
7001,1001793,1002190,father
7001,1001794,1002028,mother
7001,1001794,1002189,mother
7001,1001795,1002029,father
7001,1001795,1002191,father
7001,1001796,1002029,mother
7001,1001796,1002190,mother
7001,1001797,1002030,father
7001,1001797,1002192,father
7001,1001798,1002030,mother
7001,1001798,1002191,mother
7001,1001799,1002031,father
7001,1001799,1002193,father
7001,1001800,1002031,mother
7001,1001800,1002192,mother
7001,1001801,1002032,father
7001,1001801,1002194,father
7001,1001802,1002032,mother
7001,1001802,1002193,mother
7001,1001803,1002033,father
7001,1001803,1002195,father
7001,1001804,1002033,mother
7001,1001804,1002194,mother
7001,1001805,1002034,father
7001,1001805,1002196,father
7001,1001806,1002034,mother
7001,1001806,1002195,mother
7001,1001807,1002035,father
7001,1001807,1002197,father
7001,1001808,1002035,mother
7001,1001808,1002196,mother
7001,1001809,1002036,father
7001,1001809,1002198,father
7001,1001810,1002036,mother
7001,1001810,1002197,mother
7001,1001811,1002037,father
7001,1001811,1002199,father
7001,1001812,1002037,mother
7001,1001812,1002198,mother
7001,1001813,1002038,father
7001,1001813,1002200,father
7001,1001814,1002038,mother
7001,1001814,1002199,mother
7001,1001815,1002039,father
7001,1001815,1002201,father
7001,1001816,1002039,mother
7001,1001816,1002200,mother
7001,1001817,1002040,father
7001,1001817,1002202,father
7001,1001818,1002040,mother
7001,1001818,1002201,mother
7001,1001819,1002041,father
7001,1001819,1002203,father
7001,1001820,1002041,mother
7001,1001820,1002202,mother
7001,1001821,1002042,father
7001,1001821,1002204,father
7001,1001822,1002042,mother
7001,1001822,1002203,mother
7001,1001823,1002043,father
7001,1001823,1002205,father
7001,1001824,1002043,mother
7001,1001824,1002204,mother
7001,1001825,1002044,father
7001,1001825,1002206,father
7001,1001826,1002044,mother
7001,1001826,1002205,mother
7001,1001827,1002045,father
7001,1001827,1002207,father
7001,1001828,1002045,mother
7001,1001828,1002206,mother
7001,1001829,1002046,father
7001,1001829,1002208,father
7001,1001830,1002046,mother
7001,1001830,1002207,mother
7001,1001831,1002047,father
7001,1001831,1002209,father
7001,1001832,1002047,mother
7001,1001832,1002208,mother
7001,1001833,1002048,father
7001,1001833,1002210,father
7001,1001834,1002048,mother
7001,1001834,1002209,mother
7001,1001835,1002049,father
7001,1001835,1002211,father
7001,1001836,1002049,mother
7001,1001836,1002210,mother
7001,1001837,1002050,father
7001,1001837,1002212,father
7001,1001838,1002050,mother
7001,1001838,1002211,mother
7001,1001839,1002051,father
7001,1001839,1002213,father
7001,1001840,1002051,mother
7001,1001840,1002212,mother
7001,1001841,1002052,father
7001,1001841,1002214,father
7001,1001842,1002052,mother
7001,1001842,1002213,mother
7001,1001843,1002053,father
7001,1001843,1002215,father
7001,1001844,1002053,mother
7001,1001844,1002214,mother
7001,1001845,1002054,father
7001,1001845,1002216,father
7001,1001846,1002054,mother
7001,1001846,1002215,mother
7001,1001847,1002055,father
7001,1001847,1002217,father
7001,1001848,1002055,mother
7001,1001848,1002216,mother
7001,1001849,1002056,father
7001,1001849,1002218,father
7001,1001850,1002056,mother
7001,1001850,1002217,mother
7001,1001851,1002057,father
7001,1001851,1002219,father
7001,1001852,1002057,mother
7001,1001852,1002218,mother
7001,1001853,1002058,father
7001,1001853,1002220,father
7001,1001854,1002058,mother
7001,1001854,1002219,mother
7001,1001855,1002059,father
7001,1001855,1002221,father
7001,1001856,1002059,mother
7001,1001856,1002220,mother
7001,1001857,1002060,father
7001,1001857,1002222,father
7001,1001858,1002060,mother
7001,1001858,1002221,mother
7001,1001859,1002061,father
7001,1001859,1002223,father
7001,1001860,1002061,mother
7001,1001860,1002222,mother
7001,1001861,1002062,father
7001,1001861,1002224,father
7001,1001862,1002062,mother
7001,1001862,1002223,mother
7001,1001863,1002063,father
7001,1001863,1002225,father
7001,1001864,1002063,mother
7001,1001864,1002224,mother
7001,1001865,1002064,father
7001,1001865,1002226,father
7001,1001866,1002064,mother
7001,1001866,1002225,mother
7001,1001867,1002065,father
7001,1001867,1002227,father
7001,1001868,1002065,mother
7001,1001868,1002226,mother
7001,1001869,1002066,father
7001,1001869,1002228,father
7001,1001870,1002066,mother
7001,1001870,1002227,mother
7001,1001871,1002067,father
7001,1001871,1002229,father
7001,1001872,1002067,mother
7001,1001872,1002228,mother
7001,1001873,1002068,father
7001,1001873,1002230,father
7001,1001874,1002068,mother
7001,1001874,1002229,mother
7001,1001875,1002069,father
7001,1001875,1002231,father
7001,1001876,1002069,mother
7001,1001876,1002230,mother
7001,1001877,1002070,father
7001,1001877,1002232,father
7001,1001878,1002070,mother
7001,1001878,1002231,mother
7001,1001879,1002071,father
7001,1001879,1002233,father
7001,1001880,1002071,mother
7001,1001880,1002232,mother
7001,1001881,1002072,father
7001,1001881,1002234,father
7001,1001882,1002072,mother
7001,1001882,1002233,mother
7001,1001883,1002073,father
7001,1001883,1002235,father
7001,1001884,1002073,mother
7001,1001884,1002234,mother
7001,1001885,1002074,father
7001,1001885,1002236,father
7001,1001886,1002074,mother
7001,1001886,1002235,mother
7001,1001887,1002075,father
7001,1001887,1002237,father
7001,1001888,1002075,mother
7001,1001888,1002236,mother
7001,1001889,1002076,father
7001,1001889,1002238,father
7001,1001890,1002076,mother
7001,1001890,1002237,mother
7001,1001891,1002077,father
7001,1001891,1002239,father
7001,1001892,1002077,mother
7001,1001892,1002238,mother
7001,1001893,1002078,father
7001,1001893,1002240,father
7001,1001894,1002078,mother
7001,1001894,1002239,mother
7001,1001895,1002079,father
7001,1001895,1002241,father
7001,1001896,1002079,mother
7001,1001896,1002240,mother
7001,1001897,1002080,father
7001,1001897,1002242,father
7001,1001898,1002080,mother
7001,1001898,1002241,mother
7001,1001899,1002081,father
7001,1001899,1002243,father
7001,1001900,1002081,mother
7001,1001900,1002242,mother
7001,1001901,1002082,father
7001,1001901,1002244,father
7001,1001902,1002082,mother
7001,1001902,1002243,mother
7001,1001903,1002083,father
7001,1001903,1002245,father
7001,1001904,1002083,mother
7001,1001904,1002244,mother
7001,1001905,1002084,father
7001,1001905,1002246,father
7001,1001906,1002084,mother
7001,1001906,1002245,mother
7001,1001907,1002085,father
7001,1001907,1002247,father
7001,1001908,1002085,mother
7001,1001908,1002246,mother
7001,1001909,1002086,father
7001,1001909,1002248,father
7001,1001910,1002086,mother
7001,1001910,1002247,mother
7001,1001911,1002087,father
7001,1001911,1002249,father
7001,1001912,1002087,mother
7001,1001912,1002248,mother
7001,1001913,1002088,father
7001,1001913,1002250,father
7001,1001914,1002088,mother
7001,1001914,1002249,mother
7001,1001915,1002089,father
7001,1001915,1002251,father
7001,1001916,1002089,mother
7001,1001916,1002250,mother
7001,1001917,1002090,father
7001,1001917,1002252,father
7001,1001918,1002090,mother
7001,1001918,1002251,mother
7001,1001919,1002091,father
7001,1001919,1002253,father
7001,1001920,1002091,mother
7001,1001920,1002252,mother
7001,1001921,1002092,father
7001,1001921,1002254,father
7001,1001922,1002092,mother
7001,1001922,1002253,mother
7001,1001923,1002093,father
7001,1001923,1002255,father
7001,1001924,1002093,mother
7001,1001924,1002254,mother
7001,1001925,1002094,father
7001,1001925,1002256,father
7001,1001926,1002094,mother
7001,1001926,1002255,mother
7001,1001927,1002095,father
7001,1001927,1002257,father
7001,1001928,1002095,mother
7001,1001928,1002256,mother
7001,1001929,1002096,father
7001,1001929,1002258,father
7001,1001930,1002096,mother
7001,1001930,1002257,mother
7001,1001931,1002097,father
7001,1001931,1002259,father
7001,1001932,1002097,mother
7001,1001932,1002258,mother
7001,1001933,1002098,father
7001,1001933,1002260,father
7001,1001934,1002098,mother
7001,1001934,1002259,mother
7001,1001935,1002099,father
7001,1001935,1002261,father
7001,1001936,1002099,mother
7001,1001936,1002260,mother
7001,1001937,1002100,father
7001,1001937,1002262,father
7001,1001938,1002100,mother
7001,1001938,1002261,mother
7001,1001939,1002101,father
7001,1001939,1002263,father
7001,1001940,1002292,father
7001,1001940,1002468,father
7001,1001940,1002644,father
7001,1001941,1002292,mother
7001,1001941,1002468,mother
7001,1001941,1002644,mother
7001,1001942,1002293,father
7001,1001942,1002469,father
7001,1001942,1002645,father
7001,1001943,1002293,mother
7001,1001943,1002469,mother
7001,1001943,1002645,mother
7001,1001944,1002294,father
7001,1001944,1002470,father
7001,1001944,1002646,father
7001,1001945,1002294,mother
7001,1001945,1002470,mother
7001,1001945,1002646,mother
7001,1001946,1002295,father
7001,1001946,1002471,father
7001,1001946,1002647,father
7001,1001947,1002295,mother
7001,1001947,1002471,mother
7001,1001947,1002647,mother
7001,1001948,1002296,father
7001,1001948,1002472,father
7001,1001948,1002648,father
7001,1001949,1002296,mother
7001,1001949,1002472,mother
7001,1001949,1002648,mother
7001,1001950,1002297,father
7001,1001950,1002473,father
7001,1001950,1002649,father
7001,1001951,1002297,mother
7001,1001951,1002473,mother
7001,1001951,1002649,mother
7001,1001952,1002298,father
7001,1001952,1002474,father
7001,1001952,1002650,father
7001,1001953,1002298,mother
7001,1001953,1002474,mother
7001,1001953,1002650,mother
7001,1001954,1002299,father
7001,1001954,1002475,father
7001,1001954,1002651,father
7001,1001955,1002299,mother
7001,1001955,1002475,mother
7001,1001955,1002651,mother
7001,1001956,1002300,father
7001,1001956,1002476,father
7001,1001956,1002652,father
7001,1001957,1002300,mother
7001,1001957,1002476,mother
7001,1001957,1002652,mother
7001,1001958,1002301,father
7001,1001958,1002477,father
7001,1001958,1002653,father
7001,1001959,1002301,mother
7001,1001959,1002477,mother
7001,1001959,1002653,mother
7001,1001960,1002302,father
7001,1001960,1002478,father
7001,1001960,1002654,father
7001,1001961,1002302,mother
7001,1001961,1002478,mother
7001,1001961,1002654,mother
7001,1001962,1002303,father
7001,1001962,1002479,father
7001,1001962,1002655,father
7001,1001963,1002303,mother
7001,1001963,1002479,mother
7001,1001963,1002655,mother
7001,1001964,1002304,father
7001,1001964,1002480,father
7001,1001964,1002656,father
7001,1001965,1002304,mother
7001,1001965,1002480,mother
7001,1001965,1002656,mother
7001,1001966,1002305,father
7001,1001966,1002481,father
7001,1001966,1002657,father
7001,1001967,1002305,mother
7001,1001967,1002481,mother
7001,1001967,1002657,mother
7001,1001968,1002306,father
7001,1001968,1002482,father
7001,1001968,1002658,father
7001,1001969,1002306,mother
7001,1001969,1002482,mother
7001,1001969,1002658,mother
7001,1001970,1002307,father
7001,1001970,1002483,father
7001,1001970,1002659,father
7001,1001971,1002307,mother
7001,1001971,1002483,mother
7001,1001971,1002659,mother
7001,1001972,1002308,father
7001,1001972,1002484,father
7001,1001972,1002660,father
7001,1001973,1002308,mother
7001,1001973,1002484,mother
7001,1001973,1002660,mother
7001,1001974,1002309,father
7001,1001974,1002485,father
7001,1001974,1002661,father
7001,1001975,1002309,mother
7001,1001975,1002485,mother
7001,1001975,1002661,mother
7001,1001976,1002310,father
7001,1001976,1002486,father
7001,1001976,1002662,father
7001,1001977,1002310,mother
7001,1001977,1002486,mother
7001,1001977,1002662,mother
7001,1001978,1002311,father
7001,1001978,1002487,father
7001,1001978,1002663,father
7001,1001979,1002311,mother
7001,1001979,1002487,mother
7001,1001979,1002663,mother
7001,1001980,1002312,father
7001,1001980,1002488,father
7001,1001980,1002664,father
7001,1001981,1002312,mother
7001,1001981,1002488,mother
7001,1001981,1002664,mother
7001,1001982,1002313,father
7001,1001982,1002489,father
7001,1001982,1002665,father
7001,1001983,1002313,mother
7001,1001983,1002489,mother
7001,1001983,1002665,mother
7001,1001984,1002314,father
7001,1001984,1002490,father
7001,1001984,1002666,father
7001,1001985,1002314,mother
7001,1001985,1002490,mother
7001,1001985,1002666,mother
7001,1001986,1002315,father
7001,1001986,1002491,father
7001,1001986,1002667,father
7001,1001987,1002315,mother
7001,1001987,1002491,mother
7001,1001987,1002667,mother
7001,1001988,1002316,father
7001,1001988,1002492,father
7001,1001988,1002668,father
7001,1001989,1002316,mother
7001,1001989,1002492,mother
7001,1001989,1002668,mother
7001,1001990,1002317,father
7001,1001990,1002493,father
7001,1001990,1002669,father
7001,1001991,1002317,mother
7001,1001991,1002493,mother
7001,1001991,1002669,mother
7001,1001992,1002318,father
7001,1001992,1002494,father
7001,1001992,1002670,father
7001,1001993,1002318,mother
7001,1001993,1002494,mother
7001,1001993,1002670,mother
7001,1001994,1002319,father
7001,1001994,1002495,father
7001,1001994,1002671,father
7001,1001995,1002319,mother
7001,1001995,1002495,mother
7001,1001995,1002671,mother
7001,1001996,1002320,father
7001,1001996,1002496,father
7001,1001996,1002672,father
7001,1001997,1002320,mother
7001,1001997,1002496,mother
7001,1001997,1002672,mother
7001,1001998,1002321,father
7001,1001998,1002497,father
7001,1001999,1002321,mother
7001,1001999,1002497,mother
7001,1002000,1002322,father
7001,1002000,1002498,father
7001,1002001,1002322,mother
7001,1002001,1002498,mother
7001,1002002,1002323,father
7001,1002002,1002499,father
7001,1002003,1002323,mother
7001,1002003,1002499,mother
7001,1002004,1002324,father
7001,1002004,1002500,father
7001,1002005,1002324,mother
7001,1002005,1002500,mother
7001,1002006,1002325,father
7001,1002006,1002501,father
7001,1002007,1002325,mother
7001,1002007,1002501,mother
7001,1002008,1002326,father
7001,1002008,1002502,father
7001,1002009,1002326,mother
7001,1002009,1002502,mother
7001,1002010,1002327,father
7001,1002010,1002503,father
7001,1002011,1002327,mother
7001,1002011,1002503,mother
7001,1002012,1002328,father
7001,1002012,1002504,father
7001,1002013,1002328,mother
7001,1002013,1002504,mother
7001,1002014,1002329,father
7001,1002014,1002505,father
7001,1002015,1002329,mother
7001,1002015,1002505,mother
7001,1002016,1002330,father
7001,1002016,1002506,father
7001,1002017,1002330,mother
7001,1002017,1002506,mother
7001,1002018,1002331,father
7001,1002018,1002507,father
7001,1002019,1002331,mother
7001,1002019,1002507,mother
7001,1002020,1002332,father
7001,1002020,1002508,father
7001,1002021,1002332,mother
7001,1002021,1002508,mother
7001,1002022,1002333,father
7001,1002022,1002509,father
7001,1002023,1002333,mother
7001,1002023,1002509,mother
7001,1002024,1002334,father
7001,1002024,1002510,father
7001,1002025,1002334,mother
7001,1002025,1002510,mother
7001,1002026,1002335,father
7001,1002026,1002511,father
7001,1002027,1002335,mother
7001,1002027,1002511,mother
7001,1002028,1002336,father
7001,1002028,1002512,father
7001,1002029,1002336,mother
7001,1002029,1002512,mother
7001,1002030,1002337,father
7001,1002030,1002513,father
7001,1002031,1002337,mother
7001,1002031,1002513,mother
7001,1002032,1002338,father
7001,1002032,1002514,father
7001,1002033,1002338,mother
7001,1002033,1002514,mother
7001,1002034,1002339,father
7001,1002034,1002515,father
7001,1002035,1002339,mother
7001,1002035,1002515,mother
7001,1002036,1002340,father
7001,1002036,1002516,father
7001,1002037,1002340,mother
7001,1002037,1002516,mother
7001,1002038,1002341,father
7001,1002038,1002517,father
7001,1002039,1002341,mother
7001,1002039,1002517,mother
7001,1002040,1002342,father
7001,1002040,1002518,father
7001,1002041,1002342,mother
7001,1002041,1002518,mother
7001,1002042,1002343,father
7001,1002042,1002519,father
7001,1002043,1002343,mother
7001,1002043,1002519,mother
7001,1002044,1002344,father
7001,1002044,1002520,father
7001,1002045,1002344,mother
7001,1002045,1002520,mother
7001,1002046,1002345,father
7001,1002046,1002521,father
7001,1002047,1002345,mother
7001,1002047,1002521,mother
7001,1002048,1002346,father
7001,1002048,1002522,father
7001,1002049,1002346,mother
7001,1002049,1002522,mother
7001,1002050,1002347,father
7001,1002050,1002523,father
7001,1002051,1002347,mother
7001,1002051,1002523,mother
7001,1002052,1002348,father
7001,1002052,1002524,father
7001,1002053,1002348,mother
7001,1002053,1002524,mother
7001,1002054,1002349,father
7001,1002054,1002525,father
7001,1002055,1002349,mother
7001,1002055,1002525,mother
7001,1002056,1002350,father
7001,1002056,1002526,father
7001,1002057,1002350,mother
7001,1002057,1002526,mother
7001,1002058,1002351,father
7001,1002058,1002527,father
7001,1002059,1002351,mother
7001,1002059,1002527,mother
7001,1002060,1002352,father
7001,1002060,1002528,father
7001,1002061,1002352,mother
7001,1002061,1002528,mother
7001,1002062,1002353,father
7001,1002062,1002529,father
7001,1002063,1002353,mother
7001,1002063,1002529,mother
7001,1002064,1002354,father
7001,1002064,1002530,father
7001,1002065,1002354,mother
7001,1002065,1002530,mother
7001,1002066,1002355,father
7001,1002066,1002531,father
7001,1002067,1002355,mother
7001,1002067,1002531,mother
7001,1002068,1002356,father
7001,1002068,1002532,father
7001,1002069,1002356,mother
7001,1002069,1002532,mother
7001,1002070,1002357,father
7001,1002070,1002533,father
7001,1002071,1002357,mother
7001,1002071,1002533,mother
7001,1002072,1002358,father
7001,1002072,1002534,father
7001,1002073,1002358,mother
7001,1002073,1002534,mother
7001,1002074,1002359,father
7001,1002074,1002535,father
7001,1002075,1002359,mother
7001,1002075,1002535,mother
7001,1002076,1002360,father
7001,1002076,1002536,father
7001,1002077,1002360,mother
7001,1002077,1002536,mother
7001,1002078,1002361,father
7001,1002078,1002537,father
7001,1002079,1002361,mother
7001,1002079,1002537,mother
7001,1002080,1002362,father
7001,1002080,1002538,father
7001,1002081,1002362,mother
7001,1002081,1002538,mother
7001,1002082,1002363,father
7001,1002082,1002539,father
7001,1002083,1002363,mother
7001,1002083,1002539,mother
7001,1002084,1002364,father
7001,1002084,1002540,father
7001,1002085,1002364,mother
7001,1002085,1002540,mother
7001,1002086,1002365,father
7001,1002086,1002541,father
7001,1002087,1002365,mother
7001,1002087,1002541,mother
7001,1002088,1002366,father
7001,1002088,1002542,father
7001,1002089,1002366,mother
7001,1002089,1002542,mother
7001,1002090,1002367,father
7001,1002090,1002543,father
7001,1002091,1002367,mother
7001,1002091,1002543,mother
7001,1002092,1002368,father
7001,1002092,1002544,father
7001,1002093,1002368,mother
7001,1002093,1002544,mother
7001,1002094,1002369,father
7001,1002094,1002545,father
7001,1002095,1002369,mother
7001,1002095,1002545,mother
7001,1002096,1002370,father
7001,1002096,1002546,father
7001,1002097,1002370,mother
7001,1002097,1002546,mother
7001,1002098,1002371,father
7001,1002098,1002547,father
7001,1002099,1002371,mother
7001,1002099,1002547,mother
7001,1002100,1002372,father
7001,1002100,1002548,father
7001,1002101,1002372,mother
7001,1002101,1002548,mother
7001,1002102,1002373,father
7001,1002102,1002549,father
7001,1002103,1002373,mother
7001,1002103,1002549,mother
7001,1002104,1002374,father
7001,1002104,1002550,father
7001,1002105,1002374,mother
7001,1002105,1002550,mother
7001,1002106,1002375,father
7001,1002106,1002551,father
7001,1002107,1002375,mother
7001,1002107,1002551,mother
7001,1002108,1002376,father
7001,1002108,1002552,father
7001,1002109,1002376,mother
7001,1002109,1002552,mother
7001,1002110,1002377,father
7001,1002110,1002553,father
7001,1002111,1002377,mother
7001,1002111,1002553,mother
7001,1002112,1002378,father
7001,1002112,1002554,father
7001,1002113,1002378,mother
7001,1002113,1002554,mother
7001,1002114,1002379,father
7001,1002114,1002555,father
7001,1002115,1002379,mother
7001,1002115,1002555,mother
7001,1002116,1002380,father
7001,1002116,1002556,father
7001,1002117,1002380,mother
7001,1002117,1002556,mother
7001,1002118,1002381,father
7001,1002118,1002557,father
7001,1002119,1002381,mother
7001,1002119,1002557,mother
7001,1002120,1002382,father
7001,1002120,1002558,father
7001,1002121,1002382,mother
7001,1002121,1002558,mother
7001,1002122,1002383,father
7001,1002122,1002559,father
7001,1002123,1002383,mother
7001,1002123,1002559,mother
7001,1002124,1002384,father
7001,1002124,1002560,father
7001,1002125,1002384,mother
7001,1002125,1002560,mother
7001,1002126,1002385,father
7001,1002126,1002561,father
7001,1002127,1002385,mother
7001,1002127,1002561,mother
7001,1002128,1002386,father
7001,1002128,1002562,father
7001,1002129,1002386,mother
7001,1002129,1002562,mother
7001,1002130,1002387,father
7001,1002130,1002563,father
7001,1002131,1002387,mother
7001,1002131,1002563,mother
7001,1002132,1002388,father
7001,1002132,1002564,father
7001,1002133,1002388,mother
7001,1002133,1002564,mother
7001,1002134,1002389,father
7001,1002134,1002565,father
7001,1002135,1002389,mother
7001,1002135,1002565,mother
7001,1002136,1002390,father
7001,1002136,1002566,father
7001,1002137,1002390,mother
7001,1002137,1002566,mother
7001,1002138,1002391,father
7001,1002138,1002567,father
7001,1002139,1002391,mother
7001,1002139,1002567,mother
7001,1002140,1002392,father
7001,1002140,1002568,father
7001,1002141,1002392,mother
7001,1002141,1002568,mother
7001,1002142,1002393,father
7001,1002142,1002569,father
7001,1002143,1002393,mother
7001,1002143,1002569,mother
7001,1002144,1002394,father
7001,1002144,1002570,father
7001,1002145,1002394,mother
7001,1002145,1002570,mother
7001,1002146,1002395,father
7001,1002146,1002571,father
7001,1002147,1002395,mother
7001,1002147,1002571,mother
7001,1002148,1002396,father
7001,1002148,1002572,father
7001,1002149,1002396,mother
7001,1002149,1002572,mother
7001,1002150,1002397,father
7001,1002150,1002573,father
7001,1002151,1002397,mother
7001,1002151,1002573,mother
7001,1002152,1002398,father
7001,1002152,1002574,father
7001,1002153,1002398,mother
7001,1002153,1002574,mother
7001,1002154,1002399,father
7001,1002154,1002575,father
7001,1002155,1002399,mother
7001,1002155,1002575,mother
7001,1002156,1002400,father
7001,1002156,1002576,father
7001,1002157,1002400,mother
7001,1002157,1002576,mother
7001,1002158,1002401,father
7001,1002158,1002577,father
7001,1002159,1002401,mother
7001,1002159,1002577,mother
7001,1002160,1002402,father
7001,1002160,1002578,father
7001,1002161,1002402,mother
7001,1002161,1002578,mother
7001,1002162,1002403,father
7001,1002162,1002579,father
7001,1002163,1002403,mother
7001,1002163,1002579,mother
7001,1002164,1002404,father
7001,1002164,1002580,father
7001,1002165,1002404,mother
7001,1002165,1002580,mother
7001,1002166,1002405,father
7001,1002166,1002581,father
7001,1002167,1002405,mother
7001,1002167,1002581,mother
7001,1002168,1002406,father
7001,1002168,1002582,father
7001,1002169,1002406,mother
7001,1002169,1002582,mother
7001,1002170,1002407,father
7001,1002170,1002583,father
7001,1002171,1002407,mother
7001,1002171,1002583,mother
7001,1002172,1002408,father
7001,1002172,1002584,father
7001,1002173,1002408,mother
7001,1002173,1002584,mother
7001,1002174,1002409,father
7001,1002174,1002585,father
7001,1002175,1002409,mother
7001,1002175,1002585,mother
7001,1002176,1002410,father
7001,1002176,1002586,father
7001,1002177,1002410,mother
7001,1002177,1002586,mother
7001,1002178,1002411,father
7001,1002178,1002587,father
7001,1002179,1002411,mother
7001,1002179,1002587,mother
7001,1002180,1002412,father
7001,1002180,1002588,father
7001,1002181,1002412,mother
7001,1002181,1002588,mother
7001,1002182,1002413,father
7001,1002182,1002589,father
7001,1002183,1002413,mother
7001,1002183,1002589,mother
7001,1002184,1002414,father
7001,1002184,1002590,father
7001,1002185,1002414,mother
7001,1002185,1002590,mother
7001,1002186,1002415,father
7001,1002186,1002591,father
7001,1002187,1002415,mother
7001,1002187,1002591,mother
7001,1002188,1002416,father
7001,1002188,1002592,father
7001,1002189,1002416,mother
7001,1002189,1002592,mother
7001,1002190,1002417,father
7001,1002190,1002593,father
7001,1002191,1002417,mother
7001,1002191,1002593,mother
7001,1002192,1002418,father
7001,1002192,1002594,father
7001,1002193,1002418,mother
7001,1002193,1002594,mother
7001,1002194,1002419,father
7001,1002194,1002595,father
7001,1002195,1002419,mother
7001,1002195,1002595,mother
7001,1002196,1002420,father
7001,1002196,1002596,father
7001,1002197,1002420,mother
7001,1002197,1002596,mother
7001,1002198,1002421,father
7001,1002198,1002597,father
7001,1002199,1002421,mother
7001,1002199,1002597,mother
7001,1002200,1002422,father
7001,1002200,1002598,father
7001,1002201,1002422,mother
7001,1002201,1002598,mother
7001,1002202,1002423,father
7001,1002202,1002599,father
7001,1002203,1002423,mother
7001,1002203,1002599,mother
7001,1002204,1002424,father
7001,1002204,1002600,father
7001,1002205,1002424,mother
7001,1002205,1002600,mother
7001,1002206,1002425,father
7001,1002206,1002601,father
7001,1002207,1002425,mother
7001,1002207,1002601,mother
7001,1002208,1002426,father
7001,1002208,1002602,father
7001,1002209,1002426,mother
7001,1002209,1002602,mother
7001,1002210,1002427,father
7001,1002210,1002603,father
7001,1002211,1002427,mother
7001,1002211,1002603,mother
7001,1002212,1002428,father
7001,1002212,1002604,father
7001,1002213,1002428,mother
7001,1002213,1002604,mother
7001,1002214,1002429,father
7001,1002214,1002605,father
7001,1002215,1002429,mother
7001,1002215,1002605,mother
7001,1002216,1002430,father
7001,1002216,1002606,father
7001,1002217,1002430,mother
7001,1002217,1002606,mother
7001,1002218,1002431,father
7001,1002218,1002607,father
7001,1002219,1002431,mother
7001,1002219,1002607,mother
7001,1002220,1002432,father
7001,1002220,1002608,father
7001,1002221,1002432,mother
7001,1002221,1002608,mother
7001,1002222,1002433,father
7001,1002222,1002609,father
7001,1002223,1002433,mother
7001,1002223,1002609,mother
7001,1002224,1002434,father
7001,1002224,1002610,father
7001,1002225,1002434,mother
7001,1002225,1002610,mother
7001,1002226,1002435,father
7001,1002226,1002611,father
7001,1002227,1002435,mother
7001,1002227,1002611,mother
7001,1002228,1002436,father
7001,1002228,1002612,father
7001,1002229,1002436,mother
7001,1002229,1002612,mother
7001,1002230,1002437,father
7001,1002230,1002613,father
7001,1002231,1002437,mother
7001,1002231,1002613,mother
7001,1002232,1002438,father
7001,1002232,1002614,father
7001,1002233,1002438,mother
7001,1002233,1002614,mother
7001,1002234,1002439,father
7001,1002234,1002615,father
7001,1002235,1002439,mother
7001,1002235,1002615,mother
7001,1002236,1002440,father
7001,1002236,1002616,father
7001,1002237,1002440,mother
7001,1002237,1002616,mother
7001,1002238,1002441,father
7001,1002238,1002617,father
7001,1002239,1002441,mother
7001,1002239,1002617,mother
7001,1002240,1002442,father
7001,1002240,1002618,father
7001,1002241,1002442,mother
7001,1002241,1002618,mother
7001,1002242,1002443,father
7001,1002242,1002619,father
7001,1002243,1002443,mother
7001,1002243,1002619,mother
7001,1002244,1002444,father
7001,1002244,1002620,father
7001,1002245,1002444,mother
7001,1002245,1002620,mother
7001,1002246,1002445,father
7001,1002246,1002621,father
7001,1002247,1002445,mother
7001,1002247,1002621,mother
7001,1002248,1002446,father
7001,1002248,1002622,father
7001,1002249,1002446,mother
7001,1002249,1002622,mother
7001,1002250,1002447,father
7001,1002250,1002623,father
7001,1002251,1002447,mother
7001,1002251,1002623,mother
7001,1002252,1002448,father
7001,1002252,1002624,father
7001,1002253,1002448,mother
7001,1002253,1002624,mother
7001,1002254,1002449,father
7001,1002254,1002625,father
7001,1002255,1002449,mother
7001,1002255,1002625,mother
7001,1002256,1002450,father
7001,1002256,1002626,father
7001,1002257,1002450,mother
7001,1002257,1002626,mother
7001,1002258,1002451,father
7001,1002258,1002627,father
7001,1002259,1002451,mother
7001,1002259,1002627,mother
7001,1002260,1002452,father
7001,1002260,1002628,father
7001,1002261,1002452,mother
7001,1002261,1002628,mother
7001,1002262,1002453,father
7001,1002262,1002629,father
7001,1002263,1002453,mother
7001,1002263,1002629,mother
7001,1002264,1002454,father
7001,1002264,1002630,father
7001,1002265,1002454,mother
7001,1002265,1002630,mother
7001,1002266,1002455,father
7001,1002266,1002631,father
7001,1002267,1002455,mother
7001,1002267,1002631,mother
7001,1002268,1002456,father
7001,1002268,1002632,father
7001,1002269,1002456,mother
7001,1002269,1002632,mother
7001,1002270,1002457,father
7001,1002270,1002633,father
7001,1002271,1002457,mother
7001,1002271,1002633,mother
7001,1002272,1002458,father
7001,1002272,1002634,father
7001,1002273,1002458,mother
7001,1002273,1002634,mother
7001,1002274,1002459,father
7001,1002274,1002635,father
7001,1002275,1002459,mother
7001,1002275,1002635,mother
7001,1002276,1002460,father
7001,1002276,1002636,father
7001,1002277,1002460,mother
7001,1002277,1002636,mother
7001,1002278,1002461,father
7001,1002278,1002637,father
7001,1002279,1002461,mother
7001,1002279,1002637,mother
7001,1002280,1002462,father
7001,1002280,1002638,father
7001,1002281,1002462,mother
7001,1002281,1002638,mother
7001,1002282,1002463,father
7001,1002282,1002639,father
7001,1002283,1002463,mother
7001,1002283,1002639,mother
7001,1002284,1002464,father
7001,1002284,1002640,father
7001,1002285,1002464,mother
7001,1002285,1002640,mother
7001,1002286,1002465,father
7001,1002286,1002641,father
7001,1002287,1002465,mother
7001,1002287,1002641,mother
7001,1002288,1002466,father
7001,1002288,1002642,father
7001,1002289,1002466,mother
7001,1002289,1002642,mother
7001,1002290,1002467,father
7001,1002290,1002643,father
7001,1002291,1002467,mother
7001,1002291,1002643,mother
7001,1002292,1002673,father
7001,1002292,1002864,father
7001,1002292,1003055,father
7001,1002293,1002673,mother
7001,1002293,1002863,mother
7001,1002293,1003053,mother
7001,1002294,1002674,father
7001,1002294,1002865,father
7001,1002294,1003056,father
7001,1002295,1002674,mother
7001,1002295,1002864,mother
7001,1002295,1003054,mother
7001,1002296,1002675,father
7001,1002296,1002866,father
7001,1002296,1003057,father
7001,1002297,1002675,mother
7001,1002297,1002865,mother
7001,1002297,1003055,mother
7001,1002298,1002676,father
7001,1002298,1002867,father
7001,1002298,1003058,father
7001,1002299,1002676,mother
7001,1002299,1002866,mother
7001,1002299,1003056,mother
7001,1002300,1002677,father
7001,1002300,1002868,father
7001,1002300,1003059,father
7001,1002301,1002677,mother
7001,1002301,1002867,mother
7001,1002301,1003057,mother
7001,1002302,1002678,father
7001,1002302,1002869,father
7001,1002302,1003060,father
7001,1002303,1002678,mother
7001,1002303,1002868,mother
7001,1002303,1003058,mother
7001,1002304,1002679,father
7001,1002304,1002870,father
7001,1002304,1003061,father
7001,1002305,1002679,mother
7001,1002305,1002869,mother
7001,1002305,1003059,mother
7001,1002306,1002680,father
7001,1002306,1002871,father
7001,1002306,1003062,father
7001,1002307,1002680,mother
7001,1002307,1002870,mother
7001,1002307,1003060,mother
7001,1002308,1002681,father
7001,1002308,1002872,father
7001,1002308,1003063,father
7001,1002309,1002681,mother
7001,1002309,1002871,mother
7001,1002309,1003061,mother
7001,1002310,1002682,father
7001,1002310,1002873,father
7001,1002310,1003064,father
7001,1002311,1002682,mother
7001,1002311,1002872,mother
7001,1002311,1003062,mother
7001,1002312,1002683,father
7001,1002312,1002874,father
7001,1002312,1003065,father
7001,1002313,1002683,mother
7001,1002313,1002873,mother
7001,1002313,1003063,mother
7001,1002314,1002684,father
7001,1002314,1002875,father
7001,1002314,1003066,father
7001,1002315,1002684,mother
7001,1002315,1002874,mother
7001,1002315,1003064,mother
7001,1002316,1002685,father
7001,1002316,1002876,father
7001,1002316,1003067,father
7001,1002317,1002685,mother
7001,1002317,1002875,mother
7001,1002317,1003065,mother
7001,1002318,1002686,father
7001,1002318,1002877,father
7001,1002318,1003068,father
7001,1002319,1002686,mother
7001,1002319,1002876,mother
7001,1002319,1003066,mother
7001,1002320,1002687,father
7001,1002320,1002878,father
7001,1002320,1003069,father
7001,1002321,1002687,mother
7001,1002321,1002877,mother
7001,1002321,1003067,mother
7001,1002322,1002688,father
7001,1002322,1002879,father
7001,1002322,1003070,father
7001,1002323,1002688,mother
7001,1002323,1002878,mother
7001,1002323,1003068,mother
7001,1002324,1002689,father
7001,1002324,1002880,father
7001,1002324,1003071,father
7001,1002325,1002689,mother
7001,1002325,1002879,mother
7001,1002325,1003069,mother
7001,1002326,1002690,father
7001,1002326,1002881,father
7001,1002326,1003072,father
7001,1002327,1002690,mother
7001,1002327,1002880,mother
7001,1002327,1003070,mother
7001,1002328,1002691,father
7001,1002328,1002882,father
7001,1002328,1003073,father
7001,1002329,1002691,mother
7001,1002329,1002881,mother
7001,1002329,1003071,mother
7001,1002330,1002692,father
7001,1002330,1002883,father
7001,1002330,1003074,father
7001,1002331,1002692,mother
7001,1002331,1002882,mother
7001,1002331,1003072,mother
7001,1002332,1002693,father
7001,1002332,1002884,father
7001,1002332,1003075,father
7001,1002333,1002693,mother
7001,1002333,1002883,mother
7001,1002333,1003073,mother
7001,1002334,1002694,father
7001,1002334,1002885,father
7001,1002334,1003076,father
7001,1002335,1002694,mother
7001,1002335,1002884,mother
7001,1002335,1003074,mother
7001,1002336,1002695,father
7001,1002336,1002886,father
7001,1002336,1003077,father
7001,1002337,1002695,mother
7001,1002337,1002885,mother
7001,1002337,1003075,mother
7001,1002338,1002696,father
7001,1002338,1002887,father
7001,1002338,1003078,father
7001,1002339,1002696,mother
7001,1002339,1002886,mother
7001,1002339,1003076,mother
7001,1002340,1002697,father
7001,1002340,1002888,father
7001,1002340,1003079,father
7001,1002341,1002697,mother
7001,1002341,1002887,mother
7001,1002341,1003077,mother
7001,1002342,1002698,father
7001,1002342,1002889,father
7001,1002342,1003080,father
7001,1002343,1002698,mother
7001,1002343,1002888,mother
7001,1002343,1003078,mother
7001,1002344,1002699,father
7001,1002344,1002890,father
7001,1002344,1003081,father
7001,1002345,1002699,mother
7001,1002345,1002889,mother
7001,1002345,1003079,mother
7001,1002346,1002700,father
7001,1002346,1002891,father
7001,1002346,1003082,father
7001,1002347,1002700,mother
7001,1002347,1002890,mother
7001,1002347,1003080,mother
7001,1002348,1002701,father
7001,1002348,1002892,father
7001,1002348,1003083,father
7001,1002349,1002701,mother
7001,1002349,1002891,mother
7001,1002349,1003081,mother
7001,1002350,1002702,father
7001,1002350,1002893,father
7001,1002351,1002702,mother
7001,1002351,1002892,mother
7001,1002351,1003082,mother
7001,1002352,1002703,father
7001,1002352,1002894,father
7001,1002353,1002703,mother
7001,1002353,1002893,mother
7001,1002353,1003083,mother
7001,1002354,1002704,father
7001,1002354,1002895,father
7001,1002355,1002704,mother
7001,1002355,1002894,mother
7001,1002356,1002705,father
7001,1002356,1002896,father
7001,1002357,1002705,mother
7001,1002357,1002895,mother
7001,1002358,1002706,father
7001,1002358,1002897,father
7001,1002359,1002706,mother
7001,1002359,1002896,mother
7001,1002360,1002707,father
7001,1002360,1002898,father
7001,1002361,1002707,mother
7001,1002361,1002897,mother
7001,1002362,1002708,father
7001,1002362,1002899,father
7001,1002363,1002708,mother
7001,1002363,1002898,mother
7001,1002364,1002709,father
7001,1002364,1002900,father
7001,1002365,1002709,mother
7001,1002365,1002899,mother
7001,1002366,1002710,father
7001,1002366,1002901,father
7001,1002367,1002710,mother
7001,1002367,1002900,mother
7001,1002368,1002711,father
7001,1002368,1002902,father
7001,1002369,1002711,mother
7001,1002369,1002901,mother
7001,1002370,1002712,father
7001,1002370,1002903,father
7001,1002371,1002712,mother
7001,1002371,1002902,mother
7001,1002372,1002713,father
7001,1002372,1002904,father
7001,1002373,1002713,mother
7001,1002373,1002903,mother
7001,1002374,1002714,father
7001,1002374,1002905,father
7001,1002375,1002714,mother
7001,1002375,1002904,mother
7001,1002376,1002715,father
7001,1002376,1002906,father
7001,1002377,1002715,mother
7001,1002377,1002905,mother
7001,1002378,1002716,father
7001,1002378,1002907,father
7001,1002379,1002716,mother
7001,1002379,1002906,mother
7001,1002380,1002717,father
7001,1002380,1002908,father
7001,1002381,1002717,mother
7001,1002381,1002907,mother
7001,1002382,1002718,father
7001,1002382,1002909,father
7001,1002383,1002718,mother
7001,1002383,1002908,mother
7001,1002384,1002719,father
7001,1002384,1002910,father
7001,1002385,1002719,mother
7001,1002385,1002909,mother
7001,1002386,1002720,father
7001,1002386,1002911,father
7001,1002387,1002720,mother
7001,1002387,1002910,mother
7001,1002388,1002721,father
7001,1002388,1002912,father
7001,1002389,1002721,mother
7001,1002389,1002911,mother
7001,1002390,1002722,father
7001,1002390,1002913,father
7001,1002391,1002722,mother
7001,1002391,1002912,mother
7001,1002392,1002723,father
7001,1002392,1002914,father
7001,1002393,1002723,mother
7001,1002393,1002913,mother
7001,1002394,1002724,father
7001,1002394,1002915,father
7001,1002395,1002724,mother
7001,1002395,1002914,mother
7001,1002396,1002725,father
7001,1002396,1002916,father
7001,1002397,1002725,mother
7001,1002397,1002915,mother
7001,1002398,1002726,father
7001,1002398,1002917,father
7001,1002399,1002726,mother
7001,1002399,1002916,mother
7001,1002400,1002727,father
7001,1002400,1002918,father
7001,1002401,1002727,mother
7001,1002401,1002917,mother
7001,1002402,1002728,father
7001,1002402,1002919,father
7001,1002403,1002728,mother
7001,1002403,1002918,mother
7001,1002404,1002729,father
7001,1002404,1002920,father
7001,1002405,1002729,mother
7001,1002405,1002919,mother
7001,1002406,1002730,father
7001,1002406,1002921,father
7001,1002407,1002730,mother
7001,1002407,1002920,mother
7001,1002408,1002731,father
7001,1002408,1002922,father
7001,1002409,1002731,mother
7001,1002409,1002921,mother
7001,1002410,1002732,father
7001,1002410,1002923,father
7001,1002411,1002732,mother
7001,1002411,1002922,mother
7001,1002412,1002733,father
7001,1002412,1002924,father
7001,1002413,1002733,mother
7001,1002413,1002923,mother
7001,1002414,1002734,father
7001,1002414,1002925,father
7001,1002415,1002734,mother
7001,1002415,1002924,mother
7001,1002416,1002735,father
7001,1002416,1002926,father
7001,1002417,1002735,mother
7001,1002417,1002925,mother
7001,1002418,1002736,father
7001,1002418,1002927,father
7001,1002419,1002736,mother
7001,1002419,1002926,mother
7001,1002420,1002737,father
7001,1002420,1002928,father
7001,1002421,1002737,mother
7001,1002421,1002927,mother
7001,1002422,1002738,father
7001,1002422,1002929,father
7001,1002423,1002738,mother
7001,1002423,1002928,mother
7001,1002424,1002739,father
7001,1002424,1002930,father
7001,1002425,1002739,mother
7001,1002425,1002929,mother
7001,1002426,1002740,father
7001,1002426,1002931,father
7001,1002427,1002740,mother
7001,1002427,1002930,mother
7001,1002428,1002741,father
7001,1002428,1002932,father
7001,1002429,1002741,mother
7001,1002429,1002931,mother
7001,1002430,1002742,father
7001,1002430,1002933,father
7001,1002431,1002742,mother
7001,1002431,1002932,mother
7001,1002432,1002743,father
7001,1002432,1002934,father
7001,1002433,1002743,mother
7001,1002433,1002933,mother
7001,1002434,1002744,father
7001,1002434,1002935,father
7001,1002435,1002744,mother
7001,1002435,1002934,mother
7001,1002436,1002745,father
7001,1002436,1002936,father
7001,1002437,1002745,mother
7001,1002437,1002935,mother
7001,1002438,1002746,father
7001,1002438,1002937,father
7001,1002439,1002746,mother
7001,1002439,1002936,mother
7001,1002440,1002747,father
7001,1002440,1002938,father
7001,1002441,1002747,mother
7001,1002441,1002937,mother
7001,1002442,1002748,father
7001,1002442,1002939,father
7001,1002443,1002748,mother
7001,1002443,1002938,mother
7001,1002444,1002749,father
7001,1002444,1002940,father
7001,1002445,1002749,mother
7001,1002445,1002939,mother
7001,1002446,1002750,father
7001,1002446,1002941,father
7001,1002447,1002750,mother
7001,1002447,1002940,mother
7001,1002448,1002751,father
7001,1002448,1002942,father
7001,1002449,1002751,mother
7001,1002449,1002941,mother
7001,1002450,1002752,father
7001,1002450,1002943,father
7001,1002451,1002752,mother
7001,1002451,1002942,mother
7001,1002452,1002753,father
7001,1002452,1002944,father
7001,1002453,1002753,mother
7001,1002453,1002943,mother
7001,1002454,1002754,father
7001,1002454,1002945,father
7001,1002455,1002754,mother
7001,1002455,1002944,mother
7001,1002456,1002755,father
7001,1002456,1002946,father
7001,1002457,1002755,mother
7001,1002457,1002945,mother
7001,1002458,1002756,father
7001,1002458,1002947,father
7001,1002459,1002756,mother
7001,1002459,1002946,mother
7001,1002460,1002757,father
7001,1002460,1002948,father
7001,1002461,1002757,mother
7001,1002461,1002947,mother
7001,1002462,1002758,father
7001,1002462,1002949,father
7001,1002463,1002758,mother
7001,1002463,1002948,mother
7001,1002464,1002759,father
7001,1002464,1002950,father
7001,1002465,1002759,mother
7001,1002465,1002949,mother
7001,1002466,1002760,father
7001,1002466,1002951,father
7001,1002467,1002760,mother
7001,1002467,1002950,mother
7001,1002468,1002761,father
7001,1002468,1002952,father
7001,1002469,1002761,mother
7001,1002469,1002951,mother
7001,1002470,1002762,father
7001,1002470,1002953,father
7001,1002471,1002762,mother
7001,1002471,1002952,mother
7001,1002472,1002763,father
7001,1002472,1002954,father
7001,1002473,1002763,mother
7001,1002473,1002953,mother
7001,1002474,1002764,father
7001,1002474,1002955,father
7001,1002475,1002764,mother
7001,1002475,1002954,mother
7001,1002476,1002765,father
7001,1002476,1002956,father
7001,1002477,1002765,mother
7001,1002477,1002955,mother
7001,1002478,1002766,father
7001,1002478,1002957,father
7001,1002479,1002766,mother
7001,1002479,1002956,mother
7001,1002480,1002767,father
7001,1002480,1002958,father
7001,1002481,1002767,mother
7001,1002481,1002957,mother
7001,1002482,1002768,father
7001,1002482,1002959,father
7001,1002483,1002768,mother
7001,1002483,1002958,mother
7001,1002484,1002769,father
7001,1002484,1002960,father
7001,1002485,1002769,mother
7001,1002485,1002959,mother
7001,1002486,1002770,father
7001,1002486,1002961,father
7001,1002487,1002770,mother
7001,1002487,1002960,mother
7001,1002488,1002771,father
7001,1002488,1002962,father
7001,1002489,1002771,mother
7001,1002489,1002961,mother
7001,1002490,1002772,father
7001,1002490,1002963,father
7001,1002491,1002772,mother
7001,1002491,1002962,mother
7001,1002492,1002773,father
7001,1002492,1002964,father
7001,1002493,1002773,mother
7001,1002493,1002963,mother
7001,1002494,1002774,father
7001,1002494,1002965,father
7001,1002495,1002774,mother
7001,1002495,1002964,mother
7001,1002496,1002775,father
7001,1002496,1002966,father
7001,1002497,1002775,mother
7001,1002497,1002965,mother
7001,1002498,1002776,father
7001,1002498,1002967,father
7001,1002499,1002776,mother
7001,1002499,1002966,mother
7001,1002500,1002777,father
7001,1002500,1002968,father
7001,1002501,1002777,mother
7001,1002501,1002967,mother
7001,1002502,1002778,father
7001,1002502,1002969,father
7001,1002503,1002778,mother
7001,1002503,1002968,mother
7001,1002504,1002779,father
7001,1002504,1002970,father
7001,1002505,1002779,mother
7001,1002505,1002969,mother
7001,1002506,1002780,father
7001,1002506,1002971,father
7001,1002507,1002780,mother
7001,1002507,1002970,mother
7001,1002508,1002781,father
7001,1002508,1002972,father
7001,1002509,1002781,mother
7001,1002509,1002971,mother
7001,1002510,1002782,father
7001,1002510,1002973,father
7001,1002511,1002782,mother
7001,1002511,1002972,mother
7001,1002512,1002783,father
7001,1002512,1002974,father
7001,1002513,1002783,mother
7001,1002513,1002973,mother
7001,1002514,1002784,father
7001,1002514,1002975,father
7001,1002515,1002784,mother
7001,1002515,1002974,mother
7001,1002516,1002785,father
7001,1002516,1002976,father
7001,1002517,1002785,mother
7001,1002517,1002975,mother
7001,1002518,1002786,father
7001,1002518,1002977,father
7001,1002519,1002786,mother
7001,1002519,1002976,mother
7001,1002520,1002787,father
7001,1002520,1002978,father
7001,1002521,1002787,mother
7001,1002521,1002977,mother
7001,1002522,1002788,father
7001,1002522,1002979,father
7001,1002523,1002788,mother
7001,1002523,1002978,mother
7001,1002524,1002789,father
7001,1002524,1002980,father
7001,1002525,1002789,mother
7001,1002525,1002979,mother
7001,1002526,1002790,father
7001,1002526,1002981,father
7001,1002527,1002790,mother
7001,1002527,1002980,mother
7001,1002528,1002791,father
7001,1002528,1002982,father
7001,1002529,1002791,mother
7001,1002529,1002981,mother
7001,1002530,1002792,father
7001,1002530,1002983,father
7001,1002531,1002792,mother
7001,1002531,1002982,mother
7001,1002532,1002793,father
7001,1002532,1002984,father
7001,1002533,1002793,mother
7001,1002533,1002983,mother
7001,1002534,1002794,father
7001,1002534,1002985,father
7001,1002535,1002794,mother
7001,1002535,1002984,mother
7001,1002536,1002795,father
7001,1002536,1002986,father
7001,1002537,1002795,mother
7001,1002537,1002985,mother
7001,1002538,1002796,father
7001,1002538,1002987,father
7001,1002539,1002796,mother
7001,1002539,1002986,mother
7001,1002540,1002797,father
7001,1002540,1002988,father
7001,1002541,1002797,mother
7001,1002541,1002987,mother
7001,1002542,1002798,father
7001,1002542,1002989,father
7001,1002543,1002798,mother
7001,1002543,1002988,mother
7001,1002544,1002799,father
7001,1002544,1002990,father
7001,1002545,1002799,mother
7001,1002545,1002989,mother
7001,1002546,1002800,father
7001,1002546,1002991,father
7001,1002547,1002800,mother
7001,1002547,1002990,mother
7001,1002548,1002801,father
7001,1002548,1002992,father
7001,1002549,1002801,mother
7001,1002549,1002991,mother
7001,1002550,1002802,father
7001,1002550,1002993,father
7001,1002551,1002802,mother
7001,1002551,1002992,mother
7001,1002552,1002803,father
7001,1002552,1002994,father
7001,1002553,1002803,mother
7001,1002553,1002993,mother
7001,1002554,1002804,father
7001,1002554,1002995,father
7001,1002555,1002804,mother
7001,1002555,1002994,mother
7001,1002556,1002805,father
7001,1002556,1002996,father
7001,1002557,1002805,mother
7001,1002557,1002995,mother
7001,1002558,1002806,father
7001,1002558,1002997,father
7001,1002559,1002806,mother
7001,1002559,1002996,mother
7001,1002560,1002807,father
7001,1002560,1002998,father
7001,1002561,1002807,mother
7001,1002561,1002997,mother
7001,1002562,1002808,father
7001,1002562,1002999,father
7001,1002563,1002808,mother
7001,1002563,1002998,mother
7001,1002564,1002809,father
7001,1002564,1003000,father
7001,1002565,1002809,mother
7001,1002565,1002999,mother
7001,1002566,1002810,father
7001,1002566,1003001,father
7001,1002567,1002810,mother
7001,1002567,1003000,mother
7001,1002568,1002811,father
7001,1002568,1003002,father
7001,1002569,1002811,mother
7001,1002569,1003001,mother
7001,1002570,1002812,father
7001,1002570,1003003,father
7001,1002571,1002812,mother
7001,1002571,1003002,mother
7001,1002572,1002813,father
7001,1002572,1003004,father
7001,1002573,1002813,mother
7001,1002573,1003003,mother
7001,1002574,1002814,father
7001,1002574,1003005,father
7001,1002575,1002814,mother
7001,1002575,1003004,mother
7001,1002576,1002815,father
7001,1002576,1003006,father
7001,1002577,1002815,mother
7001,1002577,1003005,mother
7001,1002578,1002816,father
7001,1002578,1003007,father
7001,1002579,1002816,mother
7001,1002579,1003006,mother
7001,1002580,1002817,father
7001,1002580,1003008,father
7001,1002581,1002817,mother
7001,1002581,1003007,mother
7001,1002582,1002818,father
7001,1002582,1003009,father
7001,1002583,1002818,mother
7001,1002583,1003008,mother
7001,1002584,1002819,father
7001,1002584,1003010,father
7001,1002585,1002819,mother
7001,1002585,1003009,mother
7001,1002586,1002820,father
7001,1002586,1003011,father
7001,1002587,1002820,mother
7001,1002587,1003010,mother
7001,1002588,1002821,father
7001,1002588,1003012,father
7001,1002589,1002821,mother
7001,1002589,1003011,mother
7001,1002590,1002822,father
7001,1002590,1003013,father
7001,1002591,1002822,mother
7001,1002591,1003012,mother
7001,1002592,1002823,father
7001,1002592,1003014,father
7001,1002593,1002823,mother
7001,1002593,1003013,mother
7001,1002594,1002824,father
7001,1002594,1003015,father
7001,1002595,1002824,mother
7001,1002595,1003014,mother
7001,1002596,1002825,father
7001,1002596,1003016,father
7001,1002597,1002825,mother
7001,1002597,1003015,mother
7001,1002598,1002826,father
7001,1002598,1003017,father
7001,1002599,1002826,mother
7001,1002599,1003016,mother
7001,1002600,1002827,father
7001,1002600,1003018,father
7001,1002601,1002827,mother
7001,1002601,1003017,mother
7001,1002602,1002828,father
7001,1002602,1003019,father
7001,1002603,1002828,mother
7001,1002603,1003018,mother
7001,1002604,1002829,father
7001,1002604,1003020,father
7001,1002605,1002829,mother
7001,1002605,1003019,mother
7001,1002606,1002830,father
7001,1002606,1003021,father
7001,1002607,1002830,mother
7001,1002607,1003020,mother
7001,1002608,1002831,father
7001,1002608,1003022,father
7001,1002609,1002831,mother
7001,1002609,1003021,mother
7001,1002610,1002832,father
7001,1002610,1003023,father
7001,1002611,1002832,mother
7001,1002611,1003022,mother
7001,1002612,1002833,father
7001,1002612,1003024,father
7001,1002613,1002833,mother
7001,1002613,1003023,mother
7001,1002614,1002834,father
7001,1002614,1003025,father
7001,1002615,1002834,mother
7001,1002615,1003024,mother
7001,1002616,1002835,father
7001,1002616,1003026,father
7001,1002617,1002835,mother
7001,1002617,1003025,mother
7001,1002618,1002836,father
7001,1002618,1003027,father
7001,1002619,1002836,mother
7001,1002619,1003026,mother
7001,1002620,1002837,father
7001,1002620,1003028,father
7001,1002621,1002837,mother
7001,1002621,1003027,mother
7001,1002622,1002838,father
7001,1002622,1003029,father
7001,1002623,1002838,mother
7001,1002623,1003028,mother
7001,1002624,1002839,father
7001,1002624,1003030,father
7001,1002625,1002839,mother
7001,1002625,1003029,mother
7001,1002626,1002840,father
7001,1002626,1003031,father
7001,1002627,1002840,mother
7001,1002627,1003030,mother
7001,1002628,1002841,father
7001,1002628,1003032,father
7001,1002629,1002841,mother
7001,1002629,1003031,mother
7001,1002630,1002842,father
7001,1002630,1003033,father
7001,1002631,1002842,mother
7001,1002631,1003032,mother
7001,1002632,1002843,father
7001,1002632,1003034,father
7001,1002633,1002843,mother
7001,1002633,1003033,mother
7001,1002634,1002844,father
7001,1002634,1003035,father
7001,1002635,1002844,mother
7001,1002635,1003034,mother
7001,1002636,1002845,father
7001,1002636,1003036,father
7001,1002637,1002845,mother
7001,1002637,1003035,mother
7001,1002638,1002846,father
7001,1002638,1003037,father
7001,1002639,1002846,mother
7001,1002639,1003036,mother
7001,1002640,1002847,father
7001,1002640,1003038,father
7001,1002641,1002847,mother
7001,1002641,1003037,mother
7001,1002642,1002848,father
7001,1002642,1003039,father
7001,1002643,1002848,mother
7001,1002643,1003038,mother
7001,1002644,1002849,father
7001,1002644,1003040,father
7001,1002645,1002849,mother
7001,1002645,1003039,mother
7001,1002646,1002850,father
7001,1002646,1003041,father
7001,1002647,1002850,mother
7001,1002647,1003040,mother
7001,1002648,1002851,father
7001,1002648,1003042,father
7001,1002649,1002851,mother
7001,1002649,1003041,mother
7001,1002650,1002852,father
7001,1002650,1003043,father
7001,1002651,1002852,mother
7001,1002651,1003042,mother
7001,1002652,1002853,father
7001,1002652,1003044,father
7001,1002653,1002853,mother
7001,1002653,1003043,mother
7001,1002654,1002854,father
7001,1002654,1003045,father
7001,1002655,1002854,mother
7001,1002655,1003044,mother
7001,1002656,1002855,father
7001,1002656,1003046,father
7001,1002657,1002855,mother
7001,1002657,1003045,mother
7001,1002658,1002856,father
7001,1002658,1003047,father
7001,1002659,1002856,mother
7001,1002659,1003046,mother
7001,1002660,1002857,father
7001,1002660,1003048,father
7001,1002661,1002857,mother
7001,1002661,1003047,mother
7001,1002662,1002858,father
7001,1002662,1003049,father
7001,1002663,1002858,mother
7001,1002663,1003048,mother
7001,1002664,1002859,father
7001,1002664,1003050,father
7001,1002665,1002859,mother
7001,1002665,1003049,mother
7001,1002666,1002860,father
7001,1002666,1003051,father
7001,1002667,1002860,mother
7001,1002667,1003050,mother
7001,1002668,1002861,father
7001,1002668,1003052,father
7001,1002669,1002861,mother
7001,1002669,1003051,mother
7001,1002670,1002862,father
7001,1002670,1003053,father
7001,1002671,1002862,mother
7001,1002671,1003052,mother
7001,1002672,1002863,father
7001,1002672,1003054,father
7001,1002673,1003084,father
7001,1002673,1003290,father
7001,1002673,1003496,father
7001,1002674,1003084,mother
7001,1002674,1003289,mother
7001,1002674,1003494,mother
7001,1002675,1003085,father
7001,1002675,1003291,father
7001,1002675,1003497,father
7001,1002676,1003085,mother
7001,1002676,1003290,mother
7001,1002676,1003495,mother
7001,1002677,1003086,father
7001,1002677,1003292,father
7001,1002677,1003498,father
7001,1002678,1003086,mother
7001,1002678,1003291,mother
7001,1002678,1003496,mother
7001,1002679,1003087,father
7001,1002679,1003293,father
7001,1002679,1003499,father
7001,1002680,1003087,mother
7001,1002680,1003292,mother
7001,1002680,1003497,mother
7001,1002681,1003088,father
7001,1002681,1003294,father
7001,1002681,1003500,father
7001,1002682,1003088,mother
7001,1002682,1003293,mother
7001,1002682,1003498,mother
7001,1002683,1003089,father
7001,1002683,1003295,father
7001,1002683,1003501,father
7001,1002684,1003089,mother
7001,1002684,1003294,mother
7001,1002684,1003499,mother
7001,1002685,1003090,father
7001,1002685,1003296,father
7001,1002685,1003502,father
7001,1002686,1003090,mother
7001,1002686,1003295,mother
7001,1002686,1003500,mother
7001,1002687,1003091,father
7001,1002687,1003297,father
7001,1002687,1003503,father
7001,1002688,1003091,mother
7001,1002688,1003296,mother
7001,1002688,1003501,mother
7001,1002689,1003092,father
7001,1002689,1003298,father
7001,1002689,1003504,father
7001,1002690,1003092,mother
7001,1002690,1003297,mother
7001,1002690,1003502,mother
7001,1002691,1003093,father
7001,1002691,1003299,father
7001,1002691,1003505,father
7001,1002692,1003093,mother
7001,1002692,1003298,mother
7001,1002692,1003503,mother
7001,1002693,1003094,father
7001,1002693,1003300,father
7001,1002693,1003506,father
7001,1002694,1003094,mother
7001,1002694,1003299,mother
7001,1002694,1003504,mother
7001,1002695,1003095,father
7001,1002695,1003301,father
7001,1002695,1003507,father
7001,1002696,1003095,mother
7001,1002696,1003300,mother
7001,1002696,1003505,mother
7001,1002697,1003096,father
7001,1002697,1003302,father
7001,1002697,1003508,father
7001,1002698,1003096,mother
7001,1002698,1003301,mother
7001,1002698,1003506,mother
7001,1002699,1003097,father
7001,1002699,1003303,father
7001,1002699,1003509,father
7001,1002700,1003097,mother
7001,1002700,1003302,mother
7001,1002700,1003507,mother
7001,1002701,1003098,father
7001,1002701,1003304,father
7001,1002701,1003510,father
7001,1002702,1003098,mother
7001,1002702,1003303,mother
7001,1002702,1003508,mother
7001,1002703,1003099,father
7001,1002703,1003305,father
7001,1002703,1003511,father
7001,1002704,1003099,mother
7001,1002704,1003304,mother
7001,1002704,1003509,mother
7001,1002705,1003100,father
7001,1002705,1003306,father
7001,1002705,1003512,father
7001,1002706,1003100,mother
7001,1002706,1003305,mother
7001,1002706,1003510,mother
7001,1002707,1003101,father
7001,1002707,1003307,father
7001,1002707,1003513,father
7001,1002708,1003101,mother
7001,1002708,1003306,mother
7001,1002708,1003511,mother
7001,1002709,1003102,father
7001,1002709,1003308,father
7001,1002709,1003514,father
7001,1002710,1003102,mother
7001,1002710,1003307,mother
7001,1002710,1003512,mother
7001,1002711,1003103,father
7001,1002711,1003309,father
7001,1002711,1003515,father
7001,1002712,1003103,mother
7001,1002712,1003308,mother
7001,1002712,1003513,mother
7001,1002713,1003104,father
7001,1002713,1003310,father
7001,1002713,1003516,father
7001,1002714,1003104,mother
7001,1002714,1003309,mother
7001,1002714,1003514,mother
7001,1002715,1003105,father
7001,1002715,1003311,father
7001,1002715,1003517,father
7001,1002716,1003105,mother
7001,1002716,1003310,mother
7001,1002716,1003515,mother
7001,1002717,1003106,father
7001,1002717,1003312,father
7001,1002717,1003518,father
7001,1002718,1003106,mother
7001,1002718,1003311,mother
7001,1002718,1003516,mother
7001,1002719,1003107,father
7001,1002719,1003313,father
7001,1002719,1003519,father
7001,1002720,1003107,mother
7001,1002720,1003312,mother
7001,1002720,1003517,mother
7001,1002721,1003108,father
7001,1002721,1003314,father
7001,1002721,1003520,father
7001,1002722,1003108,mother
7001,1002722,1003313,mother
7001,1002722,1003518,mother
7001,1002723,1003109,father
7001,1002723,1003315,father
7001,1002723,1003521,father
7001,1002724,1003109,mother
7001,1002724,1003314,mother
7001,1002724,1003519,mother
7001,1002725,1003110,father
7001,1002725,1003316,father
7001,1002725,1003522,father
7001,1002726,1003110,mother
7001,1002726,1003315,mother
7001,1002726,1003520,mother
7001,1002727,1003111,father
7001,1002727,1003317,father
7001,1002727,1003523,father
7001,1002728,1003111,mother
7001,1002728,1003316,mother
7001,1002728,1003521,mother
7001,1002729,1003112,father
7001,1002729,1003318,father
7001,1002730,1003112,mother
7001,1002730,1003317,mother
7001,1002730,1003522,mother
7001,1002731,1003113,father
7001,1002731,1003319,father
7001,1002732,1003113,mother
7001,1002732,1003318,mother
7001,1002732,1003523,mother
7001,1002733,1003114,father
7001,1002733,1003320,father
7001,1002734,1003114,mother
7001,1002734,1003319,mother
7001,1002735,1003115,father
7001,1002735,1003321,father
7001,1002736,1003115,mother
7001,1002736,1003320,mother
7001,1002737,1003116,father
7001,1002737,1003322,father
7001,1002738,1003116,mother
7001,1002738,1003321,mother
7001,1002739,1003117,father
7001,1002739,1003323,father
7001,1002740,1003117,mother
7001,1002740,1003322,mother
7001,1002741,1003118,father
7001,1002741,1003324,father
7001,1002742,1003118,mother
7001,1002742,1003323,mother
7001,1002743,1003119,father
7001,1002743,1003325,father
7001,1002744,1003119,mother
7001,1002744,1003324,mother
7001,1002745,1003120,father
7001,1002745,1003326,father
7001,1002746,1003120,mother
7001,1002746,1003325,mother
7001,1002747,1003121,father
7001,1002747,1003327,father
7001,1002748,1003121,mother
7001,1002748,1003326,mother
7001,1002749,1003122,father
7001,1002749,1003328,father
7001,1002750,1003122,mother
7001,1002750,1003327,mother
7001,1002751,1003123,father
7001,1002751,1003329,father
7001,1002752,1003123,mother
7001,1002752,1003328,mother
7001,1002753,1003124,father
7001,1002753,1003330,father
7001,1002754,1003124,mother
7001,1002754,1003329,mother
7001,1002755,1003125,father
7001,1002755,1003331,father
7001,1002756,1003125,mother
7001,1002756,1003330,mother
7001,1002757,1003126,father
7001,1002757,1003332,father
7001,1002758,1003126,mother
7001,1002758,1003331,mother
7001,1002759,1003127,father
7001,1002759,1003333,father
7001,1002760,1003127,mother
7001,1002760,1003332,mother
7001,1002761,1003128,father
7001,1002761,1003334,father
7001,1002762,1003128,mother
7001,1002762,1003333,mother
7001,1002763,1003129,father
7001,1002763,1003335,father
7001,1002764,1003129,mother
7001,1002764,1003334,mother
7001,1002765,1003130,father
7001,1002765,1003336,father
7001,1002766,1003130,mother
7001,1002766,1003335,mother
7001,1002767,1003131,father
7001,1002767,1003337,father
7001,1002768,1003131,mother
7001,1002768,1003336,mother
7001,1002769,1003132,father
7001,1002769,1003338,father
7001,1002770,1003132,mother
7001,1002770,1003337,mother
7001,1002771,1003133,father
7001,1002771,1003339,father
7001,1002772,1003133,mother
7001,1002772,1003338,mother
7001,1002773,1003134,father
7001,1002773,1003340,father
7001,1002774,1003134,mother
7001,1002774,1003339,mother
7001,1002775,1003135,father
7001,1002775,1003341,father
7001,1002776,1003135,mother
7001,1002776,1003340,mother
7001,1002777,1003136,father
7001,1002777,1003342,father
7001,1002778,1003136,mother
7001,1002778,1003341,mother
7001,1002779,1003137,father
7001,1002779,1003343,father
7001,1002780,1003137,mother
7001,1002780,1003342,mother
7001,1002781,1003138,father
7001,1002781,1003344,father
7001,1002782,1003138,mother
7001,1002782,1003343,mother
7001,1002783,1003139,father
7001,1002783,1003345,father
7001,1002784,1003139,mother
7001,1002784,1003344,mother
7001,1002785,1003140,father
7001,1002785,1003346,father
7001,1002786,1003140,mother
7001,1002786,1003345,mother
7001,1002787,1003141,father
7001,1002787,1003347,father
7001,1002788,1003141,mother
7001,1002788,1003346,mother
7001,1002789,1003142,father
7001,1002789,1003348,father
7001,1002790,1003142,mother
7001,1002790,1003347,mother
7001,1002791,1003143,father
7001,1002791,1003349,father
7001,1002792,1003143,mother
7001,1002792,1003348,mother
7001,1002793,1003144,father
7001,1002793,1003350,father
7001,1002794,1003144,mother
7001,1002794,1003349,mother
7001,1002795,1003145,father
7001,1002795,1003351,father
7001,1002796,1003145,mother
7001,1002796,1003350,mother
7001,1002797,1003146,father
7001,1002797,1003352,father
7001,1002798,1003146,mother
7001,1002798,1003351,mother
7001,1002799,1003147,father
7001,1002799,1003353,father
7001,1002800,1003147,mother
7001,1002800,1003352,mother
7001,1002801,1003148,father
7001,1002801,1003354,father
7001,1002802,1003148,mother
7001,1002802,1003353,mother
7001,1002803,1003149,father
7001,1002803,1003355,father
7001,1002804,1003149,mother
7001,1002804,1003354,mother
7001,1002805,1003150,father
7001,1002805,1003356,father
7001,1002806,1003150,mother
7001,1002806,1003355,mother
7001,1002807,1003151,father
7001,1002807,1003357,father
7001,1002808,1003151,mother
7001,1002808,1003356,mother
7001,1002809,1003152,father
7001,1002809,1003358,father
7001,1002810,1003152,mother
7001,1002810,1003357,mother
7001,1002811,1003153,father
7001,1002811,1003359,father
7001,1002812,1003153,mother
7001,1002812,1003358,mother
7001,1002813,1003154,father
7001,1002813,1003360,father
7001,1002814,1003154,mother
7001,1002814,1003359,mother
7001,1002815,1003155,father
7001,1002815,1003361,father
7001,1002816,1003155,mother
7001,1002816,1003360,mother
7001,1002817,1003156,father
7001,1002817,1003362,father
7001,1002818,1003156,mother
7001,1002818,1003361,mother
7001,1002819,1003157,father
7001,1002819,1003363,father
7001,1002820,1003157,mother
7001,1002820,1003362,mother
7001,1002821,1003158,father
7001,1002821,1003364,father
7001,1002822,1003158,mother
7001,1002822,1003363,mother
7001,1002823,1003159,father
7001,1002823,1003365,father
7001,1002824,1003159,mother
7001,1002824,1003364,mother
7001,1002825,1003160,father
7001,1002825,1003366,father
7001,1002826,1003160,mother
7001,1002826,1003365,mother
7001,1002827,1003161,father
7001,1002827,1003367,father
7001,1002828,1003161,mother
7001,1002828,1003366,mother
7001,1002829,1003162,father
7001,1002829,1003368,father
7001,1002830,1003162,mother
7001,1002830,1003367,mother
7001,1002831,1003163,father
7001,1002831,1003369,father
7001,1002832,1003163,mother
7001,1002832,1003368,mother
7001,1002833,1003164,father
7001,1002833,1003370,father
7001,1002834,1003164,mother
7001,1002834,1003369,mother
7001,1002835,1003165,father
7001,1002835,1003371,father
7001,1002836,1003165,mother
7001,1002836,1003370,mother
7001,1002837,1003166,father
7001,1002837,1003372,father
7001,1002838,1003166,mother
7001,1002838,1003371,mother
7001,1002839,1003167,father
7001,1002839,1003373,father
7001,1002840,1003167,mother
7001,1002840,1003372,mother
7001,1002841,1003168,father
7001,1002841,1003374,father
7001,1002842,1003168,mother
7001,1002842,1003373,mother
7001,1002843,1003169,father
7001,1002843,1003375,father
7001,1002844,1003169,mother
7001,1002844,1003374,mother
7001,1002845,1003170,father
7001,1002845,1003376,father
7001,1002846,1003170,mother
7001,1002846,1003375,mother
7001,1002847,1003171,father
7001,1002847,1003377,father
7001,1002848,1003171,mother
7001,1002848,1003376,mother
7001,1002849,1003172,father
7001,1002849,1003378,father
7001,1002850,1003172,mother
7001,1002850,1003377,mother
7001,1002851,1003173,father
7001,1002851,1003379,father
7001,1002852,1003173,mother
7001,1002852,1003378,mother
7001,1002853,1003174,father
7001,1002853,1003380,father
7001,1002854,1003174,mother
7001,1002854,1003379,mother
7001,1002855,1003175,father
7001,1002855,1003381,father
7001,1002856,1003175,mother
7001,1002856,1003380,mother
7001,1002857,1003176,father
7001,1002857,1003382,father
7001,1002858,1003176,mother
7001,1002858,1003381,mother
7001,1002859,1003177,father
7001,1002859,1003383,father
7001,1002860,1003177,mother
7001,1002860,1003382,mother
7001,1002861,1003178,father
7001,1002861,1003384,father
7001,1002862,1003178,mother
7001,1002862,1003383,mother
7001,1002863,1003179,father
7001,1002863,1003385,father
7001,1002864,1003179,mother
7001,1002864,1003384,mother
7001,1002865,1003180,father
7001,1002865,1003386,father
7001,1002866,1003180,mother
7001,1002866,1003385,mother
7001,1002867,1003181,father
7001,1002867,1003387,father
7001,1002868,1003181,mother
7001,1002868,1003386,mother
7001,1002869,1003182,father
7001,1002869,1003388,father
7001,1002870,1003182,mother
7001,1002870,1003387,mother
7001,1002871,1003183,father
7001,1002871,1003389,father
7001,1002872,1003183,mother
7001,1002872,1003388,mother
7001,1002873,1003184,father
7001,1002873,1003390,father
7001,1002874,1003184,mother
7001,1002874,1003389,mother
7001,1002875,1003185,father
7001,1002875,1003391,father
7001,1002876,1003185,mother
7001,1002876,1003390,mother
7001,1002877,1003186,father
7001,1002877,1003392,father
7001,1002878,1003186,mother
7001,1002878,1003391,mother
7001,1002879,1003187,father
7001,1002879,1003393,father
7001,1002880,1003187,mother
7001,1002880,1003392,mother
7001,1002881,1003188,father
7001,1002881,1003394,father
7001,1002882,1003188,mother
7001,1002882,1003393,mother
7001,1002883,1003189,father
7001,1002883,1003395,father
7001,1002884,1003189,mother
7001,1002884,1003394,mother
7001,1002885,1003190,father
7001,1002885,1003396,father
7001,1002886,1003190,mother
7001,1002886,1003395,mother
7001,1002887,1003191,father
7001,1002887,1003397,father
7001,1002888,1003191,mother
7001,1002888,1003396,mother
7001,1002889,1003192,father
7001,1002889,1003398,father
7001,1002890,1003192,mother
7001,1002890,1003397,mother
7001,1002891,1003193,father
7001,1002891,1003399,father
7001,1002892,1003193,mother
7001,1002892,1003398,mother
7001,1002893,1003194,father
7001,1002893,1003400,father
7001,1002894,1003194,mother
7001,1002894,1003399,mother
7001,1002895,1003195,father
7001,1002895,1003401,father
7001,1002896,1003195,mother
7001,1002896,1003400,mother
7001,1002897,1003196,father
7001,1002897,1003402,father
7001,1002898,1003196,mother
7001,1002898,1003401,mother
7001,1002899,1003197,father
7001,1002899,1003403,father
7001,1002900,1003197,mother
7001,1002900,1003402,mother
7001,1002901,1003198,father
7001,1002901,1003404,father
7001,1002902,1003198,mother
7001,1002902,1003403,mother
7001,1002903,1003199,father
7001,1002903,1003405,father
7001,1002904,1003199,mother
7001,1002904,1003404,mother
7001,1002905,1003200,father
7001,1002905,1003406,father
7001,1002906,1003200,mother
7001,1002906,1003405,mother
7001,1002907,1003201,father
7001,1002907,1003407,father
7001,1002908,1003201,mother
7001,1002908,1003406,mother
7001,1002909,1003202,father
7001,1002909,1003408,father
7001,1002910,1003202,mother
7001,1002910,1003407,mother
7001,1002911,1003203,father
7001,1002911,1003409,father
7001,1002912,1003203,mother
7001,1002912,1003408,mother
7001,1002913,1003204,father
7001,1002913,1003410,father
7001,1002914,1003204,mother
7001,1002914,1003409,mother
7001,1002915,1003205,father
7001,1002915,1003411,father
7001,1002916,1003205,mother
7001,1002916,1003410,mother
7001,1002917,1003206,father
7001,1002917,1003412,father
7001,1002918,1003206,mother
7001,1002918,1003411,mother
7001,1002919,1003207,father
7001,1002919,1003413,father
7001,1002920,1003207,mother
7001,1002920,1003412,mother
7001,1002921,1003208,father
7001,1002921,1003414,father
7001,1002922,1003208,mother
7001,1002922,1003413,mother
7001,1002923,1003209,father
7001,1002923,1003415,father
7001,1002924,1003209,mother
7001,1002924,1003414,mother
7001,1002925,1003210,father
7001,1002925,1003416,father
7001,1002926,1003210,mother
7001,1002926,1003415,mother
7001,1002927,1003211,father
7001,1002927,1003417,father
7001,1002928,1003211,mother
7001,1002928,1003416,mother
7001,1002929,1003212,father
7001,1002929,1003418,father
7001,1002930,1003212,mother
7001,1002930,1003417,mother
7001,1002931,1003213,father
7001,1002931,1003419,father
7001,1002932,1003213,mother
7001,1002932,1003418,mother
7001,1002933,1003214,father
7001,1002933,1003420,father
7001,1002934,1003214,mother
7001,1002934,1003419,mother
7001,1002935,1003215,father
7001,1002935,1003421,father
7001,1002936,1003215,mother
7001,1002936,1003420,mother
7001,1002937,1003216,father
7001,1002937,1003422,father
7001,1002938,1003216,mother
7001,1002938,1003421,mother
7001,1002939,1003217,father
7001,1002939,1003423,father
7001,1002940,1003217,mother
7001,1002940,1003422,mother
7001,1002941,1003218,father
7001,1002941,1003424,father
7001,1002942,1003218,mother
7001,1002942,1003423,mother
7001,1002943,1003219,father
7001,1002943,1003425,father
7001,1002944,1003219,mother
7001,1002944,1003424,mother
7001,1002945,1003220,father
7001,1002945,1003426,father
7001,1002946,1003220,mother
7001,1002946,1003425,mother
7001,1002947,1003221,father
7001,1002947,1003427,father
7001,1002948,1003221,mother
7001,1002948,1003426,mother
7001,1002949,1003222,father
7001,1002949,1003428,father
7001,1002950,1003222,mother
7001,1002950,1003427,mother
7001,1002951,1003223,father
7001,1002951,1003429,father
7001,1002952,1003223,mother
7001,1002952,1003428,mother
7001,1002953,1003224,father
7001,1002953,1003430,father
7001,1002954,1003224,mother
7001,1002954,1003429,mother
7001,1002955,1003225,father
7001,1002955,1003431,father
7001,1002956,1003225,mother
7001,1002956,1003430,mother
7001,1002957,1003226,father
7001,1002957,1003432,father
7001,1002958,1003226,mother
7001,1002958,1003431,mother
7001,1002959,1003227,father
7001,1002959,1003433,father
7001,1002960,1003227,mother
7001,1002960,1003432,mother
7001,1002961,1003228,father
7001,1002961,1003434,father
7001,1002962,1003228,mother
7001,1002962,1003433,mother
7001,1002963,1003229,father
7001,1002963,1003435,father
7001,1002964,1003229,mother
7001,1002964,1003434,mother
7001,1002965,1003230,father
7001,1002965,1003436,father
7001,1002966,1003230,mother
7001,1002966,1003435,mother
7001,1002967,1003231,father
7001,1002967,1003437,father
7001,1002968,1003231,mother
7001,1002968,1003436,mother
7001,1002969,1003232,father
7001,1002969,1003438,father
7001,1002970,1003232,mother
7001,1002970,1003437,mother
7001,1002971,1003233,father
7001,1002971,1003439,father
7001,1002972,1003233,mother
7001,1002972,1003438,mother
7001,1002973,1003234,father
7001,1002973,1003440,father
7001,1002974,1003234,mother
7001,1002974,1003439,mother
7001,1002975,1003235,father
7001,1002975,1003441,father
7001,1002976,1003235,mother
7001,1002976,1003440,mother
7001,1002977,1003236,father
7001,1002977,1003442,father
7001,1002978,1003236,mother
7001,1002978,1003441,mother
7001,1002979,1003237,father
7001,1002979,1003443,father
7001,1002980,1003237,mother
7001,1002980,1003442,mother
7001,1002981,1003238,father
7001,1002981,1003444,father
7001,1002982,1003238,mother
7001,1002982,1003443,mother
7001,1002983,1003239,father
7001,1002983,1003445,father
7001,1002984,1003239,mother
7001,1002984,1003444,mother
7001,1002985,1003240,father
7001,1002985,1003446,father
7001,1002986,1003240,mother
7001,1002986,1003445,mother
7001,1002987,1003241,father
7001,1002987,1003447,father
7001,1002988,1003241,mother
7001,1002988,1003446,mother
7001,1002989,1003242,father
7001,1002989,1003448,father
7001,1002990,1003242,mother
7001,1002990,1003447,mother
7001,1002991,1003243,father
7001,1002991,1003449,father
7001,1002992,1003243,mother
7001,1002992,1003448,mother
7001,1002993,1003244,father
7001,1002993,1003450,father
7001,1002994,1003244,mother
7001,1002994,1003449,mother
7001,1002995,1003245,father
7001,1002995,1003451,father
7001,1002996,1003245,mother
7001,1002996,1003450,mother
7001,1002997,1003246,father
7001,1002997,1003452,father
7001,1002998,1003246,mother
7001,1002998,1003451,mother
7001,1002999,1003247,father
7001,1002999,1003453,father
7001,1003000,1003247,mother
7001,1003000,1003452,mother
7001,1003001,1003248,father
7001,1003001,1003454,father
7001,1003002,1003248,mother
7001,1003002,1003453,mother
7001,1003003,1003249,father
7001,1003003,1003455,father
7001,1003004,1003249,mother
7001,1003004,1003454,mother
7001,1003005,1003250,father
7001,1003005,1003456,father
7001,1003006,1003250,mother
7001,1003006,1003455,mother
7001,1003007,1003251,father
7001,1003007,1003457,father
7001,1003008,1003251,mother
7001,1003008,1003456,mother
7001,1003009,1003252,father
7001,1003009,1003458,father
7001,1003010,1003252,mother
7001,1003010,1003457,mother
7001,1003011,1003253,father
7001,1003011,1003459,father
7001,1003012,1003253,mother
7001,1003012,1003458,mother
7001,1003013,1003254,father
7001,1003013,1003460,father
7001,1003014,1003254,mother
7001,1003014,1003459,mother
7001,1003015,1003255,father
7001,1003015,1003461,father
7001,1003016,1003255,mother
7001,1003016,1003460,mother
7001,1003017,1003256,father
7001,1003017,1003462,father
7001,1003018,1003256,mother
7001,1003018,1003461,mother
7001,1003019,1003257,father
7001,1003019,1003463,father
7001,1003020,1003257,mother
7001,1003020,1003462,mother
7001,1003021,1003258,father
7001,1003021,1003464,father
7001,1003022,1003258,mother
7001,1003022,1003463,mother
7001,1003023,1003259,father
7001,1003023,1003465,father
7001,1003024,1003259,mother
7001,1003024,1003464,mother
7001,1003025,1003260,father
7001,1003025,1003466,father
7001,1003026,1003260,mother
7001,1003026,1003465,mother
7001,1003027,1003261,father
7001,1003027,1003467,father
7001,1003028,1003261,mother
7001,1003028,1003466,mother
7001,1003029,1003262,father
7001,1003029,1003468,father
7001,1003030,1003262,mother
7001,1003030,1003467,mother
7001,1003031,1003263,father
7001,1003031,1003469,father
7001,1003032,1003263,mother
7001,1003032,1003468,mother
7001,1003033,1003264,father
7001,1003033,1003470,father
7001,1003034,1003264,mother
7001,1003034,1003469,mother
7001,1003035,1003265,father
7001,1003035,1003471,father
7001,1003036,1003265,mother
7001,1003036,1003470,mother
7001,1003037,1003266,father
7001,1003037,1003472,father
7001,1003038,1003266,mother
7001,1003038,1003471,mother
7001,1003039,1003267,father
7001,1003039,1003473,father
7001,1003040,1003267,mother
7001,1003040,1003472,mother
7001,1003041,1003268,father
7001,1003041,1003474,father
7001,1003042,1003268,mother
7001,1003042,1003473,mother
7001,1003043,1003269,father
7001,1003043,1003475,father
7001,1003044,1003269,mother
7001,1003044,1003474,mother
7001,1003045,1003270,father
7001,1003045,1003476,father
7001,1003046,1003270,mother
7001,1003046,1003475,mother
7001,1003047,1003271,father
7001,1003047,1003477,father
7001,1003048,1003271,mother
7001,1003048,1003476,mother
7001,1003049,1003272,father
7001,1003049,1003478,father
7001,1003050,1003272,mother
7001,1003050,1003477,mother
7001,1003051,1003273,father
7001,1003051,1003479,father
7001,1003052,1003273,mother
7001,1003052,1003478,mother
7001,1003053,1003274,father
7001,1003053,1003480,father
7001,1003054,1003274,mother
7001,1003054,1003479,mother
7001,1003055,1003275,father
7001,1003055,1003481,father
7001,1003056,1003275,mother
7001,1003056,1003480,mother
7001,1003057,1003276,father
7001,1003057,1003482,father
7001,1003058,1003276,mother
7001,1003058,1003481,mother
7001,1003059,1003277,father
7001,1003059,1003483,father
7001,1003060,1003277,mother
7001,1003060,1003482,mother
7001,1003061,1003278,father
7001,1003061,1003484,father
7001,1003062,1003278,mother
7001,1003062,1003483,mother
7001,1003063,1003279,father
7001,1003063,1003485,father
7001,1003064,1003279,mother
7001,1003064,1003484,mother
7001,1003065,1003280,father
7001,1003065,1003486,father
7001,1003066,1003280,mother
7001,1003066,1003485,mother
7001,1003067,1003281,father
7001,1003067,1003487,father
7001,1003068,1003281,mother
7001,1003068,1003486,mother
7001,1003069,1003282,father
7001,1003069,1003488,father
7001,1003070,1003282,mother
7001,1003070,1003487,mother
7001,1003071,1003283,father
7001,1003071,1003489,father
7001,1003072,1003283,mother
7001,1003072,1003488,mother
7001,1003073,1003284,father
7001,1003073,1003490,father
7001,1003074,1003284,mother
7001,1003074,1003489,mother
7001,1003075,1003285,father
7001,1003075,1003491,father
7001,1003076,1003285,mother
7001,1003076,1003490,mother
7001,1003077,1003286,father
7001,1003077,1003492,father
7001,1003078,1003286,mother
7001,1003078,1003491,mother
7001,1003079,1003287,father
7001,1003079,1003493,father
7001,1003080,1003287,mother
7001,1003080,1003492,mother
7001,1003081,1003288,father
7001,1003081,1003494,father
7001,1003082,1003288,mother
7001,1003082,1003493,mother
7001,1003083,1003289,father
7001,1003083,1003495,father
7001,1003084,1003524,father
7001,1003084,1003744,father
7001,1003084,1003964,father
7001,1003085,1003524,mother
7001,1003085,1003744,mother
7001,1003085,1003964,mother
7001,1003086,1003525,father
7001,1003086,1003745,father
7001,1003086,1003965,father
7001,1003087,1003525,mother
7001,1003087,1003745,mother
7001,1003087,1003965,mother
7001,1003088,1003526,father
7001,1003088,1003746,father
7001,1003088,1003966,father
7001,1003089,1003526,mother
7001,1003089,1003746,mother
7001,1003089,1003966,mother
7001,1003090,1003527,father
7001,1003090,1003747,father
7001,1003090,1003967,father
7001,1003091,1003527,mother
7001,1003091,1003747,mother
7001,1003091,1003967,mother
7001,1003092,1003528,father
7001,1003092,1003748,father
7001,1003092,1003968,father
7001,1003093,1003528,mother
7001,1003093,1003748,mother
7001,1003093,1003968,mother
7001,1003094,1003529,father
7001,1003094,1003749,father
7001,1003094,1003969,father
7001,1003095,1003529,mother
7001,1003095,1003749,mother
7001,1003095,1003969,mother
7001,1003096,1003530,father
7001,1003096,1003750,father
7001,1003096,1003970,father
7001,1003097,1003530,mother
7001,1003097,1003750,mother
7001,1003097,1003970,mother
7001,1003098,1003531,father
7001,1003098,1003751,father
7001,1003098,1003971,father
7001,1003099,1003531,mother
7001,1003099,1003751,mother
7001,1003099,1003971,mother
7001,1003100,1003532,father
7001,1003100,1003752,father
7001,1003100,1003972,father
7001,1003101,1003532,mother
7001,1003101,1003752,mother
7001,1003101,1003972,mother
7001,1003102,1003533,father
7001,1003102,1003753,father
7001,1003102,1003973,father
7001,1003103,1003533,mother
7001,1003103,1003753,mother
7001,1003103,1003973,mother
7001,1003104,1003534,father
7001,1003104,1003754,father
7001,1003104,1003974,father
7001,1003105,1003534,mother
7001,1003105,1003754,mother
7001,1003105,1003974,mother
7001,1003106,1003535,father
7001,1003106,1003755,father
7001,1003106,1003975,father
7001,1003107,1003535,mother
7001,1003107,1003755,mother
7001,1003107,1003975,mother
7001,1003108,1003536,father
7001,1003108,1003756,father
7001,1003108,1003976,father
7001,1003109,1003536,mother
7001,1003109,1003756,mother
7001,1003109,1003976,mother
7001,1003110,1003537,father
7001,1003110,1003757,father
7001,1003110,1003977,father
7001,1003111,1003537,mother
7001,1003111,1003757,mother
7001,1003111,1003977,mother
7001,1003112,1003538,father
7001,1003112,1003758,father
7001,1003112,1003978,father
7001,1003113,1003538,mother
7001,1003113,1003758,mother
7001,1003113,1003978,mother
7001,1003114,1003539,father
7001,1003114,1003759,father
7001,1003114,1003979,father
7001,1003115,1003539,mother
7001,1003115,1003759,mother
7001,1003115,1003979,mother
7001,1003116,1003540,father
7001,1003116,1003760,father
7001,1003116,1003980,father
7001,1003117,1003540,mother
7001,1003117,1003760,mother
7001,1003117,1003980,mother
7001,1003118,1003541,father
7001,1003118,1003761,father
7001,1003118,1003981,father
7001,1003119,1003541,mother
7001,1003119,1003761,mother
7001,1003119,1003981,mother
7001,1003120,1003542,father
7001,1003120,1003762,father
7001,1003120,1003982,father
7001,1003121,1003542,mother
7001,1003121,1003762,mother
7001,1003121,1003982,mother
7001,1003122,1003543,father
7001,1003122,1003763,father
7001,1003122,1003983,father
7001,1003123,1003543,mother
7001,1003123,1003763,mother
7001,1003123,1003983,mother
7001,1003124,1003544,father
7001,1003124,1003764,father
7001,1003124,1003984,father
7001,1003125,1003544,mother
7001,1003125,1003764,mother
7001,1003125,1003984,mother
7001,1003126,1003545,father
7001,1003126,1003765,father
7001,1003126,1003985,father
7001,1003127,1003545,mother
7001,1003127,1003765,mother
7001,1003127,1003985,mother
7001,1003128,1003546,father
7001,1003128,1003766,father
7001,1003128,1003986,father
7001,1003129,1003546,mother
7001,1003129,1003766,mother
7001,1003129,1003986,mother
7001,1003130,1003547,father
7001,1003130,1003767,father
7001,1003130,1003987,father
7001,1003131,1003547,mother
7001,1003131,1003767,mother
7001,1003131,1003987,mother
7001,1003132,1003548,father
7001,1003132,1003768,father
7001,1003132,1003988,father
7001,1003133,1003548,mother
7001,1003133,1003768,mother
7001,1003133,1003988,mother
7001,1003134,1003549,father
7001,1003134,1003769,father
7001,1003134,1003989,father
7001,1003135,1003549,mother
7001,1003135,1003769,mother
7001,1003135,1003989,mother
7001,1003136,1003550,father
7001,1003136,1003770,father
7001,1003136,1003990,father
7001,1003137,1003550,mother
7001,1003137,1003770,mother
7001,1003137,1003990,mother
7001,1003138,1003551,father
7001,1003138,1003771,father
7001,1003138,1003991,father
7001,1003139,1003551,mother
7001,1003139,1003771,mother
7001,1003139,1003991,mother
7001,1003140,1003552,father
7001,1003140,1003772,father
7001,1003140,1003992,father
7001,1003141,1003552,mother
7001,1003141,1003772,mother
7001,1003141,1003992,mother
7001,1003142,1003553,father
7001,1003142,1003773,father
7001,1003143,1003553,mother
7001,1003143,1003773,mother
7001,1003144,1003554,father
7001,1003144,1003774,father
7001,1003145,1003554,mother
7001,1003145,1003774,mother
7001,1003146,1003555,father
7001,1003146,1003775,father
7001,1003147,1003555,mother
7001,1003147,1003775,mother
7001,1003148,1003556,father
7001,1003148,1003776,father
7001,1003149,1003556,mother
7001,1003149,1003776,mother
7001,1003150,1003557,father
7001,1003150,1003777,father
7001,1003151,1003557,mother
7001,1003151,1003777,mother
7001,1003152,1003558,father
7001,1003152,1003778,father
7001,1003153,1003558,mother
7001,1003153,1003778,mother
7001,1003154,1003559,father
7001,1003154,1003779,father
7001,1003155,1003559,mother
7001,1003155,1003779,mother
7001,1003156,1003560,father
7001,1003156,1003780,father
7001,1003157,1003560,mother
7001,1003157,1003780,mother
7001,1003158,1003561,father
7001,1003158,1003781,father
7001,1003159,1003561,mother
7001,1003159,1003781,mother
7001,1003160,1003562,father
7001,1003160,1003782,father
7001,1003161,1003562,mother
7001,1003161,1003782,mother
7001,1003162,1003563,father
7001,1003162,1003783,father
7001,1003163,1003563,mother
7001,1003163,1003783,mother
7001,1003164,1003564,father
7001,1003164,1003784,father
7001,1003165,1003564,mother
7001,1003165,1003784,mother
7001,1003166,1003565,father
7001,1003166,1003785,father
7001,1003167,1003565,mother
7001,1003167,1003785,mother
7001,1003168,1003566,father
7001,1003168,1003786,father
7001,1003169,1003566,mother
7001,1003169,1003786,mother
7001,1003170,1003567,father
7001,1003170,1003787,father
7001,1003171,1003567,mother
7001,1003171,1003787,mother
7001,1003172,1003568,father
7001,1003172,1003788,father
7001,1003173,1003568,mother
7001,1003173,1003788,mother
7001,1003174,1003569,father
7001,1003174,1003789,father
7001,1003175,1003569,mother
7001,1003175,1003789,mother
7001,1003176,1003570,father
7001,1003176,1003790,father
7001,1003177,1003570,mother
7001,1003177,1003790,mother
7001,1003178,1003571,father
7001,1003178,1003791,father
7001,1003179,1003571,mother
7001,1003179,1003791,mother
7001,1003180,1003572,father
7001,1003180,1003792,father
7001,1003181,1003572,mother
7001,1003181,1003792,mother
7001,1003182,1003573,father
7001,1003182,1003793,father
7001,1003183,1003573,mother
7001,1003183,1003793,mother
7001,1003184,1003574,father
7001,1003184,1003794,father
7001,1003185,1003574,mother
7001,1003185,1003794,mother
7001,1003186,1003575,father
7001,1003186,1003795,father
7001,1003187,1003575,mother
7001,1003187,1003795,mother
7001,1003188,1003576,father
7001,1003188,1003796,father
7001,1003189,1003576,mother
7001,1003189,1003796,mother
7001,1003190,1003577,father
7001,1003190,1003797,father
7001,1003191,1003577,mother
7001,1003191,1003797,mother
7001,1003192,1003578,father
7001,1003192,1003798,father
7001,1003193,1003578,mother
7001,1003193,1003798,mother
7001,1003194,1003579,father
7001,1003194,1003799,father
7001,1003195,1003579,mother
7001,1003195,1003799,mother
7001,1003196,1003580,father
7001,1003196,1003800,father
7001,1003197,1003580,mother
7001,1003197,1003800,mother
7001,1003198,1003581,father
7001,1003198,1003801,father
7001,1003199,1003581,mother
7001,1003199,1003801,mother
7001,1003200,1003582,father
7001,1003200,1003802,father
7001,1003201,1003582,mother
7001,1003201,1003802,mother
7001,1003202,1003583,father
7001,1003202,1003803,father
7001,1003203,1003583,mother
7001,1003203,1003803,mother
7001,1003204,1003584,father
7001,1003204,1003804,father
7001,1003205,1003584,mother
7001,1003205,1003804,mother
7001,1003206,1003585,father
7001,1003206,1003805,father
7001,1003207,1003585,mother
7001,1003207,1003805,mother
7001,1003208,1003586,father
7001,1003208,1003806,father
7001,1003209,1003586,mother
7001,1003209,1003806,mother
7001,1003210,1003587,father
7001,1003210,1003807,father
7001,1003211,1003587,mother
7001,1003211,1003807,mother
7001,1003212,1003588,father
7001,1003212,1003808,father
7001,1003213,1003588,mother
7001,1003213,1003808,mother
7001,1003214,1003589,father
7001,1003214,1003809,father
7001,1003215,1003589,mother
7001,1003215,1003809,mother
7001,1003216,1003590,father
7001,1003216,1003810,father
7001,1003217,1003590,mother
7001,1003217,1003810,mother
7001,1003218,1003591,father
7001,1003218,1003811,father
7001,1003219,1003591,mother
7001,1003219,1003811,mother
7001,1003220,1003592,father
7001,1003220,1003812,father
7001,1003221,1003592,mother
7001,1003221,1003812,mother
7001,1003222,1003593,father
7001,1003222,1003813,father
7001,1003223,1003593,mother
7001,1003223,1003813,mother
7001,1003224,1003594,father
7001,1003224,1003814,father
7001,1003225,1003594,mother
7001,1003225,1003814,mother
7001,1003226,1003595,father
7001,1003226,1003815,father
7001,1003227,1003595,mother
7001,1003227,1003815,mother
7001,1003228,1003596,father
7001,1003228,1003816,father
7001,1003229,1003596,mother
7001,1003229,1003816,mother
7001,1003230,1003597,father
7001,1003230,1003817,father
7001,1003231,1003597,mother
7001,1003231,1003817,mother
7001,1003232,1003598,father
7001,1003232,1003818,father
7001,1003233,1003598,mother
7001,1003233,1003818,mother
7001,1003234,1003599,father
7001,1003234,1003819,father
7001,1003235,1003599,mother
7001,1003235,1003819,mother
7001,1003236,1003600,father
7001,1003236,1003820,father
7001,1003237,1003600,mother
7001,1003237,1003820,mother
7001,1003238,1003601,father
7001,1003238,1003821,father
7001,1003239,1003601,mother
7001,1003239,1003821,mother
7001,1003240,1003602,father
7001,1003240,1003822,father
7001,1003241,1003602,mother
7001,1003241,1003822,mother
7001,1003242,1003603,father
7001,1003242,1003823,father
7001,1003243,1003603,mother
7001,1003243,1003823,mother
7001,1003244,1003604,father
7001,1003244,1003824,father
7001,1003245,1003604,mother
7001,1003245,1003824,mother
7001,1003246,1003605,father
7001,1003246,1003825,father
7001,1003247,1003605,mother
7001,1003247,1003825,mother
7001,1003248,1003606,father
7001,1003248,1003826,father
7001,1003249,1003606,mother
7001,1003249,1003826,mother
7001,1003250,1003607,father
7001,1003250,1003827,father
7001,1003251,1003607,mother
7001,1003251,1003827,mother
7001,1003252,1003608,father
7001,1003252,1003828,father
7001,1003253,1003608,mother
7001,1003253,1003828,mother
7001,1003254,1003609,father
7001,1003254,1003829,father
7001,1003255,1003609,mother
7001,1003255,1003829,mother
7001,1003256,1003610,father
7001,1003256,1003830,father
7001,1003257,1003610,mother
7001,1003257,1003830,mother
7001,1003258,1003611,father
7001,1003258,1003831,father
7001,1003259,1003611,mother
7001,1003259,1003831,mother
7001,1003260,1003612,father
7001,1003260,1003832,father
7001,1003261,1003612,mother
7001,1003261,1003832,mother
7001,1003262,1003613,father
7001,1003262,1003833,father
7001,1003263,1003613,mother
7001,1003263,1003833,mother
7001,1003264,1003614,father
7001,1003264,1003834,father
7001,1003265,1003614,mother
7001,1003265,1003834,mother
7001,1003266,1003615,father
7001,1003266,1003835,father
7001,1003267,1003615,mother
7001,1003267,1003835,mother
7001,1003268,1003616,father
7001,1003268,1003836,father
7001,1003269,1003616,mother
7001,1003269,1003836,mother
7001,1003270,1003617,father
7001,1003270,1003837,father
7001,1003271,1003617,mother
7001,1003271,1003837,mother
7001,1003272,1003618,father
7001,1003272,1003838,father
7001,1003273,1003618,mother
7001,1003273,1003838,mother
7001,1003274,1003619,father
7001,1003274,1003839,father
7001,1003275,1003619,mother
7001,1003275,1003839,mother
7001,1003276,1003620,father
7001,1003276,1003840,father
7001,1003277,1003620,mother
7001,1003277,1003840,mother
7001,1003278,1003621,father
7001,1003278,1003841,father
7001,1003279,1003621,mother
7001,1003279,1003841,mother
7001,1003280,1003622,father
7001,1003280,1003842,father
7001,1003281,1003622,mother
7001,1003281,1003842,mother
7001,1003282,1003623,father
7001,1003282,1003843,father
7001,1003283,1003623,mother
7001,1003283,1003843,mother
7001,1003284,1003624,father
7001,1003284,1003844,father
7001,1003285,1003624,mother
7001,1003285,1003844,mother
7001,1003286,1003625,father
7001,1003286,1003845,father
7001,1003287,1003625,mother
7001,1003287,1003845,mother
7001,1003288,1003626,father
7001,1003288,1003846,father
7001,1003289,1003626,mother
7001,1003289,1003846,mother
7001,1003290,1003627,father
7001,1003290,1003847,father
7001,1003291,1003627,mother
7001,1003291,1003847,mother
7001,1003292,1003628,father
7001,1003292,1003848,father
7001,1003293,1003628,mother
7001,1003293,1003848,mother
7001,1003294,1003629,father
7001,1003294,1003849,father
7001,1003295,1003629,mother
7001,1003295,1003849,mother
7001,1003296,1003630,father
7001,1003296,1003850,father
7001,1003297,1003630,mother
7001,1003297,1003850,mother
7001,1003298,1003631,father
7001,1003298,1003851,father
7001,1003299,1003631,mother
7001,1003299,1003851,mother
7001,1003300,1003632,father
7001,1003300,1003852,father
7001,1003301,1003632,mother
7001,1003301,1003852,mother
7001,1003302,1003633,father
7001,1003302,1003853,father
7001,1003303,1003633,mother
7001,1003303,1003853,mother
7001,1003304,1003634,father
7001,1003304,1003854,father
7001,1003305,1003634,mother
7001,1003305,1003854,mother
7001,1003306,1003635,father
7001,1003306,1003855,father
7001,1003307,1003635,mother
7001,1003307,1003855,mother
7001,1003308,1003636,father
7001,1003308,1003856,father
7001,1003309,1003636,mother
7001,1003309,1003856,mother
7001,1003310,1003637,father
7001,1003310,1003857,father
7001,1003311,1003637,mother
7001,1003311,1003857,mother
7001,1003312,1003638,father
7001,1003312,1003858,father
7001,1003313,1003638,mother
7001,1003313,1003858,mother
7001,1003314,1003639,father
7001,1003314,1003859,father
7001,1003315,1003639,mother
7001,1003315,1003859,mother
7001,1003316,1003640,father
7001,1003316,1003860,father
7001,1003317,1003640,mother
7001,1003317,1003860,mother
7001,1003318,1003641,father
7001,1003318,1003861,father
7001,1003319,1003641,mother
7001,1003319,1003861,mother
7001,1003320,1003642,father
7001,1003320,1003862,father
7001,1003321,1003642,mother
7001,1003321,1003862,mother
7001,1003322,1003643,father
7001,1003322,1003863,father
7001,1003323,1003643,mother
7001,1003323,1003863,mother
7001,1003324,1003644,father
7001,1003324,1003864,father
7001,1003325,1003644,mother
7001,1003325,1003864,mother
7001,1003326,1003645,father
7001,1003326,1003865,father
7001,1003327,1003645,mother
7001,1003327,1003865,mother
7001,1003328,1003646,father
7001,1003328,1003866,father
7001,1003329,1003646,mother
7001,1003329,1003866,mother
7001,1003330,1003647,father
7001,1003330,1003867,father
7001,1003331,1003647,mother
7001,1003331,1003867,mother
7001,1003332,1003648,father
7001,1003332,1003868,father
7001,1003333,1003648,mother
7001,1003333,1003868,mother
7001,1003334,1003649,father
7001,1003334,1003869,father
7001,1003335,1003649,mother
7001,1003335,1003869,mother
7001,1003336,1003650,father
7001,1003336,1003870,father
7001,1003337,1003650,mother
7001,1003337,1003870,mother
7001,1003338,1003651,father
7001,1003338,1003871,father
7001,1003339,1003651,mother
7001,1003339,1003871,mother
7001,1003340,1003652,father
7001,1003340,1003872,father
7001,1003341,1003652,mother
7001,1003341,1003872,mother
7001,1003342,1003653,father
7001,1003342,1003873,father
7001,1003343,1003653,mother
7001,1003343,1003873,mother
7001,1003344,1003654,father
7001,1003344,1003874,father
7001,1003345,1003654,mother
7001,1003345,1003874,mother
7001,1003346,1003655,father
7001,1003346,1003875,father
7001,1003347,1003655,mother
7001,1003347,1003875,mother
7001,1003348,1003656,father
7001,1003348,1003876,father
7001,1003349,1003656,mother
7001,1003349,1003876,mother
7001,1003350,1003657,father
7001,1003350,1003877,father
7001,1003351,1003657,mother
7001,1003351,1003877,mother
7001,1003352,1003658,father
7001,1003352,1003878,father
7001,1003353,1003658,mother
7001,1003353,1003878,mother
7001,1003354,1003659,father
7001,1003354,1003879,father
7001,1003355,1003659,mother
7001,1003355,1003879,mother
7001,1003356,1003660,father
7001,1003356,1003880,father
7001,1003357,1003660,mother
7001,1003357,1003880,mother
7001,1003358,1003661,father
7001,1003358,1003881,father
7001,1003359,1003661,mother
7001,1003359,1003881,mother
7001,1003360,1003662,father
7001,1003360,1003882,father
7001,1003361,1003662,mother
7001,1003361,1003882,mother
7001,1003362,1003663,father
7001,1003362,1003883,father
7001,1003363,1003663,mother
7001,1003363,1003883,mother
7001,1003364,1003664,father
7001,1003364,1003884,father
7001,1003365,1003664,mother
7001,1003365,1003884,mother
7001,1003366,1003665,father
7001,1003366,1003885,father
7001,1003367,1003665,mother
7001,1003367,1003885,mother
7001,1003368,1003666,father
7001,1003368,1003886,father
7001,1003369,1003666,mother
7001,1003369,1003886,mother
7001,1003370,1003667,father
7001,1003370,1003887,father
7001,1003371,1003667,mother
7001,1003371,1003887,mother
7001,1003372,1003668,father
7001,1003372,1003888,father
7001,1003373,1003668,mother
7001,1003373,1003888,mother
7001,1003374,1003669,father
7001,1003374,1003889,father
7001,1003375,1003669,mother
7001,1003375,1003889,mother
7001,1003376,1003670,father
7001,1003376,1003890,father
7001,1003377,1003670,mother
7001,1003377,1003890,mother
7001,1003378,1003671,father
7001,1003378,1003891,father
7001,1003379,1003671,mother
7001,1003379,1003891,mother
7001,1003380,1003672,father
7001,1003380,1003892,father
7001,1003381,1003672,mother
7001,1003381,1003892,mother
7001,1003382,1003673,father
7001,1003382,1003893,father
7001,1003383,1003673,mother
7001,1003383,1003893,mother
7001,1003384,1003674,father
7001,1003384,1003894,father
7001,1003385,1003674,mother
7001,1003385,1003894,mother
7001,1003386,1003675,father
7001,1003386,1003895,father
7001,1003387,1003675,mother
7001,1003387,1003895,mother
7001,1003388,1003676,father
7001,1003388,1003896,father
7001,1003389,1003676,mother
7001,1003389,1003896,mother
7001,1003390,1003677,father
7001,1003390,1003897,father
7001,1003391,1003677,mother
7001,1003391,1003897,mother
7001,1003392,1003678,father
7001,1003392,1003898,father
7001,1003393,1003678,mother
7001,1003393,1003898,mother
7001,1003394,1003679,father
7001,1003394,1003899,father
7001,1003395,1003679,mother
7001,1003395,1003899,mother
7001,1003396,1003680,father
7001,1003396,1003900,father
7001,1003397,1003680,mother
7001,1003397,1003900,mother
7001,1003398,1003681,father
7001,1003398,1003901,father
7001,1003399,1003681,mother
7001,1003399,1003901,mother
7001,1003400,1003682,father
7001,1003400,1003902,father
7001,1003401,1003682,mother
7001,1003401,1003902,mother
7001,1003402,1003683,father
7001,1003402,1003903,father
7001,1003403,1003683,mother
7001,1003403,1003903,mother
7001,1003404,1003684,father
7001,1003404,1003904,father
7001,1003405,1003684,mother
7001,1003405,1003904,mother
7001,1003406,1003685,father
7001,1003406,1003905,father
7001,1003407,1003685,mother
7001,1003407,1003905,mother
7001,1003408,1003686,father
7001,1003408,1003906,father
7001,1003409,1003686,mother
7001,1003409,1003906,mother
7001,1003410,1003687,father
7001,1003410,1003907,father
7001,1003411,1003687,mother
7001,1003411,1003907,mother
7001,1003412,1003688,father
7001,1003412,1003908,father
7001,1003413,1003688,mother
7001,1003413,1003908,mother
7001,1003414,1003689,father
7001,1003414,1003909,father
7001,1003415,1003689,mother
7001,1003415,1003909,mother
7001,1003416,1003690,father
7001,1003416,1003910,father
7001,1003417,1003690,mother
7001,1003417,1003910,mother
7001,1003418,1003691,father
7001,1003418,1003911,father
7001,1003419,1003691,mother
7001,1003419,1003911,mother
7001,1003420,1003692,father
7001,1003420,1003912,father
7001,1003421,1003692,mother
7001,1003421,1003912,mother
7001,1003422,1003693,father
7001,1003422,1003913,father
7001,1003423,1003693,mother
7001,1003423,1003913,mother
7001,1003424,1003694,father
7001,1003424,1003914,father
7001,1003425,1003694,mother
7001,1003425,1003914,mother
7001,1003426,1003695,father
7001,1003426,1003915,father
7001,1003427,1003695,mother
7001,1003427,1003915,mother
7001,1003428,1003696,father
7001,1003428,1003916,father
7001,1003429,1003696,mother
7001,1003429,1003916,mother
7001,1003430,1003697,father
7001,1003430,1003917,father
7001,1003431,1003697,mother
7001,1003431,1003917,mother
7001,1003432,1003698,father
7001,1003432,1003918,father
7001,1003433,1003698,mother
7001,1003433,1003918,mother
7001,1003434,1003699,father
7001,1003434,1003919,father
7001,1003435,1003699,mother
7001,1003435,1003919,mother
7001,1003436,1003700,father
7001,1003436,1003920,father
7001,1003437,1003700,mother
7001,1003437,1003920,mother
7001,1003438,1003701,father
7001,1003438,1003921,father
7001,1003439,1003701,mother
7001,1003439,1003921,mother
7001,1003440,1003702,father
7001,1003440,1003922,father
7001,1003441,1003702,mother
7001,1003441,1003922,mother
7001,1003442,1003703,father
7001,1003442,1003923,father
7001,1003443,1003703,mother
7001,1003443,1003923,mother
7001,1003444,1003704,father
7001,1003444,1003924,father
7001,1003445,1003704,mother
7001,1003445,1003924,mother
7001,1003446,1003705,father
7001,1003446,1003925,father
7001,1003447,1003705,mother
7001,1003447,1003925,mother
7001,1003448,1003706,father
7001,1003448,1003926,father
7001,1003449,1003706,mother
7001,1003449,1003926,mother
7001,1003450,1003707,father
7001,1003450,1003927,father
7001,1003451,1003707,mother
7001,1003451,1003927,mother
7001,1003452,1003708,father
7001,1003452,1003928,father
7001,1003453,1003708,mother
7001,1003453,1003928,mother
7001,1003454,1003709,father
7001,1003454,1003929,father
7001,1003455,1003709,mother
7001,1003455,1003929,mother
7001,1003456,1003710,father
7001,1003456,1003930,father
7001,1003457,1003710,mother
7001,1003457,1003930,mother
7001,1003458,1003711,father
7001,1003458,1003931,father
7001,1003459,1003711,mother
7001,1003459,1003931,mother
7001,1003460,1003712,father
7001,1003460,1003932,father
7001,1003461,1003712,mother
7001,1003461,1003932,mother
7001,1003462,1003713,father
7001,1003462,1003933,father
7001,1003463,1003713,mother
7001,1003463,1003933,mother
7001,1003464,1003714,father
7001,1003464,1003934,father
7001,1003465,1003714,mother
7001,1003465,1003934,mother
7001,1003466,1003715,father
7001,1003466,1003935,father
7001,1003467,1003715,mother
7001,1003467,1003935,mother
7001,1003468,1003716,father
7001,1003468,1003936,father
7001,1003469,1003716,mother
7001,1003469,1003936,mother
7001,1003470,1003717,father
7001,1003470,1003937,father
7001,1003471,1003717,mother
7001,1003471,1003937,mother
7001,1003472,1003718,father
7001,1003472,1003938,father
7001,1003473,1003718,mother
7001,1003473,1003938,mother
7001,1003474,1003719,father
7001,1003474,1003939,father
7001,1003475,1003719,mother
7001,1003475,1003939,mother
7001,1003476,1003720,father
7001,1003476,1003940,father
7001,1003477,1003720,mother
7001,1003477,1003940,mother
7001,1003478,1003721,father
7001,1003478,1003941,father
7001,1003479,1003721,mother
7001,1003479,1003941,mother
7001,1003480,1003722,father
7001,1003480,1003942,father
7001,1003481,1003722,mother
7001,1003481,1003942,mother
7001,1003482,1003723,father
7001,1003482,1003943,father
7001,1003483,1003723,mother
7001,1003483,1003943,mother
7001,1003484,1003724,father
7001,1003484,1003944,father
7001,1003485,1003724,mother
7001,1003485,1003944,mother
7001,1003486,1003725,father
7001,1003486,1003945,father
7001,1003487,1003725,mother
7001,1003487,1003945,mother
7001,1003488,1003726,father
7001,1003488,1003946,father
7001,1003489,1003726,mother
7001,1003489,1003946,mother
7001,1003490,1003727,father
7001,1003490,1003947,father
7001,1003491,1003727,mother
7001,1003491,1003947,mother
7001,1003492,1003728,father
7001,1003492,1003948,father
7001,1003493,1003728,mother
7001,1003493,1003948,mother
7001,1003494,1003729,father
7001,1003494,1003949,father
7001,1003495,1003729,mother
7001,1003495,1003949,mother
7001,1003496,1003730,father
7001,1003496,1003950,father
7001,1003497,1003730,mother
7001,1003497,1003950,mother
7001,1003498,1003731,father
7001,1003498,1003951,father
7001,1003499,1003731,mother
7001,1003499,1003951,mother
7001,1003500,1003732,father
7001,1003500,1003952,father
7001,1003501,1003732,mother
7001,1003501,1003952,mother
7001,1003502,1003733,father
7001,1003502,1003953,father
7001,1003503,1003733,mother
7001,1003503,1003953,mother
7001,1003504,1003734,father
7001,1003504,1003954,father
7001,1003505,1003734,mother
7001,1003505,1003954,mother
7001,1003506,1003735,father
7001,1003506,1003955,father
7001,1003507,1003735,mother
7001,1003507,1003955,mother
7001,1003508,1003736,father
7001,1003508,1003956,father
7001,1003509,1003736,mother
7001,1003509,1003956,mother
7001,1003510,1003737,father
7001,1003510,1003957,father
7001,1003511,1003737,mother
7001,1003511,1003957,mother
7001,1003512,1003738,father
7001,1003512,1003958,father
7001,1003513,1003738,mother
7001,1003513,1003958,mother
7001,1003514,1003739,father
7001,1003514,1003959,father
7001,1003515,1003739,mother
7001,1003515,1003959,mother
7001,1003516,1003740,father
7001,1003516,1003960,father
7001,1003517,1003740,mother
7001,1003517,1003960,mother
7001,1003518,1003741,father
7001,1003518,1003961,father
7001,1003519,1003741,mother
7001,1003519,1003961,mother
7001,1003520,1003742,father
7001,1003520,1003962,father
7001,1003521,1003742,mother
7001,1003521,1003962,mother
7001,1003522,1003743,father
7001,1003522,1003963,father
7001,1003523,1003743,mother
7001,1003523,1003963,mother
7001,1003524,1003993,father
7001,1003524,1004228,father
7001,1003525,1003993,mother
7001,1003525,1004227,mother
7001,1003525,1004461,mother
7001,1003526,1003994,father
7001,1003526,1004229,father
7001,1003527,1003994,mother
7001,1003527,1004228,mother
7001,1003527,1004462,mother
7001,1003528,1003995,father
7001,1003528,1004230,father
7001,1003529,1003995,mother
7001,1003529,1004229,mother
7001,1003530,1003996,father
7001,1003530,1004231,father
7001,1003531,1003996,mother
7001,1003531,1004230,mother
7001,1003532,1003997,father
7001,1003532,1004232,father
7001,1003533,1003997,mother
7001,1003533,1004231,mother
7001,1003534,1003998,father
7001,1003534,1004233,father
7001,1003535,1003998,mother
7001,1003535,1004232,mother
7001,1003536,1003999,father
7001,1003536,1004234,father
7001,1003537,1003999,mother
7001,1003537,1004233,mother
7001,1003538,1004000,father
7001,1003538,1004235,father
7001,1003539,1004000,mother
7001,1003539,1004234,mother
7001,1003540,1004001,father
7001,1003540,1004236,father
7001,1003541,1004001,mother
7001,1003541,1004235,mother
7001,1003542,1004002,father
7001,1003542,1004237,father
7001,1003543,1004002,mother
7001,1003543,1004236,mother
7001,1003544,1004003,father
7001,1003544,1004238,father
7001,1003545,1004003,mother
7001,1003545,1004237,mother
7001,1003546,1004004,father
7001,1003546,1004239,father
7001,1003547,1004004,mother
7001,1003547,1004238,mother
7001,1003548,1004005,father
7001,1003548,1004240,father
7001,1003549,1004005,mother
7001,1003549,1004239,mother
7001,1003550,1004006,father
7001,1003550,1004241,father
7001,1003551,1004006,mother
7001,1003551,1004240,mother
7001,1003552,1004007,father
7001,1003552,1004242,father
7001,1003553,1004007,mother
7001,1003553,1004241,mother
7001,1003554,1004008,father
7001,1003554,1004243,father
7001,1003555,1004008,mother
7001,1003555,1004242,mother
7001,1003556,1004009,father
7001,1003556,1004244,father
7001,1003557,1004009,mother
7001,1003557,1004243,mother
7001,1003558,1004010,father
7001,1003558,1004245,father
7001,1003559,1004010,mother
7001,1003559,1004244,mother
7001,1003560,1004011,father
7001,1003560,1004246,father
7001,1003561,1004011,mother
7001,1003561,1004245,mother
7001,1003562,1004012,father
7001,1003562,1004247,father
7001,1003563,1004012,mother
7001,1003563,1004246,mother
7001,1003564,1004013,father
7001,1003564,1004248,father
7001,1003565,1004013,mother
7001,1003565,1004247,mother
7001,1003566,1004014,father
7001,1003566,1004249,father
7001,1003567,1004014,mother
7001,1003567,1004248,mother
7001,1003568,1004015,father
7001,1003568,1004250,father
7001,1003569,1004015,mother
7001,1003569,1004249,mother
7001,1003570,1004016,father
7001,1003570,1004251,father
7001,1003571,1004016,mother
7001,1003571,1004250,mother
7001,1003572,1004017,father
7001,1003572,1004252,father
7001,1003573,1004017,mother
7001,1003573,1004251,mother
7001,1003574,1004018,father
7001,1003574,1004253,father
7001,1003575,1004018,mother
7001,1003575,1004252,mother
7001,1003576,1004019,father
7001,1003576,1004254,father
7001,1003577,1004019,mother
7001,1003577,1004253,mother
7001,1003578,1004020,father
7001,1003578,1004255,father
7001,1003579,1004020,mother
7001,1003579,1004254,mother
7001,1003580,1004021,father
7001,1003580,1004256,father
7001,1003581,1004021,mother
7001,1003581,1004255,mother
7001,1003582,1004022,father
7001,1003582,1004257,father
7001,1003583,1004022,mother
7001,1003583,1004256,mother
7001,1003584,1004023,father
7001,1003584,1004258,father
7001,1003585,1004023,mother
7001,1003585,1004257,mother
7001,1003586,1004024,father
7001,1003586,1004259,father
7001,1003587,1004024,mother
7001,1003587,1004258,mother
7001,1003588,1004025,father
7001,1003588,1004260,father
7001,1003589,1004025,mother
7001,1003589,1004259,mother
7001,1003590,1004026,father
7001,1003590,1004261,father
7001,1003591,1004026,mother
7001,1003591,1004260,mother
7001,1003592,1004027,father
7001,1003592,1004262,father
7001,1003593,1004027,mother
7001,1003593,1004261,mother
7001,1003594,1004028,father
7001,1003594,1004263,father
7001,1003595,1004028,mother
7001,1003595,1004262,mother
7001,1003596,1004029,father
7001,1003596,1004264,father
7001,1003597,1004029,mother
7001,1003597,1004263,mother
7001,1003598,1004030,father
7001,1003598,1004265,father
7001,1003599,1004030,mother
7001,1003599,1004264,mother
7001,1003600,1004031,father
7001,1003600,1004266,father
7001,1003601,1004031,mother
7001,1003601,1004265,mother
7001,1003602,1004032,father
7001,1003602,1004267,father
7001,1003603,1004032,mother
7001,1003603,1004266,mother
7001,1003604,1004033,father
7001,1003604,1004268,father
7001,1003605,1004033,mother
7001,1003605,1004267,mother
7001,1003606,1004034,father
7001,1003606,1004269,father
7001,1003607,1004034,mother
7001,1003607,1004268,mother
7001,1003608,1004035,father
7001,1003608,1004270,father
7001,1003609,1004035,mother
7001,1003609,1004269,mother
7001,1003610,1004036,father
7001,1003610,1004271,father
7001,1003611,1004036,mother
7001,1003611,1004270,mother
7001,1003612,1004037,father
7001,1003612,1004272,father
7001,1003613,1004037,mother
7001,1003613,1004271,mother
7001,1003614,1004038,father
7001,1003614,1004273,father
7001,1003615,1004038,mother
7001,1003615,1004272,mother
7001,1003616,1004039,father
7001,1003616,1004274,father
7001,1003617,1004039,mother
7001,1003617,1004273,mother
7001,1003618,1004040,father
7001,1003618,1004275,father
7001,1003619,1004040,mother
7001,1003619,1004274,mother
7001,1003620,1004041,father
7001,1003620,1004276,father
7001,1003621,1004041,mother
7001,1003621,1004275,mother
7001,1003622,1004042,father
7001,1003622,1004277,father
7001,1003623,1004042,mother
7001,1003623,1004276,mother
7001,1003624,1004043,father
7001,1003624,1004278,father
7001,1003625,1004043,mother
7001,1003625,1004277,mother
7001,1003626,1004044,father
7001,1003626,1004279,father
7001,1003627,1004044,mother
7001,1003627,1004278,mother
7001,1003628,1004045,father
7001,1003628,1004280,father
7001,1003629,1004045,mother
7001,1003629,1004279,mother
7001,1003630,1004046,father
7001,1003630,1004281,father
7001,1003631,1004046,mother
7001,1003631,1004280,mother
7001,1003632,1004047,father
7001,1003632,1004282,father
7001,1003633,1004047,mother
7001,1003633,1004281,mother
7001,1003634,1004048,father
7001,1003634,1004283,father
7001,1003635,1004048,mother
7001,1003635,1004282,mother
7001,1003636,1004049,father
7001,1003636,1004284,father
7001,1003637,1004049,mother
7001,1003637,1004283,mother
7001,1003638,1004050,father
7001,1003638,1004285,father
7001,1003639,1004050,mother
7001,1003639,1004284,mother
7001,1003640,1004051,father
7001,1003640,1004286,father
7001,1003641,1004051,mother
7001,1003641,1004285,mother
7001,1003642,1004052,father
7001,1003642,1004287,father
7001,1003643,1004052,mother
7001,1003643,1004286,mother
7001,1003644,1004053,father
7001,1003644,1004288,father
7001,1003645,1004053,mother
7001,1003645,1004287,mother
7001,1003646,1004054,father
7001,1003646,1004289,father
7001,1003647,1004054,mother
7001,1003647,1004288,mother
7001,1003648,1004055,father
7001,1003648,1004290,father
7001,1003649,1004055,mother
7001,1003649,1004289,mother
7001,1003650,1004056,father
7001,1003650,1004291,father
7001,1003651,1004056,mother
7001,1003651,1004290,mother
7001,1003652,1004057,father
7001,1003652,1004292,father
7001,1003653,1004057,mother
7001,1003653,1004291,mother
7001,1003654,1004058,father
7001,1003654,1004293,father
7001,1003655,1004058,mother
7001,1003655,1004292,mother
7001,1003656,1004059,father
7001,1003656,1004294,father
7001,1003657,1004059,mother
7001,1003657,1004293,mother
7001,1003658,1004060,father
7001,1003658,1004295,father
7001,1003659,1004060,mother
7001,1003659,1004294,mother
7001,1003660,1004061,father
7001,1003660,1004296,father
7001,1003661,1004061,mother
7001,1003661,1004295,mother
7001,1003662,1004062,father
7001,1003662,1004297,father
7001,1003663,1004062,mother
7001,1003663,1004296,mother
7001,1003664,1004063,father
7001,1003664,1004298,father
7001,1003665,1004063,mother
7001,1003665,1004297,mother
7001,1003666,1004064,father
7001,1003666,1004299,father
7001,1003667,1004064,mother
7001,1003667,1004298,mother
7001,1003668,1004065,father
7001,1003668,1004300,father
7001,1003669,1004065,mother
7001,1003669,1004299,mother
7001,1003670,1004066,father
7001,1003670,1004301,father
7001,1003671,1004066,mother
7001,1003671,1004300,mother
7001,1003672,1004067,father
7001,1003672,1004302,father
7001,1003673,1004067,mother
7001,1003673,1004301,mother
7001,1003674,1004068,father
7001,1003674,1004303,father
7001,1003675,1004068,mother
7001,1003675,1004302,mother
7001,1003676,1004069,father
7001,1003676,1004304,father
7001,1003677,1004069,mother
7001,1003677,1004303,mother
7001,1003678,1004070,father
7001,1003678,1004305,father
7001,1003679,1004070,mother
7001,1003679,1004304,mother
7001,1003680,1004071,father
7001,1003680,1004306,father
7001,1003681,1004071,mother
7001,1003681,1004305,mother
7001,1003682,1004072,father
7001,1003682,1004307,father
7001,1003683,1004072,mother
7001,1003683,1004306,mother
7001,1003684,1004073,father
7001,1003684,1004308,father
7001,1003685,1004073,mother
7001,1003685,1004307,mother
7001,1003686,1004074,father
7001,1003686,1004309,father
7001,1003687,1004074,mother
7001,1003687,1004308,mother
7001,1003688,1004075,father
7001,1003688,1004310,father
7001,1003689,1004075,mother
7001,1003689,1004309,mother
7001,1003690,1004076,father
7001,1003690,1004311,father
7001,1003691,1004076,mother
7001,1003691,1004310,mother
7001,1003692,1004077,father
7001,1003692,1004312,father
7001,1003693,1004077,mother
7001,1003693,1004311,mother
7001,1003694,1004078,father
7001,1003694,1004313,father
7001,1003695,1004078,mother
7001,1003695,1004312,mother
7001,1003696,1004079,father
7001,1003696,1004314,father
7001,1003697,1004079,mother
7001,1003697,1004313,mother
7001,1003698,1004080,father
7001,1003698,1004315,father
7001,1003699,1004080,mother
7001,1003699,1004314,mother
7001,1003700,1004081,father
7001,1003700,1004316,father
7001,1003701,1004081,mother
7001,1003701,1004315,mother
7001,1003702,1004082,father
7001,1003702,1004317,father
7001,1003703,1004082,mother
7001,1003703,1004316,mother
7001,1003704,1004083,father
7001,1003704,1004318,father
7001,1003705,1004083,mother
7001,1003705,1004317,mother
7001,1003706,1004084,father
7001,1003706,1004319,father
7001,1003707,1004084,mother
7001,1003707,1004318,mother
7001,1003708,1004085,father
7001,1003708,1004320,father
7001,1003709,1004085,mother
7001,1003709,1004319,mother
7001,1003710,1004086,father
7001,1003710,1004321,father
7001,1003711,1004086,mother
7001,1003711,1004320,mother
7001,1003712,1004087,father
7001,1003712,1004322,father
7001,1003713,1004087,mother
7001,1003713,1004321,mother
7001,1003714,1004088,father
7001,1003714,1004323,father
7001,1003715,1004088,mother
7001,1003715,1004322,mother
7001,1003716,1004089,father
7001,1003716,1004324,father
7001,1003717,1004089,mother
7001,1003717,1004323,mother
7001,1003718,1004090,father
7001,1003718,1004325,father
7001,1003719,1004090,mother
7001,1003719,1004324,mother
7001,1003720,1004091,father
7001,1003720,1004326,father
7001,1003721,1004091,mother
7001,1003721,1004325,mother
7001,1003722,1004092,father
7001,1003722,1004327,father
7001,1003723,1004092,mother
7001,1003723,1004326,mother
7001,1003724,1004093,father
7001,1003724,1004328,father
7001,1003725,1004093,mother
7001,1003725,1004327,mother
7001,1003726,1004094,father
7001,1003726,1004329,father
7001,1003727,1004094,mother
7001,1003727,1004328,mother
7001,1003728,1004095,father
7001,1003728,1004330,father
7001,1003729,1004095,mother
7001,1003729,1004329,mother
7001,1003730,1004096,father
7001,1003730,1004331,father
7001,1003731,1004096,mother
7001,1003731,1004330,mother
7001,1003732,1004097,father
7001,1003732,1004332,father
7001,1003733,1004097,mother
7001,1003733,1004331,mother
7001,1003734,1004098,father
7001,1003734,1004333,father
7001,1003735,1004098,mother
7001,1003735,1004332,mother
7001,1003736,1004099,father
7001,1003736,1004334,father
7001,1003737,1004099,mother
7001,1003737,1004333,mother
7001,1003738,1004100,father
7001,1003738,1004335,father
7001,1003739,1004100,mother
7001,1003739,1004334,mother
7001,1003740,1004101,father
7001,1003740,1004336,father
7001,1003741,1004101,mother
7001,1003741,1004335,mother
7001,1003742,1004102,father
7001,1003742,1004337,father
7001,1003743,1004102,mother
7001,1003743,1004336,mother
7001,1003744,1004103,father
7001,1003744,1004338,father
7001,1003745,1004103,mother
7001,1003745,1004337,mother
7001,1003746,1004104,father
7001,1003746,1004339,father
7001,1003747,1004104,mother
7001,1003747,1004338,mother
7001,1003748,1004105,father
7001,1003748,1004340,father
7001,1003749,1004105,mother
7001,1003749,1004339,mother
7001,1003750,1004106,father
7001,1003750,1004341,father
7001,1003751,1004106,mother
7001,1003751,1004340,mother
7001,1003752,1004107,father
7001,1003752,1004342,father
7001,1003753,1004107,mother
7001,1003753,1004341,mother
7001,1003754,1004108,father
7001,1003754,1004343,father
7001,1003755,1004108,mother
7001,1003755,1004342,mother
7001,1003756,1004109,father
7001,1003756,1004344,father
7001,1003757,1004109,mother
7001,1003757,1004343,mother
7001,1003758,1004110,father
7001,1003758,1004345,father
7001,1003759,1004110,mother
7001,1003759,1004344,mother
7001,1003760,1004111,father
7001,1003760,1004346,father
7001,1003761,1004111,mother
7001,1003761,1004345,mother
7001,1003762,1004112,father
7001,1003762,1004347,father
7001,1003763,1004112,mother
7001,1003763,1004346,mother
7001,1003764,1004113,father
7001,1003764,1004348,father
7001,1003765,1004113,mother
7001,1003765,1004347,mother
7001,1003766,1004114,father
7001,1003766,1004349,father
7001,1003767,1004114,mother
7001,1003767,1004348,mother
7001,1003768,1004115,father
7001,1003768,1004350,father
7001,1003769,1004115,mother
7001,1003769,1004349,mother
7001,1003770,1004116,father
7001,1003770,1004351,father
7001,1003771,1004116,mother
7001,1003771,1004350,mother
7001,1003772,1004117,father
7001,1003772,1004352,father
7001,1003773,1004117,mother
7001,1003773,1004351,mother
7001,1003774,1004118,father
7001,1003774,1004353,father
7001,1003775,1004118,mother
7001,1003775,1004352,mother
7001,1003776,1004119,father
7001,1003776,1004354,father
7001,1003777,1004119,mother
7001,1003777,1004353,mother
7001,1003778,1004120,father
7001,1003778,1004355,father
7001,1003779,1004120,mother
7001,1003779,1004354,mother
7001,1003780,1004121,father
7001,1003780,1004356,father
7001,1003781,1004121,mother
7001,1003781,1004355,mother
7001,1003782,1004122,father
7001,1003782,1004357,father
7001,1003783,1004122,mother
7001,1003783,1004356,mother
7001,1003784,1004123,father
7001,1003784,1004358,father
7001,1003785,1004123,mother
7001,1003785,1004357,mother
7001,1003786,1004124,father
7001,1003786,1004359,father
7001,1003787,1004124,mother
7001,1003787,1004358,mother
7001,1003788,1004125,father
7001,1003788,1004360,father
7001,1003789,1004125,mother
7001,1003789,1004359,mother
7001,1003790,1004126,father
7001,1003790,1004361,father
7001,1003791,1004126,mother
7001,1003791,1004360,mother
7001,1003792,1004127,father
7001,1003792,1004362,father
7001,1003793,1004127,mother
7001,1003793,1004361,mother
7001,1003794,1004128,father
7001,1003794,1004363,father
7001,1003795,1004128,mother
7001,1003795,1004362,mother
7001,1003796,1004129,father
7001,1003796,1004364,father
7001,1003797,1004129,mother
7001,1003797,1004363,mother
7001,1003798,1004130,father
7001,1003798,1004365,father
7001,1003799,1004130,mother
7001,1003799,1004364,mother
7001,1003800,1004131,father
7001,1003800,1004366,father
7001,1003801,1004131,mother
7001,1003801,1004365,mother
7001,1003802,1004132,father
7001,1003802,1004367,father
7001,1003803,1004132,mother
7001,1003803,1004366,mother
7001,1003804,1004133,father
7001,1003804,1004368,father
7001,1003805,1004133,mother
7001,1003805,1004367,mother
7001,1003806,1004134,father
7001,1003806,1004369,father
7001,1003807,1004134,mother
7001,1003807,1004368,mother
7001,1003808,1004135,father
7001,1003808,1004370,father
7001,1003809,1004135,mother
7001,1003809,1004369,mother
7001,1003810,1004136,father
7001,1003810,1004371,father
7001,1003811,1004136,mother
7001,1003811,1004370,mother
7001,1003812,1004137,father
7001,1003812,1004372,father
7001,1003813,1004137,mother
7001,1003813,1004371,mother
7001,1003814,1004138,father
7001,1003814,1004373,father
7001,1003815,1004138,mother
7001,1003815,1004372,mother
7001,1003816,1004139,father
7001,1003816,1004374,father
7001,1003817,1004139,mother
7001,1003817,1004373,mother
7001,1003818,1004140,father
7001,1003818,1004375,father
7001,1003819,1004140,mother
7001,1003819,1004374,mother
7001,1003820,1004141,father
7001,1003820,1004376,father
7001,1003821,1004141,mother
7001,1003821,1004375,mother
7001,1003822,1004142,father
7001,1003822,1004377,father
7001,1003823,1004142,mother
7001,1003823,1004376,mother
7001,1003824,1004143,father
7001,1003824,1004378,father
7001,1003825,1004143,mother
7001,1003825,1004377,mother
7001,1003826,1004144,father
7001,1003826,1004379,father
7001,1003827,1004144,mother
7001,1003827,1004378,mother
7001,1003828,1004145,father
7001,1003828,1004380,father
7001,1003829,1004145,mother
7001,1003829,1004379,mother
7001,1003830,1004146,father
7001,1003830,1004381,father
7001,1003831,1004146,mother
7001,1003831,1004380,mother
7001,1003832,1004147,father
7001,1003832,1004382,father
7001,1003833,1004147,mother
7001,1003833,1004381,mother
7001,1003834,1004148,father
7001,1003834,1004383,father
7001,1003835,1004148,mother
7001,1003835,1004382,mother
7001,1003836,1004149,father
7001,1003836,1004384,father
7001,1003837,1004149,mother
7001,1003837,1004383,mother
7001,1003838,1004150,father
7001,1003838,1004385,father
7001,1003839,1004150,mother
7001,1003839,1004384,mother
7001,1003840,1004151,father
7001,1003840,1004386,father
7001,1003841,1004151,mother
7001,1003841,1004385,mother
7001,1003842,1004152,father
7001,1003842,1004387,father
7001,1003843,1004152,mother
7001,1003843,1004386,mother
7001,1003844,1004153,father
7001,1003844,1004388,father
7001,1003845,1004153,mother
7001,1003845,1004387,mother
7001,1003846,1004154,father
7001,1003846,1004389,father
7001,1003847,1004154,mother
7001,1003847,1004388,mother
7001,1003848,1004155,father
7001,1003848,1004390,father
7001,1003849,1004155,mother
7001,1003849,1004389,mother
7001,1003850,1004156,father
7001,1003850,1004391,father
7001,1003851,1004156,mother
7001,1003851,1004390,mother
7001,1003852,1004157,father
7001,1003852,1004392,father
7001,1003853,1004157,mother
7001,1003853,1004391,mother
7001,1003854,1004158,father
7001,1003854,1004393,father
7001,1003855,1004158,mother
7001,1003855,1004392,mother
7001,1003856,1004159,father
7001,1003856,1004394,father
7001,1003857,1004159,mother
7001,1003857,1004393,mother
7001,1003858,1004160,father
7001,1003858,1004395,father
7001,1003859,1004160,mother
7001,1003859,1004394,mother
7001,1003860,1004161,father
7001,1003860,1004396,father
7001,1003861,1004161,mother
7001,1003861,1004395,mother
7001,1003862,1004162,father
7001,1003862,1004397,father
7001,1003863,1004162,mother
7001,1003863,1004396,mother
7001,1003864,1004163,father
7001,1003864,1004398,father
7001,1003865,1004163,mother
7001,1003865,1004397,mother
7001,1003866,1004164,father
7001,1003866,1004399,father
7001,1003867,1004164,mother
7001,1003867,1004398,mother
7001,1003868,1004165,father
7001,1003868,1004400,father
7001,1003869,1004165,mother
7001,1003869,1004399,mother
7001,1003870,1004166,father
7001,1003870,1004401,father
7001,1003871,1004166,mother
7001,1003871,1004400,mother
7001,1003872,1004167,father
7001,1003872,1004402,father
7001,1003873,1004167,mother
7001,1003873,1004401,mother
7001,1003874,1004168,father
7001,1003874,1004403,father
7001,1003875,1004168,mother
7001,1003875,1004402,mother
7001,1003876,1004169,father
7001,1003876,1004404,father
7001,1003877,1004169,mother
7001,1003877,1004403,mother
7001,1003878,1004170,father
7001,1003878,1004405,father
7001,1003879,1004170,mother
7001,1003879,1004404,mother
7001,1003880,1004171,father
7001,1003880,1004406,father
7001,1003881,1004171,mother
7001,1003881,1004405,mother
7001,1003882,1004172,father
7001,1003882,1004407,father
7001,1003883,1004172,mother
7001,1003883,1004406,mother
7001,1003884,1004173,father
7001,1003884,1004408,father
7001,1003885,1004173,mother
7001,1003885,1004407,mother
7001,1003886,1004174,father
7001,1003886,1004409,father
7001,1003887,1004174,mother
7001,1003887,1004408,mother
7001,1003888,1004175,father
7001,1003888,1004410,father
7001,1003889,1004175,mother
7001,1003889,1004409,mother
7001,1003890,1004176,father
7001,1003890,1004411,father
7001,1003891,1004176,mother
7001,1003891,1004410,mother
7001,1003892,1004177,father
7001,1003892,1004412,father
7001,1003893,1004177,mother
7001,1003893,1004411,mother
7001,1003894,1004178,father
7001,1003894,1004413,father
7001,1003895,1004178,mother
7001,1003895,1004412,mother
7001,1003896,1004179,father
7001,1003896,1004414,father
7001,1003897,1004179,mother
7001,1003897,1004413,mother
7001,1003898,1004180,father
7001,1003898,1004415,father
7001,1003899,1004180,mother
7001,1003899,1004414,mother
7001,1003900,1004181,father
7001,1003900,1004416,father
7001,1003901,1004181,mother
7001,1003901,1004415,mother
7001,1003902,1004182,father
7001,1003902,1004417,father
7001,1003903,1004182,mother
7001,1003903,1004416,mother
7001,1003904,1004183,father
7001,1003904,1004418,father
7001,1003905,1004183,mother
7001,1003905,1004417,mother
7001,1003906,1004184,father
7001,1003906,1004419,father
7001,1003907,1004184,mother
7001,1003907,1004418,mother
7001,1003908,1004185,father
7001,1003908,1004420,father
7001,1003909,1004185,mother
7001,1003909,1004419,mother
7001,1003910,1004186,father
7001,1003910,1004421,father
7001,1003911,1004186,mother
7001,1003911,1004420,mother
7001,1003912,1004187,father
7001,1003912,1004422,father
7001,1003913,1004187,mother
7001,1003913,1004421,mother
7001,1003914,1004188,father
7001,1003914,1004423,father
7001,1003915,1004188,mother
7001,1003915,1004422,mother
7001,1003916,1004189,father
7001,1003916,1004424,father
7001,1003917,1004189,mother
7001,1003917,1004423,mother
7001,1003918,1004190,father
7001,1003918,1004425,father
7001,1003919,1004190,mother
7001,1003919,1004424,mother
7001,1003920,1004191,father
7001,1003920,1004426,father
7001,1003921,1004191,mother
7001,1003921,1004425,mother
7001,1003922,1004192,father
7001,1003922,1004427,father
7001,1003923,1004192,mother
7001,1003923,1004426,mother
7001,1003924,1004193,father
7001,1003924,1004428,father
7001,1003925,1004193,mother
7001,1003925,1004427,mother
7001,1003926,1004194,father
7001,1003926,1004429,father
7001,1003927,1004194,mother
7001,1003927,1004428,mother
7001,1003928,1004195,father
7001,1003928,1004430,father
7001,1003929,1004195,mother
7001,1003929,1004429,mother
7001,1003930,1004196,father
7001,1003930,1004431,father
7001,1003931,1004196,mother
7001,1003931,1004430,mother
7001,1003932,1004197,father
7001,1003932,1004432,father
7001,1003933,1004197,mother
7001,1003933,1004431,mother
7001,1003934,1004198,father
7001,1003934,1004433,father
7001,1003935,1004198,mother
7001,1003935,1004432,mother
7001,1003936,1004199,father
7001,1003936,1004434,father
7001,1003937,1004199,mother
7001,1003937,1004433,mother
7001,1003938,1004200,father
7001,1003938,1004435,father
7001,1003939,1004200,mother
7001,1003939,1004434,mother
7001,1003940,1004201,father
7001,1003940,1004436,father
7001,1003941,1004201,mother
7001,1003941,1004435,mother
7001,1003942,1004202,father
7001,1003942,1004437,father
7001,1003943,1004202,mother
7001,1003943,1004436,mother
7001,1003944,1004203,father
7001,1003944,1004438,father
7001,1003945,1004203,mother
7001,1003945,1004437,mother
7001,1003946,1004204,father
7001,1003946,1004439,father
7001,1003947,1004204,mother
7001,1003947,1004438,mother
7001,1003948,1004205,father
7001,1003948,1004440,father
7001,1003949,1004205,mother
7001,1003949,1004439,mother
7001,1003950,1004206,father
7001,1003950,1004441,father
7001,1003951,1004206,mother
7001,1003951,1004440,mother
7001,1003952,1004207,father
7001,1003952,1004442,father
7001,1003953,1004207,mother
7001,1003953,1004441,mother
7001,1003954,1004208,father
7001,1003954,1004443,father
7001,1003955,1004208,mother
7001,1003955,1004442,mother
7001,1003956,1004209,father
7001,1003956,1004444,father
7001,1003957,1004209,mother
7001,1003957,1004443,mother
7001,1003958,1004210,father
7001,1003958,1004445,father
7001,1003959,1004210,mother
7001,1003959,1004444,mother
7001,1003960,1004211,father
7001,1003960,1004446,father
7001,1003961,1004211,mother
7001,1003961,1004445,mother
7001,1003962,1004212,father
7001,1003962,1004447,father
7001,1003963,1004212,mother
7001,1003963,1004446,mother
7001,1003964,1004213,father
7001,1003964,1004448,father
7001,1003965,1004213,mother
7001,1003965,1004447,mother
7001,1003966,1004214,father
7001,1003966,1004449,father
7001,1003967,1004214,mother
7001,1003967,1004448,mother
7001,1003968,1004215,father
7001,1003968,1004450,father
7001,1003969,1004215,mother
7001,1003969,1004449,mother
7001,1003970,1004216,father
7001,1003970,1004451,father
7001,1003971,1004216,mother
7001,1003971,1004450,mother
7001,1003972,1004217,father
7001,1003972,1004452,father
7001,1003973,1004217,mother
7001,1003973,1004451,mother
7001,1003974,1004218,father
7001,1003974,1004453,father
7001,1003975,1004218,mother
7001,1003975,1004452,mother
7001,1003976,1004219,father
7001,1003976,1004454,father
7001,1003977,1004219,mother
7001,1003977,1004453,mother
7001,1003978,1004220,father
7001,1003978,1004455,father
7001,1003979,1004220,mother
7001,1003979,1004454,mother
7001,1003980,1004221,father
7001,1003980,1004456,father
7001,1003981,1004221,mother
7001,1003981,1004455,mother
7001,1003982,1004222,father
7001,1003982,1004457,father
7001,1003983,1004222,mother
7001,1003983,1004456,mother
7001,1003984,1004223,father
7001,1003984,1004458,father
7001,1003985,1004223,mother
7001,1003985,1004457,mother
7001,1003986,1004224,father
7001,1003986,1004459,father
7001,1003987,1004224,mother
7001,1003987,1004458,mother
7001,1003988,1004225,father
7001,1003988,1004460,father
7001,1003989,1004225,mother
7001,1003989,1004459,mother
7001,1003990,1004226,father
7001,1003990,1004461,father
7001,1003991,1004226,mother
7001,1003991,1004460,mother
7001,1003992,1004227,father
7001,1003992,1004462,father
7001,1003993,1004463,father
7001,1003993,1004698,father
7001,1003994,1004463,mother
7001,1003994,1004698,mother
7001,1003995,1004464,father
7001,1003995,1004699,father
7001,1003996,1004464,mother
7001,1003996,1004699,mother
7001,1003997,1004465,father
7001,1003997,1004700,father
7001,1003998,1004465,mother
7001,1003998,1004700,mother
7001,1003999,1004466,father
7001,1003999,1004701,father
7001,1004000,1004466,mother
7001,1004000,1004701,mother
7001,1004001,1004467,father
7001,1004001,1004702,father
7001,1004002,1004467,mother
7001,1004002,1004702,mother
7001,1004003,1004468,father
7001,1004003,1004703,father
7001,1004004,1004468,mother
7001,1004004,1004703,mother
7001,1004005,1004469,father
7001,1004005,1004704,father
7001,1004006,1004469,mother
7001,1004006,1004704,mother
7001,1004007,1004470,father
7001,1004007,1004705,father
7001,1004008,1004470,mother
7001,1004008,1004705,mother
7001,1004009,1004471,father
7001,1004009,1004706,father
7001,1004010,1004471,mother
7001,1004010,1004706,mother
7001,1004011,1004472,father
7001,1004011,1004707,father
7001,1004012,1004472,mother
7001,1004012,1004707,mother
7001,1004013,1004473,father
7001,1004013,1004708,father
7001,1004014,1004473,mother
7001,1004014,1004708,mother
7001,1004015,1004474,father
7001,1004015,1004709,father
7001,1004016,1004474,mother
7001,1004016,1004709,mother
7001,1004017,1004475,father
7001,1004017,1004710,father
7001,1004018,1004475,mother
7001,1004018,1004710,mother
7001,1004019,1004476,father
7001,1004019,1004711,father
7001,1004020,1004476,mother
7001,1004020,1004711,mother
7001,1004021,1004477,father
7001,1004021,1004712,father
7001,1004022,1004477,mother
7001,1004022,1004712,mother
7001,1004023,1004478,father
7001,1004023,1004713,father
7001,1004024,1004478,mother
7001,1004024,1004713,mother
7001,1004025,1004479,father
7001,1004025,1004714,father
7001,1004026,1004479,mother
7001,1004026,1004714,mother
7001,1004027,1004480,father
7001,1004027,1004715,father
7001,1004028,1004480,mother
7001,1004028,1004715,mother
7001,1004029,1004481,father
7001,1004029,1004716,father
7001,1004030,1004481,mother
7001,1004030,1004716,mother
7001,1004031,1004482,father
7001,1004031,1004717,father
7001,1004032,1004482,mother
7001,1004032,1004717,mother
7001,1004033,1004483,father
7001,1004033,1004718,father
7001,1004034,1004483,mother
7001,1004034,1004718,mother
7001,1004035,1004484,father
7001,1004035,1004719,father
7001,1004036,1004484,mother
7001,1004036,1004719,mother
7001,1004037,1004485,father
7001,1004037,1004720,father
7001,1004038,1004485,mother
7001,1004038,1004720,mother
7001,1004039,1004486,father
7001,1004039,1004721,father
7001,1004040,1004486,mother
7001,1004040,1004721,mother
7001,1004041,1004487,father
7001,1004041,1004722,father
7001,1004042,1004487,mother
7001,1004042,1004722,mother
7001,1004043,1004488,father
7001,1004043,1004723,father
7001,1004044,1004488,mother
7001,1004044,1004723,mother
7001,1004045,1004489,father
7001,1004045,1004724,father
7001,1004046,1004489,mother
7001,1004046,1004724,mother
7001,1004047,1004490,father
7001,1004047,1004725,father
7001,1004048,1004490,mother
7001,1004048,1004725,mother
7001,1004049,1004491,father
7001,1004049,1004726,father
7001,1004050,1004491,mother
7001,1004050,1004726,mother
7001,1004051,1004492,father
7001,1004051,1004727,father
7001,1004052,1004492,mother
7001,1004052,1004727,mother
7001,1004053,1004493,father
7001,1004053,1004728,father
7001,1004054,1004493,mother
7001,1004054,1004728,mother
7001,1004055,1004494,father
7001,1004055,1004729,father
7001,1004056,1004494,mother
7001,1004056,1004729,mother
7001,1004057,1004495,father
7001,1004057,1004730,father
7001,1004058,1004495,mother
7001,1004058,1004730,mother
7001,1004059,1004496,father
7001,1004059,1004731,father
7001,1004060,1004496,mother
7001,1004060,1004731,mother
7001,1004061,1004497,father
7001,1004061,1004732,father
7001,1004062,1004497,mother
7001,1004062,1004732,mother
7001,1004063,1004498,father
7001,1004063,1004733,father
7001,1004064,1004498,mother
7001,1004064,1004733,mother
7001,1004065,1004499,father
7001,1004065,1004734,father
7001,1004066,1004499,mother
7001,1004066,1004734,mother
7001,1004067,1004500,father
7001,1004067,1004735,father
7001,1004068,1004500,mother
7001,1004068,1004735,mother
7001,1004069,1004501,father
7001,1004069,1004736,father
7001,1004070,1004501,mother
7001,1004070,1004736,mother
7001,1004071,1004502,father
7001,1004071,1004737,father
7001,1004072,1004502,mother
7001,1004072,1004737,mother
7001,1004073,1004503,father
7001,1004073,1004738,father
7001,1004074,1004503,mother
7001,1004074,1004738,mother
7001,1004075,1004504,father
7001,1004075,1004739,father
7001,1004076,1004504,mother
7001,1004076,1004739,mother
7001,1004077,1004505,father
7001,1004077,1004740,father
7001,1004078,1004505,mother
7001,1004078,1004740,mother
7001,1004079,1004506,father
7001,1004079,1004741,father
7001,1004080,1004506,mother
7001,1004080,1004741,mother
7001,1004081,1004507,father
7001,1004081,1004742,father
7001,1004082,1004507,mother
7001,1004082,1004742,mother
7001,1004083,1004508,father
7001,1004083,1004743,father
7001,1004084,1004508,mother
7001,1004084,1004743,mother
7001,1004085,1004509,father
7001,1004085,1004744,father
7001,1004086,1004509,mother
7001,1004086,1004744,mother
7001,1004087,1004510,father
7001,1004087,1004745,father
7001,1004088,1004510,mother
7001,1004088,1004745,mother
7001,1004089,1004511,father
7001,1004089,1004746,father
7001,1004090,1004511,mother
7001,1004090,1004746,mother
7001,1004091,1004512,father
7001,1004091,1004747,father
7001,1004092,1004512,mother
7001,1004092,1004747,mother
7001,1004093,1004513,father
7001,1004093,1004748,father
7001,1004094,1004513,mother
7001,1004094,1004748,mother
7001,1004095,1004514,father
7001,1004095,1004749,father
7001,1004096,1004514,mother
7001,1004096,1004749,mother
7001,1004097,1004515,father
7001,1004097,1004750,father
7001,1004098,1004515,mother
7001,1004098,1004750,mother
7001,1004099,1004516,father
7001,1004099,1004751,father
7001,1004100,1004516,mother
7001,1004100,1004751,mother
7001,1004101,1004517,father
7001,1004101,1004752,father
7001,1004102,1004517,mother
7001,1004102,1004752,mother
7001,1004103,1004518,father
7001,1004103,1004753,father
7001,1004104,1004518,mother
7001,1004104,1004753,mother
7001,1004105,1004519,father
7001,1004105,1004754,father
7001,1004106,1004519,mother
7001,1004106,1004754,mother
7001,1004107,1004520,father
7001,1004107,1004755,father
7001,1004108,1004520,mother
7001,1004108,1004755,mother
7001,1004109,1004521,father
7001,1004109,1004756,father
7001,1004110,1004521,mother
7001,1004110,1004756,mother
7001,1004111,1004522,father
7001,1004111,1004757,father
7001,1004112,1004522,mother
7001,1004112,1004757,mother
7001,1004113,1004523,father
7001,1004113,1004758,father
7001,1004114,1004523,mother
7001,1004114,1004758,mother
7001,1004115,1004524,father
7001,1004115,1004759,father
7001,1004116,1004524,mother
7001,1004116,1004759,mother
7001,1004117,1004525,father
7001,1004117,1004760,father
7001,1004118,1004525,mother
7001,1004118,1004760,mother
7001,1004119,1004526,father
7001,1004119,1004761,father
7001,1004120,1004526,mother
7001,1004120,1004761,mother
7001,1004121,1004527,father
7001,1004121,1004762,father
7001,1004122,1004527,mother
7001,1004122,1004762,mother
7001,1004123,1004528,father
7001,1004123,1004763,father
7001,1004124,1004528,mother
7001,1004124,1004763,mother
7001,1004125,1004529,father
7001,1004125,1004764,father
7001,1004126,1004529,mother
7001,1004126,1004764,mother
7001,1004127,1004530,father
7001,1004127,1004765,father
7001,1004128,1004530,mother
7001,1004128,1004765,mother
7001,1004129,1004531,father
7001,1004129,1004766,father
7001,1004130,1004531,mother
7001,1004130,1004766,mother
7001,1004131,1004532,father
7001,1004131,1004767,father
7001,1004132,1004532,mother
7001,1004132,1004767,mother
7001,1004133,1004533,father
7001,1004133,1004768,father
7001,1004134,1004533,mother
7001,1004134,1004768,mother
7001,1004135,1004534,father
7001,1004135,1004769,father
7001,1004136,1004534,mother
7001,1004136,1004769,mother
7001,1004137,1004535,father
7001,1004137,1004770,father
7001,1004138,1004535,mother
7001,1004138,1004770,mother
7001,1004139,1004536,father
7001,1004139,1004771,father
7001,1004140,1004536,mother
7001,1004140,1004771,mother
7001,1004141,1004537,father
7001,1004141,1004772,father
7001,1004142,1004537,mother
7001,1004142,1004772,mother
7001,1004143,1004538,father
7001,1004143,1004773,father
7001,1004144,1004538,mother
7001,1004144,1004773,mother
7001,1004145,1004539,father
7001,1004145,1004774,father
7001,1004146,1004539,mother
7001,1004146,1004774,mother
7001,1004147,1004540,father
7001,1004147,1004775,father
7001,1004148,1004540,mother
7001,1004148,1004775,mother
7001,1004149,1004541,father
7001,1004149,1004776,father
7001,1004150,1004541,mother
7001,1004150,1004776,mother
7001,1004151,1004542,father
7001,1004151,1004777,father
7001,1004152,1004542,mother
7001,1004152,1004777,mother
7001,1004153,1004543,father
7001,1004153,1004778,father
7001,1004154,1004543,mother
7001,1004154,1004778,mother
7001,1004155,1004544,father
7001,1004155,1004779,father
7001,1004156,1004544,mother
7001,1004156,1004779,mother
7001,1004157,1004545,father
7001,1004157,1004780,father
7001,1004158,1004545,mother
7001,1004158,1004780,mother
7001,1004159,1004546,father
7001,1004159,1004781,father
7001,1004160,1004546,mother
7001,1004160,1004781,mother
7001,1004161,1004547,father
7001,1004161,1004782,father
7001,1004162,1004547,mother
7001,1004162,1004782,mother
7001,1004163,1004548,father
7001,1004163,1004783,father
7001,1004164,1004548,mother
7001,1004164,1004783,mother
7001,1004165,1004549,father
7001,1004165,1004784,father
7001,1004166,1004549,mother
7001,1004166,1004784,mother
7001,1004167,1004550,father
7001,1004167,1004785,father
7001,1004168,1004550,mother
7001,1004168,1004785,mother
7001,1004169,1004551,father
7001,1004169,1004786,father
7001,1004170,1004551,mother
7001,1004170,1004786,mother
7001,1004171,1004552,father
7001,1004171,1004787,father
7001,1004172,1004552,mother
7001,1004172,1004787,mother
7001,1004173,1004553,father
7001,1004173,1004788,father
7001,1004174,1004553,mother
7001,1004174,1004788,mother
7001,1004175,1004554,father
7001,1004175,1004789,father
7001,1004176,1004554,mother
7001,1004176,1004789,mother
7001,1004177,1004555,father
7001,1004177,1004790,father
7001,1004178,1004555,mother
7001,1004178,1004790,mother
7001,1004179,1004556,father
7001,1004179,1004791,father
7001,1004180,1004556,mother
7001,1004180,1004791,mother
7001,1004181,1004557,father
7001,1004181,1004792,father
7001,1004182,1004557,mother
7001,1004182,1004792,mother
7001,1004183,1004558,father
7001,1004183,1004793,father
7001,1004184,1004558,mother
7001,1004184,1004793,mother
7001,1004185,1004559,father
7001,1004185,1004794,father
7001,1004186,1004559,mother
7001,1004186,1004794,mother
7001,1004187,1004560,father
7001,1004187,1004795,father
7001,1004188,1004560,mother
7001,1004188,1004795,mother
7001,1004189,1004561,father
7001,1004189,1004796,father
7001,1004190,1004561,mother
7001,1004190,1004796,mother
7001,1004191,1004562,father
7001,1004191,1004797,father
7001,1004192,1004562,mother
7001,1004192,1004797,mother
7001,1004193,1004563,father
7001,1004193,1004798,father
7001,1004194,1004563,mother
7001,1004194,1004798,mother
7001,1004195,1004564,father
7001,1004195,1004799,father
7001,1004196,1004564,mother
7001,1004196,1004799,mother
7001,1004197,1004565,father
7001,1004197,1004800,father
7001,1004198,1004565,mother
7001,1004198,1004800,mother
7001,1004199,1004566,father
7001,1004199,1004801,father
7001,1004200,1004566,mother
7001,1004200,1004801,mother
7001,1004201,1004567,father
7001,1004201,1004802,father
7001,1004202,1004567,mother
7001,1004202,1004802,mother
7001,1004203,1004568,father
7001,1004203,1004803,father
7001,1004204,1004568,mother
7001,1004204,1004803,mother
7001,1004205,1004569,father
7001,1004205,1004804,father
7001,1004206,1004569,mother
7001,1004206,1004804,mother
7001,1004207,1004570,father
7001,1004207,1004805,father
7001,1004208,1004570,mother
7001,1004208,1004805,mother
7001,1004209,1004571,father
7001,1004209,1004806,father
7001,1004210,1004571,mother
7001,1004210,1004806,mother
7001,1004211,1004572,father
7001,1004211,1004807,father
7001,1004212,1004572,mother
7001,1004212,1004807,mother
7001,1004213,1004573,father
7001,1004213,1004808,father
7001,1004214,1004573,mother
7001,1004214,1004808,mother
7001,1004215,1004574,father
7001,1004215,1004809,father
7001,1004216,1004574,mother
7001,1004216,1004809,mother
7001,1004217,1004575,father
7001,1004217,1004810,father
7001,1004218,1004575,mother
7001,1004218,1004810,mother
7001,1004219,1004576,father
7001,1004219,1004811,father
7001,1004220,1004576,mother
7001,1004220,1004811,mother
7001,1004221,1004577,father
7001,1004221,1004812,father
7001,1004222,1004577,mother
7001,1004222,1004812,mother
7001,1004223,1004578,father
7001,1004223,1004813,father
7001,1004224,1004578,mother
7001,1004224,1004813,mother
7001,1004225,1004579,father
7001,1004225,1004814,father
7001,1004226,1004579,mother
7001,1004226,1004814,mother
7001,1004227,1004580,father
7001,1004227,1004815,father
7001,1004228,1004580,mother
7001,1004228,1004815,mother
7001,1004229,1004581,father
7001,1004229,1004816,father
7001,1004230,1004581,mother
7001,1004230,1004816,mother
7001,1004231,1004582,father
7001,1004231,1004817,father
7001,1004232,1004582,mother
7001,1004232,1004817,mother
7001,1004233,1004583,father
7001,1004233,1004818,father
7001,1004234,1004583,mother
7001,1004234,1004818,mother
7001,1004235,1004584,father
7001,1004235,1004819,father
7001,1004236,1004584,mother
7001,1004236,1004819,mother
7001,1004237,1004585,father
7001,1004237,1004820,father
7001,1004238,1004585,mother
7001,1004238,1004820,mother
7001,1004239,1004586,father
7001,1004239,1004821,father
7001,1004240,1004586,mother
7001,1004240,1004821,mother
7001,1004241,1004587,father
7001,1004241,1004822,father
7001,1004242,1004587,mother
7001,1004242,1004822,mother
7001,1004243,1004588,father
7001,1004243,1004823,father
7001,1004244,1004588,mother
7001,1004244,1004823,mother
7001,1004245,1004589,father
7001,1004245,1004824,father
7001,1004246,1004589,mother
7001,1004246,1004824,mother
7001,1004247,1004590,father
7001,1004247,1004825,father
7001,1004248,1004590,mother
7001,1004248,1004825,mother
7001,1004249,1004591,father
7001,1004249,1004826,father
7001,1004250,1004591,mother
7001,1004250,1004826,mother
7001,1004251,1004592,father
7001,1004251,1004827,father
7001,1004252,1004592,mother
7001,1004252,1004827,mother
7001,1004253,1004593,father
7001,1004253,1004828,father
7001,1004254,1004593,mother
7001,1004254,1004828,mother
7001,1004255,1004594,father
7001,1004255,1004829,father
7001,1004256,1004594,mother
7001,1004256,1004829,mother
7001,1004257,1004595,father
7001,1004257,1004830,father
7001,1004258,1004595,mother
7001,1004258,1004830,mother
7001,1004259,1004596,father
7001,1004259,1004831,father
7001,1004260,1004596,mother
7001,1004260,1004831,mother
7001,1004261,1004597,father
7001,1004261,1004832,father
7001,1004262,1004597,mother
7001,1004262,1004832,mother
7001,1004263,1004598,father
7001,1004263,1004833,father
7001,1004264,1004598,mother
7001,1004264,1004833,mother
7001,1004265,1004599,father
7001,1004265,1004834,father
7001,1004266,1004599,mother
7001,1004266,1004834,mother
7001,1004267,1004600,father
7001,1004267,1004835,father
7001,1004268,1004600,mother
7001,1004268,1004835,mother
7001,1004269,1004601,father
7001,1004269,1004836,father
7001,1004270,1004601,mother
7001,1004270,1004836,mother
7001,1004271,1004602,father
7001,1004271,1004837,father
7001,1004272,1004602,mother
7001,1004272,1004837,mother
7001,1004273,1004603,father
7001,1004273,1004838,father
7001,1004274,1004603,mother
7001,1004274,1004838,mother
7001,1004275,1004604,father
7001,1004275,1004839,father
7001,1004276,1004604,mother
7001,1004276,1004839,mother
7001,1004277,1004605,father
7001,1004277,1004840,father
7001,1004278,1004605,mother
7001,1004278,1004840,mother
7001,1004279,1004606,father
7001,1004279,1004841,father
7001,1004280,1004606,mother
7001,1004280,1004841,mother
7001,1004281,1004607,father
7001,1004281,1004842,father
7001,1004282,1004607,mother
7001,1004282,1004842,mother
7001,1004283,1004608,father
7001,1004283,1004843,father
7001,1004284,1004608,mother
7001,1004284,1004843,mother
7001,1004285,1004609,father
7001,1004285,1004844,father
7001,1004286,1004609,mother
7001,1004286,1004844,mother
7001,1004287,1004610,father
7001,1004287,1004845,father
7001,1004288,1004610,mother
7001,1004288,1004845,mother
7001,1004289,1004611,father
7001,1004289,1004846,father
7001,1004290,1004611,mother
7001,1004290,1004846,mother
7001,1004291,1004612,father
7001,1004291,1004847,father
7001,1004292,1004612,mother
7001,1004292,1004847,mother
7001,1004293,1004613,father
7001,1004293,1004848,father
7001,1004294,1004613,mother
7001,1004294,1004848,mother
7001,1004295,1004614,father
7001,1004295,1004849,father
7001,1004296,1004614,mother
7001,1004296,1004849,mother
7001,1004297,1004615,father
7001,1004297,1004850,father
7001,1004298,1004615,mother
7001,1004298,1004850,mother
7001,1004299,1004616,father
7001,1004299,1004851,father
7001,1004300,1004616,mother
7001,1004300,1004851,mother
7001,1004301,1004617,father
7001,1004301,1004852,father
7001,1004302,1004617,mother
7001,1004302,1004852,mother
7001,1004303,1004618,father
7001,1004303,1004853,father
7001,1004304,1004618,mother
7001,1004304,1004853,mother
7001,1004305,1004619,father
7001,1004305,1004854,father
7001,1004306,1004619,mother
7001,1004306,1004854,mother
7001,1004307,1004620,father
7001,1004307,1004855,father
7001,1004308,1004620,mother
7001,1004308,1004855,mother
7001,1004309,1004621,father
7001,1004309,1004856,father
7001,1004310,1004621,mother
7001,1004310,1004856,mother
7001,1004311,1004622,father
7001,1004311,1004857,father
7001,1004312,1004622,mother
7001,1004312,1004857,mother
7001,1004313,1004623,father
7001,1004313,1004858,father
7001,1004314,1004623,mother
7001,1004314,1004858,mother
7001,1004315,1004624,father
7001,1004315,1004859,father
7001,1004316,1004624,mother
7001,1004316,1004859,mother
7001,1004317,1004625,father
7001,1004317,1004860,father
7001,1004318,1004625,mother
7001,1004318,1004860,mother
7001,1004319,1004626,father
7001,1004319,1004861,father
7001,1004320,1004626,mother
7001,1004320,1004861,mother
7001,1004321,1004627,father
7001,1004321,1004862,father
7001,1004322,1004627,mother
7001,1004322,1004862,mother
7001,1004323,1004628,father
7001,1004323,1004863,father
7001,1004324,1004628,mother
7001,1004324,1004863,mother
7001,1004325,1004629,father
7001,1004325,1004864,father
7001,1004326,1004629,mother
7001,1004326,1004864,mother
7001,1004327,1004630,father
7001,1004327,1004865,father
7001,1004328,1004630,mother
7001,1004328,1004865,mother
7001,1004329,1004631,father
7001,1004329,1004866,father
7001,1004330,1004631,mother
7001,1004330,1004866,mother
7001,1004331,1004632,father
7001,1004331,1004867,father
7001,1004332,1004632,mother
7001,1004332,1004867,mother
7001,1004333,1004633,father
7001,1004333,1004868,father
7001,1004334,1004633,mother
7001,1004334,1004868,mother
7001,1004335,1004634,father
7001,1004335,1004869,father
7001,1004336,1004634,mother
7001,1004336,1004869,mother
7001,1004337,1004635,father
7001,1004337,1004870,father
7001,1004338,1004635,mother
7001,1004338,1004870,mother
7001,1004339,1004636,father
7001,1004339,1004871,father
7001,1004340,1004636,mother
7001,1004340,1004871,mother
7001,1004341,1004637,father
7001,1004341,1004872,father
7001,1004342,1004637,mother
7001,1004342,1004872,mother
7001,1004343,1004638,father
7001,1004343,1004873,father
7001,1004344,1004638,mother
7001,1004344,1004873,mother
7001,1004345,1004639,father
7001,1004345,1004874,father
7001,1004346,1004639,mother
7001,1004346,1004874,mother
7001,1004347,1004640,father
7001,1004347,1004875,father
7001,1004348,1004640,mother
7001,1004348,1004875,mother
7001,1004349,1004641,father
7001,1004349,1004876,father
7001,1004350,1004641,mother
7001,1004350,1004876,mother
7001,1004351,1004642,father
7001,1004351,1004877,father
7001,1004352,1004642,mother
7001,1004352,1004877,mother
7001,1004353,1004643,father
7001,1004353,1004878,father
7001,1004354,1004643,mother
7001,1004354,1004878,mother
7001,1004355,1004644,father
7001,1004355,1004879,father
7001,1004356,1004644,mother
7001,1004356,1004879,mother
7001,1004357,1004645,father
7001,1004357,1004880,father
7001,1004358,1004645,mother
7001,1004358,1004880,mother
7001,1004359,1004646,father
7001,1004359,1004881,father
7001,1004360,1004646,mother
7001,1004360,1004881,mother
7001,1004361,1004647,father
7001,1004361,1004882,father
7001,1004362,1004647,mother
7001,1004362,1004882,mother
7001,1004363,1004648,father
7001,1004363,1004883,father
7001,1004364,1004648,mother
7001,1004364,1004883,mother
7001,1004365,1004649,father
7001,1004365,1004884,father
7001,1004366,1004649,mother
7001,1004366,1004884,mother
7001,1004367,1004650,father
7001,1004367,1004885,father
7001,1004368,1004650,mother
7001,1004368,1004885,mother
7001,1004369,1004651,father
7001,1004369,1004886,father
7001,1004370,1004651,mother
7001,1004370,1004886,mother
7001,1004371,1004652,father
7001,1004371,1004887,father
7001,1004372,1004652,mother
7001,1004372,1004887,mother
7001,1004373,1004653,father
7001,1004373,1004888,father
7001,1004374,1004653,mother
7001,1004374,1004888,mother
7001,1004375,1004654,father
7001,1004375,1004889,father
7001,1004376,1004654,mother
7001,1004376,1004889,mother
7001,1004377,1004655,father
7001,1004377,1004890,father
7001,1004378,1004655,mother
7001,1004378,1004890,mother
7001,1004379,1004656,father
7001,1004379,1004891,father
7001,1004380,1004656,mother
7001,1004380,1004891,mother
7001,1004381,1004657,father
7001,1004381,1004892,father
7001,1004382,1004657,mother
7001,1004382,1004892,mother
7001,1004383,1004658,father
7001,1004383,1004893,father
7001,1004384,1004658,mother
7001,1004384,1004893,mother
7001,1004385,1004659,father
7001,1004385,1004894,father
7001,1004386,1004659,mother
7001,1004386,1004894,mother
7001,1004387,1004660,father
7001,1004387,1004895,father
7001,1004388,1004660,mother
7001,1004388,1004895,mother
7001,1004389,1004661,father
7001,1004389,1004896,father
7001,1004390,1004661,mother
7001,1004390,1004896,mother
7001,1004391,1004662,father
7001,1004391,1004897,father
7001,1004392,1004662,mother
7001,1004392,1004897,mother
7001,1004393,1004663,father
7001,1004393,1004898,father
7001,1004394,1004663,mother
7001,1004394,1004898,mother
7001,1004395,1004664,father
7001,1004395,1004899,father
7001,1004396,1004664,mother
7001,1004396,1004899,mother
7001,1004397,1004665,father
7001,1004397,1004900,father
7001,1004398,1004665,mother
7001,1004398,1004900,mother
7001,1004399,1004666,father
7001,1004399,1004901,father
7001,1004400,1004666,mother
7001,1004400,1004901,mother
7001,1004401,1004667,father
7001,1004401,1004902,father
7001,1004402,1004667,mother
7001,1004402,1004902,mother
7001,1004403,1004668,father
7001,1004403,1004903,father
7001,1004404,1004668,mother
7001,1004404,1004903,mother
7001,1004405,1004669,father
7001,1004406,1004669,mother
7001,1004407,1004670,father
7001,1004408,1004670,mother
7001,1004409,1004671,father
7001,1004410,1004671,mother
7001,1004411,1004672,father
7001,1004412,1004672,mother
7001,1004413,1004673,father
7001,1004414,1004673,mother
7001,1004415,1004674,father
7001,1004416,1004674,mother
7001,1004417,1004675,father
7001,1004418,1004675,mother
7001,1004419,1004676,father
7001,1004420,1004676,mother
7001,1004421,1004677,father
7001,1004422,1004677,mother
7001,1004423,1004678,father
7001,1004424,1004678,mother
7001,1004425,1004679,father
7001,1004426,1004679,mother
7001,1004427,1004680,father
7001,1004428,1004680,mother
7001,1004429,1004681,father
7001,1004430,1004681,mother
7001,1004431,1004682,father
7001,1004432,1004682,mother
7001,1004433,1004683,father
7001,1004434,1004683,mother
7001,1004435,1004684,father
7001,1004436,1004684,mother
7001,1004437,1004685,father
7001,1004438,1004685,mother
7001,1004439,1004686,father
7001,1004440,1004686,mother
7001,1004441,1004687,father
7001,1004442,1004687,mother
7001,1004443,1004688,father
7001,1004444,1004688,mother
7001,1004445,1004689,father
7001,1004446,1004689,mother
7001,1004447,1004690,father
7001,1004448,1004690,mother
7001,1004449,1004691,father
7001,1004450,1004691,mother
7001,1004451,1004692,father
7001,1004452,1004692,mother
7001,1004453,1004693,father
7001,1004454,1004693,mother
7001,1004455,1004694,father
7001,1004456,1004694,mother
7001,1004457,1004695,father
7001,1004458,1004695,mother
7001,1004459,1004696,father
7001,1004460,1004696,mother
7001,1004461,1004697,father
7001,1004462,1004697,mother
7001,1004463,1004904,father
7001,1004463,1005125,father
7001,1004464,1004904,mother
7001,1004464,1005124,mother
7001,1004465,1004905,father
7001,1004465,1005126,father
7001,1004466,1004905,mother
7001,1004466,1005125,mother
7001,1004467,1004906,father
7001,1004467,1005127,father
7001,1004468,1004906,mother
7001,1004468,1005126,mother
7001,1004469,1004907,father
7001,1004469,1005128,father
7001,1004470,1004907,mother
7001,1004470,1005127,mother
7001,1004471,1004908,father
7001,1004471,1005129,father
7001,1004472,1004908,mother
7001,1004472,1005128,mother
7001,1004473,1004909,father
7001,1004473,1005130,father
7001,1004474,1004909,mother
7001,1004474,1005129,mother
7001,1004475,1004910,father
7001,1004475,1005131,father
7001,1004476,1004910,mother
7001,1004476,1005130,mother
7001,1004477,1004911,father
7001,1004477,1005132,father
7001,1004478,1004911,mother
7001,1004478,1005131,mother
7001,1004479,1004912,father
7001,1004479,1005133,father
7001,1004480,1004912,mother
7001,1004480,1005132,mother
7001,1004481,1004913,father
7001,1004481,1005134,father
7001,1004482,1004913,mother
7001,1004482,1005133,mother
7001,1004483,1004914,father
7001,1004483,1005135,father
7001,1004484,1004914,mother
7001,1004484,1005134,mother
7001,1004485,1004915,father
7001,1004485,1005136,father
7001,1004486,1004915,mother
7001,1004486,1005135,mother
7001,1004487,1004916,father
7001,1004487,1005137,father
7001,1004488,1004916,mother
7001,1004488,1005136,mother
7001,1004489,1004917,father
7001,1004489,1005138,father
7001,1004490,1004917,mother
7001,1004490,1005137,mother
7001,1004491,1004918,father
7001,1004491,1005139,father
7001,1004492,1004918,mother
7001,1004492,1005138,mother
7001,1004493,1004919,father
7001,1004493,1005140,father
7001,1004494,1004919,mother
7001,1004494,1005139,mother
7001,1004495,1004920,father
7001,1004495,1005141,father
7001,1004496,1004920,mother
7001,1004496,1005140,mother
7001,1004497,1004921,father
7001,1004497,1005142,father
7001,1004498,1004921,mother
7001,1004498,1005141,mother
7001,1004499,1004922,father
7001,1004499,1005143,father
7001,1004500,1004922,mother
7001,1004500,1005142,mother
7001,1004501,1004923,father
7001,1004501,1005144,father
7001,1004502,1004923,mother
7001,1004502,1005143,mother
7001,1004503,1004924,father
7001,1004503,1005145,father
7001,1004504,1004924,mother
7001,1004504,1005144,mother
7001,1004505,1004925,father
7001,1004505,1005146,father
7001,1004506,1004925,mother
7001,1004506,1005145,mother
7001,1004507,1004926,father
7001,1004507,1005147,father
7001,1004508,1004926,mother
7001,1004508,1005146,mother
7001,1004509,1004927,father
7001,1004509,1005148,father
7001,1004510,1004927,mother
7001,1004510,1005147,mother
7001,1004511,1004928,father
7001,1004511,1005149,father
7001,1004512,1004928,mother
7001,1004512,1005148,mother
7001,1004513,1004929,father
7001,1004513,1005150,father
7001,1004514,1004929,mother
7001,1004514,1005149,mother
7001,1004515,1004930,father
7001,1004515,1005151,father
7001,1004516,1004930,mother
7001,1004516,1005150,mother
7001,1004517,1004931,father
7001,1004517,1005152,father
7001,1004518,1004931,mother
7001,1004518,1005151,mother
7001,1004519,1004932,father
7001,1004519,1005153,father
7001,1004520,1004932,mother
7001,1004520,1005152,mother
7001,1004521,1004933,father
7001,1004521,1005154,father
7001,1004522,1004933,mother
7001,1004522,1005153,mother
7001,1004523,1004934,father
7001,1004523,1005155,father
7001,1004524,1004934,mother
7001,1004524,1005154,mother
7001,1004525,1004935,father
7001,1004525,1005156,father
7001,1004526,1004935,mother
7001,1004526,1005155,mother
7001,1004527,1004936,father
7001,1004527,1005157,father
7001,1004528,1004936,mother
7001,1004528,1005156,mother
7001,1004529,1004937,father
7001,1004529,1005158,father
7001,1004530,1004937,mother
7001,1004530,1005157,mother
7001,1004531,1004938,father
7001,1004531,1005159,father
7001,1004532,1004938,mother
7001,1004532,1005158,mother
7001,1004533,1004939,father
7001,1004533,1005160,father
7001,1004534,1004939,mother
7001,1004534,1005159,mother
7001,1004535,1004940,father
7001,1004535,1005161,father
7001,1004536,1004940,mother
7001,1004536,1005160,mother
7001,1004537,1004941,father
7001,1004537,1005162,father
7001,1004538,1004941,mother
7001,1004538,1005161,mother
7001,1004539,1004942,father
7001,1004539,1005163,father
7001,1004540,1004942,mother
7001,1004540,1005162,mother
7001,1004541,1004943,father
7001,1004541,1005164,father
7001,1004542,1004943,mother
7001,1004542,1005163,mother
7001,1004543,1004944,father
7001,1004543,1005165,father
7001,1004544,1004944,mother
7001,1004544,1005164,mother
7001,1004545,1004945,father
7001,1004545,1005166,father
7001,1004546,1004945,mother
7001,1004546,1005165,mother
7001,1004547,1004946,father
7001,1004547,1005167,father
7001,1004548,1004946,mother
7001,1004548,1005166,mother
7001,1004549,1004947,father
7001,1004549,1005168,father
7001,1004550,1004947,mother
7001,1004550,1005167,mother
7001,1004551,1004948,father
7001,1004551,1005169,father
7001,1004552,1004948,mother
7001,1004552,1005168,mother
7001,1004553,1004949,father
7001,1004553,1005170,father
7001,1004554,1004949,mother
7001,1004554,1005169,mother
7001,1004555,1004950,father
7001,1004555,1005171,father
7001,1004556,1004950,mother
7001,1004556,1005170,mother
7001,1004557,1004951,father
7001,1004557,1005172,father
7001,1004558,1004951,mother
7001,1004558,1005171,mother
7001,1004559,1004952,father
7001,1004559,1005173,father
7001,1004560,1004952,mother
7001,1004560,1005172,mother
7001,1004561,1004953,father
7001,1004561,1005174,father
7001,1004562,1004953,mother
7001,1004562,1005173,mother
7001,1004563,1004954,father
7001,1004563,1005175,father
7001,1004564,1004954,mother
7001,1004564,1005174,mother
7001,1004565,1004955,father
7001,1004565,1005176,father
7001,1004566,1004955,mother
7001,1004566,1005175,mother
7001,1004567,1004956,father
7001,1004567,1005177,father
7001,1004568,1004956,mother
7001,1004568,1005176,mother
7001,1004569,1004957,father
7001,1004569,1005178,father
7001,1004570,1004957,mother
7001,1004570,1005177,mother
7001,1004571,1004958,father
7001,1004571,1005179,father
7001,1004572,1004958,mother
7001,1004572,1005178,mother
7001,1004573,1004959,father
7001,1004573,1005180,father
7001,1004574,1004959,mother
7001,1004574,1005179,mother
7001,1004575,1004960,father
7001,1004575,1005181,father
7001,1004576,1004960,mother
7001,1004576,1005180,mother
7001,1004577,1004961,father
7001,1004577,1005182,father
7001,1004578,1004961,mother
7001,1004578,1005181,mother
7001,1004579,1004962,father
7001,1004579,1005183,father
7001,1004580,1004962,mother
7001,1004580,1005182,mother
7001,1004581,1004963,father
7001,1004581,1005184,father
7001,1004582,1004963,mother
7001,1004582,1005183,mother
7001,1004583,1004964,father
7001,1004583,1005185,father
7001,1004584,1004964,mother
7001,1004584,1005184,mother
7001,1004585,1004965,father
7001,1004585,1005186,father
7001,1004586,1004965,mother
7001,1004586,1005185,mother
7001,1004587,1004966,father
7001,1004587,1005187,father
7001,1004588,1004966,mother
7001,1004588,1005186,mother
7001,1004589,1004967,father
7001,1004589,1005188,father
7001,1004590,1004967,mother
7001,1004590,1005187,mother
7001,1004591,1004968,father
7001,1004591,1005189,father
7001,1004592,1004968,mother
7001,1004592,1005188,mother
7001,1004593,1004969,father
7001,1004593,1005190,father
7001,1004594,1004969,mother
7001,1004594,1005189,mother
7001,1004595,1004970,father
7001,1004595,1005191,father
7001,1004596,1004970,mother
7001,1004596,1005190,mother
7001,1004597,1004971,father
7001,1004597,1005192,father
7001,1004598,1004971,mother
7001,1004598,1005191,mother
7001,1004599,1004972,father
7001,1004599,1005193,father
7001,1004600,1004972,mother
7001,1004600,1005192,mother
7001,1004601,1004973,father
7001,1004601,1005194,father
7001,1004602,1004973,mother
7001,1004602,1005193,mother
7001,1004603,1004974,father
7001,1004603,1005195,father
7001,1004604,1004974,mother
7001,1004604,1005194,mother
7001,1004605,1004975,father
7001,1004605,1005196,father
7001,1004606,1004975,mother
7001,1004606,1005195,mother
7001,1004607,1004976,father
7001,1004607,1005197,father
7001,1004608,1004976,mother
7001,1004608,1005196,mother
7001,1004609,1004977,father
7001,1004609,1005198,father
7001,1004610,1004977,mother
7001,1004610,1005197,mother
7001,1004611,1004978,father
7001,1004611,1005199,father
7001,1004612,1004978,mother
7001,1004612,1005198,mother
7001,1004613,1004979,father
7001,1004613,1005200,father
7001,1004614,1004979,mother
7001,1004614,1005199,mother
7001,1004615,1004980,father
7001,1004615,1005201,father
7001,1004616,1004980,mother
7001,1004616,1005200,mother
7001,1004617,1004981,father
7001,1004617,1005202,father
7001,1004618,1004981,mother
7001,1004618,1005201,mother
7001,1004619,1004982,father
7001,1004619,1005203,father
7001,1004620,1004982,mother
7001,1004620,1005202,mother
7001,1004621,1004983,father
7001,1004621,1005204,father
7001,1004622,1004983,mother
7001,1004622,1005203,mother
7001,1004623,1004984,father
7001,1004623,1005205,father
7001,1004624,1004984,mother
7001,1004624,1005204,mother
7001,1004625,1004985,father
7001,1004625,1005206,father
7001,1004626,1004985,mother
7001,1004626,1005205,mother
7001,1004627,1004986,father
7001,1004627,1005207,father
7001,1004628,1004986,mother
7001,1004628,1005206,mother
7001,1004629,1004987,father
7001,1004629,1005208,father
7001,1004630,1004987,mother
7001,1004630,1005207,mother
7001,1004631,1004988,father
7001,1004631,1005209,father
7001,1004632,1004988,mother
7001,1004632,1005208,mother
7001,1004633,1004989,father
7001,1004633,1005210,father
7001,1004634,1004989,mother
7001,1004634,1005209,mother
7001,1004635,1004990,father
7001,1004635,1005211,father
7001,1004636,1004990,mother
7001,1004636,1005210,mother
7001,1004637,1004991,father
7001,1004637,1005212,father
7001,1004638,1004991,mother
7001,1004638,1005211,mother
7001,1004639,1004992,father
7001,1004639,1005213,father
7001,1004640,1004992,mother
7001,1004640,1005212,mother
7001,1004641,1004993,father
7001,1004641,1005214,father
7001,1004642,1004993,mother
7001,1004642,1005213,mother
7001,1004643,1004994,father
7001,1004643,1005215,father
7001,1004644,1004994,mother
7001,1004644,1005214,mother
7001,1004645,1004995,father
7001,1004645,1005216,father
7001,1004646,1004995,mother
7001,1004646,1005215,mother
7001,1004647,1004996,father
7001,1004647,1005217,father
7001,1004648,1004996,mother
7001,1004648,1005216,mother
7001,1004649,1004997,father
7001,1004649,1005218,father
7001,1004650,1004997,mother
7001,1004650,1005217,mother
7001,1004651,1004998,father
7001,1004651,1005219,father
7001,1004652,1004998,mother
7001,1004652,1005218,mother
7001,1004653,1004999,father
7001,1004653,1005220,father
7001,1004654,1004999,mother
7001,1004654,1005219,mother
7001,1004655,1005000,father
7001,1004655,1005221,father
7001,1004656,1005000,mother
7001,1004656,1005220,mother
7001,1004657,1005001,father
7001,1004657,1005222,father
7001,1004658,1005001,mother
7001,1004658,1005221,mother
7001,1004659,1005002,father
7001,1004659,1005223,father
7001,1004660,1005002,mother
7001,1004660,1005222,mother
7001,1004661,1005003,father
7001,1004661,1005224,father
7001,1004662,1005003,mother
7001,1004662,1005223,mother
7001,1004663,1005004,father
7001,1004663,1005225,father
7001,1004664,1005004,mother
7001,1004664,1005224,mother
7001,1004665,1005005,father
7001,1004665,1005226,father
7001,1004666,1005005,mother
7001,1004666,1005225,mother
7001,1004667,1005006,father
7001,1004667,1005227,father
7001,1004668,1005006,mother
7001,1004668,1005226,mother
7001,1004669,1005007,father
7001,1004669,1005228,father
7001,1004670,1005007,mother
7001,1004670,1005227,mother
7001,1004671,1005008,father
7001,1004671,1005229,father
7001,1004672,1005008,mother
7001,1004672,1005228,mother
7001,1004673,1005009,father
7001,1004673,1005230,father
7001,1004674,1005009,mother
7001,1004674,1005229,mother
7001,1004675,1005010,father
7001,1004675,1005231,father
7001,1004676,1005010,mother
7001,1004676,1005230,mother
7001,1004677,1005011,father
7001,1004677,1005232,father
7001,1004678,1005011,mother
7001,1004678,1005231,mother
7001,1004679,1005012,father
7001,1004679,1005233,father
7001,1004680,1005012,mother
7001,1004680,1005232,mother
7001,1004681,1005013,father
7001,1004681,1005234,father
7001,1004682,1005013,mother
7001,1004682,1005233,mother
7001,1004683,1005014,father
7001,1004683,1005235,father
7001,1004684,1005014,mother
7001,1004684,1005234,mother
7001,1004685,1005015,father
7001,1004685,1005236,father
7001,1004686,1005015,mother
7001,1004686,1005235,mother
7001,1004687,1005016,father
7001,1004687,1005237,father
7001,1004688,1005016,mother
7001,1004688,1005236,mother
7001,1004689,1005017,father
7001,1004689,1005238,father
7001,1004690,1005017,mother
7001,1004690,1005237,mother
7001,1004691,1005018,father
7001,1004691,1005239,father
7001,1004692,1005018,mother
7001,1004692,1005238,mother
7001,1004693,1005019,father
7001,1004693,1005240,father
7001,1004694,1005019,mother
7001,1004694,1005239,mother
7001,1004695,1005020,father
7001,1004695,1005241,father
7001,1004696,1005020,mother
7001,1004696,1005240,mother
7001,1004697,1005021,father
7001,1004697,1005242,father
7001,1004698,1005021,mother
7001,1004698,1005241,mother
7001,1004699,1005022,father
7001,1004699,1005243,father
7001,1004700,1005022,mother
7001,1004700,1005242,mother
7001,1004701,1005023,father
7001,1004701,1005244,father
7001,1004702,1005023,mother
7001,1004702,1005243,mother
7001,1004703,1005024,father
7001,1004703,1005245,father
7001,1004704,1005024,mother
7001,1004704,1005244,mother
7001,1004705,1005025,father
7001,1004705,1005246,father
7001,1004706,1005025,mother
7001,1004706,1005245,mother
7001,1004707,1005026,father
7001,1004707,1005247,father
7001,1004708,1005026,mother
7001,1004708,1005246,mother
7001,1004709,1005027,father
7001,1004709,1005248,father
7001,1004710,1005027,mother
7001,1004710,1005247,mother
7001,1004711,1005028,father
7001,1004711,1005249,father
7001,1004712,1005028,mother
7001,1004712,1005248,mother
7001,1004713,1005029,father
7001,1004713,1005250,father
7001,1004714,1005029,mother
7001,1004714,1005249,mother
7001,1004715,1005030,father
7001,1004715,1005251,father
7001,1004716,1005030,mother
7001,1004716,1005250,mother
7001,1004717,1005031,father
7001,1004717,1005252,father
7001,1004718,1005031,mother
7001,1004718,1005251,mother
7001,1004719,1005032,father
7001,1004719,1005253,father
7001,1004720,1005032,mother
7001,1004720,1005252,mother
7001,1004721,1005033,father
7001,1004721,1005254,father
7001,1004722,1005033,mother
7001,1004722,1005253,mother
7001,1004723,1005034,father
7001,1004723,1005255,father
7001,1004724,1005034,mother
7001,1004724,1005254,mother
7001,1004725,1005035,father
7001,1004725,1005256,father
7001,1004726,1005035,mother
7001,1004726,1005255,mother
7001,1004727,1005036,father
7001,1004727,1005257,father
7001,1004728,1005036,mother
7001,1004728,1005256,mother
7001,1004729,1005037,father
7001,1004729,1005258,father
7001,1004730,1005037,mother
7001,1004730,1005257,mother
7001,1004731,1005038,father
7001,1004731,1005259,father
7001,1004732,1005038,mother
7001,1004732,1005258,mother
7001,1004733,1005039,father
7001,1004733,1005260,father
7001,1004734,1005039,mother
7001,1004734,1005259,mother
7001,1004735,1005040,father
7001,1004735,1005261,father
7001,1004736,1005040,mother
7001,1004736,1005260,mother
7001,1004737,1005041,father
7001,1004737,1005262,father
7001,1004738,1005041,mother
7001,1004738,1005261,mother
7001,1004739,1005042,father
7001,1004739,1005263,father
7001,1004740,1005042,mother
7001,1004740,1005262,mother
7001,1004741,1005043,father
7001,1004741,1005264,father
7001,1004742,1005043,mother
7001,1004742,1005263,mother
7001,1004743,1005044,father
7001,1004743,1005265,father
7001,1004744,1005044,mother
7001,1004744,1005264,mother
7001,1004745,1005045,father
7001,1004745,1005266,father
7001,1004746,1005045,mother
7001,1004746,1005265,mother
7001,1004747,1005046,father
7001,1004747,1005267,father
7001,1004748,1005046,mother
7001,1004748,1005266,mother
7001,1004749,1005047,father
7001,1004749,1005268,father
7001,1004750,1005047,mother
7001,1004750,1005267,mother
7001,1004751,1005048,father
7001,1004751,1005269,father
7001,1004752,1005048,mother
7001,1004752,1005268,mother
7001,1004753,1005049,father
7001,1004753,1005270,father
7001,1004754,1005049,mother
7001,1004754,1005269,mother
7001,1004755,1005050,father
7001,1004755,1005271,father
7001,1004756,1005050,mother
7001,1004756,1005270,mother
7001,1004757,1005051,father
7001,1004757,1005272,father
7001,1004758,1005051,mother
7001,1004758,1005271,mother
7001,1004759,1005052,father
7001,1004759,1005273,father
7001,1004760,1005052,mother
7001,1004760,1005272,mother
7001,1004761,1005053,father
7001,1004761,1005274,father
7001,1004762,1005053,mother
7001,1004762,1005273,mother
7001,1004763,1005054,father
7001,1004763,1005275,father
7001,1004764,1005054,mother
7001,1004764,1005274,mother
7001,1004765,1005055,father
7001,1004765,1005276,father
7001,1004766,1005055,mother
7001,1004766,1005275,mother
7001,1004767,1005056,father
7001,1004767,1005277,father
7001,1004768,1005056,mother
7001,1004768,1005276,mother
7001,1004769,1005057,father
7001,1004769,1005278,father
7001,1004770,1005057,mother
7001,1004770,1005277,mother
7001,1004771,1005058,father
7001,1004771,1005279,father
7001,1004772,1005058,mother
7001,1004772,1005278,mother
7001,1004773,1005059,father
7001,1004773,1005280,father
7001,1004774,1005059,mother
7001,1004774,1005279,mother
7001,1004775,1005060,father
7001,1004775,1005281,father
7001,1004776,1005060,mother
7001,1004776,1005280,mother
7001,1004777,1005061,father
7001,1004777,1005282,father
7001,1004778,1005061,mother
7001,1004778,1005281,mother
7001,1004779,1005062,father
7001,1004779,1005283,father
7001,1004780,1005062,mother
7001,1004780,1005282,mother
7001,1004781,1005063,father
7001,1004781,1005284,father
7001,1004782,1005063,mother
7001,1004782,1005283,mother
7001,1004783,1005064,father
7001,1004783,1005285,father
7001,1004784,1005064,mother
7001,1004784,1005284,mother
7001,1004785,1005065,father
7001,1004785,1005286,father
7001,1004786,1005065,mother
7001,1004786,1005285,mother
7001,1004787,1005066,father
7001,1004787,1005287,father
7001,1004788,1005066,mother
7001,1004788,1005286,mother
7001,1004789,1005067,father
7001,1004789,1005288,father
7001,1004790,1005067,mother
7001,1004790,1005287,mother
7001,1004791,1005068,father
7001,1004791,1005289,father
7001,1004792,1005068,mother
7001,1004792,1005288,mother
7001,1004793,1005069,father
7001,1004793,1005290,father
7001,1004794,1005069,mother
7001,1004794,1005289,mother
7001,1004795,1005070,father
7001,1004795,1005291,father
7001,1004796,1005070,mother
7001,1004796,1005290,mother
7001,1004797,1005071,father
7001,1004797,1005292,father
7001,1004798,1005071,mother
7001,1004798,1005291,mother
7001,1004799,1005072,father
7001,1004799,1005293,father
7001,1004800,1005072,mother
7001,1004800,1005292,mother
7001,1004801,1005073,father
7001,1004801,1005294,father
7001,1004802,1005073,mother
7001,1004802,1005293,mother
7001,1004803,1005074,father
7001,1004803,1005295,father
7001,1004804,1005074,mother
7001,1004804,1005294,mother
7001,1004805,1005075,father
7001,1004805,1005296,father
7001,1004806,1005075,mother
7001,1004806,1005295,mother
7001,1004807,1005076,father
7001,1004807,1005297,father
7001,1004808,1005076,mother
7001,1004808,1005296,mother
7001,1004809,1005077,father
7001,1004809,1005298,father
7001,1004810,1005077,mother
7001,1004810,1005297,mother
7001,1004811,1005078,father
7001,1004811,1005299,father
7001,1004812,1005078,mother
7001,1004812,1005298,mother
7001,1004813,1005079,father
7001,1004813,1005300,father
7001,1004814,1005079,mother
7001,1004814,1005299,mother
7001,1004815,1005080,father
7001,1004815,1005301,father
7001,1004816,1005080,mother
7001,1004816,1005300,mother
7001,1004817,1005081,father
7001,1004817,1005302,father
7001,1004818,1005081,mother
7001,1004818,1005301,mother
7001,1004819,1005082,father
7001,1004819,1005303,father
7001,1004820,1005082,mother
7001,1004820,1005302,mother
7001,1004821,1005083,father
7001,1004821,1005304,father
7001,1004822,1005083,mother
7001,1004822,1005303,mother
7001,1004823,1005084,father
7001,1004823,1005305,father
7001,1004824,1005084,mother
7001,1004824,1005304,mother
7001,1004825,1005085,father
7001,1004825,1005306,father
7001,1004826,1005085,mother
7001,1004826,1005305,mother
7001,1004827,1005086,father
7001,1004827,1005307,father
7001,1004828,1005086,mother
7001,1004828,1005306,mother
7001,1004829,1005087,father
7001,1004829,1005308,father
7001,1004830,1005087,mother
7001,1004830,1005307,mother
7001,1004831,1005088,father
7001,1004831,1005309,father
7001,1004832,1005088,mother
7001,1004832,1005308,mother
7001,1004833,1005089,father
7001,1004833,1005310,father
7001,1004834,1005089,mother
7001,1004834,1005309,mother
7001,1004835,1005090,father
7001,1004835,1005311,father
7001,1004836,1005090,mother
7001,1004836,1005310,mother
7001,1004837,1005091,father
7001,1004837,1005312,father
7001,1004838,1005091,mother
7001,1004838,1005311,mother
7001,1004839,1005092,father
7001,1004839,1005313,father
7001,1004840,1005092,mother
7001,1004840,1005312,mother
7001,1004841,1005093,father
7001,1004841,1005314,father
7001,1004842,1005093,mother
7001,1004842,1005313,mother
7001,1004843,1005094,father
7001,1004843,1005315,father
7001,1004844,1005094,mother
7001,1004844,1005314,mother
7001,1004845,1005095,father
7001,1004846,1005095,mother
7001,1004846,1005315,mother
7001,1004847,1005096,father
7001,1004848,1005096,mother
7001,1004849,1005097,father
7001,1004850,1005097,mother
7001,1004851,1005098,father
7001,1004852,1005098,mother
7001,1004853,1005099,father
7001,1004854,1005099,mother
7001,1004855,1005100,father
7001,1004856,1005100,mother
7001,1004857,1005101,father
7001,1004858,1005101,mother
7001,1004859,1005102,father
7001,1004860,1005102,mother
7001,1004861,1005103,father
7001,1004862,1005103,mother
7001,1004863,1005104,father
7001,1004864,1005104,mother
7001,1004865,1005105,father
7001,1004866,1005105,mother
7001,1004867,1005106,father
7001,1004868,1005106,mother
7001,1004869,1005107,father
7001,1004870,1005107,mother
7001,1004871,1005108,father
7001,1004872,1005108,mother
7001,1004873,1005109,father
7001,1004874,1005109,mother
7001,1004875,1005110,father
7001,1004876,1005110,mother
7001,1004877,1005111,father
7001,1004878,1005111,mother
7001,1004879,1005112,father
7001,1004880,1005112,mother
7001,1004881,1005113,father
7001,1004882,1005113,mother
7001,1004883,1005114,father
7001,1004884,1005114,mother
7001,1004885,1005115,father
7001,1004886,1005115,mother
7001,1004887,1005116,father
7001,1004888,1005116,mother
7001,1004889,1005117,father
7001,1004890,1005117,mother
7001,1004891,1005118,father
7001,1004892,1005118,mother
7001,1004893,1005119,father
7001,1004894,1005119,mother
7001,1004895,1005120,father
7001,1004896,1005120,mother
7001,1004897,1005121,father
7001,1004898,1005121,mother
7001,1004899,1005122,father
7001,1004900,1005122,mother
7001,1004901,1005123,father
7001,1004902,1005123,mother
7001,1004903,1005124,father
7001,1004904,1005316,father
7001,1004904,1005522,father
7001,1004905,1005316,mother
7001,1004905,1005522,mother
7001,1004906,1005317,father
7001,1004906,1005523,father
7001,1004907,1005317,mother
7001,1004907,1005523,mother
7001,1004908,1005318,father
7001,1004908,1005524,father
7001,1004909,1005318,mother
7001,1004909,1005524,mother
7001,1004910,1005319,father
7001,1004910,1005525,father
7001,1004911,1005319,mother
7001,1004911,1005525,mother
7001,1004912,1005320,father
7001,1004912,1005526,father
7001,1004913,1005320,mother
7001,1004913,1005526,mother
7001,1004914,1005321,father
7001,1004914,1005527,father
7001,1004915,1005321,mother
7001,1004915,1005527,mother
7001,1004916,1005322,father
7001,1004916,1005528,father
7001,1004917,1005322,mother
7001,1004917,1005528,mother
7001,1004918,1005323,father
7001,1004918,1005529,father
7001,1004919,1005323,mother
7001,1004919,1005529,mother
7001,1004920,1005324,father
7001,1004920,1005530,father
7001,1004921,1005324,mother
7001,1004921,1005530,mother
7001,1004922,1005325,father
7001,1004922,1005531,father
7001,1004923,1005325,mother
7001,1004923,1005531,mother
7001,1004924,1005326,father
7001,1004924,1005532,father
7001,1004925,1005326,mother
7001,1004925,1005532,mother
7001,1004926,1005327,father
7001,1004926,1005533,father
7001,1004927,1005327,mother
7001,1004927,1005533,mother
7001,1004928,1005328,father
7001,1004928,1005534,father
7001,1004929,1005328,mother
7001,1004929,1005534,mother
7001,1004930,1005329,father
7001,1004930,1005535,father
7001,1004931,1005329,mother
7001,1004931,1005535,mother
7001,1004932,1005330,father
7001,1004932,1005536,father
7001,1004933,1005330,mother
7001,1004933,1005536,mother
7001,1004934,1005331,father
7001,1004934,1005537,father
7001,1004935,1005331,mother
7001,1004935,1005537,mother
7001,1004936,1005332,father
7001,1004936,1005538,father
7001,1004937,1005332,mother
7001,1004937,1005538,mother
7001,1004938,1005333,father
7001,1004938,1005539,father
7001,1004939,1005333,mother
7001,1004939,1005539,mother
7001,1004940,1005334,father
7001,1004940,1005540,father
7001,1004941,1005334,mother
7001,1004941,1005540,mother
7001,1004942,1005335,father
7001,1004942,1005541,father
7001,1004943,1005335,mother
7001,1004943,1005541,mother
7001,1004944,1005336,father
7001,1004944,1005542,father
7001,1004945,1005336,mother
7001,1004945,1005542,mother
7001,1004946,1005337,father
7001,1004946,1005543,father
7001,1004947,1005337,mother
7001,1004947,1005543,mother
7001,1004948,1005338,father
7001,1004948,1005544,father
7001,1004949,1005338,mother
7001,1004949,1005544,mother
7001,1004950,1005339,father
7001,1004950,1005545,father
7001,1004951,1005339,mother
7001,1004951,1005545,mother
7001,1004952,1005340,father
7001,1004952,1005546,father
7001,1004953,1005340,mother
7001,1004953,1005546,mother
7001,1004954,1005341,father
7001,1004954,1005547,father
7001,1004955,1005341,mother
7001,1004955,1005547,mother
7001,1004956,1005342,father
7001,1004956,1005548,father
7001,1004957,1005342,mother
7001,1004957,1005548,mother
7001,1004958,1005343,father
7001,1004958,1005549,father
7001,1004959,1005343,mother
7001,1004959,1005549,mother
7001,1004960,1005344,father
7001,1004960,1005550,father
7001,1004961,1005344,mother
7001,1004961,1005550,mother
7001,1004962,1005345,father
7001,1004962,1005551,father
7001,1004963,1005345,mother
7001,1004963,1005551,mother
7001,1004964,1005346,father
7001,1004964,1005552,father
7001,1004965,1005346,mother
7001,1004965,1005552,mother
7001,1004966,1005347,father
7001,1004966,1005553,father
7001,1004967,1005347,mother
7001,1004967,1005553,mother
7001,1004968,1005348,father
7001,1004968,1005554,father
7001,1004969,1005348,mother
7001,1004969,1005554,mother
7001,1004970,1005349,father
7001,1004970,1005555,father
7001,1004971,1005349,mother
7001,1004971,1005555,mother
7001,1004972,1005350,father
7001,1004972,1005556,father
7001,1004973,1005350,mother
7001,1004973,1005556,mother
7001,1004974,1005351,father
7001,1004974,1005557,father
7001,1004975,1005351,mother
7001,1004975,1005557,mother
7001,1004976,1005352,father
7001,1004976,1005558,father
7001,1004977,1005352,mother
7001,1004977,1005558,mother
7001,1004978,1005353,father
7001,1004978,1005559,father
7001,1004979,1005353,mother
7001,1004979,1005559,mother
7001,1004980,1005354,father
7001,1004980,1005560,father
7001,1004981,1005354,mother
7001,1004981,1005560,mother
7001,1004982,1005355,father
7001,1004982,1005561,father
7001,1004983,1005355,mother
7001,1004983,1005561,mother
7001,1004984,1005356,father
7001,1004984,1005562,father
7001,1004985,1005356,mother
7001,1004985,1005562,mother
7001,1004986,1005357,father
7001,1004986,1005563,father
7001,1004987,1005357,mother
7001,1004987,1005563,mother
7001,1004988,1005358,father
7001,1004988,1005564,father
7001,1004989,1005358,mother
7001,1004989,1005564,mother
7001,1004990,1005359,father
7001,1004990,1005565,father
7001,1004991,1005359,mother
7001,1004991,1005565,mother
7001,1004992,1005360,father
7001,1004992,1005566,father
7001,1004993,1005360,mother
7001,1004993,1005566,mother
7001,1004994,1005361,father
7001,1004994,1005567,father
7001,1004995,1005361,mother
7001,1004995,1005567,mother
7001,1004996,1005362,father
7001,1004996,1005568,father
7001,1004997,1005362,mother
7001,1004997,1005568,mother
7001,1004998,1005363,father
7001,1004998,1005569,father
7001,1004999,1005363,mother
7001,1004999,1005569,mother
7001,1005000,1005364,father
7001,1005000,1005570,father
7001,1005001,1005364,mother
7001,1005001,1005570,mother
7001,1005002,1005365,father
7001,1005002,1005571,father
7001,1005003,1005365,mother
7001,1005003,1005571,mother
7001,1005004,1005366,father
7001,1005004,1005572,father
7001,1005005,1005366,mother
7001,1005005,1005572,mother
7001,1005006,1005367,father
7001,1005006,1005573,father
7001,1005007,1005367,mother
7001,1005007,1005573,mother
7001,1005008,1005368,father
7001,1005008,1005574,father
7001,1005009,1005368,mother
7001,1005009,1005574,mother
7001,1005010,1005369,father
7001,1005010,1005575,father
7001,1005011,1005369,mother
7001,1005011,1005575,mother
7001,1005012,1005370,father
7001,1005012,1005576,father
7001,1005013,1005370,mother
7001,1005013,1005576,mother
7001,1005014,1005371,father
7001,1005014,1005577,father
7001,1005015,1005371,mother
7001,1005015,1005577,mother
7001,1005016,1005372,father
7001,1005016,1005578,father
7001,1005017,1005372,mother
7001,1005017,1005578,mother
7001,1005018,1005373,father
7001,1005018,1005579,father
7001,1005019,1005373,mother
7001,1005019,1005579,mother
7001,1005020,1005374,father
7001,1005020,1005580,father
7001,1005021,1005374,mother
7001,1005021,1005580,mother
7001,1005022,1005375,father
7001,1005022,1005581,father
7001,1005023,1005375,mother
7001,1005023,1005581,mother
7001,1005024,1005376,father
7001,1005024,1005582,father
7001,1005025,1005376,mother
7001,1005025,1005582,mother
7001,1005026,1005377,father
7001,1005026,1005583,father
7001,1005027,1005377,mother
7001,1005027,1005583,mother
7001,1005028,1005378,father
7001,1005028,1005584,father
7001,1005029,1005378,mother
7001,1005029,1005584,mother
7001,1005030,1005379,father
7001,1005030,1005585,father
7001,1005031,1005379,mother
7001,1005031,1005585,mother
7001,1005032,1005380,father
7001,1005032,1005586,father
7001,1005033,1005380,mother
7001,1005033,1005586,mother
7001,1005034,1005381,father
7001,1005034,1005587,father
7001,1005035,1005381,mother
7001,1005035,1005587,mother
7001,1005036,1005382,father
7001,1005036,1005588,father
7001,1005037,1005382,mother
7001,1005037,1005588,mother
7001,1005038,1005383,father
7001,1005038,1005589,father
7001,1005039,1005383,mother
7001,1005039,1005589,mother
7001,1005040,1005384,father
7001,1005040,1005590,father
7001,1005041,1005384,mother
7001,1005041,1005590,mother
7001,1005042,1005385,father
7001,1005042,1005591,father
7001,1005043,1005385,mother
7001,1005043,1005591,mother
7001,1005044,1005386,father
7001,1005044,1005592,father
7001,1005045,1005386,mother
7001,1005045,1005592,mother
7001,1005046,1005387,father
7001,1005046,1005593,father
7001,1005047,1005387,mother
7001,1005047,1005593,mother
7001,1005048,1005388,father
7001,1005048,1005594,father
7001,1005049,1005388,mother
7001,1005049,1005594,mother
7001,1005050,1005389,father
7001,1005050,1005595,father
7001,1005051,1005389,mother
7001,1005051,1005595,mother
7001,1005052,1005390,father
7001,1005052,1005596,father
7001,1005053,1005390,mother
7001,1005053,1005596,mother
7001,1005054,1005391,father
7001,1005054,1005597,father
7001,1005055,1005391,mother
7001,1005055,1005597,mother
7001,1005056,1005392,father
7001,1005056,1005598,father
7001,1005057,1005392,mother
7001,1005057,1005598,mother
7001,1005058,1005393,father
7001,1005058,1005599,father
7001,1005059,1005393,mother
7001,1005059,1005599,mother
7001,1005060,1005394,father
7001,1005060,1005600,father
7001,1005061,1005394,mother
7001,1005061,1005600,mother
7001,1005062,1005395,father
7001,1005062,1005601,father
7001,1005063,1005395,mother
7001,1005063,1005601,mother
7001,1005064,1005396,father
7001,1005064,1005602,father
7001,1005065,1005396,mother
7001,1005065,1005602,mother
7001,1005066,1005397,father
7001,1005066,1005603,father
7001,1005067,1005397,mother
7001,1005067,1005603,mother
7001,1005068,1005398,father
7001,1005068,1005604,father
7001,1005069,1005398,mother
7001,1005069,1005604,mother
7001,1005070,1005399,father
7001,1005070,1005605,father
7001,1005071,1005399,mother
7001,1005071,1005605,mother
7001,1005072,1005400,father
7001,1005072,1005606,father
7001,1005073,1005400,mother
7001,1005073,1005606,mother
7001,1005074,1005401,father
7001,1005074,1005607,father
7001,1005075,1005401,mother
7001,1005075,1005607,mother
7001,1005076,1005402,father
7001,1005076,1005608,father
7001,1005077,1005402,mother
7001,1005077,1005608,mother
7001,1005078,1005403,father
7001,1005078,1005609,father
7001,1005079,1005403,mother
7001,1005079,1005609,mother
7001,1005080,1005404,father
7001,1005080,1005610,father
7001,1005081,1005404,mother
7001,1005081,1005610,mother
7001,1005082,1005405,father
7001,1005082,1005611,father
7001,1005083,1005405,mother
7001,1005083,1005611,mother
7001,1005084,1005406,father
7001,1005084,1005612,father
7001,1005085,1005406,mother
7001,1005085,1005612,mother
7001,1005086,1005407,father
7001,1005086,1005613,father
7001,1005087,1005407,mother
7001,1005087,1005613,mother
7001,1005088,1005408,father
7001,1005088,1005614,father
7001,1005089,1005408,mother
7001,1005089,1005614,mother
7001,1005090,1005409,father
7001,1005090,1005615,father
7001,1005091,1005409,mother
7001,1005091,1005615,mother
7001,1005092,1005410,father
7001,1005092,1005616,father
7001,1005093,1005410,mother
7001,1005093,1005616,mother
7001,1005094,1005411,father
7001,1005094,1005617,father
7001,1005095,1005411,mother
7001,1005095,1005617,mother
7001,1005096,1005412,father
7001,1005096,1005618,father
7001,1005097,1005412,mother
7001,1005097,1005618,mother
7001,1005098,1005413,father
7001,1005098,1005619,father
7001,1005099,1005413,mother
7001,1005099,1005619,mother
7001,1005100,1005414,father
7001,1005100,1005620,father
7001,1005101,1005414,mother
7001,1005101,1005620,mother
7001,1005102,1005415,father
7001,1005102,1005621,father
7001,1005103,1005415,mother
7001,1005103,1005621,mother
7001,1005104,1005416,father
7001,1005104,1005622,father
7001,1005105,1005416,mother
7001,1005105,1005622,mother
7001,1005106,1005417,father
7001,1005106,1005623,father
7001,1005107,1005417,mother
7001,1005107,1005623,mother
7001,1005108,1005418,father
7001,1005108,1005624,father
7001,1005109,1005418,mother
7001,1005109,1005624,mother
7001,1005110,1005419,father
7001,1005110,1005625,father
7001,1005111,1005419,mother
7001,1005111,1005625,mother
7001,1005112,1005420,father
7001,1005112,1005626,father
7001,1005113,1005420,mother
7001,1005113,1005626,mother
7001,1005114,1005421,father
7001,1005114,1005627,father
7001,1005115,1005421,mother
7001,1005115,1005627,mother
7001,1005116,1005422,father
7001,1005116,1005628,father
7001,1005117,1005422,mother
7001,1005117,1005628,mother
7001,1005118,1005423,father
7001,1005118,1005629,father
7001,1005119,1005423,mother
7001,1005119,1005629,mother
7001,1005120,1005424,father
7001,1005120,1005630,father
7001,1005121,1005424,mother
7001,1005121,1005630,mother
7001,1005122,1005425,father
7001,1005122,1005631,father
7001,1005123,1005425,mother
7001,1005123,1005631,mother
7001,1005124,1005426,father
7001,1005124,1005632,father
7001,1005125,1005426,mother
7001,1005125,1005632,mother
7001,1005126,1005427,father
7001,1005126,1005633,father
7001,1005127,1005427,mother
7001,1005127,1005633,mother
7001,1005128,1005428,father
7001,1005128,1005634,father
7001,1005129,1005428,mother
7001,1005129,1005634,mother
7001,1005130,1005429,father
7001,1005130,1005635,father
7001,1005131,1005429,mother
7001,1005131,1005635,mother
7001,1005132,1005430,father
7001,1005132,1005636,father
7001,1005133,1005430,mother
7001,1005133,1005636,mother
7001,1005134,1005431,father
7001,1005134,1005637,father
7001,1005135,1005431,mother
7001,1005135,1005637,mother
7001,1005136,1005432,father
7001,1005136,1005638,father
7001,1005137,1005432,mother
7001,1005137,1005638,mother
7001,1005138,1005433,father
7001,1005138,1005639,father
7001,1005139,1005433,mother
7001,1005139,1005639,mother
7001,1005140,1005434,father
7001,1005140,1005640,father
7001,1005141,1005434,mother
7001,1005141,1005640,mother
7001,1005142,1005435,father
7001,1005142,1005641,father
7001,1005143,1005435,mother
7001,1005143,1005641,mother
7001,1005144,1005436,father
7001,1005144,1005642,father
7001,1005145,1005436,mother
7001,1005145,1005642,mother
7001,1005146,1005437,father
7001,1005146,1005643,father
7001,1005147,1005437,mother
7001,1005147,1005643,mother
7001,1005148,1005438,father
7001,1005148,1005644,father
7001,1005149,1005438,mother
7001,1005149,1005644,mother
7001,1005150,1005439,father
7001,1005150,1005645,father
7001,1005151,1005439,mother
7001,1005151,1005645,mother
7001,1005152,1005440,father
7001,1005152,1005646,father
7001,1005153,1005440,mother
7001,1005153,1005646,mother
7001,1005154,1005441,father
7001,1005154,1005647,father
7001,1005155,1005441,mother
7001,1005155,1005647,mother
7001,1005156,1005442,father
7001,1005156,1005648,father
7001,1005157,1005442,mother
7001,1005157,1005648,mother
7001,1005158,1005443,father
7001,1005158,1005649,father
7001,1005159,1005443,mother
7001,1005159,1005649,mother
7001,1005160,1005444,father
7001,1005160,1005650,father
7001,1005161,1005444,mother
7001,1005161,1005650,mother
7001,1005162,1005445,father
7001,1005162,1005651,father
7001,1005163,1005445,mother
7001,1005163,1005651,mother
7001,1005164,1005446,father
7001,1005164,1005652,father
7001,1005165,1005446,mother
7001,1005165,1005652,mother
7001,1005166,1005447,father
7001,1005166,1005653,father
7001,1005167,1005447,mother
7001,1005167,1005653,mother
7001,1005168,1005448,father
7001,1005168,1005654,father
7001,1005169,1005448,mother
7001,1005169,1005654,mother
7001,1005170,1005449,father
7001,1005170,1005655,father
7001,1005171,1005449,mother
7001,1005171,1005655,mother
7001,1005172,1005450,father
7001,1005172,1005656,father
7001,1005173,1005450,mother
7001,1005173,1005656,mother
7001,1005174,1005451,father
7001,1005174,1005657,father
7001,1005175,1005451,mother
7001,1005175,1005657,mother
7001,1005176,1005452,father
7001,1005176,1005658,father
7001,1005177,1005452,mother
7001,1005177,1005658,mother
7001,1005178,1005453,father
7001,1005178,1005659,father
7001,1005179,1005453,mother
7001,1005179,1005659,mother
7001,1005180,1005454,father
7001,1005180,1005660,father
7001,1005181,1005454,mother
7001,1005181,1005660,mother
7001,1005182,1005455,father
7001,1005182,1005661,father
7001,1005183,1005455,mother
7001,1005183,1005661,mother
7001,1005184,1005456,father
7001,1005184,1005662,father
7001,1005185,1005456,mother
7001,1005185,1005662,mother
7001,1005186,1005457,father
7001,1005186,1005663,father
7001,1005187,1005457,mother
7001,1005187,1005663,mother
7001,1005188,1005458,father
7001,1005188,1005664,father
7001,1005189,1005458,mother
7001,1005189,1005664,mother
7001,1005190,1005459,father
7001,1005190,1005665,father
7001,1005191,1005459,mother
7001,1005191,1005665,mother
7001,1005192,1005460,father
7001,1005192,1005666,father
7001,1005193,1005460,mother
7001,1005193,1005666,mother
7001,1005194,1005461,father
7001,1005194,1005667,father
7001,1005195,1005461,mother
7001,1005195,1005667,mother
7001,1005196,1005462,father
7001,1005196,1005668,father
7001,1005197,1005462,mother
7001,1005197,1005668,mother
7001,1005198,1005463,father
7001,1005198,1005669,father
7001,1005199,1005463,mother
7001,1005199,1005669,mother
7001,1005200,1005464,father
7001,1005200,1005670,father
7001,1005201,1005464,mother
7001,1005201,1005670,mother
7001,1005202,1005465,father
7001,1005202,1005671,father
7001,1005203,1005465,mother
7001,1005203,1005671,mother
7001,1005204,1005466,father
7001,1005204,1005672,father
7001,1005205,1005466,mother
7001,1005205,1005672,mother
7001,1005206,1005467,father
7001,1005206,1005673,father
7001,1005207,1005467,mother
7001,1005207,1005673,mother
7001,1005208,1005468,father
7001,1005208,1005674,father
7001,1005209,1005468,mother
7001,1005209,1005674,mother
7001,1005210,1005469,father
7001,1005210,1005675,father
7001,1005211,1005469,mother
7001,1005211,1005675,mother
7001,1005212,1005470,father
7001,1005212,1005676,father
7001,1005213,1005470,mother
7001,1005213,1005676,mother
7001,1005214,1005471,father
7001,1005214,1005677,father
7001,1005215,1005471,mother
7001,1005215,1005677,mother
7001,1005216,1005472,father
7001,1005216,1005678,father
7001,1005217,1005472,mother
7001,1005217,1005678,mother
7001,1005218,1005473,father
7001,1005218,1005679,father
7001,1005219,1005473,mother
7001,1005219,1005679,mother
7001,1005220,1005474,father
7001,1005220,1005680,father
7001,1005221,1005474,mother
7001,1005221,1005680,mother
7001,1005222,1005475,father
7001,1005222,1005681,father
7001,1005223,1005475,mother
7001,1005223,1005681,mother
7001,1005224,1005476,father
7001,1005224,1005682,father
7001,1005225,1005476,mother
7001,1005225,1005682,mother
7001,1005226,1005477,father
7001,1005226,1005683,father
7001,1005227,1005477,mother
7001,1005227,1005683,mother
7001,1005228,1005478,father
7001,1005228,1005684,father
7001,1005229,1005478,mother
7001,1005229,1005684,mother
7001,1005230,1005479,father
7001,1005230,1005685,father
7001,1005231,1005479,mother
7001,1005231,1005685,mother
7001,1005232,1005480,father
7001,1005232,1005686,father
7001,1005233,1005480,mother
7001,1005233,1005686,mother
7001,1005234,1005481,father
7001,1005234,1005687,father
7001,1005235,1005481,mother
7001,1005235,1005687,mother
7001,1005236,1005482,father
7001,1005236,1005688,father
7001,1005237,1005482,mother
7001,1005237,1005688,mother
7001,1005238,1005483,father
7001,1005238,1005689,father
7001,1005239,1005483,mother
7001,1005239,1005689,mother
7001,1005240,1005484,father
7001,1005240,1005690,father
7001,1005241,1005484,mother
7001,1005241,1005690,mother
7001,1005242,1005485,father
7001,1005242,1005691,father
7001,1005243,1005485,mother
7001,1005243,1005691,mother
7001,1005244,1005486,father
7001,1005244,1005692,father
7001,1005245,1005486,mother
7001,1005245,1005692,mother
7001,1005246,1005487,father
7001,1005246,1005693,father
7001,1005247,1005487,mother
7001,1005247,1005693,mother
7001,1005248,1005488,father
7001,1005248,1005694,father
7001,1005249,1005488,mother
7001,1005249,1005694,mother
7001,1005250,1005489,father
7001,1005250,1005695,father
7001,1005251,1005489,mother
7001,1005251,1005695,mother
7001,1005252,1005490,father
7001,1005252,1005696,father
7001,1005253,1005490,mother
7001,1005253,1005696,mother
7001,1005254,1005491,father
7001,1005254,1005697,father
7001,1005255,1005491,mother
7001,1005255,1005697,mother
7001,1005256,1005492,father
7001,1005257,1005492,mother
7001,1005258,1005493,father
7001,1005259,1005493,mother
7001,1005260,1005494,father
7001,1005261,1005494,mother
7001,1005262,1005495,father
7001,1005263,1005495,mother
7001,1005264,1005496,father
7001,1005265,1005496,mother
7001,1005266,1005497,father
7001,1005267,1005497,mother
7001,1005268,1005498,father
7001,1005269,1005498,mother
7001,1005270,1005499,father
7001,1005271,1005499,mother
7001,1005272,1005500,father
7001,1005273,1005500,mother
7001,1005274,1005501,father
7001,1005275,1005501,mother
7001,1005276,1005502,father
7001,1005277,1005502,mother
7001,1005278,1005503,father
7001,1005279,1005503,mother
7001,1005280,1005504,father
7001,1005281,1005504,mother
7001,1005282,1005505,father
7001,1005283,1005505,mother
7001,1005284,1005506,father
7001,1005285,1005506,mother
7001,1005286,1005507,father
7001,1005287,1005507,mother
7001,1005288,1005508,father
7001,1005289,1005508,mother
7001,1005290,1005509,father
7001,1005291,1005509,mother
7001,1005292,1005510,father
7001,1005293,1005510,mother
7001,1005294,1005511,father
7001,1005295,1005511,mother
7001,1005296,1005512,father
7001,1005297,1005512,mother
7001,1005298,1005513,father
7001,1005299,1005513,mother
7001,1005300,1005514,father
7001,1005301,1005514,mother
7001,1005302,1005515,father
7001,1005303,1005515,mother
7001,1005304,1005516,father
7001,1005305,1005516,mother
7001,1005306,1005517,father
7001,1005307,1005517,mother
7001,1005308,1005518,father
7001,1005309,1005518,mother
7001,1005310,1005519,father
7001,1005311,1005519,mother
7001,1005312,1005520,father
7001,1005313,1005520,mother
7001,1005314,1005521,father
7001,1005315,1005521,mother
7001,1005316,1005698,father
7001,1005316,1005889,father
7001,1005317,1005698,mother
7001,1005317,1005889,mother
7001,1005318,1005699,father
7001,1005318,1005890,father
7001,1005319,1005699,mother
7001,1005319,1005890,mother
7001,1005320,1005700,father
7001,1005320,1005891,father
7001,1005321,1005700,mother
7001,1005321,1005891,mother
7001,1005322,1005701,father
7001,1005322,1005892,father
7001,1005323,1005701,mother
7001,1005323,1005892,mother
7001,1005324,1005702,father
7001,1005324,1005893,father
7001,1005325,1005702,mother
7001,1005325,1005893,mother
7001,1005326,1005703,father
7001,1005326,1005894,father
7001,1005327,1005703,mother
7001,1005327,1005894,mother
7001,1005328,1005704,father
7001,1005328,1005895,father
7001,1005329,1005704,mother
7001,1005329,1005895,mother
7001,1005330,1005705,father
7001,1005330,1005896,father
7001,1005331,1005705,mother
7001,1005331,1005896,mother
7001,1005332,1005706,father
7001,1005332,1005897,father
7001,1005333,1005706,mother
7001,1005333,1005897,mother
7001,1005334,1005707,father
7001,1005334,1005898,father
7001,1005335,1005707,mother
7001,1005335,1005898,mother
7001,1005336,1005708,father
7001,1005336,1005899,father
7001,1005337,1005708,mother
7001,1005337,1005899,mother
7001,1005338,1005709,father
7001,1005338,1005900,father
7001,1005339,1005709,mother
7001,1005339,1005900,mother
7001,1005340,1005710,father
7001,1005340,1005901,father
7001,1005341,1005710,mother
7001,1005341,1005901,mother
7001,1005342,1005711,father
7001,1005342,1005902,father
7001,1005343,1005711,mother
7001,1005343,1005902,mother
7001,1005344,1005712,father
7001,1005344,1005903,father
7001,1005345,1005712,mother
7001,1005345,1005903,mother
7001,1005346,1005713,father
7001,1005346,1005904,father
7001,1005347,1005713,mother
7001,1005347,1005904,mother
7001,1005348,1005714,father
7001,1005348,1005905,father
7001,1005349,1005714,mother
7001,1005349,1005905,mother
7001,1005350,1005715,father
7001,1005350,1005906,father
7001,1005351,1005715,mother
7001,1005351,1005906,mother
7001,1005352,1005716,father
7001,1005352,1005907,father
7001,1005353,1005716,mother
7001,1005353,1005907,mother
7001,1005354,1005717,father
7001,1005354,1005908,father
7001,1005355,1005717,mother
7001,1005355,1005908,mother
7001,1005356,1005718,father
7001,1005356,1005909,father
7001,1005357,1005718,mother
7001,1005357,1005909,mother
7001,1005358,1005719,father
7001,1005358,1005910,father
7001,1005359,1005719,mother
7001,1005359,1005910,mother
7001,1005360,1005720,father
7001,1005360,1005911,father
7001,1005361,1005720,mother
7001,1005361,1005911,mother
7001,1005362,1005721,father
7001,1005362,1005912,father
7001,1005363,1005721,mother
7001,1005363,1005912,mother
7001,1005364,1005722,father
7001,1005364,1005913,father
7001,1005365,1005722,mother
7001,1005365,1005913,mother
7001,1005366,1005723,father
7001,1005366,1005914,father
7001,1005367,1005723,mother
7001,1005367,1005914,mother
7001,1005368,1005724,father
7001,1005368,1005915,father
7001,1005369,1005724,mother
7001,1005369,1005915,mother
7001,1005370,1005725,father
7001,1005370,1005916,father
7001,1005371,1005725,mother
7001,1005371,1005916,mother
7001,1005372,1005726,father
7001,1005372,1005917,father
7001,1005373,1005726,mother
7001,1005373,1005917,mother
7001,1005374,1005727,father
7001,1005374,1005918,father
7001,1005375,1005727,mother
7001,1005375,1005918,mother
7001,1005376,1005728,father
7001,1005376,1005919,father
7001,1005377,1005728,mother
7001,1005377,1005919,mother
7001,1005378,1005729,father
7001,1005378,1005920,father
7001,1005379,1005729,mother
7001,1005379,1005920,mother
7001,1005380,1005730,father
7001,1005380,1005921,father
7001,1005381,1005730,mother
7001,1005381,1005921,mother
7001,1005382,1005731,father
7001,1005382,1005922,father
7001,1005383,1005731,mother
7001,1005383,1005922,mother
7001,1005384,1005732,father
7001,1005384,1005923,father
7001,1005385,1005732,mother
7001,1005385,1005923,mother
7001,1005386,1005733,father
7001,1005386,1005924,father
7001,1005387,1005733,mother
7001,1005387,1005924,mother
7001,1005388,1005734,father
7001,1005388,1005925,father
7001,1005389,1005734,mother
7001,1005389,1005925,mother
7001,1005390,1005735,father
7001,1005390,1005926,father
7001,1005391,1005735,mother
7001,1005391,1005926,mother
7001,1005392,1005736,father
7001,1005392,1005927,father
7001,1005393,1005736,mother
7001,1005393,1005927,mother
7001,1005394,1005737,father
7001,1005394,1005928,father
7001,1005395,1005737,mother
7001,1005395,1005928,mother
7001,1005396,1005738,father
7001,1005396,1005929,father
7001,1005397,1005738,mother
7001,1005397,1005929,mother
7001,1005398,1005739,father
7001,1005398,1005930,father
7001,1005399,1005739,mother
7001,1005399,1005930,mother
7001,1005400,1005740,father
7001,1005400,1005931,father
7001,1005401,1005740,mother
7001,1005401,1005931,mother
7001,1005402,1005741,father
7001,1005402,1005932,father
7001,1005403,1005741,mother
7001,1005403,1005932,mother
7001,1005404,1005742,father
7001,1005404,1005933,father
7001,1005405,1005742,mother
7001,1005405,1005933,mother
7001,1005406,1005743,father
7001,1005406,1005934,father
7001,1005407,1005743,mother
7001,1005407,1005934,mother
7001,1005408,1005744,father
7001,1005408,1005935,father
7001,1005409,1005744,mother
7001,1005409,1005935,mother
7001,1005410,1005745,father
7001,1005410,1005936,father
7001,1005411,1005745,mother
7001,1005411,1005936,mother
7001,1005412,1005746,father
7001,1005412,1005937,father
7001,1005413,1005746,mother
7001,1005413,1005937,mother
7001,1005414,1005747,father
7001,1005414,1005938,father
7001,1005415,1005747,mother
7001,1005415,1005938,mother
7001,1005416,1005748,father
7001,1005416,1005939,father
7001,1005417,1005748,mother
7001,1005417,1005939,mother
7001,1005418,1005749,father
7001,1005418,1005940,father
7001,1005419,1005749,mother
7001,1005419,1005940,mother
7001,1005420,1005750,father
7001,1005420,1005941,father
7001,1005421,1005750,mother
7001,1005421,1005941,mother
7001,1005422,1005751,father
7001,1005422,1005942,father
7001,1005423,1005751,mother
7001,1005423,1005942,mother
7001,1005424,1005752,father
7001,1005424,1005943,father
7001,1005425,1005752,mother
7001,1005425,1005943,mother
7001,1005426,1005753,father
7001,1005426,1005944,father
7001,1005427,1005753,mother
7001,1005427,1005944,mother
7001,1005428,1005754,father
7001,1005428,1005945,father
7001,1005429,1005754,mother
7001,1005429,1005945,mother
7001,1005430,1005755,father
7001,1005430,1005946,father
7001,1005431,1005755,mother
7001,1005431,1005946,mother
7001,1005432,1005756,father
7001,1005432,1005947,father
7001,1005433,1005756,mother
7001,1005433,1005947,mother
7001,1005434,1005757,father
7001,1005434,1005948,father
7001,1005435,1005757,mother
7001,1005435,1005948,mother
7001,1005436,1005758,father
7001,1005436,1005949,father
7001,1005437,1005758,mother
7001,1005437,1005949,mother
7001,1005438,1005759,father
7001,1005438,1005950,father
7001,1005439,1005759,mother
7001,1005439,1005950,mother
7001,1005440,1005760,father
7001,1005440,1005951,father
7001,1005441,1005760,mother
7001,1005441,1005951,mother
7001,1005442,1005761,father
7001,1005442,1005952,father
7001,1005443,1005761,mother
7001,1005443,1005952,mother
7001,1005444,1005762,father
7001,1005444,1005953,father
7001,1005445,1005762,mother
7001,1005445,1005953,mother
7001,1005446,1005763,father
7001,1005446,1005954,father
7001,1005447,1005763,mother
7001,1005447,1005954,mother
7001,1005448,1005764,father
7001,1005448,1005955,father
7001,1005449,1005764,mother
7001,1005449,1005955,mother
7001,1005450,1005765,father
7001,1005450,1005956,father
7001,1005451,1005765,mother
7001,1005451,1005956,mother
7001,1005452,1005766,father
7001,1005452,1005957,father
7001,1005453,1005766,mother
7001,1005453,1005957,mother
7001,1005454,1005767,father
7001,1005454,1005958,father
7001,1005455,1005767,mother
7001,1005455,1005958,mother
7001,1005456,1005768,father
7001,1005456,1005959,father
7001,1005457,1005768,mother
7001,1005457,1005959,mother
7001,1005458,1005769,father
7001,1005458,1005960,father
7001,1005459,1005769,mother
7001,1005459,1005960,mother
7001,1005460,1005770,father
7001,1005460,1005961,father
7001,1005461,1005770,mother
7001,1005461,1005961,mother
7001,1005462,1005771,father
7001,1005462,1005962,father
7001,1005463,1005771,mother
7001,1005463,1005962,mother
7001,1005464,1005772,father
7001,1005464,1005963,father
7001,1005465,1005772,mother
7001,1005465,1005963,mother
7001,1005466,1005773,father
7001,1005466,1005964,father
7001,1005467,1005773,mother
7001,1005467,1005964,mother
7001,1005468,1005774,father
7001,1005468,1005965,father
7001,1005469,1005774,mother
7001,1005469,1005965,mother
7001,1005470,1005775,father
7001,1005470,1005966,father
7001,1005471,1005775,mother
7001,1005471,1005966,mother
7001,1005472,1005776,father
7001,1005472,1005967,father
7001,1005473,1005776,mother
7001,1005473,1005967,mother
7001,1005474,1005777,father
7001,1005474,1005968,father
7001,1005475,1005777,mother
7001,1005475,1005968,mother
7001,1005476,1005778,father
7001,1005476,1005969,father
7001,1005477,1005778,mother
7001,1005477,1005969,mother
7001,1005478,1005779,father
7001,1005478,1005970,father
7001,1005479,1005779,mother
7001,1005479,1005970,mother
7001,1005480,1005780,father
7001,1005480,1005971,father
7001,1005481,1005780,mother
7001,1005481,1005971,mother
7001,1005482,1005781,father
7001,1005482,1005972,father
7001,1005483,1005781,mother
7001,1005483,1005972,mother
7001,1005484,1005782,father
7001,1005484,1005973,father
7001,1005485,1005782,mother
7001,1005485,1005973,mother
7001,1005486,1005783,father
7001,1005486,1005974,father
7001,1005487,1005783,mother
7001,1005487,1005974,mother
7001,1005488,1005784,father
7001,1005488,1005975,father
7001,1005489,1005784,mother
7001,1005489,1005975,mother
7001,1005490,1005785,father
7001,1005490,1005976,father
7001,1005491,1005785,mother
7001,1005491,1005976,mother
7001,1005492,1005786,father
7001,1005492,1005977,father
7001,1005493,1005786,mother
7001,1005493,1005977,mother
7001,1005494,1005787,father
7001,1005494,1005978,father
7001,1005495,1005787,mother
7001,1005495,1005978,mother
7001,1005496,1005788,father
7001,1005496,1005979,father
7001,1005497,1005788,mother
7001,1005497,1005979,mother
7001,1005498,1005789,father
7001,1005498,1005980,father
7001,1005499,1005789,mother
7001,1005499,1005980,mother
7001,1005500,1005790,father
7001,1005500,1005981,father
7001,1005501,1005790,mother
7001,1005501,1005981,mother
7001,1005502,1005791,father
7001,1005502,1005982,father
7001,1005503,1005791,mother
7001,1005503,1005982,mother
7001,1005504,1005792,father
7001,1005504,1005983,father
7001,1005505,1005792,mother
7001,1005505,1005983,mother
7001,1005506,1005793,father
7001,1005506,1005984,father
7001,1005507,1005793,mother
7001,1005507,1005984,mother
7001,1005508,1005794,father
7001,1005508,1005985,father
7001,1005509,1005794,mother
7001,1005509,1005985,mother
7001,1005510,1005795,father
7001,1005510,1005986,father
7001,1005511,1005795,mother
7001,1005511,1005986,mother
7001,1005512,1005796,father
7001,1005512,1005987,father
7001,1005513,1005796,mother
7001,1005513,1005987,mother
7001,1005514,1005797,father
7001,1005514,1005988,father
7001,1005515,1005797,mother
7001,1005515,1005988,mother
7001,1005516,1005798,father
7001,1005516,1005989,father
7001,1005517,1005798,mother
7001,1005517,1005989,mother
7001,1005518,1005799,father
7001,1005518,1005990,father
7001,1005519,1005799,mother
7001,1005519,1005990,mother
7001,1005520,1005800,father
7001,1005520,1005991,father
7001,1005521,1005800,mother
7001,1005521,1005991,mother
7001,1005522,1005801,father
7001,1005522,1005992,father
7001,1005523,1005801,mother
7001,1005523,1005992,mother
7001,1005524,1005802,father
7001,1005524,1005993,father
7001,1005525,1005802,mother
7001,1005525,1005993,mother
7001,1005526,1005803,father
7001,1005526,1005994,father
7001,1005527,1005803,mother
7001,1005527,1005994,mother
7001,1005528,1005804,father
7001,1005528,1005995,father
7001,1005529,1005804,mother
7001,1005529,1005995,mother
7001,1005530,1005805,father
7001,1005530,1005996,father
7001,1005531,1005805,mother
7001,1005531,1005996,mother
7001,1005532,1005806,father
7001,1005532,1005997,father
7001,1005533,1005806,mother
7001,1005533,1005997,mother
7001,1005534,1005807,father
7001,1005534,1005998,father
7001,1005535,1005807,mother
7001,1005535,1005998,mother
7001,1005536,1005808,father
7001,1005536,1005999,father
7001,1005537,1005808,mother
7001,1005537,1005999,mother
7001,1005538,1005809,father
7001,1005538,1006000,father
7001,1005539,1005809,mother
7001,1005539,1006000,mother
7001,1005540,1005810,father
7001,1005540,1006001,father
7001,1005541,1005810,mother
7001,1005541,1006001,mother
7001,1005542,1005811,father
7001,1005542,1006002,father
7001,1005543,1005811,mother
7001,1005543,1006002,mother
7001,1005544,1005812,father
7001,1005544,1006003,father
7001,1005545,1005812,mother
7001,1005545,1006003,mother
7001,1005546,1005813,father
7001,1005546,1006004,father
7001,1005547,1005813,mother
7001,1005547,1006004,mother
7001,1005548,1005814,father
7001,1005548,1006005,father
7001,1005549,1005814,mother
7001,1005549,1006005,mother
7001,1005550,1005815,father
7001,1005550,1006006,father
7001,1005551,1005815,mother
7001,1005551,1006006,mother
7001,1005552,1005816,father
7001,1005552,1006007,father
7001,1005553,1005816,mother
7001,1005553,1006007,mother
7001,1005554,1005817,father
7001,1005554,1006008,father
7001,1005555,1005817,mother
7001,1005555,1006008,mother
7001,1005556,1005818,father
7001,1005556,1006009,father
7001,1005557,1005818,mother
7001,1005557,1006009,mother
7001,1005558,1005819,father
7001,1005558,1006010,father
7001,1005559,1005819,mother
7001,1005559,1006010,mother
7001,1005560,1005820,father
7001,1005560,1006011,father
7001,1005561,1005820,mother
7001,1005561,1006011,mother
7001,1005562,1005821,father
7001,1005562,1006012,father
7001,1005563,1005821,mother
7001,1005563,1006012,mother
7001,1005564,1005822,father
7001,1005564,1006013,father
7001,1005565,1005822,mother
7001,1005565,1006013,mother
7001,1005566,1005823,father
7001,1005566,1006014,father
7001,1005567,1005823,mother
7001,1005567,1006014,mother
7001,1005568,1005824,father
7001,1005568,1006015,father
7001,1005569,1005824,mother
7001,1005569,1006015,mother
7001,1005570,1005825,father
7001,1005570,1006016,father
7001,1005571,1005825,mother
7001,1005571,1006016,mother
7001,1005572,1005826,father
7001,1005572,1006017,father
7001,1005573,1005826,mother
7001,1005573,1006017,mother
7001,1005574,1005827,father
7001,1005574,1006018,father
7001,1005575,1005827,mother
7001,1005575,1006018,mother
7001,1005576,1005828,father
7001,1005576,1006019,father
7001,1005577,1005828,mother
7001,1005577,1006019,mother
7001,1005578,1005829,father
7001,1005578,1006020,father
7001,1005579,1005829,mother
7001,1005579,1006020,mother
7001,1005580,1005830,father
7001,1005580,1006021,father
7001,1005581,1005830,mother
7001,1005581,1006021,mother
7001,1005582,1005831,father
7001,1005582,1006022,father
7001,1005583,1005831,mother
7001,1005583,1006022,mother
7001,1005584,1005832,father
7001,1005584,1006023,father
7001,1005585,1005832,mother
7001,1005585,1006023,mother
7001,1005586,1005833,father
7001,1005586,1006024,father
7001,1005587,1005833,mother
7001,1005587,1006024,mother
7001,1005588,1005834,father
7001,1005588,1006025,father
7001,1005589,1005834,mother
7001,1005589,1006025,mother
7001,1005590,1005835,father
7001,1005590,1006026,father
7001,1005591,1005835,mother
7001,1005591,1006026,mother
7001,1005592,1005836,father
7001,1005592,1006027,father
7001,1005593,1005836,mother
7001,1005593,1006027,mother
7001,1005594,1005837,father
7001,1005594,1006028,father
7001,1005595,1005837,mother
7001,1005595,1006028,mother
7001,1005596,1005838,father
7001,1005596,1006029,father
7001,1005597,1005838,mother
7001,1005597,1006029,mother
7001,1005598,1005839,father
7001,1005598,1006030,father
7001,1005599,1005839,mother
7001,1005599,1006030,mother
7001,1005600,1005840,father
7001,1005600,1006031,father
7001,1005601,1005840,mother
7001,1005601,1006031,mother
7001,1005602,1005841,father
7001,1005602,1006032,father
7001,1005603,1005841,mother
7001,1005603,1006032,mother
7001,1005604,1005842,father
7001,1005604,1006033,father
7001,1005605,1005842,mother
7001,1005605,1006033,mother
7001,1005606,1005843,father
7001,1005606,1006034,father
7001,1005607,1005843,mother
7001,1005607,1006034,mother
7001,1005608,1005844,father
7001,1005608,1006035,father
7001,1005609,1005844,mother
7001,1005609,1006035,mother
7001,1005610,1005845,father
7001,1005610,1006036,father
7001,1005611,1005845,mother
7001,1005611,1006036,mother
7001,1005612,1005846,father
7001,1005612,1006037,father
7001,1005613,1005846,mother
7001,1005613,1006037,mother
7001,1005614,1005847,father
7001,1005614,1006038,father
7001,1005615,1005847,mother
7001,1005615,1006038,mother
7001,1005616,1005848,father
7001,1005616,1006039,father
7001,1005617,1005848,mother
7001,1005617,1006039,mother
7001,1005618,1005849,father
7001,1005618,1006040,father
7001,1005619,1005849,mother
7001,1005619,1006040,mother
7001,1005620,1005850,father
7001,1005620,1006041,father
7001,1005621,1005850,mother
7001,1005621,1006041,mother
7001,1005622,1005851,father
7001,1005622,1006042,father
7001,1005623,1005851,mother
7001,1005623,1006042,mother
7001,1005624,1005852,father
7001,1005624,1006043,father
7001,1005625,1005852,mother
7001,1005625,1006043,mother
7001,1005626,1005853,father
7001,1005626,1006044,father
7001,1005627,1005853,mother
7001,1005627,1006044,mother
7001,1005628,1005854,father
7001,1005628,1006045,father
7001,1005629,1005854,mother
7001,1005629,1006045,mother
7001,1005630,1005855,father
7001,1005630,1006046,father
7001,1005631,1005855,mother
7001,1005631,1006046,mother
7001,1005632,1005856,father
7001,1005632,1006047,father
7001,1005633,1005856,mother
7001,1005633,1006047,mother
7001,1005634,1005857,father
7001,1005634,1006048,father
7001,1005635,1005857,mother
7001,1005635,1006048,mother
7001,1005636,1005858,father
7001,1005636,1006049,father
7001,1005637,1005858,mother
7001,1005637,1006049,mother
7001,1005638,1005859,father
7001,1005638,1006050,father
7001,1005639,1005859,mother
7001,1005639,1006050,mother
7001,1005640,1005860,father
7001,1005641,1005860,mother
7001,1005642,1005861,father
7001,1005643,1005861,mother
7001,1005644,1005862,father
7001,1005645,1005862,mother
7001,1005646,1005863,father
7001,1005647,1005863,mother
7001,1005648,1005864,father
7001,1005649,1005864,mother
7001,1005650,1005865,father
7001,1005651,1005865,mother
7001,1005652,1005866,father
7001,1005653,1005866,mother
7001,1005654,1005867,father
7001,1005655,1005867,mother
7001,1005656,1005868,father
7001,1005657,1005868,mother
7001,1005658,1005869,father
7001,1005659,1005869,mother
7001,1005660,1005870,father
7001,1005661,1005870,mother
7001,1005662,1005871,father
7001,1005663,1005871,mother
7001,1005664,1005872,father
7001,1005665,1005872,mother
7001,1005666,1005873,father
7001,1005667,1005873,mother
7001,1005668,1005874,father
7001,1005669,1005874,mother
7001,1005670,1005875,father
7001,1005671,1005875,mother
7001,1005672,1005876,father
7001,1005673,1005876,mother
7001,1005674,1005877,father
7001,1005675,1005877,mother
7001,1005676,1005878,father
7001,1005677,1005878,mother
7001,1005678,1005879,father
7001,1005679,1005879,mother
7001,1005680,1005880,father
7001,1005681,1005880,mother
7001,1005682,1005881,father
7001,1005683,1005881,mother
7001,1005684,1005882,father
7001,1005685,1005882,mother
7001,1005686,1005883,father
7001,1005687,1005883,mother
7001,1005688,1005884,father
7001,1005689,1005884,mother
7001,1005690,1005885,father
7001,1005691,1005885,mother
7001,1005692,1005886,father
7001,1005693,1005886,mother
7001,1005694,1005887,father
7001,1005695,1005887,mother
7001,1005696,1005888,father
7001,1005697,1005888,mother
7001,1005698,1006051,father
7001,1005698,1006228,father
7001,1005699,1006051,mother
7001,1005699,1006227,mother
7001,1005700,1006052,father
7001,1005700,1006229,father
7001,1005701,1006052,mother
7001,1005701,1006228,mother
7001,1005702,1006053,father
7001,1005702,1006230,father
7001,1005703,1006053,mother
7001,1005703,1006229,mother
7001,1005704,1006054,father
7001,1005704,1006231,father
7001,1005705,1006054,mother
7001,1005705,1006230,mother
7001,1005706,1006055,father
7001,1005706,1006232,father
7001,1005707,1006055,mother
7001,1005707,1006231,mother
7001,1005708,1006056,father
7001,1005708,1006233,father
7001,1005709,1006056,mother
7001,1005709,1006232,mother
7001,1005710,1006057,father
7001,1005710,1006234,father
7001,1005711,1006057,mother
7001,1005711,1006233,mother
7001,1005712,1006058,father
7001,1005712,1006235,father
7001,1005713,1006058,mother
7001,1005713,1006234,mother
7001,1005714,1006059,father
7001,1005714,1006236,father
7001,1005715,1006059,mother
7001,1005715,1006235,mother
7001,1005716,1006060,father
7001,1005716,1006237,father
7001,1005717,1006060,mother
7001,1005717,1006236,mother
7001,1005718,1006061,father
7001,1005718,1006238,father
7001,1005719,1006061,mother
7001,1005719,1006237,mother
7001,1005720,1006062,father
7001,1005720,1006239,father
7001,1005721,1006062,mother
7001,1005721,1006238,mother
7001,1005722,1006063,father
7001,1005722,1006240,father
7001,1005723,1006063,mother
7001,1005723,1006239,mother
7001,1005724,1006064,father
7001,1005724,1006241,father
7001,1005725,1006064,mother
7001,1005725,1006240,mother
7001,1005726,1006065,father
7001,1005726,1006242,father
7001,1005727,1006065,mother
7001,1005727,1006241,mother
7001,1005728,1006066,father
7001,1005728,1006243,father
7001,1005729,1006066,mother
7001,1005729,1006242,mother
7001,1005730,1006067,father
7001,1005730,1006244,father
7001,1005731,1006067,mother
7001,1005731,1006243,mother
7001,1005732,1006068,father
7001,1005732,1006245,father
7001,1005733,1006068,mother
7001,1005733,1006244,mother
7001,1005734,1006069,father
7001,1005734,1006246,father
7001,1005735,1006069,mother
7001,1005735,1006245,mother
7001,1005736,1006070,father
7001,1005736,1006247,father
7001,1005737,1006070,mother
7001,1005737,1006246,mother
7001,1005738,1006071,father
7001,1005738,1006248,father
7001,1005739,1006071,mother
7001,1005739,1006247,mother
7001,1005740,1006072,father
7001,1005740,1006249,father
7001,1005741,1006072,mother
7001,1005741,1006248,mother
7001,1005742,1006073,father
7001,1005742,1006250,father
7001,1005743,1006073,mother
7001,1005743,1006249,mother
7001,1005744,1006074,father
7001,1005744,1006251,father
7001,1005745,1006074,mother
7001,1005745,1006250,mother
7001,1005746,1006075,father
7001,1005746,1006252,father
7001,1005747,1006075,mother
7001,1005747,1006251,mother
7001,1005748,1006076,father
7001,1005748,1006253,father
7001,1005749,1006076,mother
7001,1005749,1006252,mother
7001,1005750,1006077,father
7001,1005750,1006254,father
7001,1005751,1006077,mother
7001,1005751,1006253,mother
7001,1005752,1006078,father
7001,1005752,1006255,father
7001,1005753,1006078,mother
7001,1005753,1006254,mother
7001,1005754,1006079,father
7001,1005754,1006256,father
7001,1005755,1006079,mother
7001,1005755,1006255,mother
7001,1005756,1006080,father
7001,1005756,1006257,father
7001,1005757,1006080,mother
7001,1005757,1006256,mother
7001,1005758,1006081,father
7001,1005758,1006258,father
7001,1005759,1006081,mother
7001,1005759,1006257,mother
7001,1005760,1006082,father
7001,1005760,1006259,father
7001,1005761,1006082,mother
7001,1005761,1006258,mother
7001,1005762,1006083,father
7001,1005762,1006260,father
7001,1005763,1006083,mother
7001,1005763,1006259,mother
7001,1005764,1006084,father
7001,1005764,1006261,father
7001,1005765,1006084,mother
7001,1005765,1006260,mother
7001,1005766,1006085,father
7001,1005766,1006262,father
7001,1005767,1006085,mother
7001,1005767,1006261,mother
7001,1005768,1006086,father
7001,1005768,1006263,father
7001,1005769,1006086,mother
7001,1005769,1006262,mother
7001,1005770,1006087,father
7001,1005770,1006264,father
7001,1005771,1006087,mother
7001,1005771,1006263,mother
7001,1005772,1006088,father
7001,1005772,1006265,father
7001,1005773,1006088,mother
7001,1005773,1006264,mother
7001,1005774,1006089,father
7001,1005774,1006266,father
7001,1005775,1006089,mother
7001,1005775,1006265,mother
7001,1005776,1006090,father
7001,1005776,1006267,father
7001,1005777,1006090,mother
7001,1005777,1006266,mother
7001,1005778,1006091,father
7001,1005778,1006268,father
7001,1005779,1006091,mother
7001,1005779,1006267,mother
7001,1005780,1006092,father
7001,1005780,1006269,father
7001,1005781,1006092,mother
7001,1005781,1006268,mother
7001,1005782,1006093,father
7001,1005782,1006270,father
7001,1005783,1006093,mother
7001,1005783,1006269,mother
7001,1005784,1006094,father
7001,1005784,1006271,father
7001,1005785,1006094,mother
7001,1005785,1006270,mother
7001,1005786,1006095,father
7001,1005786,1006272,father
7001,1005787,1006095,mother
7001,1005787,1006271,mother
7001,1005788,1006096,father
7001,1005788,1006273,father
7001,1005789,1006096,mother
7001,1005789,1006272,mother
7001,1005790,1006097,father
7001,1005790,1006274,father
7001,1005791,1006097,mother
7001,1005791,1006273,mother
7001,1005792,1006098,father
7001,1005792,1006275,father
7001,1005793,1006098,mother
7001,1005793,1006274,mother
7001,1005794,1006099,father
7001,1005794,1006276,father
7001,1005795,1006099,mother
7001,1005795,1006275,mother
7001,1005796,1006100,father
7001,1005796,1006277,father
7001,1005797,1006100,mother
7001,1005797,1006276,mother
7001,1005798,1006101,father
7001,1005798,1006278,father
7001,1005799,1006101,mother
7001,1005799,1006277,mother
7001,1005800,1006102,father
7001,1005800,1006279,father
7001,1005801,1006102,mother
7001,1005801,1006278,mother
7001,1005802,1006103,father
7001,1005802,1006280,father
7001,1005803,1006103,mother
7001,1005803,1006279,mother
7001,1005804,1006104,father
7001,1005804,1006281,father
7001,1005805,1006104,mother
7001,1005805,1006280,mother
7001,1005806,1006105,father
7001,1005806,1006282,father
7001,1005807,1006105,mother
7001,1005807,1006281,mother
7001,1005808,1006106,father
7001,1005808,1006283,father
7001,1005809,1006106,mother
7001,1005809,1006282,mother
7001,1005810,1006107,father
7001,1005810,1006284,father
7001,1005811,1006107,mother
7001,1005811,1006283,mother
7001,1005812,1006108,father
7001,1005812,1006285,father
7001,1005813,1006108,mother
7001,1005813,1006284,mother
7001,1005814,1006109,father
7001,1005814,1006286,father
7001,1005815,1006109,mother
7001,1005815,1006285,mother
7001,1005816,1006110,father
7001,1005816,1006287,father
7001,1005817,1006110,mother
7001,1005817,1006286,mother
7001,1005818,1006111,father
7001,1005818,1006288,father
7001,1005819,1006111,mother
7001,1005819,1006287,mother
7001,1005820,1006112,father
7001,1005820,1006289,father
7001,1005821,1006112,mother
7001,1005821,1006288,mother
7001,1005822,1006113,father
7001,1005822,1006290,father
7001,1005823,1006113,mother
7001,1005823,1006289,mother
7001,1005824,1006114,father
7001,1005824,1006291,father
7001,1005825,1006114,mother
7001,1005825,1006290,mother
7001,1005826,1006115,father
7001,1005826,1006292,father
7001,1005827,1006115,mother
7001,1005827,1006291,mother
7001,1005828,1006116,father
7001,1005828,1006293,father
7001,1005829,1006116,mother
7001,1005829,1006292,mother
7001,1005830,1006117,father
7001,1005830,1006294,father
7001,1005831,1006117,mother
7001,1005831,1006293,mother
7001,1005832,1006118,father
7001,1005832,1006295,father
7001,1005833,1006118,mother
7001,1005833,1006294,mother
7001,1005834,1006119,father
7001,1005834,1006296,father
7001,1005835,1006119,mother
7001,1005835,1006295,mother
7001,1005836,1006120,father
7001,1005836,1006297,father
7001,1005837,1006120,mother
7001,1005837,1006296,mother
7001,1005838,1006121,father
7001,1005838,1006298,father
7001,1005839,1006121,mother
7001,1005839,1006297,mother
7001,1005840,1006122,father
7001,1005840,1006299,father
7001,1005841,1006122,mother
7001,1005841,1006298,mother
7001,1005842,1006123,father
7001,1005842,1006300,father
7001,1005843,1006123,mother
7001,1005843,1006299,mother
7001,1005844,1006124,father
7001,1005844,1006301,father
7001,1005845,1006124,mother
7001,1005845,1006300,mother
7001,1005846,1006125,father
7001,1005846,1006302,father
7001,1005847,1006125,mother
7001,1005847,1006301,mother
7001,1005848,1006126,father
7001,1005848,1006303,father
7001,1005849,1006126,mother
7001,1005849,1006302,mother
7001,1005850,1006127,father
7001,1005850,1006304,father
7001,1005851,1006127,mother
7001,1005851,1006303,mother
7001,1005852,1006128,father
7001,1005852,1006305,father
7001,1005853,1006128,mother
7001,1005853,1006304,mother
7001,1005854,1006129,father
7001,1005854,1006306,father
7001,1005855,1006129,mother
7001,1005855,1006305,mother
7001,1005856,1006130,father
7001,1005856,1006307,father
7001,1005857,1006130,mother
7001,1005857,1006306,mother
7001,1005858,1006131,father
7001,1005858,1006308,father
7001,1005859,1006131,mother
7001,1005859,1006307,mother
7001,1005860,1006132,father
7001,1005860,1006309,father
7001,1005861,1006132,mother
7001,1005861,1006308,mother
7001,1005862,1006133,father
7001,1005862,1006310,father
7001,1005863,1006133,mother
7001,1005863,1006309,mother
7001,1005864,1006134,father
7001,1005864,1006311,father
7001,1005865,1006134,mother
7001,1005865,1006310,mother
7001,1005866,1006135,father
7001,1005866,1006312,father
7001,1005867,1006135,mother
7001,1005867,1006311,mother
7001,1005868,1006136,father
7001,1005868,1006313,father
7001,1005869,1006136,mother
7001,1005869,1006312,mother
7001,1005870,1006137,father
7001,1005870,1006314,father
7001,1005871,1006137,mother
7001,1005871,1006313,mother
7001,1005872,1006138,father
7001,1005872,1006315,father
7001,1005873,1006138,mother
7001,1005873,1006314,mother
7001,1005874,1006139,father
7001,1005874,1006316,father
7001,1005875,1006139,mother
7001,1005875,1006315,mother
7001,1005876,1006140,father
7001,1005876,1006317,father
7001,1005877,1006140,mother
7001,1005877,1006316,mother
7001,1005878,1006141,father
7001,1005878,1006318,father
7001,1005879,1006141,mother
7001,1005879,1006317,mother
7001,1005880,1006142,father
7001,1005880,1006319,father
7001,1005881,1006142,mother
7001,1005881,1006318,mother
7001,1005882,1006143,father
7001,1005882,1006320,father
7001,1005883,1006143,mother
7001,1005883,1006319,mother
7001,1005884,1006144,father
7001,1005884,1006321,father
7001,1005885,1006144,mother
7001,1005885,1006320,mother
7001,1005886,1006145,father
7001,1005886,1006322,father
7001,1005887,1006145,mother
7001,1005887,1006321,mother
7001,1005888,1006146,father
7001,1005888,1006323,father
7001,1005889,1006146,mother
7001,1005889,1006322,mother
7001,1005890,1006147,father
7001,1005890,1006324,father
7001,1005891,1006147,mother
7001,1005891,1006323,mother
7001,1005892,1006148,father
7001,1005892,1006325,father
7001,1005893,1006148,mother
7001,1005893,1006324,mother
7001,1005894,1006149,father
7001,1005894,1006326,father
7001,1005895,1006149,mother
7001,1005895,1006325,mother
7001,1005896,1006150,father
7001,1005896,1006327,father
7001,1005897,1006150,mother
7001,1005897,1006326,mother
7001,1005898,1006151,father
7001,1005898,1006328,father
7001,1005899,1006151,mother
7001,1005899,1006327,mother
7001,1005900,1006152,father
7001,1005900,1006329,father
7001,1005901,1006152,mother
7001,1005901,1006328,mother
7001,1005902,1006153,father
7001,1005902,1006330,father
7001,1005903,1006153,mother
7001,1005903,1006329,mother
7001,1005904,1006154,father
7001,1005904,1006331,father
7001,1005905,1006154,mother
7001,1005905,1006330,mother
7001,1005906,1006155,father
7001,1005906,1006332,father
7001,1005907,1006155,mother
7001,1005907,1006331,mother
7001,1005908,1006156,father
7001,1005908,1006333,father
7001,1005909,1006156,mother
7001,1005909,1006332,mother
7001,1005910,1006157,father
7001,1005910,1006334,father
7001,1005911,1006157,mother
7001,1005911,1006333,mother
7001,1005912,1006158,father
7001,1005912,1006335,father
7001,1005913,1006158,mother
7001,1005913,1006334,mother
7001,1005914,1006159,father
7001,1005914,1006336,father
7001,1005915,1006159,mother
7001,1005915,1006335,mother
7001,1005916,1006160,father
7001,1005916,1006337,father
7001,1005917,1006160,mother
7001,1005917,1006336,mother
7001,1005918,1006161,father
7001,1005918,1006338,father
7001,1005919,1006161,mother
7001,1005919,1006337,mother
7001,1005920,1006162,father
7001,1005920,1006339,father
7001,1005921,1006162,mother
7001,1005921,1006338,mother
7001,1005922,1006163,father
7001,1005922,1006340,father
7001,1005923,1006163,mother
7001,1005923,1006339,mother
7001,1005924,1006164,father
7001,1005924,1006341,father
7001,1005925,1006164,mother
7001,1005925,1006340,mother
7001,1005926,1006165,father
7001,1005926,1006342,father
7001,1005927,1006165,mother
7001,1005927,1006341,mother
7001,1005928,1006166,father
7001,1005928,1006343,father
7001,1005929,1006166,mother
7001,1005929,1006342,mother
7001,1005930,1006167,father
7001,1005930,1006344,father
7001,1005931,1006167,mother
7001,1005931,1006343,mother
7001,1005932,1006168,father
7001,1005932,1006345,father
7001,1005933,1006168,mother
7001,1005933,1006344,mother
7001,1005934,1006169,father
7001,1005934,1006346,father
7001,1005935,1006169,mother
7001,1005935,1006345,mother
7001,1005936,1006170,father
7001,1005936,1006347,father
7001,1005937,1006170,mother
7001,1005937,1006346,mother
7001,1005938,1006171,father
7001,1005938,1006348,father
7001,1005939,1006171,mother
7001,1005939,1006347,mother
7001,1005940,1006172,father
7001,1005940,1006349,father
7001,1005941,1006172,mother
7001,1005941,1006348,mother
7001,1005942,1006173,father
7001,1005942,1006350,father
7001,1005943,1006173,mother
7001,1005943,1006349,mother
7001,1005944,1006174,father
7001,1005944,1006351,father
7001,1005945,1006174,mother
7001,1005945,1006350,mother
7001,1005946,1006175,father
7001,1005946,1006352,father
7001,1005947,1006175,mother
7001,1005947,1006351,mother
7001,1005948,1006176,father
7001,1005948,1006353,father
7001,1005949,1006176,mother
7001,1005949,1006352,mother
7001,1005950,1006177,father
7001,1005950,1006354,father
7001,1005951,1006177,mother
7001,1005951,1006353,mother
7001,1005952,1006178,father
7001,1005952,1006355,father
7001,1005953,1006178,mother
7001,1005953,1006354,mother
7001,1005954,1006179,father
7001,1005954,1006356,father
7001,1005955,1006179,mother
7001,1005955,1006355,mother
7001,1005956,1006180,father
7001,1005956,1006357,father
7001,1005957,1006180,mother
7001,1005957,1006356,mother
7001,1005958,1006181,father
7001,1005958,1006358,father
7001,1005959,1006181,mother
7001,1005959,1006357,mother
7001,1005960,1006182,father
7001,1005960,1006359,father
7001,1005961,1006182,mother
7001,1005961,1006358,mother
7001,1005962,1006183,father
7001,1005962,1006360,father
7001,1005963,1006183,mother
7001,1005963,1006359,mother
7001,1005964,1006184,father
7001,1005964,1006361,father
7001,1005965,1006184,mother
7001,1005965,1006360,mother
7001,1005966,1006185,father
7001,1005966,1006362,father
7001,1005967,1006185,mother
7001,1005967,1006361,mother
7001,1005968,1006186,father
7001,1005968,1006363,father
7001,1005969,1006186,mother
7001,1005969,1006362,mother
7001,1005970,1006187,father
7001,1005970,1006364,father
7001,1005971,1006187,mother
7001,1005971,1006363,mother
7001,1005972,1006188,father
7001,1005972,1006365,father
7001,1005973,1006188,mother
7001,1005973,1006364,mother
7001,1005974,1006189,father
7001,1005974,1006366,father
7001,1005975,1006189,mother
7001,1005975,1006365,mother
7001,1005976,1006190,father
7001,1005976,1006367,father
7001,1005977,1006190,mother
7001,1005977,1006366,mother
7001,1005978,1006191,father
7001,1005978,1006368,father
7001,1005979,1006191,mother
7001,1005979,1006367,mother
7001,1005980,1006192,father
7001,1005980,1006369,father
7001,1005981,1006192,mother
7001,1005981,1006368,mother
7001,1005982,1006193,father
7001,1005982,1006370,father
7001,1005983,1006193,mother
7001,1005983,1006369,mother
7001,1005984,1006194,father
7001,1005984,1006371,father
7001,1005985,1006194,mother
7001,1005985,1006370,mother
7001,1005986,1006195,father
7001,1005986,1006372,father
7001,1005987,1006195,mother
7001,1005987,1006371,mother
7001,1005988,1006196,father
7001,1005988,1006373,father
7001,1005989,1006196,mother
7001,1005989,1006372,mother
7001,1005990,1006197,father
7001,1005990,1006374,father
7001,1005991,1006197,mother
7001,1005991,1006373,mother
7001,1005992,1006198,father
7001,1005993,1006198,mother
7001,1005993,1006374,mother
7001,1005994,1006199,father
7001,1005995,1006199,mother
7001,1005996,1006200,father
7001,1005997,1006200,mother
7001,1005998,1006201,father
7001,1005999,1006201,mother
7001,1006000,1006202,father
7001,1006001,1006202,mother
7001,1006002,1006203,father
7001,1006003,1006203,mother
7001,1006004,1006204,father
7001,1006005,1006204,mother
7001,1006006,1006205,father
7001,1006007,1006205,mother
7001,1006008,1006206,father
7001,1006009,1006206,mother
7001,1006010,1006207,father
7001,1006011,1006207,mother
7001,1006012,1006208,father
7001,1006013,1006208,mother
7001,1006014,1006209,father
7001,1006015,1006209,mother
7001,1006016,1006210,father
7001,1006017,1006210,mother
7001,1006018,1006211,father
7001,1006019,1006211,mother
7001,1006020,1006212,father
7001,1006021,1006212,mother
7001,1006022,1006213,father
7001,1006023,1006213,mother
7001,1006024,1006214,father
7001,1006025,1006214,mother
7001,1006026,1006215,father
7001,1006027,1006215,mother
7001,1006028,1006216,father
7001,1006029,1006216,mother
7001,1006030,1006217,father
7001,1006031,1006217,mother
7001,1006032,1006218,father
7001,1006033,1006218,mother
7001,1006034,1006219,father
7001,1006035,1006219,mother
7001,1006036,1006220,father
7001,1006037,1006220,mother
7001,1006038,1006221,father
7001,1006039,1006221,mother
7001,1006040,1006222,father
7001,1006041,1006222,mother
7001,1006042,1006223,father
7001,1006043,1006223,mother
7001,1006044,1006224,father
7001,1006045,1006224,mother
7001,1006046,1006225,father
7001,1006047,1006225,mother
7001,1006048,1006226,father
7001,1006049,1006226,mother
7001,1006050,1006227,father
7001,1006051,1006375,father
7001,1006051,1006537,father
7001,1006052,1006375,mother
7001,1006052,1006537,mother
7001,1006053,1006376,father
7001,1006053,1006538,father
7001,1006054,1006376,mother
7001,1006054,1006538,mother
7001,1006055,1006377,father
7001,1006055,1006539,father
7001,1006056,1006377,mother
7001,1006056,1006539,mother
7001,1006057,1006378,father
7001,1006057,1006540,father
7001,1006058,1006378,mother
7001,1006058,1006540,mother
7001,1006059,1006379,father
7001,1006059,1006541,father
7001,1006060,1006379,mother
7001,1006060,1006541,mother
7001,1006061,1006380,father
7001,1006061,1006542,father
7001,1006062,1006380,mother
7001,1006062,1006542,mother
7001,1006063,1006381,father
7001,1006063,1006543,father
7001,1006064,1006381,mother
7001,1006064,1006543,mother
7001,1006065,1006382,father
7001,1006065,1006544,father
7001,1006066,1006382,mother
7001,1006066,1006544,mother
7001,1006067,1006383,father
7001,1006067,1006545,father
7001,1006068,1006383,mother
7001,1006068,1006545,mother
7001,1006069,1006384,father
7001,1006069,1006546,father
7001,1006070,1006384,mother
7001,1006070,1006546,mother
7001,1006071,1006385,father
7001,1006071,1006547,father
7001,1006072,1006385,mother
7001,1006072,1006547,mother
7001,1006073,1006386,father
7001,1006073,1006548,father
7001,1006074,1006386,mother
7001,1006074,1006548,mother
7001,1006075,1006387,father
7001,1006075,1006549,father
7001,1006076,1006387,mother
7001,1006076,1006549,mother
7001,1006077,1006388,father
7001,1006077,1006550,father
7001,1006078,1006388,mother
7001,1006078,1006550,mother
7001,1006079,1006389,father
7001,1006079,1006551,father
7001,1006080,1006389,mother
7001,1006080,1006551,mother
7001,1006081,1006390,father
7001,1006081,1006552,father
7001,1006082,1006390,mother
7001,1006082,1006552,mother
7001,1006083,1006391,father
7001,1006083,1006553,father
7001,1006084,1006391,mother
7001,1006084,1006553,mother
7001,1006085,1006392,father
7001,1006085,1006554,father
7001,1006086,1006392,mother
7001,1006086,1006554,mother
7001,1006087,1006393,father
7001,1006087,1006555,father
7001,1006088,1006393,mother
7001,1006088,1006555,mother
7001,1006089,1006394,father
7001,1006089,1006556,father
7001,1006090,1006394,mother
7001,1006090,1006556,mother
7001,1006091,1006395,father
7001,1006091,1006557,father
7001,1006092,1006395,mother
7001,1006092,1006557,mother
7001,1006093,1006396,father
7001,1006093,1006558,father
7001,1006094,1006396,mother
7001,1006094,1006558,mother
7001,1006095,1006397,father
7001,1006095,1006559,father
7001,1006096,1006397,mother
7001,1006096,1006559,mother
7001,1006097,1006398,father
7001,1006097,1006560,father
7001,1006098,1006398,mother
7001,1006098,1006560,mother
7001,1006099,1006399,father
7001,1006099,1006561,father
7001,1006100,1006399,mother
7001,1006100,1006561,mother
7001,1006101,1006400,father
7001,1006101,1006562,father
7001,1006102,1006400,mother
7001,1006102,1006562,mother
7001,1006103,1006401,father
7001,1006103,1006563,father
7001,1006104,1006401,mother
7001,1006104,1006563,mother
7001,1006105,1006402,father
7001,1006105,1006564,father
7001,1006106,1006402,mother
7001,1006106,1006564,mother
7001,1006107,1006403,father
7001,1006107,1006565,father
7001,1006108,1006403,mother
7001,1006108,1006565,mother
7001,1006109,1006404,father
7001,1006109,1006566,father
7001,1006110,1006404,mother
7001,1006110,1006566,mother
7001,1006111,1006405,father
7001,1006111,1006567,father
7001,1006112,1006405,mother
7001,1006112,1006567,mother
7001,1006113,1006406,father
7001,1006113,1006568,father
7001,1006114,1006406,mother
7001,1006114,1006568,mother
7001,1006115,1006407,father
7001,1006115,1006569,father
7001,1006116,1006407,mother
7001,1006116,1006569,mother
7001,1006117,1006408,father
7001,1006117,1006570,father
7001,1006118,1006408,mother
7001,1006118,1006570,mother
7001,1006119,1006409,father
7001,1006119,1006571,father
7001,1006120,1006409,mother
7001,1006120,1006571,mother
7001,1006121,1006410,father
7001,1006121,1006572,father
7001,1006122,1006410,mother
7001,1006122,1006572,mother
7001,1006123,1006411,father
7001,1006123,1006573,father
7001,1006124,1006411,mother
7001,1006124,1006573,mother
7001,1006125,1006412,father
7001,1006125,1006574,father
7001,1006126,1006412,mother
7001,1006126,1006574,mother
7001,1006127,1006413,father
7001,1006127,1006575,father
7001,1006128,1006413,mother
7001,1006128,1006575,mother
7001,1006129,1006414,father
7001,1006129,1006576,father
7001,1006130,1006414,mother
7001,1006130,1006576,mother
7001,1006131,1006415,father
7001,1006131,1006577,father
7001,1006132,1006415,mother
7001,1006132,1006577,mother
7001,1006133,1006416,father
7001,1006133,1006578,father
7001,1006134,1006416,mother
7001,1006134,1006578,mother
7001,1006135,1006417,father
7001,1006135,1006579,father
7001,1006136,1006417,mother
7001,1006136,1006579,mother
7001,1006137,1006418,father
7001,1006137,1006580,father
7001,1006138,1006418,mother
7001,1006138,1006580,mother
7001,1006139,1006419,father
7001,1006139,1006581,father
7001,1006140,1006419,mother
7001,1006140,1006581,mother
7001,1006141,1006420,father
7001,1006141,1006582,father
7001,1006142,1006420,mother
7001,1006142,1006582,mother
7001,1006143,1006421,father
7001,1006143,1006583,father
7001,1006144,1006421,mother
7001,1006144,1006583,mother
7001,1006145,1006422,father
7001,1006145,1006584,father
7001,1006146,1006422,mother
7001,1006146,1006584,mother
7001,1006147,1006423,father
7001,1006147,1006585,father
7001,1006148,1006423,mother
7001,1006148,1006585,mother
7001,1006149,1006424,father
7001,1006149,1006586,father
7001,1006150,1006424,mother
7001,1006150,1006586,mother
7001,1006151,1006425,father
7001,1006151,1006587,father
7001,1006152,1006425,mother
7001,1006152,1006587,mother
7001,1006153,1006426,father
7001,1006153,1006588,father
7001,1006154,1006426,mother
7001,1006154,1006588,mother
7001,1006155,1006427,father
7001,1006155,1006589,father
7001,1006156,1006427,mother
7001,1006156,1006589,mother
7001,1006157,1006428,father
7001,1006157,1006590,father
7001,1006158,1006428,mother
7001,1006158,1006590,mother
7001,1006159,1006429,father
7001,1006159,1006591,father
7001,1006160,1006429,mother
7001,1006160,1006591,mother
7001,1006161,1006430,father
7001,1006161,1006592,father
7001,1006162,1006430,mother
7001,1006162,1006592,mother
7001,1006163,1006431,father
7001,1006163,1006593,father
7001,1006164,1006431,mother
7001,1006164,1006593,mother
7001,1006165,1006432,father
7001,1006165,1006594,father
7001,1006166,1006432,mother
7001,1006166,1006594,mother
7001,1006167,1006433,father
7001,1006167,1006595,father
7001,1006168,1006433,mother
7001,1006168,1006595,mother
7001,1006169,1006434,father
7001,1006169,1006596,father
7001,1006170,1006434,mother
7001,1006170,1006596,mother
7001,1006171,1006435,father
7001,1006171,1006597,father
7001,1006172,1006435,mother
7001,1006172,1006597,mother
7001,1006173,1006436,father
7001,1006173,1006598,father
7001,1006174,1006436,mother
7001,1006174,1006598,mother
7001,1006175,1006437,father
7001,1006175,1006599,father
7001,1006176,1006437,mother
7001,1006176,1006599,mother
7001,1006177,1006438,father
7001,1006177,1006600,father
7001,1006178,1006438,mother
7001,1006178,1006600,mother
7001,1006179,1006439,father
7001,1006179,1006601,father
7001,1006180,1006439,mother
7001,1006180,1006601,mother
7001,1006181,1006440,father
7001,1006181,1006602,father
7001,1006182,1006440,mother
7001,1006182,1006602,mother
7001,1006183,1006441,father
7001,1006183,1006603,father
7001,1006184,1006441,mother
7001,1006184,1006603,mother
7001,1006185,1006442,father
7001,1006185,1006604,father
7001,1006186,1006442,mother
7001,1006186,1006604,mother
7001,1006187,1006443,father
7001,1006187,1006605,father
7001,1006188,1006443,mother
7001,1006188,1006605,mother
7001,1006189,1006444,father
7001,1006189,1006606,father
7001,1006190,1006444,mother
7001,1006190,1006606,mother
7001,1006191,1006445,father
7001,1006191,1006607,father
7001,1006192,1006445,mother
7001,1006192,1006607,mother
7001,1006193,1006446,father
7001,1006193,1006608,father
7001,1006194,1006446,mother
7001,1006194,1006608,mother
7001,1006195,1006447,father
7001,1006195,1006609,father
7001,1006196,1006447,mother
7001,1006196,1006609,mother
7001,1006197,1006448,father
7001,1006197,1006610,father
7001,1006198,1006448,mother
7001,1006198,1006610,mother
7001,1006199,1006449,father
7001,1006199,1006611,father
7001,1006200,1006449,mother
7001,1006200,1006611,mother
7001,1006201,1006450,father
7001,1006201,1006612,father
7001,1006202,1006450,mother
7001,1006202,1006612,mother
7001,1006203,1006451,father
7001,1006203,1006613,father
7001,1006204,1006451,mother
7001,1006204,1006613,mother
7001,1006205,1006452,father
7001,1006205,1006614,father
7001,1006206,1006452,mother
7001,1006206,1006614,mother
7001,1006207,1006453,father
7001,1006207,1006615,father
7001,1006208,1006453,mother
7001,1006208,1006615,mother
7001,1006209,1006454,father
7001,1006209,1006616,father
7001,1006210,1006454,mother
7001,1006210,1006616,mother
7001,1006211,1006455,father
7001,1006211,1006617,father
7001,1006212,1006455,mother
7001,1006212,1006617,mother
7001,1006213,1006456,father
7001,1006213,1006618,father
7001,1006214,1006456,mother
7001,1006214,1006618,mother
7001,1006215,1006457,father
7001,1006215,1006619,father
7001,1006216,1006457,mother
7001,1006216,1006619,mother
7001,1006217,1006458,father
7001,1006217,1006620,father
7001,1006218,1006458,mother
7001,1006218,1006620,mother
7001,1006219,1006459,father
7001,1006219,1006621,father
7001,1006220,1006459,mother
7001,1006220,1006621,mother
7001,1006221,1006460,father
7001,1006221,1006622,father
7001,1006222,1006460,mother
7001,1006222,1006622,mother
7001,1006223,1006461,father
7001,1006223,1006623,father
7001,1006224,1006461,mother
7001,1006224,1006623,mother
7001,1006225,1006462,father
7001,1006225,1006624,father
7001,1006226,1006462,mother
7001,1006226,1006624,mother
7001,1006227,1006463,father
7001,1006227,1006625,father
7001,1006228,1006463,mother
7001,1006228,1006625,mother
7001,1006229,1006464,father
7001,1006229,1006626,father
7001,1006230,1006464,mother
7001,1006230,1006626,mother
7001,1006231,1006465,father
7001,1006231,1006627,father
7001,1006232,1006465,mother
7001,1006232,1006627,mother
7001,1006233,1006466,father
7001,1006233,1006628,father
7001,1006234,1006466,mother
7001,1006234,1006628,mother
7001,1006235,1006467,father
7001,1006235,1006629,father
7001,1006236,1006467,mother
7001,1006236,1006629,mother
7001,1006237,1006468,father
7001,1006237,1006630,father
7001,1006238,1006468,mother
7001,1006238,1006630,mother
7001,1006239,1006469,father
7001,1006239,1006631,father
7001,1006240,1006469,mother
7001,1006240,1006631,mother
7001,1006241,1006470,father
7001,1006241,1006632,father
7001,1006242,1006470,mother
7001,1006242,1006632,mother
7001,1006243,1006471,father
7001,1006243,1006633,father
7001,1006244,1006471,mother
7001,1006244,1006633,mother
7001,1006245,1006472,father
7001,1006245,1006634,father
7001,1006246,1006472,mother
7001,1006246,1006634,mother
7001,1006247,1006473,father
7001,1006247,1006635,father
7001,1006248,1006473,mother
7001,1006248,1006635,mother
7001,1006249,1006474,father
7001,1006249,1006636,father
7001,1006250,1006474,mother
7001,1006250,1006636,mother
7001,1006251,1006475,father
7001,1006251,1006637,father
7001,1006252,1006475,mother
7001,1006252,1006637,mother
7001,1006253,1006476,father
7001,1006253,1006638,father
7001,1006254,1006476,mother
7001,1006254,1006638,mother
7001,1006255,1006477,father
7001,1006255,1006639,father
7001,1006256,1006477,mother
7001,1006256,1006639,mother
7001,1006257,1006478,father
7001,1006257,1006640,father
7001,1006258,1006478,mother
7001,1006258,1006640,mother
7001,1006259,1006479,father
7001,1006259,1006641,father
7001,1006260,1006479,mother
7001,1006260,1006641,mother
7001,1006261,1006480,father
7001,1006261,1006642,father
7001,1006262,1006480,mother
7001,1006262,1006642,mother
7001,1006263,1006481,father
7001,1006263,1006643,father
7001,1006264,1006481,mother
7001,1006264,1006643,mother
7001,1006265,1006482,father
7001,1006265,1006644,father
7001,1006266,1006482,mother
7001,1006266,1006644,mother
7001,1006267,1006483,father
7001,1006267,1006645,father
7001,1006268,1006483,mother
7001,1006268,1006645,mother
7001,1006269,1006484,father
7001,1006269,1006646,father
7001,1006270,1006484,mother
7001,1006270,1006646,mother
7001,1006271,1006485,father
7001,1006271,1006647,father
7001,1006272,1006485,mother
7001,1006272,1006647,mother
7001,1006273,1006486,father
7001,1006273,1006648,father
7001,1006274,1006486,mother
7001,1006274,1006648,mother
7001,1006275,1006487,father
7001,1006275,1006649,father
7001,1006276,1006487,mother
7001,1006276,1006649,mother
7001,1006277,1006488,father
7001,1006277,1006650,father
7001,1006278,1006488,mother
7001,1006278,1006650,mother
7001,1006279,1006489,father
7001,1006279,1006651,father
7001,1006280,1006489,mother
7001,1006280,1006651,mother
7001,1006281,1006490,father
7001,1006281,1006652,father
7001,1006282,1006490,mother
7001,1006282,1006652,mother
7001,1006283,1006491,father
7001,1006283,1006653,father
7001,1006284,1006491,mother
7001,1006284,1006653,mother
7001,1006285,1006492,father
7001,1006285,1006654,father
7001,1006286,1006492,mother
7001,1006286,1006654,mother
7001,1006287,1006493,father
7001,1006287,1006655,father
7001,1006288,1006493,mother
7001,1006288,1006655,mother
7001,1006289,1006494,father
7001,1006289,1006656,father
7001,1006290,1006494,mother
7001,1006290,1006656,mother
7001,1006291,1006495,father
7001,1006291,1006657,father
7001,1006292,1006495,mother
7001,1006292,1006657,mother
7001,1006293,1006496,father
7001,1006293,1006658,father
7001,1006294,1006496,mother
7001,1006294,1006658,mother
7001,1006295,1006497,father
7001,1006295,1006659,father
7001,1006296,1006497,mother
7001,1006296,1006659,mother
7001,1006297,1006498,father
7001,1006297,1006660,father
7001,1006298,1006498,mother
7001,1006298,1006660,mother
7001,1006299,1006499,father
7001,1006299,1006661,father
7001,1006300,1006499,mother
7001,1006300,1006661,mother
7001,1006301,1006500,father
7001,1006301,1006662,father
7001,1006302,1006500,mother
7001,1006302,1006662,mother
7001,1006303,1006501,father
7001,1006303,1006663,father
7001,1006304,1006501,mother
7001,1006304,1006663,mother
7001,1006305,1006502,father
7001,1006305,1006664,father
7001,1006306,1006502,mother
7001,1006306,1006664,mother
7001,1006307,1006503,father
7001,1006307,1006665,father
7001,1006308,1006503,mother
7001,1006308,1006665,mother
7001,1006309,1006504,father
7001,1006309,1006666,father
7001,1006310,1006504,mother
7001,1006310,1006666,mother
7001,1006311,1006505,father
7001,1006311,1006667,father
7001,1006312,1006505,mother
7001,1006312,1006667,mother
7001,1006313,1006506,father
7001,1006313,1006668,father
7001,1006314,1006506,mother
7001,1006314,1006668,mother
7001,1006315,1006507,father
7001,1006316,1006507,mother
7001,1006317,1006508,father
7001,1006318,1006508,mother
7001,1006319,1006509,father
7001,1006320,1006509,mother
7001,1006321,1006510,father
7001,1006322,1006510,mother
7001,1006323,1006511,father
7001,1006324,1006511,mother
7001,1006325,1006512,father
7001,1006326,1006512,mother
7001,1006327,1006513,father
7001,1006328,1006513,mother
7001,1006329,1006514,father
7001,1006330,1006514,mother
7001,1006331,1006515,father
7001,1006332,1006515,mother
7001,1006333,1006516,father
7001,1006334,1006516,mother
7001,1006335,1006517,father
7001,1006336,1006517,mother
7001,1006337,1006518,father
7001,1006338,1006518,mother
7001,1006339,1006519,father
7001,1006340,1006519,mother
7001,1006341,1006520,father
7001,1006342,1006520,mother
7001,1006343,1006521,father
7001,1006344,1006521,mother
7001,1006345,1006522,father
7001,1006346,1006522,mother
7001,1006347,1006523,father
7001,1006348,1006523,mother
7001,1006349,1006524,father
7001,1006350,1006524,mother
7001,1006351,1006525,father
7001,1006352,1006525,mother
7001,1006353,1006526,father
7001,1006354,1006526,mother
7001,1006355,1006527,father
7001,1006356,1006527,mother
7001,1006357,1006528,father
7001,1006358,1006528,mother
7001,1006359,1006529,father
7001,1006360,1006529,mother
7001,1006361,1006530,father
7001,1006362,1006530,mother
7001,1006363,1006531,father
7001,1006364,1006531,mother
7001,1006365,1006532,father
7001,1006366,1006532,mother
7001,1006367,1006533,father
7001,1006368,1006533,mother
7001,1006369,1006534,father
7001,1006370,1006534,mother
7001,1006371,1006535,father
7001,1006372,1006535,mother
7001,1006373,1006536,father
7001,1006374,1006536,mother
7001,1006375,1006669,father
7001,1006375,1006816,father
7001,1006376,1006669,mother
7001,1006376,1006816,mother
7001,1006377,1006670,father
7001,1006377,1006817,father
7001,1006378,1006670,mother
7001,1006378,1006817,mother
7001,1006379,1006671,father
7001,1006379,1006818,father
7001,1006380,1006671,mother
7001,1006380,1006818,mother
7001,1006381,1006672,father
7001,1006381,1006819,father
7001,1006382,1006672,mother
7001,1006382,1006819,mother
7001,1006383,1006673,father
7001,1006383,1006820,father
7001,1006384,1006673,mother
7001,1006384,1006820,mother
7001,1006385,1006674,father
7001,1006385,1006821,father
7001,1006386,1006674,mother
7001,1006386,1006821,mother
7001,1006387,1006675,father
7001,1006387,1006822,father
7001,1006388,1006675,mother
7001,1006388,1006822,mother
7001,1006389,1006676,father
7001,1006389,1006823,father
7001,1006390,1006676,mother
7001,1006390,1006823,mother
7001,1006391,1006677,father
7001,1006391,1006824,father
7001,1006392,1006677,mother
7001,1006392,1006824,mother
7001,1006393,1006678,father
7001,1006393,1006825,father
7001,1006394,1006678,mother
7001,1006394,1006825,mother
7001,1006395,1006679,father
7001,1006395,1006826,father
7001,1006396,1006679,mother
7001,1006396,1006826,mother
7001,1006397,1006680,father
7001,1006397,1006827,father
7001,1006398,1006680,mother
7001,1006398,1006827,mother
7001,1006399,1006681,father
7001,1006399,1006828,father
7001,1006400,1006681,mother
7001,1006400,1006828,mother
7001,1006401,1006682,father
7001,1006401,1006829,father
7001,1006402,1006682,mother
7001,1006402,1006829,mother
7001,1006403,1006683,father
7001,1006403,1006830,father
7001,1006404,1006683,mother
7001,1006404,1006830,mother
7001,1006405,1006684,father
7001,1006405,1006831,father
7001,1006406,1006684,mother
7001,1006406,1006831,mother
7001,1006407,1006685,father
7001,1006407,1006832,father
7001,1006408,1006685,mother
7001,1006408,1006832,mother
7001,1006409,1006686,father
7001,1006409,1006833,father
7001,1006410,1006686,mother
7001,1006410,1006833,mother
7001,1006411,1006687,father
7001,1006411,1006834,father
7001,1006412,1006687,mother
7001,1006412,1006834,mother
7001,1006413,1006688,father
7001,1006413,1006835,father
7001,1006414,1006688,mother
7001,1006414,1006835,mother
7001,1006415,1006689,father
7001,1006415,1006836,father
7001,1006416,1006689,mother
7001,1006416,1006836,mother
7001,1006417,1006690,father
7001,1006417,1006837,father
7001,1006418,1006690,mother
7001,1006418,1006837,mother
7001,1006419,1006691,father
7001,1006419,1006838,father
7001,1006420,1006691,mother
7001,1006420,1006838,mother
7001,1006421,1006692,father
7001,1006421,1006839,father
7001,1006422,1006692,mother
7001,1006422,1006839,mother
7001,1006423,1006693,father
7001,1006423,1006840,father
7001,1006424,1006693,mother
7001,1006424,1006840,mother
7001,1006425,1006694,father
7001,1006425,1006841,father
7001,1006426,1006694,mother
7001,1006426,1006841,mother
7001,1006427,1006695,father
7001,1006427,1006842,father
7001,1006428,1006695,mother
7001,1006428,1006842,mother
7001,1006429,1006696,father
7001,1006429,1006843,father
7001,1006430,1006696,mother
7001,1006430,1006843,mother
7001,1006431,1006697,father
7001,1006431,1006844,father
7001,1006432,1006697,mother
7001,1006432,1006844,mother
7001,1006433,1006698,father
7001,1006433,1006845,father
7001,1006434,1006698,mother
7001,1006434,1006845,mother
7001,1006435,1006699,father
7001,1006435,1006846,father
7001,1006436,1006699,mother
7001,1006436,1006846,mother
7001,1006437,1006700,father
7001,1006437,1006847,father
7001,1006438,1006700,mother
7001,1006438,1006847,mother
7001,1006439,1006701,father
7001,1006439,1006848,father
7001,1006440,1006701,mother
7001,1006440,1006848,mother
7001,1006441,1006702,father
7001,1006441,1006849,father
7001,1006442,1006702,mother
7001,1006442,1006849,mother
7001,1006443,1006703,father
7001,1006443,1006850,father
7001,1006444,1006703,mother
7001,1006444,1006850,mother
7001,1006445,1006704,father
7001,1006445,1006851,father
7001,1006446,1006704,mother
7001,1006446,1006851,mother
7001,1006447,1006705,father
7001,1006447,1006852,father
7001,1006448,1006705,mother
7001,1006448,1006852,mother
7001,1006449,1006706,father
7001,1006449,1006853,father
7001,1006450,1006706,mother
7001,1006450,1006853,mother
7001,1006451,1006707,father
7001,1006451,1006854,father
7001,1006452,1006707,mother
7001,1006452,1006854,mother
7001,1006453,1006708,father
7001,1006453,1006855,father
7001,1006454,1006708,mother
7001,1006454,1006855,mother
7001,1006455,1006709,father
7001,1006455,1006856,father
7001,1006456,1006709,mother
7001,1006456,1006856,mother
7001,1006457,1006710,father
7001,1006457,1006857,father
7001,1006458,1006710,mother
7001,1006458,1006857,mother
7001,1006459,1006711,father
7001,1006459,1006858,father
7001,1006460,1006711,mother
7001,1006460,1006858,mother
7001,1006461,1006712,father
7001,1006461,1006859,father
7001,1006462,1006712,mother
7001,1006462,1006859,mother
7001,1006463,1006713,father
7001,1006463,1006860,father
7001,1006464,1006713,mother
7001,1006464,1006860,mother
7001,1006465,1006714,father
7001,1006465,1006861,father
7001,1006466,1006714,mother
7001,1006466,1006861,mother
7001,1006467,1006715,father
7001,1006467,1006862,father
7001,1006468,1006715,mother
7001,1006468,1006862,mother
7001,1006469,1006716,father
7001,1006469,1006863,father
7001,1006470,1006716,mother
7001,1006470,1006863,mother
7001,1006471,1006717,father
7001,1006471,1006864,father
7001,1006472,1006717,mother
7001,1006472,1006864,mother
7001,1006473,1006718,father
7001,1006473,1006865,father
7001,1006474,1006718,mother
7001,1006474,1006865,mother
7001,1006475,1006719,father
7001,1006475,1006866,father
7001,1006476,1006719,mother
7001,1006476,1006866,mother
7001,1006477,1006720,father
7001,1006477,1006867,father
7001,1006478,1006720,mother
7001,1006478,1006867,mother
7001,1006479,1006721,father
7001,1006479,1006868,father
7001,1006480,1006721,mother
7001,1006480,1006868,mother
7001,1006481,1006722,father
7001,1006481,1006869,father
7001,1006482,1006722,mother
7001,1006482,1006869,mother
7001,1006483,1006723,father
7001,1006483,1006870,father
7001,1006484,1006723,mother
7001,1006484,1006870,mother
7001,1006485,1006724,father
7001,1006485,1006871,father
7001,1006486,1006724,mother
7001,1006486,1006871,mother
7001,1006487,1006725,father
7001,1006487,1006872,father
7001,1006488,1006725,mother
7001,1006488,1006872,mother
7001,1006489,1006726,father
7001,1006489,1006873,father
7001,1006490,1006726,mother
7001,1006490,1006873,mother
7001,1006491,1006727,father
7001,1006491,1006874,father
7001,1006492,1006727,mother
7001,1006492,1006874,mother
7001,1006493,1006728,father
7001,1006493,1006875,father
7001,1006494,1006728,mother
7001,1006494,1006875,mother
7001,1006495,1006729,father
7001,1006495,1006876,father
7001,1006496,1006729,mother
7001,1006496,1006876,mother
7001,1006497,1006730,father
7001,1006497,1006877,father
7001,1006498,1006730,mother
7001,1006498,1006877,mother
7001,1006499,1006731,father
7001,1006499,1006878,father
7001,1006500,1006731,mother
7001,1006500,1006878,mother
7001,1006501,1006732,father
7001,1006501,1006879,father
7001,1006502,1006732,mother
7001,1006502,1006879,mother
7001,1006503,1006733,father
7001,1006503,1006880,father
7001,1006504,1006733,mother
7001,1006504,1006880,mother
7001,1006505,1006734,father
7001,1006505,1006881,father
7001,1006506,1006734,mother
7001,1006506,1006881,mother
7001,1006507,1006735,father
7001,1006507,1006882,father
7001,1006508,1006735,mother
7001,1006508,1006882,mother
7001,1006509,1006736,father
7001,1006509,1006883,father
7001,1006510,1006736,mother
7001,1006510,1006883,mother
7001,1006511,1006737,father
7001,1006511,1006884,father
7001,1006512,1006737,mother
7001,1006512,1006884,mother
7001,1006513,1006738,father
7001,1006513,1006885,father
7001,1006514,1006738,mother
7001,1006514,1006885,mother
7001,1006515,1006739,father
7001,1006515,1006886,father
7001,1006516,1006739,mother
7001,1006516,1006886,mother
7001,1006517,1006740,father
7001,1006517,1006887,father
7001,1006518,1006740,mother
7001,1006518,1006887,mother
7001,1006519,1006741,father
7001,1006519,1006888,father
7001,1006520,1006741,mother
7001,1006520,1006888,mother
7001,1006521,1006742,father
7001,1006521,1006889,father
7001,1006522,1006742,mother
7001,1006522,1006889,mother
7001,1006523,1006743,father
7001,1006523,1006890,father
7001,1006524,1006743,mother
7001,1006524,1006890,mother
7001,1006525,1006744,father
7001,1006525,1006891,father
7001,1006526,1006744,mother
7001,1006526,1006891,mother
7001,1006527,1006745,father
7001,1006527,1006892,father
7001,1006528,1006745,mother
7001,1006528,1006892,mother
7001,1006529,1006746,father
7001,1006529,1006893,father
7001,1006530,1006746,mother
7001,1006530,1006893,mother
7001,1006531,1006747,father
7001,1006531,1006894,father
7001,1006532,1006747,mother
7001,1006532,1006894,mother
7001,1006533,1006748,father
7001,1006533,1006895,father
7001,1006534,1006748,mother
7001,1006534,1006895,mother
7001,1006535,1006749,father
7001,1006535,1006896,father
7001,1006536,1006749,mother
7001,1006536,1006896,mother
7001,1006537,1006750,father
7001,1006537,1006897,father
7001,1006538,1006750,mother
7001,1006538,1006897,mother
7001,1006539,1006751,father
7001,1006539,1006898,father
7001,1006540,1006751,mother
7001,1006540,1006898,mother
7001,1006541,1006752,father
7001,1006541,1006899,father
7001,1006542,1006752,mother
7001,1006542,1006899,mother
7001,1006543,1006753,father
7001,1006543,1006900,father
7001,1006544,1006753,mother
7001,1006544,1006900,mother
7001,1006545,1006754,father
7001,1006545,1006901,father
7001,1006546,1006754,mother
7001,1006546,1006901,mother
7001,1006547,1006755,father
7001,1006547,1006902,father
7001,1006548,1006755,mother
7001,1006548,1006902,mother
7001,1006549,1006756,father
7001,1006549,1006903,father
7001,1006550,1006756,mother
7001,1006550,1006903,mother
7001,1006551,1006757,father
7001,1006551,1006904,father
7001,1006552,1006757,mother
7001,1006552,1006904,mother
7001,1006553,1006758,father
7001,1006553,1006905,father
7001,1006554,1006758,mother
7001,1006554,1006905,mother
7001,1006555,1006759,father
7001,1006555,1006906,father
7001,1006556,1006759,mother
7001,1006556,1006906,mother
7001,1006557,1006760,father
7001,1006557,1006907,father
7001,1006558,1006760,mother
7001,1006558,1006907,mother
7001,1006559,1006761,father
7001,1006559,1006908,father
7001,1006560,1006761,mother
7001,1006560,1006908,mother
7001,1006561,1006762,father
7001,1006561,1006909,father
7001,1006562,1006762,mother
7001,1006562,1006909,mother
7001,1006563,1006763,father
7001,1006563,1006910,father
7001,1006564,1006763,mother
7001,1006564,1006910,mother
7001,1006565,1006764,father
7001,1006565,1006911,father
7001,1006566,1006764,mother
7001,1006566,1006911,mother
7001,1006567,1006765,father
7001,1006567,1006912,father
7001,1006568,1006765,mother
7001,1006568,1006912,mother
7001,1006569,1006766,father
7001,1006569,1006913,father
7001,1006570,1006766,mother
7001,1006570,1006913,mother
7001,1006571,1006767,father
7001,1006571,1006914,father
7001,1006572,1006767,mother
7001,1006572,1006914,mother
7001,1006573,1006768,father
7001,1006573,1006915,father
7001,1006574,1006768,mother
7001,1006574,1006915,mother
7001,1006575,1006769,father
7001,1006575,1006916,father
7001,1006576,1006769,mother
7001,1006576,1006916,mother
7001,1006577,1006770,father
7001,1006577,1006917,father
7001,1006578,1006770,mother
7001,1006578,1006917,mother
7001,1006579,1006771,father
7001,1006579,1006918,father
7001,1006580,1006771,mother
7001,1006580,1006918,mother
7001,1006581,1006772,father
7001,1006581,1006919,father
7001,1006582,1006772,mother
7001,1006582,1006919,mother
7001,1006583,1006773,father
7001,1006583,1006920,father
7001,1006584,1006773,mother
7001,1006584,1006920,mother
7001,1006585,1006774,father
7001,1006585,1006921,father
7001,1006586,1006774,mother
7001,1006586,1006921,mother
7001,1006587,1006775,father
7001,1006587,1006922,father
7001,1006588,1006775,mother
7001,1006588,1006922,mother
7001,1006589,1006776,father
7001,1006589,1006923,father
7001,1006590,1006776,mother
7001,1006590,1006923,mother
7001,1006591,1006777,father
7001,1006591,1006924,father
7001,1006592,1006777,mother
7001,1006592,1006924,mother
7001,1006593,1006778,father
7001,1006593,1006925,father
7001,1006594,1006778,mother
7001,1006594,1006925,mother
7001,1006595,1006779,father
7001,1006595,1006926,father
7001,1006596,1006779,mother
7001,1006596,1006926,mother
7001,1006597,1006780,father
7001,1006597,1006927,father
7001,1006598,1006780,mother
7001,1006598,1006927,mother
7001,1006599,1006781,father
7001,1006599,1006928,father
7001,1006600,1006781,mother
7001,1006600,1006928,mother
7001,1006601,1006782,father
7001,1006601,1006929,father
7001,1006602,1006782,mother
7001,1006602,1006929,mother
7001,1006603,1006783,father
7001,1006603,1006930,father
7001,1006604,1006783,mother
7001,1006604,1006930,mother
7001,1006605,1006784,father
7001,1006605,1006931,father
7001,1006606,1006784,mother
7001,1006606,1006931,mother
7001,1006607,1006785,father
7001,1006607,1006932,father
7001,1006608,1006785,mother
7001,1006608,1006932,mother
7001,1006609,1006786,father
7001,1006609,1006933,father
7001,1006610,1006786,mother
7001,1006610,1006933,mother
7001,1006611,1006787,father
7001,1006612,1006787,mother
7001,1006613,1006788,father
7001,1006614,1006788,mother
7001,1006615,1006789,father
7001,1006616,1006789,mother
7001,1006617,1006790,father
7001,1006618,1006790,mother
7001,1006619,1006791,father
7001,1006620,1006791,mother
7001,1006621,1006792,father
7001,1006622,1006792,mother
7001,1006623,1006793,father
7001,1006624,1006793,mother
7001,1006625,1006794,father
7001,1006626,1006794,mother
7001,1006627,1006795,father
7001,1006628,1006795,mother
7001,1006629,1006796,father
7001,1006630,1006796,mother
7001,1006631,1006797,father
7001,1006632,1006797,mother
7001,1006633,1006798,father
7001,1006634,1006798,mother
7001,1006635,1006799,father
7001,1006636,1006799,mother
7001,1006637,1006800,father
7001,1006638,1006800,mother
7001,1006639,1006801,father
7001,1006640,1006801,mother
7001,1006641,1006802,father
7001,1006642,1006802,mother
7001,1006643,1006803,father
7001,1006644,1006803,mother
7001,1006645,1006804,father
7001,1006646,1006804,mother
7001,1006647,1006805,father
7001,1006648,1006805,mother
7001,1006649,1006806,father
7001,1006650,1006806,mother
7001,1006651,1006807,father
7001,1006652,1006807,mother
7001,1006653,1006808,father
7001,1006654,1006808,mother
7001,1006655,1006809,father
7001,1006656,1006809,mother
7001,1006657,1006810,father
7001,1006658,1006810,mother
7001,1006659,1006811,father
7001,1006660,1006811,mother
7001,1006661,1006812,father
7001,1006662,1006812,mother
7001,1006663,1006813,father
7001,1006664,1006813,mother
7001,1006665,1006814,father
7001,1006666,1006814,mother
7001,1006667,1006815,father
7001,1006668,1006815,mother
7001,1006669,1006934,father
7001,1006669,1007067,father
7001,1006670,1006934,mother
7001,1006670,1007066,mother
7001,1006671,1006935,father
7001,1006671,1007068,father
7001,1006672,1006935,mother
7001,1006672,1007067,mother
7001,1006673,1006936,father
7001,1006673,1007069,father
7001,1006674,1006936,mother
7001,1006674,1007068,mother
7001,1006675,1006937,father
7001,1006675,1007070,father
7001,1006676,1006937,mother
7001,1006676,1007069,mother
7001,1006677,1006938,father
7001,1006677,1007071,father
7001,1006678,1006938,mother
7001,1006678,1007070,mother
7001,1006679,1006939,father
7001,1006679,1007072,father
7001,1006680,1006939,mother
7001,1006680,1007071,mother
7001,1006681,1006940,father
7001,1006681,1007073,father
7001,1006682,1006940,mother
7001,1006682,1007072,mother
7001,1006683,1006941,father
7001,1006683,1007074,father
7001,1006684,1006941,mother
7001,1006684,1007073,mother
7001,1006685,1006942,father
7001,1006685,1007075,father
7001,1006686,1006942,mother
7001,1006686,1007074,mother
7001,1006687,1006943,father
7001,1006687,1007076,father
7001,1006688,1006943,mother
7001,1006688,1007075,mother
7001,1006689,1006944,father
7001,1006689,1007077,father
7001,1006690,1006944,mother
7001,1006690,1007076,mother
7001,1006691,1006945,father
7001,1006691,1007078,father
7001,1006692,1006945,mother
7001,1006692,1007077,mother
7001,1006693,1006946,father
7001,1006693,1007079,father
7001,1006694,1006946,mother
7001,1006694,1007078,mother
7001,1006695,1006947,father
7001,1006695,1007080,father
7001,1006696,1006947,mother
7001,1006696,1007079,mother
7001,1006697,1006948,father
7001,1006697,1007081,father
7001,1006698,1006948,mother
7001,1006698,1007080,mother
7001,1006699,1006949,father
7001,1006699,1007082,father
7001,1006700,1006949,mother
7001,1006700,1007081,mother
7001,1006701,1006950,father
7001,1006701,1007083,father
7001,1006702,1006950,mother
7001,1006702,1007082,mother
7001,1006703,1006951,father
7001,1006703,1007084,father
7001,1006704,1006951,mother
7001,1006704,1007083,mother
7001,1006705,1006952,father
7001,1006705,1007085,father
7001,1006706,1006952,mother
7001,1006706,1007084,mother
7001,1006707,1006953,father
7001,1006707,1007086,father
7001,1006708,1006953,mother
7001,1006708,1007085,mother
7001,1006709,1006954,father
7001,1006709,1007087,father
7001,1006710,1006954,mother
7001,1006710,1007086,mother
7001,1006711,1006955,father
7001,1006711,1007088,father
7001,1006712,1006955,mother
7001,1006712,1007087,mother
7001,1006713,1006956,father
7001,1006713,1007089,father
7001,1006714,1006956,mother
7001,1006714,1007088,mother
7001,1006715,1006957,father
7001,1006715,1007090,father
7001,1006716,1006957,mother
7001,1006716,1007089,mother
7001,1006717,1006958,father
7001,1006717,1007091,father
7001,1006718,1006958,mother
7001,1006718,1007090,mother
7001,1006719,1006959,father
7001,1006719,1007092,father
7001,1006720,1006959,mother
7001,1006720,1007091,mother
7001,1006721,1006960,father
7001,1006721,1007093,father
7001,1006722,1006960,mother
7001,1006722,1007092,mother
7001,1006723,1006961,father
7001,1006723,1007094,father
7001,1006724,1006961,mother
7001,1006724,1007093,mother
7001,1006725,1006962,father
7001,1006725,1007095,father
7001,1006726,1006962,mother
7001,1006726,1007094,mother
7001,1006727,1006963,father
7001,1006727,1007096,father
7001,1006728,1006963,mother
7001,1006728,1007095,mother
7001,1006729,1006964,father
7001,1006729,1007097,father
7001,1006730,1006964,mother
7001,1006730,1007096,mother
7001,1006731,1006965,father
7001,1006731,1007098,father
7001,1006732,1006965,mother
7001,1006732,1007097,mother
7001,1006733,1006966,father
7001,1006733,1007099,father
7001,1006734,1006966,mother
7001,1006734,1007098,mother
7001,1006735,1006967,father
7001,1006735,1007100,father
7001,1006736,1006967,mother
7001,1006736,1007099,mother
7001,1006737,1006968,father
7001,1006737,1007101,father
7001,1006738,1006968,mother
7001,1006738,1007100,mother
7001,1006739,1006969,father
7001,1006739,1007102,father
7001,1006740,1006969,mother
7001,1006740,1007101,mother
7001,1006741,1006970,father
7001,1006741,1007103,father
7001,1006742,1006970,mother
7001,1006742,1007102,mother
7001,1006743,1006971,father
7001,1006743,1007104,father
7001,1006744,1006971,mother
7001,1006744,1007103,mother
7001,1006745,1006972,father
7001,1006745,1007105,father
7001,1006746,1006972,mother
7001,1006746,1007104,mother
7001,1006747,1006973,father
7001,1006747,1007106,father
7001,1006748,1006973,mother
7001,1006748,1007105,mother
7001,1006749,1006974,father
7001,1006749,1007107,father
7001,1006750,1006974,mother
7001,1006750,1007106,mother
7001,1006751,1006975,father
7001,1006751,1007108,father
7001,1006752,1006975,mother
7001,1006752,1007107,mother
7001,1006753,1006976,father
7001,1006753,1007109,father
7001,1006754,1006976,mother
7001,1006754,1007108,mother
7001,1006755,1006977,father
7001,1006755,1007110,father
7001,1006756,1006977,mother
7001,1006756,1007109,mother
7001,1006757,1006978,father
7001,1006757,1007111,father
7001,1006758,1006978,mother
7001,1006758,1007110,mother
7001,1006759,1006979,father
7001,1006759,1007112,father
7001,1006760,1006979,mother
7001,1006760,1007111,mother
7001,1006761,1006980,father
7001,1006761,1007113,father
7001,1006762,1006980,mother
7001,1006762,1007112,mother
7001,1006763,1006981,father
7001,1006763,1007114,father
7001,1006764,1006981,mother
7001,1006764,1007113,mother
7001,1006765,1006982,father
7001,1006765,1007115,father
7001,1006766,1006982,mother
7001,1006766,1007114,mother
7001,1006767,1006983,father
7001,1006767,1007116,father
7001,1006768,1006983,mother
7001,1006768,1007115,mother
7001,1006769,1006984,father
7001,1006769,1007117,father
7001,1006770,1006984,mother
7001,1006770,1007116,mother
7001,1006771,1006985,father
7001,1006771,1007118,father
7001,1006772,1006985,mother
7001,1006772,1007117,mother
7001,1006773,1006986,father
7001,1006773,1007119,father
7001,1006774,1006986,mother
7001,1006774,1007118,mother
7001,1006775,1006987,father
7001,1006775,1007120,father
7001,1006776,1006987,mother
7001,1006776,1007119,mother
7001,1006777,1006988,father
7001,1006777,1007121,father
7001,1006778,1006988,mother
7001,1006778,1007120,mother
7001,1006779,1006989,father
7001,1006779,1007122,father
7001,1006780,1006989,mother
7001,1006780,1007121,mother
7001,1006781,1006990,father
7001,1006781,1007123,father
7001,1006782,1006990,mother
7001,1006782,1007122,mother
7001,1006783,1006991,father
7001,1006783,1007124,father
7001,1006784,1006991,mother
7001,1006784,1007123,mother
7001,1006785,1006992,father
7001,1006785,1007125,father
7001,1006786,1006992,mother
7001,1006786,1007124,mother
7001,1006787,1006993,father
7001,1006787,1007126,father
7001,1006788,1006993,mother
7001,1006788,1007125,mother
7001,1006789,1006994,father
7001,1006789,1007127,father
7001,1006790,1006994,mother
7001,1006790,1007126,mother
7001,1006791,1006995,father
7001,1006791,1007128,father
7001,1006792,1006995,mother
7001,1006792,1007127,mother
7001,1006793,1006996,father
7001,1006793,1007129,father
7001,1006794,1006996,mother
7001,1006794,1007128,mother
7001,1006795,1006997,father
7001,1006795,1007130,father
7001,1006796,1006997,mother
7001,1006796,1007129,mother
7001,1006797,1006998,father
7001,1006797,1007131,father
7001,1006798,1006998,mother
7001,1006798,1007130,mother
7001,1006799,1006999,father
7001,1006799,1007132,father
7001,1006800,1006999,mother
7001,1006800,1007131,mother
7001,1006801,1007000,father
7001,1006801,1007133,father
7001,1006802,1007000,mother
7001,1006802,1007132,mother
7001,1006803,1007001,father
7001,1006803,1007134,father
7001,1006804,1007001,mother
7001,1006804,1007133,mother
7001,1006805,1007002,father
7001,1006805,1007135,father
7001,1006806,1007002,mother
7001,1006806,1007134,mother
7001,1006807,1007003,father
7001,1006807,1007136,father
7001,1006808,1007003,mother
7001,1006808,1007135,mother
7001,1006809,1007004,father
7001,1006809,1007137,father
7001,1006810,1007004,mother
7001,1006810,1007136,mother
7001,1006811,1007005,father
7001,1006811,1007138,father
7001,1006812,1007005,mother
7001,1006812,1007137,mother
7001,1006813,1007006,father
7001,1006813,1007139,father
7001,1006814,1007006,mother
7001,1006814,1007138,mother
7001,1006815,1007007,father
7001,1006815,1007140,father
7001,1006816,1007007,mother
7001,1006816,1007139,mother
7001,1006817,1007008,father
7001,1006817,1007141,father
7001,1006818,1007008,mother
7001,1006818,1007140,mother
7001,1006819,1007009,father
7001,1006819,1007142,father
7001,1006820,1007009,mother
7001,1006820,1007141,mother
7001,1006821,1007010,father
7001,1006821,1007143,father
7001,1006822,1007010,mother
7001,1006822,1007142,mother
7001,1006823,1007011,father
7001,1006823,1007144,father
7001,1006824,1007011,mother
7001,1006824,1007143,mother
7001,1006825,1007012,father
7001,1006825,1007145,father
7001,1006826,1007012,mother
7001,1006826,1007144,mother
7001,1006827,1007013,father
7001,1006827,1007146,father
7001,1006828,1007013,mother
7001,1006828,1007145,mother
7001,1006829,1007014,father
7001,1006829,1007147,father
7001,1006830,1007014,mother
7001,1006830,1007146,mother
7001,1006831,1007015,father
7001,1006831,1007148,father
7001,1006832,1007015,mother
7001,1006832,1007147,mother
7001,1006833,1007016,father
7001,1006833,1007149,father
7001,1006834,1007016,mother
7001,1006834,1007148,mother
7001,1006835,1007017,father
7001,1006835,1007150,father
7001,1006836,1007017,mother
7001,1006836,1007149,mother
7001,1006837,1007018,father
7001,1006837,1007151,father
7001,1006838,1007018,mother
7001,1006838,1007150,mother
7001,1006839,1007019,father
7001,1006839,1007152,father
7001,1006840,1007019,mother
7001,1006840,1007151,mother
7001,1006841,1007020,father
7001,1006841,1007153,father
7001,1006842,1007020,mother
7001,1006842,1007152,mother
7001,1006843,1007021,father
7001,1006843,1007154,father
7001,1006844,1007021,mother
7001,1006844,1007153,mother
7001,1006845,1007022,father
7001,1006845,1007155,father
7001,1006846,1007022,mother
7001,1006846,1007154,mother
7001,1006847,1007023,father
7001,1006847,1007156,father
7001,1006848,1007023,mother
7001,1006848,1007155,mother
7001,1006849,1007024,father
7001,1006849,1007157,father
7001,1006850,1007024,mother
7001,1006850,1007156,mother
7001,1006851,1007025,father
7001,1006851,1007158,father
7001,1006852,1007025,mother
7001,1006852,1007157,mother
7001,1006853,1007026,father
7001,1006853,1007159,father
7001,1006854,1007026,mother
7001,1006854,1007158,mother
7001,1006855,1007027,father
7001,1006855,1007160,father
7001,1006856,1007027,mother
7001,1006856,1007159,mother
7001,1006857,1007028,father
7001,1006857,1007161,father
7001,1006858,1007028,mother
7001,1006858,1007160,mother
7001,1006859,1007029,father
7001,1006859,1007162,father
7001,1006860,1007029,mother
7001,1006860,1007161,mother
7001,1006861,1007030,father
7001,1006861,1007163,father
7001,1006862,1007030,mother
7001,1006862,1007162,mother
7001,1006863,1007031,father
7001,1006863,1007164,father
7001,1006864,1007031,mother
7001,1006864,1007163,mother
7001,1006865,1007032,father
7001,1006865,1007165,father
7001,1006866,1007032,mother
7001,1006866,1007164,mother
7001,1006867,1007033,father
7001,1006867,1007166,father
7001,1006868,1007033,mother
7001,1006868,1007165,mother
7001,1006869,1007034,father
7001,1006869,1007167,father
7001,1006870,1007034,mother
7001,1006870,1007166,mother
7001,1006871,1007035,father
7001,1006871,1007168,father
7001,1006872,1007035,mother
7001,1006872,1007167,mother
7001,1006873,1007036,father
7001,1006873,1007169,father
7001,1006874,1007036,mother
7001,1006874,1007168,mother
7001,1006875,1007037,father
7001,1006876,1007037,mother
7001,1006876,1007169,mother
7001,1006877,1007038,father
7001,1006878,1007038,mother
7001,1006879,1007039,father
7001,1006880,1007039,mother
7001,1006881,1007040,father
7001,1006882,1007040,mother
7001,1006883,1007041,father
7001,1006884,1007041,mother
7001,1006885,1007042,father
7001,1006886,1007042,mother
7001,1006887,1007043,father
7001,1006888,1007043,mother
7001,1006889,1007044,father
7001,1006890,1007044,mother
7001,1006891,1007045,father
7001,1006892,1007045,mother
7001,1006893,1007046,father
7001,1006894,1007046,mother
7001,1006895,1007047,father
7001,1006896,1007047,mother
7001,1006897,1007048,father
7001,1006898,1007048,mother
7001,1006899,1007049,father
7001,1006900,1007049,mother
7001,1006901,1007050,father
7001,1006902,1007050,mother
7001,1006903,1007051,father
7001,1006904,1007051,mother
7001,1006905,1007052,father
7001,1006906,1007052,mother
7001,1006907,1007053,father
7001,1006908,1007053,mother
7001,1006909,1007054,father
7001,1006910,1007054,mother
7001,1006911,1007055,father
7001,1006912,1007055,mother
7001,1006913,1007056,father
7001,1006914,1007056,mother
7001,1006915,1007057,father
7001,1006916,1007057,mother
7001,1006917,1007058,father
7001,1006918,1007058,mother
7001,1006919,1007059,father
7001,1006920,1007059,mother
7001,1006921,1007060,father
7001,1006922,1007060,mother
7001,1006923,1007061,father
7001,1006924,1007061,mother
7001,1006925,1007062,father
7001,1006926,1007062,mother
7001,1006927,1007063,father
7001,1006928,1007063,mother
7001,1006929,1007064,father
7001,1006930,1007064,mother
7001,1006931,1007065,father
7001,1006932,1007065,mother
7001,1006933,1007066,father
7001,1006934,1007170,father
7001,1006934,1007288,father
7001,1006935,1007170,mother
7001,1006935,1007288,mother
7001,1006936,1007171,father
7001,1006936,1007289,father
7001,1006937,1007171,mother
7001,1006937,1007289,mother
7001,1006938,1007172,father
7001,1006938,1007290,father
7001,1006939,1007172,mother
7001,1006939,1007290,mother
7001,1006940,1007173,father
7001,1006940,1007291,father
7001,1006941,1007173,mother
7001,1006941,1007291,mother
7001,1006942,1007174,father
7001,1006942,1007292,father
7001,1006943,1007174,mother
7001,1006943,1007292,mother
7001,1006944,1007175,father
7001,1006944,1007293,father
7001,1006945,1007175,mother
7001,1006945,1007293,mother
7001,1006946,1007176,father
7001,1006946,1007294,father
7001,1006947,1007176,mother
7001,1006947,1007294,mother
7001,1006948,1007177,father
7001,1006948,1007295,father
7001,1006949,1007177,mother
7001,1006949,1007295,mother
7001,1006950,1007178,father
7001,1006950,1007296,father
7001,1006951,1007178,mother
7001,1006951,1007296,mother
7001,1006952,1007179,father
7001,1006952,1007297,father
7001,1006953,1007179,mother
7001,1006953,1007297,mother
7001,1006954,1007180,father
7001,1006954,1007298,father
7001,1006955,1007180,mother
7001,1006955,1007298,mother
7001,1006956,1007181,father
7001,1006956,1007299,father
7001,1006957,1007181,mother
7001,1006957,1007299,mother
7001,1006958,1007182,father
7001,1006958,1007300,father
7001,1006959,1007182,mother
7001,1006959,1007300,mother
7001,1006960,1007183,father
7001,1006960,1007301,father
7001,1006961,1007183,mother
7001,1006961,1007301,mother
7001,1006962,1007184,father
7001,1006962,1007302,father
7001,1006963,1007184,mother
7001,1006963,1007302,mother
7001,1006964,1007185,father
7001,1006964,1007303,father
7001,1006965,1007185,mother
7001,1006965,1007303,mother
7001,1006966,1007186,father
7001,1006966,1007304,father
7001,1006967,1007186,mother
7001,1006967,1007304,mother
7001,1006968,1007187,father
7001,1006968,1007305,father
7001,1006969,1007187,mother
7001,1006969,1007305,mother
7001,1006970,1007188,father
7001,1006970,1007306,father
7001,1006971,1007188,mother
7001,1006971,1007306,mother
7001,1006972,1007189,father
7001,1006972,1007307,father
7001,1006973,1007189,mother
7001,1006973,1007307,mother
7001,1006974,1007190,father
7001,1006974,1007308,father
7001,1006975,1007190,mother
7001,1006975,1007308,mother
7001,1006976,1007191,father
7001,1006976,1007309,father
7001,1006977,1007191,mother
7001,1006977,1007309,mother
7001,1006978,1007192,father
7001,1006978,1007310,father
7001,1006979,1007192,mother
7001,1006979,1007310,mother
7001,1006980,1007193,father
7001,1006980,1007311,father
7001,1006981,1007193,mother
7001,1006981,1007311,mother
7001,1006982,1007194,father
7001,1006982,1007312,father
7001,1006983,1007194,mother
7001,1006983,1007312,mother
7001,1006984,1007195,father
7001,1006984,1007313,father
7001,1006985,1007195,mother
7001,1006985,1007313,mother
7001,1006986,1007196,father
7001,1006986,1007314,father
7001,1006987,1007196,mother
7001,1006987,1007314,mother
7001,1006988,1007197,father
7001,1006988,1007315,father
7001,1006989,1007197,mother
7001,1006989,1007315,mother
7001,1006990,1007198,father
7001,1006990,1007316,father
7001,1006991,1007198,mother
7001,1006991,1007316,mother
7001,1006992,1007199,father
7001,1006992,1007317,father
7001,1006993,1007199,mother
7001,1006993,1007317,mother
7001,1006994,1007200,father
7001,1006994,1007318,father
7001,1006995,1007200,mother
7001,1006995,1007318,mother
7001,1006996,1007201,father
7001,1006996,1007319,father
7001,1006997,1007201,mother
7001,1006997,1007319,mother
7001,1006998,1007202,father
7001,1006998,1007320,father
7001,1006999,1007202,mother
7001,1006999,1007320,mother
7001,1007000,1007203,father
7001,1007000,1007321,father
7001,1007001,1007203,mother
7001,1007001,1007321,mother
7001,1007002,1007204,father
7001,1007002,1007322,father
7001,1007003,1007204,mother
7001,1007003,1007322,mother
7001,1007004,1007205,father
7001,1007004,1007323,father
7001,1007005,1007205,mother
7001,1007005,1007323,mother
7001,1007006,1007206,father
7001,1007006,1007324,father
7001,1007007,1007206,mother
7001,1007007,1007324,mother
7001,1007008,1007207,father
7001,1007008,1007325,father
7001,1007009,1007207,mother
7001,1007009,1007325,mother
7001,1007010,1007208,father
7001,1007010,1007326,father
7001,1007011,1007208,mother
7001,1007011,1007326,mother
7001,1007012,1007209,father
7001,1007012,1007327,father
7001,1007013,1007209,mother
7001,1007013,1007327,mother
7001,1007014,1007210,father
7001,1007014,1007328,father
7001,1007015,1007210,mother
7001,1007015,1007328,mother
7001,1007016,1007211,father
7001,1007016,1007329,father
7001,1007017,1007211,mother
7001,1007017,1007329,mother
7001,1007018,1007212,father
7001,1007018,1007330,father
7001,1007019,1007212,mother
7001,1007019,1007330,mother
7001,1007020,1007213,father
7001,1007020,1007331,father
7001,1007021,1007213,mother
7001,1007021,1007331,mother
7001,1007022,1007214,father
7001,1007022,1007332,father
7001,1007023,1007214,mother
7001,1007023,1007332,mother
7001,1007024,1007215,father
7001,1007024,1007333,father
7001,1007025,1007215,mother
7001,1007025,1007333,mother
7001,1007026,1007216,father
7001,1007026,1007334,father
7001,1007027,1007216,mother
7001,1007027,1007334,mother
7001,1007028,1007217,father
7001,1007028,1007335,father
7001,1007029,1007217,mother
7001,1007029,1007335,mother
7001,1007030,1007218,father
7001,1007030,1007336,father
7001,1007031,1007218,mother
7001,1007031,1007336,mother
7001,1007032,1007219,father
7001,1007032,1007337,father
7001,1007033,1007219,mother
7001,1007033,1007337,mother
7001,1007034,1007220,father
7001,1007034,1007338,father
7001,1007035,1007220,mother
7001,1007035,1007338,mother
7001,1007036,1007221,father
7001,1007036,1007339,father
7001,1007037,1007221,mother
7001,1007037,1007339,mother
7001,1007038,1007222,father
7001,1007038,1007340,father
7001,1007039,1007222,mother
7001,1007039,1007340,mother
7001,1007040,1007223,father
7001,1007040,1007341,father
7001,1007041,1007223,mother
7001,1007041,1007341,mother
7001,1007042,1007224,father
7001,1007042,1007342,father
7001,1007043,1007224,mother
7001,1007043,1007342,mother
7001,1007044,1007225,father
7001,1007044,1007343,father
7001,1007045,1007225,mother
7001,1007045,1007343,mother
7001,1007046,1007226,father
7001,1007046,1007344,father
7001,1007047,1007226,mother
7001,1007047,1007344,mother
7001,1007048,1007227,father
7001,1007048,1007345,father
7001,1007049,1007227,mother
7001,1007049,1007345,mother
7001,1007050,1007228,father
7001,1007050,1007346,father
7001,1007051,1007228,mother
7001,1007051,1007346,mother
7001,1007052,1007229,father
7001,1007052,1007347,father
7001,1007053,1007229,mother
7001,1007053,1007347,mother
7001,1007054,1007230,father
7001,1007054,1007348,father
7001,1007055,1007230,mother
7001,1007055,1007348,mother
7001,1007056,1007231,father
7001,1007056,1007349,father
7001,1007057,1007231,mother
7001,1007057,1007349,mother
7001,1007058,1007232,father
7001,1007058,1007350,father
7001,1007059,1007232,mother
7001,1007059,1007350,mother
7001,1007060,1007233,father
7001,1007060,1007351,father
7001,1007061,1007233,mother
7001,1007061,1007351,mother
7001,1007062,1007234,father
7001,1007062,1007352,father
7001,1007063,1007234,mother
7001,1007063,1007352,mother
7001,1007064,1007235,father
7001,1007064,1007353,father
7001,1007065,1007235,mother
7001,1007065,1007353,mother
7001,1007066,1007236,father
7001,1007066,1007354,father
7001,1007067,1007236,mother
7001,1007067,1007354,mother
7001,1007068,1007237,father
7001,1007068,1007355,father
7001,1007069,1007237,mother
7001,1007069,1007355,mother
7001,1007070,1007238,father
7001,1007070,1007356,father
7001,1007071,1007238,mother
7001,1007071,1007356,mother
7001,1007072,1007239,father
7001,1007072,1007357,father
7001,1007073,1007239,mother
7001,1007073,1007357,mother
7001,1007074,1007240,father
7001,1007074,1007358,father
7001,1007075,1007240,mother
7001,1007075,1007358,mother
7001,1007076,1007241,father
7001,1007076,1007359,father
7001,1007077,1007241,mother
7001,1007077,1007359,mother
7001,1007078,1007242,father
7001,1007078,1007360,father
7001,1007079,1007242,mother
7001,1007079,1007360,mother
7001,1007080,1007243,father
7001,1007080,1007361,father
7001,1007081,1007243,mother
7001,1007081,1007361,mother
7001,1007082,1007244,father
7001,1007082,1007362,father
7001,1007083,1007244,mother
7001,1007083,1007362,mother
7001,1007084,1007245,father
7001,1007084,1007363,father
7001,1007085,1007245,mother
7001,1007085,1007363,mother
7001,1007086,1007246,father
7001,1007086,1007364,father
7001,1007087,1007246,mother
7001,1007087,1007364,mother
7001,1007088,1007247,father
7001,1007088,1007365,father
7001,1007089,1007247,mother
7001,1007089,1007365,mother
7001,1007090,1007248,father
7001,1007090,1007366,father
7001,1007091,1007248,mother
7001,1007091,1007366,mother
7001,1007092,1007249,father
7001,1007092,1007367,father
7001,1007093,1007249,mother
7001,1007093,1007367,mother
7001,1007094,1007250,father
7001,1007094,1007368,father
7001,1007095,1007250,mother
7001,1007095,1007368,mother
7001,1007096,1007251,father
7001,1007096,1007369,father
7001,1007097,1007251,mother
7001,1007097,1007369,mother
7001,1007098,1007252,father
7001,1007098,1007370,father
7001,1007099,1007252,mother
7001,1007099,1007370,mother
7001,1007100,1007253,father
7001,1007100,1007371,father
7001,1007101,1007253,mother
7001,1007101,1007371,mother
7001,1007102,1007254,father
7001,1007102,1007372,father
7001,1007103,1007254,mother
7001,1007103,1007372,mother
7001,1007104,1007255,father
7001,1007104,1007373,father
7001,1007105,1007255,mother
7001,1007105,1007373,mother
7001,1007106,1007256,father
7001,1007106,1007374,father
7001,1007107,1007256,mother
7001,1007107,1007374,mother
7001,1007108,1007257,father
7001,1007108,1007375,father
7001,1007109,1007257,mother
7001,1007109,1007375,mother
7001,1007110,1007258,father
7001,1007110,1007376,father
7001,1007111,1007258,mother
7001,1007111,1007376,mother
7001,1007112,1007259,father
7001,1007113,1007259,mother
7001,1007114,1007260,father
7001,1007115,1007260,mother
7001,1007116,1007261,father
7001,1007117,1007261,mother
7001,1007118,1007262,father
7001,1007119,1007262,mother
7001,1007120,1007263,father
7001,1007121,1007263,mother
7001,1007122,1007264,father
7001,1007123,1007264,mother
7001,1007124,1007265,father
7001,1007125,1007265,mother
7001,1007126,1007266,father
7001,1007127,1007266,mother
7001,1007128,1007267,father
7001,1007129,1007267,mother
7001,1007130,1007268,father
7001,1007131,1007268,mother
7001,1007132,1007269,father
7001,1007133,1007269,mother
7001,1007134,1007270,father
7001,1007135,1007270,mother
7001,1007136,1007271,father
7001,1007137,1007271,mother
7001,1007138,1007272,father
7001,1007139,1007272,mother
7001,1007140,1007273,father
7001,1007141,1007273,mother
7001,1007142,1007274,father
7001,1007143,1007274,mother
7001,1007144,1007275,father
7001,1007145,1007275,mother
7001,1007146,1007276,father
7001,1007147,1007276,mother
7001,1007148,1007277,father
7001,1007149,1007277,mother
7001,1007150,1007278,father
7001,1007151,1007278,mother
7001,1007152,1007279,father
7001,1007153,1007279,mother
7001,1007154,1007280,father
7001,1007155,1007280,mother
7001,1007156,1007281,father
7001,1007157,1007281,mother
7001,1007158,1007282,father
7001,1007159,1007282,mother
7001,1007160,1007283,father
7001,1007161,1007283,mother
7001,1007162,1007284,father
7001,1007163,1007284,mother
7001,1007164,1007285,father
7001,1007165,1007285,mother
7001,1007166,1007286,father
7001,1007167,1007286,mother
7001,1007168,1007287,father
7001,1007169,1007287,mother
7001,1007170,1007377,father
7001,1007170,1007481,father
7001,1007171,1007377,mother
7001,1007171,1007480,mother
7001,1007172,1007378,father
7001,1007172,1007482,father
7001,1007173,1007378,mother
7001,1007173,1007481,mother
7001,1007174,1007379,father
7001,1007174,1007483,father
7001,1007175,1007379,mother
7001,1007175,1007482,mother
7001,1007176,1007380,father
7001,1007176,1007484,father
7001,1007177,1007380,mother
7001,1007177,1007483,mother
7001,1007178,1007381,father
7001,1007178,1007485,father
7001,1007179,1007381,mother
7001,1007179,1007484,mother
7001,1007180,1007382,father
7001,1007180,1007486,father
7001,1007181,1007382,mother
7001,1007181,1007485,mother
7001,1007182,1007383,father
7001,1007182,1007487,father
7001,1007183,1007383,mother
7001,1007183,1007486,mother
7001,1007184,1007384,father
7001,1007184,1007488,father
7001,1007185,1007384,mother
7001,1007185,1007487,mother
7001,1007186,1007385,father
7001,1007186,1007489,father
7001,1007187,1007385,mother
7001,1007187,1007488,mother
7001,1007188,1007386,father
7001,1007188,1007490,father
7001,1007189,1007386,mother
7001,1007189,1007489,mother
7001,1007190,1007387,father
7001,1007190,1007491,father
7001,1007191,1007387,mother
7001,1007191,1007490,mother
7001,1007192,1007388,father
7001,1007192,1007492,father
7001,1007193,1007388,mother
7001,1007193,1007491,mother
7001,1007194,1007389,father
7001,1007194,1007493,father
7001,1007195,1007389,mother
7001,1007195,1007492,mother
7001,1007196,1007390,father
7001,1007196,1007494,father
7001,1007197,1007390,mother
7001,1007197,1007493,mother
7001,1007198,1007391,father
7001,1007198,1007495,father
7001,1007199,1007391,mother
7001,1007199,1007494,mother
7001,1007200,1007392,father
7001,1007200,1007496,father
7001,1007201,1007392,mother
7001,1007201,1007495,mother
7001,1007202,1007393,father
7001,1007202,1007497,father
7001,1007203,1007393,mother
7001,1007203,1007496,mother
7001,1007204,1007394,father
7001,1007204,1007498,father
7001,1007205,1007394,mother
7001,1007205,1007497,mother
7001,1007206,1007395,father
7001,1007206,1007499,father
7001,1007207,1007395,mother
7001,1007207,1007498,mother
7001,1007208,1007396,father
7001,1007208,1007500,father
7001,1007209,1007396,mother
7001,1007209,1007499,mother
7001,1007210,1007397,father
7001,1007210,1007501,father
7001,1007211,1007397,mother
7001,1007211,1007500,mother
7001,1007212,1007398,father
7001,1007212,1007502,father
7001,1007213,1007398,mother
7001,1007213,1007501,mother
7001,1007214,1007399,father
7001,1007214,1007503,father
7001,1007215,1007399,mother
7001,1007215,1007502,mother
7001,1007216,1007400,father
7001,1007216,1007504,father
7001,1007217,1007400,mother
7001,1007217,1007503,mother
7001,1007218,1007401,father
7001,1007218,1007505,father
7001,1007219,1007401,mother
7001,1007219,1007504,mother
7001,1007220,1007402,father
7001,1007220,1007506,father
7001,1007221,1007402,mother
7001,1007221,1007505,mother
7001,1007222,1007403,father
7001,1007222,1007507,father
7001,1007223,1007403,mother
7001,1007223,1007506,mother
7001,1007224,1007404,father
7001,1007224,1007508,father
7001,1007225,1007404,mother
7001,1007225,1007507,mother
7001,1007226,1007405,father
7001,1007226,1007509,father
7001,1007227,1007405,mother
7001,1007227,1007508,mother
7001,1007228,1007406,father
7001,1007228,1007510,father
7001,1007229,1007406,mother
7001,1007229,1007509,mother
7001,1007230,1007407,father
7001,1007230,1007511,father
7001,1007231,1007407,mother
7001,1007231,1007510,mother
7001,1007232,1007408,father
7001,1007232,1007512,father
7001,1007233,1007408,mother
7001,1007233,1007511,mother
7001,1007234,1007409,father
7001,1007234,1007513,father
7001,1007235,1007409,mother
7001,1007235,1007512,mother
7001,1007236,1007410,father
7001,1007236,1007514,father
7001,1007237,1007410,mother
7001,1007237,1007513,mother
7001,1007238,1007411,father
7001,1007238,1007515,father
7001,1007239,1007411,mother
7001,1007239,1007514,mother
7001,1007240,1007412,father
7001,1007240,1007516,father
7001,1007241,1007412,mother
7001,1007241,1007515,mother
7001,1007242,1007413,father
7001,1007242,1007517,father
7001,1007243,1007413,mother
7001,1007243,1007516,mother
7001,1007244,1007414,father
7001,1007244,1007518,father
7001,1007245,1007414,mother
7001,1007245,1007517,mother
7001,1007246,1007415,father
7001,1007246,1007519,father
7001,1007247,1007415,mother
7001,1007247,1007518,mother
7001,1007248,1007416,father
7001,1007248,1007520,father
7001,1007249,1007416,mother
7001,1007249,1007519,mother
7001,1007250,1007417,father
7001,1007250,1007521,father
7001,1007251,1007417,mother
7001,1007251,1007520,mother
7001,1007252,1007418,father
7001,1007252,1007522,father
7001,1007253,1007418,mother
7001,1007253,1007521,mother
7001,1007254,1007419,father
7001,1007254,1007523,father
7001,1007255,1007419,mother
7001,1007255,1007522,mother
7001,1007256,1007420,father
7001,1007256,1007524,father
7001,1007257,1007420,mother
7001,1007257,1007523,mother
7001,1007258,1007421,father
7001,1007258,1007525,father
7001,1007259,1007421,mother
7001,1007259,1007524,mother
7001,1007260,1007422,father
7001,1007260,1007526,father
7001,1007261,1007422,mother
7001,1007261,1007525,mother
7001,1007262,1007423,father
7001,1007262,1007527,father
7001,1007263,1007423,mother
7001,1007263,1007526,mother
7001,1007264,1007424,father
7001,1007264,1007528,father
7001,1007265,1007424,mother
7001,1007265,1007527,mother
7001,1007266,1007425,father
7001,1007266,1007529,father
7001,1007267,1007425,mother
7001,1007267,1007528,mother
7001,1007268,1007426,father
7001,1007268,1007530,father
7001,1007269,1007426,mother
7001,1007269,1007529,mother
7001,1007270,1007427,father
7001,1007270,1007531,father
7001,1007271,1007427,mother
7001,1007271,1007530,mother
7001,1007272,1007428,father
7001,1007272,1007532,father
7001,1007273,1007428,mother
7001,1007273,1007531,mother
7001,1007274,1007429,father
7001,1007274,1007533,father
7001,1007275,1007429,mother
7001,1007275,1007532,mother
7001,1007276,1007430,father
7001,1007276,1007534,father
7001,1007277,1007430,mother
7001,1007277,1007533,mother
7001,1007278,1007431,father
7001,1007278,1007535,father
7001,1007279,1007431,mother
7001,1007279,1007534,mother
7001,1007280,1007432,father
7001,1007280,1007536,father
7001,1007281,1007432,mother
7001,1007281,1007535,mother
7001,1007282,1007433,father
7001,1007282,1007537,father
7001,1007283,1007433,mother
7001,1007283,1007536,mother
7001,1007284,1007434,father
7001,1007284,1007538,father
7001,1007285,1007434,mother
7001,1007285,1007537,mother
7001,1007286,1007435,father
7001,1007286,1007539,father
7001,1007287,1007435,mother
7001,1007287,1007538,mother
7001,1007288,1007436,father
7001,1007288,1007540,father
7001,1007289,1007436,mother
7001,1007289,1007539,mother
7001,1007290,1007437,father
7001,1007290,1007541,father
7001,1007291,1007437,mother
7001,1007291,1007540,mother
7001,1007292,1007438,father
7001,1007292,1007542,father
7001,1007293,1007438,mother
7001,1007293,1007541,mother
7001,1007294,1007439,father
7001,1007294,1007543,father
7001,1007295,1007439,mother
7001,1007295,1007542,mother
7001,1007296,1007440,father
7001,1007296,1007544,father
7001,1007297,1007440,mother
7001,1007297,1007543,mother
7001,1007298,1007441,father
7001,1007298,1007545,father
7001,1007299,1007441,mother
7001,1007299,1007544,mother
7001,1007300,1007442,father
7001,1007300,1007546,father
7001,1007301,1007442,mother
7001,1007301,1007545,mother
7001,1007302,1007443,father
7001,1007302,1007547,father
7001,1007303,1007443,mother
7001,1007303,1007546,mother
7001,1007304,1007444,father
7001,1007304,1007548,father
7001,1007305,1007444,mother
7001,1007305,1007547,mother
7001,1007306,1007445,father
7001,1007306,1007549,father
7001,1007307,1007445,mother
7001,1007307,1007548,mother
7001,1007308,1007446,father
7001,1007308,1007550,father
7001,1007309,1007446,mother
7001,1007309,1007549,mother
7001,1007310,1007447,father
7001,1007310,1007551,father
7001,1007311,1007447,mother
7001,1007311,1007550,mother
7001,1007312,1007448,father
7001,1007312,1007552,father
7001,1007313,1007448,mother
7001,1007313,1007551,mother
7001,1007314,1007449,father
7001,1007314,1007553,father
7001,1007315,1007449,mother
7001,1007315,1007552,mother
7001,1007316,1007450,father
7001,1007317,1007450,mother
7001,1007317,1007553,mother
7001,1007318,1007451,father
7001,1007319,1007451,mother
7001,1007320,1007452,father
7001,1007321,1007452,mother
7001,1007322,1007453,father
7001,1007323,1007453,mother
7001,1007324,1007454,father
7001,1007325,1007454,mother
7001,1007326,1007455,father
7001,1007327,1007455,mother
7001,1007328,1007456,father
7001,1007329,1007456,mother
7001,1007330,1007457,father
7001,1007331,1007457,mother
7001,1007332,1007458,father
7001,1007333,1007458,mother
7001,1007334,1007459,father
7001,1007335,1007459,mother
7001,1007336,1007460,father
7001,1007337,1007460,mother
7001,1007338,1007461,father
7001,1007339,1007461,mother
7001,1007340,1007462,father
7001,1007341,1007462,mother
7001,1007342,1007463,father
7001,1007343,1007463,mother
7001,1007344,1007464,father
7001,1007345,1007464,mother
7001,1007346,1007465,father
7001,1007347,1007465,mother
7001,1007348,1007466,father
7001,1007349,1007466,mother
7001,1007350,1007467,father
7001,1007351,1007467,mother
7001,1007352,1007468,father
7001,1007353,1007468,mother
7001,1007354,1007469,father
7001,1007355,1007469,mother
7001,1007356,1007470,father
7001,1007357,1007470,mother
7001,1007358,1007471,father
7001,1007359,1007471,mother
7001,1007360,1007472,father
7001,1007361,1007472,mother
7001,1007362,1007473,father
7001,1007363,1007473,mother
7001,1007364,1007474,father
7001,1007365,1007474,mother
7001,1007366,1007475,father
7001,1007367,1007475,mother
7001,1007368,1007476,father
7001,1007369,1007476,mother
7001,1007370,1007477,father
7001,1007371,1007477,mother
7001,1007372,1007478,father
7001,1007373,1007478,mother
7001,1007374,1007479,father
7001,1007375,1007479,mother
7001,1007376,1007480,father
7001,1007377,1007554,father
7001,1007377,1007643,father
7001,1007378,1007554,mother
7001,1007378,1007642,mother
7001,1007379,1007555,father
7001,1007379,1007644,father
7001,1007380,1007555,mother
7001,1007380,1007643,mother
7001,1007381,1007556,father
7001,1007381,1007645,father
7001,1007382,1007556,mother
7001,1007382,1007644,mother
7001,1007383,1007557,father
7001,1007383,1007646,father
7001,1007384,1007557,mother
7001,1007384,1007645,mother
7001,1007385,1007558,father
7001,1007385,1007647,father
7001,1007386,1007558,mother
7001,1007386,1007646,mother
7001,1007387,1007559,father
7001,1007387,1007648,father
7001,1007388,1007559,mother
7001,1007388,1007647,mother
7001,1007389,1007560,father
7001,1007389,1007649,father
7001,1007390,1007560,mother
7001,1007390,1007648,mother
7001,1007391,1007561,father
7001,1007391,1007650,father
7001,1007392,1007561,mother
7001,1007392,1007649,mother
7001,1007393,1007562,father
7001,1007393,1007651,father
7001,1007394,1007562,mother
7001,1007394,1007650,mother
7001,1007395,1007563,father
7001,1007395,1007652,father
7001,1007396,1007563,mother
7001,1007396,1007651,mother
7001,1007397,1007564,father
7001,1007397,1007653,father
7001,1007398,1007564,mother
7001,1007398,1007652,mother
7001,1007399,1007565,father
7001,1007399,1007654,father
7001,1007400,1007565,mother
7001,1007400,1007653,mother
7001,1007401,1007566,father
7001,1007401,1007655,father
7001,1007402,1007566,mother
7001,1007402,1007654,mother
7001,1007403,1007567,father
7001,1007403,1007656,father
7001,1007404,1007567,mother
7001,1007404,1007655,mother
7001,1007405,1007568,father
7001,1007405,1007657,father
7001,1007406,1007568,mother
7001,1007406,1007656,mother
7001,1007407,1007569,father
7001,1007407,1007658,father
7001,1007408,1007569,mother
7001,1007408,1007657,mother
7001,1007409,1007570,father
7001,1007409,1007659,father
7001,1007410,1007570,mother
7001,1007410,1007658,mother
7001,1007411,1007571,father
7001,1007411,1007660,father
7001,1007412,1007571,mother
7001,1007412,1007659,mother
7001,1007413,1007572,father
7001,1007413,1007661,father
7001,1007414,1007572,mother
7001,1007414,1007660,mother
7001,1007415,1007573,father
7001,1007415,1007662,father
7001,1007416,1007573,mother
7001,1007416,1007661,mother
7001,1007417,1007574,father
7001,1007417,1007663,father
7001,1007418,1007574,mother
7001,1007418,1007662,mother
7001,1007419,1007575,father
7001,1007419,1007664,father
7001,1007420,1007575,mother
7001,1007420,1007663,mother
7001,1007421,1007576,father
7001,1007421,1007665,father
7001,1007422,1007576,mother
7001,1007422,1007664,mother
7001,1007423,1007577,father
7001,1007423,1007666,father
7001,1007424,1007577,mother
7001,1007424,1007665,mother
7001,1007425,1007578,father
7001,1007425,1007667,father
7001,1007426,1007578,mother
7001,1007426,1007666,mother
7001,1007427,1007579,father
7001,1007427,1007668,father
7001,1007428,1007579,mother
7001,1007428,1007667,mother
7001,1007429,1007580,father
7001,1007429,1007669,father
7001,1007430,1007580,mother
7001,1007430,1007668,mother
7001,1007431,1007581,father
7001,1007431,1007670,father
7001,1007432,1007581,mother
7001,1007432,1007669,mother
7001,1007433,1007582,father
7001,1007433,1007671,father
7001,1007434,1007582,mother
7001,1007434,1007670,mother
7001,1007435,1007583,father
7001,1007435,1007672,father
7001,1007436,1007583,mother
7001,1007436,1007671,mother
7001,1007437,1007584,father
7001,1007437,1007673,father
7001,1007438,1007584,mother
7001,1007438,1007672,mother
7001,1007439,1007585,father
7001,1007439,1007674,father
7001,1007440,1007585,mother
7001,1007440,1007673,mother
7001,1007441,1007586,father
7001,1007441,1007675,father
7001,1007442,1007586,mother
7001,1007442,1007674,mother
7001,1007443,1007587,father
7001,1007443,1007676,father
7001,1007444,1007587,mother
7001,1007444,1007675,mother
7001,1007445,1007588,father
7001,1007445,1007677,father
7001,1007446,1007588,mother
7001,1007446,1007676,mother
7001,1007447,1007589,father
7001,1007447,1007678,father
7001,1007448,1007589,mother
7001,1007448,1007677,mother
7001,1007449,1007590,father
7001,1007449,1007679,father
7001,1007450,1007590,mother
7001,1007450,1007678,mother
7001,1007451,1007591,father
7001,1007451,1007680,father
7001,1007452,1007591,mother
7001,1007452,1007679,mother
7001,1007453,1007592,father
7001,1007453,1007681,father
7001,1007454,1007592,mother
7001,1007454,1007680,mother
7001,1007455,1007593,father
7001,1007455,1007682,father
7001,1007456,1007593,mother
7001,1007456,1007681,mother
7001,1007457,1007594,father
7001,1007457,1007683,father
7001,1007458,1007594,mother
7001,1007458,1007682,mother
7001,1007459,1007595,father
7001,1007459,1007684,father
7001,1007460,1007595,mother
7001,1007460,1007683,mother
7001,1007461,1007596,father
7001,1007461,1007685,father
7001,1007462,1007596,mother
7001,1007462,1007684,mother
7001,1007463,1007597,father
7001,1007463,1007686,father
7001,1007464,1007597,mother
7001,1007464,1007685,mother
7001,1007465,1007598,father
7001,1007465,1007687,father
7001,1007466,1007598,mother
7001,1007466,1007686,mother
7001,1007467,1007599,father
7001,1007467,1007688,father
7001,1007468,1007599,mother
7001,1007468,1007687,mother
7001,1007469,1007600,father
7001,1007469,1007689,father
7001,1007470,1007600,mother
7001,1007470,1007688,mother
7001,1007471,1007601,father
7001,1007471,1007690,father
7001,1007472,1007601,mother
7001,1007472,1007689,mother
7001,1007473,1007602,father
7001,1007473,1007691,father
7001,1007474,1007602,mother
7001,1007474,1007690,mother
7001,1007475,1007603,father
7001,1007475,1007692,father
7001,1007476,1007603,mother
7001,1007476,1007691,mother
7001,1007477,1007604,father
7001,1007477,1007693,father
7001,1007478,1007604,mother
7001,1007478,1007692,mother
7001,1007479,1007605,father
7001,1007479,1007694,father
7001,1007480,1007605,mother
7001,1007480,1007693,mother
7001,1007481,1007606,father
7001,1007481,1007695,father
7001,1007482,1007606,mother
7001,1007482,1007694,mother
7001,1007483,1007607,father
7001,1007483,1007696,father
7001,1007484,1007607,mother
7001,1007484,1007695,mother
7001,1007485,1007608,father
7001,1007485,1007697,father
7001,1007486,1007608,mother
7001,1007486,1007696,mother
7001,1007487,1007609,father
7001,1007487,1007698,father
7001,1007488,1007609,mother
7001,1007488,1007697,mother
7001,1007489,1007610,father
7001,1007489,1007699,father
7001,1007490,1007610,mother
7001,1007490,1007698,mother
7001,1007491,1007611,father
7001,1007491,1007700,father
7001,1007492,1007611,mother
7001,1007492,1007699,mother
7001,1007493,1007612,father
7001,1007493,1007701,father
7001,1007494,1007612,mother
7001,1007494,1007700,mother
7001,1007495,1007613,father
7001,1007496,1007613,mother
7001,1007496,1007701,mother
7001,1007497,1007614,father
7001,1007498,1007614,mother
7001,1007499,1007615,father
7001,1007500,1007615,mother
7001,1007501,1007616,father
7001,1007502,1007616,mother
7001,1007503,1007617,father
7001,1007504,1007617,mother
7001,1007505,1007618,father
7001,1007506,1007618,mother
7001,1007507,1007619,father
7001,1007508,1007619,mother
7001,1007509,1007620,father
7001,1007510,1007620,mother
7001,1007511,1007621,father
7001,1007512,1007621,mother
7001,1007513,1007622,father
7001,1007514,1007622,mother
7001,1007515,1007623,father
7001,1007516,1007623,mother
7001,1007517,1007624,father
7001,1007518,1007624,mother
7001,1007519,1007625,father
7001,1007520,1007625,mother
7001,1007521,1007626,father
7001,1007522,1007626,mother
7001,1007523,1007627,father
7001,1007524,1007627,mother
7001,1007525,1007628,father
7001,1007526,1007628,mother
7001,1007527,1007629,father
7001,1007528,1007629,mother
7001,1007529,1007630,father
7001,1007530,1007630,mother
7001,1007531,1007631,father
7001,1007532,1007631,mother
7001,1007533,1007632,father
7001,1007534,1007632,mother
7001,1007535,1007633,father
7001,1007536,1007633,mother
7001,1007537,1007634,father
7001,1007538,1007634,mother
7001,1007539,1007635,father
7001,1007540,1007635,mother
7001,1007541,1007636,father
7001,1007542,1007636,mother
7001,1007543,1007637,father
7001,1007544,1007637,mother
7001,1007545,1007638,father
7001,1007546,1007638,mother
7001,1007547,1007639,father
7001,1007548,1007639,mother
7001,1007549,1007640,father
7001,1007550,1007640,mother
7001,1007551,1007641,father
7001,1007552,1007641,mother
7001,1007553,1007642,father
7001,1007554,1007702,father
7001,1007554,1007776,father
7001,1007555,1007702,mother
7001,1007555,1007776,mother
7001,1007556,1007703,father
7001,1007556,1007777,father
7001,1007557,1007703,mother
7001,1007557,1007777,mother
7001,1007558,1007704,father
7001,1007558,1007778,father
7001,1007559,1007704,mother
7001,1007559,1007778,mother
7001,1007560,1007705,father
7001,1007560,1007779,father
7001,1007561,1007705,mother
7001,1007561,1007779,mother
7001,1007562,1007706,father
7001,1007562,1007780,father
7001,1007563,1007706,mother
7001,1007563,1007780,mother
7001,1007564,1007707,father
7001,1007564,1007781,father
7001,1007565,1007707,mother
7001,1007565,1007781,mother
7001,1007566,1007708,father
7001,1007566,1007782,father
7001,1007567,1007708,mother
7001,1007567,1007782,mother
7001,1007568,1007709,father
7001,1007568,1007783,father
7001,1007569,1007709,mother
7001,1007569,1007783,mother
7001,1007570,1007710,father
7001,1007570,1007784,father
7001,1007571,1007710,mother
7001,1007571,1007784,mother
7001,1007572,1007711,father
7001,1007572,1007785,father
7001,1007573,1007711,mother
7001,1007573,1007785,mother
7001,1007574,1007712,father
7001,1007574,1007786,father
7001,1007575,1007712,mother
7001,1007575,1007786,mother
7001,1007576,1007713,father
7001,1007576,1007787,father
7001,1007577,1007713,mother
7001,1007577,1007787,mother
7001,1007578,1007714,father
7001,1007578,1007788,father
7001,1007579,1007714,mother
7001,1007579,1007788,mother
7001,1007580,1007715,father
7001,1007580,1007789,father
7001,1007581,1007715,mother
7001,1007581,1007789,mother
7001,1007582,1007716,father
7001,1007582,1007790,father
7001,1007583,1007716,mother
7001,1007583,1007790,mother
7001,1007584,1007717,father
7001,1007584,1007791,father
7001,1007585,1007717,mother
7001,1007585,1007791,mother
7001,1007586,1007718,father
7001,1007586,1007792,father
7001,1007587,1007718,mother
7001,1007587,1007792,mother
7001,1007588,1007719,father
7001,1007588,1007793,father
7001,1007589,1007719,mother
7001,1007589,1007793,mother
7001,1007590,1007720,father
7001,1007590,1007794,father
7001,1007591,1007720,mother
7001,1007591,1007794,mother
7001,1007592,1007721,father
7001,1007592,1007795,father
7001,1007593,1007721,mother
7001,1007593,1007795,mother
7001,1007594,1007722,father
7001,1007594,1007796,father
7001,1007595,1007722,mother
7001,1007595,1007796,mother
7001,1007596,1007723,father
7001,1007596,1007797,father
7001,1007597,1007723,mother
7001,1007597,1007797,mother
7001,1007598,1007724,father
7001,1007598,1007798,father
7001,1007599,1007724,mother
7001,1007599,1007798,mother
7001,1007600,1007725,father
7001,1007600,1007799,father
7001,1007601,1007725,mother
7001,1007601,1007799,mother
7001,1007602,1007726,father
7001,1007602,1007800,father
7001,1007603,1007726,mother
7001,1007603,1007800,mother
7001,1007604,1007727,father
7001,1007604,1007801,father
7001,1007605,1007727,mother
7001,1007605,1007801,mother
7001,1007606,1007728,father
7001,1007606,1007802,father
7001,1007607,1007728,mother
7001,1007607,1007802,mother
7001,1007608,1007729,father
7001,1007608,1007803,father
7001,1007609,1007729,mother
7001,1007609,1007803,mother
7001,1007610,1007730,father
7001,1007610,1007804,father
7001,1007611,1007730,mother
7001,1007611,1007804,mother
7001,1007612,1007731,father
7001,1007612,1007805,father
7001,1007613,1007731,mother
7001,1007613,1007805,mother
7001,1007614,1007732,father
7001,1007614,1007806,father
7001,1007615,1007732,mother
7001,1007615,1007806,mother
7001,1007616,1007733,father
7001,1007616,1007807,father
7001,1007617,1007733,mother
7001,1007617,1007807,mother
7001,1007618,1007734,father
7001,1007618,1007808,father
7001,1007619,1007734,mother
7001,1007619,1007808,mother
7001,1007620,1007735,father
7001,1007620,1007809,father
7001,1007621,1007735,mother
7001,1007621,1007809,mother
7001,1007622,1007736,father
7001,1007622,1007810,father
7001,1007623,1007736,mother
7001,1007623,1007810,mother
7001,1007624,1007737,father
7001,1007624,1007811,father
7001,1007625,1007737,mother
7001,1007625,1007811,mother
7001,1007626,1007738,father
7001,1007626,1007812,father
7001,1007627,1007738,mother
7001,1007627,1007812,mother
7001,1007628,1007739,father
7001,1007628,1007813,father
7001,1007629,1007739,mother
7001,1007629,1007813,mother
7001,1007630,1007740,father
7001,1007630,1007814,father
7001,1007631,1007740,mother
7001,1007631,1007814,mother
7001,1007632,1007741,father
7001,1007632,1007815,father
7001,1007633,1007741,mother
7001,1007633,1007815,mother
7001,1007634,1007742,father
7001,1007634,1007816,father
7001,1007635,1007742,mother
7001,1007635,1007816,mother
7001,1007636,1007743,father
7001,1007636,1007817,father
7001,1007637,1007743,mother
7001,1007637,1007817,mother
7001,1007638,1007744,father
7001,1007638,1007818,father
7001,1007639,1007744,mother
7001,1007639,1007818,mother
7001,1007640,1007745,father
7001,1007640,1007819,father
7001,1007641,1007745,mother
7001,1007641,1007819,mother
7001,1007642,1007746,father
7001,1007642,1007820,father
7001,1007643,1007746,mother
7001,1007643,1007820,mother
7001,1007644,1007747,father
7001,1007645,1007747,mother
7001,1007646,1007748,father
7001,1007647,1007748,mother
7001,1007648,1007749,father
7001,1007649,1007749,mother
7001,1007650,1007750,father
7001,1007651,1007750,mother
7001,1007652,1007751,father
7001,1007653,1007751,mother
7001,1007654,1007752,father
7001,1007655,1007752,mother
7001,1007656,1007753,father
7001,1007657,1007753,mother
7001,1007658,1007754,father
7001,1007659,1007754,mother
7001,1007660,1007755,father
7001,1007661,1007755,mother
7001,1007662,1007756,father
7001,1007663,1007756,mother
7001,1007664,1007757,father
7001,1007665,1007757,mother
7001,1007666,1007758,father
7001,1007667,1007758,mother
7001,1007668,1007759,father
7001,1007669,1007759,mother
7001,1007670,1007760,father
7001,1007671,1007760,mother
7001,1007672,1007761,father
7001,1007673,1007761,mother
7001,1007674,1007762,father
7001,1007675,1007762,mother
7001,1007676,1007763,father
7001,1007677,1007763,mother
7001,1007678,1007764,father
7001,1007679,1007764,mother
7001,1007680,1007765,father
7001,1007681,1007765,mother
7001,1007682,1007766,father
7001,1007683,1007766,mother
7001,1007684,1007767,father
7001,1007685,1007767,mother
7001,1007686,1007768,father
7001,1007687,1007768,mother
7001,1007688,1007769,father
7001,1007689,1007769,mother
7001,1007690,1007770,father
7001,1007691,1007770,mother
7001,1007692,1007771,father
7001,1007693,1007771,mother
7001,1007694,1007772,father
7001,1007695,1007772,mother
7001,1007696,1007773,father
7001,1007697,1007773,mother
7001,1007698,1007774,father
7001,1007699,1007774,mother
7001,1007700,1007775,father
7001,1007701,1007775,mother
7001,1007702,1007821,father
7001,1007702,1007881,father
7001,1007703,1007821,mother
7001,1007703,1007880,mother
7001,1007704,1007822,father
7001,1007704,1007882,father
7001,1007705,1007822,mother
7001,1007705,1007881,mother
7001,1007706,1007823,father
7001,1007706,1007883,father
7001,1007707,1007823,mother
7001,1007707,1007882,mother
7001,1007708,1007824,father
7001,1007708,1007884,father
7001,1007709,1007824,mother
7001,1007709,1007883,mother
7001,1007710,1007825,father
7001,1007710,1007885,father
7001,1007711,1007825,mother
7001,1007711,1007884,mother
7001,1007712,1007826,father
7001,1007712,1007886,father
7001,1007713,1007826,mother
7001,1007713,1007885,mother
7001,1007714,1007827,father
7001,1007714,1007887,father
7001,1007715,1007827,mother
7001,1007715,1007886,mother
7001,1007716,1007828,father
7001,1007716,1007888,father
7001,1007717,1007828,mother
7001,1007717,1007887,mother
7001,1007718,1007829,father
7001,1007718,1007889,father
7001,1007719,1007829,mother
7001,1007719,1007888,mother
7001,1007720,1007830,father
7001,1007720,1007890,father
7001,1007721,1007830,mother
7001,1007721,1007889,mother
7001,1007722,1007831,father
7001,1007722,1007891,father
7001,1007723,1007831,mother
7001,1007723,1007890,mother
7001,1007724,1007832,father
7001,1007724,1007892,father
7001,1007725,1007832,mother
7001,1007725,1007891,mother
7001,1007726,1007833,father
7001,1007726,1007893,father
7001,1007727,1007833,mother
7001,1007727,1007892,mother
7001,1007728,1007834,father
7001,1007728,1007894,father
7001,1007729,1007834,mother
7001,1007729,1007893,mother
7001,1007730,1007835,father
7001,1007730,1007895,father
7001,1007731,1007835,mother
7001,1007731,1007894,mother
7001,1007732,1007836,father
7001,1007732,1007896,father
7001,1007733,1007836,mother
7001,1007733,1007895,mother
7001,1007734,1007837,father
7001,1007734,1007897,father
7001,1007735,1007837,mother
7001,1007735,1007896,mother
7001,1007736,1007838,father
7001,1007736,1007898,father
7001,1007737,1007838,mother
7001,1007737,1007897,mother
7001,1007738,1007839,father
7001,1007738,1007899,father
7001,1007739,1007839,mother
7001,1007739,1007898,mother
7001,1007740,1007840,father
7001,1007740,1007900,father
7001,1007741,1007840,mother
7001,1007741,1007899,mother
7001,1007742,1007841,father
7001,1007742,1007901,father
7001,1007743,1007841,mother
7001,1007743,1007900,mother
7001,1007744,1007842,father
7001,1007744,1007902,father
7001,1007745,1007842,mother
7001,1007745,1007901,mother
7001,1007746,1007843,father
7001,1007746,1007903,father
7001,1007747,1007843,mother
7001,1007747,1007902,mother
7001,1007748,1007844,father
7001,1007748,1007904,father
7001,1007749,1007844,mother
7001,1007749,1007903,mother
7001,1007750,1007845,father
7001,1007750,1007905,father
7001,1007751,1007845,mother
7001,1007751,1007904,mother
7001,1007752,1007846,father
7001,1007752,1007906,father
7001,1007753,1007846,mother
7001,1007753,1007905,mother
7001,1007754,1007847,father
7001,1007754,1007907,father
7001,1007755,1007847,mother
7001,1007755,1007906,mother
7001,1007756,1007848,father
7001,1007756,1007908,father
7001,1007757,1007848,mother
7001,1007757,1007907,mother
7001,1007758,1007849,father
7001,1007758,1007909,father
7001,1007759,1007849,mother
7001,1007759,1007908,mother
7001,1007760,1007850,father
7001,1007761,1007850,mother
7001,1007761,1007909,mother
7001,1007762,1007851,father
7001,1007763,1007851,mother
7001,1007764,1007852,father
7001,1007765,1007852,mother
7001,1007766,1007853,father
7001,1007767,1007853,mother
7001,1007768,1007854,father
7001,1007769,1007854,mother
7001,1007770,1007855,father
7001,1007771,1007855,mother
7001,1007772,1007856,father
7001,1007773,1007856,mother
7001,1007774,1007857,father
7001,1007775,1007857,mother
7001,1007776,1007858,father
7001,1007777,1007858,mother
7001,1007778,1007859,father
7001,1007779,1007859,mother
7001,1007780,1007860,father
7001,1007781,1007860,mother
7001,1007782,1007861,father
7001,1007783,1007861,mother
7001,1007784,1007862,father
7001,1007785,1007862,mother
7001,1007786,1007863,father
7001,1007787,1007863,mother
7001,1007788,1007864,father
7001,1007789,1007864,mother
7001,1007790,1007865,father
7001,1007791,1007865,mother
7001,1007792,1007866,father
7001,1007793,1007866,mother
7001,1007794,1007867,father
7001,1007795,1007867,mother
7001,1007796,1007868,father
7001,1007797,1007868,mother
7001,1007798,1007869,father
7001,1007799,1007869,mother
7001,1007800,1007870,father
7001,1007801,1007870,mother
7001,1007802,1007871,father
7001,1007803,1007871,mother
7001,1007804,1007872,father
7001,1007805,1007872,mother
7001,1007806,1007873,father
7001,1007807,1007873,mother
7001,1007808,1007874,father
7001,1007809,1007874,mother
7001,1007810,1007875,father
7001,1007811,1007875,mother
7001,1007812,1007876,father
7001,1007813,1007876,mother
7001,1007814,1007877,father
7001,1007815,1007877,mother
7001,1007816,1007878,father
7001,1007817,1007878,mother
7001,1007818,1007879,father
7001,1007819,1007879,mother
7001,1007820,1007880,father
7001,1007821,1007910,father
7001,1007821,1007955,father
7001,1007822,1007910,mother
7001,1007822,1007954,mother
7001,1007823,1007911,father
7001,1007823,1007956,father
7001,1007824,1007911,mother
7001,1007824,1007955,mother
7001,1007825,1007912,father
7001,1007825,1007957,father
7001,1007826,1007912,mother
7001,1007826,1007956,mother
7001,1007827,1007913,father
7001,1007827,1007958,father
7001,1007828,1007913,mother
7001,1007828,1007957,mother
7001,1007829,1007914,father
7001,1007829,1007959,father
7001,1007830,1007914,mother
7001,1007830,1007958,mother
7001,1007831,1007915,father
7001,1007831,1007960,father
7001,1007832,1007915,mother
7001,1007832,1007959,mother
7001,1007833,1007916,father
7001,1007833,1007961,father
7001,1007834,1007916,mother
7001,1007834,1007960,mother
7001,1007835,1007917,father
7001,1007835,1007962,father
7001,1007836,1007917,mother
7001,1007836,1007961,mother
7001,1007837,1007918,father
7001,1007837,1007963,father
7001,1007838,1007918,mother
7001,1007838,1007962,mother
7001,1007839,1007919,father
7001,1007839,1007964,father
7001,1007840,1007919,mother
7001,1007840,1007963,mother
7001,1007841,1007920,father
7001,1007841,1007965,father
7001,1007842,1007920,mother
7001,1007842,1007964,mother
7001,1007843,1007921,father
7001,1007843,1007966,father
7001,1007844,1007921,mother
7001,1007844,1007965,mother
7001,1007845,1007922,father
7001,1007845,1007967,father
7001,1007846,1007922,mother
7001,1007846,1007966,mother
7001,1007847,1007923,father
7001,1007847,1007968,father
7001,1007848,1007923,mother
7001,1007848,1007967,mother
7001,1007849,1007924,father
7001,1007849,1007969,father
7001,1007850,1007924,mother
7001,1007850,1007968,mother
7001,1007851,1007925,father
7001,1007852,1007925,mother
7001,1007852,1007969,mother
7001,1007853,1007926,father
7001,1007854,1007926,mother
7001,1007855,1007927,father
7001,1007856,1007927,mother
7001,1007857,1007928,father
7001,1007858,1007928,mother
7001,1007859,1007929,father
7001,1007860,1007929,mother
7001,1007861,1007930,father
7001,1007862,1007930,mother
7001,1007863,1007931,father
7001,1007864,1007931,mother
7001,1007865,1007932,father
7001,1007866,1007932,mother
7001,1007867,1007933,father
7001,1007868,1007933,mother
7001,1007869,1007934,father
7001,1007870,1007934,mother
7001,1007871,1007935,father
7001,1007872,1007935,mother
7001,1007873,1007936,father
7001,1007874,1007936,mother
7001,1007875,1007937,father
7001,1007876,1007937,mother
7001,1007877,1007938,father
7001,1007878,1007938,mother
7001,1007879,1007939,father
7001,1007880,1007939,mother
7001,1007881,1007940,father
7001,1007882,1007940,mother
7001,1007883,1007941,father
7001,1007884,1007941,mother
7001,1007885,1007942,father
7001,1007886,1007942,mother
7001,1007887,1007943,father
7001,1007888,1007943,mother
7001,1007889,1007944,father
7001,1007890,1007944,mother
7001,1007891,1007945,father
7001,1007892,1007945,mother
7001,1007893,1007946,father
7001,1007894,1007946,mother
7001,1007895,1007947,father
7001,1007896,1007947,mother
7001,1007897,1007948,father
7001,1007898,1007948,mother
7001,1007899,1007949,father
7001,1007900,1007949,mother
7001,1007901,1007950,father
7001,1007902,1007950,mother
7001,1007903,1007951,father
7001,1007904,1007951,mother
7001,1007905,1007952,father
7001,1007906,1007952,mother
7001,1007907,1007953,father
7001,1007908,1007953,mother
7001,1007909,1007954,father
7001,1007910,1007970,father
7001,1007910,1008000,father
7001,1007911,1007970,mother
7001,1007911,1008000,mother
7001,1007912,1007971,father
7001,1007913,1007971,mother
7001,1007914,1007972,father
7001,1007915,1007972,mother
7001,1007916,1007973,father
7001,1007917,1007973,mother
7001,1007918,1007974,father
7001,1007919,1007974,mother
7001,1007920,1007975,father
7001,1007921,1007975,mother
7001,1007922,1007976,father
7001,1007923,1007976,mother
7001,1007924,1007977,father
7001,1007925,1007977,mother
7001,1007926,1007978,father
7001,1007927,1007978,mother
7001,1007928,1007979,father
7001,1007929,1007979,mother
7001,1007930,1007980,father
7001,1007931,1007980,mother
7001,1007932,1007981,father
7001,1007933,1007981,mother
7001,1007934,1007982,father
7001,1007935,1007982,mother
7001,1007936,1007983,father
7001,1007937,1007983,mother
7001,1007938,1007984,father
7001,1007939,1007984,mother
7001,1007940,1007985,father
7001,1007941,1007985,mother
7001,1007942,1007986,father
7001,1007943,1007986,mother
7001,1007944,1007987,father
7001,1007945,1007987,mother
7001,1007946,1007988,father
7001,1007947,1007988,mother
7001,1007948,1007989,father
7001,1007949,1007989,mother
7001,1007950,1007990,father
7001,1007951,1007990,mother
7001,1007952,1007991,father
7001,1007953,1007991,mother
7001,1007954,1007992,father
7001,1007955,1007992,mother
7001,1007956,1007993,father
7001,1007957,1007993,mother
7001,1007958,1007994,father
7001,1007959,1007994,mother
7001,1007960,1007995,father
7001,1007961,1007995,mother
7001,1007962,1007996,father
7001,1007963,1007996,mother
7001,1007964,1007997,father
7001,1007965,1007997,mother
7001,1007966,1007998,father
7001,1007967,1007998,mother
7001,1007968,1007999,father
7001,1007969,1007999,mother
