member_id,tree_id,name,gender,birth_date,death_date,generation_no,generation_name,biography,is_alive
1098001,7010,赵德成,male,1405-01-01,1463-12-31,1,德,Rule-generated Stage7 member for 合成赵氏.,False
1098010,7010,赵仁文,male,1425-01-01,1488-12-31,2,仁,Rule-generated Stage7 member for 合成赵氏.,False
1098015,7010,赵仁雅,female,1425-01-01,1474-12-31,2,仁,Rule-generated Stage7 member for 合成赵氏.,False
1098020,7010,赵强,male,1421-01-01,1453-12-31,2,仁,Rule-generated Stage7 member for 合成赵氏.,False
1098025,7010,赵仁雅,female,1421-01-01,1489-12-31,2,仁,Rule-generated Stage7 member for 合成赵氏.,False
1098027,7010,赵孝国,male,1444-01-01,1499-12-31,3,孝,Rule-generated Stage7 member for 合成赵氏.,False
1098029,7010,赵孝国,male,1444-01-01,1484-12-31,3,孝,Rule-generated Stage7 member for 合成赵氏.,False
1098032,7010,赵孝梅,female,1447-01-01,1535-12-31,3,孝,Rule-generated Stage7 member for 合成赵氏.,False
1098034,7010,赵孝兰,female,1447-01-01,1484-12-31,3,孝,Rule-generated Stage7 member for 合成赵氏.,False
1098036,7010,赵伟,female,1441-01-01,1508-12-31,3,孝,Rule-generated Stage7 member for 合成赵氏.,False
1098037,7010,赵孝伟,male,1446-01-01,1516-12-31,3,孝,Rule-generated Stage7 member for 合成赵氏.,False
1098041,7010,赵国承,male,1445-01-01,1522-12-31,3,孝,Rule-generated Stage7 member for 合成赵氏.,False
1098042,7010,赵孝兰,female,1444-01-01,1526-12-31,3,孝,Rule-generated Stage7 member for 合成赵氏.,False
1098045,7010,赵孝世,male,1441-01-01,1492-12-31,3,孝,Rule-generated Stage7 member for 合成赵氏.,False
1098050,7010,赵孝安,female,1444-01-01,1509-12-31,3,孝,Rule-generated Stage7 member for 合成赵氏.,False
1098052,7010,赵伟宗,male,1465-01-01,1540-12-31,4,礼,Rule-generated Stage7 member for 合成赵氏.,False
1098053,7010,赵丽,female,1462-01-01,1496-12-31,4,礼,Rule-generated Stage7 member for 合成赵氏.,False
1098054,7010,赵强安,male,1464-01-01,1530-12-31,4,礼,Rule-generated Stage7 member for 合成赵氏.,False
1098055,7010,赵礼兰,female,1466-01-01,1541-12-31,4,礼,Rule-generated Stage7 member for 合成赵氏.,False
1098056,7010,赵礼德,male,1465-01-01,1529-12-31,4,礼,Rule-generated Stage7 member for 合成赵氏.,False
1098057,7010,赵礼雅,female,1462-01-01,1521-12-31,4,礼,Rule-generated Stage7 member for 合成赵氏.,False
1098059,7010,赵丽玉,female,1463-01-01,1541-12-31,4,礼,Rule-generated Stage7 member for 合成赵氏.,False
1098061,7010,赵礼清,female,1466-01-01,1547-12-31,4,礼,Rule-generated Stage7 member for 合成赵氏.,False
1098063,7010,赵兰梅,female,1468-01-01,1543-12-31,4,礼,Rule-generated Stage7 member for 合成赵氏.,False
1098065,7010,赵梅敏,female,1467-01-01,1542-12-31,4,礼,Rule-generated Stage7 member for 合成赵氏.,False
1098066,7010,赵礼国,male,1463-01-01,1542-12-31,4,礼,Rule-generated Stage7 member for 合成赵氏.,False
1098067,7010,赵礼华,female,1468-01-01,1523-12-31,4,礼,Rule-generated Stage7 member for 合成赵氏.,False
1098068,7010,赵强,male,1462-01-01,1528-12-31,4,礼,Rule-generated Stage7 member for 合成赵氏.,False
1098070,7010,赵伟景,male,1468-01-01,1525-12-31,4,礼,Rule-generated Stage7 member for 合成赵氏.,False
1098071,7010,赵礼梅,female,1462-01-01,1504-12-31,4,礼,Rule-generated Stage7 member for 合成赵氏.,False
1098072,7010,赵礼景,male,1463-01-01,1495-12-31,4,礼,Rule-generated Stage7 member for 合成赵氏.,False
1098074,7010,赵礼宗,male,1467-01-01,1521-12-31,4,礼,Rule-generated Stage7 member for 合成赵氏.,False
1098075,7010,赵丽,female,1466-01-01,1531-12-31,4,礼,Rule-generated Stage7 member for 合成赵氏.,False
1098078,7010,赵礼伟,male,1465-01-01,1553-12-31,4,礼,Rule-generated Stage7 member for 合成赵氏.,False
1098079,7010,赵礼华,female,1463-01-01,1522-12-31,4,礼,Rule-generated Stage7 member for 合成赵氏.,False
1098080,7010,赵安安,male,1465-01-01,1512-12-31,4,礼,Rule-generated Stage7 member for 合成赵氏.,False
1098083,7010,赵敏清,female,1468-01-01,1544-12-31,4,礼,Rule-generated Stage7 member for 合成赵氏.,False
1098085,7010,赵明宗,male,1487-01-01,1547-12-31,5,义,Rule-generated Stage7 member for 合成赵氏.,False
1098086,7010,赵雅兰,female,1483-01-01,1562-12-31,5,义,Rule-generated Stage7 member for 合成赵氏.,False
1098087,7010,赵义成,male,1487-01-01,1547-12-31,5,义,Rule-generated Stage7 member for 合成赵氏.,False
1098088,7010,赵清敏,female,1488-01-01,1563-12-31,5,义,Rule-generated Stage7 member for 合成赵氏.,False
1098089,7010,赵义明,male,1484-01-01,1558-12-31,5,义,Rule-generated Stage7 member for 合成赵氏.,False
1098090,7010,赵义华,female,1488-01-01,1561-12-31,5,义,Rule-generated Stage7 member for 合成赵氏.,False
1098091,7010,赵世宗,male,1488-01-01,1540-12-31,5,义,Rule-generated Stage7 member for 合成赵氏.,False
1098092,7010,赵宁宁,female,1488-01-01,1530-12-31,5,义,Rule-generated Stage7 member for 合成赵氏.,False
1098093,7010,赵义宗,male,1484-01-01,1515-12-31,5,义,Rule-generated Stage7 member for 合成赵氏.,False
1098094,7010,赵义华,female,1487-01-01,1562-12-31,5,义,Rule-generated Stage7 member for 合成赵氏.,False
1098095,7010,赵义国,male,1488-01-01,1568-12-31,5,义,Rule-generated Stage7 member for 合成赵氏.,False
1098096,7010,赵义芳,female,1483-01-01,1547-12-31,5,义,Rule-generated Stage7 member for 合成赵氏.,False
1098098,7010,赵义玉,female,1487-01-01,1534-12-31,5,义,Rule-generated Stage7 member for 合成赵氏.,False
1098099,7010,赵宗伟,male,1487-01-01,1575-12-31,5,义,Rule-generated Stage7 member for 合成赵氏.,False
1098100,7010,赵华华,female,1488-01-01,1544-12-31,5,义,Rule-generated Stage7 member for 合成赵氏.,False
1098101,7010,赵承强,male,1487-01-01,1549-12-31,5,义,Rule-generated Stage7 member for 合成赵氏.,False
1098102,7010,赵义梅,female,1485-01-01,1556-12-31,5,义,Rule-generated Stage7 member for 合成赵氏.,False
1098103,7010,赵义文,male,1485-01-01,1534-12-31,5,义,Rule-generated Stage7 member for 合成赵氏.,False
1098104,7010,赵敏,female,1485-01-01,1532-12-31,5,义,Rule-generated Stage7 member for 合成赵氏.,False
1098105,7010,赵义明,male,1488-01-01,1552-12-31,5,义,Rule-generated Stage7 member for 合成赵氏.,False
1098106,7010,赵安雅,female,1486-01-01,1557-12-31,5,义,Rule-generated Stage7 member for 合成赵氏.,False
1098107,7010,赵义宗,male,1488-01-01,1544-12-31,5,义,Rule-generated Stage7 member for 合成赵氏.,False
1098108,7010,赵义玉,female,1489-01-01,1547-12-31,5,义,Rule-generated Stage7 member for 合成赵氏.,False
1098109,7010,赵义世,male,1489-01-01,1543-12-31,5,义,Rule-generated Stage7 member for 合成赵氏.,False
1098110,7010,赵义芳,female,1483-01-01,1539-12-31,5,义,Rule-generated Stage7 member for 合成赵氏.,False
1098111,7010,赵义景,male,1484-01-01,1560-12-31,5,义,Rule-generated Stage7 member for 合成赵氏.,False
1098112,7010,赵兰宁,female,1485-01-01,1512-12-31,5,义,Rule-generated Stage7 member for 合成赵氏.,False
1098113,7010,赵华,male,1486-01-01,1552-12-31,5,义,Rule-generated Stage7 member for 合成赵氏.,False
1098114,7010,赵义敏,female,1483-01-01,1577-12-31,5,义,Rule-generated Stage7 member for 合成赵氏.,False
1098115,7010,赵世安,male,1485-01-01,1541-12-31,5,义,Rule-generated Stage7 member for 合成赵氏.,False
1098116,7010,赵安华,female,1485-01-01,1570-12-31,5,义,Rule-generated Stage7 member for 合成赵氏.,False
1098117,7010,赵丽,male,1488-01-01,1558-12-31,5,义,Rule-generated Stage7 member for 合成赵氏.,False
1098118,7010,赵宁芳,female,1484-01-01,1544-12-31,5,义,Rule-generated Stage7 member for 合成赵氏.,False
1098119,7010,赵义承,male,1488-01-01,1568-12-31,5,义,Rule-generated Stage7 member for 合成赵氏.,False
1098120,7010,赵强,female,1484-01-01,1547-12-31,5,义,Rule-generated Stage7 member for 合成赵氏.,False
1098121,7010,赵义文,male,1486-01-01,1548-12-31,5,义,Rule-generated Stage7 member for 合成赵氏.,False
1098122,7010,赵义兰,female,1487-01-01,1582-12-31,5,义,Rule-generated Stage7 member for 合成赵氏.,False
1098123,7010,赵德伟,male,1488-01-01,1568-12-31,5,义,Rule-generated Stage7 member for 合成赵氏.,False
1098124,7010,赵兰兰,female,1488-01-01,1524-12-31,5,义,Rule-generated Stage7 member for 合成赵氏.,False
1098126,7010,赵梅慧,female,1485-01-01,1528-12-31,5,义,Rule-generated Stage7 member for 合成赵氏.,False
1098127,7010,赵信承,male,1506-01-01,1594-12-31,6,信,Rule-generated Stage7 member for 合成赵氏.,False
1098128,7010,赵敏,female,1509-01-01,1581-12-31,6,信,Rule-generated Stage7 member for 合成赵氏.,False
1098129,7010,赵信德,male,1505-01-01,1574-12-31,6,信,Rule-generated Stage7 member for 合成赵氏.,False
1098130,7010,赵信安,female,1508-01-01,1569-12-31,6,信,Rule-generated Stage7 member for 合成赵氏.,False
1098131,7010,赵信景,male,1508-01-01,1552-12-31,6,信,Rule-generated Stage7 member for 合成赵氏.,False
1098132,7010,赵伟,female,1504-01-01,1555-12-31,6,信,Rule-generated Stage7 member for 合成赵氏.,False
1098133,7010,赵信强,male,1505-01-01,1605-12-31,6,信,Rule-generated Stage7 member for 合成赵氏.,False
1098134,7010,赵信宁,female,1508-01-01,1545-12-31,6,信,Rule-generated Stage7 member for 合成赵氏.,False
1098135,7010,赵信强,male,1505-01-01,1569-12-31,6,信,Rule-generated Stage7 member for 合成赵氏.,False
1098136,7010,赵信安,female,1506-01-01,1557-12-31,6,信,Rule-generated Stage7 member for 合成赵氏.,False
1098137,7010,赵华,male,1506-01-01,1562-12-31,6,信,Rule-generated Stage7 member for 合成赵氏.,False
1098138,7010,赵敏雅,female,1504-01-01,1602-12-31,6,信,Rule-generated Stage7 member for 合成赵氏.,False
1098139,7010,赵信承,male,1509-01-01,1555-12-31,6,信,Rule-generated Stage7 member for 合成赵氏.,False
1098140,7010,赵信敏,female,1510-01-01,1566-12-31,6,信,Rule-generated Stage7 member for 合成赵氏.,False
1098141,7010,赵国宗,male,1506-01-01,1550-12-31,6,信,Rule-generated Stage7 member for 合成赵氏.,False
1098142,7010,赵敏清,female,1508-01-01,1576-12-31,6,信,Rule-generated Stage7 member for 合成赵氏.,False
1098143,7010,赵信德,male,1507-01-01,1539-12-31,6,信,Rule-generated Stage7 member for 合成赵氏.,False
1098144,7010,赵信梅,female,1510-01-01,1561-12-31,6,信,Rule-generated Stage7 member for 合成赵氏.,False
1098145,7010,赵信国,male,1509-01-01,1552-12-31,6,信,Rule-generated Stage7 member for 合成赵氏.,False
1098146,7010,赵信玉,female,1509-01-01,1610-12-31,6,信,Rule-generated Stage7 member for 合成赵氏.,False
1098147,7010,赵信世,male,1506-01-01,1578-12-31,6,信,Rule-generated Stage7 member for 合成赵氏.,False
1098148,7010,赵华,female,1504-01-01,1552-12-31,6,信,Rule-generated Stage7 member for 合成赵氏.,False
1098149,7010,赵丽,male,1508-01-01,1590-12-31,6,信,Rule-generated Stage7 member for 合成赵氏.,False
1098150,7010,赵信玉,female,1509-01-01,1545-12-31,6,信,Rule-generated Stage7 member for 合成赵氏.,False
1098151,7010,赵信承,male,1505-01-01,1572-12-31,6,信,Rule-generated Stage7 member for 合成赵氏.,False
1098152,7010,赵敏,female,1507-01-01,1589-12-31,6,信,Rule-generated Stage7 member for 合成赵氏.,False
1098153,7010,赵信国,male,1510-01-01,1603-12-31,6,信,Rule-generated Stage7 member for 合成赵氏.,False
1098154,7010,赵信慧,female,1504-01-01,1596-12-31,6,信,Rule-generated Stage7 member for 合成赵氏.,False
1098155,7010,赵信宗,male,1505-01-01,1559-12-31,6,信,Rule-generated Stage7 member for 合成赵氏.,False
1098156,7010,赵敏慧,female,1505-01-01,1572-12-31,6,信,Rule-generated Stage7 member for 合成赵氏.,False
1098157,7010,赵信景,male,1509-01-01,1555-12-31,6,信,Rule-generated Stage7 member for 合成赵氏.,False
1098158,7010,赵慧兰,female,1510-01-01,1551-12-31,6,信,Rule-generated Stage7 member for 合成赵氏.,False
1098159,7010,赵世德,male,1506-01-01,1544-12-31,6,信,Rule-generated Stage7 member for 合成赵氏.,False
1098160,7010,赵信兰,female,1504-01-01,1563-12-31,6,信,Rule-generated Stage7 member for 合成赵氏.,False
1098161,7010,赵信文,male,1507-01-01,1551-12-31,6,信,Rule-generated Stage7 member for 合成赵氏.,False
1098162,7010,赵信兰,female,1509-01-01,1566-12-31,6,信,Rule-generated Stage7 member for 合成赵氏.,False
1098163,7010,赵信宗,male,1508-01-01,1577-12-31,6,信,Rule-generated Stage7 member for 合成赵氏.,False
1098164,7010,赵安丽,female,1505-01-01,1585-12-31,6,信,Rule-generated Stage7 member for 合成赵氏.,False
1098165,7010,赵信承,male,1508-01-01,1586-12-31,6,信,Rule-generated Stage7 member for 合成赵氏.,False
1098166,7010,赵信敏,female,1504-01-01,1583-12-31,6,信,Rule-generated Stage7 member for 合成赵氏.,False
1098167,7010,赵信强,male,1504-01-01,1584-12-31,6,信,Rule-generated Stage7 member for 合成赵氏.,False
1098168,7010,赵华兰,female,1507-01-01,1560-12-31,6,信,Rule-generated Stage7 member for 合成赵氏.,False
1098169,7010,赵信文,male,1507-01-01,1560-12-31,6,信,Rule-generated Stage7 member for 合成赵氏.,False
1098170,7010,赵信宁,female,1508-01-01,1603-12-31,6,信,Rule-generated Stage7 member for 合成赵氏.,False
1098171,7010,赵强承,male,1505-01-01,1565-12-31,6,信,Rule-generated Stage7 member for 合成赵氏.,False
1098172,7010,赵梅玉,female,1508-01-01,1598-12-31,6,信,Rule-generated Stage7 member for 合成赵氏.,False
1098173,7010,赵信伟,male,1509-01-01,1596-12-31,6,信,Rule-generated Stage7 member for 合成赵氏.,False
1098174,7010,赵敏,female,1508-01-01,1568-12-31,6,信,Rule-generated Stage7 member for 合成赵氏.,False
1098175,7010,赵成国,male,1509-01-01,1549-12-31,6,信,Rule-generated Stage7 member for 合成赵氏.,False
1098176,7010,赵兰梅,female,1506-01-01,1580-12-31,6,信,Rule-generated Stage7 member for 合成赵氏.,False
1098177,7010,赵忠承,male,1529-01-01,1601-12-31,7,忠,Rule-generated Stage7 member for 合成赵氏.,False
1098178,7010,赵敏华,female,1528-01-01,1577-12-31,7,忠,Rule-generated Stage7 member for 合成赵氏.,False
1098179,7010,赵文世,male,1531-01-01,1631-12-31,7,忠,Rule-generated Stage7 member for 合成赵氏.,False
1098180,7010,赵敏丽,female,1528-01-01,1613-12-31,7,忠,Rule-generated Stage7 member for 合成赵氏.,False
1098181,7010,赵忠景,male,1525-01-01,1594-12-31,7,忠,Rule-generated Stage7 member for 合成赵氏.,False
1098182,7010,赵芳宁,female,1531-01-01,1575-12-31,7,忠,Rule-generated Stage7 member for 合成赵氏.,False
1098183,7010,赵忠宗,male,1525-01-01,1583-12-31,7,忠,Rule-generated Stage7 member for 合成赵氏.,False
1098184,7010,赵忠芳,female,1525-01-01,1570-12-31,7,忠,Rule-generated Stage7 member for 合成赵氏.,False
1098185,7010,赵安承,male,1529-01-01,1598-12-31,7,忠,Rule-generated Stage7 member for 合成赵氏.,False
1098186,7010,赵宁雅,female,1529-01-01,1612-12-31,7,忠,Rule-generated Stage7 member for 合成赵氏.,False
1098187,7010,赵忠承,male,1525-01-01,1589-12-31,7,忠,Rule-generated Stage7 member for 合成赵氏.,False
1098188,7010,赵忠兰,female,1529-01-01,1599-12-31,7,忠,Rule-generated Stage7 member for 合成赵氏.,False
1098189,7010,赵伟,male,1525-01-01,1596-12-31,7,忠,Rule-generated Stage7 member for 合成赵氏.,False
1098190,7010,赵忠芳,female,1530-01-01,1592-12-31,7,忠,Rule-generated Stage7 member for 合成赵氏.,False
1098191,7010,赵忠强,male,1526-01-01,1564-12-31,7,忠,Rule-generated Stage7 member for 合成赵氏.,False
1098192,7010,赵忠清,female,1528-01-01,1565-12-31,7,忠,Rule-generated Stage7 member for 合成赵氏.,False
1098193,7010,赵忠成,male,1530-01-01,1636-12-31,7,忠,Rule-generated Stage7 member for 合成赵氏.,False
1098194,7010,赵玉清,female,1529-01-01,1615-12-31,7,忠,Rule-generated Stage7 member for 合成赵氏.,False
1098195,7010,赵忠景,male,1527-01-01,1568-12-31,7,忠,Rule-generated Stage7 member for 合成赵氏.,False
1098196,7010,赵忠兰,female,1528-01-01,1630-12-31,7,忠,Rule-generated Stage7 member for 合成赵氏.,False
1098197,7010,赵敏,male,1530-01-01,1564-12-31,7,忠,Rule-generated Stage7 member for 合成赵氏.,False
1098198,7010,赵芳华,female,1531-01-01,1611-12-31,7,忠,Rule-generated Stage7 member for 合成赵氏.,False
1098199,7010,赵明,male,1525-01-01,1576-12-31,7,忠,Rule-generated Stage7 member for 合成赵氏.,False
1098200,7010,赵忠敏,female,1526-01-01,1583-12-31,7,忠,Rule-generated Stage7 member for 合成赵氏.,False
1098201,7010,赵忠文,male,1525-01-01,1596-12-31,7,忠,Rule-generated Stage7 member for 合成赵氏.,False
1098202,7010,赵忠兰,female,1529-01-01,1570-12-31,7,忠,Rule-generated Stage7 member for 合成赵氏.,False
1098203,7010,赵安强,male,1529-01-01,1620-12-31,7,忠,Rule-generated Stage7 member for 合成赵氏.,False
1098204,7010,赵忠安,female,1531-01-01,1618-12-31,7,忠,Rule-generated Stage7 member for 合成赵氏.,False
1098205,7010,赵忠明,male,1531-01-01,1569-12-31,7,忠,Rule-generated Stage7 member for 合成赵氏.,False
1098206,7010,赵忠芳,female,1525-01-01,1605-12-31,7,忠,Rule-generated Stage7 member for 合成赵氏.,False
1098207,7010,赵强,male,1528-01-01,1578-12-31,7,忠,Rule-generated Stage7 member for 合成赵氏.,False
1098208,7010,赵丽安,female,1525-01-01,1587-12-31,7,忠,Rule-generated Stage7 member for 合成赵氏.,False
1098209,7010,赵忠伟,male,1530-01-01,1572-12-31,7,忠,Rule-generated Stage7 member for 合成赵氏.,False
1098210,7010,赵忠芳,female,1526-01-01,1628-12-31,7,忠,Rule-generated Stage7 member for 合成赵氏.,False
1098211,7010,赵华,male,1526-01-01,1559-12-31,7,忠,Rule-generated Stage7 member for 合成赵氏.,False
1098212,7010,赵忠兰,female,1526-01-01,1628-12-31,7,忠,Rule-generated Stage7 member for 合成赵氏.,False
1098213,7010,赵忠宗,male,1531-01-01,1589-12-31,7,忠,Rule-generated Stage7 member for 合成赵氏.,False
1098214,7010,赵忠芳,female,1528-01-01,1631-12-31,7,忠,Rule-generated Stage7 member for 合成赵氏.,False
1098215,7010,赵强文,male,1525-01-01,1548-12-31,7,忠,Rule-generated Stage7 member for 合成赵氏.,False
1098216,7010,赵忠兰,female,1531-01-01,1600-12-31,7,忠,Rule-generated Stage7 member for 合成赵氏.,False
1098217,7010,赵景景,male,1531-01-01,1593-12-31,7,忠,Rule-generated Stage7 member for 合成赵氏.,False
1098218,7010,赵忠兰,female,1531-01-01,1597-12-31,7,忠,Rule-generated Stage7 member for 合成赵氏.,False
1098219,7010,赵忠安,male,1527-01-01,1599-12-31,7,忠,Rule-generated Stage7 member for 合成赵氏.,False
1098220,7010,赵安清,female,1529-01-01,1600-12-31,7,忠,Rule-generated Stage7 member for 合成赵氏.,False
1098221,7010,赵忠景,male,1525-01-01,1603-12-31,7,忠,Rule-generated Stage7 member for 合成赵氏.,False
1098222,7010,赵忠雅,female,1527-01-01,1617-12-31,7,忠,Rule-generated Stage7 member for 合成赵氏.,False
1098223,7010,赵成成,male,1529-01-01,1611-12-31,7,忠,Rule-generated Stage7 member for 合成赵氏.,False
1098224,7010,赵芳华,female,1527-01-01,1579-12-31,7,忠,Rule-generated Stage7 member for 合成赵氏.,False
1098225,7010,赵忠安,male,1525-01-01,1625-12-31,7,忠,Rule-generated Stage7 member for 合成赵氏.,False
1098226,7010,赵梅玉,female,1530-01-01,1590-12-31,7,忠,Rule-generated Stage7 member for 合成赵氏.,False
1098227,7010,赵忠文,male,1528-01-01,1599-12-31,7,忠,Rule-generated Stage7 member for 合成赵氏.,False
1098228,7010,赵忠清,female,1527-01-01,1589-12-31,7,忠,Rule-generated Stage7 member for 合成赵氏.,False
1098229,7010,赵忠德,male,1526-01-01,1603-12-31,7,忠,Rule-generated Stage7 member for 合成赵氏.,False
1098230,7010,赵忠华,female,1530-01-01,1607-12-31,7,忠,Rule-generated Stage7 member for 合成赵氏.,False
1098231,7010,赵伟文,male,1528-01-01,1608-12-31,7,忠,Rule-generated Stage7 member for 合成赵氏.,False
1098232,7010,赵忠兰,female,1528-01-01,1561-12-31,7,忠,Rule-generated Stage7 member for 合成赵氏.,False
1098233,7010,赵忠德,male,1529-01-01,1595-12-31,7,忠,Rule-generated Stage7 member for 合成赵氏.,False
1098234,7010,赵忠雅,female,1527-01-01,1584-12-31,7,忠,Rule-generated Stage7 member for 合成赵氏.,False
1098235,7010,赵景明,male,1550-01-01,1582-12-31,8,和,Rule-generated Stage7 member for 合成赵氏.,False
1098236,7010,赵和梅,female,1547-01-01,1603-12-31,8,和,Rule-generated Stage7 member for 合成赵氏.,False
1098237,7010,赵伟,male,1549-01-01,1586-12-31,8,和,Rule-generated Stage7 member for 合成赵氏.,False
1098238,7010,赵明,female,1549-01-01,1606-12-31,8,和,Rule-generated Stage7 member for 合成赵氏.,False
1098239,7010,赵伟文,male,1548-01-01,1620-12-31,8,和,Rule-generated Stage7 member for 合成赵氏.,False
1098240,7010,赵丽清,female,1546-01-01,1618-12-31,8,和,Rule-generated Stage7 member for 合成赵氏.,False
1098241,7010,赵德国,male,1550-01-01,1634-12-31,8,和,Rule-generated Stage7 member for 合成赵氏.,False
1098242,7010,赵敏,female,1547-01-01,1618-12-31,8,和,Rule-generated Stage7 member for 合成赵氏.,False
1098243,7010,赵华,male,1552-01-01,1648-12-31,8,和,Rule-generated Stage7 member for 合成赵氏.,False
1098244,7010,赵和雅,female,1547-01-01,1590-12-31,8,和,Rule-generated Stage7 member for 合成赵氏.,False
1098245,7010,赵和伟,male,1552-01-01,1634-12-31,8,和,Rule-generated Stage7 member for 合成赵氏.,False
1098246,7010,赵玉梅,female,1552-01-01,1613-12-31,8,和,Rule-generated Stage7 member for 合成赵氏.,False
1098247,7010,赵强明,male,1550-01-01,1640-12-31,8,和,Rule-generated Stage7 member for 合成赵氏.,False
1098248,7010,赵和丽,female,1549-01-01,1617-12-31,8,和,Rule-generated Stage7 member for 合成赵氏.,False
1098249,7010,赵和安,male,1552-01-01,1590-12-31,8,和,Rule-generated Stage7 member for 合成赵氏.,False
1098250,7010,赵和清,female,1548-01-01,1609-12-31,8,和,Rule-generated Stage7 member for 合成赵氏.,False
1098251,7010,赵伟伟,male,1549-01-01,1623-12-31,8,和,Rule-generated Stage7 member for 合成赵氏.,False
1098252,7010,赵和慧,female,1547-01-01,1618-12-31,8,和,Rule-generated Stage7 member for 合成赵氏.,False
1098253,7010,赵和景,male,1549-01-01,1633-12-31,8,和,Rule-generated Stage7 member for 合成赵氏.,False
1098254,7010,赵和丽,female,1550-01-01,1584-12-31,8,和,Rule-generated Stage7 member for 合成赵氏.,False
1098255,7010,赵和强,male,1551-01-01,1602-12-31,8,和,Rule-generated Stage7 member for 合成赵氏.,False
1098256,7010,赵和慧,female,1547-01-01,1619-12-31,8,和,Rule-generated Stage7 member for 合成赵氏.,False
1098257,7010,赵强景,male,1547-01-01,1626-12-31,8,和,Rule-generated Stage7 member for 合成赵氏.,False
1098258,7010,赵梅玉,female,1546-01-01,1639-12-31,8,和,Rule-generated Stage7 member for 合成赵氏.,False
1098259,7010,赵伟伟,male,1551-01-01,1631-12-31,8,和,Rule-generated Stage7 member for 合成赵氏.,False
1098260,7010,赵和宁,female,1549-01-01,1629-12-31,8,和,Rule-generated Stage7 member for 合成赵氏.,False
1098261,7010,赵和强,male,1548-01-01,1625-12-31,8,和,Rule-generated Stage7 member for 合成赵氏.,False
1098262,7010,赵和清,female,1548-01-01,1601-12-31,8,和,Rule-generated Stage7 member for 合成赵氏.,False
1098263,7010,赵和国,male,1551-01-01,1639-12-31,8,和,Rule-generated Stage7 member for 合成赵氏.,False
1098264,7010,赵和清,female,1549-01-01,1651-12-31,8,和,Rule-generated Stage7 member for 合成赵氏.,False
1098265,7010,赵和安,male,1547-01-01,1603-12-31,8,和,Rule-generated Stage7 member for 合成赵氏.,False
1098266,7010,赵和梅,female,1548-01-01,1609-12-31,8,和,Rule-generated Stage7 member for 合成赵氏.,False
1098267,7010,赵宗明,male,1551-01-01,1632-12-31,8,和,Rule-generated Stage7 member for 合成赵氏.,False
1098268,7010,赵敏,female,1549-01-01,1606-12-31,8,和,Rule-generated Stage7 member for 合成赵氏.,False
1098269,7010,赵和德,male,1552-01-01,1608-12-31,8,和,Rule-generated Stage7 member for 合成赵氏.,False
1098270,7010,赵明,female,1547-01-01,1589-12-31,8,和,Rule-generated Stage7 member for 合成赵氏.,False
1098271,7010,赵和世,male,1551-01-01,1610-12-31,8,和,Rule-generated Stage7 member for 合成赵氏.,False
1098272,7010,赵和敏,female,1547-01-01,1632-12-31,8,和,Rule-generated Stage7 member for 合成赵氏.,False
1098273,7010,赵丽,male,1546-01-01,1593-12-31,8,和,Rule-generated Stage7 member for 合成赵氏.,False
1098274,7010,赵和丽,female,1546-01-01,1591-12-31,8,和,Rule-generated Stage7 member for 合成赵氏.,False
1098275,7010,赵和文,male,1552-01-01,1621-12-31,8,和,Rule-generated Stage7 member for 合成赵氏.,False
1098276,7010,赵和丽,female,1548-01-01,1626-12-31,8,和,Rule-generated Stage7 member for 合成赵氏.,False
1098277,7010,赵伟承,male,1547-01-01,1625-12-31,8,和,Rule-generated Stage7 member for 合成赵氏.,False
1098278,7010,赵和兰,female,1546-01-01,1618-12-31,8,和,Rule-generated Stage7 member for 合成赵氏.,False
1098279,7010,赵和文,male,1552-01-01,1630-12-31,8,和,Rule-generated Stage7 member for 合成赵氏.,False
1098280,7010,赵梅兰,female,1548-01-01,1605-12-31,8,和,Rule-generated Stage7 member for 合成赵氏.,False
1098281,7010,赵和强,male,1552-01-01,1603-12-31,8,和,Rule-generated Stage7 member for 合成赵氏.,False
1098282,7010,赵梅安,female,1546-01-01,1626-12-31,8,和,Rule-generated Stage7 member for 合成赵氏.,False
1098283,7010,赵宗强,male,1552-01-01,1597-12-31,8,和,Rule-generated Stage7 member for 合成赵氏.,False
1098284,7010,赵和梅,female,1552-01-01,1607-12-31,8,和,Rule-generated Stage7 member for 合成赵氏.,False
1098285,7010,赵和国,male,1546-01-01,1630-12-31,8,和,Rule-generated Stage7 member for 合成赵氏.,False
1098286,7010,赵和宁,female,1546-01-01,1628-12-31,8,和,Rule-generated Stage7 member for 合成赵氏.,False
1098287,7010,赵和明,male,1546-01-01,1628-12-31,8,和,Rule-generated Stage7 member for 合成赵氏.,False
1098288,7010,赵和安,female,1547-01-01,1591-12-31,8,和,Rule-generated Stage7 member for 合成赵氏.,False
1098289,7010,赵宗伟,male,1551-01-01,1629-12-31,8,和,Rule-generated Stage7 member for 合成赵氏.,False
1098290,7010,赵和雅,female,1546-01-01,1627-12-31,8,和,Rule-generated Stage7 member for 合成赵氏.,False
1098291,7010,赵和宗,male,1552-01-01,1582-12-31,8,和,Rule-generated Stage7 member for 合成赵氏.,False
1098292,7010,赵梅安,female,1548-01-01,1617-12-31,8,和,Rule-generated Stage7 member for 合成赵氏.,False
1098293,7010,赵和强,male,1550-01-01,1616-12-31,8,和,Rule-generated Stage7 member for 合成赵氏.,False
1098294,7010,赵华,female,1549-01-01,1629-12-31,8,和,Rule-generated Stage7 member for 合成赵氏.,False
1098295,7010,赵和成,male,1552-01-01,1589-12-31,8,和,Rule-generated Stage7 member for 合成赵氏.,False
1098296,7010,赵和兰,female,1548-01-01,1630-12-31,8,和,Rule-generated Stage7 member for 合成赵氏.,False
1098297,7010,赵和景,male,1549-01-01,1622-12-31,8,和,Rule-generated Stage7 member for 合成赵氏.,False
1098298,7010,赵雅华,female,1547-01-01,1628-12-31,8,和,Rule-generated Stage7 member for 合成赵氏.,False
1098299,7010,赵和宗,male,1549-01-01,1634-12-31,8,和,Rule-generated Stage7 member for 合成赵氏.,False
1098300,7010,赵清丽,female,1546-01-01,1600-12-31,8,和,Rule-generated Stage7 member for 合成赵氏.,False
1098301,7010,赵强世,male,1573-01-01,1664-12-31,9,景,Rule-generated Stage7 member for 合成赵氏.,False
1098302,7010,赵景兰,female,1571-01-01,1614-12-31,9,景,Rule-generated Stage7 member for 合成赵氏.,False
1098303,7010,赵宗承,male,1570-01-01,1657-12-31,9,景,Rule-generated Stage7 member for 合成赵氏.,False
1098304,7010,赵景安,female,1567-01-01,1606-12-31,9,景,Rule-generated Stage7 member for 合成赵氏.,False
1098305,7010,赵景成,male,1570-01-01,1659-12-31,9,景,Rule-generated Stage7 member for 合成赵氏.,False
1098306,7010,赵敏,female,1569-01-01,1647-12-31,9,景,Rule-generated Stage7 member for 合成赵氏.,False
1098307,7010,赵景世,male,1567-01-01,1643-12-31,9,景,Rule-generated Stage7 member for 合成赵氏.,False
1098308,7010,赵景敏,female,1573-01-01,1618-12-31,9,景,Rule-generated Stage7 member for 合成赵氏.,False
1098309,7010,赵景明,male,1570-01-01,1637-12-31,9,景,Rule-generated Stage7 member for 合成赵氏.,False
1098310,7010,赵景安,female,1570-01-01,1648-12-31,9,景,Rule-generated Stage7 member for 合成赵氏.,False
1098311,7010,赵景安,male,1570-01-01,1632-12-31,9,景,Rule-generated Stage7 member for 合成赵氏.,False
1098312,7010,赵景清,female,1573-01-01,1649-12-31,9,景,Rule-generated Stage7 member for 合成赵氏.,False
1098313,7010,赵景德,male,1573-01-01,1597-12-31,9,景,Rule-generated Stage7 member for 合成赵氏.,False
1098314,7010,赵景宁,female,1570-01-01,1631-12-31,9,景,Rule-generated Stage7 member for 合成赵氏.,False
1098315,7010,赵明,male,1570-01-01,1626-12-31,9,景,Rule-generated Stage7 member for 合成赵氏.,False
1098316,7010,赵景芳,female,1569-01-01,1646-12-31,9,景,Rule-generated Stage7 member for 合成赵氏.,False
1098317,7010,赵景国,male,1569-01-01,1656-12-31,9,景,Rule-generated Stage7 member for 合成赵氏.,False
1098318,7010,赵景敏,female,1568-01-01,1609-12-31,9,景,Rule-generated Stage7 member for 合成赵氏.,False
1098319,7010,赵明承,male,1572-01-01,1645-12-31,9,景,Rule-generated Stage7 member for 合成赵氏.,False
1098320,7010,赵华,female,1570-01-01,1653-12-31,9,景,Rule-generated Stage7 member for 合成赵氏.,False
1098321,7010,赵德伟,male,1570-01-01,1630-12-31,9,景,Rule-generated Stage7 member for 合成赵氏.,False
1098322,7010,赵景清,female,1573-01-01,1652-12-31,9,景,Rule-generated Stage7 member for 合成赵氏.,False
1098323,7010,赵德德,male,1567-01-01,1620-12-31,9,景,Rule-generated Stage7 member for 合成赵氏.,False
1098324,7010,赵伟,female,1572-01-01,1631-12-31,9,景,Rule-generated Stage7 member for 合成赵氏.,False
1098325,7010,赵德文,male,1573-01-01,1665-12-31,9,景,Rule-generated Stage7 member for 合成赵氏.,False
1098326,7010,赵景雅,female,1572-01-01,1630-12-31,9,景,Rule-generated Stage7 member for 合成赵氏.,False
1098327,7010,赵强明,male,1573-01-01,1644-12-31,9,景,Rule-generated Stage7 member for 合成赵氏.,False
1098328,7010,赵景宁,female,1571-01-01,1628-12-31,9,景,Rule-generated Stage7 member for 合成赵氏.,False
1098329,7010,赵景世,male,1573-01-01,1618-12-31,9,景,Rule-generated Stage7 member for 合成赵氏.,False
1098330,7010,赵华安,female,1570-01-01,1631-12-31,9,景,Rule-generated Stage7 member for 合成赵氏.,False
1098331,7010,赵景世,male,1573-01-01,1618-12-31,9,景,Rule-generated Stage7 member for 合成赵氏.,False
1098332,7010,赵景玉,female,1568-01-01,1616-12-31,9,景,Rule-generated Stage7 member for 合成赵氏.,False
1098333,7010,赵景伟,male,1567-01-01,1621-12-31,9,景,Rule-generated Stage7 member for 合成赵氏.,False
1098334,7010,赵明,female,1568-01-01,1646-12-31,9,景,Rule-generated Stage7 member for 合成赵氏.,False
1098335,7010,赵明国,male,1571-01-01,1635-12-31,9,景,Rule-generated Stage7 member for 合成赵氏.,False
1098336,7010,赵雅玉,female,1567-01-01,1645-12-31,9,景,Rule-generated Stage7 member for 合成赵氏.,False
1098337,7010,赵景德,male,1567-01-01,1653-12-31,9,景,Rule-generated Stage7 member for 合成赵氏.,False
1098338,7010,赵景慧,female,1572-01-01,1644-12-31,9,景,Rule-generated Stage7 member for 合成赵氏.,False
1098339,7010,赵景成,male,1571-01-01,1655-12-31,9,景,Rule-generated Stage7 member for 合成赵氏.,False
1098340,7010,赵景雅,female,1573-01-01,1637-12-31,9,景,Rule-generated Stage7 member for 合成赵氏.,False
1098341,7010,赵景文,male,1567-01-01,1644-12-31,9,景,Rule-generated Stage7 member for 合成赵氏.,False
1098342,7010,赵丽兰,female,1569-01-01,1661-12-31,9,景,Rule-generated Stage7 member for 合成赵氏.,False
1098343,7010,赵景承,male,1567-01-01,1629-12-31,9,景,Rule-generated Stage7 member for 合成赵氏.,False
1098344,7010,赵华安,female,1571-01-01,1614-12-31,9,景,Rule-generated Stage7 member for 合成赵氏.,False
1098345,7010,赵国安,male,1567-01-01,1641-12-31,9,景,Rule-generated Stage7 member for 合成赵氏.,False
1098346,7010,赵景慧,female,1568-01-01,1645-12-31,9,景,Rule-generated Stage7 member for 合成赵氏.,False
1098347,7010,赵景承,male,1573-01-01,1636-12-31,9,景,Rule-generated Stage7 member for 合成赵氏.,False
1098348,7010,赵丽,female,1573-01-01,1604-12-31,9,景,Rule-generated Stage7 member for 合成赵氏.,False
1098349,7010,赵景伟,male,1573-01-01,1595-12-31,9,景,Rule-generated Stage7 member for 合成赵氏.,False
1098350,7010,赵景慧,female,1567-01-01,1640-12-31,9,景,Rule-generated Stage7 member for 合成赵氏.,False
1098351,7010,赵景成,male,1570-01-01,1662-12-31,9,景,Rule-generated Stage7 member for 合成赵氏.,False
1098352,7010,赵华清,female,1573-01-01,1644-12-31,9,景,Rule-generated Stage7 member for 合成赵氏.,False
1098353,7010,赵景成,male,1571-01-01,1663-12-31,9,景,Rule-generated Stage7 member for 合成赵氏.,False
1098354,7010,赵景梅,female,1573-01-01,1660-12-31,9,景,Rule-generated Stage7 member for 合成赵氏.,False
1098355,7010,赵世文,male,1570-01-01,1632-12-31,9,景,Rule-generated Stage7 member for 合成赵氏.,False
1098356,7010,赵伟,female,1572-01-01,1653-12-31,9,景,Rule-generated Stage7 member for 合成赵氏.,False
1098357,7010,赵景成,male,1572-01-01,1619-12-31,9,景,Rule-generated Stage7 member for 合成赵氏.,False
1098358,7010,赵景芳,female,1568-01-01,1619-12-31,9,景,Rule-generated Stage7 member for 合成赵氏.,False
1098359,7010,赵景景,male,1569-01-01,1640-12-31,9,景,Rule-generated Stage7 member for 合成赵氏.,False
1098360,7010,赵景雅,female,1569-01-01,1648-12-31,9,景,Rule-generated Stage7 member for 合成赵氏.,False
1098361,7010,赵景成,male,1572-01-01,1650-12-31,9,景,Rule-generated Stage7 member for 合成赵氏.,False
1098362,7010,赵景梅,female,1572-01-01,1641-12-31,9,景,Rule-generated Stage7 member for 合成赵氏.,False
1098363,7010,赵文明,male,1571-01-01,1625-12-31,9,景,Rule-generated Stage7 member for 合成赵氏.,False
1098364,7010,赵兰宁,female,1567-01-01,1653-12-31,9,景,Rule-generated Stage7 member for 合成赵氏.,False
1098365,7010,赵宗明,male,1568-01-01,1658-12-31,9,景,Rule-generated Stage7 member for 合成赵氏.,False
1098366,7010,赵景芳,female,1571-01-01,1656-12-31,9,景,Rule-generated Stage7 member for 合成赵氏.,False
1098367,7010,赵景安,male,1570-01-01,1633-12-31,9,景,Rule-generated Stage7 member for 合成赵氏.,False
1098368,7010,赵景兰,female,1568-01-01,1627-12-31,9,景,Rule-generated Stage7 member for 合成赵氏.,False
1098369,7010,赵伟,male,1569-01-01,1640-12-31,9,景,Rule-generated Stage7 member for 合成赵氏.,False
1098370,7010,赵宁芳,female,1570-01-01,1613-12-31,9,景,Rule-generated Stage7 member for 合成赵氏.,False
1098371,7010,赵景强,male,1571-01-01,1657-12-31,9,景,Rule-generated Stage7 member for 合成赵氏.,False
1098372,7010,赵景清,female,1573-01-01,1647-12-31,9,景,Rule-generated Stage7 member for 合成赵氏.,False
1098373,7010,赵景伟,male,1570-01-01,1631-12-31,9,景,Rule-generated Stage7 member for 合成赵氏.,False
1098374,7010,赵明,female,1569-01-01,1606-12-31,9,景,Rule-generated Stage7 member for 合成赵氏.,False
1098375,7010,赵丽,male,1593-01-01,1621-12-31,10,承,Rule-generated Stage7 member for 合成赵氏.,False
1098376,7010,赵敏宁,female,1591-01-01,1680-12-31,10,承,Rule-generated Stage7 member for 合成赵氏.,False
1098377,7010,赵承宗,male,1592-01-01,1665-12-31,10,承,Rule-generated Stage7 member for 合成赵氏.,False
1098378,7010,赵承慧,female,1592-01-01,1633-12-31,10,承,Rule-generated Stage7 member for 合成赵氏.,False
1098379,7010,赵承安,male,1592-01-01,1640-12-31,10,承,Rule-generated Stage7 member for 合成赵氏.,False
1098380,7010,赵承玉,female,1590-01-01,1654-12-31,10,承,Rule-generated Stage7 member for 合成赵氏.,False
1098381,7010,赵承景,male,1594-01-01,1618-12-31,10,承,Rule-generated Stage7 member for 合成赵氏.,False
1098382,7010,赵承梅,female,1594-01-01,1653-12-31,10,承,Rule-generated Stage7 member for 合成赵氏.,False
1098383,7010,赵承文,male,1589-01-01,1646-12-31,10,承,Rule-generated Stage7 member for 合成赵氏.,False
1098384,7010,赵华,female,1593-01-01,1644-12-31,10,承,Rule-generated Stage7 member for 合成赵氏.,False
1098385,7010,赵承国,male,1591-01-01,1675-12-31,10,承,Rule-generated Stage7 member for 合成赵氏.,False
1098386,7010,赵敏,female,1590-01-01,1657-12-31,10,承,Rule-generated Stage7 member for 合成赵氏.,False
1098387,7010,赵丽,male,1591-01-01,1677-12-31,10,承,Rule-generated Stage7 member for 合成赵氏.,False
1098388,7010,赵兰玉,female,1590-01-01,1642-12-31,10,承,Rule-generated Stage7 member for 合成赵氏.,False
1098389,7010,赵丽,male,1589-01-01,1651-12-31,10,承,Rule-generated Stage7 member for 合成赵氏.,False
1098390,7010,赵承清,female,1589-01-01,1678-12-31,10,承,Rule-generated Stage7 member for 合成赵氏.,False
1098391,7010,赵承国,male,1590-01-01,1671-12-31,10,承,Rule-generated Stage7 member for 合成赵氏.,False
1098392,7010,赵承安,female,1593-01-01,1646-12-31,10,承,Rule-generated Stage7 member for 合成赵氏.,False
1098393,7010,赵成宗,male,1589-01-01,1666-12-31,10,承,Rule-generated Stage7 member for 合成赵氏.,False
1098394,7010,赵敏雅,female,1594-01-01,1648-12-31,10,承,Rule-generated Stage7 member for 合成赵氏.,False
1098395,7010,赵承世,male,1588-01-01,1663-12-31,10,承,Rule-generated Stage7 member for 合成赵氏.,False
1098396,7010,赵承华,female,1591-01-01,1629-12-31,10,承,Rule-generated Stage7 member for 合成赵氏.,False
1098397,7010,赵承世,male,1588-01-01,1652-12-31,10,承,Rule-generated Stage7 member for 合成赵氏.,False
1098398,7010,赵承敏,female,1589-01-01,1648-12-31,10,承,Rule-generated Stage7 member for 合成赵氏.,False
1098399,7010,赵国景,male,1590-01-01,1630-12-31,10,承,Rule-generated Stage7 member for 合成赵氏.,False
1098400,7010,赵承慧,female,1589-01-01,1672-12-31,10,承,Rule-generated Stage7 member for 合成赵氏.,False
1098401,7010,赵承国,male,1594-01-01,1649-12-31,10,承,Rule-generated Stage7 member for 合成赵氏.,False
1098402,7010,赵芳安,female,1588-01-01,1669-12-31,10,承,Rule-generated Stage7 member for 合成赵氏.,False
1098403,7010,赵承世,male,1589-01-01,1681-12-31,10,承,Rule-generated Stage7 member for 合成赵氏.,False
1098404,7010,赵承芳,female,1591-01-01,1675-12-31,10,承,Rule-generated Stage7 member for 合成赵氏.,False
1098405,7010,赵伟,male,1590-01-01,1662-12-31,10,承,Rule-generated Stage7 member for 合成赵氏.,False
1098406,7010,赵敏,female,1592-01-01,1674-12-31,10,承,Rule-generated Stage7 member for 合成赵氏.,False
1098407,7010,赵强,male,1593-01-01,1650-12-31,10,承,Rule-generated Stage7 member for 合成赵氏.,False
1098408,7010,赵承丽,female,1592-01-01,1675-12-31,10,承,Rule-generated Stage7 member for 合成赵氏.,False
1098409,7010,赵文成,male,1588-01-01,1641-12-31,10,承,Rule-generated Stage7 member for 合成赵氏.,False
1098410,7010,赵承清,female,1590-01-01,1671-12-31,10,承,Rule-generated Stage7 member for 合成赵氏.,False
1098411,7010,赵承景,male,1594-01-01,1629-12-31,10,承,Rule-generated Stage7 member for 合成赵氏.,False
1098412,7010,赵承宁,female,1589-01-01,1691-12-31,10,承,Rule-generated Stage7 member for 合成赵氏.,False
1098413,7010,赵宗强,male,1591-01-01,1682-12-31,10,承,Rule-generated Stage7 member for 合成赵氏.,False
1098414,7010,赵清安,female,1590-01-01,1662-12-31,10,承,Rule-generated Stage7 member for 合成赵氏.,False
1098415,7010,赵承成,male,1593-01-01,1652-12-31,10,承,Rule-generated Stage7 member for 合成赵氏.,False
1098416,7010,赵明,female,1591-01-01,1658-12-31,10,承,Rule-generated Stage7 member for 合成赵氏.,False
1098417,7010,赵明,male,1590-01-01,1662-12-31,10,承,Rule-generated Stage7 member for 合成赵氏.,False
1098418,7010,赵承兰,female,1591-01-01,1655-12-31,10,承,Rule-generated Stage7 member for 合成赵氏.,False
1098419,7010,赵世成,male,1593-01-01,1685-12-31,10,承,Rule-generated Stage7 member for 合成赵氏.,False
1098420,7010,赵玉玉,female,1591-01-01,1646-12-31,10,承,Rule-generated Stage7 member for 合成赵氏.,False
1098421,7010,赵承国,male,1589-01-01,1615-12-31,10,承,Rule-generated Stage7 member for 合成赵氏.,False
1098422,7010,赵承安,female,1594-01-01,1647-12-31,10,承,Rule-generated Stage7 member for 合成赵氏.,False
1098423,7010,赵明,male,1590-01-01,1636-12-31,10,承,Rule-generated Stage7 member for 合成赵氏.,False
1098424,7010,赵承安,female,1588-01-01,1625-12-31,10,承,Rule-generated Stage7 member for 合成赵氏.,False
1098425,7010,赵承承,male,1592-01-01,1650-12-31,10,承,Rule-generated Stage7 member for 合成赵氏.,False
1098426,7010,赵承安,female,1588-01-01,1676-12-31,10,承,Rule-generated Stage7 member for 合成赵氏.,False
1098427,7010,赵承德,male,1588-01-01,1688-12-31,10,承,Rule-generated Stage7 member for 合成赵氏.,False
1098428,7010,赵丽,female,1590-01-01,1645-12-31,10,承,Rule-generated Stage7 member for 合成赵氏.,False
1098429,7010,赵承明,male,1593-01-01,1661-12-31,10,承,Rule-generated Stage7 member for 合成赵氏.,False
1098430,7010,赵承清,female,1590-01-01,1639-12-31,10,承,Rule-generated Stage7 member for 合成赵氏.,False
1098431,7010,赵承安,male,1590-01-01,1619-12-31,10,承,Rule-generated Stage7 member for 合成赵氏.,False
1098432,7010,赵承华,female,1592-01-01,1652-12-31,10,承,Rule-generated Stage7 member for 合成赵氏.,False
1098433,7010,赵伟,male,1592-01-01,1627-12-31,10,承,Rule-generated Stage7 member for 合成赵氏.,False
1098434,7010,赵慧梅,female,1590-01-01,1647-12-31,10,承,Rule-generated Stage7 member for 合成赵氏.,False
1098435,7010,赵承德,male,1593-01-01,1647-12-31,10,承,Rule-generated Stage7 member for 合成赵氏.,False
1098436,7010,赵承敏,female,1593-01-01,1656-12-31,10,承,Rule-generated Stage7 member for 合成赵氏.,False
1098437,7010,赵承宗,male,1588-01-01,1670-12-31,10,承,Rule-generated Stage7 member for 合成赵氏.,False
1098438,7010,赵华,female,1589-01-01,1678-12-31,10,承,Rule-generated Stage7 member for 合成赵氏.,False
1098439,7010,赵强文,male,1588-01-01,1678-12-31,10,承,Rule-generated Stage7 member for 合成赵氏.,False
1098440,7010,赵承玉,female,1588-01-01,1618-12-31,10,承,Rule-generated Stage7 member for 合成赵氏.,False
1098441,7010,赵明承,male,1589-01-01,1634-12-31,10,承,Rule-generated Stage7 member for 合成赵氏.,False
1098442,7010,赵承梅,female,1589-01-01,1627-12-31,10,承,Rule-generated Stage7 member for 合成赵氏.,False
1098443,7010,赵德宗,male,1593-01-01,1689-12-31,10,承,Rule-generated Stage7 member for 合成赵氏.,False
1098444,7010,赵承敏,female,1593-01-01,1682-12-31,10,承,Rule-generated Stage7 member for 合成赵氏.,False
1098445,7010,赵丽,male,1594-01-01,1617-12-31,10,承,Rule-generated Stage7 member for 合成赵氏.,False
1098446,7010,赵承清,female,1590-01-01,1651-12-31,10,承,Rule-generated Stage7 member for 合成赵氏.,False
1098447,7010,赵承强,male,1589-01-01,1670-12-31,10,承,Rule-generated Stage7 member for 合成赵氏.,False
1098448,7010,赵芳敏,female,1589-01-01,1629-12-31,10,承,Rule-generated Stage7 member for 合成赵氏.,False
1098449,7010,赵华,male,1592-01-01,1650-12-31,10,承,Rule-generated Stage7 member for 合成赵氏.,False
1098450,7010,赵敏,female,1593-01-01,1668-12-31,10,承,Rule-generated Stage7 member for 合成赵氏.,False
1098451,7010,赵世宗,male,1593-01-01,1662-12-31,10,承,Rule-generated Stage7 member for 合成赵氏.,False
1098452,7010,赵敏,female,1593-01-01,1640-12-31,10,承,Rule-generated Stage7 member for 合成赵氏.,False
1098453,7010,赵敏,male,1593-01-01,1649-12-31,10,承,Rule-generated Stage7 member for 合成赵氏.,False
1098454,7010,赵明,female,1591-01-01,1678-12-31,10,承,Rule-generated Stage7 member for 合成赵氏.,False
1098455,7010,赵伟明,male,1592-01-01,1629-12-31,10,承,Rule-generated Stage7 member for 合成赵氏.,False
1098456,7010,赵承丽,female,1593-01-01,1664-12-31,10,承,Rule-generated Stage7 member for 合成赵氏.,False
1098457,7010,赵承文,male,1592-01-01,1658-12-31,10,承,Rule-generated Stage7 member for 合成赵氏.,False
1098458,7010,赵安景,male,1609-01-01,1701-12-31,11,安,Rule-generated Stage7 member for 合成赵氏.,False
1098459,7010,赵宁雅,female,1609-01-01,1666-12-31,11,安,Rule-generated Stage7 member for 合成赵氏.,False
1098460,7010,赵明成,male,1610-01-01,1670-12-31,11,安,Rule-generated Stage7 member for 合成赵氏.,False
1098461,7010,赵安玉,female,1614-01-01,1682-12-31,11,安,Rule-generated Stage7 member for 合成赵氏.,False
1098462,7010,赵安景,male,1609-01-01,1692-12-31,11,安,Rule-generated Stage7 member for 合成赵氏.,False
1098463,7010,赵安华,female,1614-01-01,1689-12-31,11,安,Rule-generated Stage7 member for 合成赵氏.,False
1098464,7010,赵伟,male,1610-01-01,1702-12-31,11,安,Rule-generated Stage7 member for 合成赵氏.,False
1098465,7010,赵安雅,female,1613-01-01,1688-12-31,11,安,Rule-generated Stage7 member for 合成赵氏.,False
1098466,7010,赵伟伟,male,1610-01-01,1666-12-31,11,安,Rule-generated Stage7 member for 合成赵氏.,False
1098467,7010,赵安宁,female,1612-01-01,1677-12-31,11,安,Rule-generated Stage7 member for 合成赵氏.,False
1098468,7010,赵安宗,male,1611-01-01,1705-12-31,11,安,Rule-generated Stage7 member for 合成赵氏.,False
1098469,7010,赵安梅,female,1610-01-01,1678-12-31,11,安,Rule-generated Stage7 member for 合成赵氏.,False
1098470,7010,赵国世,male,1614-01-01,1710-12-31,11,安,Rule-generated Stage7 member for 合成赵氏.,False
1098471,7010,赵雅梅,female,1612-01-01,1700-12-31,11,安,Rule-generated Stage7 member for 合成赵氏.,False
1098472,7010,赵敏,male,1615-01-01,1665-12-31,11,安,Rule-generated Stage7 member for 合成赵氏.,False
1098473,7010,赵华芳,female,1609-01-01,1690-12-31,11,安,Rule-generated Stage7 member for 合成赵氏.,False
1098474,7010,赵文世,male,1610-01-01,1686-12-31,11,安,Rule-generated Stage7 member for 合成赵氏.,False
1098475,7010,赵安兰,female,1615-01-01,1666-12-31,11,安,Rule-generated Stage7 member for 合成赵氏.,False
1098476,7010,赵安成,male,1609-01-01,1657-12-31,11,安,Rule-generated Stage7 member for 合成赵氏.,False
1098477,7010,赵华,female,1610-01-01,1680-12-31,11,安,Rule-generated Stage7 member for 合成赵氏.,False
1098478,7010,赵安明,male,1612-01-01,1692-12-31,11,安,Rule-generated Stage7 member for 合成赵氏.,False
1098479,7010,赵安雅,female,1609-01-01,1695-12-31,11,安,Rule-generated Stage7 member for 合成赵氏.,False
1098480,7010,赵安强,male,1615-01-01,1693-12-31,11,安,Rule-generated Stage7 member for 合成赵氏.,False
1098481,7010,赵安丽,female,1615-01-01,1712-12-31,11,安,Rule-generated Stage7 member for 合成赵氏.,False
1098482,7010,赵安安,male,1614-01-01,1686-12-31,11,安,Rule-generated Stage7 member for 合成赵氏.,False
1098483,7010,赵安丽,female,1609-01-01,1630-12-31,11,安,Rule-generated Stage7 member for 合成赵氏.,False
1098484,7010,赵安宗,male,1613-01-01,1666-12-31,11,安,Rule-generated Stage7 member for 合成赵氏.,False
1098485,7010,赵安宁,female,1610-01-01,1701-12-31,11,安,Rule-generated Stage7 member for 合成赵氏.,False
1098486,7010,赵伟,male,1610-01-01,1665-12-31,11,安,Rule-generated Stage7 member for 合成赵氏.,False
1098487,7010,赵宁玉,female,1612-01-01,1634-12-31,11,安,Rule-generated Stage7 member for 合成赵氏.,False
1098488,7010,赵安承,male,1615-01-01,1670-12-31,11,安,Rule-generated Stage7 member for 合成赵氏.,False
1098489,7010,赵华,female,1610-01-01,1708-12-31,11,安,Rule-generated Stage7 member for 合成赵氏.,False
1098490,7010,赵安德,male,1612-01-01,1661-12-31,11,安,Rule-generated Stage7 member for 合成赵氏.,False
1098491,7010,赵安梅,female,1614-01-01,1682-12-31,11,安,Rule-generated Stage7 member for 合成赵氏.,False
1098492,7010,赵安伟,male,1609-01-01,1635-12-31,11,安,Rule-generated Stage7 member for 合成赵氏.,False
1098493,7010,赵安清,female,1613-01-01,1693-12-31,11,安,Rule-generated Stage7 member for 合成赵氏.,False
1098494,7010,赵安明,male,1614-01-01,1670-12-31,11,安,Rule-generated Stage7 member for 合成赵氏.,False
1098495,7010,赵安兰,female,1613-01-01,1646-12-31,11,安,Rule-generated Stage7 member for 合成赵氏.,False
1098496,7010,赵安成,male,1610-01-01,1663-12-31,11,安,Rule-generated Stage7 member for 合成赵氏.,False
1098497,7010,赵安宁,female,1610-01-01,1677-12-31,11,安,Rule-generated Stage7 member for 合成赵氏.,False
1098498,7010,赵明,male,1611-01-01,1695-12-31,11,安,Rule-generated Stage7 member for 合成赵氏.,False
1098499,7010,赵安敏,female,1611-01-01,1702-12-31,11,安,Rule-generated Stage7 member for 合成赵氏.,False
1098500,7010,赵安文,male,1615-01-01,1699-12-31,11,安,Rule-generated Stage7 member for 合成赵氏.,False
1098501,7010,赵安安,female,1612-01-01,1690-12-31,11,安,Rule-generated Stage7 member for 合成赵氏.,False
1098502,7010,赵安德,male,1615-01-01,1709-12-31,11,安,Rule-generated Stage7 member for 合成赵氏.,False
1098503,7010,赵敏清,female,1612-01-01,1679-12-31,11,安,Rule-generated Stage7 member for 合成赵氏.,False
1098504,7010,赵文景,male,1611-01-01,1677-12-31,11,安,Rule-generated Stage7 member for 合成赵氏.,False
1098505,7010,赵安慧,female,1609-01-01,1669-12-31,11,安,Rule-generated Stage7 member for 合成赵氏.,False
1098506,7010,赵国世,male,1611-01-01,1673-12-31,11,安,Rule-generated Stage7 member for 合成赵氏.,False
1098507,7010,赵玉梅,female,1614-01-01,1659-12-31,11,安,Rule-generated Stage7 member for 合成赵氏.,False
1098508,7010,赵安世,male,1611-01-01,1659-12-31,11,安,Rule-generated Stage7 member for 合成赵氏.,False
1098509,7010,赵安兰,female,1614-01-01,1709-12-31,11,安,Rule-generated Stage7 member for 合成赵氏.,False
1098510,7010,赵安宗,male,1610-01-01,1691-12-31,11,安,Rule-generated Stage7 member for 合成赵氏.,False
1098511,7010,赵清宁,female,1615-01-01,1701-12-31,11,安,Rule-generated Stage7 member for 合成赵氏.,False
1098512,7010,赵安伟,male,1611-01-01,1684-12-31,11,安,Rule-generated Stage7 member for 合成赵氏.,False
1098513,7010,赵安华,female,1609-01-01,1702-12-31,11,安,Rule-generated Stage7 member for 合成赵氏.,False
1098514,7010,赵安德,male,1612-01-01,1706-12-31,11,安,Rule-generated Stage7 member for 合成赵氏.,False
1098515,7010,赵安芳,female,1614-01-01,1700-12-31,11,安,Rule-generated Stage7 member for 合成赵氏.,False
1098516,7010,赵安景,male,1614-01-01,1673-12-31,11,安,Rule-generated Stage7 member for 合成赵氏.,False
1098517,7010,赵华芳,female,1614-01-01,1688-12-31,11,安,Rule-generated Stage7 member for 合成赵氏.,False
1098518,7010,赵安明,male,1612-01-01,1692-12-31,11,安,Rule-generated Stage7 member for 合成赵氏.,False
1098519,7010,赵安兰,female,1610-01-01,1694-12-31,11,安,Rule-generated Stage7 member for 合成赵氏.,False
1098520,7010,赵国成,male,1614-01-01,1694-12-31,11,安,Rule-generated Stage7 member for 合成赵氏.,False
1098521,7010,赵安华,female,1615-01-01,1700-12-31,11,安,Rule-generated Stage7 member for 合成赵氏.,False
1098522,7010,赵华,male,1610-01-01,1680-12-31,11,安,Rule-generated Stage7 member for 合成赵氏.,False
1098523,7010,赵芳华,female,1610-01-01,1645-12-31,11,安,Rule-generated Stage7 member for 合成赵氏.,False
1098524,7010,赵安强,male,1611-01-01,1690-12-31,11,安,Rule-generated Stage7 member for 合成赵氏.,False
1098525,7010,赵安梅,female,1613-01-01,1697-12-31,11,安,Rule-generated Stage7 member for 合成赵氏.,False
1098526,7010,赵安明,male,1611-01-01,1655-12-31,11,安,Rule-generated Stage7 member for 合成赵氏.,False
1098527,7010,赵安慧,female,1611-01-01,1671-12-31,11,安,Rule-generated Stage7 member for 合成赵氏.,False
1098528,7010,赵文承,male,1613-01-01,1689-12-31,11,安,Rule-generated Stage7 member for 合成赵氏.,False
1098529,7010,赵梅华,female,1615-01-01,1714-12-31,11,安,Rule-generated Stage7 member for 合成赵氏.,False
1098530,7010,赵安宗,male,1613-01-01,1681-12-31,11,安,Rule-generated Stage7 member for 合成赵氏.,False
1098531,7010,赵敏,female,1611-01-01,1682-12-31,11,安,Rule-generated Stage7 member for 合成赵氏.,False
1098532,7010,赵承文,male,1611-01-01,1681-12-31,11,安,Rule-generated Stage7 member for 合成赵氏.,False
1098533,7010,赵安丽,female,1612-01-01,1654-12-31,11,安,Rule-generated Stage7 member for 合成赵氏.,False
1098534,7010,赵安景,male,1612-01-01,1677-12-31,11,安,Rule-generated Stage7 member for 合成赵氏.,False
1098535,7010,赵安梅,female,1615-01-01,1678-12-31,11,安,Rule-generated Stage7 member for 合成赵氏.,False
1098536,7010,赵安承,male,1610-01-01,1675-12-31,11,安,Rule-generated Stage7 member for 合成赵氏.,False
1098537,7010,赵安安,female,1614-01-01,1679-12-31,11,安,Rule-generated Stage7 member for 合成赵氏.,False
1098538,7010,赵世伟,male,1609-01-01,1677-12-31,11,安,Rule-generated Stage7 member for 合成赵氏.,False
1098539,7010,赵安丽,female,1613-01-01,1689-12-31,11,安,Rule-generated Stage7 member for 合成赵氏.,False
1098540,7010,赵成安,male,1612-01-01,1686-12-31,11,安,Rule-generated Stage7 member for 合成赵氏.,False
1098541,7010,赵明,female,1611-01-01,1669-12-31,11,安,Rule-generated Stage7 member for 合成赵氏.,False
1098542,7010,赵安宗,male,1612-01-01,1653-12-31,11,安,Rule-generated Stage7 member for 合成赵氏.,False
1098543,7010,赵安慧,female,1610-01-01,1673-12-31,11,安,Rule-generated Stage7 member for 合成赵氏.,False
1098544,7010,赵安文,male,1610-01-01,1687-12-31,11,安,Rule-generated Stage7 member for 合成赵氏.,False
1098545,7010,赵芳玉,female,1612-01-01,1675-12-31,11,安,Rule-generated Stage7 member for 合成赵氏.,False
1098546,7010,赵安文,male,1610-01-01,1670-12-31,11,安,Rule-generated Stage7 member for 合成赵氏.,False
1098547,7010,赵兰清,female,1609-01-01,1652-12-31,11,安,Rule-generated Stage7 member for 合成赵氏.,False
1098548,7010,赵敏,male,1612-01-01,1683-12-31,11,安,Rule-generated Stage7 member for 合成赵氏.,False
1098549,7010,赵安强,male,1635-01-01,1674-12-31,12,宁,Rule-generated Stage7 member for 合成赵氏.,False
1098550,7010,赵宁芳,female,1634-01-01,1690-12-31,12,宁,Rule-generated Stage7 member for 合成赵氏.,False
1098551,7010,赵宁文,male,1631-01-01,1713-12-31,12,宁,Rule-generated Stage7 member for 合成赵氏.,False
1098552,7010,赵宁宁,female,1631-01-01,1717-12-31,12,宁,Rule-generated Stage7 member for 合成赵氏.,False
1098553,7010,赵宁承,male,1636-01-01,1684-12-31,12,宁,Rule-generated Stage7 member for 合成赵氏.,False
1098554,7010,赵梅丽,female,1631-01-01,1686-12-31,12,宁,Rule-generated Stage7 member for 合成赵氏.,False
1098555,7010,赵宁德,male,1636-01-01,1709-12-31,12,宁,Rule-generated Stage7 member for 合成赵氏.,False
1098556,7010,赵宁丽,female,1634-01-01,1685-12-31,12,宁,Rule-generated Stage7 member for 合成赵氏.,False
1098557,7010,赵国安,male,1632-01-01,1705-12-31,12,宁,Rule-generated Stage7 member for 合成赵氏.,False
1098558,7010,赵宁敏,female,1635-01-01,1702-12-31,12,宁,Rule-generated Stage7 member for 合成赵氏.,False
1098559,7010,赵世文,male,1630-01-01,1670-12-31,12,宁,Rule-generated Stage7 member for 合成赵氏.,False
1098560,7010,赵宁梅,female,1635-01-01,1688-12-31,12,宁,Rule-generated Stage7 member for 合成赵氏.,False
1098561,7010,赵宁世,male,1636-01-01,1673-12-31,12,宁,Rule-generated Stage7 member for 合成赵氏.,False
1098562,7010,赵宁宁,female,1633-01-01,1696-12-31,12,宁,Rule-generated Stage7 member for 合成赵氏.,False
1098563,7010,赵明,male,1631-01-01,1666-12-31,12,宁,Rule-generated Stage7 member for 合成赵氏.,False
1098564,7010,赵慧敏,female,1636-01-01,1715-12-31,12,宁,Rule-generated Stage7 member for 合成赵氏.,False
1098565,7010,赵宁德,male,1634-01-01,1701-12-31,12,宁,Rule-generated Stage7 member for 合成赵氏.,False
1098566,7010,赵宁丽,female,1633-01-01,1712-12-31,12,宁,Rule-generated Stage7 member for 合成赵氏.,False
1098567,7010,赵德安,male,1631-01-01,1698-12-31,12,宁,Rule-generated Stage7 member for 合成赵氏.,False
1098568,7010,赵宁华,female,1631-01-01,1683-12-31,12,宁,Rule-generated Stage7 member for 合成赵氏.,False
1098569,7010,赵宁强,male,1631-01-01,1690-12-31,12,宁,Rule-generated Stage7 member for 合成赵氏.,False
1098570,7010,赵宁安,female,1636-01-01,1667-12-31,12,宁,Rule-generated Stage7 member for 合成赵氏.,False
1098571,7010,赵宁安,male,1633-01-01,1673-12-31,12,宁,Rule-generated Stage7 member for 合成赵氏.,False
1098572,7010,赵宁雅,female,1636-01-01,1716-12-31,12,宁,Rule-generated Stage7 member for 合成赵氏.,False
1098573,7010,赵宁强,male,1634-01-01,1702-12-31,12,宁,Rule-generated Stage7 member for 合成赵氏.,False
1098574,7010,赵强,female,1635-01-01,1697-12-31,12,宁,Rule-generated Stage7 member for 合成赵氏.,False
1098575,7010,赵国德,male,1631-01-01,1675-12-31,12,宁,Rule-generated Stage7 member for 合成赵氏.,False
1098576,7010,赵宁雅,female,1630-01-01,1697-12-31,12,宁,Rule-generated Stage7 member for 合成赵氏.,False
1098577,7010,赵宁文,male,1635-01-01,1678-12-31,12,宁,Rule-generated Stage7 member for 合成赵氏.,False
1098578,7010,赵宁芳,female,1636-01-01,1709-12-31,12,宁,Rule-generated Stage7 member for 合成赵氏.,False
1098579,7010,赵宁世,male,1634-01-01,1713-12-31,12,宁,Rule-generated Stage7 member for 合成赵氏.,False
1098580,7010,赵宁慧,female,1635-01-01,1703-12-31,12,宁,Rule-generated Stage7 member for 合成赵氏.,False
1098581,7010,赵承承,male,1636-01-01,1690-12-31,12,宁,Rule-generated Stage7 member for 合成赵氏.,False
1098582,7010,赵宁梅,female,1633-01-01,1709-12-31,12,宁,Rule-generated Stage7 member for 合成赵氏.,False
1098583,7010,赵宁文,male,1632-01-01,1683-12-31,12,宁,Rule-generated Stage7 member for 合成赵氏.,False
1098584,7010,赵宁慧,female,1635-01-01,1721-12-31,12,宁,Rule-generated Stage7 member for 合成赵氏.,False
1098585,7010,赵文承,male,1633-01-01,1691-12-31,12,宁,Rule-generated Stage7 member for 合成赵氏.,False
1098586,7010,赵宁丽,female,1635-01-01,1704-12-31,12,宁,Rule-generated Stage7 member for 合成赵氏.,False
1098587,7010,赵宁宗,male,1630-01-01,1672-12-31,12,宁,Rule-generated Stage7 member for 合成赵氏.,False
1098588,7010,赵宁丽,female,1636-01-01,1730-12-31,12,宁,Rule-generated Stage7 member for 合成赵氏.,False
1098589,7010,赵宁文,male,1636-01-01,1689-12-31,12,宁,Rule-generated Stage7 member for 合成赵氏.,False
1098590,7010,赵兰敏,female,1633-01-01,1705-12-31,12,宁,Rule-generated Stage7 member for 合成赵氏.,False
1098591,7010,赵宁文,male,1635-01-01,1705-12-31,12,宁,Rule-generated Stage7 member for 合成赵氏.,False
1098592,7010,赵宁敏,female,1634-01-01,1704-12-31,12,宁,Rule-generated Stage7 member for 合成赵氏.,False
1098593,7010,赵伟景,male,1632-01-01,1679-12-31,12,宁,Rule-generated Stage7 member for 合成赵氏.,False
1098594,7010,赵宁梅,female,1632-01-01,1736-12-31,12,宁,Rule-generated Stage7 member for 合成赵氏.,False
1098595,7010,赵华,male,1633-01-01,1687-12-31,12,宁,Rule-generated Stage7 member for 合成赵氏.,False
1098596,7010,赵宁安,female,1635-01-01,1726-12-31,12,宁,Rule-generated Stage7 member for 合成赵氏.,False
1098597,7010,赵宁强,male,1631-01-01,1684-12-31,12,宁,Rule-generated Stage7 member for 合成赵氏.,False
1098598,7010,赵清芳,female,1635-01-01,1715-12-31,12,宁,Rule-generated Stage7 member for 合成赵氏.,False
1098599,7010,赵承承,male,1632-01-01,1707-12-31,12,宁,Rule-generated Stage7 member for 合成赵氏.,False
1098600,7010,赵宁玉,female,1632-01-01,1732-12-31,12,宁,Rule-generated Stage7 member for 合成赵氏.,False
1098601,7010,赵丽,male,1630-01-01,1731-12-31,12,宁,Rule-generated Stage7 member for 合成赵氏.,False
1098602,7010,赵宁兰,female,1634-01-01,1677-12-31,12,宁,Rule-generated Stage7 member for 合成赵氏.,False
1098603,7010,赵宁明,male,1630-01-01,1695-12-31,12,宁,Rule-generated Stage7 member for 合成赵氏.,False
1098604,7010,赵宁安,female,1631-01-01,1687-12-31,12,宁,Rule-generated Stage7 member for 合成赵氏.,False
1098605,7010,赵世强,male,1632-01-01,1710-12-31,12,宁,Rule-generated Stage7 member for 合成赵氏.,False
1098606,7010,赵安芳,female,1632-01-01,1669-12-31,12,宁,Rule-generated Stage7 member for 合成赵氏.,False
1098607,7010,赵宁宗,male,1634-01-01,1682-12-31,12,宁,Rule-generated Stage7 member for 合成赵氏.,False
1098608,7010,赵丽清,female,1633-01-01,1687-12-31,12,宁,Rule-generated Stage7 member for 合成赵氏.,False
1098609,7010,赵宁成,male,1633-01-01,1671-12-31,12,宁,Rule-generated Stage7 member for 合成赵氏.,False
1098610,7010,赵华,female,1635-01-01,1682-12-31,12,宁,Rule-generated Stage7 member for 合成赵氏.,False
1098611,7010,赵宁景,male,1634-01-01,1704-12-31,12,宁,Rule-generated Stage7 member for 合成赵氏.,False
1098612,7010,赵宁丽,female,1631-01-01,1666-12-31,12,宁,Rule-generated Stage7 member for 合成赵氏.,False
1098613,7010,赵宁国,male,1630-01-01,1699-12-31,12,宁,Rule-generated Stage7 member for 合成赵氏.,False
1098614,7010,赵宁丽,female,1634-01-01,1690-12-31,12,宁,Rule-generated Stage7 member for 合成赵氏.,False
1098615,7010,赵国宗,male,1633-01-01,1716-12-31,12,宁,Rule-generated Stage7 member for 合成赵氏.,False
1098616,7010,赵宁梅,female,1634-01-01,1704-12-31,12,宁,Rule-generated Stage7 member for 合成赵氏.,False
1098617,7010,赵宁明,male,1630-01-01,1705-12-31,12,宁,Rule-generated Stage7 member for 合成赵氏.,False
1098618,7010,赵宁宁,female,1633-01-01,1703-12-31,12,宁,Rule-generated Stage7 member for 合成赵氏.,False
1098619,7010,赵宁国,male,1630-01-01,1722-12-31,12,宁,Rule-generated Stage7 member for 合成赵氏.,False
1098620,7010,赵梅丽,female,1632-01-01,1718-12-31,12,宁,Rule-generated Stage7 member for 合成赵氏.,False
1098621,7010,赵承明,male,1633-01-01,1733-12-31,12,宁,Rule-generated Stage7 member for 合成赵氏.,False
1098622,7010,赵宁雅,female,1636-01-01,1696-12-31,12,宁,Rule-generated Stage7 member for 合成赵氏.,False
1098623,7010,赵宁德,male,1630-01-01,1654-12-31,12,宁,Rule-generated Stage7 member for 合成赵氏.,False
1098624,7010,赵华华,female,1635-01-01,1710-12-31,12,宁,Rule-generated Stage7 member for 合成赵氏.,False
1098625,7010,赵宁伟,male,1634-01-01,1703-12-31,12,宁,Rule-generated Stage7 member for 合成赵氏.,False
1098626,7010,赵宁清,female,1634-01-01,1675-12-31,12,宁,Rule-generated Stage7 member for 合成赵氏.,False
1098627,7010,赵宁成,male,1632-01-01,1695-12-31,12,宁,Rule-generated Stage7 member for 合成赵氏.,False
1098628,7010,赵雅玉,female,1632-01-01,1705-12-31,12,宁,Rule-generated Stage7 member for 合成赵氏.,False
1098629,7010,赵宁成,male,1635-01-01,1721-12-31,12,宁,Rule-generated Stage7 member for 合成赵氏.,False
1098630,7010,赵强,female,1633-01-01,1662-12-31,12,宁,Rule-generated Stage7 member for 合成赵氏.,False
1098631,7010,赵宁国,male,1633-01-01,1701-12-31,12,宁,Rule-generated Stage7 member for 合成赵氏.,False
1098632,7010,赵宁芳,female,1636-01-01,1706-12-31,12,宁,Rule-generated Stage7 member for 合成赵氏.,False
1098633,7010,赵宁承,male,1636-01-01,1677-12-31,12,宁,Rule-generated Stage7 member for 合成赵氏.,False
1098634,7010,赵宁宁,female,1630-01-01,1683-12-31,12,宁,Rule-generated Stage7 member for 合成赵氏.,False
1098635,7010,赵世文,male,1630-01-01,1685-12-31,12,宁,Rule-generated Stage7 member for 合成赵氏.,False
1098636,7010,赵宁安,female,1630-01-01,1694-12-31,12,宁,Rule-generated Stage7 member for 合成赵氏.,False
1098637,7010,赵宁国,male,1636-01-01,1680-12-31,12,宁,Rule-generated Stage7 member for 合成赵氏.,False
1098638,7010,赵宁华,female,1632-01-01,1731-12-31,12,宁,Rule-generated Stage7 member for 合成赵氏.,False
1098639,7010,赵宁国,male,1634-01-01,1707-12-31,12,宁,Rule-generated Stage7 member for 合成赵氏.,False
1098640,7010,赵宁华,female,1630-01-01,1678-12-31,12,宁,Rule-generated Stage7 member for 合成赵氏.,False
1098641,7010,赵宁安,male,1636-01-01,1730-12-31,12,宁,Rule-generated Stage7 member for 合成赵氏.,False
1098642,7010,赵宁丽,female,1635-01-01,1706-12-31,12,宁,Rule-generated Stage7 member for 合成赵氏.,False
1098643,7010,赵世国,male,1632-01-01,1686-12-31,12,宁,Rule-generated Stage7 member for 合成赵氏.,False
1098644,7010,赵明,female,1630-01-01,1715-12-31,12,宁,Rule-generated Stage7 member for 合成赵氏.,False
1098645,7010,赵敏,male,1636-01-01,1698-12-31,12,宁,Rule-generated Stage7 member for 合成赵氏.,False
1098646,7010,赵强,female,1633-01-01,1665-12-31,12,宁,Rule-generated Stage7 member for 合成赵氏.,False
1098647,7010,赵丽,male,1636-01-01,1710-12-31,12,宁,Rule-generated Stage7 member for 合成赵氏.,False
1098648,7010,赵世承,male,1652-01-01,1708-12-31,13,文,Rule-generated Stage7 member for 合成赵氏.,False
1098649,7010,赵文雅,female,1654-01-01,1735-12-31,13,文,Rule-generated Stage7 member for 合成赵氏.,False
1098650,7010,赵文强,male,1652-01-01,1713-12-31,13,文,Rule-generated Stage7 member for 合成赵氏.,False
1098651,7010,赵文清,female,1652-01-01,1712-12-31,13,文,Rule-generated Stage7 member for 合成赵氏.,False
1098652,7010,赵文国,male,1651-01-01,1704-12-31,13,文,Rule-generated Stage7 member for 合成赵氏.,False
1098653,7010,赵强,female,1654-01-01,1740-12-31,13,文,Rule-generated Stage7 member for 合成赵氏.,False
1098654,7010,赵伟,male,1654-01-01,1706-12-31,13,文,Rule-generated Stage7 member for 合成赵氏.,False
1098655,7010,赵文玉,female,1651-01-01,1712-12-31,13,文,Rule-generated Stage7 member for 合成赵氏.,False
1098656,7010,赵宗文,male,1657-01-01,1741-12-31,13,文,Rule-generated Stage7 member for 合成赵氏.,False
1098657,7010,赵文敏,female,1651-01-01,1735-12-31,13,文,Rule-generated Stage7 member for 合成赵氏.,False
1098658,7010,赵世成,male,1657-01-01,1732-12-31,13,文,Rule-generated Stage7 member for 合成赵氏.,False
1098659,7010,赵文梅,female,1654-01-01,1728-12-31,13,文,Rule-generated Stage7 member for 合成赵氏.,False
1098660,7010,赵文承,male,1657-01-01,1711-12-31,13,文,Rule-generated Stage7 member for 合成赵氏.,False
1098661,7010,赵文敏,female,1652-01-01,1692-12-31,13,文,Rule-generated Stage7 member for 合成赵氏.,False
1098662,7010,赵伟,male,1655-01-01,1715-12-31,13,文,Rule-generated Stage7 member for 合成赵氏.,False
1098663,7010,赵雅玉,female,1655-01-01,1701-12-31,13,文,Rule-generated Stage7 member for 合成赵氏.,False
1098664,7010,赵安德,male,1653-01-01,1708-12-31,13,文,Rule-generated Stage7 member for 合成赵氏.,False
1098665,7010,赵雅清,female,1653-01-01,1732-12-31,13,文,Rule-generated Stage7 member for 合成赵氏.,False
1098666,7010,赵文景,male,1652-01-01,1725-12-31,13,文,Rule-generated Stage7 member for 合成赵氏.,False
1098667,7010,赵文华,female,1654-01-01,1693-12-31,13,文,Rule-generated Stage7 member for 合成赵氏.,False
1098668,7010,赵伟,male,1651-01-01,1743-12-31,13,文,Rule-generated Stage7 member for 合成赵氏.,False
1098669,7010,赵文雅,female,1652-01-01,1731-12-31,13,文,Rule-generated Stage7 member for 合成赵氏.,False
1098670,7010,赵敏,male,1652-01-01,1701-12-31,13,文,Rule-generated Stage7 member for 合成赵氏.,False
1098671,7010,赵玉玉,female,1651-01-01,1728-12-31,13,文,Rule-generated Stage7 member for 合成赵氏.,False
1098672,7010,赵文世,male,1656-01-01,1758-12-31,13,文,Rule-generated Stage7 member for 合成赵氏.,False
1098673,7010,赵华,female,1657-01-01,1716-12-31,13,文,Rule-generated Stage7 member for 合成赵氏.,False
1098674,7010,赵景世,male,1654-01-01,1732-12-31,13,文,Rule-generated Stage7 member for 合成赵氏.,False
1098675,7010,赵文雅,female,1657-01-01,1745-12-31,13,文,Rule-generated Stage7 member for 合成赵氏.,False
1098676,7010,赵文文,male,1651-01-01,1692-12-31,13,文,Rule-generated Stage7 member for 合成赵氏.,False
1098677,7010,赵敏,female,1652-01-01,1741-12-31,13,文,Rule-generated Stage7 member for 合成赵氏.,False
1098678,7010,赵强承,male,1652-01-01,1728-12-31,13,文,Rule-generated Stage7 member for 合成赵氏.,False
1098679,7010,赵安玉,female,1653-01-01,1711-12-31,13,文,Rule-generated Stage7 member for 合成赵氏.,False
1098680,7010,赵文世,male,1653-01-01,1717-12-31,13,文,Rule-generated Stage7 member for 合成赵氏.,False
1098681,7010,赵华,female,1652-01-01,1739-12-31,13,文,Rule-generated Stage7 member for 合成赵氏.,False
1098682,7010,赵世国,male,1653-01-01,1733-12-31,13,文,Rule-generated Stage7 member for 合成赵氏.,False
1098683,7010,赵文宁,female,1656-01-01,1745-12-31,13,文,Rule-generated Stage7 member for 合成赵氏.,False
1098684,7010,赵文安,male,1654-01-01,1739-12-31,13,文,Rule-generated Stage7 member for 合成赵氏.,False
1098685,7010,赵伟,female,1655-01-01,1715-12-31,13,文,Rule-generated Stage7 member for 合成赵氏.,False
1098686,7010,赵文成,male,1651-01-01,1719-12-31,13,文,Rule-generated Stage7 member for 合成赵氏.,False
1098687,7010,赵雅芳,female,1657-01-01,1713-12-31,13,文,Rule-generated Stage7 member for 合成赵氏.,False
1098688,7010,赵文安,male,1653-01-01,1676-12-31,13,文,Rule-generated Stage7 member for 合成赵氏.,False
1098689,7010,赵文兰,female,1655-01-01,1697-12-31,13,文,Rule-generated Stage7 member for 合成赵氏.,False
1098690,7010,赵文伟,male,1653-01-01,1730-12-31,13,文,Rule-generated Stage7 member for 合成赵氏.,False
1098691,7010,赵慧芳,female,1655-01-01,1705-12-31,13,文,Rule-generated Stage7 member for 合成赵氏.,False
1098692,7010,赵明,male,1652-01-01,1753-12-31,13,文,Rule-generated Stage7 member for 合成赵氏.,False
1098693,7010,赵雅宁,female,1657-01-01,1712-12-31,13,文,Rule-generated Stage7 member for 合成赵氏.,False
1098694,7010,赵文世,male,1653-01-01,1723-12-31,13,文,Rule-generated Stage7 member for 合成赵氏.,False
1098695,7010,赵文慧,female,1657-01-01,1692-12-31,13,文,Rule-generated Stage7 member for 合成赵氏.,False
1098696,7010,赵文安,male,1657-01-01,1721-12-31,13,文,Rule-generated Stage7 member for 合成赵氏.,False
1098697,7010,赵文华,female,1653-01-01,1686-12-31,13,文,Rule-generated Stage7 member for 合成赵氏.,False
1098698,7010,赵强强,male,1656-01-01,1742-12-31,13,文,Rule-generated Stage7 member for 合成赵氏.,False
1098699,7010,赵芳清,female,1654-01-01,1714-12-31,13,文,Rule-generated Stage7 member for 合成赵氏.,False
1098700,7010,赵丽,male,1657-01-01,1732-12-31,13,文,Rule-generated Stage7 member for 合成赵氏.,False
1098701,7010,赵文宁,female,1651-01-01,1722-12-31,13,文,Rule-generated Stage7 member for 合成赵氏.,False
1098702,7010,赵文强,male,1652-01-01,1695-12-31,13,文,Rule-generated Stage7 member for 合成赵氏.,False
1098703,7010,赵华,female,1651-01-01,1734-12-31,13,文,Rule-generated Stage7 member for 合成赵氏.,False
1098704,7010,赵文强,male,1657-01-01,1712-12-31,13,文,Rule-generated Stage7 member for 合成赵氏.,False
1098705,7010,赵文安,female,1657-01-01,1716-12-31,13,文,Rule-generated Stage7 member for 合成赵氏.,False
1098706,7010,赵文承,male,1651-01-01,1706-12-31,13,文,Rule-generated Stage7 member for 合成赵氏.,False
1098707,7010,赵文玉,female,1652-01-01,1709-12-31,13,文,Rule-generated Stage7 member for 合成赵氏.,False
1098708,7010,赵世文,male,1654-01-01,1726-12-31,13,文,Rule-generated Stage7 member for 合成赵氏.,False
1098709,7010,赵强,female,1654-01-01,1706-12-31,13,文,Rule-generated Stage7 member for 合成赵氏.,False
1098710,7010,赵文承,male,1652-01-01,1711-12-31,13,文,Rule-generated Stage7 member for 合成赵氏.,False
1098711,7010,赵文丽,female,1652-01-01,1729-12-31,13,文,Rule-generated Stage7 member for 合成赵氏.,False
1098712,7010,赵承强,male,1652-01-01,1696-12-31,13,文,Rule-generated Stage7 member for 合成赵氏.,False
1098713,7010,赵宁华,female,1653-01-01,1679-12-31,13,文,Rule-generated Stage7 member for 合成赵氏.,False
1098714,7010,赵文承,male,1656-01-01,1699-12-31,13,文,Rule-generated Stage7 member for 合成赵氏.,False
1098715,7010,赵文兰,female,1656-01-01,1722-12-31,13,文,Rule-generated Stage7 member for 合成赵氏.,False
1098716,7010,赵文明,male,1652-01-01,1717-12-31,13,文,Rule-generated Stage7 member for 合成赵氏.,False
1098717,7010,赵华,female,1654-01-01,1688-12-31,13,文,Rule-generated Stage7 member for 合成赵氏.,False
1098718,7010,赵文景,male,1651-01-01,1711-12-31,13,文,Rule-generated Stage7 member for 合成赵氏.,False
1098719,7010,赵文芳,female,1656-01-01,1715-12-31,13,文,Rule-generated Stage7 member for 合成赵氏.,False
1098720,7010,赵德承,male,1652-01-01,1710-12-31,13,文,Rule-generated Stage7 member for 合成赵氏.,False
1098721,7010,赵文丽,female,1657-01-01,1693-12-31,13,文,Rule-generated Stage7 member for 合成赵氏.,False
1098722,7010,赵文强,male,1654-01-01,1719-12-31,13,文,Rule-generated Stage7 member for 合成赵氏.,False
1098723,7010,赵伟,female,1651-01-01,1710-12-31,13,文,Rule-generated Stage7 member for 合成赵氏.,False
1098724,7010,赵文安,male,1657-01-01,1711-12-31,13,文,Rule-generated Stage7 member for 合成赵氏.,False
1098725,7010,赵敏清,female,1652-01-01,1705-12-31,13,文,Rule-generated Stage7 member for 合成赵氏.,False
1098726,7010,赵敏,male,1653-01-01,1736-12-31,13,文,Rule-generated Stage7 member for 合成赵氏.,False
1098727,7010,赵文梅,female,1655-01-01,1707-12-31,13,文,Rule-generated Stage7 member for 合成赵氏.,False
1098728,7010,赵华,male,1656-01-01,1702-12-31,13,文,Rule-generated Stage7 member for 合成赵氏.,False
1098729,7010,赵伟,female,1652-01-01,1699-12-31,13,文,Rule-generated Stage7 member for 合成赵氏.,False
1098730,7010,赵国伟,male,1652-01-01,1741-12-31,13,文,Rule-generated Stage7 member for 合成赵氏.,False
1098731,7010,赵梅雅,female,1654-01-01,1715-12-31,13,文,Rule-generated Stage7 member for 合成赵氏.,False
1098732,7010,赵华,male,1656-01-01,1720-12-31,13,文,Rule-generated Stage7 member for 合成赵氏.,False
1098733,7010,赵文安,female,1652-01-01,1741-12-31,13,文,Rule-generated Stage7 member for 合成赵氏.,False
1098734,7010,赵文文,male,1653-01-01,1738-12-31,13,文,Rule-generated Stage7 member for 合成赵氏.,False
1098735,7010,赵文芳,female,1651-01-01,1711-12-31,13,文,Rule-generated Stage7 member for 合成赵氏.,False
1098736,7010,赵文明,male,1653-01-01,1705-12-31,13,文,Rule-generated Stage7 member for 合成赵氏.,False
1098737,7010,赵文清,female,1655-01-01,1730-12-31,13,文,Rule-generated Stage7 member for 合成赵氏.,False
1098738,7010,赵文强,male,1651-01-01,1719-12-31,13,文,Rule-generated Stage7 member for 合成赵氏.,False
1098739,7010,赵文宁,female,1654-01-01,1698-12-31,13,文,Rule-generated Stage7 member for 合成赵氏.,False
1098740,7010,赵丽,male,1653-01-01,1700-12-31,13,文,Rule-generated Stage7 member for 合成赵氏.,False
1098741,7010,赵华敏,female,1657-01-01,1713-12-31,13,文,Rule-generated Stage7 member for 合成赵氏.,False
1098742,7010,赵文宗,male,1651-01-01,1687-12-31,13,文,Rule-generated Stage7 member for 合成赵氏.,False
1098743,7010,赵清玉,female,1655-01-01,1730-12-31,13,文,Rule-generated Stage7 member for 合成赵氏.,False
1098744,7010,赵强,male,1652-01-01,1693-12-31,13,文,Rule-generated Stage7 member for 合成赵氏.,False
1098745,7010,赵慧芳,female,1655-01-01,1756-12-31,13,文,Rule-generated Stage7 member for 合成赵氏.,False
1098746,7010,赵文强,male,1655-01-01,1707-12-31,13,文,Rule-generated Stage7 member for 合成赵氏.,False
1098747,7010,赵文兰,female,1651-01-01,1733-12-31,13,文,Rule-generated Stage7 member for 合成赵氏.,False
1098748,7010,赵伟,male,1653-01-01,1733-12-31,13,文,Rule-generated Stage7 member for 合成赵氏.,False
1098749,7010,赵文玉,female,1656-01-01,1712-12-31,13,文,Rule-generated Stage7 member for 合成赵氏.,False
1098750,7010,赵文景,male,1652-01-01,1705-12-31,13,文,Rule-generated Stage7 member for 合成赵氏.,False
1098751,7010,赵丽,female,1655-01-01,1725-12-31,13,文,Rule-generated Stage7 member for 合成赵氏.,False
1098752,7010,赵世明,male,1656-01-01,1737-12-31,13,文,Rule-generated Stage7 member for 合成赵氏.,False
1098753,7010,赵敏宁,female,1657-01-01,1720-12-31,13,文,Rule-generated Stage7 member for 合成赵氏.,False
1098754,7010,赵宗安,male,1651-01-01,1688-12-31,13,文,Rule-generated Stage7 member for 合成赵氏.,False
1098755,7010,赵武承,male,1674-01-01,1728-12-31,14,武,Rule-generated Stage7 member for 合成赵氏.,False
1098756,7010,赵宁梅,female,1677-01-01,1718-12-31,14,武,Rule-generated Stage7 member for 合成赵氏.,False
1098757,7010,赵明,male,1673-01-01,1738-12-31,14,武,Rule-generated Stage7 member for 合成赵氏.,False
1098758,7010,赵武梅,female,1676-01-01,1715-12-31,14,武,Rule-generated Stage7 member for 合成赵氏.,False
1098759,7010,赵武伟,male,1674-01-01,1763-12-31,14,武,Rule-generated Stage7 member for 合成赵氏.,False
1098760,7010,赵华,female,1672-01-01,1715-12-31,14,武,Rule-generated Stage7 member for 合成赵氏.,False
1098761,7010,赵德文,male,1672-01-01,1731-12-31,14,武,Rule-generated Stage7 member for 合成赵氏.,False
1098762,7010,赵玉兰,female,1676-01-01,1750-12-31,14,武,Rule-generated Stage7 member for 合成赵氏.,False
1098763,7010,赵明,male,1674-01-01,1726-12-31,14,武,Rule-generated Stage7 member for 合成赵氏.,False
1098764,7010,赵武安,female,1675-01-01,1731-12-31,14,武,Rule-generated Stage7 member for 合成赵氏.,False
1098765,7010,赵安安,male,1673-01-01,1744-12-31,14,武,Rule-generated Stage7 member for 合成赵氏.,False
1098766,7010,赵华,female,1672-01-01,1767-12-31,14,武,Rule-generated Stage7 member for 合成赵氏.,False
1098767,7010,赵武强,male,1675-01-01,1747-12-31,14,武,Rule-generated Stage7 member for 合成赵氏.,False
1098768,7010,赵武安,female,1673-01-01,1738-12-31,14,武,Rule-generated Stage7 member for 合成赵氏.,False
1098769,7010,赵强,male,1672-01-01,1727-12-31,14,武,Rule-generated Stage7 member for 合成赵氏.,False
1098770,7010,赵强,female,1675-01-01,1710-12-31,14,武,Rule-generated Stage7 member for 合成赵氏.,False
1098771,7010,赵武世,male,1675-01-01,1752-12-31,14,武,Rule-generated Stage7 member for 合成赵氏.,False
1098772,7010,赵武玉,female,1678-01-01,1718-12-31,14,武,Rule-generated Stage7 member for 合成赵氏.,False
1098773,7010,赵武国,male,1676-01-01,1721-12-31,14,武,Rule-generated Stage7 member for 合成赵氏.,False
1098774,7010,赵武宁,female,1677-01-01,1726-12-31,14,武,Rule-generated Stage7 member for 合成赵氏.,False
1098775,7010,赵成伟,male,1676-01-01,1744-12-31,14,武,Rule-generated Stage7 member for 合成赵氏.,False
1098776,7010,赵武宁,female,1678-01-01,1754-12-31,14,武,Rule-generated Stage7 member for 合成赵氏.,False
1098777,7010,赵武强,male,1677-01-01,1736-12-31,14,武,Rule-generated Stage7 member for 合成赵氏.,False
1098778,7010,赵敏,female,1674-01-01,1745-12-31,14,武,Rule-generated Stage7 member for 合成赵氏.,False
1098779,7010,赵强安,male,1676-01-01,1730-12-31,14,武,Rule-generated Stage7 member for 合成赵氏.,False
1098780,7010,赵华慧,female,1676-01-01,1706-12-31,14,武,Rule-generated Stage7 member for 合成赵氏.,False
1098781,7010,赵成景,male,1675-01-01,1737-12-31,14,武,Rule-generated Stage7 member for 合成赵氏.,False
1098782,7010,赵武敏,female,1678-01-01,1765-12-31,14,武,Rule-generated Stage7 member for 合成赵氏.,False
1098783,7010,赵丽,male,1674-01-01,1758-12-31,14,武,Rule-generated Stage7 member for 合成赵氏.,False
1098784,7010,赵武慧,female,1675-01-01,1709-12-31,14,武,Rule-generated Stage7 member for 合成赵氏.,False
1098785,7010,赵武承,male,1672-01-01,1769-12-31,14,武,Rule-generated Stage7 member for 合成赵氏.,False
1098786,7010,赵武雅,female,1676-01-01,1722-12-31,14,武,Rule-generated Stage7 member for 合成赵氏.,False
1098787,7010,赵武安,male,1675-01-01,1729-12-31,14,武,Rule-generated Stage7 member for 合成赵氏.,False
1098788,7010,赵武敏,female,1676-01-01,1767-12-31,14,武,Rule-generated Stage7 member for 合成赵氏.,False
1098789,7010,赵武明,male,1672-01-01,1779-12-31,14,武,Rule-generated Stage7 member for 合成赵氏.,False
1098790,7010,赵武宁,female,1677-01-01,1744-12-31,14,武,Rule-generated Stage7 member for 合成赵氏.,False
1098791,7010,赵德文,male,1676-01-01,1742-12-31,14,武,Rule-generated Stage7 member for 合成赵氏.,False
1098792,7010,赵华梅,female,1677-01-01,1718-12-31,14,武,Rule-generated Stage7 member for 合成赵氏.,False
1098793,7010,赵安伟,male,1673-01-01,1740-12-31,14,武,Rule-generated Stage7 member for 合成赵氏.,False
1098794,7010,赵武慧,female,1677-01-01,1729-12-31,14,武,Rule-generated Stage7 member for 合成赵氏.,False
1098795,7010,赵武宗,male,1678-01-01,1757-12-31,14,武,Rule-generated Stage7 member for 合成赵氏.,False
1098796,7010,赵武华,female,1674-01-01,1748-12-31,14,武,Rule-generated Stage7 member for 合成赵氏.,False
1098797,7010,赵世安,male,1673-01-01,1750-12-31,14,武,Rule-generated Stage7 member for 合成赵氏.,False
1098798,7010,赵敏,female,1672-01-01,1740-12-31,14,武,Rule-generated Stage7 member for 合成赵氏.,False
1098799,7010,赵敏,male,1675-01-01,1752-12-31,14,武,Rule-generated Stage7 member for 合成赵氏.,False
1098800,7010,赵安敏,female,1678-01-01,1740-12-31,14,武,Rule-generated Stage7 member for 合成赵氏.,False
1098801,7010,赵武世,male,1673-01-01,1729-12-31,14,武,Rule-generated Stage7 member for 合成赵氏.,False
1098802,7010,赵明,female,1673-01-01,1726-12-31,14,武,Rule-generated Stage7 member for 合成赵氏.,False
1098803,7010,赵武伟,male,1673-01-01,1749-12-31,14,武,Rule-generated Stage7 member for 合成赵氏.,False
1098804,7010,赵武玉,female,1678-01-01,1720-12-31,14,武,Rule-generated Stage7 member for 合成赵氏.,False
1098805,7010,赵强宗,male,1677-01-01,1751-12-31,14,武,Rule-generated Stage7 member for 合成赵氏.,False
1098806,7010,赵武华,female,1676-01-01,1730-12-31,14,武,Rule-generated Stage7 member for 合成赵氏.,False
1098807,7010,赵世承,male,1675-01-01,1728-12-31,14,武,Rule-generated Stage7 member for 合成赵氏.,False
1098808,7010,赵雅雅,female,1677-01-01,1731-12-31,14,武,Rule-generated Stage7 member for 合成赵氏.,False
1098809,7010,赵武安,male,1675-01-01,1747-12-31,14,武,Rule-generated Stage7 member for 合成赵氏.,False
1098810,7010,赵安敏,female,1672-01-01,1733-12-31,14,武,Rule-generated Stage7 member for 合成赵氏.,False
1098811,7010,赵武宗,male,1675-01-01,1783-12-31,14,武,Rule-generated Stage7 member for 合成赵氏.,False
1098812,7010,赵敏敏,female,1675-01-01,1724-12-31,14,武,Rule-generated Stage7 member for 合成赵氏.,False
1098813,7010,赵武景,male,1673-01-01,1725-12-31,14,武,Rule-generated Stage7 member for 合成赵氏.,False
1098814,7010,赵清玉,female,1676-01-01,1723-12-31,14,武,Rule-generated Stage7 member for 合成赵氏.,False
1098815,7010,赵武成,male,1673-01-01,1763-12-31,14,武,Rule-generated Stage7 member for 合成赵氏.,False
1098816,7010,赵武敏,female,1677-01-01,1775-12-31,14,武,Rule-generated Stage7 member for 合成赵氏.,False
1098817,7010,赵武明,male,1678-01-01,1776-12-31,14,武,Rule-generated Stage7 member for 合成赵氏.,False
1098818,7010,赵明,female,1676-01-01,1755-12-31,14,武,Rule-generated Stage7 member for 合成赵氏.,False
1098819,7010,赵景国,male,1674-01-01,1756-12-31,14,武,Rule-generated Stage7 member for 合成赵氏.,False
1098820,7010,赵武清,female,1678-01-01,1710-12-31,14,武,Rule-generated Stage7 member for 合成赵氏.,False
1098821,7010,赵伟伟,male,1672-01-01,1750-12-31,14,武,Rule-generated Stage7 member for 合成赵氏.,False
1098822,7010,赵武清,female,1675-01-01,1734-12-31,14,武,Rule-generated Stage7 member for 合成赵氏.,False
1098823,7010,赵华,male,1675-01-01,1770-12-31,14,武,Rule-generated Stage7 member for 合成赵氏.,False
1098824,7010,赵武清,female,1674-01-01,1764-12-31,14,武,Rule-generated Stage7 member for 合成赵氏.,False
1098825,7010,赵武国,male,1675-01-01,1716-12-31,14,武,Rule-generated Stage7 member for 合成赵氏.,False
1098826,7010,赵武清,female,1677-01-01,1725-12-31,14,武,Rule-generated Stage7 member for 合成赵氏.,False
1098827,7010,赵强国,male,1675-01-01,1742-12-31,14,武,Rule-generated Stage7 member for 合成赵氏.,False
1098828,7010,赵武丽,female,1675-01-01,1768-12-31,14,武,Rule-generated Stage7 member for 合成赵氏.,False
1098829,7010,赵武国,male,1672-01-01,1733-12-31,14,武,Rule-generated Stage7 member for 合成赵氏.,False
1098830,7010,赵武玉,female,1676-01-01,1715-12-31,14,武,Rule-generated Stage7 member for 合成赵氏.,False
1098831,7010,赵丽,male,1677-01-01,1731-12-31,14,武,Rule-generated Stage7 member for 合成赵氏.,False
1098832,7010,赵雅华,female,1672-01-01,1736-12-31,14,武,Rule-generated Stage7 member for 合成赵氏.,False
1098833,7010,赵武明,male,1674-01-01,1729-12-31,14,武,Rule-generated Stage7 member for 合成赵氏.,False
1098834,7010,赵明,female,1676-01-01,1712-12-31,14,武,Rule-generated Stage7 member for 合成赵氏.,False
1098835,7010,赵武成,male,1675-01-01,1760-12-31,14,武,Rule-generated Stage7 member for 合成赵氏.,False
1098836,7010,赵武玉,female,1673-01-01,1741-12-31,14,武,Rule-generated Stage7 member for 合成赵氏.,False
1098837,7010,赵国国,male,1673-01-01,1711-12-31,14,武,Rule-generated Stage7 member for 合成赵氏.,False
1098838,7010,赵武雅,female,1676-01-01,1764-12-31,14,武,Rule-generated Stage7 member for 合成赵氏.,False
1098839,7010,赵伟世,male,1672-01-01,1752-12-31,14,武,Rule-generated Stage7 member for 合成赵氏.,False
1098840,7010,赵伟,female,1676-01-01,1738-12-31,14,武,Rule-generated Stage7 member for 合成赵氏.,False
1098841,7010,赵武明,male,1673-01-01,1750-12-31,14,武,Rule-generated Stage7 member for 合成赵氏.,False
1098842,7010,赵武芳,female,1677-01-01,1696-12-31,14,武,Rule-generated Stage7 member for 合成赵氏.,False
1098843,7010,赵武世,male,1677-01-01,1751-12-31,14,武,Rule-generated Stage7 member for 合成赵氏.,False
1098844,7010,赵武宁,female,1673-01-01,1760-12-31,14,武,Rule-generated Stage7 member for 合成赵氏.,False
1098845,7010,赵武文,male,1674-01-01,1750-12-31,14,武,Rule-generated Stage7 member for 合成赵氏.,False
1098846,7010,赵兰清,female,1674-01-01,1706-12-31,14,武,Rule-generated Stage7 member for 合成赵氏.,False
1098847,7010,赵安承,male,1675-01-01,1742-12-31,14,武,Rule-generated Stage7 member for 合成赵氏.,False
1098848,7010,赵强,female,1672-01-01,1748-12-31,14,武,Rule-generated Stage7 member for 合成赵氏.,False
1098849,7010,赵武伟,male,1672-01-01,1752-12-31,14,武,Rule-generated Stage7 member for 合成赵氏.,False
1098850,7010,赵武安,female,1674-01-01,1704-12-31,14,武,Rule-generated Stage7 member for 合成赵氏.,False
1098851,7010,赵安国,male,1674-01-01,1739-12-31,14,武,Rule-generated Stage7 member for 合成赵氏.,False
1098852,7010,赵武清,female,1677-01-01,1747-12-31,14,武,Rule-generated Stage7 member for 合成赵氏.,False
1098853,7010,赵武国,male,1677-01-01,1740-12-31,14,武,Rule-generated Stage7 member for 合成赵氏.,False
1098854,7010,赵宁雅,female,1674-01-01,1722-12-31,14,武,Rule-generated Stage7 member for 合成赵氏.,False
1098855,7010,赵丽,male,1676-01-01,1725-12-31,14,武,Rule-generated Stage7 member for 合成赵氏.,False
1098856,7010,赵武清,female,1672-01-01,1699-12-31,14,武,Rule-generated Stage7 member for 合成赵氏.,False
1098857,7010,赵武景,male,1673-01-01,1727-12-31,14,武,Rule-generated Stage7 member for 合成赵氏.,False
1098858,7010,赵武宁,female,1676-01-01,1752-12-31,14,武,Rule-generated Stage7 member for 合成赵氏.,False
1098859,7010,赵武德,male,1674-01-01,1757-12-31,14,武,Rule-generated Stage7 member for 合成赵氏.,False
1098860,7010,赵武丽,female,1678-01-01,1707-12-31,14,武,Rule-generated Stage7 member for 合成赵氏.,False
1098861,7010,赵明,male,1675-01-01,1745-12-31,14,武,Rule-generated Stage7 member for 合成赵氏.,False
1098862,7010,赵雅华,female,1673-01-01,1738-12-31,14,武,Rule-generated Stage7 member for 合成赵氏.,False
1098863,7010,赵武德,male,1678-01-01,1735-12-31,14,武,Rule-generated Stage7 member for 合成赵氏.,False
1098864,7010,赵雅玉,female,1673-01-01,1732-12-31,14,武,Rule-generated Stage7 member for 合成赵氏.,False
1098865,7010,赵武承,male,1677-01-01,1715-12-31,14,武,Rule-generated Stage7 member for 合成赵氏.,False
1098866,7010,赵武敏,female,1675-01-01,1746-12-31,14,武,Rule-generated Stage7 member for 合成赵氏.,False
1098867,7010,赵武文,male,1675-01-01,1761-12-31,14,武,Rule-generated Stage7 member for 合成赵氏.,False
1098868,7010,赵武玉,female,1676-01-01,1758-12-31,14,武,Rule-generated Stage7 member for 合成赵氏.,False
1098869,7010,赵成明,male,1672-01-01,1744-12-31,14,武,Rule-generated Stage7 member for 合成赵氏.,False
1098870,7010,赵昌国,male,1693-01-01,1749-12-31,15,昌,Rule-generated Stage7 member for 合成赵氏.,False
1098871,7010,赵昌清,female,1694-01-01,1717-12-31,15,昌,Rule-generated Stage7 member for 合成赵氏.,False
1098872,7010,赵华,male,1693-01-01,1719-12-31,15,昌,Rule-generated Stage7 member for 合成赵氏.,False
1098873,7010,赵慧兰,female,1693-01-01,1730-12-31,15,昌,Rule-generated Stage7 member for 合成赵氏.,False
1098874,7010,赵敏,male,1697-01-01,1749-12-31,15,昌,Rule-generated Stage7 member for 合成赵氏.,False
1098875,7010,赵昌敏,female,1699-01-01,1773-12-31,15,昌,Rule-generated Stage7 member for 合成赵氏.,False
1098876,7010,赵景明,male,1695-01-01,1785-12-31,15,昌,Rule-generated Stage7 member for 合成赵氏.,False
1098877,7010,赵昌安,female,1694-01-01,1767-12-31,15,昌,Rule-generated Stage7 member for 合成赵氏.,False
1098878,7010,赵昌伟,male,1695-01-01,1739-12-31,15,昌,Rule-generated Stage7 member for 合成赵氏.,False
1098879,7010,赵丽,female,1697-01-01,1769-12-31,15,昌,Rule-generated Stage7 member for 合成赵氏.,False
1098880,7010,赵昌成,male,1699-01-01,1728-12-31,15,昌,Rule-generated Stage7 member for 合成赵氏.,False
1098881,7010,赵昌敏,female,1693-01-01,1763-12-31,15,昌,Rule-generated Stage7 member for 合成赵氏.,False
1098882,7010,赵昌国,male,1698-01-01,1737-12-31,15,昌,Rule-generated Stage7 member for 合成赵氏.,False
1098883,7010,赵昌玉,female,1698-01-01,1788-12-31,15,昌,Rule-generated Stage7 member for 合成赵氏.,False
1098884,7010,赵昌伟,male,1698-01-01,1782-12-31,15,昌,Rule-generated Stage7 member for 合成赵氏.,False
1098885,7010,赵昌兰,female,1696-01-01,1747-12-31,15,昌,Rule-generated Stage7 member for 合成赵氏.,False
1098886,7010,赵伟,male,1699-01-01,1758-12-31,15,昌,Rule-generated Stage7 member for 合成赵氏.,False
1098887,7010,赵梅兰,female,1699-01-01,1763-12-31,15,昌,Rule-generated Stage7 member for 合成赵氏.,False
1098888,7010,赵昌成,male,1695-01-01,1731-12-31,15,昌,Rule-generated Stage7 member for 合成赵氏.,False
1098889,7010,赵敏,female,1694-01-01,1741-12-31,15,昌,Rule-generated Stage7 member for 合成赵氏.,False
1098890,7010,赵昌文,male,1699-01-01,1735-12-31,15,昌,Rule-generated Stage7 member for 合成赵氏.,False
1098891,7010,赵敏宁,female,1698-01-01,1744-12-31,15,昌,Rule-generated Stage7 member for 合成赵氏.,False
1098892,7010,赵承安,male,1697-01-01,1796-12-31,15,昌,Rule-generated Stage7 member for 合成赵氏.,False
1098893,7010,赵昌芳,female,1698-01-01,1735-12-31,15,昌,Rule-generated Stage7 member for 合成赵氏.,False
1098894,7010,赵昌国,male,1693-01-01,1737-12-31,15,昌,Rule-generated Stage7 member for 合成赵氏.,False
1098895,7010,赵安雅,female,1694-01-01,1796-12-31,15,昌,Rule-generated Stage7 member for 合成赵氏.,False
1098896,7010,赵华,male,1695-01-01,1780-12-31,15,昌,Rule-generated Stage7 member for 合成赵氏.,False
1098897,7010,赵慧敏,female,1693-01-01,1754-12-31,15,昌,Rule-generated Stage7 member for 合成赵氏.,False
1098898,7010,赵昌伟,male,1696-01-01,1772-12-31,15,昌,Rule-generated Stage7 member for 合成赵氏.,False
1098899,7010,赵梅华,female,1694-01-01,1780-12-31,15,昌,Rule-generated Stage7 member for 合成赵氏.,False
1098900,7010,赵昌强,male,1696-01-01,1773-12-31,15,昌,Rule-generated Stage7 member for 合成赵氏.,False
1098901,7010,赵芳宁,female,1693-01-01,1757-12-31,15,昌,Rule-generated Stage7 member for 合成赵氏.,False
1098902,7010,赵昌成,male,1698-01-01,1741-12-31,15,昌,Rule-generated Stage7 member for 合成赵氏.,False
1098903,7010,赵敏丽,female,1695-01-01,1762-12-31,15,昌,Rule-generated Stage7 member for 合成赵氏.,False
1098904,7010,赵伟,male,1693-01-01,1746-12-31,15,昌,Rule-generated Stage7 member for 合成赵氏.,False
1098905,7010,赵昌梅,female,1698-01-01,1760-12-31,15,昌,Rule-generated Stage7 member for 合成赵氏.,False
1098906,7010,赵国明,male,1696-01-01,1734-12-31,15,昌,Rule-generated Stage7 member for 合成赵氏.,False
1098907,7010,赵昌宁,female,1695-01-01,1766-12-31,15,昌,Rule-generated Stage7 member for 合成赵氏.,False
1098908,7010,赵昌宗,male,1695-01-01,1753-12-31,15,昌,Rule-generated Stage7 member for 合成赵氏.,False
1098909,7010,赵昌雅,female,1694-01-01,1759-12-31,15,昌,Rule-generated Stage7 member for 合成赵氏.,False
1098910,7010,赵世伟,male,1693-01-01,1724-12-31,15,昌,Rule-generated Stage7 member for 合成赵氏.,False
1098911,7010,赵华,female,1698-01-01,1738-12-31,15,昌,Rule-generated Stage7 member for 合成赵氏.,False
1098912,7010,赵昌世,male,1694-01-01,1746-12-31,15,昌,Rule-generated Stage7 member for 合成赵氏.,False
1098913,7010,赵雅慧,female,1693-01-01,1740-12-31,15,昌,Rule-generated Stage7 member for 合成赵氏.,False
1098914,7010,赵文宗,male,1694-01-01,1731-12-31,15,昌,Rule-generated Stage7 member for 合成赵氏.,False
1098915,7010,赵昌安,female,1699-01-01,1746-12-31,15,昌,Rule-generated Stage7 member for 合成赵氏.,False
1098916,7010,赵昌宗,male,1697-01-01,1731-12-31,15,昌,Rule-generated Stage7 member for 合成赵氏.,False
1098917,7010,赵昌丽,female,1694-01-01,1777-12-31,15,昌,Rule-generated Stage7 member for 合成赵氏.,False
1098918,7010,赵昌文,male,1696-01-01,1756-12-31,15,昌,Rule-generated Stage7 member for 合成赵氏.,False
1098919,7010,赵昌清,female,1693-01-01,1769-12-31,15,昌,Rule-generated Stage7 member for 合成赵氏.,False
1098920,7010,赵敏,male,1694-01-01,1770-12-31,15,昌,Rule-generated Stage7 member for 合成赵氏.,False
1098921,7010,赵昌芳,female,1694-01-01,1771-12-31,15,昌,Rule-generated Stage7 member for 合成赵氏.,False
1098922,7010,赵昌伟,male,1697-01-01,1790-12-31,15,昌,Rule-generated Stage7 member for 合成赵氏.,False
1098923,7010,赵昌安,female,1693-01-01,1789-12-31,15,昌,Rule-generated Stage7 member for 合成赵氏.,False
1098924,7010,赵昌强,male,1693-01-01,1761-12-31,15,昌,Rule-generated Stage7 member for 合成赵氏.,False
1098925,7010,赵昌玉,female,1697-01-01,1793-12-31,15,昌,Rule-generated Stage7 member for 合成赵氏.,False
1098926,7010,赵成文,male,1697-01-01,1768-12-31,15,昌,Rule-generated Stage7 member for 合成赵氏.,False
1098927,7010,赵明,female,1696-01-01,1774-12-31,15,昌,Rule-generated Stage7 member for 合成赵氏.,False
1098928,7010,赵昌安,male,1695-01-01,1749-12-31,15,昌,Rule-generated Stage7 member for 合成赵氏.,False
1098929,7010,赵昌丽,female,1695-01-01,1796-12-31,15,昌,Rule-generated Stage7 member for 合成赵氏.,False
1098930,7010,赵昌景,male,1693-01-01,1757-12-31,15,昌,Rule-generated Stage7 member for 合成赵氏.,False
1098931,7010,赵昌雅,female,1694-01-01,1761-12-31,15,昌,Rule-generated Stage7 member for 合成赵氏.,False
1098932,7010,赵德伟,male,1697-01-01,1764-12-31,15,昌,Rule-generated Stage7 member for 合成赵氏.,False
1098933,7010,赵慧雅,female,1698-01-01,1744-12-31,15,昌,Rule-generated Stage7 member for 合成赵氏.,False
1098934,7010,赵昌强,male,1693-01-01,1758-12-31,15,昌,Rule-generated Stage7 member for 合成赵氏.,False
1098935,7010,赵慧安,female,1697-01-01,1751-12-31,15,昌,Rule-generated Stage7 member for 合成赵氏.,False
1098936,7010,赵昌文,male,1693-01-01,1758-12-31,15,昌,Rule-generated Stage7 member for 合成赵氏.,False
1098937,7010,赵昌芳,female,1697-01-01,1754-12-31,15,昌,Rule-generated Stage7 member for 合成赵氏.,False
1098938,7010,赵安国,male,1695-01-01,1744-12-31,15,昌,Rule-generated Stage7 member for 合成赵氏.,False
1098939,7010,赵昌华,female,1699-01-01,1792-12-31,15,昌,Rule-generated Stage7 member for 合成赵氏.,False
1098940,7010,赵安伟,male,1697-01-01,1739-12-31,15,昌,Rule-generated Stage7 member for 合成赵氏.,False
1098941,7010,赵昌敏,female,1696-01-01,1722-12-31,15,昌,Rule-generated Stage7 member for 合成赵氏.,False
1098942,7010,赵世世,male,1697-01-01,1755-12-31,15,昌,Rule-generated Stage7 member for 合成赵氏.,False
1098943,7010,赵敏安,female,1699-01-01,1783-12-31,15,昌,Rule-generated Stage7 member for 合成赵氏.,False
1098944,7010,赵宗成,male,1693-01-01,1764-12-31,15,昌,Rule-generated Stage7 member for 合成赵氏.,False
1098945,7010,赵昌芳,female,1699-01-01,1757-12-31,15,昌,Rule-generated Stage7 member for 合成赵氏.,False
1098946,7010,赵强明,male,1696-01-01,1720-12-31,15,昌,Rule-generated Stage7 member for 合成赵氏.,False
1098947,7010,赵芳玉,female,1699-01-01,1770-12-31,15,昌,Rule-generated Stage7 member for 合成赵氏.,False
1098948,7010,赵昌明,male,1696-01-01,1757-12-31,15,昌,Rule-generated Stage7 member for 合成赵氏.,False
1098949,7010,赵昌安,female,1696-01-01,1771-12-31,15,昌,Rule-generated Stage7 member for 合成赵氏.,False
1098950,7010,赵昌强,male,1698-01-01,1774-12-31,15,昌,Rule-generated Stage7 member for 合成赵氏.,False
1098951,7010,赵昌梅,female,1693-01-01,1771-12-31,15,昌,Rule-generated Stage7 member for 合成赵氏.,False
1098952,7010,赵昌伟,male,1693-01-01,1754-12-31,15,昌,Rule-generated Stage7 member for 合成赵氏.,False
1098953,7010,赵昌玉,female,1698-01-01,1741-12-31,15,昌,Rule-generated Stage7 member for 合成赵氏.,False
1098954,7010,赵昌文,male,1698-01-01,1761-12-31,15,昌,Rule-generated Stage7 member for 合成赵氏.,False
1098955,7010,赵昌梅,female,1699-01-01,1733-12-31,15,昌,Rule-generated Stage7 member for 合成赵氏.,False
1098956,7010,赵昌成,male,1695-01-01,1752-12-31,15,昌,Rule-generated Stage7 member for 合成赵氏.,False
1098957,7010,赵敏梅,female,1697-01-01,1751-12-31,15,昌,Rule-generated Stage7 member for 合成赵氏.,False
1098958,7010,赵昌安,male,1699-01-01,1791-12-31,15,昌,Rule-generated Stage7 member for 合成赵氏.,False
1098959,7010,赵昌安,female,1697-01-01,1786-12-31,15,昌,Rule-generated Stage7 member for 合成赵氏.,False
1098960,7010,赵昌安,male,1693-01-01,1737-12-31,15,昌,Rule-generated Stage7 member for 合成赵氏.,False
1098961,7010,赵昌宁,female,1694-01-01,1778-12-31,15,昌,Rule-generated Stage7 member for 合成赵氏.,False
1098962,7010,赵昌成,male,1699-01-01,1773-12-31,15,昌,Rule-generated Stage7 member for 合成赵氏.,False
1098963,7010,赵昌清,female,1697-01-01,1785-12-31,15,昌,Rule-generated Stage7 member for 合成赵氏.,False
1098964,7010,赵景文,male,1699-01-01,1764-12-31,15,昌,Rule-generated Stage7 member for 合成赵氏.,False
1098965,7010,赵芳兰,female,1694-01-01,1769-12-31,15,昌,Rule-generated Stage7 member for 合成赵氏.,False
1098966,7010,赵昌成,male,1698-01-01,1782-12-31,15,昌,Rule-generated Stage7 member for 合成赵氏.,False
1098967,7010,赵安慧,female,1695-01-01,1752-12-31,15,昌,Rule-generated Stage7 member for 合成赵氏.,False
1098968,7010,赵昌景,male,1694-01-01,1753-12-31,15,昌,Rule-generated Stage7 member for 合成赵氏.,False
1098969,7010,赵梅兰,female,1698-01-01,1769-12-31,15,昌,Rule-generated Stage7 member for 合成赵氏.,False
1098970,7010,赵昌景,male,1695-01-01,1784-12-31,15,昌,Rule-generated Stage7 member for 合成赵氏.,False
1098971,7010,赵昌兰,female,1694-01-01,1757-12-31,15,昌,Rule-generated Stage7 member for 合成赵氏.,False
1098972,7010,赵世明,male,1696-01-01,1754-12-31,15,昌,Rule-generated Stage7 member for 合成赵氏.,False
1098973,7010,赵昌雅,female,1697-01-01,1776-12-31,15,昌,Rule-generated Stage7 member for 合成赵氏.,False
1098974,7010,赵昌伟,male,1698-01-01,1777-12-31,15,昌,Rule-generated Stage7 member for 合成赵氏.,False
1098975,7010,赵昌敏,female,1695-01-01,1734-12-31,15,昌,Rule-generated Stage7 member for 合成赵氏.,False
1098976,7010,赵强德,male,1693-01-01,1743-12-31,15,昌,Rule-generated Stage7 member for 合成赵氏.,False
1098977,7010,赵华华,female,1697-01-01,1792-12-31,15,昌,Rule-generated Stage7 member for 合成赵氏.,False
1098978,7010,赵昌国,male,1695-01-01,1750-12-31,15,昌,Rule-generated Stage7 member for 合成赵氏.,False
1098979,7010,赵兰安,female,1694-01-01,1747-12-31,15,昌,Rule-generated Stage7 member for 合成赵氏.,False
1098980,7010,赵明强,male,1694-01-01,1758-12-31,15,昌,Rule-generated Stage7 member for 合成赵氏.,False
1098981,7010,赵昌兰,female,1698-01-01,1783-12-31,15,昌,Rule-generated Stage7 member for 合成赵氏.,False
1098982,7010,赵国明,male,1698-01-01,1789-12-31,15,昌,Rule-generated Stage7 member for 合成赵氏.,False
1098983,7010,赵昌玉,female,1697-01-01,1752-12-31,15,昌,Rule-generated Stage7 member for 合成赵氏.,False
1098984,7010,赵昌世,male,1694-01-01,1767-12-31,15,昌,Rule-generated Stage7 member for 合成赵氏.,False
1098985,7010,赵昌宁,female,1699-01-01,1774-12-31,15,昌,Rule-generated Stage7 member for 合成赵氏.,False
1098986,7010,赵昌宗,male,1698-01-01,1750-12-31,15,昌,Rule-generated Stage7 member for 合成赵氏.,False
1098987,7010,赵昌梅,female,1695-01-01,1756-12-31,15,昌,Rule-generated Stage7 member for 合成赵氏.,False
1098988,7010,赵昌承,male,1694-01-01,1780-12-31,15,昌,Rule-generated Stage7 member for 合成赵氏.,False
1098989,7010,赵昌兰,female,1697-01-01,1773-12-31,15,昌,Rule-generated Stage7 member for 合成赵氏.,False
1098990,7010,赵昌安,male,1694-01-01,1737-12-31,15,昌,Rule-generated Stage7 member for 合成赵氏.,False
1098991,7010,赵昌梅,female,1696-01-01,1743-12-31,15,昌,Rule-generated Stage7 member for 合成赵氏.,False
1098992,7010,赵昌伟,male,1695-01-01,1758-12-31,15,昌,Rule-generated Stage7 member for 合成赵氏.,False
1098993,7010,赵昌兰,female,1698-01-01,1762-12-31,15,昌,Rule-generated Stage7 member for 合成赵氏.,False
1098994,7010,赵丽,male,1714-01-01,1787-12-31,16,隆,Rule-generated Stage7 member for 合成赵氏.,False
1098995,7010,赵梅兰,female,1715-01-01,1785-12-31,16,隆,Rule-generated Stage7 member for 合成赵氏.,False
1098996,7010,赵明,male,1714-01-01,1757-12-31,16,隆,Rule-generated Stage7 member for 合成赵氏.,False
1098997,7010,赵隆芳,female,1720-01-01,1751-12-31,16,隆,Rule-generated Stage7 member for 合成赵氏.,False
1098998,7010,赵宗承,male,1714-01-01,1790-12-31,16,隆,Rule-generated Stage7 member for 合成赵氏.,False
1098999,7010,赵隆丽,female,1720-01-01,1788-12-31,16,隆,Rule-generated Stage7 member for 合成赵氏.,False
1099000,7010,赵隆伟,male,1716-01-01,1791-12-31,16,隆,Rule-generated Stage7 member for 合成赵氏.,False
1099001,7010,赵梅兰,female,1718-01-01,1814-12-31,16,隆,Rule-generated Stage7 member for 合成赵氏.,False
1099002,7010,赵国强,male,1719-01-01,1783-12-31,16,隆,Rule-generated Stage7 member for 合成赵氏.,False
1099003,7010,赵隆宁,female,1719-01-01,1788-12-31,16,隆,Rule-generated Stage7 member for 合成赵氏.,False
1099004,7010,赵世安,male,1716-01-01,1779-12-31,16,隆,Rule-generated Stage7 member for 合成赵氏.,False
1099005,7010,赵隆丽,female,1716-01-01,1792-12-31,16,隆,Rule-generated Stage7 member for 合成赵氏.,False
1099006,7010,赵景文,male,1717-01-01,1783-12-31,16,隆,Rule-generated Stage7 member for 合成赵氏.,False
1099007,7010,赵梅慧,female,1715-01-01,1769-12-31,16,隆,Rule-generated Stage7 member for 合成赵氏.,False
1099008,7010,赵隆伟,male,1716-01-01,1809-12-31,16,隆,Rule-generated Stage7 member for 合成赵氏.,False
1099009,7010,赵华,female,1717-01-01,1774-12-31,16,隆,Rule-generated Stage7 member for 合成赵氏.,False
1099010,7010,赵隆明,male,1715-01-01,1787-12-31,16,隆,Rule-generated Stage7 member for 合成赵氏.,False
1099011,7010,赵隆清,female,1715-01-01,1789-12-31,16,隆,Rule-generated Stage7 member for 合成赵氏.,False
1099012,7010,赵丽,male,1720-01-01,1793-12-31,16,隆,Rule-generated Stage7 member for 合成赵氏.,False
1099013,7010,赵敏,female,1716-01-01,1798-12-31,16,隆,Rule-generated Stage7 member for 合成赵氏.,False
1099014,7010,赵国承,male,1716-01-01,1764-12-31,16,隆,Rule-generated Stage7 member for 合成赵氏.,False
1099015,7010,赵隆宁,female,1718-01-01,1781-12-31,16,隆,Rule-generated Stage7 member for 合成赵氏.,False
1099016,7010,赵世伟,male,1714-01-01,1777-12-31,16,隆,Rule-generated Stage7 member for 合成赵氏.,False
1099017,7010,赵隆梅,female,1717-01-01,1805-12-31,16,隆,Rule-generated Stage7 member for 合成赵氏.,False
1099018,7010,赵隆德,male,1714-01-01,1782-12-31,16,隆,Rule-generated Stage7 member for 合成赵氏.,False
1099019,7010,赵隆芳,female,1719-01-01,1798-12-31,16,隆,Rule-generated Stage7 member for 合成赵氏.,False
1099020,7010,赵隆宗,male,1719-01-01,1767-12-31,16,隆,Rule-generated Stage7 member for 合成赵氏.,False
1099021,7010,赵华华,female,1718-01-01,1786-12-31,16,隆,Rule-generated Stage7 member for 合成赵氏.,False
1099022,7010,赵隆安,male,1717-01-01,1797-12-31,16,隆,Rule-generated Stage7 member for 合成赵氏.,False
1099023,7010,赵慧丽,female,1718-01-01,1769-12-31,16,隆,Rule-generated Stage7 member for 合成赵氏.,False
1099024,7010,赵隆宗,male,1718-01-01,1817-12-31,16,隆,Rule-generated Stage7 member for 合成赵氏.,False
1099025,7010,赵隆敏,female,1719-01-01,1802-12-31,16,隆,Rule-generated Stage7 member for 合成赵氏.,False
1099026,7010,赵隆世,male,1714-01-01,1779-12-31,16,隆,Rule-generated Stage7 member for 合成赵氏.,False
1099027,7010,赵隆慧,female,1714-01-01,1787-12-31,16,隆,Rule-generated Stage7 member for 合成赵氏.,False
1099028,7010,赵隆强,male,1715-01-01,1769-12-31,16,隆,Rule-generated Stage7 member for 合成赵氏.,False
1099029,7010,赵安宁,female,1717-01-01,1813-12-31,16,隆,Rule-generated Stage7 member for 合成赵氏.,False
1099030,7010,赵文强,male,1717-01-01,1786-12-31,16,隆,Rule-generated Stage7 member for 合成赵氏.,False
1099031,7010,赵梅安,female,1718-01-01,1807-12-31,16,隆,Rule-generated Stage7 member for 合成赵氏.,False
1099032,7010,赵强,male,1716-01-01,1803-12-31,16,隆,Rule-generated Stage7 member for 合成赵氏.,False
1099033,7010,赵隆雅,female,1720-01-01,1791-12-31,16,隆,Rule-generated Stage7 member for 合成赵氏.,False
1099034,7010,赵隆宗,male,1717-01-01,1794-12-31,16,隆,Rule-generated Stage7 member for 合成赵氏.,False
1099035,7010,赵隆雅,female,1719-01-01,1761-12-31,16,隆,Rule-generated Stage7 member for 合成赵氏.,False
1099036,7010,赵敏,male,1716-01-01,1808-12-31,16,隆,Rule-generated Stage7 member for 合成赵氏.,False
1099037,7010,赵隆玉,female,1716-01-01,1761-12-31,16,隆,Rule-generated Stage7 member for 合成赵氏.,False
1099038,7010,赵安景,male,1719-01-01,1797-12-31,16,隆,Rule-generated Stage7 member for 合成赵氏.,False
1099039,7010,赵隆华,female,1716-01-01,1747-12-31,16,隆,Rule-generated Stage7 member for 合成赵氏.,False
1099040,7010,赵强世,male,1718-01-01,1793-12-31,16,隆,Rule-generated Stage7 member for 合成赵氏.,False
1099041,7010,赵隆清,female,1714-01-01,1797-12-31,16,隆,Rule-generated Stage7 member for 合成赵氏.,False
1099042,7010,赵隆安,male,1720-01-01,1765-12-31,16,隆,Rule-generated Stage7 member for 合成赵氏.,False
1099043,7010,赵华,female,1718-01-01,1786-12-31,16,隆,Rule-generated Stage7 member for 合成赵氏.,False
1099044,7010,赵隆安,male,1720-01-01,1798-12-31,16,隆,Rule-generated Stage7 member for 合成赵氏.,False
1099045,7010,赵隆慧,female,1720-01-01,1773-12-31,16,隆,Rule-generated Stage7 member for 合成赵氏.,False
1099046,7010,赵隆德,male,1719-01-01,1750-12-31,16,隆,Rule-generated Stage7 member for 合成赵氏.,False
1099047,7010,赵明,female,1717-01-01,1769-12-31,16,隆,Rule-generated Stage7 member for 合成赵氏.,False
1099048,7010,赵隆成,male,1717-01-01,1801-12-31,16,隆,Rule-generated Stage7 member for 合成赵氏.,False
1099049,7010,赵隆慧,female,1714-01-01,1801-12-31,16,隆,Rule-generated Stage7 member for 合成赵氏.,False
1099050,7010,赵隆文,male,1716-01-01,1777-12-31,16,隆,Rule-generated Stage7 member for 合成赵氏.,False
1099051,7010,赵宁芳,female,1714-01-01,1773-12-31,16,隆,Rule-generated Stage7 member for 合成赵氏.,False
1099052,7010,赵隆安,male,1714-01-01,1750-12-31,16,隆,Rule-generated Stage7 member for 合成赵氏.,False
1099053,7010,赵隆玉,female,1714-01-01,1761-12-31,16,隆,Rule-generated Stage7 member for 合成赵氏.,False
1099054,7010,赵隆安,male,1718-01-01,1783-12-31,16,隆,Rule-generated Stage7 member for 合成赵氏.,False
1099055,7010,赵华,female,1717-01-01,1773-12-31,16,隆,Rule-generated Stage7 member for 合成赵氏.,False
1099056,7010,赵文安,male,1718-01-01,1788-12-31,16,隆,Rule-generated Stage7 member for 合成赵氏.,False
1099057,7010,赵隆宁,female,1720-01-01,1755-12-31,16,隆,Rule-generated Stage7 member for 合成赵氏.,False
1099058,7010,赵敏,male,1716-01-01,1773-12-31,16,隆,Rule-generated Stage7 member for 合成赵氏.,False
1099059,7010,赵隆芳,female,1716-01-01,1765-12-31,16,隆,Rule-generated Stage7 member for 合成赵氏.,False
1099060,7010,赵隆安,male,1717-01-01,1795-12-31,16,隆,Rule-generated Stage7 member for 合成赵氏.,False
1099061,7010,赵兰宁,female,1717-01-01,1780-12-31,16,隆,Rule-generated Stage7 member for 合成赵氏.,False
1099062,7010,赵成安,male,1717-01-01,1818-12-31,16,隆,Rule-generated Stage7 member for 合成赵氏.,False
1099063,7010,赵敏敏,female,1719-01-01,1768-12-31,16,隆,Rule-generated Stage7 member for 合成赵氏.,False
1099064,7010,赵宗成,male,1715-01-01,1765-12-31,16,隆,Rule-generated Stage7 member for 合成赵氏.,False
1099065,7010,赵丽,female,1714-01-01,1784-12-31,16,隆,Rule-generated Stage7 member for 合成赵氏.,False
1099066,7010,赵隆安,male,1714-01-01,1805-12-31,16,隆,Rule-generated Stage7 member for 合成赵氏.,False
1099067,7010,赵华,female,1716-01-01,1753-12-31,16,隆,Rule-generated Stage7 member for 合成赵氏.,False
1099068,7010,赵隆安,male,1719-01-01,1798-12-31,16,隆,Rule-generated Stage7 member for 合成赵氏.,False
1099069,7010,赵隆华,female,1715-01-01,1802-12-31,16,隆,Rule-generated Stage7 member for 合成赵氏.,False
1099070,7010,赵承宗,male,1719-01-01,1792-12-31,16,隆,Rule-generated Stage7 member for 合成赵氏.,False
1099071,7010,赵隆慧,female,1715-01-01,1768-12-31,16,隆,Rule-generated Stage7 member for 合成赵氏.,False
1099072,7010,赵明伟,male,1714-01-01,1793-12-31,16,隆,Rule-generated Stage7 member for 合成赵氏.,False
1099073,7010,赵隆宁,female,1718-01-01,1786-12-31,16,隆,Rule-generated Stage7 member for 合成赵氏.,False
1099074,7010,赵隆强,male,1714-01-01,1757-12-31,16,隆,Rule-generated Stage7 member for 合成赵氏.,False
1099075,7010,赵慧玉,female,1716-01-01,1798-12-31,16,隆,Rule-generated Stage7 member for 合成赵氏.,False
1099076,7010,赵隆宗,male,1717-01-01,1810-12-31,16,隆,Rule-generated Stage7 member for 合成赵氏.,False
1099077,7010,赵隆玉,female,1714-01-01,1752-12-31,16,隆,Rule-generated Stage7 member for 合成赵氏.,False
1099078,7010,赵隆伟,male,1716-01-01,1777-12-31,16,隆,Rule-generated Stage7 member for 合成赵氏.,False
1099079,7010,赵芳雅,female,1719-01-01,1811-12-31,16,隆,Rule-generated Stage7 member for 合成赵氏.,False
1099080,7010,赵隆明,male,1714-01-01,1764-12-31,16,隆,Rule-generated Stage7 member for 合成赵氏.,False
1099081,7010,赵隆清,female,1718-01-01,1810-12-31,16,隆,Rule-generated Stage7 member for 合成赵氏.,False
1099082,7010,赵华,male,1715-01-01,1802-12-31,16,隆,Rule-generated Stage7 member for 合成赵氏.,False
1099083,7010,赵兰清,female,1720-01-01,1795-12-31,16,隆,Rule-generated Stage7 member for 合成赵氏.,False
1099084,7010,赵隆德,male,1718-01-01,1800-12-31,16,隆,Rule-generated Stage7 member for 合成赵氏.,False
1099085,7010,赵隆丽,female,1716-01-01,1751-12-31,16,隆,Rule-generated Stage7 member for 合成赵氏.,False
1099086,7010,赵隆成,male,1715-01-01,1746-12-31,16,隆,Rule-generated Stage7 member for 合成赵氏.,False
1099087,7010,赵隆安,female,1719-01-01,1801-12-31,16,隆,Rule-generated Stage7 member for 合成赵氏.,False
1099088,7010,赵隆安,male,1716-01-01,1792-12-31,16,隆,Rule-generated Stage7 member for 合成赵氏.,False
1099089,7010,赵雅慧,female,1715-01-01,1793-12-31,16,隆,Rule-generated Stage7 member for 合成赵氏.,False
1099090,7010,赵成国,male,1716-01-01,1811-12-31,16,隆,Rule-generated Stage7 member for 合成赵氏.,False
1099091,7010,赵隆雅,female,1719-01-01,1781-12-31,16,隆,Rule-generated Stage7 member for 合成赵氏.,False
1099092,7010,赵明世,male,1714-01-01,1763-12-31,16,隆,Rule-generated Stage7 member for 合成赵氏.,False
1099093,7010,赵隆梅,female,1716-01-01,1783-12-31,16,隆,Rule-generated Stage7 member for 合成赵氏.,False
1099094,7010,赵隆国,male,1718-01-01,1758-12-31,16,隆,Rule-generated Stage7 member for 合成赵氏.,False
1099095,7010,赵慧雅,female,1716-01-01,1750-12-31,16,隆,Rule-generated Stage7 member for 合成赵氏.,False
1099096,7010,赵文强,male,1714-01-01,1762-12-31,16,隆,Rule-generated Stage7 member for 合成赵氏.,False
1099097,7010,赵隆宁,female,1719-01-01,1781-12-31,16,隆,Rule-generated Stage7 member for 合成赵氏.,False
1099098,7010,赵隆景,male,1714-01-01,1761-12-31,16,隆,Rule-generated Stage7 member for 合成赵氏.,False
1099099,7010,赵隆雅,female,1718-01-01,1783-12-31,16,隆,Rule-generated Stage7 member for 合成赵氏.,False
1099100,7010,赵世文,male,1720-01-01,1784-12-31,16,隆,Rule-generated Stage7 member for 合成赵氏.,False
1099101,7010,赵芳雅,female,1718-01-01,1780-12-31,16,隆,Rule-generated Stage7 member for 合成赵氏.,False
1099102,7010,赵隆国,male,1717-01-01,1773-12-31,16,隆,Rule-generated Stage7 member for 合成赵氏.,False
1099103,7010,赵隆安,female,1714-01-01,1802-12-31,16,隆,Rule-generated Stage7 member for 合成赵氏.,False
1099104,7010,赵伟,male,1720-01-01,1785-12-31,16,隆,Rule-generated Stage7 member for 合成赵氏.,False
1099105,7010,赵慧玉,female,1714-01-01,1771-12-31,16,隆,Rule-generated Stage7 member for 合成赵氏.,False
1099106,7010,赵世承,male,1715-01-01,1796-12-31,16,隆,Rule-generated Stage7 member for 合成赵氏.,False
1099107,7010,赵隆宁,female,1720-01-01,1806-12-31,16,隆,Rule-generated Stage7 member for 合成赵氏.,False
1099108,7010,赵隆强,male,1714-01-01,1765-12-31,16,隆,Rule-generated Stage7 member for 合成赵氏.,False
1099109,7010,赵隆兰,female,1719-01-01,1787-12-31,16,隆,Rule-generated Stage7 member for 合成赵氏.,False
1099110,7010,赵明,male,1714-01-01,1804-12-31,16,隆,Rule-generated Stage7 member for 合成赵氏.,False
1099111,7010,赵丽清,female,1719-01-01,1792-12-31,16,隆,Rule-generated Stage7 member for 合成赵氏.,False
1099112,7010,赵宗强,male,1719-01-01,1786-12-31,16,隆,Rule-generated Stage7 member for 合成赵氏.,False
1099113,7010,赵隆雅,female,1716-01-01,1763-12-31,16,隆,Rule-generated Stage7 member for 合成赵氏.,False
1099114,7010,赵隆世,male,1718-01-01,1808-12-31,16,隆,Rule-generated Stage7 member for 合成赵氏.,False
1099115,7010,赵敏,female,1717-01-01,1787-12-31,16,隆,Rule-generated Stage7 member for 合成赵氏.,False
1099116,7010,赵伟世,male,1719-01-01,1793-12-31,16,隆,Rule-generated Stage7 member for 合成赵氏.,False
1099117,7010,赵隆敏,female,1717-01-01,1744-12-31,16,隆,Rule-generated Stage7 member for 合成赵氏.,False
1099118,7010,赵绍世,male,1738-01-01,1816-12-31,17,绍,Rule-generated Stage7 member for 合成赵氏.,False
1099119,7010,赵绍华,female,1736-01-01,1799-12-31,17,绍,Rule-generated Stage7 member for 合成赵氏.,False
1099120,7010,赵强,male,1740-01-01,1806-12-31,17,绍,Rule-generated Stage7 member for 合成赵氏.,False
1099121,7010,赵绍慧,female,1735-01-01,1813-12-31,17,绍,Rule-generated Stage7 member for 合成赵氏.,False
1099122,7010,赵绍安,male,1739-01-01,1809-12-31,17,绍,Rule-generated Stage7 member for 合成赵氏.,False
1099123,7010,赵绍梅,female,1738-01-01,1812-12-31,17,绍,Rule-generated Stage7 member for 合成赵氏.,False
1099124,7010,赵伟宗,male,1735-01-01,1805-12-31,17,绍,Rule-generated Stage7 member for 合成赵氏.,False
1099125,7010,赵绍玉,female,1736-01-01,1812-12-31,17,绍,Rule-generated Stage7 member for 合成赵氏.,False
1099126,7010,赵绍德,male,1737-01-01,1812-12-31,17,绍,Rule-generated Stage7 member for 合成赵氏.,False
1099127,7010,赵绍芳,female,1739-01-01,1816-12-31,17,绍,Rule-generated Stage7 member for 合成赵氏.,False
1099128,7010,赵国德,male,1737-01-01,1842-12-31,17,绍,Rule-generated Stage7 member for 合成赵氏.,False
1099129,7010,赵芳兰,female,1739-01-01,1777-12-31,17,绍,Rule-generated Stage7 member for 合成赵氏.,False
1099130,7010,赵绍国,male,1737-01-01,1767-12-31,17,绍,Rule-generated Stage7 member for 合成赵氏.,False
1099131,7010,赵清华,female,1741-01-01,1777-12-31,17,绍,Rule-generated Stage7 member for 合成赵氏.,False
1099132,7010,赵绍安,male,1737-01-01,1832-12-31,17,绍,Rule-generated Stage7 member for 合成赵氏.,False
1099133,7010,赵绍玉,female,1735-01-01,1806-12-31,17,绍,Rule-generated Stage7 member for 合成赵氏.,False
1099134,7010,赵绍安,male,1740-01-01,1796-12-31,17,绍,Rule-generated Stage7 member for 合成赵氏.,False
1099135,7010,赵绍芳,female,1735-01-01,1789-12-31,17,绍,Rule-generated Stage7 member for 合成赵氏.,False
1099136,7010,赵绍伟,male,1737-01-01,1786-12-31,17,绍,Rule-generated Stage7 member for 合成赵氏.,False
1099137,7010,赵绍芳,female,1740-01-01,1792-12-31,17,绍,Rule-generated Stage7 member for 合成赵氏.,False
1099138,7010,赵成强,male,1738-01-01,1799-12-31,17,绍,Rule-generated Stage7 member for 合成赵氏.,False
1099139,7010,赵绍丽,female,1741-01-01,1826-12-31,17,绍,Rule-generated Stage7 member for 合成赵氏.,False
1099140,7010,赵绍世,male,1739-01-01,1779-12-31,17,绍,Rule-generated Stage7 member for 合成赵氏.,False
1099141,7010,赵绍芳,female,1736-01-01,1810-12-31,17,绍,Rule-generated Stage7 member for 合成赵氏.,False
1099142,7010,赵强成,male,1739-01-01,1802-12-31,17,绍,Rule-generated Stage7 member for 合成赵氏.,False
1099143,7010,赵绍梅,female,1736-01-01,1776-12-31,17,绍,Rule-generated Stage7 member for 合成赵氏.,False
1099144,7010,赵绍承,male,1739-01-01,1789-12-31,17,绍,Rule-generated Stage7 member for 合成赵氏.,False
1099145,7010,赵绍安,female,1736-01-01,1835-12-31,17,绍,Rule-generated Stage7 member for 合成赵氏.,False
1099146,7010,赵绍明,male,1741-01-01,1814-12-31,17,绍,Rule-generated Stage7 member for 合成赵氏.,False
1099147,7010,赵兰玉,female,1735-01-01,1784-12-31,17,绍,Rule-generated Stage7 member for 合成赵氏.,False
1099148,7010,赵德强,male,1736-01-01,1801-12-31,17,绍,Rule-generated Stage7 member for 合成赵氏.,False
1099149,7010,赵绍慧,female,1736-01-01,1798-12-31,17,绍,Rule-generated Stage7 member for 合成赵氏.,False
1099150,7010,赵绍世,male,1740-01-01,1813-12-31,17,绍,Rule-generated Stage7 member for 合成赵氏.,False
1099151,7010,赵绍清,female,1736-01-01,1789-12-31,17,绍,Rule-generated Stage7 member for 合成赵氏.,False
1099152,7010,赵丽,male,1739-01-01,1814-12-31,17,绍,Rule-generated Stage7 member for 合成赵氏.,False
1099153,7010,赵安敏,female,1735-01-01,1786-12-31,17,绍,Rule-generated Stage7 member for 合成赵氏.,False
1099154,7010,赵绍承,male,1737-01-01,1804-12-31,17,绍,Rule-generated Stage7 member for 合成赵氏.,False
1099155,7010,赵梅兰,female,1740-01-01,1789-12-31,17,绍,Rule-generated Stage7 member for 合成赵氏.,False
1099156,7010,赵绍德,male,1740-01-01,1798-12-31,17,绍,Rule-generated Stage7 member for 合成赵氏.,False
1099157,7010,赵绍丽,female,1740-01-01,1803-12-31,17,绍,Rule-generated Stage7 member for 合成赵氏.,False
1099158,7010,赵成强,male,1735-01-01,1795-12-31,17,绍,Rule-generated Stage7 member for 合成赵氏.,False
1099159,7010,赵绍兰,female,1736-01-01,1816-12-31,17,绍,Rule-generated Stage7 member for 合成赵氏.,False
1099160,7010,赵成承,male,1740-01-01,1793-12-31,17,绍,Rule-generated Stage7 member for 合成赵氏.,False
1099161,7010,赵敏,female,1735-01-01,1821-12-31,17,绍,Rule-generated Stage7 member for 合成赵氏.,False
1099162,7010,赵景强,male,1738-01-01,1790-12-31,17,绍,Rule-generated Stage7 member for 合成赵氏.,False
1099163,7010,赵绍玉,female,1736-01-01,1810-12-31,17,绍,Rule-generated Stage7 member for 合成赵氏.,False
1099164,7010,赵绍世,male,1739-01-01,1807-12-31,17,绍,Rule-generated Stage7 member for 合成赵氏.,False
1099165,7010,赵绍丽,female,1736-01-01,1807-12-31,17,绍,Rule-generated Stage7 member for 合成赵氏.,False
1099166,7010,赵绍文,male,1735-01-01,1804-12-31,17,绍,Rule-generated Stage7 member for 合成赵氏.,False
1099167,7010,赵绍芳,female,1741-01-01,1799-12-31,17,绍,Rule-generated Stage7 member for 合成赵氏.,False
1099168,7010,赵绍安,male,1735-01-01,1826-12-31,17,绍,Rule-generated Stage7 member for 合成赵氏.,False
1099169,7010,赵绍雅,female,1738-01-01,1796-12-31,17,绍,Rule-generated Stage7 member for 合成赵氏.,False
1099170,7010,赵承伟,male,1737-01-01,1835-12-31,17,绍,Rule-generated Stage7 member for 合成赵氏.,False
1099171,7010,赵清宁,female,1738-01-01,1770-12-31,17,绍,Rule-generated Stage7 member for 合成赵氏.,False
1099172,7010,赵绍世,male,1737-01-01,1841-12-31,17,绍,Rule-generated Stage7 member for 合成赵氏.,False
1099173,7010,赵梅玉,female,1738-01-01,1821-12-31,17,绍,Rule-generated Stage7 member for 合成赵氏.,False
1099174,7010,赵绍宗,male,1735-01-01,1787-12-31,17,绍,Rule-generated Stage7 member for 合成赵氏.,False
1099175,7010,赵宁慧,female,1735-01-01,1758-12-31,17,绍,Rule-generated Stage7 member for 合成赵氏.,False
1099176,7010,赵绍世,male,1740-01-01,1804-12-31,17,绍,Rule-generated Stage7 member for 合成赵氏.,False
1099177,7010,赵雅慧,female,1741-01-01,1824-12-31,17,绍,Rule-generated Stage7 member for 合成赵氏.,False
1099178,7010,赵德世,male,1740-01-01,1787-12-31,17,绍,Rule-generated Stage7 member for 合成赵氏.,False
1099179,7010,赵绍清,female,1738-01-01,1803-12-31,17,绍,Rule-generated Stage7 member for 合成赵氏.,False
1099180,7010,赵强承,male,1736-01-01,1806-12-31,17,绍,Rule-generated Stage7 member for 合成赵氏.,False
1099181,7010,赵绍兰,female,1740-01-01,1785-12-31,17,绍,Rule-generated Stage7 member for 合成赵氏.,False
1099182,7010,赵成安,male,1735-01-01,1798-12-31,17,绍,Rule-generated Stage7 member for 合成赵氏.,False
1099183,7010,赵丽,female,1736-01-01,1819-12-31,17,绍,Rule-generated Stage7 member for 合成赵氏.,False
1099184,7010,赵绍承,male,1740-01-01,1804-12-31,17,绍,Rule-generated Stage7 member for 合成赵氏.,False
1099185,7010,赵玉慧,female,1735-01-01,1801-12-31,17,绍,Rule-generated Stage7 member for 合成赵氏.,False
1099186,7010,赵绍德,male,1739-01-01,1833-12-31,17,绍,Rule-generated Stage7 member for 合成赵氏.,False
1099187,7010,赵绍安,female,1738-01-01,1800-12-31,17,绍,Rule-generated Stage7 member for 合成赵氏.,False
1099188,7010,赵绍安,male,1740-01-01,1791-12-31,17,绍,Rule-generated Stage7 member for 合成赵氏.,False
1099189,7010,赵绍华,female,1739-01-01,1820-12-31,17,绍,Rule-generated Stage7 member for 合成赵氏.,False
1099190,7010,赵绍国,male,1740-01-01,1805-12-31,17,绍,Rule-generated Stage7 member for 合成赵氏.,False
1099191,7010,赵绍慧,female,1739-01-01,1799-12-31,17,绍,Rule-generated Stage7 member for 合成赵氏.,False
1099192,7010,赵丽,male,1741-01-01,1824-12-31,17,绍,Rule-generated Stage7 member for 合成赵氏.,False
1099193,7010,赵绍兰,female,1736-01-01,1770-12-31,17,绍,Rule-generated Stage7 member for 合成赵氏.,False
1099194,7010,赵德世,male,1740-01-01,1762-12-31,17,绍,Rule-generated Stage7 member for 合成赵氏.,False
1099195,7010,赵绍清,female,1738-01-01,1818-12-31,17,绍,Rule-generated Stage7 member for 合成赵氏.,False
1099196,7010,赵国德,male,1736-01-01,1825-12-31,17,绍,Rule-generated Stage7 member for 合成赵氏.,False
1099197,7010,赵强,female,1739-01-01,1805-12-31,17,绍,Rule-generated Stage7 member for 合成赵氏.,False
1099198,7010,赵绍德,male,1736-01-01,1795-12-31,17,绍,Rule-generated Stage7 member for 合成赵氏.,False
1099199,7010,赵绍清,female,1740-01-01,1840-12-31,17,绍,Rule-generated Stage7 member for 合成赵氏.,False
1099200,7010,赵绍安,male,1741-01-01,1816-12-31,17,绍,Rule-generated Stage7 member for 合成赵氏.,False
1099201,7010,赵丽敏,female,1738-01-01,1792-12-31,17,绍,Rule-generated Stage7 member for 合成赵氏.,False
1099202,7010,赵强,male,1738-01-01,1773-12-31,17,绍,Rule-generated Stage7 member for 合成赵氏.,False
1099203,7010,赵敏兰,female,1737-01-01,1794-12-31,17,绍,Rule-generated Stage7 member for 合成赵氏.,False
1099204,7010,赵绍伟,male,1739-01-01,1768-12-31,17,绍,Rule-generated Stage7 member for 合成赵氏.,False
1099205,7010,赵华宁,female,1739-01-01,1810-12-31,17,绍,Rule-generated Stage7 member for 合成赵氏.,False
1099206,7010,赵伟,male,1738-01-01,1773-12-31,17,绍,Rule-generated Stage7 member for 合成赵氏.,False
1099207,7010,赵绍雅,female,1741-01-01,1821-12-31,17,绍,Rule-generated Stage7 member for 合成赵氏.,False
1099208,7010,赵绍世,male,1736-01-01,1775-12-31,17,绍,Rule-generated Stage7 member for 合成赵氏.,False
1099209,7010,赵绍安,female,1738-01-01,1759-12-31,17,绍,Rule-generated Stage7 member for 合成赵氏.,False
1099210,7010,赵景德,male,1737-01-01,1783-12-31,17,绍,Rule-generated Stage7 member for 合成赵氏.,False
1099211,7010,赵绍梅,female,1741-01-01,1814-12-31,17,绍,Rule-generated Stage7 member for 合成赵氏.,False
1099212,7010,赵明世,male,1735-01-01,1780-12-31,17,绍,Rule-generated Stage7 member for 合成赵氏.,False
1099213,7010,赵宁华,female,1736-01-01,1814-12-31,17,绍,Rule-generated Stage7 member for 合成赵氏.,False
1099214,7010,赵德文,male,1739-01-01,1831-12-31,17,绍,Rule-generated Stage7 member for 合成赵氏.,False
1099215,7010,赵雅兰,female,1741-01-01,1800-12-31,17,绍,Rule-generated Stage7 member for 合成赵氏.,False
1099216,7010,赵丽,male,1741-01-01,1813-12-31,17,绍,Rule-generated Stage7 member for 合成赵氏.,False
1099217,7010,赵玉安,female,1738-01-01,1762-12-31,17,绍,Rule-generated Stage7 member for 合成赵氏.,False
1099218,7010,赵绍德,male,1736-01-01,1817-12-31,17,绍,Rule-generated Stage7 member for 合成赵氏.,False
1099219,7010,赵绍兰,female,1739-01-01,1815-12-31,17,绍,Rule-generated Stage7 member for 合成赵氏.,False
1099220,7010,赵国明,male,1740-01-01,1834-12-31,17,绍,Rule-generated Stage7 member for 合成赵氏.,False
1099221,7010,赵宁慧,female,1738-01-01,1824-12-31,17,绍,Rule-generated Stage7 member for 合成赵氏.,False
1099222,7010,赵绍文,male,1735-01-01,1812-12-31,17,绍,Rule-generated Stage7 member for 合成赵氏.,False
1099223,7010,赵丽华,female,1737-01-01,1798-12-31,17,绍,Rule-generated Stage7 member for 合成赵氏.,False
1099224,7010,赵绍世,male,1736-01-01,1792-12-31,17,绍,Rule-generated Stage7 member for 合成赵氏.,False
1099225,7010,赵芳慧,female,1736-01-01,1817-12-31,17,绍,Rule-generated Stage7 member for 合成赵氏.,False
1099226,7010,赵强强,male,1739-01-01,1806-12-31,17,绍,Rule-generated Stage7 member for 合成赵氏.,False
1099227,7010,赵敏,female,1738-01-01,1825-12-31,17,绍,Rule-generated Stage7 member for 合成赵氏.,False
1099228,7010,赵宗景,male,1735-01-01,1801-12-31,17,绍,Rule-generated Stage7 member for 合成赵氏.,False
1099229,7010,赵梅清,female,1735-01-01,1793-12-31,17,绍,Rule-generated Stage7 member for 合成赵氏.,False
1099230,7010,赵景强,male,1739-01-01,1817-12-31,17,绍,Rule-generated Stage7 member for 合成赵氏.,False
1099231,7010,赵绍雅,female,1741-01-01,1847-12-31,17,绍,Rule-generated Stage7 member for 合成赵氏.,False
1099232,7010,赵绍宗,male,1737-01-01,1812-12-31,17,绍,Rule-generated Stage7 member for 合成赵氏.,False
1099233,7010,赵绍慧,female,1737-01-01,1826-12-31,17,绍,Rule-generated Stage7 member for 合成赵氏.,False
1099234,7010,赵启伟,male,1756-01-01,1809-12-31,18,启,Rule-generated Stage7 member for 合成赵氏.,False
1099235,7010,赵启雅,female,1758-01-01,1800-12-31,18,启,Rule-generated Stage7 member for 合成赵氏.,False
1099236,7010,赵启强,male,1757-01-01,1812-12-31,18,启,Rule-generated Stage7 member for 合成赵氏.,False
1099237,7010,赵启清,female,1759-01-01,1858-12-31,18,启,Rule-generated Stage7 member for 合成赵氏.,False
1099238,7010,赵强景,male,1760-01-01,1827-12-31,18,启,Rule-generated Stage7 member for 合成赵氏.,False
1099239,7010,赵启兰,female,1761-01-01,1852-12-31,18,启,Rule-generated Stage7 member for 合成赵氏.,False
1099240,7010,赵明国,male,1759-01-01,1839-12-31,18,启,Rule-generated Stage7 member for 合成赵氏.,False
1099241,7010,赵玉梅,female,1757-01-01,1862-12-31,18,启,Rule-generated Stage7 member for 合成赵氏.,False
1099242,7010,赵景国,male,1759-01-01,1829-12-31,18,启,Rule-generated Stage7 member for 合成赵氏.,False
1099243,7010,赵梅雅,female,1757-01-01,1836-12-31,18,启,Rule-generated Stage7 member for 合成赵氏.,False
1099244,7010,赵景承,male,1762-01-01,1822-12-31,18,启,Rule-generated Stage7 member for 合成赵氏.,False
1099245,7010,赵启芳,female,1760-01-01,1821-12-31,18,启,Rule-generated Stage7 member for 合成赵氏.,False
1099246,7010,赵启文,male,1761-01-01,1804-12-31,18,启,Rule-generated Stage7 member for 合成赵氏.,False
1099247,7010,赵启丽,female,1759-01-01,1808-12-31,18,启,Rule-generated Stage7 member for 合成赵氏.,False
1099248,7010,赵启宗,male,1762-01-01,1825-12-31,18,启,Rule-generated Stage7 member for 合成赵氏.,False
1099249,7010,赵伟,female,1762-01-01,1845-12-31,18,启,Rule-generated Stage7 member for 合成赵氏.,False
1099250,7010,赵启伟,male,1760-01-01,1824-12-31,18,启,Rule-generated Stage7 member for 合成赵氏.,False
1099251,7010,赵启丽,female,1761-01-01,1837-12-31,18,启,Rule-generated Stage7 member for 合成赵氏.,False
1099252,7010,赵启安,male,1759-01-01,1822-12-31,18,启,Rule-generated Stage7 member for 合成赵氏.,False
1099253,7010,赵雅宁,female,1760-01-01,1832-12-31,18,启,Rule-generated Stage7 member for 合成赵氏.,False
1099254,7010,赵宗世,male,1759-01-01,1826-12-31,18,启,Rule-generated Stage7 member for 合成赵氏.,False
1099255,7010,赵敏丽,female,1757-01-01,1842-12-31,18,启,Rule-generated Stage7 member for 合成赵氏.,False
1099256,7010,赵启宗,male,1758-01-01,1841-12-31,18,启,Rule-generated Stage7 member for 合成赵氏.,False
1099257,7010,赵启梅,female,1756-01-01,1841-12-31,18,启,Rule-generated Stage7 member for 合成赵氏.,False
1099258,7010,赵启文,male,1761-01-01,1853-12-31,18,启,Rule-generated Stage7 member for 合成赵氏.,False
1099259,7010,赵启敏,female,1762-01-01,1839-12-31,18,启,Rule-generated Stage7 member for 合成赵氏.,False
1099260,7010,赵明,male,1759-01-01,1835-12-31,18,启,Rule-generated Stage7 member for 合成赵氏.,False
1099261,7010,赵启清,female,1758-01-01,1839-12-31,18,启,Rule-generated Stage7 member for 合成赵氏.,False
1099262,7010,赵启明,male,1760-01-01,1819-12-31,18,启,Rule-generated Stage7 member for 合成赵氏.,False
1099263,7010,赵启丽,female,1759-01-01,1833-12-31,18,启,Rule-generated Stage7 member for 合成赵氏.,False
1099264,7010,赵宗成,male,1759-01-01,1836-12-31,18,启,Rule-generated Stage7 member for 合成赵氏.,False
1099265,7010,赵启雅,female,1756-01-01,1795-12-31,18,启,Rule-generated Stage7 member for 合成赵氏.,False
1099266,7010,赵明,male,1759-01-01,1821-12-31,18,启,Rule-generated Stage7 member for 合成赵氏.,False
1099267,7010,赵启敏,female,1761-01-01,1806-12-31,18,启,Rule-generated Stage7 member for 合成赵氏.,False
1099268,7010,赵启文,male,1757-01-01,1841-12-31,18,启,Rule-generated Stage7 member for 合成赵氏.,False
1099269,7010,赵启雅,female,1758-01-01,1822-12-31,18,启,Rule-generated Stage7 member for 合成赵氏.,False
1099270,7010,赵启安,male,1759-01-01,1804-12-31,18,启,Rule-generated Stage7 member for 合成赵氏.,False
1099271,7010,赵启芳,female,1756-01-01,1813-12-31,18,启,Rule-generated Stage7 member for 合成赵氏.,False
1099272,7010,赵丽,male,1759-01-01,1829-12-31,18,启,Rule-generated Stage7 member for 合成赵氏.,False
1099273,7010,赵梅敏,female,1760-01-01,1832-12-31,18,启,Rule-generated Stage7 member for 合成赵氏.,False
1099274,7010,赵启国,male,1756-01-01,1857-12-31,18,启,Rule-generated Stage7 member for 合成赵氏.,False
1099275,7010,赵敏,female,1762-01-01,1852-12-31,18,启,Rule-generated Stage7 member for 合成赵氏.,False
1099276,7010,赵启德,male,1761-01-01,1832-12-31,18,启,Rule-generated Stage7 member for 合成赵氏.,False
1099277,7010,赵启安,female,1761-01-01,1827-12-31,18,启,Rule-generated Stage7 member for 合成赵氏.,False
1099278,7010,赵华,male,1758-01-01,1853-12-31,18,启,Rule-generated Stage7 member for 合成赵氏.,False
1099279,7010,赵启梅,female,1758-01-01,1809-12-31,18,启,Rule-generated Stage7 member for 合成赵氏.,False
1099280,7010,赵强安,male,1756-01-01,1821-12-31,18,启,Rule-generated Stage7 member for 合成赵氏.,False
1099281,7010,赵启芳,female,1756-01-01,1819-12-31,18,启,Rule-generated Stage7 member for 合成赵氏.,False
1099282,7010,赵启承,male,1758-01-01,1791-12-31,18,启,Rule-generated Stage7 member for 合成赵氏.,False
1099283,7010,赵芳玉,female,1756-01-01,1825-12-31,18,启,Rule-generated Stage7 member for 合成赵氏.,False
1099284,7010,赵宗安,male,1758-01-01,1803-12-31,18,启,Rule-generated Stage7 member for 合成赵氏.,False
1099285,7010,赵启安,female,1757-01-01,1813-12-31,18,启,Rule-generated Stage7 member for 合成赵氏.,False
1099286,7010,赵成安,male,1761-01-01,1844-12-31,18,启,Rule-generated Stage7 member for 合成赵氏.,False
1099287,7010,赵启安,female,1759-01-01,1844-12-31,18,启,Rule-generated Stage7 member for 合成赵氏.,False
1099288,7010,赵文明,male,1758-01-01,1815-12-31,18,启,Rule-generated Stage7 member for 合成赵氏.,False
1099289,7010,赵启梅,female,1758-01-01,1840-12-31,18,启,Rule-generated Stage7 member for 合成赵氏.,False
1099290,7010,赵启成,male,1759-01-01,1833-12-31,18,启,Rule-generated Stage7 member for 合成赵氏.,False
1099291,7010,赵敏玉,female,1757-01-01,1832-12-31,18,启,Rule-generated Stage7 member for 合成赵氏.,False
1099292,7010,赵启承,male,1761-01-01,1813-12-31,18,启,Rule-generated Stage7 member for 合成赵氏.,False
1099293,7010,赵启雅,female,1760-01-01,1842-12-31,18,启,Rule-generated Stage7 member for 合成赵氏.,False
1099294,7010,赵启德,male,1757-01-01,1824-12-31,18,启,Rule-generated Stage7 member for 合成赵氏.,False
1099295,7010,赵安安,female,1762-01-01,1805-12-31,18,启,Rule-generated Stage7 member for 合成赵氏.,False
1099296,7010,赵启伟,male,1759-01-01,1847-12-31,18,启,Rule-generated Stage7 member for 合成赵氏.,False
1099297,7010,赵启芳,female,1757-01-01,1828-12-31,18,启,Rule-generated Stage7 member for 合成赵氏.,False
1099298,7010,赵启明,male,1761-01-01,1819-12-31,18,启,Rule-generated Stage7 member for 合成赵氏.,False
1099299,7010,赵明,female,1762-01-01,1830-12-31,18,启,Rule-generated Stage7 member for 合成赵氏.,False
1099300,7010,赵国世,male,1762-01-01,1843-12-31,18,启,Rule-generated Stage7 member for 合成赵氏.,False
1099301,7010,赵启清,female,1762-01-01,1841-12-31,18,启,Rule-generated Stage7 member for 合成赵氏.,False
1099302,7010,赵国成,male,1758-01-01,1835-12-31,18,启,Rule-generated Stage7 member for 合成赵氏.,False
1099303,7010,赵敏慧,female,1759-01-01,1801-12-31,18,启,Rule-generated Stage7 member for 合成赵氏.,False
1099304,7010,赵启文,male,1757-01-01,1848-12-31,18,启,Rule-generated Stage7 member for 合成赵氏.,False
1099305,7010,赵启玉,female,1758-01-01,1827-12-31,18,启,Rule-generated Stage7 member for 合成赵氏.,False
1099306,7010,赵启明,male,1761-01-01,1821-12-31,18,启,Rule-generated Stage7 member for 合成赵氏.,False
1099307,7010,赵启宁,female,1761-01-01,1805-12-31,18,启,Rule-generated Stage7 member for 合成赵氏.,False
1099308,7010,赵伟承,male,1758-01-01,1861-12-31,18,启,Rule-generated Stage7 member for 合成赵氏.,False
1099309,7010,赵启芳,female,1762-01-01,1849-12-31,18,启,Rule-generated Stage7 member for 合成赵氏.,False
1099310,7010,赵华,male,1758-01-01,1848-12-31,18,启,Rule-generated Stage7 member for 合成赵氏.,False
1099311,7010,赵强,female,1759-01-01,1804-12-31,18,启,Rule-generated Stage7 member for 合成赵氏.,False
1099312,7010,赵启国,male,1762-01-01,1824-12-31,18,启,Rule-generated Stage7 member for 合成赵氏.,False
1099313,7010,赵丽清,female,1762-01-01,1856-12-31,18,启,Rule-generated Stage7 member for 合成赵氏.,False
1099314,7010,赵明宗,male,1758-01-01,1821-12-31,18,启,Rule-generated Stage7 member for 合成赵氏.,False
1099315,7010,赵丽,female,1761-01-01,1825-12-31,18,启,Rule-generated Stage7 member for 合成赵氏.,False
1099316,7010,赵安宗,male,1761-01-01,1832-12-31,18,启,Rule-generated Stage7 member for 合成赵氏.,False
1099317,7010,赵敏华,female,1762-01-01,1814-12-31,18,启,Rule-generated Stage7 member for 合成赵氏.,False
1099318,7010,赵启宗,male,1761-01-01,1823-12-31,18,启,Rule-generated Stage7 member for 合成赵氏.,False
1099319,7010,赵启慧,female,1757-01-01,1837-12-31,18,启,Rule-generated Stage7 member for 合成赵氏.,False
1099320,7010,赵明安,male,1758-01-01,1838-12-31,18,启,Rule-generated Stage7 member for 合成赵氏.,False
1099321,7010,赵启兰,female,1756-01-01,1805-12-31,18,启,Rule-generated Stage7 member for 合成赵氏.,False
1099322,7010,赵德伟,male,1760-01-01,1811-12-31,18,启,Rule-generated Stage7 member for 合成赵氏.,False
1099323,7010,赵启宁,female,1756-01-01,1838-12-31,18,启,Rule-generated Stage7 member for 合成赵氏.,False
1099324,7010,赵启承,male,1758-01-01,1823-12-31,18,启,Rule-generated Stage7 member for 合成赵氏.,False
1099325,7010,赵丽玉,female,1757-01-01,1810-12-31,18,启,Rule-generated Stage7 member for 合成赵氏.,False
1099326,7010,赵启德,male,1760-01-01,1821-12-31,18,启,Rule-generated Stage7 member for 合成赵氏.,False
1099327,7010,赵启玉,female,1761-01-01,1842-12-31,18,启,Rule-generated Stage7 member for 合成赵氏.,False
1099328,7010,赵启安,male,1761-01-01,1824-12-31,18,启,Rule-generated Stage7 member for 合成赵氏.,False
1099329,7010,赵华清,female,1761-01-01,1845-12-31,18,启,Rule-generated Stage7 member for 合成赵氏.,False
1099330,7010,赵启德,male,1760-01-01,1817-12-31,18,启,Rule-generated Stage7 member for 合成赵氏.,False
1099331,7010,赵玉慧,female,1760-01-01,1800-12-31,18,启,Rule-generated Stage7 member for 合成赵氏.,False
1099332,7010,赵安德,male,1757-01-01,1836-12-31,18,启,Rule-generated Stage7 member for 合成赵氏.,False
1099333,7010,赵兰兰,female,1757-01-01,1809-12-31,18,启,Rule-generated Stage7 member for 合成赵氏.,False
1099334,7010,赵明,male,1758-01-01,1801-12-31,18,启,Rule-generated Stage7 member for 合成赵氏.,False
1099335,7010,赵兰梅,female,1761-01-01,1842-12-31,18,启,Rule-generated Stage7 member for 合成赵氏.,False
1099336,7010,赵启宗,male,1757-01-01,1822-12-31,18,启,Rule-generated Stage7 member for 合成赵氏.,False
1099337,7010,赵启安,female,1761-01-01,1796-12-31,18,启,Rule-generated Stage7 member for 合成赵氏.,False
1099338,7010,赵启世,male,1756-01-01,1839-12-31,18,启,Rule-generated Stage7 member for 合成赵氏.,False
1099339,7010,赵雅安,female,1759-01-01,1805-12-31,18,启,Rule-generated Stage7 member for 合成赵氏.,False
1099340,7010,赵启安,male,1759-01-01,1847-12-31,18,启,Rule-generated Stage7 member for 合成赵氏.,False
1099341,7010,赵启玉,female,1761-01-01,1796-12-31,18,启,Rule-generated Stage7 member for 合成赵氏.,False
1099342,7010,赵盛伟,male,1780-01-01,1841-12-31,19,盛,Rule-generated Stage7 member for 合成赵氏.,False
1099343,7010,赵兰安,female,1783-01-01,1884-12-31,19,盛,Rule-generated Stage7 member for 合成赵氏.,False
1099344,7010,赵盛国,male,1782-01-01,1822-12-31,19,盛,Rule-generated Stage7 member for 合成赵氏.,False
1099345,7010,赵盛雅,female,1778-01-01,1867-12-31,19,盛,Rule-generated Stage7 member for 合成赵氏.,False
1099346,7010,赵盛安,male,1781-01-01,1842-12-31,19,盛,Rule-generated Stage7 member for 合成赵氏.,False
1099347,7010,赵华,female,1777-01-01,1854-12-31,19,盛,Rule-generated Stage7 member for 合成赵氏.,False
1099348,7010,赵德宗,male,1777-01-01,1822-12-31,19,盛,Rule-generated Stage7 member for 合成赵氏.,False
1099349,7010,赵盛芳,female,1779-01-01,1824-12-31,19,盛,Rule-generated Stage7 member for 合成赵氏.,False
1099350,7010,赵成伟,male,1777-01-01,1869-12-31,19,盛,Rule-generated Stage7 member for 合成赵氏.,False
1099351,7010,赵芳敏,female,1779-01-01,1830-12-31,19,盛,Rule-generated Stage7 member for 合成赵氏.,False
1099352,7010,赵盛景,male,1777-01-01,1835-12-31,19,盛,Rule-generated Stage7 member for 合成赵氏.,False
1099353,7010,赵盛安,female,1781-01-01,1844-12-31,19,盛,Rule-generated Stage7 member for 合成赵氏.,False
1099354,7010,赵盛景,male,1783-01-01,1838-12-31,19,盛,Rule-generated Stage7 member for 合成赵氏.,False
1099355,7010,赵华敏,female,1781-01-01,1848-12-31,19,盛,Rule-generated Stage7 member for 合成赵氏.,False
1099356,7010,赵盛宗,male,1782-01-01,1859-12-31,19,盛,Rule-generated Stage7 member for 合成赵氏.,False
1099357,7010,赵盛雅,female,1780-01-01,1843-12-31,19,盛,Rule-generated Stage7 member for 合成赵氏.,False
1099358,7010,赵盛景,male,1783-01-01,1876-12-31,19,盛,Rule-generated Stage7 member for 合成赵氏.,False
1099359,7010,赵盛安,female,1783-01-01,1878-12-31,19,盛,Rule-generated Stage7 member for 合成赵氏.,False
1099360,7010,赵盛成,male,1782-01-01,1858-12-31,19,盛,Rule-generated Stage7 member for 合成赵氏.,False
1099361,7010,赵盛敏,female,1780-01-01,1849-12-31,19,盛,Rule-generated Stage7 member for 合成赵氏.,False
1099362,7010,赵盛明,male,1783-01-01,1887-12-31,19,盛,Rule-generated Stage7 member for 合成赵氏.,False
1099363,7010,赵盛清,female,1783-01-01,1844-12-31,19,盛,Rule-generated Stage7 member for 合成赵氏.,False
1099364,7010,赵盛景,male,1781-01-01,1835-12-31,19,盛,Rule-generated Stage7 member for 合成赵氏.,False
1099365,7010,赵盛兰,female,1783-01-01,1853-12-31,19,盛,Rule-generated Stage7 member for 合成赵氏.,False
1099366,7010,赵丽,male,1778-01-01,1859-12-31,19,盛,Rule-generated Stage7 member for 合成赵氏.,False
1099367,7010,赵安敏,female,1779-01-01,1873-12-31,19,盛,Rule-generated Stage7 member for 合成赵氏.,False
1099368,7010,赵盛伟,male,1782-01-01,1850-12-31,19,盛,Rule-generated Stage7 member for 合成赵氏.,False
1099369,7010,赵华,female,1782-01-01,1878-12-31,19,盛,Rule-generated Stage7 member for 合成赵氏.,False
1099370,7010,赵盛强,male,1778-01-01,1816-12-31,19,盛,Rule-generated Stage7 member for 合成赵氏.,False
1099371,7010,赵盛雅,female,1783-01-01,1861-12-31,19,盛,Rule-generated Stage7 member for 合成赵氏.,False
1099372,7010,赵盛承,male,1780-01-01,1858-12-31,19,盛,Rule-generated Stage7 member for 合成赵氏.,False
1099373,7010,赵盛敏,female,1780-01-01,1867-12-31,19,盛,Rule-generated Stage7 member for 合成赵氏.,False
1099374,7010,赵盛德,male,1780-01-01,1831-12-31,19,盛,Rule-generated Stage7 member for 合成赵氏.,False
1099375,7010,赵敏雅,female,1778-01-01,1860-12-31,19,盛,Rule-generated Stage7 member for 合成赵氏.,False
1099376,7010,赵盛国,male,1779-01-01,1820-12-31,19,盛,Rule-generated Stage7 member for 合成赵氏.,False
1099377,7010,赵盛宁,female,1777-01-01,1844-12-31,19,盛,Rule-generated Stage7 member for 合成赵氏.,False
1099378,7010,赵明德,male,1777-01-01,1829-12-31,19,盛,Rule-generated Stage7 member for 合成赵氏.,False
1099379,7010,赵盛宁,female,1781-01-01,1864-12-31,19,盛,Rule-generated Stage7 member for 合成赵氏.,False
1099380,7010,赵安明,male,1780-01-01,1837-12-31,19,盛,Rule-generated Stage7 member for 合成赵氏.,False
1099381,7010,赵盛敏,female,1777-01-01,1815-12-31,19,盛,Rule-generated Stage7 member for 合成赵氏.,False
1099382,7010,赵伟,male,1783-01-01,1855-12-31,19,盛,Rule-generated Stage7 member for 合成赵氏.,False
1099383,7010,赵安慧,female,1779-01-01,1828-12-31,19,盛,Rule-generated Stage7 member for 合成赵氏.,False
1099384,7010,赵盛承,male,1778-01-01,1813-12-31,19,盛,Rule-generated Stage7 member for 合成赵氏.,False
1099385,7010,赵雅兰,female,1783-01-01,1865-12-31,19,盛,Rule-generated Stage7 member for 合成赵氏.,False
1099386,7010,赵盛伟,male,1779-01-01,1843-12-31,19,盛,Rule-generated Stage7 member for 合成赵氏.,False
1099387,7010,赵敏,female,1778-01-01,1840-12-31,19,盛,Rule-generated Stage7 member for 合成赵氏.,False
1099388,7010,赵盛国,male,1781-01-01,1867-12-31,19,盛,Rule-generated Stage7 member for 合成赵氏.,False
1099389,7010,赵华,female,1780-01-01,1849-12-31,19,盛,Rule-generated Stage7 member for 合成赵氏.,False
1099390,7010,赵盛德,male,1778-01-01,1856-12-31,19,盛,Rule-generated Stage7 member for 合成赵氏.,False
1099391,7010,赵盛华,female,1783-01-01,1863-12-31,19,盛,Rule-generated Stage7 member for 合成赵氏.,False
1099392,7010,赵盛强,male,1778-01-01,1832-12-31,19,盛,Rule-generated Stage7 member for 合成赵氏.,False
1099393,7010,赵盛宁,female,1783-01-01,1865-12-31,19,盛,Rule-generated Stage7 member for 合成赵氏.,False
1099394,7010,赵盛景,male,1783-01-01,1826-12-31,19,盛,Rule-generated Stage7 member for 合成赵氏.,False
1099395,7010,赵华玉,female,1779-01-01,1847-12-31,19,盛,Rule-generated Stage7 member for 合成赵氏.,False
1099396,7010,赵安宗,male,1783-01-01,1841-12-31,19,盛,Rule-generated Stage7 member for 合成赵氏.,False
1099397,7010,赵丽,female,1778-01-01,1855-12-31,19,盛,Rule-generated Stage7 member for 合成赵氏.,False
1099398,7010,赵盛成,male,1778-01-01,1847-12-31,19,盛,Rule-generated Stage7 member for 合成赵氏.,False
1099399,7010,赵盛玉,female,1783-01-01,1832-12-31,19,盛,Rule-generated Stage7 member for 合成赵氏.,False
1099400,7010,赵盛德,male,1781-01-01,1842-12-31,19,盛,Rule-generated Stage7 member for 合成赵氏.,False
1099401,7010,赵华芳,female,1781-01-01,1829-12-31,19,盛,Rule-generated Stage7 member for 合成赵氏.,False
1099402,7010,赵盛文,male,1779-01-01,1848-12-31,19,盛,Rule-generated Stage7 member for 合成赵氏.,False
1099403,7010,赵伟,female,1782-01-01,1857-12-31,19,盛,Rule-generated Stage7 member for 合成赵氏.,False
1099404,7010,赵盛德,male,1777-01-01,1870-12-31,19,盛,Rule-generated Stage7 member for 合成赵氏.,False
1099405,7010,赵盛华,female,1783-01-01,1882-12-31,19,盛,Rule-generated Stage7 member for 合成赵氏.,False
1099406,7010,赵盛世,male,1780-01-01,1829-12-31,19,盛,Rule-generated Stage7 member for 合成赵氏.,False
1099407,7010,赵兰玉,female,1780-01-01,1856-12-31,19,盛,Rule-generated Stage7 member for 合成赵氏.,False
1099408,7010,赵盛安,male,1778-01-01,1839-12-31,19,盛,Rule-generated Stage7 member for 合成赵氏.,False
1099409,7010,赵盛华,female,1781-01-01,1838-12-31,19,盛,Rule-generated Stage7 member for 合成赵氏.,False
1099410,7010,赵盛强,male,1783-01-01,1854-12-31,19,盛,Rule-generated Stage7 member for 合成赵氏.,False
1099411,7010,赵玉宁,female,1782-01-01,1881-12-31,19,盛,Rule-generated Stage7 member for 合成赵氏.,False
1099412,7010,赵盛明,male,1781-01-01,1854-12-31,19,盛,Rule-generated Stage7 member for 合成赵氏.,False
1099413,7010,赵盛慧,female,1781-01-01,1851-12-31,19,盛,Rule-generated Stage7 member for 合成赵氏.,False
1099414,7010,赵德世,male,1779-01-01,1812-12-31,19,盛,Rule-generated Stage7 member for 合成赵氏.,False
1099415,7010,赵玉兰,female,1781-01-01,1829-12-31,19,盛,Rule-generated Stage7 member for 合成赵氏.,False
1099416,7010,赵盛伟,male,1780-01-01,1844-12-31,19,盛,Rule-generated Stage7 member for 合成赵氏.,False
1099417,7010,赵盛宁,female,1781-01-01,1818-12-31,19,盛,Rule-generated Stage7 member for 合成赵氏.,False
1099418,7010,赵盛德,male,1779-01-01,1844-12-31,19,盛,Rule-generated Stage7 member for 合成赵氏.,False
1099419,7010,赵盛安,female,1782-01-01,1836-12-31,19,盛,Rule-generated Stage7 member for 合成赵氏.,False
1099420,7010,赵敏,male,1778-01-01,1836-12-31,19,盛,Rule-generated Stage7 member for 合成赵氏.,False
1099421,7010,赵盛玉,female,1783-01-01,1883-12-31,19,盛,Rule-generated Stage7 member for 合成赵氏.,False
1099422,7010,赵盛宗,male,1779-01-01,1877-12-31,19,盛,Rule-generated Stage7 member for 合成赵氏.,False
1099423,7010,赵盛玉,female,1781-01-01,1809-12-31,19,盛,Rule-generated Stage7 member for 合成赵氏.,False
1099424,7010,赵盛景,male,1779-01-01,1842-12-31,19,盛,Rule-generated Stage7 member for 合成赵氏.,False
1099425,7010,赵敏,female,1777-01-01,1850-12-31,19,盛,Rule-generated Stage7 member for 合成赵氏.,False
1099426,7010,赵盛景,male,1780-01-01,1859-12-31,19,盛,Rule-generated Stage7 member for 合成赵氏.,False
1099427,7010,赵盛安,female,1782-01-01,1833-12-31,19,盛,Rule-generated Stage7 member for 合成赵氏.,False
1099428,7010,赵盛景,male,1782-01-01,1866-12-31,19,盛,Rule-generated Stage7 member for 合成赵氏.,False
1099429,7010,赵盛安,female,1782-01-01,1859-12-31,19,盛,Rule-generated Stage7 member for 合成赵氏.,False
1099430,7010,赵盛国,male,1780-01-01,1855-12-31,19,盛,Rule-generated Stage7 member for 合成赵氏.,False
1099431,7010,赵盛敏,female,1780-01-01,1851-12-31,19,盛,Rule-generated Stage7 member for 合成赵氏.,False
1099432,7010,赵盛成,male,1780-01-01,1870-12-31,19,盛,Rule-generated Stage7 member for 合成赵氏.,False
1099433,7010,赵盛清,female,1781-01-01,1801-12-31,19,盛,Rule-generated Stage7 member for 合成赵氏.,False
1099434,7010,赵盛成,male,1777-01-01,1843-12-31,19,盛,Rule-generated Stage7 member for 合成赵氏.,False
1099435,7010,赵盛宁,female,1779-01-01,1854-12-31,19,盛,Rule-generated Stage7 member for 合成赵氏.,False
1099436,7010,赵明安,male,1780-01-01,1843-12-31,19,盛,Rule-generated Stage7 member for 合成赵氏.,False
1099437,7010,赵盛芳,female,1779-01-01,1845-12-31,19,盛,Rule-generated Stage7 member for 合成赵氏.,False
1099438,7010,赵盛强,male,1783-01-01,1881-12-31,19,盛,Rule-generated Stage7 member for 合成赵氏.,False
1099439,7010,赵盛慧,female,1781-01-01,1811-12-31,19,盛,Rule-generated Stage7 member for 合成赵氏.,False
1099440,7010,赵盛伟,male,1780-01-01,1845-12-31,19,盛,Rule-generated Stage7 member for 合成赵氏.,False
1099441,7010,赵宁华,female,1783-01-01,1830-12-31,19,盛,Rule-generated Stage7 member for 合成赵氏.,False
1099442,7010,赵延成,male,1800-01-01,1843-12-31,20,延,Rule-generated Stage7 member for 合成赵氏.,False
1099443,7010,赵延雅,female,1801-01-01,1876-12-31,20,延,Rule-generated Stage7 member for 合成赵氏.,False
1099444,7010,赵延德,male,1804-01-01,1837-12-31,20,延,Rule-generated Stage7 member for 合成赵氏.,False
1099445,7010,赵延芳,female,1799-01-01,1870-12-31,20,延,Rule-generated Stage7 member for 合成赵氏.,False
1099446,7010,赵延文,male,1804-01-01,1865-12-31,20,延,Rule-generated Stage7 member for 合成赵氏.,False
1099447,7010,赵延丽,female,1799-01-01,1825-12-31,20,延,Rule-generated Stage7 member for 合成赵氏.,False
1099448,7010,赵延国,male,1803-01-01,1888-12-31,20,延,Rule-generated Stage7 member for 合成赵氏.,False
1099449,7010,赵伟,female,1802-01-01,1870-12-31,20,延,Rule-generated Stage7 member for 合成赵氏.,False
1099450,7010,赵延世,male,1801-01-01,1891-12-31,20,延,Rule-generated Stage7 member for 合成赵氏.,False
1099451,7010,赵明,female,1804-01-01,1835-12-31,20,延,Rule-generated Stage7 member for 合成赵氏.,False
1099452,7010,赵伟,male,1800-01-01,1879-12-31,20,延,Rule-generated Stage7 member for 合成赵氏.,False
1099453,7010,赵延雅,female,1804-01-01,1856-12-31,20,延,Rule-generated Stage7 member for 合成赵氏.,False
1099454,7010,赵延宗,male,1803-01-01,1874-12-31,20,延,Rule-generated Stage7 member for 合成赵氏.,False
1099455,7010,赵延安,female,1800-01-01,1870-12-31,20,延,Rule-generated Stage7 member for 合成赵氏.,False
1099456,7010,赵国景,male,1802-01-01,1896-12-31,20,延,Rule-generated Stage7 member for 合成赵氏.,False
1099457,7010,赵延雅,female,1804-01-01,1897-12-31,20,延,Rule-generated Stage7 member for 合成赵氏.,False
1099458,7010,赵伟安,male,1799-01-01,1861-12-31,20,延,Rule-generated Stage7 member for 合成赵氏.,False
1099459,7010,赵延丽,female,1799-01-01,1853-12-31,20,延,Rule-generated Stage7 member for 合成赵氏.,False
1099460,7010,赵景景,male,1798-01-01,1863-12-31,20,延,Rule-generated Stage7 member for 合成赵氏.,False
1099461,7010,赵伟,female,1803-01-01,1888-12-31,20,延,Rule-generated Stage7 member for 合成赵氏.,False
1099462,7010,赵延成,male,1803-01-01,1885-12-31,20,延,Rule-generated Stage7 member for 合成赵氏.,False
1099463,7010,赵雅兰,female,1799-01-01,1848-12-31,20,延,Rule-generated Stage7 member for 合成赵氏.,False
1099464,7010,赵延明,male,1801-01-01,1880-12-31,20,延,Rule-generated Stage7 member for 合成赵氏.,False
1099465,7010,赵延兰,female,1801-01-01,1881-12-31,20,延,Rule-generated Stage7 member for 合成赵氏.,False
1099466,7010,赵延宗,male,1802-01-01,1862-12-31,20,延,Rule-generated Stage7 member for 合成赵氏.,False
1099467,7010,赵清安,female,1798-01-01,1854-12-31,20,延,Rule-generated Stage7 member for 合成赵氏.,False
1099468,7010,赵承安,male,1800-01-01,1847-12-31,20,延,Rule-generated Stage7 member for 合成赵氏.,False
1099469,7010,赵延安,female,1803-01-01,1857-12-31,20,延,Rule-generated Stage7 member for 合成赵氏.,False
1099470,7010,赵延伟,male,1803-01-01,1880-12-31,20,延,Rule-generated Stage7 member for 合成赵氏.,False
1099471,7010,赵延梅,female,1802-01-01,1851-12-31,20,延,Rule-generated Stage7 member for 合成赵氏.,False
1099472,7010,赵宗文,male,1801-01-01,1853-12-31,20,延,Rule-generated Stage7 member for 合成赵氏.,False
1099473,7010,赵宁雅,female,1804-01-01,1883-12-31,20,延,Rule-generated Stage7 member for 合成赵氏.,False
1099474,7010,赵延明,male,1804-01-01,1841-12-31,20,延,Rule-generated Stage7 member for 合成赵氏.,False
1099475,7010,赵延芳,female,1799-01-01,1825-12-31,20,延,Rule-generated Stage7 member for 合成赵氏.,False
1099476,7010,赵成宗,male,1798-01-01,1880-12-31,20,延,Rule-generated Stage7 member for 合成赵氏.,False
1099477,7010,赵延宁,female,1803-01-01,1892-12-31,20,延,Rule-generated Stage7 member for 合成赵氏.,False
1099478,7010,赵延世,male,1802-01-01,1888-12-31,20,延,Rule-generated Stage7 member for 合成赵氏.,False
1099479,7010,赵延清,female,1802-01-01,1852-12-31,20,延,Rule-generated Stage7 member for 合成赵氏.,False
1099480,7010,赵强强,male,1798-01-01,1874-12-31,20,延,Rule-generated Stage7 member for 合成赵氏.,False
1099481,7010,赵延梅,female,1801-01-01,1872-12-31,20,延,Rule-generated Stage7 member for 合成赵氏.,False
1099482,7010,赵明,male,1800-01-01,1859-12-31,20,延,Rule-generated Stage7 member for 合成赵氏.,False
1099483,7010,赵梅玉,female,1803-01-01,1836-12-31,20,延,Rule-generated Stage7 member for 合成赵氏.,False
1099484,7010,赵伟安,male,1801-01-01,1868-12-31,20,延,Rule-generated Stage7 member for 合成赵氏.,False
1099485,7010,赵慧兰,female,1804-01-01,1841-12-31,20,延,Rule-generated Stage7 member for 合成赵氏.,False
1099486,7010,赵延明,male,1802-01-01,1850-12-31,20,延,Rule-generated Stage7 member for 合成赵氏.,False
1099487,7010,赵延玉,female,1801-01-01,1852-12-31,20,延,Rule-generated Stage7 member for 合成赵氏.,False
1099488,7010,赵德伟,male,1801-01-01,1833-12-31,20,延,Rule-generated Stage7 member for 合成赵氏.,False
1099489,7010,赵兰敏,female,1803-01-01,1893-12-31,20,延,Rule-generated Stage7 member for 合成赵氏.,False
1099490,7010,赵延国,male,1801-01-01,1866-12-31,20,延,Rule-generated Stage7 member for 合成赵氏.,False
1099491,7010,赵宁清,female,1804-01-01,1874-12-31,20,延,Rule-generated Stage7 member for 合成赵氏.,False
1099492,7010,赵安景,male,1799-01-01,1863-12-31,20,延,Rule-generated Stage7 member for 合成赵氏.,False
1099493,7010,赵延宁,female,1800-01-01,1872-12-31,20,延,Rule-generated Stage7 member for 合成赵氏.,False
1099494,7010,赵华,male,1801-01-01,1883-12-31,20,延,Rule-generated Stage7 member for 合成赵氏.,False
1099495,7010,赵延华,female,1801-01-01,1874-12-31,20,延,Rule-generated Stage7 member for 合成赵氏.,False
1099496,7010,赵延成,male,1803-01-01,1867-12-31,20,延,Rule-generated Stage7 member for 合成赵氏.,False
1099497,7010,赵敏,female,1800-01-01,1882-12-31,20,延,Rule-generated Stage7 member for 合成赵氏.,False
1099498,7010,赵文宗,male,1802-01-01,1894-12-31,20,延,Rule-generated Stage7 member for 合成赵氏.,False
1099499,7010,赵丽,female,1799-01-01,1887-12-31,20,延,Rule-generated Stage7 member for 合成赵氏.,False
1099500,7010,赵德成,male,1802-01-01,1898-12-31,20,延,Rule-generated Stage7 member for 合成赵氏.,False
1099501,7010,赵宁雅,female,1798-01-01,1859-12-31,20,延,Rule-generated Stage7 member for 合成赵氏.,False
1099502,7010,赵文成,male,1803-01-01,1839-12-31,20,延,Rule-generated Stage7 member for 合成赵氏.,False
1099503,7010,赵延慧,female,1804-01-01,1850-12-31,20,延,Rule-generated Stage7 member for 合成赵氏.,False
1099504,7010,赵延宗,male,1803-01-01,1880-12-31,20,延,Rule-generated Stage7 member for 合成赵氏.,False
1099505,7010,赵延华,female,1804-01-01,1860-12-31,20,延,Rule-generated Stage7 member for 合成赵氏.,False
1099506,7010,赵延世,male,1801-01-01,1871-12-31,20,延,Rule-generated Stage7 member for 合成赵氏.,False
1099507,7010,赵清华,female,1804-01-01,1899-12-31,20,延,Rule-generated Stage7 member for 合成赵氏.,False
1099508,7010,赵延文,male,1800-01-01,1877-12-31,20,延,Rule-generated Stage7 member for 合成赵氏.,False
1099509,7010,赵延梅,female,1803-01-01,1894-12-31,20,延,Rule-generated Stage7 member for 合成赵氏.,False
1099510,7010,赵德文,male,1802-01-01,1843-12-31,20,延,Rule-generated Stage7 member for 合成赵氏.,False
1099511,7010,赵延兰,female,1799-01-01,1875-12-31,20,延,Rule-generated Stage7 member for 合成赵氏.,False
1099512,7010,赵延明,male,1802-01-01,1861-12-31,20,延,Rule-generated Stage7 member for 合成赵氏.,False
1099513,7010,赵延雅,female,1804-01-01,1896-12-31,20,延,Rule-generated Stage7 member for 合成赵氏.,False
1099514,7010,赵延明,male,1799-01-01,1861-12-31,20,延,Rule-generated Stage7 member for 合成赵氏.,False
1099515,7010,赵延安,female,1799-01-01,1846-12-31,20,延,Rule-generated Stage7 member for 合成赵氏.,False
1099516,7010,赵延强,male,1803-01-01,1858-12-31,20,延,Rule-generated Stage7 member for 合成赵氏.,False
1099517,7010,赵延安,female,1800-01-01,1853-12-31,20,延,Rule-generated Stage7 member for 合成赵氏.,False
1099518,7010,赵延德,male,1800-01-01,1889-12-31,20,延,Rule-generated Stage7 member for 合成赵氏.,False
1099519,7010,赵延玉,female,1803-01-01,1832-12-31,20,延,Rule-generated Stage7 member for 合成赵氏.,False
1099520,7010,赵伟,male,1802-01-01,1856-12-31,20,延,Rule-generated Stage7 member for 合成赵氏.,False
1099521,7010,赵延芳,female,1799-01-01,1868-12-31,20,延,Rule-generated Stage7 member for 合成赵氏.,False
1099522,7010,赵延德,male,1802-01-01,1875-12-31,20,延,Rule-generated Stage7 member for 合成赵氏.,False
1099523,7010,赵延雅,female,1804-01-01,1881-12-31,20,延,Rule-generated Stage7 member for 合成赵氏.,False
1099524,7010,赵安强,male,1803-01-01,1899-12-31,20,延,Rule-generated Stage7 member for 合成赵氏.,False
1099525,7010,赵延慧,female,1800-01-01,1885-12-31,20,延,Rule-generated Stage7 member for 合成赵氏.,False
1099526,7010,赵安强,male,1799-01-01,1859-12-31,20,延,Rule-generated Stage7 member for 合成赵氏.,False
1099527,7010,赵延芳,female,1799-01-01,1862-12-31,20,延,Rule-generated Stage7 member for 合成赵氏.,False
1099528,7010,赵延宗,male,1801-01-01,1877-12-31,20,延,Rule-generated Stage7 member for 合成赵氏.,False
1099529,7010,赵延兰,female,1802-01-01,1876-12-31,20,延,Rule-generated Stage7 member for 合成赵氏.,False
1099530,7010,赵延德,male,1799-01-01,1847-12-31,20,延,Rule-generated Stage7 member for 合成赵氏.,False
1099531,7010,赵延安,female,1801-01-01,1897-12-31,20,延,Rule-generated Stage7 member for 合成赵氏.,False
1099532,7010,赵承强,male,1802-01-01,1872-12-31,20,延,Rule-generated Stage7 member for 合成赵氏.,False
1099533,7010,赵延丽,female,1800-01-01,1833-12-31,20,延,Rule-generated Stage7 member for 合成赵氏.,False
1099534,7010,赵宗国,male,1825-01-01,1893-12-31,21,德,Rule-generated Stage7 member for 合成赵氏.,False
1099535,7010,赵德雅,female,1824-01-01,1862-12-31,21,德,Rule-generated Stage7 member for 合成赵氏.,False
1099536,7010,赵德承,male,1824-01-01,1918-12-31,21,德,Rule-generated Stage7 member for 合成赵氏.,False
1099537,7010,赵德慧,female,1825-01-01,1888-12-31,21,德,Rule-generated Stage7 member for 合成赵氏.,False
1099538,7010,赵国国,male,1824-01-01,1885-12-31,21,德,Rule-generated Stage7 member for 合成赵氏.,False
1099539,7010,赵敏玉,female,1822-01-01,1888-12-31,21,德,Rule-generated Stage7 member for 合成赵氏.,False
1099540,7010,赵国明,male,1824-01-01,1894-12-31,21,德,Rule-generated Stage7 member for 合成赵氏.,False
1099541,7010,赵丽,female,1820-01-01,1878-12-31,21,德,Rule-generated Stage7 member for 合成赵氏.,False
1099542,7010,赵德安,male,1820-01-01,1900-12-31,21,德,Rule-generated Stage7 member for 合成赵氏.,False
1099543,7010,赵丽,female,1823-01-01,1881-12-31,21,德,Rule-generated Stage7 member for 合成赵氏.,False
1099544,7010,赵明,male,1825-01-01,1878-12-31,21,德,Rule-generated Stage7 member for 合成赵氏.,False
1099545,7010,赵雅玉,female,1820-01-01,1891-12-31,21,德,Rule-generated Stage7 member for 合成赵氏.,False
1099546,7010,赵德国,male,1820-01-01,1900-12-31,21,德,Rule-generated Stage7 member for 合成赵氏.,False
1099547,7010,赵德慧,female,1825-01-01,1882-12-31,21,德,Rule-generated Stage7 member for 合成赵氏.,False
1099548,7010,赵德德,male,1824-01-01,1909-12-31,21,德,Rule-generated Stage7 member for 合成赵氏.,False
1099549,7010,赵德清,female,1822-01-01,1918-12-31,21,德,Rule-generated Stage7 member for 合成赵氏.,False
1099550,7010,赵德德,male,1822-01-01,1890-12-31,21,德,Rule-generated Stage7 member for 合成赵氏.,False
1099551,7010,赵德芳,female,1819-01-01,1887-12-31,21,德,Rule-generated Stage7 member for 合成赵氏.,False
1099552,7010,赵伟文,male,1823-01-01,1905-12-31,21,德,Rule-generated Stage7 member for 合成赵氏.,False
1099553,7010,赵安玉,female,1823-01-01,1870-12-31,21,德,Rule-generated Stage7 member for 合成赵氏.,False
1099554,7010,赵国伟,male,1819-01-01,1864-12-31,21,德,Rule-generated Stage7 member for 合成赵氏.,False
1099555,7010,赵敏芳,female,1822-01-01,1900-12-31,21,德,Rule-generated Stage7 member for 合成赵氏.,False
1099556,7010,赵敏,male,1821-01-01,1883-12-31,21,德,Rule-generated Stage7 member for 合成赵氏.,False
1099557,7010,赵德丽,female,1822-01-01,1854-12-31,21,德,Rule-generated Stage7 member for 合成赵氏.,False
1099558,7010,赵德强,male,1820-01-01,1907-12-31,21,德,Rule-generated Stage7 member for 合成赵氏.,False
1099559,7010,赵慧兰,female,1822-01-01,1866-12-31,21,德,Rule-generated Stage7 member for 合成赵氏.,False
1099560,7010,赵明,male,1823-01-01,1912-12-31,21,德,Rule-generated Stage7 member for 合成赵氏.,False
1099561,7010,赵玉丽,female,1822-01-01,1855-12-31,21,德,Rule-generated Stage7 member for 合成赵氏.,False
1099562,7010,赵景伟,male,1821-01-01,1880-12-31,21,德,Rule-generated Stage7 member for 合成赵氏.,False
1099563,7010,赵芳雅,female,1823-01-01,1909-12-31,21,德,Rule-generated Stage7 member for 合成赵氏.,False
1099564,7010,赵德宗,male,1822-01-01,1882-12-31,21,德,Rule-generated Stage7 member for 合成赵氏.,False
1099565,7010,赵德宁,female,1822-01-01,1889-12-31,21,德,Rule-generated Stage7 member for 合成赵氏.,False
1099566,7010,赵丽,male,1819-01-01,1903-12-31,21,德,Rule-generated Stage7 member for 合成赵氏.,False
1099567,7010,赵德丽,female,1819-01-01,1859-12-31,21,德,Rule-generated Stage7 member for 合成赵氏.,False
1099568,7010,赵华,male,1820-01-01,1868-12-31,21,德,Rule-generated Stage7 member for 合成赵氏.,False
1099569,7010,赵清雅,female,1825-01-01,1859-12-31,21,德,Rule-generated Stage7 member for 合成赵氏.,False
1099570,7010,赵德世,male,1821-01-01,1855-12-31,21,德,Rule-generated Stage7 member for 合成赵氏.,False
1099571,7010,赵德清,female,1822-01-01,1882-12-31,21,德,Rule-generated Stage7 member for 合成赵氏.,False
1099572,7010,赵德成,male,1822-01-01,1896-12-31,21,德,Rule-generated Stage7 member for 合成赵氏.,False
1099573,7010,赵德芳,female,1819-01-01,1903-12-31,21,德,Rule-generated Stage7 member for 合成赵氏.,False
1099574,7010,赵宗强,male,1821-01-01,1912-12-31,21,德,Rule-generated Stage7 member for 合成赵氏.,False
1099575,7010,赵敏,female,1820-01-01,1889-12-31,21,德,Rule-generated Stage7 member for 合成赵氏.,False
1099576,7010,赵伟伟,male,1819-01-01,1877-12-31,21,德,Rule-generated Stage7 member for 合成赵氏.,False
1099577,7010,赵德宁,female,1824-01-01,1912-12-31,21,德,Rule-generated Stage7 member for 合成赵氏.,False
1099578,7010,赵德承,male,1824-01-01,1902-12-31,21,德,Rule-generated Stage7 member for 合成赵氏.,False
1099579,7010,赵玉雅,female,1819-01-01,1880-12-31,21,德,Rule-generated Stage7 member for 合成赵氏.,False
1099580,7010,赵德文,male,1820-01-01,1870-12-31,21,德,Rule-generated Stage7 member for 合成赵氏.,False
1099581,7010,赵强,female,1824-01-01,1921-12-31,21,德,Rule-generated Stage7 member for 合成赵氏.,False
1099582,7010,赵承安,male,1825-01-01,1868-12-31,21,德,Rule-generated Stage7 member for 合成赵氏.,False
1099583,7010,赵强,female,1819-01-01,1873-12-31,21,德,Rule-generated Stage7 member for 合成赵氏.,False
1099584,7010,赵德世,male,1824-01-01,1884-12-31,21,德,Rule-generated Stage7 member for 合成赵氏.,False
1099585,7010,赵德雅,female,1823-01-01,1897-12-31,21,德,Rule-generated Stage7 member for 合成赵氏.,False
1099586,7010,赵德文,male,1819-01-01,1898-12-31,21,德,Rule-generated Stage7 member for 合成赵氏.,False
1099587,7010,赵兰慧,female,1825-01-01,1854-12-31,21,德,Rule-generated Stage7 member for 合成赵氏.,False
1099588,7010,赵承世,male,1819-01-01,1875-12-31,21,德,Rule-generated Stage7 member for 合成赵氏.,False
1099589,7010,赵德雅,female,1819-01-01,1860-12-31,21,德,Rule-generated Stage7 member for 合成赵氏.,False
1099590,7010,赵德伟,male,1819-01-01,1867-12-31,21,德,Rule-generated Stage7 member for 合成赵氏.,False
1099591,7010,赵德安,female,1820-01-01,1904-12-31,21,德,Rule-generated Stage7 member for 合成赵氏.,False
1099592,7010,赵世强,male,1823-01-01,1892-12-31,21,德,Rule-generated Stage7 member for 合成赵氏.,False
1099593,7010,赵德梅,female,1822-01-01,1892-12-31,21,德,Rule-generated Stage7 member for 合成赵氏.,False
1099594,7010,赵德强,male,1821-01-01,1905-12-31,21,德,Rule-generated Stage7 member for 合成赵氏.,False
1099595,7010,赵德慧,female,1819-01-01,1907-12-31,21,德,Rule-generated Stage7 member for 合成赵氏.,False
1099596,7010,赵国世,male,1819-01-01,1882-12-31,21,德,Rule-generated Stage7 member for 合成赵氏.,False
1099597,7010,赵德梅,female,1822-01-01,1914-12-31,21,德,Rule-generated Stage7 member for 合成赵氏.,False
1099598,7010,赵德成,male,1819-01-01,1883-12-31,21,德,Rule-generated Stage7 member for 合成赵氏.,False
1099599,7010,赵清清,female,1822-01-01,1892-12-31,21,德,Rule-generated Stage7 member for 合成赵氏.,False
1099600,7010,赵德世,male,1820-01-01,1913-12-31,21,德,Rule-generated Stage7 member for 合成赵氏.,False
1099601,7010,赵兰丽,female,1825-01-01,1898-12-31,21,德,Rule-generated Stage7 member for 合成赵氏.,False
1099602,7010,赵承成,male,1825-01-01,1896-12-31,21,德,Rule-generated Stage7 member for 合成赵氏.,False
1099603,7010,赵慧玉,female,1820-01-01,1897-12-31,21,德,Rule-generated Stage7 member for 合成赵氏.,False
1099604,7010,赵德强,male,1825-01-01,1898-12-31,21,德,Rule-generated Stage7 member for 合成赵氏.,False
1099605,7010,赵德宁,female,1823-01-01,1874-12-31,21,德,Rule-generated Stage7 member for 合成赵氏.,False
1099606,7010,赵德景,male,1825-01-01,1869-12-31,21,德,Rule-generated Stage7 member for 合成赵氏.,False
1099607,7010,赵清安,female,1820-01-01,1876-12-31,21,德,Rule-generated Stage7 member for 合成赵氏.,False
1099608,7010,赵德安,male,1820-01-01,1916-12-31,21,德,Rule-generated Stage7 member for 合成赵氏.,False
1099609,7010,赵德雅,female,1825-01-01,1865-12-31,21,德,Rule-generated Stage7 member for 合成赵氏.,False
1099610,7010,赵德伟,male,1820-01-01,1896-12-31,21,德,Rule-generated Stage7 member for 合成赵氏.,False
1099611,7010,赵德玉,female,1825-01-01,1874-12-31,21,德,Rule-generated Stage7 member for 合成赵氏.,False
1099612,7010,赵丽,male,1823-01-01,1906-12-31,21,德,Rule-generated Stage7 member for 合成赵氏.,False
1099613,7010,赵丽玉,female,1820-01-01,1898-12-31,21,德,Rule-generated Stage7 member for 合成赵氏.,False
1099614,7010,赵成伟,male,1819-01-01,1877-12-31,21,德,Rule-generated Stage7 member for 合成赵氏.,False
1099615,7010,赵宁梅,female,1824-01-01,1918-12-31,21,德,Rule-generated Stage7 member for 合成赵氏.,False
1099616,7010,赵德景,male,1821-01-01,1900-12-31,21,德,Rule-generated Stage7 member for 合成赵氏.,False
1099617,7010,赵德雅,female,1822-01-01,1892-12-31,21,德,Rule-generated Stage7 member for 合成赵氏.,False
1099618,7010,赵仁文,male,1841-01-01,1867-12-31,22,仁,Rule-generated Stage7 member for 合成赵氏.,False
1099619,7010,赵仁华,female,1844-01-01,1911-12-31,22,仁,Rule-generated Stage7 member for 合成赵氏.,False
1099620,7010,赵仁明,male,1840-01-01,1911-12-31,22,仁,Rule-generated Stage7 member for 合成赵氏.,False
1099621,7010,赵仁华,female,1841-01-01,1920-12-31,22,仁,Rule-generated Stage7 member for 合成赵氏.,False
1099622,7010,赵强,male,1840-01-01,1887-12-31,22,仁,Rule-generated Stage7 member for 合成赵氏.,False
1099623,7010,赵兰清,female,1845-01-01,1913-12-31,22,仁,Rule-generated Stage7 member for 合成赵氏.,False
1099624,7010,赵仁世,male,1840-01-01,1944-12-31,22,仁,Rule-generated Stage7 member for 合成赵氏.,False
1099625,7010,赵宁兰,female,1845-01-01,1886-12-31,22,仁,Rule-generated Stage7 member for 合成赵氏.,False
1099626,7010,赵仁景,male,1841-01-01,1915-12-31,22,仁,Rule-generated Stage7 member for 合成赵氏.,False
1099627,7010,赵强,female,1841-01-01,1897-12-31,22,仁,Rule-generated Stage7 member for 合成赵氏.,False
1099628,7010,赵仁安,male,1844-01-01,1911-12-31,22,仁,Rule-generated Stage7 member for 合成赵氏.,False
1099629,7010,赵仁丽,female,1843-01-01,1928-12-31,22,仁,Rule-generated Stage7 member for 合成赵氏.,False
1099630,7010,赵国承,male,1846-01-01,1897-12-31,22,仁,Rule-generated Stage7 member for 合成赵氏.,False
1099631,7010,赵安华,female,1842-01-01,1904-12-31,22,仁,Rule-generated Stage7 member for 合成赵氏.,False
1099632,7010,赵仁伟,male,1843-01-01,1926-12-31,22,仁,Rule-generated Stage7 member for 合成赵氏.,False
1099633,7010,赵清安,female,1846-01-01,1899-12-31,22,仁,Rule-generated Stage7 member for 合成赵氏.,False
1099634,7010,赵仁文,male,1845-01-01,1948-12-31,22,仁,Rule-generated Stage7 member for 合成赵氏.,False
1099635,7010,赵仁梅,female,1845-01-01,1922-12-31,22,仁,Rule-generated Stage7 member for 合成赵氏.,False
1099636,7010,赵伟,male,1846-01-01,1910-12-31,22,仁,Rule-generated Stage7 member for 合成赵氏.,False
1099637,7010,赵兰敏,female,1845-01-01,1939-12-31,22,仁,Rule-generated Stage7 member for 合成赵氏.,False
1099638,7010,赵明世,male,1846-01-01,1917-12-31,22,仁,Rule-generated Stage7 member for 合成赵氏.,False
1099639,7010,赵强,female,1845-01-01,1917-12-31,22,仁,Rule-generated Stage7 member for 合成赵氏.,False
1099640,7010,赵成国,male,1843-01-01,1938-12-31,22,仁,Rule-generated Stage7 member for 合成赵氏.,False
1099641,7010,赵仁敏,female,1840-01-01,1924-12-31,22,仁,Rule-generated Stage7 member for 合成赵氏.,False
1099642,7010,赵仁安,male,1841-01-01,1897-12-31,22,仁,Rule-generated Stage7 member for 合成赵氏.,False
1099643,7010,赵玉敏,female,1844-01-01,1909-12-31,22,仁,Rule-generated Stage7 member for 合成赵氏.,False
1099644,7010,赵国明,male,1843-01-01,1882-12-31,22,仁,Rule-generated Stage7 member for 合成赵氏.,False
1099645,7010,赵仁慧,female,1840-01-01,1902-12-31,22,仁,Rule-generated Stage7 member for 合成赵氏.,False
1099646,7010,赵安世,male,1840-01-01,1906-12-31,22,仁,Rule-generated Stage7 member for 合成赵氏.,False
1099647,7010,赵仁安,female,1840-01-01,1915-12-31,22,仁,Rule-generated Stage7 member for 合成赵氏.,False
1099648,7010,赵宗承,male,1841-01-01,1901-12-31,22,仁,Rule-generated Stage7 member for 合成赵氏.,False
1099649,7010,赵仁华,female,1841-01-01,1887-12-31,22,仁,Rule-generated Stage7 member for 合成赵氏.,False
1099650,7010,赵仁宗,male,1842-01-01,1914-12-31,22,仁,Rule-generated Stage7 member for 合成赵氏.,False
1099651,7010,赵丽华,female,1840-01-01,1908-12-31,22,仁,Rule-generated Stage7 member for 合成赵氏.,False
1099652,7010,赵安景,male,1844-01-01,1907-12-31,22,仁,Rule-generated Stage7 member for 合成赵氏.,False
1099653,7010,赵仁宁,female,1844-01-01,1904-12-31,22,仁,Rule-generated Stage7 member for 合成赵氏.,False
1099654,7010,赵国景,male,1842-01-01,1891-12-31,22,仁,Rule-generated Stage7 member for 合成赵氏.,False
1099655,7010,赵仁梅,female,1845-01-01,1916-12-31,22,仁,Rule-generated Stage7 member for 合成赵氏.,False
1099656,7010,赵仁成,male,1846-01-01,1909-12-31,22,仁,Rule-generated Stage7 member for 合成赵氏.,False
1099657,7010,赵仁芳,female,1846-01-01,1874-12-31,22,仁,Rule-generated Stage7 member for 合成赵氏.,False
1099658,7010,赵仁文,male,1845-01-01,1888-12-31,22,仁,Rule-generated Stage7 member for 合成赵氏.,False
1099659,7010,赵仁丽,female,1840-01-01,1920-12-31,22,仁,Rule-generated Stage7 member for 合成赵氏.,False
1099660,7010,赵仁安,male,1846-01-01,1887-12-31,22,仁,Rule-generated Stage7 member for 合成赵氏.,False
1099661,7010,赵玉华,female,1842-01-01,1898-12-31,22,仁,Rule-generated Stage7 member for 合成赵氏.,False
1099662,7010,赵仁国,male,1845-01-01,1921-12-31,22,仁,Rule-generated Stage7 member for 合成赵氏.,False
1099663,7010,赵仁梅,female,1843-01-01,1920-12-31,22,仁,Rule-generated Stage7 member for 合成赵氏.,False
1099664,7010,赵仁宗,male,1844-01-01,1885-12-31,22,仁,Rule-generated Stage7 member for 合成赵氏.,False
1099665,7010,赵仁玉,female,1844-01-01,1920-12-31,22,仁,Rule-generated Stage7 member for 合成赵氏.,False
1099666,7010,赵仁安,male,1843-01-01,1920-12-31,22,仁,Rule-generated Stage7 member for 合成赵氏.,False
1099667,7010,赵慧雅,female,1842-01-01,1924-12-31,22,仁,Rule-generated Stage7 member for 合成赵氏.,False
1099668,7010,赵仁文,male,1841-01-01,1906-12-31,22,仁,Rule-generated Stage7 member for 合成赵氏.,False
1099669,7010,赵仁敏,female,1842-01-01,1912-12-31,22,仁,Rule-generated Stage7 member for 合成赵氏.,False
1099670,7010,赵仁宗,male,1846-01-01,1932-12-31,22,仁,Rule-generated Stage7 member for 合成赵氏.,False
1099671,7010,赵雅玉,female,1842-01-01,1897-12-31,22,仁,Rule-generated Stage7 member for 合成赵氏.,False
1099672,7010,赵仁伟,male,1841-01-01,1923-12-31,22,仁,Rule-generated Stage7 member for 合成赵氏.,False
1099673,7010,赵仁梅,female,1843-01-01,1889-12-31,22,仁,Rule-generated Stage7 member for 合成赵氏.,False
1099674,7010,赵仁德,male,1846-01-01,1917-12-31,22,仁,Rule-generated Stage7 member for 合成赵氏.,False
1099675,7010,赵丽,female,1841-01-01,1911-12-31,22,仁,Rule-generated Stage7 member for 合成赵氏.,False
1099676,7010,赵景安,male,1841-01-01,1947-12-31,22,仁,Rule-generated Stage7 member for 合成赵氏.,False
1099677,7010,赵仁梅,female,1845-01-01,1910-12-31,22,仁,Rule-generated Stage7 member for 合成赵氏.,False
1099678,7010,赵文景,male,1841-01-01,1882-12-31,22,仁,Rule-generated Stage7 member for 合成赵氏.,False
1099679,7010,赵仁安,female,1844-01-01,1916-12-31,22,仁,Rule-generated Stage7 member for 合成赵氏.,False
1099680,7010,赵仁德,male,1844-01-01,1917-12-31,22,仁,Rule-generated Stage7 member for 合成赵氏.,False
1099681,7010,赵宁玉,female,1844-01-01,1919-12-31,22,仁,Rule-generated Stage7 member for 合成赵氏.,False
1099682,7010,赵德承,male,1845-01-01,1930-12-31,22,仁,Rule-generated Stage7 member for 合成赵氏.,False
1099683,7010,赵敏,female,1844-01-01,1910-12-31,22,仁,Rule-generated Stage7 member for 合成赵氏.,False
1099684,7010,赵仁强,male,1844-01-01,1919-12-31,22,仁,Rule-generated Stage7 member for 合成赵氏.,False
1099685,7010,赵宁安,female,1841-01-01,1911-12-31,22,仁,Rule-generated Stage7 member for 合成赵氏.,False
1099686,7010,赵仁安,male,1845-01-01,1923-12-31,22,仁,Rule-generated Stage7 member for 合成赵氏.,False
1099687,7010,赵宁芳,female,1843-01-01,1891-12-31,22,仁,Rule-generated Stage7 member for 合成赵氏.,False
1099688,7010,赵华,male,1843-01-01,1926-12-31,22,仁,Rule-generated Stage7 member for 合成赵氏.,False
1099689,7010,赵仁慧,female,1841-01-01,1882-12-31,22,仁,Rule-generated Stage7 member for 合成赵氏.,False
1099690,7010,赵仁景,male,1841-01-01,1919-12-31,22,仁,Rule-generated Stage7 member for 合成赵氏.,False
1099691,7010,赵明,female,1844-01-01,1909-12-31,22,仁,Rule-generated Stage7 member for 合成赵氏.,False
1099692,7010,赵德强,male,1842-01-01,1916-12-31,22,仁,Rule-generated Stage7 member for 合成赵氏.,False
1099693,7010,赵孝德,male,1861-01-01,1910-12-31,23,孝,Rule-generated Stage7 member for 合成赵氏.,False
1099694,7010,赵安丽,female,1867-01-01,1907-12-31,23,孝,Rule-generated Stage7 member for 合成赵氏.,False
1099695,7010,赵孝景,male,1866-01-01,1952-12-31,23,孝,Rule-generated Stage7 member for 合成赵氏.,False
1099696,7010,赵孝梅,female,1867-01-01,1954-12-31,23,孝,Rule-generated Stage7 member for 合成赵氏.,False
1099697,7010,赵伟承,male,1867-01-01,1946-12-31,23,孝,Rule-generated Stage7 member for 合成赵氏.,False
1099698,7010,赵清敏,female,1864-01-01,1943-12-31,23,孝,Rule-generated Stage7 member for 合成赵氏.,False
1099699,7010,赵孝世,male,1867-01-01,1945-12-31,23,孝,Rule-generated Stage7 member for 合成赵氏.,False
1099700,7010,赵强,female,1864-01-01,1927-12-31,23,孝,Rule-generated Stage7 member for 合成赵氏.,False
1099701,7010,赵伟,male,1864-01-01,1955-12-31,23,孝,Rule-generated Stage7 member for 合成赵氏.,False
1099702,7010,赵兰丽,female,1865-01-01,1950-12-31,23,孝,Rule-generated Stage7 member for 合成赵氏.,False
1099703,7010,赵安景,male,1865-01-01,1932-12-31,23,孝,Rule-generated Stage7 member for 合成赵氏.,False
1099704,7010,赵清慧,female,1867-01-01,1955-12-31,23,孝,Rule-generated Stage7 member for 合成赵氏.,False
1099705,7010,赵成伟,male,1865-01-01,1942-12-31,23,孝,Rule-generated Stage7 member for 合成赵氏.,False
1099706,7010,赵雅宁,female,1864-01-01,1906-12-31,23,孝,Rule-generated Stage7 member for 合成赵氏.,False
1099707,7010,赵世强,male,1866-01-01,1912-12-31,23,孝,Rule-generated Stage7 member for 合成赵氏.,False
1099708,7010,赵芳宁,female,1862-01-01,1920-12-31,23,孝,Rule-generated Stage7 member for 合成赵氏.,False
1099709,7010,赵孝强,male,1861-01-01,1894-12-31,23,孝,Rule-generated Stage7 member for 合成赵氏.,False
1099710,7010,赵梅梅,female,1865-01-01,1945-12-31,23,孝,Rule-generated Stage7 member for 合成赵氏.,False
1099711,7010,赵成安,male,1861-01-01,1928-12-31,23,孝,Rule-generated Stage7 member for 合成赵氏.,False
1099712,7010,赵孝雅,female,1864-01-01,1941-12-31,23,孝,Rule-generated Stage7 member for 合成赵氏.,False
1099713,7010,赵孝景,male,1862-01-01,1937-12-31,23,孝,Rule-generated Stage7 member for 合成赵氏.,False
1099714,7010,赵孝梅,female,1863-01-01,1920-12-31,23,孝,Rule-generated Stage7 member for 合成赵氏.,False
1099715,7010,赵孝承,male,1861-01-01,1901-12-31,23,孝,Rule-generated Stage7 member for 合成赵氏.,False
1099716,7010,赵孝丽,female,1861-01-01,1940-12-31,23,孝,Rule-generated Stage7 member for 合成赵氏.,False
1099717,7010,赵孝成,male,1867-01-01,1913-12-31,23,孝,Rule-generated Stage7 member for 合成赵氏.,False
1099718,7010,赵孝玉,female,1865-01-01,1930-12-31,23,孝,Rule-generated Stage7 member for 合成赵氏.,False
1099719,7010,赵文世,male,1866-01-01,1931-12-31,23,孝,Rule-generated Stage7 member for 合成赵氏.,False
1099720,7010,赵孝宁,female,1863-01-01,1942-12-31,23,孝,Rule-generated Stage7 member for 合成赵氏.,False
1099721,7010,赵丽,male,1863-01-01,1933-12-31,23,孝,Rule-generated Stage7 member for 合成赵氏.,False
1099722,7010,赵孝芳,female,1863-01-01,1921-12-31,23,孝,Rule-generated Stage7 member for 合成赵氏.,False
1099723,7010,赵孝明,male,1865-01-01,1935-12-31,23,孝,Rule-generated Stage7 member for 合成赵氏.,False
1099724,7010,赵孝华,female,1863-01-01,1909-12-31,23,孝,Rule-generated Stage7 member for 合成赵氏.,False
1099725,7010,赵孝世,male,1862-01-01,1922-12-31,23,孝,Rule-generated Stage7 member for 合成赵氏.,False
1099726,7010,赵孝安,female,1863-01-01,1922-12-31,23,孝,Rule-generated Stage7 member for 合成赵氏.,False
1099727,7010,赵孝成,male,1864-01-01,1920-12-31,23,孝,Rule-generated Stage7 member for 合成赵氏.,False
1099728,7010,赵丽宁,female,1861-01-01,1942-12-31,23,孝,Rule-generated Stage7 member for 合成赵氏.,False
1099729,7010,赵孝宗,male,1861-01-01,1938-12-31,23,孝,Rule-generated Stage7 member for 合成赵氏.,False
1099730,7010,赵安慧,female,1862-01-01,1934-12-31,23,孝,Rule-generated Stage7 member for 合成赵氏.,False
1099731,7010,赵世宗,male,1866-01-01,1946-12-31,23,孝,Rule-generated Stage7 member for 合成赵氏.,False
1099732,7010,赵强,female,1863-01-01,1946-12-31,23,孝,Rule-generated Stage7 member for 合成赵氏.,False
1099733,7010,赵孝文,male,1865-01-01,1960-12-31,23,孝,Rule-generated Stage7 member for 合成赵氏.,False
1099734,7010,赵孝清,female,1864-01-01,1937-12-31,23,孝,Rule-generated Stage7 member for 合成赵氏.,False
1099735,7010,赵伟,male,1863-01-01,1917-12-31,23,孝,Rule-generated Stage7 member for 合成赵氏.,False
1099736,7010,赵安宁,female,1866-01-01,1917-12-31,23,孝,Rule-generated Stage7 member for 合成赵氏.,False
1099737,7010,赵孝宗,male,1864-01-01,1949-12-31,23,孝,Rule-generated Stage7 member for 合成赵氏.,False
1099738,7010,赵敏,female,1865-01-01,1965-12-31,23,孝,Rule-generated Stage7 member for 合成赵氏.,False
1099739,7010,赵孝强,male,1865-01-01,1933-12-31,23,孝,Rule-generated Stage7 member for 合成赵氏.,False
1099740,7010,赵孝雅,female,1865-01-01,1924-12-31,23,孝,Rule-generated Stage7 member for 合成赵氏.,False
1099741,7010,赵孝安,male,1867-01-01,1915-12-31,23,孝,Rule-generated Stage7 member for 合成赵氏.,False
1099742,7010,赵孝丽,female,1864-01-01,1941-12-31,23,孝,Rule-generated Stage7 member for 合成赵氏.,False
1099743,7010,赵孝文,male,1865-01-01,1932-12-31,23,孝,Rule-generated Stage7 member for 合成赵氏.,False
1099744,7010,赵兰敏,female,1864-01-01,1890-12-31,23,孝,Rule-generated Stage7 member for 合成赵氏.,False
1099745,7010,赵孝安,male,1862-01-01,1939-12-31,23,孝,Rule-generated Stage7 member for 合成赵氏.,False
1099746,7010,赵丽敏,female,1862-01-01,1951-12-31,23,孝,Rule-generated Stage7 member for 合成赵氏.,False
1099747,7010,赵孝明,male,1863-01-01,1890-12-31,23,孝,Rule-generated Stage7 member for 合成赵氏.,False
1099748,7010,赵孝梅,female,1866-01-01,1947-12-31,23,孝,Rule-generated Stage7 member for 合成赵氏.,False
1099749,7010,赵承安,male,1866-01-01,1962-12-31,23,孝,Rule-generated Stage7 member for 合成赵氏.,False
1099750,7010,赵梅华,female,1867-01-01,1900-12-31,23,孝,Rule-generated Stage7 member for 合成赵氏.,False
1099751,7010,赵孝景,male,1864-01-01,1917-12-31,23,孝,Rule-generated Stage7 member for 合成赵氏.,False
1099752,7010,赵孝玉,female,1863-01-01,1924-12-31,23,孝,Rule-generated Stage7 member for 合成赵氏.,False
1099753,7010,赵孝强,male,1867-01-01,1912-12-31,23,孝,Rule-generated Stage7 member for 合成赵氏.,False
1099754,7010,赵华,female,1867-01-01,1937-12-31,23,孝,Rule-generated Stage7 member for 合成赵氏.,False
1099755,7010,赵承承,male,1867-01-01,1922-12-31,23,孝,Rule-generated Stage7 member for 合成赵氏.,False
1099756,7010,赵华玉,female,1861-01-01,1909-12-31,23,孝,Rule-generated Stage7 member for 合成赵氏.,False
1099757,7010,赵宗国,male,1867-01-01,1905-12-31,23,孝,Rule-generated Stage7 member for 合成赵氏.,False
1099758,7010,赵孝玉,female,1861-01-01,1901-12-31,23,孝,Rule-generated Stage7 member for 合成赵氏.,False
1099759,7010,赵明德,male,1865-01-01,1941-12-31,23,孝,Rule-generated Stage7 member for 合成赵氏.,False
1099760,7010,赵明伟,male,1888-01-01,1966-12-31,24,礼,Rule-generated Stage7 member for 合成赵氏.,False
1099761,7010,赵华清,female,1883-01-01,1956-12-31,24,礼,Rule-generated Stage7 member for 合成赵氏.,False
1099762,7010,赵礼国,male,1886-01-01,1936-12-31,24,礼,Rule-generated Stage7 member for 合成赵氏.,False
1099763,7010,赵清芳,female,1882-01-01,1901-12-31,24,礼,Rule-generated Stage7 member for 合成赵氏.,False
1099764,7010,赵礼宗,male,1882-01-01,1956-12-31,24,礼,Rule-generated Stage7 member for 合成赵氏.,False
1099765,7010,赵雅清,female,1884-01-01,1926-12-31,24,礼,Rule-generated Stage7 member for 合成赵氏.,False
1099766,7010,赵礼成,male,1882-01-01,1940-12-31,24,礼,Rule-generated Stage7 member for 合成赵氏.,False
1099767,7010,赵梅丽,female,1887-01-01,1926-12-31,24,礼,Rule-generated Stage7 member for 合成赵氏.,False
1099768,7010,赵强成,male,1888-01-01,1964-12-31,24,礼,Rule-generated Stage7 member for 合成赵氏.,False
1099769,7010,赵礼华,female,1885-01-01,1974-12-31,24,礼,Rule-generated Stage7 member for 合成赵氏.,False
1099770,7010,赵承安,male,1882-01-01,1940-12-31,24,礼,Rule-generated Stage7 member for 合成赵氏.,False
1099771,7010,赵礼宁,female,1882-01-01,1922-12-31,24,礼,Rule-generated Stage7 member for 合成赵氏.,False
1099772,7010,赵承明,male,1882-01-01,1919-12-31,24,礼,Rule-generated Stage7 member for 合成赵氏.,False
1099773,7010,赵丽梅,female,1884-01-01,1975-12-31,24,礼,Rule-generated Stage7 member for 合成赵氏.,False
1099774,7010,赵景宗,male,1887-01-01,1967-12-31,24,礼,Rule-generated Stage7 member for 合成赵氏.,False
1099775,7010,赵梅雅,female,1884-01-01,1931-12-31,24,礼,Rule-generated Stage7 member for 合成赵氏.,False
1099776,7010,赵礼德,male,1886-01-01,1958-12-31,24,礼,Rule-generated Stage7 member for 合成赵氏.,False
1099777,7010,赵礼梅,female,1886-01-01,1960-12-31,24,礼,Rule-generated Stage7 member for 合成赵氏.,False
1099778,7010,赵敏,male,1882-01-01,1958-12-31,24,礼,Rule-generated Stage7 member for 合成赵氏.,False
1099779,7010,赵礼宁,female,1888-01-01,1979-12-31,24,礼,Rule-generated Stage7 member for 合成赵氏.,False
1099780,7010,赵礼安,male,1884-01-01,1923-12-31,24,礼,Rule-generated Stage7 member for 合成赵氏.,False
1099781,7010,赵安梅,female,1882-01-01,1935-12-31,24,礼,Rule-generated Stage7 member for 合成赵氏.,False
1099782,7010,赵国国,male,1887-01-01,1980-12-31,24,礼,Rule-generated Stage7 member for 合成赵氏.,False
1099783,7010,赵华芳,female,1884-01-01,1940-12-31,24,礼,Rule-generated Stage7 member for 合成赵氏.,False
1099784,7010,赵世安,male,1888-01-01,1948-12-31,24,礼,Rule-generated Stage7 member for 合成赵氏.,False
1099785,7010,赵礼丽,female,1888-01-01,1946-12-31,24,礼,Rule-generated Stage7 member for 合成赵氏.,False
1099786,7010,赵德德,male,1885-01-01,1947-12-31,24,礼,Rule-generated Stage7 member for 合成赵氏.,False
1099787,7010,赵礼梅,female,1882-01-01,1946-12-31,24,礼,Rule-generated Stage7 member for 合成赵氏.,False
1099788,7010,赵礼国,male,1883-01-01,1978-12-31,24,礼,Rule-generated Stage7 member for 合成赵氏.,False
1099789,7010,赵敏华,female,1882-01-01,1935-12-31,24,礼,Rule-generated Stage7 member for 合成赵氏.,False
1099790,7010,赵礼世,male,1882-01-01,1956-12-31,24,礼,Rule-generated Stage7 member for 合成赵氏.,False
1099791,7010,赵丽梅,female,1887-01-01,1956-12-31,24,礼,Rule-generated Stage7 member for 合成赵氏.,False
1099792,7010,赵礼世,male,1887-01-01,1960-12-31,24,礼,Rule-generated Stage7 member for 合成赵氏.,False
1099793,7010,赵礼玉,female,1884-01-01,1962-12-31,24,礼,Rule-generated Stage7 member for 合成赵氏.,False
1099794,7010,赵礼伟,male,1883-01-01,1980-12-31,24,礼,Rule-generated Stage7 member for 合成赵氏.,False
1099795,7010,赵礼华,female,1886-01-01,1905-12-31,24,礼,Rule-generated Stage7 member for 合成赵氏.,False
1099796,7010,赵礼世,male,1886-01-01,1942-12-31,24,礼,Rule-generated Stage7 member for 合成赵氏.,False
1099797,7010,赵清清,female,1884-01-01,1961-12-31,24,礼,Rule-generated Stage7 member for 合成赵氏.,False
1099798,7010,赵礼宗,male,1884-01-01,1930-12-31,24,礼,Rule-generated Stage7 member for 合成赵氏.,False
1099799,7010,赵敏宁,female,1884-01-01,1949-12-31,24,礼,Rule-generated Stage7 member for 合成赵氏.,False
1099800,7010,赵礼强,male,1884-01-01,1931-12-31,24,礼,Rule-generated Stage7 member for 合成赵氏.,False
1099801,7010,赵伟,female,1882-01-01,1942-12-31,24,礼,Rule-generated Stage7 member for 合成赵氏.,False
1099802,7010,赵礼宗,male,1886-01-01,1966-12-31,24,礼,Rule-generated Stage7 member for 合成赵氏.,False
1099803,7010,赵礼慧,female,1882-01-01,1960-12-31,24,礼,Rule-generated Stage7 member for 合成赵氏.,False
1099804,7010,赵国安,male,1884-01-01,1930-12-31,24,礼,Rule-generated Stage7 member for 合成赵氏.,False
1099805,7010,赵华丽,female,1882-01-01,1985-12-31,24,礼,Rule-generated Stage7 member for 合成赵氏.,False
1099806,7010,赵安安,male,1885-01-01,1931-12-31,24,礼,Rule-generated Stage7 member for 合成赵氏.,False
1099807,7010,赵礼安,female,1884-01-01,1912-12-31,24,礼,Rule-generated Stage7 member for 合成赵氏.,False
1099808,7010,赵礼宗,male,1888-01-01,1938-12-31,24,礼,Rule-generated Stage7 member for 合成赵氏.,False
1099809,7010,赵华安,female,1882-01-01,1968-12-31,24,礼,Rule-generated Stage7 member for 合成赵氏.,False
1099810,7010,赵宗明,male,1886-01-01,1985-12-31,24,礼,Rule-generated Stage7 member for 合成赵氏.,False
1099811,7010,赵礼华,female,1886-01-01,1964-12-31,24,礼,Rule-generated Stage7 member for 合成赵氏.,False
1099812,7010,赵礼德,male,1887-01-01,1956-12-31,24,礼,Rule-generated Stage7 member for 合成赵氏.,False
1099813,7010,赵宁芳,female,1888-01-01,1931-12-31,24,礼,Rule-generated Stage7 member for 合成赵氏.,False
1099814,7010,赵宗文,male,1884-01-01,1952-12-31,24,礼,Rule-generated Stage7 member for 合成赵氏.,False
1099815,7010,赵华,female,1887-01-01,1982-12-31,24,礼,Rule-generated Stage7 member for 合成赵氏.,False
1099816,7010,赵礼强,male,1884-01-01,1955-12-31,24,礼,Rule-generated Stage7 member for 合成赵氏.,False
1099817,7010,赵宁雅,female,1884-01-01,1958-12-31,24,礼,Rule-generated Stage7 member for 合成赵氏.,False
1099818,7010,赵明宗,male,1885-01-01,1961-12-31,24,礼,Rule-generated Stage7 member for 合成赵氏.,False
1099819,7010,赵义景,male,1909-01-01,1997-12-31,25,义,Rule-generated Stage7 member for 合成赵氏.,False
1099820,7010,赵强,female,1909-01-01,1956-12-31,25,义,Rule-generated Stage7 member for 合成赵氏.,False
1099821,7010,赵义德,male,1903-01-01,1976-12-31,25,义,Rule-generated Stage7 member for 合成赵氏.,False
1099822,7010,赵宁梅,female,1905-01-01,1975-12-31,25,义,Rule-generated Stage7 member for 合成赵氏.,False
1099823,7010,赵义承,male,1908-01-01,1982-12-31,25,义,Rule-generated Stage7 member for 合成赵氏.,False
1099824,7010,赵安宁,female,1907-01-01,1988-12-31,25,义,Rule-generated Stage7 member for 合成赵氏.,False
1099825,7010,赵义安,male,1906-01-01,2002-12-31,25,义,Rule-generated Stage7 member for 合成赵氏.,False
1099826,7010,赵义清,female,1907-01-01,1982-12-31,25,义,Rule-generated Stage7 member for 合成赵氏.,False
1099827,7010,赵伟德,male,1903-01-01,1953-12-31,25,义,Rule-generated Stage7 member for 合成赵氏.,False
1099828,7010,赵芳雅,female,1907-01-01,1966-12-31,25,义,Rule-generated Stage7 member for 合成赵氏.,False
1099829,7010,赵义德,male,1907-01-01,1978-12-31,25,义,Rule-generated Stage7 member for 合成赵氏.,False
1099830,7010,赵梅敏,female,1903-01-01,1948-12-31,25,义,Rule-generated Stage7 member for 合成赵氏.,False
1099831,7010,赵宗伟,male,1907-01-01,1986-12-31,25,义,Rule-generated Stage7 member for 合成赵氏.,False
1099832,7010,赵义雅,female,1903-01-01,1976-12-31,25,义,Rule-generated Stage7 member for 合成赵氏.,False
1099833,7010,赵义伟,male,1909-01-01,1967-12-31,25,义,Rule-generated Stage7 member for 合成赵氏.,False
1099834,7010,赵义清,female,1903-01-01,1978-12-31,25,义,Rule-generated Stage7 member for 合成赵氏.,False
1099835,7010,赵义宗,male,1909-01-01,1985-12-31,25,义,Rule-generated Stage7 member for 合成赵氏.,False
1099836,7010,赵义芳,female,1903-01-01,1933-12-31,25,义,Rule-generated Stage7 member for 合成赵氏.,False
1099837,7010,赵义国,male,1905-01-01,2007-12-31,25,义,Rule-generated Stage7 member for 合成赵氏.,False
1099838,7010,赵玉宁,female,1906-01-01,1984-12-31,25,义,Rule-generated Stage7 member for 合成赵氏.,False
1099839,7010,赵义国,male,1907-01-01,1964-12-31,25,义,Rule-generated Stage7 member for 合成赵氏.,False
1099840,7010,赵义敏,female,1909-01-01,1971-12-31,25,义,Rule-generated Stage7 member for 合成赵氏.,False
1099841,7010,赵敏,male,1907-01-01,1992-12-31,25,义,Rule-generated Stage7 member for 合成赵氏.,False
1099842,7010,赵梅敏,female,1907-01-01,1991-12-31,25,义,Rule-generated Stage7 member for 合成赵氏.,False
1099843,7010,赵义景,male,1904-01-01,1994-12-31,25,义,Rule-generated Stage7 member for 合成赵氏.,False
1099844,7010,赵义梅,female,1905-01-01,1974-12-31,25,义,Rule-generated Stage7 member for 合成赵氏.,False
1099845,7010,赵明世,male,1909-01-01,1980-12-31,25,义,Rule-generated Stage7 member for 合成赵氏.,False
1099846,7010,赵玉敏,female,1904-01-01,1978-12-31,25,义,Rule-generated Stage7 member for 合成赵氏.,False
1099847,7010,赵景伟,male,1903-01-01,1966-12-31,25,义,Rule-generated Stage7 member for 合成赵氏.,False
1099848,7010,赵义安,female,1906-01-01,1983-12-31,25,义,Rule-generated Stage7 member for 合成赵氏.,False
1099849,7010,赵伟国,male,1904-01-01,1990-12-31,25,义,Rule-generated Stage7 member for 合成赵氏.,False
1099850,7010,赵义玉,female,1905-01-01,1986-12-31,25,义,Rule-generated Stage7 member for 合成赵氏.,False
1099851,7010,赵义安,male,1903-01-01,1974-12-31,25,义,Rule-generated Stage7 member for 合成赵氏.,False
1099852,7010,赵芳梅,female,1906-01-01,1965-12-31,25,义,Rule-generated Stage7 member for 合成赵氏.,False
1099853,7010,赵义世,male,1903-01-01,1964-12-31,25,义,Rule-generated Stage7 member for 合成赵氏.,False
1099854,7010,赵丽宁,female,1903-01-01,1953-12-31,25,义,Rule-generated Stage7 member for 合成赵氏.,False
1099855,7010,赵丽,male,1905-01-01,1979-12-31,25,义,Rule-generated Stage7 member for 合成赵氏.,False
1099856,7010,赵雅安,female,1908-01-01,1983-12-31,25,义,Rule-generated Stage7 member for 合成赵氏.,False
1099857,7010,赵承德,male,1908-01-01,1973-12-31,25,义,Rule-generated Stage7 member for 合成赵氏.,False
1099858,7010,赵义华,female,1906-01-01,1937-12-31,25,义,Rule-generated Stage7 member for 合成赵氏.,False
1099859,7010,赵义承,male,1906-01-01,1990-12-31,25,义,Rule-generated Stage7 member for 合成赵氏.,False
1099860,7010,赵义慧,female,1907-01-01,2011-12-31,25,义,Rule-generated Stage7 member for 合成赵氏.,False
1099861,7010,赵义明,male,1908-01-01,1955-12-31,25,义,Rule-generated Stage7 member for 合成赵氏.,False
1099862,7010,赵义安,female,1905-01-01,1983-12-31,25,义,Rule-generated Stage7 member for 合成赵氏.,False
1099863,7010,赵义世,male,1905-01-01,2001-12-31,25,义,Rule-generated Stage7 member for 合成赵氏.,False
1099864,7010,赵义安,female,1908-01-01,1963-12-31,25,义,Rule-generated Stage7 member for 合成赵氏.,False
1099865,7010,赵义国,male,1909-01-01,1969-12-31,25,义,Rule-generated Stage7 member for 合成赵氏.,False
1099866,7010,赵义华,female,1909-01-01,2004-12-31,25,义,Rule-generated Stage7 member for 合成赵氏.,False
1099867,7010,赵义德,male,1907-01-01,1965-12-31,25,义,Rule-generated Stage7 member for 合成赵氏.,False
1099868,7010,赵强,female,1908-01-01,1993-12-31,25,义,Rule-generated Stage7 member for 合成赵氏.,False
1099869,7010,赵强德,male,1905-01-01,1938-12-31,25,义,Rule-generated Stage7 member for 合成赵氏.,False
1099870,7010,赵伟,male,1926-01-01,2006-12-31,26,信,Rule-generated Stage7 member for 合成赵氏.,False
1099871,7010,赵信安,female,1925-01-01,2003-12-31,26,信,Rule-generated Stage7 member for 合成赵氏.,False
1099872,7010,赵丽,male,1929-01-01,2001-12-31,26,信,Rule-generated Stage7 member for 合成赵氏.,False
1099873,7010,赵信华,female,1927-01-01,1990-12-31,26,信,Rule-generated Stage7 member for 合成赵氏.,False
1099874,7010,赵信安,male,1926-01-01,2017-12-31,26,信,Rule-generated Stage7 member for 合成赵氏.,False
1099875,7010,赵信玉,female,1924-01-01,1952-12-31,26,信,Rule-generated Stage7 member for 合成赵氏.,False
1099876,7010,赵信伟,male,1927-01-01,2003-12-31,26,信,Rule-generated Stage7 member for 合成赵氏.,False
1099877,7010,赵信清,female,1929-01-01,1994-12-31,26,信,Rule-generated Stage7 member for 合成赵氏.,False
1099878,7010,赵安明,male,1928-01-01,1966-12-31,26,信,Rule-generated Stage7 member for 合成赵氏.,False
1099879,7010,赵信丽,female,1925-01-01,2010-12-31,26,信,Rule-generated Stage7 member for 合成赵氏.,False
1099880,7010,赵信明,male,1926-01-01,1954-12-31,26,信,Rule-generated Stage7 member for 合成赵氏.,False
1099881,7010,赵信雅,female,1926-01-01,1980-12-31,26,信,Rule-generated Stage7 member for 合成赵氏.,False
1099882,7010,赵安明,male,1929-01-01,2003-12-31,26,信,Rule-generated Stage7 member for 合成赵氏.,False
1099883,7010,赵慧安,female,1924-01-01,2012-12-31,26,信,Rule-generated Stage7 member for 合成赵氏.,False
1099884,7010,赵信文,male,1928-01-01,1981-12-31,26,信,Rule-generated Stage7 member for 合成赵氏.,False
1099885,7010,赵宁安,female,1926-01-01,2003-12-31,26,信,Rule-generated Stage7 member for 合成赵氏.,False
1099886,7010,赵承德,male,1930-01-01,2013-12-31,26,信,Rule-generated Stage7 member for 合成赵氏.,False
1099887,7010,赵信宁,female,1930-01-01,1986-12-31,26,信,Rule-generated Stage7 member for 合成赵氏.,False
1099888,7010,赵明,male,1930-01-01,1997-12-31,26,信,Rule-generated Stage7 member for 合成赵氏.,False
1099889,7010,赵信丽,female,1926-01-01,1995-12-31,26,信,Rule-generated Stage7 member for 合成赵氏.,False
1099890,7010,赵明景,male,1926-01-01,2007-12-31,26,信,Rule-generated Stage7 member for 合成赵氏.,False
1099891,7010,赵清敏,female,1929-01-01,2000-12-31,26,信,Rule-generated Stage7 member for 合成赵氏.,False
1099892,7010,赵华,male,1926-01-01,1994-12-31,26,信,Rule-generated Stage7 member for 合成赵氏.,False
1099893,7010,赵兰芳,female,1930-01-01,1961-12-31,26,信,Rule-generated Stage7 member for 合成赵氏.,False
1099894,7010,赵信明,male,1929-01-01,2009-12-31,26,信,Rule-generated Stage7 member for 合成赵氏.,False
1099895,7010,赵信慧,female,1928-01-01,2017-12-31,26,信,Rule-generated Stage7 member for 合成赵氏.,False
1099896,7010,赵宗成,male,1927-01-01,2005-12-31,26,信,Rule-generated Stage7 member for 合成赵氏.,False
1099897,7010,赵信宁,female,1924-01-01,2007-12-31,26,信,Rule-generated Stage7 member for 合成赵氏.,False
1099898,7010,赵信安,male,1927-01-01,1978-12-31,26,信,Rule-generated Stage7 member for 合成赵氏.,False
1099899,7010,赵丽,female,1924-01-01,2000-12-31,26,信,Rule-generated Stage7 member for 合成赵氏.,False
1099900,7010,赵信承,male,1927-01-01,1967-12-31,26,信,Rule-generated Stage7 member for 合成赵氏.,False
1099901,7010,赵信安,female,1930-01-01,2008-12-31,26,信,Rule-generated Stage7 member for 合成赵氏.,False
1099902,7010,赵文安,male,1928-01-01,1968-12-31,26,信,Rule-generated Stage7 member for 合成赵氏.,False
1099903,7010,赵玉清,female,1929-01-01,1973-12-31,26,信,Rule-generated Stage7 member for 合成赵氏.,False
1099904,7010,赵信世,male,1927-01-01,1991-12-31,26,信,Rule-generated Stage7 member for 合成赵氏.,False
1099905,7010,赵伟,female,1925-01-01,1987-12-31,26,信,Rule-generated Stage7 member for 合成赵氏.,False
1099906,7010,赵信承,male,1926-01-01,2003-12-31,26,信,Rule-generated Stage7 member for 合成赵氏.,False
1099907,7010,赵强,female,1927-01-01,1980-12-31,26,信,Rule-generated Stage7 member for 合成赵氏.,False
1099908,7010,赵信德,male,1929-01-01,2004-12-31,26,信,Rule-generated Stage7 member for 合成赵氏.,False
1099909,7010,赵信宁,female,1928-01-01,2013-12-31,26,信,Rule-generated Stage7 member for 合成赵氏.,False
1099910,7010,赵承伟,male,1926-01-01,1986-12-31,26,信,Rule-generated Stage7 member for 合成赵氏.,False
1099911,7010,赵清宁,female,1928-01-01,1981-12-31,26,信,Rule-generated Stage7 member for 合成赵氏.,False
1099912,7010,赵信文,male,1928-01-01,1996-12-31,26,信,Rule-generated Stage7 member for 合成赵氏.,False
1099913,7010,赵忠景,male,1946-01-01,2008-12-31,27,忠,Rule-generated Stage7 member for 合成赵氏.,False
1099914,7010,赵忠梅,female,1949-01-01,2022-12-31,27,忠,Rule-generated Stage7 member for 合成赵氏.,False
1099915,7010,赵忠伟,male,1945-01-01,1990-12-31,27,忠,Rule-generated Stage7 member for 合成赵氏.,False
1099916,7010,赵敏,female,1948-01-01,,27,忠,Rule-generated Stage7 member for 合成赵氏.,True
1099917,7010,赵忠德,male,1945-01-01,2010-12-31,27,忠,Rule-generated Stage7 member for 合成赵氏.,False
1099918,7010,赵忠华,female,1950-01-01,2023-12-31,27,忠,Rule-generated Stage7 member for 合成赵氏.,False
1099919,7010,赵宗强,male,1949-01-01,,27,忠,Rule-generated Stage7 member for 合成赵氏.,True
1099920,7010,赵忠安,female,1950-01-01,1988-12-31,27,忠,Rule-generated Stage7 member for 合成赵氏.,False
1099921,7010,赵忠世,male,1946-01-01,1993-12-31,27,忠,Rule-generated Stage7 member for 合成赵氏.,False
1099922,7010,赵安梅,female,1947-01-01,1992-12-31,27,忠,Rule-generated Stage7 member for 合成赵氏.,False
1099923,7010,赵忠国,male,1949-01-01,2004-12-31,27,忠,Rule-generated Stage7 member for 合成赵氏.,False
1099924,7010,赵忠清,female,1948-01-01,1996-12-31,27,忠,Rule-generated Stage7 member for 合成赵氏.,False
1099925,7010,赵忠世,male,1947-01-01,,27,忠,Rule-generated Stage7 member for 合成赵氏.,True
1099926,7010,赵敏清,female,1949-01-01,,27,忠,Rule-generated Stage7 member for 合成赵氏.,True
1099927,7010,赵世景,male,1947-01-01,2021-12-31,27,忠,Rule-generated Stage7 member for 合成赵氏.,False
1099928,7010,赵忠丽,female,1950-01-01,1990-12-31,27,忠,Rule-generated Stage7 member for 合成赵氏.,False
1099929,7010,赵强安,male,1948-01-01,2002-12-31,27,忠,Rule-generated Stage7 member for 合成赵氏.,False
1099930,7010,赵忠梅,female,1946-01-01,,27,忠,Rule-generated Stage7 member for 合成赵氏.,True
1099931,7010,赵忠文,male,1947-01-01,1994-12-31,27,忠,Rule-generated Stage7 member for 合成赵氏.,False
1099932,7010,赵敏,female,1945-01-01,2013-12-31,27,忠,Rule-generated Stage7 member for 合成赵氏.,False
1099933,7010,赵文强,male,1948-01-01,2008-12-31,27,忠,Rule-generated Stage7 member for 合成赵氏.,False
1099934,7010,赵忠华,female,1948-01-01,,27,忠,Rule-generated Stage7 member for 合成赵氏.,True
1099935,7010,赵忠伟,male,1947-01-01,,27,忠,Rule-generated Stage7 member for 合成赵氏.,True
1099936,7010,赵丽,female,1947-01-01,1985-12-31,27,忠,Rule-generated Stage7 member for 合成赵氏.,False
1099937,7010,赵伟文,male,1948-01-01,2014-12-31,27,忠,Rule-generated Stage7 member for 合成赵氏.,False
1099938,7010,赵芳雅,female,1947-01-01,2015-12-31,27,忠,Rule-generated Stage7 member for 合成赵氏.,False
1099939,7010,赵明强,male,1948-01-01,2000-12-31,27,忠,Rule-generated Stage7 member for 合成赵氏.,False
1099940,7010,赵忠敏,female,1947-01-01,2002-12-31,27,忠,Rule-generated Stage7 member for 合成赵氏.,False
1099941,7010,赵忠国,male,1945-01-01,1994-12-31,27,忠,Rule-generated Stage7 member for 合成赵氏.,False
1099942,7010,赵忠宁,female,1948-01-01,1980-12-31,27,忠,Rule-generated Stage7 member for 合成赵氏.,False
1099943,7010,赵承安,male,1948-01-01,,27,忠,Rule-generated Stage7 member for 合成赵氏.,True
1099944,7010,赵慧敏,female,1948-01-01,,27,忠,Rule-generated Stage7 member for 合成赵氏.,True
1099945,7010,赵华,male,1945-01-01,1980-12-31,27,忠,Rule-generated Stage7 member for 合成赵氏.,False
1099946,7010,赵丽华,female,1947-01-01,1969-12-31,27,忠,Rule-generated Stage7 member for 合成赵氏.,False
1099947,7010,赵和强,male,1971-01-01,2017-12-31,28,和,Rule-generated Stage7 member for 合成赵氏.,False
1099948,7010,赵敏安,female,1972-01-01,,28,和,Rule-generated Stage7 member for 合成赵氏.,True
1099949,7010,赵明,male,1966-01-01,,28,和,Rule-generated Stage7 member for 合成赵氏.,True
1099950,7010,赵和宁,female,1969-01-01,,28,和,Rule-generated Stage7 member for 合成赵氏.,True
1099951,7010,赵强国,male,1971-01-01,,28,和,Rule-generated Stage7 member for 合成赵氏.,True
1099952,7010,赵雅梅,female,1972-01-01,,28,和,Rule-generated Stage7 member for 合成赵氏.,True
1099953,7010,赵和安,male,1968-01-01,,28,和,Rule-generated Stage7 member for 合成赵氏.,True
1099954,7010,赵雅安,female,1967-01-01,,28,和,Rule-generated Stage7 member for 合成赵氏.,True
1099955,7010,赵和宗,male,1966-01-01,,28,和,Rule-generated Stage7 member for 合成赵氏.,True
1099956,7010,赵慧华,female,1970-01-01,,28,和,Rule-generated Stage7 member for 合成赵氏.,True
1099957,7010,赵国承,male,1966-01-01,,28,和,Rule-generated Stage7 member for 合成赵氏.,True
1099958,7010,赵和华,female,1971-01-01,,28,和,Rule-generated Stage7 member for 合成赵氏.,True
1099959,7010,赵和文,male,1970-01-01,,28,和,Rule-generated Stage7 member for 合成赵氏.,True
1099960,7010,赵强,female,1972-01-01,,28,和,Rule-generated Stage7 member for 合成赵氏.,True
1099961,7010,赵强,male,1966-01-01,,28,和,Rule-generated Stage7 member for 合成赵氏.,True
1099962,7010,赵和玉,female,1966-01-01,,28,和,Rule-generated Stage7 member for 合成赵氏.,True
1099963,7010,赵和安,male,1969-01-01,2023-12-31,28,和,Rule-generated Stage7 member for 合成赵氏.,False
1099964,7010,赵雅华,female,1972-01-01,,28,和,Rule-generated Stage7 member for 合成赵氏.,True
1099965,7010,赵敏,male,1968-01-01,,28,和,Rule-generated Stage7 member for 合成赵氏.,True
1099966,7010,赵和雅,female,1966-01-01,,28,和,Rule-generated Stage7 member for 合成赵氏.,True
1099967,7010,赵和安,male,1971-01-01,,28,和,Rule-generated Stage7 member for 合成赵氏.,True
1099968,7010,赵和清,female,1967-01-01,,28,和,Rule-generated Stage7 member for 合成赵氏.,True
1099969,7010,赵承伟,male,1966-01-01,,28,和,Rule-generated Stage7 member for 合成赵氏.,True
1099970,7010,赵芳兰,female,1969-01-01,,28,和,Rule-generated Stage7 member for 合成赵氏.,True
1099971,7010,赵明,male,1967-01-01,,28,和,Rule-generated Stage7 member for 合成赵氏.,True
1099972,7010,赵和华,female,1971-01-01,,28,和,Rule-generated Stage7 member for 合成赵氏.,True
1099973,7010,赵景明,male,1988-01-01,,29,景,Rule-generated Stage7 member for 合成赵氏.,True
1099974,7010,赵景丽,female,1989-01-01,,29,景,Rule-generated Stage7 member for 合成赵氏.,True
1099975,7010,赵世安,male,1989-01-01,,29,景,Rule-generated Stage7 member for 合成赵氏.,True
1099976,7010,赵景雅,female,1987-01-01,,29,景,Rule-generated Stage7 member for 合成赵氏.,True
1099977,7010,赵景强,male,1991-01-01,,29,景,Rule-generated Stage7 member for 合成赵氏.,True
1099978,7010,赵明,female,1989-01-01,,29,景,Rule-generated Stage7 member for 合成赵氏.,True
1099979,7010,赵景文,male,1990-01-01,,29,景,Rule-generated Stage7 member for 合成赵氏.,True
1099980,7010,赵丽,female,1993-01-01,,29,景,Rule-generated Stage7 member for 合成赵氏.,True
1099981,7010,赵景德,male,1991-01-01,,29,景,Rule-generated Stage7 member for 合成赵氏.,True
1099982,7010,赵华,female,1988-01-01,,29,景,Rule-generated Stage7 member for 合成赵氏.,True
1099983,7010,赵景承,male,1990-01-01,,29,景,Rule-generated Stage7 member for 合成赵氏.,True
1099984,7010,赵景安,female,1991-01-01,,29,景,Rule-generated Stage7 member for 合成赵氏.,True
1099985,7010,赵景伟,male,1987-01-01,,29,景,Rule-generated Stage7 member for 合成赵氏.,True
1099986,7010,赵伟,female,1990-01-01,,29,景,Rule-generated Stage7 member for 合成赵氏.,True
1099987,7010,赵景强,male,1991-01-01,,29,景,Rule-generated Stage7 member for 合成赵氏.,True
1099988,7010,赵景敏,female,1989-01-01,,29,景,Rule-generated Stage7 member for 合成赵氏.,True
1099989,7010,赵明世,male,1991-01-01,,29,景,Rule-generated Stage7 member for 合成赵氏.,True
1099990,7010,赵安敏,female,1988-01-01,,29,景,Rule-generated Stage7 member for 合成赵氏.,True
1099991,7010,赵景明,male,2013-01-01,,30,承,Rule-generated Stage7 member for 合成赵氏.,True
1099992,7010,赵雅梅,female,2008-01-01,,30,承,Rule-generated Stage7 member for 合成赵氏.,True
1099993,7010,赵承世,male,2011-01-01,,30,承,Rule-generated Stage7 member for 合成赵氏.,True
1099994,7010,赵承雅,female,2013-01-01,,30,承,Rule-generated Stage7 member for 合成赵氏.,True
1099995,7010,赵国世,male,2012-01-01,,30,承,Rule-generated Stage7 member for 合成赵氏.,True
1099996,7010,赵承慧,female,2010-01-01,,30,承,Rule-generated Stage7 member for 合成赵氏.,True
1099997,7010,赵敏,male,2011-01-01,,30,承,Rule-generated Stage7 member for 合成赵氏.,True
1099998,7010,赵承敏,female,2010-01-01,,30,承,Rule-generated Stage7 member for 合成赵氏.,True
1099999,7010,赵承强,male,2009-01-01,,30,承,Rule-generated Stage7 member for 合成赵氏.,True
1100000,7010,赵承芳,female,2011-01-01,,30,承,Rule-generated Stage7 member for 合成赵氏.,True
