tree_id,member_id_1,member_id_2,married_at,ended_at,status
7003,1018003,1018135,1272-01-01,,active
7003,1018170,1018175,1272-01-01,,active
7003,1018196,1018213,1272-01-01,,active
7003,1018251,1018252,1290-01-01,,active
7003,1018293,1018294,1290-01-01,,active
7003,1018315,1018316,1290-01-01,,active
7003,1018331,1018332,1290-01-01,,active
7003,1018379,1018380,1290-01-01,,active
7003,1018395,1018396,1290-01-01,,active
7003,1018415,1018416,1290-01-01,,active
7003,1018417,1018418,1308-01-01,,active
7003,1018427,1018428,1308-01-01,,active
7003,1018459,1018460,1308-01-01,,active
7003,1018467,1018468,1308-01-01,,active
7003,1018487,1018488,1308-01-01,,active
7003,1018499,1018500,1308-01-01,,active
7003,1018521,1018522,1308-01-01,,active
7003,1018527,1018528,1308-01-01,,active
7003,1018551,1018552,1308-01-01,,active
7003,1018559,1018560,1308-01-01,,active
7003,1018571,1018572,1308-01-01,,active
7003,1018575,1018576,1308-01-01,,active
7003,1018583,1018584,1308-01-01,,active
7003,1018593,1018594,1308-01-01,,active
7003,1018625,1018628,1326-01-01,,active
7003,1018625,1018630,1326-01-01,,active
7003,1018629,1018630,1326-01-01,,active
7003,1018629,1018632,1326-01-01,,active
7003,1018629,1018634,1326-01-01,,active
7003,1018635,1018636,1326-01-01,,active
7003,1018635,1018638,1326-01-01,,active
7003,1018639,1018644,1326-01-01,,active
7003,1018641,1018644,1326-01-01,,active
7003,1018641,1018646,1326-01-01,,active
7003,1018645,1018646,1326-01-01,,active
7003,1018645,1018648,1326-01-01,,active
7003,1018645,1018650,1326-01-01,,active
7003,1018651,1018652,1326-01-01,,active
7003,1018651,1018654,1326-01-01,,active
7003,1018651,1018656,1326-01-01,,active
7003,1018655,1018656,1326-01-01,,active
7003,1018655,1018660,1326-01-01,,active
7003,1018657,1018660,1326-01-01,,active
7003,1018657,1018662,1326-01-01,,active
7003,1018661,1018662,1326-01-01,,active
7003,1018661,1018666,1326-01-01,,active
7003,1018663,1018666,1326-01-01,,active
7003,1018667,1018670,1326-01-01,,active
7003,1018667,1018672,1326-01-01,,active
7003,1018669,1018670,1326-01-01,,active
7003,1018669,1018672,1326-01-01,,active
7003,1018669,1018674,1326-01-01,,active
7003,1018671,1018672,1326-01-01,,active
7003,1018671,1018674,1326-01-01,,active
7003,1018675,1018680,1326-01-01,,active
7003,1018677,1018680,1326-01-01,,active
7003,1018677,1018682,1326-01-01,,active
7003,1018685,1018686,1326-01-01,,active
7003,1018685,1018688,1326-01-01,,active
7003,1018687,1018688,1326-01-01,,active
7003,1018687,1018692,1326-01-01,,active
7003,1018689,1018692,1326-01-01,,active
7003,1018691,1018692,1326-01-01,,active
7003,1018691,1018696,1326-01-01,,active
7003,1018693,1018696,1326-01-01,,active
7003,1018693,1018698,1326-01-01,,active
7003,1018697,1018698,1326-01-01,,active
7003,1018697,1018702,1326-01-01,,active
7003,1018701,1018702,1326-01-01,,active
7003,1018701,1018704,1326-01-01,,active
7003,1018707,1018708,1326-01-01,,active
7003,1018711,1018712,1326-01-01,,active
7003,1018715,1018718,1326-01-01,,active
7003,1018717,1018718,1326-01-01,,active
7003,1018719,1018722,1326-01-01,,active
7003,1018721,1018722,1326-01-01,,active
7003,1018721,1018724,1326-01-01,,active
7003,1018727,1018728,1326-01-01,,active
7003,1018729,1018732,1326-01-01,,active
7003,1018733,1018734,1326-01-01,,active
7003,1018733,1018736,1326-01-01,,active
7003,1018739,1018740,1326-01-01,,active
7003,1018739,1018742,1326-01-01,,active
7003,1018745,1018748,1326-01-01,,active
7003,1018749,1018750,1326-01-01,,active
7003,1018749,1018752,1326-01-01,,active
7003,1018755,1018756,1326-01-01,,active
7003,1018755,1018758,1326-01-01,,active
7003,1018759,1018760,1326-01-01,,active
7003,1018761,1018764,1326-01-01,,active
7003,1018765,1018766,1326-01-01,,active
7003,1018767,1018770,1326-01-01,,active
7003,1018771,1018774,1326-01-01,,active
7003,1018773,1018774,1326-01-01,,active
7003,1018773,1018776,1326-01-01,,active
7003,1018775,1018776,1326-01-01,,active
7003,1018775,1018778,1326-01-01,,active
7003,1018781,1018784,1326-01-01,,active
7003,1018789,1018790,1326-01-01,,active
7003,1018789,1018792,1326-01-01,,active
7003,1018791,1018792,1326-01-01,,active
7003,1018793,1018796,1326-01-01,,active
7003,1018795,1018796,1326-01-01,,active
7003,1018797,1018800,1326-01-01,,active
7003,1018801,1018802,1326-01-01,,active
7003,1018805,1018806,1326-01-01,,active
7003,1018805,1018808,1326-01-01,,active
7003,1018811,1018812,1326-01-01,,active
7003,1018815,1018816,1326-01-01,,active
7003,1018819,1018822,1326-01-01,,active
7003,1018821,1018822,1326-01-01,,active
7003,1018823,1018826,1326-01-01,,active
7003,1018825,1018826,1326-01-01,,active
7003,1018825,1018828,1326-01-01,,active
7003,1018831,1018832,1326-01-01,,active
7003,1018833,1018836,1326-01-01,,active
7003,1018837,1018838,1326-01-01,,active
7003,1018837,1018840,1326-01-01,,active
7003,1018843,1018844,1326-01-01,,active
7003,1018843,1018846,1326-01-01,,active
7003,1018849,1018852,1326-01-01,,active
7003,1018853,1018854,1326-01-01,,active
7003,1018853,1018856,1326-01-01,,active
7003,1018859,1018860,1326-01-01,,active
7003,1018859,1018862,1326-01-01,,active
7003,1018863,1018864,1326-01-01,,active
7003,1018865,1018868,1326-01-01,,active
7003,1018869,1018870,1326-01-01,,active
7003,1018874,1018875,1344-01-01,,active
7003,1018876,1018877,1344-01-01,,active
7003,1018878,1018879,1344-01-01,,active
7003,1018880,1018881,1344-01-01,,active
7003,1018882,1018883,1344-01-01,,active
7003,1018884,1018885,1344-01-01,,active
7003,1018886,1018887,1344-01-01,,active
7003,1018888,1018889,1344-01-01,,active
7003,1018890,1018891,1344-01-01,,active
7003,1018892,1018893,1344-01-01,,active
7003,1018894,1018895,1344-01-01,,active
7003,1018896,1018897,1344-01-01,,active
7003,1018898,1018899,1344-01-01,,active
7003,1018900,1018901,1344-01-01,,active
7003,1018904,1018905,1344-01-01,,active
7003,1018906,1018907,1344-01-01,,active
7003,1018908,1018909,1344-01-01,,active
7003,1018912,1018913,1344-01-01,,active
7003,1018918,1018919,1344-01-01,,active
7003,1018920,1018921,1344-01-01,,active
7003,1018922,1018923,1344-01-01,,active
7003,1018926,1018927,1344-01-01,,active
7003,1018928,1018929,1344-01-01,,active
7003,1018930,1018931,1344-01-01,,active
7003,1018932,1018933,1344-01-01,,active
7003,1018934,1018935,1344-01-01,,active
7003,1018936,1018937,1344-01-01,,active
7003,1018938,1018939,1344-01-01,,active
7003,1018940,1018941,1344-01-01,,active
7003,1018942,1018943,1344-01-01,,active
7003,1018944,1018945,1344-01-01,,active
7003,1018946,1018947,1344-01-01,,active
7003,1018948,1018949,1344-01-01,,active
7003,1018950,1018951,1344-01-01,,active
7003,1018952,1018953,1344-01-01,,active
7003,1018956,1018957,1344-01-01,,active
7003,1018958,1018959,1344-01-01,,active
7003,1018960,1018961,1344-01-01,,active
7003,1018964,1018965,1344-01-01,,active
7003,1018970,1018971,1344-01-01,,active
7003,1018972,1018973,1344-01-01,,active
7003,1018974,1018975,1344-01-01,,active
7003,1018978,1018979,1344-01-01,,active
7003,1018980,1018981,1344-01-01,,active
7003,1018982,1018983,1344-01-01,,active
7003,1018984,1018985,1344-01-01,,active
7003,1018986,1018987,1344-01-01,,active
7003,1018988,1018989,1344-01-01,,active
7003,1018990,1018991,1344-01-01,,active
7003,1018992,1018993,1344-01-01,,active
7003,1018994,1018995,1344-01-01,,active
7003,1018996,1018997,1344-01-01,,active
7003,1019000,1019001,1344-01-01,,active
7003,1019002,1019003,1344-01-01,,active
7003,1019006,1019007,1344-01-01,,active
7003,1019008,1019009,1344-01-01,,active
7003,1019010,1019011,1344-01-01,,active
7003,1019012,1019013,1344-01-01,,active
7003,1019014,1019015,1344-01-01,,active
7003,1019016,1019017,1344-01-01,,active
7003,1019020,1019021,1344-01-01,,active
7003,1019024,1019025,1344-01-01,,active
7003,1019028,1019029,1344-01-01,,active
7003,1019030,1019031,1344-01-01,,active
7003,1019032,1019033,1344-01-01,,active
7003,1019034,1019035,1344-01-01,,active
7003,1019036,1019037,1344-01-01,,active
7003,1019040,1019041,1344-01-01,,active
7003,1019042,1019043,1344-01-01,,active
7003,1019044,1019045,1344-01-01,,active
7003,1019046,1019047,1344-01-01,,active
7003,1019050,1019051,1344-01-01,,active
7003,1019052,1019053,1344-01-01,,active
7003,1019054,1019055,1344-01-01,,active
7003,1019058,1019059,1344-01-01,,active
7003,1019060,1019061,1344-01-01,,active
7003,1019062,1019063,1344-01-01,,active
7003,1019064,1019065,1344-01-01,,active
7003,1019066,1019067,1344-01-01,,active
7003,1019068,1019069,1344-01-01,,active
7003,1019072,1019073,1344-01-01,,active
7003,1019076,1019077,1344-01-01,,active
7003,1019080,1019081,1344-01-01,,active
7003,1019082,1019083,1344-01-01,,active
7003,1019084,1019085,1344-01-01,,active
7003,1019086,1019087,1344-01-01,,active
7003,1019088,1019089,1344-01-01,,active
7003,1019092,1019093,1344-01-01,,active
7003,1019094,1019095,1344-01-01,,active
7003,1019096,1019097,1344-01-01,,active
7003,1019098,1019099,1344-01-01,,active
7003,1019102,1019103,1344-01-01,,active
7003,1019104,1019105,1344-01-01,,active
7003,1019106,1019107,1344-01-01,,active
7003,1019110,1019111,1344-01-01,,active
7003,1019112,1019113,1344-01-01,,active
7003,1019114,1019115,1344-01-01,,active
7003,1019116,1019117,1344-01-01,,active
7003,1019118,1019119,1344-01-01,,active
7003,1019120,1019121,1344-01-01,,active
7003,1019122,1019123,1344-01-01,,active
7003,1019124,1019125,1344-01-01,,active
7003,1019126,1019127,1344-01-01,,active
7003,1019128,1019129,1344-01-01,,active
7003,1019132,1019133,1344-01-01,,active
7003,1019134,1019135,1344-01-01,,active
7003,1019136,1019137,1344-01-01,,active
7003,1019142,1019143,1344-01-01,,active
7003,1019144,1019145,1344-01-01,,active
7003,1019146,1019147,1344-01-01,,active
7003,1019152,1019153,1344-01-01,,active
7003,1019154,1019155,1344-01-01,,active
7003,1019156,1019157,1344-01-01,,active
7003,1019160,1019161,1344-01-01,,active
7003,1019162,1019163,1344-01-01,,active
7003,1019164,1019165,1362-01-01,,active
7003,1019166,1019167,1362-01-01,,active
7003,1019168,1019169,1362-01-01,,active
7003,1019170,1019171,1362-01-01,,active
7003,1019172,1019173,1362-01-01,,active
7003,1019174,1019175,1362-01-01,,active
7003,1019176,1019177,1362-01-01,,active
7003,1019178,1019179,1362-01-01,,active
7003,1019180,1019181,1362-01-01,,active
7003,1019182,1019183,1362-01-01,,active
7003,1019184,1019185,1362-01-01,,active
7003,1019186,1019187,1362-01-01,,active
7003,1019188,1019189,1362-01-01,,active
7003,1019190,1019191,1362-01-01,,active
7003,1019192,1019193,1362-01-01,,active
7003,1019194,1019195,1362-01-01,,active
7003,1019196,1019197,1362-01-01,,active
7003,1019198,1019199,1362-01-01,,active
7003,1019200,1019201,1362-01-01,,active
7003,1019202,1019203,1362-01-01,,active
7003,1019204,1019205,1362-01-01,,active
7003,1019206,1019207,1362-01-01,,active
7003,1019208,1019209,1362-01-01,,active
7003,1019210,1019211,1362-01-01,,active
7003,1019212,1019213,1362-01-01,,active
7003,1019214,1019215,1362-01-01,,active
7003,1019216,1019217,1362-01-01,,active
7003,1019218,1019219,1362-01-01,,active
7003,1019220,1019221,1362-01-01,,active
7003,1019222,1019223,1362-01-01,,active
7003,1019224,1019225,1362-01-01,,active
7003,1019226,1019227,1362-01-01,,active
7003,1019228,1019229,1362-01-01,,active
7003,1019230,1019231,1362-01-01,,active
7003,1019232,1019233,1362-01-01,,active
7003,1019234,1019235,1362-01-01,,active
7003,1019236,1019237,1362-01-01,,active
7003,1019238,1019239,1362-01-01,,active
7003,1019240,1019241,1362-01-01,,active
7003,1019242,1019243,1362-01-01,,active
7003,1019244,1019245,1362-01-01,,active
7003,1019246,1019247,1362-01-01,,active
7003,1019248,1019249,1362-01-01,,active
7003,1019250,1019251,1362-01-01,,active
7003,1019252,1019253,1362-01-01,,active
7003,1019254,1019255,1362-01-01,,active
7003,1019256,1019257,1362-01-01,,active
7003,1019258,1019259,1362-01-01,,active
7003,1019260,1019261,1362-01-01,,active
7003,1019262,1019263,1362-01-01,,active
7003,1019264,1019265,1362-01-01,,active
7003,1019266,1019267,1362-01-01,,active
7003,1019268,1019269,1362-01-01,,active
7003,1019270,1019271,1362-01-01,,active
7003,1019272,1019273,1362-01-01,,active
7003,1019274,1019275,1362-01-01,,active
7003,1019276,1019277,1362-01-01,,active
7003,1019278,1019279,1362-01-01,,active
7003,1019280,1019281,1362-01-01,,active
7003,1019282,1019283,1362-01-01,,active
7003,1019284,1019285,1362-01-01,,active
7003,1019286,1019287,1362-01-01,,active
7003,1019288,1019289,1362-01-01,,active
7003,1019290,1019291,1362-01-01,,active
7003,1019292,1019293,1362-01-01,,active
7003,1019294,1019295,1362-01-01,,active
7003,1019296,1019297,1362-01-01,,active
7003,1019298,1019299,1362-01-01,,active
7003,1019300,1019301,1362-01-01,,active
7003,1019302,1019303,1362-01-01,,active
7003,1019304,1019305,1362-01-01,,active
7003,1019306,1019307,1362-01-01,,active
7003,1019308,1019309,1362-01-01,,active
7003,1019310,1019311,1362-01-01,,active
7003,1019312,1019313,1362-01-01,,active
7003,1019314,1019315,1362-01-01,,active
7003,1019316,1019317,1362-01-01,,active
7003,1019318,1019319,1362-01-01,,active
7003,1019320,1019321,1362-01-01,,active
7003,1019322,1019323,1362-01-01,,active
7003,1019324,1019325,1362-01-01,,active
7003,1019326,1019327,1362-01-01,,active
7003,1019328,1019329,1362-01-01,,active
7003,1019330,1019331,1362-01-01,,active
7003,1019332,1019333,1362-01-01,,active
7003,1019334,1019335,1362-01-01,,active
7003,1019336,1019337,1362-01-01,,active
7003,1019338,1019339,1362-01-01,,active
7003,1019340,1019341,1362-01-01,,active
7003,1019342,1019343,1362-01-01,,active
7003,1019344,1019345,1362-01-01,,active
7003,1019346,1019347,1362-01-01,,active
7003,1019348,1019349,1362-01-01,,active
7003,1019350,1019351,1362-01-01,,active
7003,1019352,1019353,1362-01-01,,active
7003,1019354,1019355,1362-01-01,,active
7003,1019356,1019357,1362-01-01,,active
7003,1019358,1019359,1362-01-01,,active
7003,1019360,1019361,1362-01-01,,active
7003,1019362,1019363,1362-01-01,,active
7003,1019364,1019365,1362-01-01,,active
7003,1019366,1019367,1362-01-01,,active
7003,1019368,1019369,1362-01-01,,active
7003,1019370,1019371,1362-01-01,,active
7003,1019372,1019373,1362-01-01,,active
7003,1019374,1019375,1362-01-01,,active
7003,1019376,1019377,1362-01-01,,active
7003,1019378,1019379,1362-01-01,,active
7003,1019380,1019381,1362-01-01,,active
7003,1019382,1019383,1362-01-01,,active
7003,1019384,1019385,1362-01-01,,active
7003,1019386,1019387,1362-01-01,,active
7003,1019388,1019389,1362-01-01,,active
7003,1019390,1019391,1362-01-01,,active
7003,1019392,1019393,1362-01-01,,active
7003,1019394,1019395,1362-01-01,,active
7003,1019396,1019397,1362-01-01,,active
7003,1019398,1019399,1362-01-01,,active
7003,1019400,1019401,1362-01-01,,active
7003,1019402,1019403,1362-01-01,,active
7003,1019404,1019405,1362-01-01,,active
7003,1019406,1019407,1362-01-01,,active
7003,1019408,1019409,1362-01-01,,active
7003,1019410,1019411,1362-01-01,,active
7003,1019412,1019413,1362-01-01,,active
7003,1019414,1019415,1362-01-01,,active
7003,1019416,1019417,1362-01-01,,active
7003,1019418,1019419,1362-01-01,,active
7003,1019420,1019421,1362-01-01,,active
7003,1019422,1019423,1362-01-01,,active
7003,1019424,1019425,1362-01-01,,active
7003,1019426,1019427,1362-01-01,,active
7003,1019428,1019429,1362-01-01,,active
7003,1019430,1019431,1362-01-01,,active
7003,1019432,1019433,1362-01-01,,active
7003,1019434,1019435,1362-01-01,,active
7003,1019436,1019437,1362-01-01,,active
7003,1019438,1019439,1362-01-01,,active
7003,1019440,1019441,1362-01-01,,active
7003,1019442,1019443,1362-01-01,,active
7003,1019444,1019445,1362-01-01,,active
7003,1019446,1019447,1362-01-01,,active
7003,1019448,1019449,1362-01-01,,active
7003,1019450,1019451,1362-01-01,,active
7003,1019452,1019453,1362-01-01,,active
7003,1019454,1019455,1362-01-01,,active
7003,1019456,1019457,1362-01-01,,active
7003,1019458,1019459,1362-01-01,,active
7003,1019460,1019461,1362-01-01,,active
7003,1019462,1019463,1362-01-01,,active
7003,1019464,1019465,1362-01-01,,active
7003,1019466,1019467,1362-01-01,,active
7003,1019468,1019469,1362-01-01,,active
7003,1019470,1019471,1362-01-01,,active
7003,1019472,1019473,1362-01-01,,active
7003,1019474,1019475,1362-01-01,,active
7003,1019476,1019477,1362-01-01,,active
7003,1019478,1019479,1362-01-01,,active
7003,1019480,1019481,1362-01-01,,active
7003,1019482,1019483,1362-01-01,,active
7003,1019484,1019485,1362-01-01,,active
7003,1019486,1019487,1362-01-01,,active
7003,1019488,1019489,1362-01-01,,active
7003,1019490,1019491,1362-01-01,,active
7003,1019492,1019493,1362-01-01,,active
7003,1019494,1019495,1362-01-01,,active
7003,1019496,1019497,1380-01-01,,active
7003,1019496,1019499,1380-01-01,,active
7003,1019496,1019501,1380-01-01,,active
7003,1019497,1019866,1380-01-01,,active
7003,1019497,1019868,1380-01-01,,active
7003,1019498,1019499,1380-01-01,,active
7003,1019498,1019501,1380-01-01,,active
7003,1019498,1019503,1380-01-01,,active
7003,1019499,1019868,1380-01-01,,active
7003,1019500,1019501,1380-01-01,,active
7003,1019500,1019503,1380-01-01,,active
7003,1019500,1019505,1380-01-01,,active
7003,1019502,1019503,1380-01-01,,active
7003,1019502,1019505,1380-01-01,,active
7003,1019502,1019507,1380-01-01,,active
7003,1019504,1019505,1380-01-01,,active
7003,1019504,1019507,1380-01-01,,active
7003,1019504,1019509,1380-01-01,,active
7003,1019506,1019507,1380-01-01,,active
7003,1019506,1019509,1380-01-01,,active
7003,1019506,1019511,1380-01-01,,active
7003,1019508,1019509,1380-01-01,,active
7003,1019508,1019511,1380-01-01,,active
7003,1019508,1019513,1380-01-01,,active
7003,1019510,1019511,1380-01-01,,active
7003,1019510,1019513,1380-01-01,,active
7003,1019510,1019515,1380-01-01,,active
7003,1019512,1019513,1380-01-01,,active
7003,1019512,1019515,1380-01-01,,active
7003,1019512,1019517,1380-01-01,,active
7003,1019514,1019515,1380-01-01,,active
7003,1019514,1019517,1380-01-01,,active
7003,1019514,1019519,1380-01-01,,active
7003,1019516,1019517,1380-01-01,,active
7003,1019516,1019519,1380-01-01,,active
7003,1019516,1019521,1380-01-01,,active
7003,1019518,1019519,1380-01-01,,active
7003,1019518,1019521,1380-01-01,,active
7003,1019518,1019523,1380-01-01,,active
7003,1019520,1019521,1380-01-01,,active
7003,1019520,1019523,1380-01-01,,active
7003,1019520,1019525,1380-01-01,,active
7003,1019522,1019523,1380-01-01,,active
7003,1019522,1019525,1380-01-01,,active
7003,1019522,1019527,1380-01-01,,active
7003,1019524,1019525,1380-01-01,,active
7003,1019524,1019527,1380-01-01,,active
7003,1019524,1019529,1380-01-01,,active
7003,1019526,1019527,1380-01-01,,active
7003,1019526,1019529,1380-01-01,,active
7003,1019526,1019531,1380-01-01,,active
7003,1019528,1019529,1380-01-01,,active
7003,1019528,1019531,1380-01-01,,active
7003,1019528,1019533,1380-01-01,,active
7003,1019530,1019531,1380-01-01,,active
7003,1019530,1019533,1380-01-01,,active
7003,1019530,1019535,1380-01-01,,active
7003,1019532,1019533,1380-01-01,,active
7003,1019532,1019535,1380-01-01,,active
7003,1019532,1019537,1380-01-01,,active
7003,1019534,1019535,1380-01-01,,active
7003,1019534,1019537,1380-01-01,,active
7003,1019534,1019539,1380-01-01,,active
7003,1019536,1019537,1380-01-01,,active
7003,1019536,1019539,1380-01-01,,active
7003,1019536,1019541,1380-01-01,,active
7003,1019538,1019539,1380-01-01,,active
7003,1019538,1019541,1380-01-01,,active
7003,1019538,1019543,1380-01-01,,active
7003,1019540,1019541,1380-01-01,,active
7003,1019540,1019543,1380-01-01,,active
7003,1019540,1019545,1380-01-01,,active
7003,1019542,1019543,1380-01-01,,active
7003,1019542,1019545,1380-01-01,,active
7003,1019542,1019547,1380-01-01,,active
7003,1019544,1019545,1380-01-01,,active
7003,1019544,1019547,1380-01-01,,active
7003,1019544,1019549,1380-01-01,,active
7003,1019546,1019547,1380-01-01,,active
7003,1019546,1019549,1380-01-01,,active
7003,1019546,1019551,1380-01-01,,active
7003,1019548,1019549,1380-01-01,,active
7003,1019548,1019551,1380-01-01,,active
7003,1019548,1019553,1380-01-01,,active
7003,1019550,1019551,1380-01-01,,active
7003,1019550,1019553,1380-01-01,,active
7003,1019550,1019555,1380-01-01,,active
7003,1019552,1019553,1380-01-01,,active
7003,1019552,1019555,1380-01-01,,active
7003,1019552,1019557,1380-01-01,,active
7003,1019554,1019555,1380-01-01,,active
7003,1019554,1019557,1380-01-01,,active
7003,1019554,1019559,1380-01-01,,active
7003,1019556,1019557,1380-01-01,,active
7003,1019556,1019559,1380-01-01,,active
7003,1019556,1019561,1380-01-01,,active
7003,1019558,1019559,1380-01-01,,active
7003,1019558,1019561,1380-01-01,,active
7003,1019558,1019563,1380-01-01,,active
7003,1019560,1019561,1380-01-01,,active
7003,1019560,1019563,1380-01-01,,active
7003,1019560,1019565,1380-01-01,,active
7003,1019562,1019563,1380-01-01,,active
7003,1019562,1019565,1380-01-01,,active
7003,1019562,1019567,1380-01-01,,active
7003,1019564,1019565,1380-01-01,,active
7003,1019564,1019567,1380-01-01,,active
7003,1019564,1019569,1380-01-01,,active
7003,1019566,1019567,1380-01-01,,active
7003,1019566,1019569,1380-01-01,,active
7003,1019566,1019571,1380-01-01,,active
7003,1019568,1019569,1380-01-01,,active
7003,1019568,1019571,1380-01-01,,active
7003,1019568,1019573,1380-01-01,,active
7003,1019570,1019571,1380-01-01,,active
7003,1019570,1019573,1380-01-01,,active
7003,1019570,1019575,1380-01-01,,active
7003,1019572,1019573,1380-01-01,,active
7003,1019572,1019575,1380-01-01,,active
7003,1019572,1019577,1380-01-01,,active
7003,1019574,1019575,1380-01-01,,active
7003,1019574,1019577,1380-01-01,,active
7003,1019574,1019579,1380-01-01,,active
7003,1019576,1019577,1380-01-01,,active
7003,1019576,1019579,1380-01-01,,active
7003,1019576,1019581,1380-01-01,,active
7003,1019578,1019579,1380-01-01,,active
7003,1019578,1019581,1380-01-01,,active
7003,1019580,1019581,1380-01-01,,active
7003,1019580,1019583,1380-01-01,,active
7003,1019582,1019583,1380-01-01,,active
7003,1019582,1019585,1380-01-01,,active
7003,1019584,1019585,1380-01-01,,active
7003,1019584,1019587,1380-01-01,,active
7003,1019586,1019587,1380-01-01,,active
7003,1019586,1019589,1380-01-01,,active
7003,1019588,1019589,1380-01-01,,active
7003,1019588,1019591,1380-01-01,,active
7003,1019590,1019591,1380-01-01,,active
7003,1019590,1019593,1380-01-01,,active
7003,1019592,1019593,1380-01-01,,active
7003,1019592,1019595,1380-01-01,,active
7003,1019594,1019595,1380-01-01,,active
7003,1019594,1019597,1380-01-01,,active
7003,1019596,1019597,1380-01-01,,active
7003,1019596,1019599,1380-01-01,,active
7003,1019598,1019599,1380-01-01,,active
7003,1019598,1019601,1380-01-01,,active
7003,1019600,1019601,1380-01-01,,active
7003,1019600,1019603,1380-01-01,,active
7003,1019602,1019603,1380-01-01,,active
7003,1019602,1019605,1380-01-01,,active
7003,1019604,1019605,1380-01-01,,active
7003,1019604,1019607,1380-01-01,,active
7003,1019606,1019607,1380-01-01,,active
7003,1019606,1019609,1380-01-01,,active
7003,1019608,1019609,1380-01-01,,active
7003,1019608,1019611,1380-01-01,,active
7003,1019610,1019611,1380-01-01,,active
7003,1019610,1019613,1380-01-01,,active
7003,1019612,1019613,1380-01-01,,active
7003,1019612,1019615,1380-01-01,,active
7003,1019614,1019615,1380-01-01,,active
7003,1019614,1019617,1380-01-01,,active
7003,1019616,1019617,1380-01-01,,active
7003,1019616,1019619,1380-01-01,,active
7003,1019618,1019619,1380-01-01,,active
7003,1019618,1019621,1380-01-01,,active
7003,1019620,1019621,1380-01-01,,active
7003,1019620,1019623,1380-01-01,,active
7003,1019622,1019623,1380-01-01,,active
7003,1019622,1019625,1380-01-01,,active
7003,1019624,1019625,1380-01-01,,active
7003,1019624,1019627,1380-01-01,,active
7003,1019626,1019627,1380-01-01,,active
7003,1019626,1019629,1380-01-01,,active
7003,1019628,1019629,1380-01-01,,active
7003,1019628,1019631,1380-01-01,,active
7003,1019630,1019631,1380-01-01,,active
7003,1019630,1019633,1380-01-01,,active
7003,1019632,1019633,1380-01-01,,active
7003,1019632,1019635,1380-01-01,,active
7003,1019634,1019635,1380-01-01,,active
7003,1019634,1019637,1380-01-01,,active
7003,1019636,1019637,1380-01-01,,active
7003,1019636,1019639,1380-01-01,,active
7003,1019638,1019639,1380-01-01,,active
7003,1019638,1019641,1380-01-01,,active
7003,1019640,1019641,1380-01-01,,active
7003,1019640,1019643,1380-01-01,,active
7003,1019642,1019643,1380-01-01,,active
7003,1019642,1019645,1380-01-01,,active
7003,1019644,1019645,1380-01-01,,active
7003,1019644,1019647,1380-01-01,,active
7003,1019646,1019647,1380-01-01,,active
7003,1019646,1019649,1380-01-01,,active
7003,1019648,1019649,1380-01-01,,active
7003,1019648,1019651,1380-01-01,,active
7003,1019650,1019651,1380-01-01,,active
7003,1019650,1019653,1380-01-01,,active
7003,1019652,1019653,1380-01-01,,active
7003,1019652,1019655,1380-01-01,,active
7003,1019654,1019655,1380-01-01,,active
7003,1019654,1019657,1380-01-01,,active
7003,1019656,1019657,1380-01-01,,active
7003,1019656,1019659,1380-01-01,,active
7003,1019658,1019659,1380-01-01,,active
7003,1019658,1019661,1380-01-01,,active
7003,1019660,1019661,1380-01-01,,active
7003,1019660,1019663,1380-01-01,,active
7003,1019662,1019663,1380-01-01,,active
7003,1019662,1019665,1380-01-01,,active
7003,1019664,1019665,1380-01-01,,active
7003,1019664,1019667,1380-01-01,,active
7003,1019666,1019667,1380-01-01,,active
7003,1019666,1019669,1380-01-01,,active
7003,1019668,1019669,1380-01-01,,active
7003,1019668,1019671,1380-01-01,,active
7003,1019670,1019671,1380-01-01,,active
7003,1019670,1019673,1380-01-01,,active
7003,1019672,1019673,1380-01-01,,active
7003,1019672,1019675,1380-01-01,,active
7003,1019674,1019675,1380-01-01,,active
7003,1019674,1019677,1380-01-01,,active
7003,1019676,1019677,1380-01-01,,active
7003,1019676,1019679,1380-01-01,,active
7003,1019678,1019679,1380-01-01,,active
7003,1019678,1019681,1380-01-01,,active
7003,1019680,1019681,1380-01-01,,active
7003,1019680,1019683,1380-01-01,,active
7003,1019682,1019683,1380-01-01,,active
7003,1019682,1019685,1380-01-01,,active
7003,1019684,1019685,1380-01-01,,active
7003,1019684,1019687,1380-01-01,,active
7003,1019686,1019687,1380-01-01,,active
7003,1019686,1019689,1380-01-01,,active
7003,1019688,1019689,1380-01-01,,active
7003,1019688,1019691,1380-01-01,,active
7003,1019690,1019691,1380-01-01,,active
7003,1019690,1019693,1380-01-01,,active
7003,1019692,1019693,1380-01-01,,active
7003,1019692,1019695,1380-01-01,,active
7003,1019694,1019695,1380-01-01,,active
7003,1019694,1019697,1380-01-01,,active
7003,1019696,1019697,1380-01-01,,active
7003,1019696,1019699,1380-01-01,,active
7003,1019698,1019699,1380-01-01,,active
7003,1019698,1019701,1380-01-01,,active
7003,1019700,1019701,1380-01-01,,active
7003,1019700,1019703,1380-01-01,,active
7003,1019702,1019703,1380-01-01,,active
7003,1019702,1019705,1380-01-01,,active
7003,1019704,1019705,1380-01-01,,active
7003,1019704,1019707,1380-01-01,,active
7003,1019706,1019707,1380-01-01,,active
7003,1019706,1019709,1380-01-01,,active
7003,1019708,1019709,1380-01-01,,active
7003,1019708,1019711,1380-01-01,,active
7003,1019710,1019711,1380-01-01,,active
7003,1019710,1019713,1380-01-01,,active
7003,1019712,1019713,1380-01-01,,active
7003,1019712,1019715,1380-01-01,,active
7003,1019714,1019715,1380-01-01,,active
7003,1019714,1019717,1380-01-01,,active
7003,1019716,1019717,1380-01-01,,active
7003,1019716,1019719,1380-01-01,,active
7003,1019718,1019719,1380-01-01,,active
7003,1019718,1019721,1380-01-01,,active
7003,1019720,1019721,1380-01-01,,active
7003,1019720,1019723,1380-01-01,,active
7003,1019722,1019723,1380-01-01,,active
7003,1019722,1019725,1380-01-01,,active
7003,1019724,1019725,1380-01-01,,active
7003,1019724,1019727,1380-01-01,,active
7003,1019726,1019727,1380-01-01,,active
7003,1019726,1019729,1380-01-01,,active
7003,1019728,1019729,1380-01-01,,active
7003,1019728,1019731,1380-01-01,,active
7003,1019730,1019731,1380-01-01,,active
7003,1019730,1019733,1380-01-01,,active
7003,1019732,1019733,1380-01-01,,active
7003,1019732,1019735,1380-01-01,,active
7003,1019734,1019735,1380-01-01,,active
7003,1019734,1019737,1380-01-01,,active
7003,1019736,1019737,1380-01-01,,active
7003,1019736,1019739,1380-01-01,,active
7003,1019738,1019739,1380-01-01,,active
7003,1019738,1019741,1380-01-01,,active
7003,1019740,1019741,1380-01-01,,active
7003,1019740,1019743,1380-01-01,,active
7003,1019742,1019743,1380-01-01,,active
7003,1019742,1019745,1380-01-01,,active
7003,1019744,1019745,1380-01-01,,active
7003,1019744,1019747,1380-01-01,,active
7003,1019746,1019747,1380-01-01,,active
7003,1019746,1019749,1380-01-01,,active
7003,1019748,1019749,1380-01-01,,active
7003,1019748,1019751,1380-01-01,,active
7003,1019750,1019751,1380-01-01,,active
7003,1019750,1019753,1380-01-01,,active
7003,1019752,1019753,1380-01-01,,active
7003,1019752,1019755,1380-01-01,,active
7003,1019754,1019755,1380-01-01,,active
7003,1019754,1019757,1380-01-01,,active
7003,1019756,1019757,1380-01-01,,active
7003,1019756,1019759,1380-01-01,,active
7003,1019758,1019759,1380-01-01,,active
7003,1019758,1019761,1380-01-01,,active
7003,1019760,1019761,1380-01-01,,active
7003,1019760,1019763,1380-01-01,,active
7003,1019762,1019763,1380-01-01,,active
7003,1019762,1019765,1380-01-01,,active
7003,1019764,1019765,1380-01-01,,active
7003,1019764,1019767,1380-01-01,,active
7003,1019766,1019767,1380-01-01,,active
7003,1019766,1019769,1380-01-01,,active
7003,1019768,1019769,1380-01-01,,active
7003,1019768,1019771,1380-01-01,,active
7003,1019770,1019771,1380-01-01,,active
7003,1019770,1019773,1380-01-01,,active
7003,1019772,1019773,1380-01-01,,active
7003,1019772,1019775,1380-01-01,,active
7003,1019774,1019775,1380-01-01,,active
7003,1019774,1019777,1380-01-01,,active
7003,1019776,1019777,1380-01-01,,active
7003,1019776,1019779,1380-01-01,,active
7003,1019778,1019779,1380-01-01,,active
7003,1019778,1019781,1380-01-01,,active
7003,1019780,1019781,1380-01-01,,active
7003,1019780,1019783,1380-01-01,,active
7003,1019782,1019783,1380-01-01,,active
7003,1019782,1019785,1380-01-01,,active
7003,1019784,1019785,1380-01-01,,active
7003,1019784,1019787,1380-01-01,,active
7003,1019786,1019787,1380-01-01,,active
7003,1019786,1019789,1380-01-01,,active
7003,1019788,1019789,1380-01-01,,active
7003,1019788,1019791,1380-01-01,,active
7003,1019790,1019791,1380-01-01,,active
7003,1019790,1019793,1380-01-01,,active
7003,1019792,1019793,1380-01-01,,active
7003,1019792,1019795,1380-01-01,,active
7003,1019794,1019795,1380-01-01,,active
7003,1019794,1019797,1380-01-01,,active
7003,1019796,1019797,1380-01-01,,active
7003,1019796,1019799,1380-01-01,,active
7003,1019798,1019799,1380-01-01,,active
7003,1019798,1019801,1380-01-01,,active
7003,1019800,1019801,1380-01-01,,active
7003,1019800,1019803,1380-01-01,,active
7003,1019802,1019803,1380-01-01,,active
7003,1019802,1019805,1380-01-01,,active
7003,1019804,1019805,1380-01-01,,active
7003,1019804,1019807,1380-01-01,,active
7003,1019806,1019807,1380-01-01,,active
7003,1019806,1019809,1380-01-01,,active
7003,1019808,1019809,1380-01-01,,active
7003,1019808,1019811,1380-01-01,,active
7003,1019810,1019811,1380-01-01,,active
7003,1019810,1019813,1380-01-01,,active
7003,1019812,1019813,1380-01-01,,active
7003,1019812,1019815,1380-01-01,,active
7003,1019814,1019815,1380-01-01,,active
7003,1019814,1019817,1380-01-01,,active
7003,1019816,1019817,1380-01-01,,active
7003,1019816,1019819,1380-01-01,,active
7003,1019818,1019819,1380-01-01,,active
7003,1019818,1019821,1380-01-01,,active
7003,1019820,1019821,1380-01-01,,active
7003,1019820,1019823,1380-01-01,,active
7003,1019822,1019823,1380-01-01,,active
7003,1019822,1019825,1380-01-01,,active
7003,1019824,1019825,1380-01-01,,active
7003,1019824,1019827,1380-01-01,,active
7003,1019826,1019827,1380-01-01,,active
7003,1019826,1019829,1380-01-01,,active
7003,1019828,1019829,1380-01-01,,active
7003,1019828,1019831,1380-01-01,,active
7003,1019830,1019831,1380-01-01,,active
7003,1019830,1019833,1380-01-01,,active
7003,1019832,1019833,1380-01-01,,active
7003,1019832,1019835,1380-01-01,,active
7003,1019834,1019835,1380-01-01,,active
7003,1019834,1019837,1380-01-01,,active
7003,1019836,1019837,1380-01-01,,active
7003,1019836,1019839,1380-01-01,,active
7003,1019838,1019839,1380-01-01,,active
7003,1019838,1019841,1380-01-01,,active
7003,1019840,1019841,1380-01-01,,active
7003,1019840,1019843,1380-01-01,,active
7003,1019842,1019843,1380-01-01,,active
7003,1019842,1019845,1380-01-01,,active
7003,1019844,1019845,1380-01-01,,active
7003,1019844,1019847,1380-01-01,,active
7003,1019846,1019847,1380-01-01,,active
7003,1019846,1019849,1380-01-01,,active
7003,1019848,1019849,1380-01-01,,active
7003,1019848,1019851,1380-01-01,,active
7003,1019850,1019851,1380-01-01,,active
7003,1019850,1019853,1380-01-01,,active
7003,1019852,1019853,1380-01-01,,active
7003,1019852,1019855,1380-01-01,,active
7003,1019854,1019855,1380-01-01,,active
7003,1019854,1019857,1380-01-01,,active
7003,1019856,1019857,1380-01-01,,active
7003,1019856,1019859,1380-01-01,,active
7003,1019858,1019859,1380-01-01,,active
7003,1019858,1019861,1380-01-01,,active
7003,1019860,1019861,1380-01-01,,active
7003,1019860,1019863,1380-01-01,,active
7003,1019862,1019863,1380-01-01,,active
7003,1019862,1019865,1380-01-01,,active
7003,1019864,1019865,1380-01-01,,active
7003,1019864,1019867,1380-01-01,,active
7003,1019866,1019867,1380-01-01,,active
7003,1019869,1019870,1398-01-01,,active
7003,1019869,1019872,1398-01-01,,active
7003,1019869,1019874,1398-01-01,,active
7003,1019870,1020281,1398-01-01,,active
7003,1019870,1020283,1398-01-01,,active
7003,1019871,1019872,1398-01-01,,active
7003,1019871,1019874,1398-01-01,,active
7003,1019871,1019876,1398-01-01,,active
7003,1019872,1020283,1398-01-01,,active
7003,1019873,1019874,1398-01-01,,active
7003,1019873,1019876,1398-01-01,,active
7003,1019873,1019878,1398-01-01,,active
7003,1019875,1019876,1398-01-01,,active
7003,1019875,1019878,1398-01-01,,active
7003,1019875,1019880,1398-01-01,,active
7003,1019877,1019878,1398-01-01,,active
7003,1019877,1019880,1398-01-01,,active
7003,1019877,1019882,1398-01-01,,active
7003,1019879,1019880,1398-01-01,,active
7003,1019879,1019882,1398-01-01,,active
7003,1019879,1019884,1398-01-01,,active
7003,1019881,1019882,1398-01-01,,active
7003,1019881,1019884,1398-01-01,,active
7003,1019881,1019886,1398-01-01,,active
7003,1019883,1019884,1398-01-01,,active
7003,1019883,1019886,1398-01-01,,active
7003,1019883,1019888,1398-01-01,,active
7003,1019885,1019886,1398-01-01,,active
7003,1019885,1019888,1398-01-01,,active
7003,1019885,1019890,1398-01-01,,active
7003,1019887,1019888,1398-01-01,,active
7003,1019887,1019890,1398-01-01,,active
7003,1019887,1019892,1398-01-01,,active
7003,1019889,1019890,1398-01-01,,active
7003,1019889,1019892,1398-01-01,,active
7003,1019889,1019894,1398-01-01,,active
7003,1019891,1019892,1398-01-01,,active
7003,1019891,1019894,1398-01-01,,active
7003,1019891,1019896,1398-01-01,,active
7003,1019893,1019894,1398-01-01,,active
7003,1019893,1019896,1398-01-01,,active
7003,1019893,1019898,1398-01-01,,active
7003,1019895,1019896,1398-01-01,,active
7003,1019895,1019898,1398-01-01,,active
7003,1019895,1019900,1398-01-01,,active
7003,1019897,1019898,1398-01-01,,active
7003,1019897,1019900,1398-01-01,,active
7003,1019897,1019902,1398-01-01,,active
7003,1019899,1019900,1398-01-01,,active
7003,1019899,1019902,1398-01-01,,active
7003,1019899,1019904,1398-01-01,,active
7003,1019901,1019902,1398-01-01,,active
7003,1019901,1019904,1398-01-01,,active
7003,1019901,1019906,1398-01-01,,active
7003,1019903,1019904,1398-01-01,,active
7003,1019903,1019906,1398-01-01,,active
7003,1019903,1019908,1398-01-01,,active
7003,1019905,1019906,1398-01-01,,active
7003,1019905,1019908,1398-01-01,,active
7003,1019905,1019910,1398-01-01,,active
7003,1019907,1019908,1398-01-01,,active
7003,1019907,1019910,1398-01-01,,active
7003,1019907,1019912,1398-01-01,,active
7003,1019909,1019910,1398-01-01,,active
7003,1019909,1019912,1398-01-01,,active
7003,1019909,1019914,1398-01-01,,active
7003,1019911,1019912,1398-01-01,,active
7003,1019911,1019914,1398-01-01,,active
7003,1019911,1019916,1398-01-01,,active
7003,1019913,1019914,1398-01-01,,active
7003,1019913,1019916,1398-01-01,,active
7003,1019913,1019918,1398-01-01,,active
7003,1019915,1019916,1398-01-01,,active
7003,1019915,1019918,1398-01-01,,active
7003,1019915,1019920,1398-01-01,,active
7003,1019917,1019918,1398-01-01,,active
7003,1019917,1019920,1398-01-01,,active
7003,1019917,1019922,1398-01-01,,active
7003,1019919,1019920,1398-01-01,,active
7003,1019919,1019922,1398-01-01,,active
7003,1019919,1019924,1398-01-01,,active
7003,1019921,1019922,1398-01-01,,active
7003,1019921,1019924,1398-01-01,,active
7003,1019921,1019926,1398-01-01,,active
7003,1019923,1019924,1398-01-01,,active
7003,1019923,1019926,1398-01-01,,active
7003,1019923,1019928,1398-01-01,,active
7003,1019925,1019926,1398-01-01,,active
7003,1019925,1019928,1398-01-01,,active
7003,1019925,1019930,1398-01-01,,active
7003,1019927,1019928,1398-01-01,,active
7003,1019927,1019930,1398-01-01,,active
7003,1019927,1019932,1398-01-01,,active
7003,1019929,1019930,1398-01-01,,active
7003,1019929,1019932,1398-01-01,,active
7003,1019929,1019934,1398-01-01,,active
7003,1019931,1019932,1398-01-01,,active
7003,1019931,1019934,1398-01-01,,active
7003,1019931,1019936,1398-01-01,,active
7003,1019933,1019934,1398-01-01,,active
7003,1019933,1019936,1398-01-01,,active
7003,1019933,1019938,1398-01-01,,active
7003,1019935,1019936,1398-01-01,,active
7003,1019935,1019938,1398-01-01,,active
7003,1019935,1019940,1398-01-01,,active
7003,1019937,1019938,1398-01-01,,active
7003,1019937,1019940,1398-01-01,,active
7003,1019937,1019942,1398-01-01,,active
7003,1019939,1019940,1398-01-01,,active
7003,1019939,1019942,1398-01-01,,active
7003,1019939,1019944,1398-01-01,,active
7003,1019941,1019942,1398-01-01,,active
7003,1019941,1019944,1398-01-01,,active
7003,1019941,1019946,1398-01-01,,active
7003,1019943,1019944,1398-01-01,,active
7003,1019943,1019946,1398-01-01,,active
7003,1019943,1019948,1398-01-01,,active
7003,1019945,1019946,1398-01-01,,active
7003,1019945,1019948,1398-01-01,,active
7003,1019945,1019950,1398-01-01,,active
7003,1019947,1019948,1398-01-01,,active
7003,1019947,1019950,1398-01-01,,active
7003,1019947,1019952,1398-01-01,,active
7003,1019949,1019950,1398-01-01,,active
7003,1019949,1019952,1398-01-01,,active
7003,1019951,1019952,1398-01-01,,active
7003,1019951,1019954,1398-01-01,,active
7003,1019953,1019954,1398-01-01,,active
7003,1019953,1019956,1398-01-01,,active
7003,1019955,1019956,1398-01-01,,active
7003,1019955,1019958,1398-01-01,,active
7003,1019957,1019958,1398-01-01,,active
7003,1019957,1019960,1398-01-01,,active
7003,1019959,1019960,1398-01-01,,active
7003,1019959,1019962,1398-01-01,,active
7003,1019961,1019962,1398-01-01,,active
7003,1019961,1019964,1398-01-01,,active
7003,1019963,1019964,1398-01-01,,active
7003,1019963,1019966,1398-01-01,,active
7003,1019965,1019966,1398-01-01,,active
7003,1019965,1019968,1398-01-01,,active
7003,1019967,1019968,1398-01-01,,active
7003,1019967,1019970,1398-01-01,,active
7003,1019969,1019970,1398-01-01,,active
7003,1019969,1019972,1398-01-01,,active
7003,1019971,1019972,1398-01-01,,active
7003,1019971,1019974,1398-01-01,,active
7003,1019973,1019974,1398-01-01,,active
7003,1019973,1019976,1398-01-01,,active
7003,1019975,1019976,1398-01-01,,active
7003,1019975,1019978,1398-01-01,,active
7003,1019977,1019978,1398-01-01,,active
7003,1019977,1019980,1398-01-01,,active
7003,1019979,1019980,1398-01-01,,active
7003,1019979,1019982,1398-01-01,,active
7003,1019981,1019982,1398-01-01,,active
7003,1019981,1019984,1398-01-01,,active
7003,1019983,1019984,1398-01-01,,active
7003,1019983,1019986,1398-01-01,,active
7003,1019985,1019986,1398-01-01,,active
7003,1019985,1019988,1398-01-01,,active
7003,1019987,1019988,1398-01-01,,active
7003,1019987,1019990,1398-01-01,,active
7003,1019989,1019990,1398-01-01,,active
7003,1019989,1019992,1398-01-01,,active
7003,1019991,1019992,1398-01-01,,active
7003,1019991,1019994,1398-01-01,,active
7003,1019993,1019994,1398-01-01,,active
7003,1019993,1019996,1398-01-01,,active
7003,1019995,1019996,1398-01-01,,active
7003,1019995,1019998,1398-01-01,,active
7003,1019997,1019998,1398-01-01,,active
7003,1019997,1020000,1398-01-01,,active
7003,1019999,1020000,1398-01-01,,active
7003,1019999,1020002,1398-01-01,,active
7003,1020001,1020002,1398-01-01,,active
7003,1020001,1020004,1398-01-01,,active
7003,1020003,1020004,1398-01-01,,active
7003,1020003,1020006,1398-01-01,,active
7003,1020005,1020006,1398-01-01,,active
7003,1020005,1020008,1398-01-01,,active
7003,1020007,1020008,1398-01-01,,active
7003,1020007,1020010,1398-01-01,,active
7003,1020009,1020010,1398-01-01,,active
7003,1020009,1020012,1398-01-01,,active
7003,1020011,1020012,1398-01-01,,active
7003,1020011,1020014,1398-01-01,,active
7003,1020013,1020014,1398-01-01,,active
7003,1020013,1020016,1398-01-01,,active
7003,1020015,1020016,1398-01-01,,active
7003,1020015,1020018,1398-01-01,,active
7003,1020017,1020018,1398-01-01,,active
7003,1020017,1020020,1398-01-01,,active
7003,1020019,1020020,1398-01-01,,active
7003,1020019,1020022,1398-01-01,,active
7003,1020021,1020022,1398-01-01,,active
7003,1020021,1020024,1398-01-01,,active
7003,1020023,1020024,1398-01-01,,active
7003,1020023,1020026,1398-01-01,,active
7003,1020025,1020026,1398-01-01,,active
7003,1020025,1020028,1398-01-01,,active
7003,1020027,1020028,1398-01-01,,active
7003,1020027,1020030,1398-01-01,,active
7003,1020029,1020030,1398-01-01,,active
7003,1020029,1020032,1398-01-01,,active
7003,1020031,1020032,1398-01-01,,active
7003,1020031,1020034,1398-01-01,,active
7003,1020033,1020034,1398-01-01,,active
7003,1020033,1020036,1398-01-01,,active
7003,1020035,1020036,1398-01-01,,active
7003,1020035,1020038,1398-01-01,,active
7003,1020037,1020038,1398-01-01,,active
7003,1020037,1020040,1398-01-01,,active
7003,1020039,1020040,1398-01-01,,active
7003,1020039,1020042,1398-01-01,,active
7003,1020041,1020042,1398-01-01,,active
7003,1020041,1020044,1398-01-01,,active
7003,1020043,1020044,1398-01-01,,active
7003,1020043,1020046,1398-01-01,,active
7003,1020045,1020046,1398-01-01,,active
7003,1020045,1020048,1398-01-01,,active
7003,1020047,1020048,1398-01-01,,active
7003,1020047,1020050,1398-01-01,,active
7003,1020049,1020050,1398-01-01,,active
7003,1020049,1020052,1398-01-01,,active
7003,1020051,1020052,1398-01-01,,active
7003,1020051,1020054,1398-01-01,,active
7003,1020053,1020054,1398-01-01,,active
7003,1020053,1020056,1398-01-01,,active
7003,1020055,1020056,1398-01-01,,active
7003,1020055,1020058,1398-01-01,,active
7003,1020057,1020058,1398-01-01,,active
7003,1020057,1020060,1398-01-01,,active
7003,1020059,1020060,1398-01-01,,active
7003,1020059,1020062,1398-01-01,,active
7003,1020061,1020062,1398-01-01,,active
7003,1020061,1020064,1398-01-01,,active
7003,1020063,1020064,1398-01-01,,active
7003,1020063,1020066,1398-01-01,,active
7003,1020065,1020066,1398-01-01,,active
7003,1020065,1020068,1398-01-01,,active
7003,1020067,1020068,1398-01-01,,active
7003,1020067,1020070,1398-01-01,,active
7003,1020069,1020070,1398-01-01,,active
7003,1020069,1020072,1398-01-01,,active
7003,1020071,1020072,1398-01-01,,active
7003,1020071,1020074,1398-01-01,,active
7003,1020073,1020074,1398-01-01,,active
7003,1020073,1020076,1398-01-01,,active
7003,1020075,1020076,1398-01-01,,active
7003,1020075,1020078,1398-01-01,,active
7003,1020077,1020078,1398-01-01,,active
7003,1020077,1020080,1398-01-01,,active
7003,1020079,1020080,1398-01-01,,active
7003,1020079,1020082,1398-01-01,,active
7003,1020081,1020082,1398-01-01,,active
7003,1020081,1020084,1398-01-01,,active
7003,1020083,1020084,1398-01-01,,active
7003,1020083,1020086,1398-01-01,,active
7003,1020085,1020086,1398-01-01,,active
7003,1020085,1020088,1398-01-01,,active
7003,1020087,1020088,1398-01-01,,active
7003,1020087,1020090,1398-01-01,,active
7003,1020089,1020090,1398-01-01,,active
7003,1020089,1020092,1398-01-01,,active
7003,1020091,1020092,1398-01-01,,active
7003,1020091,1020094,1398-01-01,,active
7003,1020093,1020094,1398-01-01,,active
7003,1020093,1020096,1398-01-01,,active
7003,1020095,1020096,1398-01-01,,active
7003,1020095,1020098,1398-01-01,,active
7003,1020097,1020098,1398-01-01,,active
7003,1020097,1020100,1398-01-01,,active
7003,1020099,1020100,1398-01-01,,active
7003,1020099,1020102,1398-01-01,,active
7003,1020101,1020102,1398-01-01,,active
7003,1020101,1020104,1398-01-01,,active
7003,1020103,1020104,1398-01-01,,active
7003,1020103,1020106,1398-01-01,,active
7003,1020105,1020106,1398-01-01,,active
7003,1020105,1020108,1398-01-01,,active
7003,1020107,1020108,1398-01-01,,active
7003,1020107,1020110,1398-01-01,,active
7003,1020109,1020110,1398-01-01,,active
7003,1020109,1020112,1398-01-01,,active
7003,1020111,1020112,1398-01-01,,active
7003,1020111,1020114,1398-01-01,,active
7003,1020113,1020114,1398-01-01,,active
7003,1020113,1020116,1398-01-01,,active
7003,1020115,1020116,1398-01-01,,active
7003,1020115,1020118,1398-01-01,,active
7003,1020117,1020118,1398-01-01,,active
7003,1020117,1020120,1398-01-01,,active
7003,1020119,1020120,1398-01-01,,active
7003,1020119,1020122,1398-01-01,,active
7003,1020121,1020122,1398-01-01,,active
7003,1020121,1020124,1398-01-01,,active
7003,1020123,1020124,1398-01-01,,active
7003,1020123,1020126,1398-01-01,,active
7003,1020125,1020126,1398-01-01,,active
7003,1020125,1020128,1398-01-01,,active
7003,1020127,1020128,1398-01-01,,active
7003,1020127,1020130,1398-01-01,,active
7003,1020129,1020130,1398-01-01,,active
7003,1020129,1020132,1398-01-01,,active
7003,1020131,1020132,1398-01-01,,active
7003,1020131,1020134,1398-01-01,,active
7003,1020133,1020134,1398-01-01,,active
7003,1020133,1020136,1398-01-01,,active
7003,1020135,1020136,1398-01-01,,active
7003,1020135,1020138,1398-01-01,,active
7003,1020137,1020138,1398-01-01,,active
7003,1020137,1020140,1398-01-01,,active
7003,1020139,1020140,1398-01-01,,active
7003,1020139,1020142,1398-01-01,,active
7003,1020141,1020142,1398-01-01,,active
7003,1020141,1020144,1398-01-01,,active
7003,1020143,1020144,1398-01-01,,active
7003,1020143,1020146,1398-01-01,,active
7003,1020145,1020146,1398-01-01,,active
7003,1020145,1020148,1398-01-01,,active
7003,1020147,1020148,1398-01-01,,active
7003,1020147,1020150,1398-01-01,,active
7003,1020149,1020150,1398-01-01,,active
7003,1020149,1020152,1398-01-01,,active
7003,1020151,1020152,1398-01-01,,active
7003,1020151,1020154,1398-01-01,,active
7003,1020153,1020154,1398-01-01,,active
7003,1020153,1020156,1398-01-01,,active
7003,1020155,1020156,1398-01-01,,active
7003,1020155,1020158,1398-01-01,,active
7003,1020157,1020158,1398-01-01,,active
7003,1020157,1020160,1398-01-01,,active
7003,1020159,1020160,1398-01-01,,active
7003,1020159,1020162,1398-01-01,,active
7003,1020161,1020162,1398-01-01,,active
7003,1020161,1020164,1398-01-01,,active
7003,1020163,1020164,1398-01-01,,active
7003,1020163,1020166,1398-01-01,,active
7003,1020165,1020166,1398-01-01,,active
7003,1020165,1020168,1398-01-01,,active
7003,1020167,1020168,1398-01-01,,active
7003,1020167,1020170,1398-01-01,,active
7003,1020169,1020170,1398-01-01,,active
7003,1020169,1020172,1398-01-01,,active
7003,1020171,1020172,1398-01-01,,active
7003,1020171,1020174,1398-01-01,,active
7003,1020173,1020174,1398-01-01,,active
7003,1020173,1020176,1398-01-01,,active
7003,1020175,1020176,1398-01-01,,active
7003,1020175,1020178,1398-01-01,,active
7003,1020177,1020178,1398-01-01,,active
7003,1020177,1020180,1398-01-01,,active
7003,1020179,1020180,1398-01-01,,active
7003,1020179,1020182,1398-01-01,,active
7003,1020181,1020182,1398-01-01,,active
7003,1020181,1020184,1398-01-01,,active
7003,1020183,1020184,1398-01-01,,active
7003,1020183,1020186,1398-01-01,,active
7003,1020185,1020186,1398-01-01,,active
7003,1020185,1020188,1398-01-01,,active
7003,1020187,1020188,1398-01-01,,active
7003,1020187,1020190,1398-01-01,,active
7003,1020189,1020190,1398-01-01,,active
7003,1020189,1020192,1398-01-01,,active
7003,1020191,1020192,1398-01-01,,active
7003,1020191,1020194,1398-01-01,,active
7003,1020193,1020194,1398-01-01,,active
7003,1020193,1020196,1398-01-01,,active
7003,1020195,1020196,1398-01-01,,active
7003,1020195,1020198,1398-01-01,,active
7003,1020197,1020198,1398-01-01,,active
7003,1020197,1020200,1398-01-01,,active
7003,1020199,1020200,1398-01-01,,active
7003,1020199,1020202,1398-01-01,,active
7003,1020201,1020202,1398-01-01,,active
7003,1020201,1020204,1398-01-01,,active
7003,1020203,1020204,1398-01-01,,active
7003,1020203,1020206,1398-01-01,,active
7003,1020205,1020206,1398-01-01,,active
7003,1020205,1020208,1398-01-01,,active
7003,1020207,1020208,1398-01-01,,active
7003,1020207,1020210,1398-01-01,,active
7003,1020209,1020210,1398-01-01,,active
7003,1020209,1020212,1398-01-01,,active
7003,1020211,1020212,1398-01-01,,active
7003,1020211,1020214,1398-01-01,,active
7003,1020213,1020214,1398-01-01,,active
7003,1020213,1020216,1398-01-01,,active
7003,1020215,1020216,1398-01-01,,active
7003,1020215,1020218,1398-01-01,,active
7003,1020217,1020218,1398-01-01,,active
7003,1020217,1020220,1398-01-01,,active
7003,1020219,1020220,1398-01-01,,active
7003,1020219,1020222,1398-01-01,,active
7003,1020221,1020222,1398-01-01,,active
7003,1020221,1020224,1398-01-01,,active
7003,1020223,1020224,1398-01-01,,active
7003,1020223,1020226,1398-01-01,,active
7003,1020225,1020226,1398-01-01,,active
7003,1020225,1020228,1398-01-01,,active
7003,1020227,1020228,1398-01-01,,active
7003,1020227,1020230,1398-01-01,,active
7003,1020229,1020230,1398-01-01,,active
7003,1020229,1020232,1398-01-01,,active
7003,1020231,1020232,1398-01-01,,active
7003,1020231,1020234,1398-01-01,,active
7003,1020233,1020234,1398-01-01,,active
7003,1020233,1020236,1398-01-01,,active
7003,1020235,1020236,1398-01-01,,active
7003,1020235,1020238,1398-01-01,,active
7003,1020237,1020238,1398-01-01,,active
7003,1020237,1020240,1398-01-01,,active
7003,1020239,1020240,1398-01-01,,active
7003,1020239,1020242,1398-01-01,,active
7003,1020241,1020242,1398-01-01,,active
7003,1020241,1020244,1398-01-01,,active
7003,1020243,1020244,1398-01-01,,active
7003,1020243,1020246,1398-01-01,,active
7003,1020245,1020246,1398-01-01,,active
7003,1020245,1020248,1398-01-01,,active
7003,1020247,1020248,1398-01-01,,active
7003,1020247,1020250,1398-01-01,,active
7003,1020249,1020250,1398-01-01,,active
7003,1020249,1020252,1398-01-01,,active
7003,1020251,1020252,1398-01-01,,active
7003,1020251,1020254,1398-01-01,,active
7003,1020253,1020254,1398-01-01,,active
7003,1020253,1020256,1398-01-01,,active
7003,1020255,1020256,1398-01-01,,active
7003,1020255,1020258,1398-01-01,,active
7003,1020257,1020258,1398-01-01,,active
7003,1020257,1020260,1398-01-01,,active
7003,1020259,1020260,1398-01-01,,active
7003,1020259,1020262,1398-01-01,,active
7003,1020261,1020262,1398-01-01,,active
7003,1020261,1020264,1398-01-01,,active
7003,1020263,1020264,1398-01-01,,active
7003,1020263,1020266,1398-01-01,,active
7003,1020265,1020266,1398-01-01,,active
7003,1020265,1020268,1398-01-01,,active
7003,1020267,1020268,1398-01-01,,active
7003,1020267,1020270,1398-01-01,,active
7003,1020269,1020270,1398-01-01,,active
7003,1020269,1020272,1398-01-01,,active
7003,1020271,1020272,1398-01-01,,active
7003,1020271,1020274,1398-01-01,,active
7003,1020273,1020274,1398-01-01,,active
7003,1020273,1020276,1398-01-01,,active
7003,1020275,1020276,1398-01-01,,active
7003,1020275,1020278,1398-01-01,,active
7003,1020277,1020278,1398-01-01,,active
7003,1020277,1020280,1398-01-01,,active
7003,1020279,1020280,1398-01-01,,active
7003,1020279,1020282,1398-01-01,,active
7003,1020281,1020282,1398-01-01,,active
7003,1020284,1020285,1416-01-01,,active
7003,1020286,1020287,1416-01-01,,active
7003,1020288,1020289,1416-01-01,,active
7003,1020290,1020291,1416-01-01,,active
7003,1020292,1020293,1416-01-01,,active
7003,1020294,1020295,1416-01-01,,active
7003,1020296,1020297,1416-01-01,,active
7003,1020298,1020299,1416-01-01,,active
7003,1020300,1020301,1416-01-01,,active
7003,1020302,1020303,1416-01-01,,active
7003,1020304,1020305,1416-01-01,,active
7003,1020306,1020307,1416-01-01,,active
7003,1020308,1020309,1416-01-01,,active
7003,1020310,1020311,1416-01-01,,active
7003,1020312,1020313,1416-01-01,,active
7003,1020314,1020315,1416-01-01,,active
7003,1020316,1020317,1416-01-01,,active
7003,1020318,1020319,1416-01-01,,active
7003,1020320,1020321,1416-01-01,,active
7003,1020322,1020323,1416-01-01,,active
7003,1020324,1020325,1416-01-01,,active
7003,1020326,1020327,1416-01-01,,active
7003,1020328,1020329,1416-01-01,,active
7003,1020330,1020331,1416-01-01,,active
7003,1020332,1020333,1416-01-01,,active
7003,1020334,1020335,1416-01-01,,active
7003,1020336,1020337,1416-01-01,,active
7003,1020338,1020339,1416-01-01,,active
7003,1020340,1020341,1416-01-01,,active
7003,1020342,1020343,1416-01-01,,active
7003,1020344,1020345,1416-01-01,,active
7003,1020346,1020347,1416-01-01,,active
7003,1020348,1020349,1416-01-01,,active
7003,1020350,1020351,1416-01-01,,active
7003,1020352,1020353,1416-01-01,,active
7003,1020354,1020355,1416-01-01,,active
7003,1020356,1020357,1416-01-01,,active
7003,1020358,1020359,1416-01-01,,active
7003,1020360,1020361,1416-01-01,,active
7003,1020362,1020363,1416-01-01,,active
7003,1020364,1020365,1416-01-01,,active
7003,1020366,1020367,1416-01-01,,active
7003,1020368,1020369,1416-01-01,,active
7003,1020370,1020371,1416-01-01,,active
7003,1020372,1020373,1416-01-01,,active
7003,1020374,1020375,1416-01-01,,active
7003,1020376,1020377,1416-01-01,,active
7003,1020378,1020379,1416-01-01,,active
7003,1020380,1020381,1416-01-01,,active
7003,1020382,1020383,1416-01-01,,active
7003,1020384,1020385,1416-01-01,,active
7003,1020386,1020387,1416-01-01,,active
7003,1020388,1020389,1416-01-01,,active
7003,1020390,1020391,1416-01-01,,active
7003,1020392,1020393,1416-01-01,,active
7003,1020394,1020395,1416-01-01,,active
7003,1020396,1020397,1416-01-01,,active
7003,1020398,1020399,1416-01-01,,active
7003,1020400,1020401,1416-01-01,,active
7003,1020402,1020403,1416-01-01,,active
7003,1020404,1020405,1416-01-01,,active
7003,1020406,1020407,1416-01-01,,active
7003,1020408,1020409,1416-01-01,,active
7003,1020410,1020411,1416-01-01,,active
7003,1020412,1020413,1416-01-01,,active
7003,1020414,1020415,1416-01-01,,active
7003,1020416,1020417,1416-01-01,,active
7003,1020418,1020419,1416-01-01,,active
7003,1020420,1020421,1416-01-01,,active
7003,1020422,1020423,1416-01-01,,active
7003,1020424,1020425,1416-01-01,,active
7003,1020426,1020427,1416-01-01,,active
7003,1020428,1020429,1416-01-01,,active
7003,1020430,1020431,1416-01-01,,active
7003,1020432,1020433,1416-01-01,,active
7003,1020434,1020435,1416-01-01,,active
7003,1020436,1020437,1416-01-01,,active
7003,1020438,1020439,1416-01-01,,active
7003,1020440,1020441,1416-01-01,,active
7003,1020442,1020443,1416-01-01,,active
7003,1020444,1020445,1416-01-01,,active
7003,1020446,1020447,1416-01-01,,active
7003,1020448,1020449,1416-01-01,,active
7003,1020450,1020451,1416-01-01,,active
7003,1020452,1020453,1416-01-01,,active
7003,1020454,1020455,1416-01-01,,active
7003,1020456,1020457,1416-01-01,,active
7003,1020458,1020459,1416-01-01,,active
7003,1020460,1020461,1416-01-01,,active
7003,1020462,1020463,1416-01-01,,active
7003,1020464,1020465,1416-01-01,,active
7003,1020466,1020467,1416-01-01,,active
7003,1020468,1020469,1416-01-01,,active
7003,1020470,1020471,1416-01-01,,active
7003,1020472,1020473,1416-01-01,,active
7003,1020474,1020475,1416-01-01,,active
7003,1020476,1020477,1416-01-01,,active
7003,1020478,1020479,1416-01-01,,active
7003,1020480,1020481,1416-01-01,,active
7003,1020482,1020483,1416-01-01,,active
7003,1020484,1020485,1416-01-01,,active
7003,1020486,1020487,1416-01-01,,active
7003,1020488,1020489,1416-01-01,,active
7003,1020490,1020491,1416-01-01,,active
7003,1020492,1020493,1416-01-01,,active
7003,1020494,1020495,1416-01-01,,active
7003,1020496,1020497,1416-01-01,,active
7003,1020498,1020499,1416-01-01,,active
7003,1020500,1020501,1416-01-01,,active
7003,1020502,1020503,1416-01-01,,active
7003,1020504,1020505,1416-01-01,,active
7003,1020506,1020507,1416-01-01,,active
7003,1020508,1020509,1416-01-01,,active
7003,1020510,1020511,1416-01-01,,active
7003,1020512,1020513,1416-01-01,,active
7003,1020514,1020515,1416-01-01,,active
7003,1020516,1020517,1416-01-01,,active
7003,1020518,1020519,1416-01-01,,active
7003,1020520,1020521,1416-01-01,,active
7003,1020522,1020523,1416-01-01,,active
7003,1020524,1020525,1416-01-01,,active
7003,1020526,1020527,1416-01-01,,active
7003,1020528,1020529,1416-01-01,,active
7003,1020530,1020531,1416-01-01,,active
7003,1020532,1020533,1416-01-01,,active
7003,1020534,1020535,1416-01-01,,active
7003,1020536,1020537,1416-01-01,,active
7003,1020538,1020539,1416-01-01,,active
7003,1020540,1020541,1416-01-01,,active
7003,1020542,1020543,1416-01-01,,active
7003,1020544,1020545,1416-01-01,,active
7003,1020546,1020547,1416-01-01,,active
7003,1020548,1020549,1416-01-01,,active
7003,1020550,1020551,1416-01-01,,active
7003,1020552,1020553,1416-01-01,,active
7003,1020554,1020555,1416-01-01,,active
7003,1020556,1020557,1416-01-01,,active
7003,1020558,1020559,1416-01-01,,active
7003,1020560,1020561,1416-01-01,,active
7003,1020562,1020563,1416-01-01,,active
7003,1020564,1020565,1416-01-01,,active
7003,1020566,1020567,1416-01-01,,active
7003,1020568,1020569,1416-01-01,,active
7003,1020570,1020571,1416-01-01,,active
7003,1020572,1020573,1416-01-01,,active
7003,1020574,1020575,1416-01-01,,active
7003,1020576,1020577,1416-01-01,,active
7003,1020578,1020579,1416-01-01,,active
7003,1020580,1020581,1416-01-01,,active
7003,1020582,1020583,1416-01-01,,active
7003,1020584,1020585,1416-01-01,,active
7003,1020586,1020587,1416-01-01,,active
7003,1020588,1020589,1416-01-01,,active
7003,1020590,1020591,1416-01-01,,active
7003,1020592,1020593,1416-01-01,,active
7003,1020594,1020595,1416-01-01,,active
7003,1020596,1020597,1416-01-01,,active
7003,1020598,1020599,1416-01-01,,active
7003,1020600,1020601,1416-01-01,,active
7003,1020602,1020603,1416-01-01,,active
7003,1020604,1020605,1416-01-01,,active
7003,1020606,1020607,1416-01-01,,active
7003,1020608,1020609,1416-01-01,,active
7003,1020610,1020611,1416-01-01,,active
7003,1020612,1020613,1416-01-01,,active
7003,1020614,1020615,1416-01-01,,active
7003,1020616,1020617,1416-01-01,,active
7003,1020618,1020619,1416-01-01,,active
7003,1020620,1020621,1416-01-01,,active
7003,1020622,1020623,1416-01-01,,active
7003,1020624,1020625,1416-01-01,,active
7003,1020626,1020627,1416-01-01,,active
7003,1020628,1020629,1416-01-01,,active
7003,1020630,1020631,1416-01-01,,active
7003,1020632,1020633,1416-01-01,,active
7003,1020634,1020635,1416-01-01,,active
7003,1020636,1020637,1416-01-01,,active
7003,1020638,1020639,1416-01-01,,active
7003,1020640,1020641,1416-01-01,,active
7003,1020642,1020643,1416-01-01,,active
7003,1020644,1020645,1416-01-01,,active
7003,1020646,1020647,1416-01-01,,active
7003,1020648,1020649,1416-01-01,,active
7003,1020650,1020651,1416-01-01,,active
7003,1020652,1020653,1416-01-01,,active
7003,1020654,1020655,1416-01-01,,active
7003,1020656,1020657,1416-01-01,,active
7003,1020658,1020659,1416-01-01,,active
7003,1020660,1020661,1416-01-01,,active
7003,1020662,1020663,1416-01-01,,active
7003,1020664,1020665,1416-01-01,,active
7003,1020666,1020667,1416-01-01,,active
7003,1020668,1020669,1416-01-01,,active
7003,1020670,1020671,1416-01-01,,active
7003,1020672,1020673,1416-01-01,,active
7003,1020674,1020675,1416-01-01,,active
7003,1020676,1020677,1416-01-01,,active
7003,1020678,1020679,1416-01-01,,active
7003,1020680,1020681,1416-01-01,,active
7003,1020682,1020683,1416-01-01,,active
7003,1020684,1020685,1416-01-01,,active
7003,1020686,1020687,1416-01-01,,active
7003,1020688,1020689,1416-01-01,,active
7003,1020690,1020691,1416-01-01,,active
7003,1020692,1020693,1416-01-01,,active
7003,1020694,1020695,1416-01-01,,active
7003,1020696,1020697,1416-01-01,,active
7003,1020698,1020699,1416-01-01,,active
7003,1020700,1020701,1416-01-01,,active
7003,1020702,1020703,1416-01-01,,active
7003,1020704,1020705,1416-01-01,,active
7003,1020706,1020707,1416-01-01,,active
7003,1020708,1020709,1416-01-01,,active
7003,1020710,1020711,1416-01-01,,active
7003,1020712,1020713,1416-01-01,,active
7003,1020714,1020715,1416-01-01,,active
7003,1020716,1020717,1416-01-01,,active
7003,1020718,1020719,1416-01-01,,active
7003,1020720,1020721,1416-01-01,,active
7003,1020722,1020723,1416-01-01,,active
7003,1020724,1020725,1416-01-01,,active
7003,1020726,1020727,1416-01-01,,active
7003,1020728,1020729,1416-01-01,,active
7003,1020730,1020731,1416-01-01,,active
7003,1020732,1020733,1416-01-01,,active
7003,1020734,1020735,1416-01-01,,active
7003,1020736,1020737,1416-01-01,,active
7003,1020738,1020739,1416-01-01,,active
7003,1020740,1020741,1434-01-01,,active
7003,1020740,1020743,1434-01-01,,active
7003,1020740,1020745,1434-01-01,,active
7003,1020741,1021234,1434-01-01,,active
7003,1020741,1021236,1434-01-01,,active
7003,1020742,1020743,1434-01-01,,active
7003,1020742,1020745,1434-01-01,,active
7003,1020742,1020747,1434-01-01,,active
7003,1020743,1021236,1434-01-01,,active
7003,1020744,1020745,1434-01-01,,active
7003,1020744,1020747,1434-01-01,,active
7003,1020744,1020749,1434-01-01,,active
7003,1020746,1020747,1434-01-01,,active
7003,1020746,1020749,1434-01-01,,active
7003,1020746,1020751,1434-01-01,,active
7003,1020748,1020749,1434-01-01,,active
7003,1020748,1020751,1434-01-01,,active
7003,1020748,1020753,1434-01-01,,active
7003,1020750,1020751,1434-01-01,,active
7003,1020750,1020753,1434-01-01,,active
7003,1020750,1020755,1434-01-01,,active
7003,1020752,1020753,1434-01-01,,active
7003,1020752,1020755,1434-01-01,,active
7003,1020752,1020757,1434-01-01,,active
7003,1020754,1020755,1434-01-01,,active
7003,1020754,1020757,1434-01-01,,active
7003,1020754,1020759,1434-01-01,,active
7003,1020756,1020757,1434-01-01,,active
7003,1020756,1020759,1434-01-01,,active
7003,1020756,1020761,1434-01-01,,active
7003,1020758,1020759,1434-01-01,,active
7003,1020758,1020761,1434-01-01,,active
7003,1020758,1020763,1434-01-01,,active
7003,1020760,1020761,1434-01-01,,active
7003,1020760,1020763,1434-01-01,,active
7003,1020760,1020765,1434-01-01,,active
7003,1020762,1020763,1434-01-01,,active
7003,1020762,1020765,1434-01-01,,active
7003,1020762,1020767,1434-01-01,,active
7003,1020764,1020765,1434-01-01,,active
7003,1020764,1020767,1434-01-01,,active
7003,1020764,1020769,1434-01-01,,active
7003,1020766,1020767,1434-01-01,,active
7003,1020766,1020769,1434-01-01,,active
7003,1020766,1020771,1434-01-01,,active
7003,1020768,1020769,1434-01-01,,active
7003,1020768,1020771,1434-01-01,,active
7003,1020768,1020773,1434-01-01,,active
7003,1020770,1020771,1434-01-01,,active
7003,1020770,1020773,1434-01-01,,active
7003,1020770,1020775,1434-01-01,,active
7003,1020772,1020773,1434-01-01,,active
7003,1020772,1020775,1434-01-01,,active
7003,1020772,1020777,1434-01-01,,active
7003,1020774,1020775,1434-01-01,,active
7003,1020774,1020777,1434-01-01,,active
7003,1020774,1020779,1434-01-01,,active
7003,1020776,1020777,1434-01-01,,active
7003,1020776,1020779,1434-01-01,,active
7003,1020776,1020781,1434-01-01,,active
7003,1020778,1020779,1434-01-01,,active
7003,1020778,1020781,1434-01-01,,active
7003,1020778,1020783,1434-01-01,,active
7003,1020780,1020781,1434-01-01,,active
7003,1020780,1020783,1434-01-01,,active
7003,1020780,1020785,1434-01-01,,active
7003,1020782,1020783,1434-01-01,,active
7003,1020782,1020785,1434-01-01,,active
7003,1020782,1020787,1434-01-01,,active
7003,1020784,1020785,1434-01-01,,active
7003,1020784,1020787,1434-01-01,,active
7003,1020784,1020789,1434-01-01,,active
7003,1020786,1020787,1434-01-01,,active
7003,1020786,1020789,1434-01-01,,active
7003,1020786,1020791,1434-01-01,,active
7003,1020788,1020789,1434-01-01,,active
7003,1020788,1020791,1434-01-01,,active
7003,1020788,1020793,1434-01-01,,active
7003,1020790,1020791,1434-01-01,,active
7003,1020790,1020793,1434-01-01,,active
7003,1020790,1020795,1434-01-01,,active
7003,1020792,1020793,1434-01-01,,active
7003,1020792,1020795,1434-01-01,,active
7003,1020792,1020797,1434-01-01,,active
7003,1020794,1020795,1434-01-01,,active
7003,1020794,1020797,1434-01-01,,active
7003,1020794,1020799,1434-01-01,,active
7003,1020796,1020797,1434-01-01,,active
7003,1020796,1020799,1434-01-01,,active
7003,1020796,1020801,1434-01-01,,active
7003,1020798,1020799,1434-01-01,,active
7003,1020798,1020801,1434-01-01,,active
7003,1020798,1020803,1434-01-01,,active
7003,1020800,1020801,1434-01-01,,active
7003,1020800,1020803,1434-01-01,,active
7003,1020800,1020805,1434-01-01,,active
7003,1020802,1020803,1434-01-01,,active
7003,1020802,1020805,1434-01-01,,active
7003,1020802,1020807,1434-01-01,,active
7003,1020804,1020805,1434-01-01,,active
7003,1020804,1020807,1434-01-01,,active
7003,1020804,1020809,1434-01-01,,active
7003,1020806,1020807,1434-01-01,,active
7003,1020806,1020809,1434-01-01,,active
7003,1020806,1020811,1434-01-01,,active
7003,1020808,1020809,1434-01-01,,active
7003,1020808,1020811,1434-01-01,,active
7003,1020808,1020813,1434-01-01,,active
7003,1020810,1020811,1434-01-01,,active
7003,1020810,1020813,1434-01-01,,active
7003,1020810,1020815,1434-01-01,,active
7003,1020812,1020813,1434-01-01,,active
7003,1020812,1020815,1434-01-01,,active
7003,1020812,1020817,1434-01-01,,active
7003,1020814,1020815,1434-01-01,,active
7003,1020814,1020817,1434-01-01,,active
7003,1020814,1020819,1434-01-01,,active
7003,1020816,1020817,1434-01-01,,active
7003,1020816,1020819,1434-01-01,,active
7003,1020816,1020821,1434-01-01,,active
7003,1020818,1020819,1434-01-01,,active
7003,1020818,1020821,1434-01-01,,active
7003,1020818,1020823,1434-01-01,,active
7003,1020820,1020821,1434-01-01,,active
7003,1020820,1020823,1434-01-01,,active
7003,1020820,1020825,1434-01-01,,active
7003,1020822,1020823,1434-01-01,,active
7003,1020822,1020825,1434-01-01,,active
7003,1020824,1020825,1434-01-01,,active
7003,1020824,1020827,1434-01-01,,active
7003,1020826,1020827,1434-01-01,,active
7003,1020826,1020829,1434-01-01,,active
7003,1020828,1020829,1434-01-01,,active
7003,1020828,1020831,1434-01-01,,active
7003,1020830,1020831,1434-01-01,,active
7003,1020830,1020833,1434-01-01,,active
7003,1020832,1020833,1434-01-01,,active
7003,1020832,1020835,1434-01-01,,active
7003,1020834,1020835,1434-01-01,,active
7003,1020834,1020837,1434-01-01,,active
7003,1020836,1020837,1434-01-01,,active
7003,1020836,1020839,1434-01-01,,active
7003,1020838,1020839,1434-01-01,,active
7003,1020838,1020841,1434-01-01,,active
7003,1020840,1020841,1434-01-01,,active
7003,1020840,1020843,1434-01-01,,active
7003,1020842,1020843,1434-01-01,,active
7003,1020842,1020845,1434-01-01,,active
7003,1020844,1020845,1434-01-01,,active
7003,1020844,1020847,1434-01-01,,active
7003,1020846,1020847,1434-01-01,,active
7003,1020846,1020849,1434-01-01,,active
7003,1020848,1020849,1434-01-01,,active
7003,1020848,1020851,1434-01-01,,active
7003,1020850,1020851,1434-01-01,,active
7003,1020850,1020853,1434-01-01,,active
7003,1020852,1020853,1434-01-01,,active
7003,1020852,1020855,1434-01-01,,active
7003,1020854,1020855,1434-01-01,,active
7003,1020854,1020857,1434-01-01,,active
7003,1020856,1020857,1434-01-01,,active
7003,1020856,1020859,1434-01-01,,active
7003,1020858,1020859,1434-01-01,,active
7003,1020858,1020861,1434-01-01,,active
7003,1020860,1020861,1434-01-01,,active
7003,1020860,1020863,1434-01-01,,active
7003,1020862,1020863,1434-01-01,,active
7003,1020862,1020865,1434-01-01,,active
7003,1020864,1020865,1434-01-01,,active
7003,1020864,1020867,1434-01-01,,active
7003,1020866,1020867,1434-01-01,,active
7003,1020866,1020869,1434-01-01,,active
7003,1020868,1020869,1434-01-01,,active
7003,1020868,1020871,1434-01-01,,active
7003,1020870,1020871,1434-01-01,,active
7003,1020870,1020873,1434-01-01,,active
7003,1020872,1020873,1434-01-01,,active
7003,1020872,1020875,1434-01-01,,active
7003,1020874,1020875,1434-01-01,,active
7003,1020874,1020877,1434-01-01,,active
7003,1020876,1020877,1434-01-01,,active
7003,1020876,1020879,1434-01-01,,active
7003,1020878,1020879,1434-01-01,,active
7003,1020878,1020881,1434-01-01,,active
7003,1020880,1020881,1434-01-01,,active
7003,1020880,1020883,1434-01-01,,active
7003,1020882,1020883,1434-01-01,,active
7003,1020882,1020885,1434-01-01,,active
7003,1020884,1020885,1434-01-01,,active
7003,1020884,1020887,1434-01-01,,active
7003,1020886,1020887,1434-01-01,,active
7003,1020886,1020889,1434-01-01,,active
7003,1020888,1020889,1434-01-01,,active
7003,1020888,1020891,1434-01-01,,active
7003,1020890,1020891,1434-01-01,,active
7003,1020890,1020893,1434-01-01,,active
7003,1020892,1020893,1434-01-01,,active
7003,1020892,1020895,1434-01-01,,active
7003,1020894,1020895,1434-01-01,,active
7003,1020894,1020897,1434-01-01,,active
7003,1020896,1020897,1434-01-01,,active
7003,1020896,1020899,1434-01-01,,active
7003,1020898,1020899,1434-01-01,,active
7003,1020898,1020901,1434-01-01,,active
7003,1020900,1020901,1434-01-01,,active
7003,1020900,1020903,1434-01-01,,active
7003,1020902,1020903,1434-01-01,,active
7003,1020902,1020905,1434-01-01,,active
7003,1020904,1020905,1434-01-01,,active
7003,1020904,1020907,1434-01-01,,active
7003,1020906,1020907,1434-01-01,,active
7003,1020906,1020909,1434-01-01,,active
7003,1020908,1020909,1434-01-01,,active
7003,1020908,1020911,1434-01-01,,active
7003,1020910,1020911,1434-01-01,,active
7003,1020910,1020913,1434-01-01,,active
7003,1020912,1020913,1434-01-01,,active
7003,1020912,1020915,1434-01-01,,active
7003,1020914,1020915,1434-01-01,,active
7003,1020914,1020917,1434-01-01,,active
7003,1020916,1020917,1434-01-01,,active
7003,1020916,1020919,1434-01-01,,active
7003,1020918,1020919,1434-01-01,,active
7003,1020918,1020921,1434-01-01,,active
7003,1020920,1020921,1434-01-01,,active
7003,1020920,1020923,1434-01-01,,active
7003,1020922,1020923,1434-01-01,,active
7003,1020922,1020925,1434-01-01,,active
7003,1020924,1020925,1434-01-01,,active
7003,1020924,1020927,1434-01-01,,active
7003,1020926,1020927,1434-01-01,,active
7003,1020926,1020929,1434-01-01,,active
7003,1020928,1020929,1434-01-01,,active
7003,1020928,1020931,1434-01-01,,active
7003,1020930,1020931,1434-01-01,,active
7003,1020930,1020933,1434-01-01,,active
7003,1020932,1020933,1434-01-01,,active
7003,1020932,1020935,1434-01-01,,active
7003,1020934,1020935,1434-01-01,,active
7003,1020934,1020937,1434-01-01,,active
7003,1020936,1020937,1434-01-01,,active
7003,1020936,1020939,1434-01-01,,active
7003,1020938,1020939,1434-01-01,,active
7003,1020938,1020941,1434-01-01,,active
7003,1020940,1020941,1434-01-01,,active
7003,1020940,1020943,1434-01-01,,active
7003,1020942,1020943,1434-01-01,,active
7003,1020942,1020945,1434-01-01,,active
7003,1020944,1020945,1434-01-01,,active
7003,1020944,1020947,1434-01-01,,active
7003,1020946,1020947,1434-01-01,,active
7003,1020946,1020949,1434-01-01,,active
7003,1020948,1020949,1434-01-01,,active
7003,1020948,1020951,1434-01-01,,active
7003,1020950,1020951,1434-01-01,,active
7003,1020950,1020953,1434-01-01,,active
7003,1020952,1020953,1434-01-01,,active
7003,1020952,1020955,1434-01-01,,active
7003,1020954,1020955,1434-01-01,,active
7003,1020954,1020957,1434-01-01,,active
7003,1020956,1020957,1434-01-01,,active
7003,1020956,1020959,1434-01-01,,active
7003,1020958,1020959,1434-01-01,,active
7003,1020958,1020961,1434-01-01,,active
7003,1020960,1020961,1434-01-01,,active
7003,1020960,1020963,1434-01-01,,active
7003,1020962,1020963,1434-01-01,,active
7003,1020962,1020965,1434-01-01,,active
7003,1020964,1020965,1434-01-01,,active
7003,1020964,1020967,1434-01-01,,active
7003,1020966,1020967,1434-01-01,,active
7003,1020966,1020969,1434-01-01,,active
7003,1020968,1020969,1434-01-01,,active
7003,1020968,1020971,1434-01-01,,active
7003,1020970,1020971,1434-01-01,,active
7003,1020970,1020973,1434-01-01,,active
7003,1020972,1020973,1434-01-01,,active
7003,1020972,1020975,1434-01-01,,active
7003,1020974,1020975,1434-01-01,,active
7003,1020974,1020977,1434-01-01,,active
7003,1020976,1020977,1434-01-01,,active
7003,1020976,1020979,1434-01-01,,active
7003,1020978,1020979,1434-01-01,,active
7003,1020978,1020981,1434-01-01,,active
7003,1020980,1020981,1434-01-01,,active
7003,1020980,1020983,1434-01-01,,active
7003,1020982,1020983,1434-01-01,,active
7003,1020982,1020985,1434-01-01,,active
7003,1020984,1020985,1434-01-01,,active
7003,1020984,1020987,1434-01-01,,active
7003,1020986,1020987,1434-01-01,,active
7003,1020986,1020989,1434-01-01,,active
7003,1020988,1020989,1434-01-01,,active
7003,1020988,1020991,1434-01-01,,active
7003,1020990,1020991,1434-01-01,,active
7003,1020990,1020993,1434-01-01,,active
7003,1020992,1020993,1434-01-01,,active
7003,1020992,1020995,1434-01-01,,active
7003,1020994,1020995,1434-01-01,,active
7003,1020994,1020997,1434-01-01,,active
7003,1020996,1020997,1434-01-01,,active
7003,1020996,1020999,1434-01-01,,active
7003,1020998,1020999,1434-01-01,,active
7003,1020998,1021001,1434-01-01,,active
7003,1021000,1021001,1434-01-01,,active
7003,1021000,1021003,1434-01-01,,active
7003,1021002,1021003,1434-01-01,,active
7003,1021002,1021005,1434-01-01,,active
7003,1021004,1021005,1434-01-01,,active
7003,1021004,1021007,1434-01-01,,active
7003,1021006,1021007,1434-01-01,,active
7003,1021006,1021009,1434-01-01,,active
7003,1021008,1021009,1434-01-01,,active
7003,1021008,1021011,1434-01-01,,active
7003,1021010,1021011,1434-01-01,,active
7003,1021010,1021013,1434-01-01,,active
7003,1021012,1021013,1434-01-01,,active
7003,1021012,1021015,1434-01-01,,active
7003,1021014,1021015,1434-01-01,,active
7003,1021014,1021017,1434-01-01,,active
7003,1021016,1021017,1434-01-01,,active
7003,1021016,1021019,1434-01-01,,active
7003,1021018,1021019,1434-01-01,,active
7003,1021018,1021021,1434-01-01,,active
7003,1021020,1021021,1434-01-01,,active
7003,1021020,1021023,1434-01-01,,active
7003,1021022,1021023,1434-01-01,,active
7003,1021022,1021025,1434-01-01,,active
7003,1021024,1021025,1434-01-01,,active
7003,1021024,1021027,1434-01-01,,active
7003,1021026,1021027,1434-01-01,,active
7003,1021026,1021029,1434-01-01,,active
7003,1021028,1021029,1434-01-01,,active
7003,1021028,1021031,1434-01-01,,active
7003,1021030,1021031,1434-01-01,,active
7003,1021030,1021033,1434-01-01,,active
7003,1021032,1021033,1434-01-01,,active
7003,1021032,1021035,1434-01-01,,active
7003,1021034,1021035,1434-01-01,,active
7003,1021034,1021037,1434-01-01,,active
7003,1021036,1021037,1434-01-01,,active
7003,1021036,1021039,1434-01-01,,active
7003,1021038,1021039,1434-01-01,,active
7003,1021038,1021041,1434-01-01,,active
7003,1021040,1021041,1434-01-01,,active
7003,1021040,1021043,1434-01-01,,active
7003,1021042,1021043,1434-01-01,,active
7003,1021042,1021045,1434-01-01,,active
7003,1021044,1021045,1434-01-01,,active
7003,1021044,1021047,1434-01-01,,active
7003,1021046,1021047,1434-01-01,,active
7003,1021046,1021049,1434-01-01,,active
7003,1021048,1021049,1434-01-01,,active
7003,1021048,1021051,1434-01-01,,active
7003,1021050,1021051,1434-01-01,,active
7003,1021050,1021053,1434-01-01,,active
7003,1021052,1021053,1434-01-01,,active
7003,1021052,1021055,1434-01-01,,active
7003,1021054,1021055,1434-01-01,,active
7003,1021054,1021057,1434-01-01,,active
7003,1021056,1021057,1434-01-01,,active
7003,1021056,1021059,1434-01-01,,active
7003,1021058,1021059,1434-01-01,,active
7003,1021058,1021061,1434-01-01,,active
7003,1021060,1021061,1434-01-01,,active
7003,1021060,1021063,1434-01-01,,active
7003,1021062,1021063,1434-01-01,,active
7003,1021062,1021065,1434-01-01,,active
7003,1021064,1021065,1434-01-01,,active
7003,1021064,1021067,1434-01-01,,active
7003,1021066,1021067,1434-01-01,,active
7003,1021066,1021069,1434-01-01,,active
7003,1021068,1021069,1434-01-01,,active
7003,1021068,1021071,1434-01-01,,active
7003,1021070,1021071,1434-01-01,,active
7003,1021070,1021073,1434-01-01,,active
7003,1021072,1021073,1434-01-01,,active
7003,1021072,1021075,1434-01-01,,active
7003,1021074,1021075,1434-01-01,,active
7003,1021074,1021077,1434-01-01,,active
7003,1021076,1021077,1434-01-01,,active
7003,1021076,1021079,1434-01-01,,active
7003,1021078,1021079,1434-01-01,,active
7003,1021078,1021081,1434-01-01,,active
7003,1021080,1021081,1434-01-01,,active
7003,1021080,1021083,1434-01-01,,active
7003,1021082,1021083,1434-01-01,,active
7003,1021082,1021085,1434-01-01,,active
7003,1021084,1021085,1434-01-01,,active
7003,1021084,1021087,1434-01-01,,active
7003,1021086,1021087,1434-01-01,,active
7003,1021086,1021089,1434-01-01,,active
7003,1021088,1021089,1434-01-01,,active
7003,1021088,1021091,1434-01-01,,active
7003,1021090,1021091,1434-01-01,,active
7003,1021090,1021093,1434-01-01,,active
7003,1021092,1021093,1434-01-01,,active
7003,1021092,1021095,1434-01-01,,active
7003,1021094,1021095,1434-01-01,,active
7003,1021094,1021097,1434-01-01,,active
7003,1021096,1021097,1434-01-01,,active
7003,1021096,1021099,1434-01-01,,active
7003,1021098,1021099,1434-01-01,,active
7003,1021098,1021101,1434-01-01,,active
7003,1021100,1021101,1434-01-01,,active
7003,1021100,1021103,1434-01-01,,active
7003,1021102,1021103,1434-01-01,,active
7003,1021102,1021105,1434-01-01,,active
7003,1021104,1021105,1434-01-01,,active
7003,1021104,1021107,1434-01-01,,active
7003,1021106,1021107,1434-01-01,,active
7003,1021106,1021109,1434-01-01,,active
7003,1021108,1021109,1434-01-01,,active
7003,1021108,1021111,1434-01-01,,active
7003,1021110,1021111,1434-01-01,,active
7003,1021110,1021113,1434-01-01,,active
7003,1021112,1021113,1434-01-01,,active
7003,1021112,1021115,1434-01-01,,active
7003,1021114,1021115,1434-01-01,,active
7003,1021114,1021117,1434-01-01,,active
7003,1021116,1021117,1434-01-01,,active
7003,1021116,1021119,1434-01-01,,active
7003,1021118,1021119,1434-01-01,,active
7003,1021118,1021121,1434-01-01,,active
7003,1021120,1021121,1434-01-01,,active
7003,1021120,1021123,1434-01-01,,active
7003,1021122,1021123,1434-01-01,,active
7003,1021122,1021125,1434-01-01,,active
7003,1021124,1021125,1434-01-01,,active
7003,1021124,1021127,1434-01-01,,active
7003,1021126,1021127,1434-01-01,,active
7003,1021126,1021129,1434-01-01,,active
7003,1021128,1021129,1434-01-01,,active
7003,1021128,1021131,1434-01-01,,active
7003,1021130,1021131,1434-01-01,,active
7003,1021130,1021133,1434-01-01,,active
7003,1021132,1021133,1434-01-01,,active
7003,1021132,1021135,1434-01-01,,active
7003,1021134,1021135,1434-01-01,,active
7003,1021134,1021137,1434-01-01,,active
7003,1021136,1021137,1434-01-01,,active
7003,1021136,1021139,1434-01-01,,active
7003,1021138,1021139,1434-01-01,,active
7003,1021138,1021141,1434-01-01,,active
7003,1021140,1021141,1434-01-01,,active
7003,1021140,1021143,1434-01-01,,active
7003,1021142,1021143,1434-01-01,,active
7003,1021142,1021145,1434-01-01,,active
7003,1021144,1021145,1434-01-01,,active
7003,1021144,1021147,1434-01-01,,active
7003,1021146,1021147,1434-01-01,,active
7003,1021146,1021149,1434-01-01,,active
7003,1021148,1021149,1434-01-01,,active
7003,1021148,1021151,1434-01-01,,active
7003,1021150,1021151,1434-01-01,,active
7003,1021150,1021153,1434-01-01,,active
7003,1021152,1021153,1434-01-01,,active
7003,1021152,1021155,1434-01-01,,active
7003,1021154,1021155,1434-01-01,,active
7003,1021154,1021157,1434-01-01,,active
7003,1021156,1021157,1434-01-01,,active
7003,1021156,1021159,1434-01-01,,active
7003,1021158,1021159,1434-01-01,,active
7003,1021158,1021161,1434-01-01,,active
7003,1021160,1021161,1434-01-01,,active
7003,1021160,1021163,1434-01-01,,active
7003,1021162,1021163,1434-01-01,,active
7003,1021162,1021165,1434-01-01,,active
7003,1021164,1021165,1434-01-01,,active
7003,1021164,1021167,1434-01-01,,active
7003,1021166,1021167,1434-01-01,,active
7003,1021166,1021169,1434-01-01,,active
7003,1021168,1021169,1434-01-01,,active
7003,1021168,1021171,1434-01-01,,active
7003,1021170,1021171,1434-01-01,,active
7003,1021170,1021173,1434-01-01,,active
7003,1021172,1021173,1434-01-01,,active
7003,1021172,1021175,1434-01-01,,active
7003,1021174,1021175,1434-01-01,,active
7003,1021174,1021177,1434-01-01,,active
7003,1021176,1021177,1434-01-01,,active
7003,1021176,1021179,1434-01-01,,active
7003,1021178,1021179,1434-01-01,,active
7003,1021178,1021181,1434-01-01,,active
7003,1021180,1021181,1434-01-01,,active
7003,1021180,1021183,1434-01-01,,active
7003,1021182,1021183,1434-01-01,,active
7003,1021182,1021185,1434-01-01,,active
7003,1021184,1021185,1434-01-01,,active
7003,1021184,1021187,1434-01-01,,active
7003,1021186,1021187,1434-01-01,,active
7003,1021186,1021189,1434-01-01,,active
7003,1021188,1021189,1434-01-01,,active
7003,1021188,1021191,1434-01-01,,active
7003,1021190,1021191,1434-01-01,,active
7003,1021190,1021193,1434-01-01,,active
7003,1021192,1021193,1434-01-01,,active
7003,1021192,1021195,1434-01-01,,active
7003,1021194,1021195,1434-01-01,,active
7003,1021194,1021197,1434-01-01,,active
7003,1021196,1021197,1434-01-01,,active
7003,1021196,1021199,1434-01-01,,active
7003,1021198,1021199,1434-01-01,,active
7003,1021198,1021201,1434-01-01,,active
7003,1021200,1021201,1434-01-01,,active
7003,1021200,1021203,1434-01-01,,active
7003,1021202,1021203,1434-01-01,,active
7003,1021202,1021205,1434-01-01,,active
7003,1021204,1021205,1434-01-01,,active
7003,1021204,1021207,1434-01-01,,active
7003,1021206,1021207,1434-01-01,,active
7003,1021206,1021209,1434-01-01,,active
7003,1021208,1021209,1434-01-01,,active
7003,1021208,1021211,1434-01-01,,active
7003,1021210,1021211,1434-01-01,,active
7003,1021210,1021213,1434-01-01,,active
7003,1021212,1021213,1434-01-01,,active
7003,1021212,1021215,1434-01-01,,active
7003,1021214,1021215,1434-01-01,,active
7003,1021214,1021217,1434-01-01,,active
7003,1021216,1021217,1434-01-01,,active
7003,1021216,1021219,1434-01-01,,active
7003,1021218,1021219,1434-01-01,,active
7003,1021218,1021221,1434-01-01,,active
7003,1021220,1021221,1434-01-01,,active
7003,1021220,1021223,1434-01-01,,active
7003,1021222,1021223,1434-01-01,,active
7003,1021222,1021225,1434-01-01,,active
7003,1021224,1021225,1434-01-01,,active
7003,1021224,1021227,1434-01-01,,active
7003,1021226,1021227,1434-01-01,,active
7003,1021226,1021229,1434-01-01,,active
7003,1021228,1021229,1434-01-01,,active
7003,1021228,1021231,1434-01-01,,active
7003,1021230,1021231,1434-01-01,,active
7003,1021230,1021233,1434-01-01,,active
7003,1021232,1021233,1434-01-01,,active
7003,1021232,1021235,1434-01-01,,active
7003,1021234,1021235,1434-01-01,,active
7003,1021237,1021238,1452-01-01,,active
7003,1021237,1021240,1452-01-01,,active
7003,1021237,1021242,1452-01-01,,active
7003,1021238,1021773,1452-01-01,,active
7003,1021238,1021775,1452-01-01,,active
7003,1021239,1021240,1452-01-01,,active
7003,1021239,1021242,1452-01-01,,active
7003,1021239,1021244,1452-01-01,,active
7003,1021240,1021775,1452-01-01,,active
7003,1021241,1021242,1452-01-01,,active
7003,1021241,1021244,1452-01-01,,active
7003,1021241,1021246,1452-01-01,,active
7003,1021243,1021244,1452-01-01,,active
7003,1021243,1021246,1452-01-01,,active
7003,1021243,1021248,1452-01-01,,active
7003,1021245,1021246,1452-01-01,,active
7003,1021245,1021248,1452-01-01,,active
7003,1021245,1021250,1452-01-01,,active
7003,1021247,1021248,1452-01-01,,active
7003,1021247,1021250,1452-01-01,,active
7003,1021247,1021252,1452-01-01,,active
7003,1021249,1021250,1452-01-01,,active
7003,1021249,1021252,1452-01-01,,active
7003,1021249,1021254,1452-01-01,,active
7003,1021251,1021252,1452-01-01,,active
7003,1021251,1021254,1452-01-01,,active
7003,1021251,1021256,1452-01-01,,active
7003,1021253,1021254,1452-01-01,,active
7003,1021253,1021256,1452-01-01,,active
7003,1021253,1021258,1452-01-01,,active
7003,1021255,1021256,1452-01-01,,active
7003,1021255,1021258,1452-01-01,,active
7003,1021255,1021260,1452-01-01,,active
7003,1021257,1021258,1452-01-01,,active
7003,1021257,1021260,1452-01-01,,active
7003,1021257,1021262,1452-01-01,,active
7003,1021259,1021260,1452-01-01,,active
7003,1021259,1021262,1452-01-01,,active
7003,1021259,1021264,1452-01-01,,active
7003,1021261,1021262,1452-01-01,,active
7003,1021261,1021264,1452-01-01,,active
7003,1021261,1021266,1452-01-01,,active
7003,1021263,1021264,1452-01-01,,active
7003,1021263,1021266,1452-01-01,,active
7003,1021263,1021268,1452-01-01,,active
7003,1021265,1021266,1452-01-01,,active
7003,1021265,1021268,1452-01-01,,active
7003,1021265,1021270,1452-01-01,,active
7003,1021267,1021268,1452-01-01,,active
7003,1021267,1021270,1452-01-01,,active
7003,1021267,1021272,1452-01-01,,active
7003,1021269,1021270,1452-01-01,,active
7003,1021269,1021272,1452-01-01,,active
7003,1021269,1021274,1452-01-01,,active
7003,1021271,1021272,1452-01-01,,active
7003,1021271,1021274,1452-01-01,,active
7003,1021271,1021276,1452-01-01,,active
7003,1021273,1021274,1452-01-01,,active
7003,1021273,1021276,1452-01-01,,active
7003,1021273,1021278,1452-01-01,,active
7003,1021275,1021276,1452-01-01,,active
7003,1021275,1021278,1452-01-01,,active
7003,1021275,1021280,1452-01-01,,active
7003,1021277,1021278,1452-01-01,,active
7003,1021277,1021280,1452-01-01,,active
7003,1021277,1021282,1452-01-01,,active
7003,1021279,1021280,1452-01-01,,active
7003,1021279,1021282,1452-01-01,,active
7003,1021279,1021284,1452-01-01,,active
7003,1021281,1021282,1452-01-01,,active
7003,1021281,1021284,1452-01-01,,active
7003,1021281,1021286,1452-01-01,,active
7003,1021283,1021284,1452-01-01,,active
7003,1021283,1021286,1452-01-01,,active
7003,1021283,1021288,1452-01-01,,active
7003,1021285,1021286,1452-01-01,,active
7003,1021285,1021288,1452-01-01,,active
7003,1021285,1021290,1452-01-01,,active
7003,1021287,1021288,1452-01-01,,active
7003,1021287,1021290,1452-01-01,,active
7003,1021287,1021292,1452-01-01,,active
7003,1021289,1021290,1452-01-01,,active
7003,1021289,1021292,1452-01-01,,active
7003,1021289,1021294,1452-01-01,,active
7003,1021291,1021292,1452-01-01,,active
7003,1021291,1021294,1452-01-01,,active
7003,1021291,1021296,1452-01-01,,active
7003,1021293,1021294,1452-01-01,,active
7003,1021293,1021296,1452-01-01,,active
7003,1021293,1021298,1452-01-01,,active
7003,1021295,1021296,1452-01-01,,active
7003,1021295,1021298,1452-01-01,,active
7003,1021295,1021300,1452-01-01,,active
7003,1021297,1021298,1452-01-01,,active
7003,1021297,1021300,1452-01-01,,active
7003,1021297,1021302,1452-01-01,,active
7003,1021299,1021300,1452-01-01,,active
7003,1021299,1021302,1452-01-01,,active
7003,1021299,1021304,1452-01-01,,active
7003,1021301,1021302,1452-01-01,,active
7003,1021301,1021304,1452-01-01,,active
7003,1021301,1021306,1452-01-01,,active
7003,1021303,1021304,1452-01-01,,active
7003,1021303,1021306,1452-01-01,,active
7003,1021303,1021308,1452-01-01,,active
7003,1021305,1021306,1452-01-01,,active
7003,1021305,1021308,1452-01-01,,active
7003,1021305,1021310,1452-01-01,,active
7003,1021307,1021308,1452-01-01,,active
7003,1021307,1021310,1452-01-01,,active
7003,1021307,1021312,1452-01-01,,active
7003,1021309,1021310,1452-01-01,,active
7003,1021309,1021312,1452-01-01,,active
7003,1021309,1021314,1452-01-01,,active
7003,1021311,1021312,1452-01-01,,active
7003,1021311,1021314,1452-01-01,,active
7003,1021311,1021316,1452-01-01,,active
7003,1021313,1021314,1452-01-01,,active
7003,1021313,1021316,1452-01-01,,active
7003,1021313,1021318,1452-01-01,,active
7003,1021315,1021316,1452-01-01,,active
7003,1021315,1021318,1452-01-01,,active
7003,1021315,1021320,1452-01-01,,active
7003,1021317,1021318,1452-01-01,,active
7003,1021317,1021320,1452-01-01,,active
7003,1021319,1021320,1452-01-01,,active
7003,1021319,1021322,1452-01-01,,active
7003,1021321,1021322,1452-01-01,,active
7003,1021321,1021324,1452-01-01,,active
7003,1021323,1021324,1452-01-01,,active
7003,1021323,1021326,1452-01-01,,active
7003,1021325,1021326,1452-01-01,,active
7003,1021325,1021328,1452-01-01,,active
7003,1021327,1021328,1452-01-01,,active
7003,1021327,1021330,1452-01-01,,active
7003,1021329,1021330,1452-01-01,,active
7003,1021329,1021332,1452-01-01,,active
7003,1021331,1021332,1452-01-01,,active
7003,1021331,1021334,1452-01-01,,active
7003,1021333,1021334,1452-01-01,,active
7003,1021333,1021336,1452-01-01,,active
7003,1021335,1021336,1452-01-01,,active
7003,1021335,1021338,1452-01-01,,active
7003,1021337,1021338,1452-01-01,,active
7003,1021337,1021340,1452-01-01,,active
7003,1021339,1021340,1452-01-01,,active
7003,1021339,1021342,1452-01-01,,active
7003,1021341,1021342,1452-01-01,,active
7003,1021341,1021344,1452-01-01,,active
7003,1021343,1021344,1452-01-01,,active
7003,1021343,1021346,1452-01-01,,active
7003,1021345,1021346,1452-01-01,,active
7003,1021345,1021348,1452-01-01,,active
7003,1021347,1021348,1452-01-01,,active
7003,1021347,1021350,1452-01-01,,active
7003,1021349,1021350,1452-01-01,,active
7003,1021349,1021352,1452-01-01,,active
7003,1021351,1021352,1452-01-01,,active
7003,1021351,1021354,1452-01-01,,active
7003,1021353,1021354,1452-01-01,,active
7003,1021353,1021356,1452-01-01,,active
7003,1021355,1021356,1452-01-01,,active
7003,1021355,1021358,1452-01-01,,active
7003,1021357,1021358,1452-01-01,,active
7003,1021357,1021360,1452-01-01,,active
7003,1021359,1021360,1452-01-01,,active
7003,1021359,1021362,1452-01-01,,active
7003,1021361,1021362,1452-01-01,,active
7003,1021361,1021364,1452-01-01,,active
7003,1021363,1021364,1452-01-01,,active
7003,1021363,1021366,1452-01-01,,active
7003,1021365,1021366,1452-01-01,,active
7003,1021365,1021368,1452-01-01,,active
7003,1021367,1021368,1452-01-01,,active
7003,1021367,1021370,1452-01-01,,active
7003,1021369,1021370,1452-01-01,,active
7003,1021369,1021372,1452-01-01,,active
7003,1021371,1021372,1452-01-01,,active
7003,1021371,1021374,1452-01-01,,active
7003,1021373,1021374,1452-01-01,,active
7003,1021373,1021376,1452-01-01,,active
7003,1021375,1021376,1452-01-01,,active
7003,1021375,1021378,1452-01-01,,active
7003,1021377,1021378,1452-01-01,,active
7003,1021377,1021380,1452-01-01,,active
7003,1021379,1021380,1452-01-01,,active
7003,1021379,1021382,1452-01-01,,active
7003,1021381,1021382,1452-01-01,,active
7003,1021381,1021384,1452-01-01,,active
7003,1021383,1021384,1452-01-01,,active
7003,1021383,1021386,1452-01-01,,active
7003,1021385,1021386,1452-01-01,,active
7003,1021385,1021388,1452-01-01,,active
7003,1021387,1021388,1452-01-01,,active
7003,1021387,1021390,1452-01-01,,active
7003,1021389,1021390,1452-01-01,,active
7003,1021389,1021392,1452-01-01,,active
7003,1021391,1021392,1452-01-01,,active
7003,1021391,1021394,1452-01-01,,active
7003,1021393,1021394,1452-01-01,,active
7003,1021393,1021396,1452-01-01,,active
7003,1021395,1021396,1452-01-01,,active
7003,1021395,1021398,1452-01-01,,active
7003,1021397,1021398,1452-01-01,,active
7003,1021397,1021400,1452-01-01,,active
7003,1021399,1021400,1452-01-01,,active
7003,1021399,1021402,1452-01-01,,active
7003,1021401,1021402,1452-01-01,,active
7003,1021401,1021404,1452-01-01,,active
7003,1021403,1021404,1452-01-01,,active
7003,1021403,1021406,1452-01-01,,active
7003,1021405,1021406,1452-01-01,,active
7003,1021405,1021408,1452-01-01,,active
7003,1021407,1021408,1452-01-01,,active
7003,1021407,1021410,1452-01-01,,active
7003,1021409,1021410,1452-01-01,,active
7003,1021409,1021412,1452-01-01,,active
7003,1021411,1021412,1452-01-01,,active
7003,1021411,1021414,1452-01-01,,active
7003,1021413,1021414,1452-01-01,,active
7003,1021413,1021416,1452-01-01,,active
7003,1021415,1021416,1452-01-01,,active
7003,1021415,1021418,1452-01-01,,active
7003,1021417,1021418,1452-01-01,,active
7003,1021417,1021420,1452-01-01,,active
7003,1021419,1021420,1452-01-01,,active
7003,1021419,1021422,1452-01-01,,active
7003,1021421,1021422,1452-01-01,,active
7003,1021421,1021424,1452-01-01,,active
7003,1021423,1021424,1452-01-01,,active
7003,1021423,1021426,1452-01-01,,active
7003,1021425,1021426,1452-01-01,,active
7003,1021425,1021428,1452-01-01,,active
7003,1021427,1021428,1452-01-01,,active
7003,1021427,1021430,1452-01-01,,active
7003,1021429,1021430,1452-01-01,,active
7003,1021429,1021432,1452-01-01,,active
7003,1021431,1021432,1452-01-01,,active
7003,1021431,1021434,1452-01-01,,active
7003,1021433,1021434,1452-01-01,,active
7003,1021433,1021436,1452-01-01,,active
7003,1021435,1021436,1452-01-01,,active
7003,1021435,1021438,1452-01-01,,active
7003,1021437,1021438,1452-01-01,,active
7003,1021437,1021440,1452-01-01,,active
7003,1021439,1021440,1452-01-01,,active
7003,1021439,1021442,1452-01-01,,active
7003,1021441,1021442,1452-01-01,,active
7003,1021441,1021444,1452-01-01,,active
7003,1021443,1021444,1452-01-01,,active
7003,1021443,1021446,1452-01-01,,active
7003,1021445,1021446,1452-01-01,,active
7003,1021445,1021448,1452-01-01,,active
7003,1021447,1021448,1452-01-01,,active
7003,1021447,1021450,1452-01-01,,active
7003,1021449,1021450,1452-01-01,,active
7003,1021449,1021452,1452-01-01,,active
7003,1021451,1021452,1452-01-01,,active
7003,1021451,1021454,1452-01-01,,active
7003,1021453,1021454,1452-01-01,,active
7003,1021453,1021456,1452-01-01,,active
7003,1021455,1021456,1452-01-01,,active
7003,1021455,1021458,1452-01-01,,active
7003,1021457,1021458,1452-01-01,,active
7003,1021457,1021460,1452-01-01,,active
7003,1021459,1021460,1452-01-01,,active
7003,1021459,1021462,1452-01-01,,active
7003,1021461,1021462,1452-01-01,,active
7003,1021461,1021464,1452-01-01,,active
7003,1021463,1021464,1452-01-01,,active
7003,1021463,1021466,1452-01-01,,active
7003,1021465,1021466,1452-01-01,,active
7003,1021465,1021468,1452-01-01,,active
7003,1021467,1021468,1452-01-01,,active
7003,1021467,1021470,1452-01-01,,active
7003,1021469,1021470,1452-01-01,,active
7003,1021469,1021472,1452-01-01,,active
7003,1021471,1021472,1452-01-01,,active
7003,1021471,1021474,1452-01-01,,active
7003,1021473,1021474,1452-01-01,,active
7003,1021473,1021476,1452-01-01,,active
7003,1021475,1021476,1452-01-01,,active
7003,1021475,1021478,1452-01-01,,active
7003,1021477,1021478,1452-01-01,,active
7003,1021477,1021480,1452-01-01,,active
7003,1021479,1021480,1452-01-01,,active
7003,1021479,1021482,1452-01-01,,active
7003,1021481,1021482,1452-01-01,,active
7003,1021481,1021484,1452-01-01,,active
7003,1021483,1021484,1452-01-01,,active
7003,1021483,1021486,1452-01-01,,active
7003,1021485,1021486,1452-01-01,,active
7003,1021485,1021488,1452-01-01,,active
7003,1021487,1021488,1452-01-01,,active
7003,1021487,1021490,1452-01-01,,active
7003,1021489,1021490,1452-01-01,,active
7003,1021489,1021492,1452-01-01,,active
7003,1021491,1021492,1452-01-01,,active
7003,1021491,1021494,1452-01-01,,active
7003,1021493,1021494,1452-01-01,,active
7003,1021493,1021496,1452-01-01,,active
7003,1021495,1021496,1452-01-01,,active
7003,1021495,1021498,1452-01-01,,active
7003,1021497,1021498,1452-01-01,,active
7003,1021497,1021500,1452-01-01,,active
7003,1021499,1021500,1452-01-01,,active
7003,1021499,1021502,1452-01-01,,active
7003,1021501,1021502,1452-01-01,,active
7003,1021501,1021504,1452-01-01,,active
7003,1021503,1021504,1452-01-01,,active
7003,1021503,1021506,1452-01-01,,active
7003,1021505,1021506,1452-01-01,,active
7003,1021505,1021508,1452-01-01,,active
7003,1021507,1021508,1452-01-01,,active
7003,1021507,1021510,1452-01-01,,active
7003,1021509,1021510,1452-01-01,,active
7003,1021509,1021512,1452-01-01,,active
7003,1021511,1021512,1452-01-01,,active
7003,1021511,1021514,1452-01-01,,active
7003,1021513,1021514,1452-01-01,,active
7003,1021513,1021516,1452-01-01,,active
7003,1021515,1021516,1452-01-01,,active
7003,1021515,1021518,1452-01-01,,active
7003,1021517,1021518,1452-01-01,,active
7003,1021517,1021520,1452-01-01,,active
7003,1021519,1021520,1452-01-01,,active
7003,1021519,1021522,1452-01-01,,active
7003,1021521,1021522,1452-01-01,,active
7003,1021521,1021524,1452-01-01,,active
7003,1021523,1021524,1452-01-01,,active
7003,1021523,1021526,1452-01-01,,active
7003,1021525,1021526,1452-01-01,,active
7003,1021525,1021528,1452-01-01,,active
7003,1021527,1021528,1452-01-01,,active
7003,1021527,1021530,1452-01-01,,active
7003,1021529,1021530,1452-01-01,,active
7003,1021529,1021532,1452-01-01,,active
7003,1021531,1021532,1452-01-01,,active
7003,1021531,1021534,1452-01-01,,active
7003,1021533,1021534,1452-01-01,,active
7003,1021533,1021536,1452-01-01,,active
7003,1021535,1021536,1452-01-01,,active
7003,1021535,1021538,1452-01-01,,active
7003,1021537,1021538,1452-01-01,,active
7003,1021537,1021540,1452-01-01,,active
7003,1021539,1021540,1452-01-01,,active
7003,1021539,1021542,1452-01-01,,active
7003,1021541,1021542,1452-01-01,,active
7003,1021541,1021544,1452-01-01,,active
7003,1021543,1021544,1452-01-01,,active
7003,1021543,1021546,1452-01-01,,active
7003,1021545,1021546,1452-01-01,,active
7003,1021545,1021548,1452-01-01,,active
7003,1021547,1021548,1452-01-01,,active
7003,1021547,1021550,1452-01-01,,active
7003,1021549,1021550,1452-01-01,,active
7003,1021549,1021552,1452-01-01,,active
7003,1021551,1021552,1452-01-01,,active
7003,1021551,1021554,1452-01-01,,active
7003,1021553,1021554,1452-01-01,,active
7003,1021553,1021556,1452-01-01,,active
7003,1021555,1021556,1452-01-01,,active
7003,1021555,1021558,1452-01-01,,active
7003,1021557,1021558,1452-01-01,,active
7003,1021557,1021560,1452-01-01,,active
7003,1021559,1021560,1452-01-01,,active
7003,1021559,1021562,1452-01-01,,active
7003,1021561,1021562,1452-01-01,,active
7003,1021561,1021564,1452-01-01,,active
7003,1021563,1021564,1452-01-01,,active
7003,1021563,1021566,1452-01-01,,active
7003,1021565,1021566,1452-01-01,,active
7003,1021565,1021568,1452-01-01,,active
7003,1021567,1021568,1452-01-01,,active
7003,1021567,1021570,1452-01-01,,active
7003,1021569,1021570,1452-01-01,,active
7003,1021569,1021572,1452-01-01,,active
7003,1021571,1021572,1452-01-01,,active
7003,1021571,1021574,1452-01-01,,active
7003,1021573,1021574,1452-01-01,,active
7003,1021573,1021576,1452-01-01,,active
7003,1021575,1021576,1452-01-01,,active
7003,1021575,1021578,1452-01-01,,active
7003,1021577,1021578,1452-01-01,,active
7003,1021577,1021580,1452-01-01,,active
7003,1021579,1021580,1452-01-01,,active
7003,1021579,1021582,1452-01-01,,active
7003,1021581,1021582,1452-01-01,,active
7003,1021581,1021584,1452-01-01,,active
7003,1021583,1021584,1452-01-01,,active
7003,1021583,1021586,1452-01-01,,active
7003,1021585,1021586,1452-01-01,,active
7003,1021585,1021588,1452-01-01,,active
7003,1021587,1021588,1452-01-01,,active
7003,1021587,1021590,1452-01-01,,active
7003,1021589,1021590,1452-01-01,,active
7003,1021589,1021592,1452-01-01,,active
7003,1021591,1021592,1452-01-01,,active
7003,1021591,1021594,1452-01-01,,active
7003,1021593,1021594,1452-01-01,,active
7003,1021593,1021596,1452-01-01,,active
7003,1021595,1021596,1452-01-01,,active
7003,1021595,1021598,1452-01-01,,active
7003,1021597,1021598,1452-01-01,,active
7003,1021597,1021600,1452-01-01,,active
7003,1021599,1021600,1452-01-01,,active
7003,1021599,1021602,1452-01-01,,active
7003,1021601,1021602,1452-01-01,,active
7003,1021601,1021604,1452-01-01,,active
7003,1021603,1021604,1452-01-01,,active
7003,1021603,1021606,1452-01-01,,active
7003,1021605,1021606,1452-01-01,,active
7003,1021605,1021608,1452-01-01,,active
7003,1021607,1021608,1452-01-01,,active
7003,1021607,1021610,1452-01-01,,active
7003,1021609,1021610,1452-01-01,,active
7003,1021609,1021612,1452-01-01,,active
7003,1021611,1021612,1452-01-01,,active
7003,1021611,1021614,1452-01-01,,active
7003,1021613,1021614,1452-01-01,,active
7003,1021613,1021616,1452-01-01,,active
7003,1021615,1021616,1452-01-01,,active
7003,1021615,1021618,1452-01-01,,active
7003,1021617,1021618,1452-01-01,,active
7003,1021617,1021620,1452-01-01,,active
7003,1021619,1021620,1452-01-01,,active
7003,1021619,1021622,1452-01-01,,active
7003,1021621,1021622,1452-01-01,,active
7003,1021621,1021624,1452-01-01,,active
7003,1021623,1021624,1452-01-01,,active
7003,1021623,1021626,1452-01-01,,active
7003,1021625,1021626,1452-01-01,,active
7003,1021625,1021628,1452-01-01,,active
7003,1021627,1021628,1452-01-01,,active
7003,1021627,1021630,1452-01-01,,active
7003,1021629,1021630,1452-01-01,,active
7003,1021629,1021632,1452-01-01,,active
7003,1021631,1021632,1452-01-01,,active
7003,1021631,1021634,1452-01-01,,active
7003,1021633,1021634,1452-01-01,,active
7003,1021633,1021636,1452-01-01,,active
7003,1021635,1021636,1452-01-01,,active
7003,1021635,1021638,1452-01-01,,active
7003,1021637,1021638,1452-01-01,,active
7003,1021637,1021640,1452-01-01,,active
7003,1021639,1021640,1452-01-01,,active
7003,1021639,1021642,1452-01-01,,active
7003,1021641,1021642,1452-01-01,,active
7003,1021641,1021644,1452-01-01,,active
7003,1021643,1021644,1452-01-01,,active
7003,1021643,1021646,1452-01-01,,active
7003,1021645,1021646,1452-01-01,,active
7003,1021645,1021648,1452-01-01,,active
7003,1021647,1021648,1452-01-01,,active
7003,1021647,1021650,1452-01-01,,active
7003,1021649,1021650,1452-01-01,,active
7003,1021649,1021652,1452-01-01,,active
7003,1021651,1021652,1452-01-01,,active
7003,1021651,1021654,1452-01-01,,active
7003,1021653,1021654,1452-01-01,,active
7003,1021653,1021656,1452-01-01,,active
7003,1021655,1021656,1452-01-01,,active
7003,1021655,1021658,1452-01-01,,active
7003,1021657,1021658,1452-01-01,,active
7003,1021657,1021660,1452-01-01,,active
7003,1021659,1021660,1452-01-01,,active
7003,1021659,1021662,1452-01-01,,active
7003,1021661,1021662,1452-01-01,,active
7003,1021661,1021664,1452-01-01,,active
7003,1021663,1021664,1452-01-01,,active
7003,1021663,1021666,1452-01-01,,active
7003,1021665,1021666,1452-01-01,,active
7003,1021665,1021668,1452-01-01,,active
7003,1021667,1021668,1452-01-01,,active
7003,1021667,1021670,1452-01-01,,active
7003,1021669,1021670,1452-01-01,,active
7003,1021669,1021672,1452-01-01,,active
7003,1021671,1021672,1452-01-01,,active
7003,1021671,1021674,1452-01-01,,active
7003,1021673,1021674,1452-01-01,,active
7003,1021673,1021676,1452-01-01,,active
7003,1021675,1021676,1452-01-01,,active
7003,1021675,1021678,1452-01-01,,active
7003,1021677,1021678,1452-01-01,,active
7003,1021677,1021680,1452-01-01,,active
7003,1021679,1021680,1452-01-01,,active
7003,1021679,1021682,1452-01-01,,active
7003,1021681,1021682,1452-01-01,,active
7003,1021681,1021684,1452-01-01,,active
7003,1021683,1021684,1452-01-01,,active
7003,1021683,1021686,1452-01-01,,active
7003,1021685,1021686,1452-01-01,,active
7003,1021685,1021688,1452-01-01,,active
7003,1021687,1021688,1452-01-01,,active
7003,1021687,1021690,1452-01-01,,active
7003,1021689,1021690,1452-01-01,,active
7003,1021689,1021692,1452-01-01,,active
7003,1021691,1021692,1452-01-01,,active
7003,1021691,1021694,1452-01-01,,active
7003,1021693,1021694,1452-01-01,,active
7003,1021693,1021696,1452-01-01,,active
7003,1021695,1021696,1452-01-01,,active
7003,1021695,1021698,1452-01-01,,active
7003,1021697,1021698,1452-01-01,,active
7003,1021697,1021700,1452-01-01,,active
7003,1021699,1021700,1452-01-01,,active
7003,1021699,1021702,1452-01-01,,active
7003,1021701,1021702,1452-01-01,,active
7003,1021701,1021704,1452-01-01,,active
7003,1021703,1021704,1452-01-01,,active
7003,1021703,1021706,1452-01-01,,active
7003,1021705,1021706,1452-01-01,,active
7003,1021705,1021708,1452-01-01,,active
7003,1021707,1021708,1452-01-01,,active
7003,1021707,1021710,1452-01-01,,active
7003,1021709,1021710,1452-01-01,,active
7003,1021709,1021712,1452-01-01,,active
7003,1021711,1021712,1452-01-01,,active
7003,1021711,1021714,1452-01-01,,active
7003,1021713,1021714,1452-01-01,,active
7003,1021713,1021716,1452-01-01,,active
7003,1021715,1021716,1452-01-01,,active
7003,1021715,1021718,1452-01-01,,active
7003,1021717,1021718,1452-01-01,,active
7003,1021717,1021720,1452-01-01,,active
7003,1021719,1021720,1452-01-01,,active
7003,1021719,1021722,1452-01-01,,active
7003,1021721,1021722,1452-01-01,,active
7003,1021721,1021724,1452-01-01,,active
7003,1021723,1021724,1452-01-01,,active
7003,1021723,1021726,1452-01-01,,active
7003,1021725,1021726,1452-01-01,,active
7003,1021725,1021728,1452-01-01,,active
7003,1021727,1021728,1452-01-01,,active
7003,1021727,1021730,1452-01-01,,active
7003,1021729,1021730,1452-01-01,,active
7003,1021729,1021732,1452-01-01,,active
7003,1021731,1021732,1452-01-01,,active
7003,1021731,1021734,1452-01-01,,active
7003,1021733,1021734,1452-01-01,,active
7003,1021733,1021736,1452-01-01,,active
7003,1021735,1021736,1452-01-01,,active
7003,1021735,1021738,1452-01-01,,active
7003,1021737,1021738,1452-01-01,,active
7003,1021737,1021740,1452-01-01,,active
7003,1021739,1021740,1452-01-01,,active
7003,1021739,1021742,1452-01-01,,active
7003,1021741,1021742,1452-01-01,,active
7003,1021741,1021744,1452-01-01,,active
7003,1021743,1021744,1452-01-01,,active
7003,1021743,1021746,1452-01-01,,active
7003,1021745,1021746,1452-01-01,,active
7003,1021745,1021748,1452-01-01,,active
7003,1021747,1021748,1452-01-01,,active
7003,1021747,1021750,1452-01-01,,active
7003,1021749,1021750,1452-01-01,,active
7003,1021749,1021752,1452-01-01,,active
7003,1021751,1021752,1452-01-01,,active
7003,1021751,1021754,1452-01-01,,active
7003,1021753,1021754,1452-01-01,,active
7003,1021753,1021756,1452-01-01,,active
7003,1021755,1021756,1452-01-01,,active
7003,1021755,1021758,1452-01-01,,active
7003,1021757,1021758,1452-01-01,,active
7003,1021757,1021760,1452-01-01,,active
7003,1021759,1021760,1452-01-01,,active
7003,1021759,1021762,1452-01-01,,active
7003,1021761,1021762,1452-01-01,,active
7003,1021761,1021764,1452-01-01,,active
7003,1021763,1021764,1452-01-01,,active
7003,1021763,1021766,1452-01-01,,active
7003,1021765,1021766,1452-01-01,,active
7003,1021765,1021768,1452-01-01,,active
7003,1021767,1021768,1452-01-01,,active
7003,1021767,1021770,1452-01-01,,active
7003,1021769,1021770,1452-01-01,,active
7003,1021769,1021772,1452-01-01,,active
7003,1021771,1021772,1452-01-01,,active
7003,1021771,1021774,1452-01-01,,active
7003,1021773,1021774,1452-01-01,,active
7003,1021776,1021777,1470-01-01,,active
7003,1021778,1021779,1470-01-01,,active
7003,1021780,1021781,1470-01-01,,active
7003,1021782,1021783,1470-01-01,,active
7003,1021784,1021785,1470-01-01,,active
7003,1021786,1021787,1470-01-01,,active
7003,1021788,1021789,1470-01-01,,active
7003,1021790,1021791,1470-01-01,,active
7003,1021792,1021793,1470-01-01,,active
7003,1021794,1021795,1470-01-01,,active
7003,1021796,1021797,1470-01-01,,active
7003,1021798,1021799,1470-01-01,,active
7003,1021800,1021801,1470-01-01,,active
7003,1021802,1021803,1470-01-01,,active
7003,1021804,1021805,1470-01-01,,active
7003,1021806,1021807,1470-01-01,,active
7003,1021808,1021809,1470-01-01,,active
7003,1021810,1021811,1470-01-01,,active
7003,1021812,1021813,1470-01-01,,active
7003,1021814,1021815,1470-01-01,,active
7003,1021816,1021817,1470-01-01,,active
7003,1021818,1021819,1470-01-01,,active
7003,1021820,1021821,1470-01-01,,active
7003,1021822,1021823,1470-01-01,,active
7003,1021824,1021825,1470-01-01,,active
7003,1021826,1021827,1470-01-01,,active
7003,1021828,1021829,1470-01-01,,active
7003,1021830,1021831,1470-01-01,,active
7003,1021832,1021833,1470-01-01,,active
7003,1021834,1021835,1470-01-01,,active
7003,1021836,1021837,1470-01-01,,active
7003,1021838,1021839,1470-01-01,,active
7003,1021840,1021841,1470-01-01,,active
7003,1021842,1021843,1470-01-01,,active
7003,1021844,1021845,1470-01-01,,active
7003,1021846,1021847,1470-01-01,,active
7003,1021848,1021849,1470-01-01,,active
7003,1021850,1021851,1470-01-01,,active
7003,1021852,1021853,1470-01-01,,active
7003,1021854,1021855,1470-01-01,,active
7003,1021856,1021857,1470-01-01,,active
7003,1021858,1021859,1470-01-01,,active
7003,1021860,1021861,1470-01-01,,active
7003,1021862,1021863,1470-01-01,,active
7003,1021864,1021865,1470-01-01,,active
7003,1021866,1021867,1470-01-01,,active
7003,1021868,1021869,1470-01-01,,active
7003,1021870,1021871,1470-01-01,,active
7003,1021872,1021873,1470-01-01,,active
7003,1021874,1021875,1470-01-01,,active
7003,1021876,1021877,1470-01-01,,active
7003,1021878,1021879,1470-01-01,,active
7003,1021880,1021881,1470-01-01,,active
7003,1021882,1021883,1470-01-01,,active
7003,1021884,1021885,1470-01-01,,active
7003,1021886,1021887,1470-01-01,,active
7003,1021888,1021889,1470-01-01,,active
7003,1021890,1021891,1470-01-01,,active
7003,1021892,1021893,1470-01-01,,active
7003,1021894,1021895,1470-01-01,,active
7003,1021896,1021897,1470-01-01,,active
7003,1021898,1021899,1470-01-01,,active
7003,1021900,1021901,1470-01-01,,active
7003,1021902,1021903,1470-01-01,,active
7003,1021904,1021905,1470-01-01,,active
7003,1021906,1021907,1470-01-01,,active
7003,1021908,1021909,1470-01-01,,active
7003,1021910,1021911,1470-01-01,,active
7003,1021912,1021913,1470-01-01,,active
7003,1021914,1021915,1470-01-01,,active
7003,1021916,1021917,1470-01-01,,active
7003,1021918,1021919,1470-01-01,,active
7003,1021920,1021921,1470-01-01,,active
7003,1021922,1021923,1470-01-01,,active
7003,1021924,1021925,1470-01-01,,active
7003,1021926,1021927,1470-01-01,,active
7003,1021928,1021929,1470-01-01,,active
7003,1021930,1021931,1470-01-01,,active
7003,1021932,1021933,1470-01-01,,active
7003,1021934,1021935,1470-01-01,,active
7003,1021936,1021937,1470-01-01,,active
7003,1021938,1021939,1470-01-01,,active
7003,1021940,1021941,1470-01-01,,active
7003,1021942,1021943,1470-01-01,,active
7003,1021944,1021945,1470-01-01,,active
7003,1021946,1021947,1470-01-01,,active
7003,1021948,1021949,1470-01-01,,active
7003,1021950,1021951,1470-01-01,,active
7003,1021952,1021953,1470-01-01,,active
7003,1021954,1021955,1470-01-01,,active
7003,1021956,1021957,1470-01-01,,active
7003,1021958,1021959,1470-01-01,,active
7003,1021960,1021961,1470-01-01,,active
7003,1021962,1021963,1470-01-01,,active
7003,1021964,1021965,1470-01-01,,active
7003,1021966,1021967,1470-01-01,,active
7003,1021968,1021969,1470-01-01,,active
7003,1021970,1021971,1470-01-01,,active
7003,1021972,1021973,1470-01-01,,active
7003,1021974,1021975,1470-01-01,,active
7003,1021976,1021977,1470-01-01,,active
7003,1021978,1021979,1470-01-01,,active
7003,1021980,1021981,1470-01-01,,active
7003,1021982,1021983,1470-01-01,,active
7003,1021984,1021985,1470-01-01,,active
7003,1021986,1021987,1470-01-01,,active
7003,1021988,1021989,1470-01-01,,active
7003,1021990,1021991,1470-01-01,,active
7003,1021992,1021993,1470-01-01,,active
7003,1021994,1021995,1470-01-01,,active
7003,1021996,1021997,1470-01-01,,active
7003,1021998,1021999,1470-01-01,,active
7003,1022000,1022001,1470-01-01,,active
7003,1022002,1022003,1470-01-01,,active
7003,1022004,1022005,1470-01-01,,active
7003,1022006,1022007,1470-01-01,,active
7003,1022008,1022009,1470-01-01,,active
7003,1022010,1022011,1470-01-01,,active
7003,1022012,1022013,1470-01-01,,active
7003,1022014,1022015,1470-01-01,,active
7003,1022016,1022017,1470-01-01,,active
7003,1022018,1022019,1470-01-01,,active
7003,1022020,1022021,1470-01-01,,active
7003,1022022,1022023,1470-01-01,,active
7003,1022024,1022025,1470-01-01,,active
7003,1022026,1022027,1470-01-01,,active
7003,1022028,1022029,1470-01-01,,active
7003,1022030,1022031,1470-01-01,,active
7003,1022032,1022033,1470-01-01,,active
7003,1022034,1022035,1470-01-01,,active
7003,1022036,1022037,1470-01-01,,active
7003,1022038,1022039,1470-01-01,,active
7003,1022040,1022041,1470-01-01,,active
7003,1022042,1022043,1470-01-01,,active
7003,1022044,1022045,1470-01-01,,active
7003,1022046,1022047,1470-01-01,,active
7003,1022048,1022049,1470-01-01,,active
7003,1022050,1022051,1470-01-01,,active
7003,1022052,1022053,1470-01-01,,active
7003,1022054,1022055,1470-01-01,,active
7003,1022056,1022057,1470-01-01,,active
7003,1022058,1022059,1470-01-01,,active
7003,1022060,1022061,1470-01-01,,active
7003,1022062,1022063,1470-01-01,,active
7003,1022064,1022065,1470-01-01,,active
7003,1022066,1022067,1470-01-01,,active
7003,1022068,1022069,1470-01-01,,active
7003,1022070,1022071,1470-01-01,,active
7003,1022072,1022073,1470-01-01,,active
7003,1022074,1022075,1470-01-01,,active
7003,1022076,1022077,1470-01-01,,active
7003,1022078,1022079,1470-01-01,,active
7003,1022080,1022081,1470-01-01,,active
7003,1022082,1022083,1470-01-01,,active
7003,1022084,1022085,1470-01-01,,active
7003,1022086,1022087,1470-01-01,,active
7003,1022088,1022089,1470-01-01,,active
7003,1022090,1022091,1470-01-01,,active
7003,1022092,1022093,1470-01-01,,active
7003,1022094,1022095,1470-01-01,,active
7003,1022096,1022097,1470-01-01,,active
7003,1022098,1022099,1470-01-01,,active
7003,1022100,1022101,1470-01-01,,active
7003,1022102,1022103,1470-01-01,,active
7003,1022104,1022105,1470-01-01,,active
7003,1022106,1022107,1470-01-01,,active
7003,1022108,1022109,1470-01-01,,active
7003,1022110,1022111,1470-01-01,,active
7003,1022112,1022113,1470-01-01,,active
7003,1022114,1022115,1470-01-01,,active
7003,1022116,1022117,1470-01-01,,active
7003,1022118,1022119,1470-01-01,,active
7003,1022120,1022121,1470-01-01,,active
7003,1022122,1022123,1470-01-01,,active
7003,1022124,1022125,1470-01-01,,active
7003,1022126,1022127,1470-01-01,,active
7003,1022128,1022129,1470-01-01,,active
7003,1022130,1022131,1470-01-01,,active
7003,1022132,1022133,1470-01-01,,active
7003,1022134,1022135,1470-01-01,,active
7003,1022136,1022137,1470-01-01,,active
7003,1022138,1022139,1470-01-01,,active
7003,1022140,1022141,1470-01-01,,active
7003,1022142,1022143,1470-01-01,,active
7003,1022144,1022145,1470-01-01,,active
7003,1022146,1022147,1470-01-01,,active
7003,1022148,1022149,1470-01-01,,active
7003,1022150,1022151,1470-01-01,,active
7003,1022152,1022153,1470-01-01,,active
7003,1022154,1022155,1470-01-01,,active
7003,1022156,1022157,1470-01-01,,active
7003,1022158,1022159,1470-01-01,,active
7003,1022160,1022161,1470-01-01,,active
7003,1022162,1022163,1470-01-01,,active
7003,1022164,1022165,1470-01-01,,active
7003,1022166,1022167,1470-01-01,,active
7003,1022168,1022169,1470-01-01,,active
7003,1022170,1022171,1470-01-01,,active
7003,1022172,1022173,1470-01-01,,active
7003,1022174,1022175,1470-01-01,,active
7003,1022176,1022177,1470-01-01,,active
7003,1022178,1022179,1470-01-01,,active
7003,1022180,1022181,1470-01-01,,active
7003,1022182,1022183,1470-01-01,,active
7003,1022184,1022185,1470-01-01,,active
7003,1022186,1022187,1470-01-01,,active
7003,1022188,1022189,1470-01-01,,active
7003,1022190,1022191,1470-01-01,,active
7003,1022192,1022193,1470-01-01,,active
7003,1022194,1022195,1470-01-01,,active
7003,1022196,1022197,1470-01-01,,active
7003,1022198,1022199,1470-01-01,,active
7003,1022200,1022201,1470-01-01,,active
7003,1022202,1022203,1470-01-01,,active
7003,1022204,1022205,1470-01-01,,active
7003,1022206,1022207,1470-01-01,,active
7003,1022208,1022209,1470-01-01,,active
7003,1022210,1022211,1470-01-01,,active
7003,1022212,1022213,1470-01-01,,active
7003,1022214,1022215,1470-01-01,,active
7003,1022216,1022217,1470-01-01,,active
7003,1022218,1022219,1470-01-01,,active
7003,1022220,1022221,1470-01-01,,active
7003,1022222,1022223,1470-01-01,,active
7003,1022224,1022225,1470-01-01,,active
7003,1022226,1022227,1470-01-01,,active
7003,1022228,1022229,1470-01-01,,active
7003,1022230,1022231,1470-01-01,,active
7003,1022232,1022233,1470-01-01,,active
7003,1022234,1022235,1470-01-01,,active
7003,1022236,1022237,1470-01-01,,active
7003,1022238,1022239,1470-01-01,,active
7003,1022240,1022241,1470-01-01,,active
7003,1022242,1022243,1470-01-01,,active
7003,1022244,1022245,1470-01-01,,active
7003,1022246,1022247,1470-01-01,,active
7003,1022248,1022249,1470-01-01,,active
7003,1022250,1022251,1470-01-01,,active
7003,1022252,1022253,1470-01-01,,active
7003,1022254,1022255,1470-01-01,,active
7003,1022256,1022257,1470-01-01,,active
7003,1022258,1022259,1470-01-01,,active
7003,1022260,1022261,1470-01-01,,active
7003,1022262,1022263,1470-01-01,,active
7003,1022264,1022265,1470-01-01,,active
7003,1022266,1022267,1470-01-01,,active
7003,1022268,1022269,1470-01-01,,active
7003,1022270,1022271,1470-01-01,,active
7003,1022272,1022273,1470-01-01,,active
7003,1022274,1022275,1470-01-01,,active
7003,1022276,1022277,1470-01-01,,active
7003,1022278,1022279,1470-01-01,,active
7003,1022280,1022281,1470-01-01,,active
7003,1022282,1022283,1470-01-01,,active
7003,1022284,1022285,1470-01-01,,active
7003,1022286,1022287,1470-01-01,,active
7003,1022288,1022289,1470-01-01,,active
7003,1022290,1022291,1470-01-01,,active
7003,1022292,1022293,1470-01-01,,active
7003,1022294,1022295,1470-01-01,,active
7003,1022296,1022297,1470-01-01,,active
7003,1022298,1022299,1470-01-01,,active
7003,1022300,1022301,1470-01-01,,active
7003,1022302,1022303,1470-01-01,,active
7003,1022304,1022305,1470-01-01,,active
7003,1022306,1022307,1470-01-01,,active
7003,1022308,1022309,1470-01-01,,active
7003,1022310,1022311,1470-01-01,,active
7003,1022312,1022313,1470-01-01,,active
7003,1022314,1022315,1470-01-01,,active
7003,1022316,1022317,1470-01-01,,active
7003,1022318,1022319,1470-01-01,,active
7003,1022320,1022321,1470-01-01,,active
7003,1022322,1022323,1470-01-01,,active
7003,1022324,1022325,1470-01-01,,active
7003,1022326,1022327,1470-01-01,,active
7003,1022328,1022329,1470-01-01,,active
7003,1022330,1022331,1470-01-01,,active
7003,1022332,1022333,1470-01-01,,active
7003,1022334,1022335,1470-01-01,,active
7003,1022336,1022337,1470-01-01,,active
7003,1022338,1022339,1470-01-01,,active
7003,1022340,1022341,1470-01-01,,active
7003,1022342,1022343,1470-01-01,,active
7003,1022344,1022345,1470-01-01,,active
7003,1022346,1022347,1470-01-01,,active
7003,1022348,1022349,1470-01-01,,active
7003,1022350,1022351,1470-01-01,,active
7003,1022352,1022353,1470-01-01,,active
7003,1022354,1022355,1470-01-01,,active
7003,1022356,1022357,1488-01-01,,active
7003,1022358,1022359,1488-01-01,,active
7003,1022360,1022361,1488-01-01,,active
7003,1022362,1022363,1488-01-01,,active
7003,1022364,1022365,1488-01-01,,active
7003,1022366,1022367,1488-01-01,,active
7003,1022368,1022369,1488-01-01,,active
7003,1022370,1022371,1488-01-01,,active
7003,1022372,1022373,1488-01-01,,active
7003,1022374,1022375,1488-01-01,,active
7003,1022376,1022377,1488-01-01,,active
7003,1022378,1022379,1488-01-01,,active
7003,1022380,1022381,1488-01-01,,active
7003,1022382,1022383,1488-01-01,,active
7003,1022384,1022385,1488-01-01,,active
7003,1022386,1022387,1488-01-01,,active
7003,1022388,1022389,1488-01-01,,active
7003,1022390,1022391,1488-01-01,,active
7003,1022392,1022393,1488-01-01,,active
7003,1022394,1022395,1488-01-01,,active
7003,1022396,1022397,1488-01-01,,active
7003,1022398,1022399,1488-01-01,,active
7003,1022400,1022401,1488-01-01,,active
7003,1022402,1022403,1488-01-01,,active
7003,1022404,1022405,1488-01-01,,active
7003,1022406,1022407,1488-01-01,,active
7003,1022408,1022409,1488-01-01,,active
7003,1022410,1022411,1488-01-01,,active
7003,1022412,1022413,1488-01-01,,active
7003,1022414,1022415,1488-01-01,,active
7003,1022416,1022417,1488-01-01,,active
7003,1022418,1022419,1488-01-01,,active
7003,1022420,1022421,1488-01-01,,active
7003,1022422,1022423,1488-01-01,,active
7003,1022424,1022425,1488-01-01,,active
7003,1022426,1022427,1488-01-01,,active
7003,1022428,1022429,1488-01-01,,active
7003,1022430,1022431,1488-01-01,,active
7003,1022432,1022433,1488-01-01,,active
7003,1022434,1022435,1488-01-01,,active
7003,1022436,1022437,1488-01-01,,active
7003,1022438,1022439,1488-01-01,,active
7003,1022440,1022441,1488-01-01,,active
7003,1022442,1022443,1488-01-01,,active
7003,1022444,1022445,1488-01-01,,active
7003,1022446,1022447,1488-01-01,,active
7003,1022448,1022449,1488-01-01,,active
7003,1022450,1022451,1488-01-01,,active
7003,1022452,1022453,1488-01-01,,active
7003,1022454,1022455,1488-01-01,,active
7003,1022456,1022457,1488-01-01,,active
7003,1022458,1022459,1488-01-01,,active
7003,1022460,1022461,1488-01-01,,active
7003,1022462,1022463,1488-01-01,,active
7003,1022464,1022465,1488-01-01,,active
7003,1022466,1022467,1488-01-01,,active
7003,1022468,1022469,1488-01-01,,active
7003,1022470,1022471,1488-01-01,,active
7003,1022472,1022473,1488-01-01,,active
7003,1022474,1022475,1488-01-01,,active
7003,1022476,1022477,1488-01-01,,active
7003,1022478,1022479,1488-01-01,,active
7003,1022480,1022481,1488-01-01,,active
7003,1022482,1022483,1488-01-01,,active
7003,1022484,1022485,1488-01-01,,active
7003,1022486,1022487,1488-01-01,,active
7003,1022488,1022489,1488-01-01,,active
7003,1022490,1022491,1488-01-01,,active
7003,1022492,1022493,1488-01-01,,active
7003,1022494,1022495,1488-01-01,,active
7003,1022496,1022497,1488-01-01,,active
7003,1022498,1022499,1488-01-01,,active
7003,1022500,1022501,1488-01-01,,active
7003,1022502,1022503,1488-01-01,,active
7003,1022504,1022505,1488-01-01,,active
7003,1022506,1022507,1488-01-01,,active
7003,1022508,1022509,1488-01-01,,active
7003,1022510,1022511,1488-01-01,,active
7003,1022512,1022513,1488-01-01,,active
7003,1022514,1022515,1488-01-01,,active
7003,1022516,1022517,1488-01-01,,active
7003,1022518,1022519,1488-01-01,,active
7003,1022520,1022521,1488-01-01,,active
7003,1022522,1022523,1488-01-01,,active
7003,1022524,1022525,1488-01-01,,active
7003,1022526,1022527,1488-01-01,,active
7003,1022528,1022529,1488-01-01,,active
7003,1022530,1022531,1488-01-01,,active
7003,1022532,1022533,1488-01-01,,active
7003,1022534,1022535,1488-01-01,,active
7003,1022536,1022537,1488-01-01,,active
7003,1022538,1022539,1488-01-01,,active
7003,1022540,1022541,1488-01-01,,active
7003,1022542,1022543,1488-01-01,,active
7003,1022544,1022545,1488-01-01,,active
7003,1022546,1022547,1488-01-01,,active
7003,1022548,1022549,1488-01-01,,active
7003,1022550,1022551,1488-01-01,,active
7003,1022552,1022553,1488-01-01,,active
7003,1022554,1022555,1488-01-01,,active
7003,1022556,1022557,1488-01-01,,active
7003,1022558,1022559,1488-01-01,,active
7003,1022560,1022561,1488-01-01,,active
7003,1022562,1022563,1488-01-01,,active
7003,1022564,1022565,1488-01-01,,active
7003,1022566,1022567,1488-01-01,,active
7003,1022568,1022569,1488-01-01,,active
7003,1022570,1022571,1488-01-01,,active
7003,1022572,1022573,1488-01-01,,active
7003,1022574,1022575,1488-01-01,,active
7003,1022576,1022577,1488-01-01,,active
7003,1022578,1022579,1488-01-01,,active
7003,1022580,1022581,1488-01-01,,active
7003,1022582,1022583,1488-01-01,,active
7003,1022584,1022585,1488-01-01,,active
7003,1022586,1022587,1488-01-01,,active
7003,1022588,1022589,1488-01-01,,active
7003,1022590,1022591,1488-01-01,,active
7003,1022592,1022593,1488-01-01,,active
7003,1022594,1022595,1488-01-01,,active
7003,1022596,1022597,1488-01-01,,active
7003,1022598,1022599,1488-01-01,,active
7003,1022600,1022601,1488-01-01,,active
7003,1022602,1022603,1488-01-01,,active
7003,1022604,1022605,1488-01-01,,active
7003,1022606,1022607,1488-01-01,,active
7003,1022608,1022609,1488-01-01,,active
7003,1022610,1022611,1488-01-01,,active
7003,1022612,1022613,1488-01-01,,active
7003,1022614,1022615,1488-01-01,,active
7003,1022616,1022617,1488-01-01,,active
7003,1022618,1022619,1488-01-01,,active
7003,1022620,1022621,1488-01-01,,active
7003,1022622,1022623,1488-01-01,,active
7003,1022624,1022625,1488-01-01,,active
7003,1022626,1022627,1488-01-01,,active
7003,1022628,1022629,1488-01-01,,active
7003,1022630,1022631,1488-01-01,,active
7003,1022632,1022633,1488-01-01,,active
7003,1022634,1022635,1488-01-01,,active
7003,1022636,1022637,1488-01-01,,active
7003,1022638,1022639,1488-01-01,,active
7003,1022640,1022641,1488-01-01,,active
7003,1022642,1022643,1488-01-01,,active
7003,1022644,1022645,1488-01-01,,active
7003,1022646,1022647,1488-01-01,,active
7003,1022648,1022649,1488-01-01,,active
7003,1022650,1022651,1488-01-01,,active
7003,1022652,1022653,1488-01-01,,active
7003,1022654,1022655,1488-01-01,,active
7003,1022656,1022657,1488-01-01,,active
7003,1022658,1022659,1488-01-01,,active
7003,1022660,1022661,1488-01-01,,active
7003,1022662,1022663,1488-01-01,,active
7003,1022664,1022665,1488-01-01,,active
7003,1022666,1022667,1488-01-01,,active
7003,1022668,1022669,1488-01-01,,active
7003,1022670,1022671,1488-01-01,,active
7003,1022672,1022673,1488-01-01,,active
7003,1022674,1022675,1488-01-01,,active
7003,1022676,1022677,1488-01-01,,active
7003,1022678,1022679,1488-01-01,,active
7003,1022680,1022681,1488-01-01,,active
7003,1022682,1022683,1488-01-01,,active
7003,1022684,1022685,1488-01-01,,active
7003,1022686,1022687,1488-01-01,,active
7003,1022688,1022689,1488-01-01,,active
7003,1022690,1022691,1488-01-01,,active
7003,1022692,1022693,1488-01-01,,active
7003,1022694,1022695,1488-01-01,,active
7003,1022696,1022697,1488-01-01,,active
7003,1022698,1022699,1488-01-01,,active
7003,1022700,1022701,1488-01-01,,active
7003,1022702,1022703,1488-01-01,,active
7003,1022704,1022705,1488-01-01,,active
7003,1022706,1022707,1488-01-01,,active
7003,1022708,1022709,1488-01-01,,active
7003,1022710,1022711,1488-01-01,,active
7003,1022712,1022713,1488-01-01,,active
7003,1022714,1022715,1488-01-01,,active
7003,1022716,1022717,1488-01-01,,active
7003,1022718,1022719,1488-01-01,,active
7003,1022720,1022721,1488-01-01,,active
7003,1022722,1022723,1488-01-01,,active
7003,1022724,1022725,1488-01-01,,active
7003,1022726,1022727,1488-01-01,,active
7003,1022728,1022729,1488-01-01,,active
7003,1022730,1022731,1488-01-01,,active
7003,1022732,1022733,1488-01-01,,active
7003,1022734,1022735,1488-01-01,,active
7003,1022736,1022737,1488-01-01,,active
7003,1022738,1022739,1488-01-01,,active
7003,1022740,1022741,1488-01-01,,active
7003,1022742,1022743,1488-01-01,,active
7003,1022744,1022745,1488-01-01,,active
7003,1022746,1022747,1488-01-01,,active
7003,1022748,1022749,1488-01-01,,active
7003,1022750,1022751,1488-01-01,,active
7003,1022752,1022753,1488-01-01,,active
7003,1022754,1022755,1488-01-01,,active
7003,1022756,1022757,1488-01-01,,active
7003,1022758,1022759,1488-01-01,,active
7003,1022760,1022761,1488-01-01,,active
7003,1022762,1022763,1488-01-01,,active
7003,1022764,1022765,1488-01-01,,active
7003,1022766,1022767,1488-01-01,,active
7003,1022768,1022769,1488-01-01,,active
7003,1022770,1022771,1488-01-01,,active
7003,1022772,1022773,1488-01-01,,active
7003,1022774,1022775,1488-01-01,,active
7003,1022776,1022777,1488-01-01,,active
7003,1022778,1022779,1488-01-01,,active
7003,1022780,1022781,1488-01-01,,active
7003,1022782,1022783,1488-01-01,,active
7003,1022784,1022785,1488-01-01,,active
7003,1022786,1022787,1488-01-01,,active
7003,1022788,1022789,1488-01-01,,active
7003,1022790,1022791,1488-01-01,,active
7003,1022792,1022793,1488-01-01,,active
7003,1022794,1022795,1488-01-01,,active
7003,1022796,1022797,1488-01-01,,active
7003,1022798,1022799,1488-01-01,,active
7003,1022800,1022801,1488-01-01,,active
7003,1022802,1022803,1488-01-01,,active
7003,1022804,1022805,1488-01-01,,active
7003,1022806,1022807,1488-01-01,,active
7003,1022808,1022809,1488-01-01,,active
7003,1022810,1022811,1488-01-01,,active
7003,1022812,1022813,1488-01-01,,active
7003,1022814,1022815,1488-01-01,,active
7003,1022816,1022817,1488-01-01,,active
7003,1022818,1022819,1488-01-01,,active
7003,1022820,1022821,1488-01-01,,active
7003,1022822,1022823,1488-01-01,,active
7003,1022824,1022825,1488-01-01,,active
7003,1022826,1022827,1488-01-01,,active
7003,1022828,1022829,1488-01-01,,active
7003,1022830,1022831,1488-01-01,,active
7003,1022832,1022833,1488-01-01,,active
7003,1022834,1022835,1488-01-01,,active
7003,1022836,1022837,1488-01-01,,active
7003,1022838,1022839,1488-01-01,,active
7003,1022840,1022841,1488-01-01,,active
7003,1022842,1022843,1488-01-01,,active
7003,1022844,1022845,1488-01-01,,active
7003,1022846,1022847,1488-01-01,,active
7003,1022848,1022849,1488-01-01,,active
7003,1022850,1022851,1488-01-01,,active
7003,1022852,1022853,1488-01-01,,active
7003,1022854,1022855,1488-01-01,,active
7003,1022856,1022857,1488-01-01,,active
7003,1022858,1022859,1488-01-01,,active
7003,1022860,1022861,1488-01-01,,active
7003,1022862,1022863,1488-01-01,,active
7003,1022864,1022865,1488-01-01,,active
7003,1022866,1022867,1488-01-01,,active
7003,1022868,1022869,1488-01-01,,active
7003,1022870,1022871,1488-01-01,,active
7003,1022872,1022873,1488-01-01,,active
7003,1022874,1022875,1488-01-01,,active
7003,1022876,1022877,1488-01-01,,active
7003,1022878,1022879,1488-01-01,,active
7003,1022880,1022881,1488-01-01,,active
7003,1022882,1022883,1488-01-01,,active
7003,1022884,1022885,1488-01-01,,active
7003,1022886,1022887,1488-01-01,,active
7003,1022888,1022889,1488-01-01,,active
7003,1022890,1022891,1488-01-01,,active
7003,1022892,1022893,1488-01-01,,active
7003,1022894,1022895,1488-01-01,,active
7003,1022896,1022897,1488-01-01,,active
7003,1022898,1022899,1488-01-01,,active
7003,1022900,1022901,1488-01-01,,active
7003,1022902,1022903,1488-01-01,,active
7003,1022904,1022905,1488-01-01,,active
7003,1022906,1022907,1488-01-01,,active
7003,1022908,1022909,1488-01-01,,active
7003,1022910,1022911,1488-01-01,,active
7003,1022912,1022913,1488-01-01,,active
7003,1022914,1022915,1488-01-01,,active
7003,1022916,1022917,1488-01-01,,active
7003,1022918,1022919,1488-01-01,,active
7003,1022920,1022921,1488-01-01,,active
7003,1022922,1022923,1488-01-01,,active
7003,1022924,1022925,1488-01-01,,active
7003,1022926,1022927,1488-01-01,,active
7003,1022928,1022929,1488-01-01,,active
7003,1022930,1022931,1488-01-01,,active
7003,1022932,1022933,1488-01-01,,active
7003,1022934,1022935,1488-01-01,,active
7003,1022936,1022937,1488-01-01,,active
7003,1022938,1022939,1488-01-01,,active
7003,1022940,1022941,1488-01-01,,active
7003,1022942,1022943,1488-01-01,,active
7003,1022944,1022945,1488-01-01,,active
7003,1022946,1022947,1488-01-01,,active
7003,1022948,1022949,1488-01-01,,active
7003,1022950,1022951,1488-01-01,,active
7003,1022952,1022953,1488-01-01,,active
7003,1022954,1022955,1488-01-01,,active
7003,1022956,1022957,1488-01-01,,active
7003,1022958,1022959,1488-01-01,,active
7003,1022960,1022961,1488-01-01,,active
7003,1022962,1022963,1488-01-01,,active
7003,1022964,1022965,1488-01-01,,active
7003,1022966,1022967,1488-01-01,,active
7003,1022968,1022969,1488-01-01,,active
7003,1022970,1022971,1488-01-01,,active
7003,1022972,1022973,1488-01-01,,active
7003,1022974,1022975,1488-01-01,,active
7003,1022976,1022977,1488-01-01,,active
7003,1022978,1022979,1506-01-01,,active
7003,1022978,1022981,1506-01-01,,active
7003,1022978,1022983,1506-01-01,,active
7003,1022979,1023638,1506-01-01,,active
7003,1022979,1023640,1506-01-01,,active
7003,1022980,1022981,1506-01-01,,active
7003,1022980,1022983,1506-01-01,,active
7003,1022980,1022985,1506-01-01,,active
7003,1022981,1023640,1506-01-01,,active
7003,1022982,1022983,1506-01-01,,active
7003,1022982,1022985,1506-01-01,,active
7003,1022982,1022987,1506-01-01,,active
7003,1022984,1022985,1506-01-01,,active
7003,1022984,1022987,1506-01-01,,active
7003,1022984,1022989,1506-01-01,,active
7003,1022986,1022987,1506-01-01,,active
7003,1022986,1022989,1506-01-01,,active
7003,1022986,1022991,1506-01-01,,active
7003,1022988,1022989,1506-01-01,,active
7003,1022988,1022991,1506-01-01,,active
7003,1022988,1022993,1506-01-01,,active
7003,1022990,1022991,1506-01-01,,active
7003,1022990,1022993,1506-01-01,,active
7003,1022990,1022995,1506-01-01,,active
7003,1022992,1022993,1506-01-01,,active
7003,1022992,1022995,1506-01-01,,active
7003,1022992,1022997,1506-01-01,,active
7003,1022994,1022995,1506-01-01,,active
7003,1022994,1022997,1506-01-01,,active
7003,1022994,1022999,1506-01-01,,active
7003,1022996,1022997,1506-01-01,,active
7003,1022996,1022999,1506-01-01,,active
7003,1022996,1023001,1506-01-01,,active
7003,1022998,1022999,1506-01-01,,active
7003,1022998,1023001,1506-01-01,,active
7003,1022998,1023003,1506-01-01,,active
7003,1023000,1023001,1506-01-01,,active
7003,1023000,1023003,1506-01-01,,active
7003,1023000,1023005,1506-01-01,,active
7003,1023002,1023003,1506-01-01,,active
7003,1023002,1023005,1506-01-01,,active
7003,1023002,1023007,1506-01-01,,active
7003,1023004,1023005,1506-01-01,,active
7003,1023004,1023007,1506-01-01,,active
7003,1023004,1023009,1506-01-01,,active
7003,1023006,1023007,1506-01-01,,active
7003,1023006,1023009,1506-01-01,,active
7003,1023006,1023011,1506-01-01,,active
7003,1023008,1023009,1506-01-01,,active
7003,1023008,1023011,1506-01-01,,active
7003,1023008,1023013,1506-01-01,,active
7003,1023010,1023011,1506-01-01,,active
7003,1023010,1023013,1506-01-01,,active
7003,1023010,1023015,1506-01-01,,active
7003,1023012,1023013,1506-01-01,,active
7003,1023012,1023015,1506-01-01,,active
7003,1023012,1023017,1506-01-01,,active
7003,1023014,1023015,1506-01-01,,active
7003,1023014,1023017,1506-01-01,,active
7003,1023014,1023019,1506-01-01,,active
7003,1023016,1023017,1506-01-01,,active
7003,1023016,1023019,1506-01-01,,active
7003,1023016,1023021,1506-01-01,,active
7003,1023018,1023019,1506-01-01,,active
7003,1023018,1023021,1506-01-01,,active
7003,1023018,1023023,1506-01-01,,active
7003,1023020,1023021,1506-01-01,,active
7003,1023020,1023023,1506-01-01,,active
7003,1023020,1023025,1506-01-01,,active
7003,1023022,1023023,1506-01-01,,active
7003,1023022,1023025,1506-01-01,,active
7003,1023022,1023027,1506-01-01,,active
7003,1023024,1023025,1506-01-01,,active
7003,1023024,1023027,1506-01-01,,active
7003,1023024,1023029,1506-01-01,,active
7003,1023026,1023027,1506-01-01,,active
7003,1023026,1023029,1506-01-01,,active
7003,1023026,1023031,1506-01-01,,active
7003,1023028,1023029,1506-01-01,,active
7003,1023028,1023031,1506-01-01,,active
7003,1023028,1023033,1506-01-01,,active
7003,1023030,1023031,1506-01-01,,active
7003,1023030,1023033,1506-01-01,,active
7003,1023030,1023035,1506-01-01,,active
7003,1023032,1023033,1506-01-01,,active
7003,1023032,1023035,1506-01-01,,active
7003,1023032,1023037,1506-01-01,,active
7003,1023034,1023035,1506-01-01,,active
7003,1023034,1023037,1506-01-01,,active
7003,1023034,1023039,1506-01-01,,active
7003,1023036,1023037,1506-01-01,,active
7003,1023036,1023039,1506-01-01,,active
7003,1023036,1023041,1506-01-01,,active
7003,1023038,1023039,1506-01-01,,active
7003,1023038,1023041,1506-01-01,,active
7003,1023038,1023043,1506-01-01,,active
7003,1023040,1023041,1506-01-01,,active
7003,1023040,1023043,1506-01-01,,active
7003,1023040,1023045,1506-01-01,,active
7003,1023042,1023043,1506-01-01,,active
7003,1023042,1023045,1506-01-01,,active
7003,1023042,1023047,1506-01-01,,active
7003,1023044,1023045,1506-01-01,,active
7003,1023044,1023047,1506-01-01,,active
7003,1023044,1023049,1506-01-01,,active
7003,1023046,1023047,1506-01-01,,active
7003,1023046,1023049,1506-01-01,,active
7003,1023046,1023051,1506-01-01,,active
7003,1023048,1023049,1506-01-01,,active
7003,1023048,1023051,1506-01-01,,active
7003,1023048,1023053,1506-01-01,,active
7003,1023050,1023051,1506-01-01,,active
7003,1023050,1023053,1506-01-01,,active
7003,1023050,1023055,1506-01-01,,active
7003,1023052,1023053,1506-01-01,,active
7003,1023052,1023055,1506-01-01,,active
7003,1023052,1023057,1506-01-01,,active
7003,1023054,1023055,1506-01-01,,active
7003,1023054,1023057,1506-01-01,,active
7003,1023054,1023059,1506-01-01,,active
7003,1023056,1023057,1506-01-01,,active
7003,1023056,1023059,1506-01-01,,active
7003,1023056,1023061,1506-01-01,,active
7003,1023058,1023059,1506-01-01,,active
7003,1023058,1023061,1506-01-01,,active
7003,1023060,1023061,1506-01-01,,active
7003,1023060,1023063,1506-01-01,,active
7003,1023062,1023063,1506-01-01,,active
7003,1023062,1023065,1506-01-01,,active
7003,1023064,1023065,1506-01-01,,active
7003,1023064,1023067,1506-01-01,,active
7003,1023066,1023067,1506-01-01,,active
7003,1023066,1023069,1506-01-01,,active
7003,1023068,1023069,1506-01-01,,active
7003,1023068,1023071,1506-01-01,,active
7003,1023070,1023071,1506-01-01,,active
7003,1023070,1023073,1506-01-01,,active
7003,1023072,1023073,1506-01-01,,active
7003,1023072,1023075,1506-01-01,,active
7003,1023074,1023075,1506-01-01,,active
7003,1023074,1023077,1506-01-01,,active
7003,1023076,1023077,1506-01-01,,active
7003,1023076,1023079,1506-01-01,,active
7003,1023078,1023079,1506-01-01,,active
7003,1023078,1023081,1506-01-01,,active
7003,1023080,1023081,1506-01-01,,active
7003,1023080,1023083,1506-01-01,,active
7003,1023082,1023083,1506-01-01,,active
7003,1023082,1023085,1506-01-01,,active
7003,1023084,1023085,1506-01-01,,active
7003,1023084,1023087,1506-01-01,,active
7003,1023086,1023087,1506-01-01,,active
7003,1023086,1023089,1506-01-01,,active
7003,1023088,1023089,1506-01-01,,active
7003,1023088,1023091,1506-01-01,,active
7003,1023090,1023091,1506-01-01,,active
7003,1023090,1023093,1506-01-01,,active
7003,1023092,1023093,1506-01-01,,active
7003,1023092,1023095,1506-01-01,,active
7003,1023094,1023095,1506-01-01,,active
7003,1023094,1023097,1506-01-01,,active
7003,1023096,1023097,1506-01-01,,active
7003,1023096,1023099,1506-01-01,,active
7003,1023098,1023099,1506-01-01,,active
7003,1023098,1023101,1506-01-01,,active
7003,1023100,1023101,1506-01-01,,active
7003,1023100,1023103,1506-01-01,,active
7003,1023102,1023103,1506-01-01,,active
7003,1023102,1023105,1506-01-01,,active
7003,1023104,1023105,1506-01-01,,active
7003,1023104,1023107,1506-01-01,,active
7003,1023106,1023107,1506-01-01,,active
7003,1023106,1023109,1506-01-01,,active
7003,1023108,1023109,1506-01-01,,active
7003,1023108,1023111,1506-01-01,,active
7003,1023110,1023111,1506-01-01,,active
7003,1023110,1023113,1506-01-01,,active
7003,1023112,1023113,1506-01-01,,active
7003,1023112,1023115,1506-01-01,,active
7003,1023114,1023115,1506-01-01,,active
7003,1023114,1023117,1506-01-01,,active
7003,1023116,1023117,1506-01-01,,active
7003,1023116,1023119,1506-01-01,,active
7003,1023118,1023119,1506-01-01,,active
7003,1023118,1023121,1506-01-01,,active
7003,1023120,1023121,1506-01-01,,active
7003,1023120,1023123,1506-01-01,,active
7003,1023122,1023123,1506-01-01,,active
7003,1023122,1023125,1506-01-01,,active
7003,1023124,1023125,1506-01-01,,active
7003,1023124,1023127,1506-01-01,,active
7003,1023126,1023127,1506-01-01,,active
7003,1023126,1023129,1506-01-01,,active
7003,1023128,1023129,1506-01-01,,active
7003,1023128,1023131,1506-01-01,,active
7003,1023130,1023131,1506-01-01,,active
7003,1023130,1023133,1506-01-01,,active
7003,1023132,1023133,1506-01-01,,active
7003,1023132,1023135,1506-01-01,,active
7003,1023134,1023135,1506-01-01,,active
7003,1023134,1023137,1506-01-01,,active
7003,1023136,1023137,1506-01-01,,active
7003,1023136,1023139,1506-01-01,,active
7003,1023138,1023139,1506-01-01,,active
7003,1023138,1023141,1506-01-01,,active
7003,1023140,1023141,1506-01-01,,active
7003,1023140,1023143,1506-01-01,,active
7003,1023142,1023143,1506-01-01,,active
7003,1023142,1023145,1506-01-01,,active
7003,1023144,1023145,1506-01-01,,active
7003,1023144,1023147,1506-01-01,,active
7003,1023146,1023147,1506-01-01,,active
7003,1023146,1023149,1506-01-01,,active
7003,1023148,1023149,1506-01-01,,active
7003,1023148,1023151,1506-01-01,,active
7003,1023150,1023151,1506-01-01,,active
7003,1023150,1023153,1506-01-01,,active
7003,1023152,1023153,1506-01-01,,active
7003,1023152,1023155,1506-01-01,,active
7003,1023154,1023155,1506-01-01,,active
7003,1023154,1023157,1506-01-01,,active
7003,1023156,1023157,1506-01-01,,active
7003,1023156,1023159,1506-01-01,,active
7003,1023158,1023159,1506-01-01,,active
7003,1023158,1023161,1506-01-01,,active
7003,1023160,1023161,1506-01-01,,active
7003,1023160,1023163,1506-01-01,,active
7003,1023162,1023163,1506-01-01,,active
7003,1023162,1023165,1506-01-01,,active
7003,1023164,1023165,1506-01-01,,active
7003,1023164,1023167,1506-01-01,,active
7003,1023166,1023167,1506-01-01,,active
7003,1023166,1023169,1506-01-01,,active
7003,1023168,1023169,1506-01-01,,active
7003,1023168,1023171,1506-01-01,,active
7003,1023170,1023171,1506-01-01,,active
7003,1023170,1023173,1506-01-01,,active
7003,1023172,1023173,1506-01-01,,active
7003,1023172,1023175,1506-01-01,,active
7003,1023174,1023175,1506-01-01,,active
7003,1023174,1023177,1506-01-01,,active
7003,1023176,1023177,1506-01-01,,active
7003,1023176,1023179,1506-01-01,,active
7003,1023178,1023179,1506-01-01,,active
7003,1023178,1023181,1506-01-01,,active
7003,1023180,1023181,1506-01-01,,active
7003,1023180,1023183,1506-01-01,,active
7003,1023182,1023183,1506-01-01,,active
7003,1023182,1023185,1506-01-01,,active
7003,1023184,1023185,1506-01-01,,active
7003,1023184,1023187,1506-01-01,,active
7003,1023186,1023187,1506-01-01,,active
7003,1023186,1023189,1506-01-01,,active
7003,1023188,1023189,1506-01-01,,active
7003,1023188,1023191,1506-01-01,,active
7003,1023190,1023191,1506-01-01,,active
7003,1023190,1023193,1506-01-01,,active
7003,1023192,1023193,1506-01-01,,active
7003,1023192,1023195,1506-01-01,,active
7003,1023194,1023195,1506-01-01,,active
7003,1023194,1023197,1506-01-01,,active
7003,1023196,1023197,1506-01-01,,active
7003,1023196,1023199,1506-01-01,,active
7003,1023198,1023199,1506-01-01,,active
7003,1023198,1023201,1506-01-01,,active
7003,1023200,1023201,1506-01-01,,active
7003,1023200,1023203,1506-01-01,,active
7003,1023202,1023203,1506-01-01,,active
7003,1023202,1023205,1506-01-01,,active
7003,1023204,1023205,1506-01-01,,active
7003,1023204,1023207,1506-01-01,,active
7003,1023206,1023207,1506-01-01,,active
7003,1023206,1023209,1506-01-01,,active
7003,1023208,1023209,1506-01-01,,active
7003,1023208,1023211,1506-01-01,,active
7003,1023210,1023211,1506-01-01,,active
7003,1023210,1023213,1506-01-01,,active
7003,1023212,1023213,1506-01-01,,active
7003,1023212,1023215,1506-01-01,,active
7003,1023214,1023215,1506-01-01,,active
7003,1023214,1023217,1506-01-01,,active
7003,1023216,1023217,1506-01-01,,active
7003,1023216,1023219,1506-01-01,,active
7003,1023218,1023219,1506-01-01,,active
7003,1023218,1023221,1506-01-01,,active
7003,1023220,1023221,1506-01-01,,active
7003,1023220,1023223,1506-01-01,,active
7003,1023222,1023223,1506-01-01,,active
7003,1023222,1023225,1506-01-01,,active
7003,1023224,1023225,1506-01-01,,active
7003,1023224,1023227,1506-01-01,,active
7003,1023226,1023227,1506-01-01,,active
7003,1023226,1023229,1506-01-01,,active
7003,1023228,1023229,1506-01-01,,active
7003,1023228,1023231,1506-01-01,,active
7003,1023230,1023231,1506-01-01,,active
7003,1023230,1023233,1506-01-01,,active
7003,1023232,1023233,1506-01-01,,active
7003,1023232,1023235,1506-01-01,,active
7003,1023234,1023235,1506-01-01,,active
7003,1023234,1023237,1506-01-01,,active
7003,1023236,1023237,1506-01-01,,active
7003,1023236,1023239,1506-01-01,,active
7003,1023238,1023239,1506-01-01,,active
7003,1023238,1023241,1506-01-01,,active
7003,1023240,1023241,1506-01-01,,active
7003,1023240,1023243,1506-01-01,,active
7003,1023242,1023243,1506-01-01,,active
7003,1023242,1023245,1506-01-01,,active
7003,1023244,1023245,1506-01-01,,active
7003,1023244,1023247,1506-01-01,,active
7003,1023246,1023247,1506-01-01,,active
7003,1023246,1023249,1506-01-01,,active
7003,1023248,1023249,1506-01-01,,active
7003,1023248,1023251,1506-01-01,,active
7003,1023250,1023251,1506-01-01,,active
7003,1023250,1023253,1506-01-01,,active
7003,1023252,1023253,1506-01-01,,active
7003,1023252,1023255,1506-01-01,,active
7003,1023254,1023255,1506-01-01,,active
7003,1023254,1023257,1506-01-01,,active
7003,1023256,1023257,1506-01-01,,active
7003,1023256,1023259,1506-01-01,,active
7003,1023258,1023259,1506-01-01,,active
7003,1023258,1023261,1506-01-01,,active
7003,1023260,1023261,1506-01-01,,active
7003,1023260,1023263,1506-01-01,,active
7003,1023262,1023263,1506-01-01,,active
7003,1023262,1023265,1506-01-01,,active
7003,1023264,1023265,1506-01-01,,active
7003,1023264,1023267,1506-01-01,,active
7003,1023266,1023267,1506-01-01,,active
7003,1023266,1023269,1506-01-01,,active
7003,1023268,1023269,1506-01-01,,active
7003,1023268,1023271,1506-01-01,,active
7003,1023270,1023271,1506-01-01,,active
7003,1023270,1023273,1506-01-01,,active
7003,1023272,1023273,1506-01-01,,active
7003,1023272,1023275,1506-01-01,,active
7003,1023274,1023275,1506-01-01,,active
7003,1023274,1023277,1506-01-01,,active
7003,1023276,1023277,1506-01-01,,active
7003,1023276,1023279,1506-01-01,,active
7003,1023278,1023279,1506-01-01,,active
7003,1023278,1023281,1506-01-01,,active
7003,1023280,1023281,1506-01-01,,active
7003,1023280,1023283,1506-01-01,,active
7003,1023282,1023283,1506-01-01,,active
7003,1023282,1023285,1506-01-01,,active
7003,1023284,1023285,1506-01-01,,active
7003,1023284,1023287,1506-01-01,,active
7003,1023286,1023287,1506-01-01,,active
7003,1023286,1023289,1506-01-01,,active
7003,1023288,1023289,1506-01-01,,active
7003,1023288,1023291,1506-01-01,,active
7003,1023290,1023291,1506-01-01,,active
7003,1023290,1023293,1506-01-01,,active
7003,1023292,1023293,1506-01-01,,active
7003,1023292,1023295,1506-01-01,,active
7003,1023294,1023295,1506-01-01,,active
7003,1023294,1023297,1506-01-01,,active
7003,1023296,1023297,1506-01-01,,active
7003,1023296,1023299,1506-01-01,,active
7003,1023298,1023299,1506-01-01,,active
7003,1023298,1023301,1506-01-01,,active
7003,1023300,1023301,1506-01-01,,active
7003,1023300,1023303,1506-01-01,,active
7003,1023302,1023303,1506-01-01,,active
7003,1023302,1023305,1506-01-01,,active
7003,1023304,1023305,1506-01-01,,active
7003,1023304,1023307,1506-01-01,,active
7003,1023306,1023307,1506-01-01,,active
7003,1023306,1023309,1506-01-01,,active
7003,1023308,1023309,1506-01-01,,active
7003,1023308,1023311,1506-01-01,,active
7003,1023310,1023311,1506-01-01,,active
7003,1023310,1023313,1506-01-01,,active
7003,1023312,1023313,1506-01-01,,active
7003,1023312,1023315,1506-01-01,,active
7003,1023314,1023315,1506-01-01,,active
7003,1023314,1023317,1506-01-01,,active
7003,1023316,1023317,1506-01-01,,active
7003,1023316,1023319,1506-01-01,,active
7003,1023318,1023319,1506-01-01,,active
7003,1023318,1023321,1506-01-01,,active
7003,1023320,1023321,1506-01-01,,active
7003,1023320,1023323,1506-01-01,,active
7003,1023322,1023323,1506-01-01,,active
7003,1023322,1023325,1506-01-01,,active
7003,1023324,1023325,1506-01-01,,active
7003,1023324,1023327,1506-01-01,,active
7003,1023326,1023327,1506-01-01,,active
7003,1023326,1023329,1506-01-01,,active
7003,1023328,1023329,1506-01-01,,active
7003,1023328,1023331,1506-01-01,,active
7003,1023330,1023331,1506-01-01,,active
7003,1023330,1023333,1506-01-01,,active
7003,1023332,1023333,1506-01-01,,active
7003,1023332,1023335,1506-01-01,,active
7003,1023334,1023335,1506-01-01,,active
7003,1023334,1023337,1506-01-01,,active
7003,1023336,1023337,1506-01-01,,active
7003,1023336,1023339,1506-01-01,,active
7003,1023338,1023339,1506-01-01,,active
7003,1023338,1023341,1506-01-01,,active
7003,1023340,1023341,1506-01-01,,active
7003,1023340,1023343,1506-01-01,,active
7003,1023342,1023343,1506-01-01,,active
7003,1023342,1023345,1506-01-01,,active
7003,1023344,1023345,1506-01-01,,active
7003,1023344,1023347,1506-01-01,,active
7003,1023346,1023347,1506-01-01,,active
7003,1023346,1023349,1506-01-01,,active
7003,1023348,1023349,1506-01-01,,active
7003,1023348,1023351,1506-01-01,,active
7003,1023350,1023351,1506-01-01,,active
7003,1023350,1023353,1506-01-01,,active
7003,1023352,1023353,1506-01-01,,active
7003,1023352,1023355,1506-01-01,,active
7003,1023354,1023355,1506-01-01,,active
7003,1023354,1023357,1506-01-01,,active
7003,1023356,1023357,1506-01-01,,active
7003,1023356,1023359,1506-01-01,,active
7003,1023358,1023359,1506-01-01,,active
7003,1023358,1023361,1506-01-01,,active
7003,1023360,1023361,1506-01-01,,active
7003,1023360,1023363,1506-01-01,,active
7003,1023362,1023363,1506-01-01,,active
7003,1023362,1023365,1506-01-01,,active
7003,1023364,1023365,1506-01-01,,active
7003,1023364,1023367,1506-01-01,,active
7003,1023366,1023367,1506-01-01,,active
7003,1023366,1023369,1506-01-01,,active
7003,1023368,1023369,1506-01-01,,active
7003,1023368,1023371,1506-01-01,,active
7003,1023370,1023371,1506-01-01,,active
7003,1023370,1023373,1506-01-01,,active
7003,1023372,1023373,1506-01-01,,active
7003,1023372,1023375,1506-01-01,,active
7003,1023374,1023375,1506-01-01,,active
7003,1023374,1023377,1506-01-01,,active
7003,1023376,1023377,1506-01-01,,active
7003,1023376,1023379,1506-01-01,,active
7003,1023378,1023379,1506-01-01,,active
7003,1023378,1023381,1506-01-01,,active
7003,1023380,1023381,1506-01-01,,active
7003,1023380,1023383,1506-01-01,,active
7003,1023382,1023383,1506-01-01,,active
7003,1023382,1023385,1506-01-01,,active
7003,1023384,1023385,1506-01-01,,active
7003,1023384,1023387,1506-01-01,,active
7003,1023386,1023387,1506-01-01,,active
7003,1023386,1023389,1506-01-01,,active
7003,1023388,1023389,1506-01-01,,active
7003,1023388,1023391,1506-01-01,,active
7003,1023390,1023391,1506-01-01,,active
7003,1023390,1023393,1506-01-01,,active
7003,1023392,1023393,1506-01-01,,active
7003,1023392,1023395,1506-01-01,,active
7003,1023394,1023395,1506-01-01,,active
7003,1023394,1023397,1506-01-01,,active
7003,1023396,1023397,1506-01-01,,active
7003,1023396,1023399,1506-01-01,,active
7003,1023398,1023399,1506-01-01,,active
7003,1023398,1023401,1506-01-01,,active
7003,1023400,1023401,1506-01-01,,active
7003,1023400,1023403,1506-01-01,,active
7003,1023402,1023403,1506-01-01,,active
7003,1023402,1023405,1506-01-01,,active
7003,1023404,1023405,1506-01-01,,active
7003,1023404,1023407,1506-01-01,,active
7003,1023406,1023407,1506-01-01,,active
7003,1023406,1023409,1506-01-01,,active
7003,1023408,1023409,1506-01-01,,active
7003,1023408,1023411,1506-01-01,,active
7003,1023410,1023411,1506-01-01,,active
7003,1023410,1023413,1506-01-01,,active
7003,1023412,1023413,1506-01-01,,active
7003,1023412,1023415,1506-01-01,,active
7003,1023414,1023415,1506-01-01,,active
7003,1023414,1023417,1506-01-01,,active
7003,1023416,1023417,1506-01-01,,active
7003,1023416,1023419,1506-01-01,,active
7003,1023418,1023419,1506-01-01,,active
7003,1023418,1023421,1506-01-01,,active
7003,1023420,1023421,1506-01-01,,active
7003,1023420,1023423,1506-01-01,,active
7003,1023422,1023423,1506-01-01,,active
7003,1023422,1023425,1506-01-01,,active
7003,1023424,1023425,1506-01-01,,active
7003,1023424,1023427,1506-01-01,,active
7003,1023426,1023427,1506-01-01,,active
7003,1023426,1023429,1506-01-01,,active
7003,1023428,1023429,1506-01-01,,active
7003,1023428,1023431,1506-01-01,,active
7003,1023430,1023431,1506-01-01,,active
7003,1023430,1023433,1506-01-01,,active
7003,1023432,1023433,1506-01-01,,active
7003,1023432,1023435,1506-01-01,,active
7003,1023434,1023435,1506-01-01,,active
7003,1023434,1023437,1506-01-01,,active
7003,1023436,1023437,1506-01-01,,active
7003,1023436,1023439,1506-01-01,,active
7003,1023438,1023439,1506-01-01,,active
7003,1023438,1023441,1506-01-01,,active
7003,1023440,1023441,1506-01-01,,active
7003,1023440,1023443,1506-01-01,,active
7003,1023442,1023443,1506-01-01,,active
7003,1023442,1023445,1506-01-01,,active
7003,1023444,1023445,1506-01-01,,active
7003,1023444,1023447,1506-01-01,,active
7003,1023446,1023447,1506-01-01,,active
7003,1023446,1023449,1506-01-01,,active
7003,1023448,1023449,1506-01-01,,active
7003,1023448,1023451,1506-01-01,,active
7003,1023450,1023451,1506-01-01,,active
7003,1023450,1023453,1506-01-01,,active
7003,1023452,1023453,1506-01-01,,active
7003,1023452,1023455,1506-01-01,,active
7003,1023454,1023455,1506-01-01,,active
7003,1023454,1023457,1506-01-01,,active
7003,1023456,1023457,1506-01-01,,active
7003,1023456,1023459,1506-01-01,,active
7003,1023458,1023459,1506-01-01,,active
7003,1023458,1023461,1506-01-01,,active
7003,1023460,1023461,1506-01-01,,active
7003,1023460,1023463,1506-01-01,,active
7003,1023462,1023463,1506-01-01,,active
7003,1023462,1023465,1506-01-01,,active
7003,1023464,1023465,1506-01-01,,active
7003,1023464,1023467,1506-01-01,,active
7003,1023466,1023467,1506-01-01,,active
7003,1023466,1023469,1506-01-01,,active
7003,1023468,1023469,1506-01-01,,active
7003,1023468,1023471,1506-01-01,,active
7003,1023470,1023471,1506-01-01,,active
7003,1023470,1023473,1506-01-01,,active
7003,1023472,1023473,1506-01-01,,active
7003,1023472,1023475,1506-01-01,,active
7003,1023474,1023475,1506-01-01,,active
7003,1023474,1023477,1506-01-01,,active
7003,1023476,1023477,1506-01-01,,active
7003,1023476,1023479,1506-01-01,,active
7003,1023478,1023479,1506-01-01,,active
7003,1023478,1023481,1506-01-01,,active
7003,1023480,1023481,1506-01-01,,active
7003,1023480,1023483,1506-01-01,,active
7003,1023482,1023483,1506-01-01,,active
7003,1023482,1023485,1506-01-01,,active
7003,1023484,1023485,1506-01-01,,active
7003,1023484,1023487,1506-01-01,,active
7003,1023486,1023487,1506-01-01,,active
7003,1023486,1023489,1506-01-01,,active
7003,1023488,1023489,1506-01-01,,active
7003,1023488,1023491,1506-01-01,,active
7003,1023490,1023491,1506-01-01,,active
7003,1023490,1023493,1506-01-01,,active
7003,1023492,1023493,1506-01-01,,active
7003,1023492,1023495,1506-01-01,,active
7003,1023494,1023495,1506-01-01,,active
7003,1023494,1023497,1506-01-01,,active
7003,1023496,1023497,1506-01-01,,active
7003,1023496,1023499,1506-01-01,,active
7003,1023498,1023499,1506-01-01,,active
7003,1023498,1023501,1506-01-01,,active
7003,1023500,1023501,1506-01-01,,active
7003,1023500,1023503,1506-01-01,,active
7003,1023502,1023503,1506-01-01,,active
7003,1023502,1023505,1506-01-01,,active
7003,1023504,1023505,1506-01-01,,active
7003,1023504,1023507,1506-01-01,,active
7003,1023506,1023507,1506-01-01,,active
7003,1023506,1023509,1506-01-01,,active
7003,1023508,1023509,1506-01-01,,active
7003,1023508,1023511,1506-01-01,,active
7003,1023510,1023511,1506-01-01,,active
7003,1023510,1023513,1506-01-01,,active
7003,1023512,1023513,1506-01-01,,active
7003,1023512,1023515,1506-01-01,,active
7003,1023514,1023515,1506-01-01,,active
7003,1023514,1023517,1506-01-01,,active
7003,1023516,1023517,1506-01-01,,active
7003,1023516,1023519,1506-01-01,,active
7003,1023518,1023519,1506-01-01,,active
7003,1023518,1023521,1506-01-01,,active
7003,1023520,1023521,1506-01-01,,active
7003,1023520,1023523,1506-01-01,,active
7003,1023522,1023523,1506-01-01,,active
7003,1023522,1023525,1506-01-01,,active
7003,1023524,1023525,1506-01-01,,active
7003,1023524,1023527,1506-01-01,,active
7003,1023526,1023527,1506-01-01,,active
7003,1023526,1023529,1506-01-01,,active
7003,1023528,1023529,1506-01-01,,active
7003,1023528,1023531,1506-01-01,,active
7003,1023530,1023531,1506-01-01,,active
7003,1023530,1023533,1506-01-01,,active
7003,1023532,1023533,1506-01-01,,active
7003,1023532,1023535,1506-01-01,,active
7003,1023534,1023535,1506-01-01,,active
7003,1023534,1023537,1506-01-01,,active
7003,1023536,1023537,1506-01-01,,active
7003,1023536,1023539,1506-01-01,,active
7003,1023538,1023539,1506-01-01,,active
7003,1023538,1023541,1506-01-01,,active
7003,1023540,1023541,1506-01-01,,active
7003,1023540,1023543,1506-01-01,,active
7003,1023542,1023543,1506-01-01,,active
7003,1023542,1023545,1506-01-01,,active
7003,1023544,1023545,1506-01-01,,active
7003,1023544,1023547,1506-01-01,,active
7003,1023546,1023547,1506-01-01,,active
7003,1023546,1023549,1506-01-01,,active
7003,1023548,1023549,1506-01-01,,active
7003,1023548,1023551,1506-01-01,,active
7003,1023550,1023551,1506-01-01,,active
7003,1023550,1023553,1506-01-01,,active
7003,1023552,1023553,1506-01-01,,active
7003,1023552,1023555,1506-01-01,,active
7003,1023554,1023555,1506-01-01,,active
7003,1023554,1023557,1506-01-01,,active
7003,1023556,1023557,1506-01-01,,active
7003,1023556,1023559,1506-01-01,,active
7003,1023558,1023559,1506-01-01,,active
7003,1023558,1023561,1506-01-01,,active
7003,1023560,1023561,1506-01-01,,active
7003,1023560,1023563,1506-01-01,,active
7003,1023562,1023563,1506-01-01,,active
7003,1023562,1023565,1506-01-01,,active
7003,1023564,1023565,1506-01-01,,active
7003,1023564,1023567,1506-01-01,,active
7003,1023566,1023567,1506-01-01,,active
7003,1023566,1023569,1506-01-01,,active
7003,1023568,1023569,1506-01-01,,active
7003,1023568,1023571,1506-01-01,,active
7003,1023570,1023571,1506-01-01,,active
7003,1023570,1023573,1506-01-01,,active
7003,1023572,1023573,1506-01-01,,active
7003,1023572,1023575,1506-01-01,,active
7003,1023574,1023575,1506-01-01,,active
7003,1023574,1023577,1506-01-01,,active
7003,1023576,1023577,1506-01-01,,active
7003,1023576,1023579,1506-01-01,,active
7003,1023578,1023579,1506-01-01,,active
7003,1023578,1023581,1506-01-01,,active
7003,1023580,1023581,1506-01-01,,active
7003,1023580,1023583,1506-01-01,,active
7003,1023582,1023583,1506-01-01,,active
7003,1023582,1023585,1506-01-01,,active
7003,1023584,1023585,1506-01-01,,active
7003,1023584,1023587,1506-01-01,,active
7003,1023586,1023587,1506-01-01,,active
7003,1023586,1023589,1506-01-01,,active
7003,1023588,1023589,1506-01-01,,active
7003,1023588,1023591,1506-01-01,,active
7003,1023590,1023591,1506-01-01,,active
7003,1023590,1023593,1506-01-01,,active
7003,1023592,1023593,1506-01-01,,active
7003,1023592,1023595,1506-01-01,,active
7003,1023594,1023595,1506-01-01,,active
7003,1023594,1023597,1506-01-01,,active
7003,1023596,1023597,1506-01-01,,active
7003,1023596,1023599,1506-01-01,,active
7003,1023598,1023599,1506-01-01,,active
7003,1023598,1023601,1506-01-01,,active
7003,1023600,1023601,1506-01-01,,active
7003,1023600,1023603,1506-01-01,,active
7003,1023602,1023603,1506-01-01,,active
7003,1023602,1023605,1506-01-01,,active
7003,1023604,1023605,1506-01-01,,active
7003,1023604,1023607,1506-01-01,,active
7003,1023606,1023607,1506-01-01,,active
7003,1023606,1023609,1506-01-01,,active
7003,1023608,1023609,1506-01-01,,active
7003,1023608,1023611,1506-01-01,,active
7003,1023610,1023611,1506-01-01,,active
7003,1023610,1023613,1506-01-01,,active
7003,1023612,1023613,1506-01-01,,active
7003,1023612,1023615,1506-01-01,,active
7003,1023614,1023615,1506-01-01,,active
7003,1023614,1023617,1506-01-01,,active
7003,1023616,1023617,1506-01-01,,active
7003,1023616,1023619,1506-01-01,,active
7003,1023618,1023619,1506-01-01,,active
7003,1023618,1023621,1506-01-01,,active
7003,1023620,1023621,1506-01-01,,active
7003,1023620,1023623,1506-01-01,,active
7003,1023622,1023623,1506-01-01,,active
7003,1023622,1023625,1506-01-01,,active
7003,1023624,1023625,1506-01-01,,active
7003,1023624,1023627,1506-01-01,,active
7003,1023626,1023627,1506-01-01,,active
7003,1023626,1023629,1506-01-01,,active
7003,1023628,1023629,1506-01-01,,active
7003,1023628,1023631,1506-01-01,,active
7003,1023630,1023631,1506-01-01,,active
7003,1023630,1023633,1506-01-01,,active
7003,1023632,1023633,1506-01-01,,active
7003,1023632,1023635,1506-01-01,,active
7003,1023634,1023635,1506-01-01,,active
7003,1023634,1023637,1506-01-01,,active
7003,1023636,1023637,1506-01-01,,active
7003,1023636,1023639,1506-01-01,,active
7003,1023638,1023639,1506-01-01,,active
7003,1023641,1023642,1524-01-01,,active
7003,1023643,1023644,1524-01-01,,active
7003,1023645,1023646,1524-01-01,,active
7003,1023647,1023648,1524-01-01,,active
7003,1023649,1023650,1524-01-01,,active
7003,1023651,1023652,1524-01-01,,active
7003,1023653,1023654,1524-01-01,,active
7003,1023655,1023656,1524-01-01,,active
7003,1023657,1023658,1524-01-01,,active
7003,1023659,1023660,1524-01-01,,active
7003,1023661,1023662,1524-01-01,,active
7003,1023663,1023664,1524-01-01,,active
7003,1023665,1023666,1524-01-01,,active
7003,1023667,1023668,1524-01-01,,active
7003,1023669,1023670,1524-01-01,,active
7003,1023671,1023672,1524-01-01,,active
7003,1023673,1023674,1524-01-01,,active
7003,1023675,1023676,1524-01-01,,active
7003,1023677,1023678,1524-01-01,,active
7003,1023679,1023680,1524-01-01,,active
7003,1023681,1023682,1524-01-01,,active
7003,1023683,1023684,1524-01-01,,active
7003,1023685,1023686,1524-01-01,,active
7003,1023687,1023688,1524-01-01,,active
7003,1023689,1023690,1524-01-01,,active
7003,1023691,1023692,1524-01-01,,active
7003,1023693,1023694,1524-01-01,,active
7003,1023695,1023696,1524-01-01,,active
7003,1023697,1023698,1524-01-01,,active
7003,1023699,1023700,1524-01-01,,active
7003,1023701,1023702,1524-01-01,,active
7003,1023703,1023704,1524-01-01,,active
7003,1023705,1023706,1524-01-01,,active
7003,1023707,1023708,1524-01-01,,active
7003,1023709,1023710,1524-01-01,,active
7003,1023711,1023712,1524-01-01,,active
7003,1023713,1023714,1524-01-01,,active
7003,1023715,1023716,1524-01-01,,active
7003,1023717,1023718,1524-01-01,,active
7003,1023719,1023720,1524-01-01,,active
7003,1023721,1023722,1524-01-01,,active
7003,1023723,1023724,1524-01-01,,active
7003,1023725,1023726,1524-01-01,,active
7003,1023727,1023728,1524-01-01,,active
7003,1023729,1023730,1524-01-01,,active
7003,1023731,1023732,1524-01-01,,active
7003,1023733,1023734,1524-01-01,,active
7003,1023735,1023736,1524-01-01,,active
7003,1023737,1023738,1524-01-01,,active
7003,1023739,1023740,1524-01-01,,active
7003,1023741,1023742,1524-01-01,,active
7003,1023743,1023744,1524-01-01,,active
7003,1023745,1023746,1524-01-01,,active
7003,1023747,1023748,1524-01-01,,active
7003,1023749,1023750,1524-01-01,,active
7003,1023751,1023752,1524-01-01,,active
7003,1023753,1023754,1524-01-01,,active
7003,1023755,1023756,1524-01-01,,active
7003,1023757,1023758,1524-01-01,,active
7003,1023759,1023760,1524-01-01,,active
7003,1023761,1023762,1524-01-01,,active
7003,1023763,1023764,1524-01-01,,active
7003,1023765,1023766,1524-01-01,,active
7003,1023767,1023768,1524-01-01,,active
7003,1023769,1023770,1524-01-01,,active
7003,1023771,1023772,1524-01-01,,active
7003,1023773,1023774,1524-01-01,,active
7003,1023775,1023776,1524-01-01,,active
7003,1023777,1023778,1524-01-01,,active
7003,1023779,1023780,1524-01-01,,active
7003,1023781,1023782,1524-01-01,,active
7003,1023783,1023784,1524-01-01,,active
7003,1023785,1023786,1524-01-01,,active
7003,1023787,1023788,1524-01-01,,active
7003,1023789,1023790,1524-01-01,,active
7003,1023791,1023792,1524-01-01,,active
7003,1023793,1023794,1524-01-01,,active
7003,1023795,1023796,1524-01-01,,active
7003,1023797,1023798,1524-01-01,,active
7003,1023799,1023800,1524-01-01,,active
7003,1023801,1023802,1524-01-01,,active
7003,1023803,1023804,1524-01-01,,active
7003,1023805,1023806,1524-01-01,,active
7003,1023807,1023808,1524-01-01,,active
7003,1023809,1023810,1524-01-01,,active
7003,1023811,1023812,1524-01-01,,active
7003,1023813,1023814,1524-01-01,,active
7003,1023815,1023816,1524-01-01,,active
7003,1023817,1023818,1524-01-01,,active
7003,1023819,1023820,1524-01-01,,active
7003,1023821,1023822,1524-01-01,,active
7003,1023823,1023824,1524-01-01,,active
7003,1023825,1023826,1524-01-01,,active
7003,1023827,1023828,1524-01-01,,active
7003,1023829,1023830,1524-01-01,,active
7003,1023831,1023832,1524-01-01,,active
7003,1023833,1023834,1524-01-01,,active
7003,1023835,1023836,1524-01-01,,active
7003,1023837,1023838,1524-01-01,,active
7003,1023839,1023840,1524-01-01,,active
7003,1023841,1023842,1524-01-01,,active
7003,1023843,1023844,1524-01-01,,active
7003,1023845,1023846,1524-01-01,,active
7003,1023847,1023848,1524-01-01,,active
7003,1023849,1023850,1524-01-01,,active
7003,1023851,1023852,1524-01-01,,active
7003,1023853,1023854,1524-01-01,,active
7003,1023855,1023856,1524-01-01,,active
7003,1023857,1023858,1524-01-01,,active
7003,1023859,1023860,1524-01-01,,active
7003,1023861,1023862,1524-01-01,,active
7003,1023863,1023864,1524-01-01,,active
7003,1023865,1023866,1524-01-01,,active
7003,1023867,1023868,1524-01-01,,active
7003,1023869,1023870,1524-01-01,,active
7003,1023871,1023872,1524-01-01,,active
7003,1023873,1023874,1524-01-01,,active
7003,1023875,1023876,1524-01-01,,active
7003,1023877,1023878,1524-01-01,,active
7003,1023879,1023880,1524-01-01,,active
7003,1023881,1023882,1524-01-01,,active
7003,1023883,1023884,1524-01-01,,active
7003,1023885,1023886,1524-01-01,,active
7003,1023887,1023888,1524-01-01,,active
7003,1023889,1023890,1524-01-01,,active
7003,1023891,1023892,1524-01-01,,active
7003,1023893,1023894,1524-01-01,,active
7003,1023895,1023896,1524-01-01,,active
7003,1023897,1023898,1524-01-01,,active
7003,1023899,1023900,1524-01-01,,active
7003,1023901,1023902,1524-01-01,,active
7003,1023903,1023904,1524-01-01,,active
7003,1023905,1023906,1524-01-01,,active
7003,1023907,1023908,1524-01-01,,active
7003,1023909,1023910,1524-01-01,,active
7003,1023911,1023912,1524-01-01,,active
7003,1023913,1023914,1524-01-01,,active
7003,1023915,1023916,1524-01-01,,active
7003,1023917,1023918,1524-01-01,,active
7003,1023919,1023920,1524-01-01,,active
7003,1023921,1023922,1524-01-01,,active
7003,1023923,1023924,1524-01-01,,active
7003,1023925,1023926,1524-01-01,,active
7003,1023927,1023928,1524-01-01,,active
7003,1023929,1023930,1524-01-01,,active
7003,1023931,1023932,1524-01-01,,active
7003,1023933,1023934,1524-01-01,,active
7003,1023935,1023936,1524-01-01,,active
7003,1023937,1023938,1524-01-01,,active
7003,1023939,1023940,1524-01-01,,active
7003,1023941,1023942,1524-01-01,,active
7003,1023943,1023944,1524-01-01,,active
7003,1023945,1023946,1524-01-01,,active
7003,1023947,1023948,1524-01-01,,active
7003,1023949,1023950,1524-01-01,,active
7003,1023951,1023952,1524-01-01,,active
7003,1023953,1023954,1524-01-01,,active
7003,1023955,1023956,1524-01-01,,active
7003,1023957,1023958,1524-01-01,,active
7003,1023959,1023960,1524-01-01,,active
7003,1023961,1023962,1524-01-01,,active
7003,1023963,1023964,1524-01-01,,active
7003,1023965,1023966,1524-01-01,,active
7003,1023967,1023968,1524-01-01,,active
7003,1023969,1023970,1524-01-01,,active
7003,1023971,1023972,1524-01-01,,active
7003,1023973,1023974,1524-01-01,,active
7003,1023975,1023976,1524-01-01,,active
7003,1023977,1023978,1524-01-01,,active
7003,1023979,1023980,1524-01-01,,active
7003,1023981,1023982,1524-01-01,,active
7003,1023983,1023984,1524-01-01,,active
7003,1023985,1023986,1524-01-01,,active
7003,1023987,1023988,1524-01-01,,active
7003,1023989,1023990,1524-01-01,,active
7003,1023991,1023992,1524-01-01,,active
7003,1023993,1023994,1524-01-01,,active
7003,1023995,1023996,1524-01-01,,active
7003,1023997,1023998,1524-01-01,,active
7003,1023999,1024000,1524-01-01,,active
7003,1024001,1024002,1524-01-01,,active
7003,1024003,1024004,1524-01-01,,active
7003,1024005,1024006,1524-01-01,,active
7003,1024007,1024008,1524-01-01,,active
7003,1024009,1024010,1524-01-01,,active
7003,1024011,1024012,1524-01-01,,active
7003,1024013,1024014,1524-01-01,,active
7003,1024015,1024016,1524-01-01,,active
7003,1024017,1024018,1524-01-01,,active
7003,1024019,1024020,1524-01-01,,active
7003,1024021,1024022,1524-01-01,,active
7003,1024023,1024024,1524-01-01,,active
7003,1024025,1024026,1524-01-01,,active
7003,1024027,1024028,1524-01-01,,active
7003,1024029,1024030,1524-01-01,,active
7003,1024031,1024032,1524-01-01,,active
7003,1024033,1024034,1524-01-01,,active
7003,1024035,1024036,1524-01-01,,active
7003,1024037,1024038,1524-01-01,,active
7003,1024039,1024040,1524-01-01,,active
7003,1024041,1024042,1524-01-01,,active
7003,1024043,1024044,1524-01-01,,active
7003,1024045,1024046,1524-01-01,,active
7003,1024047,1024048,1524-01-01,,active
7003,1024049,1024050,1524-01-01,,active
7003,1024051,1024052,1524-01-01,,active
7003,1024053,1024054,1524-01-01,,active
7003,1024055,1024056,1524-01-01,,active
7003,1024057,1024058,1524-01-01,,active
7003,1024059,1024060,1524-01-01,,active
7003,1024061,1024062,1524-01-01,,active
7003,1024063,1024064,1524-01-01,,active
7003,1024065,1024066,1524-01-01,,active
7003,1024067,1024068,1524-01-01,,active
7003,1024069,1024070,1524-01-01,,active
7003,1024071,1024072,1524-01-01,,active
7003,1024073,1024074,1524-01-01,,active
7003,1024075,1024076,1524-01-01,,active
7003,1024077,1024078,1524-01-01,,active
7003,1024079,1024080,1524-01-01,,active
7003,1024081,1024082,1524-01-01,,active
7003,1024083,1024084,1524-01-01,,active
7003,1024085,1024086,1524-01-01,,active
7003,1024087,1024088,1524-01-01,,active
7003,1024089,1024090,1524-01-01,,active
7003,1024091,1024092,1524-01-01,,active
7003,1024093,1024094,1524-01-01,,active
7003,1024095,1024096,1524-01-01,,active
7003,1024097,1024098,1524-01-01,,active
7003,1024099,1024100,1524-01-01,,active
7003,1024101,1024102,1524-01-01,,active
7003,1024103,1024104,1524-01-01,,active
7003,1024105,1024106,1524-01-01,,active
7003,1024107,1024108,1524-01-01,,active
7003,1024109,1024110,1524-01-01,,active
7003,1024111,1024112,1524-01-01,,active
7003,1024113,1024114,1524-01-01,,active
7003,1024115,1024116,1524-01-01,,active
7003,1024117,1024118,1524-01-01,,active
7003,1024119,1024120,1524-01-01,,active
7003,1024121,1024122,1524-01-01,,active
7003,1024123,1024124,1524-01-01,,active
7003,1024125,1024126,1524-01-01,,active
7003,1024127,1024128,1524-01-01,,active
7003,1024129,1024130,1524-01-01,,active
7003,1024131,1024132,1524-01-01,,active
7003,1024133,1024134,1524-01-01,,active
7003,1024135,1024136,1524-01-01,,active
7003,1024137,1024138,1524-01-01,,active
7003,1024139,1024140,1524-01-01,,active
7003,1024141,1024142,1524-01-01,,active
7003,1024143,1024144,1524-01-01,,active
7003,1024145,1024146,1524-01-01,,active
7003,1024147,1024148,1524-01-01,,active
7003,1024149,1024150,1524-01-01,,active
7003,1024151,1024152,1524-01-01,,active
7003,1024153,1024154,1524-01-01,,active
7003,1024155,1024156,1524-01-01,,active
7003,1024157,1024158,1524-01-01,,active
7003,1024159,1024160,1524-01-01,,active
7003,1024161,1024162,1524-01-01,,active
7003,1024163,1024164,1524-01-01,,active
7003,1024165,1024166,1524-01-01,,active
7003,1024167,1024168,1524-01-01,,active
7003,1024169,1024170,1524-01-01,,active
7003,1024171,1024172,1524-01-01,,active
7003,1024173,1024174,1524-01-01,,active
7003,1024175,1024176,1524-01-01,,active
7003,1024177,1024178,1524-01-01,,active
7003,1024179,1024180,1524-01-01,,active
7003,1024181,1024182,1524-01-01,,active
7003,1024183,1024184,1524-01-01,,active
7003,1024185,1024186,1524-01-01,,active
7003,1024187,1024188,1524-01-01,,active
7003,1024189,1024190,1524-01-01,,active
7003,1024191,1024192,1524-01-01,,active
7003,1024193,1024194,1524-01-01,,active
7003,1024195,1024196,1524-01-01,,active
7003,1024197,1024198,1524-01-01,,active
7003,1024199,1024200,1524-01-01,,active
7003,1024201,1024202,1524-01-01,,active
7003,1024203,1024204,1524-01-01,,active
7003,1024205,1024206,1524-01-01,,active
7003,1024207,1024208,1524-01-01,,active
7003,1024209,1024210,1524-01-01,,active
7003,1024211,1024212,1524-01-01,,active
7003,1024213,1024214,1524-01-01,,active
7003,1024215,1024216,1524-01-01,,active
7003,1024217,1024218,1524-01-01,,active
7003,1024219,1024220,1524-01-01,,active
7003,1024221,1024222,1524-01-01,,active
7003,1024223,1024224,1524-01-01,,active
7003,1024225,1024226,1524-01-01,,active
7003,1024227,1024228,1524-01-01,,active
7003,1024229,1024230,1524-01-01,,active
7003,1024231,1024232,1524-01-01,,active
7003,1024233,1024234,1524-01-01,,active
7003,1024235,1024236,1524-01-01,,active
7003,1024237,1024238,1524-01-01,,active
7003,1024239,1024240,1524-01-01,,active
7003,1024241,1024242,1524-01-01,,active
7003,1024243,1024244,1524-01-01,,active
7003,1024245,1024246,1524-01-01,,active
7003,1024247,1024248,1524-01-01,,active
7003,1024249,1024250,1524-01-01,,active
7003,1024251,1024252,1524-01-01,,active
7003,1024253,1024254,1524-01-01,,active
7003,1024255,1024256,1524-01-01,,active
7003,1024257,1024258,1524-01-01,,active
7003,1024259,1024260,1524-01-01,,active
7003,1024261,1024262,1524-01-01,,active
7003,1024263,1024264,1524-01-01,,active
7003,1024265,1024266,1524-01-01,,active
7003,1024267,1024268,1524-01-01,,active
7003,1024269,1024270,1524-01-01,,active
7003,1024271,1024272,1524-01-01,,active
7003,1024273,1024274,1524-01-01,,active
7003,1024275,1024276,1524-01-01,,active
7003,1024277,1024278,1524-01-01,,active
7003,1024279,1024280,1524-01-01,,active
7003,1024281,1024282,1524-01-01,,active
7003,1024283,1024284,1524-01-01,,active
7003,1024285,1024286,1524-01-01,,active
7003,1024287,1024288,1524-01-01,,active
7003,1024289,1024290,1524-01-01,,active
7003,1024291,1024292,1524-01-01,,active
7003,1024293,1024294,1524-01-01,,active
7003,1024295,1024296,1524-01-01,,active
7003,1024297,1024298,1524-01-01,,active
7003,1024299,1024300,1524-01-01,,active
7003,1024301,1024302,1524-01-01,,active
7003,1024303,1024304,1524-01-01,,active
7003,1024305,1024306,1524-01-01,,active
7003,1024307,1024308,1524-01-01,,active
7003,1024309,1024310,1524-01-01,,active
7003,1024311,1024312,1524-01-01,,active
7003,1024313,1024314,1524-01-01,,active
7003,1024315,1024316,1524-01-01,,active
7003,1024317,1024318,1524-01-01,,active
7003,1024319,1024320,1524-01-01,,active
7003,1024321,1024322,1524-01-01,,active
7003,1024323,1024324,1524-01-01,,active
7003,1024325,1024326,1524-01-01,,active
7003,1024327,1024328,1524-01-01,,active
7003,1024329,1024330,1524-01-01,,active
7003,1024331,1024332,1524-01-01,,active
7003,1024333,1024334,1524-01-01,,active
7003,1024335,1024336,1524-01-01,,active
7003,1024337,1024338,1524-01-01,,active
7003,1024339,1024340,1524-01-01,,active
7003,1024341,1024342,1524-01-01,,active
7003,1024343,1024344,1524-01-01,,active
7003,1024345,1024346,1542-01-01,,active
7003,1024347,1024348,1542-01-01,,active
7003,1024349,1024350,1542-01-01,,active
7003,1024351,1024352,1542-01-01,,active
7003,1024353,1024354,1542-01-01,,active
7003,1024355,1024356,1542-01-01,,active
7003,1024357,1024358,1542-01-01,,active
7003,1024359,1024360,1542-01-01,,active
7003,1024361,1024362,1542-01-01,,active
7003,1024363,1024364,1542-01-01,,active
7003,1024365,1024366,1542-01-01,,active
7003,1024367,1024368,1542-01-01,,active
7003,1024369,1024370,1542-01-01,,active
7003,1024371,1024372,1542-01-01,,active
7003,1024373,1024374,1542-01-01,,active
7003,1024375,1024376,1542-01-01,,active
7003,1024377,1024378,1542-01-01,,active
7003,1024379,1024380,1542-01-01,,active
7003,1024381,1024382,1542-01-01,,active
7003,1024383,1024384,1542-01-01,,active
7003,1024385,1024386,1542-01-01,,active
7003,1024387,1024388,1542-01-01,,active
7003,1024389,1024390,1542-01-01,,active
7003,1024391,1024392,1542-01-01,,active
7003,1024393,1024394,1542-01-01,,active
7003,1024395,1024396,1542-01-01,,active
7003,1024397,1024398,1542-01-01,,active
7003,1024399,1024400,1542-01-01,,active
7003,1024401,1024402,1542-01-01,,active
7003,1024403,1024404,1542-01-01,,active
7003,1024405,1024406,1542-01-01,,active
7003,1024407,1024408,1542-01-01,,active
7003,1024409,1024410,1542-01-01,,active
7003,1024411,1024412,1542-01-01,,active
7003,1024413,1024414,1542-01-01,,active
7003,1024415,1024416,1542-01-01,,active
7003,1024417,1024418,1542-01-01,,active
7003,1024419,1024420,1542-01-01,,active
7003,1024421,1024422,1542-01-01,,active
7003,1024423,1024424,1542-01-01,,active
7003,1024425,1024426,1542-01-01,,active
7003,1024427,1024428,1542-01-01,,active
7003,1024429,1024430,1542-01-01,,active
7003,1024431,1024432,1542-01-01,,active
7003,1024433,1024434,1542-01-01,,active
7003,1024435,1024436,1542-01-01,,active
7003,1024437,1024438,1542-01-01,,active
7003,1024439,1024440,1542-01-01,,active
7003,1024441,1024442,1542-01-01,,active
7003,1024443,1024444,1542-01-01,,active
7003,1024445,1024446,1542-01-01,,active
7003,1024447,1024448,1542-01-01,,active
7003,1024449,1024450,1542-01-01,,active
7003,1024451,1024452,1542-01-01,,active
7003,1024453,1024454,1542-01-01,,active
7003,1024455,1024456,1542-01-01,,active
7003,1024457,1024458,1542-01-01,,active
7003,1024459,1024460,1542-01-01,,active
7003,1024461,1024462,1542-01-01,,active
7003,1024463,1024464,1542-01-01,,active
7003,1024465,1024466,1542-01-01,,active
7003,1024467,1024468,1542-01-01,,active
7003,1024469,1024470,1542-01-01,,active
7003,1024471,1024472,1542-01-01,,active
7003,1024473,1024474,1542-01-01,,active
7003,1024475,1024476,1542-01-01,,active
7003,1024477,1024478,1542-01-01,,active
7003,1024479,1024480,1542-01-01,,active
7003,1024481,1024482,1542-01-01,,active
7003,1024483,1024484,1542-01-01,,active
7003,1024485,1024486,1542-01-01,,active
7003,1024487,1024488,1542-01-01,,active
7003,1024489,1024490,1542-01-01,,active
7003,1024491,1024492,1542-01-01,,active
7003,1024493,1024494,1542-01-01,,active
7003,1024495,1024496,1542-01-01,,active
7003,1024497,1024498,1542-01-01,,active
7003,1024499,1024500,1542-01-01,,active
7003,1024501,1024502,1542-01-01,,active
7003,1024503,1024504,1542-01-01,,active
7003,1024505,1024506,1542-01-01,,active
7003,1024507,1024508,1542-01-01,,active
7003,1024509,1024510,1542-01-01,,active
7003,1024511,1024512,1542-01-01,,active
7003,1024513,1024514,1542-01-01,,active
7003,1024515,1024516,1542-01-01,,active
7003,1024517,1024518,1542-01-01,,active
7003,1024519,1024520,1542-01-01,,active
7003,1024521,1024522,1542-01-01,,active
7003,1024523,1024524,1542-01-01,,active
7003,1024525,1024526,1542-01-01,,active
7003,1024527,1024528,1542-01-01,,active
7003,1024529,1024530,1542-01-01,,active
7003,1024531,1024532,1542-01-01,,active
7003,1024533,1024534,1542-01-01,,active
7003,1024535,1024536,1542-01-01,,active
7003,1024537,1024538,1542-01-01,,active
7003,1024539,1024540,1542-01-01,,active
7003,1024541,1024542,1542-01-01,,active
7003,1024543,1024544,1542-01-01,,active
7003,1024545,1024546,1542-01-01,,active
7003,1024547,1024548,1542-01-01,,active
7003,1024549,1024550,1542-01-01,,active
7003,1024551,1024552,1542-01-01,,active
7003,1024553,1024554,1542-01-01,,active
7003,1024555,1024556,1542-01-01,,active
7003,1024557,1024558,1542-01-01,,active
7003,1024559,1024560,1542-01-01,,active
7003,1024561,1024562,1542-01-01,,active
7003,1024563,1024564,1542-01-01,,active
7003,1024565,1024566,1542-01-01,,active
7003,1024567,1024568,1542-01-01,,active
7003,1024569,1024570,1542-01-01,,active
7003,1024571,1024572,1542-01-01,,active
7003,1024573,1024574,1542-01-01,,active
7003,1024575,1024576,1542-01-01,,active
7003,1024577,1024578,1542-01-01,,active
7003,1024579,1024580,1542-01-01,,active
7003,1024581,1024582,1542-01-01,,active
7003,1024583,1024584,1542-01-01,,active
7003,1024585,1024586,1542-01-01,,active
7003,1024587,1024588,1542-01-01,,active
7003,1024589,1024590,1542-01-01,,active
7003,1024591,1024592,1542-01-01,,active
7003,1024593,1024594,1542-01-01,,active
7003,1024595,1024596,1542-01-01,,active
7003,1024597,1024598,1542-01-01,,active
7003,1024599,1024600,1542-01-01,,active
7003,1024601,1024602,1542-01-01,,active
7003,1024603,1024604,1542-01-01,,active
7003,1024605,1024606,1542-01-01,,active
7003,1024607,1024608,1542-01-01,,active
7003,1024609,1024610,1542-01-01,,active
7003,1024611,1024612,1542-01-01,,active
7003,1024613,1024614,1542-01-01,,active
7003,1024615,1024616,1542-01-01,,active
7003,1024617,1024618,1542-01-01,,active
7003,1024619,1024620,1542-01-01,,active
7003,1024621,1024622,1542-01-01,,active
7003,1024623,1024624,1542-01-01,,active
7003,1024625,1024626,1542-01-01,,active
7003,1024627,1024628,1542-01-01,,active
7003,1024629,1024630,1542-01-01,,active
7003,1024631,1024632,1542-01-01,,active
7003,1024633,1024634,1542-01-01,,active
7003,1024635,1024636,1542-01-01,,active
7003,1024637,1024638,1542-01-01,,active
7003,1024639,1024640,1542-01-01,,active
7003,1024641,1024642,1542-01-01,,active
7003,1024643,1024644,1542-01-01,,active
7003,1024645,1024646,1542-01-01,,active
7003,1024647,1024648,1542-01-01,,active
7003,1024649,1024650,1542-01-01,,active
7003,1024651,1024652,1542-01-01,,active
7003,1024653,1024654,1542-01-01,,active
7003,1024655,1024656,1542-01-01,,active
7003,1024657,1024658,1542-01-01,,active
7003,1024659,1024660,1542-01-01,,active
7003,1024661,1024662,1542-01-01,,active
7003,1024663,1024664,1542-01-01,,active
7003,1024665,1024666,1542-01-01,,active
7003,1024667,1024668,1542-01-01,,active
7003,1024669,1024670,1542-01-01,,active
7003,1024671,1024672,1542-01-01,,active
7003,1024673,1024674,1542-01-01,,active
7003,1024675,1024676,1542-01-01,,active
7003,1024677,1024678,1542-01-01,,active
7003,1024679,1024680,1542-01-01,,active
7003,1024681,1024682,1542-01-01,,active
7003,1024683,1024684,1542-01-01,,active
7003,1024685,1024686,1542-01-01,,active
7003,1024687,1024688,1542-01-01,,active
7003,1024689,1024690,1542-01-01,,active
7003,1024691,1024692,1542-01-01,,active
7003,1024693,1024694,1542-01-01,,active
7003,1024695,1024696,1542-01-01,,active
7003,1024697,1024698,1542-01-01,,active
7003,1024699,1024700,1542-01-01,,active
7003,1024701,1024702,1542-01-01,,active
7003,1024703,1024704,1542-01-01,,active
7003,1024705,1024706,1542-01-01,,active
7003,1024707,1024708,1542-01-01,,active
7003,1024709,1024710,1542-01-01,,active
7003,1024711,1024712,1542-01-01,,active
7003,1024713,1024714,1542-01-01,,active
7003,1024715,1024716,1542-01-01,,active
7003,1024717,1024718,1542-01-01,,active
7003,1024719,1024720,1542-01-01,,active
7003,1024721,1024722,1542-01-01,,active
7003,1024723,1024724,1542-01-01,,active
7003,1024725,1024726,1542-01-01,,active
7003,1024727,1024728,1542-01-01,,active
7003,1024729,1024730,1542-01-01,,active
7003,1024731,1024732,1542-01-01,,active
7003,1024733,1024734,1542-01-01,,active
7003,1024735,1024736,1542-01-01,,active
7003,1024737,1024738,1542-01-01,,active
7003,1024739,1024740,1542-01-01,,active
7003,1024741,1024742,1542-01-01,,active
7003,1024743,1024744,1542-01-01,,active
7003,1024745,1024746,1542-01-01,,active
7003,1024747,1024748,1542-01-01,,active
7003,1024749,1024750,1542-01-01,,active
7003,1024751,1024752,1542-01-01,,active
7003,1024753,1024754,1542-01-01,,active
7003,1024755,1024756,1542-01-01,,active
7003,1024757,1024758,1542-01-01,,active
7003,1024759,1024760,1542-01-01,,active
7003,1024761,1024762,1542-01-01,,active
7003,1024763,1024764,1542-01-01,,active
7003,1024765,1024766,1542-01-01,,active
7003,1024767,1024768,1542-01-01,,active
7003,1024769,1024770,1542-01-01,,active
7003,1024771,1024772,1542-01-01,,active
7003,1024773,1024774,1542-01-01,,active
7003,1024775,1024776,1542-01-01,,active
7003,1024777,1024778,1542-01-01,,active
7003,1024779,1024780,1542-01-01,,active
7003,1024781,1024782,1542-01-01,,active
7003,1024783,1024784,1542-01-01,,active
7003,1024785,1024786,1542-01-01,,active
7003,1024787,1024788,1542-01-01,,active
7003,1024789,1024790,1542-01-01,,active
7003,1024791,1024792,1542-01-01,,active
7003,1024793,1024794,1542-01-01,,active
7003,1024795,1024796,1542-01-01,,active
7003,1024797,1024798,1542-01-01,,active
7003,1024799,1024800,1542-01-01,,active
7003,1024801,1024802,1542-01-01,,active
7003,1024803,1024804,1542-01-01,,active
7003,1024805,1024806,1542-01-01,,active
7003,1024807,1024808,1542-01-01,,active
7003,1024809,1024810,1542-01-01,,active
7003,1024811,1024812,1542-01-01,,active
7003,1024813,1024814,1542-01-01,,active
7003,1024815,1024816,1542-01-01,,active
7003,1024817,1024818,1542-01-01,,active
7003,1024819,1024820,1542-01-01,,active
7003,1024821,1024822,1542-01-01,,active
7003,1024823,1024824,1542-01-01,,active
7003,1024825,1024826,1542-01-01,,active
7003,1024827,1024828,1542-01-01,,active
7003,1024829,1024830,1542-01-01,,active
7003,1024831,1024832,1542-01-01,,active
7003,1024833,1024834,1542-01-01,,active
7003,1024835,1024836,1542-01-01,,active
7003,1024837,1024838,1542-01-01,,active
7003,1024839,1024840,1542-01-01,,active
7003,1024841,1024842,1542-01-01,,active
7003,1024843,1024844,1542-01-01,,active
7003,1024845,1024846,1542-01-01,,active
7003,1024847,1024848,1542-01-01,,active
7003,1024849,1024850,1542-01-01,,active
7003,1024851,1024852,1542-01-01,,active
7003,1024853,1024854,1542-01-01,,active
7003,1024855,1024856,1542-01-01,,active
7003,1024857,1024858,1542-01-01,,active
7003,1024859,1024860,1542-01-01,,active
7003,1024861,1024862,1542-01-01,,active
7003,1024863,1024864,1542-01-01,,active
7003,1024865,1024866,1542-01-01,,active
7003,1024867,1024868,1542-01-01,,active
7003,1024869,1024870,1542-01-01,,active
7003,1024871,1024872,1542-01-01,,active
7003,1024873,1024874,1542-01-01,,active
7003,1024875,1024876,1542-01-01,,active
7003,1024877,1024878,1542-01-01,,active
7003,1024879,1024880,1542-01-01,,active
7003,1024881,1024882,1542-01-01,,active
7003,1024883,1024884,1542-01-01,,active
7003,1024885,1024886,1542-01-01,,active
7003,1024887,1024888,1542-01-01,,active
7003,1024889,1024890,1542-01-01,,active
7003,1024891,1024892,1542-01-01,,active
7003,1024893,1024894,1542-01-01,,active
7003,1024895,1024896,1542-01-01,,active
7003,1024897,1024898,1542-01-01,,active
7003,1024899,1024900,1542-01-01,,active
7003,1024901,1024902,1542-01-01,,active
7003,1024903,1024904,1542-01-01,,active
7003,1024905,1024906,1542-01-01,,active
7003,1024907,1024908,1542-01-01,,active
7003,1024909,1024910,1542-01-01,,active
7003,1024911,1024912,1542-01-01,,active
7003,1024913,1024914,1542-01-01,,active
7003,1024915,1024916,1542-01-01,,active
7003,1024917,1024918,1542-01-01,,active
7003,1024919,1024920,1542-01-01,,active
7003,1024921,1024922,1542-01-01,,active
7003,1024923,1024924,1542-01-01,,active
7003,1024925,1024926,1542-01-01,,active
7003,1024927,1024928,1542-01-01,,active
7003,1024929,1024930,1542-01-01,,active
7003,1024931,1024932,1542-01-01,,active
7003,1024933,1024934,1542-01-01,,active
7003,1024935,1024936,1542-01-01,,active
7003,1024937,1024938,1542-01-01,,active
7003,1024939,1024940,1542-01-01,,active
7003,1024941,1024942,1542-01-01,,active
7003,1024943,1024944,1542-01-01,,active
7003,1024945,1024946,1542-01-01,,active
7003,1024947,1024948,1542-01-01,,active
7003,1024949,1024950,1542-01-01,,active
7003,1024951,1024952,1542-01-01,,active
7003,1024953,1024954,1542-01-01,,active
7003,1024955,1024956,1542-01-01,,active
7003,1024957,1024958,1542-01-01,,active
7003,1024959,1024960,1542-01-01,,active
7003,1024961,1024962,1542-01-01,,active
7003,1024963,1024964,1542-01-01,,active
7003,1024965,1024966,1542-01-01,,active
7003,1024967,1024968,1542-01-01,,active
7003,1024969,1024970,1542-01-01,,active
7003,1024971,1024972,1542-01-01,,active
7003,1024973,1024974,1542-01-01,,active
7003,1024975,1024976,1542-01-01,,active
7003,1024977,1024978,1542-01-01,,active
7003,1024979,1024980,1542-01-01,,active
7003,1024981,1024982,1542-01-01,,active
7003,1024983,1024984,1542-01-01,,active
7003,1024985,1024986,1542-01-01,,active
7003,1024987,1024988,1542-01-01,,active
7003,1024989,1024990,1542-01-01,,active
7003,1024991,1024992,1542-01-01,,active
7003,1024993,1024994,1542-01-01,,active
7003,1024995,1024996,1542-01-01,,active
7003,1024997,1024998,1542-01-01,,active
7003,1024999,1025000,1542-01-01,,active
7003,1025001,1025002,1542-01-01,,active
7003,1025003,1025004,1542-01-01,,active
7003,1025005,1025006,1542-01-01,,active
7003,1025007,1025008,1542-01-01,,active
7003,1025009,1025010,1560-01-01,,active
7003,1025009,1025012,1560-01-01,,active
7003,1025010,1025631,1560-01-01,,active
7003,1025011,1025012,1560-01-01,,active
7003,1025011,1025014,1560-01-01,,active
7003,1025013,1025014,1560-01-01,,active
7003,1025013,1025016,1560-01-01,,active
7003,1025015,1025016,1560-01-01,,active
7003,1025015,1025018,1560-01-01,,active
7003,1025017,1025018,1560-01-01,,active
7003,1025017,1025020,1560-01-01,,active
7003,1025019,1025020,1560-01-01,,active
7003,1025019,1025022,1560-01-01,,active
7003,1025021,1025022,1560-01-01,,active
7003,1025021,1025024,1560-01-01,,active
7003,1025023,1025024,1560-01-01,,active
7003,1025023,1025026,1560-01-01,,active
7003,1025025,1025026,1560-01-01,,active
7003,1025025,1025028,1560-01-01,,active
7003,1025027,1025028,1560-01-01,,active
7003,1025027,1025030,1560-01-01,,active
7003,1025029,1025030,1560-01-01,,active
7003,1025029,1025032,1560-01-01,,active
7003,1025031,1025032,1560-01-01,,active
7003,1025031,1025034,1560-01-01,,active
7003,1025033,1025034,1560-01-01,,active
7003,1025033,1025036,1560-01-01,,active
7003,1025035,1025036,1560-01-01,,active
7003,1025035,1025038,1560-01-01,,active
7003,1025037,1025038,1560-01-01,,active
7003,1025037,1025040,1560-01-01,,active
7003,1025039,1025040,1560-01-01,,active
7003,1025039,1025042,1560-01-01,,active
7003,1025041,1025042,1560-01-01,,active
7003,1025041,1025044,1560-01-01,,active
7003,1025043,1025044,1560-01-01,,active
7003,1025043,1025046,1560-01-01,,active
7003,1025045,1025046,1560-01-01,,active
7003,1025045,1025048,1560-01-01,,active
7003,1025047,1025048,1560-01-01,,active
7003,1025047,1025050,1560-01-01,,active
7003,1025049,1025050,1560-01-01,,active
7003,1025049,1025052,1560-01-01,,active
7003,1025051,1025052,1560-01-01,,active
7003,1025051,1025054,1560-01-01,,active
7003,1025053,1025054,1560-01-01,,active
7003,1025053,1025056,1560-01-01,,active
7003,1025055,1025056,1560-01-01,,active
7003,1025055,1025058,1560-01-01,,active
7003,1025057,1025058,1560-01-01,,active
7003,1025057,1025060,1560-01-01,,active
7003,1025059,1025060,1560-01-01,,active
7003,1025059,1025062,1560-01-01,,active
7003,1025061,1025062,1560-01-01,,active
7003,1025061,1025064,1560-01-01,,active
7003,1025063,1025064,1560-01-01,,active
7003,1025063,1025066,1560-01-01,,active
7003,1025065,1025066,1560-01-01,,active
7003,1025065,1025068,1560-01-01,,active
7003,1025067,1025068,1560-01-01,,active
7003,1025067,1025070,1560-01-01,,active
7003,1025069,1025070,1560-01-01,,active
7003,1025069,1025072,1560-01-01,,active
7003,1025071,1025072,1560-01-01,,active
7003,1025071,1025074,1560-01-01,,active
7003,1025073,1025074,1560-01-01,,active
7003,1025073,1025076,1560-01-01,,active
7003,1025075,1025076,1560-01-01,,active
7003,1025075,1025078,1560-01-01,,active
7003,1025077,1025078,1560-01-01,,active
7003,1025077,1025080,1560-01-01,,active
7003,1025079,1025080,1560-01-01,,active
7003,1025079,1025082,1560-01-01,,active
7003,1025081,1025082,1560-01-01,,active
7003,1025081,1025084,1560-01-01,,active
7003,1025083,1025084,1560-01-01,,active
7003,1025083,1025086,1560-01-01,,active
7003,1025085,1025086,1560-01-01,,active
7003,1025085,1025088,1560-01-01,,active
7003,1025087,1025088,1560-01-01,,active
7003,1025087,1025090,1560-01-01,,active
7003,1025089,1025090,1560-01-01,,active
7003,1025089,1025092,1560-01-01,,active
7003,1025091,1025092,1560-01-01,,active
7003,1025091,1025094,1560-01-01,,active
7003,1025093,1025094,1560-01-01,,active
7003,1025093,1025096,1560-01-01,,active
7003,1025095,1025096,1560-01-01,,active
7003,1025095,1025098,1560-01-01,,active
7003,1025097,1025098,1560-01-01,,active
7003,1025097,1025100,1560-01-01,,active
7003,1025099,1025100,1560-01-01,,active
7003,1025099,1025102,1560-01-01,,active
7003,1025101,1025102,1560-01-01,,active
7003,1025101,1025104,1560-01-01,,active
7003,1025103,1025104,1560-01-01,,active
7003,1025103,1025106,1560-01-01,,active
7003,1025105,1025106,1560-01-01,,active
7003,1025105,1025108,1560-01-01,,active
7003,1025107,1025108,1560-01-01,,active
7003,1025107,1025110,1560-01-01,,active
7003,1025109,1025110,1560-01-01,,active
7003,1025109,1025112,1560-01-01,,active
7003,1025111,1025112,1560-01-01,,active
7003,1025111,1025114,1560-01-01,,active
7003,1025113,1025114,1560-01-01,,active
7003,1025113,1025116,1560-01-01,,active
7003,1025115,1025116,1560-01-01,,active
7003,1025115,1025118,1560-01-01,,active
7003,1025117,1025118,1560-01-01,,active
7003,1025117,1025120,1560-01-01,,active
7003,1025119,1025120,1560-01-01,,active
7003,1025119,1025122,1560-01-01,,active
7003,1025121,1025122,1560-01-01,,active
7003,1025121,1025124,1560-01-01,,active
7003,1025123,1025124,1560-01-01,,active
7003,1025123,1025126,1560-01-01,,active
7003,1025125,1025126,1560-01-01,,active
7003,1025125,1025128,1560-01-01,,active
7003,1025127,1025128,1560-01-01,,active
7003,1025127,1025130,1560-01-01,,active
7003,1025129,1025130,1560-01-01,,active
7003,1025129,1025132,1560-01-01,,active
7003,1025131,1025132,1560-01-01,,active
7003,1025131,1025134,1560-01-01,,active
7003,1025133,1025134,1560-01-01,,active
7003,1025133,1025136,1560-01-01,,active
7003,1025135,1025136,1560-01-01,,active
7003,1025135,1025138,1560-01-01,,active
7003,1025137,1025138,1560-01-01,,active
7003,1025137,1025140,1560-01-01,,active
7003,1025139,1025140,1560-01-01,,active
7003,1025139,1025142,1560-01-01,,active
7003,1025141,1025142,1560-01-01,,active
7003,1025141,1025144,1560-01-01,,active
7003,1025143,1025144,1560-01-01,,active
7003,1025143,1025146,1560-01-01,,active
7003,1025145,1025146,1560-01-01,,active
7003,1025145,1025148,1560-01-01,,active
7003,1025147,1025148,1560-01-01,,active
7003,1025147,1025150,1560-01-01,,active
7003,1025149,1025150,1560-01-01,,active
7003,1025149,1025152,1560-01-01,,active
7003,1025151,1025152,1560-01-01,,active
7003,1025151,1025154,1560-01-01,,active
7003,1025153,1025154,1560-01-01,,active
7003,1025153,1025156,1560-01-01,,active
7003,1025155,1025156,1560-01-01,,active
7003,1025155,1025158,1560-01-01,,active
7003,1025157,1025158,1560-01-01,,active
7003,1025157,1025160,1560-01-01,,active
7003,1025159,1025160,1560-01-01,,active
7003,1025159,1025162,1560-01-01,,active
7003,1025161,1025162,1560-01-01,,active
7003,1025161,1025164,1560-01-01,,active
7003,1025163,1025164,1560-01-01,,active
7003,1025163,1025166,1560-01-01,,active
7003,1025165,1025166,1560-01-01,,active
7003,1025165,1025168,1560-01-01,,active
7003,1025167,1025168,1560-01-01,,active
7003,1025167,1025170,1560-01-01,,active
7003,1025169,1025170,1560-01-01,,active
7003,1025169,1025172,1560-01-01,,active
7003,1025171,1025172,1560-01-01,,active
7003,1025171,1025174,1560-01-01,,active
7003,1025173,1025174,1560-01-01,,active
7003,1025173,1025176,1560-01-01,,active
7003,1025175,1025176,1560-01-01,,active
7003,1025175,1025178,1560-01-01,,active
7003,1025177,1025178,1560-01-01,,active
7003,1025177,1025180,1560-01-01,,active
7003,1025179,1025180,1560-01-01,,active
7003,1025179,1025182,1560-01-01,,active
7003,1025181,1025182,1560-01-01,,active
7003,1025181,1025184,1560-01-01,,active
7003,1025183,1025184,1560-01-01,,active
7003,1025183,1025186,1560-01-01,,active
7003,1025185,1025186,1560-01-01,,active
7003,1025185,1025188,1560-01-01,,active
7003,1025187,1025188,1560-01-01,,active
7003,1025187,1025190,1560-01-01,,active
7003,1025189,1025190,1560-01-01,,active
7003,1025189,1025192,1560-01-01,,active
7003,1025191,1025192,1560-01-01,,active
7003,1025191,1025194,1560-01-01,,active
7003,1025193,1025194,1560-01-01,,active
7003,1025193,1025196,1560-01-01,,active
7003,1025195,1025196,1560-01-01,,active
7003,1025195,1025198,1560-01-01,,active
7003,1025197,1025198,1560-01-01,,active
7003,1025197,1025200,1560-01-01,,active
7003,1025199,1025200,1560-01-01,,active
7003,1025199,1025202,1560-01-01,,active
7003,1025201,1025202,1560-01-01,,active
7003,1025201,1025204,1560-01-01,,active
7003,1025203,1025204,1560-01-01,,active
7003,1025203,1025206,1560-01-01,,active
7003,1025205,1025206,1560-01-01,,active
7003,1025205,1025208,1560-01-01,,active
7003,1025207,1025208,1560-01-01,,active
7003,1025207,1025210,1560-01-01,,active
7003,1025209,1025210,1560-01-01,,active
7003,1025209,1025212,1560-01-01,,active
7003,1025211,1025212,1560-01-01,,active
7003,1025211,1025214,1560-01-01,,active
7003,1025213,1025214,1560-01-01,,active
7003,1025213,1025216,1560-01-01,,active
7003,1025215,1025216,1560-01-01,,active
7003,1025215,1025218,1560-01-01,,active
7003,1025217,1025218,1560-01-01,,active
7003,1025217,1025220,1560-01-01,,active
7003,1025219,1025220,1560-01-01,,active
7003,1025219,1025222,1560-01-01,,active
7003,1025221,1025222,1560-01-01,,active
7003,1025221,1025224,1560-01-01,,active
7003,1025223,1025224,1560-01-01,,active
7003,1025223,1025226,1560-01-01,,active
7003,1025225,1025226,1560-01-01,,active
7003,1025225,1025228,1560-01-01,,active
7003,1025227,1025228,1560-01-01,,active
7003,1025227,1025230,1560-01-01,,active
7003,1025229,1025230,1560-01-01,,active
7003,1025229,1025232,1560-01-01,,active
7003,1025231,1025232,1560-01-01,,active
7003,1025231,1025234,1560-01-01,,active
7003,1025233,1025234,1560-01-01,,active
7003,1025233,1025236,1560-01-01,,active
7003,1025235,1025236,1560-01-01,,active
7003,1025235,1025238,1560-01-01,,active
7003,1025237,1025238,1560-01-01,,active
7003,1025237,1025240,1560-01-01,,active
7003,1025239,1025240,1560-01-01,,active
7003,1025239,1025242,1560-01-01,,active
7003,1025241,1025242,1560-01-01,,active
7003,1025241,1025244,1560-01-01,,active
7003,1025243,1025244,1560-01-01,,active
7003,1025243,1025246,1560-01-01,,active
7003,1025245,1025246,1560-01-01,,active
7003,1025245,1025248,1560-01-01,,active
7003,1025247,1025248,1560-01-01,,active
7003,1025247,1025250,1560-01-01,,active
7003,1025249,1025250,1560-01-01,,active
7003,1025249,1025252,1560-01-01,,active
7003,1025251,1025252,1560-01-01,,active
7003,1025251,1025254,1560-01-01,,active
7003,1025253,1025254,1560-01-01,,active
7003,1025253,1025256,1560-01-01,,active
7003,1025255,1025256,1560-01-01,,active
7003,1025255,1025258,1560-01-01,,active
7003,1025257,1025258,1560-01-01,,active
7003,1025257,1025260,1560-01-01,,active
7003,1025259,1025260,1560-01-01,,active
7003,1025259,1025262,1560-01-01,,active
7003,1025261,1025262,1560-01-01,,active
7003,1025261,1025264,1560-01-01,,active
7003,1025263,1025264,1560-01-01,,active
7003,1025263,1025266,1560-01-01,,active
7003,1025265,1025266,1560-01-01,,active
7003,1025265,1025268,1560-01-01,,active
7003,1025267,1025268,1560-01-01,,active
7003,1025267,1025270,1560-01-01,,active
7003,1025269,1025270,1560-01-01,,active
7003,1025269,1025272,1560-01-01,,active
7003,1025271,1025272,1560-01-01,,active
7003,1025271,1025274,1560-01-01,,active
7003,1025273,1025274,1560-01-01,,active
7003,1025273,1025276,1560-01-01,,active
7003,1025275,1025276,1560-01-01,,active
7003,1025275,1025278,1560-01-01,,active
7003,1025277,1025278,1560-01-01,,active
7003,1025277,1025280,1560-01-01,,active
7003,1025279,1025280,1560-01-01,,active
7003,1025279,1025282,1560-01-01,,active
7003,1025281,1025282,1560-01-01,,active
7003,1025281,1025284,1560-01-01,,active
7003,1025283,1025284,1560-01-01,,active
7003,1025283,1025286,1560-01-01,,active
7003,1025285,1025286,1560-01-01,,active
7003,1025285,1025288,1560-01-01,,active
7003,1025287,1025288,1560-01-01,,active
7003,1025287,1025290,1560-01-01,,active
7003,1025289,1025290,1560-01-01,,active
7003,1025289,1025292,1560-01-01,,active
7003,1025291,1025292,1560-01-01,,active
7003,1025291,1025294,1560-01-01,,active
7003,1025293,1025294,1560-01-01,,active
7003,1025293,1025296,1560-01-01,,active
7003,1025295,1025296,1560-01-01,,active
7003,1025295,1025298,1560-01-01,,active
7003,1025297,1025298,1560-01-01,,active
7003,1025297,1025300,1560-01-01,,active
7003,1025299,1025300,1560-01-01,,active
7003,1025299,1025302,1560-01-01,,active
7003,1025301,1025302,1560-01-01,,active
7003,1025301,1025304,1560-01-01,,active
7003,1025303,1025304,1560-01-01,,active
7003,1025303,1025306,1560-01-01,,active
7003,1025305,1025306,1560-01-01,,active
7003,1025305,1025308,1560-01-01,,active
7003,1025307,1025308,1560-01-01,,active
7003,1025307,1025310,1560-01-01,,active
7003,1025309,1025310,1560-01-01,,active
7003,1025309,1025312,1560-01-01,,active
7003,1025311,1025312,1560-01-01,,active
7003,1025311,1025314,1560-01-01,,active
7003,1025313,1025314,1560-01-01,,active
7003,1025313,1025316,1560-01-01,,active
7003,1025315,1025316,1560-01-01,,active
7003,1025315,1025318,1560-01-01,,active
7003,1025317,1025318,1560-01-01,,active
7003,1025317,1025320,1560-01-01,,active
7003,1025319,1025320,1560-01-01,,active
7003,1025319,1025322,1560-01-01,,active
7003,1025321,1025322,1560-01-01,,active
7003,1025321,1025324,1560-01-01,,active
7003,1025323,1025324,1560-01-01,,active
7003,1025323,1025326,1560-01-01,,active
7003,1025325,1025326,1560-01-01,,active
7003,1025325,1025328,1560-01-01,,active
7003,1025327,1025328,1560-01-01,,active
7003,1025327,1025330,1560-01-01,,active
7003,1025329,1025330,1560-01-01,,active
7003,1025329,1025332,1560-01-01,,active
7003,1025331,1025332,1560-01-01,,active
7003,1025331,1025334,1560-01-01,,active
7003,1025333,1025334,1560-01-01,,active
7003,1025333,1025336,1560-01-01,,active
7003,1025335,1025336,1560-01-01,,active
7003,1025335,1025338,1560-01-01,,active
7003,1025337,1025338,1560-01-01,,active
7003,1025337,1025340,1560-01-01,,active
7003,1025339,1025340,1560-01-01,,active
7003,1025339,1025342,1560-01-01,,active
7003,1025341,1025342,1560-01-01,,active
7003,1025341,1025344,1560-01-01,,active
7003,1025343,1025344,1560-01-01,,active
7003,1025343,1025346,1560-01-01,,active
7003,1025345,1025346,1560-01-01,,active
7003,1025345,1025348,1560-01-01,,active
7003,1025347,1025348,1560-01-01,,active
7003,1025347,1025350,1560-01-01,,active
7003,1025349,1025350,1560-01-01,,active
7003,1025349,1025352,1560-01-01,,active
7003,1025351,1025352,1560-01-01,,active
7003,1025351,1025354,1560-01-01,,active
7003,1025353,1025354,1560-01-01,,active
7003,1025353,1025356,1560-01-01,,active
7003,1025355,1025356,1560-01-01,,active
7003,1025355,1025358,1560-01-01,,active
7003,1025357,1025358,1560-01-01,,active
7003,1025357,1025360,1560-01-01,,active
7003,1025359,1025360,1560-01-01,,active
7003,1025359,1025362,1560-01-01,,active
7003,1025361,1025362,1560-01-01,,active
7003,1025361,1025364,1560-01-01,,active
7003,1025363,1025364,1560-01-01,,active
7003,1025363,1025366,1560-01-01,,active
7003,1025365,1025366,1560-01-01,,active
7003,1025365,1025368,1560-01-01,,active
7003,1025367,1025368,1560-01-01,,active
7003,1025367,1025370,1560-01-01,,active
7003,1025369,1025370,1560-01-01,,active
7003,1025369,1025372,1560-01-01,,active
7003,1025371,1025372,1560-01-01,,active
7003,1025371,1025374,1560-01-01,,active
7003,1025373,1025374,1560-01-01,,active
7003,1025373,1025376,1560-01-01,,active
7003,1025375,1025376,1560-01-01,,active
7003,1025375,1025378,1560-01-01,,active
7003,1025377,1025378,1560-01-01,,active
7003,1025377,1025380,1560-01-01,,active
7003,1025379,1025380,1560-01-01,,active
7003,1025379,1025382,1560-01-01,,active
7003,1025381,1025382,1560-01-01,,active
7003,1025381,1025384,1560-01-01,,active
7003,1025383,1025384,1560-01-01,,active
7003,1025383,1025386,1560-01-01,,active
7003,1025385,1025386,1560-01-01,,active
7003,1025385,1025388,1560-01-01,,active
7003,1025387,1025388,1560-01-01,,active
7003,1025387,1025390,1560-01-01,,active
7003,1025389,1025390,1560-01-01,,active
7003,1025389,1025392,1560-01-01,,active
7003,1025391,1025392,1560-01-01,,active
7003,1025391,1025394,1560-01-01,,active
7003,1025393,1025394,1560-01-01,,active
7003,1025393,1025396,1560-01-01,,active
7003,1025395,1025396,1560-01-01,,active
7003,1025395,1025398,1560-01-01,,active
7003,1025397,1025398,1560-01-01,,active
7003,1025397,1025400,1560-01-01,,active
7003,1025399,1025400,1560-01-01,,active
7003,1025399,1025402,1560-01-01,,active
7003,1025401,1025402,1560-01-01,,active
7003,1025401,1025404,1560-01-01,,active
7003,1025403,1025404,1560-01-01,,active
7003,1025403,1025406,1560-01-01,,active
7003,1025405,1025406,1560-01-01,,active
7003,1025405,1025408,1560-01-01,,active
7003,1025407,1025408,1560-01-01,,active
7003,1025407,1025410,1560-01-01,,active
7003,1025409,1025410,1560-01-01,,active
7003,1025409,1025412,1560-01-01,,active
7003,1025411,1025412,1560-01-01,,active
7003,1025411,1025414,1560-01-01,,active
7003,1025413,1025414,1560-01-01,,active
7003,1025413,1025416,1560-01-01,,active
7003,1025415,1025416,1560-01-01,,active
7003,1025415,1025418,1560-01-01,,active
7003,1025417,1025418,1560-01-01,,active
7003,1025417,1025420,1560-01-01,,active
7003,1025419,1025420,1560-01-01,,active
7003,1025419,1025422,1560-01-01,,active
7003,1025421,1025422,1560-01-01,,active
7003,1025421,1025424,1560-01-01,,active
7003,1025423,1025424,1560-01-01,,active
7003,1025423,1025426,1560-01-01,,active
7003,1025425,1025426,1560-01-01,,active
7003,1025425,1025428,1560-01-01,,active
7003,1025427,1025428,1560-01-01,,active
7003,1025427,1025430,1560-01-01,,active
7003,1025429,1025430,1560-01-01,,active
7003,1025429,1025432,1560-01-01,,active
7003,1025431,1025432,1560-01-01,,active
7003,1025431,1025434,1560-01-01,,active
7003,1025433,1025434,1560-01-01,,active
7003,1025433,1025436,1560-01-01,,active
7003,1025435,1025436,1560-01-01,,active
7003,1025435,1025438,1560-01-01,,active
7003,1025437,1025438,1560-01-01,,active
7003,1025437,1025440,1560-01-01,,active
7003,1025439,1025440,1560-01-01,,active
7003,1025439,1025442,1560-01-01,,active
7003,1025441,1025442,1560-01-01,,active
7003,1025441,1025444,1560-01-01,,active
7003,1025443,1025444,1560-01-01,,active
7003,1025443,1025446,1560-01-01,,active
7003,1025445,1025446,1560-01-01,,active
7003,1025445,1025448,1560-01-01,,active
7003,1025447,1025448,1560-01-01,,active
7003,1025447,1025450,1560-01-01,,active
7003,1025449,1025450,1560-01-01,,active
7003,1025449,1025452,1560-01-01,,active
7003,1025451,1025452,1560-01-01,,active
7003,1025451,1025454,1560-01-01,,active
7003,1025453,1025454,1560-01-01,,active
7003,1025453,1025456,1560-01-01,,active
7003,1025455,1025456,1560-01-01,,active
7003,1025455,1025458,1560-01-01,,active
7003,1025457,1025458,1560-01-01,,active
7003,1025457,1025460,1560-01-01,,active
7003,1025459,1025460,1560-01-01,,active
7003,1025459,1025462,1560-01-01,,active
7003,1025461,1025462,1560-01-01,,active
7003,1025461,1025464,1560-01-01,,active
7003,1025463,1025464,1560-01-01,,active
7003,1025463,1025466,1560-01-01,,active
7003,1025465,1025466,1560-01-01,,active
7003,1025465,1025468,1560-01-01,,active
7003,1025467,1025468,1560-01-01,,active
7003,1025467,1025470,1560-01-01,,active
7003,1025469,1025470,1560-01-01,,active
7003,1025469,1025472,1560-01-01,,active
7003,1025471,1025472,1560-01-01,,active
7003,1025471,1025474,1560-01-01,,active
7003,1025473,1025474,1560-01-01,,active
7003,1025473,1025476,1560-01-01,,active
7003,1025475,1025476,1560-01-01,,active
7003,1025475,1025478,1560-01-01,,active
7003,1025477,1025478,1560-01-01,,active
7003,1025477,1025480,1560-01-01,,active
7003,1025479,1025480,1560-01-01,,active
7003,1025479,1025482,1560-01-01,,active
7003,1025481,1025482,1560-01-01,,active
7003,1025481,1025484,1560-01-01,,active
7003,1025483,1025484,1560-01-01,,active
7003,1025483,1025486,1560-01-01,,active
7003,1025485,1025486,1560-01-01,,active
7003,1025485,1025488,1560-01-01,,active
7003,1025487,1025488,1560-01-01,,active
7003,1025487,1025490,1560-01-01,,active
7003,1025489,1025490,1560-01-01,,active
7003,1025489,1025492,1560-01-01,,active
7003,1025491,1025492,1560-01-01,,active
7003,1025491,1025494,1560-01-01,,active
7003,1025493,1025494,1560-01-01,,active
7003,1025493,1025496,1560-01-01,,active
7003,1025495,1025496,1560-01-01,,active
7003,1025495,1025498,1560-01-01,,active
7003,1025497,1025498,1560-01-01,,active
7003,1025497,1025500,1560-01-01,,active
7003,1025499,1025500,1560-01-01,,active
7003,1025499,1025502,1560-01-01,,active
7003,1025501,1025502,1560-01-01,,active
7003,1025501,1025504,1560-01-01,,active
7003,1025503,1025504,1560-01-01,,active
7003,1025503,1025506,1560-01-01,,active
7003,1025505,1025506,1560-01-01,,active
7003,1025505,1025508,1560-01-01,,active
7003,1025507,1025508,1560-01-01,,active
7003,1025507,1025510,1560-01-01,,active
7003,1025509,1025510,1560-01-01,,active
7003,1025509,1025512,1560-01-01,,active
7003,1025511,1025512,1560-01-01,,active
7003,1025511,1025514,1560-01-01,,active
7003,1025513,1025514,1560-01-01,,active
7003,1025513,1025516,1560-01-01,,active
7003,1025515,1025516,1560-01-01,,active
7003,1025515,1025518,1560-01-01,,active
7003,1025517,1025518,1560-01-01,,active
7003,1025517,1025520,1560-01-01,,active
7003,1025519,1025520,1560-01-01,,active
7003,1025519,1025522,1560-01-01,,active
7003,1025521,1025522,1560-01-01,,active
7003,1025521,1025524,1560-01-01,,active
7003,1025523,1025524,1560-01-01,,active
7003,1025523,1025526,1560-01-01,,active
7003,1025525,1025526,1560-01-01,,active
7003,1025525,1025528,1560-01-01,,active
7003,1025527,1025528,1560-01-01,,active
7003,1025527,1025530,1560-01-01,,active
7003,1025529,1025530,1560-01-01,,active
7003,1025529,1025532,1560-01-01,,active
7003,1025531,1025532,1560-01-01,,active
7003,1025531,1025534,1560-01-01,,active
7003,1025533,1025534,1560-01-01,,active
7003,1025533,1025536,1560-01-01,,active
7003,1025535,1025536,1560-01-01,,active
7003,1025535,1025538,1560-01-01,,active
7003,1025537,1025538,1560-01-01,,active
7003,1025537,1025540,1560-01-01,,active
7003,1025539,1025540,1560-01-01,,active
7003,1025539,1025542,1560-01-01,,active
7003,1025541,1025542,1560-01-01,,active
7003,1025541,1025544,1560-01-01,,active
7003,1025543,1025544,1560-01-01,,active
7003,1025543,1025546,1560-01-01,,active
7003,1025545,1025546,1560-01-01,,active
7003,1025545,1025548,1560-01-01,,active
7003,1025547,1025548,1560-01-01,,active
7003,1025549,1025550,1560-01-01,,active
7003,1025551,1025552,1560-01-01,,active
7003,1025553,1025554,1560-01-01,,active
7003,1025555,1025556,1560-01-01,,active
7003,1025557,1025558,1560-01-01,,active
7003,1025559,1025560,1560-01-01,,active
7003,1025561,1025562,1560-01-01,,active
7003,1025563,1025564,1560-01-01,,active
7003,1025565,1025566,1560-01-01,,active
7003,1025567,1025568,1560-01-01,,active
7003,1025569,1025570,1560-01-01,,active
7003,1025571,1025572,1560-01-01,,active
7003,1025573,1025574,1560-01-01,,active
7003,1025575,1025576,1560-01-01,,active
7003,1025577,1025578,1560-01-01,,active
7003,1025579,1025580,1560-01-01,,active
7003,1025581,1025582,1560-01-01,,active
7003,1025583,1025584,1560-01-01,,active
7003,1025585,1025586,1560-01-01,,active
7003,1025587,1025588,1560-01-01,,active
7003,1025589,1025590,1560-01-01,,active
7003,1025591,1025592,1560-01-01,,active
7003,1025593,1025594,1560-01-01,,active
7003,1025595,1025596,1560-01-01,,active
7003,1025597,1025598,1560-01-01,,active
7003,1025599,1025600,1560-01-01,,active
7003,1025601,1025602,1560-01-01,,active
7003,1025603,1025604,1560-01-01,,active
7003,1025605,1025606,1560-01-01,,active
7003,1025607,1025608,1560-01-01,,active
7003,1025609,1025610,1560-01-01,,active
7003,1025611,1025612,1560-01-01,,active
7003,1025613,1025614,1560-01-01,,active
7003,1025615,1025616,1560-01-01,,active
7003,1025617,1025618,1560-01-01,,active
7003,1025619,1025620,1560-01-01,,active
7003,1025621,1025622,1560-01-01,,active
7003,1025623,1025624,1560-01-01,,active
7003,1025625,1025626,1560-01-01,,active
7003,1025627,1025628,1560-01-01,,active
7003,1025629,1025630,1560-01-01,,active
7003,1025632,1025633,1578-01-01,,active
7003,1025632,1025635,1578-01-01,,active
7003,1025633,1026212,1578-01-01,,active
7003,1025634,1025635,1578-01-01,,active
7003,1025634,1025637,1578-01-01,,active
7003,1025636,1025637,1578-01-01,,active
7003,1025636,1025639,1578-01-01,,active
7003,1025638,1025639,1578-01-01,,active
7003,1025638,1025641,1578-01-01,,active
7003,1025640,1025641,1578-01-01,,active
7003,1025640,1025643,1578-01-01,,active
7003,1025642,1025643,1578-01-01,,active
7003,1025642,1025645,1578-01-01,,active
7003,1025644,1025645,1578-01-01,,active
7003,1025644,1025647,1578-01-01,,active
7003,1025646,1025647,1578-01-01,,active
7003,1025646,1025649,1578-01-01,,active
7003,1025648,1025649,1578-01-01,,active
7003,1025648,1025651,1578-01-01,,active
7003,1025650,1025651,1578-01-01,,active
7003,1025650,1025653,1578-01-01,,active
7003,1025652,1025653,1578-01-01,,active
7003,1025652,1025655,1578-01-01,,active
7003,1025654,1025655,1578-01-01,,active
7003,1025654,1025657,1578-01-01,,active
7003,1025656,1025657,1578-01-01,,active
7003,1025656,1025659,1578-01-01,,active
7003,1025658,1025659,1578-01-01,,active
7003,1025658,1025661,1578-01-01,,active
7003,1025660,1025661,1578-01-01,,active
7003,1025660,1025663,1578-01-01,,active
7003,1025662,1025663,1578-01-01,,active
7003,1025662,1025665,1578-01-01,,active
7003,1025664,1025665,1578-01-01,,active
7003,1025664,1025667,1578-01-01,,active
7003,1025666,1025667,1578-01-01,,active
7003,1025666,1025669,1578-01-01,,active
7003,1025668,1025669,1578-01-01,,active
7003,1025668,1025671,1578-01-01,,active
7003,1025670,1025671,1578-01-01,,active
7003,1025670,1025673,1578-01-01,,active
7003,1025672,1025673,1578-01-01,,active
7003,1025672,1025675,1578-01-01,,active
7003,1025674,1025675,1578-01-01,,active
7003,1025674,1025677,1578-01-01,,active
7003,1025676,1025677,1578-01-01,,active
7003,1025676,1025679,1578-01-01,,active
7003,1025678,1025679,1578-01-01,,active
7003,1025678,1025681,1578-01-01,,active
7003,1025680,1025681,1578-01-01,,active
7003,1025680,1025683,1578-01-01,,active
7003,1025682,1025683,1578-01-01,,active
7003,1025682,1025685,1578-01-01,,active
7003,1025684,1025685,1578-01-01,,active
7003,1025684,1025687,1578-01-01,,active
7003,1025686,1025687,1578-01-01,,active
7003,1025686,1025689,1578-01-01,,active
7003,1025688,1025689,1578-01-01,,active
7003,1025688,1025691,1578-01-01,,active
7003,1025690,1025691,1578-01-01,,active
7003,1025690,1025693,1578-01-01,,active
7003,1025692,1025693,1578-01-01,,active
7003,1025692,1025695,1578-01-01,,active
7003,1025694,1025695,1578-01-01,,active
7003,1025694,1025697,1578-01-01,,active
7003,1025696,1025697,1578-01-01,,active
7003,1025696,1025699,1578-01-01,,active
7003,1025698,1025699,1578-01-01,,active
7003,1025698,1025701,1578-01-01,,active
7003,1025700,1025701,1578-01-01,,active
7003,1025700,1025703,1578-01-01,,active
7003,1025702,1025703,1578-01-01,,active
7003,1025702,1025705,1578-01-01,,active
7003,1025704,1025705,1578-01-01,,active
7003,1025704,1025707,1578-01-01,,active
7003,1025706,1025707,1578-01-01,,active
7003,1025706,1025709,1578-01-01,,active
7003,1025708,1025709,1578-01-01,,active
7003,1025708,1025711,1578-01-01,,active
7003,1025710,1025711,1578-01-01,,active
7003,1025710,1025713,1578-01-01,,active
7003,1025712,1025713,1578-01-01,,active
7003,1025712,1025715,1578-01-01,,active
7003,1025714,1025715,1578-01-01,,active
7003,1025714,1025717,1578-01-01,,active
7003,1025716,1025717,1578-01-01,,active
7003,1025716,1025719,1578-01-01,,active
7003,1025718,1025719,1578-01-01,,active
7003,1025718,1025721,1578-01-01,,active
7003,1025720,1025721,1578-01-01,,active
7003,1025720,1025723,1578-01-01,,active
7003,1025722,1025723,1578-01-01,,active
7003,1025722,1025725,1578-01-01,,active
7003,1025724,1025725,1578-01-01,,active
7003,1025724,1025727,1578-01-01,,active
7003,1025726,1025727,1578-01-01,,active
7003,1025726,1025729,1578-01-01,,active
7003,1025728,1025729,1578-01-01,,active
7003,1025728,1025731,1578-01-01,,active
7003,1025730,1025731,1578-01-01,,active
7003,1025730,1025733,1578-01-01,,active
7003,1025732,1025733,1578-01-01,,active
7003,1025732,1025735,1578-01-01,,active
7003,1025734,1025735,1578-01-01,,active
7003,1025734,1025737,1578-01-01,,active
7003,1025736,1025737,1578-01-01,,active
7003,1025736,1025739,1578-01-01,,active
7003,1025738,1025739,1578-01-01,,active
7003,1025738,1025741,1578-01-01,,active
7003,1025740,1025741,1578-01-01,,active
7003,1025740,1025743,1578-01-01,,active
7003,1025742,1025743,1578-01-01,,active
7003,1025742,1025745,1578-01-01,,active
7003,1025744,1025745,1578-01-01,,active
7003,1025744,1025747,1578-01-01,,active
7003,1025746,1025747,1578-01-01,,active
7003,1025746,1025749,1578-01-01,,active
7003,1025748,1025749,1578-01-01,,active
7003,1025748,1025751,1578-01-01,,active
7003,1025750,1025751,1578-01-01,,active
7003,1025750,1025753,1578-01-01,,active
7003,1025752,1025753,1578-01-01,,active
7003,1025752,1025755,1578-01-01,,active
7003,1025754,1025755,1578-01-01,,active
7003,1025754,1025757,1578-01-01,,active
7003,1025756,1025757,1578-01-01,,active
7003,1025756,1025759,1578-01-01,,active
7003,1025758,1025759,1578-01-01,,active
7003,1025758,1025761,1578-01-01,,active
7003,1025760,1025761,1578-01-01,,active
7003,1025760,1025763,1578-01-01,,active
7003,1025762,1025763,1578-01-01,,active
7003,1025762,1025765,1578-01-01,,active
7003,1025764,1025765,1578-01-01,,active
7003,1025764,1025767,1578-01-01,,active
7003,1025766,1025767,1578-01-01,,active
7003,1025766,1025769,1578-01-01,,active
7003,1025768,1025769,1578-01-01,,active
7003,1025768,1025771,1578-01-01,,active
7003,1025770,1025771,1578-01-01,,active
7003,1025770,1025773,1578-01-01,,active
7003,1025772,1025773,1578-01-01,,active
7003,1025772,1025775,1578-01-01,,active
7003,1025774,1025775,1578-01-01,,active
7003,1025774,1025777,1578-01-01,,active
7003,1025776,1025777,1578-01-01,,active
7003,1025776,1025779,1578-01-01,,active
7003,1025778,1025779,1578-01-01,,active
7003,1025778,1025781,1578-01-01,,active
7003,1025780,1025781,1578-01-01,,active
7003,1025780,1025783,1578-01-01,,active
7003,1025782,1025783,1578-01-01,,active
7003,1025782,1025785,1578-01-01,,active
7003,1025784,1025785,1578-01-01,,active
7003,1025784,1025787,1578-01-01,,active
7003,1025786,1025787,1578-01-01,,active
7003,1025786,1025789,1578-01-01,,active
7003,1025788,1025789,1578-01-01,,active
7003,1025788,1025791,1578-01-01,,active
7003,1025790,1025791,1578-01-01,,active
7003,1025790,1025793,1578-01-01,,active
7003,1025792,1025793,1578-01-01,,active
7003,1025792,1025795,1578-01-01,,active
7003,1025794,1025795,1578-01-01,,active
7003,1025794,1025797,1578-01-01,,active
7003,1025796,1025797,1578-01-01,,active
7003,1025796,1025799,1578-01-01,,active
7003,1025798,1025799,1578-01-01,,active
7003,1025798,1025801,1578-01-01,,active
7003,1025800,1025801,1578-01-01,,active
7003,1025800,1025803,1578-01-01,,active
7003,1025802,1025803,1578-01-01,,active
7003,1025802,1025805,1578-01-01,,active
7003,1025804,1025805,1578-01-01,,active
7003,1025804,1025807,1578-01-01,,active
7003,1025806,1025807,1578-01-01,,active
7003,1025806,1025809,1578-01-01,,active
7003,1025808,1025809,1578-01-01,,active
7003,1025808,1025811,1578-01-01,,active
7003,1025810,1025811,1578-01-01,,active
7003,1025810,1025813,1578-01-01,,active
7003,1025812,1025813,1578-01-01,,active
7003,1025812,1025815,1578-01-01,,active
7003,1025814,1025815,1578-01-01,,active
7003,1025814,1025817,1578-01-01,,active
7003,1025816,1025817,1578-01-01,,active
7003,1025816,1025819,1578-01-01,,active
7003,1025818,1025819,1578-01-01,,active
7003,1025818,1025821,1578-01-01,,active
7003,1025820,1025821,1578-01-01,,active
7003,1025820,1025823,1578-01-01,,active
7003,1025822,1025823,1578-01-01,,active
7003,1025822,1025825,1578-01-01,,active
7003,1025824,1025825,1578-01-01,,active
7003,1025824,1025827,1578-01-01,,active
7003,1025826,1025827,1578-01-01,,active
7003,1025826,1025829,1578-01-01,,active
7003,1025828,1025829,1578-01-01,,active
7003,1025828,1025831,1578-01-01,,active
7003,1025830,1025831,1578-01-01,,active
7003,1025830,1025833,1578-01-01,,active
7003,1025832,1025833,1578-01-01,,active
7003,1025832,1025835,1578-01-01,,active
7003,1025834,1025835,1578-01-01,,active
7003,1025834,1025837,1578-01-01,,active
7003,1025836,1025837,1578-01-01,,active
7003,1025836,1025839,1578-01-01,,active
7003,1025838,1025839,1578-01-01,,active
7003,1025838,1025841,1578-01-01,,active
7003,1025840,1025841,1578-01-01,,active
7003,1025840,1025843,1578-01-01,,active
7003,1025842,1025843,1578-01-01,,active
7003,1025842,1025845,1578-01-01,,active
7003,1025844,1025845,1578-01-01,,active
7003,1025844,1025847,1578-01-01,,active
7003,1025846,1025847,1578-01-01,,active
7003,1025846,1025849,1578-01-01,,active
7003,1025848,1025849,1578-01-01,,active
7003,1025848,1025851,1578-01-01,,active
7003,1025850,1025851,1578-01-01,,active
7003,1025850,1025853,1578-01-01,,active
7003,1025852,1025853,1578-01-01,,active
7003,1025852,1025855,1578-01-01,,active
7003,1025854,1025855,1578-01-01,,active
7003,1025854,1025857,1578-01-01,,active
7003,1025856,1025857,1578-01-01,,active
7003,1025856,1025859,1578-01-01,,active
7003,1025858,1025859,1578-01-01,,active
7003,1025858,1025861,1578-01-01,,active
7003,1025860,1025861,1578-01-01,,active
7003,1025860,1025863,1578-01-01,,active
7003,1025862,1025863,1578-01-01,,active
7003,1025862,1025865,1578-01-01,,active
7003,1025864,1025865,1578-01-01,,active
7003,1025864,1025867,1578-01-01,,active
7003,1025866,1025867,1578-01-01,,active
7003,1025866,1025869,1578-01-01,,active
7003,1025868,1025869,1578-01-01,,active
7003,1025868,1025871,1578-01-01,,active
7003,1025870,1025871,1578-01-01,,active
7003,1025870,1025873,1578-01-01,,active
7003,1025872,1025873,1578-01-01,,active
7003,1025872,1025875,1578-01-01,,active
7003,1025874,1025875,1578-01-01,,active
7003,1025874,1025877,1578-01-01,,active
7003,1025876,1025877,1578-01-01,,active
7003,1025876,1025879,1578-01-01,,active
7003,1025878,1025879,1578-01-01,,active
7003,1025878,1025881,1578-01-01,,active
7003,1025880,1025881,1578-01-01,,active
7003,1025880,1025883,1578-01-01,,active
7003,1025882,1025883,1578-01-01,,active
7003,1025882,1025885,1578-01-01,,active
7003,1025884,1025885,1578-01-01,,active
7003,1025884,1025887,1578-01-01,,active
7003,1025886,1025887,1578-01-01,,active
7003,1025886,1025889,1578-01-01,,active
7003,1025888,1025889,1578-01-01,,active
7003,1025888,1025891,1578-01-01,,active
7003,1025890,1025891,1578-01-01,,active
7003,1025890,1025893,1578-01-01,,active
7003,1025892,1025893,1578-01-01,,active
7003,1025892,1025895,1578-01-01,,active
7003,1025894,1025895,1578-01-01,,active
7003,1025894,1025897,1578-01-01,,active
7003,1025896,1025897,1578-01-01,,active
7003,1025896,1025899,1578-01-01,,active
7003,1025898,1025899,1578-01-01,,active
7003,1025898,1025901,1578-01-01,,active
7003,1025900,1025901,1578-01-01,,active
7003,1025900,1025903,1578-01-01,,active
7003,1025902,1025903,1578-01-01,,active
7003,1025902,1025905,1578-01-01,,active
7003,1025904,1025905,1578-01-01,,active
7003,1025904,1025907,1578-01-01,,active
7003,1025906,1025907,1578-01-01,,active
7003,1025906,1025909,1578-01-01,,active
7003,1025908,1025909,1578-01-01,,active
7003,1025908,1025911,1578-01-01,,active
7003,1025910,1025911,1578-01-01,,active
7003,1025910,1025913,1578-01-01,,active
7003,1025912,1025913,1578-01-01,,active
7003,1025912,1025915,1578-01-01,,active
7003,1025914,1025915,1578-01-01,,active
7003,1025914,1025917,1578-01-01,,active
7003,1025916,1025917,1578-01-01,,active
7003,1025916,1025919,1578-01-01,,active
7003,1025918,1025919,1578-01-01,,active
7003,1025918,1025921,1578-01-01,,active
7003,1025920,1025921,1578-01-01,,active
7003,1025920,1025923,1578-01-01,,active
7003,1025922,1025923,1578-01-01,,active
7003,1025922,1025925,1578-01-01,,active
7003,1025924,1025925,1578-01-01,,active
7003,1025924,1025927,1578-01-01,,active
7003,1025926,1025927,1578-01-01,,active
7003,1025926,1025929,1578-01-01,,active
7003,1025928,1025929,1578-01-01,,active
7003,1025928,1025931,1578-01-01,,active
7003,1025930,1025931,1578-01-01,,active
7003,1025930,1025933,1578-01-01,,active
7003,1025932,1025933,1578-01-01,,active
7003,1025932,1025935,1578-01-01,,active
7003,1025934,1025935,1578-01-01,,active
7003,1025934,1025937,1578-01-01,,active
7003,1025936,1025937,1578-01-01,,active
7003,1025936,1025939,1578-01-01,,active
7003,1025938,1025939,1578-01-01,,active
7003,1025938,1025941,1578-01-01,,active
7003,1025940,1025941,1578-01-01,,active
7003,1025940,1025943,1578-01-01,,active
7003,1025942,1025943,1578-01-01,,active
7003,1025942,1025945,1578-01-01,,active
7003,1025944,1025945,1578-01-01,,active
7003,1025944,1025947,1578-01-01,,active
7003,1025946,1025947,1578-01-01,,active
7003,1025946,1025949,1578-01-01,,active
7003,1025948,1025949,1578-01-01,,active
7003,1025948,1025951,1578-01-01,,active
7003,1025950,1025951,1578-01-01,,active
7003,1025950,1025953,1578-01-01,,active
7003,1025952,1025953,1578-01-01,,active
7003,1025952,1025955,1578-01-01,,active
7003,1025954,1025955,1578-01-01,,active
7003,1025954,1025957,1578-01-01,,active
7003,1025956,1025957,1578-01-01,,active
7003,1025956,1025959,1578-01-01,,active
7003,1025958,1025959,1578-01-01,,active
7003,1025958,1025961,1578-01-01,,active
7003,1025960,1025961,1578-01-01,,active
7003,1025960,1025963,1578-01-01,,active
7003,1025962,1025963,1578-01-01,,active
7003,1025962,1025965,1578-01-01,,active
7003,1025964,1025965,1578-01-01,,active
7003,1025964,1025967,1578-01-01,,active
7003,1025966,1025967,1578-01-01,,active
7003,1025966,1025969,1578-01-01,,active
7003,1025968,1025969,1578-01-01,,active
7003,1025968,1025971,1578-01-01,,active
7003,1025970,1025971,1578-01-01,,active
7003,1025970,1025973,1578-01-01,,active
7003,1025972,1025973,1578-01-01,,active
7003,1025972,1025975,1578-01-01,,active
7003,1025974,1025975,1578-01-01,,active
7003,1025974,1025977,1578-01-01,,active
7003,1025976,1025977,1578-01-01,,active
7003,1025976,1025979,1578-01-01,,active
7003,1025978,1025979,1578-01-01,,active
7003,1025978,1025981,1578-01-01,,active
7003,1025980,1025981,1578-01-01,,active
7003,1025980,1025983,1578-01-01,,active
7003,1025982,1025983,1578-01-01,,active
7003,1025982,1025985,1578-01-01,,active
7003,1025984,1025985,1578-01-01,,active
7003,1025984,1025987,1578-01-01,,active
7003,1025986,1025987,1578-01-01,,active
7003,1025986,1025989,1578-01-01,,active
7003,1025988,1025989,1578-01-01,,active
7003,1025988,1025991,1578-01-01,,active
7003,1025990,1025991,1578-01-01,,active
7003,1025990,1025993,1578-01-01,,active
7003,1025992,1025993,1578-01-01,,active
7003,1025992,1025995,1578-01-01,,active
7003,1025994,1025995,1578-01-01,,active
7003,1025994,1025997,1578-01-01,,active
7003,1025996,1025997,1578-01-01,,active
7003,1025996,1025999,1578-01-01,,active
7003,1025998,1025999,1578-01-01,,active
7003,1025998,1026001,1578-01-01,,active
7003,1026000,1026001,1578-01-01,,active
7003,1026000,1026003,1578-01-01,,active
7003,1026002,1026003,1578-01-01,,active
7003,1026002,1026005,1578-01-01,,active
7003,1026004,1026005,1578-01-01,,active
7003,1026004,1026007,1578-01-01,,active
7003,1026006,1026007,1578-01-01,,active
7003,1026006,1026009,1578-01-01,,active
7003,1026008,1026009,1578-01-01,,active
7003,1026008,1026011,1578-01-01,,active
7003,1026010,1026011,1578-01-01,,active
7003,1026010,1026013,1578-01-01,,active
7003,1026012,1026013,1578-01-01,,active
7003,1026012,1026015,1578-01-01,,active
7003,1026014,1026015,1578-01-01,,active
7003,1026014,1026017,1578-01-01,,active
7003,1026016,1026017,1578-01-01,,active
7003,1026016,1026019,1578-01-01,,active
7003,1026018,1026019,1578-01-01,,active
7003,1026018,1026021,1578-01-01,,active
7003,1026020,1026021,1578-01-01,,active
7003,1026020,1026023,1578-01-01,,active
7003,1026022,1026023,1578-01-01,,active
7003,1026022,1026025,1578-01-01,,active
7003,1026024,1026025,1578-01-01,,active
7003,1026024,1026027,1578-01-01,,active
7003,1026026,1026027,1578-01-01,,active
7003,1026026,1026029,1578-01-01,,active
7003,1026028,1026029,1578-01-01,,active
7003,1026028,1026031,1578-01-01,,active
7003,1026030,1026031,1578-01-01,,active
7003,1026030,1026033,1578-01-01,,active
7003,1026032,1026033,1578-01-01,,active
7003,1026032,1026035,1578-01-01,,active
7003,1026034,1026035,1578-01-01,,active
7003,1026034,1026037,1578-01-01,,active
7003,1026036,1026037,1578-01-01,,active
7003,1026036,1026039,1578-01-01,,active
7003,1026038,1026039,1578-01-01,,active
7003,1026038,1026041,1578-01-01,,active
7003,1026040,1026041,1578-01-01,,active
7003,1026040,1026043,1578-01-01,,active
7003,1026042,1026043,1578-01-01,,active
7003,1026042,1026045,1578-01-01,,active
7003,1026044,1026045,1578-01-01,,active
7003,1026044,1026047,1578-01-01,,active
7003,1026046,1026047,1578-01-01,,active
7003,1026046,1026049,1578-01-01,,active
7003,1026048,1026049,1578-01-01,,active
7003,1026048,1026051,1578-01-01,,active
7003,1026050,1026051,1578-01-01,,active
7003,1026050,1026053,1578-01-01,,active
7003,1026052,1026053,1578-01-01,,active
7003,1026052,1026055,1578-01-01,,active
7003,1026054,1026055,1578-01-01,,active
7003,1026054,1026057,1578-01-01,,active
7003,1026056,1026057,1578-01-01,,active
7003,1026056,1026059,1578-01-01,,active
7003,1026058,1026059,1578-01-01,,active
7003,1026058,1026061,1578-01-01,,active
7003,1026060,1026061,1578-01-01,,active
7003,1026060,1026063,1578-01-01,,active
7003,1026062,1026063,1578-01-01,,active
7003,1026062,1026065,1578-01-01,,active
7003,1026064,1026065,1578-01-01,,active
7003,1026064,1026067,1578-01-01,,active
7003,1026066,1026067,1578-01-01,,active
7003,1026066,1026069,1578-01-01,,active
7003,1026068,1026069,1578-01-01,,active
7003,1026068,1026071,1578-01-01,,active
7003,1026070,1026071,1578-01-01,,active
7003,1026070,1026073,1578-01-01,,active
7003,1026072,1026073,1578-01-01,,active
7003,1026072,1026075,1578-01-01,,active
7003,1026074,1026075,1578-01-01,,active
7003,1026074,1026077,1578-01-01,,active
7003,1026076,1026077,1578-01-01,,active
7003,1026076,1026079,1578-01-01,,active
7003,1026078,1026079,1578-01-01,,active
7003,1026078,1026081,1578-01-01,,active
7003,1026080,1026081,1578-01-01,,active
7003,1026080,1026083,1578-01-01,,active
7003,1026082,1026083,1578-01-01,,active
7003,1026082,1026085,1578-01-01,,active
7003,1026084,1026085,1578-01-01,,active
7003,1026084,1026087,1578-01-01,,active
7003,1026086,1026087,1578-01-01,,active
7003,1026086,1026089,1578-01-01,,active
7003,1026088,1026089,1578-01-01,,active
7003,1026088,1026091,1578-01-01,,active
7003,1026090,1026091,1578-01-01,,active
7003,1026090,1026093,1578-01-01,,active
7003,1026092,1026093,1578-01-01,,active
7003,1026092,1026095,1578-01-01,,active
7003,1026094,1026095,1578-01-01,,active
7003,1026094,1026097,1578-01-01,,active
7003,1026096,1026097,1578-01-01,,active
7003,1026096,1026099,1578-01-01,,active
7003,1026098,1026099,1578-01-01,,active
7003,1026098,1026101,1578-01-01,,active
7003,1026100,1026101,1578-01-01,,active
7003,1026100,1026103,1578-01-01,,active
7003,1026102,1026103,1578-01-01,,active
7003,1026102,1026105,1578-01-01,,active
7003,1026104,1026105,1578-01-01,,active
7003,1026104,1026107,1578-01-01,,active
7003,1026106,1026107,1578-01-01,,active
7003,1026106,1026109,1578-01-01,,active
7003,1026108,1026109,1578-01-01,,active
7003,1026108,1026111,1578-01-01,,active
7003,1026110,1026111,1578-01-01,,active
7003,1026110,1026113,1578-01-01,,active
7003,1026112,1026113,1578-01-01,,active
7003,1026112,1026115,1578-01-01,,active
7003,1026114,1026115,1578-01-01,,active
7003,1026114,1026117,1578-01-01,,active
7003,1026116,1026117,1578-01-01,,active
7003,1026116,1026119,1578-01-01,,active
7003,1026118,1026119,1578-01-01,,active
7003,1026118,1026121,1578-01-01,,active
7003,1026120,1026121,1578-01-01,,active
7003,1026120,1026123,1578-01-01,,active
7003,1026122,1026123,1578-01-01,,active
7003,1026122,1026125,1578-01-01,,active
7003,1026124,1026125,1578-01-01,,active
7003,1026124,1026127,1578-01-01,,active
7003,1026126,1026127,1578-01-01,,active
7003,1026126,1026129,1578-01-01,,active
7003,1026128,1026129,1578-01-01,,active
7003,1026128,1026131,1578-01-01,,active
7003,1026130,1026131,1578-01-01,,active
7003,1026132,1026133,1578-01-01,,active
7003,1026134,1026135,1578-01-01,,active
7003,1026136,1026137,1578-01-01,,active
7003,1026138,1026139,1578-01-01,,active
7003,1026140,1026141,1578-01-01,,active
7003,1026142,1026143,1578-01-01,,active
7003,1026144,1026145,1578-01-01,,active
7003,1026146,1026147,1578-01-01,,active
7003,1026148,1026149,1578-01-01,,active
7003,1026150,1026151,1578-01-01,,active
7003,1026152,1026153,1578-01-01,,active
7003,1026154,1026155,1578-01-01,,active
7003,1026156,1026157,1578-01-01,,active
7003,1026158,1026159,1578-01-01,,active
7003,1026160,1026161,1578-01-01,,active
7003,1026162,1026163,1578-01-01,,active
7003,1026164,1026165,1578-01-01,,active
7003,1026166,1026167,1578-01-01,,active
7003,1026168,1026169,1578-01-01,,active
7003,1026170,1026171,1578-01-01,,active
7003,1026172,1026173,1578-01-01,,active
7003,1026174,1026175,1578-01-01,,active
7003,1026176,1026177,1578-01-01,,active
7003,1026178,1026179,1578-01-01,,active
7003,1026180,1026181,1578-01-01,,active
7003,1026182,1026183,1578-01-01,,active
7003,1026184,1026185,1578-01-01,,active
7003,1026186,1026187,1578-01-01,,active
7003,1026188,1026189,1578-01-01,,active
7003,1026190,1026191,1578-01-01,,active
7003,1026192,1026193,1578-01-01,,active
7003,1026194,1026195,1578-01-01,,active
7003,1026196,1026197,1578-01-01,,active
7003,1026198,1026199,1578-01-01,,active
7003,1026200,1026201,1578-01-01,,active
7003,1026202,1026203,1578-01-01,,active
7003,1026204,1026205,1578-01-01,,active
7003,1026206,1026207,1578-01-01,,active
7003,1026208,1026209,1578-01-01,,active
7003,1026210,1026211,1578-01-01,,active
7003,1026213,1026214,1596-01-01,,active
7003,1026215,1026216,1596-01-01,,active
7003,1026217,1026218,1596-01-01,,active
7003,1026219,1026220,1596-01-01,,active
7003,1026221,1026222,1596-01-01,,active
7003,1026223,1026224,1596-01-01,,active
7003,1026225,1026226,1596-01-01,,active
7003,1026227,1026228,1596-01-01,,active
7003,1026229,1026230,1596-01-01,,active
7003,1026231,1026232,1596-01-01,,active
7003,1026233,1026234,1596-01-01,,active
7003,1026235,1026236,1596-01-01,,active
7003,1026237,1026238,1596-01-01,,active
7003,1026239,1026240,1596-01-01,,active
7003,1026241,1026242,1596-01-01,,active
7003,1026243,1026244,1596-01-01,,active
7003,1026245,1026246,1596-01-01,,active
7003,1026247,1026248,1596-01-01,,active
7003,1026249,1026250,1596-01-01,,active
7003,1026251,1026252,1596-01-01,,active
7003,1026253,1026254,1596-01-01,,active
7003,1026255,1026256,1596-01-01,,active
7003,1026257,1026258,1596-01-01,,active
7003,1026259,1026260,1596-01-01,,active
7003,1026261,1026262,1596-01-01,,active
7003,1026263,1026264,1596-01-01,,active
7003,1026265,1026266,1596-01-01,,active
7003,1026267,1026268,1596-01-01,,active
7003,1026269,1026270,1596-01-01,,active
7003,1026271,1026272,1596-01-01,,active
7003,1026273,1026274,1596-01-01,,active
7003,1026275,1026276,1596-01-01,,active
7003,1026277,1026278,1596-01-01,,active
7003,1026279,1026280,1596-01-01,,active
7003,1026281,1026282,1596-01-01,,active
7003,1026283,1026284,1596-01-01,,active
7003,1026285,1026286,1596-01-01,,active
7003,1026287,1026288,1596-01-01,,active
7003,1026289,1026290,1596-01-01,,active
7003,1026291,1026292,1596-01-01,,active
7003,1026293,1026294,1596-01-01,,active
7003,1026295,1026296,1596-01-01,,active
7003,1026297,1026298,1596-01-01,,active
7003,1026299,1026300,1596-01-01,,active
7003,1026301,1026302,1596-01-01,,active
7003,1026303,1026304,1596-01-01,,active
7003,1026305,1026306,1596-01-01,,active
7003,1026307,1026308,1596-01-01,,active
7003,1026309,1026310,1596-01-01,,active
7003,1026311,1026312,1596-01-01,,active
7003,1026313,1026314,1596-01-01,,active
7003,1026315,1026316,1596-01-01,,active
7003,1026317,1026318,1596-01-01,,active
7003,1026319,1026320,1596-01-01,,active
7003,1026321,1026322,1596-01-01,,active
7003,1026323,1026324,1596-01-01,,active
7003,1026325,1026326,1596-01-01,,active
7003,1026327,1026328,1596-01-01,,active
7003,1026329,1026330,1596-01-01,,active
7003,1026331,1026332,1596-01-01,,active
7003,1026333,1026334,1596-01-01,,active
7003,1026335,1026336,1596-01-01,,active
7003,1026337,1026338,1596-01-01,,active
7003,1026339,1026340,1596-01-01,,active
7003,1026341,1026342,1596-01-01,,active
7003,1026343,1026344,1596-01-01,,active
7003,1026345,1026346,1596-01-01,,active
7003,1026347,1026348,1596-01-01,,active
7003,1026349,1026350,1596-01-01,,active
7003,1026351,1026352,1596-01-01,,active
7003,1026353,1026354,1596-01-01,,active
7003,1026355,1026356,1596-01-01,,active
7003,1026357,1026358,1596-01-01,,active
7003,1026359,1026360,1596-01-01,,active
7003,1026361,1026362,1596-01-01,,active
7003,1026363,1026364,1596-01-01,,active
7003,1026365,1026366,1596-01-01,,active
7003,1026367,1026368,1596-01-01,,active
7003,1026369,1026370,1596-01-01,,active
7003,1026371,1026372,1596-01-01,,active
7003,1026373,1026374,1596-01-01,,active
7003,1026375,1026376,1596-01-01,,active
7003,1026377,1026378,1596-01-01,,active
7003,1026379,1026380,1596-01-01,,active
7003,1026381,1026382,1596-01-01,,active
7003,1026383,1026384,1596-01-01,,active
7003,1026385,1026386,1596-01-01,,active
7003,1026387,1026388,1596-01-01,,active
7003,1026389,1026390,1596-01-01,,active
7003,1026391,1026392,1596-01-01,,active
7003,1026393,1026394,1596-01-01,,active
7003,1026395,1026396,1596-01-01,,active
7003,1026397,1026398,1596-01-01,,active
7003,1026399,1026400,1596-01-01,,active
7003,1026401,1026402,1596-01-01,,active
7003,1026403,1026404,1596-01-01,,active
7003,1026405,1026406,1596-01-01,,active
7003,1026407,1026408,1596-01-01,,active
7003,1026409,1026410,1596-01-01,,active
7003,1026411,1026412,1596-01-01,,active
7003,1026413,1026414,1596-01-01,,active
7003,1026415,1026416,1596-01-01,,active
7003,1026417,1026418,1596-01-01,,active
7003,1026419,1026420,1596-01-01,,active
7003,1026421,1026422,1596-01-01,,active
7003,1026423,1026424,1596-01-01,,active
7003,1026425,1026426,1596-01-01,,active
7003,1026427,1026428,1596-01-01,,active
7003,1026429,1026430,1596-01-01,,active
7003,1026431,1026432,1596-01-01,,active
7003,1026433,1026434,1596-01-01,,active
7003,1026435,1026436,1596-01-01,,active
7003,1026437,1026438,1596-01-01,,active
7003,1026439,1026440,1596-01-01,,active
7003,1026441,1026442,1596-01-01,,active
7003,1026443,1026444,1596-01-01,,active
7003,1026445,1026446,1596-01-01,,active
7003,1026447,1026448,1596-01-01,,active
7003,1026449,1026450,1596-01-01,,active
7003,1026451,1026452,1596-01-01,,active
7003,1026453,1026454,1596-01-01,,active
7003,1026455,1026456,1596-01-01,,active
7003,1026457,1026458,1596-01-01,,active
7003,1026459,1026460,1596-01-01,,active
7003,1026461,1026462,1596-01-01,,active
7003,1026463,1026464,1596-01-01,,active
7003,1026465,1026466,1596-01-01,,active
7003,1026467,1026468,1596-01-01,,active
7003,1026469,1026470,1596-01-01,,active
7003,1026471,1026472,1596-01-01,,active
7003,1026473,1026474,1596-01-01,,active
7003,1026475,1026476,1596-01-01,,active
7003,1026477,1026478,1596-01-01,,active
7003,1026479,1026480,1596-01-01,,active
7003,1026481,1026482,1596-01-01,,active
7003,1026483,1026484,1596-01-01,,active
7003,1026485,1026486,1596-01-01,,active
7003,1026487,1026488,1596-01-01,,active
7003,1026489,1026490,1596-01-01,,active
7003,1026491,1026492,1596-01-01,,active
7003,1026493,1026494,1596-01-01,,active
7003,1026495,1026496,1596-01-01,,active
7003,1026497,1026498,1596-01-01,,active
7003,1026499,1026500,1596-01-01,,active
7003,1026501,1026502,1596-01-01,,active
7003,1026503,1026504,1596-01-01,,active
7003,1026505,1026506,1596-01-01,,active
7003,1026507,1026508,1596-01-01,,active
7003,1026509,1026510,1596-01-01,,active
7003,1026511,1026512,1596-01-01,,active
7003,1026513,1026514,1596-01-01,,active
7003,1026515,1026516,1596-01-01,,active
7003,1026517,1026518,1596-01-01,,active
7003,1026519,1026520,1596-01-01,,active
7003,1026521,1026522,1596-01-01,,active
7003,1026523,1026524,1596-01-01,,active
7003,1026525,1026526,1596-01-01,,active
7003,1026527,1026528,1596-01-01,,active
7003,1026529,1026530,1596-01-01,,active
7003,1026531,1026532,1596-01-01,,active
7003,1026533,1026534,1596-01-01,,active
7003,1026535,1026536,1596-01-01,,active
7003,1026537,1026538,1596-01-01,,active
7003,1026539,1026540,1596-01-01,,active
7003,1026541,1026542,1596-01-01,,active
7003,1026543,1026544,1596-01-01,,active
7003,1026545,1026546,1596-01-01,,active
7003,1026547,1026548,1596-01-01,,active
7003,1026549,1026550,1596-01-01,,active
7003,1026551,1026552,1596-01-01,,active
7003,1026553,1026554,1596-01-01,,active
7003,1026555,1026556,1596-01-01,,active
7003,1026557,1026558,1596-01-01,,active
7003,1026559,1026560,1596-01-01,,active
7003,1026561,1026562,1596-01-01,,active
7003,1026563,1026564,1596-01-01,,active
7003,1026565,1026566,1596-01-01,,active
7003,1026567,1026568,1596-01-01,,active
7003,1026569,1026570,1596-01-01,,active
7003,1026571,1026572,1596-01-01,,active
7003,1026573,1026574,1596-01-01,,active
7003,1026575,1026576,1596-01-01,,active
7003,1026577,1026578,1596-01-01,,active
7003,1026579,1026580,1596-01-01,,active
7003,1026581,1026582,1596-01-01,,active
7003,1026583,1026584,1596-01-01,,active
7003,1026585,1026586,1596-01-01,,active
7003,1026587,1026588,1596-01-01,,active
7003,1026589,1026590,1596-01-01,,active
7003,1026591,1026592,1596-01-01,,active
7003,1026593,1026594,1596-01-01,,active
7003,1026595,1026596,1596-01-01,,active
7003,1026597,1026598,1596-01-01,,active
7003,1026599,1026600,1596-01-01,,active
7003,1026601,1026602,1596-01-01,,active
7003,1026603,1026604,1596-01-01,,active
7003,1026605,1026606,1596-01-01,,active
7003,1026607,1026608,1596-01-01,,active
7003,1026609,1026610,1596-01-01,,active
7003,1026611,1026612,1596-01-01,,active
7003,1026613,1026614,1596-01-01,,active
7003,1026615,1026616,1596-01-01,,active
7003,1026617,1026618,1596-01-01,,active
7003,1026619,1026620,1596-01-01,,active
7003,1026621,1026622,1596-01-01,,active
7003,1026623,1026624,1596-01-01,,active
7003,1026625,1026626,1596-01-01,,active
7003,1026627,1026628,1596-01-01,,active
7003,1026629,1026630,1596-01-01,,active
7003,1026631,1026632,1596-01-01,,active
7003,1026633,1026634,1596-01-01,,active
7003,1026635,1026636,1596-01-01,,active
7003,1026637,1026638,1596-01-01,,active
7003,1026639,1026640,1596-01-01,,active
7003,1026641,1026642,1596-01-01,,active
7003,1026643,1026644,1596-01-01,,active
7003,1026645,1026646,1596-01-01,,active
7003,1026647,1026648,1596-01-01,,active
7003,1026649,1026650,1596-01-01,,active
7003,1026651,1026652,1596-01-01,,active
7003,1026653,1026654,1596-01-01,,active
7003,1026655,1026656,1596-01-01,,active
7003,1026657,1026658,1596-01-01,,active
7003,1026659,1026660,1596-01-01,,active
7003,1026661,1026662,1596-01-01,,active
7003,1026663,1026664,1596-01-01,,active
7003,1026665,1026666,1596-01-01,,active
7003,1026667,1026668,1596-01-01,,active
7003,1026669,1026670,1596-01-01,,active
7003,1026671,1026672,1596-01-01,,active
7003,1026673,1026674,1596-01-01,,active
7003,1026675,1026676,1596-01-01,,active
7003,1026677,1026678,1596-01-01,,active
7003,1026679,1026680,1596-01-01,,active
7003,1026681,1026682,1596-01-01,,active
7003,1026683,1026684,1596-01-01,,active
7003,1026685,1026686,1596-01-01,,active
7003,1026687,1026688,1596-01-01,,active
7003,1026689,1026690,1596-01-01,,active
7003,1026691,1026692,1596-01-01,,active
7003,1026693,1026694,1596-01-01,,active
7003,1026695,1026696,1596-01-01,,active
7003,1026697,1026698,1596-01-01,,active
7003,1026699,1026700,1596-01-01,,active
7003,1026701,1026702,1596-01-01,,active
7003,1026703,1026704,1596-01-01,,active
7003,1026705,1026706,1596-01-01,,active
7003,1026707,1026708,1596-01-01,,active
7003,1026709,1026710,1596-01-01,,active
7003,1026711,1026712,1596-01-01,,active
7003,1026713,1026714,1596-01-01,,active
7003,1026715,1026716,1596-01-01,,active
7003,1026717,1026718,1596-01-01,,active
7003,1026719,1026720,1596-01-01,,active
7003,1026721,1026722,1596-01-01,,active
7003,1026723,1026724,1596-01-01,,active
7003,1026725,1026726,1596-01-01,,active
7003,1026727,1026728,1596-01-01,,active
7003,1026729,1026730,1596-01-01,,active
7003,1026731,1026732,1596-01-01,,active
7003,1026733,1026734,1596-01-01,,active
7003,1026735,1026736,1596-01-01,,active
7003,1026737,1026738,1596-01-01,,active
7003,1026739,1026740,1596-01-01,,active
7003,1026741,1026742,1596-01-01,,active
7003,1026743,1026744,1596-01-01,,active
7003,1026745,1026746,1596-01-01,,active
7003,1026747,1026748,1596-01-01,,active
7003,1026749,1026750,1596-01-01,,active
7003,1026751,1026752,1596-01-01,,active
7003,1026753,1026754,1614-01-01,,active
7003,1026755,1026756,1614-01-01,,active
7003,1026757,1026758,1614-01-01,,active
7003,1026759,1026760,1614-01-01,,active
7003,1026761,1026762,1614-01-01,,active
7003,1026763,1026764,1614-01-01,,active
7003,1026765,1026766,1614-01-01,,active
7003,1026767,1026768,1614-01-01,,active
7003,1026769,1026770,1614-01-01,,active
7003,1026771,1026772,1614-01-01,,active
7003,1026773,1026774,1614-01-01,,active
7003,1026775,1026776,1614-01-01,,active
7003,1026777,1026778,1614-01-01,,active
7003,1026779,1026780,1614-01-01,,active
7003,1026781,1026782,1614-01-01,,active
7003,1026783,1026784,1614-01-01,,active
7003,1026785,1026786,1614-01-01,,active
7003,1026787,1026788,1614-01-01,,active
7003,1026789,1026790,1614-01-01,,active
7003,1026791,1026792,1614-01-01,,active
7003,1026793,1026794,1614-01-01,,active
7003,1026795,1026796,1614-01-01,,active
7003,1026797,1026798,1614-01-01,,active
7003,1026799,1026800,1614-01-01,,active
7003,1026801,1026802,1614-01-01,,active
7003,1026803,1026804,1614-01-01,,active
7003,1026805,1026806,1614-01-01,,active
7003,1026807,1026808,1614-01-01,,active
7003,1026809,1026810,1614-01-01,,active
7003,1026811,1026812,1614-01-01,,active
7003,1026813,1026814,1614-01-01,,active
7003,1026815,1026816,1614-01-01,,active
7003,1026817,1026818,1614-01-01,,active
7003,1026819,1026820,1614-01-01,,active
7003,1026821,1026822,1614-01-01,,active
7003,1026823,1026824,1614-01-01,,active
7003,1026825,1026826,1614-01-01,,active
7003,1026827,1026828,1614-01-01,,active
7003,1026829,1026830,1614-01-01,,active
7003,1026831,1026832,1614-01-01,,active
7003,1026833,1026834,1614-01-01,,active
7003,1026835,1026836,1614-01-01,,active
7003,1026837,1026838,1614-01-01,,active
7003,1026839,1026840,1614-01-01,,active
7003,1026841,1026842,1614-01-01,,active
7003,1026843,1026844,1614-01-01,,active
7003,1026845,1026846,1614-01-01,,active
7003,1026847,1026848,1614-01-01,,active
7003,1026849,1026850,1614-01-01,,active
7003,1026851,1026852,1614-01-01,,active
7003,1026853,1026854,1614-01-01,,active
7003,1026855,1026856,1614-01-01,,active
7003,1026857,1026858,1614-01-01,,active
7003,1026859,1026860,1614-01-01,,active
7003,1026861,1026862,1614-01-01,,active
7003,1026863,1026864,1614-01-01,,active
7003,1026865,1026866,1614-01-01,,active
7003,1026867,1026868,1614-01-01,,active
7003,1026869,1026870,1614-01-01,,active
7003,1026871,1026872,1614-01-01,,active
7003,1026873,1026874,1614-01-01,,active
7003,1026875,1026876,1614-01-01,,active
7003,1026877,1026878,1614-01-01,,active
7003,1026879,1026880,1614-01-01,,active
7003,1026881,1026882,1614-01-01,,active
7003,1026883,1026884,1614-01-01,,active
7003,1026885,1026886,1614-01-01,,active
7003,1026887,1026888,1614-01-01,,active
7003,1026889,1026890,1614-01-01,,active
7003,1026891,1026892,1614-01-01,,active
7003,1026893,1026894,1614-01-01,,active
7003,1026895,1026896,1614-01-01,,active
7003,1026897,1026898,1614-01-01,,active
7003,1026899,1026900,1614-01-01,,active
7003,1026901,1026902,1614-01-01,,active
7003,1026903,1026904,1614-01-01,,active
7003,1026905,1026906,1614-01-01,,active
7003,1026907,1026908,1614-01-01,,active
7003,1026909,1026910,1614-01-01,,active
7003,1026911,1026912,1614-01-01,,active
7003,1026913,1026914,1614-01-01,,active
7003,1026915,1026916,1614-01-01,,active
7003,1026917,1026918,1614-01-01,,active
7003,1026919,1026920,1614-01-01,,active
7003,1026921,1026922,1614-01-01,,active
7003,1026923,1026924,1614-01-01,,active
7003,1026925,1026926,1614-01-01,,active
7003,1026927,1026928,1614-01-01,,active
7003,1026929,1026930,1614-01-01,,active
7003,1026931,1026932,1614-01-01,,active
7003,1026933,1026934,1614-01-01,,active
7003,1026935,1026936,1614-01-01,,active
7003,1026937,1026938,1614-01-01,,active
7003,1026939,1026940,1614-01-01,,active
7003,1026941,1026942,1614-01-01,,active
7003,1026943,1026944,1614-01-01,,active
7003,1026945,1026946,1614-01-01,,active
7003,1026947,1026948,1614-01-01,,active
7003,1026949,1026950,1614-01-01,,active
7003,1026951,1026952,1614-01-01,,active
7003,1026953,1026954,1614-01-01,,active
7003,1026955,1026956,1614-01-01,,active
7003,1026957,1026958,1614-01-01,,active
7003,1026959,1026960,1614-01-01,,active
7003,1026961,1026962,1614-01-01,,active
7003,1026963,1026964,1614-01-01,,active
7003,1026965,1026966,1614-01-01,,active
7003,1026967,1026968,1614-01-01,,active
7003,1026969,1026970,1614-01-01,,active
7003,1026971,1026972,1614-01-01,,active
7003,1026973,1026974,1614-01-01,,active
7003,1026975,1026976,1614-01-01,,active
7003,1026977,1026978,1614-01-01,,active
7003,1026979,1026980,1614-01-01,,active
7003,1026981,1026982,1614-01-01,,active
7003,1026983,1026984,1614-01-01,,active
7003,1026985,1026986,1614-01-01,,active
7003,1026987,1026988,1614-01-01,,active
7003,1026989,1026990,1614-01-01,,active
7003,1026991,1026992,1614-01-01,,active
7003,1026993,1026994,1614-01-01,,active
7003,1026995,1026996,1614-01-01,,active
7003,1026997,1026998,1614-01-01,,active
7003,1026999,1027000,1614-01-01,,active
7003,1027001,1027002,1614-01-01,,active
7003,1027003,1027004,1614-01-01,,active
7003,1027005,1027006,1614-01-01,,active
7003,1027007,1027008,1614-01-01,,active
7003,1027009,1027010,1614-01-01,,active
7003,1027011,1027012,1614-01-01,,active
7003,1027013,1027014,1614-01-01,,active
7003,1027015,1027016,1614-01-01,,active
7003,1027017,1027018,1614-01-01,,active
7003,1027019,1027020,1614-01-01,,active
7003,1027021,1027022,1614-01-01,,active
7003,1027023,1027024,1614-01-01,,active
7003,1027025,1027026,1614-01-01,,active
7003,1027027,1027028,1614-01-01,,active
7003,1027029,1027030,1614-01-01,,active
7003,1027031,1027032,1614-01-01,,active
7003,1027033,1027034,1614-01-01,,active
7003,1027035,1027036,1614-01-01,,active
7003,1027037,1027038,1614-01-01,,active
7003,1027039,1027040,1614-01-01,,active
7003,1027041,1027042,1614-01-01,,active
7003,1027043,1027044,1614-01-01,,active
7003,1027045,1027046,1614-01-01,,active
7003,1027047,1027048,1614-01-01,,active
7003,1027049,1027050,1614-01-01,,active
7003,1027051,1027052,1614-01-01,,active
7003,1027053,1027054,1614-01-01,,active
7003,1027055,1027056,1614-01-01,,active
7003,1027057,1027058,1614-01-01,,active
7003,1027059,1027060,1614-01-01,,active
7003,1027061,1027062,1614-01-01,,active
7003,1027063,1027064,1614-01-01,,active
7003,1027065,1027066,1614-01-01,,active
7003,1027067,1027068,1614-01-01,,active
7003,1027069,1027070,1614-01-01,,active
7003,1027071,1027072,1614-01-01,,active
7003,1027073,1027074,1614-01-01,,active
7003,1027075,1027076,1614-01-01,,active
7003,1027077,1027078,1614-01-01,,active
7003,1027079,1027080,1614-01-01,,active
7003,1027081,1027082,1614-01-01,,active
7003,1027083,1027084,1614-01-01,,active
7003,1027085,1027086,1614-01-01,,active
7003,1027087,1027088,1614-01-01,,active
7003,1027089,1027090,1614-01-01,,active
7003,1027091,1027092,1614-01-01,,active
7003,1027093,1027094,1614-01-01,,active
7003,1027095,1027096,1614-01-01,,active
7003,1027097,1027098,1614-01-01,,active
7003,1027099,1027100,1614-01-01,,active
7003,1027101,1027102,1614-01-01,,active
7003,1027103,1027104,1614-01-01,,active
7003,1027105,1027106,1614-01-01,,active
7003,1027107,1027108,1614-01-01,,active
7003,1027109,1027110,1614-01-01,,active
7003,1027111,1027112,1614-01-01,,active
7003,1027113,1027114,1614-01-01,,active
7003,1027115,1027116,1614-01-01,,active
7003,1027117,1027118,1614-01-01,,active
7003,1027119,1027120,1614-01-01,,active
7003,1027121,1027122,1614-01-01,,active
7003,1027123,1027124,1614-01-01,,active
7003,1027125,1027126,1614-01-01,,active
7003,1027127,1027128,1614-01-01,,active
7003,1027129,1027130,1614-01-01,,active
7003,1027131,1027132,1614-01-01,,active
7003,1027133,1027134,1614-01-01,,active
7003,1027135,1027136,1614-01-01,,active
7003,1027137,1027138,1614-01-01,,active
7003,1027139,1027140,1614-01-01,,active
7003,1027141,1027142,1614-01-01,,active
7003,1027143,1027144,1614-01-01,,active
7003,1027145,1027146,1614-01-01,,active
7003,1027147,1027148,1614-01-01,,active
7003,1027149,1027150,1614-01-01,,active
7003,1027151,1027152,1614-01-01,,active
7003,1027153,1027154,1614-01-01,,active
7003,1027155,1027156,1614-01-01,,active
7003,1027157,1027158,1614-01-01,,active
7003,1027159,1027160,1614-01-01,,active
7003,1027161,1027162,1614-01-01,,active
7003,1027163,1027164,1614-01-01,,active
7003,1027165,1027166,1614-01-01,,active
7003,1027167,1027168,1614-01-01,,active
7003,1027169,1027170,1614-01-01,,active
7003,1027171,1027172,1614-01-01,,active
7003,1027173,1027174,1614-01-01,,active
7003,1027175,1027176,1614-01-01,,active
7003,1027177,1027178,1614-01-01,,active
7003,1027179,1027180,1614-01-01,,active
7003,1027181,1027182,1614-01-01,,active
7003,1027183,1027184,1614-01-01,,active
7003,1027185,1027186,1614-01-01,,active
7003,1027187,1027188,1614-01-01,,active
7003,1027189,1027190,1614-01-01,,active
7003,1027191,1027192,1614-01-01,,active
7003,1027193,1027194,1614-01-01,,active
7003,1027195,1027196,1614-01-01,,active
7003,1027197,1027198,1614-01-01,,active
7003,1027199,1027200,1614-01-01,,active
7003,1027201,1027202,1614-01-01,,active
7003,1027203,1027204,1614-01-01,,active
7003,1027205,1027206,1614-01-01,,active
7003,1027207,1027208,1614-01-01,,active
7003,1027209,1027210,1614-01-01,,active
7003,1027211,1027212,1614-01-01,,active
7003,1027213,1027214,1614-01-01,,active
7003,1027215,1027216,1614-01-01,,active
7003,1027217,1027218,1614-01-01,,active
7003,1027219,1027220,1614-01-01,,active
7003,1027221,1027222,1614-01-01,,active
7003,1027223,1027224,1614-01-01,,active
7003,1027225,1027226,1614-01-01,,active
7003,1027227,1027228,1614-01-01,,active
7003,1027229,1027230,1614-01-01,,active
7003,1027231,1027232,1614-01-01,,active
7003,1027233,1027234,1614-01-01,,active
7003,1027235,1027236,1614-01-01,,active
7003,1027237,1027238,1614-01-01,,active
7003,1027239,1027240,1614-01-01,,active
7003,1027241,1027242,1614-01-01,,active
7003,1027243,1027244,1614-01-01,,active
7003,1027245,1027246,1614-01-01,,active
7003,1027247,1027248,1614-01-01,,active
7003,1027249,1027250,1614-01-01,,active
7003,1027251,1027252,1632-01-01,,active
7003,1027251,1027254,1632-01-01,,active
7003,1027252,1027707,1632-01-01,,active
7003,1027253,1027254,1632-01-01,,active
7003,1027253,1027256,1632-01-01,,active
7003,1027255,1027256,1632-01-01,,active
7003,1027255,1027258,1632-01-01,,active
7003,1027257,1027258,1632-01-01,,active
7003,1027257,1027260,1632-01-01,,active
7003,1027259,1027260,1632-01-01,,active
7003,1027259,1027262,1632-01-01,,active
7003,1027261,1027262,1632-01-01,,active
7003,1027261,1027264,1632-01-01,,active
7003,1027263,1027264,1632-01-01,,active
7003,1027263,1027266,1632-01-01,,active
7003,1027265,1027266,1632-01-01,,active
7003,1027265,1027268,1632-01-01,,active
7003,1027267,1027268,1632-01-01,,active
7003,1027267,1027270,1632-01-01,,active
7003,1027269,1027270,1632-01-01,,active
7003,1027269,1027272,1632-01-01,,active
7003,1027271,1027272,1632-01-01,,active
7003,1027271,1027274,1632-01-01,,active
7003,1027273,1027274,1632-01-01,,active
7003,1027273,1027276,1632-01-01,,active
7003,1027275,1027276,1632-01-01,,active
7003,1027275,1027278,1632-01-01,,active
7003,1027277,1027278,1632-01-01,,active
7003,1027277,1027280,1632-01-01,,active
7003,1027279,1027280,1632-01-01,,active
7003,1027279,1027282,1632-01-01,,active
7003,1027281,1027282,1632-01-01,,active
7003,1027281,1027284,1632-01-01,,active
7003,1027283,1027284,1632-01-01,,active
7003,1027283,1027286,1632-01-01,,active
7003,1027285,1027286,1632-01-01,,active
7003,1027285,1027288,1632-01-01,,active
7003,1027287,1027288,1632-01-01,,active
7003,1027287,1027290,1632-01-01,,active
7003,1027289,1027290,1632-01-01,,active
7003,1027289,1027292,1632-01-01,,active
7003,1027291,1027292,1632-01-01,,active
7003,1027291,1027294,1632-01-01,,active
7003,1027293,1027294,1632-01-01,,active
7003,1027293,1027296,1632-01-01,,active
7003,1027295,1027296,1632-01-01,,active
7003,1027295,1027298,1632-01-01,,active
7003,1027297,1027298,1632-01-01,,active
7003,1027297,1027300,1632-01-01,,active
7003,1027299,1027300,1632-01-01,,active
7003,1027299,1027302,1632-01-01,,active
7003,1027301,1027302,1632-01-01,,active
7003,1027301,1027304,1632-01-01,,active
7003,1027303,1027304,1632-01-01,,active
7003,1027303,1027306,1632-01-01,,active
7003,1027305,1027306,1632-01-01,,active
7003,1027305,1027308,1632-01-01,,active
7003,1027307,1027308,1632-01-01,,active
7003,1027307,1027310,1632-01-01,,active
7003,1027309,1027310,1632-01-01,,active
7003,1027309,1027312,1632-01-01,,active
7003,1027311,1027312,1632-01-01,,active
7003,1027311,1027314,1632-01-01,,active
7003,1027313,1027314,1632-01-01,,active
7003,1027313,1027316,1632-01-01,,active
7003,1027315,1027316,1632-01-01,,active
7003,1027315,1027318,1632-01-01,,active
7003,1027317,1027318,1632-01-01,,active
7003,1027317,1027320,1632-01-01,,active
7003,1027319,1027320,1632-01-01,,active
7003,1027319,1027322,1632-01-01,,active
7003,1027321,1027322,1632-01-01,,active
7003,1027321,1027324,1632-01-01,,active
7003,1027323,1027324,1632-01-01,,active
7003,1027323,1027326,1632-01-01,,active
7003,1027325,1027326,1632-01-01,,active
7003,1027325,1027328,1632-01-01,,active
7003,1027327,1027328,1632-01-01,,active
7003,1027327,1027330,1632-01-01,,active
7003,1027329,1027330,1632-01-01,,active
7003,1027329,1027332,1632-01-01,,active
7003,1027331,1027332,1632-01-01,,active
7003,1027331,1027334,1632-01-01,,active
7003,1027333,1027334,1632-01-01,,active
7003,1027333,1027336,1632-01-01,,active
7003,1027335,1027336,1632-01-01,,active
7003,1027335,1027338,1632-01-01,,active
7003,1027337,1027338,1632-01-01,,active
7003,1027337,1027340,1632-01-01,,active
7003,1027339,1027340,1632-01-01,,active
7003,1027339,1027342,1632-01-01,,active
7003,1027341,1027342,1632-01-01,,active
7003,1027341,1027344,1632-01-01,,active
7003,1027343,1027344,1632-01-01,,active
7003,1027343,1027346,1632-01-01,,active
7003,1027345,1027346,1632-01-01,,active
7003,1027345,1027348,1632-01-01,,active
7003,1027347,1027348,1632-01-01,,active
7003,1027347,1027350,1632-01-01,,active
7003,1027349,1027350,1632-01-01,,active
7003,1027349,1027352,1632-01-01,,active
7003,1027351,1027352,1632-01-01,,active
7003,1027351,1027354,1632-01-01,,active
7003,1027353,1027354,1632-01-01,,active
7003,1027353,1027356,1632-01-01,,active
7003,1027355,1027356,1632-01-01,,active
7003,1027355,1027358,1632-01-01,,active
7003,1027357,1027358,1632-01-01,,active
7003,1027357,1027360,1632-01-01,,active
7003,1027359,1027360,1632-01-01,,active
7003,1027359,1027362,1632-01-01,,active
7003,1027361,1027362,1632-01-01,,active
7003,1027361,1027364,1632-01-01,,active
7003,1027363,1027364,1632-01-01,,active
7003,1027363,1027366,1632-01-01,,active
7003,1027365,1027366,1632-01-01,,active
7003,1027365,1027368,1632-01-01,,active
7003,1027367,1027368,1632-01-01,,active
7003,1027367,1027370,1632-01-01,,active
7003,1027369,1027370,1632-01-01,,active
7003,1027369,1027372,1632-01-01,,active
7003,1027371,1027372,1632-01-01,,active
7003,1027371,1027374,1632-01-01,,active
7003,1027373,1027374,1632-01-01,,active
7003,1027373,1027376,1632-01-01,,active
7003,1027375,1027376,1632-01-01,,active
7003,1027375,1027378,1632-01-01,,active
7003,1027377,1027378,1632-01-01,,active
7003,1027377,1027380,1632-01-01,,active
7003,1027379,1027380,1632-01-01,,active
7003,1027379,1027382,1632-01-01,,active
7003,1027381,1027382,1632-01-01,,active
7003,1027381,1027384,1632-01-01,,active
7003,1027383,1027384,1632-01-01,,active
7003,1027383,1027386,1632-01-01,,active
7003,1027385,1027386,1632-01-01,,active
7003,1027385,1027388,1632-01-01,,active
7003,1027387,1027388,1632-01-01,,active
7003,1027387,1027390,1632-01-01,,active
7003,1027389,1027390,1632-01-01,,active
7003,1027389,1027392,1632-01-01,,active
7003,1027391,1027392,1632-01-01,,active
7003,1027391,1027394,1632-01-01,,active
7003,1027393,1027394,1632-01-01,,active
7003,1027393,1027396,1632-01-01,,active
7003,1027395,1027396,1632-01-01,,active
7003,1027395,1027398,1632-01-01,,active
7003,1027397,1027398,1632-01-01,,active
7003,1027397,1027400,1632-01-01,,active
7003,1027399,1027400,1632-01-01,,active
7003,1027399,1027402,1632-01-01,,active
7003,1027401,1027402,1632-01-01,,active
7003,1027401,1027404,1632-01-01,,active
7003,1027403,1027404,1632-01-01,,active
7003,1027403,1027406,1632-01-01,,active
7003,1027405,1027406,1632-01-01,,active
7003,1027405,1027408,1632-01-01,,active
7003,1027407,1027408,1632-01-01,,active
7003,1027407,1027410,1632-01-01,,active
7003,1027409,1027410,1632-01-01,,active
7003,1027409,1027412,1632-01-01,,active
7003,1027411,1027412,1632-01-01,,active
7003,1027411,1027414,1632-01-01,,active
7003,1027413,1027414,1632-01-01,,active
7003,1027413,1027416,1632-01-01,,active
7003,1027415,1027416,1632-01-01,,active
7003,1027415,1027418,1632-01-01,,active
7003,1027417,1027418,1632-01-01,,active
7003,1027417,1027420,1632-01-01,,active
7003,1027419,1027420,1632-01-01,,active
7003,1027419,1027422,1632-01-01,,active
7003,1027421,1027422,1632-01-01,,active
7003,1027421,1027424,1632-01-01,,active
7003,1027423,1027424,1632-01-01,,active
7003,1027423,1027426,1632-01-01,,active
7003,1027425,1027426,1632-01-01,,active
7003,1027425,1027428,1632-01-01,,active
7003,1027427,1027428,1632-01-01,,active
7003,1027427,1027430,1632-01-01,,active
7003,1027429,1027430,1632-01-01,,active
7003,1027429,1027432,1632-01-01,,active
7003,1027431,1027432,1632-01-01,,active
7003,1027431,1027434,1632-01-01,,active
7003,1027433,1027434,1632-01-01,,active
7003,1027433,1027436,1632-01-01,,active
7003,1027435,1027436,1632-01-01,,active
7003,1027435,1027438,1632-01-01,,active
7003,1027437,1027438,1632-01-01,,active
7003,1027437,1027440,1632-01-01,,active
7003,1027439,1027440,1632-01-01,,active
7003,1027439,1027442,1632-01-01,,active
7003,1027441,1027442,1632-01-01,,active
7003,1027441,1027444,1632-01-01,,active
7003,1027443,1027444,1632-01-01,,active
7003,1027443,1027446,1632-01-01,,active
7003,1027445,1027446,1632-01-01,,active
7003,1027445,1027448,1632-01-01,,active
7003,1027447,1027448,1632-01-01,,active
7003,1027447,1027450,1632-01-01,,active
7003,1027449,1027450,1632-01-01,,active
7003,1027449,1027452,1632-01-01,,active
7003,1027451,1027452,1632-01-01,,active
7003,1027451,1027454,1632-01-01,,active
7003,1027453,1027454,1632-01-01,,active
7003,1027453,1027456,1632-01-01,,active
7003,1027455,1027456,1632-01-01,,active
7003,1027455,1027458,1632-01-01,,active
7003,1027457,1027458,1632-01-01,,active
7003,1027457,1027460,1632-01-01,,active
7003,1027459,1027460,1632-01-01,,active
7003,1027459,1027462,1632-01-01,,active
7003,1027461,1027462,1632-01-01,,active
7003,1027461,1027464,1632-01-01,,active
7003,1027463,1027464,1632-01-01,,active
7003,1027463,1027466,1632-01-01,,active
7003,1027465,1027466,1632-01-01,,active
7003,1027465,1027468,1632-01-01,,active
7003,1027467,1027468,1632-01-01,,active
7003,1027467,1027470,1632-01-01,,active
7003,1027469,1027470,1632-01-01,,active
7003,1027469,1027472,1632-01-01,,active
7003,1027471,1027472,1632-01-01,,active
7003,1027471,1027474,1632-01-01,,active
7003,1027473,1027474,1632-01-01,,active
7003,1027473,1027476,1632-01-01,,active
7003,1027475,1027476,1632-01-01,,active
7003,1027475,1027478,1632-01-01,,active
7003,1027477,1027478,1632-01-01,,active
7003,1027477,1027480,1632-01-01,,active
7003,1027479,1027480,1632-01-01,,active
7003,1027479,1027482,1632-01-01,,active
7003,1027481,1027482,1632-01-01,,active
7003,1027481,1027484,1632-01-01,,active
7003,1027483,1027484,1632-01-01,,active
7003,1027483,1027486,1632-01-01,,active
7003,1027485,1027486,1632-01-01,,active
7003,1027485,1027488,1632-01-01,,active
7003,1027487,1027488,1632-01-01,,active
7003,1027487,1027490,1632-01-01,,active
7003,1027489,1027490,1632-01-01,,active
7003,1027489,1027492,1632-01-01,,active
7003,1027491,1027492,1632-01-01,,active
7003,1027491,1027494,1632-01-01,,active
7003,1027493,1027494,1632-01-01,,active
7003,1027493,1027496,1632-01-01,,active
7003,1027495,1027496,1632-01-01,,active
7003,1027495,1027498,1632-01-01,,active
7003,1027497,1027498,1632-01-01,,active
7003,1027497,1027500,1632-01-01,,active
7003,1027499,1027500,1632-01-01,,active
7003,1027499,1027502,1632-01-01,,active
7003,1027501,1027502,1632-01-01,,active
7003,1027501,1027504,1632-01-01,,active
7003,1027503,1027504,1632-01-01,,active
7003,1027503,1027506,1632-01-01,,active
7003,1027505,1027506,1632-01-01,,active
7003,1027505,1027508,1632-01-01,,active
7003,1027507,1027508,1632-01-01,,active
7003,1027507,1027510,1632-01-01,,active
7003,1027509,1027510,1632-01-01,,active
7003,1027509,1027512,1632-01-01,,active
7003,1027511,1027512,1632-01-01,,active
7003,1027511,1027514,1632-01-01,,active
7003,1027513,1027514,1632-01-01,,active
7003,1027513,1027516,1632-01-01,,active
7003,1027515,1027516,1632-01-01,,active
7003,1027515,1027518,1632-01-01,,active
7003,1027517,1027518,1632-01-01,,active
7003,1027517,1027520,1632-01-01,,active
7003,1027519,1027520,1632-01-01,,active
7003,1027519,1027522,1632-01-01,,active
7003,1027521,1027522,1632-01-01,,active
7003,1027521,1027524,1632-01-01,,active
7003,1027523,1027524,1632-01-01,,active
7003,1027523,1027526,1632-01-01,,active
7003,1027525,1027526,1632-01-01,,active
7003,1027525,1027528,1632-01-01,,active
7003,1027527,1027528,1632-01-01,,active
7003,1027527,1027530,1632-01-01,,active
7003,1027529,1027530,1632-01-01,,active
7003,1027529,1027532,1632-01-01,,active
7003,1027531,1027532,1632-01-01,,active
7003,1027531,1027534,1632-01-01,,active
7003,1027533,1027534,1632-01-01,,active
7003,1027533,1027536,1632-01-01,,active
7003,1027535,1027536,1632-01-01,,active
7003,1027535,1027538,1632-01-01,,active
7003,1027537,1027538,1632-01-01,,active
7003,1027537,1027540,1632-01-01,,active
7003,1027539,1027540,1632-01-01,,active
7003,1027539,1027542,1632-01-01,,active
7003,1027541,1027542,1632-01-01,,active
7003,1027541,1027544,1632-01-01,,active
7003,1027543,1027544,1632-01-01,,active
7003,1027543,1027546,1632-01-01,,active
7003,1027545,1027546,1632-01-01,,active
7003,1027545,1027548,1632-01-01,,active
7003,1027547,1027548,1632-01-01,,active
7003,1027547,1027550,1632-01-01,,active
7003,1027549,1027550,1632-01-01,,active
7003,1027549,1027552,1632-01-01,,active
7003,1027551,1027552,1632-01-01,,active
7003,1027551,1027554,1632-01-01,,active
7003,1027553,1027554,1632-01-01,,active
7003,1027553,1027556,1632-01-01,,active
7003,1027555,1027556,1632-01-01,,active
7003,1027555,1027558,1632-01-01,,active
7003,1027557,1027558,1632-01-01,,active
7003,1027557,1027560,1632-01-01,,active
7003,1027559,1027560,1632-01-01,,active
7003,1027559,1027562,1632-01-01,,active
7003,1027561,1027562,1632-01-01,,active
7003,1027561,1027564,1632-01-01,,active
7003,1027563,1027564,1632-01-01,,active
7003,1027563,1027566,1632-01-01,,active
7003,1027565,1027566,1632-01-01,,active
7003,1027565,1027568,1632-01-01,,active
7003,1027567,1027568,1632-01-01,,active
7003,1027567,1027570,1632-01-01,,active
7003,1027569,1027570,1632-01-01,,active
7003,1027569,1027572,1632-01-01,,active
7003,1027571,1027572,1632-01-01,,active
7003,1027571,1027574,1632-01-01,,active
7003,1027573,1027574,1632-01-01,,active
7003,1027573,1027576,1632-01-01,,active
7003,1027575,1027576,1632-01-01,,active
7003,1027575,1027578,1632-01-01,,active
7003,1027577,1027578,1632-01-01,,active
7003,1027577,1027580,1632-01-01,,active
7003,1027579,1027580,1632-01-01,,active
7003,1027579,1027582,1632-01-01,,active
7003,1027581,1027582,1632-01-01,,active
7003,1027581,1027584,1632-01-01,,active
7003,1027583,1027584,1632-01-01,,active
7003,1027583,1027586,1632-01-01,,active
7003,1027585,1027586,1632-01-01,,active
7003,1027585,1027588,1632-01-01,,active
7003,1027587,1027588,1632-01-01,,active
7003,1027587,1027590,1632-01-01,,active
7003,1027589,1027590,1632-01-01,,active
7003,1027589,1027592,1632-01-01,,active
7003,1027591,1027592,1632-01-01,,active
7003,1027591,1027594,1632-01-01,,active
7003,1027593,1027594,1632-01-01,,active
7003,1027593,1027596,1632-01-01,,active
7003,1027595,1027596,1632-01-01,,active
7003,1027595,1027598,1632-01-01,,active
7003,1027597,1027598,1632-01-01,,active
7003,1027597,1027600,1632-01-01,,active
7003,1027599,1027600,1632-01-01,,active
7003,1027599,1027602,1632-01-01,,active
7003,1027601,1027602,1632-01-01,,active
7003,1027601,1027604,1632-01-01,,active
7003,1027603,1027604,1632-01-01,,active
7003,1027603,1027606,1632-01-01,,active
7003,1027605,1027606,1632-01-01,,active
7003,1027605,1027608,1632-01-01,,active
7003,1027607,1027608,1632-01-01,,active
7003,1027607,1027610,1632-01-01,,active
7003,1027609,1027610,1632-01-01,,active
7003,1027609,1027612,1632-01-01,,active
7003,1027611,1027612,1632-01-01,,active
7003,1027611,1027614,1632-01-01,,active
7003,1027613,1027614,1632-01-01,,active
7003,1027613,1027616,1632-01-01,,active
7003,1027615,1027616,1632-01-01,,active
7003,1027615,1027618,1632-01-01,,active
7003,1027617,1027618,1632-01-01,,active
7003,1027617,1027620,1632-01-01,,active
7003,1027619,1027620,1632-01-01,,active
7003,1027619,1027622,1632-01-01,,active
7003,1027621,1027622,1632-01-01,,active
7003,1027621,1027624,1632-01-01,,active
7003,1027623,1027624,1632-01-01,,active
7003,1027623,1027626,1632-01-01,,active
7003,1027625,1027626,1632-01-01,,active
7003,1027627,1027628,1632-01-01,,active
7003,1027629,1027630,1632-01-01,,active
7003,1027631,1027632,1632-01-01,,active
7003,1027633,1027634,1632-01-01,,active
7003,1027635,1027636,1632-01-01,,active
7003,1027637,1027638,1632-01-01,,active
7003,1027639,1027640,1632-01-01,,active
7003,1027641,1027642,1632-01-01,,active
7003,1027643,1027644,1632-01-01,,active
7003,1027645,1027646,1632-01-01,,active
7003,1027647,1027648,1632-01-01,,active
7003,1027649,1027650,1632-01-01,,active
7003,1027651,1027652,1632-01-01,,active
7003,1027653,1027654,1632-01-01,,active
7003,1027655,1027656,1632-01-01,,active
7003,1027657,1027658,1632-01-01,,active
7003,1027659,1027660,1632-01-01,,active
7003,1027661,1027662,1632-01-01,,active
7003,1027663,1027664,1632-01-01,,active
7003,1027665,1027666,1632-01-01,,active
7003,1027667,1027668,1632-01-01,,active
7003,1027669,1027670,1632-01-01,,active
7003,1027671,1027672,1632-01-01,,active
7003,1027673,1027674,1632-01-01,,active
7003,1027675,1027676,1632-01-01,,active
7003,1027677,1027678,1632-01-01,,active
7003,1027679,1027680,1632-01-01,,active
7003,1027681,1027682,1632-01-01,,active
7003,1027683,1027684,1632-01-01,,active
7003,1027685,1027686,1632-01-01,,active
7003,1027687,1027688,1632-01-01,,active
7003,1027689,1027690,1632-01-01,,active
7003,1027691,1027692,1632-01-01,,active
7003,1027693,1027694,1632-01-01,,active
7003,1027695,1027696,1632-01-01,,active
7003,1027697,1027698,1632-01-01,,active
7003,1027699,1027700,1632-01-01,,active
7003,1027701,1027702,1632-01-01,,active
7003,1027703,1027704,1632-01-01,,active
7003,1027705,1027706,1632-01-01,,active
7003,1027708,1027709,1650-01-01,,active
7003,1027710,1027711,1650-01-01,,active
7003,1027712,1027713,1650-01-01,,active
7003,1027714,1027715,1650-01-01,,active
7003,1027716,1027717,1650-01-01,,active
7003,1027718,1027719,1650-01-01,,active
7003,1027720,1027721,1650-01-01,,active
7003,1027722,1027723,1650-01-01,,active
7003,1027724,1027725,1650-01-01,,active
7003,1027726,1027727,1650-01-01,,active
7003,1027728,1027729,1650-01-01,,active
7003,1027730,1027731,1650-01-01,,active
7003,1027732,1027733,1650-01-01,,active
7003,1027734,1027735,1650-01-01,,active
7003,1027736,1027737,1650-01-01,,active
7003,1027738,1027739,1650-01-01,,active
7003,1027740,1027741,1650-01-01,,active
7003,1027742,1027743,1650-01-01,,active
7003,1027744,1027745,1650-01-01,,active
7003,1027746,1027747,1650-01-01,,active
7003,1027748,1027749,1650-01-01,,active
7003,1027750,1027751,1650-01-01,,active
7003,1027752,1027753,1650-01-01,,active
7003,1027754,1027755,1650-01-01,,active
7003,1027756,1027757,1650-01-01,,active
7003,1027758,1027759,1650-01-01,,active
7003,1027760,1027761,1650-01-01,,active
7003,1027762,1027763,1650-01-01,,active
7003,1027764,1027765,1650-01-01,,active
7003,1027766,1027767,1650-01-01,,active
7003,1027768,1027769,1650-01-01,,active
7003,1027770,1027771,1650-01-01,,active
7003,1027772,1027773,1650-01-01,,active
7003,1027774,1027775,1650-01-01,,active
7003,1027776,1027777,1650-01-01,,active
7003,1027778,1027779,1650-01-01,,active
7003,1027780,1027781,1650-01-01,,active
7003,1027782,1027783,1650-01-01,,active
7003,1027784,1027785,1650-01-01,,active
7003,1027786,1027787,1650-01-01,,active
7003,1027788,1027789,1650-01-01,,active
7003,1027790,1027791,1650-01-01,,active
7003,1027792,1027793,1650-01-01,,active
7003,1027794,1027795,1650-01-01,,active
7003,1027796,1027797,1650-01-01,,active
7003,1027798,1027799,1650-01-01,,active
7003,1027800,1027801,1650-01-01,,active
7003,1027802,1027803,1650-01-01,,active
7003,1027804,1027805,1650-01-01,,active
7003,1027806,1027807,1650-01-01,,active
7003,1027808,1027809,1650-01-01,,active
7003,1027810,1027811,1650-01-01,,active
7003,1027812,1027813,1650-01-01,,active
7003,1027814,1027815,1650-01-01,,active
7003,1027816,1027817,1650-01-01,,active
7003,1027818,1027819,1650-01-01,,active
7003,1027820,1027821,1650-01-01,,active
7003,1027822,1027823,1650-01-01,,active
7003,1027824,1027825,1650-01-01,,active
7003,1027826,1027827,1650-01-01,,active
7003,1027828,1027829,1650-01-01,,active
7003,1027830,1027831,1650-01-01,,active
7003,1027832,1027833,1650-01-01,,active
7003,1027834,1027835,1650-01-01,,active
7003,1027836,1027837,1650-01-01,,active
7003,1027838,1027839,1650-01-01,,active
7003,1027840,1027841,1650-01-01,,active
7003,1027842,1027843,1650-01-01,,active
7003,1027844,1027845,1650-01-01,,active
7003,1027846,1027847,1650-01-01,,active
7003,1027848,1027849,1650-01-01,,active
7003,1027850,1027851,1650-01-01,,active
7003,1027852,1027853,1650-01-01,,active
7003,1027854,1027855,1650-01-01,,active
7003,1027856,1027857,1650-01-01,,active
7003,1027858,1027859,1650-01-01,,active
7003,1027860,1027861,1650-01-01,,active
7003,1027862,1027863,1650-01-01,,active
7003,1027864,1027865,1650-01-01,,active
7003,1027866,1027867,1650-01-01,,active
7003,1027868,1027869,1650-01-01,,active
7003,1027870,1027871,1650-01-01,,active
7003,1027872,1027873,1650-01-01,,active
7003,1027874,1027875,1650-01-01,,active
7003,1027876,1027877,1650-01-01,,active
7003,1027878,1027879,1650-01-01,,active
7003,1027880,1027881,1650-01-01,,active
7003,1027882,1027883,1650-01-01,,active
7003,1027884,1027885,1650-01-01,,active
7003,1027886,1027887,1650-01-01,,active
7003,1027888,1027889,1650-01-01,,active
7003,1027890,1027891,1650-01-01,,active
7003,1027892,1027893,1650-01-01,,active
7003,1027894,1027895,1650-01-01,,active
7003,1027896,1027897,1650-01-01,,active
7003,1027898,1027899,1650-01-01,,active
7003,1027900,1027901,1650-01-01,,active
7003,1027902,1027903,1650-01-01,,active
7003,1027904,1027905,1650-01-01,,active
7003,1027906,1027907,1650-01-01,,active
7003,1027908,1027909,1650-01-01,,active
7003,1027910,1027911,1650-01-01,,active
7003,1027912,1027913,1650-01-01,,active
7003,1027914,1027915,1650-01-01,,active
7003,1027916,1027917,1650-01-01,,active
7003,1027918,1027919,1650-01-01,,active
7003,1027920,1027921,1650-01-01,,active
7003,1027922,1027923,1650-01-01,,active
7003,1027924,1027925,1650-01-01,,active
7003,1027926,1027927,1650-01-01,,active
7003,1027928,1027929,1650-01-01,,active
7003,1027930,1027931,1650-01-01,,active
7003,1027932,1027933,1650-01-01,,active
7003,1027934,1027935,1650-01-01,,active
7003,1027936,1027937,1650-01-01,,active
7003,1027938,1027939,1650-01-01,,active
7003,1027940,1027941,1650-01-01,,active
7003,1027942,1027943,1650-01-01,,active
7003,1027944,1027945,1650-01-01,,active
7003,1027946,1027947,1650-01-01,,active
7003,1027948,1027949,1650-01-01,,active
7003,1027950,1027951,1650-01-01,,active
7003,1027952,1027953,1650-01-01,,active
7003,1027954,1027955,1650-01-01,,active
7003,1027956,1027957,1650-01-01,,active
7003,1027958,1027959,1650-01-01,,active
7003,1027960,1027961,1650-01-01,,active
7003,1027962,1027963,1650-01-01,,active
7003,1027964,1027965,1650-01-01,,active
7003,1027966,1027967,1650-01-01,,active
7003,1027968,1027969,1650-01-01,,active
7003,1027970,1027971,1650-01-01,,active
7003,1027972,1027973,1650-01-01,,active
7003,1027974,1027975,1650-01-01,,active
7003,1027976,1027977,1650-01-01,,active
7003,1027978,1027979,1650-01-01,,active
7003,1027980,1027981,1650-01-01,,active
7003,1027982,1027983,1650-01-01,,active
7003,1027984,1027985,1650-01-01,,active
7003,1027986,1027987,1650-01-01,,active
7003,1027988,1027989,1650-01-01,,active
7003,1027990,1027991,1650-01-01,,active
7003,1027992,1027993,1650-01-01,,active
7003,1027994,1027995,1650-01-01,,active
7003,1027996,1027997,1650-01-01,,active
7003,1027998,1027999,1650-01-01,,active
7003,1028000,1028001,1650-01-01,,active
7003,1028002,1028003,1650-01-01,,active
7003,1028004,1028005,1650-01-01,,active
7003,1028006,1028007,1650-01-01,,active
7003,1028008,1028009,1650-01-01,,active
7003,1028010,1028011,1650-01-01,,active
7003,1028012,1028013,1650-01-01,,active
7003,1028014,1028015,1650-01-01,,active
7003,1028016,1028017,1650-01-01,,active
7003,1028018,1028019,1650-01-01,,active
7003,1028020,1028021,1650-01-01,,active
7003,1028022,1028023,1650-01-01,,active
7003,1028024,1028025,1650-01-01,,active
7003,1028026,1028027,1650-01-01,,active
7003,1028028,1028029,1650-01-01,,active
7003,1028030,1028031,1650-01-01,,active
7003,1028032,1028033,1650-01-01,,active
7003,1028034,1028035,1650-01-01,,active
7003,1028036,1028037,1650-01-01,,active
7003,1028038,1028039,1650-01-01,,active
7003,1028040,1028041,1650-01-01,,active
7003,1028042,1028043,1650-01-01,,active
7003,1028044,1028045,1650-01-01,,active
7003,1028046,1028047,1650-01-01,,active
7003,1028048,1028049,1650-01-01,,active
7003,1028050,1028051,1650-01-01,,active
7003,1028052,1028053,1650-01-01,,active
7003,1028054,1028055,1650-01-01,,active
7003,1028056,1028057,1650-01-01,,active
7003,1028058,1028059,1650-01-01,,active
7003,1028060,1028061,1650-01-01,,active
7003,1028062,1028063,1650-01-01,,active
7003,1028064,1028065,1650-01-01,,active
7003,1028066,1028067,1650-01-01,,active
7003,1028068,1028069,1650-01-01,,active
7003,1028070,1028071,1650-01-01,,active
7003,1028072,1028073,1650-01-01,,active
7003,1028074,1028075,1650-01-01,,active
7003,1028076,1028077,1650-01-01,,active
7003,1028078,1028079,1650-01-01,,active
7003,1028080,1028081,1650-01-01,,active
7003,1028082,1028083,1650-01-01,,active
7003,1028084,1028085,1650-01-01,,active
7003,1028086,1028087,1650-01-01,,active
7003,1028088,1028089,1650-01-01,,active
7003,1028090,1028091,1650-01-01,,active
7003,1028092,1028093,1650-01-01,,active
7003,1028094,1028095,1650-01-01,,active
7003,1028096,1028097,1650-01-01,,active
7003,1028098,1028099,1650-01-01,,active
7003,1028100,1028101,1650-01-01,,active
7003,1028102,1028103,1650-01-01,,active
7003,1028104,1028105,1650-01-01,,active
7003,1028106,1028107,1650-01-01,,active
7003,1028108,1028109,1650-01-01,,active
7003,1028110,1028111,1650-01-01,,active
7003,1028112,1028113,1650-01-01,,active
7003,1028114,1028115,1650-01-01,,active
7003,1028116,1028117,1650-01-01,,active
7003,1028118,1028119,1650-01-01,,active
7003,1028120,1028121,1650-01-01,,active
7003,1028122,1028123,1650-01-01,,active
7003,1028124,1028125,1668-01-01,,active
7003,1028126,1028127,1668-01-01,,active
7003,1028128,1028129,1668-01-01,,active
7003,1028130,1028131,1668-01-01,,active
7003,1028132,1028133,1668-01-01,,active
7003,1028134,1028135,1668-01-01,,active
7003,1028136,1028137,1668-01-01,,active
7003,1028138,1028139,1668-01-01,,active
7003,1028140,1028141,1668-01-01,,active
7003,1028142,1028143,1668-01-01,,active
7003,1028144,1028145,1668-01-01,,active
7003,1028146,1028147,1668-01-01,,active
7003,1028148,1028149,1668-01-01,,active
7003,1028150,1028151,1668-01-01,,active
7003,1028152,1028153,1668-01-01,,active
7003,1028154,1028155,1668-01-01,,active
7003,1028156,1028157,1668-01-01,,active
7003,1028158,1028159,1668-01-01,,active
7003,1028160,1028161,1668-01-01,,active
7003,1028162,1028163,1668-01-01,,active
7003,1028164,1028165,1668-01-01,,active
7003,1028166,1028167,1668-01-01,,active
7003,1028168,1028169,1668-01-01,,active
7003,1028170,1028171,1668-01-01,,active
7003,1028172,1028173,1668-01-01,,active
7003,1028174,1028175,1668-01-01,,active
7003,1028176,1028177,1668-01-01,,active
7003,1028178,1028179,1668-01-01,,active
7003,1028180,1028181,1668-01-01,,active
7003,1028182,1028183,1668-01-01,,active
7003,1028184,1028185,1668-01-01,,active
7003,1028186,1028187,1668-01-01,,active
7003,1028188,1028189,1668-01-01,,active
7003,1028190,1028191,1668-01-01,,active
7003,1028192,1028193,1668-01-01,,active
7003,1028194,1028195,1668-01-01,,active
7003,1028196,1028197,1668-01-01,,active
7003,1028198,1028199,1668-01-01,,active
7003,1028200,1028201,1668-01-01,,active
7003,1028202,1028203,1668-01-01,,active
7003,1028204,1028205,1668-01-01,,active
7003,1028206,1028207,1668-01-01,,active
7003,1028208,1028209,1668-01-01,,active
7003,1028210,1028211,1668-01-01,,active
7003,1028212,1028213,1668-01-01,,active
7003,1028214,1028215,1668-01-01,,active
7003,1028216,1028217,1668-01-01,,active
7003,1028218,1028219,1668-01-01,,active
7003,1028220,1028221,1668-01-01,,active
7003,1028222,1028223,1668-01-01,,active
7003,1028224,1028225,1668-01-01,,active
7003,1028226,1028227,1668-01-01,,active
7003,1028228,1028229,1668-01-01,,active
7003,1028230,1028231,1668-01-01,,active
7003,1028232,1028233,1668-01-01,,active
7003,1028234,1028235,1668-01-01,,active
7003,1028236,1028237,1668-01-01,,active
7003,1028238,1028239,1668-01-01,,active
7003,1028240,1028241,1668-01-01,,active
7003,1028242,1028243,1668-01-01,,active
7003,1028244,1028245,1668-01-01,,active
7003,1028246,1028247,1668-01-01,,active
7003,1028248,1028249,1668-01-01,,active
7003,1028250,1028251,1668-01-01,,active
7003,1028252,1028253,1668-01-01,,active
7003,1028254,1028255,1668-01-01,,active
7003,1028256,1028257,1668-01-01,,active
7003,1028258,1028259,1668-01-01,,active
7003,1028260,1028261,1668-01-01,,active
7003,1028262,1028263,1668-01-01,,active
7003,1028264,1028265,1668-01-01,,active
7003,1028266,1028267,1668-01-01,,active
7003,1028268,1028269,1668-01-01,,active
7003,1028270,1028271,1668-01-01,,active
7003,1028272,1028273,1668-01-01,,active
7003,1028274,1028275,1668-01-01,,active
7003,1028276,1028277,1668-01-01,,active
7003,1028278,1028279,1668-01-01,,active
7003,1028280,1028281,1668-01-01,,active
7003,1028282,1028283,1668-01-01,,active
7003,1028284,1028285,1668-01-01,,active
7003,1028286,1028287,1668-01-01,,active
7003,1028288,1028289,1668-01-01,,active
7003,1028290,1028291,1668-01-01,,active
7003,1028292,1028293,1668-01-01,,active
7003,1028294,1028295,1668-01-01,,active
7003,1028296,1028297,1668-01-01,,active
7003,1028298,1028299,1668-01-01,,active
7003,1028300,1028301,1668-01-01,,active
7003,1028302,1028303,1668-01-01,,active
7003,1028304,1028305,1668-01-01,,active
7003,1028306,1028307,1668-01-01,,active
7003,1028308,1028309,1668-01-01,,active
7003,1028310,1028311,1668-01-01,,active
7003,1028312,1028313,1668-01-01,,active
7003,1028314,1028315,1668-01-01,,active
7003,1028316,1028317,1668-01-01,,active
7003,1028318,1028319,1668-01-01,,active
7003,1028320,1028321,1668-01-01,,active
7003,1028322,1028323,1668-01-01,,active
7003,1028324,1028325,1668-01-01,,active
7003,1028326,1028327,1668-01-01,,active
7003,1028328,1028329,1668-01-01,,active
7003,1028330,1028331,1668-01-01,,active
7003,1028332,1028333,1668-01-01,,active
7003,1028334,1028335,1668-01-01,,active
7003,1028336,1028337,1668-01-01,,active
7003,1028338,1028339,1668-01-01,,active
7003,1028340,1028341,1668-01-01,,active
7003,1028342,1028343,1668-01-01,,active
7003,1028344,1028345,1668-01-01,,active
7003,1028346,1028347,1668-01-01,,active
7003,1028348,1028349,1668-01-01,,active
7003,1028350,1028351,1668-01-01,,active
7003,1028352,1028353,1668-01-01,,active
7003,1028354,1028355,1668-01-01,,active
7003,1028356,1028357,1668-01-01,,active
7003,1028358,1028359,1668-01-01,,active
7003,1028360,1028361,1668-01-01,,active
7003,1028362,1028363,1668-01-01,,active
7003,1028364,1028365,1668-01-01,,active
7003,1028366,1028367,1668-01-01,,active
7003,1028368,1028369,1668-01-01,,active
7003,1028370,1028371,1668-01-01,,active
7003,1028372,1028373,1668-01-01,,active
7003,1028374,1028375,1668-01-01,,active
7003,1028376,1028377,1668-01-01,,active
7003,1028378,1028379,1668-01-01,,active
7003,1028380,1028381,1668-01-01,,active
7003,1028382,1028383,1668-01-01,,active
7003,1028384,1028385,1668-01-01,,active
7003,1028386,1028387,1668-01-01,,active
7003,1028388,1028389,1668-01-01,,active
7003,1028390,1028391,1668-01-01,,active
7003,1028392,1028393,1668-01-01,,active
7003,1028394,1028395,1668-01-01,,active
7003,1028396,1028397,1668-01-01,,active
7003,1028398,1028399,1668-01-01,,active
7003,1028400,1028401,1668-01-01,,active
7003,1028402,1028403,1668-01-01,,active
7003,1028404,1028405,1668-01-01,,active
7003,1028406,1028407,1668-01-01,,active
7003,1028408,1028409,1668-01-01,,active
7003,1028410,1028411,1668-01-01,,active
7003,1028412,1028413,1668-01-01,,active
7003,1028414,1028415,1668-01-01,,active
7003,1028416,1028417,1668-01-01,,active
7003,1028418,1028419,1668-01-01,,active
7003,1028420,1028421,1668-01-01,,active
7003,1028422,1028423,1668-01-01,,active
7003,1028424,1028425,1668-01-01,,active
7003,1028426,1028427,1668-01-01,,active
7003,1028428,1028429,1668-01-01,,active
7003,1028430,1028431,1668-01-01,,active
7003,1028432,1028433,1668-01-01,,active
7003,1028434,1028435,1668-01-01,,active
7003,1028436,1028437,1668-01-01,,active
7003,1028438,1028439,1668-01-01,,active
7003,1028440,1028441,1668-01-01,,active
7003,1028442,1028443,1668-01-01,,active
7003,1028444,1028445,1668-01-01,,active
7003,1028446,1028447,1668-01-01,,active
7003,1028448,1028449,1668-01-01,,active
7003,1028450,1028451,1668-01-01,,active
7003,1028452,1028453,1668-01-01,,active
7003,1028454,1028455,1668-01-01,,active
7003,1028456,1028457,1668-01-01,,active
7003,1028458,1028459,1668-01-01,,active
7003,1028460,1028461,1668-01-01,,active
7003,1028462,1028463,1668-01-01,,active
7003,1028464,1028465,1668-01-01,,active
7003,1028466,1028467,1668-01-01,,active
7003,1028468,1028469,1668-01-01,,active
7003,1028470,1028471,1668-01-01,,active
7003,1028472,1028473,1668-01-01,,active
7003,1028474,1028475,1668-01-01,,active
7003,1028476,1028477,1668-01-01,,active
7003,1028478,1028479,1668-01-01,,active
7003,1028480,1028481,1668-01-01,,active
7003,1028482,1028483,1668-01-01,,active
7003,1028484,1028485,1668-01-01,,active
7003,1028486,1028487,1668-01-01,,active
7003,1028488,1028489,1668-01-01,,active
7003,1028490,1028491,1668-01-01,,active
7003,1028492,1028493,1668-01-01,,active
7003,1028494,1028495,1668-01-01,,active
7003,1028496,1028497,1668-01-01,,active
7003,1028498,1028499,1686-01-01,,active
7003,1028498,1028501,1686-01-01,,active
7003,1028499,1028830,1686-01-01,,active
7003,1028500,1028501,1686-01-01,,active
7003,1028500,1028503,1686-01-01,,active
7003,1028502,1028503,1686-01-01,,active
7003,1028502,1028505,1686-01-01,,active
7003,1028504,1028505,1686-01-01,,active
7003,1028504,1028507,1686-01-01,,active
7003,1028506,1028507,1686-01-01,,active
7003,1028506,1028509,1686-01-01,,active
7003,1028508,1028509,1686-01-01,,active
7003,1028508,1028511,1686-01-01,,active
7003,1028510,1028511,1686-01-01,,active
7003,1028510,1028513,1686-01-01,,active
7003,1028512,1028513,1686-01-01,,active
7003,1028512,1028515,1686-01-01,,active
7003,1028514,1028515,1686-01-01,,active
7003,1028514,1028517,1686-01-01,,active
7003,1028516,1028517,1686-01-01,,active
7003,1028516,1028519,1686-01-01,,active
7003,1028518,1028519,1686-01-01,,active
7003,1028518,1028521,1686-01-01,,active
7003,1028520,1028521,1686-01-01,,active
7003,1028520,1028523,1686-01-01,,active
7003,1028522,1028523,1686-01-01,,active
7003,1028522,1028525,1686-01-01,,active
7003,1028524,1028525,1686-01-01,,active
7003,1028524,1028527,1686-01-01,,active
7003,1028526,1028527,1686-01-01,,active
7003,1028526,1028529,1686-01-01,,active
7003,1028528,1028529,1686-01-01,,active
7003,1028528,1028531,1686-01-01,,active
7003,1028530,1028531,1686-01-01,,active
7003,1028530,1028533,1686-01-01,,active
7003,1028532,1028533,1686-01-01,,active
7003,1028532,1028535,1686-01-01,,active
7003,1028534,1028535,1686-01-01,,active
7003,1028534,1028537,1686-01-01,,active
7003,1028536,1028537,1686-01-01,,active
7003,1028536,1028539,1686-01-01,,active
7003,1028538,1028539,1686-01-01,,active
7003,1028538,1028541,1686-01-01,,active
7003,1028540,1028541,1686-01-01,,active
7003,1028540,1028543,1686-01-01,,active
7003,1028542,1028543,1686-01-01,,active
7003,1028542,1028545,1686-01-01,,active
7003,1028544,1028545,1686-01-01,,active
7003,1028544,1028547,1686-01-01,,active
7003,1028546,1028547,1686-01-01,,active
7003,1028546,1028549,1686-01-01,,active
7003,1028548,1028549,1686-01-01,,active
7003,1028548,1028551,1686-01-01,,active
7003,1028550,1028551,1686-01-01,,active
7003,1028550,1028553,1686-01-01,,active
7003,1028552,1028553,1686-01-01,,active
7003,1028552,1028555,1686-01-01,,active
7003,1028554,1028555,1686-01-01,,active
7003,1028554,1028557,1686-01-01,,active
7003,1028556,1028557,1686-01-01,,active
7003,1028556,1028559,1686-01-01,,active
7003,1028558,1028559,1686-01-01,,active
7003,1028558,1028561,1686-01-01,,active
7003,1028560,1028561,1686-01-01,,active
7003,1028560,1028563,1686-01-01,,active
7003,1028562,1028563,1686-01-01,,active
7003,1028562,1028565,1686-01-01,,active
7003,1028564,1028565,1686-01-01,,active
7003,1028564,1028567,1686-01-01,,active
7003,1028566,1028567,1686-01-01,,active
7003,1028566,1028569,1686-01-01,,active
7003,1028568,1028569,1686-01-01,,active
7003,1028568,1028571,1686-01-01,,active
7003,1028570,1028571,1686-01-01,,active
7003,1028570,1028573,1686-01-01,,active
7003,1028572,1028573,1686-01-01,,active
7003,1028572,1028575,1686-01-01,,active
7003,1028574,1028575,1686-01-01,,active
7003,1028574,1028577,1686-01-01,,active
7003,1028576,1028577,1686-01-01,,active
7003,1028576,1028579,1686-01-01,,active
7003,1028578,1028579,1686-01-01,,active
7003,1028578,1028581,1686-01-01,,active
7003,1028580,1028581,1686-01-01,,active
7003,1028580,1028583,1686-01-01,,active
7003,1028582,1028583,1686-01-01,,active
7003,1028582,1028585,1686-01-01,,active
7003,1028584,1028585,1686-01-01,,active
7003,1028584,1028587,1686-01-01,,active
7003,1028586,1028587,1686-01-01,,active
7003,1028586,1028589,1686-01-01,,active
7003,1028588,1028589,1686-01-01,,active
7003,1028588,1028591,1686-01-01,,active
7003,1028590,1028591,1686-01-01,,active
7003,1028590,1028593,1686-01-01,,active
7003,1028592,1028593,1686-01-01,,active
7003,1028592,1028595,1686-01-01,,active
7003,1028594,1028595,1686-01-01,,active
7003,1028594,1028597,1686-01-01,,active
7003,1028596,1028597,1686-01-01,,active
7003,1028596,1028599,1686-01-01,,active
7003,1028598,1028599,1686-01-01,,active
7003,1028598,1028601,1686-01-01,,active
7003,1028600,1028601,1686-01-01,,active
7003,1028600,1028603,1686-01-01,,active
7003,1028602,1028603,1686-01-01,,active
7003,1028602,1028605,1686-01-01,,active
7003,1028604,1028605,1686-01-01,,active
7003,1028604,1028607,1686-01-01,,active
7003,1028606,1028607,1686-01-01,,active
7003,1028606,1028609,1686-01-01,,active
7003,1028608,1028609,1686-01-01,,active
7003,1028608,1028611,1686-01-01,,active
7003,1028610,1028611,1686-01-01,,active
7003,1028610,1028613,1686-01-01,,active
7003,1028612,1028613,1686-01-01,,active
7003,1028612,1028615,1686-01-01,,active
7003,1028614,1028615,1686-01-01,,active
7003,1028614,1028617,1686-01-01,,active
7003,1028616,1028617,1686-01-01,,active
7003,1028616,1028619,1686-01-01,,active
7003,1028618,1028619,1686-01-01,,active
7003,1028618,1028621,1686-01-01,,active
7003,1028620,1028621,1686-01-01,,active
7003,1028620,1028623,1686-01-01,,active
7003,1028622,1028623,1686-01-01,,active
7003,1028622,1028625,1686-01-01,,active
7003,1028624,1028625,1686-01-01,,active
7003,1028624,1028627,1686-01-01,,active
7003,1028626,1028627,1686-01-01,,active
7003,1028626,1028629,1686-01-01,,active
7003,1028628,1028629,1686-01-01,,active
7003,1028628,1028631,1686-01-01,,active
7003,1028630,1028631,1686-01-01,,active
7003,1028630,1028633,1686-01-01,,active
7003,1028632,1028633,1686-01-01,,active
7003,1028632,1028635,1686-01-01,,active
7003,1028634,1028635,1686-01-01,,active
7003,1028634,1028637,1686-01-01,,active
7003,1028636,1028637,1686-01-01,,active
7003,1028636,1028639,1686-01-01,,active
7003,1028638,1028639,1686-01-01,,active
7003,1028638,1028641,1686-01-01,,active
7003,1028640,1028641,1686-01-01,,active
7003,1028640,1028643,1686-01-01,,active
7003,1028642,1028643,1686-01-01,,active
7003,1028642,1028645,1686-01-01,,active
7003,1028644,1028645,1686-01-01,,active
7003,1028644,1028647,1686-01-01,,active
7003,1028646,1028647,1686-01-01,,active
7003,1028646,1028649,1686-01-01,,active
7003,1028648,1028649,1686-01-01,,active
7003,1028648,1028651,1686-01-01,,active
7003,1028650,1028651,1686-01-01,,active
7003,1028650,1028653,1686-01-01,,active
7003,1028652,1028653,1686-01-01,,active
7003,1028652,1028655,1686-01-01,,active
7003,1028654,1028655,1686-01-01,,active
7003,1028654,1028657,1686-01-01,,active
7003,1028656,1028657,1686-01-01,,active
7003,1028656,1028659,1686-01-01,,active
7003,1028658,1028659,1686-01-01,,active
7003,1028658,1028661,1686-01-01,,active
7003,1028660,1028661,1686-01-01,,active
7003,1028660,1028663,1686-01-01,,active
7003,1028662,1028663,1686-01-01,,active
7003,1028662,1028665,1686-01-01,,active
7003,1028664,1028665,1686-01-01,,active
7003,1028664,1028667,1686-01-01,,active
7003,1028666,1028667,1686-01-01,,active
7003,1028666,1028669,1686-01-01,,active
7003,1028668,1028669,1686-01-01,,active
7003,1028668,1028671,1686-01-01,,active
7003,1028670,1028671,1686-01-01,,active
7003,1028670,1028673,1686-01-01,,active
7003,1028672,1028673,1686-01-01,,active
7003,1028672,1028675,1686-01-01,,active
7003,1028674,1028675,1686-01-01,,active
7003,1028674,1028677,1686-01-01,,active
7003,1028676,1028677,1686-01-01,,active
7003,1028676,1028679,1686-01-01,,active
7003,1028678,1028679,1686-01-01,,active
7003,1028678,1028681,1686-01-01,,active
7003,1028680,1028681,1686-01-01,,active
7003,1028680,1028683,1686-01-01,,active
7003,1028682,1028683,1686-01-01,,active
7003,1028682,1028685,1686-01-01,,active
7003,1028684,1028685,1686-01-01,,active
7003,1028684,1028687,1686-01-01,,active
7003,1028686,1028687,1686-01-01,,active
7003,1028686,1028689,1686-01-01,,active
7003,1028688,1028689,1686-01-01,,active
7003,1028688,1028691,1686-01-01,,active
7003,1028690,1028691,1686-01-01,,active
7003,1028690,1028693,1686-01-01,,active
7003,1028692,1028693,1686-01-01,,active
7003,1028692,1028695,1686-01-01,,active
7003,1028694,1028695,1686-01-01,,active
7003,1028694,1028697,1686-01-01,,active
7003,1028696,1028697,1686-01-01,,active
7003,1028696,1028699,1686-01-01,,active
7003,1028698,1028699,1686-01-01,,active
7003,1028698,1028701,1686-01-01,,active
7003,1028700,1028701,1686-01-01,,active
7003,1028700,1028703,1686-01-01,,active
7003,1028702,1028703,1686-01-01,,active
7003,1028702,1028705,1686-01-01,,active
7003,1028704,1028705,1686-01-01,,active
7003,1028704,1028707,1686-01-01,,active
7003,1028706,1028707,1686-01-01,,active
7003,1028706,1028709,1686-01-01,,active
7003,1028708,1028709,1686-01-01,,active
7003,1028708,1028711,1686-01-01,,active
7003,1028710,1028711,1686-01-01,,active
7003,1028710,1028713,1686-01-01,,active
7003,1028712,1028713,1686-01-01,,active
7003,1028712,1028715,1686-01-01,,active
7003,1028714,1028715,1686-01-01,,active
7003,1028714,1028717,1686-01-01,,active
7003,1028716,1028717,1686-01-01,,active
7003,1028716,1028719,1686-01-01,,active
7003,1028718,1028719,1686-01-01,,active
7003,1028718,1028721,1686-01-01,,active
7003,1028720,1028721,1686-01-01,,active
7003,1028720,1028723,1686-01-01,,active
7003,1028722,1028723,1686-01-01,,active
7003,1028722,1028725,1686-01-01,,active
7003,1028724,1028725,1686-01-01,,active
7003,1028724,1028727,1686-01-01,,active
7003,1028726,1028727,1686-01-01,,active
7003,1028726,1028729,1686-01-01,,active
7003,1028728,1028729,1686-01-01,,active
7003,1028728,1028731,1686-01-01,,active
7003,1028730,1028731,1686-01-01,,active
7003,1028730,1028733,1686-01-01,,active
7003,1028732,1028733,1686-01-01,,active
7003,1028732,1028735,1686-01-01,,active
7003,1028734,1028735,1686-01-01,,active
7003,1028734,1028737,1686-01-01,,active
7003,1028736,1028737,1686-01-01,,active
7003,1028736,1028739,1686-01-01,,active
7003,1028738,1028739,1686-01-01,,active
7003,1028738,1028741,1686-01-01,,active
7003,1028740,1028741,1686-01-01,,active
7003,1028740,1028743,1686-01-01,,active
7003,1028742,1028743,1686-01-01,,active
7003,1028742,1028745,1686-01-01,,active
7003,1028744,1028745,1686-01-01,,active
7003,1028744,1028747,1686-01-01,,active
7003,1028746,1028747,1686-01-01,,active
7003,1028748,1028749,1686-01-01,,active
7003,1028750,1028751,1686-01-01,,active
7003,1028752,1028753,1686-01-01,,active
7003,1028754,1028755,1686-01-01,,active
7003,1028756,1028757,1686-01-01,,active
7003,1028758,1028759,1686-01-01,,active
7003,1028760,1028761,1686-01-01,,active
7003,1028762,1028763,1686-01-01,,active
7003,1028764,1028765,1686-01-01,,active
7003,1028766,1028767,1686-01-01,,active
7003,1028768,1028769,1686-01-01,,active
7003,1028770,1028771,1686-01-01,,active
7003,1028772,1028773,1686-01-01,,active
7003,1028774,1028775,1686-01-01,,active
7003,1028776,1028777,1686-01-01,,active
7003,1028778,1028779,1686-01-01,,active
7003,1028780,1028781,1686-01-01,,active
7003,1028782,1028783,1686-01-01,,active
7003,1028784,1028785,1686-01-01,,active
7003,1028786,1028787,1686-01-01,,active
7003,1028788,1028789,1686-01-01,,active
7003,1028790,1028791,1686-01-01,,active
7003,1028792,1028793,1686-01-01,,active
7003,1028794,1028795,1686-01-01,,active
7003,1028796,1028797,1686-01-01,,active
7003,1028798,1028799,1686-01-01,,active
7003,1028800,1028801,1686-01-01,,active
7003,1028802,1028803,1686-01-01,,active
7003,1028804,1028805,1686-01-01,,active
7003,1028806,1028807,1686-01-01,,active
7003,1028808,1028809,1686-01-01,,active
7003,1028810,1028811,1686-01-01,,active
7003,1028812,1028813,1686-01-01,,active
7003,1028814,1028815,1686-01-01,,active
7003,1028816,1028817,1686-01-01,,active
7003,1028818,1028819,1686-01-01,,active
7003,1028820,1028821,1686-01-01,,active
7003,1028822,1028823,1686-01-01,,active
7003,1028824,1028825,1686-01-01,,active
7003,1028826,1028827,1686-01-01,,active
7003,1028828,1028829,1686-01-01,,active
7003,1028831,1028832,1704-01-01,,active
7003,1028831,1028834,1704-01-01,,active
7003,1028832,1029121,1704-01-01,,active
7003,1028833,1028834,1704-01-01,,active
7003,1028833,1028836,1704-01-01,,active
7003,1028835,1028836,1704-01-01,,active
7003,1028835,1028838,1704-01-01,,active
7003,1028837,1028838,1704-01-01,,active
7003,1028837,1028840,1704-01-01,,active
7003,1028839,1028840,1704-01-01,,active
7003,1028839,1028842,1704-01-01,,active
7003,1028841,1028842,1704-01-01,,active
7003,1028841,1028844,1704-01-01,,active
7003,1028843,1028844,1704-01-01,,active
7003,1028843,1028846,1704-01-01,,active
7003,1028845,1028846,1704-01-01,,active
7003,1028845,1028848,1704-01-01,,active
7003,1028847,1028848,1704-01-01,,active
7003,1028847,1028850,1704-01-01,,active
7003,1028849,1028850,1704-01-01,,active
7003,1028849,1028852,1704-01-01,,active
7003,1028851,1028852,1704-01-01,,active
7003,1028851,1028854,1704-01-01,,active
7003,1028853,1028854,1704-01-01,,active
7003,1028853,1028856,1704-01-01,,active
7003,1028855,1028856,1704-01-01,,active
7003,1028855,1028858,1704-01-01,,active
7003,1028857,1028858,1704-01-01,,active
7003,1028857,1028860,1704-01-01,,active
7003,1028859,1028860,1704-01-01,,active
7003,1028859,1028862,1704-01-01,,active
7003,1028861,1028862,1704-01-01,,active
7003,1028861,1028864,1704-01-01,,active
7003,1028863,1028864,1704-01-01,,active
7003,1028863,1028866,1704-01-01,,active
7003,1028865,1028866,1704-01-01,,active
7003,1028865,1028868,1704-01-01,,active
7003,1028867,1028868,1704-01-01,,active
7003,1028867,1028870,1704-01-01,,active
7003,1028869,1028870,1704-01-01,,active
7003,1028869,1028872,1704-01-01,,active
7003,1028871,1028872,1704-01-01,,active
7003,1028871,1028874,1704-01-01,,active
7003,1028873,1028874,1704-01-01,,active
7003,1028873,1028876,1704-01-01,,active
7003,1028875,1028876,1704-01-01,,active
7003,1028875,1028878,1704-01-01,,active
7003,1028877,1028878,1704-01-01,,active
7003,1028877,1028880,1704-01-01,,active
7003,1028879,1028880,1704-01-01,,active
7003,1028879,1028882,1704-01-01,,active
7003,1028881,1028882,1704-01-01,,active
7003,1028881,1028884,1704-01-01,,active
7003,1028883,1028884,1704-01-01,,active
7003,1028883,1028886,1704-01-01,,active
7003,1028885,1028886,1704-01-01,,active
7003,1028885,1028888,1704-01-01,,active
7003,1028887,1028888,1704-01-01,,active
7003,1028887,1028890,1704-01-01,,active
7003,1028889,1028890,1704-01-01,,active
7003,1028889,1028892,1704-01-01,,active
7003,1028891,1028892,1704-01-01,,active
7003,1028891,1028894,1704-01-01,,active
7003,1028893,1028894,1704-01-01,,active
7003,1028893,1028896,1704-01-01,,active
7003,1028895,1028896,1704-01-01,,active
7003,1028895,1028898,1704-01-01,,active
7003,1028897,1028898,1704-01-01,,active
7003,1028897,1028900,1704-01-01,,active
7003,1028899,1028900,1704-01-01,,active
7003,1028899,1028902,1704-01-01,,active
7003,1028901,1028902,1704-01-01,,active
7003,1028901,1028904,1704-01-01,,active
7003,1028903,1028904,1704-01-01,,active
7003,1028903,1028906,1704-01-01,,active
7003,1028905,1028906,1704-01-01,,active
7003,1028905,1028908,1704-01-01,,active
7003,1028907,1028908,1704-01-01,,active
7003,1028907,1028910,1704-01-01,,active
7003,1028909,1028910,1704-01-01,,active
7003,1028909,1028912,1704-01-01,,active
7003,1028911,1028912,1704-01-01,,active
7003,1028911,1028914,1704-01-01,,active
7003,1028913,1028914,1704-01-01,,active
7003,1028913,1028916,1704-01-01,,active
7003,1028915,1028916,1704-01-01,,active
7003,1028915,1028918,1704-01-01,,active
7003,1028917,1028918,1704-01-01,,active
7003,1028917,1028920,1704-01-01,,active
7003,1028919,1028920,1704-01-01,,active
7003,1028919,1028922,1704-01-01,,active
7003,1028921,1028922,1704-01-01,,active
7003,1028921,1028924,1704-01-01,,active
7003,1028923,1028924,1704-01-01,,active
7003,1028923,1028926,1704-01-01,,active
7003,1028925,1028926,1704-01-01,,active
7003,1028925,1028928,1704-01-01,,active
7003,1028927,1028928,1704-01-01,,active
7003,1028927,1028930,1704-01-01,,active
7003,1028929,1028930,1704-01-01,,active
7003,1028929,1028932,1704-01-01,,active
7003,1028931,1028932,1704-01-01,,active
7003,1028931,1028934,1704-01-01,,active
7003,1028933,1028934,1704-01-01,,active
7003,1028933,1028936,1704-01-01,,active
7003,1028935,1028936,1704-01-01,,active
7003,1028935,1028938,1704-01-01,,active
7003,1028937,1028938,1704-01-01,,active
7003,1028937,1028940,1704-01-01,,active
7003,1028939,1028940,1704-01-01,,active
7003,1028939,1028942,1704-01-01,,active
7003,1028941,1028942,1704-01-01,,active
7003,1028941,1028944,1704-01-01,,active
7003,1028943,1028944,1704-01-01,,active
7003,1028943,1028946,1704-01-01,,active
7003,1028945,1028946,1704-01-01,,active
7003,1028945,1028948,1704-01-01,,active
7003,1028947,1028948,1704-01-01,,active
7003,1028947,1028950,1704-01-01,,active
7003,1028949,1028950,1704-01-01,,active
7003,1028949,1028952,1704-01-01,,active
7003,1028951,1028952,1704-01-01,,active
7003,1028951,1028954,1704-01-01,,active
7003,1028953,1028954,1704-01-01,,active
7003,1028953,1028956,1704-01-01,,active
7003,1028955,1028956,1704-01-01,,active
7003,1028955,1028958,1704-01-01,,active
7003,1028957,1028958,1704-01-01,,active
7003,1028957,1028960,1704-01-01,,active
7003,1028959,1028960,1704-01-01,,active
7003,1028959,1028962,1704-01-01,,active
7003,1028961,1028962,1704-01-01,,active
7003,1028961,1028964,1704-01-01,,active
7003,1028963,1028964,1704-01-01,,active
7003,1028963,1028966,1704-01-01,,active
7003,1028965,1028966,1704-01-01,,active
7003,1028965,1028968,1704-01-01,,active
7003,1028967,1028968,1704-01-01,,active
7003,1028967,1028970,1704-01-01,,active
7003,1028969,1028970,1704-01-01,,active
7003,1028969,1028972,1704-01-01,,active
7003,1028971,1028972,1704-01-01,,active
7003,1028971,1028974,1704-01-01,,active
7003,1028973,1028974,1704-01-01,,active
7003,1028973,1028976,1704-01-01,,active
7003,1028975,1028976,1704-01-01,,active
7003,1028975,1028978,1704-01-01,,active
7003,1028977,1028978,1704-01-01,,active
7003,1028977,1028980,1704-01-01,,active
7003,1028979,1028980,1704-01-01,,active
7003,1028979,1028982,1704-01-01,,active
7003,1028981,1028982,1704-01-01,,active
7003,1028981,1028984,1704-01-01,,active
7003,1028983,1028984,1704-01-01,,active
7003,1028983,1028986,1704-01-01,,active
7003,1028985,1028986,1704-01-01,,active
7003,1028985,1028988,1704-01-01,,active
7003,1028987,1028988,1704-01-01,,active
7003,1028987,1028990,1704-01-01,,active
7003,1028989,1028990,1704-01-01,,active
7003,1028989,1028992,1704-01-01,,active
7003,1028991,1028992,1704-01-01,,active
7003,1028991,1028994,1704-01-01,,active
7003,1028993,1028994,1704-01-01,,active
7003,1028993,1028996,1704-01-01,,active
7003,1028995,1028996,1704-01-01,,active
7003,1028995,1028998,1704-01-01,,active
7003,1028997,1028998,1704-01-01,,active
7003,1028997,1029000,1704-01-01,,active
7003,1028999,1029000,1704-01-01,,active
7003,1028999,1029002,1704-01-01,,active
7003,1029001,1029002,1704-01-01,,active
7003,1029001,1029004,1704-01-01,,active
7003,1029003,1029004,1704-01-01,,active
7003,1029003,1029006,1704-01-01,,active
7003,1029005,1029006,1704-01-01,,active
7003,1029005,1029008,1704-01-01,,active
7003,1029007,1029008,1704-01-01,,active
7003,1029007,1029010,1704-01-01,,active
7003,1029009,1029010,1704-01-01,,active
7003,1029009,1029012,1704-01-01,,active
7003,1029011,1029012,1704-01-01,,active
7003,1029011,1029014,1704-01-01,,active
7003,1029013,1029014,1704-01-01,,active
7003,1029013,1029016,1704-01-01,,active
7003,1029015,1029016,1704-01-01,,active
7003,1029015,1029018,1704-01-01,,active
7003,1029017,1029018,1704-01-01,,active
7003,1029017,1029020,1704-01-01,,active
7003,1029019,1029020,1704-01-01,,active
7003,1029019,1029022,1704-01-01,,active
7003,1029021,1029022,1704-01-01,,active
7003,1029021,1029024,1704-01-01,,active
7003,1029023,1029024,1704-01-01,,active
7003,1029023,1029026,1704-01-01,,active
7003,1029025,1029026,1704-01-01,,active
7003,1029025,1029028,1704-01-01,,active
7003,1029027,1029028,1704-01-01,,active
7003,1029027,1029030,1704-01-01,,active
7003,1029029,1029030,1704-01-01,,active
7003,1029029,1029032,1704-01-01,,active
7003,1029031,1029032,1704-01-01,,active
7003,1029031,1029034,1704-01-01,,active
7003,1029033,1029034,1704-01-01,,active
7003,1029033,1029036,1704-01-01,,active
7003,1029035,1029036,1704-01-01,,active
7003,1029035,1029038,1704-01-01,,active
7003,1029037,1029038,1704-01-01,,active
7003,1029037,1029040,1704-01-01,,active
7003,1029039,1029040,1704-01-01,,active
7003,1029041,1029042,1704-01-01,,active
7003,1029043,1029044,1704-01-01,,active
7003,1029045,1029046,1704-01-01,,active
7003,1029047,1029048,1704-01-01,,active
7003,1029049,1029050,1704-01-01,,active
7003,1029051,1029052,1704-01-01,,active
7003,1029053,1029054,1704-01-01,,active
7003,1029055,1029056,1704-01-01,,active
7003,1029057,1029058,1704-01-01,,active
7003,1029059,1029060,1704-01-01,,active
7003,1029061,1029062,1704-01-01,,active
7003,1029063,1029064,1704-01-01,,active
7003,1029065,1029066,1704-01-01,,active
7003,1029067,1029068,1704-01-01,,active
7003,1029069,1029070,1704-01-01,,active
7003,1029071,1029072,1704-01-01,,active
7003,1029073,1029074,1704-01-01,,active
7003,1029075,1029076,1704-01-01,,active
7003,1029077,1029078,1704-01-01,,active
7003,1029079,1029080,1704-01-01,,active
7003,1029081,1029082,1704-01-01,,active
7003,1029083,1029084,1704-01-01,,active
7003,1029085,1029086,1704-01-01,,active
7003,1029087,1029088,1704-01-01,,active
7003,1029089,1029090,1704-01-01,,active
7003,1029091,1029092,1704-01-01,,active
7003,1029093,1029094,1704-01-01,,active
7003,1029095,1029096,1704-01-01,,active
7003,1029097,1029098,1704-01-01,,active
7003,1029099,1029100,1704-01-01,,active
7003,1029101,1029102,1704-01-01,,active
7003,1029103,1029104,1704-01-01,,active
7003,1029105,1029106,1704-01-01,,active
7003,1029107,1029108,1704-01-01,,active
7003,1029109,1029110,1704-01-01,,active
7003,1029111,1029112,1704-01-01,,active
7003,1029113,1029114,1704-01-01,,active
7003,1029115,1029116,1704-01-01,,active
7003,1029117,1029118,1704-01-01,,active
7003,1029119,1029120,1704-01-01,,active
7003,1029122,1029123,1722-01-01,,active
7003,1029124,1029125,1722-01-01,,active
7003,1029126,1029127,1722-01-01,,active
7003,1029128,1029129,1722-01-01,,active
7003,1029130,1029131,1722-01-01,,active
7003,1029132,1029133,1722-01-01,,active
7003,1029134,1029135,1722-01-01,,active
7003,1029136,1029137,1722-01-01,,active
7003,1029138,1029139,1722-01-01,,active
7003,1029140,1029141,1722-01-01,,active
7003,1029142,1029143,1722-01-01,,active
7003,1029144,1029145,1722-01-01,,active
7003,1029146,1029147,1722-01-01,,active
7003,1029148,1029149,1722-01-01,,active
7003,1029150,1029151,1722-01-01,,active
7003,1029152,1029153,1722-01-01,,active
7003,1029154,1029155,1722-01-01,,active
7003,1029156,1029157,1722-01-01,,active
7003,1029158,1029159,1722-01-01,,active
7003,1029160,1029161,1722-01-01,,active
7003,1029162,1029163,1722-01-01,,active
7003,1029164,1029165,1722-01-01,,active
7003,1029166,1029167,1722-01-01,,active
7003,1029168,1029169,1722-01-01,,active
7003,1029170,1029171,1722-01-01,,active
7003,1029172,1029173,1722-01-01,,active
7003,1029174,1029175,1722-01-01,,active
7003,1029176,1029177,1722-01-01,,active
7003,1029178,1029179,1722-01-01,,active
7003,1029180,1029181,1722-01-01,,active
7003,1029182,1029183,1722-01-01,,active
7003,1029184,1029185,1722-01-01,,active
7003,1029186,1029187,1722-01-01,,active
7003,1029188,1029189,1722-01-01,,active
7003,1029190,1029191,1722-01-01,,active
7003,1029192,1029193,1722-01-01,,active
7003,1029194,1029195,1722-01-01,,active
7003,1029196,1029197,1722-01-01,,active
7003,1029198,1029199,1722-01-01,,active
7003,1029200,1029201,1722-01-01,,active
7003,1029202,1029203,1722-01-01,,active
7003,1029204,1029205,1722-01-01,,active
7003,1029206,1029207,1722-01-01,,active
7003,1029208,1029209,1722-01-01,,active
7003,1029210,1029211,1722-01-01,,active
7003,1029212,1029213,1722-01-01,,active
7003,1029214,1029215,1722-01-01,,active
7003,1029216,1029217,1722-01-01,,active
7003,1029218,1029219,1722-01-01,,active
7003,1029220,1029221,1722-01-01,,active
7003,1029222,1029223,1722-01-01,,active
7003,1029224,1029225,1722-01-01,,active
7003,1029226,1029227,1722-01-01,,active
7003,1029228,1029229,1722-01-01,,active
7003,1029230,1029231,1722-01-01,,active
7003,1029232,1029233,1722-01-01,,active
7003,1029234,1029235,1722-01-01,,active
7003,1029236,1029237,1722-01-01,,active
7003,1029238,1029239,1722-01-01,,active
7003,1029240,1029241,1722-01-01,,active
7003,1029242,1029243,1722-01-01,,active
7003,1029244,1029245,1722-01-01,,active
7003,1029246,1029247,1722-01-01,,active
7003,1029248,1029249,1722-01-01,,active
7003,1029250,1029251,1722-01-01,,active
7003,1029252,1029253,1722-01-01,,active
7003,1029254,1029255,1722-01-01,,active
7003,1029256,1029257,1722-01-01,,active
7003,1029258,1029259,1722-01-01,,active
7003,1029260,1029261,1722-01-01,,active
7003,1029262,1029263,1722-01-01,,active
7003,1029264,1029265,1722-01-01,,active
7003,1029266,1029267,1722-01-01,,active
7003,1029268,1029269,1722-01-01,,active
7003,1029270,1029271,1722-01-01,,active
7003,1029272,1029273,1722-01-01,,active
7003,1029274,1029275,1722-01-01,,active
7003,1029276,1029277,1722-01-01,,active
7003,1029278,1029279,1722-01-01,,active
7003,1029280,1029281,1722-01-01,,active
7003,1029282,1029283,1722-01-01,,active
7003,1029284,1029285,1722-01-01,,active
7003,1029286,1029287,1722-01-01,,active
7003,1029288,1029289,1722-01-01,,active
7003,1029290,1029291,1722-01-01,,active
7003,1029292,1029293,1722-01-01,,active
7003,1029294,1029295,1722-01-01,,active
7003,1029296,1029297,1722-01-01,,active
7003,1029298,1029299,1722-01-01,,active
7003,1029300,1029301,1722-01-01,,active
7003,1029302,1029303,1722-01-01,,active
7003,1029304,1029305,1722-01-01,,active
7003,1029306,1029307,1722-01-01,,active
7003,1029308,1029309,1722-01-01,,active
7003,1029310,1029311,1722-01-01,,active
7003,1029312,1029313,1722-01-01,,active
7003,1029314,1029315,1722-01-01,,active
7003,1029316,1029317,1722-01-01,,active
7003,1029318,1029319,1722-01-01,,active
7003,1029320,1029321,1722-01-01,,active
7003,1029322,1029323,1722-01-01,,active
7003,1029324,1029325,1722-01-01,,active
7003,1029326,1029327,1722-01-01,,active
7003,1029328,1029329,1722-01-01,,active
7003,1029330,1029331,1722-01-01,,active
7003,1029332,1029333,1722-01-01,,active
7003,1029334,1029335,1722-01-01,,active
7003,1029336,1029337,1722-01-01,,active
7003,1029338,1029339,1722-01-01,,active
7003,1029340,1029341,1722-01-01,,active
7003,1029342,1029343,1722-01-01,,active
7003,1029344,1029345,1722-01-01,,active
7003,1029346,1029347,1722-01-01,,active
7003,1029348,1029349,1722-01-01,,active
7003,1029350,1029351,1722-01-01,,active
7003,1029352,1029353,1722-01-01,,active
7003,1029354,1029355,1722-01-01,,active
7003,1029356,1029357,1722-01-01,,active
7003,1029358,1029359,1722-01-01,,active
7003,1029360,1029361,1722-01-01,,active
7003,1029362,1029363,1722-01-01,,active
7003,1029364,1029365,1722-01-01,,active
7003,1029366,1029367,1722-01-01,,active
7003,1029368,1029369,1722-01-01,,active
7003,1029370,1029371,1722-01-01,,active
7003,1029372,1029373,1740-01-01,,active
7003,1029372,1029375,1740-01-01,,active
7003,1029373,1029580,1740-01-01,,active
7003,1029374,1029375,1740-01-01,,active
7003,1029374,1029377,1740-01-01,,active
7003,1029376,1029377,1740-01-01,,active
7003,1029376,1029379,1740-01-01,,active
7003,1029378,1029379,1740-01-01,,active
7003,1029378,1029381,1740-01-01,,active
7003,1029380,1029381,1740-01-01,,active
7003,1029380,1029383,1740-01-01,,active
7003,1029382,1029383,1740-01-01,,active
7003,1029382,1029385,1740-01-01,,active
7003,1029384,1029385,1740-01-01,,active
7003,1029384,1029387,1740-01-01,,active
7003,1029386,1029387,1740-01-01,,active
7003,1029386,1029389,1740-01-01,,active
7003,1029388,1029389,1740-01-01,,active
7003,1029388,1029391,1740-01-01,,active
7003,1029390,1029391,1740-01-01,,active
7003,1029390,1029393,1740-01-01,,active
7003,1029392,1029393,1740-01-01,,active
7003,1029392,1029395,1740-01-01,,active
7003,1029394,1029395,1740-01-01,,active
7003,1029394,1029397,1740-01-01,,active
7003,1029396,1029397,1740-01-01,,active
7003,1029396,1029399,1740-01-01,,active
7003,1029398,1029399,1740-01-01,,active
7003,1029398,1029401,1740-01-01,,active
7003,1029400,1029401,1740-01-01,,active
7003,1029400,1029403,1740-01-01,,active
7003,1029402,1029403,1740-01-01,,active
7003,1029402,1029405,1740-01-01,,active
7003,1029404,1029405,1740-01-01,,active
7003,1029404,1029407,1740-01-01,,active
7003,1029406,1029407,1740-01-01,,active
7003,1029406,1029409,1740-01-01,,active
7003,1029408,1029409,1740-01-01,,active
7003,1029408,1029411,1740-01-01,,active
7003,1029410,1029411,1740-01-01,,active
7003,1029410,1029413,1740-01-01,,active
7003,1029412,1029413,1740-01-01,,active
7003,1029412,1029415,1740-01-01,,active
7003,1029414,1029415,1740-01-01,,active
7003,1029414,1029417,1740-01-01,,active
7003,1029416,1029417,1740-01-01,,active
7003,1029416,1029419,1740-01-01,,active
7003,1029418,1029419,1740-01-01,,active
7003,1029418,1029421,1740-01-01,,active
7003,1029420,1029421,1740-01-01,,active
7003,1029420,1029423,1740-01-01,,active
7003,1029422,1029423,1740-01-01,,active
7003,1029422,1029425,1740-01-01,,active
7003,1029424,1029425,1740-01-01,,active
7003,1029424,1029427,1740-01-01,,active
7003,1029426,1029427,1740-01-01,,active
7003,1029426,1029429,1740-01-01,,active
7003,1029428,1029429,1740-01-01,,active
7003,1029428,1029431,1740-01-01,,active
7003,1029430,1029431,1740-01-01,,active
7003,1029430,1029433,1740-01-01,,active
7003,1029432,1029433,1740-01-01,,active
7003,1029432,1029435,1740-01-01,,active
7003,1029434,1029435,1740-01-01,,active
7003,1029434,1029437,1740-01-01,,active
7003,1029436,1029437,1740-01-01,,active
7003,1029436,1029439,1740-01-01,,active
7003,1029438,1029439,1740-01-01,,active
7003,1029438,1029441,1740-01-01,,active
7003,1029440,1029441,1740-01-01,,active
7003,1029440,1029443,1740-01-01,,active
7003,1029442,1029443,1740-01-01,,active
7003,1029442,1029445,1740-01-01,,active
7003,1029444,1029445,1740-01-01,,active
7003,1029444,1029447,1740-01-01,,active
7003,1029446,1029447,1740-01-01,,active
7003,1029446,1029449,1740-01-01,,active
7003,1029448,1029449,1740-01-01,,active
7003,1029448,1029451,1740-01-01,,active
7003,1029450,1029451,1740-01-01,,active
7003,1029450,1029453,1740-01-01,,active
7003,1029452,1029453,1740-01-01,,active
7003,1029452,1029455,1740-01-01,,active
7003,1029454,1029455,1740-01-01,,active
7003,1029454,1029457,1740-01-01,,active
7003,1029456,1029457,1740-01-01,,active
7003,1029456,1029459,1740-01-01,,active
7003,1029458,1029459,1740-01-01,,active
7003,1029458,1029461,1740-01-01,,active
7003,1029460,1029461,1740-01-01,,active
7003,1029460,1029463,1740-01-01,,active
7003,1029462,1029463,1740-01-01,,active
7003,1029462,1029465,1740-01-01,,active
7003,1029464,1029465,1740-01-01,,active
7003,1029464,1029467,1740-01-01,,active
7003,1029466,1029467,1740-01-01,,active
7003,1029466,1029469,1740-01-01,,active
7003,1029468,1029469,1740-01-01,,active
7003,1029468,1029471,1740-01-01,,active
7003,1029470,1029471,1740-01-01,,active
7003,1029470,1029473,1740-01-01,,active
7003,1029472,1029473,1740-01-01,,active
7003,1029472,1029475,1740-01-01,,active
7003,1029474,1029475,1740-01-01,,active
7003,1029474,1029477,1740-01-01,,active
7003,1029476,1029477,1740-01-01,,active
7003,1029476,1029479,1740-01-01,,active
7003,1029478,1029479,1740-01-01,,active
7003,1029478,1029481,1740-01-01,,active
7003,1029480,1029481,1740-01-01,,active
7003,1029480,1029483,1740-01-01,,active
7003,1029482,1029483,1740-01-01,,active
7003,1029482,1029485,1740-01-01,,active
7003,1029484,1029485,1740-01-01,,active
7003,1029484,1029487,1740-01-01,,active
7003,1029486,1029487,1740-01-01,,active
7003,1029486,1029489,1740-01-01,,active
7003,1029488,1029489,1740-01-01,,active
7003,1029488,1029491,1740-01-01,,active
7003,1029490,1029491,1740-01-01,,active
7003,1029490,1029493,1740-01-01,,active
7003,1029492,1029493,1740-01-01,,active
7003,1029492,1029495,1740-01-01,,active
7003,1029494,1029495,1740-01-01,,active
7003,1029494,1029497,1740-01-01,,active
7003,1029496,1029497,1740-01-01,,active
7003,1029498,1029499,1740-01-01,,active
7003,1029500,1029501,1740-01-01,,active
7003,1029502,1029503,1740-01-01,,active
7003,1029504,1029505,1740-01-01,,active
7003,1029506,1029507,1740-01-01,,active
7003,1029508,1029509,1740-01-01,,active
7003,1029510,1029511,1740-01-01,,active
7003,1029512,1029513,1740-01-01,,active
7003,1029514,1029515,1740-01-01,,active
7003,1029516,1029517,1740-01-01,,active
7003,1029518,1029519,1740-01-01,,active
7003,1029520,1029521,1740-01-01,,active
7003,1029522,1029523,1740-01-01,,active
7003,1029524,1029525,1740-01-01,,active
7003,1029526,1029527,1740-01-01,,active
7003,1029528,1029529,1740-01-01,,active
7003,1029530,1029531,1740-01-01,,active
7003,1029532,1029533,1740-01-01,,active
7003,1029534,1029535,1740-01-01,,active
7003,1029536,1029537,1740-01-01,,active
7003,1029538,1029539,1740-01-01,,active
7003,1029540,1029541,1740-01-01,,active
7003,1029542,1029543,1740-01-01,,active
7003,1029544,1029545,1740-01-01,,active
7003,1029546,1029547,1740-01-01,,active
7003,1029548,1029549,1740-01-01,,active
7003,1029550,1029551,1740-01-01,,active
7003,1029552,1029553,1740-01-01,,active
7003,1029554,1029555,1740-01-01,,active
7003,1029556,1029557,1740-01-01,,active
7003,1029558,1029559,1740-01-01,,active
7003,1029560,1029561,1740-01-01,,active
7003,1029562,1029563,1740-01-01,,active
7003,1029564,1029565,1740-01-01,,active
7003,1029566,1029567,1740-01-01,,active
7003,1029568,1029569,1740-01-01,,active
7003,1029570,1029571,1740-01-01,,active
7003,1029572,1029573,1740-01-01,,active
7003,1029574,1029575,1740-01-01,,active
7003,1029576,1029577,1740-01-01,,active
7003,1029578,1029579,1740-01-01,,active
7003,1029581,1029582,1758-01-01,,active
7003,1029581,1029584,1758-01-01,,active
7003,1029582,1029747,1758-01-01,,active
7003,1029583,1029584,1758-01-01,,active
7003,1029583,1029586,1758-01-01,,active
7003,1029585,1029586,1758-01-01,,active
7003,1029585,1029588,1758-01-01,,active
7003,1029587,1029588,1758-01-01,,active
7003,1029587,1029590,1758-01-01,,active
7003,1029589,1029590,1758-01-01,,active
7003,1029589,1029592,1758-01-01,,active
7003,1029591,1029592,1758-01-01,,active
7003,1029591,1029594,1758-01-01,,active
7003,1029593,1029594,1758-01-01,,active
7003,1029593,1029596,1758-01-01,,active
7003,1029595,1029596,1758-01-01,,active
7003,1029595,1029598,1758-01-01,,active
7003,1029597,1029598,1758-01-01,,active
7003,1029597,1029600,1758-01-01,,active
7003,1029599,1029600,1758-01-01,,active
7003,1029599,1029602,1758-01-01,,active
7003,1029601,1029602,1758-01-01,,active
7003,1029601,1029604,1758-01-01,,active
7003,1029603,1029604,1758-01-01,,active
7003,1029603,1029606,1758-01-01,,active
7003,1029605,1029606,1758-01-01,,active
7003,1029605,1029608,1758-01-01,,active
7003,1029607,1029608,1758-01-01,,active
7003,1029607,1029610,1758-01-01,,active
7003,1029609,1029610,1758-01-01,,active
7003,1029609,1029612,1758-01-01,,active
7003,1029611,1029612,1758-01-01,,active
7003,1029611,1029614,1758-01-01,,active
7003,1029613,1029614,1758-01-01,,active
7003,1029613,1029616,1758-01-01,,active
7003,1029615,1029616,1758-01-01,,active
7003,1029615,1029618,1758-01-01,,active
7003,1029617,1029618,1758-01-01,,active
7003,1029617,1029620,1758-01-01,,active
7003,1029619,1029620,1758-01-01,,active
7003,1029619,1029622,1758-01-01,,active
7003,1029621,1029622,1758-01-01,,active
7003,1029621,1029624,1758-01-01,,active
7003,1029623,1029624,1758-01-01,,active
7003,1029623,1029626,1758-01-01,,active
7003,1029625,1029626,1758-01-01,,active
7003,1029625,1029628,1758-01-01,,active
7003,1029627,1029628,1758-01-01,,active
7003,1029627,1029630,1758-01-01,,active
7003,1029629,1029630,1758-01-01,,active
7003,1029629,1029632,1758-01-01,,active
7003,1029631,1029632,1758-01-01,,active
7003,1029631,1029634,1758-01-01,,active
7003,1029633,1029634,1758-01-01,,active
7003,1029633,1029636,1758-01-01,,active
7003,1029635,1029636,1758-01-01,,active
7003,1029635,1029638,1758-01-01,,active
7003,1029637,1029638,1758-01-01,,active
7003,1029637,1029640,1758-01-01,,active
7003,1029639,1029640,1758-01-01,,active
7003,1029639,1029642,1758-01-01,,active
7003,1029641,1029642,1758-01-01,,active
7003,1029641,1029644,1758-01-01,,active
7003,1029643,1029644,1758-01-01,,active
7003,1029643,1029646,1758-01-01,,active
7003,1029645,1029646,1758-01-01,,active
7003,1029645,1029648,1758-01-01,,active
7003,1029647,1029648,1758-01-01,,active
7003,1029647,1029650,1758-01-01,,active
7003,1029649,1029650,1758-01-01,,active
7003,1029649,1029652,1758-01-01,,active
7003,1029651,1029652,1758-01-01,,active
7003,1029651,1029654,1758-01-01,,active
7003,1029653,1029654,1758-01-01,,active
7003,1029653,1029656,1758-01-01,,active
7003,1029655,1029656,1758-01-01,,active
7003,1029655,1029658,1758-01-01,,active
7003,1029657,1029658,1758-01-01,,active
7003,1029657,1029660,1758-01-01,,active
7003,1029659,1029660,1758-01-01,,active
7003,1029659,1029662,1758-01-01,,active
7003,1029661,1029662,1758-01-01,,active
7003,1029661,1029664,1758-01-01,,active
7003,1029663,1029664,1758-01-01,,active
7003,1029663,1029666,1758-01-01,,active
7003,1029665,1029666,1758-01-01,,active
7003,1029667,1029668,1758-01-01,,active
7003,1029669,1029670,1758-01-01,,active
7003,1029671,1029672,1758-01-01,,active
7003,1029673,1029674,1758-01-01,,active
7003,1029675,1029676,1758-01-01,,active
7003,1029677,1029678,1758-01-01,,active
7003,1029679,1029680,1758-01-01,,active
7003,1029681,1029682,1758-01-01,,active
7003,1029683,1029684,1758-01-01,,active
7003,1029685,1029686,1758-01-01,,active
7003,1029687,1029688,1758-01-01,,active
7003,1029689,1029690,1758-01-01,,active
7003,1029691,1029692,1758-01-01,,active
7003,1029693,1029694,1758-01-01,,active
7003,1029695,1029696,1758-01-01,,active
7003,1029697,1029698,1758-01-01,,active
7003,1029699,1029700,1758-01-01,,active
7003,1029701,1029702,1758-01-01,,active
7003,1029703,1029704,1758-01-01,,active
7003,1029705,1029706,1758-01-01,,active
7003,1029707,1029708,1758-01-01,,active
7003,1029709,1029710,1758-01-01,,active
7003,1029711,1029712,1758-01-01,,active
7003,1029713,1029714,1758-01-01,,active
7003,1029715,1029716,1758-01-01,,active
7003,1029717,1029718,1758-01-01,,active
7003,1029719,1029720,1758-01-01,,active
7003,1029721,1029722,1758-01-01,,active
7003,1029723,1029724,1758-01-01,,active
7003,1029725,1029726,1758-01-01,,active
7003,1029727,1029728,1758-01-01,,active
7003,1029729,1029730,1758-01-01,,active
7003,1029731,1029732,1758-01-01,,active
7003,1029733,1029734,1758-01-01,,active
7003,1029735,1029736,1758-01-01,,active
7003,1029737,1029738,1758-01-01,,active
7003,1029739,1029740,1758-01-01,,active
7003,1029741,1029742,1758-01-01,,active
7003,1029743,1029744,1758-01-01,,active
7003,1029745,1029746,1758-01-01,,active
7003,1029748,1029749,1776-01-01,,active
7003,1029750,1029751,1776-01-01,,active
7003,1029752,1029753,1776-01-01,,active
7003,1029754,1029755,1776-01-01,,active
7003,1029756,1029757,1776-01-01,,active
7003,1029758,1029759,1776-01-01,,active
7003,1029760,1029761,1776-01-01,,active
7003,1029762,1029763,1776-01-01,,active
7003,1029764,1029765,1776-01-01,,active
7003,1029766,1029767,1776-01-01,,active
7003,1029768,1029769,1776-01-01,,active
7003,1029770,1029771,1776-01-01,,active
7003,1029772,1029773,1776-01-01,,active
7003,1029774,1029775,1776-01-01,,active
7003,1029776,1029777,1776-01-01,,active
7003,1029778,1029779,1776-01-01,,active
7003,1029780,1029781,1776-01-01,,active
7003,1029782,1029783,1776-01-01,,active
7003,1029784,1029785,1776-01-01,,active
7003,1029786,1029787,1776-01-01,,active
7003,1029788,1029789,1776-01-01,,active
7003,1029790,1029791,1776-01-01,,active
7003,1029792,1029793,1776-01-01,,active
7003,1029794,1029795,1776-01-01,,active
7003,1029796,1029797,1776-01-01,,active
7003,1029798,1029799,1776-01-01,,active
7003,1029800,1029801,1776-01-01,,active
7003,1029802,1029803,1776-01-01,,active
7003,1029804,1029805,1776-01-01,,active
7003,1029806,1029807,1776-01-01,,active
7003,1029808,1029809,1776-01-01,,active
7003,1029810,1029811,1776-01-01,,active
7003,1029812,1029813,1776-01-01,,active
7003,1029814,1029815,1776-01-01,,active
7003,1029816,1029817,1776-01-01,,active
7003,1029818,1029819,1776-01-01,,active
7003,1029820,1029821,1776-01-01,,active
7003,1029822,1029823,1776-01-01,,active
7003,1029824,1029825,1776-01-01,,active
7003,1029826,1029827,1776-01-01,,active
7003,1029828,1029829,1776-01-01,,active
7003,1029830,1029831,1776-01-01,,active
7003,1029832,1029833,1776-01-01,,active
7003,1029834,1029835,1776-01-01,,active
7003,1029836,1029837,1776-01-01,,active
7003,1029838,1029839,1776-01-01,,active
7003,1029840,1029841,1776-01-01,,active
7003,1029842,1029843,1776-01-01,,active
7003,1029844,1029845,1776-01-01,,active
7003,1029846,1029847,1776-01-01,,active
7003,1029848,1029849,1776-01-01,,active
7003,1029850,1029851,1776-01-01,,active
7003,1029852,1029853,1776-01-01,,active
7003,1029854,1029855,1776-01-01,,active
7003,1029856,1029857,1776-01-01,,active
7003,1029858,1029859,1776-01-01,,active
7003,1029860,1029861,1776-01-01,,active
7003,1029862,1029863,1776-01-01,,active
7003,1029864,1029865,1776-01-01,,active
7003,1029866,1029867,1776-01-01,,active
7003,1029868,1029869,1776-01-01,,active
7003,1029870,1029871,1776-01-01,,active
7003,1029872,1029873,1776-01-01,,active
7003,1029874,1029875,1794-01-01,,active
7003,1029876,1029877,1794-01-01,,active
7003,1029878,1029879,1794-01-01,,active
7003,1029880,1029881,1794-01-01,,active
7003,1029882,1029883,1794-01-01,,active
7003,1029884,1029885,1794-01-01,,active
7003,1029886,1029887,1794-01-01,,active
7003,1029888,1029889,1794-01-01,,active
7003,1029890,1029891,1794-01-01,,active
7003,1029892,1029893,1794-01-01,,active
7003,1029894,1029895,1794-01-01,,active
7003,1029896,1029897,1794-01-01,,active
7003,1029898,1029899,1794-01-01,,active
7003,1029900,1029901,1794-01-01,,active
7003,1029902,1029903,1794-01-01,,active
7003,1029904,1029905,1794-01-01,,active
7003,1029906,1029907,1794-01-01,,active
7003,1029908,1029909,1794-01-01,,active
7003,1029910,1029911,1794-01-01,,active
7003,1029912,1029913,1794-01-01,,active
7003,1029914,1029915,1794-01-01,,active
7003,1029916,1029917,1794-01-01,,active
7003,1029918,1029919,1794-01-01,,active
7003,1029920,1029921,1794-01-01,,active
7003,1029922,1029923,1794-01-01,,active
7003,1029924,1029925,1794-01-01,,active
7003,1029926,1029927,1794-01-01,,active
7003,1029928,1029929,1794-01-01,,active
7003,1029930,1029931,1794-01-01,,active
7003,1029932,1029933,1794-01-01,,active
7003,1029934,1029935,1794-01-01,,active
7003,1029936,1029937,1794-01-01,,active
7003,1029938,1029939,1794-01-01,,active
7003,1029940,1029941,1794-01-01,,active
7003,1029942,1029943,1794-01-01,,active
7003,1029944,1029945,1794-01-01,,active
7003,1029946,1029947,1794-01-01,,active
7003,1029948,1029949,1794-01-01,,active
7003,1029950,1029951,1794-01-01,,active
7003,1029952,1029953,1794-01-01,,active
7003,1029954,1029955,1794-01-01,,active
7003,1029956,1029957,1794-01-01,,active
