member_id,tree_id,name,gender,birth_date,death_date,generation_no,generation_name,biography,is_alive
1095501,7009,林德宗,male,1400-01-01,1491-12-31,1,德,Rule-generated Stage7 member for 合成林氏.,False
1095512,7009,林仁宗,male,1426-01-01,1492-12-31,2,仁,Rule-generated Stage7 member for 合成林氏.,False
1095518,7009,林仁成,male,1422-01-01,1486-12-31,2,仁,Rule-generated Stage7 member for 合成林氏.,False
1095524,7009,林仁承,male,1421-01-01,1514-12-31,2,仁,Rule-generated Stage7 member for 合成林氏.,False
1095530,7009,林仁明,male,1423-01-01,1497-12-31,2,仁,Rule-generated Stage7 member for 合成林氏.,False
1095533,7009,林伟,male,1447-01-01,1543-12-31,3,孝,Rule-generated Stage7 member for 合成林氏.,False
1095536,7009,林孝华,female,1446-01-01,1471-12-31,3,孝,Rule-generated Stage7 member for 合成林氏.,False
1095539,7009,林伟,male,1444-01-01,1504-12-31,3,孝,Rule-generated Stage7 member for 合成林氏.,False
1095542,7009,林清梅,female,1447-01-01,1510-12-31,3,孝,Rule-generated Stage7 member for 合成林氏.,False
1095544,7009,林宁芳,female,1444-01-01,1505-12-31,3,孝,Rule-generated Stage7 member for 合成林氏.,False
1095547,7009,林景承,male,1443-01-01,1497-12-31,3,孝,Rule-generated Stage7 member for 合成林氏.,False
1095550,7009,林孝安,female,1446-01-01,1530-12-31,3,孝,Rule-generated Stage7 member for 合成林氏.,False
1095553,7009,林孝景,male,1448-01-01,1540-12-31,3,孝,Rule-generated Stage7 member for 合成林氏.,False
1095555,7009,林孝景,male,1446-01-01,1479-12-31,3,孝,Rule-generated Stage7 member for 合成林氏.,False
1095558,7009,林伟,female,1444-01-01,1489-12-31,3,孝,Rule-generated Stage7 member for 合成林氏.,False
1095561,7009,林孝文,male,1446-01-01,1500-12-31,3,孝,Rule-generated Stage7 member for 合成林氏.,False
1095564,7009,林承文,male,1466-01-01,1507-12-31,4,礼,Rule-generated Stage7 member for 合成林氏.,False
1095565,7009,林礼玉,female,1465-01-01,1537-12-31,4,礼,Rule-generated Stage7 member for 合成林氏.,False
1095567,7009,林礼清,female,1465-01-01,1519-12-31,4,礼,Rule-generated Stage7 member for 合成林氏.,False
1095568,7009,林礼承,male,1466-01-01,1492-12-31,4,礼,Rule-generated Stage7 member for 合成林氏.,False
1095569,7009,林玉雅,female,1464-01-01,1551-12-31,4,礼,Rule-generated Stage7 member for 合成林氏.,False
1095571,7009,林敏丽,female,1467-01-01,1533-12-31,4,礼,Rule-generated Stage7 member for 合成林氏.,False
1095572,7009,林礼宗,male,1469-01-01,1537-12-31,4,礼,Rule-generated Stage7 member for 合成林氏.,False
1095574,7009,林礼伟,male,1464-01-01,1510-12-31,4,礼,Rule-generated Stage7 member for 合成林氏.,False
1095575,7009,林华,female,1465-01-01,1532-12-31,4,礼,Rule-generated Stage7 member for 合成林氏.,False
1095576,7009,林礼景,male,1466-01-01,1499-12-31,4,礼,Rule-generated Stage7 member for 合成林氏.,False
1095578,7009,林世承,male,1464-01-01,1549-12-31,4,礼,Rule-generated Stage7 member for 合成林氏.,False
1095580,7009,林礼伟,male,1463-01-01,1531-12-31,4,礼,Rule-generated Stage7 member for 合成林氏.,False
1095583,7009,林强,female,1465-01-01,1527-12-31,4,礼,Rule-generated Stage7 member for 合成林氏.,False
1095584,7009,林礼成,male,1467-01-01,1548-12-31,4,礼,Rule-generated Stage7 member for 合成林氏.,False
1095587,7009,林礼华,female,1469-01-01,1541-12-31,4,礼,Rule-generated Stage7 member for 合成林氏.,False
1095590,7009,林礼承,male,1467-01-01,1546-12-31,4,礼,Rule-generated Stage7 member for 合成林氏.,False
1095591,7009,林礼敏,female,1463-01-01,1533-12-31,4,礼,Rule-generated Stage7 member for 合成林氏.,False
1095594,7009,林礼承,male,1466-01-01,1541-12-31,4,礼,Rule-generated Stage7 member for 合成林氏.,False
1095595,7009,林玉芳,female,1464-01-01,1517-12-31,4,礼,Rule-generated Stage7 member for 合成林氏.,False
1095596,7009,林礼明,male,1466-01-01,1552-12-31,4,礼,Rule-generated Stage7 member for 合成林氏.,False
1095598,7009,林宗德,male,1469-01-01,1496-12-31,4,礼,Rule-generated Stage7 member for 合成林氏.,False
1095599,7009,林玉敏,female,1467-01-01,1548-12-31,4,礼,Rule-generated Stage7 member for 合成林氏.,False
1095602,7009,林礼文,male,1465-01-01,1559-12-31,4,礼,Rule-generated Stage7 member for 合成林氏.,False
1095603,7009,林敏梅,female,1464-01-01,1513-12-31,4,礼,Rule-generated Stage7 member for 合成林氏.,False
1095606,7009,林义成,male,1489-01-01,1548-12-31,5,义,Rule-generated Stage7 member for 合成林氏.,False
1095607,7009,林义清,female,1484-01-01,1538-12-31,5,义,Rule-generated Stage7 member for 合成林氏.,False
1095608,7009,林强,male,1490-01-01,1551-12-31,5,义,Rule-generated Stage7 member for 合成林氏.,False
1095609,7009,林丽,female,1485-01-01,1571-12-31,5,义,Rule-generated Stage7 member for 合成林氏.,False
1095610,7009,林义成,male,1490-01-01,1564-12-31,5,义,Rule-generated Stage7 member for 合成林氏.,False
1095611,7009,林义芳,female,1488-01-01,1545-12-31,5,义,Rule-generated Stage7 member for 合成林氏.,False
1095612,7009,林安世,male,1484-01-01,1553-12-31,5,义,Rule-generated Stage7 member for 合成林氏.,False
1095613,7009,林义丽,female,1489-01-01,1525-12-31,5,义,Rule-generated Stage7 member for 合成林氏.,False
1095614,7009,林义宗,male,1489-01-01,1543-12-31,5,义,Rule-generated Stage7 member for 合成林氏.,False
1095615,7009,林义兰,female,1487-01-01,1537-12-31,5,义,Rule-generated Stage7 member for 合成林氏.,False
1095616,7009,林义强,male,1490-01-01,1514-12-31,5,义,Rule-generated Stage7 member for 合成林氏.,False
1095617,7009,林义雅,female,1487-01-01,1551-12-31,5,义,Rule-generated Stage7 member for 合成林氏.,False
1095619,7009,林清华,female,1485-01-01,1533-12-31,5,义,Rule-generated Stage7 member for 合成林氏.,False
1095621,7009,林慧慧,female,1489-01-01,1563-12-31,5,义,Rule-generated Stage7 member for 合成林氏.,False
1095622,7009,林义国,male,1489-01-01,1586-12-31,5,义,Rule-generated Stage7 member for 合成林氏.,False
1095623,7009,林丽梅,female,1486-01-01,1543-12-31,5,义,Rule-generated Stage7 member for 合成林氏.,False
1095625,7009,林义雅,female,1488-01-01,1517-12-31,5,义,Rule-generated Stage7 member for 合成林氏.,False
1095627,7009,林华雅,female,1487-01-01,1564-12-31,5,义,Rule-generated Stage7 member for 合成林氏.,False
1095628,7009,林义承,male,1487-01-01,1540-12-31,5,义,Rule-generated Stage7 member for 合成林氏.,False
1095629,7009,林华安,female,1488-01-01,1567-12-31,5,义,Rule-generated Stage7 member for 合成林氏.,False
1095630,7009,林义国,male,1488-01-01,1531-12-31,5,义,Rule-generated Stage7 member for 合成林氏.,False
1095631,7009,林芳雅,female,1486-01-01,1563-12-31,5,义,Rule-generated Stage7 member for 合成林氏.,False
1095632,7009,林景世,male,1488-01-01,1569-12-31,5,义,Rule-generated Stage7 member for 合成林氏.,False
1095633,7009,林义兰,female,1486-01-01,1556-12-31,5,义,Rule-generated Stage7 member for 合成林氏.,False
1095634,7009,林义德,male,1490-01-01,1550-12-31,5,义,Rule-generated Stage7 member for 合成林氏.,False
1095635,7009,林义兰,female,1489-01-01,1577-12-31,5,义,Rule-generated Stage7 member for 合成林氏.,False
1095636,7009,林宗世,male,1484-01-01,1569-12-31,5,义,Rule-generated Stage7 member for 合成林氏.,False
1095637,7009,林义丽,female,1488-01-01,1536-12-31,5,义,Rule-generated Stage7 member for 合成林氏.,False
1095638,7009,林义伟,male,1486-01-01,1532-12-31,5,义,Rule-generated Stage7 member for 合成林氏.,False
1095640,7009,林伟文,male,1487-01-01,1558-12-31,5,义,Rule-generated Stage7 member for 合成林氏.,False
1095642,7009,林义世,male,1487-01-01,1520-12-31,5,义,Rule-generated Stage7 member for 合成林氏.,False
1095643,7009,林义雅,female,1488-01-01,1583-12-31,5,义,Rule-generated Stage7 member for 合成林氏.,False
1095644,7009,林义世,male,1485-01-01,1547-12-31,5,义,Rule-generated Stage7 member for 合成林氏.,False
1095646,7009,林伟德,male,1489-01-01,1554-12-31,5,义,Rule-generated Stage7 member for 合成林氏.,False
1095648,7009,林义国,male,1489-01-01,1573-12-31,5,义,Rule-generated Stage7 member for 合成林氏.,False
1095649,7009,林义宁,female,1489-01-01,1571-12-31,5,义,Rule-generated Stage7 member for 合成林氏.,False
1095650,7009,林丽,male,1487-01-01,1529-12-31,5,义,Rule-generated Stage7 member for 合成林氏.,False
1095651,7009,林慧芳,female,1489-01-01,1518-12-31,5,义,Rule-generated Stage7 member for 合成林氏.,False
1095652,7009,林义德,male,1484-01-01,1584-12-31,5,义,Rule-generated Stage7 member for 合成林氏.,False
1095653,7009,林义芳,female,1485-01-01,1579-12-31,5,义,Rule-generated Stage7 member for 合成林氏.,False
1095654,7009,林义文,male,1489-01-01,1546-12-31,5,义,Rule-generated Stage7 member for 合成林氏.,False
1095655,7009,林义华,female,1490-01-01,1534-12-31,5,义,Rule-generated Stage7 member for 合成林氏.,False
1095656,7009,林义国,male,1488-01-01,1571-12-31,5,义,Rule-generated Stage7 member for 合成林氏.,False
1095657,7009,林芳敏,female,1485-01-01,1549-12-31,5,义,Rule-generated Stage7 member for 合成林氏.,False
1095658,7009,林承伟,male,1507-01-01,1608-12-31,6,信,Rule-generated Stage7 member for 合成林氏.,False
1095659,7009,林丽丽,female,1509-01-01,1558-12-31,6,信,Rule-generated Stage7 member for 合成林氏.,False
1095660,7009,林安明,male,1505-01-01,1576-12-31,6,信,Rule-generated Stage7 member for 合成林氏.,False
1095661,7009,林信宁,female,1507-01-01,1580-12-31,6,信,Rule-generated Stage7 member for 合成林氏.,False
1095662,7009,林信强,male,1511-01-01,1585-12-31,6,信,Rule-generated Stage7 member for 合成林氏.,False
1095663,7009,林敏,female,1510-01-01,1567-12-31,6,信,Rule-generated Stage7 member for 合成林氏.,False
1095664,7009,林信文,male,1508-01-01,1580-12-31,6,信,Rule-generated Stage7 member for 合成林氏.,False
1095665,7009,林明,female,1506-01-01,1587-12-31,6,信,Rule-generated Stage7 member for 合成林氏.,False
1095666,7009,林信景,male,1506-01-01,1559-12-31,6,信,Rule-generated Stage7 member for 合成林氏.,False
1095667,7009,林丽安,female,1511-01-01,1576-12-31,6,信,Rule-generated Stage7 member for 合成林氏.,False
1095668,7009,林信景,male,1506-01-01,1586-12-31,6,信,Rule-generated Stage7 member for 合成林氏.,False
1095669,7009,林信宁,female,1511-01-01,1563-12-31,6,信,Rule-generated Stage7 member for 合成林氏.,False
1095670,7009,林信德,male,1509-01-01,1601-12-31,6,信,Rule-generated Stage7 member for 合成林氏.,False
1095671,7009,林兰兰,female,1506-01-01,1590-12-31,6,信,Rule-generated Stage7 member for 合成林氏.,False
1095672,7009,林信宗,male,1505-01-01,1587-12-31,6,信,Rule-generated Stage7 member for 合成林氏.,False
1095673,7009,林信雅,female,1511-01-01,1576-12-31,6,信,Rule-generated Stage7 member for 合成林氏.,False
1095674,7009,林信文,male,1508-01-01,1570-12-31,6,信,Rule-generated Stage7 member for 合成林氏.,False
1095675,7009,林信丽,female,1509-01-01,1560-12-31,6,信,Rule-generated Stage7 member for 合成林氏.,False
1095676,7009,林信国,male,1505-01-01,1584-12-31,6,信,Rule-generated Stage7 member for 合成林氏.,False
1095677,7009,林信安,female,1506-01-01,1572-12-31,6,信,Rule-generated Stage7 member for 合成林氏.,False
1095678,7009,林敏,male,1508-01-01,1562-12-31,6,信,Rule-generated Stage7 member for 合成林氏.,False
1095679,7009,林丽,female,1510-01-01,1564-12-31,6,信,Rule-generated Stage7 member for 合成林氏.,False
1095680,7009,林德景,male,1507-01-01,1575-12-31,6,信,Rule-generated Stage7 member for 合成林氏.,False
1095681,7009,林信梅,female,1508-01-01,1604-12-31,6,信,Rule-generated Stage7 member for 合成林氏.,False
1095682,7009,林信承,male,1510-01-01,1581-12-31,6,信,Rule-generated Stage7 member for 合成林氏.,False
1095683,7009,林丽敏,female,1510-01-01,1590-12-31,6,信,Rule-generated Stage7 member for 合成林氏.,False
1095684,7009,林信安,male,1511-01-01,1584-12-31,6,信,Rule-generated Stage7 member for 合成林氏.,False
1095685,7009,林信慧,female,1511-01-01,1545-12-31,6,信,Rule-generated Stage7 member for 合成林氏.,False
1095686,7009,林信强,male,1511-01-01,1576-12-31,6,信,Rule-generated Stage7 member for 合成林氏.,False
1095687,7009,林信雅,female,1510-01-01,1597-12-31,6,信,Rule-generated Stage7 member for 合成林氏.,False
1095688,7009,林信伟,male,1511-01-01,1572-12-31,6,信,Rule-generated Stage7 member for 合成林氏.,False
1095689,7009,林信安,female,1506-01-01,1550-12-31,6,信,Rule-generated Stage7 member for 合成林氏.,False
1095690,7009,林德宗,male,1510-01-01,1536-12-31,6,信,Rule-generated Stage7 member for 合成林氏.,False
1095691,7009,林梅玉,female,1510-01-01,1584-12-31,6,信,Rule-generated Stage7 member for 合成林氏.,False
1095692,7009,林信德,male,1509-01-01,1546-12-31,6,信,Rule-generated Stage7 member for 合成林氏.,False
1095693,7009,林宁玉,female,1509-01-01,1571-12-31,6,信,Rule-generated Stage7 member for 合成林氏.,False
1095694,7009,林强,male,1511-01-01,1585-12-31,6,信,Rule-generated Stage7 member for 合成林氏.,False
1095695,7009,林信雅,female,1507-01-01,1549-12-31,6,信,Rule-generated Stage7 member for 合成林氏.,False
1095696,7009,林信景,male,1511-01-01,1552-12-31,6,信,Rule-generated Stage7 member for 合成林氏.,False
1095697,7009,林明,female,1506-01-01,1571-12-31,6,信,Rule-generated Stage7 member for 合成林氏.,False
1095698,7009,林信强,male,1506-01-01,1536-12-31,6,信,Rule-generated Stage7 member for 合成林氏.,False
1095699,7009,林信雅,female,1511-01-01,1595-12-31,6,信,Rule-generated Stage7 member for 合成林氏.,False
1095700,7009,林信世,male,1511-01-01,1594-12-31,6,信,Rule-generated Stage7 member for 合成林氏.,False
1095701,7009,林信敏,female,1506-01-01,1546-12-31,6,信,Rule-generated Stage7 member for 合成林氏.,False
1095702,7009,林国强,male,1505-01-01,1583-12-31,6,信,Rule-generated Stage7 member for 合成林氏.,False
1095703,7009,林芳慧,female,1506-01-01,1594-12-31,6,信,Rule-generated Stage7 member for 合成林氏.,False
1095704,7009,林信强,male,1510-01-01,1585-12-31,6,信,Rule-generated Stage7 member for 合成林氏.,False
1095705,7009,林雅宁,female,1511-01-01,1602-12-31,6,信,Rule-generated Stage7 member for 合成林氏.,False
1095706,7009,林世明,male,1511-01-01,1607-12-31,6,信,Rule-generated Stage7 member for 合成林氏.,False
1095707,7009,林信丽,female,1505-01-01,1533-12-31,6,信,Rule-generated Stage7 member for 合成林氏.,False
1095708,7009,林信承,male,1508-01-01,1564-12-31,6,信,Rule-generated Stage7 member for 合成林氏.,False
1095709,7009,林信敏,female,1505-01-01,1578-12-31,6,信,Rule-generated Stage7 member for 合成林氏.,False
1095710,7009,林敏,male,1510-01-01,1579-12-31,6,信,Rule-generated Stage7 member for 合成林氏.,False
1095711,7009,林信兰,female,1510-01-01,1571-12-31,6,信,Rule-generated Stage7 member for 合成林氏.,False
1095712,7009,林信国,male,1508-01-01,1562-12-31,6,信,Rule-generated Stage7 member for 合成林氏.,False
1095713,7009,林信芳,female,1509-01-01,1571-12-31,6,信,Rule-generated Stage7 member for 合成林氏.,False
1095714,7009,林信安,male,1507-01-01,1553-12-31,6,信,Rule-generated Stage7 member for 合成林氏.,False
1095715,7009,林宁敏,female,1507-01-01,1563-12-31,6,信,Rule-generated Stage7 member for 合成林氏.,False
1095716,7009,林成明,male,1509-01-01,1541-12-31,6,信,Rule-generated Stage7 member for 合成林氏.,False
1095717,7009,林信芳,female,1508-01-01,1573-12-31,6,信,Rule-generated Stage7 member for 合成林氏.,False
1095718,7009,林信景,male,1506-01-01,1538-12-31,6,信,Rule-generated Stage7 member for 合成林氏.,False
1095719,7009,林信清,female,1505-01-01,1576-12-31,6,信,Rule-generated Stage7 member for 合成林氏.,False
1095720,7009,林明,male,1532-01-01,1624-12-31,7,忠,Rule-generated Stage7 member for 合成林氏.,False
1095721,7009,林忠芳,female,1529-01-01,1608-12-31,7,忠,Rule-generated Stage7 member for 合成林氏.,False
1095722,7009,林忠宗,male,1526-01-01,1582-12-31,7,忠,Rule-generated Stage7 member for 合成林氏.,False
1095723,7009,林忠华,female,1527-01-01,1566-12-31,7,忠,Rule-generated Stage7 member for 合成林氏.,False
1095724,7009,林安成,male,1529-01-01,1577-12-31,7,忠,Rule-generated Stage7 member for 合成林氏.,False
1095725,7009,林明,female,1526-01-01,1613-12-31,7,忠,Rule-generated Stage7 member for 合成林氏.,False
1095726,7009,林伟,male,1526-01-01,1582-12-31,7,忠,Rule-generated Stage7 member for 合成林氏.,False
1095727,7009,林丽,female,1530-01-01,1592-12-31,7,忠,Rule-generated Stage7 member for 合成林氏.,False
1095728,7009,林文宗,male,1526-01-01,1591-12-31,7,忠,Rule-generated Stage7 member for 合成林氏.,False
1095729,7009,林忠芳,female,1529-01-01,1580-12-31,7,忠,Rule-generated Stage7 member for 合成林氏.,False
1095730,7009,林忠承,male,1527-01-01,1607-12-31,7,忠,Rule-generated Stage7 member for 合成林氏.,False
1095731,7009,林忠梅,female,1531-01-01,1568-12-31,7,忠,Rule-generated Stage7 member for 合成林氏.,False
1095732,7009,林忠文,male,1529-01-01,1585-12-31,7,忠,Rule-generated Stage7 member for 合成林氏.,False
1095733,7009,林忠华,female,1532-01-01,1586-12-31,7,忠,Rule-generated Stage7 member for 合成林氏.,False
1095734,7009,林忠承,male,1527-01-01,1605-12-31,7,忠,Rule-generated Stage7 member for 合成林氏.,False
1095735,7009,林忠兰,female,1532-01-01,1601-12-31,7,忠,Rule-generated Stage7 member for 合成林氏.,False
1095736,7009,林伟宗,male,1527-01-01,1589-12-31,7,忠,Rule-generated Stage7 member for 合成林氏.,False
1095737,7009,林忠清,female,1527-01-01,1600-12-31,7,忠,Rule-generated Stage7 member for 合成林氏.,False
1095738,7009,林成承,male,1531-01-01,1596-12-31,7,忠,Rule-generated Stage7 member for 合成林氏.,False
1095739,7009,林宁兰,female,1529-01-01,1598-12-31,7,忠,Rule-generated Stage7 member for 合成林氏.,False
1095740,7009,林忠国,male,1531-01-01,1556-12-31,7,忠,Rule-generated Stage7 member for 合成林氏.,False
1095741,7009,林忠芳,female,1532-01-01,1594-12-31,7,忠,Rule-generated Stage7 member for 合成林氏.,False
1095742,7009,林景文,male,1528-01-01,1605-12-31,7,忠,Rule-generated Stage7 member for 合成林氏.,False
1095743,7009,林玉芳,female,1530-01-01,1594-12-31,7,忠,Rule-generated Stage7 member for 合成林氏.,False
1095744,7009,林忠强,male,1528-01-01,1607-12-31,7,忠,Rule-generated Stage7 member for 合成林氏.,False
1095745,7009,林忠兰,female,1530-01-01,1625-12-31,7,忠,Rule-generated Stage7 member for 合成林氏.,False
1095746,7009,林德文,male,1530-01-01,1569-12-31,7,忠,Rule-generated Stage7 member for 合成林氏.,False
1095747,7009,林忠兰,female,1532-01-01,1603-12-31,7,忠,Rule-generated Stage7 member for 合成林氏.,False
1095748,7009,林明德,male,1530-01-01,1601-12-31,7,忠,Rule-generated Stage7 member for 合成林氏.,False
1095749,7009,林忠雅,female,1526-01-01,1617-12-31,7,忠,Rule-generated Stage7 member for 合成林氏.,False
1095750,7009,林强,male,1532-01-01,1580-12-31,7,忠,Rule-generated Stage7 member for 合成林氏.,False
1095751,7009,林忠雅,female,1529-01-01,1609-12-31,7,忠,Rule-generated Stage7 member for 合成林氏.,False
1095752,7009,林忠强,male,1531-01-01,1594-12-31,7,忠,Rule-generated Stage7 member for 合成林氏.,False
1095753,7009,林兰雅,female,1532-01-01,1605-12-31,7,忠,Rule-generated Stage7 member for 合成林氏.,False
1095754,7009,林敏,male,1527-01-01,1560-12-31,7,忠,Rule-generated Stage7 member for 合成林氏.,False
1095755,7009,林梅敏,female,1532-01-01,1592-12-31,7,忠,Rule-generated Stage7 member for 合成林氏.,False
1095756,7009,林忠承,male,1531-01-01,1627-12-31,7,忠,Rule-generated Stage7 member for 合成林氏.,False
1095757,7009,林忠清,female,1530-01-01,1578-12-31,7,忠,Rule-generated Stage7 member for 合成林氏.,False
1095758,7009,林忠宗,male,1532-01-01,1594-12-31,7,忠,Rule-generated Stage7 member for 合成林氏.,False
1095759,7009,林忠梅,female,1526-01-01,1592-12-31,7,忠,Rule-generated Stage7 member for 合成林氏.,False
1095760,7009,林忠成,male,1528-01-01,1611-12-31,7,忠,Rule-generated Stage7 member for 合成林氏.,False
1095761,7009,林明,female,1530-01-01,1586-12-31,7,忠,Rule-generated Stage7 member for 合成林氏.,False
1095762,7009,林丽,male,1528-01-01,1551-12-31,7,忠,Rule-generated Stage7 member for 合成林氏.,False
1095763,7009,林忠安,female,1526-01-01,1554-12-31,7,忠,Rule-generated Stage7 member for 合成林氏.,False
1095764,7009,林承承,male,1530-01-01,1591-12-31,7,忠,Rule-generated Stage7 member for 合成林氏.,False
1095765,7009,林丽清,female,1530-01-01,1630-12-31,7,忠,Rule-generated Stage7 member for 合成林氏.,False
1095766,7009,林明宗,male,1529-01-01,1593-12-31,7,忠,Rule-generated Stage7 member for 合成林氏.,False
1095767,7009,林敏,female,1529-01-01,1614-12-31,7,忠,Rule-generated Stage7 member for 合成林氏.,False
1095768,7009,林世文,male,1529-01-01,1573-12-31,7,忠,Rule-generated Stage7 member for 合成林氏.,False
1095769,7009,林忠梅,female,1530-01-01,1616-12-31,7,忠,Rule-generated Stage7 member for 合成林氏.,False
1095770,7009,林忠德,male,1529-01-01,1623-12-31,7,忠,Rule-generated Stage7 member for 合成林氏.,False
1095771,7009,林忠宁,female,1527-01-01,1620-12-31,7,忠,Rule-generated Stage7 member for 合成林氏.,False
1095772,7009,林伟,male,1528-01-01,1562-12-31,7,忠,Rule-generated Stage7 member for 合成林氏.,False
1095773,7009,林雅华,female,1529-01-01,1603-12-31,7,忠,Rule-generated Stage7 member for 合成林氏.,False
1095774,7009,林宗宗,male,1531-01-01,1622-12-31,7,忠,Rule-generated Stage7 member for 合成林氏.,False
1095775,7009,林忠宁,female,1529-01-01,1623-12-31,7,忠,Rule-generated Stage7 member for 合成林氏.,False
1095776,7009,林忠宗,male,1526-01-01,1607-12-31,7,忠,Rule-generated Stage7 member for 合成林氏.,False
1095777,7009,林忠安,female,1526-01-01,1575-12-31,7,忠,Rule-generated Stage7 member for 合成林氏.,False
1095778,7009,林强德,male,1526-01-01,1587-12-31,7,忠,Rule-generated Stage7 member for 合成林氏.,False
1095779,7009,林兰丽,female,1532-01-01,1619-12-31,7,忠,Rule-generated Stage7 member for 合成林氏.,False
1095780,7009,林忠伟,male,1530-01-01,1599-12-31,7,忠,Rule-generated Stage7 member for 合成林氏.,False
1095781,7009,林慧敏,female,1532-01-01,1580-12-31,7,忠,Rule-generated Stage7 member for 合成林氏.,False
1095782,7009,林伟承,male,1531-01-01,1596-12-31,7,忠,Rule-generated Stage7 member for 合成林氏.,False
1095783,7009,林敏,female,1530-01-01,1616-12-31,7,忠,Rule-generated Stage7 member for 合成林氏.,False
1095784,7009,林忠承,male,1531-01-01,1615-12-31,7,忠,Rule-generated Stage7 member for 合成林氏.,False
1095785,7009,林兰慧,female,1529-01-01,1606-12-31,7,忠,Rule-generated Stage7 member for 合成林氏.,False
1095786,7009,林明,male,1530-01-01,1615-12-31,7,忠,Rule-generated Stage7 member for 合成林氏.,False
1095787,7009,林忠慧,female,1529-01-01,1604-12-31,7,忠,Rule-generated Stage7 member for 合成林氏.,False
1095788,7009,林忠明,male,1527-01-01,1609-12-31,7,忠,Rule-generated Stage7 member for 合成林氏.,False
1095789,7009,林芳玉,female,1526-01-01,1569-12-31,7,忠,Rule-generated Stage7 member for 合成林氏.,False
1095790,7009,林忠宗,male,1528-01-01,1628-12-31,7,忠,Rule-generated Stage7 member for 合成林氏.,False
1095791,7009,林忠宁,female,1530-01-01,1586-12-31,7,忠,Rule-generated Stage7 member for 合成林氏.,False
1095792,7009,林忠文,male,1528-01-01,1610-12-31,7,忠,Rule-generated Stage7 member for 合成林氏.,False
1095793,7009,林世强,male,1553-01-01,1649-12-31,8,和,Rule-generated Stage7 member for 合成林氏.,False
1095794,7009,林和雅,female,1552-01-01,1612-12-31,8,和,Rule-generated Stage7 member for 合成林氏.,False
1095795,7009,林和宗,male,1551-01-01,1624-12-31,8,和,Rule-generated Stage7 member for 合成林氏.,False
1095796,7009,林和华,female,1553-01-01,1621-12-31,8,和,Rule-generated Stage7 member for 合成林氏.,False
1095797,7009,林和景,male,1552-01-01,1620-12-31,8,和,Rule-generated Stage7 member for 合成林氏.,False
1095798,7009,林和梅,female,1551-01-01,1634-12-31,8,和,Rule-generated Stage7 member for 合成林氏.,False
1095799,7009,林和景,male,1552-01-01,1628-12-31,8,和,Rule-generated Stage7 member for 合成林氏.,False
1095800,7009,林和玉,female,1547-01-01,1631-12-31,8,和,Rule-generated Stage7 member for 合成林氏.,False
1095801,7009,林和国,male,1550-01-01,1636-12-31,8,和,Rule-generated Stage7 member for 合成林氏.,False
1095802,7009,林和慧,female,1547-01-01,1604-12-31,8,和,Rule-generated Stage7 member for 合成林氏.,False
1095803,7009,林和承,male,1551-01-01,1616-12-31,8,和,Rule-generated Stage7 member for 合成林氏.,False
1095804,7009,林强,female,1551-01-01,1643-12-31,8,和,Rule-generated Stage7 member for 合成林氏.,False
1095805,7009,林和宗,male,1550-01-01,1605-12-31,8,和,Rule-generated Stage7 member for 合成林氏.,False
1095806,7009,林和芳,female,1548-01-01,1620-12-31,8,和,Rule-generated Stage7 member for 合成林氏.,False
1095807,7009,林伟,male,1548-01-01,1651-12-31,8,和,Rule-generated Stage7 member for 合成林氏.,False
1095808,7009,林敏宁,female,1551-01-01,1603-12-31,8,和,Rule-generated Stage7 member for 合成林氏.,False
1095809,7009,林和安,male,1551-01-01,1654-12-31,8,和,Rule-generated Stage7 member for 合成林氏.,False
1095810,7009,林华华,female,1551-01-01,1627-12-31,8,和,Rule-generated Stage7 member for 合成林氏.,False
1095811,7009,林和伟,male,1549-01-01,1622-12-31,8,和,Rule-generated Stage7 member for 合成林氏.,False
1095812,7009,林和慧,female,1550-01-01,1628-12-31,8,和,Rule-generated Stage7 member for 合成林氏.,False
1095813,7009,林明伟,male,1548-01-01,1620-12-31,8,和,Rule-generated Stage7 member for 合成林氏.,False
1095814,7009,林和华,female,1548-01-01,1632-12-31,8,和,Rule-generated Stage7 member for 合成林氏.,False
1095815,7009,林和明,male,1551-01-01,1624-12-31,8,和,Rule-generated Stage7 member for 合成林氏.,False
1095816,7009,林和宁,female,1547-01-01,1634-12-31,8,和,Rule-generated Stage7 member for 合成林氏.,False
1095817,7009,林安强,male,1547-01-01,1586-12-31,8,和,Rule-generated Stage7 member for 合成林氏.,False
1095818,7009,林华敏,female,1550-01-01,1623-12-31,8,和,Rule-generated Stage7 member for 合成林氏.,False
1095819,7009,林和明,male,1547-01-01,1603-12-31,8,和,Rule-generated Stage7 member for 合成林氏.,False
1095820,7009,林和丽,female,1547-01-01,1603-12-31,8,和,Rule-generated Stage7 member for 合成林氏.,False
1095821,7009,林和国,male,1551-01-01,1601-12-31,8,和,Rule-generated Stage7 member for 合成林氏.,False
1095822,7009,林伟,female,1550-01-01,1576-12-31,8,和,Rule-generated Stage7 member for 合成林氏.,False
1095823,7009,林成明,male,1553-01-01,1632-12-31,8,和,Rule-generated Stage7 member for 合成林氏.,False
1095824,7009,林安丽,female,1551-01-01,1594-12-31,8,和,Rule-generated Stage7 member for 合成林氏.,False
1095825,7009,林世安,male,1550-01-01,1579-12-31,8,和,Rule-generated Stage7 member for 合成林氏.,False
1095826,7009,林安慧,female,1551-01-01,1626-12-31,8,和,Rule-generated Stage7 member for 合成林氏.,False
1095827,7009,林伟,male,1552-01-01,1600-12-31,8,和,Rule-generated Stage7 member for 合成林氏.,False
1095828,7009,林和梅,female,1553-01-01,1642-12-31,8,和,Rule-generated Stage7 member for 合成林氏.,False
1095829,7009,林和德,male,1548-01-01,1627-12-31,8,和,Rule-generated Stage7 member for 合成林氏.,False
1095830,7009,林丽宁,female,1552-01-01,1617-12-31,8,和,Rule-generated Stage7 member for 合成林氏.,False
1095831,7009,林和文,male,1553-01-01,1621-12-31,8,和,Rule-generated Stage7 member for 合成林氏.,False
1095832,7009,林和慧,female,1549-01-01,1593-12-31,8,和,Rule-generated Stage7 member for 合成林氏.,False
1095833,7009,林强,male,1549-01-01,1630-12-31,8,和,Rule-generated Stage7 member for 合成林氏.,False
1095834,7009,林和宁,female,1549-01-01,1595-12-31,8,和,Rule-generated Stage7 member for 合成林氏.,False
1095835,7009,林敏,male,1548-01-01,1617-12-31,8,和,Rule-generated Stage7 member for 合成林氏.,False
1095836,7009,林敏玉,female,1552-01-01,1587-12-31,8,和,Rule-generated Stage7 member for 合成林氏.,False
1095837,7009,林安世,male,1550-01-01,1603-12-31,8,和,Rule-generated Stage7 member for 合成林氏.,False
1095838,7009,林和敏,female,1553-01-01,1630-12-31,8,和,Rule-generated Stage7 member for 合成林氏.,False
1095839,7009,林和宗,male,1549-01-01,1631-12-31,8,和,Rule-generated Stage7 member for 合成林氏.,False
1095840,7009,林和宁,female,1551-01-01,1583-12-31,8,和,Rule-generated Stage7 member for 合成林氏.,False
1095841,7009,林和文,male,1553-01-01,1641-12-31,8,和,Rule-generated Stage7 member for 合成林氏.,False
1095842,7009,林玉雅,female,1551-01-01,1593-12-31,8,和,Rule-generated Stage7 member for 合成林氏.,False
1095843,7009,林国国,male,1550-01-01,1608-12-31,8,和,Rule-generated Stage7 member for 合成林氏.,False
1095844,7009,林宁宁,female,1553-01-01,1617-12-31,8,和,Rule-generated Stage7 member for 合成林氏.,False
1095845,7009,林和文,male,1549-01-01,1630-12-31,8,和,Rule-generated Stage7 member for 合成林氏.,False
1095846,7009,林和宁,female,1547-01-01,1610-12-31,8,和,Rule-generated Stage7 member for 合成林氏.,False
1095847,7009,林德国,male,1550-01-01,1625-12-31,8,和,Rule-generated Stage7 member for 合成林氏.,False
1095848,7009,林和慧,female,1553-01-01,1603-12-31,8,和,Rule-generated Stage7 member for 合成林氏.,False
1095849,7009,林和世,male,1547-01-01,1575-12-31,8,和,Rule-generated Stage7 member for 合成林氏.,False
1095850,7009,林强,female,1549-01-01,1626-12-31,8,和,Rule-generated Stage7 member for 合成林氏.,False
1095851,7009,林和文,male,1549-01-01,1590-12-31,8,和,Rule-generated Stage7 member for 合成林氏.,False
1095852,7009,林宁芳,female,1548-01-01,1613-12-31,8,和,Rule-generated Stage7 member for 合成林氏.,False
1095853,7009,林强宗,male,1553-01-01,1623-12-31,8,和,Rule-generated Stage7 member for 合成林氏.,False
1095854,7009,林伟,female,1552-01-01,1628-12-31,8,和,Rule-generated Stage7 member for 合成林氏.,False
1095855,7009,林明,male,1550-01-01,1612-12-31,8,和,Rule-generated Stage7 member for 合成林氏.,False
1095856,7009,林兰梅,female,1552-01-01,1612-12-31,8,和,Rule-generated Stage7 member for 合成林氏.,False
1095857,7009,林和文,male,1551-01-01,1620-12-31,8,和,Rule-generated Stage7 member for 合成林氏.,False
1095858,7009,林和清,female,1549-01-01,1621-12-31,8,和,Rule-generated Stage7 member for 合成林氏.,False
1095859,7009,林强,male,1553-01-01,1606-12-31,8,和,Rule-generated Stage7 member for 合成林氏.,False
1095860,7009,林伟,female,1547-01-01,1638-12-31,8,和,Rule-generated Stage7 member for 合成林氏.,False
1095861,7009,林和宗,male,1552-01-01,1625-12-31,8,和,Rule-generated Stage7 member for 合成林氏.,False
1095862,7009,林丽宁,female,1551-01-01,1629-12-31,8,和,Rule-generated Stage7 member for 合成林氏.,False
1095863,7009,林伟,male,1553-01-01,1606-12-31,8,和,Rule-generated Stage7 member for 合成林氏.,False
1095864,7009,林玉雅,female,1550-01-01,1611-12-31,8,和,Rule-generated Stage7 member for 合成林氏.,False
1095865,7009,林明世,male,1551-01-01,1649-12-31,8,和,Rule-generated Stage7 member for 合成林氏.,False
1095866,7009,林和慧,female,1548-01-01,1650-12-31,8,和,Rule-generated Stage7 member for 合成林氏.,False
1095867,7009,林成成,male,1548-01-01,1638-12-31,8,和,Rule-generated Stage7 member for 合成林氏.,False
1095868,7009,林和玉,female,1552-01-01,1616-12-31,8,和,Rule-generated Stage7 member for 合成林氏.,False
1095869,7009,林文强,male,1549-01-01,1608-12-31,8,和,Rule-generated Stage7 member for 合成林氏.,False
1095870,7009,林和慧,female,1549-01-01,1582-12-31,8,和,Rule-generated Stage7 member for 合成林氏.,False
1095871,7009,林和国,male,1551-01-01,1603-12-31,8,和,Rule-generated Stage7 member for 合成林氏.,False
1095872,7009,林和兰,female,1552-01-01,1589-12-31,8,和,Rule-generated Stage7 member for 合成林氏.,False
1095873,7009,林和德,male,1553-01-01,1628-12-31,8,和,Rule-generated Stage7 member for 合成林氏.,False
1095874,7009,林华,female,1551-01-01,1601-12-31,8,和,Rule-generated Stage7 member for 合成林氏.,False
1095875,7009,林宗宗,male,1553-01-01,1614-12-31,8,和,Rule-generated Stage7 member for 合成林氏.,False
1095876,7009,林安强,male,1571-01-01,1630-12-31,9,景,Rule-generated Stage7 member for 合成林氏.,False
1095877,7009,林景清,female,1569-01-01,1658-12-31,9,景,Rule-generated Stage7 member for 合成林氏.,False
1095878,7009,林景世,male,1573-01-01,1662-12-31,9,景,Rule-generated Stage7 member for 合成林氏.,False
1095879,7009,林景兰,female,1569-01-01,1635-12-31,9,景,Rule-generated Stage7 member for 合成林氏.,False
1095880,7009,林景伟,male,1571-01-01,1631-12-31,9,景,Rule-generated Stage7 member for 合成林氏.,False
1095881,7009,林雅玉,female,1574-01-01,1615-12-31,9,景,Rule-generated Stage7 member for 合成林氏.,False
1095882,7009,林景世,male,1570-01-01,1627-12-31,9,景,Rule-generated Stage7 member for 合成林氏.,False
1095883,7009,林兰安,female,1573-01-01,1635-12-31,9,景,Rule-generated Stage7 member for 合成林氏.,False
1095884,7009,林安成,male,1572-01-01,1633-12-31,9,景,Rule-generated Stage7 member for 合成林氏.,False
1095885,7009,林景华,female,1569-01-01,1638-12-31,9,景,Rule-generated Stage7 member for 合成林氏.,False
1095886,7009,林景成,male,1574-01-01,1626-12-31,9,景,Rule-generated Stage7 member for 合成林氏.,False
1095887,7009,林安华,female,1568-01-01,1606-12-31,9,景,Rule-generated Stage7 member for 合成林氏.,False
1095888,7009,林景德,male,1570-01-01,1624-12-31,9,景,Rule-generated Stage7 member for 合成林氏.,False
1095889,7009,林景丽,female,1570-01-01,1627-12-31,9,景,Rule-generated Stage7 member for 合成林氏.,False
1095890,7009,林景承,male,1573-01-01,1673-12-31,9,景,Rule-generated Stage7 member for 合成林氏.,False
1095891,7009,林雅清,female,1573-01-01,1620-12-31,9,景,Rule-generated Stage7 member for 合成林氏.,False
1095892,7009,林景伟,male,1568-01-01,1666-12-31,9,景,Rule-generated Stage7 member for 合成林氏.,False
1095893,7009,林景丽,female,1569-01-01,1656-12-31,9,景,Rule-generated Stage7 member for 合成林氏.,False
1095894,7009,林景世,male,1570-01-01,1641-12-31,9,景,Rule-generated Stage7 member for 合成林氏.,False
1095895,7009,林景芳,female,1569-01-01,1648-12-31,9,景,Rule-generated Stage7 member for 合成林氏.,False
1095896,7009,林景宗,male,1573-01-01,1618-12-31,9,景,Rule-generated Stage7 member for 合成林氏.,False
1095897,7009,林景安,female,1571-01-01,1651-12-31,9,景,Rule-generated Stage7 member for 合成林氏.,False
1095898,7009,林世世,male,1568-01-01,1641-12-31,9,景,Rule-generated Stage7 member for 合成林氏.,False
1095899,7009,林强,female,1568-01-01,1591-12-31,9,景,Rule-generated Stage7 member for 合成林氏.,False
1095900,7009,林敏,male,1570-01-01,1654-12-31,9,景,Rule-generated Stage7 member for 合成林氏.,False
1095901,7009,林华兰,female,1568-01-01,1644-12-31,9,景,Rule-generated Stage7 member for 合成林氏.,False
1095902,7009,林强,male,1571-01-01,1591-12-31,9,景,Rule-generated Stage7 member for 合成林氏.,False
1095903,7009,林景雅,female,1574-01-01,1645-12-31,9,景,Rule-generated Stage7 member for 合成林氏.,False
1095904,7009,林景德,male,1570-01-01,1648-12-31,9,景,Rule-generated Stage7 member for 合成林氏.,False
1095905,7009,林景敏,female,1572-01-01,1641-12-31,9,景,Rule-generated Stage7 member for 合成林氏.,False
1095906,7009,林景成,male,1570-01-01,1650-12-31,9,景,Rule-generated Stage7 member for 合成林氏.,False
1095907,7009,林景华,female,1569-01-01,1646-12-31,9,景,Rule-generated Stage7 member for 合成林氏.,False
1095908,7009,林明明,male,1574-01-01,1626-12-31,9,景,Rule-generated Stage7 member for 合成林氏.,False
1095909,7009,林景清,female,1573-01-01,1649-12-31,9,景,Rule-generated Stage7 member for 合成林氏.,False
1095910,7009,林景世,male,1574-01-01,1607-12-31,9,景,Rule-generated Stage7 member for 合成林氏.,False
1095911,7009,林伟,female,1574-01-01,1649-12-31,9,景,Rule-generated Stage7 member for 合成林氏.,False
1095912,7009,林成宗,male,1568-01-01,1634-12-31,9,景,Rule-generated Stage7 member for 合成林氏.,False
1095913,7009,林敏安,female,1572-01-01,1631-12-31,9,景,Rule-generated Stage7 member for 合成林氏.,False
1095914,7009,林景世,male,1573-01-01,1663-12-31,9,景,Rule-generated Stage7 member for 合成林氏.,False
1095915,7009,林兰兰,female,1574-01-01,1656-12-31,9,景,Rule-generated Stage7 member for 合成林氏.,False
1095916,7009,林景伟,male,1572-01-01,1647-12-31,9,景,Rule-generated Stage7 member for 合成林氏.,False
1095917,7009,林华华,female,1570-01-01,1651-12-31,9,景,Rule-generated Stage7 member for 合成林氏.,False
1095918,7009,林国景,male,1569-01-01,1665-12-31,9,景,Rule-generated Stage7 member for 合成林氏.,False
1095919,7009,林安清,female,1569-01-01,1653-12-31,9,景,Rule-generated Stage7 member for 合成林氏.,False
1095920,7009,林景德,male,1574-01-01,1649-12-31,9,景,Rule-generated Stage7 member for 合成林氏.,False
1095921,7009,林景雅,female,1573-01-01,1647-12-31,9,景,Rule-generated Stage7 member for 合成林氏.,False
1095922,7009,林明,male,1572-01-01,1624-12-31,9,景,Rule-generated Stage7 member for 合成林氏.,False
1095923,7009,林景敏,female,1574-01-01,1654-12-31,9,景,Rule-generated Stage7 member for 合成林氏.,False
1095924,7009,林景世,male,1573-01-01,1653-12-31,9,景,Rule-generated Stage7 member for 合成林氏.,False
1095925,7009,林宁雅,female,1571-01-01,1632-12-31,9,景,Rule-generated Stage7 member for 合成林氏.,False
1095926,7009,林伟伟,male,1571-01-01,1649-12-31,9,景,Rule-generated Stage7 member for 合成林氏.,False
1095927,7009,林景兰,female,1569-01-01,1601-12-31,9,景,Rule-generated Stage7 member for 合成林氏.,False
1095928,7009,林景世,male,1572-01-01,1663-12-31,9,景,Rule-generated Stage7 member for 合成林氏.,False
1095929,7009,林景慧,female,1569-01-01,1631-12-31,9,景,Rule-generated Stage7 member for 合成林氏.,False
1095930,7009,林景世,male,1569-01-01,1624-12-31,9,景,Rule-generated Stage7 member for 合成林氏.,False
1095931,7009,林景宁,female,1573-01-01,1629-12-31,9,景,Rule-generated Stage7 member for 合成林氏.,False
1095932,7009,林文安,male,1573-01-01,1627-12-31,9,景,Rule-generated Stage7 member for 合成林氏.,False
1095933,7009,林安华,female,1569-01-01,1602-12-31,9,景,Rule-generated Stage7 member for 合成林氏.,False
1095934,7009,林景安,male,1572-01-01,1617-12-31,9,景,Rule-generated Stage7 member for 合成林氏.,False
1095935,7009,林景兰,female,1572-01-01,1640-12-31,9,景,Rule-generated Stage7 member for 合成林氏.,False
1095936,7009,林景世,male,1574-01-01,1648-12-31,9,景,Rule-generated Stage7 member for 合成林氏.,False
1095937,7009,林景丽,female,1573-01-01,1634-12-31,9,景,Rule-generated Stage7 member for 合成林氏.,False
1095938,7009,林景承,male,1574-01-01,1620-12-31,9,景,Rule-generated Stage7 member for 合成林氏.,False
1095939,7009,林景玉,female,1573-01-01,1644-12-31,9,景,Rule-generated Stage7 member for 合成林氏.,False
1095940,7009,林景安,male,1574-01-01,1649-12-31,9,景,Rule-generated Stage7 member for 合成林氏.,False
1095941,7009,林景宁,female,1573-01-01,1640-12-31,9,景,Rule-generated Stage7 member for 合成林氏.,False
1095942,7009,林敏,male,1570-01-01,1663-12-31,9,景,Rule-generated Stage7 member for 合成林氏.,False
1095943,7009,林景宁,female,1569-01-01,1630-12-31,9,景,Rule-generated Stage7 member for 合成林氏.,False
1095944,7009,林景景,male,1571-01-01,1632-12-31,9,景,Rule-generated Stage7 member for 合成林氏.,False
1095945,7009,林景慧,female,1572-01-01,1641-12-31,9,景,Rule-generated Stage7 member for 合成林氏.,False
1095946,7009,林宗承,male,1571-01-01,1608-12-31,9,景,Rule-generated Stage7 member for 合成林氏.,False
1095947,7009,林景玉,female,1570-01-01,1661-12-31,9,景,Rule-generated Stage7 member for 合成林氏.,False
1095948,7009,林景国,male,1572-01-01,1663-12-31,9,景,Rule-generated Stage7 member for 合成林氏.,False
1095949,7009,林清雅,female,1570-01-01,1644-12-31,9,景,Rule-generated Stage7 member for 合成林氏.,False
1095950,7009,林景世,male,1574-01-01,1613-12-31,9,景,Rule-generated Stage7 member for 合成林氏.,False
1095951,7009,林景雅,female,1570-01-01,1623-12-31,9,景,Rule-generated Stage7 member for 合成林氏.,False
1095952,7009,林国世,male,1569-01-01,1657-12-31,9,景,Rule-generated Stage7 member for 合成林氏.,False
1095953,7009,林景清,female,1571-01-01,1643-12-31,9,景,Rule-generated Stage7 member for 合成林氏.,False
1095954,7009,林宗德,male,1571-01-01,1601-12-31,9,景,Rule-generated Stage7 member for 合成林氏.,False
1095955,7009,林景慧,female,1574-01-01,1610-12-31,9,景,Rule-generated Stage7 member for 合成林氏.,False
1095956,7009,林强世,male,1571-01-01,1633-12-31,9,景,Rule-generated Stage7 member for 合成林氏.,False
1095957,7009,林景敏,female,1572-01-01,1628-12-31,9,景,Rule-generated Stage7 member for 合成林氏.,False
1095958,7009,林景世,male,1568-01-01,1652-12-31,9,景,Rule-generated Stage7 member for 合成林氏.,False
1095959,7009,林敏安,female,1570-01-01,1646-12-31,9,景,Rule-generated Stage7 member for 合成林氏.,False
1095960,7009,林景国,male,1569-01-01,1652-12-31,9,景,Rule-generated Stage7 member for 合成林氏.,False
1095961,7009,林景安,female,1574-01-01,1645-12-31,9,景,Rule-generated Stage7 member for 合成林氏.,False
1095962,7009,林强成,male,1569-01-01,1648-12-31,9,景,Rule-generated Stage7 member for 合成林氏.,False
1095963,7009,林芳清,female,1568-01-01,1615-12-31,9,景,Rule-generated Stage7 member for 合成林氏.,False
1095964,7009,林景文,male,1570-01-01,1634-12-31,9,景,Rule-generated Stage7 member for 合成林氏.,False
1095965,7009,林慧华,female,1572-01-01,1641-12-31,9,景,Rule-generated Stage7 member for 合成林氏.,False
1095966,7009,林安德,male,1569-01-01,1628-12-31,9,景,Rule-generated Stage7 member for 合成林氏.,False
1095967,7009,林芳清,female,1574-01-01,1645-12-31,9,景,Rule-generated Stage7 member for 合成林氏.,False
1095968,7009,林景宗,male,1568-01-01,1629-12-31,9,景,Rule-generated Stage7 member for 合成林氏.,False
1095969,7009,林承德,male,1593-01-01,1698-12-31,10,承,Rule-generated Stage7 member for 合成林氏.,False
1095970,7009,林丽,female,1591-01-01,1653-12-31,10,承,Rule-generated Stage7 member for 合成林氏.,False
1095971,7009,林承伟,male,1591-01-01,1679-12-31,10,承,Rule-generated Stage7 member for 合成林氏.,False
1095972,7009,林承华,female,1591-01-01,1645-12-31,10,承,Rule-generated Stage7 member for 合成林氏.,False
1095973,7009,林承德,male,1594-01-01,1674-12-31,10,承,Rule-generated Stage7 member for 合成林氏.,False
1095974,7009,林承兰,female,1595-01-01,1666-12-31,10,承,Rule-generated Stage7 member for 合成林氏.,False
1095975,7009,林承强,male,1595-01-01,1649-12-31,10,承,Rule-generated Stage7 member for 合成林氏.,False
1095976,7009,林丽丽,female,1592-01-01,1694-12-31,10,承,Rule-generated Stage7 member for 合成林氏.,False
1095977,7009,林丽,male,1593-01-01,1660-12-31,10,承,Rule-generated Stage7 member for 合成林氏.,False
1095978,7009,林承安,female,1595-01-01,1675-12-31,10,承,Rule-generated Stage7 member for 合成林氏.,False
1095979,7009,林敏,male,1592-01-01,1631-12-31,10,承,Rule-generated Stage7 member for 合成林氏.,False
1095980,7009,林承华,female,1590-01-01,1672-12-31,10,承,Rule-generated Stage7 member for 合成林氏.,False
1095981,7009,林承明,male,1589-01-01,1659-12-31,10,承,Rule-generated Stage7 member for 合成林氏.,False
1095982,7009,林芳华,female,1591-01-01,1654-12-31,10,承,Rule-generated Stage7 member for 合成林氏.,False
1095983,7009,林承强,male,1590-01-01,1666-12-31,10,承,Rule-generated Stage7 member for 合成林氏.,False
1095984,7009,林华芳,female,1590-01-01,1642-12-31,10,承,Rule-generated Stage7 member for 合成林氏.,False
1095985,7009,林强,male,1593-01-01,1649-12-31,10,承,Rule-generated Stage7 member for 合成林氏.,False
1095986,7009,林兰敏,female,1594-01-01,1651-12-31,10,承,Rule-generated Stage7 member for 合成林氏.,False
1095987,7009,林承强,male,1592-01-01,1688-12-31,10,承,Rule-generated Stage7 member for 合成林氏.,False
1095988,7009,林承华,female,1594-01-01,1657-12-31,10,承,Rule-generated Stage7 member for 合成林氏.,False
1095989,7009,林承国,male,1593-01-01,1682-12-31,10,承,Rule-generated Stage7 member for 合成林氏.,False
1095990,7009,林玉丽,female,1590-01-01,1655-12-31,10,承,Rule-generated Stage7 member for 合成林氏.,False
1095991,7009,林华,male,1592-01-01,1631-12-31,10,承,Rule-generated Stage7 member for 合成林氏.,False
1095992,7009,林承雅,female,1595-01-01,1651-12-31,10,承,Rule-generated Stage7 member for 合成林氏.,False
1095993,7009,林承文,male,1591-01-01,1664-12-31,10,承,Rule-generated Stage7 member for 合成林氏.,False
1095994,7009,林丽,female,1595-01-01,1631-12-31,10,承,Rule-generated Stage7 member for 合成林氏.,False
1095995,7009,林国国,male,1591-01-01,1671-12-31,10,承,Rule-generated Stage7 member for 合成林氏.,False
1095996,7009,林承清,female,1591-01-01,1656-12-31,10,承,Rule-generated Stage7 member for 合成林氏.,False
1095997,7009,林承文,male,1592-01-01,1642-12-31,10,承,Rule-generated Stage7 member for 合成林氏.,False
1095998,7009,林华清,female,1590-01-01,1670-12-31,10,承,Rule-generated Stage7 member for 合成林氏.,False
1095999,7009,林宗国,male,1589-01-01,1650-12-31,10,承,Rule-generated Stage7 member for 合成林氏.,False
1096000,7009,林承华,female,1593-01-01,1673-12-31,10,承,Rule-generated Stage7 member for 合成林氏.,False
1096001,7009,林华,male,1591-01-01,1654-12-31,10,承,Rule-generated Stage7 member for 合成林氏.,False
1096002,7009,林强,female,1591-01-01,1669-12-31,10,承,Rule-generated Stage7 member for 合成林氏.,False
1096003,7009,林丽,male,1594-01-01,1665-12-31,10,承,Rule-generated Stage7 member for 合成林氏.,False
1096004,7009,林承宁,female,1594-01-01,1674-12-31,10,承,Rule-generated Stage7 member for 合成林氏.,False
1096005,7009,林明,male,1595-01-01,1685-12-31,10,承,Rule-generated Stage7 member for 合成林氏.,False
1096006,7009,林承玉,female,1590-01-01,1651-12-31,10,承,Rule-generated Stage7 member for 合成林氏.,False
1096007,7009,林德伟,male,1595-01-01,1675-12-31,10,承,Rule-generated Stage7 member for 合成林氏.,False
1096008,7009,林伟,female,1590-01-01,1617-12-31,10,承,Rule-generated Stage7 member for 合成林氏.,False
1096009,7009,林承宗,male,1593-01-01,1638-12-31,10,承,Rule-generated Stage7 member for 合成林氏.,False
1096010,7009,林梅梅,female,1590-01-01,1647-12-31,10,承,Rule-generated Stage7 member for 合成林氏.,False
1096011,7009,林承伟,male,1591-01-01,1662-12-31,10,承,Rule-generated Stage7 member for 合成林氏.,False
1096012,7009,林承敏,female,1592-01-01,1650-12-31,10,承,Rule-generated Stage7 member for 合成林氏.,False
1096013,7009,林承德,male,1593-01-01,1675-12-31,10,承,Rule-generated Stage7 member for 合成林氏.,False
1096014,7009,林强,female,1593-01-01,1628-12-31,10,承,Rule-generated Stage7 member for 合成林氏.,False
1096015,7009,林承成,male,1592-01-01,1669-12-31,10,承,Rule-generated Stage7 member for 合成林氏.,False
1096016,7009,林安兰,female,1589-01-01,1652-12-31,10,承,Rule-generated Stage7 member for 合成林氏.,False
1096017,7009,林承文,male,1591-01-01,1664-12-31,10,承,Rule-generated Stage7 member for 合成林氏.,False
1096018,7009,林芳华,female,1594-01-01,1639-12-31,10,承,Rule-generated Stage7 member for 合成林氏.,False
1096019,7009,林承承,male,1589-01-01,1674-12-31,10,承,Rule-generated Stage7 member for 合成林氏.,False
1096020,7009,林承华,female,1591-01-01,1665-12-31,10,承,Rule-generated Stage7 member for 合成林氏.,False
1096021,7009,林世国,male,1590-01-01,1647-12-31,10,承,Rule-generated Stage7 member for 合成林氏.,False
1096022,7009,林承玉,female,1595-01-01,1686-12-31,10,承,Rule-generated Stage7 member for 合成林氏.,False
1096023,7009,林承伟,male,1595-01-01,1689-12-31,10,承,Rule-generated Stage7 member for 合成林氏.,False
1096024,7009,林明,female,1595-01-01,1644-12-31,10,承,Rule-generated Stage7 member for 合成林氏.,False
1096025,7009,林景世,male,1591-01-01,1636-12-31,10,承,Rule-generated Stage7 member for 合成林氏.,False
1096026,7009,林伟,female,1593-01-01,1659-12-31,10,承,Rule-generated Stage7 member for 合成林氏.,False
1096027,7009,林世强,male,1593-01-01,1641-12-31,10,承,Rule-generated Stage7 member for 合成林氏.,False
1096028,7009,林宁雅,female,1591-01-01,1653-12-31,10,承,Rule-generated Stage7 member for 合成林氏.,False
1096029,7009,林承伟,male,1593-01-01,1665-12-31,10,承,Rule-generated Stage7 member for 合成林氏.,False
1096030,7009,林承玉,female,1591-01-01,1669-12-31,10,承,Rule-generated Stage7 member for 合成林氏.,False
1096031,7009,林华,male,1595-01-01,1650-12-31,10,承,Rule-generated Stage7 member for 合成林氏.,False
1096032,7009,林承芳,female,1592-01-01,1654-12-31,10,承,Rule-generated Stage7 member for 合成林氏.,False
1096033,7009,林承伟,male,1589-01-01,1635-12-31,10,承,Rule-generated Stage7 member for 合成林氏.,False
1096034,7009,林玉宁,female,1593-01-01,1663-12-31,10,承,Rule-generated Stage7 member for 合成林氏.,False
1096035,7009,林伟,male,1590-01-01,1639-12-31,10,承,Rule-generated Stage7 member for 合成林氏.,False
1096036,7009,林敏雅,female,1595-01-01,1650-12-31,10,承,Rule-generated Stage7 member for 合成林氏.,False
1096037,7009,林承宗,male,1589-01-01,1694-12-31,10,承,Rule-generated Stage7 member for 合成林氏.,False
1096038,7009,林伟,female,1591-01-01,1668-12-31,10,承,Rule-generated Stage7 member for 合成林氏.,False
1096039,7009,林世景,male,1589-01-01,1628-12-31,10,承,Rule-generated Stage7 member for 合成林氏.,False
1096040,7009,林安芳,female,1595-01-01,1662-12-31,10,承,Rule-generated Stage7 member for 合成林氏.,False
1096041,7009,林伟,male,1593-01-01,1667-12-31,10,承,Rule-generated Stage7 member for 合成林氏.,False
1096042,7009,林明,female,1593-01-01,1671-12-31,10,承,Rule-generated Stage7 member for 合成林氏.,False
1096043,7009,林承景,male,1594-01-01,1662-12-31,10,承,Rule-generated Stage7 member for 合成林氏.,False
1096044,7009,林华,female,1589-01-01,1651-12-31,10,承,Rule-generated Stage7 member for 合成林氏.,False
1096045,7009,林景伟,male,1593-01-01,1648-12-31,10,承,Rule-generated Stage7 member for 合成林氏.,False
1096046,7009,林承宁,female,1592-01-01,1655-12-31,10,承,Rule-generated Stage7 member for 合成林氏.,False
1096047,7009,林承德,male,1591-01-01,1634-12-31,10,承,Rule-generated Stage7 member for 合成林氏.,False
1096048,7009,林承芳,female,1594-01-01,1643-12-31,10,承,Rule-generated Stage7 member for 合成林氏.,False
1096049,7009,林承强,male,1594-01-01,1662-12-31,10,承,Rule-generated Stage7 member for 合成林氏.,False
1096050,7009,林承兰,female,1589-01-01,1669-12-31,10,承,Rule-generated Stage7 member for 合成林氏.,False
1096051,7009,林承伟,male,1594-01-01,1634-12-31,10,承,Rule-generated Stage7 member for 合成林氏.,False
1096052,7009,林承玉,female,1593-01-01,1671-12-31,10,承,Rule-generated Stage7 member for 合成林氏.,False
1096053,7009,林承伟,male,1591-01-01,1655-12-31,10,承,Rule-generated Stage7 member for 合成林氏.,False
1096054,7009,林梅慧,female,1589-01-01,1624-12-31,10,承,Rule-generated Stage7 member for 合成林氏.,False
1096055,7009,林强承,male,1593-01-01,1693-12-31,10,承,Rule-generated Stage7 member for 合成林氏.,False
1096056,7009,林承安,female,1590-01-01,1646-12-31,10,承,Rule-generated Stage7 member for 合成林氏.,False
1096057,7009,林承国,male,1593-01-01,1661-12-31,10,承,Rule-generated Stage7 member for 合成林氏.,False
1096058,7009,林承慧,female,1590-01-01,1630-12-31,10,承,Rule-generated Stage7 member for 合成林氏.,False
1096059,7009,林承世,male,1592-01-01,1615-12-31,10,承,Rule-generated Stage7 member for 合成林氏.,False
1096060,7009,林承兰,female,1593-01-01,1679-12-31,10,承,Rule-generated Stage7 member for 合成林氏.,False
1096061,7009,林承强,male,1593-01-01,1659-12-31,10,承,Rule-generated Stage7 member for 合成林氏.,False
1096062,7009,林强,female,1590-01-01,1653-12-31,10,承,Rule-generated Stage7 member for 合成林氏.,False
1096063,7009,林伟,male,1591-01-01,1694-12-31,10,承,Rule-generated Stage7 member for 合成林氏.,False
1096064,7009,林安兰,female,1592-01-01,1631-12-31,10,承,Rule-generated Stage7 member for 合成林氏.,False
1096065,7009,林承景,male,1594-01-01,1619-12-31,10,承,Rule-generated Stage7 member for 合成林氏.,False
1096066,7009,林承梅,female,1593-01-01,1661-12-31,10,承,Rule-generated Stage7 member for 合成林氏.,False
1096067,7009,林承明,male,1595-01-01,1689-12-31,10,承,Rule-generated Stage7 member for 合成林氏.,False
1096068,7009,林承清,female,1589-01-01,1668-12-31,10,承,Rule-generated Stage7 member for 合成林氏.,False
1096069,7009,林承强,male,1589-01-01,1647-12-31,10,承,Rule-generated Stage7 member for 合成林氏.,False
1096070,7009,林承玉,female,1590-01-01,1670-12-31,10,承,Rule-generated Stage7 member for 合成林氏.,False
1096071,7009,林世景,male,1593-01-01,1629-12-31,10,承,Rule-generated Stage7 member for 合成林氏.,False
1096072,7009,林景强,male,1612-01-01,1672-12-31,11,安,Rule-generated Stage7 member for 合成林氏.,False
1096073,7009,林雅梅,female,1614-01-01,1653-12-31,11,安,Rule-generated Stage7 member for 合成林氏.,False
1096074,7009,林安强,male,1613-01-01,1664-12-31,11,安,Rule-generated Stage7 member for 合成林氏.,False
1096075,7009,林安芳,female,1612-01-01,1700-12-31,11,安,Rule-generated Stage7 member for 合成林氏.,False
1096076,7009,林安德,male,1615-01-01,1687-12-31,11,安,Rule-generated Stage7 member for 合成林氏.,False
1096077,7009,林安宁,female,1612-01-01,1666-12-31,11,安,Rule-generated Stage7 member for 合成林氏.,False
1096078,7009,林宗德,male,1616-01-01,1667-12-31,11,安,Rule-generated Stage7 member for 合成林氏.,False
1096079,7009,林雅清,female,1611-01-01,1670-12-31,11,安,Rule-generated Stage7 member for 合成林氏.,False
1096080,7009,林安宗,male,1613-01-01,1669-12-31,11,安,Rule-generated Stage7 member for 合成林氏.,False
1096081,7009,林安敏,female,1614-01-01,1674-12-31,11,安,Rule-generated Stage7 member for 合成林氏.,False
1096082,7009,林安文,male,1610-01-01,1675-12-31,11,安,Rule-generated Stage7 member for 合成林氏.,False
1096083,7009,林敏玉,female,1614-01-01,1650-12-31,11,安,Rule-generated Stage7 member for 合成林氏.,False
1096084,7009,林安世,male,1615-01-01,1679-12-31,11,安,Rule-generated Stage7 member for 合成林氏.,False
1096085,7009,林安清,female,1614-01-01,1647-12-31,11,安,Rule-generated Stage7 member for 合成林氏.,False
1096086,7009,林强国,male,1612-01-01,1678-12-31,11,安,Rule-generated Stage7 member for 合成林氏.,False
1096087,7009,林华玉,female,1614-01-01,1655-12-31,11,安,Rule-generated Stage7 member for 合成林氏.,False
1096088,7009,林安文,male,1614-01-01,1673-12-31,11,安,Rule-generated Stage7 member for 合成林氏.,False
1096089,7009,林安安,female,1612-01-01,1693-12-31,11,安,Rule-generated Stage7 member for 合成林氏.,False
1096090,7009,林安伟,male,1616-01-01,1660-12-31,11,安,Rule-generated Stage7 member for 合成林氏.,False
1096091,7009,林安丽,female,1612-01-01,1689-12-31,11,安,Rule-generated Stage7 member for 合成林氏.,False
1096092,7009,林安宗,male,1612-01-01,1694-12-31,11,安,Rule-generated Stage7 member for 合成林氏.,False
1096093,7009,林安敏,female,1612-01-01,1665-12-31,11,安,Rule-generated Stage7 member for 合成林氏.,False
1096094,7009,林安承,male,1616-01-01,1658-12-31,11,安,Rule-generated Stage7 member for 合成林氏.,False
1096095,7009,林安兰,female,1614-01-01,1710-12-31,11,安,Rule-generated Stage7 member for 合成林氏.,False
1096096,7009,林安强,male,1610-01-01,1678-12-31,11,安,Rule-generated Stage7 member for 合成林氏.,False
1096097,7009,林安安,female,1613-01-01,1646-12-31,11,安,Rule-generated Stage7 member for 合成林氏.,False
1096098,7009,林文明,male,1612-01-01,1682-12-31,11,安,Rule-generated Stage7 member for 合成林氏.,False
1096099,7009,林华芳,female,1610-01-01,1671-12-31,11,安,Rule-generated Stage7 member for 合成林氏.,False
1096100,7009,林伟,male,1611-01-01,1686-12-31,11,安,Rule-generated Stage7 member for 合成林氏.,False
1096101,7009,林华,female,1611-01-01,1665-12-31,11,安,Rule-generated Stage7 member for 合成林氏.,False
1096102,7009,林丽,male,1610-01-01,1678-12-31,11,安,Rule-generated Stage7 member for 合成林氏.,False
1096103,7009,林安慧,female,1613-01-01,1683-12-31,11,安,Rule-generated Stage7 member for 合成林氏.,False
1096104,7009,林伟国,male,1614-01-01,1651-12-31,11,安,Rule-generated Stage7 member for 合成林氏.,False
1096105,7009,林安梅,female,1613-01-01,1666-12-31,11,安,Rule-generated Stage7 member for 合成林氏.,False
1096106,7009,林安文,male,1611-01-01,1705-12-31,11,安,Rule-generated Stage7 member for 合成林氏.,False
1096107,7009,林安兰,female,1613-01-01,1674-12-31,11,安,Rule-generated Stage7 member for 合成林氏.,False
1096108,7009,林安文,male,1615-01-01,1688-12-31,11,安,Rule-generated Stage7 member for 合成林氏.,False
1096109,7009,林安清,female,1612-01-01,1673-12-31,11,安,Rule-generated Stage7 member for 合成林氏.,False
1096110,7009,林承强,male,1613-01-01,1689-12-31,11,安,Rule-generated Stage7 member for 合成林氏.,False
1096111,7009,林安安,female,1615-01-01,1664-12-31,11,安,Rule-generated Stage7 member for 合成林氏.,False
1096112,7009,林华,male,1610-01-01,1671-12-31,11,安,Rule-generated Stage7 member for 合成林氏.,False
1096113,7009,林安华,female,1615-01-01,1671-12-31,11,安,Rule-generated Stage7 member for 合成林氏.,False
1096114,7009,林安明,male,1613-01-01,1713-12-31,11,安,Rule-generated Stage7 member for 合成林氏.,False
1096115,7009,林强,female,1610-01-01,1655-12-31,11,安,Rule-generated Stage7 member for 合成林氏.,False
1096116,7009,林丽,male,1612-01-01,1682-12-31,11,安,Rule-generated Stage7 member for 合成林氏.,False
1096117,7009,林安敏,female,1615-01-01,1680-12-31,11,安,Rule-generated Stage7 member for 合成林氏.,False
1096118,7009,林宗景,male,1610-01-01,1709-12-31,11,安,Rule-generated Stage7 member for 合成林氏.,False
1096119,7009,林安丽,female,1612-01-01,1665-12-31,11,安,Rule-generated Stage7 member for 合成林氏.,False
1096120,7009,林安承,male,1615-01-01,1666-12-31,11,安,Rule-generated Stage7 member for 合成林氏.,False
1096121,7009,林丽华,female,1613-01-01,1693-12-31,11,安,Rule-generated Stage7 member for 合成林氏.,False
1096122,7009,林安文,male,1613-01-01,1688-12-31,11,安,Rule-generated Stage7 member for 合成林氏.,False
1096123,7009,林伟,female,1610-01-01,1674-12-31,11,安,Rule-generated Stage7 member for 合成林氏.,False
1096124,7009,林安景,male,1614-01-01,1698-12-31,11,安,Rule-generated Stage7 member for 合成林氏.,False
1096125,7009,林安芳,female,1613-01-01,1662-12-31,11,安,Rule-generated Stage7 member for 合成林氏.,False
1096126,7009,林安景,male,1616-01-01,1692-12-31,11,安,Rule-generated Stage7 member for 合成林氏.,False
1096127,7009,林雅雅,female,1610-01-01,1675-12-31,11,安,Rule-generated Stage7 member for 合成林氏.,False
1096128,7009,林安德,male,1611-01-01,1666-12-31,11,安,Rule-generated Stage7 member for 合成林氏.,False
1096129,7009,林安宁,female,1615-01-01,1690-12-31,11,安,Rule-generated Stage7 member for 合成林氏.,False
1096130,7009,林安景,male,1610-01-01,1705-12-31,11,安,Rule-generated Stage7 member for 合成林氏.,False
1096131,7009,林安芳,female,1613-01-01,1654-12-31,11,安,Rule-generated Stage7 member for 合成林氏.,False
1096132,7009,林安强,male,1616-01-01,1702-12-31,11,安,Rule-generated Stage7 member for 合成林氏.,False
1096133,7009,林安芳,female,1613-01-01,1701-12-31,11,安,Rule-generated Stage7 member for 合成林氏.,False
1096134,7009,林安安,male,1613-01-01,1686-12-31,11,安,Rule-generated Stage7 member for 合成林氏.,False
1096135,7009,林安兰,female,1615-01-01,1693-12-31,11,安,Rule-generated Stage7 member for 合成林氏.,False
1096136,7009,林安宗,male,1611-01-01,1666-12-31,11,安,Rule-generated Stage7 member for 合成林氏.,False
1096137,7009,林安丽,female,1612-01-01,1675-12-31,11,安,Rule-generated Stage7 member for 合成林氏.,False
1096138,7009,林文景,male,1610-01-01,1680-12-31,11,安,Rule-generated Stage7 member for 合成林氏.,False
1096139,7009,林安华,female,1616-01-01,1649-12-31,11,安,Rule-generated Stage7 member for 合成林氏.,False
1096140,7009,林安宗,male,1614-01-01,1678-12-31,11,安,Rule-generated Stage7 member for 合成林氏.,False
1096141,7009,林强,female,1614-01-01,1695-12-31,11,安,Rule-generated Stage7 member for 合成林氏.,False
1096142,7009,林宗宗,male,1611-01-01,1688-12-31,11,安,Rule-generated Stage7 member for 合成林氏.,False
1096143,7009,林安安,female,1612-01-01,1682-12-31,11,安,Rule-generated Stage7 member for 合成林氏.,False
1096144,7009,林强世,male,1610-01-01,1669-12-31,11,安,Rule-generated Stage7 member for 合成林氏.,False
1096145,7009,林安慧,female,1614-01-01,1673-12-31,11,安,Rule-generated Stage7 member for 合成林氏.,False
1096146,7009,林国成,male,1612-01-01,1690-12-31,11,安,Rule-generated Stage7 member for 合成林氏.,False
1096147,7009,林安宁,female,1612-01-01,1677-12-31,11,安,Rule-generated Stage7 member for 合成林氏.,False
1096148,7009,林安世,male,1614-01-01,1707-12-31,11,安,Rule-generated Stage7 member for 合成林氏.,False
1096149,7009,林梅梅,female,1615-01-01,1656-12-31,11,安,Rule-generated Stage7 member for 合成林氏.,False
1096150,7009,林安世,male,1616-01-01,1649-12-31,11,安,Rule-generated Stage7 member for 合成林氏.,False
1096151,7009,林安玉,female,1615-01-01,1698-12-31,11,安,Rule-generated Stage7 member for 合成林氏.,False
1096152,7009,林安安,male,1610-01-01,1695-12-31,11,安,Rule-generated Stage7 member for 合成林氏.,False
1096153,7009,林安宁,female,1616-01-01,1644-12-31,11,安,Rule-generated Stage7 member for 合成林氏.,False
1096154,7009,林安安,male,1615-01-01,1699-12-31,11,安,Rule-generated Stage7 member for 合成林氏.,False
1096155,7009,林华,female,1615-01-01,1692-12-31,11,安,Rule-generated Stage7 member for 合成林氏.,False
1096156,7009,林安强,male,1616-01-01,1646-12-31,11,安,Rule-generated Stage7 member for 合成林氏.,False
1096157,7009,林宁清,female,1616-01-01,1678-12-31,11,安,Rule-generated Stage7 member for 合成林氏.,False
1096158,7009,林敏,male,1615-01-01,1657-12-31,11,安,Rule-generated Stage7 member for 合成林氏.,False
1096159,7009,林安丽,female,1615-01-01,1689-12-31,11,安,Rule-generated Stage7 member for 合成林氏.,False
1096160,7009,林文伟,male,1610-01-01,1674-12-31,11,安,Rule-generated Stage7 member for 合成林氏.,False
1096161,7009,林敏,female,1614-01-01,1686-12-31,11,安,Rule-generated Stage7 member for 合成林氏.,False
1096162,7009,林安德,male,1613-01-01,1705-12-31,11,安,Rule-generated Stage7 member for 合成林氏.,False
1096163,7009,林安清,female,1611-01-01,1657-12-31,11,安,Rule-generated Stage7 member for 合成林氏.,False
1096164,7009,林安国,male,1615-01-01,1671-12-31,11,安,Rule-generated Stage7 member for 合成林氏.,False
1096165,7009,林清清,female,1611-01-01,1680-12-31,11,安,Rule-generated Stage7 member for 合成林氏.,False
1096166,7009,林成宗,male,1611-01-01,1686-12-31,11,安,Rule-generated Stage7 member for 合成林氏.,False
1096167,7009,林安丽,female,1614-01-01,1647-12-31,11,安,Rule-generated Stage7 member for 合成林氏.,False
1096168,7009,林安景,male,1610-01-01,1664-12-31,11,安,Rule-generated Stage7 member for 合成林氏.,False
1096169,7009,林安雅,female,1610-01-01,1677-12-31,11,安,Rule-generated Stage7 member for 合成林氏.,False
1096170,7009,林安宗,male,1611-01-01,1686-12-31,11,安,Rule-generated Stage7 member for 合成林氏.,False
1096171,7009,林丽,female,1616-01-01,1699-12-31,11,安,Rule-generated Stage7 member for 合成林氏.,False
1096172,7009,林敏,male,1616-01-01,1705-12-31,11,安,Rule-generated Stage7 member for 合成林氏.,False
1096173,7009,林敏雅,female,1615-01-01,1662-12-31,11,安,Rule-generated Stage7 member for 合成林氏.,False
1096174,7009,林安宗,male,1616-01-01,1668-12-31,11,安,Rule-generated Stage7 member for 合成林氏.,False
1096175,7009,林安敏,female,1611-01-01,1670-12-31,11,安,Rule-generated Stage7 member for 合成林氏.,False
1096176,7009,林安景,male,1611-01-01,1652-12-31,11,安,Rule-generated Stage7 member for 合成林氏.,False
1096177,7009,林明,female,1614-01-01,1665-12-31,11,安,Rule-generated Stage7 member for 合成林氏.,False
1096178,7009,林景成,male,1615-01-01,1716-12-31,11,安,Rule-generated Stage7 member for 合成林氏.,False
1096179,7009,林安慧,female,1610-01-01,1657-12-31,11,安,Rule-generated Stage7 member for 合成林氏.,False
1096180,7009,林伟承,male,1614-01-01,1670-12-31,11,安,Rule-generated Stage7 member for 合成林氏.,False
1096181,7009,林安雅,female,1614-01-01,1685-12-31,11,安,Rule-generated Stage7 member for 合成林氏.,False
1096182,7009,林安伟,male,1611-01-01,1706-12-31,11,安,Rule-generated Stage7 member for 合成林氏.,False
1096183,7009,林芳华,female,1610-01-01,1698-12-31,11,安,Rule-generated Stage7 member for 合成林氏.,False
1096184,7009,林强,male,1612-01-01,1699-12-31,11,安,Rule-generated Stage7 member for 合成林氏.,False
1096185,7009,林敏,female,1616-01-01,1666-12-31,11,安,Rule-generated Stage7 member for 合成林氏.,False
1096186,7009,林宁成,male,1633-01-01,1715-12-31,12,宁,Rule-generated Stage7 member for 合成林氏.,False
1096187,7009,林雅慧,female,1634-01-01,1664-12-31,12,宁,Rule-generated Stage7 member for 合成林氏.,False
1096188,7009,林宁世,male,1635-01-01,1687-12-31,12,宁,Rule-generated Stage7 member for 合成林氏.,False
1096189,7009,林宁梅,female,1633-01-01,1688-12-31,12,宁,Rule-generated Stage7 member for 合成林氏.,False
1096190,7009,林华,male,1634-01-01,1688-12-31,12,宁,Rule-generated Stage7 member for 合成林氏.,False
1096191,7009,林雅清,female,1633-01-01,1686-12-31,12,宁,Rule-generated Stage7 member for 合成林氏.,False
1096192,7009,林强德,male,1632-01-01,1713-12-31,12,宁,Rule-generated Stage7 member for 合成林氏.,False
1096193,7009,林宁安,female,1637-01-01,1722-12-31,12,宁,Rule-generated Stage7 member for 合成林氏.,False
1096194,7009,林宁世,male,1633-01-01,1703-12-31,12,宁,Rule-generated Stage7 member for 合成林氏.,False
1096195,7009,林宁梅,female,1635-01-01,1674-12-31,12,宁,Rule-generated Stage7 member for 合成林氏.,False
1096196,7009,林宁伟,male,1631-01-01,1651-12-31,12,宁,Rule-generated Stage7 member for 合成林氏.,False
1096197,7009,林宁兰,female,1634-01-01,1693-12-31,12,宁,Rule-generated Stage7 member for 合成林氏.,False
1096198,7009,林宁明,male,1631-01-01,1701-12-31,12,宁,Rule-generated Stage7 member for 合成林氏.,False
1096199,7009,林宁玉,female,1637-01-01,1693-12-31,12,宁,Rule-generated Stage7 member for 合成林氏.,False
1096200,7009,林宁世,male,1637-01-01,1720-12-31,12,宁,Rule-generated Stage7 member for 合成林氏.,False
1096201,7009,林宁雅,female,1631-01-01,1696-12-31,12,宁,Rule-generated Stage7 member for 合成林氏.,False
1096202,7009,林宁强,male,1631-01-01,1715-12-31,12,宁,Rule-generated Stage7 member for 合成林氏.,False
1096203,7009,林华,female,1632-01-01,1706-12-31,12,宁,Rule-generated Stage7 member for 合成林氏.,False
1096204,7009,林宁文,male,1634-01-01,1704-12-31,12,宁,Rule-generated Stage7 member for 合成林氏.,False
1096205,7009,林安丽,female,1635-01-01,1686-12-31,12,宁,Rule-generated Stage7 member for 合成林氏.,False
1096206,7009,林成明,male,1632-01-01,1712-12-31,12,宁,Rule-generated Stage7 member for 合成林氏.,False
1096207,7009,林安宁,female,1637-01-01,1707-12-31,12,宁,Rule-generated Stage7 member for 合成林氏.,False
1096208,7009,林宁景,male,1631-01-01,1711-12-31,12,宁,Rule-generated Stage7 member for 合成林氏.,False
1096209,7009,林芳丽,female,1636-01-01,1726-12-31,12,宁,Rule-generated Stage7 member for 合成林氏.,False
1096210,7009,林成国,male,1631-01-01,1704-12-31,12,宁,Rule-generated Stage7 member for 合成林氏.,False
1096211,7009,林丽华,female,1636-01-01,1704-12-31,12,宁,Rule-generated Stage7 member for 合成林氏.,False
1096212,7009,林宁伟,male,1634-01-01,1679-12-31,12,宁,Rule-generated Stage7 member for 合成林氏.,False
1096213,7009,林丽清,female,1637-01-01,1690-12-31,12,宁,Rule-generated Stage7 member for 合成林氏.,False
1096214,7009,林宁承,male,1637-01-01,1722-12-31,12,宁,Rule-generated Stage7 member for 合成林氏.,False
1096215,7009,林宁玉,female,1635-01-01,1737-12-31,12,宁,Rule-generated Stage7 member for 合成林氏.,False
1096216,7009,林德文,male,1635-01-01,1713-12-31,12,宁,Rule-generated Stage7 member for 合成林氏.,False
1096217,7009,林宁雅,female,1631-01-01,1719-12-31,12,宁,Rule-generated Stage7 member for 合成林氏.,False
1096218,7009,林宁国,male,1633-01-01,1690-12-31,12,宁,Rule-generated Stage7 member for 合成林氏.,False
1096219,7009,林芳芳,female,1634-01-01,1704-12-31,12,宁,Rule-generated Stage7 member for 合成林氏.,False
1096220,7009,林宁安,male,1633-01-01,1669-12-31,12,宁,Rule-generated Stage7 member for 合成林氏.,False
1096221,7009,林宁玉,female,1631-01-01,1709-12-31,12,宁,Rule-generated Stage7 member for 合成林氏.,False
1096222,7009,林强,male,1631-01-01,1690-12-31,12,宁,Rule-generated Stage7 member for 合成林氏.,False
1096223,7009,林敏玉,female,1636-01-01,1710-12-31,12,宁,Rule-generated Stage7 member for 合成林氏.,False
1096224,7009,林宁伟,male,1637-01-01,1678-12-31,12,宁,Rule-generated Stage7 member for 合成林氏.,False
1096225,7009,林宁兰,female,1636-01-01,1704-12-31,12,宁,Rule-generated Stage7 member for 合成林氏.,False
1096226,7009,林承明,male,1632-01-01,1707-12-31,12,宁,Rule-generated Stage7 member for 合成林氏.,False
1096227,7009,林宁兰,female,1635-01-01,1696-12-31,12,宁,Rule-generated Stage7 member for 合成林氏.,False
1096228,7009,林伟德,male,1632-01-01,1690-12-31,12,宁,Rule-generated Stage7 member for 合成林氏.,False
1096229,7009,林宁丽,female,1636-01-01,1695-12-31,12,宁,Rule-generated Stage7 member for 合成林氏.,False
1096230,7009,林景国,male,1637-01-01,1693-12-31,12,宁,Rule-generated Stage7 member for 合成林氏.,False
1096231,7009,林宁芳,female,1633-01-01,1721-12-31,12,宁,Rule-generated Stage7 member for 合成林氏.,False
1096232,7009,林宁宗,male,1634-01-01,1702-12-31,12,宁,Rule-generated Stage7 member for 合成林氏.,False
1096233,7009,林梅宁,female,1631-01-01,1711-12-31,12,宁,Rule-generated Stage7 member for 合成林氏.,False
1096234,7009,林敏,male,1631-01-01,1671-12-31,12,宁,Rule-generated Stage7 member for 合成林氏.,False
1096235,7009,林宁芳,female,1636-01-01,1741-12-31,12,宁,Rule-generated Stage7 member for 合成林氏.,False
1096236,7009,林宁承,male,1637-01-01,1724-12-31,12,宁,Rule-generated Stage7 member for 合成林氏.,False
1096237,7009,林宁玉,female,1632-01-01,1719-12-31,12,宁,Rule-generated Stage7 member for 合成林氏.,False
1096238,7009,林宁强,male,1636-01-01,1678-12-31,12,宁,Rule-generated Stage7 member for 合成林氏.,False
1096239,7009,林宁清,female,1631-01-01,1698-12-31,12,宁,Rule-generated Stage7 member for 合成林氏.,False
1096240,7009,林丽,male,1635-01-01,1709-12-31,12,宁,Rule-generated Stage7 member for 合成林氏.,False
1096241,7009,林明,female,1637-01-01,1744-12-31,12,宁,Rule-generated Stage7 member for 合成林氏.,False
1096242,7009,林宁承,male,1636-01-01,1705-12-31,12,宁,Rule-generated Stage7 member for 合成林氏.,False
1096243,7009,林兰丽,female,1634-01-01,1730-12-31,12,宁,Rule-generated Stage7 member for 合成林氏.,False
1096244,7009,林宁国,male,1632-01-01,1707-12-31,12,宁,Rule-generated Stage7 member for 合成林氏.,False
1096245,7009,林宁清,female,1634-01-01,1702-12-31,12,宁,Rule-generated Stage7 member for 合成林氏.,False
1096246,7009,林明宗,male,1632-01-01,1703-12-31,12,宁,Rule-generated Stage7 member for 合成林氏.,False
1096247,7009,林宁敏,female,1635-01-01,1725-12-31,12,宁,Rule-generated Stage7 member for 合成林氏.,False
1096248,7009,林承德,male,1633-01-01,1715-12-31,12,宁,Rule-generated Stage7 member for 合成林氏.,False
1096249,7009,林宁梅,female,1633-01-01,1693-12-31,12,宁,Rule-generated Stage7 member for 合成林氏.,False
1096250,7009,林国德,male,1631-01-01,1691-12-31,12,宁,Rule-generated Stage7 member for 合成林氏.,False
1096251,7009,林玉丽,female,1632-01-01,1684-12-31,12,宁,Rule-generated Stage7 member for 合成林氏.,False
1096252,7009,林宁伟,male,1635-01-01,1694-12-31,12,宁,Rule-generated Stage7 member for 合成林氏.,False
1096253,7009,林宁敏,female,1636-01-01,1709-12-31,12,宁,Rule-generated Stage7 member for 合成林氏.,False
1096254,7009,林宁世,male,1632-01-01,1677-12-31,12,宁,Rule-generated Stage7 member for 合成林氏.,False
1096255,7009,林宁玉,female,1632-01-01,1692-12-31,12,宁,Rule-generated Stage7 member for 合成林氏.,False
1096256,7009,林宁安,male,1632-01-01,1716-12-31,12,宁,Rule-generated Stage7 member for 合成林氏.,False
1096257,7009,林华宁,female,1636-01-01,1721-12-31,12,宁,Rule-generated Stage7 member for 合成林氏.,False
1096258,7009,林承国,male,1636-01-01,1706-12-31,12,宁,Rule-generated Stage7 member for 合成林氏.,False
1096259,7009,林宁梅,female,1636-01-01,1714-12-31,12,宁,Rule-generated Stage7 member for 合成林氏.,False
1096260,7009,林宁明,male,1636-01-01,1732-12-31,12,宁,Rule-generated Stage7 member for 合成林氏.,False
1096261,7009,林敏安,female,1635-01-01,1695-12-31,12,宁,Rule-generated Stage7 member for 合成林氏.,False
1096262,7009,林宁承,male,1631-01-01,1705-12-31,12,宁,Rule-generated Stage7 member for 合成林氏.,False
1096263,7009,林宁梅,female,1633-01-01,1681-12-31,12,宁,Rule-generated Stage7 member for 合成林氏.,False
1096264,7009,林宁承,male,1631-01-01,1679-12-31,12,宁,Rule-generated Stage7 member for 合成林氏.,False
1096265,7009,林敏宁,female,1633-01-01,1694-12-31,12,宁,Rule-generated Stage7 member for 合成林氏.,False
1096266,7009,林宁承,male,1633-01-01,1692-12-31,12,宁,Rule-generated Stage7 member for 合成林氏.,False
1096267,7009,林宁兰,female,1637-01-01,1684-12-31,12,宁,Rule-generated Stage7 member for 合成林氏.,False
1096268,7009,林宁伟,male,1632-01-01,1695-12-31,12,宁,Rule-generated Stage7 member for 合成林氏.,False
1096269,7009,林丽,female,1635-01-01,1694-12-31,12,宁,Rule-generated Stage7 member for 合成林氏.,False
1096270,7009,林宁伟,male,1633-01-01,1717-12-31,12,宁,Rule-generated Stage7 member for 合成林氏.,False
1096271,7009,林宁玉,female,1634-01-01,1712-12-31,12,宁,Rule-generated Stage7 member for 合成林氏.,False
1096272,7009,林德德,male,1634-01-01,1701-12-31,12,宁,Rule-generated Stage7 member for 合成林氏.,False
1096273,7009,林宁华,female,1635-01-01,1697-12-31,12,宁,Rule-generated Stage7 member for 合成林氏.,False
1096274,7009,林宁成,male,1633-01-01,1681-12-31,12,宁,Rule-generated Stage7 member for 合成林氏.,False
1096275,7009,林安玉,female,1637-01-01,1706-12-31,12,宁,Rule-generated Stage7 member for 合成林氏.,False
1096276,7009,林宁伟,male,1631-01-01,1699-12-31,12,宁,Rule-generated Stage7 member for 合成林氏.,False
1096277,7009,林宁芳,female,1637-01-01,1700-12-31,12,宁,Rule-generated Stage7 member for 合成林氏.,False
1096278,7009,林德明,male,1635-01-01,1742-12-31,12,宁,Rule-generated Stage7 member for 合成林氏.,False
1096279,7009,林宁敏,female,1632-01-01,1717-12-31,12,宁,Rule-generated Stage7 member for 合成林氏.,False
1096280,7009,林强世,male,1633-01-01,1733-12-31,12,宁,Rule-generated Stage7 member for 合成林氏.,False
1096281,7009,林宁梅,female,1637-01-01,1710-12-31,12,宁,Rule-generated Stage7 member for 合成林氏.,False
1096282,7009,林宁宗,male,1635-01-01,1731-12-31,12,宁,Rule-generated Stage7 member for 合成林氏.,False
1096283,7009,林梅清,female,1632-01-01,1687-12-31,12,宁,Rule-generated Stage7 member for 合成林氏.,False
1096284,7009,林宁成,male,1633-01-01,1701-12-31,12,宁,Rule-generated Stage7 member for 合成林氏.,False
1096285,7009,林宁芳,female,1637-01-01,1708-12-31,12,宁,Rule-generated Stage7 member for 合成林氏.,False
1096286,7009,林宁安,male,1636-01-01,1708-12-31,12,宁,Rule-generated Stage7 member for 合成林氏.,False
1096287,7009,林宁敏,female,1632-01-01,1698-12-31,12,宁,Rule-generated Stage7 member for 合成林氏.,False
1096288,7009,林宁成,male,1636-01-01,1669-12-31,12,宁,Rule-generated Stage7 member for 合成林氏.,False
1096289,7009,林伟,female,1636-01-01,1692-12-31,12,宁,Rule-generated Stage7 member for 合成林氏.,False
1096290,7009,林宁明,male,1635-01-01,1707-12-31,12,宁,Rule-generated Stage7 member for 合成林氏.,False
1096291,7009,林清丽,female,1632-01-01,1698-12-31,12,宁,Rule-generated Stage7 member for 合成林氏.,False
1096292,7009,林明明,male,1636-01-01,1680-12-31,12,宁,Rule-generated Stage7 member for 合成林氏.,False
1096293,7009,林宁兰,female,1632-01-01,1712-12-31,12,宁,Rule-generated Stage7 member for 合成林氏.,False
1096294,7009,林宁文,male,1635-01-01,1720-12-31,12,宁,Rule-generated Stage7 member for 合成林氏.,False
1096295,7009,林宁玉,female,1636-01-01,1678-12-31,12,宁,Rule-generated Stage7 member for 合成林氏.,False
1096296,7009,林丽,male,1637-01-01,1714-12-31,12,宁,Rule-generated Stage7 member for 合成林氏.,False
1096297,7009,林强,female,1637-01-01,1702-12-31,12,宁,Rule-generated Stage7 member for 合成林氏.,False
1096298,7009,林宁宗,male,1632-01-01,1733-12-31,12,宁,Rule-generated Stage7 member for 合成林氏.,False
1096299,7009,林宁雅,female,1631-01-01,1665-12-31,12,宁,Rule-generated Stage7 member for 合成林氏.,False
1096300,7009,林宁明,male,1634-01-01,1711-12-31,12,宁,Rule-generated Stage7 member for 合成林氏.,False
1096301,7009,林雅丽,female,1636-01-01,1699-12-31,12,宁,Rule-generated Stage7 member for 合成林氏.,False
1096302,7009,林宗国,male,1632-01-01,1677-12-31,12,宁,Rule-generated Stage7 member for 合成林氏.,False
1096303,7009,林敏安,female,1637-01-01,1709-12-31,12,宁,Rule-generated Stage7 member for 合成林氏.,False
1096304,7009,林宁宗,male,1631-01-01,1679-12-31,12,宁,Rule-generated Stage7 member for 合成林氏.,False
1096305,7009,林宁梅,female,1631-01-01,1720-12-31,12,宁,Rule-generated Stage7 member for 合成林氏.,False
1096306,7009,林德承,male,1637-01-01,1707-12-31,12,宁,Rule-generated Stage7 member for 合成林氏.,False
1096307,7009,林宁敏,female,1634-01-01,1693-12-31,12,宁,Rule-generated Stage7 member for 合成林氏.,False
1096308,7009,林宁景,male,1634-01-01,1669-12-31,12,宁,Rule-generated Stage7 member for 合成林氏.,False
1096309,7009,林清兰,female,1631-01-01,1684-12-31,12,宁,Rule-generated Stage7 member for 合成林氏.,False
1096310,7009,林伟,male,1655-01-01,1724-12-31,13,文,Rule-generated Stage7 member for 合成林氏.,False
1096311,7009,林文安,female,1652-01-01,1729-12-31,13,文,Rule-generated Stage7 member for 合成林氏.,False
1096312,7009,林国国,male,1656-01-01,1706-12-31,13,文,Rule-generated Stage7 member for 合成林氏.,False
1096313,7009,林文宁,female,1655-01-01,1714-12-31,13,文,Rule-generated Stage7 member for 合成林氏.,False
1096314,7009,林世成,male,1654-01-01,1692-12-31,13,文,Rule-generated Stage7 member for 合成林氏.,False
1096315,7009,林文丽,female,1652-01-01,1703-12-31,13,文,Rule-generated Stage7 member for 合成林氏.,False
1096316,7009,林文世,male,1658-01-01,1716-12-31,13,文,Rule-generated Stage7 member for 合成林氏.,False
1096317,7009,林文玉,female,1658-01-01,1754-12-31,13,文,Rule-generated Stage7 member for 合成林氏.,False
1096318,7009,林文成,male,1654-01-01,1717-12-31,13,文,Rule-generated Stage7 member for 合成林氏.,False
1096319,7009,林文慧,female,1653-01-01,1716-12-31,13,文,Rule-generated Stage7 member for 合成林氏.,False
1096320,7009,林文承,male,1652-01-01,1723-12-31,13,文,Rule-generated Stage7 member for 合成林氏.,False
1096321,7009,林文慧,female,1657-01-01,1723-12-31,13,文,Rule-generated Stage7 member for 合成林氏.,False
1096322,7009,林明强,male,1652-01-01,1709-12-31,13,文,Rule-generated Stage7 member for 合成林氏.,False
1096323,7009,林玉梅,female,1654-01-01,1698-12-31,13,文,Rule-generated Stage7 member for 合成林氏.,False
1096324,7009,林文承,male,1652-01-01,1735-12-31,13,文,Rule-generated Stage7 member for 合成林氏.,False
1096325,7009,林文清,female,1654-01-01,1752-12-31,13,文,Rule-generated Stage7 member for 合成林氏.,False
1096326,7009,林文世,male,1653-01-01,1717-12-31,13,文,Rule-generated Stage7 member for 合成林氏.,False
1096327,7009,林文芳,female,1658-01-01,1723-12-31,13,文,Rule-generated Stage7 member for 合成林氏.,False
1096328,7009,林文国,male,1657-01-01,1702-12-31,13,文,Rule-generated Stage7 member for 合成林氏.,False
1096329,7009,林文慧,female,1656-01-01,1752-12-31,13,文,Rule-generated Stage7 member for 合成林氏.,False
1096330,7009,林伟景,male,1653-01-01,1719-12-31,13,文,Rule-generated Stage7 member for 合成林氏.,False
1096331,7009,林敏梅,female,1658-01-01,1714-12-31,13,文,Rule-generated Stage7 member for 合成林氏.,False
1096332,7009,林强德,male,1657-01-01,1747-12-31,13,文,Rule-generated Stage7 member for 合成林氏.,False
1096333,7009,林雅慧,female,1657-01-01,1707-12-31,13,文,Rule-generated Stage7 member for 合成林氏.,False
1096334,7009,林文承,male,1658-01-01,1723-12-31,13,文,Rule-generated Stage7 member for 合成林氏.,False
1096335,7009,林敏雅,female,1654-01-01,1716-12-31,13,文,Rule-generated Stage7 member for 合成林氏.,False
1096336,7009,林文景,male,1658-01-01,1711-12-31,13,文,Rule-generated Stage7 member for 合成林氏.,False
1096337,7009,林华,female,1654-01-01,1707-12-31,13,文,Rule-generated Stage7 member for 合成林氏.,False
1096338,7009,林文安,male,1654-01-01,1738-12-31,13,文,Rule-generated Stage7 member for 合成林氏.,False
1096339,7009,林文宁,female,1655-01-01,1700-12-31,13,文,Rule-generated Stage7 member for 合成林氏.,False
1096340,7009,林景文,male,1656-01-01,1723-12-31,13,文,Rule-generated Stage7 member for 合成林氏.,False
1096341,7009,林文慧,female,1657-01-01,1682-12-31,13,文,Rule-generated Stage7 member for 合成林氏.,False
1096342,7009,林文德,male,1655-01-01,1713-12-31,13,文,Rule-generated Stage7 member for 合成林氏.,False
1096343,7009,林丽丽,female,1655-01-01,1710-12-31,13,文,Rule-generated Stage7 member for 合成林氏.,False
1096344,7009,林文伟,male,1657-01-01,1697-12-31,13,文,Rule-generated Stage7 member for 合成林氏.,False
1096345,7009,林安华,female,1654-01-01,1759-12-31,13,文,Rule-generated Stage7 member for 合成林氏.,False
1096346,7009,林国伟,male,1652-01-01,1739-12-31,13,文,Rule-generated Stage7 member for 合成林氏.,False
1096347,7009,林雅玉,female,1656-01-01,1707-12-31,13,文,Rule-generated Stage7 member for 合成林氏.,False
1096348,7009,林文强,male,1654-01-01,1684-12-31,13,文,Rule-generated Stage7 member for 合成林氏.,False
1096349,7009,林宁梅,female,1657-01-01,1723-12-31,13,文,Rule-generated Stage7 member for 合成林氏.,False
1096350,7009,林强安,male,1652-01-01,1753-12-31,13,文,Rule-generated Stage7 member for 合成林氏.,False
1096351,7009,林文宁,female,1657-01-01,1737-12-31,13,文,Rule-generated Stage7 member for 合成林氏.,False
1096352,7009,林文宗,male,1656-01-01,1731-12-31,13,文,Rule-generated Stage7 member for 合成林氏.,False
1096353,7009,林文清,female,1652-01-01,1689-12-31,13,文,Rule-generated Stage7 member for 合成林氏.,False
1096354,7009,林宗伟,male,1652-01-01,1732-12-31,13,文,Rule-generated Stage7 member for 合成林氏.,False
1096355,7009,林文华,female,1652-01-01,1707-12-31,13,文,Rule-generated Stage7 member for 合成林氏.,False
1096356,7009,林文安,male,1654-01-01,1687-12-31,13,文,Rule-generated Stage7 member for 合成林氏.,False
1096357,7009,林文兰,female,1656-01-01,1705-12-31,13,文,Rule-generated Stage7 member for 合成林氏.,False
1096358,7009,林文国,male,1656-01-01,1719-12-31,13,文,Rule-generated Stage7 member for 合成林氏.,False
1096359,7009,林文芳,female,1658-01-01,1711-12-31,13,文,Rule-generated Stage7 member for 合成林氏.,False
1096360,7009,林伟,male,1655-01-01,1712-12-31,13,文,Rule-generated Stage7 member for 合成林氏.,False
1096361,7009,林丽芳,female,1658-01-01,1727-12-31,13,文,Rule-generated Stage7 member for 合成林氏.,False
1096362,7009,林明,male,1655-01-01,1677-12-31,13,文,Rule-generated Stage7 member for 合成林氏.,False
1096363,7009,林文华,female,1655-01-01,1716-12-31,13,文,Rule-generated Stage7 member for 合成林氏.,False
1096364,7009,林文国,male,1653-01-01,1701-12-31,13,文,Rule-generated Stage7 member for 合成林氏.,False
1096365,7009,林文梅,female,1657-01-01,1720-12-31,13,文,Rule-generated Stage7 member for 合成林氏.,False
1096366,7009,林文宗,male,1656-01-01,1715-12-31,13,文,Rule-generated Stage7 member for 合成林氏.,False
1096367,7009,林丽,female,1652-01-01,1692-12-31,13,文,Rule-generated Stage7 member for 合成林氏.,False
1096368,7009,林伟承,male,1657-01-01,1686-12-31,13,文,Rule-generated Stage7 member for 合成林氏.,False
1096369,7009,林文敏,female,1658-01-01,1702-12-31,13,文,Rule-generated Stage7 member for 合成林氏.,False
1096370,7009,林文强,male,1652-01-01,1746-12-31,13,文,Rule-generated Stage7 member for 合成林氏.,False
1096371,7009,林丽兰,female,1654-01-01,1721-12-31,13,文,Rule-generated Stage7 member for 合成林氏.,False
1096372,7009,林文德,male,1654-01-01,1681-12-31,13,文,Rule-generated Stage7 member for 合成林氏.,False
1096373,7009,林慧宁,female,1657-01-01,1706-12-31,13,文,Rule-generated Stage7 member for 合成林氏.,False
1096374,7009,林承德,male,1653-01-01,1749-12-31,13,文,Rule-generated Stage7 member for 合成林氏.,False
1096375,7009,林文雅,female,1655-01-01,1719-12-31,13,文,Rule-generated Stage7 member for 合成林氏.,False
1096376,7009,林文强,male,1654-01-01,1730-12-31,13,文,Rule-generated Stage7 member for 合成林氏.,False
1096377,7009,林文丽,female,1652-01-01,1718-12-31,13,文,Rule-generated Stage7 member for 合成林氏.,False
1096378,7009,林文强,male,1655-01-01,1702-12-31,13,文,Rule-generated Stage7 member for 合成林氏.,False
1096379,7009,林文敏,female,1652-01-01,1734-12-31,13,文,Rule-generated Stage7 member for 合成林氏.,False
1096380,7009,林宗国,male,1654-01-01,1687-12-31,13,文,Rule-generated Stage7 member for 合成林氏.,False
1096381,7009,林文清,female,1652-01-01,1687-12-31,13,文,Rule-generated Stage7 member for 合成林氏.,False
1096382,7009,林文文,male,1652-01-01,1730-12-31,13,文,Rule-generated Stage7 member for 合成林氏.,False
1096383,7009,林文清,female,1653-01-01,1710-12-31,13,文,Rule-generated Stage7 member for 合成林氏.,False
1096384,7009,林文宗,male,1655-01-01,1732-12-31,13,文,Rule-generated Stage7 member for 合成林氏.,False
1096385,7009,林兰玉,female,1657-01-01,1730-12-31,13,文,Rule-generated Stage7 member for 合成林氏.,False
1096386,7009,林文文,male,1657-01-01,1740-12-31,13,文,Rule-generated Stage7 member for 合成林氏.,False
1096387,7009,林文雅,female,1654-01-01,1697-12-31,13,文,Rule-generated Stage7 member for 合成林氏.,False
1096388,7009,林文文,male,1653-01-01,1720-12-31,13,文,Rule-generated Stage7 member for 合成林氏.,False
1096389,7009,林宁玉,female,1657-01-01,1691-12-31,13,文,Rule-generated Stage7 member for 合成林氏.,False
1096390,7009,林文伟,male,1656-01-01,1747-12-31,13,文,Rule-generated Stage7 member for 合成林氏.,False
1096391,7009,林华丽,female,1653-01-01,1718-12-31,13,文,Rule-generated Stage7 member for 合成林氏.,False
1096392,7009,林文文,male,1654-01-01,1716-12-31,13,文,Rule-generated Stage7 member for 合成林氏.,False
1096393,7009,林文雅,female,1658-01-01,1686-12-31,13,文,Rule-generated Stage7 member for 合成林氏.,False
1096394,7009,林承文,male,1654-01-01,1745-12-31,13,文,Rule-generated Stage7 member for 合成林氏.,False
1096395,7009,林文雅,female,1656-01-01,1705-12-31,13,文,Rule-generated Stage7 member for 合成林氏.,False
1096396,7009,林文德,male,1655-01-01,1700-12-31,13,文,Rule-generated Stage7 member for 合成林氏.,False
1096397,7009,林清雅,female,1657-01-01,1739-12-31,13,文,Rule-generated Stage7 member for 合成林氏.,False
1096398,7009,林文世,male,1658-01-01,1715-12-31,13,文,Rule-generated Stage7 member for 合成林氏.,False
1096399,7009,林文梅,female,1657-01-01,1734-12-31,13,文,Rule-generated Stage7 member for 合成林氏.,False
1096400,7009,林敏,male,1658-01-01,1702-12-31,13,文,Rule-generated Stage7 member for 合成林氏.,False
1096401,7009,林文梅,female,1657-01-01,1726-12-31,13,文,Rule-generated Stage7 member for 合成林氏.,False
1096402,7009,林文强,male,1652-01-01,1696-12-31,13,文,Rule-generated Stage7 member for 合成林氏.,False
1096403,7009,林文清,female,1656-01-01,1692-12-31,13,文,Rule-generated Stage7 member for 合成林氏.,False
1096404,7009,林德宗,male,1654-01-01,1730-12-31,13,文,Rule-generated Stage7 member for 合成林氏.,False
1096405,7009,林玉华,female,1652-01-01,1737-12-31,13,文,Rule-generated Stage7 member for 合成林氏.,False
1096406,7009,林世世,male,1655-01-01,1694-12-31,13,文,Rule-generated Stage7 member for 合成林氏.,False
1096407,7009,林明,female,1652-01-01,1699-12-31,13,文,Rule-generated Stage7 member for 合成林氏.,False
1096408,7009,林丽,male,1654-01-01,1721-12-31,13,文,Rule-generated Stage7 member for 合成林氏.,False
1096409,7009,林文梅,female,1655-01-01,1684-12-31,13,文,Rule-generated Stage7 member for 合成林氏.,False
1096410,7009,林敏,male,1654-01-01,1745-12-31,13,文,Rule-generated Stage7 member for 合成林氏.,False
1096411,7009,林芳芳,female,1655-01-01,1702-12-31,13,文,Rule-generated Stage7 member for 合成林氏.,False
1096412,7009,林文成,male,1658-01-01,1696-12-31,13,文,Rule-generated Stage7 member for 合成林氏.,False
1096413,7009,林文清,female,1657-01-01,1725-12-31,13,文,Rule-generated Stage7 member for 合成林氏.,False
1096414,7009,林文世,male,1656-01-01,1686-12-31,13,文,Rule-generated Stage7 member for 合成林氏.,False
1096415,7009,林文慧,female,1657-01-01,1749-12-31,13,文,Rule-generated Stage7 member for 合成林氏.,False
1096416,7009,林承强,male,1653-01-01,1753-12-31,13,文,Rule-generated Stage7 member for 合成林氏.,False
1096417,7009,林兰玉,female,1658-01-01,1724-12-31,13,文,Rule-generated Stage7 member for 合成林氏.,False
1096418,7009,林文明,male,1653-01-01,1684-12-31,13,文,Rule-generated Stage7 member for 合成林氏.,False
1096419,7009,林安慧,female,1657-01-01,1705-12-31,13,文,Rule-generated Stage7 member for 合成林氏.,False
1096420,7009,林文景,male,1655-01-01,1716-12-31,13,文,Rule-generated Stage7 member for 合成林氏.,False
1096421,7009,林明,female,1657-01-01,1706-12-31,13,文,Rule-generated Stage7 member for 合成林氏.,False
1096422,7009,林文明,male,1656-01-01,1727-12-31,13,文,Rule-generated Stage7 member for 合成林氏.,False
1096423,7009,林文丽,female,1658-01-01,1707-12-31,13,文,Rule-generated Stage7 member for 合成林氏.,False
1096424,7009,林文德,male,1656-01-01,1694-12-31,13,文,Rule-generated Stage7 member for 合成林氏.,False
1096425,7009,林雅丽,female,1656-01-01,1757-12-31,13,文,Rule-generated Stage7 member for 合成林氏.,False
1096426,7009,林文明,male,1655-01-01,1731-12-31,13,文,Rule-generated Stage7 member for 合成林氏.,False
1096427,7009,林文芳,female,1657-01-01,1737-12-31,13,文,Rule-generated Stage7 member for 合成林氏.,False
1096428,7009,林文明,male,1656-01-01,1724-12-31,13,文,Rule-generated Stage7 member for 合成林氏.,False
1096429,7009,林梅清,female,1655-01-01,1679-12-31,13,文,Rule-generated Stage7 member for 合成林氏.,False
1096430,7009,林景成,male,1652-01-01,1719-12-31,13,文,Rule-generated Stage7 member for 合成林氏.,False
1096431,7009,林宁敏,female,1655-01-01,1733-12-31,13,文,Rule-generated Stage7 member for 合成林氏.,False
1096432,7009,林明宗,male,1658-01-01,1695-12-31,13,文,Rule-generated Stage7 member for 合成林氏.,False
1096433,7009,林文梅,female,1658-01-01,1685-12-31,13,文,Rule-generated Stage7 member for 合成林氏.,False
1096434,7009,林文德,male,1655-01-01,1754-12-31,13,文,Rule-generated Stage7 member for 合成林氏.,False
1096435,7009,林雅安,female,1654-01-01,1754-12-31,13,文,Rule-generated Stage7 member for 合成林氏.,False
1096436,7009,林伟国,male,1658-01-01,1734-12-31,13,文,Rule-generated Stage7 member for 合成林氏.,False
1096437,7009,林敏,female,1655-01-01,1692-12-31,13,文,Rule-generated Stage7 member for 合成林氏.,False
1096438,7009,林文景,male,1656-01-01,1701-12-31,13,文,Rule-generated Stage7 member for 合成林氏.,False
1096439,7009,林文芳,female,1655-01-01,1707-12-31,13,文,Rule-generated Stage7 member for 合成林氏.,False
1096440,7009,林文成,male,1654-01-01,1749-12-31,13,文,Rule-generated Stage7 member for 合成林氏.,False
1096441,7009,林清雅,female,1658-01-01,1737-12-31,13,文,Rule-generated Stage7 member for 合成林氏.,False
1096442,7009,林文强,male,1657-01-01,1710-12-31,13,文,Rule-generated Stage7 member for 合成林氏.,False
1096443,7009,林敏,female,1652-01-01,1733-12-31,13,文,Rule-generated Stage7 member for 合成林氏.,False
1096444,7009,林伟,male,1677-01-01,1742-12-31,14,武,Rule-generated Stage7 member for 合成林氏.,False
1096445,7009,林武华,female,1678-01-01,1720-12-31,14,武,Rule-generated Stage7 member for 合成林氏.,False
1096446,7009,林武德,male,1673-01-01,1733-12-31,14,武,Rule-generated Stage7 member for 合成林氏.,False
1096447,7009,林敏慧,female,1676-01-01,1765-12-31,14,武,Rule-generated Stage7 member for 合成林氏.,False
1096448,7009,林武承,male,1674-01-01,1750-12-31,14,武,Rule-generated Stage7 member for 合成林氏.,False
1096449,7009,林华慧,female,1677-01-01,1750-12-31,14,武,Rule-generated Stage7 member for 合成林氏.,False
1096450,7009,林敏,male,1676-01-01,1719-12-31,14,武,Rule-generated Stage7 member for 合成林氏.,False
1096451,7009,林明,female,1677-01-01,1741-12-31,14,武,Rule-generated Stage7 member for 合成林氏.,False
1096452,7009,林武伟,male,1674-01-01,1743-12-31,14,武,Rule-generated Stage7 member for 合成林氏.,False
1096453,7009,林梅丽,female,1674-01-01,1738-12-31,14,武,Rule-generated Stage7 member for 合成林氏.,False
1096454,7009,林武宗,male,1676-01-01,1746-12-31,14,武,Rule-generated Stage7 member for 合成林氏.,False
1096455,7009,林玉敏,female,1675-01-01,1733-12-31,14,武,Rule-generated Stage7 member for 合成林氏.,False
1096456,7009,林国世,male,1673-01-01,1729-12-31,14,武,Rule-generated Stage7 member for 合成林氏.,False
1096457,7009,林武梅,female,1676-01-01,1738-12-31,14,武,Rule-generated Stage7 member for 合成林氏.,False
1096458,7009,林文世,male,1677-01-01,1709-12-31,14,武,Rule-generated Stage7 member for 合成林氏.,False
1096459,7009,林武慧,female,1678-01-01,1736-12-31,14,武,Rule-generated Stage7 member for 合成林氏.,False
1096460,7009,林宗明,male,1675-01-01,1762-12-31,14,武,Rule-generated Stage7 member for 合成林氏.,False
1096461,7009,林清安,female,1675-01-01,1756-12-31,14,武,Rule-generated Stage7 member for 合成林氏.,False
1096462,7009,林武安,male,1677-01-01,1739-12-31,14,武,Rule-generated Stage7 member for 合成林氏.,False
1096463,7009,林华雅,female,1673-01-01,1736-12-31,14,武,Rule-generated Stage7 member for 合成林氏.,False
1096464,7009,林强,male,1676-01-01,1741-12-31,14,武,Rule-generated Stage7 member for 合成林氏.,False
1096465,7009,林武华,female,1679-01-01,1785-12-31,14,武,Rule-generated Stage7 member for 合成林氏.,False
1096466,7009,林世明,male,1675-01-01,1735-12-31,14,武,Rule-generated Stage7 member for 合成林氏.,False
1096467,7009,林敏,female,1679-01-01,1730-12-31,14,武,Rule-generated Stage7 member for 合成林氏.,False
1096468,7009,林武成,male,1678-01-01,1728-12-31,14,武,Rule-generated Stage7 member for 合成林氏.,False
1096469,7009,林宁玉,female,1674-01-01,1748-12-31,14,武,Rule-generated Stage7 member for 合成林氏.,False
1096470,7009,林武成,male,1679-01-01,1757-12-31,14,武,Rule-generated Stage7 member for 合成林氏.,False
1096471,7009,林宁雅,female,1675-01-01,1755-12-31,14,武,Rule-generated Stage7 member for 合成林氏.,False
1096472,7009,林武强,male,1673-01-01,1723-12-31,14,武,Rule-generated Stage7 member for 合成林氏.,False
1096473,7009,林武清,female,1676-01-01,1742-12-31,14,武,Rule-generated Stage7 member for 合成林氏.,False
1096474,7009,林伟,male,1675-01-01,1710-12-31,14,武,Rule-generated Stage7 member for 合成林氏.,False
1096475,7009,林武丽,female,1675-01-01,1716-12-31,14,武,Rule-generated Stage7 member for 合成林氏.,False
1096476,7009,林宗景,male,1674-01-01,1754-12-31,14,武,Rule-generated Stage7 member for 合成林氏.,False
1096477,7009,林武慧,female,1679-01-01,1703-12-31,14,武,Rule-generated Stage7 member for 合成林氏.,False
1096478,7009,林承成,male,1677-01-01,1762-12-31,14,武,Rule-generated Stage7 member for 合成林氏.,False
1096479,7009,林慧清,female,1675-01-01,1701-12-31,14,武,Rule-generated Stage7 member for 合成林氏.,False
1096480,7009,林安伟,male,1678-01-01,1757-12-31,14,武,Rule-generated Stage7 member for 合成林氏.,False
1096481,7009,林玉华,female,1678-01-01,1730-12-31,14,武,Rule-generated Stage7 member for 合成林氏.,False
1096482,7009,林武宗,male,1679-01-01,1739-12-31,14,武,Rule-generated Stage7 member for 合成林氏.,False
1096483,7009,林雅清,female,1675-01-01,1729-12-31,14,武,Rule-generated Stage7 member for 合成林氏.,False
1096484,7009,林承德,male,1677-01-01,1739-12-31,14,武,Rule-generated Stage7 member for 合成林氏.,False
1096485,7009,林武慧,female,1676-01-01,1769-12-31,14,武,Rule-generated Stage7 member for 合成林氏.,False
1096486,7009,林承德,male,1678-01-01,1733-12-31,14,武,Rule-generated Stage7 member for 合成林氏.,False
1096487,7009,林慧宁,female,1676-01-01,1776-12-31,14,武,Rule-generated Stage7 member for 合成林氏.,False
1096488,7009,林武文,male,1673-01-01,1696-12-31,14,武,Rule-generated Stage7 member for 合成林氏.,False
1096489,7009,林武丽,female,1678-01-01,1746-12-31,14,武,Rule-generated Stage7 member for 合成林氏.,False
1096490,7009,林武安,male,1676-01-01,1752-12-31,14,武,Rule-generated Stage7 member for 合成林氏.,False
1096491,7009,林丽玉,female,1675-01-01,1724-12-31,14,武,Rule-generated Stage7 member for 合成林氏.,False
1096492,7009,林武文,male,1679-01-01,1771-12-31,14,武,Rule-generated Stage7 member for 合成林氏.,False
1096493,7009,林武芳,female,1678-01-01,1743-12-31,14,武,Rule-generated Stage7 member for 合成林氏.,False
1096494,7009,林景承,male,1678-01-01,1705-12-31,14,武,Rule-generated Stage7 member for 合成林氏.,False
1096495,7009,林武兰,female,1674-01-01,1736-12-31,14,武,Rule-generated Stage7 member for 合成林氏.,False
1096496,7009,林武强,male,1674-01-01,1735-12-31,14,武,Rule-generated Stage7 member for 合成林氏.,False
1096497,7009,林伟,female,1677-01-01,1726-12-31,14,武,Rule-generated Stage7 member for 合成林氏.,False
1096498,7009,林武世,male,1677-01-01,1723-12-31,14,武,Rule-generated Stage7 member for 合成林氏.,False
1096499,7009,林武慧,female,1673-01-01,1731-12-31,14,武,Rule-generated Stage7 member for 合成林氏.,False
1096500,7009,林武德,male,1676-01-01,1747-12-31,14,武,Rule-generated Stage7 member for 合成林氏.,False
1096501,7009,林伟,female,1674-01-01,1741-12-31,14,武,Rule-generated Stage7 member for 合成林氏.,False
1096502,7009,林华,male,1679-01-01,1774-12-31,14,武,Rule-generated Stage7 member for 合成林氏.,False
1096503,7009,林武宁,female,1679-01-01,1760-12-31,14,武,Rule-generated Stage7 member for 合成林氏.,False
1096504,7009,林敏,male,1679-01-01,1753-12-31,14,武,Rule-generated Stage7 member for 合成林氏.,False
1096505,7009,林丽丽,female,1677-01-01,1740-12-31,14,武,Rule-generated Stage7 member for 合成林氏.,False
1096506,7009,林敏,male,1675-01-01,1746-12-31,14,武,Rule-generated Stage7 member for 合成林氏.,False
1096507,7009,林武宁,female,1676-01-01,1775-12-31,14,武,Rule-generated Stage7 member for 合成林氏.,False
1096508,7009,林武强,male,1674-01-01,1757-12-31,14,武,Rule-generated Stage7 member for 合成林氏.,False
1096509,7009,林芳兰,female,1678-01-01,1734-12-31,14,武,Rule-generated Stage7 member for 合成林氏.,False
1096510,7009,林武明,male,1673-01-01,1756-12-31,14,武,Rule-generated Stage7 member for 合成林氏.,False
1096511,7009,林武梅,female,1677-01-01,1723-12-31,14,武,Rule-generated Stage7 member for 合成林氏.,False
1096512,7009,林武德,male,1675-01-01,1735-12-31,14,武,Rule-generated Stage7 member for 合成林氏.,False
1096513,7009,林武慧,female,1674-01-01,1740-12-31,14,武,Rule-generated Stage7 member for 合成林氏.,False
1096514,7009,林世德,male,1678-01-01,1744-12-31,14,武,Rule-generated Stage7 member for 合成林氏.,False
1096515,7009,林华芳,female,1673-01-01,1726-12-31,14,武,Rule-generated Stage7 member for 合成林氏.,False
1096516,7009,林武德,male,1678-01-01,1737-12-31,14,武,Rule-generated Stage7 member for 合成林氏.,False
1096517,7009,林武清,female,1673-01-01,1722-12-31,14,武,Rule-generated Stage7 member for 合成林氏.,False
1096518,7009,林武明,male,1679-01-01,1711-12-31,14,武,Rule-generated Stage7 member for 合成林氏.,False
1096519,7009,林武丽,female,1677-01-01,1753-12-31,14,武,Rule-generated Stage7 member for 合成林氏.,False
1096520,7009,林武文,male,1678-01-01,1726-12-31,14,武,Rule-generated Stage7 member for 合成林氏.,False
1096521,7009,林武清,female,1676-01-01,1714-12-31,14,武,Rule-generated Stage7 member for 合成林氏.,False
1096522,7009,林景国,male,1678-01-01,1754-12-31,14,武,Rule-generated Stage7 member for 合成林氏.,False
1096523,7009,林武宁,female,1675-01-01,1723-12-31,14,武,Rule-generated Stage7 member for 合成林氏.,False
1096524,7009,林强明,male,1677-01-01,1757-12-31,14,武,Rule-generated Stage7 member for 合成林氏.,False
1096525,7009,林武玉,female,1677-01-01,1730-12-31,14,武,Rule-generated Stage7 member for 合成林氏.,False
1096526,7009,林明,male,1679-01-01,1734-12-31,14,武,Rule-generated Stage7 member for 合成林氏.,False
1096527,7009,林武玉,female,1677-01-01,1753-12-31,14,武,Rule-generated Stage7 member for 合成林氏.,False
1096528,7009,林武文,male,1677-01-01,1750-12-31,14,武,Rule-generated Stage7 member for 合成林氏.,False
1096529,7009,林武兰,female,1678-01-01,1745-12-31,14,武,Rule-generated Stage7 member for 合成林氏.,False
1096530,7009,林强文,male,1679-01-01,1734-12-31,14,武,Rule-generated Stage7 member for 合成林氏.,False
1096531,7009,林武兰,female,1675-01-01,1759-12-31,14,武,Rule-generated Stage7 member for 合成林氏.,False
1096532,7009,林武伟,male,1675-01-01,1734-12-31,14,武,Rule-generated Stage7 member for 合成林氏.,False
1096533,7009,林宁芳,female,1674-01-01,1738-12-31,14,武,Rule-generated Stage7 member for 合成林氏.,False
1096534,7009,林武世,male,1673-01-01,1745-12-31,14,武,Rule-generated Stage7 member for 合成林氏.,False
1096535,7009,林武华,female,1673-01-01,1730-12-31,14,武,Rule-generated Stage7 member for 合成林氏.,False
1096536,7009,林国伟,male,1675-01-01,1734-12-31,14,武,Rule-generated Stage7 member for 合成林氏.,False
1096537,7009,林武兰,female,1676-01-01,1737-12-31,14,武,Rule-generated Stage7 member for 合成林氏.,False
1096538,7009,林国明,male,1676-01-01,1763-12-31,14,武,Rule-generated Stage7 member for 合成林氏.,False
1096539,7009,林武玉,female,1676-01-01,1728-12-31,14,武,Rule-generated Stage7 member for 合成林氏.,False
1096540,7009,林武世,male,1676-01-01,1714-12-31,14,武,Rule-generated Stage7 member for 合成林氏.,False
1096541,7009,林丽,female,1673-01-01,1731-12-31,14,武,Rule-generated Stage7 member for 合成林氏.,False
1096542,7009,林承景,male,1673-01-01,1701-12-31,14,武,Rule-generated Stage7 member for 合成林氏.,False
1096543,7009,林武安,female,1676-01-01,1715-12-31,14,武,Rule-generated Stage7 member for 合成林氏.,False
1096544,7009,林武伟,male,1678-01-01,1730-12-31,14,武,Rule-generated Stage7 member for 合成林氏.,False
1096545,7009,林武雅,female,1677-01-01,1740-12-31,14,武,Rule-generated Stage7 member for 合成林氏.,False
1096546,7009,林武宗,male,1677-01-01,1766-12-31,14,武,Rule-generated Stage7 member for 合成林氏.,False
1096547,7009,林武清,female,1676-01-01,1741-12-31,14,武,Rule-generated Stage7 member for 合成林氏.,False
1096548,7009,林武国,male,1674-01-01,1755-12-31,14,武,Rule-generated Stage7 member for 合成林氏.,False
1096549,7009,林武丽,female,1674-01-01,1742-12-31,14,武,Rule-generated Stage7 member for 合成林氏.,False
1096550,7009,林武安,male,1677-01-01,1749-12-31,14,武,Rule-generated Stage7 member for 合成林氏.,False
1096551,7009,林武玉,female,1678-01-01,1733-12-31,14,武,Rule-generated Stage7 member for 合成林氏.,False
1096552,7009,林武成,male,1674-01-01,1707-12-31,14,武,Rule-generated Stage7 member for 合成林氏.,False
1096553,7009,林武兰,female,1678-01-01,1727-12-31,14,武,Rule-generated Stage7 member for 合成林氏.,False
1096554,7009,林武明,male,1678-01-01,1758-12-31,14,武,Rule-generated Stage7 member for 合成林氏.,False
1096555,7009,林兰宁,female,1679-01-01,1760-12-31,14,武,Rule-generated Stage7 member for 合成林氏.,False
1096556,7009,林武承,male,1676-01-01,1754-12-31,14,武,Rule-generated Stage7 member for 合成林氏.,False
1096557,7009,林武兰,female,1673-01-01,1739-12-31,14,武,Rule-generated Stage7 member for 合成林氏.,False
1096558,7009,林武景,male,1678-01-01,1724-12-31,14,武,Rule-generated Stage7 member for 合成林氏.,False
1096559,7009,林兰玉,female,1674-01-01,1781-12-31,14,武,Rule-generated Stage7 member for 合成林氏.,False
1096560,7009,林武承,male,1675-01-01,1746-12-31,14,武,Rule-generated Stage7 member for 合成林氏.,False
1096561,7009,林武玉,female,1677-01-01,1762-12-31,14,武,Rule-generated Stage7 member for 合成林氏.,False
1096562,7009,林德世,male,1674-01-01,1748-12-31,14,武,Rule-generated Stage7 member for 合成林氏.,False
1096563,7009,林慧宁,female,1676-01-01,1719-12-31,14,武,Rule-generated Stage7 member for 合成林氏.,False
1096564,7009,林德德,male,1673-01-01,1733-12-31,14,武,Rule-generated Stage7 member for 合成林氏.,False
1096565,7009,林华,female,1678-01-01,1720-12-31,14,武,Rule-generated Stage7 member for 合成林氏.,False
1096566,7009,林成强,male,1679-01-01,1756-12-31,14,武,Rule-generated Stage7 member for 合成林氏.,False
1096567,7009,林武敏,female,1679-01-01,1751-12-31,14,武,Rule-generated Stage7 member for 合成林氏.,False
1096568,7009,林德宗,male,1676-01-01,1733-12-31,14,武,Rule-generated Stage7 member for 合成林氏.,False
1096569,7009,林武雅,female,1677-01-01,1747-12-31,14,武,Rule-generated Stage7 member for 合成林氏.,False
1096570,7009,林武明,male,1679-01-01,1751-12-31,14,武,Rule-generated Stage7 member for 合成林氏.,False
1096571,7009,林武安,female,1675-01-01,1714-12-31,14,武,Rule-generated Stage7 member for 合成林氏.,False
1096572,7009,林武明,male,1679-01-01,1752-12-31,14,武,Rule-generated Stage7 member for 合成林氏.,False
1096573,7009,林敏梅,female,1674-01-01,1730-12-31,14,武,Rule-generated Stage7 member for 合成林氏.,False
1096574,7009,林武伟,male,1674-01-01,1753-12-31,14,武,Rule-generated Stage7 member for 合成林氏.,False
1096575,7009,林武芳,female,1676-01-01,1752-12-31,14,武,Rule-generated Stage7 member for 合成林氏.,False
1096576,7009,林武安,male,1679-01-01,1712-12-31,14,武,Rule-generated Stage7 member for 合成林氏.,False
1096577,7009,林武丽,female,1676-01-01,1717-12-31,14,武,Rule-generated Stage7 member for 合成林氏.,False
1096578,7009,林丽,male,1677-01-01,1771-12-31,14,武,Rule-generated Stage7 member for 合成林氏.,False
1096579,7009,林武玉,female,1674-01-01,1727-12-31,14,武,Rule-generated Stage7 member for 合成林氏.,False
1096580,7009,林武世,male,1675-01-01,1718-12-31,14,武,Rule-generated Stage7 member for 合成林氏.,False
1096581,7009,林清兰,female,1678-01-01,1729-12-31,14,武,Rule-generated Stage7 member for 合成林氏.,False
1096582,7009,林文明,male,1679-01-01,1743-12-31,14,武,Rule-generated Stage7 member for 合成林氏.,False
1096583,7009,林武华,female,1674-01-01,1718-12-31,14,武,Rule-generated Stage7 member for 合成林氏.,False
1096584,7009,林文承,male,1676-01-01,1710-12-31,14,武,Rule-generated Stage7 member for 合成林氏.,False
1096585,7009,林武梅,female,1678-01-01,1761-12-31,14,武,Rule-generated Stage7 member for 合成林氏.,False
1096586,7009,林武景,male,1675-01-01,1755-12-31,14,武,Rule-generated Stage7 member for 合成林氏.,False
1096587,7009,林武玉,female,1677-01-01,1739-12-31,14,武,Rule-generated Stage7 member for 合成林氏.,False
1096588,7009,林武文,male,1676-01-01,1744-12-31,14,武,Rule-generated Stage7 member for 合成林氏.,False
1096589,7009,林昌承,male,1697-01-01,1749-12-31,15,昌,Rule-generated Stage7 member for 合成林氏.,False
1096590,7009,林宁丽,female,1694-01-01,1715-12-31,15,昌,Rule-generated Stage7 member for 合成林氏.,False
1096591,7009,林昌伟,male,1695-01-01,1755-12-31,15,昌,Rule-generated Stage7 member for 合成林氏.,False
1096592,7009,林伟,female,1700-01-01,1770-12-31,15,昌,Rule-generated Stage7 member for 合成林氏.,False
1096593,7009,林文成,male,1695-01-01,1786-12-31,15,昌,Rule-generated Stage7 member for 合成林氏.,False
1096594,7009,林昌清,female,1699-01-01,1802-12-31,15,昌,Rule-generated Stage7 member for 合成林氏.,False
1096595,7009,林文文,male,1694-01-01,1751-12-31,15,昌,Rule-generated Stage7 member for 合成林氏.,False
1096596,7009,林丽,female,1696-01-01,1757-12-31,15,昌,Rule-generated Stage7 member for 合成林氏.,False
1096597,7009,林昌宗,male,1695-01-01,1761-12-31,15,昌,Rule-generated Stage7 member for 合成林氏.,False
1096598,7009,林昌清,female,1698-01-01,1803-12-31,15,昌,Rule-generated Stage7 member for 合成林氏.,False
1096599,7009,林昌宗,male,1697-01-01,1748-12-31,15,昌,Rule-generated Stage7 member for 合成林氏.,False
1096600,7009,林昌芳,female,1697-01-01,1771-12-31,15,昌,Rule-generated Stage7 member for 合成林氏.,False
1096601,7009,林昌成,male,1695-01-01,1792-12-31,15,昌,Rule-generated Stage7 member for 合成林氏.,False
1096602,7009,林安安,female,1696-01-01,1730-12-31,15,昌,Rule-generated Stage7 member for 合成林氏.,False
1096603,7009,林昌成,male,1697-01-01,1747-12-31,15,昌,Rule-generated Stage7 member for 合成林氏.,False
1096604,7009,林昌清,female,1698-01-01,1738-12-31,15,昌,Rule-generated Stage7 member for 合成林氏.,False
1096605,7009,林昌承,male,1697-01-01,1753-12-31,15,昌,Rule-generated Stage7 member for 合成林氏.,False
1096606,7009,林昌华,female,1700-01-01,1758-12-31,15,昌,Rule-generated Stage7 member for 合成林氏.,False
1096607,7009,林景宗,male,1700-01-01,1763-12-31,15,昌,Rule-generated Stage7 member for 合成林氏.,False
1096608,7009,林清雅,female,1699-01-01,1754-12-31,15,昌,Rule-generated Stage7 member for 合成林氏.,False
1096609,7009,林明文,male,1696-01-01,1801-12-31,15,昌,Rule-generated Stage7 member for 合成林氏.,False
1096610,7009,林昌清,female,1700-01-01,1750-12-31,15,昌,Rule-generated Stage7 member for 合成林氏.,False
1096611,7009,林明明,male,1697-01-01,1766-12-31,15,昌,Rule-generated Stage7 member for 合成林氏.,False
1096612,7009,林敏梅,female,1694-01-01,1738-12-31,15,昌,Rule-generated Stage7 member for 合成林氏.,False
1096613,7009,林昌伟,male,1699-01-01,1766-12-31,15,昌,Rule-generated Stage7 member for 合成林氏.,False
1096614,7009,林丽宁,female,1699-01-01,1730-12-31,15,昌,Rule-generated Stage7 member for 合成林氏.,False
1096615,7009,林昌文,male,1697-01-01,1776-12-31,15,昌,Rule-generated Stage7 member for 合成林氏.,False
1096616,7009,林安慧,female,1694-01-01,1780-12-31,15,昌,Rule-generated Stage7 member for 合成林氏.,False
1096617,7009,林明,male,1697-01-01,1765-12-31,15,昌,Rule-generated Stage7 member for 合成林氏.,False
1096618,7009,林华,female,1696-01-01,1721-12-31,15,昌,Rule-generated Stage7 member for 合成林氏.,False
1096619,7009,林明成,male,1699-01-01,1766-12-31,15,昌,Rule-generated Stage7 member for 合成林氏.,False
1096620,7009,林昌安,female,1696-01-01,1762-12-31,15,昌,Rule-generated Stage7 member for 合成林氏.,False
1096621,7009,林昌承,male,1697-01-01,1724-12-31,15,昌,Rule-generated Stage7 member for 合成林氏.,False
1096622,7009,林宁华,female,1700-01-01,1771-12-31,15,昌,Rule-generated Stage7 member for 合成林氏.,False
1096623,7009,林昌宗,male,1696-01-01,1774-12-31,15,昌,Rule-generated Stage7 member for 合成林氏.,False
1096624,7009,林昌玉,female,1699-01-01,1776-12-31,15,昌,Rule-generated Stage7 member for 合成林氏.,False
1096625,7009,林安宗,male,1696-01-01,1724-12-31,15,昌,Rule-generated Stage7 member for 合成林氏.,False
1096626,7009,林昌清,female,1699-01-01,1772-12-31,15,昌,Rule-generated Stage7 member for 合成林氏.,False
1096627,7009,林伟,male,1694-01-01,1715-12-31,15,昌,Rule-generated Stage7 member for 合成林氏.,False
1096628,7009,林安敏,female,1695-01-01,1737-12-31,15,昌,Rule-generated Stage7 member for 合成林氏.,False
1096629,7009,林昌承,male,1698-01-01,1747-12-31,15,昌,Rule-generated Stage7 member for 合成林氏.,False
1096630,7009,林芳安,female,1694-01-01,1749-12-31,15,昌,Rule-generated Stage7 member for 合成林氏.,False
1096631,7009,林安国,male,1700-01-01,1760-12-31,15,昌,Rule-generated Stage7 member for 合成林氏.,False
1096632,7009,林昌宁,female,1694-01-01,1757-12-31,15,昌,Rule-generated Stage7 member for 合成林氏.,False
1096633,7009,林昌景,male,1695-01-01,1746-12-31,15,昌,Rule-generated Stage7 member for 合成林氏.,False
1096634,7009,林强,female,1695-01-01,1795-12-31,15,昌,Rule-generated Stage7 member for 合成林氏.,False
1096635,7009,林昌安,male,1696-01-01,1792-12-31,15,昌,Rule-generated Stage7 member for 合成林氏.,False
1096636,7009,林昌芳,female,1698-01-01,1790-12-31,15,昌,Rule-generated Stage7 member for 合成林氏.,False
1096637,7009,林明,male,1697-01-01,1765-12-31,15,昌,Rule-generated Stage7 member for 合成林氏.,False
1096638,7009,林昌宁,female,1697-01-01,1771-12-31,15,昌,Rule-generated Stage7 member for 合成林氏.,False
1096639,7009,林昌世,male,1694-01-01,1773-12-31,15,昌,Rule-generated Stage7 member for 合成林氏.,False
1096640,7009,林安慧,female,1694-01-01,1735-12-31,15,昌,Rule-generated Stage7 member for 合成林氏.,False
1096641,7009,林昌成,male,1698-01-01,1779-12-31,15,昌,Rule-generated Stage7 member for 合成林氏.,False
1096642,7009,林昌芳,female,1695-01-01,1781-12-31,15,昌,Rule-generated Stage7 member for 合成林氏.,False
1096643,7009,林昌明,male,1694-01-01,1735-12-31,15,昌,Rule-generated Stage7 member for 合成林氏.,False
1096644,7009,林芳安,female,1694-01-01,1771-12-31,15,昌,Rule-generated Stage7 member for 合成林氏.,False
1096645,7009,林昌国,male,1700-01-01,1759-12-31,15,昌,Rule-generated Stage7 member for 合成林氏.,False
1096646,7009,林昌慧,female,1699-01-01,1793-12-31,15,昌,Rule-generated Stage7 member for 合成林氏.,False
1096647,7009,林宗景,male,1698-01-01,1760-12-31,15,昌,Rule-generated Stage7 member for 合成林氏.,False
1096648,7009,林安丽,female,1697-01-01,1790-12-31,15,昌,Rule-generated Stage7 member for 合成林氏.,False
1096649,7009,林昌文,male,1699-01-01,1748-12-31,15,昌,Rule-generated Stage7 member for 合成林氏.,False
1096650,7009,林昌清,female,1698-01-01,1778-12-31,15,昌,Rule-generated Stage7 member for 合成林氏.,False
1096651,7009,林昌国,male,1695-01-01,1717-12-31,15,昌,Rule-generated Stage7 member for 合成林氏.,False
1096652,7009,林安芳,female,1700-01-01,1764-12-31,15,昌,Rule-generated Stage7 member for 合成林氏.,False
1096653,7009,林强世,male,1697-01-01,1774-12-31,15,昌,Rule-generated Stage7 member for 合成林氏.,False
1096654,7009,林清兰,female,1698-01-01,1743-12-31,15,昌,Rule-generated Stage7 member for 合成林氏.,False
1096655,7009,林昌宗,male,1696-01-01,1771-12-31,15,昌,Rule-generated Stage7 member for 合成林氏.,False
1096656,7009,林昌兰,female,1696-01-01,1755-12-31,15,昌,Rule-generated Stage7 member for 合成林氏.,False
1096657,7009,林安文,male,1697-01-01,1766-12-31,15,昌,Rule-generated Stage7 member for 合成林氏.,False
1096658,7009,林清慧,female,1699-01-01,1769-12-31,15,昌,Rule-generated Stage7 member for 合成林氏.,False
1096659,7009,林明安,male,1696-01-01,1772-12-31,15,昌,Rule-generated Stage7 member for 合成林氏.,False
1096660,7009,林昌玉,female,1694-01-01,1777-12-31,15,昌,Rule-generated Stage7 member for 合成林氏.,False
1096661,7009,林昌世,male,1698-01-01,1784-12-31,15,昌,Rule-generated Stage7 member for 合成林氏.,False
1096662,7009,林芳清,female,1696-01-01,1760-12-31,15,昌,Rule-generated Stage7 member for 合成林氏.,False
1096663,7009,林昌强,male,1698-01-01,1767-12-31,15,昌,Rule-generated Stage7 member for 合成林氏.,False
1096664,7009,林昌安,female,1694-01-01,1733-12-31,15,昌,Rule-generated Stage7 member for 合成林氏.,False
1096665,7009,林华,male,1694-01-01,1750-12-31,15,昌,Rule-generated Stage7 member for 合成林氏.,False
1096666,7009,林昌梅,female,1696-01-01,1732-12-31,15,昌,Rule-generated Stage7 member for 合成林氏.,False
1096667,7009,林昌文,male,1695-01-01,1783-12-31,15,昌,Rule-generated Stage7 member for 合成林氏.,False
1096668,7009,林伟,female,1696-01-01,1789-12-31,15,昌,Rule-generated Stage7 member for 合成林氏.,False
1096669,7009,林昌伟,male,1694-01-01,1787-12-31,15,昌,Rule-generated Stage7 member for 合成林氏.,False
1096670,7009,林昌雅,female,1699-01-01,1792-12-31,15,昌,Rule-generated Stage7 member for 合成林氏.,False
1096671,7009,林昌国,male,1694-01-01,1747-12-31,15,昌,Rule-generated Stage7 member for 合成林氏.,False
1096672,7009,林强,female,1695-01-01,1767-12-31,15,昌,Rule-generated Stage7 member for 合成林氏.,False
1096673,7009,林昌强,male,1697-01-01,1791-12-31,15,昌,Rule-generated Stage7 member for 合成林氏.,False
1096674,7009,林敏,female,1694-01-01,1755-12-31,15,昌,Rule-generated Stage7 member for 合成林氏.,False
1096675,7009,林文世,male,1694-01-01,1770-12-31,15,昌,Rule-generated Stage7 member for 合成林氏.,False
1096676,7009,林昌芳,female,1698-01-01,1728-12-31,15,昌,Rule-generated Stage7 member for 合成林氏.,False
1096677,7009,林昌成,male,1698-01-01,1768-12-31,15,昌,Rule-generated Stage7 member for 合成林氏.,False
1096678,7009,林昌慧,female,1697-01-01,1745-12-31,15,昌,Rule-generated Stage7 member for 合成林氏.,False
1096679,7009,林世文,male,1699-01-01,1757-12-31,15,昌,Rule-generated Stage7 member for 合成林氏.,False
1096680,7009,林昌玉,female,1699-01-01,1742-12-31,15,昌,Rule-generated Stage7 member for 合成林氏.,False
1096681,7009,林昌成,male,1698-01-01,1738-12-31,15,昌,Rule-generated Stage7 member for 合成林氏.,False
1096682,7009,林昌玉,female,1699-01-01,1760-12-31,15,昌,Rule-generated Stage7 member for 合成林氏.,False
1096683,7009,林昌德,male,1694-01-01,1742-12-31,15,昌,Rule-generated Stage7 member for 合成林氏.,False
1096684,7009,林清慧,female,1695-01-01,1751-12-31,15,昌,Rule-generated Stage7 member for 合成林氏.,False
1096685,7009,林强德,male,1694-01-01,1767-12-31,15,昌,Rule-generated Stage7 member for 合成林氏.,False
1096686,7009,林清雅,female,1698-01-01,1768-12-31,15,昌,Rule-generated Stage7 member for 合成林氏.,False
1096687,7009,林昌承,male,1697-01-01,1746-12-31,15,昌,Rule-generated Stage7 member for 合成林氏.,False
1096688,7009,林昌丽,female,1700-01-01,1796-12-31,15,昌,Rule-generated Stage7 member for 合成林氏.,False
1096689,7009,林昌成,male,1700-01-01,1744-12-31,15,昌,Rule-generated Stage7 member for 合成林氏.,False
1096690,7009,林昌安,female,1700-01-01,1756-12-31,15,昌,Rule-generated Stage7 member for 合成林氏.,False
1096691,7009,林昌承,male,1696-01-01,1776-12-31,15,昌,Rule-generated Stage7 member for 合成林氏.,False
1096692,7009,林慧雅,female,1694-01-01,1762-12-31,15,昌,Rule-generated Stage7 member for 合成林氏.,False
1096693,7009,林安景,male,1695-01-01,1759-12-31,15,昌,Rule-generated Stage7 member for 合成林氏.,False
1096694,7009,林昌兰,female,1694-01-01,1785-12-31,15,昌,Rule-generated Stage7 member for 合成林氏.,False
1096695,7009,林昌明,male,1699-01-01,1761-12-31,15,昌,Rule-generated Stage7 member for 合成林氏.,False
1096696,7009,林清玉,female,1696-01-01,1790-12-31,15,昌,Rule-generated Stage7 member for 合成林氏.,False
1096697,7009,林昌安,male,1696-01-01,1758-12-31,15,昌,Rule-generated Stage7 member for 合成林氏.,False
1096698,7009,林兰安,female,1697-01-01,1786-12-31,15,昌,Rule-generated Stage7 member for 合成林氏.,False
1096699,7009,林昌文,male,1697-01-01,1771-12-31,15,昌,Rule-generated Stage7 member for 合成林氏.,False
1096700,7009,林昌芳,female,1700-01-01,1754-12-31,15,昌,Rule-generated Stage7 member for 合成林氏.,False
1096701,7009,林景宗,male,1698-01-01,1770-12-31,15,昌,Rule-generated Stage7 member for 合成林氏.,False
1096702,7009,林昌梅,female,1700-01-01,1786-12-31,15,昌,Rule-generated Stage7 member for 合成林氏.,False
1096703,7009,林承承,male,1699-01-01,1781-12-31,15,昌,Rule-generated Stage7 member for 合成林氏.,False
1096704,7009,林昌华,female,1697-01-01,1756-12-31,15,昌,Rule-generated Stage7 member for 合成林氏.,False
1096705,7009,林国成,male,1695-01-01,1757-12-31,15,昌,Rule-generated Stage7 member for 合成林氏.,False
1096706,7009,林昌芳,female,1694-01-01,1783-12-31,15,昌,Rule-generated Stage7 member for 合成林氏.,False
1096707,7009,林昌安,male,1694-01-01,1768-12-31,15,昌,Rule-generated Stage7 member for 合成林氏.,False
1096708,7009,林昌芳,female,1699-01-01,1761-12-31,15,昌,Rule-generated Stage7 member for 合成林氏.,False
1096709,7009,林成景,male,1700-01-01,1752-12-31,15,昌,Rule-generated Stage7 member for 合成林氏.,False
1096710,7009,林昌敏,female,1699-01-01,1764-12-31,15,昌,Rule-generated Stage7 member for 合成林氏.,False
1096711,7009,林昌承,male,1696-01-01,1752-12-31,15,昌,Rule-generated Stage7 member for 合成林氏.,False
1096712,7009,林昌梅,female,1694-01-01,1785-12-31,15,昌,Rule-generated Stage7 member for 合成林氏.,False
1096713,7009,林成安,male,1696-01-01,1786-12-31,15,昌,Rule-generated Stage7 member for 合成林氏.,False
1096714,7009,林慧兰,female,1700-01-01,1750-12-31,15,昌,Rule-generated Stage7 member for 合成林氏.,False
1096715,7009,林承承,male,1698-01-01,1747-12-31,15,昌,Rule-generated Stage7 member for 合成林氏.,False
1096716,7009,林兰玉,female,1694-01-01,1760-12-31,15,昌,Rule-generated Stage7 member for 合成林氏.,False
1096717,7009,林伟世,male,1698-01-01,1748-12-31,15,昌,Rule-generated Stage7 member for 合成林氏.,False
1096718,7009,林雅芳,female,1699-01-01,1779-12-31,15,昌,Rule-generated Stage7 member for 合成林氏.,False
1096719,7009,林昌世,male,1697-01-01,1792-12-31,15,昌,Rule-generated Stage7 member for 合成林氏.,False
1096720,7009,林昌梅,female,1694-01-01,1754-12-31,15,昌,Rule-generated Stage7 member for 合成林氏.,False
1096721,7009,林景承,male,1694-01-01,1791-12-31,15,昌,Rule-generated Stage7 member for 合成林氏.,False
1096722,7009,林昌玉,female,1699-01-01,1769-12-31,15,昌,Rule-generated Stage7 member for 合成林氏.,False
1096723,7009,林明,male,1697-01-01,1735-12-31,15,昌,Rule-generated Stage7 member for 合成林氏.,False
1096724,7009,林昌梅,female,1700-01-01,1760-12-31,15,昌,Rule-generated Stage7 member for 合成林氏.,False
1096725,7009,林昌成,male,1694-01-01,1768-12-31,15,昌,Rule-generated Stage7 member for 合成林氏.,False
1096726,7009,林昌兰,female,1694-01-01,1775-12-31,15,昌,Rule-generated Stage7 member for 合成林氏.,False
1096727,7009,林世承,male,1700-01-01,1802-12-31,15,昌,Rule-generated Stage7 member for 合成林氏.,False
1096728,7009,林丽宁,female,1699-01-01,1756-12-31,15,昌,Rule-generated Stage7 member for 合成林氏.,False
1096729,7009,林强成,male,1696-01-01,1772-12-31,15,昌,Rule-generated Stage7 member for 合成林氏.,False
1096730,7009,林昌丽,female,1700-01-01,1738-12-31,15,昌,Rule-generated Stage7 member for 合成林氏.,False
1096731,7009,林明承,male,1698-01-01,1766-12-31,15,昌,Rule-generated Stage7 member for 合成林氏.,False
1096732,7009,林丽宁,female,1698-01-01,1772-12-31,15,昌,Rule-generated Stage7 member for 合成林氏.,False
1096733,7009,林世世,male,1699-01-01,1752-12-31,15,昌,Rule-generated Stage7 member for 合成林氏.,False
1096734,7009,林敏安,female,1697-01-01,1733-12-31,15,昌,Rule-generated Stage7 member for 合成林氏.,False
1096735,7009,林昌伟,male,1695-01-01,1759-12-31,15,昌,Rule-generated Stage7 member for 合成林氏.,False
1096736,7009,林敏宁,female,1697-01-01,1792-12-31,15,昌,Rule-generated Stage7 member for 合成林氏.,False
1096737,7009,林强景,male,1695-01-01,1745-12-31,15,昌,Rule-generated Stage7 member for 合成林氏.,False
1096738,7009,林昌清,female,1694-01-01,1744-12-31,15,昌,Rule-generated Stage7 member for 合成林氏.,False
1096739,7009,林昌明,male,1700-01-01,1796-12-31,15,昌,Rule-generated Stage7 member for 合成林氏.,False
1096740,7009,林昌芳,female,1698-01-01,1765-12-31,15,昌,Rule-generated Stage7 member for 合成林氏.,False
1096741,7009,林景宗,male,1699-01-01,1723-12-31,15,昌,Rule-generated Stage7 member for 合成林氏.,False
1096742,7009,林丽,female,1699-01-01,1766-12-31,15,昌,Rule-generated Stage7 member for 合成林氏.,False
1096743,7009,林昌明,male,1700-01-01,1740-12-31,15,昌,Rule-generated Stage7 member for 合成林氏.,False
1096744,7009,林安伟,male,1719-01-01,1765-12-31,16,隆,Rule-generated Stage7 member for 合成林氏.,False
1096745,7009,林隆清,female,1721-01-01,1809-12-31,16,隆,Rule-generated Stage7 member for 合成林氏.,False
1096746,7009,林隆世,male,1715-01-01,1812-12-31,16,隆,Rule-generated Stage7 member for 合成林氏.,False
1096747,7009,林隆敏,female,1715-01-01,1748-12-31,16,隆,Rule-generated Stage7 member for 合成林氏.,False
1096748,7009,林隆国,male,1717-01-01,1808-12-31,16,隆,Rule-generated Stage7 member for 合成林氏.,False
1096749,7009,林慧丽,female,1721-01-01,1805-12-31,16,隆,Rule-generated Stage7 member for 合成林氏.,False
1096750,7009,林华,male,1721-01-01,1784-12-31,16,隆,Rule-generated Stage7 member for 合成林氏.,False
1096751,7009,林华宁,female,1721-01-01,1805-12-31,16,隆,Rule-generated Stage7 member for 合成林氏.,False
1096752,7009,林景安,male,1720-01-01,1755-12-31,16,隆,Rule-generated Stage7 member for 合成林氏.,False
1096753,7009,林慧兰,female,1719-01-01,1791-12-31,16,隆,Rule-generated Stage7 member for 合成林氏.,False
1096754,7009,林宗强,male,1719-01-01,1746-12-31,16,隆,Rule-generated Stage7 member for 合成林氏.,False
1096755,7009,林隆玉,female,1715-01-01,1766-12-31,16,隆,Rule-generated Stage7 member for 合成林氏.,False
1096756,7009,林隆成,male,1715-01-01,1773-12-31,16,隆,Rule-generated Stage7 member for 合成林氏.,False
1096757,7009,林隆芳,female,1720-01-01,1756-12-31,16,隆,Rule-generated Stage7 member for 合成林氏.,False
1096758,7009,林隆国,male,1716-01-01,1788-12-31,16,隆,Rule-generated Stage7 member for 合成林氏.,False
1096759,7009,林隆玉,female,1718-01-01,1795-12-31,16,隆,Rule-generated Stage7 member for 合成林氏.,False
1096760,7009,林隆承,male,1721-01-01,1780-12-31,16,隆,Rule-generated Stage7 member for 合成林氏.,False
1096761,7009,林明,female,1719-01-01,1768-12-31,16,隆,Rule-generated Stage7 member for 合成林氏.,False
1096762,7009,林伟,male,1715-01-01,1773-12-31,16,隆,Rule-generated Stage7 member for 合成林氏.,False
1096763,7009,林隆兰,female,1718-01-01,1775-12-31,16,隆,Rule-generated Stage7 member for 合成林氏.,False
1096764,7009,林隆强,male,1721-01-01,1822-12-31,16,隆,Rule-generated Stage7 member for 合成林氏.,False
1096765,7009,林华,female,1721-01-01,1771-12-31,16,隆,Rule-generated Stage7 member for 合成林氏.,False
1096766,7009,林伟,male,1717-01-01,1806-12-31,16,隆,Rule-generated Stage7 member for 合成林氏.,False
1096767,7009,林隆宁,female,1720-01-01,1783-12-31,16,隆,Rule-generated Stage7 member for 合成林氏.,False
1096768,7009,林景国,male,1718-01-01,1784-12-31,16,隆,Rule-generated Stage7 member for 合成林氏.,False
1096769,7009,林隆梅,female,1716-01-01,1778-12-31,16,隆,Rule-generated Stage7 member for 合成林氏.,False
1096770,7009,林隆景,male,1721-01-01,1770-12-31,16,隆,Rule-generated Stage7 member for 合成林氏.,False
1096771,7009,林隆丽,female,1719-01-01,1758-12-31,16,隆,Rule-generated Stage7 member for 合成林氏.,False
1096772,7009,林隆成,male,1716-01-01,1783-12-31,16,隆,Rule-generated Stage7 member for 合成林氏.,False
1096773,7009,林隆华,female,1715-01-01,1784-12-31,16,隆,Rule-generated Stage7 member for 合成林氏.,False
1096774,7009,林隆国,male,1719-01-01,1795-12-31,16,隆,Rule-generated Stage7 member for 合成林氏.,False
1096775,7009,林宁兰,female,1715-01-01,1799-12-31,16,隆,Rule-generated Stage7 member for 合成林氏.,False
1096776,7009,林德景,male,1721-01-01,1788-12-31,16,隆,Rule-generated Stage7 member for 合成林氏.,False
1096777,7009,林隆宁,female,1720-01-01,1789-12-31,16,隆,Rule-generated Stage7 member for 合成林氏.,False
1096778,7009,林承强,male,1720-01-01,1776-12-31,16,隆,Rule-generated Stage7 member for 合成林氏.,False
1096779,7009,林敏清,female,1718-01-01,1806-12-31,16,隆,Rule-generated Stage7 member for 合成林氏.,False
1096780,7009,林隆景,male,1716-01-01,1786-12-31,16,隆,Rule-generated Stage7 member for 合成林氏.,False
1096781,7009,林兰梅,female,1720-01-01,1807-12-31,16,隆,Rule-generated Stage7 member for 合成林氏.,False
1096782,7009,林隆承,male,1716-01-01,1771-12-31,16,隆,Rule-generated Stage7 member for 合成林氏.,False
1096783,7009,林清安,female,1716-01-01,1807-12-31,16,隆,Rule-generated Stage7 member for 合成林氏.,False
1096784,7009,林隆文,male,1721-01-01,1804-12-31,16,隆,Rule-generated Stage7 member for 合成林氏.,False
1096785,7009,林雅安,female,1715-01-01,1797-12-31,16,隆,Rule-generated Stage7 member for 合成林氏.,False
1096786,7009,林强国,male,1715-01-01,1771-12-31,16,隆,Rule-generated Stage7 member for 合成林氏.,False
1096787,7009,林隆清,female,1720-01-01,1792-12-31,16,隆,Rule-generated Stage7 member for 合成林氏.,False
1096788,7009,林承成,male,1718-01-01,1793-12-31,16,隆,Rule-generated Stage7 member for 合成林氏.,False
1096789,7009,林隆兰,female,1717-01-01,1763-12-31,16,隆,Rule-generated Stage7 member for 合成林氏.,False
1096790,7009,林隆宗,male,1721-01-01,1781-12-31,16,隆,Rule-generated Stage7 member for 合成林氏.,False
1096791,7009,林隆兰,female,1719-01-01,1799-12-31,16,隆,Rule-generated Stage7 member for 合成林氏.,False
1096792,7009,林安承,male,1715-01-01,1776-12-31,16,隆,Rule-generated Stage7 member for 合成林氏.,False
1096793,7009,林芳敏,female,1721-01-01,1799-12-31,16,隆,Rule-generated Stage7 member for 合成林氏.,False
1096794,7009,林文德,male,1720-01-01,1781-12-31,16,隆,Rule-generated Stage7 member for 合成林氏.,False
1096795,7009,林隆雅,female,1718-01-01,1796-12-31,16,隆,Rule-generated Stage7 member for 合成林氏.,False
1096796,7009,林隆安,male,1719-01-01,1796-12-31,16,隆,Rule-generated Stage7 member for 合成林氏.,False
1096797,7009,林隆清,female,1715-01-01,1765-12-31,16,隆,Rule-generated Stage7 member for 合成林氏.,False
1096798,7009,林隆德,male,1719-01-01,1769-12-31,16,隆,Rule-generated Stage7 member for 合成林氏.,False
1096799,7009,林明,female,1716-01-01,1750-12-31,16,隆,Rule-generated Stage7 member for 合成林氏.,False
1096800,7009,林伟明,male,1715-01-01,1796-12-31,16,隆,Rule-generated Stage7 member for 合成林氏.,False
1096801,7009,林安宁,female,1716-01-01,1770-12-31,16,隆,Rule-generated Stage7 member for 合成林氏.,False
1096802,7009,林隆强,male,1719-01-01,1765-12-31,16,隆,Rule-generated Stage7 member for 合成林氏.,False
1096803,7009,林隆玉,female,1718-01-01,1803-12-31,16,隆,Rule-generated Stage7 member for 合成林氏.,False
1096804,7009,林成成,male,1717-01-01,1779-12-31,16,隆,Rule-generated Stage7 member for 合成林氏.,False
1096805,7009,林隆安,female,1721-01-01,1800-12-31,16,隆,Rule-generated Stage7 member for 合成林氏.,False
1096806,7009,林隆德,male,1718-01-01,1773-12-31,16,隆,Rule-generated Stage7 member for 合成林氏.,False
1096807,7009,林敏,female,1717-01-01,1786-12-31,16,隆,Rule-generated Stage7 member for 合成林氏.,False
1096808,7009,林伟世,male,1719-01-01,1797-12-31,16,隆,Rule-generated Stage7 member for 合成林氏.,False
1096809,7009,林隆宁,female,1720-01-01,1794-12-31,16,隆,Rule-generated Stage7 member for 合成林氏.,False
1096810,7009,林隆国,male,1721-01-01,1816-12-31,16,隆,Rule-generated Stage7 member for 合成林氏.,False
1096811,7009,林兰宁,female,1719-01-01,1793-12-31,16,隆,Rule-generated Stage7 member for 合成林氏.,False
1096812,7009,林隆宗,male,1716-01-01,1789-12-31,16,隆,Rule-generated Stage7 member for 合成林氏.,False
1096813,7009,林隆芳,female,1719-01-01,1800-12-31,16,隆,Rule-generated Stage7 member for 合成林氏.,False
1096814,7009,林隆景,male,1715-01-01,1806-12-31,16,隆,Rule-generated Stage7 member for 合成林氏.,False
1096815,7009,林隆慧,female,1721-01-01,1752-12-31,16,隆,Rule-generated Stage7 member for 合成林氏.,False
1096816,7009,林强德,male,1718-01-01,1795-12-31,16,隆,Rule-generated Stage7 member for 合成林氏.,False
1096817,7009,林隆敏,female,1719-01-01,1780-12-31,16,隆,Rule-generated Stage7 member for 合成林氏.,False
1096818,7009,林安成,male,1717-01-01,1747-12-31,16,隆,Rule-generated Stage7 member for 合成林氏.,False
1096819,7009,林隆敏,female,1720-01-01,1789-12-31,16,隆,Rule-generated Stage7 member for 合成林氏.,False
1096820,7009,林国伟,male,1720-01-01,1791-12-31,16,隆,Rule-generated Stage7 member for 合成林氏.,False
1096821,7009,林兰芳,female,1717-01-01,1795-12-31,16,隆,Rule-generated Stage7 member for 合成林氏.,False
1096822,7009,林隆景,male,1717-01-01,1781-12-31,16,隆,Rule-generated Stage7 member for 合成林氏.,False
1096823,7009,林隆慧,female,1719-01-01,1773-12-31,16,隆,Rule-generated Stage7 member for 合成林氏.,False
1096824,7009,林隆承,male,1719-01-01,1787-12-31,16,隆,Rule-generated Stage7 member for 合成林氏.,False
1096825,7009,林华,female,1716-01-01,1777-12-31,16,隆,Rule-generated Stage7 member for 合成林氏.,False
1096826,7009,林丽,male,1716-01-01,1781-12-31,16,隆,Rule-generated Stage7 member for 合成林氏.,False
1096827,7009,林宁芳,female,1721-01-01,1799-12-31,16,隆,Rule-generated Stage7 member for 合成林氏.,False
1096828,7009,林隆德,male,1717-01-01,1763-12-31,16,隆,Rule-generated Stage7 member for 合成林氏.,False
1096829,7009,林隆丽,female,1718-01-01,1777-12-31,16,隆,Rule-generated Stage7 member for 合成林氏.,False
1096830,7009,林隆成,male,1715-01-01,1778-12-31,16,隆,Rule-generated Stage7 member for 合成林氏.,False
1096831,7009,林芳雅,female,1716-01-01,1802-12-31,16,隆,Rule-generated Stage7 member for 合成林氏.,False
1096832,7009,林国景,male,1716-01-01,1748-12-31,16,隆,Rule-generated Stage7 member for 合成林氏.,False
1096833,7009,林隆安,female,1717-01-01,1776-12-31,16,隆,Rule-generated Stage7 member for 合成林氏.,False
1096834,7009,林隆国,male,1718-01-01,1795-12-31,16,隆,Rule-generated Stage7 member for 合成林氏.,False
1096835,7009,林隆华,female,1718-01-01,1742-12-31,16,隆,Rule-generated Stage7 member for 合成林氏.,False
1096836,7009,林隆承,male,1721-01-01,1788-12-31,16,隆,Rule-generated Stage7 member for 合成林氏.,False
1096837,7009,林玉梅,female,1719-01-01,1783-12-31,16,隆,Rule-generated Stage7 member for 合成林氏.,False
1096838,7009,林隆明,male,1718-01-01,1739-12-31,16,隆,Rule-generated Stage7 member for 合成林氏.,False
1096839,7009,林隆敏,female,1718-01-01,1794-12-31,16,隆,Rule-generated Stage7 member for 合成林氏.,False
1096840,7009,林隆景,male,1715-01-01,1773-12-31,16,隆,Rule-generated Stage7 member for 合成林氏.,False
1096841,7009,林隆慧,female,1720-01-01,1786-12-31,16,隆,Rule-generated Stage7 member for 合成林氏.,False
1096842,7009,林隆承,male,1720-01-01,1802-12-31,16,隆,Rule-generated Stage7 member for 合成林氏.,False
1096843,7009,林安丽,female,1717-01-01,1764-12-31,16,隆,Rule-generated Stage7 member for 合成林氏.,False
1096844,7009,林隆国,male,1720-01-01,1774-12-31,16,隆,Rule-generated Stage7 member for 合成林氏.,False
1096845,7009,林隆敏,female,1715-01-01,1813-12-31,16,隆,Rule-generated Stage7 member for 合成林氏.,False
1096846,7009,林隆德,male,1718-01-01,1764-12-31,16,隆,Rule-generated Stage7 member for 合成林氏.,False
1096847,7009,林隆玉,female,1715-01-01,1774-12-31,16,隆,Rule-generated Stage7 member for 合成林氏.,False
1096848,7009,林成成,male,1718-01-01,1794-12-31,16,隆,Rule-generated Stage7 member for 合成林氏.,False
1096849,7009,林强,female,1715-01-01,1772-12-31,16,隆,Rule-generated Stage7 member for 合成林氏.,False
1096850,7009,林德伟,male,1719-01-01,1771-12-31,16,隆,Rule-generated Stage7 member for 合成林氏.,False
1096851,7009,林隆慧,female,1720-01-01,1779-12-31,16,隆,Rule-generated Stage7 member for 合成林氏.,False
1096852,7009,林隆国,male,1721-01-01,1757-12-31,16,隆,Rule-generated Stage7 member for 合成林氏.,False
1096853,7009,林隆安,female,1715-01-01,1813-12-31,16,隆,Rule-generated Stage7 member for 合成林氏.,False
1096854,7009,林隆宗,male,1720-01-01,1765-12-31,16,隆,Rule-generated Stage7 member for 合成林氏.,False
1096855,7009,林梅华,female,1718-01-01,1775-12-31,16,隆,Rule-generated Stage7 member for 合成林氏.,False
1096856,7009,林隆国,male,1718-01-01,1792-12-31,16,隆,Rule-generated Stage7 member for 合成林氏.,False
1096857,7009,林隆华,female,1719-01-01,1809-12-31,16,隆,Rule-generated Stage7 member for 合成林氏.,False
1096858,7009,林隆伟,male,1720-01-01,1811-12-31,16,隆,Rule-generated Stage7 member for 合成林氏.,False
1096859,7009,林宁宁,female,1720-01-01,1765-12-31,16,隆,Rule-generated Stage7 member for 合成林氏.,False
1096860,7009,林宗景,male,1718-01-01,1785-12-31,16,隆,Rule-generated Stage7 member for 合成林氏.,False
1096861,7009,林华,female,1715-01-01,1797-12-31,16,隆,Rule-generated Stage7 member for 合成林氏.,False
1096862,7009,林国安,male,1719-01-01,1746-12-31,16,隆,Rule-generated Stage7 member for 合成林氏.,False
1096863,7009,林隆华,female,1719-01-01,1779-12-31,16,隆,Rule-generated Stage7 member for 合成林氏.,False
1096864,7009,林丽,male,1716-01-01,1760-12-31,16,隆,Rule-generated Stage7 member for 合成林氏.,False
1096865,7009,林隆芳,female,1721-01-01,1771-12-31,16,隆,Rule-generated Stage7 member for 合成林氏.,False
1096866,7009,林隆承,male,1715-01-01,1763-12-31,16,隆,Rule-generated Stage7 member for 合成林氏.,False
1096867,7009,林梅兰,female,1720-01-01,1797-12-31,16,隆,Rule-generated Stage7 member for 合成林氏.,False
1096868,7009,林隆承,male,1715-01-01,1788-12-31,16,隆,Rule-generated Stage7 member for 合成林氏.,False
1096869,7009,林隆清,female,1715-01-01,1745-12-31,16,隆,Rule-generated Stage7 member for 合成林氏.,False
1096870,7009,林隆伟,male,1715-01-01,1782-12-31,16,隆,Rule-generated Stage7 member for 合成林氏.,False
1096871,7009,林隆敏,female,1715-01-01,1761-12-31,16,隆,Rule-generated Stage7 member for 合成林氏.,False
1096872,7009,林华,male,1718-01-01,1774-12-31,16,隆,Rule-generated Stage7 member for 合成林氏.,False
1096873,7009,林隆敏,female,1718-01-01,1776-12-31,16,隆,Rule-generated Stage7 member for 合成林氏.,False
1096874,7009,林隆成,male,1715-01-01,1785-12-31,16,隆,Rule-generated Stage7 member for 合成林氏.,False
1096875,7009,林隆宁,female,1719-01-01,1808-12-31,16,隆,Rule-generated Stage7 member for 合成林氏.,False
1096876,7009,林隆明,male,1716-01-01,1808-12-31,16,隆,Rule-generated Stage7 member for 合成林氏.,False
1096877,7009,林伟,female,1716-01-01,1766-12-31,16,隆,Rule-generated Stage7 member for 合成林氏.,False
1096878,7009,林隆明,male,1715-01-01,1779-12-31,16,隆,Rule-generated Stage7 member for 合成林氏.,False
1096879,7009,林隆清,female,1719-01-01,1770-12-31,16,隆,Rule-generated Stage7 member for 合成林氏.,False
1096880,7009,林隆强,male,1716-01-01,1781-12-31,16,隆,Rule-generated Stage7 member for 合成林氏.,False
1096881,7009,林隆芳,female,1721-01-01,1768-12-31,16,隆,Rule-generated Stage7 member for 合成林氏.,False
1096882,7009,林文宗,male,1721-01-01,1772-12-31,16,隆,Rule-generated Stage7 member for 合成林氏.,False
1096883,7009,林敏玉,female,1719-01-01,1787-12-31,16,隆,Rule-generated Stage7 member for 合成林氏.,False
1096884,7009,林隆承,male,1717-01-01,1788-12-31,16,隆,Rule-generated Stage7 member for 合成林氏.,False
1096885,7009,林隆雅,female,1717-01-01,1765-12-31,16,隆,Rule-generated Stage7 member for 合成林氏.,False
1096886,7009,林德宗,male,1720-01-01,1799-12-31,16,隆,Rule-generated Stage7 member for 合成林氏.,False
1096887,7009,林隆安,female,1719-01-01,1770-12-31,16,隆,Rule-generated Stage7 member for 合成林氏.,False
1096888,7009,林隆世,male,1718-01-01,1774-12-31,16,隆,Rule-generated Stage7 member for 合成林氏.,False
1096889,7009,林华清,female,1716-01-01,1756-12-31,16,隆,Rule-generated Stage7 member for 合成林氏.,False
1096890,7009,林隆景,male,1720-01-01,1777-12-31,16,隆,Rule-generated Stage7 member for 合成林氏.,False
1096891,7009,林华,female,1719-01-01,1759-12-31,16,隆,Rule-generated Stage7 member for 合成林氏.,False
1096892,7009,林隆成,male,1716-01-01,1765-12-31,16,隆,Rule-generated Stage7 member for 合成林氏.,False
1096893,7009,林隆玉,female,1715-01-01,1786-12-31,16,隆,Rule-generated Stage7 member for 合成林氏.,False
1096894,7009,林隆宗,male,1715-01-01,1762-12-31,16,隆,Rule-generated Stage7 member for 合成林氏.,False
1096895,7009,林丽,female,1720-01-01,1802-12-31,16,隆,Rule-generated Stage7 member for 合成林氏.,False
1096896,7009,林成安,male,1715-01-01,1765-12-31,16,隆,Rule-generated Stage7 member for 合成林氏.,False
1096897,7009,林强,female,1720-01-01,1797-12-31,16,隆,Rule-generated Stage7 member for 合成林氏.,False
1096898,7009,林隆明,male,1719-01-01,1788-12-31,16,隆,Rule-generated Stage7 member for 合成林氏.,False
1096899,7009,林伟文,male,1737-01-01,1781-12-31,17,绍,Rule-generated Stage7 member for 合成林氏.,False
1096900,7009,林绍宁,female,1739-01-01,1800-12-31,17,绍,Rule-generated Stage7 member for 合成林氏.,False
1096901,7009,林国强,male,1736-01-01,1803-12-31,17,绍,Rule-generated Stage7 member for 合成林氏.,False
1096902,7009,林安宁,female,1742-01-01,1814-12-31,17,绍,Rule-generated Stage7 member for 合成林氏.,False
1096903,7009,林绍承,male,1738-01-01,1799-12-31,17,绍,Rule-generated Stage7 member for 合成林氏.,False
1096904,7009,林绍华,female,1736-01-01,1804-12-31,17,绍,Rule-generated Stage7 member for 合成林氏.,False
1096905,7009,林绍景,male,1741-01-01,1819-12-31,17,绍,Rule-generated Stage7 member for 合成林氏.,False
1096906,7009,林绍宁,female,1742-01-01,1806-12-31,17,绍,Rule-generated Stage7 member for 合成林氏.,False
1096907,7009,林安国,male,1736-01-01,1781-12-31,17,绍,Rule-generated Stage7 member for 合成林氏.,False
1096908,7009,林玉敏,female,1739-01-01,1776-12-31,17,绍,Rule-generated Stage7 member for 合成林氏.,False
1096909,7009,林明,male,1740-01-01,1822-12-31,17,绍,Rule-generated Stage7 member for 合成林氏.,False
1096910,7009,林丽慧,female,1740-01-01,1800-12-31,17,绍,Rule-generated Stage7 member for 合成林氏.,False
1096911,7009,林国明,male,1741-01-01,1788-12-31,17,绍,Rule-generated Stage7 member for 合成林氏.,False
1096912,7009,林梅慧,female,1742-01-01,1810-12-31,17,绍,Rule-generated Stage7 member for 合成林氏.,False
1096913,7009,林绍国,male,1742-01-01,1802-12-31,17,绍,Rule-generated Stage7 member for 合成林氏.,False
1096914,7009,林绍兰,female,1741-01-01,1799-12-31,17,绍,Rule-generated Stage7 member for 合成林氏.,False
1096915,7009,林绍国,male,1741-01-01,1782-12-31,17,绍,Rule-generated Stage7 member for 合成林氏.,False
1096916,7009,林强,female,1737-01-01,1793-12-31,17,绍,Rule-generated Stage7 member for 合成林氏.,False
1096917,7009,林绍国,male,1740-01-01,1819-12-31,17,绍,Rule-generated Stage7 member for 合成林氏.,False
1096918,7009,林绍兰,female,1742-01-01,1766-12-31,17,绍,Rule-generated Stage7 member for 合成林氏.,False
1096919,7009,林绍伟,male,1742-01-01,1811-12-31,17,绍,Rule-generated Stage7 member for 合成林氏.,False
1096920,7009,林安清,female,1738-01-01,1796-12-31,17,绍,Rule-generated Stage7 member for 合成林氏.,False
1096921,7009,林绍安,male,1739-01-01,1814-12-31,17,绍,Rule-generated Stage7 member for 合成林氏.,False
1096922,7009,林绍丽,female,1740-01-01,1805-12-31,17,绍,Rule-generated Stage7 member for 合成林氏.,False
1096923,7009,林绍文,male,1739-01-01,1792-12-31,17,绍,Rule-generated Stage7 member for 合成林氏.,False
1096924,7009,林绍慧,female,1740-01-01,1805-12-31,17,绍,Rule-generated Stage7 member for 合成林氏.,False
1096925,7009,林绍安,male,1742-01-01,1809-12-31,17,绍,Rule-generated Stage7 member for 合成林氏.,False
1096926,7009,林绍雅,female,1738-01-01,1805-12-31,17,绍,Rule-generated Stage7 member for 合成林氏.,False
1096927,7009,林成明,male,1737-01-01,1816-12-31,17,绍,Rule-generated Stage7 member for 合成林氏.,False
1096928,7009,林清慧,female,1737-01-01,1812-12-31,17,绍,Rule-generated Stage7 member for 合成林氏.,False
1096929,7009,林强,male,1737-01-01,1811-12-31,17,绍,Rule-generated Stage7 member for 合成林氏.,False
1096930,7009,林绍玉,female,1737-01-01,1793-12-31,17,绍,Rule-generated Stage7 member for 合成林氏.,False
1096931,7009,林绍承,male,1742-01-01,1825-12-31,17,绍,Rule-generated Stage7 member for 合成林氏.,False
1096932,7009,林绍梅,female,1739-01-01,1832-12-31,17,绍,Rule-generated Stage7 member for 合成林氏.,False
1096933,7009,林丽,male,1739-01-01,1820-12-31,17,绍,Rule-generated Stage7 member for 合成林氏.,False
1096934,7009,林绍华,female,1737-01-01,1817-12-31,17,绍,Rule-generated Stage7 member for 合成林氏.,False
1096935,7009,林绍明,male,1739-01-01,1786-12-31,17,绍,Rule-generated Stage7 member for 合成林氏.,False
1096936,7009,林丽,female,1736-01-01,1804-12-31,17,绍,Rule-generated Stage7 member for 合成林氏.,False
1096937,7009,林华,male,1742-01-01,1789-12-31,17,绍,Rule-generated Stage7 member for 合成林氏.,False
1096938,7009,林绍玉,female,1741-01-01,1818-12-31,17,绍,Rule-generated Stage7 member for 合成林氏.,False
1096939,7009,林绍宗,male,1737-01-01,1801-12-31,17,绍,Rule-generated Stage7 member for 合成林氏.,False
1096940,7009,林绍慧,female,1738-01-01,1815-12-31,17,绍,Rule-generated Stage7 member for 合成林氏.,False
1096941,7009,林国景,male,1739-01-01,1810-12-31,17,绍,Rule-generated Stage7 member for 合成林氏.,False
1096942,7009,林绍丽,female,1739-01-01,1793-12-31,17,绍,Rule-generated Stage7 member for 合成林氏.,False
1096943,7009,林华,male,1739-01-01,1806-12-31,17,绍,Rule-generated Stage7 member for 合成林氏.,False
1096944,7009,林丽敏,female,1736-01-01,1806-12-31,17,绍,Rule-generated Stage7 member for 合成林氏.,False
1096945,7009,林宗德,male,1738-01-01,1819-12-31,17,绍,Rule-generated Stage7 member for 合成林氏.,False
1096946,7009,林绍华,female,1736-01-01,1811-12-31,17,绍,Rule-generated Stage7 member for 合成林氏.,False
1096947,7009,林成伟,male,1742-01-01,1805-12-31,17,绍,Rule-generated Stage7 member for 合成林氏.,False
1096948,7009,林绍玉,female,1741-01-01,1823-12-31,17,绍,Rule-generated Stage7 member for 合成林氏.,False
1096949,7009,林绍明,male,1739-01-01,1804-12-31,17,绍,Rule-generated Stage7 member for 合成林氏.,False
1096950,7009,林绍玉,female,1736-01-01,1834-12-31,17,绍,Rule-generated Stage7 member for 合成林氏.,False
1096951,7009,林景安,male,1737-01-01,1814-12-31,17,绍,Rule-generated Stage7 member for 合成林氏.,False
1096952,7009,林安清,female,1738-01-01,1791-12-31,17,绍,Rule-generated Stage7 member for 合成林氏.,False
1096953,7009,林绍世,male,1742-01-01,1791-12-31,17,绍,Rule-generated Stage7 member for 合成林氏.,False
1096954,7009,林绍梅,female,1742-01-01,1802-12-31,17,绍,Rule-generated Stage7 member for 合成林氏.,False
1096955,7009,林绍承,male,1740-01-01,1813-12-31,17,绍,Rule-generated Stage7 member for 合成林氏.,False
1096956,7009,林绍兰,female,1737-01-01,1824-12-31,17,绍,Rule-generated Stage7 member for 合成林氏.,False
1096957,7009,林文德,male,1737-01-01,1804-12-31,17,绍,Rule-generated Stage7 member for 合成林氏.,False
1096958,7009,林明,female,1736-01-01,1826-12-31,17,绍,Rule-generated Stage7 member for 合成林氏.,False
1096959,7009,林伟安,male,1740-01-01,1804-12-31,17,绍,Rule-generated Stage7 member for 合成林氏.,False
1096960,7009,林绍安,female,1741-01-01,1809-12-31,17,绍,Rule-generated Stage7 member for 合成林氏.,False
1096961,7009,林国明,male,1739-01-01,1794-12-31,17,绍,Rule-generated Stage7 member for 合成林氏.,False
1096962,7009,林慧华,female,1740-01-01,1816-12-31,17,绍,Rule-generated Stage7 member for 合成林氏.,False
1096963,7009,林成强,male,1742-01-01,1825-12-31,17,绍,Rule-generated Stage7 member for 合成林氏.,False
1096964,7009,林敏雅,female,1741-01-01,1820-12-31,17,绍,Rule-generated Stage7 member for 合成林氏.,False
1096965,7009,林国世,male,1742-01-01,1820-12-31,17,绍,Rule-generated Stage7 member for 合成林氏.,False
1096966,7009,林兰慧,female,1742-01-01,1808-12-31,17,绍,Rule-generated Stage7 member for 合成林氏.,False
1096967,7009,林绍成,male,1738-01-01,1801-12-31,17,绍,Rule-generated Stage7 member for 合成林氏.,False
1096968,7009,林绍慧,female,1740-01-01,1787-12-31,17,绍,Rule-generated Stage7 member for 合成林氏.,False
1096969,7009,林伟强,male,1742-01-01,1800-12-31,17,绍,Rule-generated Stage7 member for 合成林氏.,False
1096970,7009,林绍雅,female,1736-01-01,1806-12-31,17,绍,Rule-generated Stage7 member for 合成林氏.,False
1096971,7009,林丽,male,1739-01-01,1831-12-31,17,绍,Rule-generated Stage7 member for 合成林氏.,False
1096972,7009,林绍丽,female,1740-01-01,1818-12-31,17,绍,Rule-generated Stage7 member for 合成林氏.,False
1096973,7009,林绍伟,male,1737-01-01,1818-12-31,17,绍,Rule-generated Stage7 member for 合成林氏.,False
1096974,7009,林伟,female,1740-01-01,1801-12-31,17,绍,Rule-generated Stage7 member for 合成林氏.,False
1096975,7009,林世明,male,1736-01-01,1819-12-31,17,绍,Rule-generated Stage7 member for 合成林氏.,False
1096976,7009,林绍华,female,1738-01-01,1790-12-31,17,绍,Rule-generated Stage7 member for 合成林氏.,False
1096977,7009,林绍强,male,1741-01-01,1812-12-31,17,绍,Rule-generated Stage7 member for 合成林氏.,False
1096978,7009,林绍兰,female,1738-01-01,1786-12-31,17,绍,Rule-generated Stage7 member for 合成林氏.,False
1096979,7009,林绍强,male,1738-01-01,1800-12-31,17,绍,Rule-generated Stage7 member for 合成林氏.,False
1096980,7009,林安梅,female,1740-01-01,1829-12-31,17,绍,Rule-generated Stage7 member for 合成林氏.,False
1096981,7009,林文国,male,1740-01-01,1810-12-31,17,绍,Rule-generated Stage7 member for 合成林氏.,False
1096982,7009,林绍芳,female,1737-01-01,1777-12-31,17,绍,Rule-generated Stage7 member for 合成林氏.,False
1096983,7009,林强,male,1739-01-01,1810-12-31,17,绍,Rule-generated Stage7 member for 合成林氏.,False
1096984,7009,林绍华,female,1739-01-01,1802-12-31,17,绍,Rule-generated Stage7 member for 合成林氏.,False
1096985,7009,林绍安,male,1742-01-01,1784-12-31,17,绍,Rule-generated Stage7 member for 合成林氏.,False
1096986,7009,林绍兰,female,1740-01-01,1822-12-31,17,绍,Rule-generated Stage7 member for 合成林氏.,False
1096987,7009,林绍强,male,1737-01-01,1833-12-31,17,绍,Rule-generated Stage7 member for 合成林氏.,False
1096988,7009,林明,female,1742-01-01,1801-12-31,17,绍,Rule-generated Stage7 member for 合成林氏.,False
1096989,7009,林成景,male,1738-01-01,1828-12-31,17,绍,Rule-generated Stage7 member for 合成林氏.,False
1096990,7009,林绍宁,female,1738-01-01,1816-12-31,17,绍,Rule-generated Stage7 member for 合成林氏.,False
1096991,7009,林绍世,male,1736-01-01,1758-12-31,17,绍,Rule-generated Stage7 member for 合成林氏.,False
1096992,7009,林绍兰,female,1737-01-01,1789-12-31,17,绍,Rule-generated Stage7 member for 合成林氏.,False
1096993,7009,林绍国,male,1742-01-01,1841-12-31,17,绍,Rule-generated Stage7 member for 合成林氏.,False
1096994,7009,林绍丽,female,1740-01-01,1813-12-31,17,绍,Rule-generated Stage7 member for 合成林氏.,False
1096995,7009,林绍文,male,1737-01-01,1805-12-31,17,绍,Rule-generated Stage7 member for 合成林氏.,False
1096996,7009,林华雅,female,1739-01-01,1803-12-31,17,绍,Rule-generated Stage7 member for 合成林氏.,False
1096997,7009,林绍景,male,1737-01-01,1818-12-31,17,绍,Rule-generated Stage7 member for 合成林氏.,False
1096998,7009,林绍梅,female,1742-01-01,1792-12-31,17,绍,Rule-generated Stage7 member for 合成林氏.,False
1096999,7009,林丽,male,1736-01-01,1770-12-31,17,绍,Rule-generated Stage7 member for 合成林氏.,False
1097000,7009,林安玉,female,1742-01-01,1806-12-31,17,绍,Rule-generated Stage7 member for 合成林氏.,False
1097001,7009,林强德,male,1736-01-01,1796-12-31,17,绍,Rule-generated Stage7 member for 合成林氏.,False
1097002,7009,林慧敏,female,1737-01-01,1783-12-31,17,绍,Rule-generated Stage7 member for 合成林氏.,False
1097003,7009,林强强,male,1736-01-01,1775-12-31,17,绍,Rule-generated Stage7 member for 合成林氏.,False
1097004,7009,林明,female,1741-01-01,1788-12-31,17,绍,Rule-generated Stage7 member for 合成林氏.,False
1097005,7009,林绍国,male,1741-01-01,1826-12-31,17,绍,Rule-generated Stage7 member for 合成林氏.,False
1097006,7009,林绍芳,female,1741-01-01,1805-12-31,17,绍,Rule-generated Stage7 member for 合成林氏.,False
1097007,7009,林明,male,1740-01-01,1799-12-31,17,绍,Rule-generated Stage7 member for 合成林氏.,False
1097008,7009,林安慧,female,1742-01-01,1792-12-31,17,绍,Rule-generated Stage7 member for 合成林氏.,False
1097009,7009,林绍世,male,1737-01-01,1816-12-31,17,绍,Rule-generated Stage7 member for 合成林氏.,False
1097010,7009,林绍兰,female,1739-01-01,1794-12-31,17,绍,Rule-generated Stage7 member for 合成林氏.,False
1097011,7009,林绍世,male,1740-01-01,1827-12-31,17,绍,Rule-generated Stage7 member for 合成林氏.,False
1097012,7009,林丽雅,female,1738-01-01,1788-12-31,17,绍,Rule-generated Stage7 member for 合成林氏.,False
1097013,7009,林景景,male,1740-01-01,1777-12-31,17,绍,Rule-generated Stage7 member for 合成林氏.,False
1097014,7009,林敏玉,female,1741-01-01,1818-12-31,17,绍,Rule-generated Stage7 member for 合成林氏.,False
1097015,7009,林绍承,male,1736-01-01,1794-12-31,17,绍,Rule-generated Stage7 member for 合成林氏.,False
1097016,7009,林绍华,female,1742-01-01,1800-12-31,17,绍,Rule-generated Stage7 member for 合成林氏.,False
1097017,7009,林景宗,male,1736-01-01,1782-12-31,17,绍,Rule-generated Stage7 member for 合成林氏.,False
1097018,7009,林梅雅,female,1740-01-01,1804-12-31,17,绍,Rule-generated Stage7 member for 合成林氏.,False
1097019,7009,林明宗,male,1740-01-01,1795-12-31,17,绍,Rule-generated Stage7 member for 合成林氏.,False
1097020,7009,林绍慧,female,1738-01-01,1801-12-31,17,绍,Rule-generated Stage7 member for 合成林氏.,False
1097021,7009,林强伟,male,1739-01-01,1812-12-31,17,绍,Rule-generated Stage7 member for 合成林氏.,False
1097022,7009,林丽,female,1739-01-01,1835-12-31,17,绍,Rule-generated Stage7 member for 合成林氏.,False
1097023,7009,林绍承,male,1740-01-01,1816-12-31,17,绍,Rule-generated Stage7 member for 合成林氏.,False
1097024,7009,林绍雅,female,1740-01-01,1835-12-31,17,绍,Rule-generated Stage7 member for 合成林氏.,False
1097025,7009,林绍国,male,1742-01-01,1803-12-31,17,绍,Rule-generated Stage7 member for 合成林氏.,False
1097026,7009,林兰清,female,1741-01-01,1775-12-31,17,绍,Rule-generated Stage7 member for 合成林氏.,False
1097027,7009,林明,male,1738-01-01,1801-12-31,17,绍,Rule-generated Stage7 member for 合成林氏.,False
1097028,7009,林绍芳,female,1738-01-01,1804-12-31,17,绍,Rule-generated Stage7 member for 合成林氏.,False
1097029,7009,林绍德,male,1737-01-01,1798-12-31,17,绍,Rule-generated Stage7 member for 合成林氏.,False
1097030,7009,林明,female,1739-01-01,1804-12-31,17,绍,Rule-generated Stage7 member for 合成林氏.,False
1097031,7009,林绍明,male,1736-01-01,1788-12-31,17,绍,Rule-generated Stage7 member for 合成林氏.,False
1097032,7009,林绍芳,female,1736-01-01,1839-12-31,17,绍,Rule-generated Stage7 member for 合成林氏.,False
1097033,7009,林绍明,male,1737-01-01,1844-12-31,17,绍,Rule-generated Stage7 member for 合成林氏.,False
1097034,7009,林兰宁,female,1738-01-01,1780-12-31,17,绍,Rule-generated Stage7 member for 合成林氏.,False
1097035,7009,林强,male,1739-01-01,1835-12-31,17,绍,Rule-generated Stage7 member for 合成林氏.,False
1097036,7009,林绍丽,female,1738-01-01,1817-12-31,17,绍,Rule-generated Stage7 member for 合成林氏.,False
1097037,7009,林绍国,male,1736-01-01,1797-12-31,17,绍,Rule-generated Stage7 member for 合成林氏.,False
1097038,7009,林绍慧,female,1741-01-01,1800-12-31,17,绍,Rule-generated Stage7 member for 合成林氏.,False
1097039,7009,林安景,male,1739-01-01,1816-12-31,17,绍,Rule-generated Stage7 member for 合成林氏.,False
1097040,7009,林华雅,female,1742-01-01,1765-12-31,17,绍,Rule-generated Stage7 member for 合成林氏.,False
1097041,7009,林绍宗,male,1739-01-01,1811-12-31,17,绍,Rule-generated Stage7 member for 合成林氏.,False
1097042,7009,林绍敏,female,1738-01-01,1802-12-31,17,绍,Rule-generated Stage7 member for 合成林氏.,False
1097043,7009,林绍德,male,1736-01-01,1798-12-31,17,绍,Rule-generated Stage7 member for 合成林氏.,False
1097044,7009,林绍宁,female,1738-01-01,1822-12-31,17,绍,Rule-generated Stage7 member for 合成林氏.,False
1097045,7009,林华,male,1761-01-01,1826-12-31,18,启,Rule-generated Stage7 member for 合成林氏.,False
1097046,7009,林安玉,female,1758-01-01,1864-12-31,18,启,Rule-generated Stage7 member for 合成林氏.,False
1097047,7009,林宗国,male,1757-01-01,1833-12-31,18,启,Rule-generated Stage7 member for 合成林氏.,False
1097048,7009,林安清,female,1759-01-01,1814-12-31,18,启,Rule-generated Stage7 member for 合成林氏.,False
1097049,7009,林启德,male,1763-01-01,1825-12-31,18,启,Rule-generated Stage7 member for 合成林氏.,False
1097050,7009,林兰安,female,1759-01-01,1864-12-31,18,启,Rule-generated Stage7 member for 合成林氏.,False
1097051,7009,林承伟,male,1761-01-01,1829-12-31,18,启,Rule-generated Stage7 member for 合成林氏.,False
1097052,7009,林梅芳,female,1763-01-01,1857-12-31,18,启,Rule-generated Stage7 member for 合成林氏.,False
1097053,7009,林安明,male,1763-01-01,1844-12-31,18,启,Rule-generated Stage7 member for 合成林氏.,False
1097054,7009,林启芳,female,1762-01-01,1825-12-31,18,启,Rule-generated Stage7 member for 合成林氏.,False
1097055,7009,林启安,male,1757-01-01,1839-12-31,18,启,Rule-generated Stage7 member for 合成林氏.,False
1097056,7009,林慧丽,female,1761-01-01,1824-12-31,18,启,Rule-generated Stage7 member for 合成林氏.,False
1097057,7009,林强文,male,1759-01-01,1826-12-31,18,启,Rule-generated Stage7 member for 合成林氏.,False
1097058,7009,林启宁,female,1762-01-01,1808-12-31,18,启,Rule-generated Stage7 member for 合成林氏.,False
1097059,7009,林启成,male,1762-01-01,1800-12-31,18,启,Rule-generated Stage7 member for 合成林氏.,False
1097060,7009,林启华,female,1761-01-01,1788-12-31,18,启,Rule-generated Stage7 member for 合成林氏.,False
1097061,7009,林国德,male,1763-01-01,1840-12-31,18,启,Rule-generated Stage7 member for 合成林氏.,False
1097062,7009,林启清,female,1757-01-01,1842-12-31,18,启,Rule-generated Stage7 member for 合成林氏.,False
1097063,7009,林启宗,male,1760-01-01,1849-12-31,18,启,Rule-generated Stage7 member for 合成林氏.,False
1097064,7009,林明,female,1760-01-01,1809-12-31,18,启,Rule-generated Stage7 member for 合成林氏.,False
1097065,7009,林启世,male,1758-01-01,1813-12-31,18,启,Rule-generated Stage7 member for 合成林氏.,False
1097066,7009,林启华,female,1763-01-01,1850-12-31,18,启,Rule-generated Stage7 member for 合成林氏.,False
1097067,7009,林启强,male,1763-01-01,1847-12-31,18,启,Rule-generated Stage7 member for 合成林氏.,False
1097068,7009,林启兰,female,1760-01-01,1854-12-31,18,启,Rule-generated Stage7 member for 合成林氏.,False
1097069,7009,林伟,male,1758-01-01,1828-12-31,18,启,Rule-generated Stage7 member for 合成林氏.,False
1097070,7009,林启丽,female,1758-01-01,1790-12-31,18,启,Rule-generated Stage7 member for 合成林氏.,False
1097071,7009,林华,male,1759-01-01,1837-12-31,18,启,Rule-generated Stage7 member for 合成林氏.,False
1097072,7009,林启玉,female,1759-01-01,1817-12-31,18,启,Rule-generated Stage7 member for 合成林氏.,False
1097073,7009,林国承,male,1763-01-01,1836-12-31,18,启,Rule-generated Stage7 member for 合成林氏.,False
1097074,7009,林明,female,1760-01-01,1832-12-31,18,启,Rule-generated Stage7 member for 合成林氏.,False
1097075,7009,林国国,male,1758-01-01,1823-12-31,18,启,Rule-generated Stage7 member for 合成林氏.,False
1097076,7009,林清慧,female,1759-01-01,1857-12-31,18,启,Rule-generated Stage7 member for 合成林氏.,False
1097077,7009,林丽,male,1757-01-01,1828-12-31,18,启,Rule-generated Stage7 member for 合成林氏.,False
1097078,7009,林启雅,female,1759-01-01,1828-12-31,18,启,Rule-generated Stage7 member for 合成林氏.,False
1097079,7009,林启德,male,1761-01-01,1844-12-31,18,启,Rule-generated Stage7 member for 合成林氏.,False
1097080,7009,林启慧,female,1762-01-01,1831-12-31,18,启,Rule-generated Stage7 member for 合成林氏.,False
1097081,7009,林启国,male,1761-01-01,1815-12-31,18,启,Rule-generated Stage7 member for 合成林氏.,False
1097082,7009,林梅玉,female,1758-01-01,1829-12-31,18,启,Rule-generated Stage7 member for 合成林氏.,False
1097083,7009,林强宗,male,1759-01-01,1824-12-31,18,启,Rule-generated Stage7 member for 合成林氏.,False
1097084,7009,林华,female,1760-01-01,1833-12-31,18,启,Rule-generated Stage7 member for 合成林氏.,False
1097085,7009,林启文,male,1762-01-01,1810-12-31,18,启,Rule-generated Stage7 member for 合成林氏.,False
1097086,7009,林清安,female,1763-01-01,1794-12-31,18,启,Rule-generated Stage7 member for 合成林氏.,False
1097087,7009,林启成,male,1757-01-01,1811-12-31,18,启,Rule-generated Stage7 member for 合成林氏.,False
1097088,7009,林安芳,female,1763-01-01,1856-12-31,18,启,Rule-generated Stage7 member for 合成林氏.,False
1097089,7009,林强伟,male,1760-01-01,1819-12-31,18,启,Rule-generated Stage7 member for 合成林氏.,False
1097090,7009,林启慧,female,1763-01-01,1828-12-31,18,启,Rule-generated Stage7 member for 合成林氏.,False
1097091,7009,林启德,male,1757-01-01,1848-12-31,18,启,Rule-generated Stage7 member for 合成林氏.,False
1097092,7009,林启兰,female,1757-01-01,1785-12-31,18,启,Rule-generated Stage7 member for 合成林氏.,False
1097093,7009,林敏,male,1757-01-01,1831-12-31,18,启,Rule-generated Stage7 member for 合成林氏.,False
1097094,7009,林启雅,female,1758-01-01,1814-12-31,18,启,Rule-generated Stage7 member for 合成林氏.,False
1097095,7009,林启国,male,1759-01-01,1863-12-31,18,启,Rule-generated Stage7 member for 合成林氏.,False
1097096,7009,林启华,female,1763-01-01,1814-12-31,18,启,Rule-generated Stage7 member for 合成林氏.,False
1097097,7009,林启德,male,1757-01-01,1800-12-31,18,启,Rule-generated Stage7 member for 合成林氏.,False
1097098,7009,林华慧,female,1758-01-01,1788-12-31,18,启,Rule-generated Stage7 member for 合成林氏.,False
1097099,7009,林承伟,male,1761-01-01,1830-12-31,18,启,Rule-generated Stage7 member for 合成林氏.,False
1097100,7009,林梅安,female,1757-01-01,1837-12-31,18,启,Rule-generated Stage7 member for 合成林氏.,False
1097101,7009,林启明,male,1758-01-01,1843-12-31,18,启,Rule-generated Stage7 member for 合成林氏.,False
1097102,7009,林清华,female,1758-01-01,1833-12-31,18,启,Rule-generated Stage7 member for 合成林氏.,False
1097103,7009,林伟德,male,1762-01-01,1798-12-31,18,启,Rule-generated Stage7 member for 合成林氏.,False
1097104,7009,林玉慧,female,1761-01-01,1849-12-31,18,启,Rule-generated Stage7 member for 合成林氏.,False
1097105,7009,林明宗,male,1760-01-01,1825-12-31,18,启,Rule-generated Stage7 member for 合成林氏.,False
1097106,7009,林启清,female,1760-01-01,1818-12-31,18,启,Rule-generated Stage7 member for 合成林氏.,False
1097107,7009,林启世,male,1759-01-01,1859-12-31,18,启,Rule-generated Stage7 member for 合成林氏.,False
1097108,7009,林启玉,female,1760-01-01,1863-12-31,18,启,Rule-generated Stage7 member for 合成林氏.,False
1097109,7009,林启伟,male,1757-01-01,1846-12-31,18,启,Rule-generated Stage7 member for 合成林氏.,False
1097110,7009,林启丽,female,1757-01-01,1788-12-31,18,启,Rule-generated Stage7 member for 合成林氏.,False
1097111,7009,林强承,male,1757-01-01,1800-12-31,18,启,Rule-generated Stage7 member for 合成林氏.,False
1097112,7009,林启安,female,1760-01-01,1851-12-31,18,启,Rule-generated Stage7 member for 合成林氏.,False
1097113,7009,林启文,male,1762-01-01,1845-12-31,18,启,Rule-generated Stage7 member for 合成林氏.,False
1097114,7009,林启雅,female,1757-01-01,1838-12-31,18,启,Rule-generated Stage7 member for 合成林氏.,False
1097115,7009,林明世,male,1763-01-01,1834-12-31,18,启,Rule-generated Stage7 member for 合成林氏.,False
1097116,7009,林丽清,female,1760-01-01,1846-12-31,18,启,Rule-generated Stage7 member for 合成林氏.,False
1097117,7009,林伟,male,1760-01-01,1817-12-31,18,启,Rule-generated Stage7 member for 合成林氏.,False
1097118,7009,林启敏,female,1759-01-01,1800-12-31,18,启,Rule-generated Stage7 member for 合成林氏.,False
1097119,7009,林伟国,male,1761-01-01,1827-12-31,18,启,Rule-generated Stage7 member for 合成林氏.,False
1097120,7009,林清雅,female,1760-01-01,1784-12-31,18,启,Rule-generated Stage7 member for 合成林氏.,False
1097121,7009,林明国,male,1759-01-01,1825-12-31,18,启,Rule-generated Stage7 member for 合成林氏.,False
1097122,7009,林雅兰,female,1757-01-01,1824-12-31,18,启,Rule-generated Stage7 member for 合成林氏.,False
1097123,7009,林启成,male,1763-01-01,1803-12-31,18,启,Rule-generated Stage7 member for 合成林氏.,False
1097124,7009,林丽玉,female,1762-01-01,1794-12-31,18,启,Rule-generated Stage7 member for 合成林氏.,False
1097125,7009,林启世,male,1759-01-01,1819-12-31,18,启,Rule-generated Stage7 member for 合成林氏.,False
1097126,7009,林丽,female,1760-01-01,1844-12-31,18,启,Rule-generated Stage7 member for 合成林氏.,False
1097127,7009,林景国,male,1762-01-01,1815-12-31,18,启,Rule-generated Stage7 member for 合成林氏.,False
1097128,7009,林启华,female,1760-01-01,1809-12-31,18,启,Rule-generated Stage7 member for 合成林氏.,False
1097129,7009,林文宗,male,1761-01-01,1848-12-31,18,启,Rule-generated Stage7 member for 合成林氏.,False
1097130,7009,林启梅,female,1757-01-01,1825-12-31,18,启,Rule-generated Stage7 member for 合成林氏.,False
1097131,7009,林成伟,male,1758-01-01,1837-12-31,18,启,Rule-generated Stage7 member for 合成林氏.,False
1097132,7009,林宁华,female,1763-01-01,1840-12-31,18,启,Rule-generated Stage7 member for 合成林氏.,False
1097133,7009,林启国,male,1759-01-01,1794-12-31,18,启,Rule-generated Stage7 member for 合成林氏.,False
1097134,7009,林兰敏,female,1761-01-01,1835-12-31,18,启,Rule-generated Stage7 member for 合成林氏.,False
1097135,7009,林启安,male,1763-01-01,1841-12-31,18,启,Rule-generated Stage7 member for 合成林氏.,False
1097136,7009,林宁安,female,1763-01-01,1853-12-31,18,启,Rule-generated Stage7 member for 合成林氏.,False
1097137,7009,林国强,male,1761-01-01,1852-12-31,18,启,Rule-generated Stage7 member for 合成林氏.,False
1097138,7009,林芳兰,female,1762-01-01,1849-12-31,18,启,Rule-generated Stage7 member for 合成林氏.,False
1097139,7009,林文明,male,1763-01-01,1813-12-31,18,启,Rule-generated Stage7 member for 合成林氏.,False
1097140,7009,林启敏,female,1757-01-01,1840-12-31,18,启,Rule-generated Stage7 member for 合成林氏.,False
1097141,7009,林华,male,1759-01-01,1824-12-31,18,启,Rule-generated Stage7 member for 合成林氏.,False
1097142,7009,林启芳,female,1763-01-01,1851-12-31,18,启,Rule-generated Stage7 member for 合成林氏.,False
1097143,7009,林启安,male,1761-01-01,1835-12-31,18,启,Rule-generated Stage7 member for 合成林氏.,False
1097144,7009,林明,female,1760-01-01,1825-12-31,18,启,Rule-generated Stage7 member for 合成林氏.,False
1097145,7009,林启景,male,1763-01-01,1831-12-31,18,启,Rule-generated Stage7 member for 合成林氏.,False
1097146,7009,林宁芳,female,1761-01-01,1834-12-31,18,启,Rule-generated Stage7 member for 合成林氏.,False
1097147,7009,林启强,male,1763-01-01,1818-12-31,18,启,Rule-generated Stage7 member for 合成林氏.,False
1097148,7009,林丽,female,1758-01-01,1818-12-31,18,启,Rule-generated Stage7 member for 合成林氏.,False
1097149,7009,林启明,male,1760-01-01,1834-12-31,18,启,Rule-generated Stage7 member for 合成林氏.,False
1097150,7009,林启玉,female,1760-01-01,1832-12-31,18,启,Rule-generated Stage7 member for 合成林氏.,False
1097151,7009,林启世,male,1759-01-01,1815-12-31,18,启,Rule-generated Stage7 member for 合成林氏.,False
1097152,7009,林丽安,female,1757-01-01,1832-12-31,18,启,Rule-generated Stage7 member for 合成林氏.,False
1097153,7009,林启安,male,1763-01-01,1837-12-31,18,启,Rule-generated Stage7 member for 合成林氏.,False
1097154,7009,林丽,female,1760-01-01,1808-12-31,18,启,Rule-generated Stage7 member for 合成林氏.,False
1097155,7009,林华,male,1760-01-01,1812-12-31,18,启,Rule-generated Stage7 member for 合成林氏.,False
1097156,7009,林启兰,female,1760-01-01,1851-12-31,18,启,Rule-generated Stage7 member for 合成林氏.,False
1097157,7009,林启文,male,1760-01-01,1796-12-31,18,启,Rule-generated Stage7 member for 合成林氏.,False
1097158,7009,林启华,female,1758-01-01,1818-12-31,18,启,Rule-generated Stage7 member for 合成林氏.,False
1097159,7009,林德成,male,1758-01-01,1818-12-31,18,启,Rule-generated Stage7 member for 合成林氏.,False
1097160,7009,林强,female,1763-01-01,1788-12-31,18,启,Rule-generated Stage7 member for 合成林氏.,False
1097161,7009,林文文,male,1758-01-01,1854-12-31,18,启,Rule-generated Stage7 member for 合成林氏.,False
1097162,7009,林启华,female,1762-01-01,1853-12-31,18,启,Rule-generated Stage7 member for 合成林氏.,False
1097163,7009,林启景,male,1763-01-01,1803-12-31,18,启,Rule-generated Stage7 member for 合成林氏.,False
1097164,7009,林安雅,female,1760-01-01,1843-12-31,18,启,Rule-generated Stage7 member for 合成林氏.,False
1097165,7009,林敏,male,1759-01-01,1829-12-31,18,启,Rule-generated Stage7 member for 合成林氏.,False
1097166,7009,林丽安,female,1759-01-01,1829-12-31,18,启,Rule-generated Stage7 member for 合成林氏.,False
1097167,7009,林承伟,male,1761-01-01,1860-12-31,18,启,Rule-generated Stage7 member for 合成林氏.,False
1097168,7009,林启梅,female,1758-01-01,1829-12-31,18,启,Rule-generated Stage7 member for 合成林氏.,False
1097169,7009,林启文,male,1763-01-01,1828-12-31,18,启,Rule-generated Stage7 member for 合成林氏.,False
1097170,7009,林启宁,female,1761-01-01,1855-12-31,18,启,Rule-generated Stage7 member for 合成林氏.,False
1097171,7009,林宗强,male,1762-01-01,1825-12-31,18,启,Rule-generated Stage7 member for 合成林氏.,False
1097172,7009,林启梅,female,1759-01-01,1793-12-31,18,启,Rule-generated Stage7 member for 合成林氏.,False
1097173,7009,林承强,male,1763-01-01,1824-12-31,18,启,Rule-generated Stage7 member for 合成林氏.,False
1097174,7009,林启芳,female,1762-01-01,1855-12-31,18,启,Rule-generated Stage7 member for 合成林氏.,False
1097175,7009,林启宗,male,1757-01-01,1795-12-31,18,启,Rule-generated Stage7 member for 合成林氏.,False
1097176,7009,林启华,female,1757-01-01,1825-12-31,18,启,Rule-generated Stage7 member for 合成林氏.,False
1097177,7009,林启世,male,1763-01-01,1830-12-31,18,启,Rule-generated Stage7 member for 合成林氏.,False
1097178,7009,林华安,female,1760-01-01,1800-12-31,18,启,Rule-generated Stage7 member for 合成林氏.,False
1097179,7009,林景宗,male,1760-01-01,1824-12-31,18,启,Rule-generated Stage7 member for 合成林氏.,False
1097180,7009,林盛景,male,1783-01-01,1839-12-31,19,盛,Rule-generated Stage7 member for 合成林氏.,False
1097181,7009,林华,female,1780-01-01,1840-12-31,19,盛,Rule-generated Stage7 member for 合成林氏.,False
1097182,7009,林盛成,male,1783-01-01,1849-12-31,19,盛,Rule-generated Stage7 member for 合成林氏.,False
1097183,7009,林敏,female,1779-01-01,1847-12-31,19,盛,Rule-generated Stage7 member for 合成林氏.,False
1097184,7009,林强德,male,1781-01-01,1816-12-31,19,盛,Rule-generated Stage7 member for 合成林氏.,False
1097185,7009,林盛梅,female,1778-01-01,1830-12-31,19,盛,Rule-generated Stage7 member for 合成林氏.,False
1097186,7009,林伟明,male,1781-01-01,1801-12-31,19,盛,Rule-generated Stage7 member for 合成林氏.,False
1097187,7009,林盛丽,female,1783-01-01,1831-12-31,19,盛,Rule-generated Stage7 member for 合成林氏.,False
1097188,7009,林盛宗,male,1782-01-01,1848-12-31,19,盛,Rule-generated Stage7 member for 合成林氏.,False
1097189,7009,林盛华,female,1783-01-01,1807-12-31,19,盛,Rule-generated Stage7 member for 合成林氏.,False
1097190,7009,林盛强,male,1779-01-01,1836-12-31,19,盛,Rule-generated Stage7 member for 合成林氏.,False
1097191,7009,林雅清,female,1783-01-01,1832-12-31,19,盛,Rule-generated Stage7 member for 合成林氏.,False
1097192,7009,林盛伟,male,1778-01-01,1815-12-31,19,盛,Rule-generated Stage7 member for 合成林氏.,False
1097193,7009,林盛兰,female,1779-01-01,1818-12-31,19,盛,Rule-generated Stage7 member for 合成林氏.,False
1097194,7009,林盛安,male,1784-01-01,1833-12-31,19,盛,Rule-generated Stage7 member for 合成林氏.,False
1097195,7009,林盛敏,female,1778-01-01,1835-12-31,19,盛,Rule-generated Stage7 member for 合成林氏.,False
1097196,7009,林承景,male,1778-01-01,1842-12-31,19,盛,Rule-generated Stage7 member for 合成林氏.,False
1097197,7009,林伟,female,1783-01-01,1841-12-31,19,盛,Rule-generated Stage7 member for 合成林氏.,False
1097198,7009,林盛国,male,1782-01-01,1850-12-31,19,盛,Rule-generated Stage7 member for 合成林氏.,False
1097199,7009,林盛华,female,1784-01-01,1840-12-31,19,盛,Rule-generated Stage7 member for 合成林氏.,False
1097200,7009,林盛伟,male,1783-01-01,1875-12-31,19,盛,Rule-generated Stage7 member for 合成林氏.,False
1097201,7009,林华清,female,1784-01-01,1829-12-31,19,盛,Rule-generated Stage7 member for 合成林氏.,False
1097202,7009,林国安,male,1782-01-01,1852-12-31,19,盛,Rule-generated Stage7 member for 合成林氏.,False
1097203,7009,林盛敏,female,1778-01-01,1834-12-31,19,盛,Rule-generated Stage7 member for 合成林氏.,False
1097204,7009,林盛文,male,1782-01-01,1839-12-31,19,盛,Rule-generated Stage7 member for 合成林氏.,False
1097205,7009,林盛梅,female,1781-01-01,1855-12-31,19,盛,Rule-generated Stage7 member for 合成林氏.,False
1097206,7009,林成伟,male,1779-01-01,1873-12-31,19,盛,Rule-generated Stage7 member for 合成林氏.,False
1097207,7009,林盛梅,female,1780-01-01,1808-12-31,19,盛,Rule-generated Stage7 member for 合成林氏.,False
1097208,7009,林盛安,male,1780-01-01,1869-12-31,19,盛,Rule-generated Stage7 member for 合成林氏.,False
1097209,7009,林雅玉,female,1781-01-01,1863-12-31,19,盛,Rule-generated Stage7 member for 合成林氏.,False
1097210,7009,林文国,male,1783-01-01,1883-12-31,19,盛,Rule-generated Stage7 member for 合成林氏.,False
1097211,7009,林盛安,female,1778-01-01,1842-12-31,19,盛,Rule-generated Stage7 member for 合成林氏.,False
1097212,7009,林伟伟,male,1778-01-01,1866-12-31,19,盛,Rule-generated Stage7 member for 合成林氏.,False
1097213,7009,林宁华,female,1784-01-01,1858-12-31,19,盛,Rule-generated Stage7 member for 合成林氏.,False
1097214,7009,林承承,male,1779-01-01,1870-12-31,19,盛,Rule-generated Stage7 member for 合成林氏.,False
1097215,7009,林盛梅,female,1781-01-01,1836-12-31,19,盛,Rule-generated Stage7 member for 合成林氏.,False
1097216,7009,林强,male,1778-01-01,1857-12-31,19,盛,Rule-generated Stage7 member for 合成林氏.,False
1097217,7009,林雅安,female,1782-01-01,1870-12-31,19,盛,Rule-generated Stage7 member for 合成林氏.,False
1097218,7009,林盛德,male,1781-01-01,1852-12-31,19,盛,Rule-generated Stage7 member for 合成林氏.,False
1097219,7009,林盛宁,female,1782-01-01,1833-12-31,19,盛,Rule-generated Stage7 member for 合成林氏.,False
1097220,7009,林安承,male,1783-01-01,1840-12-31,19,盛,Rule-generated Stage7 member for 合成林氏.,False
1097221,7009,林盛安,female,1780-01-01,1836-12-31,19,盛,Rule-generated Stage7 member for 合成林氏.,False
1097222,7009,林盛伟,male,1780-01-01,1862-12-31,19,盛,Rule-generated Stage7 member for 合成林氏.,False
1097223,7009,林强,female,1782-01-01,1848-12-31,19,盛,Rule-generated Stage7 member for 合成林氏.,False
1097224,7009,林盛宗,male,1778-01-01,1862-12-31,19,盛,Rule-generated Stage7 member for 合成林氏.,False
1097225,7009,林敏安,female,1779-01-01,1841-12-31,19,盛,Rule-generated Stage7 member for 合成林氏.,False
1097226,7009,林宗承,male,1779-01-01,1866-12-31,19,盛,Rule-generated Stage7 member for 合成林氏.,False
1097227,7009,林盛慧,female,1778-01-01,1846-12-31,19,盛,Rule-generated Stage7 member for 合成林氏.,False
1097228,7009,林盛世,male,1780-01-01,1841-12-31,19,盛,Rule-generated Stage7 member for 合成林氏.,False
1097229,7009,林清华,female,1783-01-01,1847-12-31,19,盛,Rule-generated Stage7 member for 合成林氏.,False
1097230,7009,林盛成,male,1779-01-01,1854-12-31,19,盛,Rule-generated Stage7 member for 合成林氏.,False
1097231,7009,林强,female,1780-01-01,1830-12-31,19,盛,Rule-generated Stage7 member for 合成林氏.,False
1097232,7009,林安承,male,1782-01-01,1826-12-31,19,盛,Rule-generated Stage7 member for 合成林氏.,False
1097233,7009,林梅丽,female,1779-01-01,1878-12-31,19,盛,Rule-generated Stage7 member for 合成林氏.,False
1097234,7009,林世宗,male,1779-01-01,1868-12-31,19,盛,Rule-generated Stage7 member for 合成林氏.,False
1097235,7009,林盛芳,female,1781-01-01,1886-12-31,19,盛,Rule-generated Stage7 member for 合成林氏.,False
1097236,7009,林敏,male,1780-01-01,1815-12-31,19,盛,Rule-generated Stage7 member for 合成林氏.,False
1097237,7009,林丽,female,1781-01-01,1824-12-31,19,盛,Rule-generated Stage7 member for 合成林氏.,False
1097238,7009,林盛伟,male,1783-01-01,1850-12-31,19,盛,Rule-generated Stage7 member for 合成林氏.,False
1097239,7009,林盛梅,female,1782-01-01,1866-12-31,19,盛,Rule-generated Stage7 member for 合成林氏.,False
1097240,7009,林盛承,male,1781-01-01,1818-12-31,19,盛,Rule-generated Stage7 member for 合成林氏.,False
1097241,7009,林明,female,1780-01-01,1828-12-31,19,盛,Rule-generated Stage7 member for 合成林氏.,False
1097242,7009,林盛明,male,1778-01-01,1840-12-31,19,盛,Rule-generated Stage7 member for 合成林氏.,False
1097243,7009,林盛华,female,1779-01-01,1845-12-31,19,盛,Rule-generated Stage7 member for 合成林氏.,False
1097244,7009,林盛文,male,1779-01-01,1857-12-31,19,盛,Rule-generated Stage7 member for 合成林氏.,False
1097245,7009,林盛兰,female,1784-01-01,1865-12-31,19,盛,Rule-generated Stage7 member for 合成林氏.,False
1097246,7009,林盛景,male,1780-01-01,1874-12-31,19,盛,Rule-generated Stage7 member for 合成林氏.,False
1097247,7009,林盛梅,female,1783-01-01,1828-12-31,19,盛,Rule-generated Stage7 member for 合成林氏.,False
1097248,7009,林盛安,male,1780-01-01,1802-12-31,19,盛,Rule-generated Stage7 member for 合成林氏.,False
1097249,7009,林兰敏,female,1778-01-01,1874-12-31,19,盛,Rule-generated Stage7 member for 合成林氏.,False
1097250,7009,林景世,male,1782-01-01,1841-12-31,19,盛,Rule-generated Stage7 member for 合成林氏.,False
1097251,7009,林盛敏,female,1782-01-01,1835-12-31,19,盛,Rule-generated Stage7 member for 合成林氏.,False
1097252,7009,林敏,male,1784-01-01,1811-12-31,19,盛,Rule-generated Stage7 member for 合成林氏.,False
1097253,7009,林清敏,female,1784-01-01,1828-12-31,19,盛,Rule-generated Stage7 member for 合成林氏.,False
1097254,7009,林盛强,male,1780-01-01,1806-12-31,19,盛,Rule-generated Stage7 member for 合成林氏.,False
1097255,7009,林明,female,1782-01-01,1845-12-31,19,盛,Rule-generated Stage7 member for 合成林氏.,False
1097256,7009,林强景,male,1782-01-01,1862-12-31,19,盛,Rule-generated Stage7 member for 合成林氏.,False
1097257,7009,林盛宁,female,1781-01-01,1859-12-31,19,盛,Rule-generated Stage7 member for 合成林氏.,False
1097258,7009,林盛文,male,1784-01-01,1857-12-31,19,盛,Rule-generated Stage7 member for 合成林氏.,False
1097259,7009,林盛雅,female,1779-01-01,1856-12-31,19,盛,Rule-generated Stage7 member for 合成林氏.,False
1097260,7009,林安明,male,1784-01-01,1853-12-31,19,盛,Rule-generated Stage7 member for 合成林氏.,False
1097261,7009,林梅丽,female,1782-01-01,1829-12-31,19,盛,Rule-generated Stage7 member for 合成林氏.,False
1097262,7009,林盛景,male,1784-01-01,1886-12-31,19,盛,Rule-generated Stage7 member for 合成林氏.,False
1097263,7009,林盛玉,female,1784-01-01,1853-12-31,19,盛,Rule-generated Stage7 member for 合成林氏.,False
1097264,7009,林盛伟,male,1779-01-01,1822-12-31,19,盛,Rule-generated Stage7 member for 合成林氏.,False
1097265,7009,林盛慧,female,1778-01-01,1807-12-31,19,盛,Rule-generated Stage7 member for 合成林氏.,False
1097266,7009,林盛成,male,1781-01-01,1889-12-31,19,盛,Rule-generated Stage7 member for 合成林氏.,False
1097267,7009,林盛安,female,1780-01-01,1866-12-31,19,盛,Rule-generated Stage7 member for 合成林氏.,False
1097268,7009,林盛国,male,1781-01-01,1854-12-31,19,盛,Rule-generated Stage7 member for 合成林氏.,False
1097269,7009,林盛兰,female,1781-01-01,1867-12-31,19,盛,Rule-generated Stage7 member for 合成林氏.,False
1097270,7009,林盛强,male,1784-01-01,1853-12-31,19,盛,Rule-generated Stage7 member for 合成林氏.,False
1097271,7009,林强,female,1779-01-01,1848-12-31,19,盛,Rule-generated Stage7 member for 合成林氏.,False
1097272,7009,林世德,male,1781-01-01,1830-12-31,19,盛,Rule-generated Stage7 member for 合成林氏.,False
1097273,7009,林盛宁,female,1784-01-01,1853-12-31,19,盛,Rule-generated Stage7 member for 合成林氏.,False
1097274,7009,林盛宗,male,1782-01-01,1850-12-31,19,盛,Rule-generated Stage7 member for 合成林氏.,False
1097275,7009,林兰清,female,1783-01-01,1857-12-31,19,盛,Rule-generated Stage7 member for 合成林氏.,False
1097276,7009,林盛德,male,1782-01-01,1852-12-31,19,盛,Rule-generated Stage7 member for 合成林氏.,False
1097277,7009,林雅雅,female,1784-01-01,1816-12-31,19,盛,Rule-generated Stage7 member for 合成林氏.,False
1097278,7009,林世明,male,1780-01-01,1835-12-31,19,盛,Rule-generated Stage7 member for 合成林氏.,False
1097279,7009,林盛丽,female,1781-01-01,1814-12-31,19,盛,Rule-generated Stage7 member for 合成林氏.,False
1097280,7009,林盛文,male,1778-01-01,1830-12-31,19,盛,Rule-generated Stage7 member for 合成林氏.,False
1097281,7009,林盛梅,female,1783-01-01,1859-12-31,19,盛,Rule-generated Stage7 member for 合成林氏.,False
1097282,7009,林文德,male,1783-01-01,1836-12-31,19,盛,Rule-generated Stage7 member for 合成林氏.,False
1097283,7009,林盛雅,female,1780-01-01,1869-12-31,19,盛,Rule-generated Stage7 member for 合成林氏.,False
1097284,7009,林承承,male,1779-01-01,1856-12-31,19,盛,Rule-generated Stage7 member for 合成林氏.,False
1097285,7009,林宁丽,female,1780-01-01,1845-12-31,19,盛,Rule-generated Stage7 member for 合成林氏.,False
1097286,7009,林盛承,male,1780-01-01,1848-12-31,19,盛,Rule-generated Stage7 member for 合成林氏.,False
1097287,7009,林盛玉,female,1784-01-01,1825-12-31,19,盛,Rule-generated Stage7 member for 合成林氏.,False
1097288,7009,林伟成,male,1780-01-01,1853-12-31,19,盛,Rule-generated Stage7 member for 合成林氏.,False
1097289,7009,林盛清,female,1778-01-01,1820-12-31,19,盛,Rule-generated Stage7 member for 合成林氏.,False
1097290,7009,林强国,male,1782-01-01,1865-12-31,19,盛,Rule-generated Stage7 member for 合成林氏.,False
1097291,7009,林华,female,1784-01-01,1853-12-31,19,盛,Rule-generated Stage7 member for 合成林氏.,False
1097292,7009,林宗景,male,1781-01-01,1852-12-31,19,盛,Rule-generated Stage7 member for 合成林氏.,False
1097293,7009,林盛清,female,1780-01-01,1805-12-31,19,盛,Rule-generated Stage7 member for 合成林氏.,False
1097294,7009,林盛文,male,1781-01-01,1838-12-31,19,盛,Rule-generated Stage7 member for 合成林氏.,False
1097295,7009,林盛丽,female,1783-01-01,1836-12-31,19,盛,Rule-generated Stage7 member for 合成林氏.,False
1097296,7009,林安强,male,1783-01-01,1848-12-31,19,盛,Rule-generated Stage7 member for 合成林氏.,False
1097297,7009,林盛清,female,1782-01-01,1882-12-31,19,盛,Rule-generated Stage7 member for 合成林氏.,False
1097298,7009,林盛宗,male,1780-01-01,1811-12-31,19,盛,Rule-generated Stage7 member for 合成林氏.,False
1097299,7009,林盛安,female,1779-01-01,1817-12-31,19,盛,Rule-generated Stage7 member for 合成林氏.,False
1097300,7009,林华,male,1779-01-01,1866-12-31,19,盛,Rule-generated Stage7 member for 合成林氏.,False
1097301,7009,林盛宁,female,1781-01-01,1867-12-31,19,盛,Rule-generated Stage7 member for 合成林氏.,False
1097302,7009,林文强,male,1779-01-01,1844-12-31,19,盛,Rule-generated Stage7 member for 合成林氏.,False
1097303,7009,林盛玉,female,1779-01-01,1838-12-31,19,盛,Rule-generated Stage7 member for 合成林氏.,False
1097304,7009,林盛德,male,1779-01-01,1818-12-31,19,盛,Rule-generated Stage7 member for 合成林氏.,False
1097305,7009,林延德,male,1802-01-01,1835-12-31,20,延,Rule-generated Stage7 member for 合成林氏.,False
1097306,7009,林芳敏,female,1799-01-01,1859-12-31,20,延,Rule-generated Stage7 member for 合成林氏.,False
1097307,7009,林延伟,male,1805-01-01,1848-12-31,20,延,Rule-generated Stage7 member for 合成林氏.,False
1097308,7009,林安丽,female,1803-01-01,1891-12-31,20,延,Rule-generated Stage7 member for 合成林氏.,False
1097309,7009,林国文,male,1804-01-01,1877-12-31,20,延,Rule-generated Stage7 member for 合成林氏.,False
1097310,7009,林慧芳,female,1799-01-01,1866-12-31,20,延,Rule-generated Stage7 member for 合成林氏.,False
1097311,7009,林延伟,male,1804-01-01,1901-12-31,20,延,Rule-generated Stage7 member for 合成林氏.,False
1097312,7009,林延清,female,1802-01-01,1874-12-31,20,延,Rule-generated Stage7 member for 合成林氏.,False
1097313,7009,林伟,male,1800-01-01,1869-12-31,20,延,Rule-generated Stage7 member for 合成林氏.,False
1097314,7009,林延清,female,1804-01-01,1842-12-31,20,延,Rule-generated Stage7 member for 合成林氏.,False
1097315,7009,林延强,male,1805-01-01,1872-12-31,20,延,Rule-generated Stage7 member for 合成林氏.,False
1097316,7009,林延梅,female,1804-01-01,1875-12-31,20,延,Rule-generated Stage7 member for 合成林氏.,False
1097317,7009,林世德,male,1803-01-01,1881-12-31,20,延,Rule-generated Stage7 member for 合成林氏.,False
1097318,7009,林延芳,female,1804-01-01,1843-12-31,20,延,Rule-generated Stage7 member for 合成林氏.,False
1097319,7009,林延宗,male,1799-01-01,1888-12-31,20,延,Rule-generated Stage7 member for 合成林氏.,False
1097320,7009,林延玉,female,1800-01-01,1873-12-31,20,延,Rule-generated Stage7 member for 合成林氏.,False
1097321,7009,林华,male,1802-01-01,1900-12-31,20,延,Rule-generated Stage7 member for 合成林氏.,False
1097322,7009,林延宁,female,1802-01-01,1876-12-31,20,延,Rule-generated Stage7 member for 合成林氏.,False
1097323,7009,林华,male,1801-01-01,1826-12-31,20,延,Rule-generated Stage7 member for 合成林氏.,False
1097324,7009,林敏,female,1804-01-01,1890-12-31,20,延,Rule-generated Stage7 member for 合成林氏.,False
1097325,7009,林延德,male,1804-01-01,1888-12-31,20,延,Rule-generated Stage7 member for 合成林氏.,False
1097326,7009,林延雅,female,1803-01-01,1860-12-31,20,延,Rule-generated Stage7 member for 合成林氏.,False
1097327,7009,林德文,male,1805-01-01,1908-12-31,20,延,Rule-generated Stage7 member for 合成林氏.,False
1097328,7009,林清雅,female,1803-01-01,1862-12-31,20,延,Rule-generated Stage7 member for 合成林氏.,False
1097329,7009,林延成,male,1800-01-01,1853-12-31,20,延,Rule-generated Stage7 member for 合成林氏.,False
1097330,7009,林延宁,female,1802-01-01,1891-12-31,20,延,Rule-generated Stage7 member for 合成林氏.,False
1097331,7009,林延世,male,1804-01-01,1879-12-31,20,延,Rule-generated Stage7 member for 合成林氏.,False
1097332,7009,林延敏,female,1804-01-01,1881-12-31,20,延,Rule-generated Stage7 member for 合成林氏.,False
1097333,7009,林延世,male,1803-01-01,1876-12-31,20,延,Rule-generated Stage7 member for 合成林氏.,False
1097334,7009,林延敏,female,1801-01-01,1848-12-31,20,延,Rule-generated Stage7 member for 合成林氏.,False
1097335,7009,林强国,male,1800-01-01,1868-12-31,20,延,Rule-generated Stage7 member for 合成林氏.,False
1097336,7009,林延华,female,1799-01-01,1898-12-31,20,延,Rule-generated Stage7 member for 合成林氏.,False
1097337,7009,林延伟,male,1805-01-01,1844-12-31,20,延,Rule-generated Stage7 member for 合成林氏.,False
1097338,7009,林延丽,female,1805-01-01,1909-12-31,20,延,Rule-generated Stage7 member for 合成林氏.,False
1097339,7009,林延文,male,1805-01-01,1857-12-31,20,延,Rule-generated Stage7 member for 合成林氏.,False
1097340,7009,林清兰,female,1804-01-01,1877-12-31,20,延,Rule-generated Stage7 member for 合成林氏.,False
1097341,7009,林延承,male,1805-01-01,1903-12-31,20,延,Rule-generated Stage7 member for 合成林氏.,False
1097342,7009,林华,female,1800-01-01,1867-12-31,20,延,Rule-generated Stage7 member for 合成林氏.,False
1097343,7009,林德成,male,1804-01-01,1864-12-31,20,延,Rule-generated Stage7 member for 合成林氏.,False
1097344,7009,林华丽,female,1802-01-01,1876-12-31,20,延,Rule-generated Stage7 member for 合成林氏.,False
1097345,7009,林强,male,1805-01-01,1887-12-31,20,延,Rule-generated Stage7 member for 合成林氏.,False
1097346,7009,林延华,female,1802-01-01,1862-12-31,20,延,Rule-generated Stage7 member for 合成林氏.,False
1097347,7009,林景安,male,1802-01-01,1904-12-31,20,延,Rule-generated Stage7 member for 合成林氏.,False
1097348,7009,林延慧,female,1800-01-01,1866-12-31,20,延,Rule-generated Stage7 member for 合成林氏.,False
1097349,7009,林强世,male,1799-01-01,1842-12-31,20,延,Rule-generated Stage7 member for 合成林氏.,False
1097350,7009,林丽,female,1800-01-01,1874-12-31,20,延,Rule-generated Stage7 member for 合成林氏.,False
1097351,7009,林宗强,male,1805-01-01,1882-12-31,20,延,Rule-generated Stage7 member for 合成林氏.,False
1097352,7009,林清宁,female,1803-01-01,1838-12-31,20,延,Rule-generated Stage7 member for 合成林氏.,False
1097353,7009,林延景,male,1803-01-01,1883-12-31,20,延,Rule-generated Stage7 member for 合成林氏.,False
1097354,7009,林延敏,female,1800-01-01,1855-12-31,20,延,Rule-generated Stage7 member for 合成林氏.,False
1097355,7009,林延成,male,1803-01-01,1866-12-31,20,延,Rule-generated Stage7 member for 合成林氏.,False
1097356,7009,林延雅,female,1801-01-01,1844-12-31,20,延,Rule-generated Stage7 member for 合成林氏.,False
1097357,7009,林延安,male,1805-01-01,1891-12-31,20,延,Rule-generated Stage7 member for 合成林氏.,False
1097358,7009,林延雅,female,1801-01-01,1861-12-31,20,延,Rule-generated Stage7 member for 合成林氏.,False
1097359,7009,林延国,male,1802-01-01,1838-12-31,20,延,Rule-generated Stage7 member for 合成林氏.,False
1097360,7009,林延安,female,1804-01-01,1902-12-31,20,延,Rule-generated Stage7 member for 合成林氏.,False
1097361,7009,林延文,male,1805-01-01,1851-12-31,20,延,Rule-generated Stage7 member for 合成林氏.,False
1097362,7009,林延敏,female,1803-01-01,1853-12-31,20,延,Rule-generated Stage7 member for 合成林氏.,False
1097363,7009,林明文,male,1802-01-01,1851-12-31,20,延,Rule-generated Stage7 member for 合成林氏.,False
1097364,7009,林敏,female,1802-01-01,1857-12-31,20,延,Rule-generated Stage7 member for 合成林氏.,False
1097365,7009,林延承,male,1802-01-01,1861-12-31,20,延,Rule-generated Stage7 member for 合成林氏.,False
1097366,7009,林延玉,female,1800-01-01,1874-12-31,20,延,Rule-generated Stage7 member for 合成林氏.,False
1097367,7009,林德成,male,1803-01-01,1886-12-31,20,延,Rule-generated Stage7 member for 合成林氏.,False
1097368,7009,林梅雅,female,1800-01-01,1877-12-31,20,延,Rule-generated Stage7 member for 合成林氏.,False
1097369,7009,林明安,male,1802-01-01,1876-12-31,20,延,Rule-generated Stage7 member for 合成林氏.,False
1097370,7009,林延慧,female,1802-01-01,1857-12-31,20,延,Rule-generated Stage7 member for 合成林氏.,False
1097371,7009,林延世,male,1802-01-01,1837-12-31,20,延,Rule-generated Stage7 member for 合成林氏.,False
1097372,7009,林延兰,female,1805-01-01,1863-12-31,20,延,Rule-generated Stage7 member for 合成林氏.,False
1097373,7009,林强德,male,1805-01-01,1833-12-31,20,延,Rule-generated Stage7 member for 合成林氏.,False
1097374,7009,林延敏,female,1805-01-01,1903-12-31,20,延,Rule-generated Stage7 member for 合成林氏.,False
1097375,7009,林延德,male,1803-01-01,1871-12-31,20,延,Rule-generated Stage7 member for 合成林氏.,False
1097376,7009,林芳安,female,1802-01-01,1889-12-31,20,延,Rule-generated Stage7 member for 合成林氏.,False
1097377,7009,林延文,male,1800-01-01,1871-12-31,20,延,Rule-generated Stage7 member for 合成林氏.,False
1097378,7009,林延兰,female,1805-01-01,1840-12-31,20,延,Rule-generated Stage7 member for 合成林氏.,False
1097379,7009,林德承,male,1804-01-01,1864-12-31,20,延,Rule-generated Stage7 member for 合成林氏.,False
1097380,7009,林延敏,female,1804-01-01,1849-12-31,20,延,Rule-generated Stage7 member for 合成林氏.,False
1097381,7009,林伟德,male,1801-01-01,1860-12-31,20,延,Rule-generated Stage7 member for 合成林氏.,False
1097382,7009,林延梅,female,1803-01-01,1884-12-31,20,延,Rule-generated Stage7 member for 合成林氏.,False
1097383,7009,林景明,male,1805-01-01,1888-12-31,20,延,Rule-generated Stage7 member for 合成林氏.,False
1097384,7009,林敏清,female,1804-01-01,1851-12-31,20,延,Rule-generated Stage7 member for 合成林氏.,False
1097385,7009,林延承,male,1803-01-01,1880-12-31,20,延,Rule-generated Stage7 member for 合成林氏.,False
1097386,7009,林延宁,female,1799-01-01,1846-12-31,20,延,Rule-generated Stage7 member for 合成林氏.,False
1097387,7009,林延明,male,1800-01-01,1850-12-31,20,延,Rule-generated Stage7 member for 合成林氏.,False
1097388,7009,林梅丽,female,1801-01-01,1871-12-31,20,延,Rule-generated Stage7 member for 合成林氏.,False
1097389,7009,林成德,male,1804-01-01,1864-12-31,20,延,Rule-generated Stage7 member for 合成林氏.,False
1097390,7009,林延清,female,1803-01-01,1909-12-31,20,延,Rule-generated Stage7 member for 合成林氏.,False
1097391,7009,林延承,male,1803-01-01,1864-12-31,20,延,Rule-generated Stage7 member for 合成林氏.,False
1097392,7009,林华,female,1804-01-01,1876-12-31,20,延,Rule-generated Stage7 member for 合成林氏.,False
1097393,7009,林延国,male,1801-01-01,1869-12-31,20,延,Rule-generated Stage7 member for 合成林氏.,False
1097394,7009,林敏兰,female,1802-01-01,1836-12-31,20,延,Rule-generated Stage7 member for 合成林氏.,False
1097395,7009,林延安,male,1800-01-01,1834-12-31,20,延,Rule-generated Stage7 member for 合成林氏.,False
1097396,7009,林延安,female,1799-01-01,1874-12-31,20,延,Rule-generated Stage7 member for 合成林氏.,False
1097397,7009,林延成,male,1804-01-01,1884-12-31,20,延,Rule-generated Stage7 member for 合成林氏.,False
1097398,7009,林延芳,female,1805-01-01,1880-12-31,20,延,Rule-generated Stage7 member for 合成林氏.,False
1097399,7009,林延强,male,1804-01-01,1876-12-31,20,延,Rule-generated Stage7 member for 合成林氏.,False
1097400,7009,林延芳,female,1801-01-01,1869-12-31,20,延,Rule-generated Stage7 member for 合成林氏.,False
1097401,7009,林延伟,male,1801-01-01,1846-12-31,20,延,Rule-generated Stage7 member for 合成林氏.,False
1097402,7009,林雅宁,female,1805-01-01,1885-12-31,20,延,Rule-generated Stage7 member for 合成林氏.,False
1097403,7009,林延伟,male,1802-01-01,1891-12-31,20,延,Rule-generated Stage7 member for 合成林氏.,False
1097404,7009,林延清,female,1800-01-01,1876-12-31,20,延,Rule-generated Stage7 member for 合成林氏.,False
1097405,7009,林延世,male,1801-01-01,1856-12-31,20,延,Rule-generated Stage7 member for 合成林氏.,False
1097406,7009,林延兰,female,1800-01-01,1884-12-31,20,延,Rule-generated Stage7 member for 合成林氏.,False
1097407,7009,林强,male,1802-01-01,1868-12-31,20,延,Rule-generated Stage7 member for 合成林氏.,False
1097408,7009,林梅玉,female,1805-01-01,1869-12-31,20,延,Rule-generated Stage7 member for 合成林氏.,False
1097409,7009,林延伟,male,1805-01-01,1863-12-31,20,延,Rule-generated Stage7 member for 合成林氏.,False
1097410,7009,林延敏,female,1803-01-01,1875-12-31,20,延,Rule-generated Stage7 member for 合成林氏.,False
1097411,7009,林强,male,1800-01-01,1866-12-31,20,延,Rule-generated Stage7 member for 合成林氏.,False
1097412,7009,林华华,female,1803-01-01,1888-12-31,20,延,Rule-generated Stage7 member for 合成林氏.,False
1097413,7009,林国明,male,1802-01-01,1857-12-31,20,延,Rule-generated Stage7 member for 合成林氏.,False
1097414,7009,林延兰,female,1802-01-01,1900-12-31,20,延,Rule-generated Stage7 member for 合成林氏.,False
1097415,7009,林华,male,1805-01-01,1870-12-31,20,延,Rule-generated Stage7 member for 合成林氏.,False
1097416,7009,林丽清,female,1804-01-01,1875-12-31,20,延,Rule-generated Stage7 member for 合成林氏.,False
1097417,7009,林延强,male,1799-01-01,1890-12-31,20,延,Rule-generated Stage7 member for 合成林氏.,False
1097418,7009,林延清,female,1799-01-01,1823-12-31,20,延,Rule-generated Stage7 member for 合成林氏.,False
1097419,7009,林延宗,male,1802-01-01,1852-12-31,20,延,Rule-generated Stage7 member for 合成林氏.,False
1097420,7009,林德伟,male,1825-01-01,1893-12-31,21,德,Rule-generated Stage7 member for 合成林氏.,False
1097421,7009,林丽敏,female,1825-01-01,1904-12-31,21,德,Rule-generated Stage7 member for 合成林氏.,False
1097422,7009,林德安,male,1823-01-01,1903-12-31,21,德,Rule-generated Stage7 member for 合成林氏.,False
1097423,7009,林德雅,female,1821-01-01,1892-12-31,21,德,Rule-generated Stage7 member for 合成林氏.,False
1097424,7009,林德景,male,1826-01-01,1869-12-31,21,德,Rule-generated Stage7 member for 合成林氏.,False
1097425,7009,林丽,female,1822-01-01,1889-12-31,21,德,Rule-generated Stage7 member for 合成林氏.,False
1097426,7009,林国文,male,1825-01-01,1929-12-31,21,德,Rule-generated Stage7 member for 合成林氏.,False
1097427,7009,林德玉,female,1821-01-01,1895-12-31,21,德,Rule-generated Stage7 member for 合成林氏.,False
1097428,7009,林德明,male,1826-01-01,1877-12-31,21,德,Rule-generated Stage7 member for 合成林氏.,False
1097429,7009,林德安,female,1823-01-01,1864-12-31,21,德,Rule-generated Stage7 member for 合成林氏.,False
1097430,7009,林伟,male,1825-01-01,1876-12-31,21,德,Rule-generated Stage7 member for 合成林氏.,False
1097431,7009,林慧兰,female,1820-01-01,1901-12-31,21,德,Rule-generated Stage7 member for 合成林氏.,False
1097432,7009,林强德,male,1826-01-01,1872-12-31,21,德,Rule-generated Stage7 member for 合成林氏.,False
1097433,7009,林清梅,female,1820-01-01,1911-12-31,21,德,Rule-generated Stage7 member for 合成林氏.,False
1097434,7009,林德安,male,1825-01-01,1899-12-31,21,德,Rule-generated Stage7 member for 合成林氏.,False
1097435,7009,林德华,female,1822-01-01,1845-12-31,21,德,Rule-generated Stage7 member for 合成林氏.,False
1097436,7009,林伟,male,1823-01-01,1896-12-31,21,德,Rule-generated Stage7 member for 合成林氏.,False
1097437,7009,林敏,female,1826-01-01,1895-12-31,21,德,Rule-generated Stage7 member for 合成林氏.,False
1097438,7009,林德承,male,1825-01-01,1873-12-31,21,德,Rule-generated Stage7 member for 合成林氏.,False
1097439,7009,林玉丽,female,1825-01-01,1896-12-31,21,德,Rule-generated Stage7 member for 合成林氏.,False
1097440,7009,林德强,male,1825-01-01,1885-12-31,21,德,Rule-generated Stage7 member for 合成林氏.,False
1097441,7009,林清玉,female,1820-01-01,1880-12-31,21,德,Rule-generated Stage7 member for 合成林氏.,False
1097442,7009,林德文,male,1820-01-01,1900-12-31,21,德,Rule-generated Stage7 member for 合成林氏.,False
1097443,7009,林明,female,1825-01-01,1880-12-31,21,德,Rule-generated Stage7 member for 合成林氏.,False
1097444,7009,林德成,male,1822-01-01,1908-12-31,21,德,Rule-generated Stage7 member for 合成林氏.,False
1097445,7009,林德华,female,1824-01-01,1849-12-31,21,德,Rule-generated Stage7 member for 合成林氏.,False
1097446,7009,林伟,male,1824-01-01,1903-12-31,21,德,Rule-generated Stage7 member for 合成林氏.,False
1097447,7009,林华,female,1820-01-01,1915-12-31,21,德,Rule-generated Stage7 member for 合成林氏.,False
1097448,7009,林德承,male,1823-01-01,1872-12-31,21,德,Rule-generated Stage7 member for 合成林氏.,False
1097449,7009,林德雅,female,1823-01-01,1919-12-31,21,德,Rule-generated Stage7 member for 合成林氏.,False
1097450,7009,林德国,male,1824-01-01,1910-12-31,21,德,Rule-generated Stage7 member for 合成林氏.,False
1097451,7009,林伟,female,1823-01-01,1900-12-31,21,德,Rule-generated Stage7 member for 合成林氏.,False
1097452,7009,林德世,male,1822-01-01,1876-12-31,21,德,Rule-generated Stage7 member for 合成林氏.,False
1097453,7009,林德芳,female,1822-01-01,1873-12-31,21,德,Rule-generated Stage7 member for 合成林氏.,False
1097454,7009,林德成,male,1820-01-01,1883-12-31,21,德,Rule-generated Stage7 member for 合成林氏.,False
1097455,7009,林德安,female,1825-01-01,1905-12-31,21,德,Rule-generated Stage7 member for 合成林氏.,False
1097456,7009,林德德,male,1825-01-01,1899-12-31,21,德,Rule-generated Stage7 member for 合成林氏.,False
1097457,7009,林德梅,female,1821-01-01,1895-12-31,21,德,Rule-generated Stage7 member for 合成林氏.,False
1097458,7009,林强,male,1822-01-01,1855-12-31,21,德,Rule-generated Stage7 member for 合成林氏.,False
1097459,7009,林德兰,female,1825-01-01,1892-12-31,21,德,Rule-generated Stage7 member for 合成林氏.,False
1097460,7009,林强伟,male,1820-01-01,1905-12-31,21,德,Rule-generated Stage7 member for 合成林氏.,False
1097461,7009,林玉敏,female,1820-01-01,1894-12-31,21,德,Rule-generated Stage7 member for 合成林氏.,False
1097462,7009,林文景,male,1823-01-01,1927-12-31,21,德,Rule-generated Stage7 member for 合成林氏.,False
1097463,7009,林明,female,1825-01-01,1866-12-31,21,德,Rule-generated Stage7 member for 合成林氏.,False
1097464,7009,林德国,male,1826-01-01,1913-12-31,21,德,Rule-generated Stage7 member for 合成林氏.,False
1097465,7009,林德兰,female,1824-01-01,1855-12-31,21,德,Rule-generated Stage7 member for 合成林氏.,False
1097466,7009,林德安,male,1823-01-01,1883-12-31,21,德,Rule-generated Stage7 member for 合成林氏.,False
1097467,7009,林德敏,female,1823-01-01,1883-12-31,21,德,Rule-generated Stage7 member for 合成林氏.,False
1097468,7009,林伟,male,1822-01-01,1909-12-31,21,德,Rule-generated Stage7 member for 合成林氏.,False
1097469,7009,林德慧,female,1823-01-01,1909-12-31,21,德,Rule-generated Stage7 member for 合成林氏.,False
1097470,7009,林伟宗,male,1826-01-01,1887-12-31,21,德,Rule-generated Stage7 member for 合成林氏.,False
1097471,7009,林玉安,female,1821-01-01,1840-12-31,21,德,Rule-generated Stage7 member for 合成林氏.,False
1097472,7009,林德德,male,1820-01-01,1904-12-31,21,德,Rule-generated Stage7 member for 合成林氏.,False
1097473,7009,林伟,female,1825-01-01,1875-12-31,21,德,Rule-generated Stage7 member for 合成林氏.,False
1097474,7009,林明,male,1824-01-01,1871-12-31,21,德,Rule-generated Stage7 member for 合成林氏.,False
1097475,7009,林敏敏,female,1824-01-01,1923-12-31,21,德,Rule-generated Stage7 member for 合成林氏.,False
1097476,7009,林国世,male,1823-01-01,1864-12-31,21,德,Rule-generated Stage7 member for 合成林氏.,False
1097477,7009,林敏芳,female,1824-01-01,1889-12-31,21,德,Rule-generated Stage7 member for 合成林氏.,False
1097478,7009,林世文,male,1821-01-01,1847-12-31,21,德,Rule-generated Stage7 member for 合成林氏.,False
1097479,7009,林慧安,female,1822-01-01,1904-12-31,21,德,Rule-generated Stage7 member for 合成林氏.,False
1097480,7009,林国明,male,1826-01-01,1896-12-31,21,德,Rule-generated Stage7 member for 合成林氏.,False
1097481,7009,林慧敏,female,1820-01-01,1871-12-31,21,德,Rule-generated Stage7 member for 合成林氏.,False
1097482,7009,林德景,male,1826-01-01,1899-12-31,21,德,Rule-generated Stage7 member for 合成林氏.,False
1097483,7009,林德丽,female,1820-01-01,1905-12-31,21,德,Rule-generated Stage7 member for 合成林氏.,False
1097484,7009,林德景,male,1825-01-01,1882-12-31,21,德,Rule-generated Stage7 member for 合成林氏.,False
1097485,7009,林德梅,female,1824-01-01,1873-12-31,21,德,Rule-generated Stage7 member for 合成林氏.,False
1097486,7009,林德景,male,1823-01-01,1889-12-31,21,德,Rule-generated Stage7 member for 合成林氏.,False
1097487,7009,林德兰,female,1823-01-01,1899-12-31,21,德,Rule-generated Stage7 member for 合成林氏.,False
1097488,7009,林德成,male,1822-01-01,1896-12-31,21,德,Rule-generated Stage7 member for 合成林氏.,False
1097489,7009,林明,female,1823-01-01,1892-12-31,21,德,Rule-generated Stage7 member for 合成林氏.,False
1097490,7009,林丽,male,1822-01-01,1900-12-31,21,德,Rule-generated Stage7 member for 合成林氏.,False
1097491,7009,林德丽,female,1825-01-01,1897-12-31,21,德,Rule-generated Stage7 member for 合成林氏.,False
1097492,7009,林德安,male,1826-01-01,1909-12-31,21,德,Rule-generated Stage7 member for 合成林氏.,False
1097493,7009,林玉敏,female,1824-01-01,1897-12-31,21,德,Rule-generated Stage7 member for 合成林氏.,False
1097494,7009,林宗明,male,1822-01-01,1906-12-31,21,德,Rule-generated Stage7 member for 合成林氏.,False
1097495,7009,林玉宁,female,1820-01-01,1857-12-31,21,德,Rule-generated Stage7 member for 合成林氏.,False
1097496,7009,林明世,male,1820-01-01,1882-12-31,21,德,Rule-generated Stage7 member for 合成林氏.,False
1097497,7009,林强,female,1826-01-01,1930-12-31,21,德,Rule-generated Stage7 member for 合成林氏.,False
1097498,7009,林德文,male,1820-01-01,1905-12-31,21,德,Rule-generated Stage7 member for 合成林氏.,False
1097499,7009,林华,female,1823-01-01,1902-12-31,21,德,Rule-generated Stage7 member for 合成林氏.,False
1097500,7009,林伟景,male,1826-01-01,1883-12-31,21,德,Rule-generated Stage7 member for 合成林氏.,False
1097501,7009,林德玉,female,1820-01-01,1890-12-31,21,德,Rule-generated Stage7 member for 合成林氏.,False
1097502,7009,林德强,male,1823-01-01,1884-12-31,21,德,Rule-generated Stage7 member for 合成林氏.,False
1097503,7009,林梅芳,female,1823-01-01,1869-12-31,21,德,Rule-generated Stage7 member for 合成林氏.,False
1097504,7009,林成安,male,1820-01-01,1896-12-31,21,德,Rule-generated Stage7 member for 合成林氏.,False
1097505,7009,林华梅,female,1821-01-01,1882-12-31,21,德,Rule-generated Stage7 member for 合成林氏.,False
1097506,7009,林德安,male,1820-01-01,1913-12-31,21,德,Rule-generated Stage7 member for 合成林氏.,False
1097507,7009,林伟,female,1826-01-01,1908-12-31,21,德,Rule-generated Stage7 member for 合成林氏.,False
1097508,7009,林德世,male,1820-01-01,1909-12-31,21,德,Rule-generated Stage7 member for 合成林氏.,False
1097509,7009,林雅兰,female,1820-01-01,1872-12-31,21,德,Rule-generated Stage7 member for 合成林氏.,False
1097510,7009,林华,male,1825-01-01,1908-12-31,21,德,Rule-generated Stage7 member for 合成林氏.,False
1097511,7009,林德清,female,1822-01-01,1870-12-31,21,德,Rule-generated Stage7 member for 合成林氏.,False
1097512,7009,林国伟,male,1821-01-01,1899-12-31,21,德,Rule-generated Stage7 member for 合成林氏.,False
1097513,7009,林德兰,female,1826-01-01,1877-12-31,21,德,Rule-generated Stage7 member for 合成林氏.,False
1097514,7009,林成德,male,1824-01-01,1901-12-31,21,德,Rule-generated Stage7 member for 合成林氏.,False
1097515,7009,林德玉,female,1825-01-01,1887-12-31,21,德,Rule-generated Stage7 member for 合成林氏.,False
1097516,7009,林明伟,male,1823-01-01,1891-12-31,21,德,Rule-generated Stage7 member for 合成林氏.,False
1097517,7009,林德玉,female,1822-01-01,1864-12-31,21,德,Rule-generated Stage7 member for 合成林氏.,False
1097518,7009,林德景,male,1821-01-01,1877-12-31,21,德,Rule-generated Stage7 member for 合成林氏.,False
1097519,7009,林慧芳,female,1820-01-01,1890-12-31,21,德,Rule-generated Stage7 member for 合成林氏.,False
1097520,7009,林德文,male,1825-01-01,1905-12-31,21,德,Rule-generated Stage7 member for 合成林氏.,False
1097521,7009,林德兰,female,1823-01-01,1859-12-31,21,德,Rule-generated Stage7 member for 合成林氏.,False
1097522,7009,林德明,male,1821-01-01,1854-12-31,21,德,Rule-generated Stage7 member for 合成林氏.,False
1097523,7009,林雅兰,female,1820-01-01,1892-12-31,21,德,Rule-generated Stage7 member for 合成林氏.,False
1097524,7009,林仁德,male,1843-01-01,1940-12-31,22,仁,Rule-generated Stage7 member for 合成林氏.,False
1097525,7009,林慧玉,female,1841-01-01,1901-12-31,22,仁,Rule-generated Stage7 member for 合成林氏.,False
1097526,7009,林仁文,male,1847-01-01,1903-12-31,22,仁,Rule-generated Stage7 member for 合成林氏.,False
1097527,7009,林清雅,female,1841-01-01,1937-12-31,22,仁,Rule-generated Stage7 member for 合成林氏.,False
1097528,7009,林伟文,male,1847-01-01,1936-12-31,22,仁,Rule-generated Stage7 member for 合成林氏.,False
1097529,7009,林仁兰,female,1847-01-01,1926-12-31,22,仁,Rule-generated Stage7 member for 合成林氏.,False
1097530,7009,林仁伟,male,1841-01-01,1923-12-31,22,仁,Rule-generated Stage7 member for 合成林氏.,False
1097531,7009,林仁梅,female,1846-01-01,1915-12-31,22,仁,Rule-generated Stage7 member for 合成林氏.,False
1097532,7009,林仁世,male,1845-01-01,1918-12-31,22,仁,Rule-generated Stage7 member for 合成林氏.,False
1097533,7009,林仁宁,female,1841-01-01,1922-12-31,22,仁,Rule-generated Stage7 member for 合成林氏.,False
1097534,7009,林仁文,male,1846-01-01,1876-12-31,22,仁,Rule-generated Stage7 member for 合成林氏.,False
1097535,7009,林仁芳,female,1842-01-01,1923-12-31,22,仁,Rule-generated Stage7 member for 合成林氏.,False
1097536,7009,林仁德,male,1847-01-01,1901-12-31,22,仁,Rule-generated Stage7 member for 合成林氏.,False
1097537,7009,林芳安,female,1845-01-01,1927-12-31,22,仁,Rule-generated Stage7 member for 合成林氏.,False
1097538,7009,林仁世,male,1844-01-01,1900-12-31,22,仁,Rule-generated Stage7 member for 合成林氏.,False
1097539,7009,林仁雅,female,1847-01-01,1916-12-31,22,仁,Rule-generated Stage7 member for 合成林氏.,False
1097540,7009,林世承,male,1842-01-01,1927-12-31,22,仁,Rule-generated Stage7 member for 合成林氏.,False
1097541,7009,林强,female,1846-01-01,1934-12-31,22,仁,Rule-generated Stage7 member for 合成林氏.,False
1097542,7009,林敏,male,1843-01-01,1915-12-31,22,仁,Rule-generated Stage7 member for 合成林氏.,False
1097543,7009,林仁玉,female,1841-01-01,1864-12-31,22,仁,Rule-generated Stage7 member for 合成林氏.,False
1097544,7009,林仁安,male,1844-01-01,1924-12-31,22,仁,Rule-generated Stage7 member for 合成林氏.,False
1097545,7009,林雅梅,female,1841-01-01,1886-12-31,22,仁,Rule-generated Stage7 member for 合成林氏.,False
1097546,7009,林明,male,1843-01-01,1922-12-31,22,仁,Rule-generated Stage7 member for 合成林氏.,False
1097547,7009,林仁敏,female,1846-01-01,1930-12-31,22,仁,Rule-generated Stage7 member for 合成林氏.,False
1097548,7009,林世宗,male,1847-01-01,1901-12-31,22,仁,Rule-generated Stage7 member for 合成林氏.,False
1097549,7009,林仁华,female,1847-01-01,1911-12-31,22,仁,Rule-generated Stage7 member for 合成林氏.,False
1097550,7009,林仁文,male,1846-01-01,1907-12-31,22,仁,Rule-generated Stage7 member for 合成林氏.,False
1097551,7009,林清芳,female,1845-01-01,1886-12-31,22,仁,Rule-generated Stage7 member for 合成林氏.,False
1097552,7009,林仁文,male,1847-01-01,1943-12-31,22,仁,Rule-generated Stage7 member for 合成林氏.,False
1097553,7009,林兰玉,female,1847-01-01,1901-12-31,22,仁,Rule-generated Stage7 member for 合成林氏.,False
1097554,7009,林仁德,male,1847-01-01,1941-12-31,22,仁,Rule-generated Stage7 member for 合成林氏.,False
1097555,7009,林仁芳,female,1845-01-01,1930-12-31,22,仁,Rule-generated Stage7 member for 合成林氏.,False
1097556,7009,林仁景,male,1844-01-01,1905-12-31,22,仁,Rule-generated Stage7 member for 合成林氏.,False
1097557,7009,林华,female,1844-01-01,1896-12-31,22,仁,Rule-generated Stage7 member for 合成林氏.,False
1097558,7009,林仁文,male,1845-01-01,1926-12-31,22,仁,Rule-generated Stage7 member for 合成林氏.,False
1097559,7009,林明,female,1846-01-01,1905-12-31,22,仁,Rule-generated Stage7 member for 合成林氏.,False
1097560,7009,林仁世,male,1844-01-01,1868-12-31,22,仁,Rule-generated Stage7 member for 合成林氏.,False
1097561,7009,林丽慧,female,1842-01-01,1896-12-31,22,仁,Rule-generated Stage7 member for 合成林氏.,False
1097562,7009,林仁文,male,1841-01-01,1875-12-31,22,仁,Rule-generated Stage7 member for 合成林氏.,False
1097563,7009,林仁慧,female,1842-01-01,1915-12-31,22,仁,Rule-generated Stage7 member for 合成林氏.,False
1097564,7009,林伟德,male,1843-01-01,1908-12-31,22,仁,Rule-generated Stage7 member for 合成林氏.,False
1097565,7009,林明,female,1845-01-01,1882-12-31,22,仁,Rule-generated Stage7 member for 合成林氏.,False
1097566,7009,林仁伟,male,1844-01-01,1930-12-31,22,仁,Rule-generated Stage7 member for 合成林氏.,False
1097567,7009,林清敏,female,1847-01-01,1924-12-31,22,仁,Rule-generated Stage7 member for 合成林氏.,False
1097568,7009,林文德,male,1844-01-01,1916-12-31,22,仁,Rule-generated Stage7 member for 合成林氏.,False
1097569,7009,林仁慧,female,1846-01-01,1913-12-31,22,仁,Rule-generated Stage7 member for 合成林氏.,False
1097570,7009,林景德,male,1846-01-01,1932-12-31,22,仁,Rule-generated Stage7 member for 合成林氏.,False
1097571,7009,林华玉,female,1846-01-01,1891-12-31,22,仁,Rule-generated Stage7 member for 合成林氏.,False
1097572,7009,林仁强,male,1847-01-01,1913-12-31,22,仁,Rule-generated Stage7 member for 合成林氏.,False
1097573,7009,林丽清,female,1841-01-01,1881-12-31,22,仁,Rule-generated Stage7 member for 合成林氏.,False
1097574,7009,林仁强,male,1841-01-01,1922-12-31,22,仁,Rule-generated Stage7 member for 合成林氏.,False
1097575,7009,林仁玉,female,1842-01-01,1930-12-31,22,仁,Rule-generated Stage7 member for 合成林氏.,False
1097576,7009,林宗文,male,1844-01-01,1897-12-31,22,仁,Rule-generated Stage7 member for 合成林氏.,False
1097577,7009,林安敏,female,1845-01-01,1871-12-31,22,仁,Rule-generated Stage7 member for 合成林氏.,False
1097578,7009,林仁国,male,1846-01-01,1883-12-31,22,仁,Rule-generated Stage7 member for 合成林氏.,False
1097579,7009,林仁清,female,1843-01-01,1908-12-31,22,仁,Rule-generated Stage7 member for 合成林氏.,False
1097580,7009,林华,male,1844-01-01,1916-12-31,22,仁,Rule-generated Stage7 member for 合成林氏.,False
1097581,7009,林丽安,female,1843-01-01,1904-12-31,22,仁,Rule-generated Stage7 member for 合成林氏.,False
1097582,7009,林仁伟,male,1843-01-01,1882-12-31,22,仁,Rule-generated Stage7 member for 合成林氏.,False
1097583,7009,林芳芳,female,1847-01-01,1918-12-31,22,仁,Rule-generated Stage7 member for 合成林氏.,False
1097584,7009,林强承,male,1844-01-01,1873-12-31,22,仁,Rule-generated Stage7 member for 合成林氏.,False
1097585,7009,林华,female,1843-01-01,1922-12-31,22,仁,Rule-generated Stage7 member for 合成林氏.,False
1097586,7009,林仁承,male,1842-01-01,1927-12-31,22,仁,Rule-generated Stage7 member for 合成林氏.,False
1097587,7009,林仁兰,female,1844-01-01,1919-12-31,22,仁,Rule-generated Stage7 member for 合成林氏.,False
1097588,7009,林仁承,male,1843-01-01,1914-12-31,22,仁,Rule-generated Stage7 member for 合成林氏.,False
1097589,7009,林仁玉,female,1844-01-01,1937-12-31,22,仁,Rule-generated Stage7 member for 合成林氏.,False
1097590,7009,林国安,male,1842-01-01,1906-12-31,22,仁,Rule-generated Stage7 member for 合成林氏.,False
1097591,7009,林宁慧,female,1841-01-01,1886-12-31,22,仁,Rule-generated Stage7 member for 合成林氏.,False
1097592,7009,林成景,male,1847-01-01,1911-12-31,22,仁,Rule-generated Stage7 member for 合成林氏.,False
1097593,7009,林仁丽,female,1846-01-01,1911-12-31,22,仁,Rule-generated Stage7 member for 合成林氏.,False
1097594,7009,林仁德,male,1845-01-01,1925-12-31,22,仁,Rule-generated Stage7 member for 合成林氏.,False
1097595,7009,林丽,female,1844-01-01,1892-12-31,22,仁,Rule-generated Stage7 member for 合成林氏.,False
1097596,7009,林安文,male,1843-01-01,1893-12-31,22,仁,Rule-generated Stage7 member for 合成林氏.,False
1097597,7009,林伟,female,1846-01-01,1897-12-31,22,仁,Rule-generated Stage7 member for 合成林氏.,False
1097598,7009,林仁国,male,1842-01-01,1928-12-31,22,仁,Rule-generated Stage7 member for 合成林氏.,False
1097599,7009,林丽,female,1841-01-01,1920-12-31,22,仁,Rule-generated Stage7 member for 合成林氏.,False
1097600,7009,林仁宗,male,1844-01-01,1925-12-31,22,仁,Rule-generated Stage7 member for 合成林氏.,False
1097601,7009,林敏,female,1842-01-01,1919-12-31,22,仁,Rule-generated Stage7 member for 合成林氏.,False
1097602,7009,林承景,male,1843-01-01,1909-12-31,22,仁,Rule-generated Stage7 member for 合成林氏.,False
1097603,7009,林仁敏,female,1843-01-01,1943-12-31,22,仁,Rule-generated Stage7 member for 合成林氏.,False
1097604,7009,林宗文,male,1843-01-01,1903-12-31,22,仁,Rule-generated Stage7 member for 合成林氏.,False
1097605,7009,林敏,female,1844-01-01,1891-12-31,22,仁,Rule-generated Stage7 member for 合成林氏.,False
1097606,7009,林仁宗,male,1845-01-01,1898-12-31,22,仁,Rule-generated Stage7 member for 合成林氏.,False
1097607,7009,林仁芳,female,1846-01-01,1920-12-31,22,仁,Rule-generated Stage7 member for 合成林氏.,False
1097608,7009,林仁伟,male,1842-01-01,1923-12-31,22,仁,Rule-generated Stage7 member for 合成林氏.,False
1097609,7009,林丽,female,1842-01-01,1921-12-31,22,仁,Rule-generated Stage7 member for 合成林氏.,False
1097610,7009,林伟承,male,1844-01-01,1927-12-31,22,仁,Rule-generated Stage7 member for 合成林氏.,False
1097611,7009,林仁雅,female,1842-01-01,1930-12-31,22,仁,Rule-generated Stage7 member for 合成林氏.,False
1097612,7009,林强,male,1846-01-01,1951-12-31,22,仁,Rule-generated Stage7 member for 合成林氏.,False
1097613,7009,林仁芳,female,1847-01-01,1920-12-31,22,仁,Rule-generated Stage7 member for 合成林氏.,False
1097614,7009,林敏,male,1844-01-01,1918-12-31,22,仁,Rule-generated Stage7 member for 合成林氏.,False
1097615,7009,林仁丽,female,1845-01-01,1950-12-31,22,仁,Rule-generated Stage7 member for 合成林氏.,False
1097616,7009,林伟,male,1842-01-01,1882-12-31,22,仁,Rule-generated Stage7 member for 合成林氏.,False
1097617,7009,林仁雅,female,1842-01-01,1906-12-31,22,仁,Rule-generated Stage7 member for 合成林氏.,False
1097618,7009,林孝伟,male,1863-01-01,1941-12-31,23,孝,Rule-generated Stage7 member for 合成林氏.,False
1097619,7009,林孝华,female,1863-01-01,1921-12-31,23,孝,Rule-generated Stage7 member for 合成林氏.,False
1097620,7009,林孝国,male,1867-01-01,1965-12-31,23,孝,Rule-generated Stage7 member for 合成林氏.,False
1097621,7009,林兰丽,female,1863-01-01,1951-12-31,23,孝,Rule-generated Stage7 member for 合成林氏.,False
1097622,7009,林孝国,male,1863-01-01,1905-12-31,23,孝,Rule-generated Stage7 member for 合成林氏.,False
1097623,7009,林孝敏,female,1862-01-01,1915-12-31,23,孝,Rule-generated Stage7 member for 合成林氏.,False
1097624,7009,林孝承,male,1868-01-01,1896-12-31,23,孝,Rule-generated Stage7 member for 合成林氏.,False
1097625,7009,林清芳,female,1867-01-01,1943-12-31,23,孝,Rule-generated Stage7 member for 合成林氏.,False
1097626,7009,林伟,male,1868-01-01,1932-12-31,23,孝,Rule-generated Stage7 member for 合成林氏.,False
1097627,7009,林孝安,female,1864-01-01,1901-12-31,23,孝,Rule-generated Stage7 member for 合成林氏.,False
1097628,7009,林孝明,male,1868-01-01,1919-12-31,23,孝,Rule-generated Stage7 member for 合成林氏.,False
1097629,7009,林玉华,female,1866-01-01,1915-12-31,23,孝,Rule-generated Stage7 member for 合成林氏.,False
1097630,7009,林孝国,male,1863-01-01,1955-12-31,23,孝,Rule-generated Stage7 member for 合成林氏.,False
1097631,7009,林孝慧,female,1865-01-01,1916-12-31,23,孝,Rule-generated Stage7 member for 合成林氏.,False
1097632,7009,林承德,male,1867-01-01,1904-12-31,23,孝,Rule-generated Stage7 member for 合成林氏.,False
1097633,7009,林孝芳,female,1866-01-01,1920-12-31,23,孝,Rule-generated Stage7 member for 合成林氏.,False
1097634,7009,林宗德,male,1866-01-01,1955-12-31,23,孝,Rule-generated Stage7 member for 合成林氏.,False
1097635,7009,林华慧,female,1868-01-01,1961-12-31,23,孝,Rule-generated Stage7 member for 合成林氏.,False
1097636,7009,林孝承,male,1866-01-01,1914-12-31,23,孝,Rule-generated Stage7 member for 合成林氏.,False
1097637,7009,林敏雅,female,1867-01-01,1928-12-31,23,孝,Rule-generated Stage7 member for 合成林氏.,False
1097638,7009,林孝文,male,1866-01-01,1940-12-31,23,孝,Rule-generated Stage7 member for 合成林氏.,False
1097639,7009,林孝芳,female,1866-01-01,1912-12-31,23,孝,Rule-generated Stage7 member for 合成林氏.,False
1097640,7009,林明文,male,1868-01-01,1942-12-31,23,孝,Rule-generated Stage7 member for 合成林氏.,False
1097641,7009,林孝玉,female,1867-01-01,1914-12-31,23,孝,Rule-generated Stage7 member for 合成林氏.,False
1097642,7009,林孝宗,male,1863-01-01,1944-12-31,23,孝,Rule-generated Stage7 member for 合成林氏.,False
1097643,7009,林雅玉,female,1867-01-01,1921-12-31,23,孝,Rule-generated Stage7 member for 合成林氏.,False
1097644,7009,林丽,male,1865-01-01,1919-12-31,23,孝,Rule-generated Stage7 member for 合成林氏.,False
1097645,7009,林孝宁,female,1865-01-01,1922-12-31,23,孝,Rule-generated Stage7 member for 合成林氏.,False
1097646,7009,林宗明,male,1868-01-01,1956-12-31,23,孝,Rule-generated Stage7 member for 合成林氏.,False
1097647,7009,林孝慧,female,1866-01-01,1936-12-31,23,孝,Rule-generated Stage7 member for 合成林氏.,False
1097648,7009,林孝伟,male,1862-01-01,1923-12-31,23,孝,Rule-generated Stage7 member for 合成林氏.,False
1097649,7009,林敏丽,female,1865-01-01,1893-12-31,23,孝,Rule-generated Stage7 member for 合成林氏.,False
1097650,7009,林强景,male,1868-01-01,1948-12-31,23,孝,Rule-generated Stage7 member for 合成林氏.,False
1097651,7009,林丽敏,female,1865-01-01,1946-12-31,23,孝,Rule-generated Stage7 member for 合成林氏.,False
1097652,7009,林孝承,male,1862-01-01,1949-12-31,23,孝,Rule-generated Stage7 member for 合成林氏.,False
1097653,7009,林孝华,female,1865-01-01,1934-12-31,23,孝,Rule-generated Stage7 member for 合成林氏.,False
1097654,7009,林孝安,male,1864-01-01,1952-12-31,23,孝,Rule-generated Stage7 member for 合成林氏.,False
1097655,7009,林伟,female,1863-01-01,1902-12-31,23,孝,Rule-generated Stage7 member for 合成林氏.,False
1097656,7009,林孝德,male,1868-01-01,1928-12-31,23,孝,Rule-generated Stage7 member for 合成林氏.,False
1097657,7009,林孝兰,female,1862-01-01,1923-12-31,23,孝,Rule-generated Stage7 member for 合成林氏.,False
1097658,7009,林孝宗,male,1865-01-01,1937-12-31,23,孝,Rule-generated Stage7 member for 合成林氏.,False
1097659,7009,林伟,female,1866-01-01,1927-12-31,23,孝,Rule-generated Stage7 member for 合成林氏.,False
1097660,7009,林孝伟,male,1864-01-01,1905-12-31,23,孝,Rule-generated Stage7 member for 合成林氏.,False
1097661,7009,林孝慧,female,1865-01-01,1886-12-31,23,孝,Rule-generated Stage7 member for 合成林氏.,False
1097662,7009,林国宗,male,1863-01-01,1939-12-31,23,孝,Rule-generated Stage7 member for 合成林氏.,False
1097663,7009,林丽兰,female,1865-01-01,1933-12-31,23,孝,Rule-generated Stage7 member for 合成林氏.,False
1097664,7009,林世伟,male,1865-01-01,1926-12-31,23,孝,Rule-generated Stage7 member for 合成林氏.,False
1097665,7009,林敏,female,1864-01-01,1931-12-31,23,孝,Rule-generated Stage7 member for 合成林氏.,False
1097666,7009,林孝德,male,1862-01-01,1914-12-31,23,孝,Rule-generated Stage7 member for 合成林氏.,False
1097667,7009,林梅清,female,1864-01-01,1955-12-31,23,孝,Rule-generated Stage7 member for 合成林氏.,False
1097668,7009,林孝景,male,1865-01-01,1892-12-31,23,孝,Rule-generated Stage7 member for 合成林氏.,False
1097669,7009,林玉芳,female,1863-01-01,1953-12-31,23,孝,Rule-generated Stage7 member for 合成林氏.,False
1097670,7009,林文文,male,1868-01-01,1929-12-31,23,孝,Rule-generated Stage7 member for 合成林氏.,False
1097671,7009,林孝安,female,1867-01-01,1965-12-31,23,孝,Rule-generated Stage7 member for 合成林氏.,False
1097672,7009,林孝宗,male,1864-01-01,1954-12-31,23,孝,Rule-generated Stage7 member for 合成林氏.,False
1097673,7009,林宁清,female,1864-01-01,1914-12-31,23,孝,Rule-generated Stage7 member for 合成林氏.,False
1097674,7009,林孝成,male,1864-01-01,1936-12-31,23,孝,Rule-generated Stage7 member for 合成林氏.,False
1097675,7009,林孝敏,female,1868-01-01,1945-12-31,23,孝,Rule-generated Stage7 member for 合成林氏.,False
1097676,7009,林强文,male,1866-01-01,1962-12-31,23,孝,Rule-generated Stage7 member for 合成林氏.,False
1097677,7009,林孝雅,female,1862-01-01,1899-12-31,23,孝,Rule-generated Stage7 member for 合成林氏.,False
1097678,7009,林承国,male,1867-01-01,1970-12-31,23,孝,Rule-generated Stage7 member for 合成林氏.,False
1097679,7009,林雅华,female,1868-01-01,1921-12-31,23,孝,Rule-generated Stage7 member for 合成林氏.,False
1097680,7009,林孝世,male,1867-01-01,1938-12-31,23,孝,Rule-generated Stage7 member for 合成林氏.,False
1097681,7009,林丽雅,female,1868-01-01,1959-12-31,23,孝,Rule-generated Stage7 member for 合成林氏.,False
1097682,7009,林孝成,male,1863-01-01,1947-12-31,23,孝,Rule-generated Stage7 member for 合成林氏.,False
1097683,7009,林芳雅,female,1867-01-01,1940-12-31,23,孝,Rule-generated Stage7 member for 合成林氏.,False
1097684,7009,林强成,male,1862-01-01,1949-12-31,23,孝,Rule-generated Stage7 member for 合成林氏.,False
1097685,7009,林孝丽,female,1866-01-01,1912-12-31,23,孝,Rule-generated Stage7 member for 合成林氏.,False
1097686,7009,林孝世,male,1862-01-01,1930-12-31,23,孝,Rule-generated Stage7 member for 合成林氏.,False
1097687,7009,林孝清,female,1865-01-01,1929-12-31,23,孝,Rule-generated Stage7 member for 合成林氏.,False
1097688,7009,林伟景,male,1863-01-01,1939-12-31,23,孝,Rule-generated Stage7 member for 合成林氏.,False
1097689,7009,林孝玉,female,1866-01-01,1914-12-31,23,孝,Rule-generated Stage7 member for 合成林氏.,False
1097690,7009,林伟国,male,1862-01-01,1930-12-31,23,孝,Rule-generated Stage7 member for 合成林氏.,False
1097691,7009,林宁安,female,1862-01-01,1906-12-31,23,孝,Rule-generated Stage7 member for 合成林氏.,False
1097692,7009,林伟,male,1868-01-01,1908-12-31,23,孝,Rule-generated Stage7 member for 合成林氏.,False
1097693,7009,林孝宁,female,1866-01-01,1926-12-31,23,孝,Rule-generated Stage7 member for 合成林氏.,False
1097694,7009,林安强,male,1866-01-01,1942-12-31,23,孝,Rule-generated Stage7 member for 合成林氏.,False
1097695,7009,林华芳,female,1866-01-01,1948-12-31,23,孝,Rule-generated Stage7 member for 合成林氏.,False
1097696,7009,林孝德,male,1862-01-01,1894-12-31,23,孝,Rule-generated Stage7 member for 合成林氏.,False
1097697,7009,林华丽,female,1865-01-01,1912-12-31,23,孝,Rule-generated Stage7 member for 合成林氏.,False
1097698,7009,林孝明,male,1866-01-01,1953-12-31,23,孝,Rule-generated Stage7 member for 合成林氏.,False
1097699,7009,林玉慧,female,1867-01-01,1963-12-31,23,孝,Rule-generated Stage7 member for 合成林氏.,False
1097700,7009,林孝文,male,1862-01-01,1931-12-31,23,孝,Rule-generated Stage7 member for 合成林氏.,False
1097701,7009,林孝宁,female,1865-01-01,1965-12-31,23,孝,Rule-generated Stage7 member for 合成林氏.,False
1097702,7009,林礼明,male,1887-01-01,1954-12-31,24,礼,Rule-generated Stage7 member for 合成林氏.,False
1097703,7009,林礼丽,female,1886-01-01,1978-12-31,24,礼,Rule-generated Stage7 member for 合成林氏.,False
1097704,7009,林宗景,male,1888-01-01,1951-12-31,24,礼,Rule-generated Stage7 member for 合成林氏.,False
1097705,7009,林礼宁,female,1885-01-01,1933-12-31,24,礼,Rule-generated Stage7 member for 合成林氏.,False
1097706,7009,林成明,male,1884-01-01,1974-12-31,24,礼,Rule-generated Stage7 member for 合成林氏.,False
1097707,7009,林礼敏,female,1884-01-01,1982-12-31,24,礼,Rule-generated Stage7 member for 合成林氏.,False
1097708,7009,林礼明,male,1889-01-01,1934-12-31,24,礼,Rule-generated Stage7 member for 合成林氏.,False
1097709,7009,林丽,female,1883-01-01,1947-12-31,24,礼,Rule-generated Stage7 member for 合成林氏.,False
1097710,7009,林德明,male,1889-01-01,1960-12-31,24,礼,Rule-generated Stage7 member for 合成林氏.,False
1097711,7009,林礼雅,female,1885-01-01,1977-12-31,24,礼,Rule-generated Stage7 member for 合成林氏.,False
1097712,7009,林明,male,1888-01-01,1963-12-31,24,礼,Rule-generated Stage7 member for 合成林氏.,False
1097713,7009,林礼清,female,1885-01-01,1928-12-31,24,礼,Rule-generated Stage7 member for 合成林氏.,False
1097714,7009,林礼承,male,1887-01-01,1969-12-31,24,礼,Rule-generated Stage7 member for 合成林氏.,False
1097715,7009,林礼丽,female,1883-01-01,1947-12-31,24,礼,Rule-generated Stage7 member for 合成林氏.,False
1097716,7009,林礼景,male,1888-01-01,1955-12-31,24,礼,Rule-generated Stage7 member for 合成林氏.,False
1097717,7009,林敏梅,female,1887-01-01,1954-12-31,24,礼,Rule-generated Stage7 member for 合成林氏.,False
1097718,7009,林礼明,male,1886-01-01,1949-12-31,24,礼,Rule-generated Stage7 member for 合成林氏.,False
1097719,7009,林礼敏,female,1887-01-01,1953-12-31,24,礼,Rule-generated Stage7 member for 合成林氏.,False
1097720,7009,林礼德,male,1889-01-01,1973-12-31,24,礼,Rule-generated Stage7 member for 合成林氏.,False
1097721,7009,林礼玉,female,1883-01-01,1948-12-31,24,礼,Rule-generated Stage7 member for 合成林氏.,False
1097722,7009,林礼世,male,1883-01-01,1943-12-31,24,礼,Rule-generated Stage7 member for 合成林氏.,False
1097723,7009,林宁敏,female,1887-01-01,1947-12-31,24,礼,Rule-generated Stage7 member for 合成林氏.,False
1097724,7009,林礼景,male,1888-01-01,1974-12-31,24,礼,Rule-generated Stage7 member for 合成林氏.,False
1097725,7009,林丽慧,female,1886-01-01,1957-12-31,24,礼,Rule-generated Stage7 member for 合成林氏.,False
1097726,7009,林礼文,male,1885-01-01,1948-12-31,24,礼,Rule-generated Stage7 member for 合成林氏.,False
1097727,7009,林礼宁,female,1885-01-01,1960-12-31,24,礼,Rule-generated Stage7 member for 合成林氏.,False
1097728,7009,林礼国,male,1884-01-01,1980-12-31,24,礼,Rule-generated Stage7 member for 合成林氏.,False
1097729,7009,林礼芳,female,1888-01-01,1977-12-31,24,礼,Rule-generated Stage7 member for 合成林氏.,False
1097730,7009,林礼强,male,1887-01-01,1953-12-31,24,礼,Rule-generated Stage7 member for 合成林氏.,False
1097731,7009,林明,female,1886-01-01,1982-12-31,24,礼,Rule-generated Stage7 member for 合成林氏.,False
1097732,7009,林丽,male,1883-01-01,1912-12-31,24,礼,Rule-generated Stage7 member for 合成林氏.,False
1097733,7009,林宁宁,female,1886-01-01,1941-12-31,24,礼,Rule-generated Stage7 member for 合成林氏.,False
1097734,7009,林礼成,male,1886-01-01,1951-12-31,24,礼,Rule-generated Stage7 member for 合成林氏.,False
1097735,7009,林礼丽,female,1888-01-01,1947-12-31,24,礼,Rule-generated Stage7 member for 合成林氏.,False
1097736,7009,林明,male,1884-01-01,1986-12-31,24,礼,Rule-generated Stage7 member for 合成林氏.,False
1097737,7009,林慧清,female,1883-01-01,1971-12-31,24,礼,Rule-generated Stage7 member for 合成林氏.,False
1097738,7009,林景伟,male,1885-01-01,1958-12-31,24,礼,Rule-generated Stage7 member for 合成林氏.,False
1097739,7009,林礼慧,female,1886-01-01,1966-12-31,24,礼,Rule-generated Stage7 member for 合成林氏.,False
1097740,7009,林礼宗,male,1888-01-01,1965-12-31,24,礼,Rule-generated Stage7 member for 合成林氏.,False
1097741,7009,林丽敏,female,1883-01-01,1971-12-31,24,礼,Rule-generated Stage7 member for 合成林氏.,False
1097742,7009,林礼强,male,1884-01-01,1926-12-31,24,礼,Rule-generated Stage7 member for 合成林氏.,False
1097743,7009,林礼梅,female,1883-01-01,1982-12-31,24,礼,Rule-generated Stage7 member for 合成林氏.,False
1097744,7009,林伟宗,male,1886-01-01,1929-12-31,24,礼,Rule-generated Stage7 member for 合成林氏.,False
1097745,7009,林礼芳,female,1888-01-01,1953-12-31,24,礼,Rule-generated Stage7 member for 合成林氏.,False
1097746,7009,林敏,male,1889-01-01,1956-12-31,24,礼,Rule-generated Stage7 member for 合成林氏.,False
1097747,7009,林礼宁,female,1885-01-01,1963-12-31,24,礼,Rule-generated Stage7 member for 合成林氏.,False
1097748,7009,林礼安,male,1889-01-01,1989-12-31,24,礼,Rule-generated Stage7 member for 合成林氏.,False
1097749,7009,林礼梅,female,1887-01-01,1959-12-31,24,礼,Rule-generated Stage7 member for 合成林氏.,False
1097750,7009,林德明,male,1883-01-01,1962-12-31,24,礼,Rule-generated Stage7 member for 合成林氏.,False
1097751,7009,林华,female,1886-01-01,1971-12-31,24,礼,Rule-generated Stage7 member for 合成林氏.,False
1097752,7009,林礼安,male,1888-01-01,1975-12-31,24,礼,Rule-generated Stage7 member for 合成林氏.,False
1097753,7009,林礼玉,female,1884-01-01,1938-12-31,24,礼,Rule-generated Stage7 member for 合成林氏.,False
1097754,7009,林伟德,male,1883-01-01,1951-12-31,24,礼,Rule-generated Stage7 member for 合成林氏.,False
1097755,7009,林礼兰,female,1889-01-01,1939-12-31,24,礼,Rule-generated Stage7 member for 合成林氏.,False
1097756,7009,林礼强,male,1886-01-01,1955-12-31,24,礼,Rule-generated Stage7 member for 合成林氏.,False
1097757,7009,林礼宁,female,1888-01-01,1948-12-31,24,礼,Rule-generated Stage7 member for 合成林氏.,False
1097758,7009,林强景,male,1889-01-01,1939-12-31,24,礼,Rule-generated Stage7 member for 合成林氏.,False
1097759,7009,林华慧,female,1883-01-01,1922-12-31,24,礼,Rule-generated Stage7 member for 合成林氏.,False
1097760,7009,林礼明,male,1889-01-01,1983-12-31,24,礼,Rule-generated Stage7 member for 合成林氏.,False
1097761,7009,林敏兰,female,1888-01-01,1978-12-31,24,礼,Rule-generated Stage7 member for 合成林氏.,False
1097762,7009,林伟德,male,1889-01-01,1962-12-31,24,礼,Rule-generated Stage7 member for 合成林氏.,False
1097763,7009,林宁丽,female,1883-01-01,1933-12-31,24,礼,Rule-generated Stage7 member for 合成林氏.,False
1097764,7009,林安文,male,1885-01-01,1967-12-31,24,礼,Rule-generated Stage7 member for 合成林氏.,False
1097765,7009,林芳宁,female,1885-01-01,1951-12-31,24,礼,Rule-generated Stage7 member for 合成林氏.,False
1097766,7009,林礼国,male,1886-01-01,1917-12-31,24,礼,Rule-generated Stage7 member for 合成林氏.,False
1097767,7009,林礼慧,female,1884-01-01,1924-12-31,24,礼,Rule-generated Stage7 member for 合成林氏.,False
1097768,7009,林礼承,male,1886-01-01,1968-12-31,24,礼,Rule-generated Stage7 member for 合成林氏.,False
1097769,7009,林礼芳,female,1884-01-01,1951-12-31,24,礼,Rule-generated Stage7 member for 合成林氏.,False
1097770,7009,林丽,male,1886-01-01,1945-12-31,24,礼,Rule-generated Stage7 member for 合成林氏.,False
1097771,7009,林芳清,female,1889-01-01,1962-12-31,24,礼,Rule-generated Stage7 member for 合成林氏.,False
1097772,7009,林礼国,male,1885-01-01,1970-12-31,24,礼,Rule-generated Stage7 member for 合成林氏.,False
1097773,7009,林礼华,female,1884-01-01,1956-12-31,24,礼,Rule-generated Stage7 member for 合成林氏.,False
1097774,7009,林礼伟,male,1887-01-01,1956-12-31,24,礼,Rule-generated Stage7 member for 合成林氏.,False
1097775,7009,林礼雅,female,1885-01-01,1956-12-31,24,礼,Rule-generated Stage7 member for 合成林氏.,False
1097776,7009,林义文,male,1908-01-01,1957-12-31,25,义,Rule-generated Stage7 member for 合成林氏.,False
1097777,7009,林义敏,female,1910-01-01,1993-12-31,25,义,Rule-generated Stage7 member for 合成林氏.,False
1097778,7009,林伟景,male,1907-01-01,1967-12-31,25,义,Rule-generated Stage7 member for 合成林氏.,False
1097779,7009,林义兰,female,1907-01-01,1999-12-31,25,义,Rule-generated Stage7 member for 合成林氏.,False
1097780,7009,林义德,male,1905-01-01,1991-12-31,25,义,Rule-generated Stage7 member for 合成林氏.,False
1097781,7009,林丽慧,female,1906-01-01,1953-12-31,25,义,Rule-generated Stage7 member for 合成林氏.,False
1097782,7009,林文安,male,1907-01-01,1964-12-31,25,义,Rule-generated Stage7 member for 合成林氏.,False
1097783,7009,林玉雅,female,1905-01-01,1996-12-31,25,义,Rule-generated Stage7 member for 合成林氏.,False
1097784,7009,林伟,male,1908-01-01,1977-12-31,25,义,Rule-generated Stage7 member for 合成林氏.,False
1097785,7009,林梅安,female,1904-01-01,1937-12-31,25,义,Rule-generated Stage7 member for 合成林氏.,False
1097786,7009,林义世,male,1905-01-01,1951-12-31,25,义,Rule-generated Stage7 member for 合成林氏.,False
1097787,7009,林义清,female,1907-01-01,1972-12-31,25,义,Rule-generated Stage7 member for 合成林氏.,False
1097788,7009,林景世,male,1906-01-01,1953-12-31,25,义,Rule-generated Stage7 member for 合成林氏.,False
1097789,7009,林兰丽,female,1905-01-01,1983-12-31,25,义,Rule-generated Stage7 member for 合成林氏.,False
1097790,7009,林义安,male,1910-01-01,1976-12-31,25,义,Rule-generated Stage7 member for 合成林氏.,False
1097791,7009,林安雅,female,1906-01-01,1998-12-31,25,义,Rule-generated Stage7 member for 合成林氏.,False
1097792,7009,林国德,male,1910-01-01,1952-12-31,25,义,Rule-generated Stage7 member for 合成林氏.,False
1097793,7009,林义安,female,1907-01-01,2008-12-31,25,义,Rule-generated Stage7 member for 合成林氏.,False
1097794,7009,林义国,male,1905-01-01,1982-12-31,25,义,Rule-generated Stage7 member for 合成林氏.,False
1097795,7009,林义芳,female,1906-01-01,1996-12-31,25,义,Rule-generated Stage7 member for 合成林氏.,False
1097796,7009,林义世,male,1909-01-01,2001-12-31,25,义,Rule-generated Stage7 member for 合成林氏.,False
1097797,7009,林义兰,female,1904-01-01,1978-12-31,25,义,Rule-generated Stage7 member for 合成林氏.,False
1097798,7009,林义国,male,1906-01-01,1943-12-31,25,义,Rule-generated Stage7 member for 合成林氏.,False
1097799,7009,林兰安,female,1904-01-01,1992-12-31,25,义,Rule-generated Stage7 member for 合成林氏.,False
1097800,7009,林明文,male,1905-01-01,1985-12-31,25,义,Rule-generated Stage7 member for 合成林氏.,False
1097801,7009,林义敏,female,1908-01-01,1933-12-31,25,义,Rule-generated Stage7 member for 合成林氏.,False
1097802,7009,林德成,male,1909-01-01,1981-12-31,25,义,Rule-generated Stage7 member for 合成林氏.,False
1097803,7009,林义敏,female,1910-01-01,1987-12-31,25,义,Rule-generated Stage7 member for 合成林氏.,False
1097804,7009,林义强,male,1909-01-01,1952-12-31,25,义,Rule-generated Stage7 member for 合成林氏.,False
1097805,7009,林义宁,female,1907-01-01,2007-12-31,25,义,Rule-generated Stage7 member for 合成林氏.,False
1097806,7009,林义承,male,1907-01-01,1949-12-31,25,义,Rule-generated Stage7 member for 合成林氏.,False
1097807,7009,林义玉,female,1907-01-01,1972-12-31,25,义,Rule-generated Stage7 member for 合成林氏.,False
1097808,7009,林成强,male,1907-01-01,1964-12-31,25,义,Rule-generated Stage7 member for 合成林氏.,False
1097809,7009,林义芳,female,1909-01-01,2004-12-31,25,义,Rule-generated Stage7 member for 合成林氏.,False
1097810,7009,林义伟,male,1907-01-01,1938-12-31,25,义,Rule-generated Stage7 member for 合成林氏.,False
1097811,7009,林义宁,female,1904-01-01,1957-12-31,25,义,Rule-generated Stage7 member for 合成林氏.,False
1097812,7009,林明伟,male,1910-01-01,1980-12-31,25,义,Rule-generated Stage7 member for 合成林氏.,False
1097813,7009,林华玉,female,1904-01-01,1938-12-31,25,义,Rule-generated Stage7 member for 合成林氏.,False
1097814,7009,林义成,male,1908-01-01,1975-12-31,25,义,Rule-generated Stage7 member for 合成林氏.,False
1097815,7009,林安宁,female,1906-01-01,1989-12-31,25,义,Rule-generated Stage7 member for 合成林氏.,False
1097816,7009,林义宗,male,1907-01-01,1963-12-31,25,义,Rule-generated Stage7 member for 合成林氏.,False
1097817,7009,林梅芳,female,1910-01-01,1988-12-31,25,义,Rule-generated Stage7 member for 合成林氏.,False
1097818,7009,林德伟,male,1907-01-01,1982-12-31,25,义,Rule-generated Stage7 member for 合成林氏.,False
1097819,7009,林义雅,female,1907-01-01,1961-12-31,25,义,Rule-generated Stage7 member for 合成林氏.,False
1097820,7009,林义景,male,1910-01-01,1967-12-31,25,义,Rule-generated Stage7 member for 合成林氏.,False
1097821,7009,林义梅,female,1910-01-01,1977-12-31,25,义,Rule-generated Stage7 member for 合成林氏.,False
1097822,7009,林义文,male,1907-01-01,1976-12-31,25,义,Rule-generated Stage7 member for 合成林氏.,False
1097823,7009,林丽,female,1906-01-01,1982-12-31,25,义,Rule-generated Stage7 member for 合成林氏.,False
1097824,7009,林义安,male,1905-01-01,1961-12-31,25,义,Rule-generated Stage7 member for 合成林氏.,False
1097825,7009,林丽雅,female,1906-01-01,1964-12-31,25,义,Rule-generated Stage7 member for 合成林氏.,False
1097826,7009,林义宗,male,1908-01-01,1963-12-31,25,义,Rule-generated Stage7 member for 合成林氏.,False
1097827,7009,林强,female,1908-01-01,1978-12-31,25,义,Rule-generated Stage7 member for 合成林氏.,False
1097828,7009,林景国,male,1905-01-01,1949-12-31,25,义,Rule-generated Stage7 member for 合成林氏.,False
1097829,7009,林安宁,female,1906-01-01,1990-12-31,25,义,Rule-generated Stage7 member for 合成林氏.,False
1097830,7009,林宗宗,male,1905-01-01,1980-12-31,25,义,Rule-generated Stage7 member for 合成林氏.,False
1097831,7009,林义丽,female,1908-01-01,1991-12-31,25,义,Rule-generated Stage7 member for 合成林氏.,False
1097832,7009,林义强,male,1908-01-01,1966-12-31,25,义,Rule-generated Stage7 member for 合成林氏.,False
1097833,7009,林义华,female,1908-01-01,1972-12-31,25,义,Rule-generated Stage7 member for 合成林氏.,False
1097834,7009,林明,male,1904-01-01,1988-12-31,25,义,Rule-generated Stage7 member for 合成林氏.,False
1097835,7009,林义敏,female,1910-01-01,1957-12-31,25,义,Rule-generated Stage7 member for 合成林氏.,False
1097836,7009,林世德,male,1907-01-01,1969-12-31,25,义,Rule-generated Stage7 member for 合成林氏.,False
1097837,7009,林义华,female,1906-01-01,2001-12-31,25,义,Rule-generated Stage7 member for 合成林氏.,False
1097838,7009,林伟,male,1909-01-01,1932-12-31,25,义,Rule-generated Stage7 member for 合成林氏.,False
1097839,7009,林信宗,male,1930-01-01,1970-12-31,26,信,Rule-generated Stage7 member for 合成林氏.,False
1097840,7009,林信雅,female,1927-01-01,1982-12-31,26,信,Rule-generated Stage7 member for 合成林氏.,False
1097841,7009,林强,male,1927-01-01,2012-12-31,26,信,Rule-generated Stage7 member for 合成林氏.,False
1097842,7009,林雅华,female,1926-01-01,1976-12-31,26,信,Rule-generated Stage7 member for 合成林氏.,False
1097843,7009,林敏,male,1930-01-01,1982-12-31,26,信,Rule-generated Stage7 member for 合成林氏.,False
1097844,7009,林玉华,female,1928-01-01,1957-12-31,26,信,Rule-generated Stage7 member for 合成林氏.,False
1097845,7009,林信明,male,1925-01-01,1967-12-31,26,信,Rule-generated Stage7 member for 合成林氏.,False
1097846,7009,林慧丽,female,1926-01-01,1978-12-31,26,信,Rule-generated Stage7 member for 合成林氏.,False
1097847,7009,林景成,male,1931-01-01,1998-12-31,26,信,Rule-generated Stage7 member for 合成林氏.,False
1097848,7009,林信宁,female,1931-01-01,1994-12-31,26,信,Rule-generated Stage7 member for 合成林氏.,False
1097849,7009,林信强,male,1926-01-01,1967-12-31,26,信,Rule-generated Stage7 member for 合成林氏.,False
1097850,7009,林信华,female,1928-01-01,2009-12-31,26,信,Rule-generated Stage7 member for 合成林氏.,False
1097851,7009,林世宗,male,1929-01-01,1989-12-31,26,信,Rule-generated Stage7 member for 合成林氏.,False
1097852,7009,林宁兰,female,1927-01-01,1952-12-31,26,信,Rule-generated Stage7 member for 合成林氏.,False
1097853,7009,林信德,male,1929-01-01,2009-12-31,26,信,Rule-generated Stage7 member for 合成林氏.,False
1097854,7009,林信玉,female,1929-01-01,1993-12-31,26,信,Rule-generated Stage7 member for 合成林氏.,False
1097855,7009,林信世,male,1928-01-01,1996-12-31,26,信,Rule-generated Stage7 member for 合成林氏.,False
1097856,7009,林信慧,female,1928-01-01,1974-12-31,26,信,Rule-generated Stage7 member for 合成林氏.,False
1097857,7009,林信德,male,1931-01-01,1999-12-31,26,信,Rule-generated Stage7 member for 合成林氏.,False
1097858,7009,林强,female,1930-01-01,2001-12-31,26,信,Rule-generated Stage7 member for 合成林氏.,False
1097859,7009,林伟,male,1926-01-01,1974-12-31,26,信,Rule-generated Stage7 member for 合成林氏.,False
1097860,7009,林信敏,female,1927-01-01,2004-12-31,26,信,Rule-generated Stage7 member for 合成林氏.,False
1097861,7009,林信伟,male,1930-01-01,2003-12-31,26,信,Rule-generated Stage7 member for 合成林氏.,False
1097862,7009,林芳梅,female,1931-01-01,2000-12-31,26,信,Rule-generated Stage7 member for 合成林氏.,False
1097863,7009,林成承,male,1927-01-01,1951-12-31,26,信,Rule-generated Stage7 member for 合成林氏.,False
1097864,7009,林信清,female,1926-01-01,2015-12-31,26,信,Rule-generated Stage7 member for 合成林氏.,False
1097865,7009,林信宗,male,1927-01-01,2000-12-31,26,信,Rule-generated Stage7 member for 合成林氏.,False
1097866,7009,林伟,female,1928-01-01,1998-12-31,26,信,Rule-generated Stage7 member for 合成林氏.,False
1097867,7009,林敏,male,1929-01-01,1973-12-31,26,信,Rule-generated Stage7 member for 合成林氏.,False
1097868,7009,林信雅,female,1930-01-01,2012-12-31,26,信,Rule-generated Stage7 member for 合成林氏.,False
1097869,7009,林明文,male,1926-01-01,2003-12-31,26,信,Rule-generated Stage7 member for 合成林氏.,False
1097870,7009,林信慧,female,1926-01-01,1993-12-31,26,信,Rule-generated Stage7 member for 合成林氏.,False
1097871,7009,林宗明,male,1926-01-01,1995-12-31,26,信,Rule-generated Stage7 member for 合成林氏.,False
1097872,7009,林慧敏,female,1926-01-01,1971-12-31,26,信,Rule-generated Stage7 member for 合成林氏.,False
1097873,7009,林华,male,1930-01-01,2008-12-31,26,信,Rule-generated Stage7 member for 合成林氏.,False
1097874,7009,林丽敏,female,1929-01-01,1992-12-31,26,信,Rule-generated Stage7 member for 合成林氏.,False
1097875,7009,林信德,male,1928-01-01,1990-12-31,26,信,Rule-generated Stage7 member for 合成林氏.,False
1097876,7009,林信敏,female,1927-01-01,1978-12-31,26,信,Rule-generated Stage7 member for 合成林氏.,False
1097877,7009,林信明,male,1931-01-01,2010-12-31,26,信,Rule-generated Stage7 member for 合成林氏.,False
1097878,7009,林信梅,female,1927-01-01,2001-12-31,26,信,Rule-generated Stage7 member for 合成林氏.,False
1097879,7009,林信成,male,1929-01-01,2016-12-31,26,信,Rule-generated Stage7 member for 合成林氏.,False
1097880,7009,林华玉,female,1929-01-01,2003-12-31,26,信,Rule-generated Stage7 member for 合成林氏.,False
1097881,7009,林强德,male,1929-01-01,1990-12-31,26,信,Rule-generated Stage7 member for 合成林氏.,False
1097882,7009,林敏,female,1930-01-01,2001-12-31,26,信,Rule-generated Stage7 member for 合成林氏.,False
1097883,7009,林强承,male,1930-01-01,1970-12-31,26,信,Rule-generated Stage7 member for 合成林氏.,False
1097884,7009,林信雅,female,1927-01-01,1974-12-31,26,信,Rule-generated Stage7 member for 合成林氏.,False
1097885,7009,林世世,male,1931-01-01,2020-12-31,26,信,Rule-generated Stage7 member for 合成林氏.,False
1097886,7009,林雅宁,female,1930-01-01,1985-12-31,26,信,Rule-generated Stage7 member for 合成林氏.,False
1097887,7009,林信强,male,1926-01-01,2005-12-31,26,信,Rule-generated Stage7 member for 合成林氏.,False
1097888,7009,林信芳,female,1931-01-01,1971-12-31,26,信,Rule-generated Stage7 member for 合成林氏.,False
1097889,7009,林伟文,male,1930-01-01,1985-12-31,26,信,Rule-generated Stage7 member for 合成林氏.,False
1097890,7009,林信敏,female,1930-01-01,1977-12-31,26,信,Rule-generated Stage7 member for 合成林氏.,False
1097891,7009,林文强,male,1926-01-01,1988-12-31,26,信,Rule-generated Stage7 member for 合成林氏.,False
1097892,7009,林成世,male,1948-01-01,2008-12-31,27,忠,Rule-generated Stage7 member for 合成林氏.,False
1097893,7009,林忠丽,female,1951-01-01,,27,忠,Rule-generated Stage7 member for 合成林氏.,True
1097894,7009,林承宗,male,1952-01-01,1986-12-31,27,忠,Rule-generated Stage7 member for 合成林氏.,False
1097895,7009,林忠安,female,1947-01-01,2011-12-31,27,忠,Rule-generated Stage7 member for 合成林氏.,False
1097896,7009,林忠伟,male,1949-01-01,2013-12-31,27,忠,Rule-generated Stage7 member for 合成林氏.,False
1097897,7009,林忠清,female,1951-01-01,2015-12-31,27,忠,Rule-generated Stage7 member for 合成林氏.,False
1097898,7009,林承景,male,1951-01-01,,27,忠,Rule-generated Stage7 member for 合成林氏.,True
1097899,7009,林敏,female,1948-01-01,2015-12-31,27,忠,Rule-generated Stage7 member for 合成林氏.,False
1097900,7009,林忠明,male,1949-01-01,,27,忠,Rule-generated Stage7 member for 合成林氏.,True
1097901,7009,林忠玉,female,1951-01-01,1998-12-31,27,忠,Rule-generated Stage7 member for 合成林氏.,False
1097902,7009,林忠景,male,1950-01-01,,27,忠,Rule-generated Stage7 member for 合成林氏.,True
1097903,7009,林忠清,female,1950-01-01,2007-12-31,27,忠,Rule-generated Stage7 member for 合成林氏.,False
1097904,7009,林安安,male,1948-01-01,2023-12-31,27,忠,Rule-generated Stage7 member for 合成林氏.,False
1097905,7009,林玉华,female,1949-01-01,2012-12-31,27,忠,Rule-generated Stage7 member for 合成林氏.,False
1097906,7009,林忠伟,male,1952-01-01,,27,忠,Rule-generated Stage7 member for 合成林氏.,True
1097907,7009,林忠雅,female,1949-01-01,2018-12-31,27,忠,Rule-generated Stage7 member for 合成林氏.,False
1097908,7009,林忠强,male,1952-01-01,,27,忠,Rule-generated Stage7 member for 合成林氏.,True
1097909,7009,林忠宁,female,1950-01-01,2021-12-31,27,忠,Rule-generated Stage7 member for 合成林氏.,False
1097910,7009,林忠明,male,1948-01-01,2008-12-31,27,忠,Rule-generated Stage7 member for 合成林氏.,False
1097911,7009,林丽敏,female,1947-01-01,,27,忠,Rule-generated Stage7 member for 合成林氏.,True
1097912,7009,林德安,male,1952-01-01,,27,忠,Rule-generated Stage7 member for 合成林氏.,True
1097913,7009,林忠芳,female,1947-01-01,,27,忠,Rule-generated Stage7 member for 合成林氏.,True
1097914,7009,林伟,male,1952-01-01,,27,忠,Rule-generated Stage7 member for 合成林氏.,True
1097915,7009,林忠玉,female,1950-01-01,1987-12-31,27,忠,Rule-generated Stage7 member for 合成林氏.,False
1097916,7009,林忠世,male,1950-01-01,,27,忠,Rule-generated Stage7 member for 合成林氏.,True
1097917,7009,林忠慧,female,1950-01-01,,27,忠,Rule-generated Stage7 member for 合成林氏.,True
1097918,7009,林德世,male,1950-01-01,,27,忠,Rule-generated Stage7 member for 合成林氏.,True
1097919,7009,林忠丽,female,1946-01-01,,27,忠,Rule-generated Stage7 member for 合成林氏.,True
1097920,7009,林忠文,male,1946-01-01,,27,忠,Rule-generated Stage7 member for 合成林氏.,True
1097921,7009,林忠梅,female,1949-01-01,,27,忠,Rule-generated Stage7 member for 合成林氏.,True
1097922,7009,林忠成,male,1952-01-01,2003-12-31,27,忠,Rule-generated Stage7 member for 合成林氏.,False
1097923,7009,林忠梅,female,1947-01-01,2010-12-31,27,忠,Rule-generated Stage7 member for 合成林氏.,False
1097924,7009,林忠安,male,1949-01-01,2009-12-31,27,忠,Rule-generated Stage7 member for 合成林氏.,False
1097925,7009,林忠安,female,1946-01-01,1995-12-31,27,忠,Rule-generated Stage7 member for 合成林氏.,False
1097926,7009,林成景,male,1947-01-01,2019-12-31,27,忠,Rule-generated Stage7 member for 合成林氏.,False
1097927,7009,林忠玉,female,1951-01-01,1988-12-31,27,忠,Rule-generated Stage7 member for 合成林氏.,False
1097928,7009,林忠明,male,1952-01-01,1975-12-31,27,忠,Rule-generated Stage7 member for 合成林氏.,False
1097929,7009,林忠兰,female,1946-01-01,2010-12-31,27,忠,Rule-generated Stage7 member for 合成林氏.,False
1097930,7009,林忠国,male,1950-01-01,2016-12-31,27,忠,Rule-generated Stage7 member for 合成林氏.,False
1097931,7009,林芳华,female,1950-01-01,2009-12-31,27,忠,Rule-generated Stage7 member for 合成林氏.,False
1097932,7009,林忠安,male,1948-01-01,,27,忠,Rule-generated Stage7 member for 合成林氏.,True
1097933,7009,林忠芳,female,1950-01-01,1999-12-31,27,忠,Rule-generated Stage7 member for 合成林氏.,False
1097934,7009,林忠文,male,1946-01-01,2009-12-31,27,忠,Rule-generated Stage7 member for 合成林氏.,False
1097935,7009,林伟,male,1973-01-01,,28,和,Rule-generated Stage7 member for 合成林氏.,True
1097936,7009,林伟,female,1967-01-01,,28,和,Rule-generated Stage7 member for 合成林氏.,True
1097937,7009,林景强,male,1973-01-01,,28,和,Rule-generated Stage7 member for 合成林氏.,True
1097938,7009,林伟,female,1969-01-01,,28,和,Rule-generated Stage7 member for 合成林氏.,True
1097939,7009,林国世,male,1971-01-01,,28,和,Rule-generated Stage7 member for 合成林氏.,True
1097940,7009,林宁玉,female,1968-01-01,2024-12-31,28,和,Rule-generated Stage7 member for 合成林氏.,False
1097941,7009,林敏,male,1969-01-01,2025-12-31,28,和,Rule-generated Stage7 member for 合成林氏.,False
1097942,7009,林和兰,female,1970-01-01,,28,和,Rule-generated Stage7 member for 合成林氏.,True
1097943,7009,林和强,male,1971-01-01,,28,和,Rule-generated Stage7 member for 合成林氏.,True
1097944,7009,林明,female,1972-01-01,,28,和,Rule-generated Stage7 member for 合成林氏.,True
1097945,7009,林和安,male,1969-01-01,,28,和,Rule-generated Stage7 member for 合成林氏.,True
1097946,7009,林和玉,female,1967-01-01,,28,和,Rule-generated Stage7 member for 合成林氏.,True
1097947,7009,林和德,male,1971-01-01,,28,和,Rule-generated Stage7 member for 合成林氏.,True
1097948,7009,林和宁,female,1973-01-01,,28,和,Rule-generated Stage7 member for 合成林氏.,True
1097949,7009,林和德,male,1970-01-01,,28,和,Rule-generated Stage7 member for 合成林氏.,True
1097950,7009,林和慧,female,1967-01-01,,28,和,Rule-generated Stage7 member for 合成林氏.,True
1097951,7009,林和国,male,1971-01-01,,28,和,Rule-generated Stage7 member for 合成林氏.,True
1097952,7009,林和清,female,1971-01-01,,28,和,Rule-generated Stage7 member for 合成林氏.,True
1097953,7009,林和明,male,1971-01-01,,28,和,Rule-generated Stage7 member for 合成林氏.,True
1097954,7009,林和宁,female,1972-01-01,,28,和,Rule-generated Stage7 member for 合成林氏.,True
1097955,7009,林和德,male,1969-01-01,,28,和,Rule-generated Stage7 member for 合成林氏.,True
1097956,7009,林和玉,female,1971-01-01,,28,和,Rule-generated Stage7 member for 合成林氏.,True
1097957,7009,林和安,male,1967-01-01,,28,和,Rule-generated Stage7 member for 合成林氏.,True
1097958,7009,林和芳,female,1969-01-01,,28,和,Rule-generated Stage7 member for 合成林氏.,True
1097959,7009,林宗强,male,1973-01-01,,28,和,Rule-generated Stage7 member for 合成林氏.,True
1097960,7009,林强,female,1972-01-01,,28,和,Rule-generated Stage7 member for 合成林氏.,True
1097961,7009,林和承,male,1969-01-01,,28,和,Rule-generated Stage7 member for 合成林氏.,True
1097962,7009,林华雅,female,1972-01-01,,28,和,Rule-generated Stage7 member for 合成林氏.,True
1097963,7009,林伟强,male,1967-01-01,,28,和,Rule-generated Stage7 member for 合成林氏.,True
1097964,7009,林和芳,female,1971-01-01,,28,和,Rule-generated Stage7 member for 合成林氏.,True
1097965,7009,林德文,male,1972-01-01,,28,和,Rule-generated Stage7 member for 合成林氏.,True
1097966,7009,林和华,female,1967-01-01,,28,和,Rule-generated Stage7 member for 合成林氏.,True
1097967,7009,林景德,male,1988-01-01,,29,景,Rule-generated Stage7 member for 合成林氏.,True
1097968,7009,林宁兰,female,1994-01-01,,29,景,Rule-generated Stage7 member for 合成林氏.,True
1097969,7009,林德承,male,1994-01-01,,29,景,Rule-generated Stage7 member for 合成林氏.,True
1097970,7009,林景安,female,1994-01-01,,29,景,Rule-generated Stage7 member for 合成林氏.,True
1097971,7009,林宗伟,male,1990-01-01,,29,景,Rule-generated Stage7 member for 合成林氏.,True
1097972,7009,林玉华,female,1992-01-01,,29,景,Rule-generated Stage7 member for 合成林氏.,True
1097973,7009,林文宗,male,1994-01-01,,29,景,Rule-generated Stage7 member for 合成林氏.,True
1097974,7009,林景清,female,1994-01-01,,29,景,Rule-generated Stage7 member for 合成林氏.,True
1097975,7009,林景伟,male,1990-01-01,,29,景,Rule-generated Stage7 member for 合成林氏.,True
1097976,7009,林景梅,female,1994-01-01,,29,景,Rule-generated Stage7 member for 合成林氏.,True
1097977,7009,林德伟,male,1991-01-01,,29,景,Rule-generated Stage7 member for 合成林氏.,True
1097978,7009,林景清,female,1993-01-01,,29,景,Rule-generated Stage7 member for 合成林氏.,True
1097979,7009,林景宗,male,1991-01-01,,29,景,Rule-generated Stage7 member for 合成林氏.,True
1097980,7009,林景雅,female,1988-01-01,,29,景,Rule-generated Stage7 member for 合成林氏.,True
1097981,7009,林景世,male,1992-01-01,,29,景,Rule-generated Stage7 member for 合成林氏.,True
1097982,7009,林景梅,female,1991-01-01,,29,景,Rule-generated Stage7 member for 合成林氏.,True
1097983,7009,林景宗,male,1989-01-01,,29,景,Rule-generated Stage7 member for 合成林氏.,True
1097984,7009,林景华,female,1993-01-01,2020-12-31,29,景,Rule-generated Stage7 member for 合成林氏.,False
1097985,7009,林景文,male,1993-01-01,,29,景,Rule-generated Stage7 member for 合成林氏.,True
1097986,7009,林安敏,female,1990-01-01,,29,景,Rule-generated Stage7 member for 合成林氏.,True
1097987,7009,林景德,male,1993-01-01,,29,景,Rule-generated Stage7 member for 合成林氏.,True
1097988,7009,林芳梅,female,1990-01-01,,29,景,Rule-generated Stage7 member for 合成林氏.,True
1097989,7009,林世景,male,2014-01-01,,30,承,Rule-generated Stage7 member for 合成林氏.,True
1097990,7009,林华梅,female,2010-01-01,,30,承,Rule-generated Stage7 member for 合成林氏.,True
1097991,7009,林敏,male,2012-01-01,,30,承,Rule-generated Stage7 member for 合成林氏.,True
1097992,7009,林敏,female,2010-01-01,,30,承,Rule-generated Stage7 member for 合成林氏.,True
1097993,7009,林强承,male,2012-01-01,,30,承,Rule-generated Stage7 member for 合成林氏.,True
1097994,7009,林清雅,female,2012-01-01,,30,承,Rule-generated Stage7 member for 合成林氏.,True
1097995,7009,林明,male,2009-01-01,,30,承,Rule-generated Stage7 member for 合成林氏.,True
1097996,7009,林承敏,female,2013-01-01,,30,承,Rule-generated Stage7 member for 合成林氏.,True
1097997,7009,林承景,male,2013-01-01,,30,承,Rule-generated Stage7 member for 合成林氏.,True
1097998,7009,林清清,female,2014-01-01,,30,承,Rule-generated Stage7 member for 合成林氏.,True
1097999,7009,林文强,male,2010-01-01,,30,承,Rule-generated Stage7 member for 合成林氏.,True
1098000,7009,林雅敏,female,2014-01-01,,30,承,Rule-generated Stage7 member for 合成林氏.,True
