tree_id,parent_member_id,child_member_id,parent_role
7009,1095501,1095512,father
7009,1095501,1095518,father
7009,1095501,1095524,father
7009,1095501,1095530,father
7009,1095512,1095533,father
7009,1095512,1095544,father
7009,1095512,1095555,father
7009,1095518,1095536,father
7009,1095518,1095547,father
7009,1095518,1095558,father
7009,1095524,1095539,father
7009,1095524,1095550,father
7009,1095524,1095561,father
7009,1095530,1095542,father
7009,1095530,1095553,father
7009,1095533,1095564,father
7009,1095533,1095580,father
7009,1095533,1095596,father
7009,1095536,1095565,mother
7009,1095536,1095580,mother
7009,1095536,1095595,mother
7009,1095539,1095567,father
7009,1095539,1095583,father
7009,1095539,1095599,father
7009,1095542,1095568,mother
7009,1095542,1095583,mother
7009,1095542,1095598,mother
7009,1095544,1095569,mother
7009,1095544,1095584,mother
7009,1095544,1095599,mother
7009,1095547,1095571,father
7009,1095547,1095587,father
7009,1095547,1095603,father
7009,1095550,1095572,mother
7009,1095550,1095587,mother
7009,1095550,1095602,mother
7009,1095553,1095574,father
7009,1095553,1095590,father
7009,1095555,1095575,father
7009,1095555,1095591,father
7009,1095558,1095576,mother
7009,1095558,1095591,mother
7009,1095561,1095578,father
7009,1095561,1095594,father
7009,1095564,1095606,father
7009,1095564,1095627,father
7009,1095564,1095648,father
7009,1095565,1095606,mother
7009,1095565,1095627,mother
7009,1095565,1095648,mother
7009,1095567,1095607,mother
7009,1095567,1095628,mother
7009,1095567,1095649,mother
7009,1095568,1095608,father
7009,1095568,1095629,father
7009,1095568,1095650,father
7009,1095569,1095608,mother
7009,1095569,1095629,mother
7009,1095569,1095650,mother
7009,1095571,1095609,mother
7009,1095571,1095630,mother
7009,1095571,1095651,mother
7009,1095572,1095610,father
7009,1095572,1095631,father
7009,1095572,1095652,father
7009,1095574,1095611,father
7009,1095574,1095632,father
7009,1095574,1095653,father
7009,1095575,1095611,mother
7009,1095575,1095632,mother
7009,1095575,1095653,mother
7009,1095576,1095612,father
7009,1095576,1095633,father
7009,1095576,1095654,father
7009,1095578,1095613,father
7009,1095578,1095634,father
7009,1095578,1095655,father
7009,1095580,1095614,father
7009,1095580,1095635,father
7009,1095580,1095656,father
7009,1095583,1095615,mother
7009,1095583,1095636,mother
7009,1095583,1095657,mother
7009,1095584,1095616,father
7009,1095584,1095637,father
7009,1095587,1095617,mother
7009,1095587,1095638,mother
7009,1095590,1095619,father
7009,1095590,1095640,father
7009,1095591,1095619,mother
7009,1095591,1095640,mother
7009,1095594,1095621,father
7009,1095594,1095642,father
7009,1095595,1095621,mother
7009,1095595,1095642,mother
7009,1095596,1095622,father
7009,1095596,1095643,father
7009,1095598,1095623,father
7009,1095598,1095644,father
7009,1095599,1095623,mother
7009,1095599,1095644,mother
7009,1095602,1095625,father
7009,1095602,1095646,father
7009,1095603,1095625,mother
7009,1095603,1095646,mother
7009,1095606,1095658,father
7009,1095606,1095684,father
7009,1095606,1095710,father
7009,1095607,1095658,mother
7009,1095607,1095684,mother
7009,1095607,1095710,mother
7009,1095608,1095659,father
7009,1095608,1095685,father
7009,1095608,1095711,father
7009,1095609,1095659,mother
7009,1095609,1095685,mother
7009,1095609,1095711,mother
7009,1095610,1095660,father
7009,1095610,1095686,father
7009,1095610,1095712,father
7009,1095611,1095660,mother
7009,1095611,1095686,mother
7009,1095611,1095712,mother
7009,1095612,1095661,father
7009,1095612,1095687,father
7009,1095612,1095713,father
7009,1095613,1095661,mother
7009,1095613,1095687,mother
7009,1095613,1095713,mother
7009,1095614,1095662,father
7009,1095614,1095688,father
7009,1095614,1095714,father
7009,1095615,1095662,mother
7009,1095615,1095688,mother
7009,1095615,1095714,mother
7009,1095616,1095663,father
7009,1095616,1095689,father
7009,1095616,1095715,father
7009,1095617,1095663,mother
7009,1095617,1095689,mother
7009,1095617,1095715,mother
7009,1095619,1095664,mother
7009,1095619,1095690,mother
7009,1095619,1095716,mother
7009,1095621,1095665,mother
7009,1095621,1095691,mother
7009,1095621,1095717,mother
7009,1095622,1095666,father
7009,1095622,1095692,father
7009,1095622,1095718,father
7009,1095623,1095666,mother
7009,1095623,1095692,mother
7009,1095623,1095718,mother
7009,1095625,1095667,mother
7009,1095625,1095693,mother
7009,1095625,1095719,mother
7009,1095627,1095668,mother
7009,1095627,1095694,mother
7009,1095628,1095669,father
7009,1095628,1095695,father
7009,1095629,1095669,mother
7009,1095629,1095695,mother
7009,1095630,1095670,father
7009,1095630,1095696,father
7009,1095631,1095670,mother
7009,1095631,1095696,mother
7009,1095632,1095671,father
7009,1095632,1095697,father
7009,1095633,1095671,mother
7009,1095633,1095697,mother
7009,1095634,1095672,father
7009,1095634,1095698,father
7009,1095635,1095672,mother
7009,1095635,1095698,mother
7009,1095636,1095673,father
7009,1095636,1095699,father
7009,1095637,1095673,mother
7009,1095637,1095699,mother
7009,1095638,1095674,father
7009,1095638,1095700,father
7009,1095640,1095675,father
7009,1095640,1095701,father
7009,1095642,1095676,father
7009,1095642,1095702,father
7009,1095643,1095676,mother
7009,1095643,1095702,mother
7009,1095644,1095677,father
7009,1095644,1095703,father
7009,1095646,1095678,father
7009,1095646,1095704,father
7009,1095648,1095679,father
7009,1095648,1095705,father
7009,1095649,1095679,mother
7009,1095649,1095705,mother
7009,1095650,1095680,father
7009,1095650,1095706,father
7009,1095651,1095680,mother
7009,1095651,1095706,mother
7009,1095652,1095681,father
7009,1095652,1095707,father
7009,1095653,1095681,mother
7009,1095653,1095707,mother
7009,1095654,1095682,father
7009,1095654,1095708,father
7009,1095655,1095682,mother
7009,1095655,1095708,mother
7009,1095656,1095683,father
7009,1095656,1095709,father
7009,1095657,1095683,mother
7009,1095657,1095709,mother
7009,1095658,1095720,father
7009,1095658,1095751,father
7009,1095658,1095782,father
7009,1095659,1095720,mother
7009,1095659,1095751,mother
7009,1095659,1095782,mother
7009,1095660,1095721,father
7009,1095660,1095752,father
7009,1095660,1095783,father
7009,1095661,1095721,mother
7009,1095661,1095752,mother
7009,1095661,1095783,mother
7009,1095662,1095722,father
7009,1095662,1095753,father
7009,1095662,1095784,father
7009,1095663,1095722,mother
7009,1095663,1095753,mother
7009,1095663,1095784,mother
7009,1095664,1095723,father
7009,1095664,1095754,father
7009,1095664,1095785,father
7009,1095665,1095723,mother
7009,1095665,1095754,mother
7009,1095665,1095785,mother
7009,1095666,1095724,father
7009,1095666,1095755,father
7009,1095666,1095786,father
7009,1095667,1095724,mother
7009,1095667,1095755,mother
7009,1095667,1095786,mother
7009,1095668,1095725,father
7009,1095668,1095756,father
7009,1095668,1095787,father
7009,1095669,1095725,mother
7009,1095669,1095756,mother
7009,1095669,1095787,mother
7009,1095670,1095726,father
7009,1095670,1095757,father
7009,1095670,1095788,father
7009,1095671,1095726,mother
7009,1095671,1095757,mother
7009,1095671,1095788,mother
7009,1095672,1095727,father
7009,1095672,1095758,father
7009,1095672,1095789,father
7009,1095673,1095727,mother
7009,1095673,1095758,mother
7009,1095673,1095789,mother
7009,1095674,1095728,father
7009,1095674,1095759,father
7009,1095674,1095790,father
7009,1095675,1095728,mother
7009,1095675,1095759,mother
7009,1095675,1095790,mother
7009,1095676,1095729,father
7009,1095676,1095760,father
7009,1095676,1095791,father
7009,1095677,1095729,mother
7009,1095677,1095760,mother
7009,1095677,1095791,mother
7009,1095678,1095730,father
7009,1095678,1095761,father
7009,1095678,1095792,father
7009,1095679,1095730,mother
7009,1095679,1095761,mother
7009,1095679,1095792,mother
7009,1095680,1095731,father
7009,1095680,1095762,father
7009,1095681,1095731,mother
7009,1095681,1095762,mother
7009,1095682,1095732,father
7009,1095682,1095763,father
7009,1095683,1095732,mother
7009,1095683,1095763,mother
7009,1095684,1095733,father
7009,1095684,1095764,father
7009,1095685,1095733,mother
7009,1095685,1095764,mother
7009,1095686,1095734,father
7009,1095686,1095765,father
7009,1095687,1095734,mother
7009,1095687,1095765,mother
7009,1095688,1095735,father
7009,1095688,1095766,father
7009,1095689,1095735,mother
7009,1095689,1095766,mother
7009,1095690,1095736,father
7009,1095690,1095767,father
7009,1095691,1095736,mother
7009,1095691,1095767,mother
7009,1095692,1095737,father
7009,1095692,1095768,father
7009,1095693,1095737,mother
7009,1095693,1095768,mother
7009,1095694,1095738,father
7009,1095694,1095769,father
7009,1095695,1095738,mother
7009,1095695,1095769,mother
7009,1095696,1095739,father
7009,1095696,1095770,father
7009,1095697,1095739,mother
7009,1095697,1095770,mother
7009,1095698,1095740,father
7009,1095698,1095771,father
7009,1095699,1095740,mother
7009,1095699,1095771,mother
7009,1095700,1095741,father
7009,1095700,1095772,father
7009,1095701,1095741,mother
7009,1095701,1095772,mother
7009,1095702,1095742,father
7009,1095702,1095773,father
7009,1095703,1095742,mother
7009,1095703,1095773,mother
7009,1095704,1095743,father
7009,1095704,1095774,father
7009,1095705,1095743,mother
7009,1095705,1095774,mother
7009,1095706,1095744,father
7009,1095706,1095775,father
7009,1095707,1095744,mother
7009,1095707,1095775,mother
7009,1095708,1095745,father
7009,1095708,1095776,father
7009,1095709,1095745,mother
7009,1095709,1095776,mother
7009,1095710,1095746,father
7009,1095710,1095777,father
7009,1095711,1095746,mother
7009,1095711,1095777,mother
7009,1095712,1095747,father
7009,1095712,1095778,father
7009,1095713,1095747,mother
7009,1095713,1095778,mother
7009,1095714,1095748,father
7009,1095714,1095779,father
7009,1095715,1095748,mother
7009,1095715,1095779,mother
7009,1095716,1095749,father
7009,1095716,1095780,father
7009,1095717,1095749,mother
7009,1095717,1095780,mother
7009,1095718,1095750,father
7009,1095718,1095781,father
7009,1095719,1095750,mother
7009,1095719,1095781,mother
7009,1095720,1095793,father
7009,1095720,1095830,father
7009,1095720,1095867,father
7009,1095721,1095793,mother
7009,1095721,1095829,mother
7009,1095721,1095865,mother
7009,1095722,1095794,father
7009,1095722,1095831,father
7009,1095722,1095868,father
7009,1095723,1095794,mother
7009,1095723,1095830,mother
7009,1095723,1095866,mother
7009,1095724,1095795,father
7009,1095724,1095832,father
7009,1095724,1095869,father
7009,1095725,1095795,mother
7009,1095725,1095831,mother
7009,1095725,1095867,mother
7009,1095726,1095796,father
7009,1095726,1095833,father
7009,1095726,1095870,father
7009,1095727,1095796,mother
7009,1095727,1095832,mother
7009,1095727,1095868,mother
7009,1095728,1095797,father
7009,1095728,1095834,father
7009,1095728,1095871,father
7009,1095729,1095797,mother
7009,1095729,1095833,mother
7009,1095729,1095869,mother
7009,1095730,1095798,father
7009,1095730,1095835,father
7009,1095730,1095872,father
7009,1095731,1095798,mother
7009,1095731,1095834,mother
7009,1095731,1095870,mother
7009,1095732,1095799,father
7009,1095732,1095836,father
7009,1095732,1095873,father
7009,1095733,1095799,mother
7009,1095733,1095835,mother
7009,1095733,1095871,mother
7009,1095734,1095800,father
7009,1095734,1095837,father
7009,1095734,1095874,father
7009,1095735,1095800,mother
7009,1095735,1095836,mother
7009,1095735,1095872,mother
7009,1095736,1095801,father
7009,1095736,1095838,father
7009,1095736,1095875,father
7009,1095737,1095801,mother
7009,1095737,1095837,mother
7009,1095737,1095873,mother
7009,1095738,1095802,father
7009,1095738,1095839,father
7009,1095739,1095802,mother
7009,1095739,1095838,mother
7009,1095739,1095874,mother
7009,1095740,1095803,father
7009,1095740,1095840,father
7009,1095741,1095803,mother
7009,1095741,1095839,mother
7009,1095741,1095875,mother
7009,1095742,1095804,father
7009,1095742,1095841,father
7009,1095743,1095804,mother
7009,1095743,1095840,mother
7009,1095744,1095805,father
7009,1095744,1095842,father
7009,1095745,1095805,mother
7009,1095745,1095841,mother
7009,1095746,1095806,father
7009,1095746,1095843,father
7009,1095747,1095806,mother
7009,1095747,1095842,mother
7009,1095748,1095807,father
7009,1095748,1095844,father
7009,1095749,1095807,mother
7009,1095749,1095843,mother
7009,1095750,1095808,father
7009,1095750,1095845,father
7009,1095751,1095808,mother
7009,1095751,1095844,mother
7009,1095752,1095809,father
7009,1095752,1095846,father
7009,1095753,1095809,mother
7009,1095753,1095845,mother
7009,1095754,1095810,father
7009,1095754,1095847,father
7009,1095755,1095810,mother
7009,1095755,1095846,mother
7009,1095756,1095811,father
7009,1095756,1095848,father
7009,1095757,1095811,mother
7009,1095757,1095847,mother
7009,1095758,1095812,father
7009,1095758,1095849,father
7009,1095759,1095812,mother
7009,1095759,1095848,mother
7009,1095760,1095813,father
7009,1095760,1095850,father
7009,1095761,1095813,mother
7009,1095761,1095849,mother
7009,1095762,1095814,father
7009,1095762,1095851,father
7009,1095763,1095814,mother
7009,1095763,1095850,mother
7009,1095764,1095815,father
7009,1095764,1095852,father
7009,1095765,1095815,mother
7009,1095765,1095851,mother
7009,1095766,1095816,father
7009,1095766,1095853,father
7009,1095767,1095816,mother
7009,1095767,1095852,mother
7009,1095768,1095817,father
7009,1095768,1095854,father
7009,1095769,1095817,mother
7009,1095769,1095853,mother
7009,1095770,1095818,father
7009,1095770,1095855,father
7009,1095771,1095818,mother
7009,1095771,1095854,mother
7009,1095772,1095819,father
7009,1095772,1095856,father
7009,1095773,1095819,mother
7009,1095773,1095855,mother
7009,1095774,1095820,father
7009,1095774,1095857,father
7009,1095775,1095820,mother
7009,1095775,1095856,mother
7009,1095776,1095821,father
7009,1095776,1095858,father
7009,1095777,1095821,mother
7009,1095777,1095857,mother
7009,1095778,1095822,father
7009,1095778,1095859,father
7009,1095779,1095822,mother
7009,1095779,1095858,mother
7009,1095780,1095823,father
7009,1095780,1095860,father
7009,1095781,1095823,mother
7009,1095781,1095859,mother
7009,1095782,1095824,father
7009,1095782,1095861,father
7009,1095783,1095824,mother
7009,1095783,1095860,mother
7009,1095784,1095825,father
7009,1095784,1095862,father
7009,1095785,1095825,mother
7009,1095785,1095861,mother
7009,1095786,1095826,father
7009,1095786,1095863,father
7009,1095787,1095826,mother
7009,1095787,1095862,mother
7009,1095788,1095827,father
7009,1095788,1095864,father
7009,1095789,1095827,mother
7009,1095789,1095863,mother
7009,1095790,1095828,father
7009,1095790,1095865,father
7009,1095791,1095828,mother
7009,1095791,1095864,mother
7009,1095792,1095829,father
7009,1095792,1095866,father
7009,1095793,1095876,father
7009,1095793,1095918,father
7009,1095793,1095960,father
7009,1095794,1095876,mother
7009,1095794,1095917,mother
7009,1095794,1095958,mother
7009,1095795,1095877,father
7009,1095795,1095919,father
7009,1095795,1095961,father
7009,1095796,1095877,mother
7009,1095796,1095918,mother
7009,1095796,1095959,mother
7009,1095797,1095878,father
7009,1095797,1095920,father
7009,1095797,1095962,father
7009,1095798,1095878,mother
7009,1095798,1095919,mother
7009,1095798,1095960,mother
7009,1095799,1095879,father
7009,1095799,1095921,father
7009,1095799,1095963,father
7009,1095800,1095879,mother
7009,1095800,1095920,mother
7009,1095800,1095961,mother
7009,1095801,1095880,father
7009,1095801,1095922,father
7009,1095801,1095964,father
7009,1095802,1095880,mother
7009,1095802,1095921,mother
7009,1095802,1095962,mother
7009,1095803,1095881,father
7009,1095803,1095923,father
7009,1095803,1095965,father
7009,1095804,1095881,mother
7009,1095804,1095922,mother
7009,1095804,1095963,mother
7009,1095805,1095882,father
7009,1095805,1095924,father
7009,1095805,1095966,father
7009,1095806,1095882,mother
7009,1095806,1095923,mother
7009,1095806,1095964,mother
7009,1095807,1095883,father
7009,1095807,1095925,father
7009,1095807,1095967,father
7009,1095808,1095883,mother
7009,1095808,1095924,mother
7009,1095808,1095965,mother
7009,1095809,1095884,father
7009,1095809,1095926,father
7009,1095809,1095968,father
7009,1095810,1095884,mother
7009,1095810,1095925,mother
7009,1095810,1095966,mother
7009,1095811,1095885,father
7009,1095811,1095927,father
7009,1095812,1095885,mother
7009,1095812,1095926,mother
7009,1095812,1095967,mother
7009,1095813,1095886,father
7009,1095813,1095928,father
7009,1095814,1095886,mother
7009,1095814,1095927,mother
7009,1095814,1095968,mother
7009,1095815,1095887,father
7009,1095815,1095929,father
7009,1095816,1095887,mother
7009,1095816,1095928,mother
7009,1095817,1095888,father
7009,1095817,1095930,father
7009,1095818,1095888,mother
7009,1095818,1095929,mother
7009,1095819,1095889,father
7009,1095819,1095931,father
7009,1095820,1095889,mother
7009,1095820,1095930,mother
7009,1095821,1095890,father
7009,1095821,1095932,father
7009,1095822,1095890,mother
7009,1095822,1095931,mother
7009,1095823,1095891,father
7009,1095823,1095933,father
7009,1095824,1095891,mother
7009,1095824,1095932,mother
7009,1095825,1095892,father
7009,1095825,1095934,father
7009,1095826,1095892,mother
7009,1095826,1095933,mother
7009,1095827,1095893,father
7009,1095827,1095935,father
7009,1095828,1095893,mother
7009,1095828,1095934,mother
7009,1095829,1095894,father
7009,1095829,1095936,father
7009,1095830,1095894,mother
7009,1095830,1095935,mother
7009,1095831,1095895,father
7009,1095831,1095937,father
7009,1095832,1095895,mother
7009,1095832,1095936,mother
7009,1095833,1095896,father
7009,1095833,1095938,father
7009,1095834,1095896,mother
7009,1095834,1095937,mother
7009,1095835,1095897,father
7009,1095835,1095939,father
7009,1095836,1095897,mother
7009,1095836,1095938,mother
7009,1095837,1095898,father
7009,1095837,1095940,father
7009,1095838,1095898,mother
7009,1095838,1095939,mother
7009,1095839,1095899,father
7009,1095839,1095941,father
7009,1095840,1095899,mother
7009,1095840,1095940,mother
7009,1095841,1095900,father
7009,1095841,1095942,father
7009,1095842,1095900,mother
7009,1095842,1095941,mother
7009,1095843,1095901,father
7009,1095843,1095943,father
7009,1095844,1095901,mother
7009,1095844,1095942,mother
7009,1095845,1095902,father
7009,1095845,1095944,father
7009,1095846,1095902,mother
7009,1095846,1095943,mother
7009,1095847,1095903,father
7009,1095847,1095945,father
7009,1095848,1095903,mother
7009,1095848,1095944,mother
7009,1095849,1095904,father
7009,1095849,1095946,father
7009,1095850,1095904,mother
7009,1095850,1095945,mother
7009,1095851,1095905,father
7009,1095851,1095947,father
7009,1095852,1095905,mother
7009,1095852,1095946,mother
7009,1095853,1095906,father
7009,1095853,1095948,father
7009,1095854,1095906,mother
7009,1095854,1095947,mother
7009,1095855,1095907,father
7009,1095855,1095949,father
7009,1095856,1095907,mother
7009,1095856,1095948,mother
7009,1095857,1095908,father
7009,1095857,1095950,father
7009,1095858,1095908,mother
7009,1095858,1095949,mother
7009,1095859,1095909,father
7009,1095859,1095951,father
7009,1095860,1095909,mother
7009,1095860,1095950,mother
7009,1095861,1095910,father
7009,1095861,1095952,father
7009,1095862,1095910,mother
7009,1095862,1095951,mother
7009,1095863,1095911,father
7009,1095863,1095953,father
7009,1095864,1095911,mother
7009,1095864,1095952,mother
7009,1095865,1095912,father
7009,1095865,1095954,father
7009,1095866,1095912,mother
7009,1095866,1095953,mother
7009,1095867,1095913,father
7009,1095867,1095955,father
7009,1095868,1095913,mother
7009,1095868,1095954,mother
7009,1095869,1095914,father
7009,1095869,1095956,father
7009,1095870,1095914,mother
7009,1095870,1095955,mother
7009,1095871,1095915,father
7009,1095871,1095957,father
7009,1095872,1095915,mother
7009,1095872,1095956,mother
7009,1095873,1095916,father
7009,1095873,1095958,father
7009,1095874,1095916,mother
7009,1095874,1095957,mother
7009,1095875,1095917,father
7009,1095875,1095959,father
7009,1095876,1095969,father
7009,1095876,1096016,father
7009,1095876,1096063,father
7009,1095877,1095969,mother
7009,1095877,1096015,mother
7009,1095877,1096061,mother
7009,1095878,1095970,father
7009,1095878,1096017,father
7009,1095878,1096064,father
7009,1095879,1095970,mother
7009,1095879,1096016,mother
7009,1095879,1096062,mother
7009,1095880,1095971,father
7009,1095880,1096018,father
7009,1095880,1096065,father
7009,1095881,1095971,mother
7009,1095881,1096017,mother
7009,1095881,1096063,mother
7009,1095882,1095972,father
7009,1095882,1096019,father
7009,1095882,1096066,father
7009,1095883,1095972,mother
7009,1095883,1096018,mother
7009,1095883,1096064,mother
7009,1095884,1095973,father
7009,1095884,1096020,father
7009,1095884,1096067,father
7009,1095885,1095973,mother
7009,1095885,1096019,mother
7009,1095885,1096065,mother
7009,1095886,1095974,father
7009,1095886,1096021,father
7009,1095886,1096068,father
7009,1095887,1095974,mother
7009,1095887,1096020,mother
7009,1095887,1096066,mother
7009,1095888,1095975,father
7009,1095888,1096022,father
7009,1095888,1096069,father
7009,1095889,1095975,mother
7009,1095889,1096021,mother
7009,1095889,1096067,mother
7009,1095890,1095976,father
7009,1095890,1096023,father
7009,1095890,1096070,father
7009,1095891,1095976,mother
7009,1095891,1096022,mother
7009,1095891,1096068,mother
7009,1095892,1095977,father
7009,1095892,1096024,father
7009,1095892,1096071,father
7009,1095893,1095977,mother
7009,1095893,1096023,mother
7009,1095893,1096069,mother
7009,1095894,1095978,father
7009,1095894,1096025,father
7009,1095895,1095978,mother
7009,1095895,1096024,mother
7009,1095895,1096070,mother
7009,1095896,1095979,father
7009,1095896,1096026,father
7009,1095897,1095979,mother
7009,1095897,1096025,mother
7009,1095897,1096071,mother
7009,1095898,1095980,father
7009,1095898,1096027,father
7009,1095899,1095980,mother
7009,1095899,1096026,mother
7009,1095900,1095981,father
7009,1095900,1096028,father
7009,1095901,1095981,mother
7009,1095901,1096027,mother
7009,1095902,1095982,father
7009,1095902,1096029,father
7009,1095903,1095982,mother
7009,1095903,1096028,mother
7009,1095904,1095983,father
7009,1095904,1096030,father
7009,1095905,1095983,mother
7009,1095905,1096029,mother
7009,1095906,1095984,father
7009,1095906,1096031,father
7009,1095907,1095984,mother
7009,1095907,1096030,mother
7009,1095908,1095985,father
7009,1095908,1096032,father
7009,1095909,1095985,mother
7009,1095909,1096031,mother
7009,1095910,1095986,father
7009,1095910,1096033,father
7009,1095911,1095986,mother
7009,1095911,1096032,mother
7009,1095912,1095987,father
7009,1095912,1096034,father
7009,1095913,1095987,mother
7009,1095913,1096033,mother
7009,1095914,1095988,father
7009,1095914,1096035,father
7009,1095915,1095988,mother
7009,1095915,1096034,mother
7009,1095916,1095989,father
7009,1095916,1096036,father
7009,1095917,1095989,mother
7009,1095917,1096035,mother
7009,1095918,1095990,father
7009,1095918,1096037,father
7009,1095919,1095990,mother
7009,1095919,1096036,mother
7009,1095920,1095991,father
7009,1095920,1096038,father
7009,1095921,1095991,mother
7009,1095921,1096037,mother
7009,1095922,1095992,father
7009,1095922,1096039,father
7009,1095923,1095992,mother
7009,1095923,1096038,mother
7009,1095924,1095993,father
7009,1095924,1096040,father
7009,1095925,1095993,mother
7009,1095925,1096039,mother
7009,1095926,1095994,father
7009,1095926,1096041,father
7009,1095927,1095994,mother
7009,1095927,1096040,mother
7009,1095928,1095995,father
7009,1095928,1096042,father
7009,1095929,1095995,mother
7009,1095929,1096041,mother
7009,1095930,1095996,father
7009,1095930,1096043,father
7009,1095931,1095996,mother
7009,1095931,1096042,mother
7009,1095932,1095997,father
7009,1095932,1096044,father
7009,1095933,1095997,mother
7009,1095933,1096043,mother
7009,1095934,1095998,father
7009,1095934,1096045,father
7009,1095935,1095998,mother
7009,1095935,1096044,mother
7009,1095936,1095999,father
7009,1095936,1096046,father
7009,1095937,1095999,mother
7009,1095937,1096045,mother
7009,1095938,1096000,father
7009,1095938,1096047,father
7009,1095939,1096000,mother
7009,1095939,1096046,mother
7009,1095940,1096001,father
7009,1095940,1096048,father
7009,1095941,1096001,mother
7009,1095941,1096047,mother
7009,1095942,1096002,father
7009,1095942,1096049,father
7009,1095943,1096002,mother
7009,1095943,1096048,mother
7009,1095944,1096003,father
7009,1095944,1096050,father
7009,1095945,1096003,mother
7009,1095945,1096049,mother
7009,1095946,1096004,father
7009,1095946,1096051,father
7009,1095947,1096004,mother
7009,1095947,1096050,mother
7009,1095948,1096005,father
7009,1095948,1096052,father
7009,1095949,1096005,mother
7009,1095949,1096051,mother
7009,1095950,1096006,father
7009,1095950,1096053,father
7009,1095951,1096006,mother
7009,1095951,1096052,mother
7009,1095952,1096007,father
7009,1095952,1096054,father
7009,1095953,1096007,mother
7009,1095953,1096053,mother
7009,1095954,1096008,father
7009,1095954,1096055,father
7009,1095955,1096008,mother
7009,1095955,1096054,mother
7009,1095956,1096009,father
7009,1095956,1096056,father
7009,1095957,1096009,mother
7009,1095957,1096055,mother
7009,1095958,1096010,father
7009,1095958,1096057,father
7009,1095959,1096010,mother
7009,1095959,1096056,mother
7009,1095960,1096011,father
7009,1095960,1096058,father
7009,1095961,1096011,mother
7009,1095961,1096057,mother
7009,1095962,1096012,father
7009,1095962,1096059,father
7009,1095963,1096012,mother
7009,1095963,1096058,mother
7009,1095964,1096013,father
7009,1095964,1096060,father
7009,1095965,1096013,mother
7009,1095965,1096059,mother
7009,1095966,1096014,father
7009,1095966,1096061,father
7009,1095967,1096014,mother
7009,1095967,1096060,mother
7009,1095968,1096015,father
7009,1095968,1096062,father
7009,1095969,1096072,father
7009,1095969,1096124,father
7009,1095969,1096176,father
7009,1095970,1096072,mother
7009,1095970,1096123,mother
7009,1095970,1096174,mother
7009,1095971,1096073,father
7009,1095971,1096125,father
7009,1095971,1096177,father
7009,1095972,1096073,mother
7009,1095972,1096124,mother
7009,1095972,1096175,mother
7009,1095973,1096074,father
7009,1095973,1096126,father
7009,1095973,1096178,father
7009,1095974,1096074,mother
7009,1095974,1096125,mother
7009,1095974,1096176,mother
7009,1095975,1096075,father
7009,1095975,1096127,father
7009,1095975,1096179,father
7009,1095976,1096075,mother
7009,1095976,1096126,mother
7009,1095976,1096177,mother
7009,1095977,1096076,father
7009,1095977,1096128,father
7009,1095977,1096180,father
7009,1095978,1096076,mother
7009,1095978,1096127,mother
7009,1095978,1096178,mother
7009,1095979,1096077,father
7009,1095979,1096129,father
7009,1095979,1096181,father
7009,1095980,1096077,mother
7009,1095980,1096128,mother
7009,1095980,1096179,mother
7009,1095981,1096078,father
7009,1095981,1096130,father
7009,1095981,1096182,father
7009,1095982,1096078,mother
7009,1095982,1096129,mother
7009,1095982,1096180,mother
7009,1095983,1096079,father
7009,1095983,1096131,father
7009,1095983,1096183,father
7009,1095984,1096079,mother
7009,1095984,1096130,mother
7009,1095984,1096181,mother
7009,1095985,1096080,father
7009,1095985,1096132,father
7009,1095985,1096184,father
7009,1095986,1096080,mother
7009,1095986,1096131,mother
7009,1095986,1096182,mother
7009,1095987,1096081,father
7009,1095987,1096133,father
7009,1095987,1096185,father
7009,1095988,1096081,mother
7009,1095988,1096132,mother
7009,1095988,1096183,mother
7009,1095989,1096082,father
7009,1095989,1096134,father
7009,1095990,1096082,mother
7009,1095990,1096133,mother
7009,1095990,1096184,mother
7009,1095991,1096083,father
7009,1095991,1096135,father
7009,1095992,1096083,mother
7009,1095992,1096134,mother
7009,1095992,1096185,mother
7009,1095993,1096084,father
7009,1095993,1096136,father
7009,1095994,1096084,mother
7009,1095994,1096135,mother
7009,1095995,1096085,father
7009,1095995,1096137,father
7009,1095996,1096085,mother
7009,1095996,1096136,mother
7009,1095997,1096086,father
7009,1095997,1096138,father
7009,1095998,1096086,mother
7009,1095998,1096137,mother
7009,1095999,1096087,father
7009,1095999,1096139,father
7009,1096000,1096087,mother
7009,1096000,1096138,mother
7009,1096001,1096088,father
7009,1096001,1096140,father
7009,1096002,1096088,mother
7009,1096002,1096139,mother
7009,1096003,1096089,father
7009,1096003,1096141,father
7009,1096004,1096089,mother
7009,1096004,1096140,mother
7009,1096005,1096090,father
7009,1096005,1096142,father
7009,1096006,1096090,mother
7009,1096006,1096141,mother
7009,1096007,1096091,father
7009,1096007,1096143,father
7009,1096008,1096091,mother
7009,1096008,1096142,mother
7009,1096009,1096092,father
7009,1096009,1096144,father
7009,1096010,1096092,mother
7009,1096010,1096143,mother
7009,1096011,1096093,father
7009,1096011,1096145,father
7009,1096012,1096093,mother
7009,1096012,1096144,mother
7009,1096013,1096094,father
7009,1096013,1096146,father
7009,1096014,1096094,mother
7009,1096014,1096145,mother
7009,1096015,1096095,father
7009,1096015,1096147,father
7009,1096016,1096095,mother
7009,1096016,1096146,mother
7009,1096017,1096096,father
7009,1096017,1096148,father
7009,1096018,1096096,mother
7009,1096018,1096147,mother
7009,1096019,1096097,father
7009,1096019,1096149,father
7009,1096020,1096097,mother
7009,1096020,1096148,mother
7009,1096021,1096098,father
7009,1096021,1096150,father
7009,1096022,1096098,mother
7009,1096022,1096149,mother
7009,1096023,1096099,father
7009,1096023,1096151,father
7009,1096024,1096099,mother
7009,1096024,1096150,mother
7009,1096025,1096100,father
7009,1096025,1096152,father
7009,1096026,1096100,mother
7009,1096026,1096151,mother
7009,1096027,1096101,father
7009,1096027,1096153,father
7009,1096028,1096101,mother
7009,1096028,1096152,mother
7009,1096029,1096102,father
7009,1096029,1096154,father
7009,1096030,1096102,mother
7009,1096030,1096153,mother
7009,1096031,1096103,father
7009,1096031,1096155,father
7009,1096032,1096103,mother
7009,1096032,1096154,mother
7009,1096033,1096104,father
7009,1096033,1096156,father
7009,1096034,1096104,mother
7009,1096034,1096155,mother
7009,1096035,1096105,father
7009,1096035,1096157,father
7009,1096036,1096105,mother
7009,1096036,1096156,mother
7009,1096037,1096106,father
7009,1096037,1096158,father
7009,1096038,1096106,mother
7009,1096038,1096157,mother
7009,1096039,1096107,father
7009,1096039,1096159,father
7009,1096040,1096107,mother
7009,1096040,1096158,mother
7009,1096041,1096108,father
7009,1096041,1096160,father
7009,1096042,1096108,mother
7009,1096042,1096159,mother
7009,1096043,1096109,father
7009,1096043,1096161,father
7009,1096044,1096109,mother
7009,1096044,1096160,mother
7009,1096045,1096110,father
7009,1096045,1096162,father
7009,1096046,1096110,mother
7009,1096046,1096161,mother
7009,1096047,1096111,father
7009,1096047,1096163,father
7009,1096048,1096111,mother
7009,1096048,1096162,mother
7009,1096049,1096112,father
7009,1096049,1096164,father
7009,1096050,1096112,mother
7009,1096050,1096163,mother
7009,1096051,1096113,father
7009,1096051,1096165,father
7009,1096052,1096113,mother
7009,1096052,1096164,mother
7009,1096053,1096114,father
7009,1096053,1096166,father
7009,1096054,1096114,mother
7009,1096054,1096165,mother
7009,1096055,1096115,father
7009,1096055,1096167,father
7009,1096056,1096115,mother
7009,1096056,1096166,mother
7009,1096057,1096116,father
7009,1096057,1096168,father
7009,1096058,1096116,mother
7009,1096058,1096167,mother
7009,1096059,1096117,father
7009,1096059,1096169,father
7009,1096060,1096117,mother
7009,1096060,1096168,mother
7009,1096061,1096118,father
7009,1096061,1096170,father
7009,1096062,1096118,mother
7009,1096062,1096169,mother
7009,1096063,1096119,father
7009,1096063,1096171,father
7009,1096064,1096119,mother
7009,1096064,1096170,mother
7009,1096065,1096120,father
7009,1096065,1096172,father
7009,1096066,1096120,mother
7009,1096066,1096171,mother
7009,1096067,1096121,father
7009,1096067,1096173,father
7009,1096068,1096121,mother
7009,1096068,1096172,mother
7009,1096069,1096122,father
7009,1096069,1096174,father
7009,1096070,1096122,mother
7009,1096070,1096173,mother
7009,1096071,1096123,father
7009,1096071,1096175,father
7009,1096072,1096186,father
7009,1096072,1096243,father
7009,1096072,1096300,father
7009,1096073,1096186,mother
7009,1096073,1096243,mother
7009,1096073,1096300,mother
7009,1096074,1096187,father
7009,1096074,1096244,father
7009,1096074,1096301,father
7009,1096075,1096187,mother
7009,1096075,1096244,mother
7009,1096075,1096301,mother
7009,1096076,1096188,father
7009,1096076,1096245,father
7009,1096076,1096302,father
7009,1096077,1096188,mother
7009,1096077,1096245,mother
7009,1096077,1096302,mother
7009,1096078,1096189,father
7009,1096078,1096246,father
7009,1096078,1096303,father
7009,1096079,1096189,mother
7009,1096079,1096246,mother
7009,1096079,1096303,mother
7009,1096080,1096190,father
7009,1096080,1096247,father
7009,1096080,1096304,father
7009,1096081,1096190,mother
7009,1096081,1096247,mother
7009,1096081,1096304,mother
7009,1096082,1096191,father
7009,1096082,1096248,father
7009,1096082,1096305,father
7009,1096083,1096191,mother
7009,1096083,1096248,mother
7009,1096083,1096305,mother
7009,1096084,1096192,father
7009,1096084,1096249,father
7009,1096084,1096306,father
7009,1096085,1096192,mother
7009,1096085,1096249,mother
7009,1096085,1096306,mother
7009,1096086,1096193,father
7009,1096086,1096250,father
7009,1096086,1096307,father
7009,1096087,1096193,mother
7009,1096087,1096250,mother
7009,1096087,1096307,mother
7009,1096088,1096194,father
7009,1096088,1096251,father
7009,1096088,1096308,father
7009,1096089,1096194,mother
7009,1096089,1096251,mother
7009,1096089,1096308,mother
7009,1096090,1096195,father
7009,1096090,1096252,father
7009,1096090,1096309,father
7009,1096091,1096195,mother
7009,1096091,1096252,mother
7009,1096091,1096309,mother
7009,1096092,1096196,father
7009,1096092,1096253,father
7009,1096093,1096196,mother
7009,1096093,1096253,mother
7009,1096094,1096197,father
7009,1096094,1096254,father
7009,1096095,1096197,mother
7009,1096095,1096254,mother
7009,1096096,1096198,father
7009,1096096,1096255,father
7009,1096097,1096198,mother
7009,1096097,1096255,mother
7009,1096098,1096199,father
7009,1096098,1096256,father
7009,1096099,1096199,mother
7009,1096099,1096256,mother
7009,1096100,1096200,father
7009,1096100,1096257,father
7009,1096101,1096200,mother
7009,1096101,1096257,mother
7009,1096102,1096201,father
7009,1096102,1096258,father
7009,1096103,1096201,mother
7009,1096103,1096258,mother
7009,1096104,1096202,father
7009,1096104,1096259,father
7009,1096105,1096202,mother
7009,1096105,1096259,mother
7009,1096106,1096203,father
7009,1096106,1096260,father
7009,1096107,1096203,mother
7009,1096107,1096260,mother
7009,1096108,1096204,father
7009,1096108,1096261,father
7009,1096109,1096204,mother
7009,1096109,1096261,mother
7009,1096110,1096205,father
7009,1096110,1096262,father
7009,1096111,1096205,mother
7009,1096111,1096262,mother
7009,1096112,1096206,father
7009,1096112,1096263,father
7009,1096113,1096206,mother
7009,1096113,1096263,mother
7009,1096114,1096207,father
7009,1096114,1096264,father
7009,1096115,1096207,mother
7009,1096115,1096264,mother
7009,1096116,1096208,father
7009,1096116,1096265,father
7009,1096117,1096208,mother
7009,1096117,1096265,mother
7009,1096118,1096209,father
7009,1096118,1096266,father
7009,1096119,1096209,mother
7009,1096119,1096266,mother
7009,1096120,1096210,father
7009,1096120,1096267,father
7009,1096121,1096210,mother
7009,1096121,1096267,mother
7009,1096122,1096211,father
7009,1096122,1096268,father
7009,1096123,1096211,mother
7009,1096123,1096268,mother
7009,1096124,1096212,father
7009,1096124,1096269,father
7009,1096125,1096212,mother
7009,1096125,1096269,mother
7009,1096126,1096213,father
7009,1096126,1096270,father
7009,1096127,1096213,mother
7009,1096127,1096270,mother
7009,1096128,1096214,father
7009,1096128,1096271,father
7009,1096129,1096214,mother
7009,1096129,1096271,mother
7009,1096130,1096215,father
7009,1096130,1096272,father
7009,1096131,1096215,mother
7009,1096131,1096272,mother
7009,1096132,1096216,father
7009,1096132,1096273,father
7009,1096133,1096216,mother
7009,1096133,1096273,mother
7009,1096134,1096217,father
7009,1096134,1096274,father
7009,1096135,1096217,mother
7009,1096135,1096274,mother
7009,1096136,1096218,father
7009,1096136,1096275,father
7009,1096137,1096218,mother
7009,1096137,1096275,mother
7009,1096138,1096219,father
7009,1096138,1096276,father
7009,1096139,1096219,mother
7009,1096139,1096276,mother
7009,1096140,1096220,father
7009,1096140,1096277,father
7009,1096141,1096220,mother
7009,1096141,1096277,mother
7009,1096142,1096221,father
7009,1096142,1096278,father
7009,1096143,1096221,mother
7009,1096143,1096278,mother
7009,1096144,1096222,father
7009,1096144,1096279,father
7009,1096145,1096222,mother
7009,1096145,1096279,mother
7009,1096146,1096223,father
7009,1096146,1096280,father
7009,1096147,1096223,mother
7009,1096147,1096280,mother
7009,1096148,1096224,father
7009,1096148,1096281,father
7009,1096149,1096224,mother
7009,1096149,1096281,mother
7009,1096150,1096225,father
7009,1096150,1096282,father
7009,1096151,1096225,mother
7009,1096151,1096282,mother
7009,1096152,1096226,father
7009,1096152,1096283,father
7009,1096153,1096226,mother
7009,1096153,1096283,mother
7009,1096154,1096227,father
7009,1096154,1096284,father
7009,1096155,1096227,mother
7009,1096155,1096284,mother
7009,1096156,1096228,father
7009,1096156,1096285,father
7009,1096157,1096228,mother
7009,1096157,1096285,mother
7009,1096158,1096229,father
7009,1096158,1096286,father
7009,1096159,1096229,mother
7009,1096159,1096286,mother
7009,1096160,1096230,father
7009,1096160,1096287,father
7009,1096161,1096230,mother
7009,1096161,1096287,mother
7009,1096162,1096231,father
7009,1096162,1096288,father
7009,1096163,1096231,mother
7009,1096163,1096288,mother
7009,1096164,1096232,father
7009,1096164,1096289,father
7009,1096165,1096232,mother
7009,1096165,1096289,mother
7009,1096166,1096233,father
7009,1096166,1096290,father
7009,1096167,1096233,mother
7009,1096167,1096290,mother
7009,1096168,1096234,father
7009,1096168,1096291,father
7009,1096169,1096234,mother
7009,1096169,1096291,mother
7009,1096170,1096235,father
7009,1096170,1096292,father
7009,1096171,1096235,mother
7009,1096171,1096292,mother
7009,1096172,1096236,father
7009,1096172,1096293,father
7009,1096173,1096236,mother
7009,1096173,1096293,mother
7009,1096174,1096237,father
7009,1096174,1096294,father
7009,1096175,1096237,mother
7009,1096175,1096294,mother
7009,1096176,1096238,father
7009,1096176,1096295,father
7009,1096177,1096238,mother
7009,1096177,1096295,mother
7009,1096178,1096239,father
7009,1096178,1096296,father
7009,1096179,1096239,mother
7009,1096179,1096296,mother
7009,1096180,1096240,father
7009,1096180,1096297,father
7009,1096181,1096240,mother
7009,1096181,1096297,mother
7009,1096182,1096241,father
7009,1096182,1096298,father
7009,1096183,1096241,mother
7009,1096183,1096298,mother
7009,1096184,1096242,father
7009,1096184,1096299,father
7009,1096185,1096242,mother
7009,1096185,1096299,mother
7009,1096186,1096310,father
7009,1096186,1096372,father
7009,1096186,1096434,father
7009,1096187,1096310,mother
7009,1096187,1096372,mother
7009,1096187,1096434,mother
7009,1096188,1096311,father
7009,1096188,1096373,father
7009,1096188,1096435,father
7009,1096189,1096311,mother
7009,1096189,1096373,mother
7009,1096189,1096435,mother
7009,1096190,1096312,father
7009,1096190,1096374,father
7009,1096190,1096436,father
7009,1096191,1096312,mother
7009,1096191,1096374,mother
7009,1096191,1096436,mother
7009,1096192,1096313,father
7009,1096192,1096375,father
7009,1096192,1096437,father
7009,1096193,1096313,mother
7009,1096193,1096375,mother
7009,1096193,1096437,mother
7009,1096194,1096314,father
7009,1096194,1096376,father
7009,1096194,1096438,father
7009,1096195,1096314,mother
7009,1096195,1096376,mother
7009,1096195,1096438,mother
7009,1096196,1096315,father
7009,1096196,1096377,father
7009,1096196,1096439,father
7009,1096197,1096315,mother
7009,1096197,1096377,mother
7009,1096197,1096439,mother
7009,1096198,1096316,father
7009,1096198,1096378,father
7009,1096198,1096440,father
7009,1096199,1096316,mother
7009,1096199,1096378,mother
7009,1096199,1096440,mother
7009,1096200,1096317,father
7009,1096200,1096379,father
7009,1096200,1096441,father
7009,1096201,1096317,mother
7009,1096201,1096379,mother
7009,1096201,1096441,mother
7009,1096202,1096318,father
7009,1096202,1096380,father
7009,1096202,1096442,father
7009,1096203,1096318,mother
7009,1096203,1096380,mother
7009,1096203,1096442,mother
7009,1096204,1096319,father
7009,1096204,1096381,father
7009,1096204,1096443,father
7009,1096205,1096319,mother
7009,1096205,1096381,mother
7009,1096205,1096443,mother
7009,1096206,1096320,father
7009,1096206,1096382,father
7009,1096207,1096320,mother
7009,1096207,1096382,mother
7009,1096208,1096321,father
7009,1096208,1096383,father
7009,1096209,1096321,mother
7009,1096209,1096383,mother
7009,1096210,1096322,father
7009,1096210,1096384,father
7009,1096211,1096322,mother
7009,1096211,1096384,mother
7009,1096212,1096323,father
7009,1096212,1096385,father
7009,1096213,1096323,mother
7009,1096213,1096385,mother
7009,1096214,1096324,father
7009,1096214,1096386,father
7009,1096215,1096324,mother
7009,1096215,1096386,mother
7009,1096216,1096325,father
7009,1096216,1096387,father
7009,1096217,1096325,mother
7009,1096217,1096387,mother
7009,1096218,1096326,father
7009,1096218,1096388,father
7009,1096219,1096326,mother
7009,1096219,1096388,mother
7009,1096220,1096327,father
7009,1096220,1096389,father
7009,1096221,1096327,mother
7009,1096221,1096389,mother
7009,1096222,1096328,father
7009,1096222,1096390,father
7009,1096223,1096328,mother
7009,1096223,1096390,mother
7009,1096224,1096329,father
7009,1096224,1096391,father
7009,1096225,1096329,mother
7009,1096225,1096391,mother
7009,1096226,1096330,father
7009,1096226,1096392,father
7009,1096227,1096330,mother
7009,1096227,1096392,mother
7009,1096228,1096331,father
7009,1096228,1096393,father
7009,1096229,1096331,mother
7009,1096229,1096393,mother
7009,1096230,1096332,father
7009,1096230,1096394,father
7009,1096231,1096332,mother
7009,1096231,1096394,mother
7009,1096232,1096333,father
7009,1096232,1096395,father
7009,1096233,1096333,mother
7009,1096233,1096395,mother
7009,1096234,1096334,father
7009,1096234,1096396,father
7009,1096235,1096334,mother
7009,1096235,1096396,mother
7009,1096236,1096335,father
7009,1096236,1096397,father
7009,1096237,1096335,mother
7009,1096237,1096397,mother
7009,1096238,1096336,father
7009,1096238,1096398,father
7009,1096239,1096336,mother
7009,1096239,1096398,mother
7009,1096240,1096337,father
7009,1096240,1096399,father
7009,1096241,1096337,mother
7009,1096241,1096399,mother
7009,1096242,1096338,father
7009,1096242,1096400,father
7009,1096243,1096338,mother
7009,1096243,1096400,mother
7009,1096244,1096339,father
7009,1096244,1096401,father
7009,1096245,1096339,mother
7009,1096245,1096401,mother
7009,1096246,1096340,father
7009,1096246,1096402,father
7009,1096247,1096340,mother
7009,1096247,1096402,mother
7009,1096248,1096341,father
7009,1096248,1096403,father
7009,1096249,1096341,mother
7009,1096249,1096403,mother
7009,1096250,1096342,father
7009,1096250,1096404,father
7009,1096251,1096342,mother
7009,1096251,1096404,mother
7009,1096252,1096343,father
7009,1096252,1096405,father
7009,1096253,1096343,mother
7009,1096253,1096405,mother
7009,1096254,1096344,father
7009,1096254,1096406,father
7009,1096255,1096344,mother
7009,1096255,1096406,mother
7009,1096256,1096345,father
7009,1096256,1096407,father
7009,1096257,1096345,mother
7009,1096257,1096407,mother
7009,1096258,1096346,father
7009,1096258,1096408,father
7009,1096259,1096346,mother
7009,1096259,1096408,mother
7009,1096260,1096347,father
7009,1096260,1096409,father
7009,1096261,1096347,mother
7009,1096261,1096409,mother
7009,1096262,1096348,father
7009,1096262,1096410,father
7009,1096263,1096348,mother
7009,1096263,1096410,mother
7009,1096264,1096349,father
7009,1096264,1096411,father
7009,1096265,1096349,mother
7009,1096265,1096411,mother
7009,1096266,1096350,father
7009,1096266,1096412,father
7009,1096267,1096350,mother
7009,1096267,1096412,mother
7009,1096268,1096351,father
7009,1096268,1096413,father
7009,1096269,1096351,mother
7009,1096269,1096413,mother
7009,1096270,1096352,father
7009,1096270,1096414,father
7009,1096271,1096352,mother
7009,1096271,1096414,mother
7009,1096272,1096353,father
7009,1096272,1096415,father
7009,1096273,1096353,mother
7009,1096273,1096415,mother
7009,1096274,1096354,father
7009,1096274,1096416,father
7009,1096275,1096354,mother
7009,1096275,1096416,mother
7009,1096276,1096355,father
7009,1096276,1096417,father
7009,1096277,1096355,mother
7009,1096277,1096417,mother
7009,1096278,1096356,father
7009,1096278,1096418,father
7009,1096279,1096356,mother
7009,1096279,1096418,mother
7009,1096280,1096357,father
7009,1096280,1096419,father
7009,1096281,1096357,mother
7009,1096281,1096419,mother
7009,1096282,1096358,father
7009,1096282,1096420,father
7009,1096283,1096358,mother
7009,1096283,1096420,mother
7009,1096284,1096359,father
7009,1096284,1096421,father
7009,1096285,1096359,mother
7009,1096285,1096421,mother
7009,1096286,1096360,father
7009,1096286,1096422,father
7009,1096287,1096360,mother
7009,1096287,1096422,mother
7009,1096288,1096361,father
7009,1096288,1096423,father
7009,1096289,1096361,mother
7009,1096289,1096423,mother
7009,1096290,1096362,father
7009,1096290,1096424,father
7009,1096291,1096362,mother
7009,1096291,1096424,mother
7009,1096292,1096363,father
7009,1096292,1096425,father
7009,1096293,1096363,mother
7009,1096293,1096425,mother
7009,1096294,1096364,father
7009,1096294,1096426,father
7009,1096295,1096364,mother
7009,1096295,1096426,mother
7009,1096296,1096365,father
7009,1096296,1096427,father
7009,1096297,1096365,mother
7009,1096297,1096427,mother
7009,1096298,1096366,father
7009,1096298,1096428,father
7009,1096299,1096366,mother
7009,1096299,1096428,mother
7009,1096300,1096367,father
7009,1096300,1096429,father
7009,1096301,1096367,mother
7009,1096301,1096429,mother
7009,1096302,1096368,father
7009,1096302,1096430,father
7009,1096303,1096368,mother
7009,1096303,1096430,mother
7009,1096304,1096369,father
7009,1096304,1096431,father
7009,1096305,1096369,mother
7009,1096305,1096431,mother
7009,1096306,1096370,father
7009,1096306,1096432,father
7009,1096307,1096370,mother
7009,1096307,1096432,mother
7009,1096308,1096371,father
7009,1096308,1096433,father
7009,1096309,1096371,mother
7009,1096309,1096433,mother
7009,1096310,1096444,father
7009,1096310,1096511,father
7009,1096310,1096578,father
7009,1096311,1096444,mother
7009,1096311,1096511,mother
7009,1096311,1096578,mother
7009,1096312,1096445,father
7009,1096312,1096512,father
7009,1096312,1096579,father
7009,1096313,1096445,mother
7009,1096313,1096512,mother
7009,1096313,1096579,mother
7009,1096314,1096446,father
7009,1096314,1096513,father
7009,1096314,1096580,father
7009,1096315,1096446,mother
7009,1096315,1096513,mother
7009,1096315,1096580,mother
7009,1096316,1096447,father
7009,1096316,1096514,father
7009,1096316,1096581,father
7009,1096317,1096447,mother
7009,1096317,1096514,mother
7009,1096317,1096581,mother
7009,1096318,1096448,father
7009,1096318,1096515,father
7009,1096318,1096582,father
7009,1096319,1096448,mother
7009,1096319,1096515,mother
7009,1096319,1096582,mother
7009,1096320,1096449,father
7009,1096320,1096516,father
7009,1096320,1096583,father
7009,1096321,1096449,mother
7009,1096321,1096516,mother
7009,1096321,1096583,mother
7009,1096322,1096450,father
7009,1096322,1096517,father
7009,1096322,1096584,father
7009,1096323,1096450,mother
7009,1096323,1096517,mother
7009,1096323,1096584,mother
7009,1096324,1096451,father
7009,1096324,1096518,father
7009,1096324,1096585,father
7009,1096325,1096451,mother
7009,1096325,1096518,mother
7009,1096325,1096585,mother
7009,1096326,1096452,father
7009,1096326,1096519,father
7009,1096326,1096586,father
7009,1096327,1096452,mother
7009,1096327,1096519,mother
7009,1096327,1096586,mother
7009,1096328,1096453,father
7009,1096328,1096520,father
7009,1096328,1096587,father
7009,1096329,1096453,mother
7009,1096329,1096520,mother
7009,1096329,1096587,mother
7009,1096330,1096454,father
7009,1096330,1096521,father
7009,1096330,1096588,father
7009,1096331,1096454,mother
7009,1096331,1096521,mother
7009,1096331,1096588,mother
7009,1096332,1096455,father
7009,1096332,1096522,father
7009,1096333,1096455,mother
7009,1096333,1096522,mother
7009,1096334,1096456,father
7009,1096334,1096523,father
7009,1096335,1096456,mother
7009,1096335,1096523,mother
7009,1096336,1096457,father
7009,1096336,1096524,father
7009,1096337,1096457,mother
7009,1096337,1096524,mother
7009,1096338,1096458,father
7009,1096338,1096525,father
7009,1096339,1096458,mother
7009,1096339,1096525,mother
7009,1096340,1096459,father
7009,1096340,1096526,father
7009,1096341,1096459,mother
7009,1096341,1096526,mother
7009,1096342,1096460,father
7009,1096342,1096527,father
7009,1096343,1096460,mother
7009,1096343,1096527,mother
7009,1096344,1096461,father
7009,1096344,1096528,father
7009,1096345,1096461,mother
7009,1096345,1096528,mother
7009,1096346,1096462,father
7009,1096346,1096529,father
7009,1096347,1096462,mother
7009,1096347,1096529,mother
7009,1096348,1096463,father
7009,1096348,1096530,father
7009,1096349,1096463,mother
7009,1096349,1096530,mother
7009,1096350,1096464,father
7009,1096350,1096531,father
7009,1096351,1096464,mother
7009,1096351,1096531,mother
7009,1096352,1096465,father
7009,1096352,1096532,father
7009,1096353,1096465,mother
7009,1096353,1096532,mother
7009,1096354,1096466,father
7009,1096354,1096533,father
7009,1096355,1096466,mother
7009,1096355,1096533,mother
7009,1096356,1096467,father
7009,1096356,1096534,father
7009,1096357,1096467,mother
7009,1096357,1096534,mother
7009,1096358,1096468,father
7009,1096358,1096535,father
7009,1096359,1096468,mother
7009,1096359,1096535,mother
7009,1096360,1096469,father
7009,1096360,1096536,father
7009,1096361,1096469,mother
7009,1096361,1096536,mother
7009,1096362,1096470,father
7009,1096362,1096537,father
7009,1096363,1096470,mother
7009,1096363,1096537,mother
7009,1096364,1096471,father
7009,1096364,1096538,father
7009,1096365,1096471,mother
7009,1096365,1096538,mother
7009,1096366,1096472,father
7009,1096366,1096539,father
7009,1096367,1096472,mother
7009,1096367,1096539,mother
7009,1096368,1096473,father
7009,1096368,1096540,father
7009,1096369,1096473,mother
7009,1096369,1096540,mother
7009,1096370,1096474,father
7009,1096370,1096541,father
7009,1096371,1096474,mother
7009,1096371,1096541,mother
7009,1096372,1096475,father
7009,1096372,1096542,father
7009,1096373,1096475,mother
7009,1096373,1096542,mother
7009,1096374,1096476,father
7009,1096374,1096543,father
7009,1096375,1096476,mother
7009,1096375,1096543,mother
7009,1096376,1096477,father
7009,1096376,1096544,father
7009,1096377,1096477,mother
7009,1096377,1096544,mother
7009,1096378,1096478,father
7009,1096378,1096545,father
7009,1096379,1096478,mother
7009,1096379,1096545,mother
7009,1096380,1096479,father
7009,1096380,1096546,father
7009,1096381,1096479,mother
7009,1096381,1096546,mother
7009,1096382,1096480,father
7009,1096382,1096547,father
7009,1096383,1096480,mother
7009,1096383,1096547,mother
7009,1096384,1096481,father
7009,1096384,1096548,father
7009,1096385,1096481,mother
7009,1096385,1096548,mother
7009,1096386,1096482,father
7009,1096386,1096549,father
7009,1096387,1096482,mother
7009,1096387,1096549,mother
7009,1096388,1096483,father
7009,1096388,1096550,father
7009,1096389,1096483,mother
7009,1096389,1096550,mother
7009,1096390,1096484,father
7009,1096390,1096551,father
7009,1096391,1096484,mother
7009,1096391,1096551,mother
7009,1096392,1096485,father
7009,1096392,1096552,father
7009,1096393,1096485,mother
7009,1096393,1096552,mother
7009,1096394,1096486,father
7009,1096394,1096553,father
7009,1096395,1096486,mother
7009,1096395,1096553,mother
7009,1096396,1096487,father
7009,1096396,1096554,father
7009,1096397,1096487,mother
7009,1096397,1096554,mother
7009,1096398,1096488,father
7009,1096398,1096555,father
7009,1096399,1096488,mother
7009,1096399,1096555,mother
7009,1096400,1096489,father
7009,1096400,1096556,father
7009,1096401,1096489,mother
7009,1096401,1096556,mother
7009,1096402,1096490,father
7009,1096402,1096557,father
7009,1096403,1096490,mother
7009,1096403,1096557,mother
7009,1096404,1096491,father
7009,1096404,1096558,father
7009,1096405,1096491,mother
7009,1096405,1096558,mother
7009,1096406,1096492,father
7009,1096406,1096559,father
7009,1096407,1096492,mother
7009,1096407,1096559,mother
7009,1096408,1096493,father
7009,1096408,1096560,father
7009,1096409,1096493,mother
7009,1096409,1096560,mother
7009,1096410,1096494,father
7009,1096410,1096561,father
7009,1096411,1096494,mother
7009,1096411,1096561,mother
7009,1096412,1096495,father
7009,1096412,1096562,father
7009,1096413,1096495,mother
7009,1096413,1096562,mother
7009,1096414,1096496,father
7009,1096414,1096563,father
7009,1096415,1096496,mother
7009,1096415,1096563,mother
7009,1096416,1096497,father
7009,1096416,1096564,father
7009,1096417,1096497,mother
7009,1096417,1096564,mother
7009,1096418,1096498,father
7009,1096418,1096565,father
7009,1096419,1096498,mother
7009,1096419,1096565,mother
7009,1096420,1096499,father
7009,1096420,1096566,father
7009,1096421,1096499,mother
7009,1096421,1096566,mother
7009,1096422,1096500,father
7009,1096422,1096567,father
7009,1096423,1096500,mother
7009,1096423,1096567,mother
7009,1096424,1096501,father
7009,1096424,1096568,father
7009,1096425,1096501,mother
7009,1096425,1096568,mother
7009,1096426,1096502,father
7009,1096426,1096569,father
7009,1096427,1096502,mother
7009,1096427,1096569,mother
7009,1096428,1096503,father
7009,1096428,1096570,father
7009,1096429,1096503,mother
7009,1096429,1096570,mother
7009,1096430,1096504,father
7009,1096430,1096571,father
7009,1096431,1096504,mother
7009,1096431,1096571,mother
7009,1096432,1096505,father
7009,1096432,1096572,father
7009,1096433,1096505,mother
7009,1096433,1096572,mother
7009,1096434,1096506,father
7009,1096434,1096573,father
7009,1096435,1096506,mother
7009,1096435,1096573,mother
7009,1096436,1096507,father
7009,1096436,1096574,father
7009,1096437,1096507,mother
7009,1096437,1096574,mother
7009,1096438,1096508,father
7009,1096438,1096575,father
7009,1096439,1096508,mother
7009,1096439,1096575,mother
7009,1096440,1096509,father
7009,1096440,1096576,father
7009,1096441,1096509,mother
7009,1096441,1096576,mother
7009,1096442,1096510,father
7009,1096442,1096577,father
7009,1096443,1096510,mother
7009,1096443,1096577,mother
7009,1096444,1096589,father
7009,1096444,1096662,father
7009,1096444,1096735,father
7009,1096445,1096589,mother
7009,1096445,1096661,mother
7009,1096445,1096733,mother
7009,1096446,1096590,father
7009,1096446,1096663,father
7009,1096446,1096736,father
7009,1096447,1096590,mother
7009,1096447,1096662,mother
7009,1096447,1096734,mother
7009,1096448,1096591,father
7009,1096448,1096664,father
7009,1096448,1096737,father
7009,1096449,1096591,mother
7009,1096449,1096663,mother
7009,1096449,1096735,mother
7009,1096450,1096592,father
7009,1096450,1096665,father
7009,1096450,1096738,father
7009,1096451,1096592,mother
7009,1096451,1096664,mother
7009,1096451,1096736,mother
7009,1096452,1096593,father
7009,1096452,1096666,father
7009,1096452,1096739,father
7009,1096453,1096593,mother
7009,1096453,1096665,mother
7009,1096453,1096737,mother
7009,1096454,1096594,father
7009,1096454,1096667,father
7009,1096454,1096740,father
7009,1096455,1096594,mother
7009,1096455,1096666,mother
7009,1096455,1096738,mother
7009,1096456,1096595,father
7009,1096456,1096668,father
7009,1096456,1096741,father
7009,1096457,1096595,mother
7009,1096457,1096667,mother
7009,1096457,1096739,mother
7009,1096458,1096596,father
7009,1096458,1096669,father
7009,1096458,1096742,father
7009,1096459,1096596,mother
7009,1096459,1096668,mother
7009,1096459,1096740,mother
7009,1096460,1096597,father
7009,1096460,1096670,father
7009,1096460,1096743,father
7009,1096461,1096597,mother
7009,1096461,1096669,mother
7009,1096461,1096741,mother
7009,1096462,1096598,father
7009,1096462,1096671,father
7009,1096463,1096598,mother
7009,1096463,1096670,mother
7009,1096463,1096742,mother
7009,1096464,1096599,father
7009,1096464,1096672,father
7009,1096465,1096599,mother
7009,1096465,1096671,mother
7009,1096465,1096743,mother
7009,1096466,1096600,father
7009,1096466,1096673,father
7009,1096467,1096600,mother
7009,1096467,1096672,mother
7009,1096468,1096601,father
7009,1096468,1096674,father
7009,1096469,1096601,mother
7009,1096469,1096673,mother
7009,1096470,1096602,father
7009,1096470,1096675,father
7009,1096471,1096602,mother
7009,1096471,1096674,mother
7009,1096472,1096603,father
7009,1096472,1096676,father
7009,1096473,1096603,mother
7009,1096473,1096675,mother
7009,1096474,1096604,father
7009,1096474,1096677,father
7009,1096475,1096604,mother
7009,1096475,1096676,mother
7009,1096476,1096605,father
7009,1096476,1096678,father
7009,1096477,1096605,mother
7009,1096477,1096677,mother
7009,1096478,1096606,father
7009,1096478,1096679,father
7009,1096479,1096606,mother
7009,1096479,1096678,mother
7009,1096480,1096607,father
7009,1096480,1096680,father
7009,1096481,1096607,mother
7009,1096481,1096679,mother
7009,1096482,1096608,father
7009,1096482,1096681,father
7009,1096483,1096608,mother
7009,1096483,1096680,mother
7009,1096484,1096609,father
7009,1096484,1096682,father
7009,1096485,1096609,mother
7009,1096485,1096681,mother
7009,1096486,1096610,father
7009,1096486,1096683,father
7009,1096487,1096610,mother
7009,1096487,1096682,mother
7009,1096488,1096611,father
7009,1096488,1096684,father
7009,1096489,1096611,mother
7009,1096489,1096683,mother
7009,1096490,1096612,father
7009,1096490,1096685,father
7009,1096491,1096612,mother
7009,1096491,1096684,mother
7009,1096492,1096613,father
7009,1096492,1096686,father
7009,1096493,1096613,mother
7009,1096493,1096685,mother
7009,1096494,1096614,father
7009,1096494,1096687,father
7009,1096495,1096614,mother
7009,1096495,1096686,mother
7009,1096496,1096615,father
7009,1096496,1096688,father
7009,1096497,1096615,mother
7009,1096497,1096687,mother
7009,1096498,1096616,father
7009,1096498,1096689,father
7009,1096499,1096616,mother
7009,1096499,1096688,mother
7009,1096500,1096617,father
7009,1096500,1096690,father
7009,1096501,1096617,mother
7009,1096501,1096689,mother
7009,1096502,1096618,father
7009,1096502,1096691,father
7009,1096503,1096618,mother
7009,1096503,1096690,mother
7009,1096504,1096619,father
7009,1096504,1096692,father
7009,1096505,1096619,mother
7009,1096505,1096691,mother
7009,1096506,1096620,father
7009,1096506,1096693,father
7009,1096507,1096620,mother
7009,1096507,1096692,mother
7009,1096508,1096621,father
7009,1096508,1096694,father
7009,1096509,1096621,mother
7009,1096509,1096693,mother
7009,1096510,1096622,father
7009,1096510,1096695,father
7009,1096511,1096622,mother
7009,1096511,1096694,mother
7009,1096512,1096623,father
7009,1096512,1096696,father
7009,1096513,1096623,mother
7009,1096513,1096695,mother
7009,1096514,1096624,father
7009,1096514,1096697,father
7009,1096515,1096624,mother
7009,1096515,1096696,mother
7009,1096516,1096625,father
7009,1096516,1096698,father
7009,1096517,1096625,mother
7009,1096517,1096697,mother
7009,1096518,1096626,father
7009,1096518,1096699,father
7009,1096519,1096626,mother
7009,1096519,1096698,mother
7009,1096520,1096627,father
7009,1096520,1096700,father
7009,1096521,1096627,mother
7009,1096521,1096699,mother
7009,1096522,1096628,father
7009,1096522,1096701,father
7009,1096523,1096628,mother
7009,1096523,1096700,mother
7009,1096524,1096629,father
7009,1096524,1096702,father
7009,1096525,1096629,mother
7009,1096525,1096701,mother
7009,1096526,1096630,father
7009,1096526,1096703,father
7009,1096527,1096630,mother
7009,1096527,1096702,mother
7009,1096528,1096631,father
7009,1096528,1096704,father
7009,1096529,1096631,mother
7009,1096529,1096703,mother
7009,1096530,1096632,father
7009,1096530,1096705,father
7009,1096531,1096632,mother
7009,1096531,1096704,mother
7009,1096532,1096633,father
7009,1096532,1096706,father
7009,1096533,1096633,mother
7009,1096533,1096705,mother
7009,1096534,1096634,father
7009,1096534,1096707,father
7009,1096535,1096634,mother
7009,1096535,1096706,mother
7009,1096536,1096635,father
7009,1096536,1096708,father
7009,1096537,1096635,mother
7009,1096537,1096707,mother
7009,1096538,1096636,father
7009,1096538,1096709,father
7009,1096539,1096636,mother
7009,1096539,1096708,mother
7009,1096540,1096637,father
7009,1096540,1096710,father
7009,1096541,1096637,mother
7009,1096541,1096709,mother
7009,1096542,1096638,father
7009,1096542,1096711,father
7009,1096543,1096638,mother
7009,1096543,1096710,mother
7009,1096544,1096639,father
7009,1096544,1096712,father
7009,1096545,1096639,mother
7009,1096545,1096711,mother
7009,1096546,1096640,father
7009,1096546,1096713,father
7009,1096547,1096640,mother
7009,1096547,1096712,mother
7009,1096548,1096641,father
7009,1096548,1096714,father
7009,1096549,1096641,mother
7009,1096549,1096713,mother
7009,1096550,1096642,father
7009,1096550,1096715,father
7009,1096551,1096642,mother
7009,1096551,1096714,mother
7009,1096552,1096643,father
7009,1096552,1096716,father
7009,1096553,1096643,mother
7009,1096553,1096715,mother
7009,1096554,1096644,father
7009,1096554,1096717,father
7009,1096555,1096644,mother
7009,1096555,1096716,mother
7009,1096556,1096645,father
7009,1096556,1096718,father
7009,1096557,1096645,mother
7009,1096557,1096717,mother
7009,1096558,1096646,father
7009,1096558,1096719,father
7009,1096559,1096646,mother
7009,1096559,1096718,mother
7009,1096560,1096647,father
7009,1096560,1096720,father
7009,1096561,1096647,mother
7009,1096561,1096719,mother
7009,1096562,1096648,father
7009,1096562,1096721,father
7009,1096563,1096648,mother
7009,1096563,1096720,mother
7009,1096564,1096649,father
7009,1096564,1096722,father
7009,1096565,1096649,mother
7009,1096565,1096721,mother
7009,1096566,1096650,father
7009,1096566,1096723,father
7009,1096567,1096650,mother
7009,1096567,1096722,mother
7009,1096568,1096651,father
7009,1096568,1096724,father
7009,1096569,1096651,mother
7009,1096569,1096723,mother
7009,1096570,1096652,father
7009,1096570,1096725,father
7009,1096571,1096652,mother
7009,1096571,1096724,mother
7009,1096572,1096653,father
7009,1096572,1096726,father
7009,1096573,1096653,mother
7009,1096573,1096725,mother
7009,1096574,1096654,father
7009,1096574,1096727,father
7009,1096575,1096654,mother
7009,1096575,1096726,mother
7009,1096576,1096655,father
7009,1096576,1096728,father
7009,1096577,1096655,mother
7009,1096577,1096727,mother
7009,1096578,1096656,father
7009,1096578,1096729,father
7009,1096579,1096656,mother
7009,1096579,1096728,mother
7009,1096580,1096657,father
7009,1096580,1096730,father
7009,1096581,1096657,mother
7009,1096581,1096729,mother
7009,1096582,1096658,father
7009,1096582,1096731,father
7009,1096583,1096658,mother
7009,1096583,1096730,mother
7009,1096584,1096659,father
7009,1096584,1096732,father
7009,1096585,1096659,mother
7009,1096585,1096731,mother
7009,1096586,1096660,father
7009,1096586,1096733,father
7009,1096587,1096660,mother
7009,1096587,1096732,mother
7009,1096588,1096661,father
7009,1096588,1096734,father
7009,1096589,1096744,father
7009,1096589,1096822,father
7009,1096590,1096744,mother
7009,1096590,1096821,mother
7009,1096590,1096898,mother
7009,1096591,1096745,father
7009,1096591,1096823,father
7009,1096592,1096745,mother
7009,1096592,1096822,mother
7009,1096593,1096746,father
7009,1096593,1096824,father
7009,1096594,1096746,mother
7009,1096594,1096823,mother
7009,1096595,1096747,father
7009,1096595,1096825,father
7009,1096596,1096747,mother
7009,1096596,1096824,mother
7009,1096597,1096748,father
7009,1096597,1096826,father
7009,1096598,1096748,mother
7009,1096598,1096825,mother
7009,1096599,1096749,father
7009,1096599,1096827,father
7009,1096600,1096749,mother
7009,1096600,1096826,mother
7009,1096601,1096750,father
7009,1096601,1096828,father
7009,1096602,1096750,mother
7009,1096602,1096827,mother
7009,1096603,1096751,father
7009,1096603,1096829,father
7009,1096604,1096751,mother
7009,1096604,1096828,mother
7009,1096605,1096752,father
7009,1096605,1096830,father
7009,1096606,1096752,mother
7009,1096606,1096829,mother
7009,1096607,1096753,father
7009,1096607,1096831,father
7009,1096608,1096753,mother
7009,1096608,1096830,mother
7009,1096609,1096754,father
7009,1096609,1096832,father
7009,1096610,1096754,mother
7009,1096610,1096831,mother
7009,1096611,1096755,father
7009,1096611,1096833,father
7009,1096612,1096755,mother
7009,1096612,1096832,mother
7009,1096613,1096756,father
7009,1096613,1096834,father
7009,1096614,1096756,mother
7009,1096614,1096833,mother
7009,1096615,1096757,father
7009,1096615,1096835,father
7009,1096616,1096757,mother
7009,1096616,1096834,mother
7009,1096617,1096758,father
7009,1096617,1096836,father
7009,1096618,1096758,mother
7009,1096618,1096835,mother
7009,1096619,1096759,father
7009,1096619,1096837,father
7009,1096620,1096759,mother
7009,1096620,1096836,mother
7009,1096621,1096760,father
7009,1096621,1096838,father
7009,1096622,1096760,mother
7009,1096622,1096837,mother
7009,1096623,1096761,father
7009,1096623,1096839,father
7009,1096624,1096761,mother
7009,1096624,1096838,mother
7009,1096625,1096762,father
7009,1096625,1096840,father
7009,1096626,1096762,mother
7009,1096626,1096839,mother
7009,1096627,1096763,father
7009,1096627,1096841,father
7009,1096628,1096763,mother
7009,1096628,1096840,mother
7009,1096629,1096764,father
7009,1096629,1096842,father
7009,1096630,1096764,mother
7009,1096630,1096841,mother
7009,1096631,1096765,father
7009,1096631,1096843,father
7009,1096632,1096765,mother
7009,1096632,1096842,mother
7009,1096633,1096766,father
7009,1096633,1096844,father
7009,1096634,1096766,mother
7009,1096634,1096843,mother
7009,1096635,1096767,father
7009,1096635,1096845,father
7009,1096636,1096767,mother
7009,1096636,1096844,mother
7009,1096637,1096768,father
7009,1096637,1096846,father
7009,1096638,1096768,mother
7009,1096638,1096845,mother
7009,1096639,1096769,father
7009,1096639,1096847,father
7009,1096640,1096769,mother
7009,1096640,1096846,mother
7009,1096641,1096770,father
7009,1096641,1096848,father
7009,1096642,1096770,mother
7009,1096642,1096847,mother
7009,1096643,1096771,father
7009,1096643,1096849,father
7009,1096644,1096771,mother
7009,1096644,1096848,mother
7009,1096645,1096772,father
7009,1096645,1096850,father
7009,1096646,1096772,mother
7009,1096646,1096849,mother
7009,1096647,1096773,father
7009,1096647,1096851,father
7009,1096648,1096773,mother
7009,1096648,1096850,mother
7009,1096649,1096774,father
7009,1096649,1096852,father
7009,1096650,1096774,mother
7009,1096650,1096851,mother
7009,1096651,1096775,father
7009,1096651,1096853,father
7009,1096652,1096775,mother
7009,1096652,1096852,mother
7009,1096653,1096776,father
7009,1096653,1096854,father
7009,1096654,1096776,mother
7009,1096654,1096853,mother
7009,1096655,1096777,father
7009,1096655,1096855,father
7009,1096656,1096777,mother
7009,1096656,1096854,mother
7009,1096657,1096778,father
7009,1096657,1096856,father
7009,1096658,1096778,mother
7009,1096658,1096855,mother
7009,1096659,1096779,father
7009,1096659,1096857,father
7009,1096660,1096779,mother
7009,1096660,1096856,mother
7009,1096661,1096780,father
7009,1096661,1096858,father
7009,1096662,1096780,mother
7009,1096662,1096857,mother
7009,1096663,1096781,father
7009,1096663,1096859,father
7009,1096664,1096781,mother
7009,1096664,1096858,mother
7009,1096665,1096782,father
7009,1096665,1096860,father
7009,1096666,1096782,mother
7009,1096666,1096859,mother
7009,1096667,1096783,father
7009,1096667,1096861,father
7009,1096668,1096783,mother
7009,1096668,1096860,mother
7009,1096669,1096784,father
7009,1096669,1096862,father
7009,1096670,1096784,mother
7009,1096670,1096861,mother
7009,1096671,1096785,father
7009,1096671,1096863,father
7009,1096672,1096785,mother
7009,1096672,1096862,mother
7009,1096673,1096786,father
7009,1096673,1096864,father
7009,1096674,1096786,mother
7009,1096674,1096863,mother
7009,1096675,1096787,father
7009,1096675,1096865,father
7009,1096676,1096787,mother
7009,1096676,1096864,mother
7009,1096677,1096788,father
7009,1096677,1096866,father
7009,1096678,1096788,mother
7009,1096678,1096865,mother
7009,1096679,1096789,father
7009,1096679,1096867,father
7009,1096680,1096789,mother
7009,1096680,1096866,mother
7009,1096681,1096790,father
7009,1096681,1096868,father
7009,1096682,1096790,mother
7009,1096682,1096867,mother
7009,1096683,1096791,father
7009,1096683,1096869,father
7009,1096684,1096791,mother
7009,1096684,1096868,mother
7009,1096685,1096792,father
7009,1096685,1096870,father
7009,1096686,1096792,mother
7009,1096686,1096869,mother
7009,1096687,1096793,father
7009,1096687,1096871,father
7009,1096688,1096793,mother
7009,1096688,1096870,mother
7009,1096689,1096794,father
7009,1096689,1096872,father
7009,1096690,1096794,mother
7009,1096690,1096871,mother
7009,1096691,1096795,father
7009,1096691,1096873,father
7009,1096692,1096795,mother
7009,1096692,1096872,mother
7009,1096693,1096796,father
7009,1096693,1096874,father
7009,1096694,1096796,mother
7009,1096694,1096873,mother
7009,1096695,1096797,father
7009,1096695,1096875,father
7009,1096696,1096797,mother
7009,1096696,1096874,mother
7009,1096697,1096798,father
7009,1096697,1096876,father
7009,1096698,1096798,mother
7009,1096698,1096875,mother
7009,1096699,1096799,father
7009,1096699,1096877,father
7009,1096700,1096799,mother
7009,1096700,1096876,mother
7009,1096701,1096800,father
7009,1096701,1096878,father
7009,1096702,1096800,mother
7009,1096702,1096877,mother
7009,1096703,1096801,father
7009,1096703,1096879,father
7009,1096704,1096801,mother
7009,1096704,1096878,mother
7009,1096705,1096802,father
7009,1096705,1096880,father
7009,1096706,1096802,mother
7009,1096706,1096879,mother
7009,1096707,1096803,father
7009,1096707,1096881,father
7009,1096708,1096803,mother
7009,1096708,1096880,mother
7009,1096709,1096804,father
7009,1096709,1096882,father
7009,1096710,1096804,mother
7009,1096710,1096881,mother
7009,1096711,1096805,father
7009,1096711,1096883,father
7009,1096712,1096805,mother
7009,1096712,1096882,mother
7009,1096713,1096806,father
7009,1096713,1096884,father
7009,1096714,1096806,mother
7009,1096714,1096883,mother
7009,1096715,1096807,father
7009,1096715,1096885,father
7009,1096716,1096807,mother
7009,1096716,1096884,mother
7009,1096717,1096808,father
7009,1096717,1096886,father
7009,1096718,1096808,mother
7009,1096718,1096885,mother
7009,1096719,1096809,father
7009,1096719,1096887,father
7009,1096720,1096809,mother
7009,1096720,1096886,mother
7009,1096721,1096810,father
7009,1096721,1096888,father
7009,1096722,1096810,mother
7009,1096722,1096887,mother
7009,1096723,1096811,father
7009,1096723,1096889,father
7009,1096724,1096811,mother
7009,1096724,1096888,mother
7009,1096725,1096812,father
7009,1096725,1096890,father
7009,1096726,1096812,mother
7009,1096726,1096889,mother
7009,1096727,1096813,father
7009,1096727,1096891,father
7009,1096728,1096813,mother
7009,1096728,1096890,mother
7009,1096729,1096814,father
7009,1096729,1096892,father
7009,1096730,1096814,mother
7009,1096730,1096891,mother
7009,1096731,1096815,father
7009,1096731,1096893,father
7009,1096732,1096815,mother
7009,1096732,1096892,mother
7009,1096733,1096816,father
7009,1096733,1096894,father
7009,1096734,1096816,mother
7009,1096734,1096893,mother
7009,1096735,1096817,father
7009,1096735,1096895,father
7009,1096736,1096817,mother
7009,1096736,1096894,mother
7009,1096737,1096818,father
7009,1096737,1096896,father
7009,1096738,1096818,mother
7009,1096738,1096895,mother
7009,1096739,1096819,father
7009,1096739,1096897,father
7009,1096740,1096819,mother
7009,1096740,1096896,mother
7009,1096741,1096820,father
7009,1096741,1096898,father
7009,1096742,1096820,mother
7009,1096742,1096897,mother
7009,1096743,1096821,father
7009,1096744,1096899,father
7009,1096744,1096977,father
7009,1096745,1096899,mother
7009,1096745,1096976,mother
7009,1096746,1096900,father
7009,1096746,1096978,father
7009,1096747,1096900,mother
7009,1096747,1096977,mother
7009,1096748,1096901,father
7009,1096748,1096979,father
7009,1096749,1096901,mother
7009,1096749,1096978,mother
7009,1096750,1096902,father
7009,1096750,1096980,father
7009,1096751,1096902,mother
7009,1096751,1096979,mother
7009,1096752,1096903,father
7009,1096752,1096981,father
7009,1096753,1096903,mother
7009,1096753,1096980,mother
7009,1096754,1096904,father
7009,1096754,1096982,father
7009,1096755,1096904,mother
7009,1096755,1096981,mother
7009,1096756,1096905,father
7009,1096756,1096983,father
7009,1096757,1096905,mother
7009,1096757,1096982,mother
7009,1096758,1096906,father
7009,1096758,1096984,father
7009,1096759,1096906,mother
7009,1096759,1096983,mother
7009,1096760,1096907,father
7009,1096760,1096985,father
7009,1096761,1096907,mother
7009,1096761,1096984,mother
7009,1096762,1096908,father
7009,1096762,1096986,father
7009,1096763,1096908,mother
7009,1096763,1096985,mother
7009,1096764,1096909,father
7009,1096764,1096987,father
7009,1096765,1096909,mother
7009,1096765,1096986,mother
7009,1096766,1096910,father
7009,1096766,1096988,father
7009,1096767,1096910,mother
7009,1096767,1096987,mother
7009,1096768,1096911,father
7009,1096768,1096989,father
7009,1096769,1096911,mother
7009,1096769,1096988,mother
7009,1096770,1096912,father
7009,1096770,1096990,father
7009,1096771,1096912,mother
7009,1096771,1096989,mother
7009,1096772,1096913,father
7009,1096772,1096991,father
7009,1096773,1096913,mother
7009,1096773,1096990,mother
7009,1096774,1096914,father
7009,1096774,1096992,father
7009,1096775,1096914,mother
7009,1096775,1096991,mother
7009,1096776,1096915,father
7009,1096776,1096993,father
7009,1096777,1096915,mother
7009,1096777,1096992,mother
7009,1096778,1096916,father
7009,1096778,1096994,father
7009,1096779,1096916,mother
7009,1096779,1096993,mother
7009,1096780,1096917,father
7009,1096780,1096995,father
7009,1096781,1096917,mother
7009,1096781,1096994,mother
7009,1096782,1096918,father
7009,1096782,1096996,father
7009,1096783,1096918,mother
7009,1096783,1096995,mother
7009,1096784,1096919,father
7009,1096784,1096997,father
7009,1096785,1096919,mother
7009,1096785,1096996,mother
7009,1096786,1096920,father
7009,1096786,1096998,father
7009,1096787,1096920,mother
7009,1096787,1096997,mother
7009,1096788,1096921,father
7009,1096788,1096999,father
7009,1096789,1096921,mother
7009,1096789,1096998,mother
7009,1096790,1096922,father
7009,1096790,1097000,father
7009,1096791,1096922,mother
7009,1096791,1096999,mother
7009,1096792,1096923,father
7009,1096792,1097001,father
7009,1096793,1096923,mother
7009,1096793,1097000,mother
7009,1096794,1096924,father
7009,1096794,1097002,father
7009,1096795,1096924,mother
7009,1096795,1097001,mother
7009,1096796,1096925,father
7009,1096796,1097003,father
7009,1096797,1096925,mother
7009,1096797,1097002,mother
7009,1096798,1096926,father
7009,1096798,1097004,father
7009,1096799,1096926,mother
7009,1096799,1097003,mother
7009,1096800,1096927,father
7009,1096800,1097005,father
7009,1096801,1096927,mother
7009,1096801,1097004,mother
7009,1096802,1096928,father
7009,1096802,1097006,father
7009,1096803,1096928,mother
7009,1096803,1097005,mother
7009,1096804,1096929,father
7009,1096804,1097007,father
7009,1096805,1096929,mother
7009,1096805,1097006,mother
7009,1096806,1096930,father
7009,1096806,1097008,father
7009,1096807,1096930,mother
7009,1096807,1097007,mother
7009,1096808,1096931,father
7009,1096808,1097009,father
7009,1096809,1096931,mother
7009,1096809,1097008,mother
7009,1096810,1096932,father
7009,1096810,1097010,father
7009,1096811,1096932,mother
7009,1096811,1097009,mother
7009,1096812,1096933,father
7009,1096812,1097011,father
7009,1096813,1096933,mother
7009,1096813,1097010,mother
7009,1096814,1096934,father
7009,1096814,1097012,father
7009,1096815,1096934,mother
7009,1096815,1097011,mother
7009,1096816,1096935,father
7009,1096816,1097013,father
7009,1096817,1096935,mother
7009,1096817,1097012,mother
7009,1096818,1096936,father
7009,1096818,1097014,father
7009,1096819,1096936,mother
7009,1096819,1097013,mother
7009,1096820,1096937,father
7009,1096820,1097015,father
7009,1096821,1096937,mother
7009,1096821,1097014,mother
7009,1096822,1096938,father
7009,1096822,1097016,father
7009,1096823,1096938,mother
7009,1096823,1097015,mother
7009,1096824,1096939,father
7009,1096824,1097017,father
7009,1096825,1096939,mother
7009,1096825,1097016,mother
7009,1096826,1096940,father
7009,1096826,1097018,father
7009,1096827,1096940,mother
7009,1096827,1097017,mother
7009,1096828,1096941,father
7009,1096828,1097019,father
7009,1096829,1096941,mother
7009,1096829,1097018,mother
7009,1096830,1096942,father
7009,1096830,1097020,father
7009,1096831,1096942,mother
7009,1096831,1097019,mother
7009,1096832,1096943,father
7009,1096832,1097021,father
7009,1096833,1096943,mother
7009,1096833,1097020,mother
7009,1096834,1096944,father
7009,1096834,1097022,father
7009,1096835,1096944,mother
7009,1096835,1097021,mother
7009,1096836,1096945,father
7009,1096836,1097023,father
7009,1096837,1096945,mother
7009,1096837,1097022,mother
7009,1096838,1096946,father
7009,1096838,1097024,father
7009,1096839,1096946,mother
7009,1096839,1097023,mother
7009,1096840,1096947,father
7009,1096840,1097025,father
7009,1096841,1096947,mother
7009,1096841,1097024,mother
7009,1096842,1096948,father
7009,1096842,1097026,father
7009,1096843,1096948,mother
7009,1096843,1097025,mother
7009,1096844,1096949,father
7009,1096844,1097027,father
7009,1096845,1096949,mother
7009,1096845,1097026,mother
7009,1096846,1096950,father
7009,1096846,1097028,father
7009,1096847,1096950,mother
7009,1096847,1097027,mother
7009,1096848,1096951,father
7009,1096848,1097029,father
7009,1096849,1096951,mother
7009,1096849,1097028,mother
7009,1096850,1096952,father
7009,1096850,1097030,father
7009,1096851,1096952,mother
7009,1096851,1097029,mother
7009,1096852,1096953,father
7009,1096852,1097031,father
7009,1096853,1096953,mother
7009,1096853,1097030,mother
7009,1096854,1096954,father
7009,1096854,1097032,father
7009,1096855,1096954,mother
7009,1096855,1097031,mother
7009,1096856,1096955,father
7009,1096856,1097033,father
7009,1096857,1096955,mother
7009,1096857,1097032,mother
7009,1096858,1096956,father
7009,1096858,1097034,father
7009,1096859,1096956,mother
7009,1096859,1097033,mother
7009,1096860,1096957,father
7009,1096860,1097035,father
7009,1096861,1096957,mother
7009,1096861,1097034,mother
7009,1096862,1096958,father
7009,1096862,1097036,father
7009,1096863,1096958,mother
7009,1096863,1097035,mother
7009,1096864,1096959,father
7009,1096864,1097037,father
7009,1096865,1096959,mother
7009,1096865,1097036,mother
7009,1096866,1096960,father
7009,1096866,1097038,father
7009,1096867,1096960,mother
7009,1096867,1097037,mother
7009,1096868,1096961,father
7009,1096868,1097039,father
7009,1096869,1096961,mother
7009,1096869,1097038,mother
7009,1096870,1096962,father
7009,1096870,1097040,father
7009,1096871,1096962,mother
7009,1096871,1097039,mother
7009,1096872,1096963,father
7009,1096872,1097041,father
7009,1096873,1096963,mother
7009,1096873,1097040,mother
7009,1096874,1096964,father
7009,1096874,1097042,father
7009,1096875,1096964,mother
7009,1096875,1097041,mother
7009,1096876,1096965,father
7009,1096876,1097043,father
7009,1096877,1096965,mother
7009,1096877,1097042,mother
7009,1096878,1096966,father
7009,1096878,1097044,father
7009,1096879,1096966,mother
7009,1096879,1097043,mother
7009,1096880,1096967,father
7009,1096881,1096967,mother
7009,1096881,1097044,mother
7009,1096882,1096968,father
7009,1096883,1096968,mother
7009,1096884,1096969,father
7009,1096885,1096969,mother
7009,1096886,1096970,father
7009,1096887,1096970,mother
7009,1096888,1096971,father
7009,1096889,1096971,mother
7009,1096890,1096972,father
7009,1096891,1096972,mother
7009,1096892,1096973,father
7009,1096893,1096973,mother
7009,1096894,1096974,father
7009,1096895,1096974,mother
7009,1096896,1096975,father
7009,1096897,1096975,mother
7009,1096898,1096976,father
7009,1096899,1097045,father
7009,1096899,1097118,father
7009,1096900,1097045,mother
7009,1096900,1097118,mother
7009,1096901,1097046,father
7009,1096901,1097119,father
7009,1096902,1097046,mother
7009,1096902,1097119,mother
7009,1096903,1097047,father
7009,1096903,1097120,father
7009,1096904,1097047,mother
7009,1096904,1097120,mother
7009,1096905,1097048,father
7009,1096905,1097121,father
7009,1096906,1097048,mother
7009,1096906,1097121,mother
7009,1096907,1097049,father
7009,1096907,1097122,father
7009,1096908,1097049,mother
7009,1096908,1097122,mother
7009,1096909,1097050,father
7009,1096909,1097123,father
7009,1096910,1097050,mother
7009,1096910,1097123,mother
7009,1096911,1097051,father
7009,1096911,1097124,father
7009,1096912,1097051,mother
7009,1096912,1097124,mother
7009,1096913,1097052,father
7009,1096913,1097125,father
7009,1096914,1097052,mother
7009,1096914,1097125,mother
7009,1096915,1097053,father
7009,1096915,1097126,father
7009,1096916,1097053,mother
7009,1096916,1097126,mother
7009,1096917,1097054,father
7009,1096917,1097127,father
7009,1096918,1097054,mother
7009,1096918,1097127,mother
7009,1096919,1097055,father
7009,1096919,1097128,father
7009,1096920,1097055,mother
7009,1096920,1097128,mother
7009,1096921,1097056,father
7009,1096921,1097129,father
7009,1096922,1097056,mother
7009,1096922,1097129,mother
7009,1096923,1097057,father
7009,1096923,1097130,father
7009,1096924,1097057,mother
7009,1096924,1097130,mother
7009,1096925,1097058,father
7009,1096925,1097131,father
7009,1096926,1097058,mother
7009,1096926,1097131,mother
7009,1096927,1097059,father
7009,1096927,1097132,father
7009,1096928,1097059,mother
7009,1096928,1097132,mother
7009,1096929,1097060,father
7009,1096929,1097133,father
7009,1096930,1097060,mother
7009,1096930,1097133,mother
7009,1096931,1097061,father
7009,1096931,1097134,father
7009,1096932,1097061,mother
7009,1096932,1097134,mother
7009,1096933,1097062,father
7009,1096933,1097135,father
7009,1096934,1097062,mother
7009,1096934,1097135,mother
7009,1096935,1097063,father
7009,1096935,1097136,father
7009,1096936,1097063,mother
7009,1096936,1097136,mother
7009,1096937,1097064,father
7009,1096937,1097137,father
7009,1096938,1097064,mother
7009,1096938,1097137,mother
7009,1096939,1097065,father
7009,1096939,1097138,father
7009,1096940,1097065,mother
7009,1096940,1097138,mother
7009,1096941,1097066,father
7009,1096941,1097139,father
7009,1096942,1097066,mother
7009,1096942,1097139,mother
7009,1096943,1097067,father
7009,1096943,1097140,father
7009,1096944,1097067,mother
7009,1096944,1097140,mother
7009,1096945,1097068,father
7009,1096945,1097141,father
7009,1096946,1097068,mother
7009,1096946,1097141,mother
7009,1096947,1097069,father
7009,1096947,1097142,father
7009,1096948,1097069,mother
7009,1096948,1097142,mother
7009,1096949,1097070,father
7009,1096949,1097143,father
7009,1096950,1097070,mother
7009,1096950,1097143,mother
7009,1096951,1097071,father
7009,1096951,1097144,father
7009,1096952,1097071,mother
7009,1096952,1097144,mother
7009,1096953,1097072,father
7009,1096953,1097145,father
7009,1096954,1097072,mother
7009,1096954,1097145,mother
7009,1096955,1097073,father
7009,1096955,1097146,father
7009,1096956,1097073,mother
7009,1096956,1097146,mother
7009,1096957,1097074,father
7009,1096957,1097147,father
7009,1096958,1097074,mother
7009,1096958,1097147,mother
7009,1096959,1097075,father
7009,1096959,1097148,father
7009,1096960,1097075,mother
7009,1096960,1097148,mother
7009,1096961,1097076,father
7009,1096961,1097149,father
7009,1096962,1097076,mother
7009,1096962,1097149,mother
7009,1096963,1097077,father
7009,1096963,1097150,father
7009,1096964,1097077,mother
7009,1096964,1097150,mother
7009,1096965,1097078,father
7009,1096965,1097151,father
7009,1096966,1097078,mother
7009,1096966,1097151,mother
7009,1096967,1097079,father
7009,1096967,1097152,father
7009,1096968,1097079,mother
7009,1096968,1097152,mother
7009,1096969,1097080,father
7009,1096969,1097153,father
7009,1096970,1097080,mother
7009,1096970,1097153,mother
7009,1096971,1097081,father
7009,1096971,1097154,father
7009,1096972,1097081,mother
7009,1096972,1097154,mother
7009,1096973,1097082,father
7009,1096973,1097155,father
7009,1096974,1097082,mother
7009,1096974,1097155,mother
7009,1096975,1097083,father
7009,1096975,1097156,father
7009,1096976,1097083,mother
7009,1096976,1097156,mother
7009,1096977,1097084,father
7009,1096977,1097157,father
7009,1096978,1097084,mother
7009,1096978,1097157,mother
7009,1096979,1097085,father
7009,1096979,1097158,father
7009,1096980,1097085,mother
7009,1096980,1097158,mother
7009,1096981,1097086,father
7009,1096981,1097159,father
7009,1096982,1097086,mother
7009,1096982,1097159,mother
7009,1096983,1097087,father
7009,1096983,1097160,father
7009,1096984,1097087,mother
7009,1096984,1097160,mother
7009,1096985,1097088,father
7009,1096985,1097161,father
7009,1096986,1097088,mother
7009,1096986,1097161,mother
7009,1096987,1097089,father
7009,1096987,1097162,father
7009,1096988,1097089,mother
7009,1096988,1097162,mother
7009,1096989,1097090,father
7009,1096989,1097163,father
7009,1096990,1097090,mother
7009,1096990,1097163,mother
7009,1096991,1097091,father
7009,1096991,1097164,father
7009,1096992,1097091,mother
7009,1096992,1097164,mother
7009,1096993,1097092,father
7009,1096993,1097165,father
7009,1096994,1097092,mother
7009,1096994,1097165,mother
7009,1096995,1097093,father
7009,1096995,1097166,father
7009,1096996,1097093,mother
7009,1096996,1097166,mother
7009,1096997,1097094,father
7009,1096997,1097167,father
7009,1096998,1097094,mother
7009,1096998,1097167,mother
7009,1096999,1097095,father
7009,1096999,1097168,father
7009,1097000,1097095,mother
7009,1097000,1097168,mother
7009,1097001,1097096,father
7009,1097001,1097169,father
7009,1097002,1097096,mother
7009,1097002,1097169,mother
7009,1097003,1097097,father
7009,1097003,1097170,father
7009,1097004,1097097,mother
7009,1097004,1097170,mother
7009,1097005,1097098,father
7009,1097005,1097171,father
7009,1097006,1097098,mother
7009,1097006,1097171,mother
7009,1097007,1097099,father
7009,1097007,1097172,father
7009,1097008,1097099,mother
7009,1097008,1097172,mother
7009,1097009,1097100,father
7009,1097009,1097173,father
7009,1097010,1097100,mother
7009,1097010,1097173,mother
7009,1097011,1097101,father
7009,1097011,1097174,father
7009,1097012,1097101,mother
7009,1097012,1097174,mother
7009,1097013,1097102,father
7009,1097013,1097175,father
7009,1097014,1097102,mother
7009,1097014,1097175,mother
7009,1097015,1097103,father
7009,1097015,1097176,father
7009,1097016,1097103,mother
7009,1097016,1097176,mother
7009,1097017,1097104,father
7009,1097017,1097177,father
7009,1097018,1097104,mother
7009,1097018,1097177,mother
7009,1097019,1097105,father
7009,1097019,1097178,father
7009,1097020,1097105,mother
7009,1097020,1097178,mother
7009,1097021,1097106,father
7009,1097021,1097179,father
7009,1097022,1097106,mother
7009,1097022,1097179,mother
7009,1097023,1097107,father
7009,1097024,1097107,mother
7009,1097025,1097108,father
7009,1097026,1097108,mother
7009,1097027,1097109,father
7009,1097028,1097109,mother
7009,1097029,1097110,father
7009,1097030,1097110,mother
7009,1097031,1097111,father
7009,1097032,1097111,mother
7009,1097033,1097112,father
7009,1097034,1097112,mother
7009,1097035,1097113,father
7009,1097036,1097113,mother
7009,1097037,1097114,father
7009,1097038,1097114,mother
7009,1097039,1097115,father
7009,1097040,1097115,mother
7009,1097041,1097116,father
7009,1097042,1097116,mother
7009,1097043,1097117,father
7009,1097044,1097117,mother
7009,1097045,1097180,father
7009,1097045,1097248,father
7009,1097046,1097180,mother
7009,1097046,1097247,mother
7009,1097047,1097181,father
7009,1097047,1097249,father
7009,1097048,1097181,mother
7009,1097048,1097248,mother
7009,1097049,1097182,father
7009,1097049,1097250,father
7009,1097050,1097182,mother
7009,1097050,1097249,mother
7009,1097051,1097183,father
7009,1097051,1097251,father
7009,1097052,1097183,mother
7009,1097052,1097250,mother
7009,1097053,1097184,father
7009,1097053,1097252,father
7009,1097054,1097184,mother
7009,1097054,1097251,mother
7009,1097055,1097185,father
7009,1097055,1097253,father
7009,1097056,1097185,mother
7009,1097056,1097252,mother
7009,1097057,1097186,father
7009,1097057,1097254,father
7009,1097058,1097186,mother
7009,1097058,1097253,mother
7009,1097059,1097187,father
7009,1097059,1097255,father
7009,1097060,1097187,mother
7009,1097060,1097254,mother
7009,1097061,1097188,father
7009,1097061,1097256,father
7009,1097062,1097188,mother
7009,1097062,1097255,mother
7009,1097063,1097189,father
7009,1097063,1097257,father
7009,1097064,1097189,mother
7009,1097064,1097256,mother
7009,1097065,1097190,father
7009,1097065,1097258,father
7009,1097066,1097190,mother
7009,1097066,1097257,mother
7009,1097067,1097191,father
7009,1097067,1097259,father
7009,1097068,1097191,mother
7009,1097068,1097258,mother
7009,1097069,1097192,father
7009,1097069,1097260,father
7009,1097070,1097192,mother
7009,1097070,1097259,mother
7009,1097071,1097193,father
7009,1097071,1097261,father
7009,1097072,1097193,mother
7009,1097072,1097260,mother
7009,1097073,1097194,father
7009,1097073,1097262,father
7009,1097074,1097194,mother
7009,1097074,1097261,mother
7009,1097075,1097195,father
7009,1097075,1097263,father
7009,1097076,1097195,mother
7009,1097076,1097262,mother
7009,1097077,1097196,father
7009,1097077,1097264,father
7009,1097078,1097196,mother
7009,1097078,1097263,mother
7009,1097079,1097197,father
7009,1097079,1097265,father
7009,1097080,1097197,mother
7009,1097080,1097264,mother
7009,1097081,1097198,father
7009,1097081,1097266,father
7009,1097082,1097198,mother
7009,1097082,1097265,mother
7009,1097083,1097199,father
7009,1097083,1097267,father
7009,1097084,1097199,mother
7009,1097084,1097266,mother
7009,1097085,1097200,father
7009,1097085,1097268,father
7009,1097086,1097200,mother
7009,1097086,1097267,mother
7009,1097087,1097201,father
7009,1097087,1097269,father
7009,1097088,1097201,mother
7009,1097088,1097268,mother
7009,1097089,1097202,father
7009,1097089,1097270,father
7009,1097090,1097202,mother
7009,1097090,1097269,mother
7009,1097091,1097203,father
7009,1097091,1097271,father
7009,1097092,1097203,mother
7009,1097092,1097270,mother
7009,1097093,1097204,father
7009,1097093,1097272,father
7009,1097094,1097204,mother
7009,1097094,1097271,mother
7009,1097095,1097205,father
7009,1097095,1097273,father
7009,1097096,1097205,mother
7009,1097096,1097272,mother
7009,1097097,1097206,father
7009,1097097,1097274,father
7009,1097098,1097206,mother
7009,1097098,1097273,mother
7009,1097099,1097207,father
7009,1097099,1097275,father
7009,1097100,1097207,mother
7009,1097100,1097274,mother
7009,1097101,1097208,father
7009,1097101,1097276,father
7009,1097102,1097208,mother
7009,1097102,1097275,mother
7009,1097103,1097209,father
7009,1097103,1097277,father
7009,1097104,1097209,mother
7009,1097104,1097276,mother
7009,1097105,1097210,father
7009,1097105,1097278,father
7009,1097106,1097210,mother
7009,1097106,1097277,mother
7009,1097107,1097211,father
7009,1097107,1097279,father
7009,1097108,1097211,mother
7009,1097108,1097278,mother
7009,1097109,1097212,father
7009,1097109,1097280,father
7009,1097110,1097212,mother
7009,1097110,1097279,mother
7009,1097111,1097213,father
7009,1097111,1097281,father
7009,1097112,1097213,mother
7009,1097112,1097280,mother
7009,1097113,1097214,father
7009,1097113,1097282,father
7009,1097114,1097214,mother
7009,1097114,1097281,mother
7009,1097115,1097215,father
7009,1097115,1097283,father
7009,1097116,1097215,mother
7009,1097116,1097282,mother
7009,1097117,1097216,father
7009,1097117,1097284,father
7009,1097118,1097216,mother
7009,1097118,1097283,mother
7009,1097119,1097217,father
7009,1097119,1097285,father
7009,1097120,1097217,mother
7009,1097120,1097284,mother
7009,1097121,1097218,father
7009,1097121,1097286,father
7009,1097122,1097218,mother
7009,1097122,1097285,mother
7009,1097123,1097219,father
7009,1097123,1097287,father
7009,1097124,1097219,mother
7009,1097124,1097286,mother
7009,1097125,1097220,father
7009,1097125,1097288,father
7009,1097126,1097220,mother
7009,1097126,1097287,mother
7009,1097127,1097221,father
7009,1097127,1097289,father
7009,1097128,1097221,mother
7009,1097128,1097288,mother
7009,1097129,1097222,father
7009,1097129,1097290,father
7009,1097130,1097222,mother
7009,1097130,1097289,mother
7009,1097131,1097223,father
7009,1097131,1097291,father
7009,1097132,1097223,mother
7009,1097132,1097290,mother
7009,1097133,1097224,father
7009,1097133,1097292,father
7009,1097134,1097224,mother
7009,1097134,1097291,mother
7009,1097135,1097225,father
7009,1097135,1097293,father
7009,1097136,1097225,mother
7009,1097136,1097292,mother
7009,1097137,1097226,father
7009,1097137,1097294,father
7009,1097138,1097226,mother
7009,1097138,1097293,mother
7009,1097139,1097227,father
7009,1097139,1097295,father
7009,1097140,1097227,mother
7009,1097140,1097294,mother
7009,1097141,1097228,father
7009,1097141,1097296,father
7009,1097142,1097228,mother
7009,1097142,1097295,mother
7009,1097143,1097229,father
7009,1097143,1097297,father
7009,1097144,1097229,mother
7009,1097144,1097296,mother
7009,1097145,1097230,father
7009,1097145,1097298,father
7009,1097146,1097230,mother
7009,1097146,1097297,mother
7009,1097147,1097231,father
7009,1097147,1097299,father
7009,1097148,1097231,mother
7009,1097148,1097298,mother
7009,1097149,1097232,father
7009,1097149,1097300,father
7009,1097150,1097232,mother
7009,1097150,1097299,mother
7009,1097151,1097233,father
7009,1097151,1097301,father
7009,1097152,1097233,mother
7009,1097152,1097300,mother
7009,1097153,1097234,father
7009,1097153,1097302,father
7009,1097154,1097234,mother
7009,1097154,1097301,mother
7009,1097155,1097235,father
7009,1097155,1097303,father
7009,1097156,1097235,mother
7009,1097156,1097302,mother
7009,1097157,1097236,father
7009,1097157,1097304,father
7009,1097158,1097236,mother
7009,1097158,1097303,mother
7009,1097159,1097237,father
7009,1097160,1097237,mother
7009,1097160,1097304,mother
7009,1097161,1097238,father
7009,1097162,1097238,mother
7009,1097163,1097239,father
7009,1097164,1097239,mother
7009,1097165,1097240,father
7009,1097166,1097240,mother
7009,1097167,1097241,father
7009,1097168,1097241,mother
7009,1097169,1097242,father
7009,1097170,1097242,mother
7009,1097171,1097243,father
7009,1097172,1097243,mother
7009,1097173,1097244,father
7009,1097174,1097244,mother
7009,1097175,1097245,father
7009,1097176,1097245,mother
7009,1097177,1097246,father
7009,1097178,1097246,mother
7009,1097179,1097247,father
7009,1097180,1097305,father
7009,1097180,1097368,father
7009,1097181,1097305,mother
7009,1097181,1097367,mother
7009,1097182,1097306,father
7009,1097182,1097369,father
7009,1097183,1097306,mother
7009,1097183,1097368,mother
7009,1097184,1097307,father
7009,1097184,1097370,father
7009,1097185,1097307,mother
7009,1097185,1097369,mother
7009,1097186,1097308,father
7009,1097186,1097371,father
7009,1097187,1097308,mother
7009,1097187,1097370,mother
7009,1097188,1097309,father
7009,1097188,1097372,father
7009,1097189,1097309,mother
7009,1097189,1097371,mother
7009,1097190,1097310,father
7009,1097190,1097373,father
7009,1097191,1097310,mother
7009,1097191,1097372,mother
7009,1097192,1097311,father
7009,1097192,1097374,father
7009,1097193,1097311,mother
7009,1097193,1097373,mother
7009,1097194,1097312,father
7009,1097194,1097375,father
7009,1097195,1097312,mother
7009,1097195,1097374,mother
7009,1097196,1097313,father
7009,1097196,1097376,father
7009,1097197,1097313,mother
7009,1097197,1097375,mother
7009,1097198,1097314,father
7009,1097198,1097377,father
7009,1097199,1097314,mother
7009,1097199,1097376,mother
7009,1097200,1097315,father
7009,1097200,1097378,father
7009,1097201,1097315,mother
7009,1097201,1097377,mother
7009,1097202,1097316,father
7009,1097202,1097379,father
7009,1097203,1097316,mother
7009,1097203,1097378,mother
7009,1097204,1097317,father
7009,1097204,1097380,father
7009,1097205,1097317,mother
7009,1097205,1097379,mother
7009,1097206,1097318,father
7009,1097206,1097381,father
7009,1097207,1097318,mother
7009,1097207,1097380,mother
7009,1097208,1097319,father
7009,1097208,1097382,father
7009,1097209,1097319,mother
7009,1097209,1097381,mother
7009,1097210,1097320,father
7009,1097210,1097383,father
7009,1097211,1097320,mother
7009,1097211,1097382,mother
7009,1097212,1097321,father
7009,1097212,1097384,father
7009,1097213,1097321,mother
7009,1097213,1097383,mother
7009,1097214,1097322,father
7009,1097214,1097385,father
7009,1097215,1097322,mother
7009,1097215,1097384,mother
7009,1097216,1097323,father
7009,1097216,1097386,father
7009,1097217,1097323,mother
7009,1097217,1097385,mother
7009,1097218,1097324,father
7009,1097218,1097387,father
7009,1097219,1097324,mother
7009,1097219,1097386,mother
7009,1097220,1097325,father
7009,1097220,1097388,father
7009,1097221,1097325,mother
7009,1097221,1097387,mother
7009,1097222,1097326,father
7009,1097222,1097389,father
7009,1097223,1097326,mother
7009,1097223,1097388,mother
7009,1097224,1097327,father
7009,1097224,1097390,father
7009,1097225,1097327,mother
7009,1097225,1097389,mother
7009,1097226,1097328,father
7009,1097226,1097391,father
7009,1097227,1097328,mother
7009,1097227,1097390,mother
7009,1097228,1097329,father
7009,1097228,1097392,father
7009,1097229,1097329,mother
7009,1097229,1097391,mother
7009,1097230,1097330,father
7009,1097230,1097393,father
7009,1097231,1097330,mother
7009,1097231,1097392,mother
7009,1097232,1097331,father
7009,1097232,1097394,father
7009,1097233,1097331,mother
7009,1097233,1097393,mother
7009,1097234,1097332,father
7009,1097234,1097395,father
7009,1097235,1097332,mother
7009,1097235,1097394,mother
7009,1097236,1097333,father
7009,1097236,1097396,father
7009,1097237,1097333,mother
7009,1097237,1097395,mother
7009,1097238,1097334,father
7009,1097238,1097397,father
7009,1097239,1097334,mother
7009,1097239,1097396,mother
7009,1097240,1097335,father
7009,1097240,1097398,father
7009,1097241,1097335,mother
7009,1097241,1097397,mother
7009,1097242,1097336,father
7009,1097242,1097399,father
7009,1097243,1097336,mother
7009,1097243,1097398,mother
7009,1097244,1097337,father
7009,1097244,1097400,father
7009,1097245,1097337,mother
7009,1097245,1097399,mother
7009,1097246,1097338,father
7009,1097246,1097401,father
7009,1097247,1097338,mother
7009,1097247,1097400,mother
7009,1097248,1097339,father
7009,1097248,1097402,father
7009,1097249,1097339,mother
7009,1097249,1097401,mother
7009,1097250,1097340,father
7009,1097250,1097403,father
7009,1097251,1097340,mother
7009,1097251,1097402,mother
7009,1097252,1097341,father
7009,1097252,1097404,father
7009,1097253,1097341,mother
7009,1097253,1097403,mother
7009,1097254,1097342,father
7009,1097254,1097405,father
7009,1097255,1097342,mother
7009,1097255,1097404,mother
7009,1097256,1097343,father
7009,1097256,1097406,father
7009,1097257,1097343,mother
7009,1097257,1097405,mother
7009,1097258,1097344,father
7009,1097258,1097407,father
7009,1097259,1097344,mother
7009,1097259,1097406,mother
7009,1097260,1097345,father
7009,1097260,1097408,father
7009,1097261,1097345,mother
7009,1097261,1097407,mother
7009,1097262,1097346,father
7009,1097262,1097409,father
7009,1097263,1097346,mother
7009,1097263,1097408,mother
7009,1097264,1097347,father
7009,1097264,1097410,father
7009,1097265,1097347,mother
7009,1097265,1097409,mother
7009,1097266,1097348,father
7009,1097266,1097411,father
7009,1097267,1097348,mother
7009,1097267,1097410,mother
7009,1097268,1097349,father
7009,1097268,1097412,father
7009,1097269,1097349,mother
7009,1097269,1097411,mother
7009,1097270,1097350,father
7009,1097270,1097413,father
7009,1097271,1097350,mother
7009,1097271,1097412,mother
7009,1097272,1097351,father
7009,1097272,1097414,father
7009,1097273,1097351,mother
7009,1097273,1097413,mother
7009,1097274,1097352,father
7009,1097274,1097415,father
7009,1097275,1097352,mother
7009,1097275,1097414,mother
7009,1097276,1097353,father
7009,1097276,1097416,father
7009,1097277,1097353,mother
7009,1097277,1097415,mother
7009,1097278,1097354,father
7009,1097278,1097417,father
7009,1097279,1097354,mother
7009,1097279,1097416,mother
7009,1097280,1097355,father
7009,1097280,1097418,father
7009,1097281,1097355,mother
7009,1097281,1097417,mother
7009,1097282,1097356,father
7009,1097282,1097419,father
7009,1097283,1097356,mother
7009,1097283,1097418,mother
7009,1097284,1097357,father
7009,1097285,1097357,mother
7009,1097285,1097419,mother
7009,1097286,1097358,father
7009,1097287,1097358,mother
7009,1097288,1097359,father
7009,1097289,1097359,mother
7009,1097290,1097360,father
7009,1097291,1097360,mother
7009,1097292,1097361,father
7009,1097293,1097361,mother
7009,1097294,1097362,father
7009,1097295,1097362,mother
7009,1097296,1097363,father
7009,1097297,1097363,mother
7009,1097298,1097364,father
7009,1097299,1097364,mother
7009,1097300,1097365,father
7009,1097301,1097365,mother
7009,1097302,1097366,father
7009,1097303,1097366,mother
7009,1097304,1097367,father
7009,1097305,1097420,father
7009,1097305,1097478,father
7009,1097306,1097420,mother
7009,1097306,1097477,mother
7009,1097307,1097421,father
7009,1097307,1097479,father
7009,1097308,1097421,mother
7009,1097308,1097478,mother
7009,1097309,1097422,father
7009,1097309,1097480,father
7009,1097310,1097422,mother
7009,1097310,1097479,mother
7009,1097311,1097423,father
7009,1097311,1097481,father
7009,1097312,1097423,mother
7009,1097312,1097480,mother
7009,1097313,1097424,father
7009,1097313,1097482,father
7009,1097314,1097424,mother
7009,1097314,1097481,mother
7009,1097315,1097425,father
7009,1097315,1097483,father
7009,1097316,1097425,mother
7009,1097316,1097482,mother
7009,1097317,1097426,father
7009,1097317,1097484,father
7009,1097318,1097426,mother
7009,1097318,1097483,mother
7009,1097319,1097427,father
7009,1097319,1097485,father
7009,1097320,1097427,mother
7009,1097320,1097484,mother
7009,1097321,1097428,father
7009,1097321,1097486,father
7009,1097322,1097428,mother
7009,1097322,1097485,mother
7009,1097323,1097429,father
7009,1097323,1097487,father
7009,1097324,1097429,mother
7009,1097324,1097486,mother
7009,1097325,1097430,father
7009,1097325,1097488,father
7009,1097326,1097430,mother
7009,1097326,1097487,mother
7009,1097327,1097431,father
7009,1097327,1097489,father
7009,1097328,1097431,mother
7009,1097328,1097488,mother
7009,1097329,1097432,father
7009,1097329,1097490,father
7009,1097330,1097432,mother
7009,1097330,1097489,mother
7009,1097331,1097433,father
7009,1097331,1097491,father
7009,1097332,1097433,mother
7009,1097332,1097490,mother
7009,1097333,1097434,father
7009,1097333,1097492,father
7009,1097334,1097434,mother
7009,1097334,1097491,mother
7009,1097335,1097435,father
7009,1097335,1097493,father
7009,1097336,1097435,mother
7009,1097336,1097492,mother
7009,1097337,1097436,father
7009,1097337,1097494,father
7009,1097338,1097436,mother
7009,1097338,1097493,mother
7009,1097339,1097437,father
7009,1097339,1097495,father
7009,1097340,1097437,mother
7009,1097340,1097494,mother
7009,1097341,1097438,father
7009,1097341,1097496,father
7009,1097342,1097438,mother
7009,1097342,1097495,mother
7009,1097343,1097439,father
7009,1097343,1097497,father
7009,1097344,1097439,mother
7009,1097344,1097496,mother
7009,1097345,1097440,father
7009,1097345,1097498,father
7009,1097346,1097440,mother
7009,1097346,1097497,mother
7009,1097347,1097441,father
7009,1097347,1097499,father
7009,1097348,1097441,mother
7009,1097348,1097498,mother
7009,1097349,1097442,father
7009,1097349,1097500,father
7009,1097350,1097442,mother
7009,1097350,1097499,mother
7009,1097351,1097443,father
7009,1097351,1097501,father
7009,1097352,1097443,mother
7009,1097352,1097500,mother
7009,1097353,1097444,father
7009,1097353,1097502,father
7009,1097354,1097444,mother
7009,1097354,1097501,mother
7009,1097355,1097445,father
7009,1097355,1097503,father
7009,1097356,1097445,mother
7009,1097356,1097502,mother
7009,1097357,1097446,father
7009,1097357,1097504,father
7009,1097358,1097446,mother
7009,1097358,1097503,mother
7009,1097359,1097447,father
7009,1097359,1097505,father
7009,1097360,1097447,mother
7009,1097360,1097504,mother
7009,1097361,1097448,father
7009,1097361,1097506,father
7009,1097362,1097448,mother
7009,1097362,1097505,mother
7009,1097363,1097449,father
7009,1097363,1097507,father
7009,1097364,1097449,mother
7009,1097364,1097506,mother
7009,1097365,1097450,father
7009,1097365,1097508,father
7009,1097366,1097450,mother
7009,1097366,1097507,mother
7009,1097367,1097451,father
7009,1097367,1097509,father
7009,1097368,1097451,mother
7009,1097368,1097508,mother
7009,1097369,1097452,father
7009,1097369,1097510,father
7009,1097370,1097452,mother
7009,1097370,1097509,mother
7009,1097371,1097453,father
7009,1097371,1097511,father
7009,1097372,1097453,mother
7009,1097372,1097510,mother
7009,1097373,1097454,father
7009,1097373,1097512,father
7009,1097374,1097454,mother
7009,1097374,1097511,mother
7009,1097375,1097455,father
7009,1097375,1097513,father
7009,1097376,1097455,mother
7009,1097376,1097512,mother
7009,1097377,1097456,father
7009,1097377,1097514,father
7009,1097378,1097456,mother
7009,1097378,1097513,mother
7009,1097379,1097457,father
7009,1097379,1097515,father
7009,1097380,1097457,mother
7009,1097380,1097514,mother
7009,1097381,1097458,father
7009,1097381,1097516,father
7009,1097382,1097458,mother
7009,1097382,1097515,mother
7009,1097383,1097459,father
7009,1097383,1097517,father
7009,1097384,1097459,mother
7009,1097384,1097516,mother
7009,1097385,1097460,father
7009,1097385,1097518,father
7009,1097386,1097460,mother
7009,1097386,1097517,mother
7009,1097387,1097461,father
7009,1097387,1097519,father
7009,1097388,1097461,mother
7009,1097388,1097518,mother
7009,1097389,1097462,father
7009,1097389,1097520,father
7009,1097390,1097462,mother
7009,1097390,1097519,mother
7009,1097391,1097463,father
7009,1097391,1097521,father
7009,1097392,1097463,mother
7009,1097392,1097520,mother
7009,1097393,1097464,father
7009,1097393,1097522,father
7009,1097394,1097464,mother
7009,1097394,1097521,mother
7009,1097395,1097465,father
7009,1097395,1097523,father
7009,1097396,1097465,mother
7009,1097396,1097522,mother
7009,1097397,1097466,father
7009,1097398,1097466,mother
7009,1097398,1097523,mother
7009,1097399,1097467,father
7009,1097400,1097467,mother
7009,1097401,1097468,father
7009,1097402,1097468,mother
7009,1097403,1097469,father
7009,1097404,1097469,mother
7009,1097405,1097470,father
7009,1097406,1097470,mother
7009,1097407,1097471,father
7009,1097408,1097471,mother
7009,1097409,1097472,father
7009,1097410,1097472,mother
7009,1097411,1097473,father
7009,1097412,1097473,mother
7009,1097413,1097474,father
7009,1097414,1097474,mother
7009,1097415,1097475,father
7009,1097416,1097475,mother
7009,1097417,1097476,father
7009,1097418,1097476,mother
7009,1097419,1097477,father
7009,1097420,1097524,father
7009,1097420,1097576,father
7009,1097421,1097524,mother
7009,1097421,1097576,mother
7009,1097422,1097525,father
7009,1097422,1097577,father
7009,1097423,1097525,mother
7009,1097423,1097577,mother
7009,1097424,1097526,father
7009,1097424,1097578,father
7009,1097425,1097526,mother
7009,1097425,1097578,mother
7009,1097426,1097527,father
7009,1097426,1097579,father
7009,1097427,1097527,mother
7009,1097427,1097579,mother
7009,1097428,1097528,father
7009,1097428,1097580,father
7009,1097429,1097528,mother
7009,1097429,1097580,mother
7009,1097430,1097529,father
7009,1097430,1097581,father
7009,1097431,1097529,mother
7009,1097431,1097581,mother
7009,1097432,1097530,father
7009,1097432,1097582,father
7009,1097433,1097530,mother
7009,1097433,1097582,mother
7009,1097434,1097531,father
7009,1097434,1097583,father
7009,1097435,1097531,mother
7009,1097435,1097583,mother
7009,1097436,1097532,father
7009,1097436,1097584,father
7009,1097437,1097532,mother
7009,1097437,1097584,mother
7009,1097438,1097533,father
7009,1097438,1097585,father
7009,1097439,1097533,mother
7009,1097439,1097585,mother
7009,1097440,1097534,father
7009,1097440,1097586,father
7009,1097441,1097534,mother
7009,1097441,1097586,mother
7009,1097442,1097535,father
7009,1097442,1097587,father
7009,1097443,1097535,mother
7009,1097443,1097587,mother
7009,1097444,1097536,father
7009,1097444,1097588,father
7009,1097445,1097536,mother
7009,1097445,1097588,mother
7009,1097446,1097537,father
7009,1097446,1097589,father
7009,1097447,1097537,mother
7009,1097447,1097589,mother
7009,1097448,1097538,father
7009,1097448,1097590,father
7009,1097449,1097538,mother
7009,1097449,1097590,mother
7009,1097450,1097539,father
7009,1097450,1097591,father
7009,1097451,1097539,mother
7009,1097451,1097591,mother
7009,1097452,1097540,father
7009,1097452,1097592,father
7009,1097453,1097540,mother
7009,1097453,1097592,mother
7009,1097454,1097541,father
7009,1097454,1097593,father
7009,1097455,1097541,mother
7009,1097455,1097593,mother
7009,1097456,1097542,father
7009,1097456,1097594,father
7009,1097457,1097542,mother
7009,1097457,1097594,mother
7009,1097458,1097543,father
7009,1097458,1097595,father
7009,1097459,1097543,mother
7009,1097459,1097595,mother
7009,1097460,1097544,father
7009,1097460,1097596,father
7009,1097461,1097544,mother
7009,1097461,1097596,mother
7009,1097462,1097545,father
7009,1097462,1097597,father
7009,1097463,1097545,mother
7009,1097463,1097597,mother
7009,1097464,1097546,father
7009,1097464,1097598,father
7009,1097465,1097546,mother
7009,1097465,1097598,mother
7009,1097466,1097547,father
7009,1097466,1097599,father
7009,1097467,1097547,mother
7009,1097467,1097599,mother
7009,1097468,1097548,father
7009,1097468,1097600,father
7009,1097469,1097548,mother
7009,1097469,1097600,mother
7009,1097470,1097549,father
7009,1097470,1097601,father
7009,1097471,1097549,mother
7009,1097471,1097601,mother
7009,1097472,1097550,father
7009,1097472,1097602,father
7009,1097473,1097550,mother
7009,1097473,1097602,mother
7009,1097474,1097551,father
7009,1097474,1097603,father
7009,1097475,1097551,mother
7009,1097475,1097603,mother
7009,1097476,1097552,father
7009,1097476,1097604,father
7009,1097477,1097552,mother
7009,1097477,1097604,mother
7009,1097478,1097553,father
7009,1097478,1097605,father
7009,1097479,1097553,mother
7009,1097479,1097605,mother
7009,1097480,1097554,father
7009,1097480,1097606,father
7009,1097481,1097554,mother
7009,1097481,1097606,mother
7009,1097482,1097555,father
7009,1097482,1097607,father
7009,1097483,1097555,mother
7009,1097483,1097607,mother
7009,1097484,1097556,father
7009,1097484,1097608,father
7009,1097485,1097556,mother
7009,1097485,1097608,mother
7009,1097486,1097557,father
7009,1097486,1097609,father
7009,1097487,1097557,mother
7009,1097487,1097609,mother
7009,1097488,1097558,father
7009,1097488,1097610,father
7009,1097489,1097558,mother
7009,1097489,1097610,mother
7009,1097490,1097559,father
7009,1097490,1097611,father
7009,1097491,1097559,mother
7009,1097491,1097611,mother
7009,1097492,1097560,father
7009,1097492,1097612,father
7009,1097493,1097560,mother
7009,1097493,1097612,mother
7009,1097494,1097561,father
7009,1097494,1097613,father
7009,1097495,1097561,mother
7009,1097495,1097613,mother
7009,1097496,1097562,father
7009,1097496,1097614,father
7009,1097497,1097562,mother
7009,1097497,1097614,mother
7009,1097498,1097563,father
7009,1097498,1097615,father
7009,1097499,1097563,mother
7009,1097499,1097615,mother
7009,1097500,1097564,father
7009,1097500,1097616,father
7009,1097501,1097564,mother
7009,1097501,1097616,mother
7009,1097502,1097565,father
7009,1097502,1097617,father
7009,1097503,1097565,mother
7009,1097503,1097617,mother
7009,1097504,1097566,father
7009,1097505,1097566,mother
7009,1097506,1097567,father
7009,1097507,1097567,mother
7009,1097508,1097568,father
7009,1097509,1097568,mother
7009,1097510,1097569,father
7009,1097511,1097569,mother
7009,1097512,1097570,father
7009,1097513,1097570,mother
7009,1097514,1097571,father
7009,1097515,1097571,mother
7009,1097516,1097572,father
7009,1097517,1097572,mother
7009,1097518,1097573,father
7009,1097519,1097573,mother
7009,1097520,1097574,father
7009,1097521,1097574,mother
7009,1097522,1097575,father
7009,1097523,1097575,mother
7009,1097524,1097618,father
7009,1097524,1097665,father
7009,1097525,1097618,mother
7009,1097525,1097665,mother
7009,1097526,1097619,father
7009,1097526,1097666,father
7009,1097527,1097619,mother
7009,1097527,1097666,mother
7009,1097528,1097620,father
7009,1097528,1097667,father
7009,1097529,1097620,mother
7009,1097529,1097667,mother
7009,1097530,1097621,father
7009,1097530,1097668,father
7009,1097531,1097621,mother
7009,1097531,1097668,mother
7009,1097532,1097622,father
7009,1097532,1097669,father
7009,1097533,1097622,mother
7009,1097533,1097669,mother
7009,1097534,1097623,father
7009,1097534,1097670,father
7009,1097535,1097623,mother
7009,1097535,1097670,mother
7009,1097536,1097624,father
7009,1097536,1097671,father
7009,1097537,1097624,mother
7009,1097537,1097671,mother
7009,1097538,1097625,father
7009,1097538,1097672,father
7009,1097539,1097625,mother
7009,1097539,1097672,mother
7009,1097540,1097626,father
7009,1097540,1097673,father
7009,1097541,1097626,mother
7009,1097541,1097673,mother
7009,1097542,1097627,father
7009,1097542,1097674,father
7009,1097543,1097627,mother
7009,1097543,1097674,mother
7009,1097544,1097628,father
7009,1097544,1097675,father
7009,1097545,1097628,mother
7009,1097545,1097675,mother
7009,1097546,1097629,father
7009,1097546,1097676,father
7009,1097547,1097629,mother
7009,1097547,1097676,mother
7009,1097548,1097630,father
7009,1097548,1097677,father
7009,1097549,1097630,mother
7009,1097549,1097677,mother
7009,1097550,1097631,father
7009,1097550,1097678,father
7009,1097551,1097631,mother
7009,1097551,1097678,mother
7009,1097552,1097632,father
7009,1097552,1097679,father
7009,1097553,1097632,mother
7009,1097553,1097679,mother
7009,1097554,1097633,father
7009,1097554,1097680,father
7009,1097555,1097633,mother
7009,1097555,1097680,mother
7009,1097556,1097634,father
7009,1097556,1097681,father
7009,1097557,1097634,mother
7009,1097557,1097681,mother
7009,1097558,1097635,father
7009,1097558,1097682,father
7009,1097559,1097635,mother
7009,1097559,1097682,mother
7009,1097560,1097636,father
7009,1097560,1097683,father
7009,1097561,1097636,mother
7009,1097561,1097683,mother
7009,1097562,1097637,father
7009,1097562,1097684,father
7009,1097563,1097637,mother
7009,1097563,1097684,mother
7009,1097564,1097638,father
7009,1097564,1097685,father
7009,1097565,1097638,mother
7009,1097565,1097685,mother
7009,1097566,1097639,father
7009,1097566,1097686,father
7009,1097567,1097639,mother
7009,1097567,1097686,mother
7009,1097568,1097640,father
7009,1097568,1097687,father
7009,1097569,1097640,mother
7009,1097569,1097687,mother
7009,1097570,1097641,father
7009,1097570,1097688,father
7009,1097571,1097641,mother
7009,1097571,1097688,mother
7009,1097572,1097642,father
7009,1097572,1097689,father
7009,1097573,1097642,mother
7009,1097573,1097689,mother
7009,1097574,1097643,father
7009,1097574,1097690,father
7009,1097575,1097643,mother
7009,1097575,1097690,mother
7009,1097576,1097644,father
7009,1097576,1097691,father
7009,1097577,1097644,mother
7009,1097577,1097691,mother
7009,1097578,1097645,father
7009,1097578,1097692,father
7009,1097579,1097645,mother
7009,1097579,1097692,mother
7009,1097580,1097646,father
7009,1097580,1097693,father
7009,1097581,1097646,mother
7009,1097581,1097693,mother
7009,1097582,1097647,father
7009,1097582,1097694,father
7009,1097583,1097647,mother
7009,1097583,1097694,mother
7009,1097584,1097648,father
7009,1097584,1097695,father
7009,1097585,1097648,mother
7009,1097585,1097695,mother
7009,1097586,1097649,father
7009,1097586,1097696,father
7009,1097587,1097649,mother
7009,1097587,1097696,mother
7009,1097588,1097650,father
7009,1097588,1097697,father
7009,1097589,1097650,mother
7009,1097589,1097697,mother
7009,1097590,1097651,father
7009,1097590,1097698,father
7009,1097591,1097651,mother
7009,1097591,1097698,mother
7009,1097592,1097652,father
7009,1097592,1097699,father
7009,1097593,1097652,mother
7009,1097593,1097699,mother
7009,1097594,1097653,father
7009,1097594,1097700,father
7009,1097595,1097653,mother
7009,1097595,1097700,mother
7009,1097596,1097654,father
7009,1097596,1097701,father
7009,1097597,1097654,mother
7009,1097597,1097701,mother
7009,1097598,1097655,father
7009,1097599,1097655,mother
7009,1097600,1097656,father
7009,1097601,1097656,mother
7009,1097602,1097657,father
7009,1097603,1097657,mother
7009,1097604,1097658,father
7009,1097605,1097658,mother
7009,1097606,1097659,father
7009,1097607,1097659,mother
7009,1097608,1097660,father
7009,1097609,1097660,mother
7009,1097610,1097661,father
7009,1097611,1097661,mother
7009,1097612,1097662,father
7009,1097613,1097662,mother
7009,1097614,1097663,father
7009,1097615,1097663,mother
7009,1097616,1097664,father
7009,1097617,1097664,mother
7009,1097618,1097702,father
7009,1097618,1097744,father
7009,1097619,1097702,mother
7009,1097619,1097744,mother
7009,1097620,1097703,father
7009,1097620,1097745,father
7009,1097621,1097703,mother
7009,1097621,1097745,mother
7009,1097622,1097704,father
7009,1097622,1097746,father
7009,1097623,1097704,mother
7009,1097623,1097746,mother
7009,1097624,1097705,father
7009,1097624,1097747,father
7009,1097625,1097705,mother
7009,1097625,1097747,mother
7009,1097626,1097706,father
7009,1097626,1097748,father
7009,1097627,1097706,mother
7009,1097627,1097748,mother
7009,1097628,1097707,father
7009,1097628,1097749,father
7009,1097629,1097707,mother
7009,1097629,1097749,mother
7009,1097630,1097708,father
7009,1097630,1097750,father
7009,1097631,1097708,mother
7009,1097631,1097750,mother
7009,1097632,1097709,father
7009,1097632,1097751,father
7009,1097633,1097709,mother
7009,1097633,1097751,mother
7009,1097634,1097710,father
7009,1097634,1097752,father
7009,1097635,1097710,mother
7009,1097635,1097752,mother
7009,1097636,1097711,father
7009,1097636,1097753,father
7009,1097637,1097711,mother
7009,1097637,1097753,mother
7009,1097638,1097712,father
7009,1097638,1097754,father
7009,1097639,1097712,mother
7009,1097639,1097754,mother
7009,1097640,1097713,father
7009,1097640,1097755,father
7009,1097641,1097713,mother
7009,1097641,1097755,mother
7009,1097642,1097714,father
7009,1097642,1097756,father
7009,1097643,1097714,mother
7009,1097643,1097756,mother
7009,1097644,1097715,father
7009,1097644,1097757,father
7009,1097645,1097715,mother
7009,1097645,1097757,mother
7009,1097646,1097716,father
7009,1097646,1097758,father
7009,1097647,1097716,mother
7009,1097647,1097758,mother
7009,1097648,1097717,father
7009,1097648,1097759,father
7009,1097649,1097717,mother
7009,1097649,1097759,mother
7009,1097650,1097718,father
7009,1097650,1097760,father
7009,1097651,1097718,mother
7009,1097651,1097760,mother
7009,1097652,1097719,father
7009,1097652,1097761,father
7009,1097653,1097719,mother
7009,1097653,1097761,mother
7009,1097654,1097720,father
7009,1097654,1097762,father
7009,1097655,1097720,mother
7009,1097655,1097762,mother
7009,1097656,1097721,father
7009,1097656,1097763,father
7009,1097657,1097721,mother
7009,1097657,1097763,mother
7009,1097658,1097722,father
7009,1097658,1097764,father
7009,1097659,1097722,mother
7009,1097659,1097764,mother
7009,1097660,1097723,father
7009,1097660,1097765,father
7009,1097661,1097723,mother
7009,1097661,1097765,mother
7009,1097662,1097724,father
7009,1097662,1097766,father
7009,1097663,1097724,mother
7009,1097663,1097766,mother
7009,1097664,1097725,father
7009,1097664,1097767,father
7009,1097665,1097725,mother
7009,1097665,1097767,mother
7009,1097666,1097726,father
7009,1097666,1097768,father
7009,1097667,1097726,mother
7009,1097667,1097768,mother
7009,1097668,1097727,father
7009,1097668,1097769,father
7009,1097669,1097727,mother
7009,1097669,1097769,mother
7009,1097670,1097728,father
7009,1097670,1097770,father
7009,1097671,1097728,mother
7009,1097671,1097770,mother
7009,1097672,1097729,father
7009,1097672,1097771,father
7009,1097673,1097729,mother
7009,1097673,1097771,mother
7009,1097674,1097730,father
7009,1097674,1097772,father
7009,1097675,1097730,mother
7009,1097675,1097772,mother
7009,1097676,1097731,father
7009,1097676,1097773,father
7009,1097677,1097731,mother
7009,1097677,1097773,mother
7009,1097678,1097732,father
7009,1097678,1097774,father
7009,1097679,1097732,mother
7009,1097679,1097774,mother
7009,1097680,1097733,father
7009,1097680,1097775,father
7009,1097681,1097733,mother
7009,1097681,1097775,mother
7009,1097682,1097734,father
7009,1097683,1097734,mother
7009,1097684,1097735,father
7009,1097685,1097735,mother
7009,1097686,1097736,father
7009,1097687,1097736,mother
7009,1097688,1097737,father
7009,1097689,1097737,mother
7009,1097690,1097738,father
7009,1097691,1097738,mother
7009,1097692,1097739,father
7009,1097693,1097739,mother
7009,1097694,1097740,father
7009,1097695,1097740,mother
7009,1097696,1097741,father
7009,1097697,1097741,mother
7009,1097698,1097742,father
7009,1097699,1097742,mother
7009,1097700,1097743,father
7009,1097701,1097743,mother
7009,1097702,1097776,father
7009,1097702,1097813,father
7009,1097703,1097776,mother
7009,1097703,1097813,mother
7009,1097704,1097777,father
7009,1097704,1097814,father
7009,1097705,1097777,mother
7009,1097705,1097814,mother
7009,1097706,1097778,father
7009,1097706,1097815,father
7009,1097707,1097778,mother
7009,1097707,1097815,mother
7009,1097708,1097779,father
7009,1097708,1097816,father
7009,1097709,1097779,mother
7009,1097709,1097816,mother
7009,1097710,1097780,father
7009,1097710,1097817,father
7009,1097711,1097780,mother
7009,1097711,1097817,mother
7009,1097712,1097781,father
7009,1097712,1097818,father
7009,1097713,1097781,mother
7009,1097713,1097818,mother
7009,1097714,1097782,father
7009,1097714,1097819,father
7009,1097715,1097782,mother
7009,1097715,1097819,mother
7009,1097716,1097783,father
7009,1097716,1097820,father
7009,1097717,1097783,mother
7009,1097717,1097820,mother
7009,1097718,1097784,father
7009,1097718,1097821,father
7009,1097719,1097784,mother
7009,1097719,1097821,mother
7009,1097720,1097785,father
7009,1097720,1097822,father
7009,1097721,1097785,mother
7009,1097721,1097822,mother
7009,1097722,1097786,father
7009,1097722,1097823,father
7009,1097723,1097786,mother
7009,1097723,1097823,mother
7009,1097724,1097787,father
7009,1097724,1097824,father
7009,1097725,1097787,mother
7009,1097725,1097824,mother
7009,1097726,1097788,father
7009,1097726,1097825,father
7009,1097727,1097788,mother
7009,1097727,1097825,mother
7009,1097728,1097789,father
7009,1097728,1097826,father
7009,1097729,1097789,mother
7009,1097729,1097826,mother
7009,1097730,1097790,father
7009,1097730,1097827,father
7009,1097731,1097790,mother
7009,1097731,1097827,mother
7009,1097732,1097791,father
7009,1097732,1097828,father
7009,1097733,1097791,mother
7009,1097733,1097828,mother
7009,1097734,1097792,father
7009,1097734,1097829,father
7009,1097735,1097792,mother
7009,1097735,1097829,mother
7009,1097736,1097793,father
7009,1097736,1097830,father
7009,1097737,1097793,mother
7009,1097737,1097830,mother
7009,1097738,1097794,father
7009,1097738,1097831,father
7009,1097739,1097794,mother
7009,1097739,1097831,mother
7009,1097740,1097795,father
7009,1097740,1097832,father
7009,1097741,1097795,mother
7009,1097741,1097832,mother
7009,1097742,1097796,father
7009,1097742,1097833,father
7009,1097743,1097796,mother
7009,1097743,1097833,mother
7009,1097744,1097797,father
7009,1097744,1097834,father
7009,1097745,1097797,mother
7009,1097745,1097834,mother
7009,1097746,1097798,father
7009,1097746,1097835,father
7009,1097747,1097798,mother
7009,1097747,1097835,mother
7009,1097748,1097799,father
7009,1097748,1097836,father
7009,1097749,1097799,mother
7009,1097749,1097836,mother
7009,1097750,1097800,father
7009,1097750,1097837,father
7009,1097751,1097800,mother
7009,1097751,1097837,mother
7009,1097752,1097801,father
7009,1097752,1097838,father
7009,1097753,1097801,mother
7009,1097753,1097838,mother
7009,1097754,1097802,father
7009,1097755,1097802,mother
7009,1097756,1097803,father
7009,1097757,1097803,mother
7009,1097758,1097804,father
7009,1097759,1097804,mother
7009,1097760,1097805,father
7009,1097761,1097805,mother
7009,1097762,1097806,father
7009,1097763,1097806,mother
7009,1097764,1097807,father
7009,1097765,1097807,mother
7009,1097766,1097808,father
7009,1097767,1097808,mother
7009,1097768,1097809,father
7009,1097769,1097809,mother
7009,1097770,1097810,father
7009,1097771,1097810,mother
7009,1097772,1097811,father
7009,1097773,1097811,mother
7009,1097774,1097812,father
7009,1097775,1097812,mother
7009,1097776,1097839,father
7009,1097776,1097871,father
7009,1097777,1097839,mother
7009,1097777,1097870,mother
7009,1097778,1097840,father
7009,1097778,1097872,father
7009,1097779,1097840,mother
7009,1097779,1097871,mother
7009,1097780,1097841,father
7009,1097780,1097873,father
7009,1097781,1097841,mother
7009,1097781,1097872,mother
7009,1097782,1097842,father
7009,1097782,1097874,father
7009,1097783,1097842,mother
7009,1097783,1097873,mother
7009,1097784,1097843,father
7009,1097784,1097875,father
7009,1097785,1097843,mother
7009,1097785,1097874,mother
7009,1097786,1097844,father
7009,1097786,1097876,father
7009,1097787,1097844,mother
7009,1097787,1097875,mother
7009,1097788,1097845,father
7009,1097788,1097877,father
7009,1097789,1097845,mother
7009,1097789,1097876,mother
7009,1097790,1097846,father
7009,1097790,1097878,father
7009,1097791,1097846,mother
7009,1097791,1097877,mother
7009,1097792,1097847,father
7009,1097792,1097879,father
7009,1097793,1097847,mother
7009,1097793,1097878,mother
7009,1097794,1097848,father
7009,1097794,1097880,father
7009,1097795,1097848,mother
7009,1097795,1097879,mother
7009,1097796,1097849,father
7009,1097796,1097881,father
7009,1097797,1097849,mother
7009,1097797,1097880,mother
7009,1097798,1097850,father
7009,1097798,1097882,father
7009,1097799,1097850,mother
7009,1097799,1097881,mother
7009,1097800,1097851,father
7009,1097800,1097883,father
7009,1097801,1097851,mother
7009,1097801,1097882,mother
7009,1097802,1097852,father
7009,1097802,1097884,father
7009,1097803,1097852,mother
7009,1097803,1097883,mother
7009,1097804,1097853,father
7009,1097804,1097885,father
7009,1097805,1097853,mother
7009,1097805,1097884,mother
7009,1097806,1097854,father
7009,1097806,1097886,father
7009,1097807,1097854,mother
7009,1097807,1097885,mother
7009,1097808,1097855,father
7009,1097808,1097887,father
7009,1097809,1097855,mother
7009,1097809,1097886,mother
7009,1097810,1097856,father
7009,1097810,1097888,father
7009,1097811,1097856,mother
7009,1097811,1097887,mother
7009,1097812,1097857,father
7009,1097812,1097889,father
7009,1097813,1097857,mother
7009,1097813,1097888,mother
7009,1097814,1097858,father
7009,1097814,1097890,father
7009,1097815,1097858,mother
7009,1097815,1097889,mother
7009,1097816,1097859,father
7009,1097816,1097891,father
7009,1097817,1097859,mother
7009,1097817,1097890,mother
7009,1097818,1097860,father
7009,1097819,1097860,mother
7009,1097819,1097891,mother
7009,1097820,1097861,father
7009,1097821,1097861,mother
7009,1097822,1097862,father
7009,1097823,1097862,mother
7009,1097824,1097863,father
7009,1097825,1097863,mother
7009,1097826,1097864,father
7009,1097827,1097864,mother
7009,1097828,1097865,father
7009,1097829,1097865,mother
7009,1097830,1097866,father
7009,1097831,1097866,mother
7009,1097832,1097867,father
7009,1097833,1097867,mother
7009,1097834,1097868,father
7009,1097835,1097868,mother
7009,1097836,1097869,father
7009,1097837,1097869,mother
7009,1097838,1097870,father
7009,1097839,1097892,father
7009,1097839,1097919,father
7009,1097840,1097892,mother
7009,1097840,1097918,mother
7009,1097841,1097893,father
7009,1097841,1097920,father
7009,1097842,1097893,mother
7009,1097842,1097919,mother
7009,1097843,1097894,father
7009,1097843,1097921,father
7009,1097844,1097894,mother
7009,1097844,1097920,mother
7009,1097845,1097895,father
7009,1097845,1097922,father
7009,1097846,1097895,mother
7009,1097846,1097921,mother
7009,1097847,1097896,father
7009,1097847,1097923,father
7009,1097848,1097896,mother
7009,1097848,1097922,mother
7009,1097849,1097897,father
7009,1097849,1097924,father
7009,1097850,1097897,mother
7009,1097850,1097923,mother
7009,1097851,1097898,father
7009,1097851,1097925,father
7009,1097852,1097898,mother
7009,1097852,1097924,mother
7009,1097853,1097899,father
7009,1097853,1097926,father
7009,1097854,1097899,mother
7009,1097854,1097925,mother
7009,1097855,1097900,father
7009,1097855,1097927,father
7009,1097856,1097900,mother
7009,1097856,1097926,mother
7009,1097857,1097901,father
7009,1097857,1097928,father
7009,1097858,1097901,mother
7009,1097858,1097927,mother
7009,1097859,1097902,father
7009,1097859,1097929,father
7009,1097860,1097902,mother
7009,1097860,1097928,mother
7009,1097861,1097903,father
7009,1097861,1097930,father
7009,1097862,1097903,mother
7009,1097862,1097929,mother
7009,1097863,1097904,father
7009,1097863,1097931,father
7009,1097864,1097904,mother
7009,1097864,1097930,mother
7009,1097865,1097905,father
7009,1097865,1097932,father
7009,1097866,1097905,mother
7009,1097866,1097931,mother
7009,1097867,1097906,father
7009,1097867,1097933,father
7009,1097868,1097906,mother
7009,1097868,1097932,mother
7009,1097869,1097907,father
7009,1097869,1097934,father
7009,1097870,1097907,mother
7009,1097870,1097933,mother
7009,1097871,1097908,father
7009,1097872,1097908,mother
7009,1097872,1097934,mother
7009,1097873,1097909,father
7009,1097874,1097909,mother
7009,1097875,1097910,father
7009,1097876,1097910,mother
7009,1097877,1097911,father
7009,1097878,1097911,mother
7009,1097879,1097912,father
7009,1097880,1097912,mother
7009,1097881,1097913,father
7009,1097882,1097913,mother
7009,1097883,1097914,father
7009,1097884,1097914,mother
7009,1097885,1097915,father
7009,1097886,1097915,mother
7009,1097887,1097916,father
7009,1097888,1097916,mother
7009,1097889,1097917,father
7009,1097890,1097917,mother
7009,1097891,1097918,father
7009,1097892,1097935,father
7009,1097892,1097957,father
7009,1097893,1097935,mother
7009,1097893,1097956,mother
7009,1097894,1097936,father
7009,1097894,1097958,father
7009,1097895,1097936,mother
7009,1097895,1097957,mother
7009,1097896,1097937,father
7009,1097896,1097959,father
7009,1097897,1097937,mother
7009,1097897,1097958,mother
7009,1097898,1097938,father
7009,1097898,1097960,father
7009,1097899,1097938,mother
7009,1097899,1097959,mother
7009,1097900,1097939,father
7009,1097900,1097961,father
7009,1097901,1097939,mother
7009,1097901,1097960,mother
7009,1097902,1097940,father
7009,1097902,1097962,father
7009,1097903,1097940,mother
7009,1097903,1097961,mother
7009,1097904,1097941,father
7009,1097904,1097963,father
7009,1097905,1097941,mother
7009,1097905,1097962,mother
7009,1097906,1097942,father
7009,1097906,1097964,father
7009,1097907,1097942,mother
7009,1097907,1097963,mother
7009,1097908,1097943,father
7009,1097908,1097965,father
7009,1097909,1097943,mother
7009,1097909,1097964,mother
7009,1097910,1097944,father
7009,1097910,1097966,father
7009,1097911,1097944,mother
7009,1097911,1097965,mother
7009,1097912,1097945,father
7009,1097913,1097945,mother
7009,1097913,1097966,mother
7009,1097914,1097946,father
7009,1097915,1097946,mother
7009,1097916,1097947,father
7009,1097917,1097947,mother
7009,1097918,1097948,father
7009,1097919,1097948,mother
7009,1097920,1097949,father
7009,1097921,1097949,mother
7009,1097922,1097950,father
7009,1097923,1097950,mother
7009,1097924,1097951,father
7009,1097925,1097951,mother
7009,1097926,1097952,father
7009,1097927,1097952,mother
7009,1097928,1097953,father
7009,1097929,1097953,mother
7009,1097930,1097954,father
7009,1097931,1097954,mother
7009,1097932,1097955,father
7009,1097933,1097955,mother
7009,1097934,1097956,father
7009,1097935,1097967,father
7009,1097935,1097983,father
7009,1097936,1097967,mother
7009,1097936,1097983,mother
7009,1097937,1097968,father
7009,1097937,1097984,father
7009,1097938,1097968,mother
7009,1097938,1097984,mother
7009,1097939,1097969,father
7009,1097939,1097985,father
7009,1097940,1097969,mother
7009,1097940,1097985,mother
7009,1097941,1097970,father
7009,1097941,1097986,father
7009,1097942,1097970,mother
7009,1097942,1097986,mother
7009,1097943,1097971,father
7009,1097943,1097987,father
7009,1097944,1097971,mother
7009,1097944,1097987,mother
7009,1097945,1097972,father
7009,1097945,1097988,father
7009,1097946,1097972,mother
7009,1097946,1097988,mother
7009,1097947,1097973,father
7009,1097948,1097973,mother
7009,1097949,1097974,father
7009,1097950,1097974,mother
7009,1097951,1097975,father
7009,1097952,1097975,mother
7009,1097953,1097976,father
7009,1097954,1097976,mother
7009,1097955,1097977,father
7009,1097956,1097977,mother
7009,1097957,1097978,father
7009,1097958,1097978,mother
7009,1097959,1097979,father
7009,1097960,1097979,mother
7009,1097961,1097980,father
7009,1097962,1097980,mother
7009,1097963,1097981,father
7009,1097964,1097981,mother
7009,1097965,1097982,father
7009,1097966,1097982,mother
7009,1097967,1097989,father
7009,1097967,1098000,father
7009,1097968,1097989,mother
7009,1097968,1098000,mother
7009,1097969,1097990,father
7009,1097970,1097990,mother
7009,1097971,1097991,father
7009,1097972,1097991,mother
7009,1097973,1097992,father
7009,1097974,1097992,mother
7009,1097975,1097993,father
7009,1097976,1097993,mother
7009,1097977,1097994,father
7009,1097978,1097994,mother
7009,1097979,1097995,father
7009,1097980,1097995,mother
7009,1097981,1097996,father
7009,1097982,1097996,mother
7009,1097983,1097997,father
7009,1097984,1097997,mother
7009,1097985,1097998,father
7009,1097986,1097998,mother
7009,1097987,1097999,father
7009,1097988,1097999,mother
