member_id,tree_id,name,gender,birth_date,death_date,generation_no,generation_name,biography,is_alive
1089001,7007,王明,male,1399-01-01,1442-12-31,1,德,Rule-generated Stage7 member for 合成王氏.,False
1089016,7007,王仁安,male,1422-01-01,1480-12-31,2,仁,Rule-generated Stage7 member for 合成王氏.,False
1089024,7007,王仁成,male,1422-01-01,1496-12-31,2,仁,Rule-generated Stage7 member for 合成王氏.,False
1089032,7007,王仁宗,male,1421-01-01,1520-12-31,2,仁,Rule-generated Stage7 member for 合成王氏.,False
1089040,7007,王伟成,male,1424-01-01,1490-12-31,2,仁,Rule-generated Stage7 member for 合成王氏.,False
1089045,7007,王伟,male,1442-01-01,1514-12-31,3,孝,Rule-generated Stage7 member for 合成王氏.,False
1089049,7007,王孝德,male,1444-01-01,1488-12-31,3,孝,Rule-generated Stage7 member for 合成王氏.,False
1089053,7007,王华,male,1444-01-01,1524-12-31,3,孝,Rule-generated Stage7 member for 合成王氏.,False
1089057,7007,王孝文,male,1447-01-01,1533-12-31,3,孝,Rule-generated Stage7 member for 合成王氏.,False
1089060,7007,王芳玉,female,1442-01-01,1495-12-31,3,孝,Rule-generated Stage7 member for 合成王氏.,False
1089064,7007,王孝兰,female,1441-01-01,1492-12-31,3,孝,Rule-generated Stage7 member for 合成王氏.,False
1089068,7007,王孝华,female,1447-01-01,1517-12-31,3,孝,Rule-generated Stage7 member for 合成王氏.,False
1089072,7007,王孝宁,female,1446-01-01,1505-12-31,3,孝,Rule-generated Stage7 member for 合成王氏.,False
1089075,7007,王孝强,male,1444-01-01,1521-12-31,3,孝,Rule-generated Stage7 member for 合成王氏.,False
1089079,7007,王孝国,male,1444-01-01,1536-12-31,3,孝,Rule-generated Stage7 member for 合成王氏.,False
1089083,7007,王丽,male,1446-01-01,1547-12-31,3,孝,Rule-generated Stage7 member for 合成王氏.,False
1089087,7007,王丽,male,1446-01-01,1513-12-31,3,孝,Rule-generated Stage7 member for 合成王氏.,False
1089089,7007,王丽,male,1462-01-01,1529-12-31,4,礼,Rule-generated Stage7 member for 合成王氏.,False
1089091,7007,王礼承,male,1464-01-01,1530-12-31,4,礼,Rule-generated Stage7 member for 合成王氏.,False
1089093,7007,王礼文,male,1467-01-01,1547-12-31,4,礼,Rule-generated Stage7 member for 合成王氏.,False
1089095,7007,王礼强,male,1462-01-01,1533-12-31,4,礼,Rule-generated Stage7 member for 合成王氏.,False
1089096,7007,王兰清,female,1462-01-01,1521-12-31,4,礼,Rule-generated Stage7 member for 合成王氏.,False
1089098,7007,王礼芳,female,1464-01-01,1524-12-31,4,礼,Rule-generated Stage7 member for 合成王氏.,False
1089100,7007,王礼丽,female,1467-01-01,1494-12-31,4,礼,Rule-generated Stage7 member for 合成王氏.,False
1089102,7007,王礼丽,female,1465-01-01,1553-12-31,4,礼,Rule-generated Stage7 member for 合成王氏.,False
1089104,7007,王礼慧,female,1466-01-01,1511-12-31,4,礼,Rule-generated Stage7 member for 合成王氏.,False
1089106,7007,王礼兰,female,1466-01-01,1522-12-31,4,礼,Rule-generated Stage7 member for 合成王氏.,False
1089108,7007,王安芳,female,1467-01-01,1533-12-31,4,礼,Rule-generated Stage7 member for 合成王氏.,False
1089110,7007,王礼宁,female,1465-01-01,1536-12-31,4,礼,Rule-generated Stage7 member for 合成王氏.,False
1089111,7007,王礼强,male,1466-01-01,1539-12-31,4,礼,Rule-generated Stage7 member for 合成王氏.,False
1089113,7007,王宗宗,male,1466-01-01,1530-12-31,4,礼,Rule-generated Stage7 member for 合成王氏.,False
1089115,7007,王礼伟,male,1468-01-01,1522-12-31,4,礼,Rule-generated Stage7 member for 合成王氏.,False
1089117,7007,王礼安,male,1468-01-01,1531-12-31,4,礼,Rule-generated Stage7 member for 合成王氏.,False
1089118,7007,王梅敏,female,1463-01-01,1561-12-31,4,礼,Rule-generated Stage7 member for 合成王氏.,False
1089120,7007,王敏宁,female,1466-01-01,1531-12-31,4,礼,Rule-generated Stage7 member for 合成王氏.,False
1089122,7007,王礼芳,female,1468-01-01,1548-12-31,4,礼,Rule-generated Stage7 member for 合成王氏.,False
1089124,7007,王礼丽,female,1468-01-01,1532-12-31,4,礼,Rule-generated Stage7 member for 合成王氏.,False
1089126,7007,王礼安,female,1466-01-01,1504-12-31,4,礼,Rule-generated Stage7 member for 合成王氏.,False
1089128,7007,王礼兰,female,1462-01-01,1491-12-31,4,礼,Rule-generated Stage7 member for 合成王氏.,False
1089130,7007,王礼慧,female,1466-01-01,1534-12-31,4,礼,Rule-generated Stage7 member for 合成王氏.,False
1089132,7007,王礼兰,female,1467-01-01,1557-12-31,4,礼,Rule-generated Stage7 member for 合成王氏.,False
1089133,7007,王成德,male,1464-01-01,1527-12-31,4,礼,Rule-generated Stage7 member for 合成王氏.,False
1089135,7007,王礼成,male,1466-01-01,1493-12-31,4,礼,Rule-generated Stage7 member for 合成王氏.,False
1089137,7007,王强,male,1468-01-01,1501-12-31,4,礼,Rule-generated Stage7 member for 合成王氏.,False
1089139,7007,王礼承,male,1463-01-01,1531-12-31,4,礼,Rule-generated Stage7 member for 合成王氏.,False
1089140,7007,王礼清,female,1465-01-01,1542-12-31,4,礼,Rule-generated Stage7 member for 合成王氏.,False
1089142,7007,王礼慧,female,1466-01-01,1560-12-31,4,礼,Rule-generated Stage7 member for 合成王氏.,False
1089144,7007,王礼安,female,1463-01-01,1539-12-31,4,礼,Rule-generated Stage7 member for 合成王氏.,False
1089146,7007,王礼丽,female,1467-01-01,1496-12-31,4,礼,Rule-generated Stage7 member for 合成王氏.,False
1089147,7007,王世德,male,1487-01-01,1565-12-31,5,义,Rule-generated Stage7 member for 合成王氏.,False
1089148,7007,王义雅,female,1484-01-01,1561-12-31,5,义,Rule-generated Stage7 member for 合成王氏.,False
1089149,7007,王义德,male,1485-01-01,1559-12-31,5,义,Rule-generated Stage7 member for 合成王氏.,False
1089150,7007,王安梅,female,1485-01-01,1592-12-31,5,义,Rule-generated Stage7 member for 合成王氏.,False
1089151,7007,王义成,male,1485-01-01,1554-12-31,5,义,Rule-generated Stage7 member for 合成王氏.,False
1089152,7007,王义丽,female,1486-01-01,1541-12-31,5,义,Rule-generated Stage7 member for 合成王氏.,False
1089153,7007,王义安,male,1489-01-01,1560-12-31,5,义,Rule-generated Stage7 member for 合成王氏.,False
1089154,7007,王梅华,female,1483-01-01,1529-12-31,5,义,Rule-generated Stage7 member for 合成王氏.,False
1089155,7007,王文伟,male,1487-01-01,1573-12-31,5,义,Rule-generated Stage7 member for 合成王氏.,False
1089156,7007,王义兰,female,1484-01-01,1558-12-31,5,义,Rule-generated Stage7 member for 合成王氏.,False
1089157,7007,王义国,male,1485-01-01,1538-12-31,5,义,Rule-generated Stage7 member for 合成王氏.,False
1089158,7007,王义安,female,1487-01-01,1533-12-31,5,义,Rule-generated Stage7 member for 合成王氏.,False
1089159,7007,王义强,male,1484-01-01,1579-12-31,5,义,Rule-generated Stage7 member for 合成王氏.,False
1089160,7007,王义安,female,1483-01-01,1545-12-31,5,义,Rule-generated Stage7 member for 合成王氏.,False
1089161,7007,王义明,male,1483-01-01,1545-12-31,5,义,Rule-generated Stage7 member for 合成王氏.,False
1089162,7007,王兰芳,female,1484-01-01,1568-12-31,5,义,Rule-generated Stage7 member for 合成王氏.,False
1089163,7007,王景明,male,1488-01-01,1536-12-31,5,义,Rule-generated Stage7 member for 合成王氏.,False
1089164,7007,王义安,female,1488-01-01,1533-12-31,5,义,Rule-generated Stage7 member for 合成王氏.,False
1089165,7007,王义明,male,1485-01-01,1581-12-31,5,义,Rule-generated Stage7 member for 合成王氏.,False
1089166,7007,王义华,female,1489-01-01,1556-12-31,5,义,Rule-generated Stage7 member for 合成王氏.,False
1089167,7007,王伟,male,1489-01-01,1585-12-31,5,义,Rule-generated Stage7 member for 合成王氏.,False
1089168,7007,王慧梅,female,1483-01-01,1519-12-31,5,义,Rule-generated Stage7 member for 合成王氏.,False
1089169,7007,王华,male,1485-01-01,1575-12-31,5,义,Rule-generated Stage7 member for 合成王氏.,False
1089170,7007,王义丽,female,1483-01-01,1585-12-31,5,义,Rule-generated Stage7 member for 合成王氏.,False
1089171,7007,王义文,male,1489-01-01,1584-12-31,5,义,Rule-generated Stage7 member for 合成王氏.,False
1089172,7007,王义玉,female,1483-01-01,1523-12-31,5,义,Rule-generated Stage7 member for 合成王氏.,False
1089173,7007,王义国,male,1489-01-01,1510-12-31,5,义,Rule-generated Stage7 member for 合成王氏.,False
1089174,7007,王宁清,female,1485-01-01,1531-12-31,5,义,Rule-generated Stage7 member for 合成王氏.,False
1089175,7007,王义成,male,1489-01-01,1587-12-31,5,义,Rule-generated Stage7 member for 合成王氏.,False
1089176,7007,王丽,female,1489-01-01,1523-12-31,5,义,Rule-generated Stage7 member for 合成王氏.,False
1089177,7007,王强,male,1487-01-01,1577-12-31,5,义,Rule-generated Stage7 member for 合成王氏.,False
1089178,7007,王安慧,female,1489-01-01,1555-12-31,5,义,Rule-generated Stage7 member for 合成王氏.,False
1089179,7007,王义安,male,1486-01-01,1569-12-31,5,义,Rule-generated Stage7 member for 合成王氏.,False
1089180,7007,王义慧,female,1483-01-01,1561-12-31,5,义,Rule-generated Stage7 member for 合成王氏.,False
1089181,7007,王义景,male,1489-01-01,1576-12-31,5,义,Rule-generated Stage7 member for 合成王氏.,False
1089182,7007,王伟,female,1487-01-01,1525-12-31,5,义,Rule-generated Stage7 member for 合成王氏.,False
1089183,7007,王义国,male,1483-01-01,1509-12-31,5,义,Rule-generated Stage7 member for 合成王氏.,False
1089184,7007,王伟,female,1483-01-01,1559-12-31,5,义,Rule-generated Stage7 member for 合成王氏.,False
1089185,7007,王义宗,male,1488-01-01,1548-12-31,5,义,Rule-generated Stage7 member for 合成王氏.,False
1089186,7007,王义玉,female,1487-01-01,1540-12-31,5,义,Rule-generated Stage7 member for 合成王氏.,False
1089187,7007,王义安,male,1487-01-01,1558-12-31,5,义,Rule-generated Stage7 member for 合成王氏.,False
1089188,7007,王丽,female,1489-01-01,1515-12-31,5,义,Rule-generated Stage7 member for 合成王氏.,False
1089189,7007,王明伟,male,1484-01-01,1516-12-31,5,义,Rule-generated Stage7 member for 合成王氏.,False
1089190,7007,王义华,female,1489-01-01,1564-12-31,5,义,Rule-generated Stage7 member for 合成王氏.,False
1089191,7007,王景文,male,1489-01-01,1585-12-31,5,义,Rule-generated Stage7 member for 合成王氏.,False
1089192,7007,王义梅,female,1485-01-01,1535-12-31,5,义,Rule-generated Stage7 member for 合成王氏.,False
1089193,7007,王义国,male,1487-01-01,1530-12-31,5,义,Rule-generated Stage7 member for 合成王氏.,False
1089194,7007,王义清,female,1483-01-01,1525-12-31,5,义,Rule-generated Stage7 member for 合成王氏.,False
1089195,7007,王义安,male,1489-01-01,1558-12-31,5,义,Rule-generated Stage7 member for 合成王氏.,False
1089196,7007,王义宁,female,1488-01-01,1578-12-31,5,义,Rule-generated Stage7 member for 合成王氏.,False
1089197,7007,王义世,male,1487-01-01,1567-12-31,5,义,Rule-generated Stage7 member for 合成王氏.,False
1089198,7007,王义兰,female,1488-01-01,1515-12-31,5,义,Rule-generated Stage7 member for 合成王氏.,False
1089199,7007,王义宗,male,1485-01-01,1549-12-31,5,义,Rule-generated Stage7 member for 合成王氏.,False
1089200,7007,王清梅,female,1484-01-01,1552-12-31,5,义,Rule-generated Stage7 member for 合成王氏.,False
1089201,7007,王义成,male,1487-01-01,1546-12-31,5,义,Rule-generated Stage7 member for 合成王氏.,False
1089202,7007,王义清,female,1488-01-01,1522-12-31,5,义,Rule-generated Stage7 member for 合成王氏.,False
1089203,7007,王世宗,male,1485-01-01,1550-12-31,5,义,Rule-generated Stage7 member for 合成王氏.,False
1089204,7007,王玉雅,female,1486-01-01,1529-12-31,5,义,Rule-generated Stage7 member for 合成王氏.,False
1089205,7007,王文安,male,1488-01-01,1565-12-31,5,义,Rule-generated Stage7 member for 合成王氏.,False
1089206,7007,王安丽,female,1488-01-01,1567-12-31,5,义,Rule-generated Stage7 member for 合成王氏.,False
1089207,7007,王强承,male,1487-01-01,1554-12-31,5,义,Rule-generated Stage7 member for 合成王氏.,False
1089208,7007,王清雅,female,1484-01-01,1547-12-31,5,义,Rule-generated Stage7 member for 合成王氏.,False
1089209,7007,王义文,male,1487-01-01,1543-12-31,5,义,Rule-generated Stage7 member for 合成王氏.,False
1089210,7007,王义兰,female,1489-01-01,1552-12-31,5,义,Rule-generated Stage7 member for 合成王氏.,False
1089211,7007,王义明,male,1489-01-01,1586-12-31,5,义,Rule-generated Stage7 member for 合成王氏.,False
1089212,7007,王梅梅,female,1483-01-01,1555-12-31,5,义,Rule-generated Stage7 member for 合成王氏.,False
1089213,7007,王义景,male,1486-01-01,1527-12-31,5,义,Rule-generated Stage7 member for 合成王氏.,False
1089214,7007,王慧华,female,1486-01-01,1556-12-31,5,义,Rule-generated Stage7 member for 合成王氏.,False
1089215,7007,王义成,male,1484-01-01,1521-12-31,5,义,Rule-generated Stage7 member for 合成王氏.,False
1089216,7007,王义清,female,1485-01-01,1514-12-31,5,义,Rule-generated Stage7 member for 合成王氏.,False
1089217,7007,王义世,male,1486-01-01,1550-12-31,5,义,Rule-generated Stage7 member for 合成王氏.,False
1089218,7007,王义宁,female,1487-01-01,1584-12-31,5,义,Rule-generated Stage7 member for 合成王氏.,False
1089219,7007,王丽,male,1487-01-01,1546-12-31,5,义,Rule-generated Stage7 member for 合成王氏.,False
1089220,7007,王华,male,1508-01-01,1581-12-31,6,信,Rule-generated Stage7 member for 合成王氏.,False
1089221,7007,王玉兰,female,1505-01-01,1541-12-31,6,信,Rule-generated Stage7 member for 合成王氏.,False
1089222,7007,王信成,male,1504-01-01,1592-12-31,6,信,Rule-generated Stage7 member for 合成王氏.,False
1089223,7007,王信清,female,1507-01-01,1542-12-31,6,信,Rule-generated Stage7 member for 合成王氏.,False
1089224,7007,王景国,male,1507-01-01,1594-12-31,6,信,Rule-generated Stage7 member for 合成王氏.,False
1089225,7007,王芳芳,female,1506-01-01,1547-12-31,6,信,Rule-generated Stage7 member for 合成王氏.,False
1089226,7007,王信世,male,1505-01-01,1557-12-31,6,信,Rule-generated Stage7 member for 合成王氏.,False
1089227,7007,王信丽,female,1508-01-01,1579-12-31,6,信,Rule-generated Stage7 member for 合成王氏.,False
1089228,7007,王信文,male,1507-01-01,1548-12-31,6,信,Rule-generated Stage7 member for 合成王氏.,False
1089229,7007,王信华,female,1509-01-01,1556-12-31,6,信,Rule-generated Stage7 member for 合成王氏.,False
1089230,7007,王景景,male,1510-01-01,1574-12-31,6,信,Rule-generated Stage7 member for 合成王氏.,False
1089231,7007,王信梅,female,1509-01-01,1553-12-31,6,信,Rule-generated Stage7 member for 合成王氏.,False
1089232,7007,王信承,male,1510-01-01,1539-12-31,6,信,Rule-generated Stage7 member for 合成王氏.,False
1089233,7007,王信宁,female,1509-01-01,1585-12-31,6,信,Rule-generated Stage7 member for 合成王氏.,False
1089234,7007,王信国,male,1509-01-01,1547-12-31,6,信,Rule-generated Stage7 member for 合成王氏.,False
1089235,7007,王信丽,female,1509-01-01,1565-12-31,6,信,Rule-generated Stage7 member for 合成王氏.,False
1089236,7007,王信成,male,1508-01-01,1595-12-31,6,信,Rule-generated Stage7 member for 合成王氏.,False
1089237,7007,王信慧,female,1507-01-01,1575-12-31,6,信,Rule-generated Stage7 member for 合成王氏.,False
1089238,7007,王世景,male,1504-01-01,1593-12-31,6,信,Rule-generated Stage7 member for 合成王氏.,False
1089239,7007,王芳芳,female,1506-01-01,1575-12-31,6,信,Rule-generated Stage7 member for 合成王氏.,False
1089240,7007,王明宗,male,1506-01-01,1575-12-31,6,信,Rule-generated Stage7 member for 合成王氏.,False
1089241,7007,王信雅,female,1505-01-01,1586-12-31,6,信,Rule-generated Stage7 member for 合成王氏.,False
1089242,7007,王敏,male,1508-01-01,1610-12-31,6,信,Rule-generated Stage7 member for 合成王氏.,False
1089243,7007,王信丽,female,1510-01-01,1543-12-31,6,信,Rule-generated Stage7 member for 合成王氏.,False
1089244,7007,王信安,male,1509-01-01,1535-12-31,6,信,Rule-generated Stage7 member for 合成王氏.,False
1089245,7007,王信敏,female,1509-01-01,1572-12-31,6,信,Rule-generated Stage7 member for 合成王氏.,False
1089246,7007,王信安,male,1509-01-01,1610-12-31,6,信,Rule-generated Stage7 member for 合成王氏.,False
1089247,7007,王明,female,1506-01-01,1577-12-31,6,信,Rule-generated Stage7 member for 合成王氏.,False
1089248,7007,王信景,male,1509-01-01,1574-12-31,6,信,Rule-generated Stage7 member for 合成王氏.,False
1089249,7007,王安玉,female,1505-01-01,1575-12-31,6,信,Rule-generated Stage7 member for 合成王氏.,False
1089250,7007,王信伟,male,1507-01-01,1577-12-31,6,信,Rule-generated Stage7 member for 合成王氏.,False
1089251,7007,王明,female,1506-01-01,1560-12-31,6,信,Rule-generated Stage7 member for 合成王氏.,False
1089252,7007,王德世,male,1504-01-01,1565-12-31,6,信,Rule-generated Stage7 member for 合成王氏.,False
1089253,7007,王丽慧,female,1510-01-01,1583-12-31,6,信,Rule-generated Stage7 member for 合成王氏.,False
1089254,7007,王强德,male,1505-01-01,1580-12-31,6,信,Rule-generated Stage7 member for 合成王氏.,False
1089255,7007,王安玉,female,1510-01-01,1601-12-31,6,信,Rule-generated Stage7 member for 合成王氏.,False
1089256,7007,王信伟,male,1508-01-01,1584-12-31,6,信,Rule-generated Stage7 member for 合成王氏.,False
1089257,7007,王芳芳,female,1510-01-01,1573-12-31,6,信,Rule-generated Stage7 member for 合成王氏.,False
1089258,7007,王信国,male,1506-01-01,1557-12-31,6,信,Rule-generated Stage7 member for 合成王氏.,False
1089259,7007,王雅安,female,1510-01-01,1564-12-31,6,信,Rule-generated Stage7 member for 合成王氏.,False
1089260,7007,王信成,male,1505-01-01,1550-12-31,6,信,Rule-generated Stage7 member for 合成王氏.,False
1089261,7007,王雅安,female,1510-01-01,1579-12-31,6,信,Rule-generated Stage7 member for 合成王氏.,False
1089262,7007,王信安,male,1508-01-01,1582-12-31,6,信,Rule-generated Stage7 member for 合成王氏.,False
1089263,7007,王信雅,female,1507-01-01,1529-12-31,6,信,Rule-generated Stage7 member for 合成王氏.,False
1089264,7007,王信承,male,1507-01-01,1583-12-31,6,信,Rule-generated Stage7 member for 合成王氏.,False
1089265,7007,王信芳,female,1507-01-01,1566-12-31,6,信,Rule-generated Stage7 member for 合成王氏.,False
1089266,7007,王信德,male,1509-01-01,1543-12-31,6,信,Rule-generated Stage7 member for 合成王氏.,False
1089267,7007,王信安,female,1508-01-01,1553-12-31,6,信,Rule-generated Stage7 member for 合成王氏.,False
1089268,7007,王信承,male,1509-01-01,1594-12-31,6,信,Rule-generated Stage7 member for 合成王氏.,False
1089269,7007,王兰宁,female,1505-01-01,1578-12-31,6,信,Rule-generated Stage7 member for 合成王氏.,False
1089270,7007,王文德,male,1504-01-01,1578-12-31,6,信,Rule-generated Stage7 member for 合成王氏.,False
1089271,7007,王丽,female,1504-01-01,1546-12-31,6,信,Rule-generated Stage7 member for 合成王氏.,False
1089272,7007,王世景,male,1508-01-01,1566-12-31,6,信,Rule-generated Stage7 member for 合成王氏.,False
1089273,7007,王信敏,female,1505-01-01,1594-12-31,6,信,Rule-generated Stage7 member for 合成王氏.,False
1089274,7007,王世承,male,1505-01-01,1591-12-31,6,信,Rule-generated Stage7 member for 合成王氏.,False
1089275,7007,王清玉,female,1505-01-01,1612-12-31,6,信,Rule-generated Stage7 member for 合成王氏.,False
1089276,7007,王信世,male,1504-01-01,1604-12-31,6,信,Rule-generated Stage7 member for 合成王氏.,False
1089277,7007,王信慧,female,1505-01-01,1573-12-31,6,信,Rule-generated Stage7 member for 合成王氏.,False
1089278,7007,王信景,male,1510-01-01,1563-12-31,6,信,Rule-generated Stage7 member for 合成王氏.,False
1089279,7007,王梅丽,female,1510-01-01,1592-12-31,6,信,Rule-generated Stage7 member for 合成王氏.,False
1089280,7007,王信安,male,1509-01-01,1579-12-31,6,信,Rule-generated Stage7 member for 合成王氏.,False
1089281,7007,王安玉,female,1506-01-01,1566-12-31,6,信,Rule-generated Stage7 member for 合成王氏.,False
1089282,7007,王景宗,male,1510-01-01,1557-12-31,6,信,Rule-generated Stage7 member for 合成王氏.,False
1089283,7007,王信芳,female,1506-01-01,1570-12-31,6,信,Rule-generated Stage7 member for 合成王氏.,False
1089284,7007,王信明,male,1504-01-01,1565-12-31,6,信,Rule-generated Stage7 member for 合成王氏.,False
1089285,7007,王信华,female,1507-01-01,1585-12-31,6,信,Rule-generated Stage7 member for 合成王氏.,False
1089286,7007,王信明,male,1505-01-01,1551-12-31,6,信,Rule-generated Stage7 member for 合成王氏.,False
1089287,7007,王信丽,female,1510-01-01,1561-12-31,6,信,Rule-generated Stage7 member for 合成王氏.,False
1089288,7007,王明明,male,1505-01-01,1541-12-31,6,信,Rule-generated Stage7 member for 合成王氏.,False
1089289,7007,王玉宁,female,1507-01-01,1583-12-31,6,信,Rule-generated Stage7 member for 合成王氏.,False
1089290,7007,王信文,male,1510-01-01,1574-12-31,6,信,Rule-generated Stage7 member for 合成王氏.,False
1089291,7007,王信华,female,1510-01-01,1564-12-31,6,信,Rule-generated Stage7 member for 合成王氏.,False
1089292,7007,王信安,male,1508-01-01,1559-12-31,6,信,Rule-generated Stage7 member for 合成王氏.,False
1089293,7007,王信慧,female,1508-01-01,1552-12-31,6,信,Rule-generated Stage7 member for 合成王氏.,False
1089294,7007,王信景,male,1504-01-01,1563-12-31,6,信,Rule-generated Stage7 member for 合成王氏.,False
1089295,7007,王信玉,female,1508-01-01,1571-12-31,6,信,Rule-generated Stage7 member for 合成王氏.,False
1089296,7007,王明强,male,1508-01-01,1602-12-31,6,信,Rule-generated Stage7 member for 合成王氏.,False
1089297,7007,王华,female,1505-01-01,1587-12-31,6,信,Rule-generated Stage7 member for 合成王氏.,False
1089298,7007,王安世,male,1508-01-01,1582-12-31,6,信,Rule-generated Stage7 member for 合成王氏.,False
1089299,7007,王信雅,female,1508-01-01,1558-12-31,6,信,Rule-generated Stage7 member for 合成王氏.,False
1089300,7007,王信世,male,1509-01-01,1541-12-31,6,信,Rule-generated Stage7 member for 合成王氏.,False
1089301,7007,王伟,female,1506-01-01,1597-12-31,6,信,Rule-generated Stage7 member for 合成王氏.,False
1089302,7007,王承宗,male,1504-01-01,1568-12-31,6,信,Rule-generated Stage7 member for 合成王氏.,False
1089303,7007,王信华,female,1505-01-01,1600-12-31,6,信,Rule-generated Stage7 member for 合成王氏.,False
1089304,7007,王敏,male,1508-01-01,1552-12-31,6,信,Rule-generated Stage7 member for 合成王氏.,False
1089305,7007,王宁梅,female,1507-01-01,1589-12-31,6,信,Rule-generated Stage7 member for 合成王氏.,False
1089306,7007,王强成,male,1506-01-01,1560-12-31,6,信,Rule-generated Stage7 member for 合成王氏.,False
1089307,7007,王忠伟,male,1531-01-01,1592-12-31,7,忠,Rule-generated Stage7 member for 合成王氏.,False
1089308,7007,王忠兰,female,1525-01-01,1610-12-31,7,忠,Rule-generated Stage7 member for 合成王氏.,False
1089309,7007,王强,male,1529-01-01,1631-12-31,7,忠,Rule-generated Stage7 member for 合成王氏.,False
1089310,7007,王安安,female,1526-01-01,1626-12-31,7,忠,Rule-generated Stage7 member for 合成王氏.,False
1089311,7007,王忠世,male,1525-01-01,1610-12-31,7,忠,Rule-generated Stage7 member for 合成王氏.,False
1089312,7007,王宁敏,female,1526-01-01,1612-12-31,7,忠,Rule-generated Stage7 member for 合成王氏.,False
1089313,7007,王忠文,male,1527-01-01,1597-12-31,7,忠,Rule-generated Stage7 member for 合成王氏.,False
1089314,7007,王丽敏,female,1529-01-01,1570-12-31,7,忠,Rule-generated Stage7 member for 合成王氏.,False
1089315,7007,王忠成,male,1527-01-01,1583-12-31,7,忠,Rule-generated Stage7 member for 合成王氏.,False
1089316,7007,王忠玉,female,1525-01-01,1612-12-31,7,忠,Rule-generated Stage7 member for 合成王氏.,False
1089317,7007,王忠成,male,1525-01-01,1626-12-31,7,忠,Rule-generated Stage7 member for 合成王氏.,False
1089318,7007,王玉雅,female,1526-01-01,1605-12-31,7,忠,Rule-generated Stage7 member for 合成王氏.,False
1089319,7007,王忠宗,male,1530-01-01,1589-12-31,7,忠,Rule-generated Stage7 member for 合成王氏.,False
1089320,7007,王忠华,female,1525-01-01,1629-12-31,7,忠,Rule-generated Stage7 member for 合成王氏.,False
1089321,7007,王忠安,male,1527-01-01,1566-12-31,7,忠,Rule-generated Stage7 member for 合成王氏.,False
1089322,7007,王伟,female,1531-01-01,1565-12-31,7,忠,Rule-generated Stage7 member for 合成王氏.,False
1089323,7007,王忠德,male,1527-01-01,1590-12-31,7,忠,Rule-generated Stage7 member for 合成王氏.,False
1089324,7007,王忠丽,female,1531-01-01,1585-12-31,7,忠,Rule-generated Stage7 member for 合成王氏.,False
1089325,7007,王景明,male,1528-01-01,1599-12-31,7,忠,Rule-generated Stage7 member for 合成王氏.,False
1089326,7007,王丽,female,1528-01-01,1627-12-31,7,忠,Rule-generated Stage7 member for 合成王氏.,False
1089327,7007,王忠国,male,1526-01-01,1599-12-31,7,忠,Rule-generated Stage7 member for 合成王氏.,False
1089328,7007,王华敏,female,1531-01-01,1599-12-31,7,忠,Rule-generated Stage7 member for 合成王氏.,False
1089329,7007,王忠宗,male,1528-01-01,1611-12-31,7,忠,Rule-generated Stage7 member for 合成王氏.,False
1089330,7007,王忠雅,female,1529-01-01,1585-12-31,7,忠,Rule-generated Stage7 member for 合成王氏.,False
1089331,7007,王华,male,1527-01-01,1607-12-31,7,忠,Rule-generated Stage7 member for 合成王氏.,False
1089332,7007,王慧慧,female,1529-01-01,1573-12-31,7,忠,Rule-generated Stage7 member for 合成王氏.,False
1089333,7007,王忠成,male,1527-01-01,1599-12-31,7,忠,Rule-generated Stage7 member for 合成王氏.,False
1089334,7007,王兰华,female,1531-01-01,1598-12-31,7,忠,Rule-generated Stage7 member for 合成王氏.,False
1089335,7007,王忠国,male,1530-01-01,1634-12-31,7,忠,Rule-generated Stage7 member for 合成王氏.,False
1089336,7007,王忠清,female,1529-01-01,1627-12-31,7,忠,Rule-generated Stage7 member for 合成王氏.,False
1089337,7007,王忠文,male,1525-01-01,1577-12-31,7,忠,Rule-generated Stage7 member for 合成王氏.,False
1089338,7007,王忠宁,female,1529-01-01,1590-12-31,7,忠,Rule-generated Stage7 member for 合成王氏.,False
1089339,7007,王文承,male,1531-01-01,1600-12-31,7,忠,Rule-generated Stage7 member for 合成王氏.,False
1089340,7007,王忠雅,female,1530-01-01,1610-12-31,7,忠,Rule-generated Stage7 member for 合成王氏.,False
1089341,7007,王忠强,male,1526-01-01,1568-12-31,7,忠,Rule-generated Stage7 member for 合成王氏.,False
1089342,7007,王忠兰,female,1527-01-01,1618-12-31,7,忠,Rule-generated Stage7 member for 合成王氏.,False
1089343,7007,王忠承,male,1527-01-01,1613-12-31,7,忠,Rule-generated Stage7 member for 合成王氏.,False
1089344,7007,王忠雅,female,1526-01-01,1567-12-31,7,忠,Rule-generated Stage7 member for 合成王氏.,False
1089345,7007,王忠景,male,1528-01-01,1609-12-31,7,忠,Rule-generated Stage7 member for 合成王氏.,False
1089346,7007,王忠芳,female,1530-01-01,1575-12-31,7,忠,Rule-generated Stage7 member for 合成王氏.,False
1089347,7007,王敏,male,1525-01-01,1570-12-31,7,忠,Rule-generated Stage7 member for 合成王氏.,False
1089348,7007,王忠玉,female,1527-01-01,1599-12-31,7,忠,Rule-generated Stage7 member for 合成王氏.,False
1089349,7007,王忠强,male,1525-01-01,1599-12-31,7,忠,Rule-generated Stage7 member for 合成王氏.,False
1089350,7007,王忠雅,female,1529-01-01,1593-12-31,7,忠,Rule-generated Stage7 member for 合成王氏.,False
1089351,7007,王国成,male,1531-01-01,1603-12-31,7,忠,Rule-generated Stage7 member for 合成王氏.,False
1089352,7007,王敏,female,1525-01-01,1610-12-31,7,忠,Rule-generated Stage7 member for 合成王氏.,False
1089353,7007,王华,male,1528-01-01,1618-12-31,7,忠,Rule-generated Stage7 member for 合成王氏.,False
1089354,7007,王忠宁,female,1530-01-01,1585-12-31,7,忠,Rule-generated Stage7 member for 合成王氏.,False
1089355,7007,王忠宗,male,1530-01-01,1619-12-31,7,忠,Rule-generated Stage7 member for 合成王氏.,False
1089356,7007,王玉清,female,1527-01-01,1601-12-31,7,忠,Rule-generated Stage7 member for 合成王氏.,False
1089357,7007,王忠安,male,1528-01-01,1592-12-31,7,忠,Rule-generated Stage7 member for 合成王氏.,False
1089358,7007,王华丽,female,1526-01-01,1559-12-31,7,忠,Rule-generated Stage7 member for 合成王氏.,False
1089359,7007,王忠安,male,1530-01-01,1583-12-31,7,忠,Rule-generated Stage7 member for 合成王氏.,False
1089360,7007,王忠慧,female,1525-01-01,1612-12-31,7,忠,Rule-generated Stage7 member for 合成王氏.,False
1089361,7007,王忠成,male,1531-01-01,1575-12-31,7,忠,Rule-generated Stage7 member for 合成王氏.,False
1089362,7007,王丽,female,1530-01-01,1569-12-31,7,忠,Rule-generated Stage7 member for 合成王氏.,False
1089363,7007,王强明,male,1530-01-01,1593-12-31,7,忠,Rule-generated Stage7 member for 合成王氏.,False
1089364,7007,王忠兰,female,1530-01-01,1610-12-31,7,忠,Rule-generated Stage7 member for 合成王氏.,False
1089365,7007,王伟,male,1528-01-01,1619-12-31,7,忠,Rule-generated Stage7 member for 合成王氏.,False
1089366,7007,王忠玉,female,1531-01-01,1595-12-31,7,忠,Rule-generated Stage7 member for 合成王氏.,False
1089367,7007,王忠承,male,1527-01-01,1596-12-31,7,忠,Rule-generated Stage7 member for 合成王氏.,False
1089368,7007,王明,female,1530-01-01,1593-12-31,7,忠,Rule-generated Stage7 member for 合成王氏.,False
1089369,7007,王忠承,male,1525-01-01,1572-12-31,7,忠,Rule-generated Stage7 member for 合成王氏.,False
1089370,7007,王丽安,female,1528-01-01,1608-12-31,7,忠,Rule-generated Stage7 member for 合成王氏.,False
1089371,7007,王忠景,male,1529-01-01,1606-12-31,7,忠,Rule-generated Stage7 member for 合成王氏.,False
1089372,7007,王忠玉,female,1527-01-01,1595-12-31,7,忠,Rule-generated Stage7 member for 合成王氏.,False
1089373,7007,王忠世,male,1529-01-01,1551-12-31,7,忠,Rule-generated Stage7 member for 合成王氏.,False
1089374,7007,王忠芳,female,1531-01-01,1592-12-31,7,忠,Rule-generated Stage7 member for 合成王氏.,False
1089375,7007,王成承,male,1526-01-01,1581-12-31,7,忠,Rule-generated Stage7 member for 合成王氏.,False
1089376,7007,王宁宁,female,1530-01-01,1622-12-31,7,忠,Rule-generated Stage7 member for 合成王氏.,False
1089377,7007,王敏,male,1529-01-01,1607-12-31,7,忠,Rule-generated Stage7 member for 合成王氏.,False
1089378,7007,王忠玉,female,1527-01-01,1579-12-31,7,忠,Rule-generated Stage7 member for 合成王氏.,False
1089379,7007,王忠伟,male,1531-01-01,1592-12-31,7,忠,Rule-generated Stage7 member for 合成王氏.,False
1089380,7007,王玉华,female,1528-01-01,1589-12-31,7,忠,Rule-generated Stage7 member for 合成王氏.,False
1089381,7007,王忠强,male,1525-01-01,1613-12-31,7,忠,Rule-generated Stage7 member for 合成王氏.,False
1089382,7007,王忠丽,female,1526-01-01,1550-12-31,7,忠,Rule-generated Stage7 member for 合成王氏.,False
1089383,7007,王忠伟,male,1525-01-01,1614-12-31,7,忠,Rule-generated Stage7 member for 合成王氏.,False
1089384,7007,王忠雅,female,1525-01-01,1575-12-31,7,忠,Rule-generated Stage7 member for 合成王氏.,False
1089385,7007,王强,male,1529-01-01,1600-12-31,7,忠,Rule-generated Stage7 member for 合成王氏.,False
1089386,7007,王忠安,female,1525-01-01,1606-12-31,7,忠,Rule-generated Stage7 member for 合成王氏.,False
1089387,7007,王明强,male,1531-01-01,1588-12-31,7,忠,Rule-generated Stage7 member for 合成王氏.,False
1089388,7007,王宁丽,female,1526-01-01,1569-12-31,7,忠,Rule-generated Stage7 member for 合成王氏.,False
1089389,7007,王忠世,male,1530-01-01,1621-12-31,7,忠,Rule-generated Stage7 member for 合成王氏.,False
1089390,7007,王丽清,female,1529-01-01,1585-12-31,7,忠,Rule-generated Stage7 member for 合成王氏.,False
1089391,7007,王德世,male,1525-01-01,1615-12-31,7,忠,Rule-generated Stage7 member for 合成王氏.,False
1089392,7007,王宁宁,female,1529-01-01,1598-12-31,7,忠,Rule-generated Stage7 member for 合成王氏.,False
1089393,7007,王国德,male,1526-01-01,1609-12-31,7,忠,Rule-generated Stage7 member for 合成王氏.,False
1089394,7007,王华慧,female,1531-01-01,1562-12-31,7,忠,Rule-generated Stage7 member for 合成王氏.,False
1089395,7007,王忠景,male,1530-01-01,1582-12-31,7,忠,Rule-generated Stage7 member for 合成王氏.,False
1089396,7007,王忠雅,female,1528-01-01,1557-12-31,7,忠,Rule-generated Stage7 member for 合成王氏.,False
1089397,7007,王安国,male,1529-01-01,1604-12-31,7,忠,Rule-generated Stage7 member for 合成王氏.,False
1089398,7007,王梅华,female,1531-01-01,1555-12-31,7,忠,Rule-generated Stage7 member for 合成王氏.,False
1089399,7007,王忠景,male,1529-01-01,1614-12-31,7,忠,Rule-generated Stage7 member for 合成王氏.,False
1089400,7007,王明,female,1530-01-01,1598-12-31,7,忠,Rule-generated Stage7 member for 合成王氏.,False
1089401,7007,王忠景,male,1527-01-01,1596-12-31,7,忠,Rule-generated Stage7 member for 合成王氏.,False
1089402,7007,王忠敏,female,1528-01-01,1592-12-31,7,忠,Rule-generated Stage7 member for 合成王氏.,False
1089403,7007,王忠世,male,1531-01-01,1581-12-31,7,忠,Rule-generated Stage7 member for 合成王氏.,False
1089404,7007,王华安,female,1529-01-01,1612-12-31,7,忠,Rule-generated Stage7 member for 合成王氏.,False
1089405,7007,王忠德,male,1525-01-01,1596-12-31,7,忠,Rule-generated Stage7 member for 合成王氏.,False
1089406,7007,王忠华,female,1527-01-01,1595-12-31,7,忠,Rule-generated Stage7 member for 合成王氏.,False
1089407,7007,王忠强,male,1531-01-01,1575-12-31,7,忠,Rule-generated Stage7 member for 合成王氏.,False
1089408,7007,王玉雅,female,1525-01-01,1607-12-31,7,忠,Rule-generated Stage7 member for 合成王氏.,False
1089409,7007,王承世,male,1548-01-01,1641-12-31,8,和,Rule-generated Stage7 member for 合成王氏.,False
1089410,7007,王和安,female,1549-01-01,1604-12-31,8,和,Rule-generated Stage7 member for 合成王氏.,False
1089411,7007,王强德,male,1546-01-01,1597-12-31,8,和,Rule-generated Stage7 member for 合成王氏.,False
1089412,7007,王丽安,female,1547-01-01,1606-12-31,8,和,Rule-generated Stage7 member for 合成王氏.,False
1089413,7007,王敏,male,1548-01-01,1585-12-31,8,和,Rule-generated Stage7 member for 合成王氏.,False
1089414,7007,王慧兰,female,1552-01-01,1637-12-31,8,和,Rule-generated Stage7 member for 合成王氏.,False
1089415,7007,王和国,male,1546-01-01,1614-12-31,8,和,Rule-generated Stage7 member for 合成王氏.,False
1089416,7007,王丽,female,1549-01-01,1592-12-31,8,和,Rule-generated Stage7 member for 合成王氏.,False
1089417,7007,王伟,male,1552-01-01,1610-12-31,8,和,Rule-generated Stage7 member for 合成王氏.,False
1089418,7007,王宁慧,female,1549-01-01,1643-12-31,8,和,Rule-generated Stage7 member for 合成王氏.,False
1089419,7007,王和明,male,1552-01-01,1643-12-31,8,和,Rule-generated Stage7 member for 合成王氏.,False
1089420,7007,王强,female,1551-01-01,1623-12-31,8,和,Rule-generated Stage7 member for 合成王氏.,False
1089421,7007,王安强,male,1549-01-01,1578-12-31,8,和,Rule-generated Stage7 member for 合成王氏.,False
1089422,7007,王和芳,female,1550-01-01,1609-12-31,8,和,Rule-generated Stage7 member for 合成王氏.,False
1089423,7007,王丽,male,1551-01-01,1626-12-31,8,和,Rule-generated Stage7 member for 合成王氏.,False
1089424,7007,王和芳,female,1547-01-01,1602-12-31,8,和,Rule-generated Stage7 member for 合成王氏.,False
1089425,7007,王和伟,male,1550-01-01,1590-12-31,8,和,Rule-generated Stage7 member for 合成王氏.,False
1089426,7007,王华,female,1547-01-01,1598-12-31,8,和,Rule-generated Stage7 member for 合成王氏.,False
1089427,7007,王华,male,1546-01-01,1632-12-31,8,和,Rule-generated Stage7 member for 合成王氏.,False
1089428,7007,王华梅,female,1551-01-01,1623-12-31,8,和,Rule-generated Stage7 member for 合成王氏.,False
1089429,7007,王景宗,male,1552-01-01,1620-12-31,8,和,Rule-generated Stage7 member for 合成王氏.,False
1089430,7007,王雅慧,female,1547-01-01,1619-12-31,8,和,Rule-generated Stage7 member for 合成王氏.,False
1089431,7007,王伟,male,1551-01-01,1612-12-31,8,和,Rule-generated Stage7 member for 合成王氏.,False
1089432,7007,王和慧,female,1551-01-01,1620-12-31,8,和,Rule-generated Stage7 member for 合成王氏.,False
1089433,7007,王丽,male,1546-01-01,1613-12-31,8,和,Rule-generated Stage7 member for 合成王氏.,False
1089434,7007,王和丽,female,1551-01-01,1602-12-31,8,和,Rule-generated Stage7 member for 合成王氏.,False
1089435,7007,王和成,male,1546-01-01,1600-12-31,8,和,Rule-generated Stage7 member for 合成王氏.,False
1089436,7007,王和丽,female,1551-01-01,1609-12-31,8,和,Rule-generated Stage7 member for 合成王氏.,False
1089437,7007,王和安,male,1546-01-01,1616-12-31,8,和,Rule-generated Stage7 member for 合成王氏.,False
1089438,7007,王和敏,female,1546-01-01,1606-12-31,8,和,Rule-generated Stage7 member for 合成王氏.,False
1089439,7007,王明德,male,1552-01-01,1600-12-31,8,和,Rule-generated Stage7 member for 合成王氏.,False
1089440,7007,王和雅,female,1551-01-01,1596-12-31,8,和,Rule-generated Stage7 member for 合成王氏.,False
1089441,7007,王和宗,male,1546-01-01,1620-12-31,8,和,Rule-generated Stage7 member for 合成王氏.,False
1089442,7007,王和慧,female,1547-01-01,1598-12-31,8,和,Rule-generated Stage7 member for 合成王氏.,False
1089443,7007,王华,male,1546-01-01,1624-12-31,8,和,Rule-generated Stage7 member for 合成王氏.,False
1089444,7007,王明,female,1546-01-01,1584-12-31,8,和,Rule-generated Stage7 member for 合成王氏.,False
1089445,7007,王华,male,1549-01-01,1593-12-31,8,和,Rule-generated Stage7 member for 合成王氏.,False
1089446,7007,王和兰,female,1549-01-01,1597-12-31,8,和,Rule-generated Stage7 member for 合成王氏.,False
1089447,7007,王和承,male,1552-01-01,1619-12-31,8,和,Rule-generated Stage7 member for 合成王氏.,False
1089448,7007,王和芳,female,1549-01-01,1628-12-31,8,和,Rule-generated Stage7 member for 合成王氏.,False
1089449,7007,王国承,male,1550-01-01,1606-12-31,8,和,Rule-generated Stage7 member for 合成王氏.,False
1089450,7007,王和慧,female,1551-01-01,1624-12-31,8,和,Rule-generated Stage7 member for 合成王氏.,False
1089451,7007,王和明,male,1550-01-01,1630-12-31,8,和,Rule-generated Stage7 member for 合成王氏.,False
1089452,7007,王和丽,female,1550-01-01,1634-12-31,8,和,Rule-generated Stage7 member for 合成王氏.,False
1089453,7007,王伟世,male,1546-01-01,1600-12-31,8,和,Rule-generated Stage7 member for 合成王氏.,False
1089454,7007,王丽,female,1546-01-01,1606-12-31,8,和,Rule-generated Stage7 member for 合成王氏.,False
1089455,7007,王明国,male,1551-01-01,1620-12-31,8,和,Rule-generated Stage7 member for 合成王氏.,False
1089456,7007,王和雅,female,1549-01-01,1612-12-31,8,和,Rule-generated Stage7 member for 合成王氏.,False
1089457,7007,王和景,male,1551-01-01,1616-12-31,8,和,Rule-generated Stage7 member for 合成王氏.,False
1089458,7007,王丽,female,1546-01-01,1576-12-31,8,和,Rule-generated Stage7 member for 合成王氏.,False
1089459,7007,王和国,male,1552-01-01,1594-12-31,8,和,Rule-generated Stage7 member for 合成王氏.,False
1089460,7007,王玉宁,female,1550-01-01,1625-12-31,8,和,Rule-generated Stage7 member for 合成王氏.,False
1089461,7007,王和国,male,1552-01-01,1597-12-31,8,和,Rule-generated Stage7 member for 合成王氏.,False
1089462,7007,王敏兰,female,1550-01-01,1603-12-31,8,和,Rule-generated Stage7 member for 合成王氏.,False
1089463,7007,王和伟,male,1549-01-01,1642-12-31,8,和,Rule-generated Stage7 member for 合成王氏.,False
1089464,7007,王和丽,female,1547-01-01,1593-12-31,8,和,Rule-generated Stage7 member for 合成王氏.,False
1089465,7007,王和宗,male,1548-01-01,1644-12-31,8,和,Rule-generated Stage7 member for 合成王氏.,False
1089466,7007,王和慧,female,1548-01-01,1605-12-31,8,和,Rule-generated Stage7 member for 合成王氏.,False
1089467,7007,王和宗,male,1549-01-01,1627-12-31,8,和,Rule-generated Stage7 member for 合成王氏.,False
1089468,7007,王和芳,female,1549-01-01,1641-12-31,8,和,Rule-generated Stage7 member for 合成王氏.,False
1089469,7007,王宗伟,male,1548-01-01,1624-12-31,8,和,Rule-generated Stage7 member for 合成王氏.,False
1089470,7007,王和清,female,1548-01-01,1582-12-31,8,和,Rule-generated Stage7 member for 合成王氏.,False
1089471,7007,王德明,male,1547-01-01,1596-12-31,8,和,Rule-generated Stage7 member for 合成王氏.,False
1089472,7007,王和芳,female,1548-01-01,1594-12-31,8,和,Rule-generated Stage7 member for 合成王氏.,False
1089473,7007,王华,male,1549-01-01,1611-12-31,8,和,Rule-generated Stage7 member for 合成王氏.,False
1089474,7007,王宁丽,female,1546-01-01,1577-12-31,8,和,Rule-generated Stage7 member for 合成王氏.,False
1089475,7007,王宗成,male,1546-01-01,1581-12-31,8,和,Rule-generated Stage7 member for 合成王氏.,False
1089476,7007,王慧玉,female,1549-01-01,1631-12-31,8,和,Rule-generated Stage7 member for 合成王氏.,False
1089477,7007,王和伟,male,1547-01-01,1615-12-31,8,和,Rule-generated Stage7 member for 合成王氏.,False
1089478,7007,王和宁,female,1547-01-01,1613-12-31,8,和,Rule-generated Stage7 member for 合成王氏.,False
1089479,7007,王和文,male,1547-01-01,1630-12-31,8,和,Rule-generated Stage7 member for 合成王氏.,False
1089480,7007,王玉安,female,1550-01-01,1636-12-31,8,和,Rule-generated Stage7 member for 合成王氏.,False
1089481,7007,王和德,male,1546-01-01,1614-12-31,8,和,Rule-generated Stage7 member for 合成王氏.,False
1089482,7007,王和雅,female,1552-01-01,1607-12-31,8,和,Rule-generated Stage7 member for 合成王氏.,False
1089483,7007,王成世,male,1547-01-01,1620-12-31,8,和,Rule-generated Stage7 member for 合成王氏.,False
1089484,7007,王和华,female,1552-01-01,1600-12-31,8,和,Rule-generated Stage7 member for 合成王氏.,False
1089485,7007,王和明,male,1546-01-01,1599-12-31,8,和,Rule-generated Stage7 member for 合成王氏.,False
1089486,7007,王雅玉,female,1551-01-01,1629-12-31,8,和,Rule-generated Stage7 member for 合成王氏.,False
1089487,7007,王和伟,male,1550-01-01,1613-12-31,8,和,Rule-generated Stage7 member for 合成王氏.,False
1089488,7007,王和华,female,1548-01-01,1649-12-31,8,和,Rule-generated Stage7 member for 合成王氏.,False
1089489,7007,王和成,male,1549-01-01,1590-12-31,8,和,Rule-generated Stage7 member for 合成王氏.,False
1089490,7007,王敏,female,1548-01-01,1608-12-31,8,和,Rule-generated Stage7 member for 合成王氏.,False
1089491,7007,王和承,male,1551-01-01,1611-12-31,8,和,Rule-generated Stage7 member for 合成王氏.,False
1089492,7007,王华,female,1547-01-01,1607-12-31,8,和,Rule-generated Stage7 member for 合成王氏.,False
1089493,7007,王敏,male,1547-01-01,1616-12-31,8,和,Rule-generated Stage7 member for 合成王氏.,False
1089494,7007,王和宁,female,1548-01-01,1620-12-31,8,和,Rule-generated Stage7 member for 合成王氏.,False
1089495,7007,王强,male,1549-01-01,1612-12-31,8,和,Rule-generated Stage7 member for 合成王氏.,False
1089496,7007,王清慧,female,1549-01-01,1596-12-31,8,和,Rule-generated Stage7 member for 合成王氏.,False
1089497,7007,王和成,male,1547-01-01,1627-12-31,8,和,Rule-generated Stage7 member for 合成王氏.,False
1089498,7007,王和丽,female,1549-01-01,1578-12-31,8,和,Rule-generated Stage7 member for 合成王氏.,False
1089499,7007,王德成,male,1547-01-01,1633-12-31,8,和,Rule-generated Stage7 member for 合成王氏.,False
1089500,7007,王和兰,female,1551-01-01,1625-12-31,8,和,Rule-generated Stage7 member for 合成王氏.,False
1089501,7007,王和强,male,1550-01-01,1612-12-31,8,和,Rule-generated Stage7 member for 合成王氏.,False
1089502,7007,王和梅,female,1548-01-01,1625-12-31,8,和,Rule-generated Stage7 member for 合成王氏.,False
1089503,7007,王和强,male,1548-01-01,1612-12-31,8,和,Rule-generated Stage7 member for 合成王氏.,False
1089504,7007,王安芳,female,1549-01-01,1625-12-31,8,和,Rule-generated Stage7 member for 合成王氏.,False
1089505,7007,王和强,male,1552-01-01,1635-12-31,8,和,Rule-generated Stage7 member for 合成王氏.,False
1089506,7007,王梅敏,female,1551-01-01,1601-12-31,8,和,Rule-generated Stage7 member for 合成王氏.,False
1089507,7007,王安伟,male,1550-01-01,1623-12-31,8,和,Rule-generated Stage7 member for 合成王氏.,False
1089508,7007,王和芳,female,1547-01-01,1588-12-31,8,和,Rule-generated Stage7 member for 合成王氏.,False
1089509,7007,王宗强,male,1548-01-01,1603-12-31,8,和,Rule-generated Stage7 member for 合成王氏.,False
1089510,7007,王和芳,female,1548-01-01,1593-12-31,8,和,Rule-generated Stage7 member for 合成王氏.,False
1089511,7007,王承强,male,1548-01-01,1610-12-31,8,和,Rule-generated Stage7 member for 合成王氏.,False
1089512,7007,王和芳,female,1547-01-01,1639-12-31,8,和,Rule-generated Stage7 member for 合成王氏.,False
1089513,7007,王和宗,male,1550-01-01,1616-12-31,8,和,Rule-generated Stage7 member for 合成王氏.,False
1089514,7007,王清丽,female,1546-01-01,1622-12-31,8,和,Rule-generated Stage7 member for 合成王氏.,False
1089515,7007,王强文,male,1549-01-01,1638-12-31,8,和,Rule-generated Stage7 member for 合成王氏.,False
1089516,7007,王安丽,female,1548-01-01,1618-12-31,8,和,Rule-generated Stage7 member for 合成王氏.,False
1089517,7007,王和宗,male,1550-01-01,1592-12-31,8,和,Rule-generated Stage7 member for 合成王氏.,False
1089518,7007,王丽梅,female,1547-01-01,1597-12-31,8,和,Rule-generated Stage7 member for 合成王氏.,False
1089519,7007,王丽,male,1546-01-01,1614-12-31,8,和,Rule-generated Stage7 member for 合成王氏.,False
1089520,7007,王伟,female,1551-01-01,1608-12-31,8,和,Rule-generated Stage7 member for 合成王氏.,False
1089521,7007,王宗成,male,1547-01-01,1617-12-31,8,和,Rule-generated Stage7 member for 合成王氏.,False
1089522,7007,王和慧,female,1546-01-01,1590-12-31,8,和,Rule-generated Stage7 member for 合成王氏.,False
1089523,7007,王和承,male,1551-01-01,1610-12-31,8,和,Rule-generated Stage7 member for 合成王氏.,False
1089524,7007,王和敏,female,1550-01-01,1646-12-31,8,和,Rule-generated Stage7 member for 合成王氏.,False
1089525,7007,王景强,male,1570-01-01,1603-12-31,9,景,Rule-generated Stage7 member for 合成王氏.,False
1089526,7007,王景华,female,1567-01-01,1635-12-31,9,景,Rule-generated Stage7 member for 合成王氏.,False
1089527,7007,王景宗,male,1572-01-01,1643-12-31,9,景,Rule-generated Stage7 member for 合成王氏.,False
1089528,7007,王景芳,female,1568-01-01,1631-12-31,9,景,Rule-generated Stage7 member for 合成王氏.,False
1089529,7007,王敏,male,1572-01-01,1627-12-31,9,景,Rule-generated Stage7 member for 合成王氏.,False
1089530,7007,王景雅,female,1573-01-01,1650-12-31,9,景,Rule-generated Stage7 member for 合成王氏.,False
1089531,7007,王景国,male,1573-01-01,1669-12-31,9,景,Rule-generated Stage7 member for 合成王氏.,False
1089532,7007,王慧雅,female,1571-01-01,1630-12-31,9,景,Rule-generated Stage7 member for 合成王氏.,False
1089533,7007,王景文,male,1570-01-01,1643-12-31,9,景,Rule-generated Stage7 member for 合成王氏.,False
1089534,7007,王景慧,female,1567-01-01,1609-12-31,9,景,Rule-generated Stage7 member for 合成王氏.,False
1089535,7007,王景承,male,1572-01-01,1617-12-31,9,景,Rule-generated Stage7 member for 合成王氏.,False
1089536,7007,王丽,female,1568-01-01,1619-12-31,9,景,Rule-generated Stage7 member for 合成王氏.,False
1089537,7007,王景国,male,1570-01-01,1659-12-31,9,景,Rule-generated Stage7 member for 合成王氏.,False
1089538,7007,王景宁,female,1570-01-01,1632-12-31,9,景,Rule-generated Stage7 member for 合成王氏.,False
1089539,7007,王景国,male,1570-01-01,1660-12-31,9,景,Rule-generated Stage7 member for 合成王氏.,False
1089540,7007,王景宁,female,1571-01-01,1650-12-31,9,景,Rule-generated Stage7 member for 合成王氏.,False
1089541,7007,王景强,male,1570-01-01,1632-12-31,9,景,Rule-generated Stage7 member for 合成王氏.,False
1089542,7007,王敏,female,1572-01-01,1629-12-31,9,景,Rule-generated Stage7 member for 合成王氏.,False
1089543,7007,王伟德,male,1570-01-01,1638-12-31,9,景,Rule-generated Stage7 member for 合成王氏.,False
1089544,7007,王玉清,female,1572-01-01,1655-12-31,9,景,Rule-generated Stage7 member for 合成王氏.,False
1089545,7007,王景强,male,1573-01-01,1632-12-31,9,景,Rule-generated Stage7 member for 合成王氏.,False
1089546,7007,王华芳,female,1569-01-01,1617-12-31,9,景,Rule-generated Stage7 member for 合成王氏.,False
1089547,7007,王景安,male,1571-01-01,1621-12-31,9,景,Rule-generated Stage7 member for 合成王氏.,False
1089548,7007,王明,female,1570-01-01,1608-12-31,9,景,Rule-generated Stage7 member for 合成王氏.,False
1089549,7007,王景宗,male,1571-01-01,1637-12-31,9,景,Rule-generated Stage7 member for 合成王氏.,False
1089550,7007,王丽,female,1572-01-01,1639-12-31,9,景,Rule-generated Stage7 member for 合成王氏.,False
1089551,7007,王宗明,male,1569-01-01,1613-12-31,9,景,Rule-generated Stage7 member for 合成王氏.,False
1089552,7007,王宁清,female,1570-01-01,1651-12-31,9,景,Rule-generated Stage7 member for 合成王氏.,False
1089553,7007,王伟明,male,1570-01-01,1620-12-31,9,景,Rule-generated Stage7 member for 合成王氏.,False
1089554,7007,王景梅,female,1570-01-01,1612-12-31,9,景,Rule-generated Stage7 member for 合成王氏.,False
1089555,7007,王安安,male,1567-01-01,1647-12-31,9,景,Rule-generated Stage7 member for 合成王氏.,False
1089556,7007,王兰华,female,1572-01-01,1613-12-31,9,景,Rule-generated Stage7 member for 合成王氏.,False
1089557,7007,王宗国,male,1572-01-01,1655-12-31,9,景,Rule-generated Stage7 member for 合成王氏.,False
1089558,7007,王慧敏,female,1573-01-01,1631-12-31,9,景,Rule-generated Stage7 member for 合成王氏.,False
1089559,7007,王景景,male,1573-01-01,1600-12-31,9,景,Rule-generated Stage7 member for 合成王氏.,False
1089560,7007,王景芳,female,1567-01-01,1630-12-31,9,景,Rule-generated Stage7 member for 合成王氏.,False
1089561,7007,王明,male,1567-01-01,1633-12-31,9,景,Rule-generated Stage7 member for 合成王氏.,False
1089562,7007,王兰宁,female,1567-01-01,1627-12-31,9,景,Rule-generated Stage7 member for 合成王氏.,False
1089563,7007,王宗伟,male,1573-01-01,1614-12-31,9,景,Rule-generated Stage7 member for 合成王氏.,False
1089564,7007,王敏敏,female,1570-01-01,1637-12-31,9,景,Rule-generated Stage7 member for 合成王氏.,False
1089565,7007,王景强,male,1572-01-01,1650-12-31,9,景,Rule-generated Stage7 member for 合成王氏.,False
1089566,7007,王景宁,female,1570-01-01,1634-12-31,9,景,Rule-generated Stage7 member for 合成王氏.,False
1089567,7007,王强,male,1573-01-01,1641-12-31,9,景,Rule-generated Stage7 member for 合成王氏.,False
1089568,7007,王清敏,female,1568-01-01,1613-12-31,9,景,Rule-generated Stage7 member for 合成王氏.,False
1089569,7007,王强安,male,1570-01-01,1646-12-31,9,景,Rule-generated Stage7 member for 合成王氏.,False
1089570,7007,王丽,female,1568-01-01,1667-12-31,9,景,Rule-generated Stage7 member for 合成王氏.,False
1089571,7007,王景成,male,1571-01-01,1634-12-31,9,景,Rule-generated Stage7 member for 合成王氏.,False
1089572,7007,王景丽,female,1569-01-01,1622-12-31,9,景,Rule-generated Stage7 member for 合成王氏.,False
1089573,7007,王文成,male,1573-01-01,1649-12-31,9,景,Rule-generated Stage7 member for 合成王氏.,False
1089574,7007,王景安,female,1573-01-01,1608-12-31,9,景,Rule-generated Stage7 member for 合成王氏.,False
1089575,7007,王伟伟,male,1572-01-01,1635-12-31,9,景,Rule-generated Stage7 member for 合成王氏.,False
1089576,7007,王景雅,female,1568-01-01,1632-12-31,9,景,Rule-generated Stage7 member for 合成王氏.,False
1089577,7007,王宗明,male,1569-01-01,1604-12-31,9,景,Rule-generated Stage7 member for 合成王氏.,False
1089578,7007,王景清,female,1572-01-01,1635-12-31,9,景,Rule-generated Stage7 member for 合成王氏.,False
1089579,7007,王敏,male,1569-01-01,1668-12-31,9,景,Rule-generated Stage7 member for 合成王氏.,False
1089580,7007,王安慧,female,1570-01-01,1614-12-31,9,景,Rule-generated Stage7 member for 合成王氏.,False
1089581,7007,王德伟,male,1570-01-01,1630-12-31,9,景,Rule-generated Stage7 member for 合成王氏.,False
1089582,7007,王梅敏,female,1573-01-01,1651-12-31,9,景,Rule-generated Stage7 member for 合成王氏.,False
1089583,7007,王景强,male,1567-01-01,1659-12-31,9,景,Rule-generated Stage7 member for 合成王氏.,False
1089584,7007,王华,female,1570-01-01,1659-12-31,9,景,Rule-generated Stage7 member for 合成王氏.,False
1089585,7007,王宗世,male,1570-01-01,1643-12-31,9,景,Rule-generated Stage7 member for 合成王氏.,False
1089586,7007,王梅梅,female,1571-01-01,1607-12-31,9,景,Rule-generated Stage7 member for 合成王氏.,False
1089587,7007,王景强,male,1569-01-01,1647-12-31,9,景,Rule-generated Stage7 member for 合成王氏.,False
1089588,7007,王景敏,female,1571-01-01,1611-12-31,9,景,Rule-generated Stage7 member for 合成王氏.,False
1089589,7007,王安承,male,1568-01-01,1639-12-31,9,景,Rule-generated Stage7 member for 合成王氏.,False
1089590,7007,王景宁,female,1572-01-01,1653-12-31,9,景,Rule-generated Stage7 member for 合成王氏.,False
1089591,7007,王景德,male,1569-01-01,1637-12-31,9,景,Rule-generated Stage7 member for 合成王氏.,False
1089592,7007,王丽清,female,1570-01-01,1618-12-31,9,景,Rule-generated Stage7 member for 合成王氏.,False
1089593,7007,王国安,male,1572-01-01,1652-12-31,9,景,Rule-generated Stage7 member for 合成王氏.,False
1089594,7007,王景梅,female,1572-01-01,1624-12-31,9,景,Rule-generated Stage7 member for 合成王氏.,False
1089595,7007,王景德,male,1567-01-01,1608-12-31,9,景,Rule-generated Stage7 member for 合成王氏.,False
1089596,7007,王景芳,female,1568-01-01,1604-12-31,9,景,Rule-generated Stage7 member for 合成王氏.,False
1089597,7007,王景强,male,1569-01-01,1601-12-31,9,景,Rule-generated Stage7 member for 合成王氏.,False
1089598,7007,王景清,female,1572-01-01,1669-12-31,9,景,Rule-generated Stage7 member for 合成王氏.,False
1089599,7007,王安德,male,1573-01-01,1636-12-31,9,景,Rule-generated Stage7 member for 合成王氏.,False
1089600,7007,王伟,female,1567-01-01,1636-12-31,9,景,Rule-generated Stage7 member for 合成王氏.,False
1089601,7007,王景安,male,1569-01-01,1615-12-31,9,景,Rule-generated Stage7 member for 合成王氏.,False
1089602,7007,王景雅,female,1567-01-01,1644-12-31,9,景,Rule-generated Stage7 member for 合成王氏.,False
1089603,7007,王景世,male,1571-01-01,1648-12-31,9,景,Rule-generated Stage7 member for 合成王氏.,False
1089604,7007,王慧芳,female,1570-01-01,1635-12-31,9,景,Rule-generated Stage7 member for 合成王氏.,False
1089605,7007,王景明,male,1572-01-01,1641-12-31,9,景,Rule-generated Stage7 member for 合成王氏.,False
1089606,7007,王景敏,female,1570-01-01,1640-12-31,9,景,Rule-generated Stage7 member for 合成王氏.,False
1089607,7007,王强,male,1573-01-01,1646-12-31,9,景,Rule-generated Stage7 member for 合成王氏.,False
1089608,7007,王华清,female,1569-01-01,1664-12-31,9,景,Rule-generated Stage7 member for 合成王氏.,False
1089609,7007,王景国,male,1572-01-01,1625-12-31,9,景,Rule-generated Stage7 member for 合成王氏.,False
1089610,7007,王景芳,female,1570-01-01,1644-12-31,9,景,Rule-generated Stage7 member for 合成王氏.,False
1089611,7007,王景宗,male,1571-01-01,1637-12-31,9,景,Rule-generated Stage7 member for 合成王氏.,False
1089612,7007,王兰慧,female,1571-01-01,1677-12-31,9,景,Rule-generated Stage7 member for 合成王氏.,False
1089613,7007,王文安,male,1570-01-01,1659-12-31,9,景,Rule-generated Stage7 member for 合成王氏.,False
1089614,7007,王景安,female,1570-01-01,1636-12-31,9,景,Rule-generated Stage7 member for 合成王氏.,False
1089615,7007,王强,male,1572-01-01,1670-12-31,9,景,Rule-generated Stage7 member for 合成王氏.,False
1089616,7007,王景敏,female,1569-01-01,1629-12-31,9,景,Rule-generated Stage7 member for 合成王氏.,False
1089617,7007,王敏,male,1571-01-01,1652-12-31,9,景,Rule-generated Stage7 member for 合成王氏.,False
1089618,7007,王兰芳,female,1568-01-01,1598-12-31,9,景,Rule-generated Stage7 member for 合成王氏.,False
1089619,7007,王景伟,male,1572-01-01,1645-12-31,9,景,Rule-generated Stage7 member for 合成王氏.,False
1089620,7007,王景华,female,1569-01-01,1636-12-31,9,景,Rule-generated Stage7 member for 合成王氏.,False
1089621,7007,王丽,male,1571-01-01,1633-12-31,9,景,Rule-generated Stage7 member for 合成王氏.,False
1089622,7007,王景敏,female,1573-01-01,1636-12-31,9,景,Rule-generated Stage7 member for 合成王氏.,False
1089623,7007,王强,male,1571-01-01,1633-12-31,9,景,Rule-generated Stage7 member for 合成王氏.,False
1089624,7007,王安敏,female,1573-01-01,1620-12-31,9,景,Rule-generated Stage7 member for 合成王氏.,False
1089625,7007,王明国,male,1573-01-01,1641-12-31,9,景,Rule-generated Stage7 member for 合成王氏.,False
1089626,7007,王兰兰,female,1567-01-01,1604-12-31,9,景,Rule-generated Stage7 member for 合成王氏.,False
1089627,7007,王成成,male,1569-01-01,1617-12-31,9,景,Rule-generated Stage7 member for 合成王氏.,False
1089628,7007,王景玉,female,1572-01-01,1650-12-31,9,景,Rule-generated Stage7 member for 合成王氏.,False
1089629,7007,王景成,male,1573-01-01,1646-12-31,9,景,Rule-generated Stage7 member for 合成王氏.,False
1089630,7007,王玉安,female,1569-01-01,1639-12-31,9,景,Rule-generated Stage7 member for 合成王氏.,False
1089631,7007,王强安,male,1568-01-01,1630-12-31,9,景,Rule-generated Stage7 member for 合成王氏.,False
1089632,7007,王景安,female,1570-01-01,1609-12-31,9,景,Rule-generated Stage7 member for 合成王氏.,False
1089633,7007,王景伟,male,1573-01-01,1623-12-31,9,景,Rule-generated Stage7 member for 合成王氏.,False
1089634,7007,王强,female,1571-01-01,1645-12-31,9,景,Rule-generated Stage7 member for 合成王氏.,False
1089635,7007,王宗世,male,1568-01-01,1628-12-31,9,景,Rule-generated Stage7 member for 合成王氏.,False
1089636,7007,王丽,female,1572-01-01,1591-12-31,9,景,Rule-generated Stage7 member for 合成王氏.,False
1089637,7007,王成宗,male,1571-01-01,1606-12-31,9,景,Rule-generated Stage7 member for 合成王氏.,False
1089638,7007,王景玉,female,1568-01-01,1622-12-31,9,景,Rule-generated Stage7 member for 合成王氏.,False
1089639,7007,王伟成,male,1572-01-01,1650-12-31,9,景,Rule-generated Stage7 member for 合成王氏.,False
1089640,7007,王景宁,female,1569-01-01,1653-12-31,9,景,Rule-generated Stage7 member for 合成王氏.,False
1089641,7007,王世承,male,1569-01-01,1653-12-31,9,景,Rule-generated Stage7 member for 合成王氏.,False
1089642,7007,王强,female,1569-01-01,1608-12-31,9,景,Rule-generated Stage7 member for 合成王氏.,False
1089643,7007,王明宗,male,1569-01-01,1626-12-31,9,景,Rule-generated Stage7 member for 合成王氏.,False
1089644,7007,王敏,female,1571-01-01,1632-12-31,9,景,Rule-generated Stage7 member for 合成王氏.,False
1089645,7007,王景景,male,1568-01-01,1598-12-31,9,景,Rule-generated Stage7 member for 合成王氏.,False
1089646,7007,王景慧,female,1571-01-01,1661-12-31,9,景,Rule-generated Stage7 member for 合成王氏.,False
1089647,7007,王景承,male,1572-01-01,1654-12-31,9,景,Rule-generated Stage7 member for 合成王氏.,False
1089648,7007,王景敏,female,1567-01-01,1627-12-31,9,景,Rule-generated Stage7 member for 合成王氏.,False
1089649,7007,王景景,male,1569-01-01,1635-12-31,9,景,Rule-generated Stage7 member for 合成王氏.,False
1089650,7007,王景芳,female,1568-01-01,1642-12-31,9,景,Rule-generated Stage7 member for 合成王氏.,False
1089651,7007,王景承,male,1571-01-01,1651-12-31,9,景,Rule-generated Stage7 member for 合成王氏.,False
1089652,7007,王景慧,female,1571-01-01,1628-12-31,9,景,Rule-generated Stage7 member for 合成王氏.,False
1089653,7007,王景宗,male,1567-01-01,1634-12-31,9,景,Rule-generated Stage7 member for 合成王氏.,False
1089654,7007,王景清,female,1572-01-01,1651-12-31,9,景,Rule-generated Stage7 member for 合成王氏.,False
1089655,7007,王宗安,male,1571-01-01,1645-12-31,9,景,Rule-generated Stage7 member for 合成王氏.,False
1089656,7007,王德国,male,1590-01-01,1647-12-31,10,承,Rule-generated Stage7 member for 合成王氏.,False
1089657,7007,王承慧,female,1589-01-01,1644-12-31,10,承,Rule-generated Stage7 member for 合成王氏.,False
1089658,7007,王承明,male,1591-01-01,1678-12-31,10,承,Rule-generated Stage7 member for 合成王氏.,False
1089659,7007,王承慧,female,1592-01-01,1658-12-31,10,承,Rule-generated Stage7 member for 合成王氏.,False
1089660,7007,王明国,male,1592-01-01,1653-12-31,10,承,Rule-generated Stage7 member for 合成王氏.,False
1089661,7007,王承敏,female,1593-01-01,1671-12-31,10,承,Rule-generated Stage7 member for 合成王氏.,False
1089662,7007,王强,male,1592-01-01,1646-12-31,10,承,Rule-generated Stage7 member for 合成王氏.,False
1089663,7007,王承雅,female,1591-01-01,1648-12-31,10,承,Rule-generated Stage7 member for 合成王氏.,False
1089664,7007,王承宗,male,1594-01-01,1693-12-31,10,承,Rule-generated Stage7 member for 合成王氏.,False
1089665,7007,王承梅,female,1594-01-01,1649-12-31,10,承,Rule-generated Stage7 member for 合成王氏.,False
1089666,7007,王承安,male,1588-01-01,1636-12-31,10,承,Rule-generated Stage7 member for 合成王氏.,False
1089667,7007,王华玉,female,1593-01-01,1649-12-31,10,承,Rule-generated Stage7 member for 合成王氏.,False
1089668,7007,王承强,male,1593-01-01,1653-12-31,10,承,Rule-generated Stage7 member for 合成王氏.,False
1089669,7007,王华梅,female,1592-01-01,1680-12-31,10,承,Rule-generated Stage7 member for 合成王氏.,False
1089670,7007,王承世,male,1590-01-01,1642-12-31,10,承,Rule-generated Stage7 member for 合成王氏.,False
1089671,7007,王承兰,female,1588-01-01,1657-12-31,10,承,Rule-generated Stage7 member for 合成王氏.,False
1089672,7007,王景明,male,1590-01-01,1632-12-31,10,承,Rule-generated Stage7 member for 合成王氏.,False
1089673,7007,王承雅,female,1588-01-01,1675-12-31,10,承,Rule-generated Stage7 member for 合成王氏.,False
1089674,7007,王承承,male,1591-01-01,1652-12-31,10,承,Rule-generated Stage7 member for 合成王氏.,False
1089675,7007,王承雅,female,1593-01-01,1657-12-31,10,承,Rule-generated Stage7 member for 合成王氏.,False
1089676,7007,王明伟,male,1590-01-01,1632-12-31,10,承,Rule-generated Stage7 member for 合成王氏.,False
1089677,7007,王承敏,female,1593-01-01,1672-12-31,10,承,Rule-generated Stage7 member for 合成王氏.,False
1089678,7007,王明承,male,1589-01-01,1687-12-31,10,承,Rule-generated Stage7 member for 合成王氏.,False
1089679,7007,王承兰,female,1593-01-01,1649-12-31,10,承,Rule-generated Stage7 member for 合成王氏.,False
1089680,7007,王承明,male,1590-01-01,1652-12-31,10,承,Rule-generated Stage7 member for 合成王氏.,False
1089681,7007,王丽慧,female,1588-01-01,1665-12-31,10,承,Rule-generated Stage7 member for 合成王氏.,False
1089682,7007,王承宗,male,1594-01-01,1663-12-31,10,承,Rule-generated Stage7 member for 合成王氏.,False
1089683,7007,王兰华,female,1589-01-01,1649-12-31,10,承,Rule-generated Stage7 member for 合成王氏.,False
1089684,7007,王承安,male,1591-01-01,1652-12-31,10,承,Rule-generated Stage7 member for 合成王氏.,False
1089685,7007,王芳敏,female,1593-01-01,1658-12-31,10,承,Rule-generated Stage7 member for 合成王氏.,False
1089686,7007,王承国,male,1592-01-01,1638-12-31,10,承,Rule-generated Stage7 member for 合成王氏.,False
1089687,7007,王承清,female,1594-01-01,1667-12-31,10,承,Rule-generated Stage7 member for 合成王氏.,False
1089688,7007,王承国,male,1590-01-01,1653-12-31,10,承,Rule-generated Stage7 member for 合成王氏.,False
1089689,7007,王丽兰,female,1589-01-01,1667-12-31,10,承,Rule-generated Stage7 member for 合成王氏.,False
1089690,7007,王景景,male,1589-01-01,1641-12-31,10,承,Rule-generated Stage7 member for 合成王氏.,False
1089691,7007,王宁清,female,1593-01-01,1642-12-31,10,承,Rule-generated Stage7 member for 合成王氏.,False
1089692,7007,王承承,male,1590-01-01,1671-12-31,10,承,Rule-generated Stage7 member for 合成王氏.,False
1089693,7007,王承安,female,1592-01-01,1649-12-31,10,承,Rule-generated Stage7 member for 合成王氏.,False
1089694,7007,王承景,male,1594-01-01,1675-12-31,10,承,Rule-generated Stage7 member for 合成王氏.,False
1089695,7007,王敏宁,female,1588-01-01,1639-12-31,10,承,Rule-generated Stage7 member for 合成王氏.,False
1089696,7007,王承宗,male,1589-01-01,1643-12-31,10,承,Rule-generated Stage7 member for 合成王氏.,False
1089697,7007,王慧敏,female,1594-01-01,1662-12-31,10,承,Rule-generated Stage7 member for 合成王氏.,False
1089698,7007,王成成,male,1593-01-01,1652-12-31,10,承,Rule-generated Stage7 member for 合成王氏.,False
1089699,7007,王玉安,female,1590-01-01,1673-12-31,10,承,Rule-generated Stage7 member for 合成王氏.,False
1089700,7007,王明承,male,1588-01-01,1637-12-31,10,承,Rule-generated Stage7 member for 合成王氏.,False
1089701,7007,王玉华,female,1588-01-01,1623-12-31,10,承,Rule-generated Stage7 member for 合成王氏.,False
1089702,7007,王承明,male,1589-01-01,1644-12-31,10,承,Rule-generated Stage7 member for 合成王氏.,False
1089703,7007,王敏玉,female,1588-01-01,1654-12-31,10,承,Rule-generated Stage7 member for 合成王氏.,False
1089704,7007,王承德,male,1593-01-01,1656-12-31,10,承,Rule-generated Stage7 member for 合成王氏.,False
1089705,7007,王承清,female,1594-01-01,1682-12-31,10,承,Rule-generated Stage7 member for 合成王氏.,False
1089706,7007,王承宗,male,1594-01-01,1682-12-31,10,承,Rule-generated Stage7 member for 合成王氏.,False
1089707,7007,王芳安,female,1588-01-01,1626-12-31,10,承,Rule-generated Stage7 member for 合成王氏.,False
1089708,7007,王文安,male,1591-01-01,1641-12-31,10,承,Rule-generated Stage7 member for 合成王氏.,False
1089709,7007,王承安,female,1591-01-01,1615-12-31,10,承,Rule-generated Stage7 member for 合成王氏.,False
1089710,7007,王承承,male,1589-01-01,1624-12-31,10,承,Rule-generated Stage7 member for 合成王氏.,False
1089711,7007,王承慧,female,1594-01-01,1658-12-31,10,承,Rule-generated Stage7 member for 合成王氏.,False
1089712,7007,王承世,male,1594-01-01,1696-12-31,10,承,Rule-generated Stage7 member for 合成王氏.,False
1089713,7007,王承敏,female,1589-01-01,1624-12-31,10,承,Rule-generated Stage7 member for 合成王氏.,False
1089714,7007,王承明,male,1589-01-01,1670-12-31,10,承,Rule-generated Stage7 member for 合成王氏.,False
1089715,7007,王宁清,female,1590-01-01,1649-12-31,10,承,Rule-generated Stage7 member for 合成王氏.,False
1089716,7007,王承国,male,1592-01-01,1641-12-31,10,承,Rule-generated Stage7 member for 合成王氏.,False
1089717,7007,王丽,female,1588-01-01,1676-12-31,10,承,Rule-generated Stage7 member for 合成王氏.,False
1089718,7007,王承德,male,1591-01-01,1681-12-31,10,承,Rule-generated Stage7 member for 合成王氏.,False
1089719,7007,王承清,female,1592-01-01,1628-12-31,10,承,Rule-generated Stage7 member for 合成王氏.,False
1089720,7007,王德明,male,1592-01-01,1650-12-31,10,承,Rule-generated Stage7 member for 合成王氏.,False
1089721,7007,王宁梅,female,1590-01-01,1648-12-31,10,承,Rule-generated Stage7 member for 合成王氏.,False
1089722,7007,王承安,male,1593-01-01,1650-12-31,10,承,Rule-generated Stage7 member for 合成王氏.,False
1089723,7007,王梅雅,female,1592-01-01,1657-12-31,10,承,Rule-generated Stage7 member for 合成王氏.,False
1089724,7007,王承景,male,1589-01-01,1630-12-31,10,承,Rule-generated Stage7 member for 合成王氏.,False
1089725,7007,王承丽,female,1588-01-01,1641-12-31,10,承,Rule-generated Stage7 member for 合成王氏.,False
1089726,7007,王强,male,1594-01-01,1661-12-31,10,承,Rule-generated Stage7 member for 合成王氏.,False
1089727,7007,王承慧,female,1588-01-01,1656-12-31,10,承,Rule-generated Stage7 member for 合成王氏.,False
1089728,7007,王敏,male,1592-01-01,1624-12-31,10,承,Rule-generated Stage7 member for 合成王氏.,False
1089729,7007,王承华,female,1591-01-01,1684-12-31,10,承,Rule-generated Stage7 member for 合成王氏.,False
1089730,7007,王德强,male,1590-01-01,1663-12-31,10,承,Rule-generated Stage7 member for 合成王氏.,False
1089731,7007,王承玉,female,1592-01-01,1652-12-31,10,承,Rule-generated Stage7 member for 合成王氏.,False
1089732,7007,王承伟,male,1592-01-01,1670-12-31,10,承,Rule-generated Stage7 member for 合成王氏.,False
1089733,7007,王承华,female,1589-01-01,1683-12-31,10,承,Rule-generated Stage7 member for 合成王氏.,False
1089734,7007,王承安,male,1594-01-01,1661-12-31,10,承,Rule-generated Stage7 member for 合成王氏.,False
1089735,7007,王玉清,female,1593-01-01,1614-12-31,10,承,Rule-generated Stage7 member for 合成王氏.,False
1089736,7007,王承明,male,1593-01-01,1660-12-31,10,承,Rule-generated Stage7 member for 合成王氏.,False
1089737,7007,王承华,female,1590-01-01,1663-12-31,10,承,Rule-generated Stage7 member for 合成王氏.,False
1089738,7007,王承德,male,1589-01-01,1656-12-31,10,承,Rule-generated Stage7 member for 合成王氏.,False
1089739,7007,王承丽,female,1591-01-01,1630-12-31,10,承,Rule-generated Stage7 member for 合成王氏.,False
1089740,7007,王伟承,male,1588-01-01,1652-12-31,10,承,Rule-generated Stage7 member for 合成王氏.,False
1089741,7007,王玉梅,female,1591-01-01,1667-12-31,10,承,Rule-generated Stage7 member for 合成王氏.,False
1089742,7007,王德成,male,1588-01-01,1661-12-31,10,承,Rule-generated Stage7 member for 合成王氏.,False
1089743,7007,王丽,female,1592-01-01,1654-12-31,10,承,Rule-generated Stage7 member for 合成王氏.,False
1089744,7007,王承世,male,1588-01-01,1644-12-31,10,承,Rule-generated Stage7 member for 合成王氏.,False
1089745,7007,王丽,female,1589-01-01,1670-12-31,10,承,Rule-generated Stage7 member for 合成王氏.,False
1089746,7007,王承景,male,1591-01-01,1667-12-31,10,承,Rule-generated Stage7 member for 合成王氏.,False
1089747,7007,王承雅,female,1591-01-01,1671-12-31,10,承,Rule-generated Stage7 member for 合成王氏.,False
1089748,7007,王承世,male,1592-01-01,1660-12-31,10,承,Rule-generated Stage7 member for 合成王氏.,False
1089749,7007,王承慧,female,1593-01-01,1646-12-31,10,承,Rule-generated Stage7 member for 合成王氏.,False
1089750,7007,王承承,male,1589-01-01,1677-12-31,10,承,Rule-generated Stage7 member for 合成王氏.,False
1089751,7007,王清雅,female,1594-01-01,1657-12-31,10,承,Rule-generated Stage7 member for 合成王氏.,False
1089752,7007,王承明,male,1590-01-01,1659-12-31,10,承,Rule-generated Stage7 member for 合成王氏.,False
1089753,7007,王承兰,female,1594-01-01,1686-12-31,10,承,Rule-generated Stage7 member for 合成王氏.,False
1089754,7007,王景景,male,1588-01-01,1661-12-31,10,承,Rule-generated Stage7 member for 合成王氏.,False
1089755,7007,王兰丽,female,1591-01-01,1676-12-31,10,承,Rule-generated Stage7 member for 合成王氏.,False
1089756,7007,王承国,male,1593-01-01,1651-12-31,10,承,Rule-generated Stage7 member for 合成王氏.,False
1089757,7007,王承华,female,1589-01-01,1670-12-31,10,承,Rule-generated Stage7 member for 合成王氏.,False
1089758,7007,王承伟,male,1590-01-01,1670-12-31,10,承,Rule-generated Stage7 member for 合成王氏.,False
1089759,7007,王华,female,1592-01-01,1682-12-31,10,承,Rule-generated Stage7 member for 合成王氏.,False
1089760,7007,王承世,male,1589-01-01,1616-12-31,10,承,Rule-generated Stage7 member for 合成王氏.,False
1089761,7007,王明,female,1594-01-01,1652-12-31,10,承,Rule-generated Stage7 member for 合成王氏.,False
1089762,7007,王承承,male,1593-01-01,1622-12-31,10,承,Rule-generated Stage7 member for 合成王氏.,False
1089763,7007,王承敏,female,1594-01-01,1661-12-31,10,承,Rule-generated Stage7 member for 合成王氏.,False
1089764,7007,王承明,male,1594-01-01,1671-12-31,10,承,Rule-generated Stage7 member for 合成王氏.,False
1089765,7007,王伟,female,1591-01-01,1675-12-31,10,承,Rule-generated Stage7 member for 合成王氏.,False
1089766,7007,王承成,male,1593-01-01,1655-12-31,10,承,Rule-generated Stage7 member for 合成王氏.,False
1089767,7007,王承华,female,1589-01-01,1635-12-31,10,承,Rule-generated Stage7 member for 合成王氏.,False
1089768,7007,王德德,male,1593-01-01,1649-12-31,10,承,Rule-generated Stage7 member for 合成王氏.,False
1089769,7007,王芳宁,female,1589-01-01,1669-12-31,10,承,Rule-generated Stage7 member for 合成王氏.,False
1089770,7007,王世国,male,1594-01-01,1648-12-31,10,承,Rule-generated Stage7 member for 合成王氏.,False
1089771,7007,王承梅,female,1589-01-01,1652-12-31,10,承,Rule-generated Stage7 member for 合成王氏.,False
1089772,7007,王强,male,1588-01-01,1676-12-31,10,承,Rule-generated Stage7 member for 合成王氏.,False
1089773,7007,王敏慧,female,1588-01-01,1687-12-31,10,承,Rule-generated Stage7 member for 合成王氏.,False
1089774,7007,王承安,male,1592-01-01,1682-12-31,10,承,Rule-generated Stage7 member for 合成王氏.,False
1089775,7007,王承兰,female,1589-01-01,1629-12-31,10,承,Rule-generated Stage7 member for 合成王氏.,False
1089776,7007,王承景,male,1589-01-01,1640-12-31,10,承,Rule-generated Stage7 member for 合成王氏.,False
1089777,7007,王强,female,1591-01-01,1642-12-31,10,承,Rule-generated Stage7 member for 合成王氏.,False
1089778,7007,王明,male,1592-01-01,1688-12-31,10,承,Rule-generated Stage7 member for 合成王氏.,False
1089779,7007,王承敏,female,1590-01-01,1669-12-31,10,承,Rule-generated Stage7 member for 合成王氏.,False
1089780,7007,王伟明,male,1590-01-01,1622-12-31,10,承,Rule-generated Stage7 member for 合成王氏.,False
1089781,7007,王承丽,female,1590-01-01,1672-12-31,10,承,Rule-generated Stage7 member for 合成王氏.,False
1089782,7007,王承景,male,1589-01-01,1636-12-31,10,承,Rule-generated Stage7 member for 合成王氏.,False
1089783,7007,王承敏,female,1589-01-01,1662-12-31,10,承,Rule-generated Stage7 member for 合成王氏.,False
1089784,7007,王景明,male,1593-01-01,1650-12-31,10,承,Rule-generated Stage7 member for 合成王氏.,False
1089785,7007,王承宁,female,1591-01-01,1651-12-31,10,承,Rule-generated Stage7 member for 合成王氏.,False
1089786,7007,王德德,male,1591-01-01,1670-12-31,10,承,Rule-generated Stage7 member for 合成王氏.,False
1089787,7007,王承华,female,1590-01-01,1642-12-31,10,承,Rule-generated Stage7 member for 合成王氏.,False
1089788,7007,王丽,male,1594-01-01,1656-12-31,10,承,Rule-generated Stage7 member for 合成王氏.,False
1089789,7007,王承清,female,1591-01-01,1679-12-31,10,承,Rule-generated Stage7 member for 合成王氏.,False
1089790,7007,王华,male,1589-01-01,1662-12-31,10,承,Rule-generated Stage7 member for 合成王氏.,False
1089791,7007,王承兰,female,1589-01-01,1645-12-31,10,承,Rule-generated Stage7 member for 合成王氏.,False
1089792,7007,王敏,male,1594-01-01,1622-12-31,10,承,Rule-generated Stage7 member for 合成王氏.,False
1089793,7007,王承清,female,1591-01-01,1630-12-31,10,承,Rule-generated Stage7 member for 合成王氏.,False
1089794,7007,王敏,male,1590-01-01,1675-12-31,10,承,Rule-generated Stage7 member for 合成王氏.,False
1089795,7007,王丽敏,female,1589-01-01,1656-12-31,10,承,Rule-generated Stage7 member for 合成王氏.,False
1089796,7007,王承承,male,1594-01-01,1686-12-31,10,承,Rule-generated Stage7 member for 合成王氏.,False
1089797,7007,王承雅,female,1589-01-01,1659-12-31,10,承,Rule-generated Stage7 member for 合成王氏.,False
1089798,7007,王承承,male,1593-01-01,1641-12-31,10,承,Rule-generated Stage7 member for 合成王氏.,False
1089799,7007,王承华,female,1593-01-01,1663-12-31,10,承,Rule-generated Stage7 member for 合成王氏.,False
1089800,7007,王文世,male,1589-01-01,1637-12-31,10,承,Rule-generated Stage7 member for 合成王氏.,False
1089801,7007,王景安,male,1615-01-01,1682-12-31,11,安,Rule-generated Stage7 member for 合成王氏.,False
1089802,7007,王安丽,female,1614-01-01,1680-12-31,11,安,Rule-generated Stage7 member for 合成王氏.,False
1089803,7007,王安伟,male,1612-01-01,1665-12-31,11,安,Rule-generated Stage7 member for 合成王氏.,False
1089804,7007,王丽,female,1613-01-01,1687-12-31,11,安,Rule-generated Stage7 member for 合成王氏.,False
1089805,7007,王安成,male,1611-01-01,1706-12-31,11,安,Rule-generated Stage7 member for 合成王氏.,False
1089806,7007,王安丽,female,1614-01-01,1688-12-31,11,安,Rule-generated Stage7 member for 合成王氏.,False
1089807,7007,王安伟,male,1613-01-01,1686-12-31,11,安,Rule-generated Stage7 member for 合成王氏.,False
1089808,7007,王清兰,female,1610-01-01,1659-12-31,11,安,Rule-generated Stage7 member for 合成王氏.,False
1089809,7007,王安承,male,1613-01-01,1704-12-31,11,安,Rule-generated Stage7 member for 合成王氏.,False
1089810,7007,王雅玉,female,1609-01-01,1712-12-31,11,安,Rule-generated Stage7 member for 合成王氏.,False
1089811,7007,王华,male,1611-01-01,1679-12-31,11,安,Rule-generated Stage7 member for 合成王氏.,False
1089812,7007,王安安,female,1612-01-01,1689-12-31,11,安,Rule-generated Stage7 member for 合成王氏.,False
1089813,7007,王承世,male,1612-01-01,1693-12-31,11,安,Rule-generated Stage7 member for 合成王氏.,False
1089814,7007,王丽清,female,1615-01-01,1655-12-31,11,安,Rule-generated Stage7 member for 合成王氏.,False
1089815,7007,王安宗,male,1612-01-01,1652-12-31,11,安,Rule-generated Stage7 member for 合成王氏.,False
1089816,7007,王安雅,female,1613-01-01,1672-12-31,11,安,Rule-generated Stage7 member for 合成王氏.,False
1089817,7007,王伟国,male,1613-01-01,1650-12-31,11,安,Rule-generated Stage7 member for 合成王氏.,False
1089818,7007,王安敏,female,1612-01-01,1697-12-31,11,安,Rule-generated Stage7 member for 合成王氏.,False
1089819,7007,王承强,male,1612-01-01,1671-12-31,11,安,Rule-generated Stage7 member for 合成王氏.,False
1089820,7007,王安华,female,1613-01-01,1679-12-31,11,安,Rule-generated Stage7 member for 合成王氏.,False
1089821,7007,王安世,male,1609-01-01,1669-12-31,11,安,Rule-generated Stage7 member for 合成王氏.,False
1089822,7007,王安玉,female,1614-01-01,1677-12-31,11,安,Rule-generated Stage7 member for 合成王氏.,False
1089823,7007,王文宗,male,1612-01-01,1688-12-31,11,安,Rule-generated Stage7 member for 合成王氏.,False
1089824,7007,王安敏,female,1613-01-01,1670-12-31,11,安,Rule-generated Stage7 member for 合成王氏.,False
1089825,7007,王安国,male,1613-01-01,1715-12-31,11,安,Rule-generated Stage7 member for 合成王氏.,False
1089826,7007,王安芳,female,1610-01-01,1689-12-31,11,安,Rule-generated Stage7 member for 合成王氏.,False
1089827,7007,王安世,male,1610-01-01,1674-12-31,11,安,Rule-generated Stage7 member for 合成王氏.,False
1089828,7007,王安慧,female,1614-01-01,1657-12-31,11,安,Rule-generated Stage7 member for 合成王氏.,False
1089829,7007,王安强,male,1614-01-01,1666-12-31,11,安,Rule-generated Stage7 member for 合成王氏.,False
1089830,7007,王慧雅,female,1614-01-01,1674-12-31,11,安,Rule-generated Stage7 member for 合成王氏.,False
1089831,7007,王安德,male,1612-01-01,1713-12-31,11,安,Rule-generated Stage7 member for 合成王氏.,False
1089832,7007,王安安,female,1610-01-01,1679-12-31,11,安,Rule-generated Stage7 member for 合成王氏.,False
1089833,7007,王安文,male,1614-01-01,1660-12-31,11,安,Rule-generated Stage7 member for 合成王氏.,False
1089834,7007,王兰丽,female,1611-01-01,1656-12-31,11,安,Rule-generated Stage7 member for 合成王氏.,False
1089835,7007,王安成,male,1615-01-01,1702-12-31,11,安,Rule-generated Stage7 member for 合成王氏.,False
1089836,7007,王安清,female,1610-01-01,1685-12-31,11,安,Rule-generated Stage7 member for 合成王氏.,False
1089837,7007,王安景,male,1613-01-01,1689-12-31,11,安,Rule-generated Stage7 member for 合成王氏.,False
1089838,7007,王丽安,female,1612-01-01,1710-12-31,11,安,Rule-generated Stage7 member for 合成王氏.,False
1089839,7007,王安承,male,1614-01-01,1691-12-31,11,安,Rule-generated Stage7 member for 合成王氏.,False
1089840,7007,王敏玉,female,1612-01-01,1665-12-31,11,安,Rule-generated Stage7 member for 合成王氏.,False
1089841,7007,王丽,male,1615-01-01,1687-12-31,11,安,Rule-generated Stage7 member for 合成王氏.,False
1089842,7007,王安丽,female,1614-01-01,1661-12-31,11,安,Rule-generated Stage7 member for 合成王氏.,False
1089843,7007,王伟,male,1609-01-01,1657-12-31,11,安,Rule-generated Stage7 member for 合成王氏.,False
1089844,7007,王丽兰,female,1613-01-01,1694-12-31,11,安,Rule-generated Stage7 member for 合成王氏.,False
1089845,7007,王安世,male,1611-01-01,1706-12-31,11,安,Rule-generated Stage7 member for 合成王氏.,False
1089846,7007,王华清,female,1613-01-01,1672-12-31,11,安,Rule-generated Stage7 member for 合成王氏.,False
1089847,7007,王宗伟,male,1614-01-01,1673-12-31,11,安,Rule-generated Stage7 member for 合成王氏.,False
1089848,7007,王华梅,female,1609-01-01,1683-12-31,11,安,Rule-generated Stage7 member for 合成王氏.,False
1089849,7007,王明,male,1615-01-01,1694-12-31,11,安,Rule-generated Stage7 member for 合成王氏.,False
1089850,7007,王玉芳,female,1609-01-01,1654-12-31,11,安,Rule-generated Stage7 member for 合成王氏.,False
1089851,7007,王安文,male,1613-01-01,1705-12-31,11,安,Rule-generated Stage7 member for 合成王氏.,False
1089852,7007,王安慧,female,1612-01-01,1677-12-31,11,安,Rule-generated Stage7 member for 合成王氏.,False
1089853,7007,王明,male,1611-01-01,1646-12-31,11,安,Rule-generated Stage7 member for 合成王氏.,False
1089854,7007,王宁慧,female,1615-01-01,1697-12-31,11,安,Rule-generated Stage7 member for 合成王氏.,False
1089855,7007,王安世,male,1611-01-01,1698-12-31,11,安,Rule-generated Stage7 member for 合成王氏.,False
1089856,7007,王安安,female,1610-01-01,1649-12-31,11,安,Rule-generated Stage7 member for 合成王氏.,False
1089857,7007,王明,male,1609-01-01,1689-12-31,11,安,Rule-generated Stage7 member for 合成王氏.,False
1089858,7007,王梅华,female,1613-01-01,1675-12-31,11,安,Rule-generated Stage7 member for 合成王氏.,False
1089859,7007,王宗景,male,1610-01-01,1664-12-31,11,安,Rule-generated Stage7 member for 合成王氏.,False
1089860,7007,王安慧,female,1615-01-01,1691-12-31,11,安,Rule-generated Stage7 member for 合成王氏.,False
1089861,7007,王安宗,male,1613-01-01,1672-12-31,11,安,Rule-generated Stage7 member for 合成王氏.,False
1089862,7007,王安雅,female,1610-01-01,1652-12-31,11,安,Rule-generated Stage7 member for 合成王氏.,False
1089863,7007,王安伟,male,1612-01-01,1657-12-31,11,安,Rule-generated Stage7 member for 合成王氏.,False
1089864,7007,王安安,female,1615-01-01,1689-12-31,11,安,Rule-generated Stage7 member for 合成王氏.,False
1089865,7007,王国承,male,1612-01-01,1674-12-31,11,安,Rule-generated Stage7 member for 合成王氏.,False
1089866,7007,王安华,female,1615-01-01,1657-12-31,11,安,Rule-generated Stage7 member for 合成王氏.,False
1089867,7007,王伟,male,1609-01-01,1713-12-31,11,安,Rule-generated Stage7 member for 合成王氏.,False
1089868,7007,王华,female,1609-01-01,1716-12-31,11,安,Rule-generated Stage7 member for 合成王氏.,False
1089869,7007,王明,male,1615-01-01,1679-12-31,11,安,Rule-generated Stage7 member for 合成王氏.,False
1089870,7007,王安玉,female,1613-01-01,1680-12-31,11,安,Rule-generated Stage7 member for 合成王氏.,False
1089871,7007,王安景,male,1614-01-01,1689-12-31,11,安,Rule-generated Stage7 member for 合成王氏.,False
1089872,7007,王兰兰,female,1611-01-01,1658-12-31,11,安,Rule-generated Stage7 member for 合成王氏.,False
1089873,7007,王安德,male,1611-01-01,1644-12-31,11,安,Rule-generated Stage7 member for 合成王氏.,False
1089874,7007,王安兰,female,1614-01-01,1691-12-31,11,安,Rule-generated Stage7 member for 合成王氏.,False
1089875,7007,王国宗,male,1614-01-01,1690-12-31,11,安,Rule-generated Stage7 member for 合成王氏.,False
1089876,7007,王安敏,female,1610-01-01,1669-12-31,11,安,Rule-generated Stage7 member for 合成王氏.,False
1089877,7007,王强承,male,1609-01-01,1685-12-31,11,安,Rule-generated Stage7 member for 合成王氏.,False
1089878,7007,王玉华,female,1614-01-01,1698-12-31,11,安,Rule-generated Stage7 member for 合成王氏.,False
1089879,7007,王国国,male,1611-01-01,1681-12-31,11,安,Rule-generated Stage7 member for 合成王氏.,False
1089880,7007,王安梅,female,1611-01-01,1696-12-31,11,安,Rule-generated Stage7 member for 合成王氏.,False
1089881,7007,王强伟,male,1611-01-01,1663-12-31,11,安,Rule-generated Stage7 member for 合成王氏.,False
1089882,7007,王安玉,female,1612-01-01,1686-12-31,11,安,Rule-generated Stage7 member for 合成王氏.,False
1089883,7007,王安承,male,1615-01-01,1675-12-31,11,安,Rule-generated Stage7 member for 合成王氏.,False
1089884,7007,王安玉,female,1615-01-01,1675-12-31,11,安,Rule-generated Stage7 member for 合成王氏.,False
1089885,7007,王安景,male,1609-01-01,1663-12-31,11,安,Rule-generated Stage7 member for 合成王氏.,False
1089886,7007,王安兰,female,1615-01-01,1670-12-31,11,安,Rule-generated Stage7 member for 合成王氏.,False
1089887,7007,王安安,male,1615-01-01,1693-12-31,11,安,Rule-generated Stage7 member for 合成王氏.,False
1089888,7007,王敏华,female,1610-01-01,1674-12-31,11,安,Rule-generated Stage7 member for 合成王氏.,False
1089889,7007,王德世,male,1612-01-01,1653-12-31,11,安,Rule-generated Stage7 member for 合成王氏.,False
1089890,7007,王雅清,female,1615-01-01,1709-12-31,11,安,Rule-generated Stage7 member for 合成王氏.,False
1089891,7007,王安强,male,1613-01-01,1692-12-31,11,安,Rule-generated Stage7 member for 合成王氏.,False
1089892,7007,王丽,female,1610-01-01,1665-12-31,11,安,Rule-generated Stage7 member for 合成王氏.,False
1089893,7007,王安文,male,1615-01-01,1643-12-31,11,安,Rule-generated Stage7 member for 合成王氏.,False
1089894,7007,王兰雅,female,1611-01-01,1671-12-31,11,安,Rule-generated Stage7 member for 合成王氏.,False
1089895,7007,王安德,male,1615-01-01,1663-12-31,11,安,Rule-generated Stage7 member for 合成王氏.,False
1089896,7007,王丽华,female,1611-01-01,1706-12-31,11,安,Rule-generated Stage7 member for 合成王氏.,False
1089897,7007,王安伟,male,1612-01-01,1677-12-31,11,安,Rule-generated Stage7 member for 合成王氏.,False
1089898,7007,王安华,female,1610-01-01,1653-12-31,11,安,Rule-generated Stage7 member for 合成王氏.,False
1089899,7007,王国成,male,1610-01-01,1697-12-31,11,安,Rule-generated Stage7 member for 合成王氏.,False
1089900,7007,王安慧,female,1611-01-01,1680-12-31,11,安,Rule-generated Stage7 member for 合成王氏.,False
1089901,7007,王安承,male,1610-01-01,1679-12-31,11,安,Rule-generated Stage7 member for 合成王氏.,False
1089902,7007,王明,female,1611-01-01,1653-12-31,11,安,Rule-generated Stage7 member for 合成王氏.,False
1089903,7007,王安国,male,1614-01-01,1662-12-31,11,安,Rule-generated Stage7 member for 合成王氏.,False
1089904,7007,王强,female,1614-01-01,1664-12-31,11,安,Rule-generated Stage7 member for 合成王氏.,False
1089905,7007,王安景,male,1612-01-01,1690-12-31,11,安,Rule-generated Stage7 member for 合成王氏.,False
1089906,7007,王安清,female,1614-01-01,1691-12-31,11,安,Rule-generated Stage7 member for 合成王氏.,False
1089907,7007,王成承,male,1611-01-01,1686-12-31,11,安,Rule-generated Stage7 member for 合成王氏.,False
1089908,7007,王安华,female,1609-01-01,1676-12-31,11,安,Rule-generated Stage7 member for 合成王氏.,False
1089909,7007,王安景,male,1611-01-01,1690-12-31,11,安,Rule-generated Stage7 member for 合成王氏.,False
1089910,7007,王兰芳,female,1611-01-01,1683-12-31,11,安,Rule-generated Stage7 member for 合成王氏.,False
1089911,7007,王安伟,male,1615-01-01,1654-12-31,11,安,Rule-generated Stage7 member for 合成王氏.,False
1089912,7007,王安玉,female,1610-01-01,1713-12-31,11,安,Rule-generated Stage7 member for 合成王氏.,False
1089913,7007,王安世,male,1614-01-01,1711-12-31,11,安,Rule-generated Stage7 member for 合成王氏.,False
1089914,7007,王明,female,1614-01-01,1671-12-31,11,安,Rule-generated Stage7 member for 合成王氏.,False
1089915,7007,王强德,male,1613-01-01,1693-12-31,11,安,Rule-generated Stage7 member for 合成王氏.,False
1089916,7007,王安玉,female,1612-01-01,1673-12-31,11,安,Rule-generated Stage7 member for 合成王氏.,False
1089917,7007,王安明,male,1610-01-01,1689-12-31,11,安,Rule-generated Stage7 member for 合成王氏.,False
1089918,7007,王安安,female,1615-01-01,1668-12-31,11,安,Rule-generated Stage7 member for 合成王氏.,False
1089919,7007,王安成,male,1611-01-01,1641-12-31,11,安,Rule-generated Stage7 member for 合成王氏.,False
1089920,7007,王安梅,female,1614-01-01,1681-12-31,11,安,Rule-generated Stage7 member for 合成王氏.,False
1089921,7007,王宗承,male,1614-01-01,1673-12-31,11,安,Rule-generated Stage7 member for 合成王氏.,False
1089922,7007,王安敏,female,1610-01-01,1697-12-31,11,安,Rule-generated Stage7 member for 合成王氏.,False
1089923,7007,王安宗,male,1612-01-01,1654-12-31,11,安,Rule-generated Stage7 member for 合成王氏.,False
1089924,7007,王安芳,female,1610-01-01,1688-12-31,11,安,Rule-generated Stage7 member for 合成王氏.,False
1089925,7007,王伟,male,1609-01-01,1673-12-31,11,安,Rule-generated Stage7 member for 合成王氏.,False
1089926,7007,王安清,female,1611-01-01,1683-12-31,11,安,Rule-generated Stage7 member for 合成王氏.,False
1089927,7007,王安国,male,1614-01-01,1678-12-31,11,安,Rule-generated Stage7 member for 合成王氏.,False
1089928,7007,王敏兰,female,1612-01-01,1640-12-31,11,安,Rule-generated Stage7 member for 合成王氏.,False
1089929,7007,王安文,male,1614-01-01,1676-12-31,11,安,Rule-generated Stage7 member for 合成王氏.,False
1089930,7007,王安安,female,1613-01-01,1685-12-31,11,安,Rule-generated Stage7 member for 合成王氏.,False
1089931,7007,王宗国,male,1609-01-01,1661-12-31,11,安,Rule-generated Stage7 member for 合成王氏.,False
1089932,7007,王丽,female,1612-01-01,1683-12-31,11,安,Rule-generated Stage7 member for 合成王氏.,False
1089933,7007,王安世,male,1614-01-01,1698-12-31,11,安,Rule-generated Stage7 member for 合成王氏.,False
1089934,7007,王丽梅,female,1610-01-01,1654-12-31,11,安,Rule-generated Stage7 member for 合成王氏.,False
1089935,7007,王安德,male,1614-01-01,1674-12-31,11,安,Rule-generated Stage7 member for 合成王氏.,False
1089936,7007,王安雅,female,1612-01-01,1643-12-31,11,安,Rule-generated Stage7 member for 合成王氏.,False
1089937,7007,王安明,male,1614-01-01,1670-12-31,11,安,Rule-generated Stage7 member for 合成王氏.,False
1089938,7007,王安雅,female,1615-01-01,1695-12-31,11,安,Rule-generated Stage7 member for 合成王氏.,False
1089939,7007,王安承,male,1613-01-01,1667-12-31,11,安,Rule-generated Stage7 member for 合成王氏.,False
1089940,7007,王芳清,female,1609-01-01,1636-12-31,11,安,Rule-generated Stage7 member for 合成王氏.,False
1089941,7007,王明,male,1612-01-01,1700-12-31,11,安,Rule-generated Stage7 member for 合成王氏.,False
1089942,7007,王安兰,female,1610-01-01,1641-12-31,11,安,Rule-generated Stage7 member for 合成王氏.,False
1089943,7007,王安安,male,1614-01-01,1677-12-31,11,安,Rule-generated Stage7 member for 合成王氏.,False
1089944,7007,王安芳,female,1610-01-01,1685-12-31,11,安,Rule-generated Stage7 member for 合成王氏.,False
1089945,7007,王安承,male,1610-01-01,1683-12-31,11,安,Rule-generated Stage7 member for 合成王氏.,False
1089946,7007,王伟,female,1614-01-01,1683-12-31,11,安,Rule-generated Stage7 member for 合成王氏.,False
1089947,7007,王世强,male,1611-01-01,1646-12-31,11,安,Rule-generated Stage7 member for 合成王氏.,False
1089948,7007,王安宁,female,1611-01-01,1685-12-31,11,安,Rule-generated Stage7 member for 合成王氏.,False
1089949,7007,王安成,male,1615-01-01,1641-12-31,11,安,Rule-generated Stage7 member for 合成王氏.,False
1089950,7007,王安宁,female,1610-01-01,1693-12-31,11,安,Rule-generated Stage7 member for 合成王氏.,False
1089951,7007,王国承,male,1612-01-01,1667-12-31,11,安,Rule-generated Stage7 member for 合成王氏.,False
1089952,7007,王安雅,female,1614-01-01,1708-12-31,11,安,Rule-generated Stage7 member for 合成王氏.,False
1089953,7007,王强强,male,1611-01-01,1680-12-31,11,安,Rule-generated Stage7 member for 合成王氏.,False
1089954,7007,王安安,female,1613-01-01,1689-12-31,11,安,Rule-generated Stage7 member for 合成王氏.,False
1089955,7007,王宗文,male,1610-01-01,1665-12-31,11,安,Rule-generated Stage7 member for 合成王氏.,False
1089956,7007,王梅华,female,1612-01-01,1647-12-31,11,安,Rule-generated Stage7 member for 合成王氏.,False
1089957,7007,王安文,male,1609-01-01,1673-12-31,11,安,Rule-generated Stage7 member for 合成王氏.,False
1089958,7007,王安宁,female,1613-01-01,1698-12-31,11,安,Rule-generated Stage7 member for 合成王氏.,False
1089959,7007,王安世,male,1609-01-01,1674-12-31,11,安,Rule-generated Stage7 member for 合成王氏.,False
1089960,7007,王明,female,1610-01-01,1653-12-31,11,安,Rule-generated Stage7 member for 合成王氏.,False
1089961,7007,王敏,male,1630-01-01,1707-12-31,12,宁,Rule-generated Stage7 member for 合成王氏.,False
1089962,7007,王宁慧,female,1630-01-01,1692-12-31,12,宁,Rule-generated Stage7 member for 合成王氏.,False
1089963,7007,王宗文,male,1630-01-01,1695-12-31,12,宁,Rule-generated Stage7 member for 合成王氏.,False
1089964,7007,王宁梅,female,1634-01-01,1692-12-31,12,宁,Rule-generated Stage7 member for 合成王氏.,False
1089965,7007,王宁世,male,1631-01-01,1726-12-31,12,宁,Rule-generated Stage7 member for 合成王氏.,False
1089966,7007,王宁芳,female,1630-01-01,1734-12-31,12,宁,Rule-generated Stage7 member for 合成王氏.,False
1089967,7007,王明,male,1633-01-01,1723-12-31,12,宁,Rule-generated Stage7 member for 合成王氏.,False
1089968,7007,王宁敏,female,1636-01-01,1733-12-31,12,宁,Rule-generated Stage7 member for 合成王氏.,False
1089969,7007,王敏,male,1633-01-01,1700-12-31,12,宁,Rule-generated Stage7 member for 合成王氏.,False
1089970,7007,王华,female,1636-01-01,1706-12-31,12,宁,Rule-generated Stage7 member for 合成王氏.,False
1089971,7007,王宁强,male,1630-01-01,1690-12-31,12,宁,Rule-generated Stage7 member for 合成王氏.,False
1089972,7007,王雅玉,female,1636-01-01,1717-12-31,12,宁,Rule-generated Stage7 member for 合成王氏.,False
1089973,7007,王宁明,male,1634-01-01,1688-12-31,12,宁,Rule-generated Stage7 member for 合成王氏.,False
1089974,7007,王宁梅,female,1634-01-01,1699-12-31,12,宁,Rule-generated Stage7 member for 合成王氏.,False
1089975,7007,王安宗,male,1634-01-01,1694-12-31,12,宁,Rule-generated Stage7 member for 合成王氏.,False
1089976,7007,王宁宁,female,1631-01-01,1723-12-31,12,宁,Rule-generated Stage7 member for 合成王氏.,False
1089977,7007,王承明,male,1635-01-01,1694-12-31,12,宁,Rule-generated Stage7 member for 合成王氏.,False
1089978,7007,王芳雅,female,1634-01-01,1714-12-31,12,宁,Rule-generated Stage7 member for 合成王氏.,False
1089979,7007,王宁明,male,1631-01-01,1720-12-31,12,宁,Rule-generated Stage7 member for 合成王氏.,False
1089980,7007,王敏敏,female,1630-01-01,1690-12-31,12,宁,Rule-generated Stage7 member for 合成王氏.,False
1089981,7007,王宁世,male,1634-01-01,1682-12-31,12,宁,Rule-generated Stage7 member for 合成王氏.,False
1089982,7007,王宁丽,female,1633-01-01,1691-12-31,12,宁,Rule-generated Stage7 member for 合成王氏.,False
1089983,7007,王宁文,male,1630-01-01,1701-12-31,12,宁,Rule-generated Stage7 member for 合成王氏.,False
1089984,7007,王宁慧,female,1633-01-01,1684-12-31,12,宁,Rule-generated Stage7 member for 合成王氏.,False
1089985,7007,王宁安,male,1634-01-01,1701-12-31,12,宁,Rule-generated Stage7 member for 合成王氏.,False
1089986,7007,王玉宁,female,1634-01-01,1710-12-31,12,宁,Rule-generated Stage7 member for 合成王氏.,False
1089987,7007,王强明,male,1633-01-01,1712-12-31,12,宁,Rule-generated Stage7 member for 合成王氏.,False
1089988,7007,王宁丽,female,1631-01-01,1667-12-31,12,宁,Rule-generated Stage7 member for 合成王氏.,False
1089989,7007,王宗强,male,1631-01-01,1714-12-31,12,宁,Rule-generated Stage7 member for 合成王氏.,False
1089990,7007,王宁宁,female,1634-01-01,1716-12-31,12,宁,Rule-generated Stage7 member for 合成王氏.,False
1089991,7007,王宁国,male,1630-01-01,1713-12-31,12,宁,Rule-generated Stage7 member for 合成王氏.,False
1089992,7007,王宁慧,female,1633-01-01,1658-12-31,12,宁,Rule-generated Stage7 member for 合成王氏.,False
1089993,7007,王宁文,male,1635-01-01,1680-12-31,12,宁,Rule-generated Stage7 member for 合成王氏.,False
1089994,7007,王清慧,female,1631-01-01,1677-12-31,12,宁,Rule-generated Stage7 member for 合成王氏.,False
1089995,7007,王宁承,male,1632-01-01,1697-12-31,12,宁,Rule-generated Stage7 member for 合成王氏.,False
1089996,7007,王兰华,female,1635-01-01,1680-12-31,12,宁,Rule-generated Stage7 member for 合成王氏.,False
1089997,7007,王明,male,1633-01-01,1667-12-31,12,宁,Rule-generated Stage7 member for 合成王氏.,False
1089998,7007,王宁雅,female,1630-01-01,1717-12-31,12,宁,Rule-generated Stage7 member for 合成王氏.,False
1089999,7007,王强,male,1636-01-01,1704-12-31,12,宁,Rule-generated Stage7 member for 合成王氏.,False
1090000,7007,王宁慧,female,1636-01-01,1692-12-31,12,宁,Rule-generated Stage7 member for 合成王氏.,False
1090001,7007,王宁承,male,1636-01-01,1662-12-31,12,宁,Rule-generated Stage7 member for 合成王氏.,False
1090002,7007,王敏,female,1632-01-01,1715-12-31,12,宁,Rule-generated Stage7 member for 合成王氏.,False
1090003,7007,王德明,male,1633-01-01,1719-12-31,12,宁,Rule-generated Stage7 member for 合成王氏.,False
1090004,7007,王宁华,female,1631-01-01,1710-12-31,12,宁,Rule-generated Stage7 member for 合成王氏.,False
1090005,7007,王宁文,male,1635-01-01,1718-12-31,12,宁,Rule-generated Stage7 member for 合成王氏.,False
1090006,7007,王宁宁,female,1635-01-01,1685-12-31,12,宁,Rule-generated Stage7 member for 合成王氏.,False
1090007,7007,王强,male,1635-01-01,1682-12-31,12,宁,Rule-generated Stage7 member for 合成王氏.,False
1090008,7007,王宁丽,female,1636-01-01,1660-12-31,12,宁,Rule-generated Stage7 member for 合成王氏.,False
1090009,7007,王宁安,male,1633-01-01,1666-12-31,12,宁,Rule-generated Stage7 member for 合成王氏.,False
1090010,7007,王强,female,1634-01-01,1730-12-31,12,宁,Rule-generated Stage7 member for 合成王氏.,False
1090011,7007,王安明,male,1636-01-01,1675-12-31,12,宁,Rule-generated Stage7 member for 合成王氏.,False
1090012,7007,王宁宁,female,1636-01-01,1702-12-31,12,宁,Rule-generated Stage7 member for 合成王氏.,False
1090013,7007,王宁世,male,1634-01-01,1713-12-31,12,宁,Rule-generated Stage7 member for 合成王氏.,False
1090014,7007,王宁兰,female,1633-01-01,1683-12-31,12,宁,Rule-generated Stage7 member for 合成王氏.,False
1090015,7007,王宁德,male,1631-01-01,1717-12-31,12,宁,Rule-generated Stage7 member for 合成王氏.,False
1090016,7007,王宁雅,female,1630-01-01,1669-12-31,12,宁,Rule-generated Stage7 member for 合成王氏.,False
1090017,7007,王安成,male,1633-01-01,1725-12-31,12,宁,Rule-generated Stage7 member for 合成王氏.,False
1090018,7007,王宁慧,female,1630-01-01,1697-12-31,12,宁,Rule-generated Stage7 member for 合成王氏.,False
1090019,7007,王国德,male,1632-01-01,1734-12-31,12,宁,Rule-generated Stage7 member for 合成王氏.,False
1090020,7007,王宁宁,female,1634-01-01,1693-12-31,12,宁,Rule-generated Stage7 member for 合成王氏.,False
1090021,7007,王明明,male,1632-01-01,1719-12-31,12,宁,Rule-generated Stage7 member for 合成王氏.,False
1090022,7007,王清玉,female,1631-01-01,1709-12-31,12,宁,Rule-generated Stage7 member for 合成王氏.,False
1090023,7007,王宁伟,male,1630-01-01,1730-12-31,12,宁,Rule-generated Stage7 member for 合成王氏.,False
1090024,7007,王宁芳,female,1630-01-01,1721-12-31,12,宁,Rule-generated Stage7 member for 合成王氏.,False
1090025,7007,王景文,male,1632-01-01,1703-12-31,12,宁,Rule-generated Stage7 member for 合成王氏.,False
1090026,7007,王宁芳,female,1636-01-01,1694-12-31,12,宁,Rule-generated Stage7 member for 合成王氏.,False
1090027,7007,王华,male,1636-01-01,1717-12-31,12,宁,Rule-generated Stage7 member for 合成王氏.,False
1090028,7007,王宁华,female,1636-01-01,1681-12-31,12,宁,Rule-generated Stage7 member for 合成王氏.,False
1090029,7007,王国成,male,1633-01-01,1675-12-31,12,宁,Rule-generated Stage7 member for 合成王氏.,False
1090030,7007,王华,female,1631-01-01,1726-12-31,12,宁,Rule-generated Stage7 member for 合成王氏.,False
1090031,7007,王安国,male,1633-01-01,1689-12-31,12,宁,Rule-generated Stage7 member for 合成王氏.,False
1090032,7007,王宁梅,female,1634-01-01,1711-12-31,12,宁,Rule-generated Stage7 member for 合成王氏.,False
1090033,7007,王强文,male,1635-01-01,1686-12-31,12,宁,Rule-generated Stage7 member for 合成王氏.,False
1090034,7007,王芳芳,female,1630-01-01,1708-12-31,12,宁,Rule-generated Stage7 member for 合成王氏.,False
1090035,7007,王宁国,male,1636-01-01,1719-12-31,12,宁,Rule-generated Stage7 member for 合成王氏.,False
1090036,7007,王宁宁,female,1633-01-01,1728-12-31,12,宁,Rule-generated Stage7 member for 合成王氏.,False
1090037,7007,王宗明,male,1635-01-01,1720-12-31,12,宁,Rule-generated Stage7 member for 合成王氏.,False
1090038,7007,王宁芳,female,1634-01-01,1712-12-31,12,宁,Rule-generated Stage7 member for 合成王氏.,False
1090039,7007,王宁伟,male,1630-01-01,1692-12-31,12,宁,Rule-generated Stage7 member for 合成王氏.,False
1090040,7007,王宁慧,female,1634-01-01,1701-12-31,12,宁,Rule-generated Stage7 member for 合成王氏.,False
1090041,7007,王宁明,male,1636-01-01,1702-12-31,12,宁,Rule-generated Stage7 member for 合成王氏.,False
1090042,7007,王芳清,female,1630-01-01,1687-12-31,12,宁,Rule-generated Stage7 member for 合成王氏.,False
1090043,7007,王宁世,male,1633-01-01,1702-12-31,12,宁,Rule-generated Stage7 member for 合成王氏.,False
1090044,7007,王宁兰,female,1634-01-01,1713-12-31,12,宁,Rule-generated Stage7 member for 合成王氏.,False
1090045,7007,王丽,male,1636-01-01,1692-12-31,12,宁,Rule-generated Stage7 member for 合成王氏.,False
1090046,7007,王伟,female,1634-01-01,1718-12-31,12,宁,Rule-generated Stage7 member for 合成王氏.,False
1090047,7007,王宁国,male,1631-01-01,1723-12-31,12,宁,Rule-generated Stage7 member for 合成王氏.,False
1090048,7007,王敏丽,female,1635-01-01,1714-12-31,12,宁,Rule-generated Stage7 member for 合成王氏.,False
1090049,7007,王宁承,male,1631-01-01,1689-12-31,12,宁,Rule-generated Stage7 member for 合成王氏.,False
1090050,7007,王宁芳,female,1636-01-01,1698-12-31,12,宁,Rule-generated Stage7 member for 合成王氏.,False
1090051,7007,王宁文,male,1632-01-01,1727-12-31,12,宁,Rule-generated Stage7 member for 合成王氏.,False
1090052,7007,王宁梅,female,1631-01-01,1679-12-31,12,宁,Rule-generated Stage7 member for 合成王氏.,False
1090053,7007,王宁伟,male,1636-01-01,1692-12-31,12,宁,Rule-generated Stage7 member for 合成王氏.,False
1090054,7007,王宁丽,female,1632-01-01,1660-12-31,12,宁,Rule-generated Stage7 member for 合成王氏.,False
1090055,7007,王宁承,male,1635-01-01,1670-12-31,12,宁,Rule-generated Stage7 member for 合成王氏.,False
1090056,7007,王宁清,female,1633-01-01,1674-12-31,12,宁,Rule-generated Stage7 member for 合成王氏.,False
1090057,7007,王宁世,male,1631-01-01,1732-12-31,12,宁,Rule-generated Stage7 member for 合成王氏.,False
1090058,7007,王宁慧,female,1631-01-01,1705-12-31,12,宁,Rule-generated Stage7 member for 合成王氏.,False
1090059,7007,王宁宗,male,1634-01-01,1686-12-31,12,宁,Rule-generated Stage7 member for 合成王氏.,False
1090060,7007,王宁慧,female,1631-01-01,1670-12-31,12,宁,Rule-generated Stage7 member for 合成王氏.,False
1090061,7007,王伟文,male,1630-01-01,1697-12-31,12,宁,Rule-generated Stage7 member for 合成王氏.,False
1090062,7007,王清宁,female,1630-01-01,1719-12-31,12,宁,Rule-generated Stage7 member for 合成王氏.,False
1090063,7007,王宁世,male,1631-01-01,1717-12-31,12,宁,Rule-generated Stage7 member for 合成王氏.,False
1090064,7007,王玉雅,female,1632-01-01,1710-12-31,12,宁,Rule-generated Stage7 member for 合成王氏.,False
1090065,7007,王宁国,male,1630-01-01,1686-12-31,12,宁,Rule-generated Stage7 member for 合成王氏.,False
1090066,7007,王宁敏,female,1634-01-01,1700-12-31,12,宁,Rule-generated Stage7 member for 合成王氏.,False
1090067,7007,王宁安,male,1632-01-01,1715-12-31,12,宁,Rule-generated Stage7 member for 合成王氏.,False
1090068,7007,王宁梅,female,1634-01-01,1715-12-31,12,宁,Rule-generated Stage7 member for 合成王氏.,False
1090069,7007,王宁景,male,1635-01-01,1728-12-31,12,宁,Rule-generated Stage7 member for 合成王氏.,False
1090070,7007,王安玉,female,1635-01-01,1687-12-31,12,宁,Rule-generated Stage7 member for 合成王氏.,False
1090071,7007,王宁强,male,1632-01-01,1680-12-31,12,宁,Rule-generated Stage7 member for 合成王氏.,False
1090072,7007,王敏敏,female,1633-01-01,1684-12-31,12,宁,Rule-generated Stage7 member for 合成王氏.,False
1090073,7007,王宁承,male,1630-01-01,1714-12-31,12,宁,Rule-generated Stage7 member for 合成王氏.,False
1090074,7007,王宁敏,female,1636-01-01,1733-12-31,12,宁,Rule-generated Stage7 member for 合成王氏.,False
1090075,7007,王宁国,male,1631-01-01,1721-12-31,12,宁,Rule-generated Stage7 member for 合成王氏.,False
1090076,7007,王敏敏,female,1635-01-01,1702-12-31,12,宁,Rule-generated Stage7 member for 合成王氏.,False
1090077,7007,王宁承,male,1635-01-01,1738-12-31,12,宁,Rule-generated Stage7 member for 合成王氏.,False
1090078,7007,王宁雅,female,1635-01-01,1688-12-31,12,宁,Rule-generated Stage7 member for 合成王氏.,False
1090079,7007,王明安,male,1632-01-01,1710-12-31,12,宁,Rule-generated Stage7 member for 合成王氏.,False
1090080,7007,王宁宁,female,1633-01-01,1719-12-31,12,宁,Rule-generated Stage7 member for 合成王氏.,False
1090081,7007,王丽,male,1635-01-01,1675-12-31,12,宁,Rule-generated Stage7 member for 合成王氏.,False
1090082,7007,王华丽,female,1635-01-01,1694-12-31,12,宁,Rule-generated Stage7 member for 合成王氏.,False
1090083,7007,王宁承,male,1630-01-01,1669-12-31,12,宁,Rule-generated Stage7 member for 合成王氏.,False
1090084,7007,王宁丽,female,1633-01-01,1678-12-31,12,宁,Rule-generated Stage7 member for 合成王氏.,False
1090085,7007,王宗国,male,1636-01-01,1686-12-31,12,宁,Rule-generated Stage7 member for 合成王氏.,False
1090086,7007,王芳安,female,1636-01-01,1703-12-31,12,宁,Rule-generated Stage7 member for 合成王氏.,False
1090087,7007,王宁宗,male,1636-01-01,1725-12-31,12,宁,Rule-generated Stage7 member for 合成王氏.,False
1090088,7007,王宁玉,female,1636-01-01,1730-12-31,12,宁,Rule-generated Stage7 member for 合成王氏.,False
1090089,7007,王宁成,male,1630-01-01,1712-12-31,12,宁,Rule-generated Stage7 member for 合成王氏.,False
1090090,7007,王宁安,female,1630-01-01,1689-12-31,12,宁,Rule-generated Stage7 member for 合成王氏.,False
1090091,7007,王景成,male,1636-01-01,1691-12-31,12,宁,Rule-generated Stage7 member for 合成王氏.,False
1090092,7007,王宁华,female,1635-01-01,1685-12-31,12,宁,Rule-generated Stage7 member for 合成王氏.,False
1090093,7007,王宁强,male,1634-01-01,1693-12-31,12,宁,Rule-generated Stage7 member for 合成王氏.,False
1090094,7007,王宁兰,female,1635-01-01,1719-12-31,12,宁,Rule-generated Stage7 member for 合成王氏.,False
1090095,7007,王宁德,male,1633-01-01,1691-12-31,12,宁,Rule-generated Stage7 member for 合成王氏.,False
1090096,7007,王丽芳,female,1634-01-01,1698-12-31,12,宁,Rule-generated Stage7 member for 合成王氏.,False
1090097,7007,王文明,male,1633-01-01,1707-12-31,12,宁,Rule-generated Stage7 member for 合成王氏.,False
1090098,7007,王宁玉,female,1630-01-01,1691-12-31,12,宁,Rule-generated Stage7 member for 合成王氏.,False
1090099,7007,王国德,male,1633-01-01,1703-12-31,12,宁,Rule-generated Stage7 member for 合成王氏.,False
1090100,7007,王敏玉,female,1636-01-01,1726-12-31,12,宁,Rule-generated Stage7 member for 合成王氏.,False
1090101,7007,王明成,male,1632-01-01,1670-12-31,12,宁,Rule-generated Stage7 member for 合成王氏.,False
1090102,7007,王宁宁,female,1632-01-01,1724-12-31,12,宁,Rule-generated Stage7 member for 合成王氏.,False
1090103,7007,王宁强,male,1635-01-01,1704-12-31,12,宁,Rule-generated Stage7 member for 合成王氏.,False
1090104,7007,王芳慧,female,1632-01-01,1726-12-31,12,宁,Rule-generated Stage7 member for 合成王氏.,False
1090105,7007,王宁承,male,1635-01-01,1706-12-31,12,宁,Rule-generated Stage7 member for 合成王氏.,False
1090106,7007,王宁丽,female,1630-01-01,1722-12-31,12,宁,Rule-generated Stage7 member for 合成王氏.,False
1090107,7007,王文宗,male,1631-01-01,1657-12-31,12,宁,Rule-generated Stage7 member for 合成王氏.,False
1090108,7007,王华,female,1630-01-01,1684-12-31,12,宁,Rule-generated Stage7 member for 合成王氏.,False
1090109,7007,王宗成,male,1634-01-01,1681-12-31,12,宁,Rule-generated Stage7 member for 合成王氏.,False
1090110,7007,王宁梅,female,1636-01-01,1737-12-31,12,宁,Rule-generated Stage7 member for 合成王氏.,False
1090111,7007,王国成,male,1631-01-01,1702-12-31,12,宁,Rule-generated Stage7 member for 合成王氏.,False
1090112,7007,王宁安,female,1636-01-01,1712-12-31,12,宁,Rule-generated Stage7 member for 合成王氏.,False
1090113,7007,王宁景,male,1635-01-01,1694-12-31,12,宁,Rule-generated Stage7 member for 合成王氏.,False
1090114,7007,王宁兰,female,1631-01-01,1706-12-31,12,宁,Rule-generated Stage7 member for 合成王氏.,False
1090115,7007,王德成,male,1632-01-01,1707-12-31,12,宁,Rule-generated Stage7 member for 合成王氏.,False
1090116,7007,王慧雅,female,1630-01-01,1691-12-31,12,宁,Rule-generated Stage7 member for 合成王氏.,False
1090117,7007,王成伟,male,1636-01-01,1696-12-31,12,宁,Rule-generated Stage7 member for 合成王氏.,False
1090118,7007,王华,female,1636-01-01,1694-12-31,12,宁,Rule-generated Stage7 member for 合成王氏.,False
1090119,7007,王宁成,male,1632-01-01,1713-12-31,12,宁,Rule-generated Stage7 member for 合成王氏.,False
1090120,7007,王宁华,female,1632-01-01,1729-12-31,12,宁,Rule-generated Stage7 member for 合成王氏.,False
1090121,7007,王国景,male,1630-01-01,1705-12-31,12,宁,Rule-generated Stage7 member for 合成王氏.,False
1090122,7007,王宁宁,female,1630-01-01,1723-12-31,12,宁,Rule-generated Stage7 member for 合成王氏.,False
1090123,7007,王敏,male,1636-01-01,1698-12-31,12,宁,Rule-generated Stage7 member for 合成王氏.,False
1090124,7007,王宁安,female,1631-01-01,1690-12-31,12,宁,Rule-generated Stage7 member for 合成王氏.,False
1090125,7007,王宁景,male,1630-01-01,1712-12-31,12,宁,Rule-generated Stage7 member for 合成王氏.,False
1090126,7007,王宁梅,female,1632-01-01,1679-12-31,12,宁,Rule-generated Stage7 member for 合成王氏.,False
1090127,7007,王宁文,male,1632-01-01,1696-12-31,12,宁,Rule-generated Stage7 member for 合成王氏.,False
1090128,7007,王华,female,1635-01-01,1682-12-31,12,宁,Rule-generated Stage7 member for 合成王氏.,False
1090129,7007,王强,male,1633-01-01,1670-12-31,12,宁,Rule-generated Stage7 member for 合成王氏.,False
1090130,7007,王宁兰,female,1636-01-01,1717-12-31,12,宁,Rule-generated Stage7 member for 合成王氏.,False
1090131,7007,王明德,male,1634-01-01,1664-12-31,12,宁,Rule-generated Stage7 member for 合成王氏.,False
1090132,7007,王伟,female,1636-01-01,1684-12-31,12,宁,Rule-generated Stage7 member for 合成王氏.,False
1090133,7007,王宁强,male,1635-01-01,1715-12-31,12,宁,Rule-generated Stage7 member for 合成王氏.,False
1090134,7007,王芳梅,female,1636-01-01,1698-12-31,12,宁,Rule-generated Stage7 member for 合成王氏.,False
1090135,7007,王伟景,male,1652-01-01,1718-12-31,13,文,Rule-generated Stage7 member for 合成王氏.,False
1090136,7007,王文慧,female,1652-01-01,1722-12-31,13,文,Rule-generated Stage7 member for 合成王氏.,False
1090137,7007,王敏,male,1653-01-01,1711-12-31,13,文,Rule-generated Stage7 member for 合成王氏.,False
1090138,7007,王文玉,female,1652-01-01,1725-12-31,13,文,Rule-generated Stage7 member for 合成王氏.,False
1090139,7007,王文承,male,1654-01-01,1693-12-31,13,文,Rule-generated Stage7 member for 合成王氏.,False
1090140,7007,王文清,female,1657-01-01,1737-12-31,13,文,Rule-generated Stage7 member for 合成王氏.,False
1090141,7007,王文安,male,1655-01-01,1713-12-31,13,文,Rule-generated Stage7 member for 合成王氏.,False
1090142,7007,王梅敏,female,1655-01-01,1688-12-31,13,文,Rule-generated Stage7 member for 合成王氏.,False
1090143,7007,王明伟,male,1657-01-01,1732-12-31,13,文,Rule-generated Stage7 member for 合成王氏.,False
1090144,7007,王文丽,female,1656-01-01,1744-12-31,13,文,Rule-generated Stage7 member for 合成王氏.,False
1090145,7007,王文成,male,1652-01-01,1712-12-31,13,文,Rule-generated Stage7 member for 合成王氏.,False
1090146,7007,王文安,female,1656-01-01,1725-12-31,13,文,Rule-generated Stage7 member for 合成王氏.,False
1090147,7007,王强,male,1652-01-01,1677-12-31,13,文,Rule-generated Stage7 member for 合成王氏.,False
1090148,7007,王文丽,female,1656-01-01,1706-12-31,13,文,Rule-generated Stage7 member for 合成王氏.,False
1090149,7007,王国安,male,1656-01-01,1720-12-31,13,文,Rule-generated Stage7 member for 合成王氏.,False
1090150,7007,王文清,female,1651-01-01,1712-12-31,13,文,Rule-generated Stage7 member for 合成王氏.,False
1090151,7007,王文伟,male,1655-01-01,1709-12-31,13,文,Rule-generated Stage7 member for 合成王氏.,False
1090152,7007,王梅丽,female,1657-01-01,1692-12-31,13,文,Rule-generated Stage7 member for 合成王氏.,False
1090153,7007,王伟,male,1655-01-01,1684-12-31,13,文,Rule-generated Stage7 member for 合成王氏.,False
1090154,7007,王文清,female,1651-01-01,1720-12-31,13,文,Rule-generated Stage7 member for 合成王氏.,False
1090155,7007,王文宗,male,1654-01-01,1715-12-31,13,文,Rule-generated Stage7 member for 合成王氏.,False
1090156,7007,王文清,female,1657-01-01,1716-12-31,13,文,Rule-generated Stage7 member for 合成王氏.,False
1090157,7007,王国宗,male,1652-01-01,1749-12-31,13,文,Rule-generated Stage7 member for 合成王氏.,False
1090158,7007,王梅敏,female,1657-01-01,1717-12-31,13,文,Rule-generated Stage7 member for 合成王氏.,False
1090159,7007,王安宗,male,1653-01-01,1681-12-31,13,文,Rule-generated Stage7 member for 合成王氏.,False
1090160,7007,王伟,female,1651-01-01,1680-12-31,13,文,Rule-generated Stage7 member for 合成王氏.,False
1090161,7007,王文文,male,1656-01-01,1717-12-31,13,文,Rule-generated Stage7 member for 合成王氏.,False
1090162,7007,王文敏,female,1656-01-01,1732-12-31,13,文,Rule-generated Stage7 member for 合成王氏.,False
1090163,7007,王文文,male,1656-01-01,1733-12-31,13,文,Rule-generated Stage7 member for 合成王氏.,False
1090164,7007,王敏,female,1655-01-01,1711-12-31,13,文,Rule-generated Stage7 member for 合成王氏.,False
1090165,7007,王德德,male,1657-01-01,1751-12-31,13,文,Rule-generated Stage7 member for 合成王氏.,False
1090166,7007,王文雅,female,1656-01-01,1714-12-31,13,文,Rule-generated Stage7 member for 合成王氏.,False
1090167,7007,王世安,male,1651-01-01,1701-12-31,13,文,Rule-generated Stage7 member for 合成王氏.,False
1090168,7007,王芳玉,female,1652-01-01,1703-12-31,13,文,Rule-generated Stage7 member for 合成王氏.,False
1090169,7007,王文安,male,1654-01-01,1694-12-31,13,文,Rule-generated Stage7 member for 合成王氏.,False
1090170,7007,王文雅,female,1655-01-01,1711-12-31,13,文,Rule-generated Stage7 member for 合成王氏.,False
1090171,7007,王文成,male,1651-01-01,1708-12-31,13,文,Rule-generated Stage7 member for 合成王氏.,False
1090172,7007,王宁玉,female,1651-01-01,1714-12-31,13,文,Rule-generated Stage7 member for 合成王氏.,False
1090173,7007,王文国,male,1653-01-01,1727-12-31,13,文,Rule-generated Stage7 member for 合成王氏.,False
1090174,7007,王文丽,female,1652-01-01,1752-12-31,13,文,Rule-generated Stage7 member for 合成王氏.,False
1090175,7007,王文安,male,1652-01-01,1749-12-31,13,文,Rule-generated Stage7 member for 合成王氏.,False
1090176,7007,王文兰,female,1651-01-01,1733-12-31,13,文,Rule-generated Stage7 member for 合成王氏.,False
1090177,7007,王成德,male,1651-01-01,1723-12-31,13,文,Rule-generated Stage7 member for 合成王氏.,False
1090178,7007,王文兰,female,1656-01-01,1719-12-31,13,文,Rule-generated Stage7 member for 合成王氏.,False
1090179,7007,王文国,male,1651-01-01,1697-12-31,13,文,Rule-generated Stage7 member for 合成王氏.,False
1090180,7007,王文敏,female,1652-01-01,1728-12-31,13,文,Rule-generated Stage7 member for 合成王氏.,False
1090181,7007,王文强,male,1651-01-01,1735-12-31,13,文,Rule-generated Stage7 member for 合成王氏.,False
1090182,7007,王文玉,female,1651-01-01,1710-12-31,13,文,Rule-generated Stage7 member for 合成王氏.,False
1090183,7007,王文世,male,1655-01-01,1722-12-31,13,文,Rule-generated Stage7 member for 合成王氏.,False
1090184,7007,王文芳,female,1654-01-01,1722-12-31,13,文,Rule-generated Stage7 member for 合成王氏.,False
1090185,7007,王强,male,1652-01-01,1737-12-31,13,文,Rule-generated Stage7 member for 合成王氏.,False
1090186,7007,王雅清,female,1653-01-01,1714-12-31,13,文,Rule-generated Stage7 member for 合成王氏.,False
1090187,7007,王文德,male,1655-01-01,1702-12-31,13,文,Rule-generated Stage7 member for 合成王氏.,False
1090188,7007,王文玉,female,1657-01-01,1709-12-31,13,文,Rule-generated Stage7 member for 合成王氏.,False
1090189,7007,王文宗,male,1657-01-01,1726-12-31,13,文,Rule-generated Stage7 member for 合成王氏.,False
1090190,7007,王文华,female,1652-01-01,1691-12-31,13,文,Rule-generated Stage7 member for 合成王氏.,False
1090191,7007,王文文,male,1657-01-01,1713-12-31,13,文,Rule-generated Stage7 member for 合成王氏.,False
1090192,7007,王文芳,female,1656-01-01,1713-12-31,13,文,Rule-generated Stage7 member for 合成王氏.,False
1090193,7007,王强宗,male,1653-01-01,1723-12-31,13,文,Rule-generated Stage7 member for 合成王氏.,False
1090194,7007,王文芳,female,1657-01-01,1739-12-31,13,文,Rule-generated Stage7 member for 合成王氏.,False
1090195,7007,王成伟,male,1657-01-01,1692-12-31,13,文,Rule-generated Stage7 member for 合成王氏.,False
1090196,7007,王华,female,1656-01-01,1737-12-31,13,文,Rule-generated Stage7 member for 合成王氏.,False
1090197,7007,王文德,male,1651-01-01,1721-12-31,13,文,Rule-generated Stage7 member for 合成王氏.,False
1090198,7007,王雅清,female,1656-01-01,1707-12-31,13,文,Rule-generated Stage7 member for 合成王氏.,False
1090199,7007,王文景,male,1651-01-01,1704-12-31,13,文,Rule-generated Stage7 member for 合成王氏.,False
1090200,7007,王雅华,female,1652-01-01,1722-12-31,13,文,Rule-generated Stage7 member for 合成王氏.,False
1090201,7007,王文伟,male,1657-01-01,1701-12-31,13,文,Rule-generated Stage7 member for 合成王氏.,False
1090202,7007,王文兰,female,1656-01-01,1733-12-31,13,文,Rule-generated Stage7 member for 合成王氏.,False
1090203,7007,王敏,male,1656-01-01,1725-12-31,13,文,Rule-generated Stage7 member for 合成王氏.,False
1090204,7007,王文慧,female,1657-01-01,1706-12-31,13,文,Rule-generated Stage7 member for 合成王氏.,False
1090205,7007,王文承,male,1652-01-01,1711-12-31,13,文,Rule-generated Stage7 member for 合成王氏.,False
1090206,7007,王文清,female,1651-01-01,1711-12-31,13,文,Rule-generated Stage7 member for 合成王氏.,False
1090207,7007,王文安,male,1653-01-01,1729-12-31,13,文,Rule-generated Stage7 member for 合成王氏.,False
1090208,7007,王文芳,female,1652-01-01,1696-12-31,13,文,Rule-generated Stage7 member for 合成王氏.,False
1090209,7007,王文明,male,1654-01-01,1705-12-31,13,文,Rule-generated Stage7 member for 合成王氏.,False
1090210,7007,王文清,female,1654-01-01,1744-12-31,13,文,Rule-generated Stage7 member for 合成王氏.,False
1090211,7007,王景成,male,1655-01-01,1692-12-31,13,文,Rule-generated Stage7 member for 合成王氏.,False
1090212,7007,王文华,female,1651-01-01,1690-12-31,13,文,Rule-generated Stage7 member for 合成王氏.,False
1090213,7007,王文文,male,1653-01-01,1721-12-31,13,文,Rule-generated Stage7 member for 合成王氏.,False
1090214,7007,王文宁,female,1656-01-01,1726-12-31,13,文,Rule-generated Stage7 member for 合成王氏.,False
1090215,7007,王承强,male,1652-01-01,1699-12-31,13,文,Rule-generated Stage7 member for 合成王氏.,False
1090216,7007,王文清,female,1651-01-01,1725-12-31,13,文,Rule-generated Stage7 member for 合成王氏.,False
1090217,7007,王文国,male,1655-01-01,1710-12-31,13,文,Rule-generated Stage7 member for 合成王氏.,False
1090218,7007,王文安,female,1651-01-01,1745-12-31,13,文,Rule-generated Stage7 member for 合成王氏.,False
1090219,7007,王文成,male,1657-01-01,1729-12-31,13,文,Rule-generated Stage7 member for 合成王氏.,False
1090220,7007,王文华,female,1652-01-01,1744-12-31,13,文,Rule-generated Stage7 member for 合成王氏.,False
1090221,7007,王文景,male,1657-01-01,1695-12-31,13,文,Rule-generated Stage7 member for 合成王氏.,False
1090222,7007,王文兰,female,1657-01-01,1742-12-31,13,文,Rule-generated Stage7 member for 合成王氏.,False
1090223,7007,王文安,male,1655-01-01,1728-12-31,13,文,Rule-generated Stage7 member for 合成王氏.,False
1090224,7007,王文丽,female,1655-01-01,1706-12-31,13,文,Rule-generated Stage7 member for 合成王氏.,False
1090225,7007,王文安,male,1656-01-01,1682-12-31,13,文,Rule-generated Stage7 member for 合成王氏.,False
1090226,7007,王慧丽,female,1652-01-01,1718-12-31,13,文,Rule-generated Stage7 member for 合成王氏.,False
1090227,7007,王敏,male,1653-01-01,1750-12-31,13,文,Rule-generated Stage7 member for 合成王氏.,False
1090228,7007,王文慧,female,1657-01-01,1710-12-31,13,文,Rule-generated Stage7 member for 合成王氏.,False
1090229,7007,王文景,male,1656-01-01,1677-12-31,13,文,Rule-generated Stage7 member for 合成王氏.,False
1090230,7007,王文雅,female,1654-01-01,1740-12-31,13,文,Rule-generated Stage7 member for 合成王氏.,False
1090231,7007,王安德,male,1654-01-01,1705-12-31,13,文,Rule-generated Stage7 member for 合成王氏.,False
1090232,7007,王敏华,female,1655-01-01,1731-12-31,13,文,Rule-generated Stage7 member for 合成王氏.,False
1090233,7007,王文世,male,1651-01-01,1727-12-31,13,文,Rule-generated Stage7 member for 合成王氏.,False
1090234,7007,王文雅,female,1653-01-01,1709-12-31,13,文,Rule-generated Stage7 member for 合成王氏.,False
1090235,7007,王文伟,male,1655-01-01,1756-12-31,13,文,Rule-generated Stage7 member for 合成王氏.,False
1090236,7007,王文敏,female,1657-01-01,1736-12-31,13,文,Rule-generated Stage7 member for 合成王氏.,False
1090237,7007,王明,male,1652-01-01,1698-12-31,13,文,Rule-generated Stage7 member for 合成王氏.,False
1090238,7007,王文清,female,1655-01-01,1743-12-31,13,文,Rule-generated Stage7 member for 合成王氏.,False
1090239,7007,王伟世,male,1655-01-01,1735-12-31,13,文,Rule-generated Stage7 member for 合成王氏.,False
1090240,7007,王文慧,female,1652-01-01,1726-12-31,13,文,Rule-generated Stage7 member for 合成王氏.,False
1090241,7007,王文伟,male,1653-01-01,1707-12-31,13,文,Rule-generated Stage7 member for 合成王氏.,False
1090242,7007,王文梅,female,1652-01-01,1713-12-31,13,文,Rule-generated Stage7 member for 合成王氏.,False
1090243,7007,王文世,male,1652-01-01,1709-12-31,13,文,Rule-generated Stage7 member for 合成王氏.,False
1090244,7007,王兰玉,female,1654-01-01,1707-12-31,13,文,Rule-generated Stage7 member for 合成王氏.,False
1090245,7007,王文成,male,1654-01-01,1703-12-31,13,文,Rule-generated Stage7 member for 合成王氏.,False
1090246,7007,王文丽,female,1655-01-01,1726-12-31,13,文,Rule-generated Stage7 member for 合成王氏.,False
1090247,7007,王文强,male,1657-01-01,1697-12-31,13,文,Rule-generated Stage7 member for 合成王氏.,False
1090248,7007,王文慧,female,1657-01-01,1706-12-31,13,文,Rule-generated Stage7 member for 合成王氏.,False
1090249,7007,王文文,male,1652-01-01,1700-12-31,13,文,Rule-generated Stage7 member for 合成王氏.,False
1090250,7007,王梅慧,female,1654-01-01,1683-12-31,13,文,Rule-generated Stage7 member for 合成王氏.,False
1090251,7007,王明,male,1653-01-01,1702-12-31,13,文,Rule-generated Stage7 member for 合成王氏.,False
1090252,7007,王文梅,female,1652-01-01,1722-12-31,13,文,Rule-generated Stage7 member for 合成王氏.,False
1090253,7007,王文伟,male,1652-01-01,1724-12-31,13,文,Rule-generated Stage7 member for 合成王氏.,False
1090254,7007,王文华,female,1657-01-01,1696-12-31,13,文,Rule-generated Stage7 member for 合成王氏.,False
1090255,7007,王伟,male,1655-01-01,1740-12-31,13,文,Rule-generated Stage7 member for 合成王氏.,False
1090256,7007,王文敏,female,1654-01-01,1696-12-31,13,文,Rule-generated Stage7 member for 合成王氏.,False
1090257,7007,王景承,male,1653-01-01,1737-12-31,13,文,Rule-generated Stage7 member for 合成王氏.,False
1090258,7007,王文芳,female,1655-01-01,1745-12-31,13,文,Rule-generated Stage7 member for 合成王氏.,False
1090259,7007,王文伟,male,1656-01-01,1721-12-31,13,文,Rule-generated Stage7 member for 合成王氏.,False
1090260,7007,王文清,female,1657-01-01,1711-12-31,13,文,Rule-generated Stage7 member for 合成王氏.,False
1090261,7007,王伟文,male,1655-01-01,1728-12-31,13,文,Rule-generated Stage7 member for 合成王氏.,False
1090262,7007,王梅梅,female,1651-01-01,1728-12-31,13,文,Rule-generated Stage7 member for 合成王氏.,False
1090263,7007,王文明,male,1656-01-01,1723-12-31,13,文,Rule-generated Stage7 member for 合成王氏.,False
1090264,7007,王文芳,female,1651-01-01,1715-12-31,13,文,Rule-generated Stage7 member for 合成王氏.,False
1090265,7007,王文强,male,1651-01-01,1724-12-31,13,文,Rule-generated Stage7 member for 合成王氏.,False
1090266,7007,王文宁,female,1651-01-01,1711-12-31,13,文,Rule-generated Stage7 member for 合成王氏.,False
1090267,7007,王文强,male,1654-01-01,1707-12-31,13,文,Rule-generated Stage7 member for 合成王氏.,False
1090268,7007,王芳丽,female,1657-01-01,1743-12-31,13,文,Rule-generated Stage7 member for 合成王氏.,False
1090269,7007,王德安,male,1657-01-01,1723-12-31,13,文,Rule-generated Stage7 member for 合成王氏.,False
1090270,7007,王文宁,female,1652-01-01,1728-12-31,13,文,Rule-generated Stage7 member for 合成王氏.,False
1090271,7007,王强,male,1656-01-01,1694-12-31,13,文,Rule-generated Stage7 member for 合成王氏.,False
1090272,7007,王文芳,female,1653-01-01,1720-12-31,13,文,Rule-generated Stage7 member for 合成王氏.,False
1090273,7007,王国明,male,1651-01-01,1719-12-31,13,文,Rule-generated Stage7 member for 合成王氏.,False
1090274,7007,王文安,female,1653-01-01,1714-12-31,13,文,Rule-generated Stage7 member for 合成王氏.,False
1090275,7007,王明,male,1655-01-01,1679-12-31,13,文,Rule-generated Stage7 member for 合成王氏.,False
1090276,7007,王文宁,female,1657-01-01,1725-12-31,13,文,Rule-generated Stage7 member for 合成王氏.,False
1090277,7007,王文国,male,1654-01-01,1729-12-31,13,文,Rule-generated Stage7 member for 合成王氏.,False
1090278,7007,王宁梅,female,1652-01-01,1695-12-31,13,文,Rule-generated Stage7 member for 合成王氏.,False
1090279,7007,王文成,male,1651-01-01,1712-12-31,13,文,Rule-generated Stage7 member for 合成王氏.,False
1090280,7007,王芳雅,female,1654-01-01,1697-12-31,13,文,Rule-generated Stage7 member for 合成王氏.,False
1090281,7007,王华,male,1654-01-01,1708-12-31,13,文,Rule-generated Stage7 member for 合成王氏.,False
1090282,7007,王伟,female,1657-01-01,1711-12-31,13,文,Rule-generated Stage7 member for 合成王氏.,False
1090283,7007,王文国,male,1655-01-01,1713-12-31,13,文,Rule-generated Stage7 member for 合成王氏.,False
1090284,7007,王芳玉,female,1651-01-01,1714-12-31,13,文,Rule-generated Stage7 member for 合成王氏.,False
1090285,7007,王承安,male,1654-01-01,1723-12-31,13,文,Rule-generated Stage7 member for 合成王氏.,False
1090286,7007,王伟,female,1654-01-01,1727-12-31,13,文,Rule-generated Stage7 member for 合成王氏.,False
1090287,7007,王文承,male,1655-01-01,1716-12-31,13,文,Rule-generated Stage7 member for 合成王氏.,False
1090288,7007,王文丽,female,1653-01-01,1722-12-31,13,文,Rule-generated Stage7 member for 合成王氏.,False
1090289,7007,王文国,male,1651-01-01,1702-12-31,13,文,Rule-generated Stage7 member for 合成王氏.,False
1090290,7007,王宁安,female,1652-01-01,1732-12-31,13,文,Rule-generated Stage7 member for 合成王氏.,False
1090291,7007,王文安,male,1656-01-01,1715-12-31,13,文,Rule-generated Stage7 member for 合成王氏.,False
1090292,7007,王宁兰,female,1653-01-01,1714-12-31,13,文,Rule-generated Stage7 member for 合成王氏.,False
1090293,7007,王文安,male,1655-01-01,1719-12-31,13,文,Rule-generated Stage7 member for 合成王氏.,False
1090294,7007,王文丽,female,1655-01-01,1728-12-31,13,文,Rule-generated Stage7 member for 合成王氏.,False
1090295,7007,王文文,male,1656-01-01,1714-12-31,13,文,Rule-generated Stage7 member for 合成王氏.,False
1090296,7007,王文丽,female,1652-01-01,1730-12-31,13,文,Rule-generated Stage7 member for 合成王氏.,False
1090297,7007,王丽,male,1657-01-01,1724-12-31,13,文,Rule-generated Stage7 member for 合成王氏.,False
1090298,7007,王文芳,female,1652-01-01,1710-12-31,13,文,Rule-generated Stage7 member for 合成王氏.,False
1090299,7007,王文德,male,1657-01-01,1700-12-31,13,文,Rule-generated Stage7 member for 合成王氏.,False
1090300,7007,王宁丽,female,1656-01-01,1755-12-31,13,文,Rule-generated Stage7 member for 合成王氏.,False
1090301,7007,王安国,male,1655-01-01,1688-12-31,13,文,Rule-generated Stage7 member for 合成王氏.,False
1090302,7007,王芳宁,female,1651-01-01,1728-12-31,13,文,Rule-generated Stage7 member for 合成王氏.,False
1090303,7007,王文成,male,1656-01-01,1722-12-31,13,文,Rule-generated Stage7 member for 合成王氏.,False
1090304,7007,王文芳,female,1653-01-01,1756-12-31,13,文,Rule-generated Stage7 member for 合成王氏.,False
1090305,7007,王文伟,male,1655-01-01,1728-12-31,13,文,Rule-generated Stage7 member for 合成王氏.,False
1090306,7007,王文敏,female,1651-01-01,1730-12-31,13,文,Rule-generated Stage7 member for 合成王氏.,False
1090307,7007,王文明,male,1656-01-01,1734-12-31,13,文,Rule-generated Stage7 member for 合成王氏.,False
1090308,7007,王慧安,female,1654-01-01,1715-12-31,13,文,Rule-generated Stage7 member for 合成王氏.,False
1090309,7007,王文明,male,1657-01-01,1739-12-31,13,文,Rule-generated Stage7 member for 合成王氏.,False
1090310,7007,王慧慧,female,1657-01-01,1689-12-31,13,文,Rule-generated Stage7 member for 合成王氏.,False
1090311,7007,王文宗,male,1652-01-01,1696-12-31,13,文,Rule-generated Stage7 member for 合成王氏.,False
1090312,7007,王文安,female,1651-01-01,1720-12-31,13,文,Rule-generated Stage7 member for 合成王氏.,False
1090313,7007,王文世,male,1656-01-01,1736-12-31,13,文,Rule-generated Stage7 member for 合成王氏.,False
1090314,7007,王宁芳,female,1655-01-01,1683-12-31,13,文,Rule-generated Stage7 member for 合成王氏.,False
1090315,7007,王文世,male,1654-01-01,1730-12-31,13,文,Rule-generated Stage7 member for 合成王氏.,False
1090316,7007,王华,female,1655-01-01,1709-12-31,13,文,Rule-generated Stage7 member for 合成王氏.,False
1090317,7007,王文德,male,1657-01-01,1710-12-31,13,文,Rule-generated Stage7 member for 合成王氏.,False
1090318,7007,王文敏,female,1651-01-01,1723-12-31,13,文,Rule-generated Stage7 member for 合成王氏.,False
1090319,7007,王文世,male,1656-01-01,1745-12-31,13,文,Rule-generated Stage7 member for 合成王氏.,False
1090320,7007,王文清,female,1655-01-01,1721-12-31,13,文,Rule-generated Stage7 member for 合成王氏.,False
1090321,7007,王文强,male,1657-01-01,1754-12-31,13,文,Rule-generated Stage7 member for 合成王氏.,False
1090322,7007,王文玉,female,1653-01-01,1718-12-31,13,文,Rule-generated Stage7 member for 合成王氏.,False
1090323,7007,王宗德,male,1676-01-01,1712-12-31,14,武,Rule-generated Stage7 member for 合成王氏.,False
1090324,7007,王武兰,female,1674-01-01,1725-12-31,14,武,Rule-generated Stage7 member for 合成王氏.,False
1090325,7007,王明世,male,1678-01-01,1765-12-31,14,武,Rule-generated Stage7 member for 合成王氏.,False
1090326,7007,王武慧,female,1672-01-01,1764-12-31,14,武,Rule-generated Stage7 member for 合成王氏.,False
1090327,7007,王武强,male,1677-01-01,1734-12-31,14,武,Rule-generated Stage7 member for 合成王氏.,False
1090328,7007,王伟,female,1674-01-01,1743-12-31,14,武,Rule-generated Stage7 member for 合成王氏.,False
1090329,7007,王武文,male,1674-01-01,1742-12-31,14,武,Rule-generated Stage7 member for 合成王氏.,False
1090330,7007,王武兰,female,1675-01-01,1734-12-31,14,武,Rule-generated Stage7 member for 合成王氏.,False
1090331,7007,王景国,male,1675-01-01,1752-12-31,14,武,Rule-generated Stage7 member for 合成王氏.,False
1090332,7007,王华丽,female,1678-01-01,1744-12-31,14,武,Rule-generated Stage7 member for 合成王氏.,False
1090333,7007,王武伟,male,1675-01-01,1748-12-31,14,武,Rule-generated Stage7 member for 合成王氏.,False
1090334,7007,王武兰,female,1676-01-01,1742-12-31,14,武,Rule-generated Stage7 member for 合成王氏.,False
1090335,7007,王成明,male,1678-01-01,1762-12-31,14,武,Rule-generated Stage7 member for 合成王氏.,False
1090336,7007,王丽玉,female,1676-01-01,1752-12-31,14,武,Rule-generated Stage7 member for 合成王氏.,False
1090337,7007,王武世,male,1678-01-01,1771-12-31,14,武,Rule-generated Stage7 member for 合成王氏.,False
1090338,7007,王清玉,female,1676-01-01,1741-12-31,14,武,Rule-generated Stage7 member for 合成王氏.,False
1090339,7007,王武德,male,1675-01-01,1713-12-31,14,武,Rule-generated Stage7 member for 合成王氏.,False
1090340,7007,王武清,female,1677-01-01,1737-12-31,14,武,Rule-generated Stage7 member for 合成王氏.,False
1090341,7007,王宗景,male,1672-01-01,1737-12-31,14,武,Rule-generated Stage7 member for 合成王氏.,False
1090342,7007,王伟,female,1676-01-01,1732-12-31,14,武,Rule-generated Stage7 member for 合成王氏.,False
1090343,7007,王武世,male,1673-01-01,1727-12-31,14,武,Rule-generated Stage7 member for 合成王氏.,False
1090344,7007,王宁玉,female,1672-01-01,1719-12-31,14,武,Rule-generated Stage7 member for 合成王氏.,False
1090345,7007,王伟,male,1676-01-01,1707-12-31,14,武,Rule-generated Stage7 member for 合成王氏.,False
1090346,7007,王武兰,female,1676-01-01,1728-12-31,14,武,Rule-generated Stage7 member for 合成王氏.,False
1090347,7007,王明安,male,1676-01-01,1715-12-31,14,武,Rule-generated Stage7 member for 合成王氏.,False
1090348,7007,王武华,female,1673-01-01,1756-12-31,14,武,Rule-generated Stage7 member for 合成王氏.,False
1090349,7007,王文伟,male,1674-01-01,1777-12-31,14,武,Rule-generated Stage7 member for 合成王氏.,False
1090350,7007,王华玉,female,1677-01-01,1732-12-31,14,武,Rule-generated Stage7 member for 合成王氏.,False
1090351,7007,王明强,male,1677-01-01,1735-12-31,14,武,Rule-generated Stage7 member for 合成王氏.,False
1090352,7007,王丽华,female,1673-01-01,1732-12-31,14,武,Rule-generated Stage7 member for 合成王氏.,False
1090353,7007,王武景,male,1677-01-01,1766-12-31,14,武,Rule-generated Stage7 member for 合成王氏.,False
1090354,7007,王武宁,female,1675-01-01,1751-12-31,14,武,Rule-generated Stage7 member for 合成王氏.,False
1090355,7007,王武景,male,1676-01-01,1777-12-31,14,武,Rule-generated Stage7 member for 合成王氏.,False
1090356,7007,王武宁,female,1676-01-01,1772-12-31,14,武,Rule-generated Stage7 member for 合成王氏.,False
1090357,7007,王武成,male,1674-01-01,1738-12-31,14,武,Rule-generated Stage7 member for 合成王氏.,False
1090358,7007,王武宁,female,1676-01-01,1769-12-31,14,武,Rule-generated Stage7 member for 合成王氏.,False
1090359,7007,王世伟,male,1674-01-01,1738-12-31,14,武,Rule-generated Stage7 member for 合成王氏.,False
1090360,7007,王武安,female,1674-01-01,1717-12-31,14,武,Rule-generated Stage7 member for 合成王氏.,False
1090361,7007,王武安,male,1674-01-01,1740-12-31,14,武,Rule-generated Stage7 member for 合成王氏.,False
1090362,7007,王武宁,female,1677-01-01,1715-12-31,14,武,Rule-generated Stage7 member for 合成王氏.,False
1090363,7007,王明强,male,1672-01-01,1711-12-31,14,武,Rule-generated Stage7 member for 合成王氏.,False
1090364,7007,王芳宁,female,1672-01-01,1768-12-31,14,武,Rule-generated Stage7 member for 合成王氏.,False
1090365,7007,王安宗,male,1673-01-01,1756-12-31,14,武,Rule-generated Stage7 member for 合成王氏.,False
1090366,7007,王安敏,female,1678-01-01,1716-12-31,14,武,Rule-generated Stage7 member for 合成王氏.,False
1090367,7007,王武文,male,1673-01-01,1727-12-31,14,武,Rule-generated Stage7 member for 合成王氏.,False
1090368,7007,王敏,female,1677-01-01,1737-12-31,14,武,Rule-generated Stage7 member for 合成王氏.,False
1090369,7007,王武安,male,1678-01-01,1729-12-31,14,武,Rule-generated Stage7 member for 合成王氏.,False
1090370,7007,王武芳,female,1676-01-01,1733-12-31,14,武,Rule-generated Stage7 member for 合成王氏.,False
1090371,7007,王武宗,male,1673-01-01,1763-12-31,14,武,Rule-generated Stage7 member for 合成王氏.,False
1090372,7007,王武兰,female,1677-01-01,1734-12-31,14,武,Rule-generated Stage7 member for 合成王氏.,False
1090373,7007,王国国,male,1672-01-01,1716-12-31,14,武,Rule-generated Stage7 member for 合成王氏.,False
1090374,7007,王雅宁,female,1674-01-01,1766-12-31,14,武,Rule-generated Stage7 member for 合成王氏.,False
1090375,7007,王丽,male,1675-01-01,1718-12-31,14,武,Rule-generated Stage7 member for 合成王氏.,False
1090376,7007,王兰兰,female,1677-01-01,1761-12-31,14,武,Rule-generated Stage7 member for 合成王氏.,False
1090377,7007,王国承,male,1675-01-01,1714-12-31,14,武,Rule-generated Stage7 member for 合成王氏.,False
1090378,7007,王强,female,1676-01-01,1743-12-31,14,武,Rule-generated Stage7 member for 合成王氏.,False
1090379,7007,王武伟,male,1673-01-01,1712-12-31,14,武,Rule-generated Stage7 member for 合成王氏.,False
1090380,7007,王武兰,female,1673-01-01,1733-12-31,14,武,Rule-generated Stage7 member for 合成王氏.,False
1090381,7007,王武安,male,1676-01-01,1743-12-31,14,武,Rule-generated Stage7 member for 合成王氏.,False
1090382,7007,王梅玉,female,1676-01-01,1741-12-31,14,武,Rule-generated Stage7 member for 合成王氏.,False
1090383,7007,王武宗,male,1675-01-01,1755-12-31,14,武,Rule-generated Stage7 member for 合成王氏.,False
1090384,7007,王武宁,female,1672-01-01,1733-12-31,14,武,Rule-generated Stage7 member for 合成王氏.,False
1090385,7007,王武强,male,1673-01-01,1737-12-31,14,武,Rule-generated Stage7 member for 合成王氏.,False
1090386,7007,王武兰,female,1677-01-01,1766-12-31,14,武,Rule-generated Stage7 member for 合成王氏.,False
1090387,7007,王武伟,male,1677-01-01,1761-12-31,14,武,Rule-generated Stage7 member for 合成王氏.,False
1090388,7007,王武慧,female,1672-01-01,1743-12-31,14,武,Rule-generated Stage7 member for 合成王氏.,False
1090389,7007,王明文,male,1676-01-01,1761-12-31,14,武,Rule-generated Stage7 member for 合成王氏.,False
1090390,7007,王武玉,female,1675-01-01,1767-12-31,14,武,Rule-generated Stage7 member for 合成王氏.,False
1090391,7007,王世承,male,1675-01-01,1733-12-31,14,武,Rule-generated Stage7 member for 合成王氏.,False
1090392,7007,王敏,female,1677-01-01,1760-12-31,14,武,Rule-generated Stage7 member for 合成王氏.,False
1090393,7007,王武德,male,1672-01-01,1724-12-31,14,武,Rule-generated Stage7 member for 合成王氏.,False
1090394,7007,王丽,female,1674-01-01,1749-12-31,14,武,Rule-generated Stage7 member for 合成王氏.,False
1090395,7007,王武文,male,1674-01-01,1734-12-31,14,武,Rule-generated Stage7 member for 合成王氏.,False
1090396,7007,王明,female,1674-01-01,1736-12-31,14,武,Rule-generated Stage7 member for 合成王氏.,False
1090397,7007,王武国,male,1673-01-01,1696-12-31,14,武,Rule-generated Stage7 member for 合成王氏.,False
1090398,7007,王武宁,female,1676-01-01,1761-12-31,14,武,Rule-generated Stage7 member for 合成王氏.,False
1090399,7007,王武成,male,1676-01-01,1761-12-31,14,武,Rule-generated Stage7 member for 合成王氏.,False
1090400,7007,王武丽,female,1672-01-01,1760-12-31,14,武,Rule-generated Stage7 member for 合成王氏.,False
1090401,7007,王武伟,male,1674-01-01,1738-12-31,14,武,Rule-generated Stage7 member for 合成王氏.,False
1090402,7007,王武丽,female,1672-01-01,1738-12-31,14,武,Rule-generated Stage7 member for 合成王氏.,False
1090403,7007,王武国,male,1678-01-01,1756-12-31,14,武,Rule-generated Stage7 member for 合成王氏.,False
1090404,7007,王雅玉,female,1675-01-01,1742-12-31,14,武,Rule-generated Stage7 member for 合成王氏.,False
1090405,7007,王宗文,male,1672-01-01,1725-12-31,14,武,Rule-generated Stage7 member for 合成王氏.,False
1090406,7007,王武雅,female,1678-01-01,1728-12-31,14,武,Rule-generated Stage7 member for 合成王氏.,False
1090407,7007,王景明,male,1676-01-01,1752-12-31,14,武,Rule-generated Stage7 member for 合成王氏.,False
1090408,7007,王明,female,1675-01-01,1747-12-31,14,武,Rule-generated Stage7 member for 合成王氏.,False
1090409,7007,王武德,male,1676-01-01,1748-12-31,14,武,Rule-generated Stage7 member for 合成王氏.,False
1090410,7007,王雅敏,female,1674-01-01,1732-12-31,14,武,Rule-generated Stage7 member for 合成王氏.,False
1090411,7007,王武成,male,1673-01-01,1730-12-31,14,武,Rule-generated Stage7 member for 合成王氏.,False
1090412,7007,王敏,female,1673-01-01,1739-12-31,14,武,Rule-generated Stage7 member for 合成王氏.,False
1090413,7007,王文明,male,1675-01-01,1763-12-31,14,武,Rule-generated Stage7 member for 合成王氏.,False
1090414,7007,王武华,female,1677-01-01,1755-12-31,14,武,Rule-generated Stage7 member for 合成王氏.,False
1090415,7007,王武成,male,1678-01-01,1724-12-31,14,武,Rule-generated Stage7 member for 合成王氏.,False
1090416,7007,王武慧,female,1672-01-01,1756-12-31,14,武,Rule-generated Stage7 member for 合成王氏.,False
1090417,7007,王敏,male,1678-01-01,1734-12-31,14,武,Rule-generated Stage7 member for 合成王氏.,False
1090418,7007,王武玉,female,1672-01-01,1721-12-31,14,武,Rule-generated Stage7 member for 合成王氏.,False
1090419,7007,王国明,male,1677-01-01,1761-12-31,14,武,Rule-generated Stage7 member for 合成王氏.,False
1090420,7007,王武芳,female,1673-01-01,1723-12-31,14,武,Rule-generated Stage7 member for 合成王氏.,False
1090421,7007,王安成,male,1677-01-01,1748-12-31,14,武,Rule-generated Stage7 member for 合成王氏.,False
1090422,7007,王武芳,female,1673-01-01,1757-12-31,14,武,Rule-generated Stage7 member for 合成王氏.,False
1090423,7007,王文明,male,1675-01-01,1718-12-31,14,武,Rule-generated Stage7 member for 合成王氏.,False
1090424,7007,王丽安,female,1672-01-01,1765-12-31,14,武,Rule-generated Stage7 member for 合成王氏.,False
1090425,7007,王武世,male,1672-01-01,1761-12-31,14,武,Rule-generated Stage7 member for 合成王氏.,False
1090426,7007,王武安,female,1676-01-01,1729-12-31,14,武,Rule-generated Stage7 member for 合成王氏.,False
1090427,7007,王武国,male,1673-01-01,1747-12-31,14,武,Rule-generated Stage7 member for 合成王氏.,False
1090428,7007,王武梅,female,1672-01-01,1749-12-31,14,武,Rule-generated Stage7 member for 合成王氏.,False
1090429,7007,王武强,male,1673-01-01,1718-12-31,14,武,Rule-generated Stage7 member for 合成王氏.,False
1090430,7007,王武安,female,1672-01-01,1753-12-31,14,武,Rule-generated Stage7 member for 合成王氏.,False
1090431,7007,王明明,male,1677-01-01,1753-12-31,14,武,Rule-generated Stage7 member for 合成王氏.,False
1090432,7007,王武玉,female,1678-01-01,1713-12-31,14,武,Rule-generated Stage7 member for 合成王氏.,False
1090433,7007,王武世,male,1673-01-01,1696-12-31,14,武,Rule-generated Stage7 member for 合成王氏.,False
1090434,7007,王兰芳,female,1673-01-01,1744-12-31,14,武,Rule-generated Stage7 member for 合成王氏.,False
1090435,7007,王德景,male,1675-01-01,1753-12-31,14,武,Rule-generated Stage7 member for 合成王氏.,False
1090436,7007,王武清,female,1673-01-01,1776-12-31,14,武,Rule-generated Stage7 member for 合成王氏.,False
1090437,7007,王明世,male,1677-01-01,1767-12-31,14,武,Rule-generated Stage7 member for 合成王氏.,False
1090438,7007,王武丽,female,1676-01-01,1755-12-31,14,武,Rule-generated Stage7 member for 合成王氏.,False
1090439,7007,王武承,male,1672-01-01,1759-12-31,14,武,Rule-generated Stage7 member for 合成王氏.,False
1090440,7007,王武芳,female,1676-01-01,1739-12-31,14,武,Rule-generated Stage7 member for 合成王氏.,False
1090441,7007,王武伟,male,1672-01-01,1709-12-31,14,武,Rule-generated Stage7 member for 合成王氏.,False
1090442,7007,王武敏,female,1675-01-01,1726-12-31,14,武,Rule-generated Stage7 member for 合成王氏.,False
1090443,7007,王伟,male,1676-01-01,1763-12-31,14,武,Rule-generated Stage7 member for 合成王氏.,False
1090444,7007,王武玉,female,1675-01-01,1752-12-31,14,武,Rule-generated Stage7 member for 合成王氏.,False
1090445,7007,王世国,male,1674-01-01,1748-12-31,14,武,Rule-generated Stage7 member for 合成王氏.,False
1090446,7007,王武敏,female,1674-01-01,1749-12-31,14,武,Rule-generated Stage7 member for 合成王氏.,False
1090447,7007,王景国,male,1675-01-01,1768-12-31,14,武,Rule-generated Stage7 member for 合成王氏.,False
1090448,7007,王丽,female,1672-01-01,1712-12-31,14,武,Rule-generated Stage7 member for 合成王氏.,False
1090449,7007,王国宗,male,1673-01-01,1752-12-31,14,武,Rule-generated Stage7 member for 合成王氏.,False
1090450,7007,王华,female,1673-01-01,1763-12-31,14,武,Rule-generated Stage7 member for 合成王氏.,False
1090451,7007,王武文,male,1675-01-01,1727-12-31,14,武,Rule-generated Stage7 member for 合成王氏.,False
1090452,7007,王武清,female,1674-01-01,1765-12-31,14,武,Rule-generated Stage7 member for 合成王氏.,False
1090453,7007,王敏,male,1676-01-01,1770-12-31,14,武,Rule-generated Stage7 member for 合成王氏.,False
1090454,7007,王武丽,female,1673-01-01,1694-12-31,14,武,Rule-generated Stage7 member for 合成王氏.,False
1090455,7007,王武文,male,1677-01-01,1732-12-31,14,武,Rule-generated Stage7 member for 合成王氏.,False
1090456,7007,王武兰,female,1676-01-01,1732-12-31,14,武,Rule-generated Stage7 member for 合成王氏.,False
1090457,7007,王武伟,male,1674-01-01,1757-12-31,14,武,Rule-generated Stage7 member for 合成王氏.,False
1090458,7007,王雅雅,female,1676-01-01,1748-12-31,14,武,Rule-generated Stage7 member for 合成王氏.,False
1090459,7007,王国宗,male,1674-01-01,1724-12-31,14,武,Rule-generated Stage7 member for 合成王氏.,False
1090460,7007,王芳玉,female,1678-01-01,1753-12-31,14,武,Rule-generated Stage7 member for 合成王氏.,False
1090461,7007,王武明,male,1673-01-01,1743-12-31,14,武,Rule-generated Stage7 member for 合成王氏.,False
1090462,7007,王武兰,female,1674-01-01,1735-12-31,14,武,Rule-generated Stage7 member for 合成王氏.,False
1090463,7007,王安世,male,1676-01-01,1731-12-31,14,武,Rule-generated Stage7 member for 合成王氏.,False
1090464,7007,王武丽,female,1672-01-01,1738-12-31,14,武,Rule-generated Stage7 member for 合成王氏.,False
1090465,7007,王武成,male,1676-01-01,1772-12-31,14,武,Rule-generated Stage7 member for 合成王氏.,False
1090466,7007,王武兰,female,1672-01-01,1715-12-31,14,武,Rule-generated Stage7 member for 合成王氏.,False
1090467,7007,王世承,male,1676-01-01,1719-12-31,14,武,Rule-generated Stage7 member for 合成王氏.,False
1090468,7007,王武慧,female,1678-01-01,1720-12-31,14,武,Rule-generated Stage7 member for 合成王氏.,False
1090469,7007,王武强,male,1673-01-01,1715-12-31,14,武,Rule-generated Stage7 member for 合成王氏.,False
1090470,7007,王武芳,female,1677-01-01,1745-12-31,14,武,Rule-generated Stage7 member for 合成王氏.,False
1090471,7007,王强,male,1674-01-01,1747-12-31,14,武,Rule-generated Stage7 member for 合成王氏.,False
1090472,7007,王强,female,1677-01-01,1744-12-31,14,武,Rule-generated Stage7 member for 合成王氏.,False
1090473,7007,王宗伟,male,1672-01-01,1734-12-31,14,武,Rule-generated Stage7 member for 合成王氏.,False
1090474,7007,王武慧,female,1677-01-01,1728-12-31,14,武,Rule-generated Stage7 member for 合成王氏.,False
1090475,7007,王武宗,male,1675-01-01,1751-12-31,14,武,Rule-generated Stage7 member for 合成王氏.,False
1090476,7007,王宁兰,female,1677-01-01,1707-12-31,14,武,Rule-generated Stage7 member for 合成王氏.,False
1090477,7007,王强,male,1672-01-01,1744-12-31,14,武,Rule-generated Stage7 member for 合成王氏.,False
1090478,7007,王敏慧,female,1678-01-01,1786-12-31,14,武,Rule-generated Stage7 member for 合成王氏.,False
1090479,7007,王武德,male,1675-01-01,1766-12-31,14,武,Rule-generated Stage7 member for 合成王氏.,False
1090480,7007,王武清,female,1674-01-01,1752-12-31,14,武,Rule-generated Stage7 member for 合成王氏.,False
1090481,7007,王武文,male,1672-01-01,1771-12-31,14,武,Rule-generated Stage7 member for 合成王氏.,False
1090482,7007,王武雅,female,1673-01-01,1719-12-31,14,武,Rule-generated Stage7 member for 合成王氏.,False
1090483,7007,王强,male,1674-01-01,1734-12-31,14,武,Rule-generated Stage7 member for 合成王氏.,False
1090484,7007,王敏,female,1677-01-01,1725-12-31,14,武,Rule-generated Stage7 member for 合成王氏.,False
1090485,7007,王武承,male,1676-01-01,1736-12-31,14,武,Rule-generated Stage7 member for 合成王氏.,False
1090486,7007,王武宁,female,1672-01-01,1730-12-31,14,武,Rule-generated Stage7 member for 合成王氏.,False
1090487,7007,王武成,male,1677-01-01,1756-12-31,14,武,Rule-generated Stage7 member for 合成王氏.,False
1090488,7007,王武芳,female,1672-01-01,1753-12-31,14,武,Rule-generated Stage7 member for 合成王氏.,False
1090489,7007,王武国,male,1675-01-01,1754-12-31,14,武,Rule-generated Stage7 member for 合成王氏.,False
1090490,7007,王武芳,female,1675-01-01,1731-12-31,14,武,Rule-generated Stage7 member for 合成王氏.,False
1090491,7007,王武世,male,1677-01-01,1771-12-31,14,武,Rule-generated Stage7 member for 合成王氏.,False
1090492,7007,王宁兰,female,1672-01-01,1758-12-31,14,武,Rule-generated Stage7 member for 合成王氏.,False
1090493,7007,王强承,male,1675-01-01,1738-12-31,14,武,Rule-generated Stage7 member for 合成王氏.,False
1090494,7007,王华,female,1676-01-01,1759-12-31,14,武,Rule-generated Stage7 member for 合成王氏.,False
1090495,7007,王世宗,male,1676-01-01,1721-12-31,14,武,Rule-generated Stage7 member for 合成王氏.,False
1090496,7007,王武慧,female,1678-01-01,1770-12-31,14,武,Rule-generated Stage7 member for 合成王氏.,False
1090497,7007,王敏,male,1678-01-01,1766-12-31,14,武,Rule-generated Stage7 member for 合成王氏.,False
1090498,7007,王宁兰,female,1673-01-01,1734-12-31,14,武,Rule-generated Stage7 member for 合成王氏.,False
1090499,7007,王武世,male,1673-01-01,1734-12-31,14,武,Rule-generated Stage7 member for 合成王氏.,False
1090500,7007,王武梅,female,1678-01-01,1765-12-31,14,武,Rule-generated Stage7 member for 合成王氏.,False
1090501,7007,王武强,male,1677-01-01,1746-12-31,14,武,Rule-generated Stage7 member for 合成王氏.,False
1090502,7007,王敏芳,female,1672-01-01,1722-12-31,14,武,Rule-generated Stage7 member for 合成王氏.,False
1090503,7007,王安国,male,1677-01-01,1773-12-31,14,武,Rule-generated Stage7 member for 合成王氏.,False
1090504,7007,王武慧,female,1672-01-01,1747-12-31,14,武,Rule-generated Stage7 member for 合成王氏.,False
1090505,7007,王武伟,male,1675-01-01,1729-12-31,14,武,Rule-generated Stage7 member for 合成王氏.,False
1090506,7007,王武梅,female,1678-01-01,1723-12-31,14,武,Rule-generated Stage7 member for 合成王氏.,False
1090507,7007,王武世,male,1673-01-01,1737-12-31,14,武,Rule-generated Stage7 member for 合成王氏.,False
1090508,7007,王武丽,female,1675-01-01,1756-12-31,14,武,Rule-generated Stage7 member for 合成王氏.,False
1090509,7007,王敏,male,1678-01-01,1753-12-31,14,武,Rule-generated Stage7 member for 合成王氏.,False
1090510,7007,王清丽,female,1675-01-01,1733-12-31,14,武,Rule-generated Stage7 member for 合成王氏.,False
1090511,7007,王武成,male,1678-01-01,1700-12-31,14,武,Rule-generated Stage7 member for 合成王氏.,False
1090512,7007,王武宁,female,1673-01-01,1726-12-31,14,武,Rule-generated Stage7 member for 合成王氏.,False
1090513,7007,王华,male,1677-01-01,1745-12-31,14,武,Rule-generated Stage7 member for 合成王氏.,False
1090514,7007,王武芳,female,1674-01-01,1725-12-31,14,武,Rule-generated Stage7 member for 合成王氏.,False
1090515,7007,王武安,male,1676-01-01,1747-12-31,14,武,Rule-generated Stage7 member for 合成王氏.,False
1090516,7007,王敏华,female,1678-01-01,1714-12-31,14,武,Rule-generated Stage7 member for 合成王氏.,False
1090517,7007,王明明,male,1675-01-01,1742-12-31,14,武,Rule-generated Stage7 member for 合成王氏.,False
1090518,7007,王雅梅,female,1677-01-01,1762-12-31,14,武,Rule-generated Stage7 member for 合成王氏.,False
1090519,7007,王武景,male,1675-01-01,1769-12-31,14,武,Rule-generated Stage7 member for 合成王氏.,False
1090520,7007,王武安,female,1674-01-01,1742-12-31,14,武,Rule-generated Stage7 member for 合成王氏.,False
1090521,7007,王伟,male,1674-01-01,1721-12-31,14,武,Rule-generated Stage7 member for 合成王氏.,False
1090522,7007,王伟,female,1676-01-01,1740-12-31,14,武,Rule-generated Stage7 member for 合成王氏.,False
1090523,7007,王文宗,male,1676-01-01,1743-12-31,14,武,Rule-generated Stage7 member for 合成王氏.,False
1090524,7007,王宁敏,female,1677-01-01,1767-12-31,14,武,Rule-generated Stage7 member for 合成王氏.,False
1090525,7007,王武国,male,1677-01-01,1755-12-31,14,武,Rule-generated Stage7 member for 合成王氏.,False
1090526,7007,王昌伟,male,1694-01-01,1780-12-31,15,昌,Rule-generated Stage7 member for 合成王氏.,False
1090527,7007,王兰雅,female,1697-01-01,1728-12-31,15,昌,Rule-generated Stage7 member for 合成王氏.,False
1090528,7007,王安伟,male,1699-01-01,1777-12-31,15,昌,Rule-generated Stage7 member for 合成王氏.,False
1090529,7007,王昌敏,female,1697-01-01,1783-12-31,15,昌,Rule-generated Stage7 member for 合成王氏.,False
1090530,7007,王华,male,1696-01-01,1796-12-31,15,昌,Rule-generated Stage7 member for 合成王氏.,False
1090531,7007,王昌慧,female,1693-01-01,1732-12-31,15,昌,Rule-generated Stage7 member for 合成王氏.,False
1090532,7007,王昌伟,male,1698-01-01,1754-12-31,15,昌,Rule-generated Stage7 member for 合成王氏.,False
1090533,7007,王昌敏,female,1694-01-01,1795-12-31,15,昌,Rule-generated Stage7 member for 合成王氏.,False
1090534,7007,王昌明,male,1698-01-01,1793-12-31,15,昌,Rule-generated Stage7 member for 合成王氏.,False
1090535,7007,王清华,female,1699-01-01,1765-12-31,15,昌,Rule-generated Stage7 member for 合成王氏.,False
1090536,7007,王华,male,1699-01-01,1762-12-31,15,昌,Rule-generated Stage7 member for 合成王氏.,False
1090537,7007,王昌梅,female,1698-01-01,1753-12-31,15,昌,Rule-generated Stage7 member for 合成王氏.,False
1090538,7007,王昌世,male,1697-01-01,1758-12-31,15,昌,Rule-generated Stage7 member for 合成王氏.,False
1090539,7007,王宁宁,female,1697-01-01,1735-12-31,15,昌,Rule-generated Stage7 member for 合成王氏.,False
1090540,7007,王昌景,male,1694-01-01,1734-12-31,15,昌,Rule-generated Stage7 member for 合成王氏.,False
1090541,7007,王昌梅,female,1698-01-01,1719-12-31,15,昌,Rule-generated Stage7 member for 合成王氏.,False
1090542,7007,王华,male,1696-01-01,1747-12-31,15,昌,Rule-generated Stage7 member for 合成王氏.,False
1090543,7007,王玉丽,female,1695-01-01,1767-12-31,15,昌,Rule-generated Stage7 member for 合成王氏.,False
1090544,7007,王昌承,male,1699-01-01,1766-12-31,15,昌,Rule-generated Stage7 member for 合成王氏.,False
1090545,7007,王梅雅,female,1697-01-01,1791-12-31,15,昌,Rule-generated Stage7 member for 合成王氏.,False
1090546,7007,王成宗,male,1695-01-01,1740-12-31,15,昌,Rule-generated Stage7 member for 合成王氏.,False
1090547,7007,王昌芳,female,1693-01-01,1777-12-31,15,昌,Rule-generated Stage7 member for 合成王氏.,False
1090548,7007,王昌文,male,1693-01-01,1759-12-31,15,昌,Rule-generated Stage7 member for 合成王氏.,False
1090549,7007,王昌宁,female,1696-01-01,1756-12-31,15,昌,Rule-generated Stage7 member for 合成王氏.,False
1090550,7007,王昌承,male,1699-01-01,1797-12-31,15,昌,Rule-generated Stage7 member for 合成王氏.,False
1090551,7007,王昌华,female,1697-01-01,1762-12-31,15,昌,Rule-generated Stage7 member for 合成王氏.,False
1090552,7007,王昌成,male,1695-01-01,1740-12-31,15,昌,Rule-generated Stage7 member for 合成王氏.,False
1090553,7007,王昌玉,female,1696-01-01,1771-12-31,15,昌,Rule-generated Stage7 member for 合成王氏.,False
1090554,7007,王昌伟,male,1699-01-01,1729-12-31,15,昌,Rule-generated Stage7 member for 合成王氏.,False
1090555,7007,王昌丽,female,1699-01-01,1785-12-31,15,昌,Rule-generated Stage7 member for 合成王氏.,False
1090556,7007,王昌世,male,1696-01-01,1794-12-31,15,昌,Rule-generated Stage7 member for 合成王氏.,False
1090557,7007,王昌华,female,1694-01-01,1776-12-31,15,昌,Rule-generated Stage7 member for 合成王氏.,False
1090558,7007,王承成,male,1695-01-01,1772-12-31,15,昌,Rule-generated Stage7 member for 合成王氏.,False
1090559,7007,王芳丽,female,1697-01-01,1753-12-31,15,昌,Rule-generated Stage7 member for 合成王氏.,False
1090560,7007,王国明,male,1696-01-01,1789-12-31,15,昌,Rule-generated Stage7 member for 合成王氏.,False
1090561,7007,王华,female,1693-01-01,1753-12-31,15,昌,Rule-generated Stage7 member for 合成王氏.,False
1090562,7007,王昌文,male,1695-01-01,1742-12-31,15,昌,Rule-generated Stage7 member for 合成王氏.,False
1090563,7007,王清敏,female,1698-01-01,1743-12-31,15,昌,Rule-generated Stage7 member for 合成王氏.,False
1090564,7007,王强成,male,1699-01-01,1746-12-31,15,昌,Rule-generated Stage7 member for 合成王氏.,False
1090565,7007,王昌宁,female,1693-01-01,1758-12-31,15,昌,Rule-generated Stage7 member for 合成王氏.,False
1090566,7007,王昌文,male,1699-01-01,1759-12-31,15,昌,Rule-generated Stage7 member for 合成王氏.,False
1090567,7007,王昌梅,female,1696-01-01,1783-12-31,15,昌,Rule-generated Stage7 member for 合成王氏.,False
1090568,7007,王昌文,male,1696-01-01,1765-12-31,15,昌,Rule-generated Stage7 member for 合成王氏.,False
1090569,7007,王昌梅,female,1694-01-01,1734-12-31,15,昌,Rule-generated Stage7 member for 合成王氏.,False
1090570,7007,王成景,male,1698-01-01,1769-12-31,15,昌,Rule-generated Stage7 member for 合成王氏.,False
1090571,7007,王梅清,female,1695-01-01,1760-12-31,15,昌,Rule-generated Stage7 member for 合成王氏.,False
1090572,7007,王昌伟,male,1696-01-01,1759-12-31,15,昌,Rule-generated Stage7 member for 合成王氏.,False
1090573,7007,王昌华,female,1694-01-01,1766-12-31,15,昌,Rule-generated Stage7 member for 合成王氏.,False
1090574,7007,王昌安,male,1696-01-01,1779-12-31,15,昌,Rule-generated Stage7 member for 合成王氏.,False
1090575,7007,王昌安,female,1698-01-01,1752-12-31,15,昌,Rule-generated Stage7 member for 合成王氏.,False
1090576,7007,王国世,male,1696-01-01,1732-12-31,15,昌,Rule-generated Stage7 member for 合成王氏.,False
1090577,7007,王昌丽,female,1699-01-01,1775-12-31,15,昌,Rule-generated Stage7 member for 合成王氏.,False
1090578,7007,王昌国,male,1695-01-01,1796-12-31,15,昌,Rule-generated Stage7 member for 合成王氏.,False
1090579,7007,王昌敏,female,1694-01-01,1792-12-31,15,昌,Rule-generated Stage7 member for 合成王氏.,False
1090580,7007,王华,male,1693-01-01,1744-12-31,15,昌,Rule-generated Stage7 member for 合成王氏.,False
1090581,7007,王昌华,female,1693-01-01,1744-12-31,15,昌,Rule-generated Stage7 member for 合成王氏.,False
1090582,7007,王敏,male,1695-01-01,1776-12-31,15,昌,Rule-generated Stage7 member for 合成王氏.,False
1090583,7007,王昌芳,female,1698-01-01,1744-12-31,15,昌,Rule-generated Stage7 member for 合成王氏.,False
1090584,7007,王国成,male,1697-01-01,1735-12-31,15,昌,Rule-generated Stage7 member for 合成王氏.,False
1090585,7007,王昌慧,female,1693-01-01,1754-12-31,15,昌,Rule-generated Stage7 member for 合成王氏.,False
1090586,7007,王昌国,male,1695-01-01,1750-12-31,15,昌,Rule-generated Stage7 member for 合成王氏.,False
1090587,7007,王昌兰,female,1695-01-01,1743-12-31,15,昌,Rule-generated Stage7 member for 合成王氏.,False
1090588,7007,王昌宗,male,1696-01-01,1749-12-31,15,昌,Rule-generated Stage7 member for 合成王氏.,False
1090589,7007,王昌敏,female,1695-01-01,1771-12-31,15,昌,Rule-generated Stage7 member for 合成王氏.,False
1090590,7007,王华,male,1696-01-01,1792-12-31,15,昌,Rule-generated Stage7 member for 合成王氏.,False
1090591,7007,王昌玉,female,1695-01-01,1749-12-31,15,昌,Rule-generated Stage7 member for 合成王氏.,False
1090592,7007,王昌明,male,1697-01-01,1726-12-31,15,昌,Rule-generated Stage7 member for 合成王氏.,False
1090593,7007,王兰清,female,1693-01-01,1755-12-31,15,昌,Rule-generated Stage7 member for 合成王氏.,False
1090594,7007,王景强,male,1697-01-01,1756-12-31,15,昌,Rule-generated Stage7 member for 合成王氏.,False
1090595,7007,王昌敏,female,1696-01-01,1736-12-31,15,昌,Rule-generated Stage7 member for 合成王氏.,False
1090596,7007,王昌明,male,1693-01-01,1755-12-31,15,昌,Rule-generated Stage7 member for 合成王氏.,False
1090597,7007,王安清,female,1696-01-01,1743-12-31,15,昌,Rule-generated Stage7 member for 合成王氏.,False
1090598,7007,王昌德,male,1698-01-01,1756-12-31,15,昌,Rule-generated Stage7 member for 合成王氏.,False
1090599,7007,王明,female,1699-01-01,1741-12-31,15,昌,Rule-generated Stage7 member for 合成王氏.,False
1090600,7007,王德景,male,1695-01-01,1763-12-31,15,昌,Rule-generated Stage7 member for 合成王氏.,False
1090601,7007,王昌梅,female,1695-01-01,1757-12-31,15,昌,Rule-generated Stage7 member for 合成王氏.,False
1090602,7007,王强,male,1697-01-01,1743-12-31,15,昌,Rule-generated Stage7 member for 合成王氏.,False
1090603,7007,王昌安,female,1699-01-01,1782-12-31,15,昌,Rule-generated Stage7 member for 合成王氏.,False
1090604,7007,王昌世,male,1695-01-01,1781-12-31,15,昌,Rule-generated Stage7 member for 合成王氏.,False
1090605,7007,王昌宁,female,1695-01-01,1771-12-31,15,昌,Rule-generated Stage7 member for 合成王氏.,False
1090606,7007,王丽,male,1693-01-01,1775-12-31,15,昌,Rule-generated Stage7 member for 合成王氏.,False
1090607,7007,王丽,female,1693-01-01,1749-12-31,15,昌,Rule-generated Stage7 member for 合成王氏.,False
1090608,7007,王昌宗,male,1695-01-01,1772-12-31,15,昌,Rule-generated Stage7 member for 合成王氏.,False
1090609,7007,王敏,female,1698-01-01,1767-12-31,15,昌,Rule-generated Stage7 member for 合成王氏.,False
1090610,7007,王昌宗,male,1698-01-01,1739-12-31,15,昌,Rule-generated Stage7 member for 合成王氏.,False
1090611,7007,王昌雅,female,1699-01-01,1769-12-31,15,昌,Rule-generated Stage7 member for 合成王氏.,False
1090612,7007,王昌安,male,1698-01-01,1756-12-31,15,昌,Rule-generated Stage7 member for 合成王氏.,False
1090613,7007,王华安,female,1696-01-01,1766-12-31,15,昌,Rule-generated Stage7 member for 合成王氏.,False
1090614,7007,王敏,male,1696-01-01,1752-12-31,15,昌,Rule-generated Stage7 member for 合成王氏.,False
1090615,7007,王昌慧,female,1697-01-01,1779-12-31,15,昌,Rule-generated Stage7 member for 合成王氏.,False
1090616,7007,王昌宗,male,1693-01-01,1738-12-31,15,昌,Rule-generated Stage7 member for 合成王氏.,False
1090617,7007,王敏慧,female,1693-01-01,1745-12-31,15,昌,Rule-generated Stage7 member for 合成王氏.,False
1090618,7007,王昌世,male,1698-01-01,1779-12-31,15,昌,Rule-generated Stage7 member for 合成王氏.,False
1090619,7007,王昌安,female,1696-01-01,1788-12-31,15,昌,Rule-generated Stage7 member for 合成王氏.,False
1090620,7007,王昌安,male,1699-01-01,1783-12-31,15,昌,Rule-generated Stage7 member for 合成王氏.,False
1090621,7007,王华,female,1695-01-01,1775-12-31,15,昌,Rule-generated Stage7 member for 合成王氏.,False
1090622,7007,王昌世,male,1694-01-01,1752-12-31,15,昌,Rule-generated Stage7 member for 合成王氏.,False
1090623,7007,王昌芳,female,1697-01-01,1755-12-31,15,昌,Rule-generated Stage7 member for 合成王氏.,False
1090624,7007,王昌成,male,1693-01-01,1783-12-31,15,昌,Rule-generated Stage7 member for 合成王氏.,False
1090625,7007,王昌玉,female,1693-01-01,1767-12-31,15,昌,Rule-generated Stage7 member for 合成王氏.,False
1090626,7007,王伟,male,1693-01-01,1772-12-31,15,昌,Rule-generated Stage7 member for 合成王氏.,False
1090627,7007,王昌兰,female,1697-01-01,1736-12-31,15,昌,Rule-generated Stage7 member for 合成王氏.,False
1090628,7007,王宗明,male,1696-01-01,1766-12-31,15,昌,Rule-generated Stage7 member for 合成王氏.,False
1090629,7007,王昌芳,female,1693-01-01,1757-12-31,15,昌,Rule-generated Stage7 member for 合成王氏.,False
1090630,7007,王昌景,male,1697-01-01,1755-12-31,15,昌,Rule-generated Stage7 member for 合成王氏.,False
1090631,7007,王昌慧,female,1694-01-01,1751-12-31,15,昌,Rule-generated Stage7 member for 合成王氏.,False
1090632,7007,王明,male,1693-01-01,1778-12-31,15,昌,Rule-generated Stage7 member for 合成王氏.,False
1090633,7007,王昌兰,female,1698-01-01,1764-12-31,15,昌,Rule-generated Stage7 member for 合成王氏.,False
1090634,7007,王昌世,male,1697-01-01,1762-12-31,15,昌,Rule-generated Stage7 member for 合成王氏.,False
1090635,7007,王华,female,1697-01-01,1771-12-31,15,昌,Rule-generated Stage7 member for 合成王氏.,False
1090636,7007,王昌成,male,1694-01-01,1770-12-31,15,昌,Rule-generated Stage7 member for 合成王氏.,False
1090637,7007,王昌宁,female,1696-01-01,1767-12-31,15,昌,Rule-generated Stage7 member for 合成王氏.,False
1090638,7007,王昌承,male,1695-01-01,1736-12-31,15,昌,Rule-generated Stage7 member for 合成王氏.,False
1090639,7007,王昌丽,female,1694-01-01,1772-12-31,15,昌,Rule-generated Stage7 member for 合成王氏.,False
1090640,7007,王昌伟,male,1695-01-01,1770-12-31,15,昌,Rule-generated Stage7 member for 合成王氏.,False
1090641,7007,王昌雅,female,1694-01-01,1753-12-31,15,昌,Rule-generated Stage7 member for 合成王氏.,False
1090642,7007,王昌德,male,1696-01-01,1744-12-31,15,昌,Rule-generated Stage7 member for 合成王氏.,False
1090643,7007,王敏雅,female,1697-01-01,1770-12-31,15,昌,Rule-generated Stage7 member for 合成王氏.,False
1090644,7007,王国德,male,1695-01-01,1750-12-31,15,昌,Rule-generated Stage7 member for 合成王氏.,False
1090645,7007,王昌玉,female,1697-01-01,1783-12-31,15,昌,Rule-generated Stage7 member for 合成王氏.,False
1090646,7007,王昌世,male,1695-01-01,1738-12-31,15,昌,Rule-generated Stage7 member for 合成王氏.,False
1090647,7007,王昌敏,female,1698-01-01,1762-12-31,15,昌,Rule-generated Stage7 member for 合成王氏.,False
1090648,7007,王德德,male,1693-01-01,1788-12-31,15,昌,Rule-generated Stage7 member for 合成王氏.,False
1090649,7007,王昌敏,female,1697-01-01,1755-12-31,15,昌,Rule-generated Stage7 member for 合成王氏.,False
1090650,7007,王伟承,male,1695-01-01,1740-12-31,15,昌,Rule-generated Stage7 member for 合成王氏.,False
1090651,7007,王昌清,female,1697-01-01,1765-12-31,15,昌,Rule-generated Stage7 member for 合成王氏.,False
1090652,7007,王昌景,male,1699-01-01,1762-12-31,15,昌,Rule-generated Stage7 member for 合成王氏.,False
1090653,7007,王昌梅,female,1693-01-01,1735-12-31,15,昌,Rule-generated Stage7 member for 合成王氏.,False
1090654,7007,王国明,male,1693-01-01,1768-12-31,15,昌,Rule-generated Stage7 member for 合成王氏.,False
1090655,7007,王昌梅,female,1698-01-01,1738-12-31,15,昌,Rule-generated Stage7 member for 合成王氏.,False
1090656,7007,王昌文,male,1696-01-01,1745-12-31,15,昌,Rule-generated Stage7 member for 合成王氏.,False
1090657,7007,王丽,female,1693-01-01,1747-12-31,15,昌,Rule-generated Stage7 member for 合成王氏.,False
1090658,7007,王昌安,male,1698-01-01,1725-12-31,15,昌,Rule-generated Stage7 member for 合成王氏.,False
1090659,7007,王昌清,female,1696-01-01,1740-12-31,15,昌,Rule-generated Stage7 member for 合成王氏.,False
1090660,7007,王伟承,male,1699-01-01,1789-12-31,15,昌,Rule-generated Stage7 member for 合成王氏.,False
1090661,7007,王昌雅,female,1698-01-01,1790-12-31,15,昌,Rule-generated Stage7 member for 合成王氏.,False
1090662,7007,王昌伟,male,1696-01-01,1753-12-31,15,昌,Rule-generated Stage7 member for 合成王氏.,False
1090663,7007,王昌安,female,1696-01-01,1786-12-31,15,昌,Rule-generated Stage7 member for 合成王氏.,False
1090664,7007,王昌明,male,1699-01-01,1777-12-31,15,昌,Rule-generated Stage7 member for 合成王氏.,False
1090665,7007,王昌宁,female,1699-01-01,1786-12-31,15,昌,Rule-generated Stage7 member for 合成王氏.,False
1090666,7007,王安宗,male,1698-01-01,1788-12-31,15,昌,Rule-generated Stage7 member for 合成王氏.,False
1090667,7007,王昌雅,female,1696-01-01,1789-12-31,15,昌,Rule-generated Stage7 member for 合成王氏.,False
1090668,7007,王昌宗,male,1694-01-01,1786-12-31,15,昌,Rule-generated Stage7 member for 合成王氏.,False
1090669,7007,王芳安,female,1693-01-01,1772-12-31,15,昌,Rule-generated Stage7 member for 合成王氏.,False
1090670,7007,王昌世,male,1696-01-01,1751-12-31,15,昌,Rule-generated Stage7 member for 合成王氏.,False
1090671,7007,王昌兰,female,1696-01-01,1782-12-31,15,昌,Rule-generated Stage7 member for 合成王氏.,False
1090672,7007,王昌德,male,1699-01-01,1733-12-31,15,昌,Rule-generated Stage7 member for 合成王氏.,False
1090673,7007,王昌慧,female,1697-01-01,1794-12-31,15,昌,Rule-generated Stage7 member for 合成王氏.,False
1090674,7007,王昌世,male,1699-01-01,1746-12-31,15,昌,Rule-generated Stage7 member for 合成王氏.,False
1090675,7007,王芳安,female,1695-01-01,1760-12-31,15,昌,Rule-generated Stage7 member for 合成王氏.,False
1090676,7007,王昌德,male,1697-01-01,1783-12-31,15,昌,Rule-generated Stage7 member for 合成王氏.,False
1090677,7007,王昌兰,female,1697-01-01,1765-12-31,15,昌,Rule-generated Stage7 member for 合成王氏.,False
1090678,7007,王敏,male,1693-01-01,1770-12-31,15,昌,Rule-generated Stage7 member for 合成王氏.,False
1090679,7007,王昌丽,female,1693-01-01,1771-12-31,15,昌,Rule-generated Stage7 member for 合成王氏.,False
1090680,7007,王昌国,male,1699-01-01,1732-12-31,15,昌,Rule-generated Stage7 member for 合成王氏.,False
1090681,7007,王昌清,female,1695-01-01,1729-12-31,15,昌,Rule-generated Stage7 member for 合成王氏.,False
1090682,7007,王华,male,1698-01-01,1739-12-31,15,昌,Rule-generated Stage7 member for 合成王氏.,False
1090683,7007,王昌敏,female,1695-01-01,1765-12-31,15,昌,Rule-generated Stage7 member for 合成王氏.,False
1090684,7007,王昌安,male,1694-01-01,1750-12-31,15,昌,Rule-generated Stage7 member for 合成王氏.,False
1090685,7007,王敏芳,female,1694-01-01,1745-12-31,15,昌,Rule-generated Stage7 member for 合成王氏.,False
1090686,7007,王昌景,male,1694-01-01,1752-12-31,15,昌,Rule-generated Stage7 member for 合成王氏.,False
1090687,7007,王昌玉,female,1696-01-01,1733-12-31,15,昌,Rule-generated Stage7 member for 合成王氏.,False
1090688,7007,王伟景,male,1696-01-01,1738-12-31,15,昌,Rule-generated Stage7 member for 合成王氏.,False
1090689,7007,王清梅,female,1699-01-01,1753-12-31,15,昌,Rule-generated Stage7 member for 合成王氏.,False
1090690,7007,王昌伟,male,1693-01-01,1775-12-31,15,昌,Rule-generated Stage7 member for 合成王氏.,False
1090691,7007,王昌安,female,1698-01-01,1731-12-31,15,昌,Rule-generated Stage7 member for 合成王氏.,False
1090692,7007,王昌承,male,1694-01-01,1752-12-31,15,昌,Rule-generated Stage7 member for 合成王氏.,False
1090693,7007,王昌雅,female,1699-01-01,1767-12-31,15,昌,Rule-generated Stage7 member for 合成王氏.,False
1090694,7007,王丽,male,1699-01-01,1780-12-31,15,昌,Rule-generated Stage7 member for 合成王氏.,False
1090695,7007,王清芳,female,1696-01-01,1764-12-31,15,昌,Rule-generated Stage7 member for 合成王氏.,False
1090696,7007,王强,male,1696-01-01,1769-12-31,15,昌,Rule-generated Stage7 member for 合成王氏.,False
1090697,7007,王昌慧,female,1698-01-01,1766-12-31,15,昌,Rule-generated Stage7 member for 合成王氏.,False
1090698,7007,王昌宗,male,1698-01-01,1764-12-31,15,昌,Rule-generated Stage7 member for 合成王氏.,False
1090699,7007,王昌宁,female,1695-01-01,1734-12-31,15,昌,Rule-generated Stage7 member for 合成王氏.,False
1090700,7007,王景景,male,1696-01-01,1764-12-31,15,昌,Rule-generated Stage7 member for 合成王氏.,False
1090701,7007,王强,female,1699-01-01,1775-12-31,15,昌,Rule-generated Stage7 member for 合成王氏.,False
1090702,7007,王国安,male,1693-01-01,1733-12-31,15,昌,Rule-generated Stage7 member for 合成王氏.,False
1090703,7007,王昌慧,female,1697-01-01,1745-12-31,15,昌,Rule-generated Stage7 member for 合成王氏.,False
1090704,7007,王强伟,male,1695-01-01,1764-12-31,15,昌,Rule-generated Stage7 member for 合成王氏.,False
1090705,7007,王兰玉,female,1693-01-01,1771-12-31,15,昌,Rule-generated Stage7 member for 合成王氏.,False
1090706,7007,王德文,male,1698-01-01,1793-12-31,15,昌,Rule-generated Stage7 member for 合成王氏.,False
1090707,7007,王昌宁,female,1697-01-01,1779-12-31,15,昌,Rule-generated Stage7 member for 合成王氏.,False
1090708,7007,王昌世,male,1695-01-01,1733-12-31,15,昌,Rule-generated Stage7 member for 合成王氏.,False
1090709,7007,王昌敏,female,1698-01-01,1769-12-31,15,昌,Rule-generated Stage7 member for 合成王氏.,False
1090710,7007,王安宗,male,1694-01-01,1730-12-31,15,昌,Rule-generated Stage7 member for 合成王氏.,False
1090711,7007,王昌梅,female,1697-01-01,1769-12-31,15,昌,Rule-generated Stage7 member for 合成王氏.,False
1090712,7007,王伟,male,1694-01-01,1777-12-31,15,昌,Rule-generated Stage7 member for 合成王氏.,False
1090713,7007,王昌兰,female,1697-01-01,1779-12-31,15,昌,Rule-generated Stage7 member for 合成王氏.,False
1090714,7007,王昌世,male,1699-01-01,1761-12-31,15,昌,Rule-generated Stage7 member for 合成王氏.,False
1090715,7007,王昌玉,female,1698-01-01,1774-12-31,15,昌,Rule-generated Stage7 member for 合成王氏.,False
1090716,7007,王丽,male,1697-01-01,1732-12-31,15,昌,Rule-generated Stage7 member for 合成王氏.,False
1090717,7007,王安宁,female,1696-01-01,1762-12-31,15,昌,Rule-generated Stage7 member for 合成王氏.,False
1090718,7007,王昌文,male,1697-01-01,1767-12-31,15,昌,Rule-generated Stage7 member for 合成王氏.,False
1090719,7007,王宁玉,female,1695-01-01,1746-12-31,15,昌,Rule-generated Stage7 member for 合成王氏.,False
1090720,7007,王承文,male,1693-01-01,1768-12-31,15,昌,Rule-generated Stage7 member for 合成王氏.,False
1090721,7007,王强,female,1699-01-01,1767-12-31,15,昌,Rule-generated Stage7 member for 合成王氏.,False
1090722,7007,王强,male,1693-01-01,1763-12-31,15,昌,Rule-generated Stage7 member for 合成王氏.,False
1090723,7007,王昌兰,female,1694-01-01,1770-12-31,15,昌,Rule-generated Stage7 member for 合成王氏.,False
1090724,7007,王强宗,male,1699-01-01,1776-12-31,15,昌,Rule-generated Stage7 member for 合成王氏.,False
1090725,7007,王华宁,female,1697-01-01,1749-12-31,15,昌,Rule-generated Stage7 member for 合成王氏.,False
1090726,7007,王昌明,male,1699-01-01,1779-12-31,15,昌,Rule-generated Stage7 member for 合成王氏.,False
1090727,7007,王清丽,female,1699-01-01,1769-12-31,15,昌,Rule-generated Stage7 member for 合成王氏.,False
1090728,7007,王敏,male,1699-01-01,1807-12-31,15,昌,Rule-generated Stage7 member for 合成王氏.,False
1090729,7007,王昌雅,female,1694-01-01,1763-12-31,15,昌,Rule-generated Stage7 member for 合成王氏.,False
1090730,7007,王华,male,1694-01-01,1724-12-31,15,昌,Rule-generated Stage7 member for 合成王氏.,False
1090731,7007,王丽,female,1697-01-01,1762-12-31,15,昌,Rule-generated Stage7 member for 合成王氏.,False
1090732,7007,王成文,male,1697-01-01,1787-12-31,15,昌,Rule-generated Stage7 member for 合成王氏.,False
1090733,7007,王雅华,female,1696-01-01,1759-12-31,15,昌,Rule-generated Stage7 member for 合成王氏.,False
1090734,7007,王安文,male,1695-01-01,1794-12-31,15,昌,Rule-generated Stage7 member for 合成王氏.,False
1090735,7007,王昌雅,female,1697-01-01,1776-12-31,15,昌,Rule-generated Stage7 member for 合成王氏.,False
1090736,7007,王昌成,male,1699-01-01,1756-12-31,15,昌,Rule-generated Stage7 member for 合成王氏.,False
1090737,7007,王昌玉,female,1699-01-01,1800-12-31,15,昌,Rule-generated Stage7 member for 合成王氏.,False
1090738,7007,王昌伟,male,1697-01-01,1793-12-31,15,昌,Rule-generated Stage7 member for 合成王氏.,False
1090739,7007,王宁宁,female,1695-01-01,1789-12-31,15,昌,Rule-generated Stage7 member for 合成王氏.,False
1090740,7007,王昌世,male,1699-01-01,1739-12-31,15,昌,Rule-generated Stage7 member for 合成王氏.,False
1090741,7007,王昌兰,female,1697-01-01,1723-12-31,15,昌,Rule-generated Stage7 member for 合成王氏.,False
1090742,7007,王昌世,male,1699-01-01,1741-12-31,15,昌,Rule-generated Stage7 member for 合成王氏.,False
1090743,7007,王宁清,female,1694-01-01,1740-12-31,15,昌,Rule-generated Stage7 member for 合成王氏.,False
1090744,7007,王隆成,male,1717-01-01,1789-12-31,16,隆,Rule-generated Stage7 member for 合成王氏.,False
1090745,7007,王隆慧,female,1715-01-01,1765-12-31,16,隆,Rule-generated Stage7 member for 合成王氏.,False
1090746,7007,王隆宗,male,1719-01-01,1793-12-31,16,隆,Rule-generated Stage7 member for 合成王氏.,False
1090747,7007,王兰华,female,1716-01-01,1775-12-31,16,隆,Rule-generated Stage7 member for 合成王氏.,False
1090748,7007,王伟,male,1718-01-01,1778-12-31,16,隆,Rule-generated Stage7 member for 合成王氏.,False
1090749,7007,王隆玉,female,1714-01-01,1763-12-31,16,隆,Rule-generated Stage7 member for 合成王氏.,False
1090750,7007,王隆景,male,1714-01-01,1760-12-31,16,隆,Rule-generated Stage7 member for 合成王氏.,False
1090751,7007,王隆梅,female,1720-01-01,1782-12-31,16,隆,Rule-generated Stage7 member for 合成王氏.,False
1090752,7007,王宗明,male,1720-01-01,1788-12-31,16,隆,Rule-generated Stage7 member for 合成王氏.,False
1090753,7007,王丽梅,female,1715-01-01,1799-12-31,16,隆,Rule-generated Stage7 member for 合成王氏.,False
1090754,7007,王隆明,male,1720-01-01,1783-12-31,16,隆,Rule-generated Stage7 member for 合成王氏.,False
1090755,7007,王隆玉,female,1719-01-01,1803-12-31,16,隆,Rule-generated Stage7 member for 合成王氏.,False
1090756,7007,王隆国,male,1717-01-01,1772-12-31,16,隆,Rule-generated Stage7 member for 合成王氏.,False
1090757,7007,王兰慧,female,1720-01-01,1810-12-31,16,隆,Rule-generated Stage7 member for 合成王氏.,False
1090758,7007,王隆德,male,1720-01-01,1780-12-31,16,隆,Rule-generated Stage7 member for 合成王氏.,False
1090759,7007,王隆雅,female,1717-01-01,1747-12-31,16,隆,Rule-generated Stage7 member for 合成王氏.,False
1090760,7007,王伟,male,1715-01-01,1750-12-31,16,隆,Rule-generated Stage7 member for 合成王氏.,False
1090761,7007,王隆宁,female,1717-01-01,1761-12-31,16,隆,Rule-generated Stage7 member for 合成王氏.,False
1090762,7007,王隆承,male,1714-01-01,1799-12-31,16,隆,Rule-generated Stage7 member for 合成王氏.,False
1090763,7007,王敏华,female,1716-01-01,1789-12-31,16,隆,Rule-generated Stage7 member for 合成王氏.,False
1090764,7007,王强,male,1719-01-01,1789-12-31,16,隆,Rule-generated Stage7 member for 合成王氏.,False
1090765,7007,王隆梅,female,1720-01-01,1763-12-31,16,隆,Rule-generated Stage7 member for 合成王氏.,False
1090766,7007,王隆宗,male,1718-01-01,1769-12-31,16,隆,Rule-generated Stage7 member for 合成王氏.,False
1090767,7007,王隆雅,female,1715-01-01,1815-12-31,16,隆,Rule-generated Stage7 member for 合成王氏.,False
1090768,7007,王敏,male,1718-01-01,1779-12-31,16,隆,Rule-generated Stage7 member for 合成王氏.,False
1090769,7007,王隆梅,female,1717-01-01,1780-12-31,16,隆,Rule-generated Stage7 member for 合成王氏.,False
1090770,7007,王隆景,male,1718-01-01,1805-12-31,16,隆,Rule-generated Stage7 member for 合成王氏.,False
1090771,7007,王梅清,female,1716-01-01,1776-12-31,16,隆,Rule-generated Stage7 member for 合成王氏.,False
1090772,7007,王明宗,male,1716-01-01,1766-12-31,16,隆,Rule-generated Stage7 member for 合成王氏.,False
1090773,7007,王隆慧,female,1717-01-01,1809-12-31,16,隆,Rule-generated Stage7 member for 合成王氏.,False
1090774,7007,王隆景,male,1714-01-01,1792-12-31,16,隆,Rule-generated Stage7 member for 合成王氏.,False
1090775,7007,王慧兰,female,1720-01-01,1805-12-31,16,隆,Rule-generated Stage7 member for 合成王氏.,False
1090776,7007,王隆强,male,1719-01-01,1819-12-31,16,隆,Rule-generated Stage7 member for 合成王氏.,False
1090777,7007,王隆慧,female,1715-01-01,1745-12-31,16,隆,Rule-generated Stage7 member for 合成王氏.,False
1090778,7007,王安景,male,1720-01-01,1792-12-31,16,隆,Rule-generated Stage7 member for 合成王氏.,False
1090779,7007,王伟,female,1718-01-01,1768-12-31,16,隆,Rule-generated Stage7 member for 合成王氏.,False
1090780,7007,王文德,male,1716-01-01,1765-12-31,16,隆,Rule-generated Stage7 member for 合成王氏.,False
1090781,7007,王芳雅,female,1718-01-01,1812-12-31,16,隆,Rule-generated Stage7 member for 合成王氏.,False
1090782,7007,王伟,male,1718-01-01,1756-12-31,16,隆,Rule-generated Stage7 member for 合成王氏.,False
1090783,7007,王雅宁,female,1716-01-01,1805-12-31,16,隆,Rule-generated Stage7 member for 合成王氏.,False
1090784,7007,王隆国,male,1717-01-01,1774-12-31,16,隆,Rule-generated Stage7 member for 合成王氏.,False
1090785,7007,王雅宁,female,1717-01-01,1794-12-31,16,隆,Rule-generated Stage7 member for 合成王氏.,False
1090786,7007,王隆宗,male,1718-01-01,1792-12-31,16,隆,Rule-generated Stage7 member for 合成王氏.,False
1090787,7007,王梅安,female,1720-01-01,1780-12-31,16,隆,Rule-generated Stage7 member for 合成王氏.,False
1090788,7007,王承承,male,1718-01-01,1751-12-31,16,隆,Rule-generated Stage7 member for 合成王氏.,False
1090789,7007,王敏,female,1716-01-01,1792-12-31,16,隆,Rule-generated Stage7 member for 合成王氏.,False
1090790,7007,王隆宗,male,1714-01-01,1775-12-31,16,隆,Rule-generated Stage7 member for 合成王氏.,False
1090791,7007,王华华,female,1719-01-01,1765-12-31,16,隆,Rule-generated Stage7 member for 合成王氏.,False
1090792,7007,王隆伟,male,1719-01-01,1787-12-31,16,隆,Rule-generated Stage7 member for 合成王氏.,False
1090793,7007,王玉芳,female,1717-01-01,1801-12-31,16,隆,Rule-generated Stage7 member for 合成王氏.,False
1090794,7007,王承明,male,1717-01-01,1801-12-31,16,隆,Rule-generated Stage7 member for 合成王氏.,False
1090795,7007,王宁安,female,1716-01-01,1788-12-31,16,隆,Rule-generated Stage7 member for 合成王氏.,False
1090796,7007,王隆安,male,1714-01-01,1760-12-31,16,隆,Rule-generated Stage7 member for 合成王氏.,False
1090797,7007,王隆雅,female,1716-01-01,1778-12-31,16,隆,Rule-generated Stage7 member for 合成王氏.,False
1090798,7007,王隆承,male,1719-01-01,1779-12-31,16,隆,Rule-generated Stage7 member for 合成王氏.,False
1090799,7007,王兰宁,female,1716-01-01,1804-12-31,16,隆,Rule-generated Stage7 member for 合成王氏.,False
1090800,7007,王丽,male,1714-01-01,1773-12-31,16,隆,Rule-generated Stage7 member for 合成王氏.,False
1090801,7007,王隆雅,female,1717-01-01,1779-12-31,16,隆,Rule-generated Stage7 member for 合成王氏.,False
1090802,7007,王强宗,male,1716-01-01,1768-12-31,16,隆,Rule-generated Stage7 member for 合成王氏.,False
1090803,7007,王隆敏,female,1717-01-01,1817-12-31,16,隆,Rule-generated Stage7 member for 合成王氏.,False
1090804,7007,王隆文,male,1716-01-01,1772-12-31,16,隆,Rule-generated Stage7 member for 合成王氏.,False
1090805,7007,王隆芳,female,1717-01-01,1785-12-31,16,隆,Rule-generated Stage7 member for 合成王氏.,False
1090806,7007,王隆明,male,1716-01-01,1760-12-31,16,隆,Rule-generated Stage7 member for 合成王氏.,False
1090807,7007,王隆芳,female,1717-01-01,1775-12-31,16,隆,Rule-generated Stage7 member for 合成王氏.,False
1090808,7007,王宗承,male,1720-01-01,1785-12-31,16,隆,Rule-generated Stage7 member for 合成王氏.,False
1090809,7007,王敏,female,1715-01-01,1765-12-31,16,隆,Rule-generated Stage7 member for 合成王氏.,False
1090810,7007,王强,male,1719-01-01,1809-12-31,16,隆,Rule-generated Stage7 member for 合成王氏.,False
1090811,7007,王强,female,1715-01-01,1789-12-31,16,隆,Rule-generated Stage7 member for 合成王氏.,False
1090812,7007,王德德,male,1715-01-01,1798-12-31,16,隆,Rule-generated Stage7 member for 合成王氏.,False
1090813,7007,王隆慧,female,1714-01-01,1808-12-31,16,隆,Rule-generated Stage7 member for 合成王氏.,False
1090814,7007,王华,male,1719-01-01,1788-12-31,16,隆,Rule-generated Stage7 member for 合成王氏.,False
1090815,7007,王隆清,female,1717-01-01,1759-12-31,16,隆,Rule-generated Stage7 member for 合成王氏.,False
1090816,7007,王隆宗,male,1716-01-01,1796-12-31,16,隆,Rule-generated Stage7 member for 合成王氏.,False
1090817,7007,王清慧,female,1718-01-01,1803-12-31,16,隆,Rule-generated Stage7 member for 合成王氏.,False
1090818,7007,王隆安,male,1717-01-01,1776-12-31,16,隆,Rule-generated Stage7 member for 合成王氏.,False
1090819,7007,王梅安,female,1720-01-01,1745-12-31,16,隆,Rule-generated Stage7 member for 合成王氏.,False
1090820,7007,王伟,male,1718-01-01,1777-12-31,16,隆,Rule-generated Stage7 member for 合成王氏.,False
1090821,7007,王隆慧,female,1719-01-01,1776-12-31,16,隆,Rule-generated Stage7 member for 合成王氏.,False
1090822,7007,王景世,male,1718-01-01,1805-12-31,16,隆,Rule-generated Stage7 member for 合成王氏.,False
1090823,7007,王隆梅,female,1716-01-01,1784-12-31,16,隆,Rule-generated Stage7 member for 合成王氏.,False
1090824,7007,王隆国,male,1718-01-01,1800-12-31,16,隆,Rule-generated Stage7 member for 合成王氏.,False
1090825,7007,王隆芳,female,1718-01-01,1807-12-31,16,隆,Rule-generated Stage7 member for 合成王氏.,False
1090826,7007,王伟,male,1717-01-01,1745-12-31,16,隆,Rule-generated Stage7 member for 合成王氏.,False
1090827,7007,王隆安,female,1717-01-01,1776-12-31,16,隆,Rule-generated Stage7 member for 合成王氏.,False
1090828,7007,王隆文,male,1717-01-01,1793-12-31,16,隆,Rule-generated Stage7 member for 合成王氏.,False
1090829,7007,王隆宁,female,1716-01-01,1777-12-31,16,隆,Rule-generated Stage7 member for 合成王氏.,False
1090830,7007,王强国,male,1718-01-01,1767-12-31,16,隆,Rule-generated Stage7 member for 合成王氏.,False
1090831,7007,王隆华,female,1715-01-01,1761-12-31,16,隆,Rule-generated Stage7 member for 合成王氏.,False
1090832,7007,王成安,male,1718-01-01,1769-12-31,16,隆,Rule-generated Stage7 member for 合成王氏.,False
1090833,7007,王隆丽,female,1718-01-01,1800-12-31,16,隆,Rule-generated Stage7 member for 合成王氏.,False
1090834,7007,王强文,male,1720-01-01,1758-12-31,16,隆,Rule-generated Stage7 member for 合成王氏.,False
1090835,7007,王雅玉,female,1719-01-01,1777-12-31,16,隆,Rule-generated Stage7 member for 合成王氏.,False
1090836,7007,王隆成,male,1718-01-01,1792-12-31,16,隆,Rule-generated Stage7 member for 合成王氏.,False
1090837,7007,王安华,female,1714-01-01,1765-12-31,16,隆,Rule-generated Stage7 member for 合成王氏.,False
1090838,7007,王隆明,male,1720-01-01,1775-12-31,16,隆,Rule-generated Stage7 member for 合成王氏.,False
1090839,7007,王华,female,1720-01-01,1813-12-31,16,隆,Rule-generated Stage7 member for 合成王氏.,False
1090840,7007,王隆宗,male,1715-01-01,1793-12-31,16,隆,Rule-generated Stage7 member for 合成王氏.,False
1090841,7007,王隆清,female,1717-01-01,1786-12-31,16,隆,Rule-generated Stage7 member for 合成王氏.,False
1090842,7007,王隆宗,male,1715-01-01,1762-12-31,16,隆,Rule-generated Stage7 member for 合成王氏.,False
1090843,7007,王隆宁,female,1717-01-01,1801-12-31,16,隆,Rule-generated Stage7 member for 合成王氏.,False
1090844,7007,王隆文,male,1716-01-01,1769-12-31,16,隆,Rule-generated Stage7 member for 合成王氏.,False
1090845,7007,王隆敏,female,1717-01-01,1763-12-31,16,隆,Rule-generated Stage7 member for 合成王氏.,False
1090846,7007,王丽,male,1714-01-01,1760-12-31,16,隆,Rule-generated Stage7 member for 合成王氏.,False
1090847,7007,王隆清,female,1720-01-01,1791-12-31,16,隆,Rule-generated Stage7 member for 合成王氏.,False
1090848,7007,王隆德,male,1716-01-01,1786-12-31,16,隆,Rule-generated Stage7 member for 合成王氏.,False
1090849,7007,王敏雅,female,1719-01-01,1804-12-31,16,隆,Rule-generated Stage7 member for 合成王氏.,False
1090850,7007,王景成,male,1714-01-01,1795-12-31,16,隆,Rule-generated Stage7 member for 合成王氏.,False
1090851,7007,王雅敏,female,1719-01-01,1814-12-31,16,隆,Rule-generated Stage7 member for 合成王氏.,False
1090852,7007,王隆景,male,1717-01-01,1787-12-31,16,隆,Rule-generated Stage7 member for 合成王氏.,False
1090853,7007,王隆雅,female,1714-01-01,1800-12-31,16,隆,Rule-generated Stage7 member for 合成王氏.,False
1090854,7007,王伟景,male,1720-01-01,1789-12-31,16,隆,Rule-generated Stage7 member for 合成王氏.,False
1090855,7007,王丽芳,female,1719-01-01,1761-12-31,16,隆,Rule-generated Stage7 member for 合成王氏.,False
1090856,7007,王强,male,1716-01-01,1791-12-31,16,隆,Rule-generated Stage7 member for 合成王氏.,False
1090857,7007,王兰宁,female,1714-01-01,1768-12-31,16,隆,Rule-generated Stage7 member for 合成王氏.,False
1090858,7007,王隆宗,male,1717-01-01,1783-12-31,16,隆,Rule-generated Stage7 member for 合成王氏.,False
1090859,7007,王隆梅,female,1719-01-01,1773-12-31,16,隆,Rule-generated Stage7 member for 合成王氏.,False
1090860,7007,王隆德,male,1720-01-01,1796-12-31,16,隆,Rule-generated Stage7 member for 合成王氏.,False
1090861,7007,王隆宁,female,1718-01-01,1792-12-31,16,隆,Rule-generated Stage7 member for 合成王氏.,False
1090862,7007,王隆强,male,1717-01-01,1778-12-31,16,隆,Rule-generated Stage7 member for 合成王氏.,False
1090863,7007,王隆兰,female,1716-01-01,1812-12-31,16,隆,Rule-generated Stage7 member for 合成王氏.,False
1090864,7007,王德宗,male,1720-01-01,1777-12-31,16,隆,Rule-generated Stage7 member for 合成王氏.,False
1090865,7007,王安清,female,1715-01-01,1799-12-31,16,隆,Rule-generated Stage7 member for 合成王氏.,False
1090866,7007,王国强,male,1714-01-01,1780-12-31,16,隆,Rule-generated Stage7 member for 合成王氏.,False
1090867,7007,王隆宁,female,1717-01-01,1770-12-31,16,隆,Rule-generated Stage7 member for 合成王氏.,False
1090868,7007,王隆景,male,1720-01-01,1787-12-31,16,隆,Rule-generated Stage7 member for 合成王氏.,False
1090869,7007,王隆丽,female,1718-01-01,1796-12-31,16,隆,Rule-generated Stage7 member for 合成王氏.,False
1090870,7007,王隆文,male,1715-01-01,1753-12-31,16,隆,Rule-generated Stage7 member for 合成王氏.,False
1090871,7007,王隆宁,female,1717-01-01,1797-12-31,16,隆,Rule-generated Stage7 member for 合成王氏.,False
1090872,7007,王丽,male,1719-01-01,1794-12-31,16,隆,Rule-generated Stage7 member for 合成王氏.,False
1090873,7007,王隆清,female,1716-01-01,1777-12-31,16,隆,Rule-generated Stage7 member for 合成王氏.,False
1090874,7007,王隆世,male,1716-01-01,1804-12-31,16,隆,Rule-generated Stage7 member for 合成王氏.,False
1090875,7007,王隆雅,female,1719-01-01,1752-12-31,16,隆,Rule-generated Stage7 member for 合成王氏.,False
1090876,7007,王隆文,male,1717-01-01,1804-12-31,16,隆,Rule-generated Stage7 member for 合成王氏.,False
1090877,7007,王伟,female,1715-01-01,1781-12-31,16,隆,Rule-generated Stage7 member for 合成王氏.,False
1090878,7007,王强安,male,1717-01-01,1769-12-31,16,隆,Rule-generated Stage7 member for 合成王氏.,False
1090879,7007,王丽清,female,1716-01-01,1797-12-31,16,隆,Rule-generated Stage7 member for 合成王氏.,False
1090880,7007,王隆伟,male,1720-01-01,1770-12-31,16,隆,Rule-generated Stage7 member for 合成王氏.,False
1090881,7007,王隆慧,female,1719-01-01,1772-12-31,16,隆,Rule-generated Stage7 member for 合成王氏.,False
1090882,7007,王隆强,male,1714-01-01,1791-12-31,16,隆,Rule-generated Stage7 member for 合成王氏.,False
1090883,7007,王隆雅,female,1720-01-01,1777-12-31,16,隆,Rule-generated Stage7 member for 合成王氏.,False
1090884,7007,王明国,male,1717-01-01,1786-12-31,16,隆,Rule-generated Stage7 member for 合成王氏.,False
1090885,7007,王隆华,female,1720-01-01,1801-12-31,16,隆,Rule-generated Stage7 member for 合成王氏.,False
1090886,7007,王景伟,male,1715-01-01,1786-12-31,16,隆,Rule-generated Stage7 member for 合成王氏.,False
1090887,7007,王伟,female,1720-01-01,1795-12-31,16,隆,Rule-generated Stage7 member for 合成王氏.,False
1090888,7007,王强景,male,1717-01-01,1778-12-31,16,隆,Rule-generated Stage7 member for 合成王氏.,False
1090889,7007,王雅清,female,1716-01-01,1801-12-31,16,隆,Rule-generated Stage7 member for 合成王氏.,False
1090890,7007,王隆伟,male,1714-01-01,1787-12-31,16,隆,Rule-generated Stage7 member for 合成王氏.,False
1090891,7007,王隆慧,female,1717-01-01,1764-12-31,16,隆,Rule-generated Stage7 member for 合成王氏.,False
1090892,7007,王世安,male,1716-01-01,1769-12-31,16,隆,Rule-generated Stage7 member for 合成王氏.,False
1090893,7007,王隆清,female,1719-01-01,1769-12-31,16,隆,Rule-generated Stage7 member for 合成王氏.,False
1090894,7007,王德宗,male,1716-01-01,1809-12-31,16,隆,Rule-generated Stage7 member for 合成王氏.,False
1090895,7007,王清芳,female,1715-01-01,1791-12-31,16,隆,Rule-generated Stage7 member for 合成王氏.,False
1090896,7007,王隆承,male,1717-01-01,1779-12-31,16,隆,Rule-generated Stage7 member for 合成王氏.,False
1090897,7007,王隆华,female,1720-01-01,1786-12-31,16,隆,Rule-generated Stage7 member for 合成王氏.,False
1090898,7007,王明伟,male,1714-01-01,1762-12-31,16,隆,Rule-generated Stage7 member for 合成王氏.,False
1090899,7007,王敏兰,female,1715-01-01,1795-12-31,16,隆,Rule-generated Stage7 member for 合成王氏.,False
1090900,7007,王伟,male,1719-01-01,1785-12-31,16,隆,Rule-generated Stage7 member for 合成王氏.,False
1090901,7007,王强,female,1719-01-01,1774-12-31,16,隆,Rule-generated Stage7 member for 合成王氏.,False
1090902,7007,王隆成,male,1715-01-01,1802-12-31,16,隆,Rule-generated Stage7 member for 合成王氏.,False
1090903,7007,王隆梅,female,1715-01-01,1761-12-31,16,隆,Rule-generated Stage7 member for 合成王氏.,False
1090904,7007,王隆成,male,1718-01-01,1792-12-31,16,隆,Rule-generated Stage7 member for 合成王氏.,False
1090905,7007,王隆安,female,1718-01-01,1766-12-31,16,隆,Rule-generated Stage7 member for 合成王氏.,False
1090906,7007,王隆宗,male,1714-01-01,1795-12-31,16,隆,Rule-generated Stage7 member for 合成王氏.,False
1090907,7007,王隆玉,female,1720-01-01,1754-12-31,16,隆,Rule-generated Stage7 member for 合成王氏.,False
1090908,7007,王德景,male,1720-01-01,1810-12-31,16,隆,Rule-generated Stage7 member for 合成王氏.,False
1090909,7007,王隆梅,female,1718-01-01,1801-12-31,16,隆,Rule-generated Stage7 member for 合成王氏.,False
1090910,7007,王隆国,male,1714-01-01,1788-12-31,16,隆,Rule-generated Stage7 member for 合成王氏.,False
1090911,7007,王隆安,female,1720-01-01,1786-12-31,16,隆,Rule-generated Stage7 member for 合成王氏.,False
1090912,7007,王隆承,male,1715-01-01,1775-12-31,16,隆,Rule-generated Stage7 member for 合成王氏.,False
1090913,7007,王隆梅,female,1716-01-01,1747-12-31,16,隆,Rule-generated Stage7 member for 合成王氏.,False
1090914,7007,王隆伟,male,1715-01-01,1789-12-31,16,隆,Rule-generated Stage7 member for 合成王氏.,False
1090915,7007,王隆安,female,1717-01-01,1774-12-31,16,隆,Rule-generated Stage7 member for 合成王氏.,False
1090916,7007,王国景,male,1720-01-01,1796-12-31,16,隆,Rule-generated Stage7 member for 合成王氏.,False
1090917,7007,王清雅,female,1718-01-01,1747-12-31,16,隆,Rule-generated Stage7 member for 合成王氏.,False
1090918,7007,王伟国,male,1714-01-01,1756-12-31,16,隆,Rule-generated Stage7 member for 合成王氏.,False
1090919,7007,王隆安,female,1714-01-01,1770-12-31,16,隆,Rule-generated Stage7 member for 合成王氏.,False
1090920,7007,王隆伟,male,1715-01-01,1784-12-31,16,隆,Rule-generated Stage7 member for 合成王氏.,False
1090921,7007,王丽,female,1715-01-01,1771-12-31,16,隆,Rule-generated Stage7 member for 合成王氏.,False
1090922,7007,王隆宗,male,1717-01-01,1800-12-31,16,隆,Rule-generated Stage7 member for 合成王氏.,False
1090923,7007,王伟,female,1720-01-01,1798-12-31,16,隆,Rule-generated Stage7 member for 合成王氏.,False
1090924,7007,王隆国,male,1715-01-01,1759-12-31,16,隆,Rule-generated Stage7 member for 合成王氏.,False
1090925,7007,王隆兰,female,1715-01-01,1774-12-31,16,隆,Rule-generated Stage7 member for 合成王氏.,False
1090926,7007,王隆景,male,1719-01-01,1810-12-31,16,隆,Rule-generated Stage7 member for 合成王氏.,False
1090927,7007,王隆安,female,1720-01-01,1796-12-31,16,隆,Rule-generated Stage7 member for 合成王氏.,False
1090928,7007,王隆安,male,1719-01-01,1777-12-31,16,隆,Rule-generated Stage7 member for 合成王氏.,False
1090929,7007,王芳慧,female,1719-01-01,1799-12-31,16,隆,Rule-generated Stage7 member for 合成王氏.,False
1090930,7007,王隆景,male,1714-01-01,1795-12-31,16,隆,Rule-generated Stage7 member for 合成王氏.,False
1090931,7007,王隆慧,female,1716-01-01,1816-12-31,16,隆,Rule-generated Stage7 member for 合成王氏.,False
1090932,7007,王隆景,male,1717-01-01,1782-12-31,16,隆,Rule-generated Stage7 member for 合成王氏.,False
1090933,7007,王丽,female,1717-01-01,1821-12-31,16,隆,Rule-generated Stage7 member for 合成王氏.,False
1090934,7007,王隆国,male,1716-01-01,1748-12-31,16,隆,Rule-generated Stage7 member for 合成王氏.,False
1090935,7007,王宁芳,female,1719-01-01,1792-12-31,16,隆,Rule-generated Stage7 member for 合成王氏.,False
1090936,7007,王隆宗,male,1715-01-01,1772-12-31,16,隆,Rule-generated Stage7 member for 合成王氏.,False
1090937,7007,王隆华,female,1716-01-01,1791-12-31,16,隆,Rule-generated Stage7 member for 合成王氏.,False
1090938,7007,王隆德,male,1716-01-01,1800-12-31,16,隆,Rule-generated Stage7 member for 合成王氏.,False
1090939,7007,王隆慧,female,1714-01-01,1739-12-31,16,隆,Rule-generated Stage7 member for 合成王氏.,False
1090940,7007,王隆宗,male,1719-01-01,1804-12-31,16,隆,Rule-generated Stage7 member for 合成王氏.,False
1090941,7007,王隆梅,female,1718-01-01,1797-12-31,16,隆,Rule-generated Stage7 member for 合成王氏.,False
1090942,7007,王隆成,male,1718-01-01,1769-12-31,16,隆,Rule-generated Stage7 member for 合成王氏.,False
1090943,7007,王隆敏,female,1716-01-01,1799-12-31,16,隆,Rule-generated Stage7 member for 合成王氏.,False
1090944,7007,王隆承,male,1719-01-01,1785-12-31,16,隆,Rule-generated Stage7 member for 合成王氏.,False
1090945,7007,王隆慧,female,1714-01-01,1778-12-31,16,隆,Rule-generated Stage7 member for 合成王氏.,False
1090946,7007,王隆强,male,1715-01-01,1764-12-31,16,隆,Rule-generated Stage7 member for 合成王氏.,False
1090947,7007,王隆清,female,1718-01-01,1769-12-31,16,隆,Rule-generated Stage7 member for 合成王氏.,False
1090948,7007,王隆明,male,1717-01-01,1807-12-31,16,隆,Rule-generated Stage7 member for 合成王氏.,False
1090949,7007,王兰敏,female,1718-01-01,1780-12-31,16,隆,Rule-generated Stage7 member for 合成王氏.,False
1090950,7007,王世成,male,1714-01-01,1776-12-31,16,隆,Rule-generated Stage7 member for 合成王氏.,False
1090951,7007,王慧慧,female,1720-01-01,1820-12-31,16,隆,Rule-generated Stage7 member for 合成王氏.,False
1090952,7007,王伟文,male,1720-01-01,1789-12-31,16,隆,Rule-generated Stage7 member for 合成王氏.,False
1090953,7007,王隆芳,female,1718-01-01,1757-12-31,16,隆,Rule-generated Stage7 member for 合成王氏.,False
1090954,7007,王明德,male,1717-01-01,1780-12-31,16,隆,Rule-generated Stage7 member for 合成王氏.,False
1090955,7007,王雅敏,female,1720-01-01,1754-12-31,16,隆,Rule-generated Stage7 member for 合成王氏.,False
1090956,7007,王国承,male,1715-01-01,1759-12-31,16,隆,Rule-generated Stage7 member for 合成王氏.,False
1090957,7007,王隆安,female,1716-01-01,1769-12-31,16,隆,Rule-generated Stage7 member for 合成王氏.,False
1090958,7007,王隆伟,male,1720-01-01,1774-12-31,16,隆,Rule-generated Stage7 member for 合成王氏.,False
1090959,7007,王隆华,female,1716-01-01,1801-12-31,16,隆,Rule-generated Stage7 member for 合成王氏.,False
1090960,7007,王宗景,male,1715-01-01,1755-12-31,16,隆,Rule-generated Stage7 member for 合成王氏.,False
1090961,7007,王隆清,female,1720-01-01,1764-12-31,16,隆,Rule-generated Stage7 member for 合成王氏.,False
1090962,7007,王绍景,male,1741-01-01,1808-12-31,17,绍,Rule-generated Stage7 member for 合成王氏.,False
1090963,7007,王绍安,female,1738-01-01,1800-12-31,17,绍,Rule-generated Stage7 member for 合成王氏.,False
1090964,7007,王绍德,male,1738-01-01,1832-12-31,17,绍,Rule-generated Stage7 member for 合成王氏.,False
1090965,7007,王绍清,female,1738-01-01,1787-12-31,17,绍,Rule-generated Stage7 member for 合成王氏.,False
1090966,7007,王绍承,male,1741-01-01,1780-12-31,17,绍,Rule-generated Stage7 member for 合成王氏.,False
1090967,7007,王敏,female,1736-01-01,1808-12-31,17,绍,Rule-generated Stage7 member for 合成王氏.,False
1090968,7007,王敏,male,1741-01-01,1816-12-31,17,绍,Rule-generated Stage7 member for 合成王氏.,False
1090969,7007,王绍清,female,1735-01-01,1823-12-31,17,绍,Rule-generated Stage7 member for 合成王氏.,False
1090970,7007,王绍伟,male,1740-01-01,1804-12-31,17,绍,Rule-generated Stage7 member for 合成王氏.,False
1090971,7007,王雅玉,female,1739-01-01,1808-12-31,17,绍,Rule-generated Stage7 member for 合成王氏.,False
1090972,7007,王绍国,male,1739-01-01,1792-12-31,17,绍,Rule-generated Stage7 member for 合成王氏.,False
1090973,7007,王绍宁,female,1736-01-01,1794-12-31,17,绍,Rule-generated Stage7 member for 合成王氏.,False
1090974,7007,王绍强,male,1738-01-01,1775-12-31,17,绍,Rule-generated Stage7 member for 合成王氏.,False
1090975,7007,王绍梅,female,1739-01-01,1794-12-31,17,绍,Rule-generated Stage7 member for 合成王氏.,False
1090976,7007,王绍世,male,1740-01-01,1817-12-31,17,绍,Rule-generated Stage7 member for 合成王氏.,False
1090977,7007,王绍慧,female,1738-01-01,1795-12-31,17,绍,Rule-generated Stage7 member for 合成王氏.,False
1090978,7007,王绍伟,male,1739-01-01,1800-12-31,17,绍,Rule-generated Stage7 member for 合成王氏.,False
1090979,7007,王绍梅,female,1737-01-01,1823-12-31,17,绍,Rule-generated Stage7 member for 合成王氏.,False
1090980,7007,王成伟,male,1741-01-01,1802-12-31,17,绍,Rule-generated Stage7 member for 合成王氏.,False
1090981,7007,王绍安,female,1739-01-01,1769-12-31,17,绍,Rule-generated Stage7 member for 合成王氏.,False
1090982,7007,王文宗,male,1738-01-01,1782-12-31,17,绍,Rule-generated Stage7 member for 合成王氏.,False
1090983,7007,王宁玉,female,1738-01-01,1810-12-31,17,绍,Rule-generated Stage7 member for 合成王氏.,False
1090984,7007,王绍明,male,1741-01-01,1806-12-31,17,绍,Rule-generated Stage7 member for 合成王氏.,False
1090985,7007,王雅清,female,1737-01-01,1808-12-31,17,绍,Rule-generated Stage7 member for 合成王氏.,False
1090986,7007,王国世,male,1736-01-01,1843-12-31,17,绍,Rule-generated Stage7 member for 合成王氏.,False
1090987,7007,王绍慧,female,1738-01-01,1804-12-31,17,绍,Rule-generated Stage7 member for 合成王氏.,False
1090988,7007,王世承,male,1737-01-01,1766-12-31,17,绍,Rule-generated Stage7 member for 合成王氏.,False
1090989,7007,王绍雅,female,1737-01-01,1817-12-31,17,绍,Rule-generated Stage7 member for 合成王氏.,False
1090990,7007,王绍承,male,1740-01-01,1817-12-31,17,绍,Rule-generated Stage7 member for 合成王氏.,False
1090991,7007,王绍宁,female,1735-01-01,1822-12-31,17,绍,Rule-generated Stage7 member for 合成王氏.,False
1090992,7007,王敏,male,1740-01-01,1773-12-31,17,绍,Rule-generated Stage7 member for 合成王氏.,False
1090993,7007,王绍梅,female,1740-01-01,1816-12-31,17,绍,Rule-generated Stage7 member for 合成王氏.,False
1090994,7007,王强,male,1738-01-01,1808-12-31,17,绍,Rule-generated Stage7 member for 合成王氏.,False
1090995,7007,王清慧,female,1738-01-01,1836-12-31,17,绍,Rule-generated Stage7 member for 合成王氏.,False
1090996,7007,王绍强,male,1740-01-01,1813-12-31,17,绍,Rule-generated Stage7 member for 合成王氏.,False
1090997,7007,王绍兰,female,1739-01-01,1820-12-31,17,绍,Rule-generated Stage7 member for 合成王氏.,False
1090998,7007,王绍强,male,1735-01-01,1822-12-31,17,绍,Rule-generated Stage7 member for 合成王氏.,False
1090999,7007,王绍丽,female,1735-01-01,1774-12-31,17,绍,Rule-generated Stage7 member for 合成王氏.,False
1091000,7007,王绍安,male,1736-01-01,1797-12-31,17,绍,Rule-generated Stage7 member for 合成王氏.,False
1091001,7007,王绍宁,female,1741-01-01,1807-12-31,17,绍,Rule-generated Stage7 member for 合成王氏.,False
1091002,7007,王景世,male,1738-01-01,1822-12-31,17,绍,Rule-generated Stage7 member for 合成王氏.,False
1091003,7007,王丽兰,female,1736-01-01,1820-12-31,17,绍,Rule-generated Stage7 member for 合成王氏.,False
1091004,7007,王绍安,male,1741-01-01,1818-12-31,17,绍,Rule-generated Stage7 member for 合成王氏.,False
1091005,7007,王绍清,female,1736-01-01,1779-12-31,17,绍,Rule-generated Stage7 member for 合成王氏.,False
1091006,7007,王国伟,male,1735-01-01,1776-12-31,17,绍,Rule-generated Stage7 member for 合成王氏.,False
1091007,7007,王慧雅,female,1741-01-01,1800-12-31,17,绍,Rule-generated Stage7 member for 合成王氏.,False
1091008,7007,王景成,male,1737-01-01,1770-12-31,17,绍,Rule-generated Stage7 member for 合成王氏.,False
1091009,7007,王绍兰,female,1735-01-01,1808-12-31,17,绍,Rule-generated Stage7 member for 合成王氏.,False
1091010,7007,王绍国,male,1740-01-01,1811-12-31,17,绍,Rule-generated Stage7 member for 合成王氏.,False
1091011,7007,王兰兰,female,1737-01-01,1772-12-31,17,绍,Rule-generated Stage7 member for 合成王氏.,False
1091012,7007,王绍德,male,1740-01-01,1791-12-31,17,绍,Rule-generated Stage7 member for 合成王氏.,False
1091013,7007,王安宁,female,1735-01-01,1774-12-31,17,绍,Rule-generated Stage7 member for 合成王氏.,False
1091014,7007,王明强,male,1737-01-01,1807-12-31,17,绍,Rule-generated Stage7 member for 合成王氏.,False
1091015,7007,王绍兰,female,1736-01-01,1787-12-31,17,绍,Rule-generated Stage7 member for 合成王氏.,False
1091016,7007,王绍国,male,1741-01-01,1812-12-31,17,绍,Rule-generated Stage7 member for 合成王氏.,False
1091017,7007,王慧雅,female,1736-01-01,1823-12-31,17,绍,Rule-generated Stage7 member for 合成王氏.,False
1091018,7007,王绍景,male,1737-01-01,1790-12-31,17,绍,Rule-generated Stage7 member for 合成王氏.,False
1091019,7007,王绍雅,female,1738-01-01,1790-12-31,17,绍,Rule-generated Stage7 member for 合成王氏.,False
1091020,7007,王丽,male,1736-01-01,1794-12-31,17,绍,Rule-generated Stage7 member for 合成王氏.,False
1091021,7007,王绍丽,female,1735-01-01,1814-12-31,17,绍,Rule-generated Stage7 member for 合成王氏.,False
1091022,7007,王绍德,male,1738-01-01,1832-12-31,17,绍,Rule-generated Stage7 member for 合成王氏.,False
1091023,7007,王兰梅,female,1741-01-01,1807-12-31,17,绍,Rule-generated Stage7 member for 合成王氏.,False
1091024,7007,王绍承,male,1741-01-01,1816-12-31,17,绍,Rule-generated Stage7 member for 合成王氏.,False
1091025,7007,王玉宁,female,1737-01-01,1791-12-31,17,绍,Rule-generated Stage7 member for 合成王氏.,False
1091026,7007,王绍承,male,1736-01-01,1810-12-31,17,绍,Rule-generated Stage7 member for 合成王氏.,False
1091027,7007,王绍华,female,1736-01-01,1804-12-31,17,绍,Rule-generated Stage7 member for 合成王氏.,False
1091028,7007,王绍伟,male,1739-01-01,1834-12-31,17,绍,Rule-generated Stage7 member for 合成王氏.,False
1091029,7007,王绍清,female,1740-01-01,1806-12-31,17,绍,Rule-generated Stage7 member for 合成王氏.,False
1091030,7007,王安明,male,1735-01-01,1814-12-31,17,绍,Rule-generated Stage7 member for 合成王氏.,False
1091031,7007,王绍华,female,1740-01-01,1843-12-31,17,绍,Rule-generated Stage7 member for 合成王氏.,False
1091032,7007,王绍安,male,1739-01-01,1767-12-31,17,绍,Rule-generated Stage7 member for 合成王氏.,False
1091033,7007,王绍宁,female,1735-01-01,1803-12-31,17,绍,Rule-generated Stage7 member for 合成王氏.,False
1091034,7007,王绍德,male,1735-01-01,1796-12-31,17,绍,Rule-generated Stage7 member for 合成王氏.,False
1091035,7007,王绍清,female,1737-01-01,1826-12-31,17,绍,Rule-generated Stage7 member for 合成王氏.,False
1091036,7007,王宗国,male,1736-01-01,1839-12-31,17,绍,Rule-generated Stage7 member for 合成王氏.,False
1091037,7007,王绍清,female,1738-01-01,1832-12-31,17,绍,Rule-generated Stage7 member for 合成王氏.,False
1091038,7007,王绍强,male,1740-01-01,1799-12-31,17,绍,Rule-generated Stage7 member for 合成王氏.,False
1091039,7007,王安玉,female,1737-01-01,1784-12-31,17,绍,Rule-generated Stage7 member for 合成王氏.,False
1091040,7007,王成世,male,1738-01-01,1804-12-31,17,绍,Rule-generated Stage7 member for 合成王氏.,False
1091041,7007,王雅敏,female,1740-01-01,1832-12-31,17,绍,Rule-generated Stage7 member for 合成王氏.,False
1091042,7007,王绍安,male,1737-01-01,1811-12-31,17,绍,Rule-generated Stage7 member for 合成王氏.,False
1091043,7007,王绍清,female,1735-01-01,1831-12-31,17,绍,Rule-generated Stage7 member for 合成王氏.,False
1091044,7007,王宗承,male,1735-01-01,1797-12-31,17,绍,Rule-generated Stage7 member for 合成王氏.,False
1091045,7007,王兰芳,female,1737-01-01,1809-12-31,17,绍,Rule-generated Stage7 member for 合成王氏.,False
1091046,7007,王世文,male,1740-01-01,1784-12-31,17,绍,Rule-generated Stage7 member for 合成王氏.,False
1091047,7007,王绍安,female,1735-01-01,1803-12-31,17,绍,Rule-generated Stage7 member for 合成王氏.,False
1091048,7007,王承文,male,1740-01-01,1841-12-31,17,绍,Rule-generated Stage7 member for 合成王氏.,False
1091049,7007,王绍雅,female,1738-01-01,1791-12-31,17,绍,Rule-generated Stage7 member for 合成王氏.,False
1091050,7007,王绍国,male,1735-01-01,1810-12-31,17,绍,Rule-generated Stage7 member for 合成王氏.,False
1091051,7007,王安安,female,1737-01-01,1805-12-31,17,绍,Rule-generated Stage7 member for 合成王氏.,False
1091052,7007,王绍世,male,1740-01-01,1780-12-31,17,绍,Rule-generated Stage7 member for 合成王氏.,False
1091053,7007,王绍丽,female,1740-01-01,1806-12-31,17,绍,Rule-generated Stage7 member for 合成王氏.,False
1091054,7007,王景安,male,1738-01-01,1809-12-31,17,绍,Rule-generated Stage7 member for 合成王氏.,False
1091055,7007,王绍兰,female,1741-01-01,1776-12-31,17,绍,Rule-generated Stage7 member for 合成王氏.,False
1091056,7007,王绍明,male,1735-01-01,1831-12-31,17,绍,Rule-generated Stage7 member for 合成王氏.,False
1091057,7007,王玉宁,female,1736-01-01,1770-12-31,17,绍,Rule-generated Stage7 member for 合成王氏.,False
1091058,7007,王绍承,male,1740-01-01,1797-12-31,17,绍,Rule-generated Stage7 member for 合成王氏.,False
1091059,7007,王绍清,female,1736-01-01,1782-12-31,17,绍,Rule-generated Stage7 member for 合成王氏.,False
1091060,7007,王绍德,male,1741-01-01,1827-12-31,17,绍,Rule-generated Stage7 member for 合成王氏.,False
1091061,7007,王绍慧,female,1737-01-01,1805-12-31,17,绍,Rule-generated Stage7 member for 合成王氏.,False
1091062,7007,王绍文,male,1735-01-01,1828-12-31,17,绍,Rule-generated Stage7 member for 合成王氏.,False
1091063,7007,王雅雅,female,1736-01-01,1801-12-31,17,绍,Rule-generated Stage7 member for 合成王氏.,False
1091064,7007,王绍世,male,1735-01-01,1799-12-31,17,绍,Rule-generated Stage7 member for 合成王氏.,False
1091065,7007,王绍兰,female,1739-01-01,1817-12-31,17,绍,Rule-generated Stage7 member for 合成王氏.,False
1091066,7007,王景强,male,1738-01-01,1809-12-31,17,绍,Rule-generated Stage7 member for 合成王氏.,False
1091067,7007,王绍芳,female,1736-01-01,1785-12-31,17,绍,Rule-generated Stage7 member for 合成王氏.,False
1091068,7007,王国安,male,1735-01-01,1791-12-31,17,绍,Rule-generated Stage7 member for 合成王氏.,False
1091069,7007,王绍清,female,1736-01-01,1816-12-31,17,绍,Rule-generated Stage7 member for 合成王氏.,False
1091070,7007,王强国,male,1741-01-01,1809-12-31,17,绍,Rule-generated Stage7 member for 合成王氏.,False
1091071,7007,王宁华,female,1736-01-01,1791-12-31,17,绍,Rule-generated Stage7 member for 合成王氏.,False
1091072,7007,王绍文,male,1735-01-01,1797-12-31,17,绍,Rule-generated Stage7 member for 合成王氏.,False
1091073,7007,王绍华,female,1738-01-01,1842-12-31,17,绍,Rule-generated Stage7 member for 合成王氏.,False
1091074,7007,王文文,male,1737-01-01,1770-12-31,17,绍,Rule-generated Stage7 member for 合成王氏.,False
1091075,7007,王绍玉,female,1735-01-01,1777-12-31,17,绍,Rule-generated Stage7 member for 合成王氏.,False
1091076,7007,王安成,male,1739-01-01,1783-12-31,17,绍,Rule-generated Stage7 member for 合成王氏.,False
1091077,7007,王绍丽,female,1741-01-01,1807-12-31,17,绍,Rule-generated Stage7 member for 合成王氏.,False
1091078,7007,王绍明,male,1735-01-01,1788-12-31,17,绍,Rule-generated Stage7 member for 合成王氏.,False
1091079,7007,王慧华,female,1738-01-01,1806-12-31,17,绍,Rule-generated Stage7 member for 合成王氏.,False
1091080,7007,王绍成,male,1736-01-01,1795-12-31,17,绍,Rule-generated Stage7 member for 合成王氏.,False
1091081,7007,王绍敏,female,1737-01-01,1827-12-31,17,绍,Rule-generated Stage7 member for 合成王氏.,False
1091082,7007,王世伟,male,1736-01-01,1802-12-31,17,绍,Rule-generated Stage7 member for 合成王氏.,False
1091083,7007,王绍华,female,1741-01-01,1804-12-31,17,绍,Rule-generated Stage7 member for 合成王氏.,False
1091084,7007,王国国,male,1735-01-01,1769-12-31,17,绍,Rule-generated Stage7 member for 合成王氏.,False
1091085,7007,王绍安,female,1736-01-01,1772-12-31,17,绍,Rule-generated Stage7 member for 合成王氏.,False
1091086,7007,王绍承,male,1740-01-01,1811-12-31,17,绍,Rule-generated Stage7 member for 合成王氏.,False
1091087,7007,王敏,female,1736-01-01,1836-12-31,17,绍,Rule-generated Stage7 member for 合成王氏.,False
1091088,7007,王绍伟,male,1737-01-01,1805-12-31,17,绍,Rule-generated Stage7 member for 合成王氏.,False
1091089,7007,王丽,female,1735-01-01,1792-12-31,17,绍,Rule-generated Stage7 member for 合成王氏.,False
1091090,7007,王绍伟,male,1735-01-01,1797-12-31,17,绍,Rule-generated Stage7 member for 合成王氏.,False
1091091,7007,王梅敏,female,1735-01-01,1813-12-31,17,绍,Rule-generated Stage7 member for 合成王氏.,False
1091092,7007,王丽,male,1740-01-01,1779-12-31,17,绍,Rule-generated Stage7 member for 合成王氏.,False
1091093,7007,王丽华,female,1738-01-01,1797-12-31,17,绍,Rule-generated Stage7 member for 合成王氏.,False
1091094,7007,王宗成,male,1741-01-01,1794-12-31,17,绍,Rule-generated Stage7 member for 合成王氏.,False
1091095,7007,王绍芳,female,1739-01-01,1811-12-31,17,绍,Rule-generated Stage7 member for 合成王氏.,False
1091096,7007,王绍明,male,1736-01-01,1809-12-31,17,绍,Rule-generated Stage7 member for 合成王氏.,False
1091097,7007,王清芳,female,1738-01-01,1825-12-31,17,绍,Rule-generated Stage7 member for 合成王氏.,False
1091098,7007,王安景,male,1736-01-01,1798-12-31,17,绍,Rule-generated Stage7 member for 合成王氏.,False
1091099,7007,王绍雅,female,1737-01-01,1804-12-31,17,绍,Rule-generated Stage7 member for 合成王氏.,False
1091100,7007,王绍德,male,1735-01-01,1806-12-31,17,绍,Rule-generated Stage7 member for 合成王氏.,False
1091101,7007,王绍芳,female,1735-01-01,1805-12-31,17,绍,Rule-generated Stage7 member for 合成王氏.,False
1091102,7007,王绍承,male,1736-01-01,1777-12-31,17,绍,Rule-generated Stage7 member for 合成王氏.,False
1091103,7007,王丽慧,female,1741-01-01,1790-12-31,17,绍,Rule-generated Stage7 member for 合成王氏.,False
1091104,7007,王绍安,male,1740-01-01,1824-12-31,17,绍,Rule-generated Stage7 member for 合成王氏.,False
1091105,7007,王安慧,female,1739-01-01,1781-12-31,17,绍,Rule-generated Stage7 member for 合成王氏.,False
1091106,7007,王国成,male,1736-01-01,1795-12-31,17,绍,Rule-generated Stage7 member for 合成王氏.,False
1091107,7007,王明,female,1737-01-01,1793-12-31,17,绍,Rule-generated Stage7 member for 合成王氏.,False
1091108,7007,王绍明,male,1738-01-01,1790-12-31,17,绍,Rule-generated Stage7 member for 合成王氏.,False
1091109,7007,王兰清,female,1738-01-01,1792-12-31,17,绍,Rule-generated Stage7 member for 合成王氏.,False
1091110,7007,王景世,male,1738-01-01,1813-12-31,17,绍,Rule-generated Stage7 member for 合成王氏.,False
1091111,7007,王丽,female,1736-01-01,1768-12-31,17,绍,Rule-generated Stage7 member for 合成王氏.,False
1091112,7007,王绍文,male,1739-01-01,1792-12-31,17,绍,Rule-generated Stage7 member for 合成王氏.,False
1091113,7007,王安雅,female,1736-01-01,1793-12-31,17,绍,Rule-generated Stage7 member for 合成王氏.,False
1091114,7007,王明,male,1739-01-01,1771-12-31,17,绍,Rule-generated Stage7 member for 合成王氏.,False
1091115,7007,王绍清,female,1739-01-01,1771-12-31,17,绍,Rule-generated Stage7 member for 合成王氏.,False
1091116,7007,王绍宗,male,1739-01-01,1794-12-31,17,绍,Rule-generated Stage7 member for 合成王氏.,False
1091117,7007,王绍宁,female,1737-01-01,1837-12-31,17,绍,Rule-generated Stage7 member for 合成王氏.,False
1091118,7007,王国承,male,1737-01-01,1802-12-31,17,绍,Rule-generated Stage7 member for 合成王氏.,False
1091119,7007,王华,female,1737-01-01,1793-12-31,17,绍,Rule-generated Stage7 member for 合成王氏.,False
1091120,7007,王丽,male,1738-01-01,1771-12-31,17,绍,Rule-generated Stage7 member for 合成王氏.,False
1091121,7007,王宁清,female,1736-01-01,1799-12-31,17,绍,Rule-generated Stage7 member for 合成王氏.,False
1091122,7007,王绍明,male,1735-01-01,1814-12-31,17,绍,Rule-generated Stage7 member for 合成王氏.,False
1091123,7007,王绍丽,female,1738-01-01,1773-12-31,17,绍,Rule-generated Stage7 member for 合成王氏.,False
1091124,7007,王绍强,male,1738-01-01,1815-12-31,17,绍,Rule-generated Stage7 member for 合成王氏.,False
1091125,7007,王绍华,female,1738-01-01,1802-12-31,17,绍,Rule-generated Stage7 member for 合成王氏.,False
1091126,7007,王伟,male,1738-01-01,1783-12-31,17,绍,Rule-generated Stage7 member for 合成王氏.,False
1091127,7007,王清雅,female,1738-01-01,1793-12-31,17,绍,Rule-generated Stage7 member for 合成王氏.,False
1091128,7007,王绍明,male,1738-01-01,1802-12-31,17,绍,Rule-generated Stage7 member for 合成王氏.,False
1091129,7007,王绍芳,female,1737-01-01,1800-12-31,17,绍,Rule-generated Stage7 member for 合成王氏.,False
1091130,7007,王绍明,male,1738-01-01,1804-12-31,17,绍,Rule-generated Stage7 member for 合成王氏.,False
1091131,7007,王绍华,female,1735-01-01,1821-12-31,17,绍,Rule-generated Stage7 member for 合成王氏.,False
1091132,7007,王伟德,male,1740-01-01,1787-12-31,17,绍,Rule-generated Stage7 member for 合成王氏.,False
1091133,7007,王丽,female,1739-01-01,1816-12-31,17,绍,Rule-generated Stage7 member for 合成王氏.,False
1091134,7007,王绍国,male,1736-01-01,1786-12-31,17,绍,Rule-generated Stage7 member for 合成王氏.,False
1091135,7007,王绍慧,female,1739-01-01,1803-12-31,17,绍,Rule-generated Stage7 member for 合成王氏.,False
1091136,7007,王国宗,male,1741-01-01,1803-12-31,17,绍,Rule-generated Stage7 member for 合成王氏.,False
1091137,7007,王绍华,female,1737-01-01,1829-12-31,17,绍,Rule-generated Stage7 member for 合成王氏.,False
1091138,7007,王丽,male,1737-01-01,1816-12-31,17,绍,Rule-generated Stage7 member for 合成王氏.,False
1091139,7007,王绍慧,female,1741-01-01,1805-12-31,17,绍,Rule-generated Stage7 member for 合成王氏.,False
1091140,7007,王绍承,male,1735-01-01,1817-12-31,17,绍,Rule-generated Stage7 member for 合成王氏.,False
1091141,7007,王绍玉,female,1738-01-01,1775-12-31,17,绍,Rule-generated Stage7 member for 合成王氏.,False
1091142,7007,王绍宗,male,1740-01-01,1815-12-31,17,绍,Rule-generated Stage7 member for 合成王氏.,False
1091143,7007,王兰华,female,1739-01-01,1806-12-31,17,绍,Rule-generated Stage7 member for 合成王氏.,False
1091144,7007,王绍明,male,1740-01-01,1813-12-31,17,绍,Rule-generated Stage7 member for 合成王氏.,False
1091145,7007,王绍宁,female,1739-01-01,1811-12-31,17,绍,Rule-generated Stage7 member for 合成王氏.,False
1091146,7007,王强明,male,1740-01-01,1785-12-31,17,绍,Rule-generated Stage7 member for 合成王氏.,False
1091147,7007,王绍兰,female,1740-01-01,1806-12-31,17,绍,Rule-generated Stage7 member for 合成王氏.,False
1091148,7007,王绍文,male,1740-01-01,1782-12-31,17,绍,Rule-generated Stage7 member for 合成王氏.,False
1091149,7007,王兰芳,female,1737-01-01,1794-12-31,17,绍,Rule-generated Stage7 member for 合成王氏.,False
1091150,7007,王绍宗,male,1736-01-01,1801-12-31,17,绍,Rule-generated Stage7 member for 合成王氏.,False
1091151,7007,王玉清,female,1740-01-01,1809-12-31,17,绍,Rule-generated Stage7 member for 合成王氏.,False
1091152,7007,王绍宗,male,1736-01-01,1791-12-31,17,绍,Rule-generated Stage7 member for 合成王氏.,False
1091153,7007,王绍芳,female,1738-01-01,1769-12-31,17,绍,Rule-generated Stage7 member for 合成王氏.,False
1091154,7007,王绍承,male,1736-01-01,1781-12-31,17,绍,Rule-generated Stage7 member for 合成王氏.,False
1091155,7007,王绍宁,female,1737-01-01,1813-12-31,17,绍,Rule-generated Stage7 member for 合成王氏.,False
1091156,7007,王绍国,male,1735-01-01,1785-12-31,17,绍,Rule-generated Stage7 member for 合成王氏.,False
1091157,7007,王绍芳,female,1738-01-01,1812-12-31,17,绍,Rule-generated Stage7 member for 合成王氏.,False
1091158,7007,王世国,male,1741-01-01,1805-12-31,17,绍,Rule-generated Stage7 member for 合成王氏.,False
1091159,7007,王绍雅,female,1738-01-01,1809-12-31,17,绍,Rule-generated Stage7 member for 合成王氏.,False
1091160,7007,王绍安,male,1741-01-01,1836-12-31,17,绍,Rule-generated Stage7 member for 合成王氏.,False
1091161,7007,王雅宁,female,1737-01-01,1810-12-31,17,绍,Rule-generated Stage7 member for 合成王氏.,False
1091162,7007,王丽,male,1736-01-01,1795-12-31,17,绍,Rule-generated Stage7 member for 合成王氏.,False
1091163,7007,王绍宁,female,1738-01-01,1782-12-31,17,绍,Rule-generated Stage7 member for 合成王氏.,False
1091164,7007,王伟,male,1738-01-01,1826-12-31,17,绍,Rule-generated Stage7 member for 合成王氏.,False
1091165,7007,王雅丽,female,1736-01-01,1803-12-31,17,绍,Rule-generated Stage7 member for 合成王氏.,False
1091166,7007,王启承,male,1758-01-01,1827-12-31,18,启,Rule-generated Stage7 member for 合成王氏.,False
1091167,7007,王启清,female,1760-01-01,1845-12-31,18,启,Rule-generated Stage7 member for 合成王氏.,False
1091168,7007,王伟,male,1756-01-01,1851-12-31,18,启,Rule-generated Stage7 member for 合成王氏.,False
1091169,7007,王启雅,female,1756-01-01,1838-12-31,18,启,Rule-generated Stage7 member for 合成王氏.,False
1091170,7007,王启明,male,1756-01-01,1805-12-31,18,启,Rule-generated Stage7 member for 合成王氏.,False
1091171,7007,王启慧,female,1762-01-01,1829-12-31,18,启,Rule-generated Stage7 member for 合成王氏.,False
1091172,7007,王启安,male,1759-01-01,1817-12-31,18,启,Rule-generated Stage7 member for 合成王氏.,False
1091173,7007,王启芳,female,1759-01-01,1817-12-31,18,启,Rule-generated Stage7 member for 合成王氏.,False
1091174,7007,王成伟,male,1762-01-01,1829-12-31,18,启,Rule-generated Stage7 member for 合成王氏.,False
1091175,7007,王兰宁,female,1760-01-01,1807-12-31,18,启,Rule-generated Stage7 member for 合成王氏.,False
1091176,7007,王强,male,1758-01-01,1815-12-31,18,启,Rule-generated Stage7 member for 合成王氏.,False
1091177,7007,王安雅,female,1757-01-01,1805-12-31,18,启,Rule-generated Stage7 member for 合成王氏.,False
1091178,7007,王敏,male,1759-01-01,1827-12-31,18,启,Rule-generated Stage7 member for 合成王氏.,False
1091179,7007,王启雅,female,1760-01-01,1795-12-31,18,启,Rule-generated Stage7 member for 合成王氏.,False
1091180,7007,王国世,male,1756-01-01,1810-12-31,18,启,Rule-generated Stage7 member for 合成王氏.,False
1091181,7007,王芳芳,female,1759-01-01,1798-12-31,18,启,Rule-generated Stage7 member for 合成王氏.,False
1091182,7007,王启德,male,1759-01-01,1810-12-31,18,启,Rule-generated Stage7 member for 合成王氏.,False
1091183,7007,王启玉,female,1760-01-01,1795-12-31,18,启,Rule-generated Stage7 member for 合成王氏.,False
1091184,7007,王承安,male,1756-01-01,1861-12-31,18,启,Rule-generated Stage7 member for 合成王氏.,False
1091185,7007,王安宁,female,1757-01-01,1791-12-31,18,启,Rule-generated Stage7 member for 合成王氏.,False
1091186,7007,王启国,male,1759-01-01,1817-12-31,18,启,Rule-generated Stage7 member for 合成王氏.,False
1091187,7007,王启丽,female,1760-01-01,1840-12-31,18,启,Rule-generated Stage7 member for 合成王氏.,False
1091188,7007,王启国,male,1757-01-01,1828-12-31,18,启,Rule-generated Stage7 member for 合成王氏.,False
1091189,7007,王雅敏,female,1759-01-01,1817-12-31,18,启,Rule-generated Stage7 member for 合成王氏.,False
1091190,7007,王伟承,male,1761-01-01,1834-12-31,18,启,Rule-generated Stage7 member for 合成王氏.,False
1091191,7007,王丽丽,female,1759-01-01,1816-12-31,18,启,Rule-generated Stage7 member for 合成王氏.,False
1091192,7007,王启德,male,1759-01-01,1830-12-31,18,启,Rule-generated Stage7 member for 合成王氏.,False
1091193,7007,王启慧,female,1758-01-01,1802-12-31,18,启,Rule-generated Stage7 member for 合成王氏.,False
1091194,7007,王启景,male,1761-01-01,1809-12-31,18,启,Rule-generated Stage7 member for 合成王氏.,False
1091195,7007,王启梅,female,1757-01-01,1831-12-31,18,启,Rule-generated Stage7 member for 合成王氏.,False
1091196,7007,王启明,male,1760-01-01,1835-12-31,18,启,Rule-generated Stage7 member for 合成王氏.,False
1091197,7007,王启丽,female,1756-01-01,1834-12-31,18,启,Rule-generated Stage7 member for 合成王氏.,False
1091198,7007,王伟,male,1761-01-01,1832-12-31,18,启,Rule-generated Stage7 member for 合成王氏.,False
1091199,7007,王启清,female,1760-01-01,1826-12-31,18,启,Rule-generated Stage7 member for 合成王氏.,False
1091200,7007,王启强,male,1760-01-01,1827-12-31,18,启,Rule-generated Stage7 member for 合成王氏.,False
1091201,7007,王雅敏,female,1758-01-01,1797-12-31,18,启,Rule-generated Stage7 member for 合成王氏.,False
1091202,7007,王启国,male,1762-01-01,1799-12-31,18,启,Rule-generated Stage7 member for 合成王氏.,False
1091203,7007,王敏雅,female,1760-01-01,1832-12-31,18,启,Rule-generated Stage7 member for 合成王氏.,False
1091204,7007,王启承,male,1757-01-01,1825-12-31,18,启,Rule-generated Stage7 member for 合成王氏.,False
1091205,7007,王启宁,female,1762-01-01,1842-12-31,18,启,Rule-generated Stage7 member for 合成王氏.,False
1091206,7007,王启景,male,1756-01-01,1789-12-31,18,启,Rule-generated Stage7 member for 合成王氏.,False
1091207,7007,王丽宁,female,1761-01-01,1842-12-31,18,启,Rule-generated Stage7 member for 合成王氏.,False
1091208,7007,王安世,male,1759-01-01,1840-12-31,18,启,Rule-generated Stage7 member for 合成王氏.,False
1091209,7007,王慧安,female,1759-01-01,1823-12-31,18,启,Rule-generated Stage7 member for 合成王氏.,False
1091210,7007,王启承,male,1757-01-01,1787-12-31,18,启,Rule-generated Stage7 member for 合成王氏.,False
1091211,7007,王启敏,female,1762-01-01,1831-12-31,18,启,Rule-generated Stage7 member for 合成王氏.,False
1091212,7007,王启明,male,1761-01-01,1847-12-31,18,启,Rule-generated Stage7 member for 合成王氏.,False
1091213,7007,王华,female,1760-01-01,1836-12-31,18,启,Rule-generated Stage7 member for 合成王氏.,False
1091214,7007,王承世,male,1756-01-01,1857-12-31,18,启,Rule-generated Stage7 member for 合成王氏.,False
1091215,7007,王启华,female,1757-01-01,1792-12-31,18,启,Rule-generated Stage7 member for 合成王氏.,False
1091216,7007,王敏,male,1762-01-01,1848-12-31,18,启,Rule-generated Stage7 member for 合成王氏.,False
1091217,7007,王兰华,female,1759-01-01,1829-12-31,18,启,Rule-generated Stage7 member for 合成王氏.,False
1091218,7007,王承成,male,1757-01-01,1831-12-31,18,启,Rule-generated Stage7 member for 合成王氏.,False
1091219,7007,王启宁,female,1762-01-01,1832-12-31,18,启,Rule-generated Stage7 member for 合成王氏.,False
1091220,7007,王启文,male,1759-01-01,1848-12-31,18,启,Rule-generated Stage7 member for 合成王氏.,False
1091221,7007,王启华,female,1761-01-01,1789-12-31,18,启,Rule-generated Stage7 member for 合成王氏.,False
1091222,7007,王启景,male,1756-01-01,1817-12-31,18,启,Rule-generated Stage7 member for 合成王氏.,False
1091223,7007,王启慧,female,1762-01-01,1835-12-31,18,启,Rule-generated Stage7 member for 合成王氏.,False
1091224,7007,王成伟,male,1762-01-01,1834-12-31,18,启,Rule-generated Stage7 member for 合成王氏.,False
1091225,7007,王玉慧,female,1756-01-01,1818-12-31,18,启,Rule-generated Stage7 member for 合成王氏.,False
1091226,7007,王启承,male,1757-01-01,1820-12-31,18,启,Rule-generated Stage7 member for 合成王氏.,False
1091227,7007,王启雅,female,1762-01-01,1807-12-31,18,启,Rule-generated Stage7 member for 合成王氏.,False
1091228,7007,王启强,male,1759-01-01,1838-12-31,18,启,Rule-generated Stage7 member for 合成王氏.,False
1091229,7007,王启玉,female,1756-01-01,1815-12-31,18,启,Rule-generated Stage7 member for 合成王氏.,False
1091230,7007,王启世,male,1756-01-01,1789-12-31,18,启,Rule-generated Stage7 member for 合成王氏.,False
1091231,7007,王启丽,female,1757-01-01,1793-12-31,18,启,Rule-generated Stage7 member for 合成王氏.,False
1091232,7007,王强,male,1762-01-01,1836-12-31,18,启,Rule-generated Stage7 member for 合成王氏.,False
1091233,7007,王启丽,female,1757-01-01,1826-12-31,18,启,Rule-generated Stage7 member for 合成王氏.,False
1091234,7007,王丽,male,1757-01-01,1825-12-31,18,启,Rule-generated Stage7 member for 合成王氏.,False
1091235,7007,王慧敏,female,1760-01-01,1826-12-31,18,启,Rule-generated Stage7 member for 合成王氏.,False
1091236,7007,王启承,male,1760-01-01,1798-12-31,18,启,Rule-generated Stage7 member for 合成王氏.,False
1091237,7007,王启慧,female,1759-01-01,1818-12-31,18,启,Rule-generated Stage7 member for 合成王氏.,False
1091238,7007,王启宗,male,1759-01-01,1794-12-31,18,启,Rule-generated Stage7 member for 合成王氏.,False
1091239,7007,王启慧,female,1762-01-01,1855-12-31,18,启,Rule-generated Stage7 member for 合成王氏.,False
1091240,7007,王启德,male,1760-01-01,1801-12-31,18,启,Rule-generated Stage7 member for 合成王氏.,False
1091241,7007,王华,female,1758-01-01,1846-12-31,18,启,Rule-generated Stage7 member for 合成王氏.,False
1091242,7007,王启安,male,1758-01-01,1844-12-31,18,启,Rule-generated Stage7 member for 合成王氏.,False
1091243,7007,王启安,female,1761-01-01,1864-12-31,18,启,Rule-generated Stage7 member for 合成王氏.,False
1091244,7007,王启安,male,1757-01-01,1829-12-31,18,启,Rule-generated Stage7 member for 合成王氏.,False
1091245,7007,王启清,female,1760-01-01,1818-12-31,18,启,Rule-generated Stage7 member for 合成王氏.,False
1091246,7007,王启世,male,1758-01-01,1839-12-31,18,启,Rule-generated Stage7 member for 合成王氏.,False
1091247,7007,王启敏,female,1760-01-01,1810-12-31,18,启,Rule-generated Stage7 member for 合成王氏.,False
1091248,7007,王启景,male,1760-01-01,1830-12-31,18,启,Rule-generated Stage7 member for 合成王氏.,False
1091249,7007,王启清,female,1762-01-01,1822-12-31,18,启,Rule-generated Stage7 member for 合成王氏.,False
1091250,7007,王伟,male,1756-01-01,1830-12-31,18,启,Rule-generated Stage7 member for 合成王氏.,False
1091251,7007,王启宁,female,1758-01-01,1814-12-31,18,启,Rule-generated Stage7 member for 合成王氏.,False
1091252,7007,王启国,male,1760-01-01,1794-12-31,18,启,Rule-generated Stage7 member for 合成王氏.,False
1091253,7007,王敏安,female,1758-01-01,1798-12-31,18,启,Rule-generated Stage7 member for 合成王氏.,False
1091254,7007,王启强,male,1758-01-01,1819-12-31,18,启,Rule-generated Stage7 member for 合成王氏.,False
1091255,7007,王启梅,female,1757-01-01,1849-12-31,18,启,Rule-generated Stage7 member for 合成王氏.,False
1091256,7007,王世承,male,1760-01-01,1829-12-31,18,启,Rule-generated Stage7 member for 合成王氏.,False
1091257,7007,王启玉,female,1759-01-01,1839-12-31,18,启,Rule-generated Stage7 member for 合成王氏.,False
1091258,7007,王启明,male,1757-01-01,1846-12-31,18,启,Rule-generated Stage7 member for 合成王氏.,False
1091259,7007,王启芳,female,1761-01-01,1832-12-31,18,启,Rule-generated Stage7 member for 合成王氏.,False
1091260,7007,王启强,male,1762-01-01,1865-12-31,18,启,Rule-generated Stage7 member for 合成王氏.,False
1091261,7007,王雅敏,female,1758-01-01,1818-12-31,18,启,Rule-generated Stage7 member for 合成王氏.,False
1091262,7007,王启世,male,1760-01-01,1823-12-31,18,启,Rule-generated Stage7 member for 合成王氏.,False
1091263,7007,王启慧,female,1758-01-01,1838-12-31,18,启,Rule-generated Stage7 member for 合成王氏.,False
1091264,7007,王启成,male,1761-01-01,1802-12-31,18,启,Rule-generated Stage7 member for 合成王氏.,False
1091265,7007,王宁芳,female,1761-01-01,1844-12-31,18,启,Rule-generated Stage7 member for 合成王氏.,False
1091266,7007,王启德,male,1761-01-01,1837-12-31,18,启,Rule-generated Stage7 member for 合成王氏.,False
1091267,7007,王启清,female,1761-01-01,1786-12-31,18,启,Rule-generated Stage7 member for 合成王氏.,False
1091268,7007,王启成,male,1756-01-01,1840-12-31,18,启,Rule-generated Stage7 member for 合成王氏.,False
1091269,7007,王启丽,female,1759-01-01,1847-12-31,18,启,Rule-generated Stage7 member for 合成王氏.,False
1091270,7007,王启德,male,1759-01-01,1849-12-31,18,启,Rule-generated Stage7 member for 合成王氏.,False
1091271,7007,王雅清,female,1758-01-01,1823-12-31,18,启,Rule-generated Stage7 member for 合成王氏.,False
1091272,7007,王丽,male,1758-01-01,1782-12-31,18,启,Rule-generated Stage7 member for 合成王氏.,False
1091273,7007,王兰芳,female,1760-01-01,1826-12-31,18,启,Rule-generated Stage7 member for 合成王氏.,False
1091274,7007,王强,male,1761-01-01,1836-12-31,18,启,Rule-generated Stage7 member for 合成王氏.,False
1091275,7007,王启宁,female,1756-01-01,1818-12-31,18,启,Rule-generated Stage7 member for 合成王氏.,False
1091276,7007,王启明,male,1761-01-01,1820-12-31,18,启,Rule-generated Stage7 member for 合成王氏.,False
1091277,7007,王启丽,female,1760-01-01,1840-12-31,18,启,Rule-generated Stage7 member for 合成王氏.,False
1091278,7007,王启宗,male,1757-01-01,1826-12-31,18,启,Rule-generated Stage7 member for 合成王氏.,False
1091279,7007,王启兰,female,1756-01-01,1786-12-31,18,启,Rule-generated Stage7 member for 合成王氏.,False
1091280,7007,王启宗,male,1756-01-01,1850-12-31,18,启,Rule-generated Stage7 member for 合成王氏.,False
1091281,7007,王启丽,female,1756-01-01,1832-12-31,18,启,Rule-generated Stage7 member for 合成王氏.,False
1091282,7007,王启强,male,1762-01-01,1827-12-31,18,启,Rule-generated Stage7 member for 合成王氏.,False
1091283,7007,王启梅,female,1760-01-01,1831-12-31,18,启,Rule-generated Stage7 member for 合成王氏.,False
1091284,7007,王启承,male,1756-01-01,1791-12-31,18,启,Rule-generated Stage7 member for 合成王氏.,False
1091285,7007,王丽雅,female,1758-01-01,1841-12-31,18,启,Rule-generated Stage7 member for 合成王氏.,False
1091286,7007,王启承,male,1760-01-01,1830-12-31,18,启,Rule-generated Stage7 member for 合成王氏.,False
1091287,7007,王启梅,female,1757-01-01,1803-12-31,18,启,Rule-generated Stage7 member for 合成王氏.,False
1091288,7007,王启承,male,1762-01-01,1792-12-31,18,启,Rule-generated Stage7 member for 合成王氏.,False
1091289,7007,王华慧,female,1761-01-01,1844-12-31,18,启,Rule-generated Stage7 member for 合成王氏.,False
1091290,7007,王承明,male,1762-01-01,1813-12-31,18,启,Rule-generated Stage7 member for 合成王氏.,False
1091291,7007,王明,female,1758-01-01,1829-12-31,18,启,Rule-generated Stage7 member for 合成王氏.,False
1091292,7007,王启国,male,1760-01-01,1846-12-31,18,启,Rule-generated Stage7 member for 合成王氏.,False
1091293,7007,王启华,female,1759-01-01,1839-12-31,18,启,Rule-generated Stage7 member for 合成王氏.,False
1091294,7007,王成成,male,1756-01-01,1838-12-31,18,启,Rule-generated Stage7 member for 合成王氏.,False
1091295,7007,王丽,female,1758-01-01,1837-12-31,18,启,Rule-generated Stage7 member for 合成王氏.,False
1091296,7007,王伟伟,male,1760-01-01,1838-12-31,18,启,Rule-generated Stage7 member for 合成王氏.,False
1091297,7007,王敏芳,female,1759-01-01,1807-12-31,18,启,Rule-generated Stage7 member for 合成王氏.,False
1091298,7007,王启德,male,1760-01-01,1837-12-31,18,启,Rule-generated Stage7 member for 合成王氏.,False
1091299,7007,王启清,female,1759-01-01,1816-12-31,18,启,Rule-generated Stage7 member for 合成王氏.,False
1091300,7007,王安德,male,1756-01-01,1837-12-31,18,启,Rule-generated Stage7 member for 合成王氏.,False
1091301,7007,王启梅,female,1760-01-01,1814-12-31,18,启,Rule-generated Stage7 member for 合成王氏.,False
1091302,7007,王启明,male,1760-01-01,1831-12-31,18,启,Rule-generated Stage7 member for 合成王氏.,False
1091303,7007,王启梅,female,1761-01-01,1807-12-31,18,启,Rule-generated Stage7 member for 合成王氏.,False
1091304,7007,王明成,male,1758-01-01,1822-12-31,18,启,Rule-generated Stage7 member for 合成王氏.,False
1091305,7007,王启丽,female,1760-01-01,1836-12-31,18,启,Rule-generated Stage7 member for 合成王氏.,False
1091306,7007,王伟,male,1756-01-01,1843-12-31,18,启,Rule-generated Stage7 member for 合成王氏.,False
1091307,7007,王敏清,female,1757-01-01,1822-12-31,18,启,Rule-generated Stage7 member for 合成王氏.,False
1091308,7007,王启承,male,1756-01-01,1824-12-31,18,启,Rule-generated Stage7 member for 合成王氏.,False
1091309,7007,王启玉,female,1757-01-01,1831-12-31,18,启,Rule-generated Stage7 member for 合成王氏.,False
1091310,7007,王启世,male,1760-01-01,1807-12-31,18,启,Rule-generated Stage7 member for 合成王氏.,False
1091311,7007,王启宁,female,1756-01-01,1848-12-31,18,启,Rule-generated Stage7 member for 合成王氏.,False
1091312,7007,王启德,male,1757-01-01,1824-12-31,18,启,Rule-generated Stage7 member for 合成王氏.,False
1091313,7007,王启玉,female,1762-01-01,1823-12-31,18,启,Rule-generated Stage7 member for 合成王氏.,False
1091314,7007,王启强,male,1760-01-01,1845-12-31,18,启,Rule-generated Stage7 member for 合成王氏.,False
1091315,7007,王敏宁,female,1761-01-01,1853-12-31,18,启,Rule-generated Stage7 member for 合成王氏.,False
1091316,7007,王启成,male,1757-01-01,1843-12-31,18,启,Rule-generated Stage7 member for 合成王氏.,False
1091317,7007,王启宁,female,1760-01-01,1810-12-31,18,启,Rule-generated Stage7 member for 合成王氏.,False
1091318,7007,王启安,male,1758-01-01,1851-12-31,18,启,Rule-generated Stage7 member for 合成王氏.,False
1091319,7007,王清雅,female,1757-01-01,1807-12-31,18,启,Rule-generated Stage7 member for 合成王氏.,False
1091320,7007,王宗明,male,1762-01-01,1821-12-31,18,启,Rule-generated Stage7 member for 合成王氏.,False
1091321,7007,王明,female,1762-01-01,1802-12-31,18,启,Rule-generated Stage7 member for 合成王氏.,False
1091322,7007,王启宗,male,1760-01-01,1843-12-31,18,启,Rule-generated Stage7 member for 合成王氏.,False
1091323,7007,王玉宁,female,1760-01-01,1829-12-31,18,启,Rule-generated Stage7 member for 合成王氏.,False
1091324,7007,王启安,male,1760-01-01,1797-12-31,18,启,Rule-generated Stage7 member for 合成王氏.,False
1091325,7007,王启丽,female,1757-01-01,1788-12-31,18,启,Rule-generated Stage7 member for 合成王氏.,False
1091326,7007,王启承,male,1759-01-01,1844-12-31,18,启,Rule-generated Stage7 member for 合成王氏.,False
1091327,7007,王丽,female,1760-01-01,1834-12-31,18,启,Rule-generated Stage7 member for 合成王氏.,False
1091328,7007,王启安,male,1761-01-01,1819-12-31,18,启,Rule-generated Stage7 member for 合成王氏.,False
1091329,7007,王启芳,female,1759-01-01,1824-12-31,18,启,Rule-generated Stage7 member for 合成王氏.,False
1091330,7007,王启德,male,1761-01-01,1804-12-31,18,启,Rule-generated Stage7 member for 合成王氏.,False
1091331,7007,王启兰,female,1761-01-01,1818-12-31,18,启,Rule-generated Stage7 member for 合成王氏.,False
1091332,7007,王伟安,male,1756-01-01,1812-12-31,18,启,Rule-generated Stage7 member for 合成王氏.,False
1091333,7007,王华宁,female,1762-01-01,1829-12-31,18,启,Rule-generated Stage7 member for 合成王氏.,False
1091334,7007,王华,male,1756-01-01,1850-12-31,18,启,Rule-generated Stage7 member for 合成王氏.,False
1091335,7007,王丽丽,female,1762-01-01,1818-12-31,18,启,Rule-generated Stage7 member for 合成王氏.,False
1091336,7007,王启成,male,1762-01-01,1816-12-31,18,启,Rule-generated Stage7 member for 合成王氏.,False
1091337,7007,王宁芳,female,1757-01-01,1836-12-31,18,启,Rule-generated Stage7 member for 合成王氏.,False
1091338,7007,王启国,male,1760-01-01,1834-12-31,18,启,Rule-generated Stage7 member for 合成王氏.,False
1091339,7007,王兰敏,female,1759-01-01,1827-12-31,18,启,Rule-generated Stage7 member for 合成王氏.,False
1091340,7007,王承安,male,1762-01-01,1802-12-31,18,启,Rule-generated Stage7 member for 合成王氏.,False
1091341,7007,王启雅,female,1761-01-01,1802-12-31,18,启,Rule-generated Stage7 member for 合成王氏.,False
1091342,7007,王启安,male,1757-01-01,1833-12-31,18,启,Rule-generated Stage7 member for 合成王氏.,False
1091343,7007,王安慧,female,1762-01-01,1846-12-31,18,启,Rule-generated Stage7 member for 合成王氏.,False
1091344,7007,王启伟,male,1761-01-01,1811-12-31,18,启,Rule-generated Stage7 member for 合成王氏.,False
1091345,7007,王丽清,female,1761-01-01,1806-12-31,18,启,Rule-generated Stage7 member for 合成王氏.,False
1091346,7007,王安世,male,1757-01-01,1822-12-31,18,启,Rule-generated Stage7 member for 合成王氏.,False
1091347,7007,王启丽,female,1761-01-01,1805-12-31,18,启,Rule-generated Stage7 member for 合成王氏.,False
1091348,7007,王明,male,1759-01-01,1836-12-31,18,启,Rule-generated Stage7 member for 合成王氏.,False
1091349,7007,王芳宁,female,1760-01-01,1816-12-31,18,启,Rule-generated Stage7 member for 合成王氏.,False
1091350,7007,王明安,male,1760-01-01,1840-12-31,18,启,Rule-generated Stage7 member for 合成王氏.,False
1091351,7007,王启清,female,1760-01-01,1828-12-31,18,启,Rule-generated Stage7 member for 合成王氏.,False
1091352,7007,王启安,male,1760-01-01,1810-12-31,18,启,Rule-generated Stage7 member for 合成王氏.,False
1091353,7007,王华,female,1760-01-01,1817-12-31,18,启,Rule-generated Stage7 member for 合成王氏.,False
1091354,7007,王启国,male,1758-01-01,1827-12-31,18,启,Rule-generated Stage7 member for 合成王氏.,False
1091355,7007,王宗安,male,1783-01-01,1854-12-31,19,盛,Rule-generated Stage7 member for 合成王氏.,False
1091356,7007,王盛华,female,1780-01-01,1840-12-31,19,盛,Rule-generated Stage7 member for 合成王氏.,False
1091357,7007,王盛承,male,1778-01-01,1878-12-31,19,盛,Rule-generated Stage7 member for 合成王氏.,False
1091358,7007,王盛芳,female,1782-01-01,1853-12-31,19,盛,Rule-generated Stage7 member for 合成王氏.,False
1091359,7007,王承明,male,1780-01-01,1829-12-31,19,盛,Rule-generated Stage7 member for 合成王氏.,False
1091360,7007,王明,female,1782-01-01,1862-12-31,19,盛,Rule-generated Stage7 member for 合成王氏.,False
1091361,7007,王德伟,male,1777-01-01,1832-12-31,19,盛,Rule-generated Stage7 member for 合成王氏.,False
1091362,7007,王盛丽,female,1782-01-01,1824-12-31,19,盛,Rule-generated Stage7 member for 合成王氏.,False
1091363,7007,王明,male,1780-01-01,1832-12-31,19,盛,Rule-generated Stage7 member for 合成王氏.,False
1091364,7007,王慧安,female,1777-01-01,1848-12-31,19,盛,Rule-generated Stage7 member for 合成王氏.,False
1091365,7007,王伟,male,1779-01-01,1834-12-31,19,盛,Rule-generated Stage7 member for 合成王氏.,False
1091366,7007,王盛雅,female,1778-01-01,1829-12-31,19,盛,Rule-generated Stage7 member for 合成王氏.,False
1091367,7007,王丽,male,1777-01-01,1833-12-31,19,盛,Rule-generated Stage7 member for 合成王氏.,False
1091368,7007,王盛敏,female,1778-01-01,1828-12-31,19,盛,Rule-generated Stage7 member for 合成王氏.,False
1091369,7007,王盛文,male,1778-01-01,1862-12-31,19,盛,Rule-generated Stage7 member for 合成王氏.,False
1091370,7007,王盛雅,female,1777-01-01,1865-12-31,19,盛,Rule-generated Stage7 member for 合成王氏.,False
1091371,7007,王盛成,male,1782-01-01,1858-12-31,19,盛,Rule-generated Stage7 member for 合成王氏.,False
1091372,7007,王盛安,female,1777-01-01,1827-12-31,19,盛,Rule-generated Stage7 member for 合成王氏.,False
1091373,7007,王盛安,male,1779-01-01,1861-12-31,19,盛,Rule-generated Stage7 member for 合成王氏.,False
1091374,7007,王宁芳,female,1780-01-01,1839-12-31,19,盛,Rule-generated Stage7 member for 合成王氏.,False
1091375,7007,王盛景,male,1780-01-01,1809-12-31,19,盛,Rule-generated Stage7 member for 合成王氏.,False
1091376,7007,王盛安,female,1780-01-01,1848-12-31,19,盛,Rule-generated Stage7 member for 合成王氏.,False
1091377,7007,王强,male,1782-01-01,1814-12-31,19,盛,Rule-generated Stage7 member for 合成王氏.,False
1091378,7007,王伟,female,1777-01-01,1851-12-31,19,盛,Rule-generated Stage7 member for 合成王氏.,False
1091379,7007,王丽,male,1779-01-01,1825-12-31,19,盛,Rule-generated Stage7 member for 合成王氏.,False
1091380,7007,王芳玉,female,1778-01-01,1830-12-31,19,盛,Rule-generated Stage7 member for 合成王氏.,False
1091381,7007,王伟国,male,1782-01-01,1866-12-31,19,盛,Rule-generated Stage7 member for 合成王氏.,False
1091382,7007,王盛雅,female,1780-01-01,1824-12-31,19,盛,Rule-generated Stage7 member for 合成王氏.,False
1091383,7007,王盛国,male,1781-01-01,1841-12-31,19,盛,Rule-generated Stage7 member for 合成王氏.,False
1091384,7007,王盛清,female,1782-01-01,1864-12-31,19,盛,Rule-generated Stage7 member for 合成王氏.,False
1091385,7007,王盛国,male,1783-01-01,1852-12-31,19,盛,Rule-generated Stage7 member for 合成王氏.,False
1091386,7007,王盛雅,female,1778-01-01,1839-12-31,19,盛,Rule-generated Stage7 member for 合成王氏.,False
1091387,7007,王敏,male,1780-01-01,1805-12-31,19,盛,Rule-generated Stage7 member for 合成王氏.,False
1091388,7007,王盛宁,female,1783-01-01,1833-12-31,19,盛,Rule-generated Stage7 member for 合成王氏.,False
1091389,7007,王明,male,1777-01-01,1846-12-31,19,盛,Rule-generated Stage7 member for 合成王氏.,False
1091390,7007,王盛玉,female,1778-01-01,1847-12-31,19,盛,Rule-generated Stage7 member for 合成王氏.,False
1091391,7007,王盛文,male,1782-01-01,1859-12-31,19,盛,Rule-generated Stage7 member for 合成王氏.,False
1091392,7007,王玉宁,female,1780-01-01,1847-12-31,19,盛,Rule-generated Stage7 member for 合成王氏.,False
1091393,7007,王盛国,male,1783-01-01,1870-12-31,19,盛,Rule-generated Stage7 member for 合成王氏.,False
1091394,7007,王强,female,1777-01-01,1833-12-31,19,盛,Rule-generated Stage7 member for 合成王氏.,False
1091395,7007,王盛世,male,1780-01-01,1814-12-31,19,盛,Rule-generated Stage7 member for 合成王氏.,False
1091396,7007,王盛芳,female,1777-01-01,1834-12-31,19,盛,Rule-generated Stage7 member for 合成王氏.,False
1091397,7007,王国强,male,1779-01-01,1871-12-31,19,盛,Rule-generated Stage7 member for 合成王氏.,False
1091398,7007,王雅敏,female,1781-01-01,1837-12-31,19,盛,Rule-generated Stage7 member for 合成王氏.,False
1091399,7007,王盛强,male,1781-01-01,1829-12-31,19,盛,Rule-generated Stage7 member for 合成王氏.,False
1091400,7007,王盛慧,female,1777-01-01,1864-12-31,19,盛,Rule-generated Stage7 member for 合成王氏.,False
1091401,7007,王盛强,male,1783-01-01,1847-12-31,19,盛,Rule-generated Stage7 member for 合成王氏.,False
1091402,7007,王盛华,female,1780-01-01,1818-12-31,19,盛,Rule-generated Stage7 member for 合成王氏.,False
1091403,7007,王盛国,male,1781-01-01,1825-12-31,19,盛,Rule-generated Stage7 member for 合成王氏.,False
1091404,7007,王盛丽,female,1779-01-01,1837-12-31,19,盛,Rule-generated Stage7 member for 合成王氏.,False
1091405,7007,王盛明,male,1777-01-01,1857-12-31,19,盛,Rule-generated Stage7 member for 合成王氏.,False
1091406,7007,王玉丽,female,1783-01-01,1822-12-31,19,盛,Rule-generated Stage7 member for 合成王氏.,False
1091407,7007,王明宗,male,1782-01-01,1867-12-31,19,盛,Rule-generated Stage7 member for 合成王氏.,False
1091408,7007,王盛敏,female,1780-01-01,1830-12-31,19,盛,Rule-generated Stage7 member for 合成王氏.,False
1091409,7007,王盛安,male,1783-01-01,1859-12-31,19,盛,Rule-generated Stage7 member for 合成王氏.,False
1091410,7007,王盛雅,female,1779-01-01,1845-12-31,19,盛,Rule-generated Stage7 member for 合成王氏.,False
1091411,7007,王伟景,male,1777-01-01,1818-12-31,19,盛,Rule-generated Stage7 member for 合成王氏.,False
1091412,7007,王华梅,female,1779-01-01,1845-12-31,19,盛,Rule-generated Stage7 member for 合成王氏.,False
1091413,7007,王宗强,male,1777-01-01,1815-12-31,19,盛,Rule-generated Stage7 member for 合成王氏.,False
1091414,7007,王盛梅,female,1780-01-01,1840-12-31,19,盛,Rule-generated Stage7 member for 合成王氏.,False
1091415,7007,王盛文,male,1780-01-01,1841-12-31,19,盛,Rule-generated Stage7 member for 合成王氏.,False
1091416,7007,王盛丽,female,1782-01-01,1843-12-31,19,盛,Rule-generated Stage7 member for 合成王氏.,False
1091417,7007,王盛国,male,1777-01-01,1858-12-31,19,盛,Rule-generated Stage7 member for 合成王氏.,False
1091418,7007,王盛敏,female,1779-01-01,1834-12-31,19,盛,Rule-generated Stage7 member for 合成王氏.,False
1091419,7007,王盛宗,male,1777-01-01,1849-12-31,19,盛,Rule-generated Stage7 member for 合成王氏.,False
1091420,7007,王雅雅,female,1782-01-01,1829-12-31,19,盛,Rule-generated Stage7 member for 合成王氏.,False
1091421,7007,王宗景,male,1783-01-01,1882-12-31,19,盛,Rule-generated Stage7 member for 合成王氏.,False
1091422,7007,王盛华,female,1782-01-01,1829-12-31,19,盛,Rule-generated Stage7 member for 合成王氏.,False
1091423,7007,王强文,male,1779-01-01,1832-12-31,19,盛,Rule-generated Stage7 member for 合成王氏.,False
1091424,7007,王玉安,female,1777-01-01,1877-12-31,19,盛,Rule-generated Stage7 member for 合成王氏.,False
1091425,7007,王盛明,male,1778-01-01,1849-12-31,19,盛,Rule-generated Stage7 member for 合成王氏.,False
1091426,7007,王盛兰,female,1780-01-01,1823-12-31,19,盛,Rule-generated Stage7 member for 合成王氏.,False
1091427,7007,王盛德,male,1780-01-01,1831-12-31,19,盛,Rule-generated Stage7 member for 合成王氏.,False
1091428,7007,王清雅,female,1781-01-01,1859-12-31,19,盛,Rule-generated Stage7 member for 合成王氏.,False
1091429,7007,王盛承,male,1779-01-01,1831-12-31,19,盛,Rule-generated Stage7 member for 合成王氏.,False
1091430,7007,王盛华,female,1777-01-01,1854-12-31,19,盛,Rule-generated Stage7 member for 合成王氏.,False
1091431,7007,王盛德,male,1777-01-01,1835-12-31,19,盛,Rule-generated Stage7 member for 合成王氏.,False
1091432,7007,王盛敏,female,1780-01-01,1850-12-31,19,盛,Rule-generated Stage7 member for 合成王氏.,False
1091433,7007,王明伟,male,1783-01-01,1840-12-31,19,盛,Rule-generated Stage7 member for 合成王氏.,False
1091434,7007,王芳兰,female,1781-01-01,1857-12-31,19,盛,Rule-generated Stage7 member for 合成王氏.,False
1091435,7007,王盛伟,male,1777-01-01,1852-12-31,19,盛,Rule-generated Stage7 member for 合成王氏.,False
1091436,7007,王宁清,female,1783-01-01,1854-12-31,19,盛,Rule-generated Stage7 member for 合成王氏.,False
1091437,7007,王明,male,1779-01-01,1855-12-31,19,盛,Rule-generated Stage7 member for 合成王氏.,False
1091438,7007,王盛芳,female,1778-01-01,1854-12-31,19,盛,Rule-generated Stage7 member for 合成王氏.,False
1091439,7007,王盛承,male,1782-01-01,1836-12-31,19,盛,Rule-generated Stage7 member for 合成王氏.,False
1091440,7007,王盛敏,female,1780-01-01,1845-12-31,19,盛,Rule-generated Stage7 member for 合成王氏.,False
1091441,7007,王盛宗,male,1783-01-01,1839-12-31,19,盛,Rule-generated Stage7 member for 合成王氏.,False
1091442,7007,王明,female,1783-01-01,1866-12-31,19,盛,Rule-generated Stage7 member for 合成王氏.,False
1091443,7007,王盛文,male,1779-01-01,1847-12-31,19,盛,Rule-generated Stage7 member for 合成王氏.,False
1091444,7007,王兰芳,female,1777-01-01,1840-12-31,19,盛,Rule-generated Stage7 member for 合成王氏.,False
1091445,7007,王承文,male,1778-01-01,1885-12-31,19,盛,Rule-generated Stage7 member for 合成王氏.,False
1091446,7007,王宁芳,female,1781-01-01,1823-12-31,19,盛,Rule-generated Stage7 member for 合成王氏.,False
1091447,7007,王盛德,male,1780-01-01,1825-12-31,19,盛,Rule-generated Stage7 member for 合成王氏.,False
1091448,7007,王敏清,female,1780-01-01,1803-12-31,19,盛,Rule-generated Stage7 member for 合成王氏.,False
1091449,7007,王盛明,male,1782-01-01,1866-12-31,19,盛,Rule-generated Stage7 member for 合成王氏.,False
1091450,7007,王盛安,female,1781-01-01,1861-12-31,19,盛,Rule-generated Stage7 member for 合成王氏.,False
1091451,7007,王盛明,male,1778-01-01,1841-12-31,19,盛,Rule-generated Stage7 member for 合成王氏.,False
1091452,7007,王伟,female,1779-01-01,1837-12-31,19,盛,Rule-generated Stage7 member for 合成王氏.,False
1091453,7007,王盛世,male,1779-01-01,1856-12-31,19,盛,Rule-generated Stage7 member for 合成王氏.,False
1091454,7007,王盛宁,female,1778-01-01,1854-12-31,19,盛,Rule-generated Stage7 member for 合成王氏.,False
1091455,7007,王盛强,male,1780-01-01,1850-12-31,19,盛,Rule-generated Stage7 member for 合成王氏.,False
1091456,7007,王梅雅,female,1779-01-01,1843-12-31,19,盛,Rule-generated Stage7 member for 合成王氏.,False
1091457,7007,王盛景,male,1778-01-01,1840-12-31,19,盛,Rule-generated Stage7 member for 合成王氏.,False
1091458,7007,王盛华,female,1778-01-01,1832-12-31,19,盛,Rule-generated Stage7 member for 合成王氏.,False
1091459,7007,王盛宗,male,1782-01-01,1825-12-31,19,盛,Rule-generated Stage7 member for 合成王氏.,False
1091460,7007,王盛玉,female,1777-01-01,1823-12-31,19,盛,Rule-generated Stage7 member for 合成王氏.,False
1091461,7007,王盛承,male,1779-01-01,1832-12-31,19,盛,Rule-generated Stage7 member for 合成王氏.,False
1091462,7007,王盛玉,female,1778-01-01,1833-12-31,19,盛,Rule-generated Stage7 member for 合成王氏.,False
1091463,7007,王盛德,male,1782-01-01,1859-12-31,19,盛,Rule-generated Stage7 member for 合成王氏.,False
1091464,7007,王兰玉,female,1779-01-01,1852-12-31,19,盛,Rule-generated Stage7 member for 合成王氏.,False
1091465,7007,王德明,male,1783-01-01,1826-12-31,19,盛,Rule-generated Stage7 member for 合成王氏.,False
1091466,7007,王梅雅,female,1782-01-01,1846-12-31,19,盛,Rule-generated Stage7 member for 合成王氏.,False
1091467,7007,王盛文,male,1782-01-01,1854-12-31,19,盛,Rule-generated Stage7 member for 合成王氏.,False
1091468,7007,王雅兰,female,1779-01-01,1883-12-31,19,盛,Rule-generated Stage7 member for 合成王氏.,False
1091469,7007,王盛国,male,1778-01-01,1850-12-31,19,盛,Rule-generated Stage7 member for 合成王氏.,False
1091470,7007,王盛芳,female,1783-01-01,1854-12-31,19,盛,Rule-generated Stage7 member for 合成王氏.,False
1091471,7007,王盛成,male,1782-01-01,1874-12-31,19,盛,Rule-generated Stage7 member for 合成王氏.,False
1091472,7007,王盛宁,female,1782-01-01,1837-12-31,19,盛,Rule-generated Stage7 member for 合成王氏.,False
1091473,7007,王盛安,male,1778-01-01,1838-12-31,19,盛,Rule-generated Stage7 member for 合成王氏.,False
1091474,7007,王清雅,female,1783-01-01,1831-12-31,19,盛,Rule-generated Stage7 member for 合成王氏.,False
1091475,7007,王盛强,male,1782-01-01,1839-12-31,19,盛,Rule-generated Stage7 member for 合成王氏.,False
1091476,7007,王明,female,1781-01-01,1868-12-31,19,盛,Rule-generated Stage7 member for 合成王氏.,False
1091477,7007,王强明,male,1781-01-01,1841-12-31,19,盛,Rule-generated Stage7 member for 合成王氏.,False
1091478,7007,王盛雅,female,1782-01-01,1842-12-31,19,盛,Rule-generated Stage7 member for 合成王氏.,False
1091479,7007,王盛伟,male,1779-01-01,1857-12-31,19,盛,Rule-generated Stage7 member for 合成王氏.,False
1091480,7007,王盛雅,female,1777-01-01,1823-12-31,19,盛,Rule-generated Stage7 member for 合成王氏.,False
1091481,7007,王安世,male,1780-01-01,1828-12-31,19,盛,Rule-generated Stage7 member for 合成王氏.,False
1091482,7007,王盛安,female,1782-01-01,1866-12-31,19,盛,Rule-generated Stage7 member for 合成王氏.,False
1091483,7007,王丽,male,1778-01-01,1846-12-31,19,盛,Rule-generated Stage7 member for 合成王氏.,False
1091484,7007,王盛安,female,1778-01-01,1866-12-31,19,盛,Rule-generated Stage7 member for 合成王氏.,False
1091485,7007,王德宗,male,1782-01-01,1847-12-31,19,盛,Rule-generated Stage7 member for 合成王氏.,False
1091486,7007,王盛雅,female,1778-01-01,1870-12-31,19,盛,Rule-generated Stage7 member for 合成王氏.,False
1091487,7007,王盛景,male,1780-01-01,1849-12-31,19,盛,Rule-generated Stage7 member for 合成王氏.,False
1091488,7007,王盛慧,female,1779-01-01,1846-12-31,19,盛,Rule-generated Stage7 member for 合成王氏.,False
1091489,7007,王盛宗,male,1778-01-01,1868-12-31,19,盛,Rule-generated Stage7 member for 合成王氏.,False
1091490,7007,王盛华,female,1782-01-01,1849-12-31,19,盛,Rule-generated Stage7 member for 合成王氏.,False
1091491,7007,王盛成,male,1780-01-01,1825-12-31,19,盛,Rule-generated Stage7 member for 合成王氏.,False
1091492,7007,王雅慧,female,1782-01-01,1848-12-31,19,盛,Rule-generated Stage7 member for 合成王氏.,False
1091493,7007,王宗世,male,1779-01-01,1868-12-31,19,盛,Rule-generated Stage7 member for 合成王氏.,False
1091494,7007,王丽丽,female,1782-01-01,1827-12-31,19,盛,Rule-generated Stage7 member for 合成王氏.,False
1091495,7007,王盛宗,male,1780-01-01,1865-12-31,19,盛,Rule-generated Stage7 member for 合成王氏.,False
1091496,7007,王盛清,female,1782-01-01,1839-12-31,19,盛,Rule-generated Stage7 member for 合成王氏.,False
1091497,7007,王盛景,male,1778-01-01,1824-12-31,19,盛,Rule-generated Stage7 member for 合成王氏.,False
1091498,7007,王宁慧,female,1778-01-01,1863-12-31,19,盛,Rule-generated Stage7 member for 合成王氏.,False
1091499,7007,王盛安,male,1781-01-01,1870-12-31,19,盛,Rule-generated Stage7 member for 合成王氏.,False
1091500,7007,王丽,female,1777-01-01,1864-12-31,19,盛,Rule-generated Stage7 member for 合成王氏.,False
1091501,7007,王成伟,male,1782-01-01,1889-12-31,19,盛,Rule-generated Stage7 member for 合成王氏.,False
1091502,7007,王雅敏,female,1779-01-01,1844-12-31,19,盛,Rule-generated Stage7 member for 合成王氏.,False
1091503,7007,王成强,male,1781-01-01,1845-12-31,19,盛,Rule-generated Stage7 member for 合成王氏.,False
1091504,7007,王玉芳,female,1782-01-01,1847-12-31,19,盛,Rule-generated Stage7 member for 合成王氏.,False
1091505,7007,王盛宗,male,1778-01-01,1829-12-31,19,盛,Rule-generated Stage7 member for 合成王氏.,False
1091506,7007,王盛宁,female,1781-01-01,1876-12-31,19,盛,Rule-generated Stage7 member for 合成王氏.,False
1091507,7007,王丽,male,1782-01-01,1851-12-31,19,盛,Rule-generated Stage7 member for 合成王氏.,False
1091508,7007,王清安,female,1778-01-01,1846-12-31,19,盛,Rule-generated Stage7 member for 合成王氏.,False
1091509,7007,王强,male,1778-01-01,1852-12-31,19,盛,Rule-generated Stage7 member for 合成王氏.,False
1091510,7007,王盛慧,female,1778-01-01,1869-12-31,19,盛,Rule-generated Stage7 member for 合成王氏.,False
1091511,7007,王德文,male,1777-01-01,1829-12-31,19,盛,Rule-generated Stage7 member for 合成王氏.,False
1091512,7007,王盛丽,female,1778-01-01,1854-12-31,19,盛,Rule-generated Stage7 member for 合成王氏.,False
1091513,7007,王盛伟,male,1778-01-01,1856-12-31,19,盛,Rule-generated Stage7 member for 合成王氏.,False
1091514,7007,王盛丽,female,1782-01-01,1851-12-31,19,盛,Rule-generated Stage7 member for 合成王氏.,False
1091515,7007,王国文,male,1778-01-01,1856-12-31,19,盛,Rule-generated Stage7 member for 合成王氏.,False
1091516,7007,王强,female,1778-01-01,1843-12-31,19,盛,Rule-generated Stage7 member for 合成王氏.,False
1091517,7007,王文明,male,1779-01-01,1849-12-31,19,盛,Rule-generated Stage7 member for 合成王氏.,False
1091518,7007,王盛梅,female,1780-01-01,1819-12-31,19,盛,Rule-generated Stage7 member for 合成王氏.,False
1091519,7007,王盛国,male,1780-01-01,1813-12-31,19,盛,Rule-generated Stage7 member for 合成王氏.,False
1091520,7007,王盛清,female,1778-01-01,1830-12-31,19,盛,Rule-generated Stage7 member for 合成王氏.,False
1091521,7007,王盛国,male,1778-01-01,1819-12-31,19,盛,Rule-generated Stage7 member for 合成王氏.,False
1091522,7007,王盛梅,female,1782-01-01,1873-12-31,19,盛,Rule-generated Stage7 member for 合成王氏.,False
1091523,7007,王盛宗,male,1782-01-01,1839-12-31,19,盛,Rule-generated Stage7 member for 合成王氏.,False
1091524,7007,王安安,female,1779-01-01,1813-12-31,19,盛,Rule-generated Stage7 member for 合成王氏.,False
1091525,7007,王国国,male,1779-01-01,1821-12-31,19,盛,Rule-generated Stage7 member for 合成王氏.,False
1091526,7007,王华,female,1778-01-01,1847-12-31,19,盛,Rule-generated Stage7 member for 合成王氏.,False
1091527,7007,王盛德,male,1781-01-01,1848-12-31,19,盛,Rule-generated Stage7 member for 合成王氏.,False
1091528,7007,王盛芳,female,1777-01-01,1855-12-31,19,盛,Rule-generated Stage7 member for 合成王氏.,False
1091529,7007,王明,male,1782-01-01,1823-12-31,19,盛,Rule-generated Stage7 member for 合成王氏.,False
1091530,7007,王延承,male,1798-01-01,1872-12-31,20,延,Rule-generated Stage7 member for 合成王氏.,False
1091531,7007,王延华,female,1799-01-01,1895-12-31,20,延,Rule-generated Stage7 member for 合成王氏.,False
1091532,7007,王国文,male,1804-01-01,1867-12-31,20,延,Rule-generated Stage7 member for 合成王氏.,False
1091533,7007,王延安,female,1802-01-01,1845-12-31,20,延,Rule-generated Stage7 member for 合成王氏.,False
1091534,7007,王延成,male,1801-01-01,1843-12-31,20,延,Rule-generated Stage7 member for 合成王氏.,False
1091535,7007,王延宁,female,1801-01-01,1837-12-31,20,延,Rule-generated Stage7 member for 合成王氏.,False
1091536,7007,王敏,male,1801-01-01,1878-12-31,20,延,Rule-generated Stage7 member for 合成王氏.,False
1091537,7007,王延安,female,1802-01-01,1849-12-31,20,延,Rule-generated Stage7 member for 合成王氏.,False
1091538,7007,王伟世,male,1803-01-01,1897-12-31,20,延,Rule-generated Stage7 member for 合成王氏.,False
1091539,7007,王兰芳,female,1798-01-01,1867-12-31,20,延,Rule-generated Stage7 member for 合成王氏.,False
1091540,7007,王延成,male,1799-01-01,1858-12-31,20,延,Rule-generated Stage7 member for 合成王氏.,False
1091541,7007,王延芳,female,1804-01-01,1880-12-31,20,延,Rule-generated Stage7 member for 合成王氏.,False
1091542,7007,王延景,male,1798-01-01,1864-12-31,20,延,Rule-generated Stage7 member for 合成王氏.,False
1091543,7007,王明,female,1800-01-01,1877-12-31,20,延,Rule-generated Stage7 member for 合成王氏.,False
1091544,7007,王延文,male,1801-01-01,1882-12-31,20,延,Rule-generated Stage7 member for 合成王氏.,False
1091545,7007,王延芳,female,1799-01-01,1894-12-31,20,延,Rule-generated Stage7 member for 合成王氏.,False
1091546,7007,王延强,male,1800-01-01,1839-12-31,20,延,Rule-generated Stage7 member for 合成王氏.,False
1091547,7007,王延宁,female,1802-01-01,1905-12-31,20,延,Rule-generated Stage7 member for 合成王氏.,False
1091548,7007,王世成,male,1801-01-01,1873-12-31,20,延,Rule-generated Stage7 member for 合成王氏.,False
1091549,7007,王梅安,female,1801-01-01,1842-12-31,20,延,Rule-generated Stage7 member for 合成王氏.,False
1091550,7007,王延德,male,1798-01-01,1856-12-31,20,延,Rule-generated Stage7 member for 合成王氏.,False
1091551,7007,王延慧,female,1800-01-01,1880-12-31,20,延,Rule-generated Stage7 member for 合成王氏.,False
1091552,7007,王国明,male,1799-01-01,1901-12-31,20,延,Rule-generated Stage7 member for 合成王氏.,False
1091553,7007,王玉清,female,1798-01-01,1827-12-31,20,延,Rule-generated Stage7 member for 合成王氏.,False
1091554,7007,王延承,male,1799-01-01,1860-12-31,20,延,Rule-generated Stage7 member for 合成王氏.,False
1091555,7007,王延华,female,1798-01-01,1875-12-31,20,延,Rule-generated Stage7 member for 合成王氏.,False
1091556,7007,王华,male,1801-01-01,1861-12-31,20,延,Rule-generated Stage7 member for 合成王氏.,False
1091557,7007,王宁慧,female,1803-01-01,1882-12-31,20,延,Rule-generated Stage7 member for 合成王氏.,False
1091558,7007,王延强,male,1799-01-01,1863-12-31,20,延,Rule-generated Stage7 member for 合成王氏.,False
1091559,7007,王延华,female,1802-01-01,1898-12-31,20,延,Rule-generated Stage7 member for 合成王氏.,False
1091560,7007,王成承,male,1803-01-01,1826-12-31,20,延,Rule-generated Stage7 member for 合成王氏.,False
1091561,7007,王延雅,female,1804-01-01,1903-12-31,20,延,Rule-generated Stage7 member for 合成王氏.,False
1091562,7007,王强国,male,1799-01-01,1881-12-31,20,延,Rule-generated Stage7 member for 合成王氏.,False
1091563,7007,王强,female,1798-01-01,1858-12-31,20,延,Rule-generated Stage7 member for 合成王氏.,False
1091564,7007,王延强,male,1800-01-01,1878-12-31,20,延,Rule-generated Stage7 member for 合成王氏.,False
1091565,7007,王强,female,1800-01-01,1887-12-31,20,延,Rule-generated Stage7 member for 合成王氏.,False
1091566,7007,王延世,male,1802-01-01,1898-12-31,20,延,Rule-generated Stage7 member for 合成王氏.,False
1091567,7007,王延慧,female,1801-01-01,1853-12-31,20,延,Rule-generated Stage7 member for 合成王氏.,False
1091568,7007,王延成,male,1800-01-01,1858-12-31,20,延,Rule-generated Stage7 member for 合成王氏.,False
1091569,7007,王延敏,female,1798-01-01,1875-12-31,20,延,Rule-generated Stage7 member for 合成王氏.,False
1091570,7007,王成强,male,1799-01-01,1866-12-31,20,延,Rule-generated Stage7 member for 合成王氏.,False
1091571,7007,王丽,female,1802-01-01,1853-12-31,20,延,Rule-generated Stage7 member for 合成王氏.,False
1091572,7007,王文文,male,1798-01-01,1864-12-31,20,延,Rule-generated Stage7 member for 合成王氏.,False
1091573,7007,王延雅,female,1804-01-01,1894-12-31,20,延,Rule-generated Stage7 member for 合成王氏.,False
1091574,7007,王强承,male,1799-01-01,1889-12-31,20,延,Rule-generated Stage7 member for 合成王氏.,False
1091575,7007,王伟,female,1802-01-01,1873-12-31,20,延,Rule-generated Stage7 member for 合成王氏.,False
1091576,7007,王成国,male,1802-01-01,1831-12-31,20,延,Rule-generated Stage7 member for 合成王氏.,False
1091577,7007,王延兰,female,1801-01-01,1864-12-31,20,延,Rule-generated Stage7 member for 合成王氏.,False
1091578,7007,王伟伟,male,1800-01-01,1840-12-31,20,延,Rule-generated Stage7 member for 合成王氏.,False
1091579,7007,王延丽,female,1798-01-01,1861-12-31,20,延,Rule-generated Stage7 member for 合成王氏.,False
1091580,7007,王延强,male,1800-01-01,1843-12-31,20,延,Rule-generated Stage7 member for 合成王氏.,False
1091581,7007,王延宁,female,1803-01-01,1856-12-31,20,延,Rule-generated Stage7 member for 合成王氏.,False
1091582,7007,王文世,male,1801-01-01,1835-12-31,20,延,Rule-generated Stage7 member for 合成王氏.,False
1091583,7007,王敏雅,female,1798-01-01,1833-12-31,20,延,Rule-generated Stage7 member for 合成王氏.,False
1091584,7007,王延宗,male,1803-01-01,1838-12-31,20,延,Rule-generated Stage7 member for 合成王氏.,False
1091585,7007,王延兰,female,1803-01-01,1866-12-31,20,延,Rule-generated Stage7 member for 合成王氏.,False
1091586,7007,王延德,male,1800-01-01,1887-12-31,20,延,Rule-generated Stage7 member for 合成王氏.,False
1091587,7007,王丽,female,1798-01-01,1853-12-31,20,延,Rule-generated Stage7 member for 合成王氏.,False
1091588,7007,王延强,male,1803-01-01,1881-12-31,20,延,Rule-generated Stage7 member for 合成王氏.,False
1091589,7007,王延丽,female,1801-01-01,1868-12-31,20,延,Rule-generated Stage7 member for 合成王氏.,False
1091590,7007,王承强,male,1799-01-01,1876-12-31,20,延,Rule-generated Stage7 member for 合成王氏.,False
1091591,7007,王延兰,female,1799-01-01,1836-12-31,20,延,Rule-generated Stage7 member for 合成王氏.,False
1091592,7007,王强德,male,1804-01-01,1884-12-31,20,延,Rule-generated Stage7 member for 合成王氏.,False
1091593,7007,王梅宁,female,1800-01-01,1884-12-31,20,延,Rule-generated Stage7 member for 合成王氏.,False
1091594,7007,王伟,male,1801-01-01,1852-12-31,20,延,Rule-generated Stage7 member for 合成王氏.,False
1091595,7007,王延丽,female,1801-01-01,1842-12-31,20,延,Rule-generated Stage7 member for 合成王氏.,False
1091596,7007,王德明,male,1802-01-01,1882-12-31,20,延,Rule-generated Stage7 member for 合成王氏.,False
1091597,7007,王宁安,female,1803-01-01,1843-12-31,20,延,Rule-generated Stage7 member for 合成王氏.,False
1091598,7007,王延明,male,1802-01-01,1863-12-31,20,延,Rule-generated Stage7 member for 合成王氏.,False
1091599,7007,王清宁,female,1799-01-01,1884-12-31,20,延,Rule-generated Stage7 member for 合成王氏.,False
1091600,7007,王国伟,male,1801-01-01,1890-12-31,20,延,Rule-generated Stage7 member for 合成王氏.,False
1091601,7007,王兰敏,female,1801-01-01,1861-12-31,20,延,Rule-generated Stage7 member for 合成王氏.,False
1091602,7007,王延伟,male,1801-01-01,1879-12-31,20,延,Rule-generated Stage7 member for 合成王氏.,False
1091603,7007,王延梅,female,1802-01-01,1866-12-31,20,延,Rule-generated Stage7 member for 合成王氏.,False
1091604,7007,王延强,male,1800-01-01,1862-12-31,20,延,Rule-generated Stage7 member for 合成王氏.,False
1091605,7007,王芳兰,female,1798-01-01,1904-12-31,20,延,Rule-generated Stage7 member for 合成王氏.,False
1091606,7007,王延伟,male,1798-01-01,1848-12-31,20,延,Rule-generated Stage7 member for 合成王氏.,False
1091607,7007,王延雅,female,1804-01-01,1884-12-31,20,延,Rule-generated Stage7 member for 合成王氏.,False
1091608,7007,王延伟,male,1800-01-01,1855-12-31,20,延,Rule-generated Stage7 member for 合成王氏.,False
1091609,7007,王敏宁,female,1801-01-01,1871-12-31,20,延,Rule-generated Stage7 member for 合成王氏.,False
1091610,7007,王延德,male,1801-01-01,1893-12-31,20,延,Rule-generated Stage7 member for 合成王氏.,False
1091611,7007,王强,female,1801-01-01,1880-12-31,20,延,Rule-generated Stage7 member for 合成王氏.,False
1091612,7007,王延安,male,1798-01-01,1849-12-31,20,延,Rule-generated Stage7 member for 合成王氏.,False
1091613,7007,王玉慧,female,1803-01-01,1827-12-31,20,延,Rule-generated Stage7 member for 合成王氏.,False
1091614,7007,王成安,male,1803-01-01,1851-12-31,20,延,Rule-generated Stage7 member for 合成王氏.,False
1091615,7007,王强,female,1800-01-01,1882-12-31,20,延,Rule-generated Stage7 member for 合成王氏.,False
1091616,7007,王延德,male,1802-01-01,1864-12-31,20,延,Rule-generated Stage7 member for 合成王氏.,False
1091617,7007,王延玉,female,1798-01-01,1838-12-31,20,延,Rule-generated Stage7 member for 合成王氏.,False
1091618,7007,王延世,male,1799-01-01,1889-12-31,20,延,Rule-generated Stage7 member for 合成王氏.,False
1091619,7007,王延丽,female,1804-01-01,1857-12-31,20,延,Rule-generated Stage7 member for 合成王氏.,False
1091620,7007,王延国,male,1804-01-01,1860-12-31,20,延,Rule-generated Stage7 member for 合成王氏.,False
1091621,7007,王兰雅,female,1801-01-01,1899-12-31,20,延,Rule-generated Stage7 member for 合成王氏.,False
1091622,7007,王景景,male,1801-01-01,1892-12-31,20,延,Rule-generated Stage7 member for 合成王氏.,False
1091623,7007,王玉梅,female,1804-01-01,1895-12-31,20,延,Rule-generated Stage7 member for 合成王氏.,False
1091624,7007,王延强,male,1800-01-01,1870-12-31,20,延,Rule-generated Stage7 member for 合成王氏.,False
1091625,7007,王延玉,female,1800-01-01,1868-12-31,20,延,Rule-generated Stage7 member for 合成王氏.,False
1091626,7007,王延景,male,1802-01-01,1882-12-31,20,延,Rule-generated Stage7 member for 合成王氏.,False
1091627,7007,王清敏,female,1804-01-01,1876-12-31,20,延,Rule-generated Stage7 member for 合成王氏.,False
1091628,7007,王延国,male,1801-01-01,1895-12-31,20,延,Rule-generated Stage7 member for 合成王氏.,False
1091629,7007,王强,female,1800-01-01,1852-12-31,20,延,Rule-generated Stage7 member for 合成王氏.,False
1091630,7007,王延成,male,1803-01-01,1845-12-31,20,延,Rule-generated Stage7 member for 合成王氏.,False
1091631,7007,王丽,female,1802-01-01,1865-12-31,20,延,Rule-generated Stage7 member for 合成王氏.,False
1091632,7007,王强,male,1802-01-01,1881-12-31,20,延,Rule-generated Stage7 member for 合成王氏.,False
1091633,7007,王雅敏,female,1800-01-01,1868-12-31,20,延,Rule-generated Stage7 member for 合成王氏.,False
1091634,7007,王延德,male,1804-01-01,1889-12-31,20,延,Rule-generated Stage7 member for 合成王氏.,False
1091635,7007,王延梅,female,1803-01-01,1873-12-31,20,延,Rule-generated Stage7 member for 合成王氏.,False
1091636,7007,王国国,male,1800-01-01,1878-12-31,20,延,Rule-generated Stage7 member for 合成王氏.,False
1091637,7007,王延宁,female,1800-01-01,1866-12-31,20,延,Rule-generated Stage7 member for 合成王氏.,False
1091638,7007,王延国,male,1799-01-01,1886-12-31,20,延,Rule-generated Stage7 member for 合成王氏.,False
1091639,7007,王华,female,1802-01-01,1863-12-31,20,延,Rule-generated Stage7 member for 合成王氏.,False
1091640,7007,王伟,male,1799-01-01,1869-12-31,20,延,Rule-generated Stage7 member for 合成王氏.,False
1091641,7007,王芳玉,female,1801-01-01,1868-12-31,20,延,Rule-generated Stage7 member for 合成王氏.,False
1091642,7007,王德景,male,1801-01-01,1886-12-31,20,延,Rule-generated Stage7 member for 合成王氏.,False
1091643,7007,王安梅,female,1798-01-01,1842-12-31,20,延,Rule-generated Stage7 member for 合成王氏.,False
1091644,7007,王伟,male,1800-01-01,1896-12-31,20,延,Rule-generated Stage7 member for 合成王氏.,False
1091645,7007,王延玉,female,1804-01-01,1895-12-31,20,延,Rule-generated Stage7 member for 合成王氏.,False
1091646,7007,王延德,male,1802-01-01,1873-12-31,20,延,Rule-generated Stage7 member for 合成王氏.,False
1091647,7007,王华,female,1802-01-01,1878-12-31,20,延,Rule-generated Stage7 member for 合成王氏.,False
1091648,7007,王国文,male,1798-01-01,1874-12-31,20,延,Rule-generated Stage7 member for 合成王氏.,False
1091649,7007,王延兰,female,1803-01-01,1883-12-31,20,延,Rule-generated Stage7 member for 合成王氏.,False
1091650,7007,王丽,male,1803-01-01,1884-12-31,20,延,Rule-generated Stage7 member for 合成王氏.,False
1091651,7007,王延华,female,1798-01-01,1829-12-31,20,延,Rule-generated Stage7 member for 合成王氏.,False
1091652,7007,王延德,male,1800-01-01,1885-12-31,20,延,Rule-generated Stage7 member for 合成王氏.,False
1091653,7007,王兰慧,female,1804-01-01,1862-12-31,20,延,Rule-generated Stage7 member for 合成王氏.,False
1091654,7007,王延文,male,1804-01-01,1855-12-31,20,延,Rule-generated Stage7 member for 合成王氏.,False
1091655,7007,王明,female,1803-01-01,1887-12-31,20,延,Rule-generated Stage7 member for 合成王氏.,False
1091656,7007,王文伟,male,1803-01-01,1877-12-31,20,延,Rule-generated Stage7 member for 合成王氏.,False
1091657,7007,王清兰,female,1803-01-01,1856-12-31,20,延,Rule-generated Stage7 member for 合成王氏.,False
1091658,7007,王延国,male,1798-01-01,1833-12-31,20,延,Rule-generated Stage7 member for 合成王氏.,False
1091659,7007,王敏梅,female,1801-01-01,1883-12-31,20,延,Rule-generated Stage7 member for 合成王氏.,False
1091660,7007,王延国,male,1803-01-01,1849-12-31,20,延,Rule-generated Stage7 member for 合成王氏.,False
1091661,7007,王丽,female,1799-01-01,1872-12-31,20,延,Rule-generated Stage7 member for 合成王氏.,False
1091662,7007,王强,male,1804-01-01,1849-12-31,20,延,Rule-generated Stage7 member for 合成王氏.,False
1091663,7007,王延清,female,1799-01-01,1880-12-31,20,延,Rule-generated Stage7 member for 合成王氏.,False
1091664,7007,王强国,male,1800-01-01,1847-12-31,20,延,Rule-generated Stage7 member for 合成王氏.,False
1091665,7007,王清玉,female,1800-01-01,1860-12-31,20,延,Rule-generated Stage7 member for 合成王氏.,False
1091666,7007,王延强,male,1801-01-01,1872-12-31,20,延,Rule-generated Stage7 member for 合成王氏.,False
1091667,7007,王延宁,female,1804-01-01,1901-12-31,20,延,Rule-generated Stage7 member for 合成王氏.,False
1091668,7007,王延国,male,1804-01-01,1854-12-31,20,延,Rule-generated Stage7 member for 合成王氏.,False
1091669,7007,王延华,female,1800-01-01,1838-12-31,20,延,Rule-generated Stage7 member for 合成王氏.,False
1091670,7007,王延伟,male,1804-01-01,1855-12-31,20,延,Rule-generated Stage7 member for 合成王氏.,False
1091671,7007,王梅丽,female,1802-01-01,1880-12-31,20,延,Rule-generated Stage7 member for 合成王氏.,False
1091672,7007,王延安,male,1803-01-01,1862-12-31,20,延,Rule-generated Stage7 member for 合成王氏.,False
1091673,7007,王华清,female,1799-01-01,1892-12-31,20,延,Rule-generated Stage7 member for 合成王氏.,False
1091674,7007,王延明,male,1802-01-01,1842-12-31,20,延,Rule-generated Stage7 member for 合成王氏.,False
1091675,7007,王强,female,1801-01-01,1867-12-31,20,延,Rule-generated Stage7 member for 合成王氏.,False
1091676,7007,王国强,male,1802-01-01,1846-12-31,20,延,Rule-generated Stage7 member for 合成王氏.,False
1091677,7007,王延华,female,1800-01-01,1858-12-31,20,延,Rule-generated Stage7 member for 合成王氏.,False
1091678,7007,王国强,male,1800-01-01,1853-12-31,20,延,Rule-generated Stage7 member for 合成王氏.,False
1091679,7007,王强,female,1800-01-01,1884-12-31,20,延,Rule-generated Stage7 member for 合成王氏.,False
1091680,7007,王延承,male,1804-01-01,1846-12-31,20,延,Rule-generated Stage7 member for 合成王氏.,False
1091681,7007,王延雅,female,1799-01-01,1860-12-31,20,延,Rule-generated Stage7 member for 合成王氏.,False
1091682,7007,王丽,male,1801-01-01,1880-12-31,20,延,Rule-generated Stage7 member for 合成王氏.,False
1091683,7007,王敏,female,1800-01-01,1846-12-31,20,延,Rule-generated Stage7 member for 合成王氏.,False
1091684,7007,王文强,male,1802-01-01,1869-12-31,20,延,Rule-generated Stage7 member for 合成王氏.,False
1091685,7007,王延清,female,1801-01-01,1861-12-31,20,延,Rule-generated Stage7 member for 合成王氏.,False
1091686,7007,王延文,male,1801-01-01,1892-12-31,20,延,Rule-generated Stage7 member for 合成王氏.,False
1091687,7007,王延玉,female,1802-01-01,1894-12-31,20,延,Rule-generated Stage7 member for 合成王氏.,False
1091688,7007,王伟,male,1799-01-01,1830-12-31,20,延,Rule-generated Stage7 member for 合成王氏.,False
1091689,7007,王延宁,female,1800-01-01,1888-12-31,20,延,Rule-generated Stage7 member for 合成王氏.,False
1091690,7007,王延明,male,1802-01-01,1875-12-31,20,延,Rule-generated Stage7 member for 合成王氏.,False
1091691,7007,王伟德,male,1822-01-01,1885-12-31,21,德,Rule-generated Stage7 member for 合成王氏.,False
1091692,7007,王明,female,1819-01-01,1897-12-31,21,德,Rule-generated Stage7 member for 合成王氏.,False
1091693,7007,王德成,male,1820-01-01,1916-12-31,21,德,Rule-generated Stage7 member for 合成王氏.,False
1091694,7007,王清雅,female,1821-01-01,1885-12-31,21,德,Rule-generated Stage7 member for 合成王氏.,False
1091695,7007,王德世,male,1823-01-01,1863-12-31,21,德,Rule-generated Stage7 member for 合成王氏.,False
1091696,7007,王德芳,female,1821-01-01,1877-12-31,21,德,Rule-generated Stage7 member for 合成王氏.,False
1091697,7007,王德强,male,1824-01-01,1880-12-31,21,德,Rule-generated Stage7 member for 合成王氏.,False
1091698,7007,王强,female,1824-01-01,1893-12-31,21,德,Rule-generated Stage7 member for 合成王氏.,False
1091699,7007,王文伟,male,1825-01-01,1866-12-31,21,德,Rule-generated Stage7 member for 合成王氏.,False
1091700,7007,王宁慧,female,1824-01-01,1893-12-31,21,德,Rule-generated Stage7 member for 合成王氏.,False
1091701,7007,王华,male,1821-01-01,1895-12-31,21,德,Rule-generated Stage7 member for 合成王氏.,False
1091702,7007,王德雅,female,1823-01-01,1885-12-31,21,德,Rule-generated Stage7 member for 合成王氏.,False
1091703,7007,王德明,male,1823-01-01,1859-12-31,21,德,Rule-generated Stage7 member for 合成王氏.,False
1091704,7007,王德雅,female,1824-01-01,1894-12-31,21,德,Rule-generated Stage7 member for 合成王氏.,False
1091705,7007,王伟,male,1825-01-01,1882-12-31,21,德,Rule-generated Stage7 member for 合成王氏.,False
1091706,7007,王德敏,female,1825-01-01,1904-12-31,21,德,Rule-generated Stage7 member for 合成王氏.,False
1091707,7007,王德景,male,1821-01-01,1894-12-31,21,德,Rule-generated Stage7 member for 合成王氏.,False
1091708,7007,王德雅,female,1824-01-01,1870-12-31,21,德,Rule-generated Stage7 member for 合成王氏.,False
1091709,7007,王德成,male,1825-01-01,1861-12-31,21,德,Rule-generated Stage7 member for 合成王氏.,False
1091710,7007,王雅玉,female,1819-01-01,1876-12-31,21,德,Rule-generated Stage7 member for 合成王氏.,False
1091711,7007,王德明,male,1823-01-01,1885-12-31,21,德,Rule-generated Stage7 member for 合成王氏.,False
1091712,7007,王德华,female,1825-01-01,1892-12-31,21,德,Rule-generated Stage7 member for 合成王氏.,False
1091713,7007,王德景,male,1821-01-01,1893-12-31,21,德,Rule-generated Stage7 member for 合成王氏.,False
1091714,7007,王德玉,female,1820-01-01,1876-12-31,21,德,Rule-generated Stage7 member for 合成王氏.,False
1091715,7007,王德安,male,1823-01-01,1917-12-31,21,德,Rule-generated Stage7 member for 合成王氏.,False
1091716,7007,王德慧,female,1819-01-01,1866-12-31,21,德,Rule-generated Stage7 member for 合成王氏.,False
1091717,7007,王德承,male,1823-01-01,1870-12-31,21,德,Rule-generated Stage7 member for 合成王氏.,False
1091718,7007,王德慧,female,1824-01-01,1870-12-31,21,德,Rule-generated Stage7 member for 合成王氏.,False
1091719,7007,王德成,male,1819-01-01,1879-12-31,21,德,Rule-generated Stage7 member for 合成王氏.,False
1091720,7007,王华安,female,1820-01-01,1869-12-31,21,德,Rule-generated Stage7 member for 合成王氏.,False
1091721,7007,王德明,male,1822-01-01,1877-12-31,21,德,Rule-generated Stage7 member for 合成王氏.,False
1091722,7007,王德雅,female,1822-01-01,1909-12-31,21,德,Rule-generated Stage7 member for 合成王氏.,False
1091723,7007,王德安,male,1820-01-01,1902-12-31,21,德,Rule-generated Stage7 member for 合成王氏.,False
1091724,7007,王德慧,female,1820-01-01,1872-12-31,21,德,Rule-generated Stage7 member for 合成王氏.,False
1091725,7007,王伟,male,1825-01-01,1916-12-31,21,德,Rule-generated Stage7 member for 合成王氏.,False
1091726,7007,王安宁,female,1825-01-01,1891-12-31,21,德,Rule-generated Stage7 member for 合成王氏.,False
1091727,7007,王德世,male,1825-01-01,1926-12-31,21,德,Rule-generated Stage7 member for 合成王氏.,False
1091728,7007,王敏华,female,1825-01-01,1923-12-31,21,德,Rule-generated Stage7 member for 合成王氏.,False
1091729,7007,王德伟,male,1823-01-01,1884-12-31,21,德,Rule-generated Stage7 member for 合成王氏.,False
1091730,7007,王玉宁,female,1822-01-01,1876-12-31,21,德,Rule-generated Stage7 member for 合成王氏.,False
1091731,7007,王德文,male,1821-01-01,1897-12-31,21,德,Rule-generated Stage7 member for 合成王氏.,False
1091732,7007,王德安,female,1819-01-01,1873-12-31,21,德,Rule-generated Stage7 member for 合成王氏.,False
1091733,7007,王德世,male,1823-01-01,1915-12-31,21,德,Rule-generated Stage7 member for 合成王氏.,False
1091734,7007,王明,female,1820-01-01,1900-12-31,21,德,Rule-generated Stage7 member for 合成王氏.,False
1091735,7007,王文强,male,1819-01-01,1906-12-31,21,德,Rule-generated Stage7 member for 合成王氏.,False
1091736,7007,王丽,female,1820-01-01,1859-12-31,21,德,Rule-generated Stage7 member for 合成王氏.,False
1091737,7007,王世景,male,1821-01-01,1872-12-31,21,德,Rule-generated Stage7 member for 合成王氏.,False
1091738,7007,王敏,female,1820-01-01,1900-12-31,21,德,Rule-generated Stage7 member for 合成王氏.,False
1091739,7007,王德成,male,1825-01-01,1882-12-31,21,德,Rule-generated Stage7 member for 合成王氏.,False
1091740,7007,王德清,female,1824-01-01,1865-12-31,21,德,Rule-generated Stage7 member for 合成王氏.,False
1091741,7007,王德文,male,1819-01-01,1890-12-31,21,德,Rule-generated Stage7 member for 合成王氏.,False
1091742,7007,王德玉,female,1819-01-01,1845-12-31,21,德,Rule-generated Stage7 member for 合成王氏.,False
1091743,7007,王德强,male,1824-01-01,1900-12-31,21,德,Rule-generated Stage7 member for 合成王氏.,False
1091744,7007,王德丽,female,1823-01-01,1872-12-31,21,德,Rule-generated Stage7 member for 合成王氏.,False
1091745,7007,王德宗,male,1819-01-01,1870-12-31,21,德,Rule-generated Stage7 member for 合成王氏.,False
1091746,7007,王德敏,female,1824-01-01,1912-12-31,21,德,Rule-generated Stage7 member for 合成王氏.,False
1091747,7007,王强,male,1821-01-01,1897-12-31,21,德,Rule-generated Stage7 member for 合成王氏.,False
1091748,7007,王德安,female,1823-01-01,1916-12-31,21,德,Rule-generated Stage7 member for 合成王氏.,False
1091749,7007,王文承,male,1819-01-01,1923-12-31,21,德,Rule-generated Stage7 member for 合成王氏.,False
1091750,7007,王华,female,1825-01-01,1904-12-31,21,德,Rule-generated Stage7 member for 合成王氏.,False
1091751,7007,王德伟,male,1819-01-01,1914-12-31,21,德,Rule-generated Stage7 member for 合成王氏.,False
1091752,7007,王慧丽,female,1823-01-01,1878-12-31,21,德,Rule-generated Stage7 member for 合成王氏.,False
1091753,7007,王德强,male,1821-01-01,1852-12-31,21,德,Rule-generated Stage7 member for 合成王氏.,False
1091754,7007,王德玉,female,1819-01-01,1890-12-31,21,德,Rule-generated Stage7 member for 合成王氏.,False
1091755,7007,王德国,male,1825-01-01,1913-12-31,21,德,Rule-generated Stage7 member for 合成王氏.,False
1091756,7007,王玉敏,female,1819-01-01,1884-12-31,21,德,Rule-generated Stage7 member for 合成王氏.,False
1091757,7007,王德德,male,1824-01-01,1900-12-31,21,德,Rule-generated Stage7 member for 合成王氏.,False
1091758,7007,王德芳,female,1822-01-01,1900-12-31,21,德,Rule-generated Stage7 member for 合成王氏.,False
1091759,7007,王明世,male,1822-01-01,1855-12-31,21,德,Rule-generated Stage7 member for 合成王氏.,False
1091760,7007,王华清,female,1825-01-01,1894-12-31,21,德,Rule-generated Stage7 member for 合成王氏.,False
1091761,7007,王宗文,male,1824-01-01,1907-12-31,21,德,Rule-generated Stage7 member for 合成王氏.,False
1091762,7007,王强,female,1819-01-01,1900-12-31,21,德,Rule-generated Stage7 member for 合成王氏.,False
1091763,7007,王成明,male,1822-01-01,1899-12-31,21,德,Rule-generated Stage7 member for 合成王氏.,False
1091764,7007,王玉安,female,1819-01-01,1861-12-31,21,德,Rule-generated Stage7 member for 合成王氏.,False
1091765,7007,王德宗,male,1825-01-01,1912-12-31,21,德,Rule-generated Stage7 member for 合成王氏.,False
1091766,7007,王德兰,female,1823-01-01,1876-12-31,21,德,Rule-generated Stage7 member for 合成王氏.,False
1091767,7007,王强宗,male,1820-01-01,1886-12-31,21,德,Rule-generated Stage7 member for 合成王氏.,False
1091768,7007,王华,female,1822-01-01,1889-12-31,21,德,Rule-generated Stage7 member for 合成王氏.,False
1091769,7007,王德承,male,1824-01-01,1904-12-31,21,德,Rule-generated Stage7 member for 合成王氏.,False
1091770,7007,王宁兰,female,1823-01-01,1895-12-31,21,德,Rule-generated Stage7 member for 合成王氏.,False
1091771,7007,王德文,male,1819-01-01,1887-12-31,21,德,Rule-generated Stage7 member for 合成王氏.,False
1091772,7007,王丽,female,1821-01-01,1877-12-31,21,德,Rule-generated Stage7 member for 合成王氏.,False
1091773,7007,王德承,male,1819-01-01,1892-12-31,21,德,Rule-generated Stage7 member for 合成王氏.,False
1091774,7007,王清华,female,1822-01-01,1896-12-31,21,德,Rule-generated Stage7 member for 合成王氏.,False
1091775,7007,王德承,male,1821-01-01,1907-12-31,21,德,Rule-generated Stage7 member for 合成王氏.,False
1091776,7007,王德梅,female,1820-01-01,1901-12-31,21,德,Rule-generated Stage7 member for 合成王氏.,False
1091777,7007,王德世,male,1824-01-01,1852-12-31,21,德,Rule-generated Stage7 member for 合成王氏.,False
1091778,7007,王德丽,female,1825-01-01,1927-12-31,21,德,Rule-generated Stage7 member for 合成王氏.,False
1091779,7007,王德德,male,1819-01-01,1907-12-31,21,德,Rule-generated Stage7 member for 合成王氏.,False
1091780,7007,王德梅,female,1820-01-01,1910-12-31,21,德,Rule-generated Stage7 member for 合成王氏.,False
1091781,7007,王丽,male,1825-01-01,1875-12-31,21,德,Rule-generated Stage7 member for 合成王氏.,False
1091782,7007,王德华,female,1820-01-01,1905-12-31,21,德,Rule-generated Stage7 member for 合成王氏.,False
1091783,7007,王强安,male,1824-01-01,1897-12-31,21,德,Rule-generated Stage7 member for 合成王氏.,False
1091784,7007,王清清,female,1824-01-01,1905-12-31,21,德,Rule-generated Stage7 member for 合成王氏.,False
1091785,7007,王敏,male,1822-01-01,1902-12-31,21,德,Rule-generated Stage7 member for 合成王氏.,False
1091786,7007,王德丽,female,1820-01-01,1878-12-31,21,德,Rule-generated Stage7 member for 合成王氏.,False
1091787,7007,王德安,male,1819-01-01,1885-12-31,21,德,Rule-generated Stage7 member for 合成王氏.,False
1091788,7007,王华丽,female,1821-01-01,1893-12-31,21,德,Rule-generated Stage7 member for 合成王氏.,False
1091789,7007,王明,male,1822-01-01,1900-12-31,21,德,Rule-generated Stage7 member for 合成王氏.,False
1091790,7007,王德安,female,1820-01-01,1859-12-31,21,德,Rule-generated Stage7 member for 合成王氏.,False
1091791,7007,王德安,male,1825-01-01,1861-12-31,21,德,Rule-generated Stage7 member for 合成王氏.,False
1091792,7007,王兰安,female,1824-01-01,1883-12-31,21,德,Rule-generated Stage7 member for 合成王氏.,False
1091793,7007,王德安,male,1820-01-01,1920-12-31,21,德,Rule-generated Stage7 member for 合成王氏.,False
1091794,7007,王德兰,female,1820-01-01,1897-12-31,21,德,Rule-generated Stage7 member for 合成王氏.,False
1091795,7007,王景德,male,1825-01-01,1882-12-31,21,德,Rule-generated Stage7 member for 合成王氏.,False
1091796,7007,王丽宁,female,1820-01-01,1902-12-31,21,德,Rule-generated Stage7 member for 合成王氏.,False
1091797,7007,王安德,male,1822-01-01,1919-12-31,21,德,Rule-generated Stage7 member for 合成王氏.,False
1091798,7007,王华,female,1819-01-01,1910-12-31,21,德,Rule-generated Stage7 member for 合成王氏.,False
1091799,7007,王安伟,male,1819-01-01,1879-12-31,21,德,Rule-generated Stage7 member for 合成王氏.,False
1091800,7007,王德华,female,1819-01-01,1893-12-31,21,德,Rule-generated Stage7 member for 合成王氏.,False
1091801,7007,王成文,male,1821-01-01,1862-12-31,21,德,Rule-generated Stage7 member for 合成王氏.,False
1091802,7007,王德华,female,1825-01-01,1882-12-31,21,德,Rule-generated Stage7 member for 合成王氏.,False
1091803,7007,王明成,male,1820-01-01,1845-12-31,21,德,Rule-generated Stage7 member for 合成王氏.,False
1091804,7007,王德清,female,1822-01-01,1856-12-31,21,德,Rule-generated Stage7 member for 合成王氏.,False
1091805,7007,王华,male,1820-01-01,1893-12-31,21,德,Rule-generated Stage7 member for 合成王氏.,False
1091806,7007,王德慧,female,1822-01-01,1893-12-31,21,德,Rule-generated Stage7 member for 合成王氏.,False
1091807,7007,王承安,male,1822-01-01,1910-12-31,21,德,Rule-generated Stage7 member for 合成王氏.,False
1091808,7007,王敏,female,1820-01-01,1881-12-31,21,德,Rule-generated Stage7 member for 合成王氏.,False
1091809,7007,王德文,male,1820-01-01,1880-12-31,21,德,Rule-generated Stage7 member for 合成王氏.,False
1091810,7007,王德芳,female,1823-01-01,1898-12-31,21,德,Rule-generated Stage7 member for 合成王氏.,False
1091811,7007,王丽,male,1824-01-01,1913-12-31,21,德,Rule-generated Stage7 member for 合成王氏.,False
1091812,7007,王德清,female,1822-01-01,1869-12-31,21,德,Rule-generated Stage7 member for 合成王氏.,False
1091813,7007,王德承,male,1823-01-01,1897-12-31,21,德,Rule-generated Stage7 member for 合成王氏.,False
1091814,7007,王德宁,female,1819-01-01,1892-12-31,21,德,Rule-generated Stage7 member for 合成王氏.,False
1091815,7007,王德强,male,1823-01-01,1888-12-31,21,德,Rule-generated Stage7 member for 合成王氏.,False
1091816,7007,王德玉,female,1824-01-01,1904-12-31,21,德,Rule-generated Stage7 member for 合成王氏.,False
1091817,7007,王德德,male,1823-01-01,1888-12-31,21,德,Rule-generated Stage7 member for 合成王氏.,False
1091818,7007,王德芳,female,1819-01-01,1869-12-31,21,德,Rule-generated Stage7 member for 合成王氏.,False
1091819,7007,王敏,male,1825-01-01,1871-12-31,21,德,Rule-generated Stage7 member for 合成王氏.,False
1091820,7007,王德宁,female,1824-01-01,1897-12-31,21,德,Rule-generated Stage7 member for 合成王氏.,False
1091821,7007,王国国,male,1820-01-01,1898-12-31,21,德,Rule-generated Stage7 member for 合成王氏.,False
1091822,7007,王德芳,female,1825-01-01,1907-12-31,21,德,Rule-generated Stage7 member for 合成王氏.,False
1091823,7007,王德明,male,1824-01-01,1896-12-31,21,德,Rule-generated Stage7 member for 合成王氏.,False
1091824,7007,王德敏,female,1825-01-01,1892-12-31,21,德,Rule-generated Stage7 member for 合成王氏.,False
1091825,7007,王德强,male,1822-01-01,1874-12-31,21,德,Rule-generated Stage7 member for 合成王氏.,False
1091826,7007,王德雅,female,1822-01-01,1910-12-31,21,德,Rule-generated Stage7 member for 合成王氏.,False
1091827,7007,王德国,male,1824-01-01,1886-12-31,21,德,Rule-generated Stage7 member for 合成王氏.,False
1091828,7007,王德丽,female,1821-01-01,1900-12-31,21,德,Rule-generated Stage7 member for 合成王氏.,False
1091829,7007,王敏,male,1822-01-01,1883-12-31,21,德,Rule-generated Stage7 member for 合成王氏.,False
1091830,7007,王雅梅,female,1822-01-01,1908-12-31,21,德,Rule-generated Stage7 member for 合成王氏.,False
1091831,7007,王德国,male,1820-01-01,1912-12-31,21,德,Rule-generated Stage7 member for 合成王氏.,False
1091832,7007,王华丽,female,1820-01-01,1925-12-31,21,德,Rule-generated Stage7 member for 合成王氏.,False
1091833,7007,王德文,male,1825-01-01,1921-12-31,21,德,Rule-generated Stage7 member for 合成王氏.,False
1091834,7007,王德玉,female,1824-01-01,1914-12-31,21,德,Rule-generated Stage7 member for 合成王氏.,False
1091835,7007,王德明,male,1821-01-01,1901-12-31,21,德,Rule-generated Stage7 member for 合成王氏.,False
1091836,7007,王德雅,female,1825-01-01,1924-12-31,21,德,Rule-generated Stage7 member for 合成王氏.,False
1091837,7007,王仁承,male,1846-01-01,1913-12-31,22,仁,Rule-generated Stage7 member for 合成王氏.,False
1091838,7007,王仁兰,female,1840-01-01,1918-12-31,22,仁,Rule-generated Stage7 member for 合成王氏.,False
1091839,7007,王仁成,male,1841-01-01,1927-12-31,22,仁,Rule-generated Stage7 member for 合成王氏.,False
1091840,7007,王雅华,female,1846-01-01,1906-12-31,22,仁,Rule-generated Stage7 member for 合成王氏.,False
1091841,7007,王仁成,male,1840-01-01,1883-12-31,22,仁,Rule-generated Stage7 member for 合成王氏.,False
1091842,7007,王清华,female,1842-01-01,1887-12-31,22,仁,Rule-generated Stage7 member for 合成王氏.,False
1091843,7007,王成成,male,1845-01-01,1883-12-31,22,仁,Rule-generated Stage7 member for 合成王氏.,False
1091844,7007,王仁宁,female,1843-01-01,1921-12-31,22,仁,Rule-generated Stage7 member for 合成王氏.,False
1091845,7007,王国承,male,1842-01-01,1902-12-31,22,仁,Rule-generated Stage7 member for 合成王氏.,False
1091846,7007,王雅宁,female,1846-01-01,1897-12-31,22,仁,Rule-generated Stage7 member for 合成王氏.,False
1091847,7007,王仁德,male,1840-01-01,1880-12-31,22,仁,Rule-generated Stage7 member for 合成王氏.,False
1091848,7007,王敏,female,1846-01-01,1886-12-31,22,仁,Rule-generated Stage7 member for 合成王氏.,False
1091849,7007,王仁伟,male,1843-01-01,1917-12-31,22,仁,Rule-generated Stage7 member for 合成王氏.,False
1091850,7007,王仁雅,female,1842-01-01,1927-12-31,22,仁,Rule-generated Stage7 member for 合成王氏.,False
1091851,7007,王仁德,male,1840-01-01,1909-12-31,22,仁,Rule-generated Stage7 member for 合成王氏.,False
1091852,7007,王敏,female,1841-01-01,1916-12-31,22,仁,Rule-generated Stage7 member for 合成王氏.,False
1091853,7007,王仁强,male,1846-01-01,1917-12-31,22,仁,Rule-generated Stage7 member for 合成王氏.,False
1091854,7007,王仁梅,female,1845-01-01,1868-12-31,22,仁,Rule-generated Stage7 member for 合成王氏.,False
1091855,7007,王仁明,male,1844-01-01,1898-12-31,22,仁,Rule-generated Stage7 member for 合成王氏.,False
1091856,7007,王仁丽,female,1840-01-01,1927-12-31,22,仁,Rule-generated Stage7 member for 合成王氏.,False
1091857,7007,王仁成,male,1845-01-01,1871-12-31,22,仁,Rule-generated Stage7 member for 合成王氏.,False
1091858,7007,王仁慧,female,1846-01-01,1883-12-31,22,仁,Rule-generated Stage7 member for 合成王氏.,False
1091859,7007,王国安,male,1842-01-01,1919-12-31,22,仁,Rule-generated Stage7 member for 合成王氏.,False
1091860,7007,王丽丽,female,1843-01-01,1911-12-31,22,仁,Rule-generated Stage7 member for 合成王氏.,False
1091861,7007,王仁明,male,1841-01-01,1916-12-31,22,仁,Rule-generated Stage7 member for 合成王氏.,False
1091862,7007,王仁芳,female,1844-01-01,1922-12-31,22,仁,Rule-generated Stage7 member for 合成王氏.,False
1091863,7007,王仁成,male,1840-01-01,1928-12-31,22,仁,Rule-generated Stage7 member for 合成王氏.,False
1091864,7007,王清慧,female,1844-01-01,1921-12-31,22,仁,Rule-generated Stage7 member for 合成王氏.,False
1091865,7007,王世承,male,1841-01-01,1931-12-31,22,仁,Rule-generated Stage7 member for 合成王氏.,False
1091866,7007,王雅丽,female,1841-01-01,1897-12-31,22,仁,Rule-generated Stage7 member for 合成王氏.,False
1091867,7007,王仁成,male,1843-01-01,1916-12-31,22,仁,Rule-generated Stage7 member for 合成王氏.,False
1091868,7007,王丽安,female,1842-01-01,1873-12-31,22,仁,Rule-generated Stage7 member for 合成王氏.,False
1091869,7007,王敏,male,1843-01-01,1904-12-31,22,仁,Rule-generated Stage7 member for 合成王氏.,False
1091870,7007,王仁玉,female,1840-01-01,1936-12-31,22,仁,Rule-generated Stage7 member for 合成王氏.,False
1091871,7007,王强,male,1845-01-01,1920-12-31,22,仁,Rule-generated Stage7 member for 合成王氏.,False
1091872,7007,王玉雅,female,1846-01-01,1918-12-31,22,仁,Rule-generated Stage7 member for 合成王氏.,False
1091873,7007,王德国,male,1842-01-01,1908-12-31,22,仁,Rule-generated Stage7 member for 合成王氏.,False
1091874,7007,王仁安,female,1841-01-01,1913-12-31,22,仁,Rule-generated Stage7 member for 合成王氏.,False
1091875,7007,王成世,male,1841-01-01,1895-12-31,22,仁,Rule-generated Stage7 member for 合成王氏.,False
1091876,7007,王华芳,female,1841-01-01,1902-12-31,22,仁,Rule-generated Stage7 member for 合成王氏.,False
1091877,7007,王仁成,male,1844-01-01,1876-12-31,22,仁,Rule-generated Stage7 member for 合成王氏.,False
1091878,7007,王仁宁,female,1845-01-01,1886-12-31,22,仁,Rule-generated Stage7 member for 合成王氏.,False
1091879,7007,王成宗,male,1845-01-01,1941-12-31,22,仁,Rule-generated Stage7 member for 合成王氏.,False
1091880,7007,王梅清,female,1841-01-01,1925-12-31,22,仁,Rule-generated Stage7 member for 合成王氏.,False
1091881,7007,王明景,male,1840-01-01,1931-12-31,22,仁,Rule-generated Stage7 member for 合成王氏.,False
1091882,7007,王宁芳,female,1841-01-01,1912-12-31,22,仁,Rule-generated Stage7 member for 合成王氏.,False
1091883,7007,王国文,male,1844-01-01,1900-12-31,22,仁,Rule-generated Stage7 member for 合成王氏.,False
1091884,7007,王宁华,female,1845-01-01,1927-12-31,22,仁,Rule-generated Stage7 member for 合成王氏.,False
1091885,7007,王景文,male,1841-01-01,1915-12-31,22,仁,Rule-generated Stage7 member for 合成王氏.,False
1091886,7007,王清玉,female,1845-01-01,1901-12-31,22,仁,Rule-generated Stage7 member for 合成王氏.,False
1091887,7007,王仁成,male,1843-01-01,1880-12-31,22,仁,Rule-generated Stage7 member for 合成王氏.,False
1091888,7007,王仁宁,female,1844-01-01,1889-12-31,22,仁,Rule-generated Stage7 member for 合成王氏.,False
1091889,7007,王承安,male,1845-01-01,1908-12-31,22,仁,Rule-generated Stage7 member for 合成王氏.,False
1091890,7007,王清玉,female,1844-01-01,1926-12-31,22,仁,Rule-generated Stage7 member for 合成王氏.,False
1091891,7007,王德安,male,1845-01-01,1929-12-31,22,仁,Rule-generated Stage7 member for 合成王氏.,False
1091892,7007,王仁梅,female,1846-01-01,1902-12-31,22,仁,Rule-generated Stage7 member for 合成王氏.,False
1091893,7007,王仁成,male,1844-01-01,1889-12-31,22,仁,Rule-generated Stage7 member for 合成王氏.,False
1091894,7007,王芳安,female,1845-01-01,1868-12-31,22,仁,Rule-generated Stage7 member for 合成王氏.,False
1091895,7007,王仁安,male,1844-01-01,1898-12-31,22,仁,Rule-generated Stage7 member for 合成王氏.,False
1091896,7007,王仁玉,female,1846-01-01,1924-12-31,22,仁,Rule-generated Stage7 member for 合成王氏.,False
1091897,7007,王强安,male,1841-01-01,1935-12-31,22,仁,Rule-generated Stage7 member for 合成王氏.,False
1091898,7007,王仁玉,female,1842-01-01,1939-12-31,22,仁,Rule-generated Stage7 member for 合成王氏.,False
1091899,7007,王仁安,male,1840-01-01,1886-12-31,22,仁,Rule-generated Stage7 member for 合成王氏.,False
1091900,7007,王伟,female,1841-01-01,1921-12-31,22,仁,Rule-generated Stage7 member for 合成王氏.,False
1091901,7007,王明,male,1846-01-01,1902-12-31,22,仁,Rule-generated Stage7 member for 合成王氏.,False
1091902,7007,王安梅,female,1845-01-01,1949-12-31,22,仁,Rule-generated Stage7 member for 合成王氏.,False
1091903,7007,王仁国,male,1841-01-01,1933-12-31,22,仁,Rule-generated Stage7 member for 合成王氏.,False
1091904,7007,王宁华,female,1840-01-01,1947-12-31,22,仁,Rule-generated Stage7 member for 合成王氏.,False
1091905,7007,王仁宗,male,1844-01-01,1904-12-31,22,仁,Rule-generated Stage7 member for 合成王氏.,False
1091906,7007,王兰梅,female,1840-01-01,1879-12-31,22,仁,Rule-generated Stage7 member for 合成王氏.,False
1091907,7007,王安成,male,1843-01-01,1889-12-31,22,仁,Rule-generated Stage7 member for 合成王氏.,False
1091908,7007,王兰雅,female,1841-01-01,1922-12-31,22,仁,Rule-generated Stage7 member for 合成王氏.,False
1091909,7007,王伟,male,1841-01-01,1934-12-31,22,仁,Rule-generated Stage7 member for 合成王氏.,False
1091910,7007,王仁慧,female,1840-01-01,1897-12-31,22,仁,Rule-generated Stage7 member for 合成王氏.,False
1091911,7007,王承景,male,1842-01-01,1920-12-31,22,仁,Rule-generated Stage7 member for 合成王氏.,False
1091912,7007,王雅清,female,1844-01-01,1939-12-31,22,仁,Rule-generated Stage7 member for 合成王氏.,False
1091913,7007,王仁安,male,1845-01-01,1923-12-31,22,仁,Rule-generated Stage7 member for 合成王氏.,False
1091914,7007,王仁慧,female,1845-01-01,1936-12-31,22,仁,Rule-generated Stage7 member for 合成王氏.,False
1091915,7007,王仁宗,male,1846-01-01,1939-12-31,22,仁,Rule-generated Stage7 member for 合成王氏.,False
1091916,7007,王仁玉,female,1840-01-01,1904-12-31,22,仁,Rule-generated Stage7 member for 合成王氏.,False
1091917,7007,王仁承,male,1843-01-01,1891-12-31,22,仁,Rule-generated Stage7 member for 合成王氏.,False
1091918,7007,王仁清,female,1846-01-01,1941-12-31,22,仁,Rule-generated Stage7 member for 合成王氏.,False
1091919,7007,王仁景,male,1840-01-01,1875-12-31,22,仁,Rule-generated Stage7 member for 合成王氏.,False
1091920,7007,王华安,female,1841-01-01,1880-12-31,22,仁,Rule-generated Stage7 member for 合成王氏.,False
1091921,7007,王仁强,male,1845-01-01,1919-12-31,22,仁,Rule-generated Stage7 member for 合成王氏.,False
1091922,7007,王仁安,female,1841-01-01,1929-12-31,22,仁,Rule-generated Stage7 member for 合成王氏.,False
1091923,7007,王文强,male,1844-01-01,1902-12-31,22,仁,Rule-generated Stage7 member for 合成王氏.,False
1091924,7007,王华,female,1842-01-01,1882-12-31,22,仁,Rule-generated Stage7 member for 合成王氏.,False
1091925,7007,王国成,male,1843-01-01,1927-12-31,22,仁,Rule-generated Stage7 member for 合成王氏.,False
1091926,7007,王华,female,1843-01-01,1876-12-31,22,仁,Rule-generated Stage7 member for 合成王氏.,False
1091927,7007,王文成,male,1841-01-01,1889-12-31,22,仁,Rule-generated Stage7 member for 合成王氏.,False
1091928,7007,王仁玉,female,1843-01-01,1898-12-31,22,仁,Rule-generated Stage7 member for 合成王氏.,False
1091929,7007,王仁文,male,1840-01-01,1873-12-31,22,仁,Rule-generated Stage7 member for 合成王氏.,False
1091930,7007,王仁华,female,1841-01-01,1919-12-31,22,仁,Rule-generated Stage7 member for 合成王氏.,False
1091931,7007,王仁景,male,1843-01-01,1930-12-31,22,仁,Rule-generated Stage7 member for 合成王氏.,False
1091932,7007,王兰清,female,1845-01-01,1930-12-31,22,仁,Rule-generated Stage7 member for 合成王氏.,False
1091933,7007,王敏,male,1845-01-01,1887-12-31,22,仁,Rule-generated Stage7 member for 合成王氏.,False
1091934,7007,王仁丽,female,1840-01-01,1908-12-31,22,仁,Rule-generated Stage7 member for 合成王氏.,False
1091935,7007,王德国,male,1844-01-01,1908-12-31,22,仁,Rule-generated Stage7 member for 合成王氏.,False
1091936,7007,王仁慧,female,1841-01-01,1944-12-31,22,仁,Rule-generated Stage7 member for 合成王氏.,False
1091937,7007,王明,male,1845-01-01,1918-12-31,22,仁,Rule-generated Stage7 member for 合成王氏.,False
1091938,7007,王仁华,female,1840-01-01,1910-12-31,22,仁,Rule-generated Stage7 member for 合成王氏.,False
1091939,7007,王仁伟,male,1840-01-01,1892-12-31,22,仁,Rule-generated Stage7 member for 合成王氏.,False
1091940,7007,王清华,female,1840-01-01,1885-12-31,22,仁,Rule-generated Stage7 member for 合成王氏.,False
1091941,7007,王景文,male,1846-01-01,1934-12-31,22,仁,Rule-generated Stage7 member for 合成王氏.,False
1091942,7007,王仁宁,female,1841-01-01,1891-12-31,22,仁,Rule-generated Stage7 member for 合成王氏.,False
1091943,7007,王景强,male,1844-01-01,1879-12-31,22,仁,Rule-generated Stage7 member for 合成王氏.,False
1091944,7007,王仁敏,female,1844-01-01,1940-12-31,22,仁,Rule-generated Stage7 member for 合成王氏.,False
1091945,7007,王仁承,male,1844-01-01,1891-12-31,22,仁,Rule-generated Stage7 member for 合成王氏.,False
1091946,7007,王清芳,female,1843-01-01,1902-12-31,22,仁,Rule-generated Stage7 member for 合成王氏.,False
1091947,7007,王仁成,male,1841-01-01,1918-12-31,22,仁,Rule-generated Stage7 member for 合成王氏.,False
1091948,7007,王仁慧,female,1844-01-01,1917-12-31,22,仁,Rule-generated Stage7 member for 合成王氏.,False
1091949,7007,王世宗,male,1844-01-01,1923-12-31,22,仁,Rule-generated Stage7 member for 合成王氏.,False
1091950,7007,王敏华,female,1842-01-01,1930-12-31,22,仁,Rule-generated Stage7 member for 合成王氏.,False
1091951,7007,王安安,male,1845-01-01,1906-12-31,22,仁,Rule-generated Stage7 member for 合成王氏.,False
1091952,7007,王仁雅,female,1843-01-01,1916-12-31,22,仁,Rule-generated Stage7 member for 合成王氏.,False
1091953,7007,王仁景,male,1845-01-01,1914-12-31,22,仁,Rule-generated Stage7 member for 合成王氏.,False
1091954,7007,王仁梅,female,1845-01-01,1947-12-31,22,仁,Rule-generated Stage7 member for 合成王氏.,False
1091955,7007,王仁成,male,1845-01-01,1897-12-31,22,仁,Rule-generated Stage7 member for 合成王氏.,False
1091956,7007,王仁芳,female,1846-01-01,1924-12-31,22,仁,Rule-generated Stage7 member for 合成王氏.,False
1091957,7007,王德成,male,1844-01-01,1915-12-31,22,仁,Rule-generated Stage7 member for 合成王氏.,False
1091958,7007,王兰敏,female,1844-01-01,1928-12-31,22,仁,Rule-generated Stage7 member for 合成王氏.,False
1091959,7007,王华,male,1846-01-01,1941-12-31,22,仁,Rule-generated Stage7 member for 合成王氏.,False
1091960,7007,王仁宁,female,1841-01-01,1901-12-31,22,仁,Rule-generated Stage7 member for 合成王氏.,False
1091961,7007,王仁国,male,1840-01-01,1895-12-31,22,仁,Rule-generated Stage7 member for 合成王氏.,False
1091962,7007,王仁梅,female,1843-01-01,1912-12-31,22,仁,Rule-generated Stage7 member for 合成王氏.,False
1091963,7007,王仁宗,male,1843-01-01,1907-12-31,22,仁,Rule-generated Stage7 member for 合成王氏.,False
1091964,7007,王雅安,female,1845-01-01,1904-12-31,22,仁,Rule-generated Stage7 member for 合成王氏.,False
1091965,7007,王世强,male,1845-01-01,1934-12-31,22,仁,Rule-generated Stage7 member for 合成王氏.,False
1091966,7007,王宁雅,female,1841-01-01,1939-12-31,22,仁,Rule-generated Stage7 member for 合成王氏.,False
1091967,7007,王明,male,1842-01-01,1863-12-31,22,仁,Rule-generated Stage7 member for 合成王氏.,False
1091968,7007,王仁兰,female,1841-01-01,1917-12-31,22,仁,Rule-generated Stage7 member for 合成王氏.,False
1091969,7007,王孝强,male,1862-01-01,1963-12-31,23,孝,Rule-generated Stage7 member for 合成王氏.,False
1091970,7007,王孝慧,female,1865-01-01,1935-12-31,23,孝,Rule-generated Stage7 member for 合成王氏.,False
1091971,7007,王孝宗,male,1865-01-01,1910-12-31,23,孝,Rule-generated Stage7 member for 合成王氏.,False
1091972,7007,王丽梅,female,1862-01-01,1911-12-31,23,孝,Rule-generated Stage7 member for 合成王氏.,False
1091973,7007,王强国,male,1866-01-01,1962-12-31,23,孝,Rule-generated Stage7 member for 合成王氏.,False
1091974,7007,王孝芳,female,1866-01-01,1933-12-31,23,孝,Rule-generated Stage7 member for 合成王氏.,False
1091975,7007,王孝承,male,1863-01-01,1934-12-31,23,孝,Rule-generated Stage7 member for 合成王氏.,False
1091976,7007,王雅宁,female,1865-01-01,1890-12-31,23,孝,Rule-generated Stage7 member for 合成王氏.,False
1091977,7007,王安德,male,1864-01-01,1926-12-31,23,孝,Rule-generated Stage7 member for 合成王氏.,False
1091978,7007,王孝雅,female,1864-01-01,1945-12-31,23,孝,Rule-generated Stage7 member for 合成王氏.,False
1091979,7007,王世宗,male,1867-01-01,1953-12-31,23,孝,Rule-generated Stage7 member for 合成王氏.,False
1091980,7007,王兰雅,female,1861-01-01,1942-12-31,23,孝,Rule-generated Stage7 member for 合成王氏.,False
1091981,7007,王孝德,male,1863-01-01,1908-12-31,23,孝,Rule-generated Stage7 member for 合成王氏.,False
1091982,7007,王孝华,female,1864-01-01,1970-12-31,23,孝,Rule-generated Stage7 member for 合成王氏.,False
1091983,7007,王孝明,male,1862-01-01,1924-12-31,23,孝,Rule-generated Stage7 member for 合成王氏.,False
1091984,7007,王孝芳,female,1867-01-01,1923-12-31,23,孝,Rule-generated Stage7 member for 合成王氏.,False
1091985,7007,王孝承,male,1862-01-01,1889-12-31,23,孝,Rule-generated Stage7 member for 合成王氏.,False
1091986,7007,王安清,female,1866-01-01,1945-12-31,23,孝,Rule-generated Stage7 member for 合成王氏.,False
1091987,7007,王伟,male,1864-01-01,1956-12-31,23,孝,Rule-generated Stage7 member for 合成王氏.,False
1091988,7007,王孝宁,female,1866-01-01,1899-12-31,23,孝,Rule-generated Stage7 member for 合成王氏.,False
1091989,7007,王伟,male,1867-01-01,1893-12-31,23,孝,Rule-generated Stage7 member for 合成王氏.,False
1091990,7007,王孝敏,female,1861-01-01,1907-12-31,23,孝,Rule-generated Stage7 member for 合成王氏.,False
1091991,7007,王孝安,male,1862-01-01,1920-12-31,23,孝,Rule-generated Stage7 member for 合成王氏.,False
1091992,7007,王孝华,female,1861-01-01,1903-12-31,23,孝,Rule-generated Stage7 member for 合成王氏.,False
1091993,7007,王孝成,male,1865-01-01,1964-12-31,23,孝,Rule-generated Stage7 member for 合成王氏.,False
1091994,7007,王丽,female,1867-01-01,1903-12-31,23,孝,Rule-generated Stage7 member for 合成王氏.,False
1091995,7007,王安世,male,1861-01-01,1955-12-31,23,孝,Rule-generated Stage7 member for 合成王氏.,False
1091996,7007,王梅安,female,1867-01-01,1943-12-31,23,孝,Rule-generated Stage7 member for 合成王氏.,False
1091997,7007,王孝伟,male,1861-01-01,1895-12-31,23,孝,Rule-generated Stage7 member for 合成王氏.,False
1091998,7007,王安梅,female,1862-01-01,1950-12-31,23,孝,Rule-generated Stage7 member for 合成王氏.,False
1091999,7007,王孝宗,male,1867-01-01,1920-12-31,23,孝,Rule-generated Stage7 member for 合成王氏.,False
1092000,7007,王敏玉,female,1867-01-01,1907-12-31,23,孝,Rule-generated Stage7 member for 合成王氏.,False
1092001,7007,王孝成,male,1865-01-01,1926-12-31,23,孝,Rule-generated Stage7 member for 合成王氏.,False
1092002,7007,王慧安,female,1862-01-01,1929-12-31,23,孝,Rule-generated Stage7 member for 合成王氏.,False
1092003,7007,王孝承,male,1864-01-01,1928-12-31,23,孝,Rule-generated Stage7 member for 合成王氏.,False
1092004,7007,王敏芳,female,1864-01-01,1958-12-31,23,孝,Rule-generated Stage7 member for 合成王氏.,False
1092005,7007,王世德,male,1864-01-01,1908-12-31,23,孝,Rule-generated Stage7 member for 合成王氏.,False
1092006,7007,王清安,female,1864-01-01,1949-12-31,23,孝,Rule-generated Stage7 member for 合成王氏.,False
1092007,7007,王孝文,male,1863-01-01,1919-12-31,23,孝,Rule-generated Stage7 member for 合成王氏.,False
1092008,7007,王孝华,female,1864-01-01,1925-12-31,23,孝,Rule-generated Stage7 member for 合成王氏.,False
1092009,7007,王安明,male,1864-01-01,1931-12-31,23,孝,Rule-generated Stage7 member for 合成王氏.,False
1092010,7007,王孝慧,female,1866-01-01,1937-12-31,23,孝,Rule-generated Stage7 member for 合成王氏.,False
1092011,7007,王孝文,male,1862-01-01,1939-12-31,23,孝,Rule-generated Stage7 member for 合成王氏.,False
1092012,7007,王孝玉,female,1861-01-01,1944-12-31,23,孝,Rule-generated Stage7 member for 合成王氏.,False
1092013,7007,王孝承,male,1865-01-01,1967-12-31,23,孝,Rule-generated Stage7 member for 合成王氏.,False
1092014,7007,王强,female,1864-01-01,1947-12-31,23,孝,Rule-generated Stage7 member for 合成王氏.,False
1092015,7007,王明伟,male,1862-01-01,1953-12-31,23,孝,Rule-generated Stage7 member for 合成王氏.,False
1092016,7007,王孝兰,female,1861-01-01,1924-12-31,23,孝,Rule-generated Stage7 member for 合成王氏.,False
1092017,7007,王景成,male,1864-01-01,1952-12-31,23,孝,Rule-generated Stage7 member for 合成王氏.,False
1092018,7007,王孝敏,female,1865-01-01,1913-12-31,23,孝,Rule-generated Stage7 member for 合成王氏.,False
1092019,7007,王孝德,male,1863-01-01,1923-12-31,23,孝,Rule-generated Stage7 member for 合成王氏.,False
1092020,7007,王孝敏,female,1867-01-01,1920-12-31,23,孝,Rule-generated Stage7 member for 合成王氏.,False
1092021,7007,王华,male,1867-01-01,1901-12-31,23,孝,Rule-generated Stage7 member for 合成王氏.,False
1092022,7007,王孝宁,female,1862-01-01,1919-12-31,23,孝,Rule-generated Stage7 member for 合成王氏.,False
1092023,7007,王孝强,male,1862-01-01,1889-12-31,23,孝,Rule-generated Stage7 member for 合成王氏.,False
1092024,7007,王宁兰,female,1866-01-01,1921-12-31,23,孝,Rule-generated Stage7 member for 合成王氏.,False
1092025,7007,王孝明,male,1862-01-01,1934-12-31,23,孝,Rule-generated Stage7 member for 合成王氏.,False
1092026,7007,王孝宁,female,1861-01-01,1904-12-31,23,孝,Rule-generated Stage7 member for 合成王氏.,False
1092027,7007,王孝景,male,1863-01-01,1909-12-31,23,孝,Rule-generated Stage7 member for 合成王氏.,False
1092028,7007,王明,female,1861-01-01,1945-12-31,23,孝,Rule-generated Stage7 member for 合成王氏.,False
1092029,7007,王强,male,1866-01-01,1939-12-31,23,孝,Rule-generated Stage7 member for 合成王氏.,False
1092030,7007,王玉宁,female,1865-01-01,1924-12-31,23,孝,Rule-generated Stage7 member for 合成王氏.,False
1092031,7007,王景德,male,1866-01-01,1935-12-31,23,孝,Rule-generated Stage7 member for 合成王氏.,False
1092032,7007,王孝兰,female,1865-01-01,1912-12-31,23,孝,Rule-generated Stage7 member for 合成王氏.,False
1092033,7007,王孝明,male,1862-01-01,1909-12-31,23,孝,Rule-generated Stage7 member for 合成王氏.,False
1092034,7007,王孝雅,female,1862-01-01,1928-12-31,23,孝,Rule-generated Stage7 member for 合成王氏.,False
1092035,7007,王孝强,male,1864-01-01,1932-12-31,23,孝,Rule-generated Stage7 member for 合成王氏.,False
1092036,7007,王孝敏,female,1865-01-01,1965-12-31,23,孝,Rule-generated Stage7 member for 合成王氏.,False
1092037,7007,王文国,male,1863-01-01,1920-12-31,23,孝,Rule-generated Stage7 member for 合成王氏.,False
1092038,7007,王孝慧,female,1867-01-01,1933-12-31,23,孝,Rule-generated Stage7 member for 合成王氏.,False
1092039,7007,王国明,male,1861-01-01,1924-12-31,23,孝,Rule-generated Stage7 member for 合成王氏.,False
1092040,7007,王孝慧,female,1864-01-01,1919-12-31,23,孝,Rule-generated Stage7 member for 合成王氏.,False
1092041,7007,王丽,male,1863-01-01,1888-12-31,23,孝,Rule-generated Stage7 member for 合成王氏.,False
1092042,7007,王孝安,female,1863-01-01,1920-12-31,23,孝,Rule-generated Stage7 member for 合成王氏.,False
1092043,7007,王孝安,male,1862-01-01,1907-12-31,23,孝,Rule-generated Stage7 member for 合成王氏.,False
1092044,7007,王雅慧,female,1862-01-01,1915-12-31,23,孝,Rule-generated Stage7 member for 合成王氏.,False
1092045,7007,王孝世,male,1865-01-01,1943-12-31,23,孝,Rule-generated Stage7 member for 合成王氏.,False
1092046,7007,王华华,female,1862-01-01,1946-12-31,23,孝,Rule-generated Stage7 member for 合成王氏.,False
1092047,7007,王德承,male,1861-01-01,1937-12-31,23,孝,Rule-generated Stage7 member for 合成王氏.,False
1092048,7007,王华,female,1864-01-01,1941-12-31,23,孝,Rule-generated Stage7 member for 合成王氏.,False
1092049,7007,王丽,male,1866-01-01,1936-12-31,23,孝,Rule-generated Stage7 member for 合成王氏.,False
1092050,7007,王孝慧,female,1863-01-01,1907-12-31,23,孝,Rule-generated Stage7 member for 合成王氏.,False
1092051,7007,王孝德,male,1864-01-01,1913-12-31,23,孝,Rule-generated Stage7 member for 合成王氏.,False
1092052,7007,王孝雅,female,1866-01-01,1966-12-31,23,孝,Rule-generated Stage7 member for 合成王氏.,False
1092053,7007,王孝景,male,1864-01-01,1915-12-31,23,孝,Rule-generated Stage7 member for 合成王氏.,False
1092054,7007,王孝华,female,1865-01-01,1909-12-31,23,孝,Rule-generated Stage7 member for 合成王氏.,False
1092055,7007,王强强,male,1864-01-01,1925-12-31,23,孝,Rule-generated Stage7 member for 合成王氏.,False
1092056,7007,王孝敏,female,1863-01-01,1960-12-31,23,孝,Rule-generated Stage7 member for 合成王氏.,False
1092057,7007,王强伟,male,1861-01-01,1896-12-31,23,孝,Rule-generated Stage7 member for 合成王氏.,False
1092058,7007,王兰雅,female,1867-01-01,1947-12-31,23,孝,Rule-generated Stage7 member for 合成王氏.,False
1092059,7007,王丽,male,1861-01-01,1897-12-31,23,孝,Rule-generated Stage7 member for 合成王氏.,False
1092060,7007,王孝雅,female,1867-01-01,1925-12-31,23,孝,Rule-generated Stage7 member for 合成王氏.,False
1092061,7007,王孝安,male,1867-01-01,1945-12-31,23,孝,Rule-generated Stage7 member for 合成王氏.,False
1092062,7007,王敏清,female,1863-01-01,1907-12-31,23,孝,Rule-generated Stage7 member for 合成王氏.,False
1092063,7007,王华,male,1861-01-01,1917-12-31,23,孝,Rule-generated Stage7 member for 合成王氏.,False
1092064,7007,王孝安,female,1864-01-01,1949-12-31,23,孝,Rule-generated Stage7 member for 合成王氏.,False
1092065,7007,王孝德,male,1861-01-01,1911-12-31,23,孝,Rule-generated Stage7 member for 合成王氏.,False
1092066,7007,王梅兰,female,1861-01-01,1927-12-31,23,孝,Rule-generated Stage7 member for 合成王氏.,False
1092067,7007,王伟伟,male,1866-01-01,1927-12-31,23,孝,Rule-generated Stage7 member for 合成王氏.,False
1092068,7007,王孝玉,female,1865-01-01,1964-12-31,23,孝,Rule-generated Stage7 member for 合成王氏.,False
1092069,7007,王孝宗,male,1864-01-01,1949-12-31,23,孝,Rule-generated Stage7 member for 合成王氏.,False
1092070,7007,王孝华,female,1865-01-01,1939-12-31,23,孝,Rule-generated Stage7 member for 合成王氏.,False
1092071,7007,王孝德,male,1863-01-01,1915-12-31,23,孝,Rule-generated Stage7 member for 合成王氏.,False
1092072,7007,王丽,female,1863-01-01,1916-12-31,23,孝,Rule-generated Stage7 member for 合成王氏.,False
1092073,7007,王孝景,male,1867-01-01,1948-12-31,23,孝,Rule-generated Stage7 member for 合成王氏.,False
1092074,7007,王玉兰,female,1864-01-01,1942-12-31,23,孝,Rule-generated Stage7 member for 合成王氏.,False
1092075,7007,王孝德,male,1862-01-01,1907-12-31,23,孝,Rule-generated Stage7 member for 合成王氏.,False
1092076,7007,王兰梅,female,1867-01-01,1946-12-31,23,孝,Rule-generated Stage7 member for 合成王氏.,False
1092077,7007,王孝承,male,1864-01-01,1884-12-31,23,孝,Rule-generated Stage7 member for 合成王氏.,False
1092078,7007,王孝雅,female,1863-01-01,1940-12-31,23,孝,Rule-generated Stage7 member for 合成王氏.,False
1092079,7007,王孝景,male,1865-01-01,1921-12-31,23,孝,Rule-generated Stage7 member for 合成王氏.,False
1092080,7007,王孝雅,female,1861-01-01,1904-12-31,23,孝,Rule-generated Stage7 member for 合成王氏.,False
1092081,7007,王孝强,male,1866-01-01,1900-12-31,23,孝,Rule-generated Stage7 member for 合成王氏.,False
1092082,7007,王孝丽,female,1865-01-01,1940-12-31,23,孝,Rule-generated Stage7 member for 合成王氏.,False
1092083,7007,王孝伟,male,1863-01-01,1927-12-31,23,孝,Rule-generated Stage7 member for 合成王氏.,False
1092084,7007,王敏清,female,1864-01-01,1952-12-31,23,孝,Rule-generated Stage7 member for 合成王氏.,False
1092085,7007,王孝宗,male,1861-01-01,1917-12-31,23,孝,Rule-generated Stage7 member for 合成王氏.,False
1092086,7007,王礼景,male,1884-01-01,1960-12-31,24,礼,Rule-generated Stage7 member for 合成王氏.,False
1092087,7007,王礼慧,female,1883-01-01,1980-12-31,24,礼,Rule-generated Stage7 member for 合成王氏.,False
1092088,7007,王礼文,male,1882-01-01,1944-12-31,24,礼,Rule-generated Stage7 member for 合成王氏.,False
1092089,7007,王伟,female,1885-01-01,1972-12-31,24,礼,Rule-generated Stage7 member for 合成王氏.,False
1092090,7007,王礼成,male,1882-01-01,1922-12-31,24,礼,Rule-generated Stage7 member for 合成王氏.,False
1092091,7007,王雅宁,female,1885-01-01,1923-12-31,24,礼,Rule-generated Stage7 member for 合成王氏.,False
1092092,7007,王礼明,male,1884-01-01,1956-12-31,24,礼,Rule-generated Stage7 member for 合成王氏.,False
1092093,7007,王敏敏,female,1882-01-01,1945-12-31,24,礼,Rule-generated Stage7 member for 合成王氏.,False
1092094,7007,王礼承,male,1883-01-01,1954-12-31,24,礼,Rule-generated Stage7 member for 合成王氏.,False
1092095,7007,王礼梅,female,1887-01-01,1972-12-31,24,礼,Rule-generated Stage7 member for 合成王氏.,False
1092096,7007,王礼世,male,1882-01-01,1933-12-31,24,礼,Rule-generated Stage7 member for 合成王氏.,False
1092097,7007,王礼兰,female,1884-01-01,1945-12-31,24,礼,Rule-generated Stage7 member for 合成王氏.,False
1092098,7007,王安宗,male,1888-01-01,1969-12-31,24,礼,Rule-generated Stage7 member for 合成王氏.,False
1092099,7007,王礼雅,female,1885-01-01,1950-12-31,24,礼,Rule-generated Stage7 member for 合成王氏.,False
1092100,7007,王礼景,male,1882-01-01,1915-12-31,24,礼,Rule-generated Stage7 member for 合成王氏.,False
1092101,7007,王强,female,1886-01-01,1922-12-31,24,礼,Rule-generated Stage7 member for 合成王氏.,False
1092102,7007,王安景,male,1886-01-01,1973-12-31,24,礼,Rule-generated Stage7 member for 合成王氏.,False
1092103,7007,王礼兰,female,1888-01-01,1962-12-31,24,礼,Rule-generated Stage7 member for 合成王氏.,False
1092104,7007,王宗德,male,1884-01-01,1953-12-31,24,礼,Rule-generated Stage7 member for 合成王氏.,False
1092105,7007,王礼兰,female,1888-01-01,1957-12-31,24,礼,Rule-generated Stage7 member for 合成王氏.,False
1092106,7007,王礼伟,male,1885-01-01,1955-12-31,24,礼,Rule-generated Stage7 member for 合成王氏.,False
1092107,7007,王敏芳,female,1883-01-01,1934-12-31,24,礼,Rule-generated Stage7 member for 合成王氏.,False
1092108,7007,王礼强,male,1886-01-01,1933-12-31,24,礼,Rule-generated Stage7 member for 合成王氏.,False
1092109,7007,王礼慧,female,1885-01-01,1936-12-31,24,礼,Rule-generated Stage7 member for 合成王氏.,False
1092110,7007,王礼安,male,1888-01-01,1945-12-31,24,礼,Rule-generated Stage7 member for 合成王氏.,False
1092111,7007,王玉安,female,1883-01-01,1955-12-31,24,礼,Rule-generated Stage7 member for 合成王氏.,False
1092112,7007,王礼成,male,1888-01-01,1921-12-31,24,礼,Rule-generated Stage7 member for 合成王氏.,False
1092113,7007,王华慧,female,1885-01-01,1988-12-31,24,礼,Rule-generated Stage7 member for 合成王氏.,False
1092114,7007,王礼成,male,1887-01-01,1913-12-31,24,礼,Rule-generated Stage7 member for 合成王氏.,False
1092115,7007,王礼华,female,1885-01-01,1967-12-31,24,礼,Rule-generated Stage7 member for 合成王氏.,False
1092116,7007,王德世,male,1887-01-01,1944-12-31,24,礼,Rule-generated Stage7 member for 合成王氏.,False
1092117,7007,王礼清,female,1882-01-01,1971-12-31,24,礼,Rule-generated Stage7 member for 合成王氏.,False
1092118,7007,王礼景,male,1883-01-01,1965-12-31,24,礼,Rule-generated Stage7 member for 合成王氏.,False
1092119,7007,王礼雅,female,1882-01-01,1949-12-31,24,礼,Rule-generated Stage7 member for 合成王氏.,False
1092120,7007,王安国,male,1884-01-01,1950-12-31,24,礼,Rule-generated Stage7 member for 合成王氏.,False
1092121,7007,王礼梅,female,1888-01-01,1968-12-31,24,礼,Rule-generated Stage7 member for 合成王氏.,False
1092122,7007,王敏,male,1887-01-01,1909-12-31,24,礼,Rule-generated Stage7 member for 合成王氏.,False
1092123,7007,王宁芳,female,1888-01-01,1949-12-31,24,礼,Rule-generated Stage7 member for 合成王氏.,False
1092124,7007,王礼伟,male,1887-01-01,1972-12-31,24,礼,Rule-generated Stage7 member for 合成王氏.,False
1092125,7007,王礼兰,female,1883-01-01,1979-12-31,24,礼,Rule-generated Stage7 member for 合成王氏.,False
1092126,7007,王礼安,male,1882-01-01,1935-12-31,24,礼,Rule-generated Stage7 member for 合成王氏.,False
1092127,7007,王清梅,female,1884-01-01,1965-12-31,24,礼,Rule-generated Stage7 member for 合成王氏.,False
1092128,7007,王宗承,male,1887-01-01,1975-12-31,24,礼,Rule-generated Stage7 member for 合成王氏.,False
1092129,7007,王强,female,1882-01-01,1938-12-31,24,礼,Rule-generated Stage7 member for 合成王氏.,False
1092130,7007,王礼宗,male,1883-01-01,1958-12-31,24,礼,Rule-generated Stage7 member for 合成王氏.,False
1092131,7007,王慧兰,female,1884-01-01,1972-12-31,24,礼,Rule-generated Stage7 member for 合成王氏.,False
1092132,7007,王伟,male,1888-01-01,1971-12-31,24,礼,Rule-generated Stage7 member for 合成王氏.,False
1092133,7007,王礼玉,female,1882-01-01,1921-12-31,24,礼,Rule-generated Stage7 member for 合成王氏.,False
1092134,7007,王强明,male,1886-01-01,1953-12-31,24,礼,Rule-generated Stage7 member for 合成王氏.,False
1092135,7007,王清芳,female,1888-01-01,1944-12-31,24,礼,Rule-generated Stage7 member for 合成王氏.,False
1092136,7007,王文文,male,1883-01-01,1950-12-31,24,礼,Rule-generated Stage7 member for 合成王氏.,False
1092137,7007,王礼雅,female,1886-01-01,1945-12-31,24,礼,Rule-generated Stage7 member for 合成王氏.,False
1092138,7007,王礼伟,male,1884-01-01,1936-12-31,24,礼,Rule-generated Stage7 member for 合成王氏.,False
1092139,7007,王礼宁,female,1886-01-01,1962-12-31,24,礼,Rule-generated Stage7 member for 合成王氏.,False
1092140,7007,王宗安,male,1888-01-01,1986-12-31,24,礼,Rule-generated Stage7 member for 合成王氏.,False
1092141,7007,王安安,female,1885-01-01,1978-12-31,24,礼,Rule-generated Stage7 member for 合成王氏.,False
1092142,7007,王承文,male,1888-01-01,1933-12-31,24,礼,Rule-generated Stage7 member for 合成王氏.,False
1092143,7007,王伟,female,1888-01-01,1972-12-31,24,礼,Rule-generated Stage7 member for 合成王氏.,False
1092144,7007,王敏,male,1883-01-01,1959-12-31,24,礼,Rule-generated Stage7 member for 合成王氏.,False
1092145,7007,王慧梅,female,1887-01-01,1943-12-31,24,礼,Rule-generated Stage7 member for 合成王氏.,False
1092146,7007,王礼强,male,1887-01-01,1919-12-31,24,礼,Rule-generated Stage7 member for 合成王氏.,False
1092147,7007,王梅丽,female,1886-01-01,1972-12-31,24,礼,Rule-generated Stage7 member for 合成王氏.,False
1092148,7007,王礼成,male,1884-01-01,1935-12-31,24,礼,Rule-generated Stage7 member for 合成王氏.,False
1092149,7007,王清玉,female,1882-01-01,1942-12-31,24,礼,Rule-generated Stage7 member for 合成王氏.,False
1092150,7007,王强国,male,1883-01-01,1945-12-31,24,礼,Rule-generated Stage7 member for 合成王氏.,False
1092151,7007,王玉清,female,1883-01-01,1927-12-31,24,礼,Rule-generated Stage7 member for 合成王氏.,False
1092152,7007,王礼承,male,1885-01-01,1938-12-31,24,礼,Rule-generated Stage7 member for 合成王氏.,False
1092153,7007,王礼芳,female,1885-01-01,1940-12-31,24,礼,Rule-generated Stage7 member for 合成王氏.,False
1092154,7007,王礼成,male,1884-01-01,1937-12-31,24,礼,Rule-generated Stage7 member for 合成王氏.,False
1092155,7007,王礼芳,female,1884-01-01,1950-12-31,24,礼,Rule-generated Stage7 member for 合成王氏.,False
1092156,7007,王礼承,male,1882-01-01,1981-12-31,24,礼,Rule-generated Stage7 member for 合成王氏.,False
1092157,7007,王礼丽,female,1884-01-01,1956-12-31,24,礼,Rule-generated Stage7 member for 合成王氏.,False
1092158,7007,王礼明,male,1885-01-01,1972-12-31,24,礼,Rule-generated Stage7 member for 合成王氏.,False
1092159,7007,王礼梅,female,1888-01-01,1969-12-31,24,礼,Rule-generated Stage7 member for 合成王氏.,False
1092160,7007,王德世,male,1888-01-01,1966-12-31,24,礼,Rule-generated Stage7 member for 合成王氏.,False
1092161,7007,王礼清,female,1887-01-01,1938-12-31,24,礼,Rule-generated Stage7 member for 合成王氏.,False
1092162,7007,王礼成,male,1888-01-01,1951-12-31,24,礼,Rule-generated Stage7 member for 合成王氏.,False
1092163,7007,王礼宁,female,1888-01-01,1944-12-31,24,礼,Rule-generated Stage7 member for 合成王氏.,False
1092164,7007,王礼德,male,1888-01-01,1955-12-31,24,礼,Rule-generated Stage7 member for 合成王氏.,False
1092165,7007,王礼慧,female,1883-01-01,1990-12-31,24,礼,Rule-generated Stage7 member for 合成王氏.,False
1092166,7007,王华,male,1888-01-01,1926-12-31,24,礼,Rule-generated Stage7 member for 合成王氏.,False
1092167,7007,王礼清,female,1886-01-01,1959-12-31,24,礼,Rule-generated Stage7 member for 合成王氏.,False
1092168,7007,王成成,male,1882-01-01,1962-12-31,24,礼,Rule-generated Stage7 member for 合成王氏.,False
1092169,7007,王礼芳,female,1883-01-01,1949-12-31,24,礼,Rule-generated Stage7 member for 合成王氏.,False
1092170,7007,王礼文,male,1882-01-01,1941-12-31,24,礼,Rule-generated Stage7 member for 合成王氏.,False
1092171,7007,王敏,female,1885-01-01,1976-12-31,24,礼,Rule-generated Stage7 member for 合成王氏.,False
1092172,7007,王礼文,male,1887-01-01,1984-12-31,24,礼,Rule-generated Stage7 member for 合成王氏.,False
1092173,7007,王礼芳,female,1882-01-01,1957-12-31,24,礼,Rule-generated Stage7 member for 合成王氏.,False
1092174,7007,王强,male,1882-01-01,1938-12-31,24,礼,Rule-generated Stage7 member for 合成王氏.,False
1092175,7007,王礼芳,female,1887-01-01,1961-12-31,24,礼,Rule-generated Stage7 member for 合成王氏.,False
1092176,7007,王礼景,male,1884-01-01,1974-12-31,24,礼,Rule-generated Stage7 member for 合成王氏.,False
1092177,7007,王礼华,female,1882-01-01,1946-12-31,24,礼,Rule-generated Stage7 member for 合成王氏.,False
1092178,7007,王礼承,male,1884-01-01,1925-12-31,24,礼,Rule-generated Stage7 member for 合成王氏.,False
1092179,7007,王礼清,female,1882-01-01,1923-12-31,24,礼,Rule-generated Stage7 member for 合成王氏.,False
1092180,7007,王世宗,male,1887-01-01,1973-12-31,24,礼,Rule-generated Stage7 member for 合成王氏.,False
1092181,7007,王华,female,1886-01-01,1942-12-31,24,礼,Rule-generated Stage7 member for 合成王氏.,False
1092182,7007,王礼德,male,1883-01-01,1933-12-31,24,礼,Rule-generated Stage7 member for 合成王氏.,False
1092183,7007,王礼芳,female,1886-01-01,1954-12-31,24,礼,Rule-generated Stage7 member for 合成王氏.,False
1092184,7007,王礼世,male,1886-01-01,1946-12-31,24,礼,Rule-generated Stage7 member for 合成王氏.,False
1092185,7007,王玉慧,female,1882-01-01,1958-12-31,24,礼,Rule-generated Stage7 member for 合成王氏.,False
1092186,7007,王敏,male,1888-01-01,1959-12-31,24,礼,Rule-generated Stage7 member for 合成王氏.,False
1092187,7007,王礼丽,female,1886-01-01,1984-12-31,24,礼,Rule-generated Stage7 member for 合成王氏.,False
1092188,7007,王强,male,1884-01-01,1968-12-31,24,礼,Rule-generated Stage7 member for 合成王氏.,False
1092189,7007,王义强,male,1906-01-01,1971-12-31,25,义,Rule-generated Stage7 member for 合成王氏.,False
1092190,7007,王义清,female,1904-01-01,1977-12-31,25,义,Rule-generated Stage7 member for 合成王氏.,False
1092191,7007,王义国,male,1903-01-01,1947-12-31,25,义,Rule-generated Stage7 member for 合成王氏.,False
1092192,7007,王义芳,female,1907-01-01,1949-12-31,25,义,Rule-generated Stage7 member for 合成王氏.,False
1092193,7007,王义安,male,1908-01-01,1989-12-31,25,义,Rule-generated Stage7 member for 合成王氏.,False
1092194,7007,王义丽,female,1906-01-01,1974-12-31,25,义,Rule-generated Stage7 member for 合成王氏.,False
1092195,7007,王义景,male,1906-01-01,1994-12-31,25,义,Rule-generated Stage7 member for 合成王氏.,False
1092196,7007,王伟,female,1908-01-01,1967-12-31,25,义,Rule-generated Stage7 member for 合成王氏.,False
1092197,7007,王义景,male,1903-01-01,1954-12-31,25,义,Rule-generated Stage7 member for 合成王氏.,False
1092198,7007,王义安,female,1907-01-01,1987-12-31,25,义,Rule-generated Stage7 member for 合成王氏.,False
1092199,7007,王明,male,1906-01-01,1968-12-31,25,义,Rule-generated Stage7 member for 合成王氏.,False
1092200,7007,王慧安,female,1907-01-01,1979-12-31,25,义,Rule-generated Stage7 member for 合成王氏.,False
1092201,7007,王丽,male,1906-01-01,1952-12-31,25,义,Rule-generated Stage7 member for 合成王氏.,False
1092202,7007,王义华,female,1907-01-01,1988-12-31,25,义,Rule-generated Stage7 member for 合成王氏.,False
1092203,7007,王义明,male,1906-01-01,1936-12-31,25,义,Rule-generated Stage7 member for 合成王氏.,False
1092204,7007,王义敏,female,1903-01-01,1957-12-31,25,义,Rule-generated Stage7 member for 合成王氏.,False
1092205,7007,王义伟,male,1907-01-01,1950-12-31,25,义,Rule-generated Stage7 member for 合成王氏.,False
1092206,7007,王清雅,female,1904-01-01,1994-12-31,25,义,Rule-generated Stage7 member for 合成王氏.,False
1092207,7007,王国安,male,1907-01-01,1996-12-31,25,义,Rule-generated Stage7 member for 合成王氏.,False
1092208,7007,王义华,female,1904-01-01,1949-12-31,25,义,Rule-generated Stage7 member for 合成王氏.,False
1092209,7007,王义明,male,1905-01-01,1985-12-31,25,义,Rule-generated Stage7 member for 合成王氏.,False
1092210,7007,王丽,female,1907-01-01,1947-12-31,25,义,Rule-generated Stage7 member for 合成王氏.,False
1092211,7007,王世世,male,1906-01-01,1983-12-31,25,义,Rule-generated Stage7 member for 合成王氏.,False
1092212,7007,王义清,female,1906-01-01,1973-12-31,25,义,Rule-generated Stage7 member for 合成王氏.,False
1092213,7007,王义承,male,1906-01-01,1989-12-31,25,义,Rule-generated Stage7 member for 合成王氏.,False
1092214,7007,王宁清,female,1904-01-01,1944-12-31,25,义,Rule-generated Stage7 member for 合成王氏.,False
1092215,7007,王伟,male,1907-01-01,1973-12-31,25,义,Rule-generated Stage7 member for 合成王氏.,False
1092216,7007,王义华,female,1904-01-01,1967-12-31,25,义,Rule-generated Stage7 member for 合成王氏.,False
1092217,7007,王国承,male,1904-01-01,1984-12-31,25,义,Rule-generated Stage7 member for 合成王氏.,False
1092218,7007,王义梅,female,1903-01-01,1925-12-31,25,义,Rule-generated Stage7 member for 合成王氏.,False
1092219,7007,王伟,male,1908-01-01,1986-12-31,25,义,Rule-generated Stage7 member for 合成王氏.,False
1092220,7007,王义华,female,1903-01-01,1944-12-31,25,义,Rule-generated Stage7 member for 合成王氏.,False
1092221,7007,王国景,male,1903-01-01,1986-12-31,25,义,Rule-generated Stage7 member for 合成王氏.,False
1092222,7007,王义丽,female,1907-01-01,1986-12-31,25,义,Rule-generated Stage7 member for 合成王氏.,False
1092223,7007,王景强,male,1903-01-01,1989-12-31,25,义,Rule-generated Stage7 member for 合成王氏.,False
1092224,7007,王敏梅,female,1909-01-01,1979-12-31,25,义,Rule-generated Stage7 member for 合成王氏.,False
1092225,7007,王义国,male,1903-01-01,1940-12-31,25,义,Rule-generated Stage7 member for 合成王氏.,False
1092226,7007,王义敏,female,1908-01-01,1996-12-31,25,义,Rule-generated Stage7 member for 合成王氏.,False
1092227,7007,王义世,male,1904-01-01,1951-12-31,25,义,Rule-generated Stage7 member for 合成王氏.,False
1092228,7007,王雅芳,female,1903-01-01,1970-12-31,25,义,Rule-generated Stage7 member for 合成王氏.,False
1092229,7007,王文宗,male,1903-01-01,1974-12-31,25,义,Rule-generated Stage7 member for 合成王氏.,False
1092230,7007,王芳芳,female,1907-01-01,1944-12-31,25,义,Rule-generated Stage7 member for 合成王氏.,False
1092231,7007,王义世,male,1903-01-01,1971-12-31,25,义,Rule-generated Stage7 member for 合成王氏.,False
1092232,7007,王义宁,female,1907-01-01,1984-12-31,25,义,Rule-generated Stage7 member for 合成王氏.,False
1092233,7007,王成承,male,1907-01-01,2015-12-31,25,义,Rule-generated Stage7 member for 合成王氏.,False
1092234,7007,王丽梅,female,1907-01-01,1981-12-31,25,义,Rule-generated Stage7 member for 合成王氏.,False
1092235,7007,王伟,male,1907-01-01,1971-12-31,25,义,Rule-generated Stage7 member for 合成王氏.,False
1092236,7007,王义宁,female,1909-01-01,1972-12-31,25,义,Rule-generated Stage7 member for 合成王氏.,False
1092237,7007,王丽,male,1907-01-01,1992-12-31,25,义,Rule-generated Stage7 member for 合成王氏.,False
1092238,7007,王华,female,1909-01-01,1970-12-31,25,义,Rule-generated Stage7 member for 合成王氏.,False
1092239,7007,王成国,male,1909-01-01,1979-12-31,25,义,Rule-generated Stage7 member for 合成王氏.,False
1092240,7007,王安梅,female,1905-01-01,1987-12-31,25,义,Rule-generated Stage7 member for 合成王氏.,False
1092241,7007,王义文,male,1904-01-01,1980-12-31,25,义,Rule-generated Stage7 member for 合成王氏.,False
1092242,7007,王义华,female,1906-01-01,1950-12-31,25,义,Rule-generated Stage7 member for 合成王氏.,False
1092243,7007,王明安,male,1907-01-01,1973-12-31,25,义,Rule-generated Stage7 member for 合成王氏.,False
1092244,7007,王义雅,female,1906-01-01,1999-12-31,25,义,Rule-generated Stage7 member for 合成王氏.,False
1092245,7007,王敏,male,1906-01-01,2000-12-31,25,义,Rule-generated Stage7 member for 合成王氏.,False
1092246,7007,王义兰,female,1904-01-01,1977-12-31,25,义,Rule-generated Stage7 member for 合成王氏.,False
1092247,7007,王义承,male,1903-01-01,2005-12-31,25,义,Rule-generated Stage7 member for 合成王氏.,False
1092248,7007,王义清,female,1909-01-01,2008-12-31,25,义,Rule-generated Stage7 member for 合成王氏.,False
1092249,7007,王义安,male,1903-01-01,1980-12-31,25,义,Rule-generated Stage7 member for 合成王氏.,False
1092250,7007,王敏宁,female,1907-01-01,1967-12-31,25,义,Rule-generated Stage7 member for 合成王氏.,False
1092251,7007,王国世,male,1906-01-01,1957-12-31,25,义,Rule-generated Stage7 member for 合成王氏.,False
1092252,7007,王明,female,1906-01-01,1983-12-31,25,义,Rule-generated Stage7 member for 合成王氏.,False
1092253,7007,王承景,male,1904-01-01,1978-12-31,25,义,Rule-generated Stage7 member for 合成王氏.,False
1092254,7007,王芳宁,female,1906-01-01,1951-12-31,25,义,Rule-generated Stage7 member for 合成王氏.,False
1092255,7007,王义强,male,1907-01-01,1936-12-31,25,义,Rule-generated Stage7 member for 合成王氏.,False
1092256,7007,王义敏,female,1907-01-01,1981-12-31,25,义,Rule-generated Stage7 member for 合成王氏.,False
1092257,7007,王宗安,male,1907-01-01,1963-12-31,25,义,Rule-generated Stage7 member for 合成王氏.,False
1092258,7007,王义慧,female,1906-01-01,1942-12-31,25,义,Rule-generated Stage7 member for 合成王氏.,False
1092259,7007,王义强,male,1906-01-01,1966-12-31,25,义,Rule-generated Stage7 member for 合成王氏.,False
1092260,7007,王华华,female,1904-01-01,1981-12-31,25,义,Rule-generated Stage7 member for 合成王氏.,False
1092261,7007,王安德,male,1907-01-01,2008-12-31,25,义,Rule-generated Stage7 member for 合成王氏.,False
1092262,7007,王义雅,female,1905-01-01,1936-12-31,25,义,Rule-generated Stage7 member for 合成王氏.,False
1092263,7007,王义世,male,1904-01-01,1989-12-31,25,义,Rule-generated Stage7 member for 合成王氏.,False
1092264,7007,王丽丽,female,1903-01-01,1973-12-31,25,义,Rule-generated Stage7 member for 合成王氏.,False
1092265,7007,王伟,male,1909-01-01,1993-12-31,25,义,Rule-generated Stage7 member for 合成王氏.,False
1092266,7007,王义敏,female,1904-01-01,1982-12-31,25,义,Rule-generated Stage7 member for 合成王氏.,False
1092267,7007,王成安,male,1907-01-01,1961-12-31,25,义,Rule-generated Stage7 member for 合成王氏.,False
1092268,7007,王义芳,female,1906-01-01,1967-12-31,25,义,Rule-generated Stage7 member for 合成王氏.,False
1092269,7007,王义强,male,1907-01-01,1952-12-31,25,义,Rule-generated Stage7 member for 合成王氏.,False
1092270,7007,王义梅,female,1904-01-01,1966-12-31,25,义,Rule-generated Stage7 member for 合成王氏.,False
1092271,7007,王承安,male,1909-01-01,1986-12-31,25,义,Rule-generated Stage7 member for 合成王氏.,False
1092272,7007,王慧慧,female,1908-01-01,1958-12-31,25,义,Rule-generated Stage7 member for 合成王氏.,False
1092273,7007,王义明,male,1909-01-01,1995-12-31,25,义,Rule-generated Stage7 member for 合成王氏.,False
1092274,7007,王义玉,female,1906-01-01,1975-12-31,25,义,Rule-generated Stage7 member for 合成王氏.,False
1092275,7007,王义世,male,1909-01-01,1954-12-31,25,义,Rule-generated Stage7 member for 合成王氏.,False
1092276,7007,王义雅,female,1909-01-01,1995-12-31,25,义,Rule-generated Stage7 member for 合成王氏.,False
1092277,7007,王景承,male,1927-01-01,1971-12-31,26,信,Rule-generated Stage7 member for 合成王氏.,False
1092278,7007,王清敏,female,1926-01-01,2008-12-31,26,信,Rule-generated Stage7 member for 合成王氏.,False
1092279,7007,王强德,male,1925-01-01,1965-12-31,26,信,Rule-generated Stage7 member for 合成王氏.,False
1092280,7007,王信雅,female,1930-01-01,1965-12-31,26,信,Rule-generated Stage7 member for 合成王氏.,False
1092281,7007,王成伟,male,1930-01-01,2004-12-31,26,信,Rule-generated Stage7 member for 合成王氏.,False
1092282,7007,王信宁,female,1929-01-01,2006-12-31,26,信,Rule-generated Stage7 member for 合成王氏.,False
1092283,7007,王信德,male,1930-01-01,1957-12-31,26,信,Rule-generated Stage7 member for 合成王氏.,False
1092284,7007,王信玉,female,1930-01-01,2006-12-31,26,信,Rule-generated Stage7 member for 合成王氏.,False
1092285,7007,王丽,male,1926-01-01,1969-12-31,26,信,Rule-generated Stage7 member for 合成王氏.,False
1092286,7007,王信雅,female,1924-01-01,1990-12-31,26,信,Rule-generated Stage7 member for 合成王氏.,False
1092287,7007,王信宗,male,1928-01-01,2000-12-31,26,信,Rule-generated Stage7 member for 合成王氏.,False
1092288,7007,王信华,female,1925-01-01,2016-12-31,26,信,Rule-generated Stage7 member for 合成王氏.,False
1092289,7007,王文德,male,1928-01-01,1978-12-31,26,信,Rule-generated Stage7 member for 合成王氏.,False
1092290,7007,王信雅,female,1927-01-01,1981-12-31,26,信,Rule-generated Stage7 member for 合成王氏.,False
1092291,7007,王强伟,male,1928-01-01,2007-12-31,26,信,Rule-generated Stage7 member for 合成王氏.,False
1092292,7007,王信雅,female,1927-01-01,1979-12-31,26,信,Rule-generated Stage7 member for 合成王氏.,False
1092293,7007,王信文,male,1927-01-01,1985-12-31,26,信,Rule-generated Stage7 member for 合成王氏.,False
1092294,7007,王信兰,female,1929-01-01,1980-12-31,26,信,Rule-generated Stage7 member for 合成王氏.,False
1092295,7007,王国成,male,1926-01-01,2000-12-31,26,信,Rule-generated Stage7 member for 合成王氏.,False
1092296,7007,王宁雅,female,1929-01-01,1976-12-31,26,信,Rule-generated Stage7 member for 合成王氏.,False
1092297,7007,王信承,male,1928-01-01,1964-12-31,26,信,Rule-generated Stage7 member for 合成王氏.,False
1092298,7007,王信雅,female,1929-01-01,1996-12-31,26,信,Rule-generated Stage7 member for 合成王氏.,False
1092299,7007,王信宗,male,1927-01-01,1998-12-31,26,信,Rule-generated Stage7 member for 合成王氏.,False
1092300,7007,王信敏,female,1924-01-01,1960-12-31,26,信,Rule-generated Stage7 member for 合成王氏.,False
1092301,7007,王信宗,male,1927-01-01,1965-12-31,26,信,Rule-generated Stage7 member for 合成王氏.,False
1092302,7007,王芳安,female,1930-01-01,2001-12-31,26,信,Rule-generated Stage7 member for 合成王氏.,False
1092303,7007,王信世,male,1924-01-01,1972-12-31,26,信,Rule-generated Stage7 member for 合成王氏.,False
1092304,7007,王华,female,1925-01-01,1997-12-31,26,信,Rule-generated Stage7 member for 合成王氏.,False
1092305,7007,王华,male,1930-01-01,1991-12-31,26,信,Rule-generated Stage7 member for 合成王氏.,False
1092306,7007,王信敏,female,1925-01-01,2013-12-31,26,信,Rule-generated Stage7 member for 合成王氏.,False
1092307,7007,王强,male,1926-01-01,2016-12-31,26,信,Rule-generated Stage7 member for 合成王氏.,False
1092308,7007,王玉玉,female,1928-01-01,1999-12-31,26,信,Rule-generated Stage7 member for 合成王氏.,False
1092309,7007,王信安,male,1926-01-01,1998-12-31,26,信,Rule-generated Stage7 member for 合成王氏.,False
1092310,7007,王梅芳,female,1930-01-01,1985-12-31,26,信,Rule-generated Stage7 member for 合成王氏.,False
1092311,7007,王景景,male,1929-01-01,1965-12-31,26,信,Rule-generated Stage7 member for 合成王氏.,False
1092312,7007,王强,female,1928-01-01,2002-12-31,26,信,Rule-generated Stage7 member for 合成王氏.,False
1092313,7007,王明承,male,1927-01-01,1988-12-31,26,信,Rule-generated Stage7 member for 合成王氏.,False
1092314,7007,王信雅,female,1929-01-01,2011-12-31,26,信,Rule-generated Stage7 member for 合成王氏.,False
1092315,7007,王敏,male,1930-01-01,2019-12-31,26,信,Rule-generated Stage7 member for 合成王氏.,False
1092316,7007,王华兰,female,1926-01-01,2007-12-31,26,信,Rule-generated Stage7 member for 合成王氏.,False
1092317,7007,王宗明,male,1930-01-01,1960-12-31,26,信,Rule-generated Stage7 member for 合成王氏.,False
1092318,7007,王信丽,female,1925-01-01,1952-12-31,26,信,Rule-generated Stage7 member for 合成王氏.,False
1092319,7007,王信世,male,1928-01-01,2004-12-31,26,信,Rule-generated Stage7 member for 合成王氏.,False
1092320,7007,王信华,female,1929-01-01,1992-12-31,26,信,Rule-generated Stage7 member for 合成王氏.,False
1092321,7007,王信承,male,1927-01-01,1994-12-31,26,信,Rule-generated Stage7 member for 合成王氏.,False
1092322,7007,王安芳,female,1928-01-01,1968-12-31,26,信,Rule-generated Stage7 member for 合成王氏.,False
1092323,7007,王信国,male,1930-01-01,1997-12-31,26,信,Rule-generated Stage7 member for 合成王氏.,False
1092324,7007,王信兰,female,1927-01-01,1995-12-31,26,信,Rule-generated Stage7 member for 合成王氏.,False
1092325,7007,王信世,male,1930-01-01,1997-12-31,26,信,Rule-generated Stage7 member for 合成王氏.,False
1092326,7007,王信敏,female,1925-01-01,1988-12-31,26,信,Rule-generated Stage7 member for 合成王氏.,False
1092327,7007,王世成,male,1924-01-01,2004-12-31,26,信,Rule-generated Stage7 member for 合成王氏.,False
1092328,7007,王信丽,female,1929-01-01,1984-12-31,26,信,Rule-generated Stage7 member for 合成王氏.,False
1092329,7007,王承伟,male,1925-01-01,1981-12-31,26,信,Rule-generated Stage7 member for 合成王氏.,False
1092330,7007,王信芳,female,1928-01-01,1982-12-31,26,信,Rule-generated Stage7 member for 合成王氏.,False
1092331,7007,王信景,male,1929-01-01,1994-12-31,26,信,Rule-generated Stage7 member for 合成王氏.,False
1092332,7007,王敏梅,female,1925-01-01,1995-12-31,26,信,Rule-generated Stage7 member for 合成王氏.,False
1092333,7007,王景德,male,1927-01-01,1978-12-31,26,信,Rule-generated Stage7 member for 合成王氏.,False
1092334,7007,王信安,female,1930-01-01,1972-12-31,26,信,Rule-generated Stage7 member for 合成王氏.,False
1092335,7007,王信国,male,1925-01-01,1997-12-31,26,信,Rule-generated Stage7 member for 合成王氏.,False
1092336,7007,王玉芳,female,1930-01-01,2004-12-31,26,信,Rule-generated Stage7 member for 合成王氏.,False
1092337,7007,王信成,male,1926-01-01,2014-12-31,26,信,Rule-generated Stage7 member for 合成王氏.,False
1092338,7007,王慧玉,female,1928-01-01,1979-12-31,26,信,Rule-generated Stage7 member for 合成王氏.,False
1092339,7007,王信景,male,1925-01-01,2019-12-31,26,信,Rule-generated Stage7 member for 合成王氏.,False
1092340,7007,王信兰,female,1927-01-01,2013-12-31,26,信,Rule-generated Stage7 member for 合成王氏.,False
1092341,7007,王明,male,1930-01-01,2007-12-31,26,信,Rule-generated Stage7 member for 合成王氏.,False
1092342,7007,王兰慧,female,1926-01-01,1997-12-31,26,信,Rule-generated Stage7 member for 合成王氏.,False
1092343,7007,王信宗,male,1925-01-01,1987-12-31,26,信,Rule-generated Stage7 member for 合成王氏.,False
1092344,7007,王信安,female,1924-01-01,2013-12-31,26,信,Rule-generated Stage7 member for 合成王氏.,False
1092345,7007,王明文,male,1928-01-01,1976-12-31,26,信,Rule-generated Stage7 member for 合成王氏.,False
1092346,7007,王信芳,female,1925-01-01,1975-12-31,26,信,Rule-generated Stage7 member for 合成王氏.,False
1092347,7007,王信成,male,1925-01-01,1999-12-31,26,信,Rule-generated Stage7 member for 合成王氏.,False
1092348,7007,王慧慧,female,1928-01-01,1981-12-31,26,信,Rule-generated Stage7 member for 合成王氏.,False
1092349,7007,王承伟,male,1928-01-01,1995-12-31,26,信,Rule-generated Stage7 member for 合成王氏.,False
1092350,7007,王信敏,female,1928-01-01,2000-12-31,26,信,Rule-generated Stage7 member for 合成王氏.,False
1092351,7007,王忠文,male,1947-01-01,2018-12-31,27,忠,Rule-generated Stage7 member for 合成王氏.,False
1092352,7007,王忠丽,female,1951-01-01,,27,忠,Rule-generated Stage7 member for 合成王氏.,True
1092353,7007,王文国,male,1950-01-01,,27,忠,Rule-generated Stage7 member for 合成王氏.,True
1092354,7007,王忠梅,female,1945-01-01,2000-12-31,27,忠,Rule-generated Stage7 member for 合成王氏.,False
1092355,7007,王忠德,male,1948-01-01,2022-12-31,27,忠,Rule-generated Stage7 member for 合成王氏.,False
1092356,7007,王华华,female,1949-01-01,,27,忠,Rule-generated Stage7 member for 合成王氏.,True
1092357,7007,王忠成,male,1950-01-01,1993-12-31,27,忠,Rule-generated Stage7 member for 合成王氏.,False
1092358,7007,王忠华,female,1946-01-01,2020-12-31,27,忠,Rule-generated Stage7 member for 合成王氏.,False
1092359,7007,王伟,male,1945-01-01,1987-12-31,27,忠,Rule-generated Stage7 member for 合成王氏.,False
1092360,7007,王忠慧,female,1949-01-01,,27,忠,Rule-generated Stage7 member for 合成王氏.,True
1092361,7007,王忠德,male,1945-01-01,2015-12-31,27,忠,Rule-generated Stage7 member for 合成王氏.,False
1092362,7007,王安慧,female,1950-01-01,,27,忠,Rule-generated Stage7 member for 合成王氏.,True
1092363,7007,王忠德,male,1947-01-01,2020-12-31,27,忠,Rule-generated Stage7 member for 合成王氏.,False
1092364,7007,王忠宁,female,1950-01-01,,27,忠,Rule-generated Stage7 member for 合成王氏.,True
1092365,7007,王忠安,male,1949-01-01,2015-12-31,27,忠,Rule-generated Stage7 member for 合成王氏.,False
1092366,7007,王华安,female,1949-01-01,,27,忠,Rule-generated Stage7 member for 合成王氏.,True
1092367,7007,王忠景,male,1950-01-01,,27,忠,Rule-generated Stage7 member for 合成王氏.,True
1092368,7007,王忠玉,female,1949-01-01,2023-12-31,27,忠,Rule-generated Stage7 member for 合成王氏.,False
1092369,7007,王世承,male,1948-01-01,1986-12-31,27,忠,Rule-generated Stage7 member for 合成王氏.,False
1092370,7007,王敏华,female,1950-01-01,1995-12-31,27,忠,Rule-generated Stage7 member for 合成王氏.,False
1092371,7007,王德强,male,1951-01-01,2016-12-31,27,忠,Rule-generated Stage7 member for 合成王氏.,False
1092372,7007,王忠雅,female,1950-01-01,2022-12-31,27,忠,Rule-generated Stage7 member for 合成王氏.,False
1092373,7007,王忠国,male,1945-01-01,1994-12-31,27,忠,Rule-generated Stage7 member for 合成王氏.,False
1092374,7007,王玉华,female,1950-01-01,,27,忠,Rule-generated Stage7 member for 合成王氏.,True
1092375,7007,王明,male,1948-01-01,,27,忠,Rule-generated Stage7 member for 合成王氏.,True
1092376,7007,王忠芳,female,1950-01-01,2018-12-31,27,忠,Rule-generated Stage7 member for 合成王氏.,False
1092377,7007,王忠承,male,1948-01-01,2018-12-31,27,忠,Rule-generated Stage7 member for 合成王氏.,False
1092378,7007,王芳宁,female,1949-01-01,2012-12-31,27,忠,Rule-generated Stage7 member for 合成王氏.,False
1092379,7007,王忠明,male,1949-01-01,,27,忠,Rule-generated Stage7 member for 合成王氏.,True
1092380,7007,王忠安,female,1947-01-01,2005-12-31,27,忠,Rule-generated Stage7 member for 合成王氏.,False
1092381,7007,王忠成,male,1950-01-01,2024-12-31,27,忠,Rule-generated Stage7 member for 合成王氏.,False
1092382,7007,王忠敏,female,1951-01-01,2019-12-31,27,忠,Rule-generated Stage7 member for 合成王氏.,False
1092383,7007,王忠伟,male,1951-01-01,,27,忠,Rule-generated Stage7 member for 合成王氏.,True
1092384,7007,王忠慧,female,1948-01-01,1984-12-31,27,忠,Rule-generated Stage7 member for 合成王氏.,False
1092385,7007,王明明,male,1949-01-01,2018-12-31,27,忠,Rule-generated Stage7 member for 合成王氏.,False
1092386,7007,王忠宁,female,1948-01-01,2015-12-31,27,忠,Rule-generated Stage7 member for 合成王氏.,False
1092387,7007,王宗景,male,1951-01-01,1977-12-31,27,忠,Rule-generated Stage7 member for 合成王氏.,False
1092388,7007,王忠兰,female,1949-01-01,,27,忠,Rule-generated Stage7 member for 合成王氏.,True
1092389,7007,王强,male,1949-01-01,2021-12-31,27,忠,Rule-generated Stage7 member for 合成王氏.,False
1092390,7007,王华芳,female,1950-01-01,2012-12-31,27,忠,Rule-generated Stage7 member for 合成王氏.,False
1092391,7007,王忠强,male,1951-01-01,,27,忠,Rule-generated Stage7 member for 合成王氏.,True
1092392,7007,王忠玉,female,1951-01-01,2014-12-31,27,忠,Rule-generated Stage7 member for 合成王氏.,False
1092393,7007,王德强,male,1950-01-01,2021-12-31,27,忠,Rule-generated Stage7 member for 合成王氏.,False
1092394,7007,王慧宁,female,1947-01-01,2010-12-31,27,忠,Rule-generated Stage7 member for 合成王氏.,False
1092395,7007,王敏,male,1949-01-01,1980-12-31,27,忠,Rule-generated Stage7 member for 合成王氏.,False
1092396,7007,王明,female,1947-01-01,1986-12-31,27,忠,Rule-generated Stage7 member for 合成王氏.,False
1092397,7007,王忠文,male,1945-01-01,2007-12-31,27,忠,Rule-generated Stage7 member for 合成王氏.,False
1092398,7007,王忠梅,female,1945-01-01,1998-12-31,27,忠,Rule-generated Stage7 member for 合成王氏.,False
1092399,7007,王德世,male,1951-01-01,,27,忠,Rule-generated Stage7 member for 合成王氏.,True
1092400,7007,王忠华,female,1950-01-01,,27,忠,Rule-generated Stage7 member for 合成王氏.,True
1092401,7007,王忠安,male,1945-01-01,1998-12-31,27,忠,Rule-generated Stage7 member for 合成王氏.,False
1092402,7007,王忠慧,female,1949-01-01,,27,忠,Rule-generated Stage7 member for 合成王氏.,True
1092403,7007,王忠宗,male,1947-01-01,2010-12-31,27,忠,Rule-generated Stage7 member for 合成王氏.,False
1092404,7007,王忠雅,female,1945-01-01,,27,忠,Rule-generated Stage7 member for 合成王氏.,True
1092405,7007,王忠文,male,1951-01-01,2001-12-31,27,忠,Rule-generated Stage7 member for 合成王氏.,False
1092406,7007,王玉兰,female,1951-01-01,2012-12-31,27,忠,Rule-generated Stage7 member for 合成王氏.,False
1092407,7007,王忠宗,male,1950-01-01,1992-12-31,27,忠,Rule-generated Stage7 member for 合成王氏.,False
1092408,7007,王忠敏,female,1946-01-01,2022-12-31,27,忠,Rule-generated Stage7 member for 合成王氏.,False
1092409,7007,王忠景,male,1948-01-01,,27,忠,Rule-generated Stage7 member for 合成王氏.,True
1092410,7007,王文安,male,1971-01-01,,28,和,Rule-generated Stage7 member for 合成王氏.,True
1092411,7007,王和丽,female,1971-01-01,,28,和,Rule-generated Stage7 member for 合成王氏.,True
1092412,7007,王和强,male,1970-01-01,,28,和,Rule-generated Stage7 member for 合成王氏.,True
1092413,7007,王宁清,female,1967-01-01,,28,和,Rule-generated Stage7 member for 合成王氏.,True
1092414,7007,王丽,male,1970-01-01,,28,和,Rule-generated Stage7 member for 合成王氏.,True
1092415,7007,王强,female,1970-01-01,,28,和,Rule-generated Stage7 member for 合成王氏.,True
1092416,7007,王强明,male,1969-01-01,,28,和,Rule-generated Stage7 member for 合成王氏.,True
1092417,7007,王和芳,female,1972-01-01,,28,和,Rule-generated Stage7 member for 合成王氏.,True
1092418,7007,王和明,male,1969-01-01,,28,和,Rule-generated Stage7 member for 合成王氏.,True
1092419,7007,王和安,female,1969-01-01,,28,和,Rule-generated Stage7 member for 合成王氏.,True
1092420,7007,王和明,male,1972-01-01,,28,和,Rule-generated Stage7 member for 合成王氏.,True
1092421,7007,王梅丽,female,1970-01-01,,28,和,Rule-generated Stage7 member for 合成王氏.,True
1092422,7007,王安国,male,1970-01-01,,28,和,Rule-generated Stage7 member for 合成王氏.,True
1092423,7007,王安芳,female,1967-01-01,,28,和,Rule-generated Stage7 member for 合成王氏.,True
1092424,7007,王伟德,male,1971-01-01,,28,和,Rule-generated Stage7 member for 合成王氏.,True
1092425,7007,王慧兰,female,1969-01-01,,28,和,Rule-generated Stage7 member for 合成王氏.,True
1092426,7007,王安文,male,1971-01-01,,28,和,Rule-generated Stage7 member for 合成王氏.,True
1092427,7007,王和敏,female,1972-01-01,,28,和,Rule-generated Stage7 member for 合成王氏.,True
1092428,7007,王和德,male,1967-01-01,,28,和,Rule-generated Stage7 member for 合成王氏.,True
1092429,7007,王和清,female,1968-01-01,,28,和,Rule-generated Stage7 member for 合成王氏.,True
1092430,7007,王丽,male,1966-01-01,,28,和,Rule-generated Stage7 member for 合成王氏.,True
1092431,7007,王和宁,female,1971-01-01,,28,和,Rule-generated Stage7 member for 合成王氏.,True
1092432,7007,王和文,male,1971-01-01,,28,和,Rule-generated Stage7 member for 合成王氏.,True
1092433,7007,王和宁,female,1966-01-01,,28,和,Rule-generated Stage7 member for 合成王氏.,True
1092434,7007,王和景,male,1969-01-01,,28,和,Rule-generated Stage7 member for 合成王氏.,True
1092435,7007,王和宁,female,1970-01-01,,28,和,Rule-generated Stage7 member for 合成王氏.,True
1092436,7007,王和成,male,1972-01-01,,28,和,Rule-generated Stage7 member for 合成王氏.,True
1092437,7007,王和丽,female,1969-01-01,,28,和,Rule-generated Stage7 member for 合成王氏.,True
1092438,7007,王和国,male,1970-01-01,,28,和,Rule-generated Stage7 member for 合成王氏.,True
1092439,7007,王和玉,female,1969-01-01,,28,和,Rule-generated Stage7 member for 合成王氏.,True
1092440,7007,王和强,male,1969-01-01,,28,和,Rule-generated Stage7 member for 合成王氏.,True
1092441,7007,王和丽,female,1968-01-01,,28,和,Rule-generated Stage7 member for 合成王氏.,True
1092442,7007,王和明,male,1971-01-01,,28,和,Rule-generated Stage7 member for 合成王氏.,True
1092443,7007,王和敏,female,1969-01-01,,28,和,Rule-generated Stage7 member for 合成王氏.,True
1092444,7007,王景宗,male,1970-01-01,,28,和,Rule-generated Stage7 member for 合成王氏.,True
1092445,7007,王伟,female,1966-01-01,,28,和,Rule-generated Stage7 member for 合成王氏.,True
1092446,7007,王和文,male,1972-01-01,,28,和,Rule-generated Stage7 member for 合成王氏.,True
1092447,7007,王和兰,female,1967-01-01,,28,和,Rule-generated Stage7 member for 合成王氏.,True
1092448,7007,王和强,male,1969-01-01,,28,和,Rule-generated Stage7 member for 合成王氏.,True
1092449,7007,王和玉,female,1969-01-01,,28,和,Rule-generated Stage7 member for 合成王氏.,True
1092450,7007,王安伟,male,1969-01-01,,28,和,Rule-generated Stage7 member for 合成王氏.,True
1092451,7007,王和宁,female,1968-01-01,,28,和,Rule-generated Stage7 member for 合成王氏.,True
1092452,7007,王和强,male,1970-01-01,,28,和,Rule-generated Stage7 member for 合成王氏.,True
1092453,7007,王雅清,female,1967-01-01,,28,和,Rule-generated Stage7 member for 合成王氏.,True
1092454,7007,王和景,male,1969-01-01,,28,和,Rule-generated Stage7 member for 合成王氏.,True
1092455,7007,王安德,male,1989-01-01,,29,景,Rule-generated Stage7 member for 合成王氏.,True
1092456,7007,王敏芳,female,1987-01-01,,29,景,Rule-generated Stage7 member for 合成王氏.,True
1092457,7007,王世国,male,1991-01-01,,29,景,Rule-generated Stage7 member for 合成王氏.,True
1092458,7007,王景梅,female,1988-01-01,,29,景,Rule-generated Stage7 member for 合成王氏.,True
1092459,7007,王景宗,male,1987-01-01,,29,景,Rule-generated Stage7 member for 合成王氏.,True
1092460,7007,王景宁,female,1993-01-01,,29,景,Rule-generated Stage7 member for 合成王氏.,True
1092461,7007,王丽,male,1991-01-01,,29,景,Rule-generated Stage7 member for 合成王氏.,True
1092462,7007,王雅兰,female,1993-01-01,,29,景,Rule-generated Stage7 member for 合成王氏.,True
1092463,7007,王景明,male,1988-01-01,,29,景,Rule-generated Stage7 member for 合成王氏.,True
1092464,7007,王梅慧,female,1988-01-01,,29,景,Rule-generated Stage7 member for 合成王氏.,True
1092465,7007,王景国,male,1993-01-01,,29,景,Rule-generated Stage7 member for 合成王氏.,True
1092466,7007,王景玉,female,1992-01-01,,29,景,Rule-generated Stage7 member for 合成王氏.,True
1092467,7007,王景国,male,1989-01-01,,29,景,Rule-generated Stage7 member for 合成王氏.,True
1092468,7007,王景清,female,1989-01-01,,29,景,Rule-generated Stage7 member for 合成王氏.,True
1092469,7007,王国宗,male,1990-01-01,,29,景,Rule-generated Stage7 member for 合成王氏.,True
1092470,7007,王景丽,female,1991-01-01,,29,景,Rule-generated Stage7 member for 合成王氏.,True
1092471,7007,王德景,male,1993-01-01,2023-12-31,29,景,Rule-generated Stage7 member for 合成王氏.,False
1092472,7007,王雅芳,female,1992-01-01,,29,景,Rule-generated Stage7 member for 合成王氏.,True
1092473,7007,王景安,male,1987-01-01,,29,景,Rule-generated Stage7 member for 合成王氏.,True
1092474,7007,王兰安,female,1992-01-01,,29,景,Rule-generated Stage7 member for 合成王氏.,True
1092475,7007,王景国,male,1987-01-01,,29,景,Rule-generated Stage7 member for 合成王氏.,True
1092476,7007,王景慧,female,1990-01-01,,29,景,Rule-generated Stage7 member for 合成王氏.,True
1092477,7007,王伟国,male,1989-01-01,,29,景,Rule-generated Stage7 member for 合成王氏.,True
1092478,7007,王华敏,female,1991-01-01,2014-12-31,29,景,Rule-generated Stage7 member for 合成王氏.,False
1092479,7007,王景景,male,1987-01-01,,29,景,Rule-generated Stage7 member for 合成王氏.,True
1092480,7007,王景安,female,1988-01-01,,29,景,Rule-generated Stage7 member for 合成王氏.,True
1092481,7007,王文承,male,1989-01-01,,29,景,Rule-generated Stage7 member for 合成王氏.,True
1092482,7007,王景清,female,1987-01-01,,29,景,Rule-generated Stage7 member for 合成王氏.,True
1092483,7007,王明,male,1987-01-01,,29,景,Rule-generated Stage7 member for 合成王氏.,True
1092484,7007,王强,female,1992-01-01,,29,景,Rule-generated Stage7 member for 合成王氏.,True
1092485,7007,王承明,male,2008-01-01,,30,承,Rule-generated Stage7 member for 合成王氏.,True
1092486,7007,王承玉,female,2014-01-01,,30,承,Rule-generated Stage7 member for 合成王氏.,True
1092487,7007,王明世,male,2009-01-01,,30,承,Rule-generated Stage7 member for 合成王氏.,True
1092488,7007,王承慧,female,2014-01-01,,30,承,Rule-generated Stage7 member for 合成王氏.,True
1092489,7007,王承景,male,2008-01-01,,30,承,Rule-generated Stage7 member for 合成王氏.,True
1092490,7007,王伟,female,2013-01-01,,30,承,Rule-generated Stage7 member for 合成王氏.,True
1092491,7007,王强,male,2009-01-01,,30,承,Rule-generated Stage7 member for 合成王氏.,True
1092492,7007,王雅雅,female,2014-01-01,,30,承,Rule-generated Stage7 member for 合成王氏.,True
1092493,7007,王承明,male,2012-01-01,,30,承,Rule-generated Stage7 member for 合成王氏.,True
1092494,7007,王承宁,female,2009-01-01,,30,承,Rule-generated Stage7 member for 合成王氏.,True
1092495,7007,王承文,male,2010-01-01,,30,承,Rule-generated Stage7 member for 合成王氏.,True
1092496,7007,王芳敏,female,2008-01-01,,30,承,Rule-generated Stage7 member for 合成王氏.,True
1092497,7007,王明,male,2012-01-01,,30,承,Rule-generated Stage7 member for 合成王氏.,True
1092498,7007,王承丽,female,2009-01-01,,30,承,Rule-generated Stage7 member for 合成王氏.,True
1092499,7007,王华,male,2010-01-01,,30,承,Rule-generated Stage7 member for 合成王氏.,True
1092500,7007,王强,female,2010-01-01,,30,承,Rule-generated Stage7 member for 合成王氏.,True
