tree_id,parent_member_id,child_member_id,parent_role
7007,1089001,1089016,father
7007,1089001,1089024,father
7007,1089001,1089032,father
7007,1089001,1089040,father
7007,1089016,1089045,father
7007,1089016,1089060,father
7007,1089016,1089075,father
7007,1089024,1089049,father
7007,1089024,1089064,father
7007,1089024,1089079,father
7007,1089032,1089053,father
7007,1089032,1089068,father
7007,1089032,1089083,father
7007,1089040,1089057,father
7007,1089040,1089072,father
7007,1089040,1089087,father
7007,1089045,1089089,father
7007,1089045,1089111,father
7007,1089045,1089133,father
7007,1089049,1089091,father
7007,1089049,1089113,father
7007,1089049,1089135,father
7007,1089053,1089093,father
7007,1089053,1089115,father
7007,1089053,1089137,father
7007,1089057,1089095,father
7007,1089057,1089117,father
7007,1089057,1089139,father
7007,1089060,1089096,mother
7007,1089060,1089118,mother
7007,1089060,1089140,mother
7007,1089064,1089098,mother
7007,1089064,1089120,mother
7007,1089064,1089142,mother
7007,1089068,1089100,mother
7007,1089068,1089122,mother
7007,1089068,1089144,mother
7007,1089072,1089102,mother
7007,1089072,1089124,mother
7007,1089072,1089146,mother
7007,1089075,1089104,father
7007,1089075,1089126,father
7007,1089079,1089106,father
7007,1089079,1089128,father
7007,1089083,1089108,father
7007,1089083,1089130,father
7007,1089087,1089110,father
7007,1089087,1089132,father
7007,1089089,1089147,father
7007,1089089,1089176,father
7007,1089089,1089205,father
7007,1089091,1089148,father
7007,1089091,1089177,father
7007,1089091,1089206,father
7007,1089093,1089149,father
7007,1089093,1089178,father
7007,1089093,1089207,father
7007,1089095,1089150,father
7007,1089095,1089179,father
7007,1089095,1089208,father
7007,1089096,1089150,mother
7007,1089096,1089179,mother
7007,1089096,1089208,mother
7007,1089098,1089151,mother
7007,1089098,1089180,mother
7007,1089098,1089209,mother
7007,1089100,1089152,mother
7007,1089100,1089181,mother
7007,1089100,1089210,mother
7007,1089102,1089153,mother
7007,1089102,1089182,mother
7007,1089102,1089211,mother
7007,1089104,1089154,mother
7007,1089104,1089183,mother
7007,1089104,1089212,mother
7007,1089106,1089155,mother
7007,1089106,1089184,mother
7007,1089106,1089213,mother
7007,1089108,1089156,mother
7007,1089108,1089185,mother
7007,1089108,1089214,mother
7007,1089110,1089157,mother
7007,1089110,1089186,mother
7007,1089110,1089215,mother
7007,1089111,1089158,father
7007,1089111,1089187,father
7007,1089111,1089216,father
7007,1089113,1089159,father
7007,1089113,1089188,father
7007,1089113,1089217,father
7007,1089115,1089160,father
7007,1089115,1089189,father
7007,1089115,1089218,father
7007,1089117,1089161,father
7007,1089117,1089190,father
7007,1089117,1089219,father
7007,1089118,1089161,mother
7007,1089118,1089190,mother
7007,1089118,1089219,mother
7007,1089120,1089162,mother
7007,1089120,1089191,mother
7007,1089122,1089163,mother
7007,1089122,1089192,mother
7007,1089124,1089164,mother
7007,1089124,1089193,mother
7007,1089126,1089165,mother
7007,1089126,1089194,mother
7007,1089128,1089166,mother
7007,1089128,1089195,mother
7007,1089130,1089167,mother
7007,1089130,1089196,mother
7007,1089132,1089168,mother
7007,1089132,1089197,mother
7007,1089133,1089169,father
7007,1089133,1089198,father
7007,1089135,1089170,father
7007,1089135,1089199,father
7007,1089137,1089171,father
7007,1089137,1089200,father
7007,1089139,1089172,father
7007,1089139,1089201,father
7007,1089140,1089172,mother
7007,1089140,1089201,mother
7007,1089142,1089173,mother
7007,1089142,1089202,mother
7007,1089144,1089174,mother
7007,1089144,1089203,mother
7007,1089146,1089175,mother
7007,1089146,1089204,mother
7007,1089147,1089220,father
7007,1089147,1089257,father
7007,1089147,1089294,father
7007,1089148,1089220,mother
7007,1089148,1089256,mother
7007,1089148,1089292,mother
7007,1089149,1089221,father
7007,1089149,1089258,father
7007,1089149,1089295,father
7007,1089150,1089221,mother
7007,1089150,1089257,mother
7007,1089150,1089293,mother
7007,1089151,1089222,father
7007,1089151,1089259,father
7007,1089151,1089296,father
7007,1089152,1089222,mother
7007,1089152,1089258,mother
7007,1089152,1089294,mother
7007,1089153,1089223,father
7007,1089153,1089260,father
7007,1089153,1089297,father
7007,1089154,1089223,mother
7007,1089154,1089259,mother
7007,1089154,1089295,mother
7007,1089155,1089224,father
7007,1089155,1089261,father
7007,1089155,1089298,father
7007,1089156,1089224,mother
7007,1089156,1089260,mother
7007,1089156,1089296,mother
7007,1089157,1089225,father
7007,1089157,1089262,father
7007,1089157,1089299,father
7007,1089158,1089225,mother
7007,1089158,1089261,mother
7007,1089158,1089297,mother
7007,1089159,1089226,father
7007,1089159,1089263,father
7007,1089159,1089300,father
7007,1089160,1089226,mother
7007,1089160,1089262,mother
7007,1089160,1089298,mother
7007,1089161,1089227,father
7007,1089161,1089264,father
7007,1089161,1089301,father
7007,1089162,1089227,mother
7007,1089162,1089263,mother
7007,1089162,1089299,mother
7007,1089163,1089228,father
7007,1089163,1089265,father
7007,1089163,1089302,father
7007,1089164,1089228,mother
7007,1089164,1089264,mother
7007,1089164,1089300,mother
7007,1089165,1089229,father
7007,1089165,1089266,father
7007,1089165,1089303,father
7007,1089166,1089229,mother
7007,1089166,1089265,mother
7007,1089166,1089301,mother
7007,1089167,1089230,father
7007,1089167,1089267,father
7007,1089167,1089304,father
7007,1089168,1089230,mother
7007,1089168,1089266,mother
7007,1089168,1089302,mother
7007,1089169,1089231,father
7007,1089169,1089268,father
7007,1089169,1089305,father
7007,1089170,1089231,mother
7007,1089170,1089267,mother
7007,1089170,1089303,mother
7007,1089171,1089232,father
7007,1089171,1089269,father
7007,1089171,1089306,father
7007,1089172,1089232,mother
7007,1089172,1089268,mother
7007,1089172,1089304,mother
7007,1089173,1089233,father
7007,1089173,1089270,father
7007,1089174,1089233,mother
7007,1089174,1089269,mother
7007,1089174,1089305,mother
7007,1089175,1089234,father
7007,1089175,1089271,father
7007,1089176,1089234,mother
7007,1089176,1089270,mother
7007,1089176,1089306,mother
7007,1089177,1089235,father
7007,1089177,1089272,father
7007,1089178,1089235,mother
7007,1089178,1089271,mother
7007,1089179,1089236,father
7007,1089179,1089273,father
7007,1089180,1089236,mother
7007,1089180,1089272,mother
7007,1089181,1089237,father
7007,1089181,1089274,father
7007,1089182,1089237,mother
7007,1089182,1089273,mother
7007,1089183,1089238,father
7007,1089183,1089275,father
7007,1089184,1089238,mother
7007,1089184,1089274,mother
7007,1089185,1089239,father
7007,1089185,1089276,father
7007,1089186,1089239,mother
7007,1089186,1089275,mother
7007,1089187,1089240,father
7007,1089187,1089277,father
7007,1089188,1089240,mother
7007,1089188,1089276,mother
7007,1089189,1089241,father
7007,1089189,1089278,father
7007,1089190,1089241,mother
7007,1089190,1089277,mother
7007,1089191,1089242,father
7007,1089191,1089279,father
7007,1089192,1089242,mother
7007,1089192,1089278,mother
7007,1089193,1089243,father
7007,1089193,1089280,father
7007,1089194,1089243,mother
7007,1089194,1089279,mother
7007,1089195,1089244,father
7007,1089195,1089281,father
7007,1089196,1089244,mother
7007,1089196,1089280,mother
7007,1089197,1089245,father
7007,1089197,1089282,father
7007,1089198,1089245,mother
7007,1089198,1089281,mother
7007,1089199,1089246,father
7007,1089199,1089283,father
7007,1089200,1089246,mother
7007,1089200,1089282,mother
7007,1089201,1089247,father
7007,1089201,1089284,father
7007,1089202,1089247,mother
7007,1089202,1089283,mother
7007,1089203,1089248,father
7007,1089203,1089285,father
7007,1089204,1089248,mother
7007,1089204,1089284,mother
7007,1089205,1089249,father
7007,1089205,1089286,father
7007,1089206,1089249,mother
7007,1089206,1089285,mother
7007,1089207,1089250,father
7007,1089207,1089287,father
7007,1089208,1089250,mother
7007,1089208,1089286,mother
7007,1089209,1089251,father
7007,1089209,1089288,father
7007,1089210,1089251,mother
7007,1089210,1089287,mother
7007,1089211,1089252,father
7007,1089211,1089289,father
7007,1089212,1089252,mother
7007,1089212,1089288,mother
7007,1089213,1089253,father
7007,1089213,1089290,father
7007,1089214,1089253,mother
7007,1089214,1089289,mother
7007,1089215,1089254,father
7007,1089215,1089291,father
7007,1089216,1089254,mother
7007,1089216,1089290,mother
7007,1089217,1089255,father
7007,1089217,1089292,father
7007,1089218,1089255,mother
7007,1089218,1089291,mother
7007,1089219,1089256,father
7007,1089219,1089293,father
7007,1089220,1089307,father
7007,1089220,1089351,father
7007,1089220,1089395,father
7007,1089221,1089307,mother
7007,1089221,1089350,mother
7007,1089221,1089393,mother
7007,1089222,1089308,father
7007,1089222,1089352,father
7007,1089222,1089396,father
7007,1089223,1089308,mother
7007,1089223,1089351,mother
7007,1089223,1089394,mother
7007,1089224,1089309,father
7007,1089224,1089353,father
7007,1089224,1089397,father
7007,1089225,1089309,mother
7007,1089225,1089352,mother
7007,1089225,1089395,mother
7007,1089226,1089310,father
7007,1089226,1089354,father
7007,1089226,1089398,father
7007,1089227,1089310,mother
7007,1089227,1089353,mother
7007,1089227,1089396,mother
7007,1089228,1089311,father
7007,1089228,1089355,father
7007,1089228,1089399,father
7007,1089229,1089311,mother
7007,1089229,1089354,mother
7007,1089229,1089397,mother
7007,1089230,1089312,father
7007,1089230,1089356,father
7007,1089230,1089400,father
7007,1089231,1089312,mother
7007,1089231,1089355,mother
7007,1089231,1089398,mother
7007,1089232,1089313,father
7007,1089232,1089357,father
7007,1089232,1089401,father
7007,1089233,1089313,mother
7007,1089233,1089356,mother
7007,1089233,1089399,mother
7007,1089234,1089314,father
7007,1089234,1089358,father
7007,1089234,1089402,father
7007,1089235,1089314,mother
7007,1089235,1089357,mother
7007,1089235,1089400,mother
7007,1089236,1089315,father
7007,1089236,1089359,father
7007,1089236,1089403,father
7007,1089237,1089315,mother
7007,1089237,1089358,mother
7007,1089237,1089401,mother
7007,1089238,1089316,father
7007,1089238,1089360,father
7007,1089238,1089404,father
7007,1089239,1089316,mother
7007,1089239,1089359,mother
7007,1089239,1089402,mother
7007,1089240,1089317,father
7007,1089240,1089361,father
7007,1089240,1089405,father
7007,1089241,1089317,mother
7007,1089241,1089360,mother
7007,1089241,1089403,mother
7007,1089242,1089318,father
7007,1089242,1089362,father
7007,1089242,1089406,father
7007,1089243,1089318,mother
7007,1089243,1089361,mother
7007,1089243,1089404,mother
7007,1089244,1089319,father
7007,1089244,1089363,father
7007,1089244,1089407,father
7007,1089245,1089319,mother
7007,1089245,1089362,mother
7007,1089245,1089405,mother
7007,1089246,1089320,father
7007,1089246,1089364,father
7007,1089246,1089408,father
7007,1089247,1089320,mother
7007,1089247,1089363,mother
7007,1089247,1089406,mother
7007,1089248,1089321,father
7007,1089248,1089365,father
7007,1089249,1089321,mother
7007,1089249,1089364,mother
7007,1089249,1089407,mother
7007,1089250,1089322,father
7007,1089250,1089366,father
7007,1089251,1089322,mother
7007,1089251,1089365,mother
7007,1089251,1089408,mother
7007,1089252,1089323,father
7007,1089252,1089367,father
7007,1089253,1089323,mother
7007,1089253,1089366,mother
7007,1089254,1089324,father
7007,1089254,1089368,father
7007,1089255,1089324,mother
7007,1089255,1089367,mother
7007,1089256,1089325,father
7007,1089256,1089369,father
7007,1089257,1089325,mother
7007,1089257,1089368,mother
7007,1089258,1089326,father
7007,1089258,1089370,father
7007,1089259,1089326,mother
7007,1089259,1089369,mother
7007,1089260,1089327,father
7007,1089260,1089371,father
7007,1089261,1089327,mother
7007,1089261,1089370,mother
7007,1089262,1089328,father
7007,1089262,1089372,father
7007,1089263,1089328,mother
7007,1089263,1089371,mother
7007,1089264,1089329,father
7007,1089264,1089373,father
7007,1089265,1089329,mother
7007,1089265,1089372,mother
7007,1089266,1089330,father
7007,1089266,1089374,father
7007,1089267,1089330,mother
7007,1089267,1089373,mother
7007,1089268,1089331,father
7007,1089268,1089375,father
7007,1089269,1089331,mother
7007,1089269,1089374,mother
7007,1089270,1089332,father
7007,1089270,1089376,father
7007,1089271,1089332,mother
7007,1089271,1089375,mother
7007,1089272,1089333,father
7007,1089272,1089377,father
7007,1089273,1089333,mother
7007,1089273,1089376,mother
7007,1089274,1089334,father
7007,1089274,1089378,father
7007,1089275,1089334,mother
7007,1089275,1089377,mother
7007,1089276,1089335,father
7007,1089276,1089379,father
7007,1089277,1089335,mother
7007,1089277,1089378,mother
7007,1089278,1089336,father
7007,1089278,1089380,father
7007,1089279,1089336,mother
7007,1089279,1089379,mother
7007,1089280,1089337,father
7007,1089280,1089381,father
7007,1089281,1089337,mother
7007,1089281,1089380,mother
7007,1089282,1089338,father
7007,1089282,1089382,father
7007,1089283,1089338,mother
7007,1089283,1089381,mother
7007,1089284,1089339,father
7007,1089284,1089383,father
7007,1089285,1089339,mother
7007,1089285,1089382,mother
7007,1089286,1089340,father
7007,1089286,1089384,father
7007,1089287,1089340,mother
7007,1089287,1089383,mother
7007,1089288,1089341,father
7007,1089288,1089385,father
7007,1089289,1089341,mother
7007,1089289,1089384,mother
7007,1089290,1089342,father
7007,1089290,1089386,father
7007,1089291,1089342,mother
7007,1089291,1089385,mother
7007,1089292,1089343,father
7007,1089292,1089387,father
7007,1089293,1089343,mother
7007,1089293,1089386,mother
7007,1089294,1089344,father
7007,1089294,1089388,father
7007,1089295,1089344,mother
7007,1089295,1089387,mother
7007,1089296,1089345,father
7007,1089296,1089389,father
7007,1089297,1089345,mother
7007,1089297,1089388,mother
7007,1089298,1089346,father
7007,1089298,1089390,father
7007,1089299,1089346,mother
7007,1089299,1089389,mother
7007,1089300,1089347,father
7007,1089300,1089391,father
7007,1089301,1089347,mother
7007,1089301,1089390,mother
7007,1089302,1089348,father
7007,1089302,1089392,father
7007,1089303,1089348,mother
7007,1089303,1089391,mother
7007,1089304,1089349,father
7007,1089304,1089393,father
7007,1089305,1089349,mother
7007,1089305,1089392,mother
7007,1089306,1089350,father
7007,1089306,1089394,father
7007,1089307,1089409,father
7007,1089307,1089460,father
7007,1089307,1089511,father
7007,1089308,1089409,mother
7007,1089308,1089460,mother
7007,1089308,1089511,mother
7007,1089309,1089410,father
7007,1089309,1089461,father
7007,1089309,1089512,father
7007,1089310,1089410,mother
7007,1089310,1089461,mother
7007,1089310,1089512,mother
7007,1089311,1089411,father
7007,1089311,1089462,father
7007,1089311,1089513,father
7007,1089312,1089411,mother
7007,1089312,1089462,mother
7007,1089312,1089513,mother
7007,1089313,1089412,father
7007,1089313,1089463,father
7007,1089313,1089514,father
7007,1089314,1089412,mother
7007,1089314,1089463,mother
7007,1089314,1089514,mother
7007,1089315,1089413,father
7007,1089315,1089464,father
7007,1089315,1089515,father
7007,1089316,1089413,mother
7007,1089316,1089464,mother
7007,1089316,1089515,mother
7007,1089317,1089414,father
7007,1089317,1089465,father
7007,1089317,1089516,father
7007,1089318,1089414,mother
7007,1089318,1089465,mother
7007,1089318,1089516,mother
7007,1089319,1089415,father
7007,1089319,1089466,father
7007,1089319,1089517,father
7007,1089320,1089415,mother
7007,1089320,1089466,mother
7007,1089320,1089517,mother
7007,1089321,1089416,father
7007,1089321,1089467,father
7007,1089321,1089518,father
7007,1089322,1089416,mother
7007,1089322,1089467,mother
7007,1089322,1089518,mother
7007,1089323,1089417,father
7007,1089323,1089468,father
7007,1089323,1089519,father
7007,1089324,1089417,mother
7007,1089324,1089468,mother
7007,1089324,1089519,mother
7007,1089325,1089418,father
7007,1089325,1089469,father
7007,1089325,1089520,father
7007,1089326,1089418,mother
7007,1089326,1089469,mother
7007,1089326,1089520,mother
7007,1089327,1089419,father
7007,1089327,1089470,father
7007,1089327,1089521,father
7007,1089328,1089419,mother
7007,1089328,1089470,mother
7007,1089328,1089521,mother
7007,1089329,1089420,father
7007,1089329,1089471,father
7007,1089329,1089522,father
7007,1089330,1089420,mother
7007,1089330,1089471,mother
7007,1089330,1089522,mother
7007,1089331,1089421,father
7007,1089331,1089472,father
7007,1089331,1089523,father
7007,1089332,1089421,mother
7007,1089332,1089472,mother
7007,1089332,1089523,mother
7007,1089333,1089422,father
7007,1089333,1089473,father
7007,1089333,1089524,father
7007,1089334,1089422,mother
7007,1089334,1089473,mother
7007,1089334,1089524,mother
7007,1089335,1089423,father
7007,1089335,1089474,father
7007,1089336,1089423,mother
7007,1089336,1089474,mother
7007,1089337,1089424,father
7007,1089337,1089475,father
7007,1089338,1089424,mother
7007,1089338,1089475,mother
7007,1089339,1089425,father
7007,1089339,1089476,father
7007,1089340,1089425,mother
7007,1089340,1089476,mother
7007,1089341,1089426,father
7007,1089341,1089477,father
7007,1089342,1089426,mother
7007,1089342,1089477,mother
7007,1089343,1089427,father
7007,1089343,1089478,father
7007,1089344,1089427,mother
7007,1089344,1089478,mother
7007,1089345,1089428,father
7007,1089345,1089479,father
7007,1089346,1089428,mother
7007,1089346,1089479,mother
7007,1089347,1089429,father
7007,1089347,1089480,father
7007,1089348,1089429,mother
7007,1089348,1089480,mother
7007,1089349,1089430,father
7007,1089349,1089481,father
7007,1089350,1089430,mother
7007,1089350,1089481,mother
7007,1089351,1089431,father
7007,1089351,1089482,father
7007,1089352,1089431,mother
7007,1089352,1089482,mother
7007,1089353,1089432,father
7007,1089353,1089483,father
7007,1089354,1089432,mother
7007,1089354,1089483,mother
7007,1089355,1089433,father
7007,1089355,1089484,father
7007,1089356,1089433,mother
7007,1089356,1089484,mother
7007,1089357,1089434,father
7007,1089357,1089485,father
7007,1089358,1089434,mother
7007,1089358,1089485,mother
7007,1089359,1089435,father
7007,1089359,1089486,father
7007,1089360,1089435,mother
7007,1089360,1089486,mother
7007,1089361,1089436,father
7007,1089361,1089487,father
7007,1089362,1089436,mother
7007,1089362,1089487,mother
7007,1089363,1089437,father
7007,1089363,1089488,father
7007,1089364,1089437,mother
7007,1089364,1089488,mother
7007,1089365,1089438,father
7007,1089365,1089489,father
7007,1089366,1089438,mother
7007,1089366,1089489,mother
7007,1089367,1089439,father
7007,1089367,1089490,father
7007,1089368,1089439,mother
7007,1089368,1089490,mother
7007,1089369,1089440,father
7007,1089369,1089491,father
7007,1089370,1089440,mother
7007,1089370,1089491,mother
7007,1089371,1089441,father
7007,1089371,1089492,father
7007,1089372,1089441,mother
7007,1089372,1089492,mother
7007,1089373,1089442,father
7007,1089373,1089493,father
7007,1089374,1089442,mother
7007,1089374,1089493,mother
7007,1089375,1089443,father
7007,1089375,1089494,father
7007,1089376,1089443,mother
7007,1089376,1089494,mother
7007,1089377,1089444,father
7007,1089377,1089495,father
7007,1089378,1089444,mother
7007,1089378,1089495,mother
7007,1089379,1089445,father
7007,1089379,1089496,father
7007,1089380,1089445,mother
7007,1089380,1089496,mother
7007,1089381,1089446,father
7007,1089381,1089497,father
7007,1089382,1089446,mother
7007,1089382,1089497,mother
7007,1089383,1089447,father
7007,1089383,1089498,father
7007,1089384,1089447,mother
7007,1089384,1089498,mother
7007,1089385,1089448,father
7007,1089385,1089499,father
7007,1089386,1089448,mother
7007,1089386,1089499,mother
7007,1089387,1089449,father
7007,1089387,1089500,father
7007,1089388,1089449,mother
7007,1089388,1089500,mother
7007,1089389,1089450,father
7007,1089389,1089501,father
7007,1089390,1089450,mother
7007,1089390,1089501,mother
7007,1089391,1089451,father
7007,1089391,1089502,father
7007,1089392,1089451,mother
7007,1089392,1089502,mother
7007,1089393,1089452,father
7007,1089393,1089503,father
7007,1089394,1089452,mother
7007,1089394,1089503,mother
7007,1089395,1089453,father
7007,1089395,1089504,father
7007,1089396,1089453,mother
7007,1089396,1089504,mother
7007,1089397,1089454,father
7007,1089397,1089505,father
7007,1089398,1089454,mother
7007,1089398,1089505,mother
7007,1089399,1089455,father
7007,1089399,1089506,father
7007,1089400,1089455,mother
7007,1089400,1089506,mother
7007,1089401,1089456,father
7007,1089401,1089507,father
7007,1089402,1089456,mother
7007,1089402,1089507,mother
7007,1089403,1089457,father
7007,1089403,1089508,father
7007,1089404,1089457,mother
7007,1089404,1089508,mother
7007,1089405,1089458,father
7007,1089405,1089509,father
7007,1089406,1089458,mother
7007,1089406,1089509,mother
7007,1089407,1089459,father
7007,1089407,1089510,father
7007,1089408,1089459,mother
7007,1089408,1089510,mother
7007,1089409,1089525,father
7007,1089409,1089583,father
7007,1089409,1089641,father
7007,1089410,1089525,mother
7007,1089410,1089583,mother
7007,1089410,1089641,mother
7007,1089411,1089526,father
7007,1089411,1089584,father
7007,1089411,1089642,father
7007,1089412,1089526,mother
7007,1089412,1089584,mother
7007,1089412,1089642,mother
7007,1089413,1089527,father
7007,1089413,1089585,father
7007,1089413,1089643,father
7007,1089414,1089527,mother
7007,1089414,1089585,mother
7007,1089414,1089643,mother
7007,1089415,1089528,father
7007,1089415,1089586,father
7007,1089415,1089644,father
7007,1089416,1089528,mother
7007,1089416,1089586,mother
7007,1089416,1089644,mother
7007,1089417,1089529,father
7007,1089417,1089587,father
7007,1089417,1089645,father
7007,1089418,1089529,mother
7007,1089418,1089587,mother
7007,1089418,1089645,mother
7007,1089419,1089530,father
7007,1089419,1089588,father
7007,1089419,1089646,father
7007,1089420,1089530,mother
7007,1089420,1089588,mother
7007,1089420,1089646,mother
7007,1089421,1089531,father
7007,1089421,1089589,father
7007,1089421,1089647,father
7007,1089422,1089531,mother
7007,1089422,1089589,mother
7007,1089422,1089647,mother
7007,1089423,1089532,father
7007,1089423,1089590,father
7007,1089423,1089648,father
7007,1089424,1089532,mother
7007,1089424,1089590,mother
7007,1089424,1089648,mother
7007,1089425,1089533,father
7007,1089425,1089591,father
7007,1089425,1089649,father
7007,1089426,1089533,mother
7007,1089426,1089591,mother
7007,1089426,1089649,mother
7007,1089427,1089534,father
7007,1089427,1089592,father
7007,1089427,1089650,father
7007,1089428,1089534,mother
7007,1089428,1089592,mother
7007,1089428,1089650,mother
7007,1089429,1089535,father
7007,1089429,1089593,father
7007,1089429,1089651,father
7007,1089430,1089535,mother
7007,1089430,1089593,mother
7007,1089430,1089651,mother
7007,1089431,1089536,father
7007,1089431,1089594,father
7007,1089431,1089652,father
7007,1089432,1089536,mother
7007,1089432,1089594,mother
7007,1089432,1089652,mother
7007,1089433,1089537,father
7007,1089433,1089595,father
7007,1089433,1089653,father
7007,1089434,1089537,mother
7007,1089434,1089595,mother
7007,1089434,1089653,mother
7007,1089435,1089538,father
7007,1089435,1089596,father
7007,1089435,1089654,father
7007,1089436,1089538,mother
7007,1089436,1089596,mother
7007,1089436,1089654,mother
7007,1089437,1089539,father
7007,1089437,1089597,father
7007,1089437,1089655,father
7007,1089438,1089539,mother
7007,1089438,1089597,mother
7007,1089438,1089655,mother
7007,1089439,1089540,father
7007,1089439,1089598,father
7007,1089440,1089540,mother
7007,1089440,1089598,mother
7007,1089441,1089541,father
7007,1089441,1089599,father
7007,1089442,1089541,mother
7007,1089442,1089599,mother
7007,1089443,1089542,father
7007,1089443,1089600,father
7007,1089444,1089542,mother
7007,1089444,1089600,mother
7007,1089445,1089543,father
7007,1089445,1089601,father
7007,1089446,1089543,mother
7007,1089446,1089601,mother
7007,1089447,1089544,father
7007,1089447,1089602,father
7007,1089448,1089544,mother
7007,1089448,1089602,mother
7007,1089449,1089545,father
7007,1089449,1089603,father
7007,1089450,1089545,mother
7007,1089450,1089603,mother
7007,1089451,1089546,father
7007,1089451,1089604,father
7007,1089452,1089546,mother
7007,1089452,1089604,mother
7007,1089453,1089547,father
7007,1089453,1089605,father
7007,1089454,1089547,mother
7007,1089454,1089605,mother
7007,1089455,1089548,father
7007,1089455,1089606,father
7007,1089456,1089548,mother
7007,1089456,1089606,mother
7007,1089457,1089549,father
7007,1089457,1089607,father
7007,1089458,1089549,mother
7007,1089458,1089607,mother
7007,1089459,1089550,father
7007,1089459,1089608,father
7007,1089460,1089550,mother
7007,1089460,1089608,mother
7007,1089461,1089551,father
7007,1089461,1089609,father
7007,1089462,1089551,mother
7007,1089462,1089609,mother
7007,1089463,1089552,father
7007,1089463,1089610,father
7007,1089464,1089552,mother
7007,1089464,1089610,mother
7007,1089465,1089553,father
7007,1089465,1089611,father
7007,1089466,1089553,mother
7007,1089466,1089611,mother
7007,1089467,1089554,father
7007,1089467,1089612,father
7007,1089468,1089554,mother
7007,1089468,1089612,mother
7007,1089469,1089555,father
7007,1089469,1089613,father
7007,1089470,1089555,mother
7007,1089470,1089613,mother
7007,1089471,1089556,father
7007,1089471,1089614,father
7007,1089472,1089556,mother
7007,1089472,1089614,mother
7007,1089473,1089557,father
7007,1089473,1089615,father
7007,1089474,1089557,mother
7007,1089474,1089615,mother
7007,1089475,1089558,father
7007,1089475,1089616,father
7007,1089476,1089558,mother
7007,1089476,1089616,mother
7007,1089477,1089559,father
7007,1089477,1089617,father
7007,1089478,1089559,mother
7007,1089478,1089617,mother
7007,1089479,1089560,father
7007,1089479,1089618,father
7007,1089480,1089560,mother
7007,1089480,1089618,mother
7007,1089481,1089561,father
7007,1089481,1089619,father
7007,1089482,1089561,mother
7007,1089482,1089619,mother
7007,1089483,1089562,father
7007,1089483,1089620,father
7007,1089484,1089562,mother
7007,1089484,1089620,mother
7007,1089485,1089563,father
7007,1089485,1089621,father
7007,1089486,1089563,mother
7007,1089486,1089621,mother
7007,1089487,1089564,father
7007,1089487,1089622,father
7007,1089488,1089564,mother
7007,1089488,1089622,mother
7007,1089489,1089565,father
7007,1089489,1089623,father
7007,1089490,1089565,mother
7007,1089490,1089623,mother
7007,1089491,1089566,father
7007,1089491,1089624,father
7007,1089492,1089566,mother
7007,1089492,1089624,mother
7007,1089493,1089567,father
7007,1089493,1089625,father
7007,1089494,1089567,mother
7007,1089494,1089625,mother
7007,1089495,1089568,father
7007,1089495,1089626,father
7007,1089496,1089568,mother
7007,1089496,1089626,mother
7007,1089497,1089569,father
7007,1089497,1089627,father
7007,1089498,1089569,mother
7007,1089498,1089627,mother
7007,1089499,1089570,father
7007,1089499,1089628,father
7007,1089500,1089570,mother
7007,1089500,1089628,mother
7007,1089501,1089571,father
7007,1089501,1089629,father
7007,1089502,1089571,mother
7007,1089502,1089629,mother
7007,1089503,1089572,father
7007,1089503,1089630,father
7007,1089504,1089572,mother
7007,1089504,1089630,mother
7007,1089505,1089573,father
7007,1089505,1089631,father
7007,1089506,1089573,mother
7007,1089506,1089631,mother
7007,1089507,1089574,father
7007,1089507,1089632,father
7007,1089508,1089574,mother
7007,1089508,1089632,mother
7007,1089509,1089575,father
7007,1089509,1089633,father
7007,1089510,1089575,mother
7007,1089510,1089633,mother
7007,1089511,1089576,father
7007,1089511,1089634,father
7007,1089512,1089576,mother
7007,1089512,1089634,mother
7007,1089513,1089577,father
7007,1089513,1089635,father
7007,1089514,1089577,mother
7007,1089514,1089635,mother
7007,1089515,1089578,father
7007,1089515,1089636,father
7007,1089516,1089578,mother
7007,1089516,1089636,mother
7007,1089517,1089579,father
7007,1089517,1089637,father
7007,1089518,1089579,mother
7007,1089518,1089637,mother
7007,1089519,1089580,father
7007,1089519,1089638,father
7007,1089520,1089580,mother
7007,1089520,1089638,mother
7007,1089521,1089581,father
7007,1089521,1089639,father
7007,1089522,1089581,mother
7007,1089522,1089639,mother
7007,1089523,1089582,father
7007,1089523,1089640,father
7007,1089524,1089582,mother
7007,1089524,1089640,mother
7007,1089525,1089656,father
7007,1089525,1089722,father
7007,1089525,1089788,father
7007,1089526,1089656,mother
7007,1089526,1089721,mother
7007,1089526,1089786,mother
7007,1089527,1089657,father
7007,1089527,1089723,father
7007,1089527,1089789,father
7007,1089528,1089657,mother
7007,1089528,1089722,mother
7007,1089528,1089787,mother
7007,1089529,1089658,father
7007,1089529,1089724,father
7007,1089529,1089790,father
7007,1089530,1089658,mother
7007,1089530,1089723,mother
7007,1089530,1089788,mother
7007,1089531,1089659,father
7007,1089531,1089725,father
7007,1089531,1089791,father
7007,1089532,1089659,mother
7007,1089532,1089724,mother
7007,1089532,1089789,mother
7007,1089533,1089660,father
7007,1089533,1089726,father
7007,1089533,1089792,father
7007,1089534,1089660,mother
7007,1089534,1089725,mother
7007,1089534,1089790,mother
7007,1089535,1089661,father
7007,1089535,1089727,father
7007,1089535,1089793,father
7007,1089536,1089661,mother
7007,1089536,1089726,mother
7007,1089536,1089791,mother
7007,1089537,1089662,father
7007,1089537,1089728,father
7007,1089537,1089794,father
7007,1089538,1089662,mother
7007,1089538,1089727,mother
7007,1089538,1089792,mother
7007,1089539,1089663,father
7007,1089539,1089729,father
7007,1089539,1089795,father
7007,1089540,1089663,mother
7007,1089540,1089728,mother
7007,1089540,1089793,mother
7007,1089541,1089664,father
7007,1089541,1089730,father
7007,1089541,1089796,father
7007,1089542,1089664,mother
7007,1089542,1089729,mother
7007,1089542,1089794,mother
7007,1089543,1089665,father
7007,1089543,1089731,father
7007,1089543,1089797,father
7007,1089544,1089665,mother
7007,1089544,1089730,mother
7007,1089544,1089795,mother
7007,1089545,1089666,father
7007,1089545,1089732,father
7007,1089545,1089798,father
7007,1089546,1089666,mother
7007,1089546,1089731,mother
7007,1089546,1089796,mother
7007,1089547,1089667,father
7007,1089547,1089733,father
7007,1089547,1089799,father
7007,1089548,1089667,mother
7007,1089548,1089732,mother
7007,1089548,1089797,mother
7007,1089549,1089668,father
7007,1089549,1089734,father
7007,1089549,1089800,father
7007,1089550,1089668,mother
7007,1089550,1089733,mother
7007,1089550,1089798,mother
7007,1089551,1089669,father
7007,1089551,1089735,father
7007,1089552,1089669,mother
7007,1089552,1089734,mother
7007,1089552,1089799,mother
7007,1089553,1089670,father
7007,1089553,1089736,father
7007,1089554,1089670,mother
7007,1089554,1089735,mother
7007,1089554,1089800,mother
7007,1089555,1089671,father
7007,1089555,1089737,father
7007,1089556,1089671,mother
7007,1089556,1089736,mother
7007,1089557,1089672,father
7007,1089557,1089738,father
7007,1089558,1089672,mother
7007,1089558,1089737,mother
7007,1089559,1089673,father
7007,1089559,1089739,father
7007,1089560,1089673,mother
7007,1089560,1089738,mother
7007,1089561,1089674,father
7007,1089561,1089740,father
7007,1089562,1089674,mother
7007,1089562,1089739,mother
7007,1089563,1089675,father
7007,1089563,1089741,father
7007,1089564,1089675,mother
7007,1089564,1089740,mother
7007,1089565,1089676,father
7007,1089565,1089742,father
7007,1089566,1089676,mother
7007,1089566,1089741,mother
7007,1089567,1089677,father
7007,1089567,1089743,father
7007,1089568,1089677,mother
7007,1089568,1089742,mother
7007,1089569,1089678,father
7007,1089569,1089744,father
7007,1089570,1089678,mother
7007,1089570,1089743,mother
7007,1089571,1089679,father
7007,1089571,1089745,father
7007,1089572,1089679,mother
7007,1089572,1089744,mother
7007,1089573,1089680,father
7007,1089573,1089746,father
7007,1089574,1089680,mother
7007,1089574,1089745,mother
7007,1089575,1089681,father
7007,1089575,1089747,father
7007,1089576,1089681,mother
7007,1089576,1089746,mother
7007,1089577,1089682,father
7007,1089577,1089748,father
7007,1089578,1089682,mother
7007,1089578,1089747,mother
7007,1089579,1089683,father
7007,1089579,1089749,father
7007,1089580,1089683,mother
7007,1089580,1089748,mother
7007,1089581,1089684,father
7007,1089581,1089750,father
7007,1089582,1089684,mother
7007,1089582,1089749,mother
7007,1089583,1089685,father
7007,1089583,1089751,father
7007,1089584,1089685,mother
7007,1089584,1089750,mother
7007,1089585,1089686,father
7007,1089585,1089752,father
7007,1089586,1089686,mother
7007,1089586,1089751,mother
7007,1089587,1089687,father
7007,1089587,1089753,father
7007,1089588,1089687,mother
7007,1089588,1089752,mother
7007,1089589,1089688,father
7007,1089589,1089754,father
7007,1089590,1089688,mother
7007,1089590,1089753,mother
7007,1089591,1089689,father
7007,1089591,1089755,father
7007,1089592,1089689,mother
7007,1089592,1089754,mother
7007,1089593,1089690,father
7007,1089593,1089756,father
7007,1089594,1089690,mother
7007,1089594,1089755,mother
7007,1089595,1089691,father
7007,1089595,1089757,father
7007,1089596,1089691,mother
7007,1089596,1089756,mother
7007,1089597,1089692,father
7007,1089597,1089758,father
7007,1089598,1089692,mother
7007,1089598,1089757,mother
7007,1089599,1089693,father
7007,1089599,1089759,father
7007,1089600,1089693,mother
7007,1089600,1089758,mother
7007,1089601,1089694,father
7007,1089601,1089760,father
7007,1089602,1089694,mother
7007,1089602,1089759,mother
7007,1089603,1089695,father
7007,1089603,1089761,father
7007,1089604,1089695,mother
7007,1089604,1089760,mother
7007,1089605,1089696,father
7007,1089605,1089762,father
7007,1089606,1089696,mother
7007,1089606,1089761,mother
7007,1089607,1089697,father
7007,1089607,1089763,father
7007,1089608,1089697,mother
7007,1089608,1089762,mother
7007,1089609,1089698,father
7007,1089609,1089764,father
7007,1089610,1089698,mother
7007,1089610,1089763,mother
7007,1089611,1089699,father
7007,1089611,1089765,father
7007,1089612,1089699,mother
7007,1089612,1089764,mother
7007,1089613,1089700,father
7007,1089613,1089766,father
7007,1089614,1089700,mother
7007,1089614,1089765,mother
7007,1089615,1089701,father
7007,1089615,1089767,father
7007,1089616,1089701,mother
7007,1089616,1089766,mother
7007,1089617,1089702,father
7007,1089617,1089768,father
7007,1089618,1089702,mother
7007,1089618,1089767,mother
7007,1089619,1089703,father
7007,1089619,1089769,father
7007,1089620,1089703,mother
7007,1089620,1089768,mother
7007,1089621,1089704,father
7007,1089621,1089770,father
7007,1089622,1089704,mother
7007,1089622,1089769,mother
7007,1089623,1089705,father
7007,1089623,1089771,father
7007,1089624,1089705,mother
7007,1089624,1089770,mother
7007,1089625,1089706,father
7007,1089625,1089772,father
7007,1089626,1089706,mother
7007,1089626,1089771,mother
7007,1089627,1089707,father
7007,1089627,1089773,father
7007,1089628,1089707,mother
7007,1089628,1089772,mother
7007,1089629,1089708,father
7007,1089629,1089774,father
7007,1089630,1089708,mother
7007,1089630,1089773,mother
7007,1089631,1089709,father
7007,1089631,1089775,father
7007,1089632,1089709,mother
7007,1089632,1089774,mother
7007,1089633,1089710,father
7007,1089633,1089776,father
7007,1089634,1089710,mother
7007,1089634,1089775,mother
7007,1089635,1089711,father
7007,1089635,1089777,father
7007,1089636,1089711,mother
7007,1089636,1089776,mother
7007,1089637,1089712,father
7007,1089637,1089778,father
7007,1089638,1089712,mother
7007,1089638,1089777,mother
7007,1089639,1089713,father
7007,1089639,1089779,father
7007,1089640,1089713,mother
7007,1089640,1089778,mother
7007,1089641,1089714,father
7007,1089641,1089780,father
7007,1089642,1089714,mother
7007,1089642,1089779,mother
7007,1089643,1089715,father
7007,1089643,1089781,father
7007,1089644,1089715,mother
7007,1089644,1089780,mother
7007,1089645,1089716,father
7007,1089645,1089782,father
7007,1089646,1089716,mother
7007,1089646,1089781,mother
7007,1089647,1089717,father
7007,1089647,1089783,father
7007,1089648,1089717,mother
7007,1089648,1089782,mother
7007,1089649,1089718,father
7007,1089649,1089784,father
7007,1089650,1089718,mother
7007,1089650,1089783,mother
7007,1089651,1089719,father
7007,1089651,1089785,father
7007,1089652,1089719,mother
7007,1089652,1089784,mother
7007,1089653,1089720,father
7007,1089653,1089786,father
7007,1089654,1089720,mother
7007,1089654,1089785,mother
7007,1089655,1089721,father
7007,1089655,1089787,father
7007,1089656,1089801,father
7007,1089656,1089874,father
7007,1089656,1089947,father
7007,1089657,1089801,mother
7007,1089657,1089873,mother
7007,1089657,1089945,mother
7007,1089658,1089802,father
7007,1089658,1089875,father
7007,1089658,1089948,father
7007,1089659,1089802,mother
7007,1089659,1089874,mother
7007,1089659,1089946,mother
7007,1089660,1089803,father
7007,1089660,1089876,father
7007,1089660,1089949,father
7007,1089661,1089803,mother
7007,1089661,1089875,mother
7007,1089661,1089947,mother
7007,1089662,1089804,father
7007,1089662,1089877,father
7007,1089662,1089950,father
7007,1089663,1089804,mother
7007,1089663,1089876,mother
7007,1089663,1089948,mother
7007,1089664,1089805,father
7007,1089664,1089878,father
7007,1089664,1089951,father
7007,1089665,1089805,mother
7007,1089665,1089877,mother
7007,1089665,1089949,mother
7007,1089666,1089806,father
7007,1089666,1089879,father
7007,1089666,1089952,father
7007,1089667,1089806,mother
7007,1089667,1089878,mother
7007,1089667,1089950,mother
7007,1089668,1089807,father
7007,1089668,1089880,father
7007,1089668,1089953,father
7007,1089669,1089807,mother
7007,1089669,1089879,mother
7007,1089669,1089951,mother
7007,1089670,1089808,father
7007,1089670,1089881,father
7007,1089670,1089954,father
7007,1089671,1089808,mother
7007,1089671,1089880,mother
7007,1089671,1089952,mother
7007,1089672,1089809,father
7007,1089672,1089882,father
7007,1089672,1089955,father
7007,1089673,1089809,mother
7007,1089673,1089881,mother
7007,1089673,1089953,mother
7007,1089674,1089810,father
7007,1089674,1089883,father
7007,1089674,1089956,father
7007,1089675,1089810,mother
7007,1089675,1089882,mother
7007,1089675,1089954,mother
7007,1089676,1089811,father
7007,1089676,1089884,father
7007,1089676,1089957,father
7007,1089677,1089811,mother
7007,1089677,1089883,mother
7007,1089677,1089955,mother
7007,1089678,1089812,father
7007,1089678,1089885,father
7007,1089678,1089958,father
7007,1089679,1089812,mother
7007,1089679,1089884,mother
7007,1089679,1089956,mother
7007,1089680,1089813,father
7007,1089680,1089886,father
7007,1089680,1089959,father
7007,1089681,1089813,mother
7007,1089681,1089885,mother
7007,1089681,1089957,mother
7007,1089682,1089814,father
7007,1089682,1089887,father
7007,1089682,1089960,father
7007,1089683,1089814,mother
7007,1089683,1089886,mother
7007,1089683,1089958,mother
7007,1089684,1089815,father
7007,1089684,1089888,father
7007,1089685,1089815,mother
7007,1089685,1089887,mother
7007,1089685,1089959,mother
7007,1089686,1089816,father
7007,1089686,1089889,father
7007,1089687,1089816,mother
7007,1089687,1089888,mother
7007,1089687,1089960,mother
7007,1089688,1089817,father
7007,1089688,1089890,father
7007,1089689,1089817,mother
7007,1089689,1089889,mother
7007,1089690,1089818,father
7007,1089690,1089891,father
7007,1089691,1089818,mother
7007,1089691,1089890,mother
7007,1089692,1089819,father
7007,1089692,1089892,father
7007,1089693,1089819,mother
7007,1089693,1089891,mother
7007,1089694,1089820,father
7007,1089694,1089893,father
7007,1089695,1089820,mother
7007,1089695,1089892,mother
7007,1089696,1089821,father
7007,1089696,1089894,father
7007,1089697,1089821,mother
7007,1089697,1089893,mother
7007,1089698,1089822,father
7007,1089698,1089895,father
7007,1089699,1089822,mother
7007,1089699,1089894,mother
7007,1089700,1089823,father
7007,1089700,1089896,father
7007,1089701,1089823,mother
7007,1089701,1089895,mother
7007,1089702,1089824,father
7007,1089702,1089897,father
7007,1089703,1089824,mother
7007,1089703,1089896,mother
7007,1089704,1089825,father
7007,1089704,1089898,father
7007,1089705,1089825,mother
7007,1089705,1089897,mother
7007,1089706,1089826,father
7007,1089706,1089899,father
7007,1089707,1089826,mother
7007,1089707,1089898,mother
7007,1089708,1089827,father
7007,1089708,1089900,father
7007,1089709,1089827,mother
7007,1089709,1089899,mother
7007,1089710,1089828,father
7007,1089710,1089901,father
7007,1089711,1089828,mother
7007,1089711,1089900,mother
7007,1089712,1089829,father
7007,1089712,1089902,father
7007,1089713,1089829,mother
7007,1089713,1089901,mother
7007,1089714,1089830,father
7007,1089714,1089903,father
7007,1089715,1089830,mother
7007,1089715,1089902,mother
7007,1089716,1089831,father
7007,1089716,1089904,father
7007,1089717,1089831,mother
7007,1089717,1089903,mother
7007,1089718,1089832,father
7007,1089718,1089905,father
7007,1089719,1089832,mother
7007,1089719,1089904,mother
7007,1089720,1089833,father
7007,1089720,1089906,father
7007,1089721,1089833,mother
7007,1089721,1089905,mother
7007,1089722,1089834,father
7007,1089722,1089907,father
7007,1089723,1089834,mother
7007,1089723,1089906,mother
7007,1089724,1089835,father
7007,1089724,1089908,father
7007,1089725,1089835,mother
7007,1089725,1089907,mother
7007,1089726,1089836,father
7007,1089726,1089909,father
7007,1089727,1089836,mother
7007,1089727,1089908,mother
7007,1089728,1089837,father
7007,1089728,1089910,father
7007,1089729,1089837,mother
7007,1089729,1089909,mother
7007,1089730,1089838,father
7007,1089730,1089911,father
7007,1089731,1089838,mother
7007,1089731,1089910,mother
7007,1089732,1089839,father
7007,1089732,1089912,father
7007,1089733,1089839,mother
7007,1089733,1089911,mother
7007,1089734,1089840,father
7007,1089734,1089913,father
7007,1089735,1089840,mother
7007,1089735,1089912,mother
7007,1089736,1089841,father
7007,1089736,1089914,father
7007,1089737,1089841,mother
7007,1089737,1089913,mother
7007,1089738,1089842,father
7007,1089738,1089915,father
7007,1089739,1089842,mother
7007,1089739,1089914,mother
7007,1089740,1089843,father
7007,1089740,1089916,father
7007,1089741,1089843,mother
7007,1089741,1089915,mother
7007,1089742,1089844,father
7007,1089742,1089917,father
7007,1089743,1089844,mother
7007,1089743,1089916,mother
7007,1089744,1089845,father
7007,1089744,1089918,father
7007,1089745,1089845,mother
7007,1089745,1089917,mother
7007,1089746,1089846,father
7007,1089746,1089919,father
7007,1089747,1089846,mother
7007,1089747,1089918,mother
7007,1089748,1089847,father
7007,1089748,1089920,father
7007,1089749,1089847,mother
7007,1089749,1089919,mother
7007,1089750,1089848,father
7007,1089750,1089921,father
7007,1089751,1089848,mother
7007,1089751,1089920,mother
7007,1089752,1089849,father
7007,1089752,1089922,father
7007,1089753,1089849,mother
7007,1089753,1089921,mother
7007,1089754,1089850,father
7007,1089754,1089923,father
7007,1089755,1089850,mother
7007,1089755,1089922,mother
7007,1089756,1089851,father
7007,1089756,1089924,father
7007,1089757,1089851,mother
7007,1089757,1089923,mother
7007,1089758,1089852,father
7007,1089758,1089925,father
7007,1089759,1089852,mother
7007,1089759,1089924,mother
7007,1089760,1089853,father
7007,1089760,1089926,father
7007,1089761,1089853,mother
7007,1089761,1089925,mother
7007,1089762,1089854,father
7007,1089762,1089927,father
7007,1089763,1089854,mother
7007,1089763,1089926,mother
7007,1089764,1089855,father
7007,1089764,1089928,father
7007,1089765,1089855,mother
7007,1089765,1089927,mother
7007,1089766,1089856,father
7007,1089766,1089929,father
7007,1089767,1089856,mother
7007,1089767,1089928,mother
7007,1089768,1089857,father
7007,1089768,1089930,father
7007,1089769,1089857,mother
7007,1089769,1089929,mother
7007,1089770,1089858,father
7007,1089770,1089931,father
7007,1089771,1089858,mother
7007,1089771,1089930,mother
7007,1089772,1089859,father
7007,1089772,1089932,father
7007,1089773,1089859,mother
7007,1089773,1089931,mother
7007,1089774,1089860,father
7007,1089774,1089933,father
7007,1089775,1089860,mother
7007,1089775,1089932,mother
7007,1089776,1089861,father
7007,1089776,1089934,father
7007,1089777,1089861,mother
7007,1089777,1089933,mother
7007,1089778,1089862,father
7007,1089778,1089935,father
7007,1089779,1089862,mother
7007,1089779,1089934,mother
7007,1089780,1089863,father
7007,1089780,1089936,father
7007,1089781,1089863,mother
7007,1089781,1089935,mother
7007,1089782,1089864,father
7007,1089782,1089937,father
7007,1089783,1089864,mother
7007,1089783,1089936,mother
7007,1089784,1089865,father
7007,1089784,1089938,father
7007,1089785,1089865,mother
7007,1089785,1089937,mother
7007,1089786,1089866,father
7007,1089786,1089939,father
7007,1089787,1089866,mother
7007,1089787,1089938,mother
7007,1089788,1089867,father
7007,1089788,1089940,father
7007,1089789,1089867,mother
7007,1089789,1089939,mother
7007,1089790,1089868,father
7007,1089790,1089941,father
7007,1089791,1089868,mother
7007,1089791,1089940,mother
7007,1089792,1089869,father
7007,1089792,1089942,father
7007,1089793,1089869,mother
7007,1089793,1089941,mother
7007,1089794,1089870,father
7007,1089794,1089943,father
7007,1089795,1089870,mother
7007,1089795,1089942,mother
7007,1089796,1089871,father
7007,1089796,1089944,father
7007,1089797,1089871,mother
7007,1089797,1089943,mother
7007,1089798,1089872,father
7007,1089798,1089945,father
7007,1089799,1089872,mother
7007,1089799,1089944,mother
7007,1089800,1089873,father
7007,1089800,1089946,father
7007,1089801,1089961,father
7007,1089801,1090041,father
7007,1089801,1090121,father
7007,1089802,1089961,mother
7007,1089802,1090041,mother
7007,1089802,1090121,mother
7007,1089803,1089962,father
7007,1089803,1090042,father
7007,1089803,1090122,father
7007,1089804,1089962,mother
7007,1089804,1090042,mother
7007,1089804,1090122,mother
7007,1089805,1089963,father
7007,1089805,1090043,father
7007,1089805,1090123,father
7007,1089806,1089963,mother
7007,1089806,1090043,mother
7007,1089806,1090123,mother
7007,1089807,1089964,father
7007,1089807,1090044,father
7007,1089807,1090124,father
7007,1089808,1089964,mother
7007,1089808,1090044,mother
7007,1089808,1090124,mother
7007,1089809,1089965,father
7007,1089809,1090045,father
7007,1089809,1090125,father
7007,1089810,1089965,mother
7007,1089810,1090045,mother
7007,1089810,1090125,mother
7007,1089811,1089966,father
7007,1089811,1090046,father
7007,1089811,1090126,father
7007,1089812,1089966,mother
7007,1089812,1090046,mother
7007,1089812,1090126,mother
7007,1089813,1089967,father
7007,1089813,1090047,father
7007,1089813,1090127,father
7007,1089814,1089967,mother
7007,1089814,1090047,mother
7007,1089814,1090127,mother
7007,1089815,1089968,father
7007,1089815,1090048,father
7007,1089815,1090128,father
7007,1089816,1089968,mother
7007,1089816,1090048,mother
7007,1089816,1090128,mother
7007,1089817,1089969,father
7007,1089817,1090049,father
7007,1089817,1090129,father
7007,1089818,1089969,mother
7007,1089818,1090049,mother
7007,1089818,1090129,mother
7007,1089819,1089970,father
7007,1089819,1090050,father
7007,1089819,1090130,father
7007,1089820,1089970,mother
7007,1089820,1090050,mother
7007,1089820,1090130,mother
7007,1089821,1089971,father
7007,1089821,1090051,father
7007,1089821,1090131,father
7007,1089822,1089971,mother
7007,1089822,1090051,mother
7007,1089822,1090131,mother
7007,1089823,1089972,father
7007,1089823,1090052,father
7007,1089823,1090132,father
7007,1089824,1089972,mother
7007,1089824,1090052,mother
7007,1089824,1090132,mother
7007,1089825,1089973,father
7007,1089825,1090053,father
7007,1089825,1090133,father
7007,1089826,1089973,mother
7007,1089826,1090053,mother
7007,1089826,1090133,mother
7007,1089827,1089974,father
7007,1089827,1090054,father
7007,1089827,1090134,father
7007,1089828,1089974,mother
7007,1089828,1090054,mother
7007,1089828,1090134,mother
7007,1089829,1089975,father
7007,1089829,1090055,father
7007,1089830,1089975,mother
7007,1089830,1090055,mother
7007,1089831,1089976,father
7007,1089831,1090056,father
7007,1089832,1089976,mother
7007,1089832,1090056,mother
7007,1089833,1089977,father
7007,1089833,1090057,father
7007,1089834,1089977,mother
7007,1089834,1090057,mother
7007,1089835,1089978,father
7007,1089835,1090058,father
7007,1089836,1089978,mother
7007,1089836,1090058,mother
7007,1089837,1089979,father
7007,1089837,1090059,father
7007,1089838,1089979,mother
7007,1089838,1090059,mother
7007,1089839,1089980,father
7007,1089839,1090060,father
7007,1089840,1089980,mother
7007,1089840,1090060,mother
7007,1089841,1089981,father
7007,1089841,1090061,father
7007,1089842,1089981,mother
7007,1089842,1090061,mother
7007,1089843,1089982,father
7007,1089843,1090062,father
7007,1089844,1089982,mother
7007,1089844,1090062,mother
7007,1089845,1089983,father
7007,1089845,1090063,father
7007,1089846,1089983,mother
7007,1089846,1090063,mother
7007,1089847,1089984,father
7007,1089847,1090064,father
7007,1089848,1089984,mother
7007,1089848,1090064,mother
7007,1089849,1089985,father
7007,1089849,1090065,father
7007,1089850,1089985,mother
7007,1089850,1090065,mother
7007,1089851,1089986,father
7007,1089851,1090066,father
7007,1089852,1089986,mother
7007,1089852,1090066,mother
7007,1089853,1089987,father
7007,1089853,1090067,father
7007,1089854,1089987,mother
7007,1089854,1090067,mother
7007,1089855,1089988,father
7007,1089855,1090068,father
7007,1089856,1089988,mother
7007,1089856,1090068,mother
7007,1089857,1089989,father
7007,1089857,1090069,father
7007,1089858,1089989,mother
7007,1089858,1090069,mother
7007,1089859,1089990,father
7007,1089859,1090070,father
7007,1089860,1089990,mother
7007,1089860,1090070,mother
7007,1089861,1089991,father
7007,1089861,1090071,father
7007,1089862,1089991,mother
7007,1089862,1090071,mother
7007,1089863,1089992,father
7007,1089863,1090072,father
7007,1089864,1089992,mother
7007,1089864,1090072,mother
7007,1089865,1089993,father
7007,1089865,1090073,father
7007,1089866,1089993,mother
7007,1089866,1090073,mother
7007,1089867,1089994,father
7007,1089867,1090074,father
7007,1089868,1089994,mother
7007,1089868,1090074,mother
7007,1089869,1089995,father
7007,1089869,1090075,father
7007,1089870,1089995,mother
7007,1089870,1090075,mother
7007,1089871,1089996,father
7007,1089871,1090076,father
7007,1089872,1089996,mother
7007,1089872,1090076,mother
7007,1089873,1089997,father
7007,1089873,1090077,father
7007,1089874,1089997,mother
7007,1089874,1090077,mother
7007,1089875,1089998,father
7007,1089875,1090078,father
7007,1089876,1089998,mother
7007,1089876,1090078,mother
7007,1089877,1089999,father
7007,1089877,1090079,father
7007,1089878,1089999,mother
7007,1089878,1090079,mother
7007,1089879,1090000,father
7007,1089879,1090080,father
7007,1089880,1090000,mother
7007,1089880,1090080,mother
7007,1089881,1090001,father
7007,1089881,1090081,father
7007,1089882,1090001,mother
7007,1089882,1090081,mother
7007,1089883,1090002,father
7007,1089883,1090082,father
7007,1089884,1090002,mother
7007,1089884,1090082,mother
7007,1089885,1090003,father
7007,1089885,1090083,father
7007,1089886,1090003,mother
7007,1089886,1090083,mother
7007,1089887,1090004,father
7007,1089887,1090084,father
7007,1089888,1090004,mother
7007,1089888,1090084,mother
7007,1089889,1090005,father
7007,1089889,1090085,father
7007,1089890,1090005,mother
7007,1089890,1090085,mother
7007,1089891,1090006,father
7007,1089891,1090086,father
7007,1089892,1090006,mother
7007,1089892,1090086,mother
7007,1089893,1090007,father
7007,1089893,1090087,father
7007,1089894,1090007,mother
7007,1089894,1090087,mother
7007,1089895,1090008,father
7007,1089895,1090088,father
7007,1089896,1090008,mother
7007,1089896,1090088,mother
7007,1089897,1090009,father
7007,1089897,1090089,father
7007,1089898,1090009,mother
7007,1089898,1090089,mother
7007,1089899,1090010,father
7007,1089899,1090090,father
7007,1089900,1090010,mother
7007,1089900,1090090,mother
7007,1089901,1090011,father
7007,1089901,1090091,father
7007,1089902,1090011,mother
7007,1089902,1090091,mother
7007,1089903,1090012,father
7007,1089903,1090092,father
7007,1089904,1090012,mother
7007,1089904,1090092,mother
7007,1089905,1090013,father
7007,1089905,1090093,father
7007,1089906,1090013,mother
7007,1089906,1090093,mother
7007,1089907,1090014,father
7007,1089907,1090094,father
7007,1089908,1090014,mother
7007,1089908,1090094,mother
7007,1089909,1090015,father
7007,1089909,1090095,father
7007,1089910,1090015,mother
7007,1089910,1090095,mother
7007,1089911,1090016,father
7007,1089911,1090096,father
7007,1089912,1090016,mother
7007,1089912,1090096,mother
7007,1089913,1090017,father
7007,1089913,1090097,father
7007,1089914,1090017,mother
7007,1089914,1090097,mother
7007,1089915,1090018,father
7007,1089915,1090098,father
7007,1089916,1090018,mother
7007,1089916,1090098,mother
7007,1089917,1090019,father
7007,1089917,1090099,father
7007,1089918,1090019,mother
7007,1089918,1090099,mother
7007,1089919,1090020,father
7007,1089919,1090100,father
7007,1089920,1090020,mother
7007,1089920,1090100,mother
7007,1089921,1090021,father
7007,1089921,1090101,father
7007,1089922,1090021,mother
7007,1089922,1090101,mother
7007,1089923,1090022,father
7007,1089923,1090102,father
7007,1089924,1090022,mother
7007,1089924,1090102,mother
7007,1089925,1090023,father
7007,1089925,1090103,father
7007,1089926,1090023,mother
7007,1089926,1090103,mother
7007,1089927,1090024,father
7007,1089927,1090104,father
7007,1089928,1090024,mother
7007,1089928,1090104,mother
7007,1089929,1090025,father
7007,1089929,1090105,father
7007,1089930,1090025,mother
7007,1089930,1090105,mother
7007,1089931,1090026,father
7007,1089931,1090106,father
7007,1089932,1090026,mother
7007,1089932,1090106,mother
7007,1089933,1090027,father
7007,1089933,1090107,father
7007,1089934,1090027,mother
7007,1089934,1090107,mother
7007,1089935,1090028,father
7007,1089935,1090108,father
7007,1089936,1090028,mother
7007,1089936,1090108,mother
7007,1089937,1090029,father
7007,1089937,1090109,father
7007,1089938,1090029,mother
7007,1089938,1090109,mother
7007,1089939,1090030,father
7007,1089939,1090110,father
7007,1089940,1090030,mother
7007,1089940,1090110,mother
7007,1089941,1090031,father
7007,1089941,1090111,father
7007,1089942,1090031,mother
7007,1089942,1090111,mother
7007,1089943,1090032,father
7007,1089943,1090112,father
7007,1089944,1090032,mother
7007,1089944,1090112,mother
7007,1089945,1090033,father
7007,1089945,1090113,father
7007,1089946,1090033,mother
7007,1089946,1090113,mother
7007,1089947,1090034,father
7007,1089947,1090114,father
7007,1089948,1090034,mother
7007,1089948,1090114,mother
7007,1089949,1090035,father
7007,1089949,1090115,father
7007,1089950,1090035,mother
7007,1089950,1090115,mother
7007,1089951,1090036,father
7007,1089951,1090116,father
7007,1089952,1090036,mother
7007,1089952,1090116,mother
7007,1089953,1090037,father
7007,1089953,1090117,father
7007,1089954,1090037,mother
7007,1089954,1090117,mother
7007,1089955,1090038,father
7007,1089955,1090118,father
7007,1089956,1090038,mother
7007,1089956,1090118,mother
7007,1089957,1090039,father
7007,1089957,1090119,father
7007,1089958,1090039,mother
7007,1089958,1090119,mother
7007,1089959,1090040,father
7007,1089959,1090120,father
7007,1089960,1090040,mother
7007,1089960,1090120,mother
7007,1089961,1090135,father
7007,1089961,1090222,father
7007,1089961,1090309,father
7007,1089962,1090135,mother
7007,1089962,1090222,mother
7007,1089962,1090309,mother
7007,1089963,1090136,father
7007,1089963,1090223,father
7007,1089963,1090310,father
7007,1089964,1090136,mother
7007,1089964,1090223,mother
7007,1089964,1090310,mother
7007,1089965,1090137,father
7007,1089965,1090224,father
7007,1089965,1090311,father
7007,1089966,1090137,mother
7007,1089966,1090224,mother
7007,1089966,1090311,mother
7007,1089967,1090138,father
7007,1089967,1090225,father
7007,1089967,1090312,father
7007,1089968,1090138,mother
7007,1089968,1090225,mother
7007,1089968,1090312,mother
7007,1089969,1090139,father
7007,1089969,1090226,father
7007,1089969,1090313,father
7007,1089970,1090139,mother
7007,1089970,1090226,mother
7007,1089970,1090313,mother
7007,1089971,1090140,father
7007,1089971,1090227,father
7007,1089971,1090314,father
7007,1089972,1090140,mother
7007,1089972,1090227,mother
7007,1089972,1090314,mother
7007,1089973,1090141,father
7007,1089973,1090228,father
7007,1089973,1090315,father
7007,1089974,1090141,mother
7007,1089974,1090228,mother
7007,1089974,1090315,mother
7007,1089975,1090142,father
7007,1089975,1090229,father
7007,1089975,1090316,father
7007,1089976,1090142,mother
7007,1089976,1090229,mother
7007,1089976,1090316,mother
7007,1089977,1090143,father
7007,1089977,1090230,father
7007,1089977,1090317,father
7007,1089978,1090143,mother
7007,1089978,1090230,mother
7007,1089978,1090317,mother
7007,1089979,1090144,father
7007,1089979,1090231,father
7007,1089979,1090318,father
7007,1089980,1090144,mother
7007,1089980,1090231,mother
7007,1089980,1090318,mother
7007,1089981,1090145,father
7007,1089981,1090232,father
7007,1089981,1090319,father
7007,1089982,1090145,mother
7007,1089982,1090232,mother
7007,1089982,1090319,mother
7007,1089983,1090146,father
7007,1089983,1090233,father
7007,1089983,1090320,father
7007,1089984,1090146,mother
7007,1089984,1090233,mother
7007,1089984,1090320,mother
7007,1089985,1090147,father
7007,1089985,1090234,father
7007,1089985,1090321,father
7007,1089986,1090147,mother
7007,1089986,1090234,mother
7007,1089986,1090321,mother
7007,1089987,1090148,father
7007,1089987,1090235,father
7007,1089987,1090322,father
7007,1089988,1090148,mother
7007,1089988,1090235,mother
7007,1089988,1090322,mother
7007,1089989,1090149,father
7007,1089989,1090236,father
7007,1089990,1090149,mother
7007,1089990,1090236,mother
7007,1089991,1090150,father
7007,1089991,1090237,father
7007,1089992,1090150,mother
7007,1089992,1090237,mother
7007,1089993,1090151,father
7007,1089993,1090238,father
7007,1089994,1090151,mother
7007,1089994,1090238,mother
7007,1089995,1090152,father
7007,1089995,1090239,father
7007,1089996,1090152,mother
7007,1089996,1090239,mother
7007,1089997,1090153,father
7007,1089997,1090240,father
7007,1089998,1090153,mother
7007,1089998,1090240,mother
7007,1089999,1090154,father
7007,1089999,1090241,father
7007,1090000,1090154,mother
7007,1090000,1090241,mother
7007,1090001,1090155,father
7007,1090001,1090242,father
7007,1090002,1090155,mother
7007,1090002,1090242,mother
7007,1090003,1090156,father
7007,1090003,1090243,father
7007,1090004,1090156,mother
7007,1090004,1090243,mother
7007,1090005,1090157,father
7007,1090005,1090244,father
7007,1090006,1090157,mother
7007,1090006,1090244,mother
7007,1090007,1090158,father
7007,1090007,1090245,father
7007,1090008,1090158,mother
7007,1090008,1090245,mother
7007,1090009,1090159,father
7007,1090009,1090246,father
7007,1090010,1090159,mother
7007,1090010,1090246,mother
7007,1090011,1090160,father
7007,1090011,1090247,father
7007,1090012,1090160,mother
7007,1090012,1090247,mother
7007,1090013,1090161,father
7007,1090013,1090248,father
7007,1090014,1090161,mother
7007,1090014,1090248,mother
7007,1090015,1090162,father
7007,1090015,1090249,father
7007,1090016,1090162,mother
7007,1090016,1090249,mother
7007,1090017,1090163,father
7007,1090017,1090250,father
7007,1090018,1090163,mother
7007,1090018,1090250,mother
7007,1090019,1090164,father
7007,1090019,1090251,father
7007,1090020,1090164,mother
7007,1090020,1090251,mother
7007,1090021,1090165,father
7007,1090021,1090252,father
7007,1090022,1090165,mother
7007,1090022,1090252,mother
7007,1090023,1090166,father
7007,1090023,1090253,father
7007,1090024,1090166,mother
7007,1090024,1090253,mother
7007,1090025,1090167,father
7007,1090025,1090254,father
7007,1090026,1090167,mother
7007,1090026,1090254,mother
7007,1090027,1090168,father
7007,1090027,1090255,father
7007,1090028,1090168,mother
7007,1090028,1090255,mother
7007,1090029,1090169,father
7007,1090029,1090256,father
7007,1090030,1090169,mother
7007,1090030,1090256,mother
7007,1090031,1090170,father
7007,1090031,1090257,father
7007,1090032,1090170,mother
7007,1090032,1090257,mother
7007,1090033,1090171,father
7007,1090033,1090258,father
7007,1090034,1090171,mother
7007,1090034,1090258,mother
7007,1090035,1090172,father
7007,1090035,1090259,father
7007,1090036,1090172,mother
7007,1090036,1090259,mother
7007,1090037,1090173,father
7007,1090037,1090260,father
7007,1090038,1090173,mother
7007,1090038,1090260,mother
7007,1090039,1090174,father
7007,1090039,1090261,father
7007,1090040,1090174,mother
7007,1090040,1090261,mother
7007,1090041,1090175,father
7007,1090041,1090262,father
7007,1090042,1090175,mother
7007,1090042,1090262,mother
7007,1090043,1090176,father
7007,1090043,1090263,father
7007,1090044,1090176,mother
7007,1090044,1090263,mother
7007,1090045,1090177,father
7007,1090045,1090264,father
7007,1090046,1090177,mother
7007,1090046,1090264,mother
7007,1090047,1090178,father
7007,1090047,1090265,father
7007,1090048,1090178,mother
7007,1090048,1090265,mother
7007,1090049,1090179,father
7007,1090049,1090266,father
7007,1090050,1090179,mother
7007,1090050,1090266,mother
7007,1090051,1090180,father
7007,1090051,1090267,father
7007,1090052,1090180,mother
7007,1090052,1090267,mother
7007,1090053,1090181,father
7007,1090053,1090268,father
7007,1090054,1090181,mother
7007,1090054,1090268,mother
7007,1090055,1090182,father
7007,1090055,1090269,father
7007,1090056,1090182,mother
7007,1090056,1090269,mother
7007,1090057,1090183,father
7007,1090057,1090270,father
7007,1090058,1090183,mother
7007,1090058,1090270,mother
7007,1090059,1090184,father
7007,1090059,1090271,father
7007,1090060,1090184,mother
7007,1090060,1090271,mother
7007,1090061,1090185,father
7007,1090061,1090272,father
7007,1090062,1090185,mother
7007,1090062,1090272,mother
7007,1090063,1090186,father
7007,1090063,1090273,father
7007,1090064,1090186,mother
7007,1090064,1090273,mother
7007,1090065,1090187,father
7007,1090065,1090274,father
7007,1090066,1090187,mother
7007,1090066,1090274,mother
7007,1090067,1090188,father
7007,1090067,1090275,father
7007,1090068,1090188,mother
7007,1090068,1090275,mother
7007,1090069,1090189,father
7007,1090069,1090276,father
7007,1090070,1090189,mother
7007,1090070,1090276,mother
7007,1090071,1090190,father
7007,1090071,1090277,father
7007,1090072,1090190,mother
7007,1090072,1090277,mother
7007,1090073,1090191,father
7007,1090073,1090278,father
7007,1090074,1090191,mother
7007,1090074,1090278,mother
7007,1090075,1090192,father
7007,1090075,1090279,father
7007,1090076,1090192,mother
7007,1090076,1090279,mother
7007,1090077,1090193,father
7007,1090077,1090280,father
7007,1090078,1090193,mother
7007,1090078,1090280,mother
7007,1090079,1090194,father
7007,1090079,1090281,father
7007,1090080,1090194,mother
7007,1090080,1090281,mother
7007,1090081,1090195,father
7007,1090081,1090282,father
7007,1090082,1090195,mother
7007,1090082,1090282,mother
7007,1090083,1090196,father
7007,1090083,1090283,father
7007,1090084,1090196,mother
7007,1090084,1090283,mother
7007,1090085,1090197,father
7007,1090085,1090284,father
7007,1090086,1090197,mother
7007,1090086,1090284,mother
7007,1090087,1090198,father
7007,1090087,1090285,father
7007,1090088,1090198,mother
7007,1090088,1090285,mother
7007,1090089,1090199,father
7007,1090089,1090286,father
7007,1090090,1090199,mother
7007,1090090,1090286,mother
7007,1090091,1090200,father
7007,1090091,1090287,father
7007,1090092,1090200,mother
7007,1090092,1090287,mother
7007,1090093,1090201,father
7007,1090093,1090288,father
7007,1090094,1090201,mother
7007,1090094,1090288,mother
7007,1090095,1090202,father
7007,1090095,1090289,father
7007,1090096,1090202,mother
7007,1090096,1090289,mother
7007,1090097,1090203,father
7007,1090097,1090290,father
7007,1090098,1090203,mother
7007,1090098,1090290,mother
7007,1090099,1090204,father
7007,1090099,1090291,father
7007,1090100,1090204,mother
7007,1090100,1090291,mother
7007,1090101,1090205,father
7007,1090101,1090292,father
7007,1090102,1090205,mother
7007,1090102,1090292,mother
7007,1090103,1090206,father
7007,1090103,1090293,father
7007,1090104,1090206,mother
7007,1090104,1090293,mother
7007,1090105,1090207,father
7007,1090105,1090294,father
7007,1090106,1090207,mother
7007,1090106,1090294,mother
7007,1090107,1090208,father
7007,1090107,1090295,father
7007,1090108,1090208,mother
7007,1090108,1090295,mother
7007,1090109,1090209,father
7007,1090109,1090296,father
7007,1090110,1090209,mother
7007,1090110,1090296,mother
7007,1090111,1090210,father
7007,1090111,1090297,father
7007,1090112,1090210,mother
7007,1090112,1090297,mother
7007,1090113,1090211,father
7007,1090113,1090298,father
7007,1090114,1090211,mother
7007,1090114,1090298,mother
7007,1090115,1090212,father
7007,1090115,1090299,father
7007,1090116,1090212,mother
7007,1090116,1090299,mother
7007,1090117,1090213,father
7007,1090117,1090300,father
7007,1090118,1090213,mother
7007,1090118,1090300,mother
7007,1090119,1090214,father
7007,1090119,1090301,father
7007,1090120,1090214,mother
7007,1090120,1090301,mother
7007,1090121,1090215,father
7007,1090121,1090302,father
7007,1090122,1090215,mother
7007,1090122,1090302,mother
7007,1090123,1090216,father
7007,1090123,1090303,father
7007,1090124,1090216,mother
7007,1090124,1090303,mother
7007,1090125,1090217,father
7007,1090125,1090304,father
7007,1090126,1090217,mother
7007,1090126,1090304,mother
7007,1090127,1090218,father
7007,1090127,1090305,father
7007,1090128,1090218,mother
7007,1090128,1090305,mother
7007,1090129,1090219,father
7007,1090129,1090306,father
7007,1090130,1090219,mother
7007,1090130,1090306,mother
7007,1090131,1090220,father
7007,1090131,1090307,father
7007,1090132,1090220,mother
7007,1090132,1090307,mother
7007,1090133,1090221,father
7007,1090133,1090308,father
7007,1090134,1090221,mother
7007,1090134,1090308,mother
7007,1090135,1090323,father
7007,1090135,1090417,father
7007,1090135,1090511,father
7007,1090136,1090323,mother
7007,1090136,1090417,mother
7007,1090136,1090511,mother
7007,1090137,1090324,father
7007,1090137,1090418,father
7007,1090137,1090512,father
7007,1090138,1090324,mother
7007,1090138,1090418,mother
7007,1090138,1090512,mother
7007,1090139,1090325,father
7007,1090139,1090419,father
7007,1090139,1090513,father
7007,1090140,1090325,mother
7007,1090140,1090419,mother
7007,1090140,1090513,mother
7007,1090141,1090326,father
7007,1090141,1090420,father
7007,1090141,1090514,father
7007,1090142,1090326,mother
7007,1090142,1090420,mother
7007,1090142,1090514,mother
7007,1090143,1090327,father
7007,1090143,1090421,father
7007,1090143,1090515,father
7007,1090144,1090327,mother
7007,1090144,1090421,mother
7007,1090144,1090515,mother
7007,1090145,1090328,father
7007,1090145,1090422,father
7007,1090145,1090516,father
7007,1090146,1090328,mother
7007,1090146,1090422,mother
7007,1090146,1090516,mother
7007,1090147,1090329,father
7007,1090147,1090423,father
7007,1090147,1090517,father
7007,1090148,1090329,mother
7007,1090148,1090423,mother
7007,1090148,1090517,mother
7007,1090149,1090330,father
7007,1090149,1090424,father
7007,1090149,1090518,father
7007,1090150,1090330,mother
7007,1090150,1090424,mother
7007,1090150,1090518,mother
7007,1090151,1090331,father
7007,1090151,1090425,father
7007,1090151,1090519,father
7007,1090152,1090331,mother
7007,1090152,1090425,mother
7007,1090152,1090519,mother
7007,1090153,1090332,father
7007,1090153,1090426,father
7007,1090153,1090520,father
7007,1090154,1090332,mother
7007,1090154,1090426,mother
7007,1090154,1090520,mother
7007,1090155,1090333,father
7007,1090155,1090427,father
7007,1090155,1090521,father
7007,1090156,1090333,mother
7007,1090156,1090427,mother
7007,1090156,1090521,mother
7007,1090157,1090334,father
7007,1090157,1090428,father
7007,1090157,1090522,father
7007,1090158,1090334,mother
7007,1090158,1090428,mother
7007,1090158,1090522,mother
7007,1090159,1090335,father
7007,1090159,1090429,father
7007,1090159,1090523,father
7007,1090160,1090335,mother
7007,1090160,1090429,mother
7007,1090160,1090523,mother
7007,1090161,1090336,father
7007,1090161,1090430,father
7007,1090161,1090524,father
7007,1090162,1090336,mother
7007,1090162,1090430,mother
7007,1090162,1090524,mother
7007,1090163,1090337,father
7007,1090163,1090431,father
7007,1090163,1090525,father
7007,1090164,1090337,mother
7007,1090164,1090431,mother
7007,1090164,1090525,mother
7007,1090165,1090338,father
7007,1090165,1090432,father
7007,1090166,1090338,mother
7007,1090166,1090432,mother
7007,1090167,1090339,father
7007,1090167,1090433,father
7007,1090168,1090339,mother
7007,1090168,1090433,mother
7007,1090169,1090340,father
7007,1090169,1090434,father
7007,1090170,1090340,mother
7007,1090170,1090434,mother
7007,1090171,1090341,father
7007,1090171,1090435,father
7007,1090172,1090341,mother
7007,1090172,1090435,mother
7007,1090173,1090342,father
7007,1090173,1090436,father
7007,1090174,1090342,mother
7007,1090174,1090436,mother
7007,1090175,1090343,father
7007,1090175,1090437,father
7007,1090176,1090343,mother
7007,1090176,1090437,mother
7007,1090177,1090344,father
7007,1090177,1090438,father
7007,1090178,1090344,mother
7007,1090178,1090438,mother
7007,1090179,1090345,father
7007,1090179,1090439,father
7007,1090180,1090345,mother
7007,1090180,1090439,mother
7007,1090181,1090346,father
7007,1090181,1090440,father
7007,1090182,1090346,mother
7007,1090182,1090440,mother
7007,1090183,1090347,father
7007,1090183,1090441,father
7007,1090184,1090347,mother
7007,1090184,1090441,mother
7007,1090185,1090348,father
7007,1090185,1090442,father
7007,1090186,1090348,mother
7007,1090186,1090442,mother
7007,1090187,1090349,father
7007,1090187,1090443,father
7007,1090188,1090349,mother
7007,1090188,1090443,mother
7007,1090189,1090350,father
7007,1090189,1090444,father
7007,1090190,1090350,mother
7007,1090190,1090444,mother
7007,1090191,1090351,father
7007,1090191,1090445,father
7007,1090192,1090351,mother
7007,1090192,1090445,mother
7007,1090193,1090352,father
7007,1090193,1090446,father
7007,1090194,1090352,mother
7007,1090194,1090446,mother
7007,1090195,1090353,father
7007,1090195,1090447,father
7007,1090196,1090353,mother
7007,1090196,1090447,mother
7007,1090197,1090354,father
7007,1090197,1090448,father
7007,1090198,1090354,mother
7007,1090198,1090448,mother
7007,1090199,1090355,father
7007,1090199,1090449,father
7007,1090200,1090355,mother
7007,1090200,1090449,mother
7007,1090201,1090356,father
7007,1090201,1090450,father
7007,1090202,1090356,mother
7007,1090202,1090450,mother
7007,1090203,1090357,father
7007,1090203,1090451,father
7007,1090204,1090357,mother
7007,1090204,1090451,mother
7007,1090205,1090358,father
7007,1090205,1090452,father
7007,1090206,1090358,mother
7007,1090206,1090452,mother
7007,1090207,1090359,father
7007,1090207,1090453,father
7007,1090208,1090359,mother
7007,1090208,1090453,mother
7007,1090209,1090360,father
7007,1090209,1090454,father
7007,1090210,1090360,mother
7007,1090210,1090454,mother
7007,1090211,1090361,father
7007,1090211,1090455,father
7007,1090212,1090361,mother
7007,1090212,1090455,mother
7007,1090213,1090362,father
7007,1090213,1090456,father
7007,1090214,1090362,mother
7007,1090214,1090456,mother
7007,1090215,1090363,father
7007,1090215,1090457,father
7007,1090216,1090363,mother
7007,1090216,1090457,mother
7007,1090217,1090364,father
7007,1090217,1090458,father
7007,1090218,1090364,mother
7007,1090218,1090458,mother
7007,1090219,1090365,father
7007,1090219,1090459,father
7007,1090220,1090365,mother
7007,1090220,1090459,mother
7007,1090221,1090366,father
7007,1090221,1090460,father
7007,1090222,1090366,mother
7007,1090222,1090460,mother
7007,1090223,1090367,father
7007,1090223,1090461,father
7007,1090224,1090367,mother
7007,1090224,1090461,mother
7007,1090225,1090368,father
7007,1090225,1090462,father
7007,1090226,1090368,mother
7007,1090226,1090462,mother
7007,1090227,1090369,father
7007,1090227,1090463,father
7007,1090228,1090369,mother
7007,1090228,1090463,mother
7007,1090229,1090370,father
7007,1090229,1090464,father
7007,1090230,1090370,mother
7007,1090230,1090464,mother
7007,1090231,1090371,father
7007,1090231,1090465,father
7007,1090232,1090371,mother
7007,1090232,1090465,mother
7007,1090233,1090372,father
7007,1090233,1090466,father
7007,1090234,1090372,mother
7007,1090234,1090466,mother
7007,1090235,1090373,father
7007,1090235,1090467,father
7007,1090236,1090373,mother
7007,1090236,1090467,mother
7007,1090237,1090374,father
7007,1090237,1090468,father
7007,1090238,1090374,mother
7007,1090238,1090468,mother
7007,1090239,1090375,father
7007,1090239,1090469,father
7007,1090240,1090375,mother
7007,1090240,1090469,mother
7007,1090241,1090376,father
7007,1090241,1090470,father
7007,1090242,1090376,mother
7007,1090242,1090470,mother
7007,1090243,1090377,father
7007,1090243,1090471,father
7007,1090244,1090377,mother
7007,1090244,1090471,mother
7007,1090245,1090378,father
7007,1090245,1090472,father
7007,1090246,1090378,mother
7007,1090246,1090472,mother
7007,1090247,1090379,father
7007,1090247,1090473,father
7007,1090248,1090379,mother
7007,1090248,1090473,mother
7007,1090249,1090380,father
7007,1090249,1090474,father
7007,1090250,1090380,mother
7007,1090250,1090474,mother
7007,1090251,1090381,father
7007,1090251,1090475,father
7007,1090252,1090381,mother
7007,1090252,1090475,mother
7007,1090253,1090382,father
7007,1090253,1090476,father
7007,1090254,1090382,mother
7007,1090254,1090476,mother
7007,1090255,1090383,father
7007,1090255,1090477,father
7007,1090256,1090383,mother
7007,1090256,1090477,mother
7007,1090257,1090384,father
7007,1090257,1090478,father
7007,1090258,1090384,mother
7007,1090258,1090478,mother
7007,1090259,1090385,father
7007,1090259,1090479,father
7007,1090260,1090385,mother
7007,1090260,1090479,mother
7007,1090261,1090386,father
7007,1090261,1090480,father
7007,1090262,1090386,mother
7007,1090262,1090480,mother
7007,1090263,1090387,father
7007,1090263,1090481,father
7007,1090264,1090387,mother
7007,1090264,1090481,mother
7007,1090265,1090388,father
7007,1090265,1090482,father
7007,1090266,1090388,mother
7007,1090266,1090482,mother
7007,1090267,1090389,father
7007,1090267,1090483,father
7007,1090268,1090389,mother
7007,1090268,1090483,mother
7007,1090269,1090390,father
7007,1090269,1090484,father
7007,1090270,1090390,mother
7007,1090270,1090484,mother
7007,1090271,1090391,father
7007,1090271,1090485,father
7007,1090272,1090391,mother
7007,1090272,1090485,mother
7007,1090273,1090392,father
7007,1090273,1090486,father
7007,1090274,1090392,mother
7007,1090274,1090486,mother
7007,1090275,1090393,father
7007,1090275,1090487,father
7007,1090276,1090393,mother
7007,1090276,1090487,mother
7007,1090277,1090394,father
7007,1090277,1090488,father
7007,1090278,1090394,mother
7007,1090278,1090488,mother
7007,1090279,1090395,father
7007,1090279,1090489,father
7007,1090280,1090395,mother
7007,1090280,1090489,mother
7007,1090281,1090396,father
7007,1090281,1090490,father
7007,1090282,1090396,mother
7007,1090282,1090490,mother
7007,1090283,1090397,father
7007,1090283,1090491,father
7007,1090284,1090397,mother
7007,1090284,1090491,mother
7007,1090285,1090398,father
7007,1090285,1090492,father
7007,1090286,1090398,mother
7007,1090286,1090492,mother
7007,1090287,1090399,father
7007,1090287,1090493,father
7007,1090288,1090399,mother
7007,1090288,1090493,mother
7007,1090289,1090400,father
7007,1090289,1090494,father
7007,1090290,1090400,mother
7007,1090290,1090494,mother
7007,1090291,1090401,father
7007,1090291,1090495,father
7007,1090292,1090401,mother
7007,1090292,1090495,mother
7007,1090293,1090402,father
7007,1090293,1090496,father
7007,1090294,1090402,mother
7007,1090294,1090496,mother
7007,1090295,1090403,father
7007,1090295,1090497,father
7007,1090296,1090403,mother
7007,1090296,1090497,mother
7007,1090297,1090404,father
7007,1090297,1090498,father
7007,1090298,1090404,mother
7007,1090298,1090498,mother
7007,1090299,1090405,father
7007,1090299,1090499,father
7007,1090300,1090405,mother
7007,1090300,1090499,mother
7007,1090301,1090406,father
7007,1090301,1090500,father
7007,1090302,1090406,mother
7007,1090302,1090500,mother
7007,1090303,1090407,father
7007,1090303,1090501,father
7007,1090304,1090407,mother
7007,1090304,1090501,mother
7007,1090305,1090408,father
7007,1090305,1090502,father
7007,1090306,1090408,mother
7007,1090306,1090502,mother
7007,1090307,1090409,father
7007,1090307,1090503,father
7007,1090308,1090409,mother
7007,1090308,1090503,mother
7007,1090309,1090410,father
7007,1090309,1090504,father
7007,1090310,1090410,mother
7007,1090310,1090504,mother
7007,1090311,1090411,father
7007,1090311,1090505,father
7007,1090312,1090411,mother
7007,1090312,1090505,mother
7007,1090313,1090412,father
7007,1090313,1090506,father
7007,1090314,1090412,mother
7007,1090314,1090506,mother
7007,1090315,1090413,father
7007,1090315,1090507,father
7007,1090316,1090413,mother
7007,1090316,1090507,mother
7007,1090317,1090414,father
7007,1090317,1090508,father
7007,1090318,1090414,mother
7007,1090318,1090508,mother
7007,1090319,1090415,father
7007,1090319,1090509,father
7007,1090320,1090415,mother
7007,1090320,1090509,mother
7007,1090321,1090416,father
7007,1090321,1090510,father
7007,1090322,1090416,mother
7007,1090322,1090510,mother
7007,1090323,1090526,father
7007,1090323,1090628,father
7007,1090323,1090730,father
7007,1090324,1090526,mother
7007,1090324,1090627,mother
7007,1090324,1090728,mother
7007,1090325,1090527,father
7007,1090325,1090629,father
7007,1090325,1090731,father
7007,1090326,1090527,mother
7007,1090326,1090628,mother
7007,1090326,1090729,mother
7007,1090327,1090528,father
7007,1090327,1090630,father
7007,1090327,1090732,father
7007,1090328,1090528,mother
7007,1090328,1090629,mother
7007,1090328,1090730,mother
7007,1090329,1090529,father
7007,1090329,1090631,father
7007,1090329,1090733,father
7007,1090330,1090529,mother
7007,1090330,1090630,mother
7007,1090330,1090731,mother
7007,1090331,1090530,father
7007,1090331,1090632,father
7007,1090331,1090734,father
7007,1090332,1090530,mother
7007,1090332,1090631,mother
7007,1090332,1090732,mother
7007,1090333,1090531,father
7007,1090333,1090633,father
7007,1090333,1090735,father
7007,1090334,1090531,mother
7007,1090334,1090632,mother
7007,1090334,1090733,mother
7007,1090335,1090532,father
7007,1090335,1090634,father
7007,1090335,1090736,father
7007,1090336,1090532,mother
7007,1090336,1090633,mother
7007,1090336,1090734,mother
7007,1090337,1090533,father
7007,1090337,1090635,father
7007,1090337,1090737,father
7007,1090338,1090533,mother
7007,1090338,1090634,mother
7007,1090338,1090735,mother
7007,1090339,1090534,father
7007,1090339,1090636,father
7007,1090339,1090738,father
7007,1090340,1090534,mother
7007,1090340,1090635,mother
7007,1090340,1090736,mother
7007,1090341,1090535,father
7007,1090341,1090637,father
7007,1090341,1090739,father
7007,1090342,1090535,mother
7007,1090342,1090636,mother
7007,1090342,1090737,mother
7007,1090343,1090536,father
7007,1090343,1090638,father
7007,1090343,1090740,father
7007,1090344,1090536,mother
7007,1090344,1090637,mother
7007,1090344,1090738,mother
7007,1090345,1090537,father
7007,1090345,1090639,father
7007,1090345,1090741,father
7007,1090346,1090537,mother
7007,1090346,1090638,mother
7007,1090346,1090739,mother
7007,1090347,1090538,father
7007,1090347,1090640,father
7007,1090347,1090742,father
7007,1090348,1090538,mother
7007,1090348,1090639,mother
7007,1090348,1090740,mother
7007,1090349,1090539,father
7007,1090349,1090641,father
7007,1090349,1090743,father
7007,1090350,1090539,mother
7007,1090350,1090640,mother
7007,1090350,1090741,mother
7007,1090351,1090540,father
7007,1090351,1090642,father
7007,1090352,1090540,mother
7007,1090352,1090641,mother
7007,1090352,1090742,mother
7007,1090353,1090541,father
7007,1090353,1090643,father
7007,1090354,1090541,mother
7007,1090354,1090642,mother
7007,1090354,1090743,mother
7007,1090355,1090542,father
7007,1090355,1090644,father
7007,1090356,1090542,mother
7007,1090356,1090643,mother
7007,1090357,1090543,father
7007,1090357,1090645,father
7007,1090358,1090543,mother
7007,1090358,1090644,mother
7007,1090359,1090544,father
7007,1090359,1090646,father
7007,1090360,1090544,mother
7007,1090360,1090645,mother
7007,1090361,1090545,father
7007,1090361,1090647,father
7007,1090362,1090545,mother
7007,1090362,1090646,mother
7007,1090363,1090546,father
7007,1090363,1090648,father
7007,1090364,1090546,mother
7007,1090364,1090647,mother
7007,1090365,1090547,father
7007,1090365,1090649,father
7007,1090366,1090547,mother
7007,1090366,1090648,mother
7007,1090367,1090548,father
7007,1090367,1090650,father
7007,1090368,1090548,mother
7007,1090368,1090649,mother
7007,1090369,1090549,father
7007,1090369,1090651,father
7007,1090370,1090549,mother
7007,1090370,1090650,mother
7007,1090371,1090550,father
7007,1090371,1090652,father
7007,1090372,1090550,mother
7007,1090372,1090651,mother
7007,1090373,1090551,father
7007,1090373,1090653,father
7007,1090374,1090551,mother
7007,1090374,1090652,mother
7007,1090375,1090552,father
7007,1090375,1090654,father
7007,1090376,1090552,mother
7007,1090376,1090653,mother
7007,1090377,1090553,father
7007,1090377,1090655,father
7007,1090378,1090553,mother
7007,1090378,1090654,mother
7007,1090379,1090554,father
7007,1090379,1090656,father
7007,1090380,1090554,mother
7007,1090380,1090655,mother
7007,1090381,1090555,father
7007,1090381,1090657,father
7007,1090382,1090555,mother
7007,1090382,1090656,mother
7007,1090383,1090556,father
7007,1090383,1090658,father
7007,1090384,1090556,mother
7007,1090384,1090657,mother
7007,1090385,1090557,father
7007,1090385,1090659,father
7007,1090386,1090557,mother
7007,1090386,1090658,mother
7007,1090387,1090558,father
7007,1090387,1090660,father
7007,1090388,1090558,mother
7007,1090388,1090659,mother
7007,1090389,1090559,father
7007,1090389,1090661,father
7007,1090390,1090559,mother
7007,1090390,1090660,mother
7007,1090391,1090560,father
7007,1090391,1090662,father
7007,1090392,1090560,mother
7007,1090392,1090661,mother
7007,1090393,1090561,father
7007,1090393,1090663,father
7007,1090394,1090561,mother
7007,1090394,1090662,mother
7007,1090395,1090562,father
7007,1090395,1090664,father
7007,1090396,1090562,mother
7007,1090396,1090663,mother
7007,1090397,1090563,father
7007,1090397,1090665,father
7007,1090398,1090563,mother
7007,1090398,1090664,mother
7007,1090399,1090564,father
7007,1090399,1090666,father
7007,1090400,1090564,mother
7007,1090400,1090665,mother
7007,1090401,1090565,father
7007,1090401,1090667,father
7007,1090402,1090565,mother
7007,1090402,1090666,mother
7007,1090403,1090566,father
7007,1090403,1090668,father
7007,1090404,1090566,mother
7007,1090404,1090667,mother
7007,1090405,1090567,father
7007,1090405,1090669,father
7007,1090406,1090567,mother
7007,1090406,1090668,mother
7007,1090407,1090568,father
7007,1090407,1090670,father
7007,1090408,1090568,mother
7007,1090408,1090669,mother
7007,1090409,1090569,father
7007,1090409,1090671,father
7007,1090410,1090569,mother
7007,1090410,1090670,mother
7007,1090411,1090570,father
7007,1090411,1090672,father
7007,1090412,1090570,mother
7007,1090412,1090671,mother
7007,1090413,1090571,father
7007,1090413,1090673,father
7007,1090414,1090571,mother
7007,1090414,1090672,mother
7007,1090415,1090572,father
7007,1090415,1090674,father
7007,1090416,1090572,mother
7007,1090416,1090673,mother
7007,1090417,1090573,father
7007,1090417,1090675,father
7007,1090418,1090573,mother
7007,1090418,1090674,mother
7007,1090419,1090574,father
7007,1090419,1090676,father
7007,1090420,1090574,mother
7007,1090420,1090675,mother
7007,1090421,1090575,father
7007,1090421,1090677,father
7007,1090422,1090575,mother
7007,1090422,1090676,mother
7007,1090423,1090576,father
7007,1090423,1090678,father
7007,1090424,1090576,mother
7007,1090424,1090677,mother
7007,1090425,1090577,father
7007,1090425,1090679,father
7007,1090426,1090577,mother
7007,1090426,1090678,mother
7007,1090427,1090578,father
7007,1090427,1090680,father
7007,1090428,1090578,mother
7007,1090428,1090679,mother
7007,1090429,1090579,father
7007,1090429,1090681,father
7007,1090430,1090579,mother
7007,1090430,1090680,mother
7007,1090431,1090580,father
7007,1090431,1090682,father
7007,1090432,1090580,mother
7007,1090432,1090681,mother
7007,1090433,1090581,father
7007,1090433,1090683,father
7007,1090434,1090581,mother
7007,1090434,1090682,mother
7007,1090435,1090582,father
7007,1090435,1090684,father
7007,1090436,1090582,mother
7007,1090436,1090683,mother
7007,1090437,1090583,father
7007,1090437,1090685,father
7007,1090438,1090583,mother
7007,1090438,1090684,mother
7007,1090439,1090584,father
7007,1090439,1090686,father
7007,1090440,1090584,mother
7007,1090440,1090685,mother
7007,1090441,1090585,father
7007,1090441,1090687,father
7007,1090442,1090585,mother
7007,1090442,1090686,mother
7007,1090443,1090586,father
7007,1090443,1090688,father
7007,1090444,1090586,mother
7007,1090444,1090687,mother
7007,1090445,1090587,father
7007,1090445,1090689,father
7007,1090446,1090587,mother
7007,1090446,1090688,mother
7007,1090447,1090588,father
7007,1090447,1090690,father
7007,1090448,1090588,mother
7007,1090448,1090689,mother
7007,1090449,1090589,father
7007,1090449,1090691,father
7007,1090450,1090589,mother
7007,1090450,1090690,mother
7007,1090451,1090590,father
7007,1090451,1090692,father
7007,1090452,1090590,mother
7007,1090452,1090691,mother
7007,1090453,1090591,father
7007,1090453,1090693,father
7007,1090454,1090591,mother
7007,1090454,1090692,mother
7007,1090455,1090592,father
7007,1090455,1090694,father
7007,1090456,1090592,mother
7007,1090456,1090693,mother
7007,1090457,1090593,father
7007,1090457,1090695,father
7007,1090458,1090593,mother
7007,1090458,1090694,mother
7007,1090459,1090594,father
7007,1090459,1090696,father
7007,1090460,1090594,mother
7007,1090460,1090695,mother
7007,1090461,1090595,father
7007,1090461,1090697,father
7007,1090462,1090595,mother
7007,1090462,1090696,mother
7007,1090463,1090596,father
7007,1090463,1090698,father
7007,1090464,1090596,mother
7007,1090464,1090697,mother
7007,1090465,1090597,father
7007,1090465,1090699,father
7007,1090466,1090597,mother
7007,1090466,1090698,mother
7007,1090467,1090598,father
7007,1090467,1090700,father
7007,1090468,1090598,mother
7007,1090468,1090699,mother
7007,1090469,1090599,father
7007,1090469,1090701,father
7007,1090470,1090599,mother
7007,1090470,1090700,mother
7007,1090471,1090600,father
7007,1090471,1090702,father
7007,1090472,1090600,mother
7007,1090472,1090701,mother
7007,1090473,1090601,father
7007,1090473,1090703,father
7007,1090474,1090601,mother
7007,1090474,1090702,mother
7007,1090475,1090602,father
7007,1090475,1090704,father
7007,1090476,1090602,mother
7007,1090476,1090703,mother
7007,1090477,1090603,father
7007,1090477,1090705,father
7007,1090478,1090603,mother
7007,1090478,1090704,mother
7007,1090479,1090604,father
7007,1090479,1090706,father
7007,1090480,1090604,mother
7007,1090480,1090705,mother
7007,1090481,1090605,father
7007,1090481,1090707,father
7007,1090482,1090605,mother
7007,1090482,1090706,mother
7007,1090483,1090606,father
7007,1090483,1090708,father
7007,1090484,1090606,mother
7007,1090484,1090707,mother
7007,1090485,1090607,father
7007,1090485,1090709,father
7007,1090486,1090607,mother
7007,1090486,1090708,mother
7007,1090487,1090608,father
7007,1090487,1090710,father
7007,1090488,1090608,mother
7007,1090488,1090709,mother
7007,1090489,1090609,father
7007,1090489,1090711,father
7007,1090490,1090609,mother
7007,1090490,1090710,mother
7007,1090491,1090610,father
7007,1090491,1090712,father
7007,1090492,1090610,mother
7007,1090492,1090711,mother
7007,1090493,1090611,father
7007,1090493,1090713,father
7007,1090494,1090611,mother
7007,1090494,1090712,mother
7007,1090495,1090612,father
7007,1090495,1090714,father
7007,1090496,1090612,mother
7007,1090496,1090713,mother
7007,1090497,1090613,father
7007,1090497,1090715,father
7007,1090498,1090613,mother
7007,1090498,1090714,mother
7007,1090499,1090614,father
7007,1090499,1090716,father
7007,1090500,1090614,mother
7007,1090500,1090715,mother
7007,1090501,1090615,father
7007,1090501,1090717,father
7007,1090502,1090615,mother
7007,1090502,1090716,mother
7007,1090503,1090616,father
7007,1090503,1090718,father
7007,1090504,1090616,mother
7007,1090504,1090717,mother
7007,1090505,1090617,father
7007,1090505,1090719,father
7007,1090506,1090617,mother
7007,1090506,1090718,mother
7007,1090507,1090618,father
7007,1090507,1090720,father
7007,1090508,1090618,mother
7007,1090508,1090719,mother
7007,1090509,1090619,father
7007,1090509,1090721,father
7007,1090510,1090619,mother
7007,1090510,1090720,mother
7007,1090511,1090620,father
7007,1090511,1090722,father
7007,1090512,1090620,mother
7007,1090512,1090721,mother
7007,1090513,1090621,father
7007,1090513,1090723,father
7007,1090514,1090621,mother
7007,1090514,1090722,mother
7007,1090515,1090622,father
7007,1090515,1090724,father
7007,1090516,1090622,mother
7007,1090516,1090723,mother
7007,1090517,1090623,father
7007,1090517,1090725,father
7007,1090518,1090623,mother
7007,1090518,1090724,mother
7007,1090519,1090624,father
7007,1090519,1090726,father
7007,1090520,1090624,mother
7007,1090520,1090725,mother
7007,1090521,1090625,father
7007,1090521,1090727,father
7007,1090522,1090625,mother
7007,1090522,1090726,mother
7007,1090523,1090626,father
7007,1090523,1090728,father
7007,1090524,1090626,mother
7007,1090524,1090727,mother
7007,1090525,1090627,father
7007,1090525,1090729,father
7007,1090526,1090744,father
7007,1090526,1090853,father
7007,1090527,1090744,mother
7007,1090527,1090853,mother
7007,1090528,1090745,father
7007,1090528,1090854,father
7007,1090529,1090745,mother
7007,1090529,1090854,mother
7007,1090530,1090746,father
7007,1090530,1090855,father
7007,1090531,1090746,mother
7007,1090531,1090855,mother
7007,1090532,1090747,father
7007,1090532,1090856,father
7007,1090533,1090747,mother
7007,1090533,1090856,mother
7007,1090534,1090748,father
7007,1090534,1090857,father
7007,1090535,1090748,mother
7007,1090535,1090857,mother
7007,1090536,1090749,father
7007,1090536,1090858,father
7007,1090537,1090749,mother
7007,1090537,1090858,mother
7007,1090538,1090750,father
7007,1090538,1090859,father
7007,1090539,1090750,mother
7007,1090539,1090859,mother
7007,1090540,1090751,father
7007,1090540,1090860,father
7007,1090541,1090751,mother
7007,1090541,1090860,mother
7007,1090542,1090752,father
7007,1090542,1090861,father
7007,1090543,1090752,mother
7007,1090543,1090861,mother
7007,1090544,1090753,father
7007,1090544,1090862,father
7007,1090545,1090753,mother
7007,1090545,1090862,mother
7007,1090546,1090754,father
7007,1090546,1090863,father
7007,1090547,1090754,mother
7007,1090547,1090863,mother
7007,1090548,1090755,father
7007,1090548,1090864,father
7007,1090549,1090755,mother
7007,1090549,1090864,mother
7007,1090550,1090756,father
7007,1090550,1090865,father
7007,1090551,1090756,mother
7007,1090551,1090865,mother
7007,1090552,1090757,father
7007,1090552,1090866,father
7007,1090553,1090757,mother
7007,1090553,1090866,mother
7007,1090554,1090758,father
7007,1090554,1090867,father
7007,1090555,1090758,mother
7007,1090555,1090867,mother
7007,1090556,1090759,father
7007,1090556,1090868,father
7007,1090557,1090759,mother
7007,1090557,1090868,mother
7007,1090558,1090760,father
7007,1090558,1090869,father
7007,1090559,1090760,mother
7007,1090559,1090869,mother
7007,1090560,1090761,father
7007,1090560,1090870,father
7007,1090561,1090761,mother
7007,1090561,1090870,mother
7007,1090562,1090762,father
7007,1090562,1090871,father
7007,1090563,1090762,mother
7007,1090563,1090871,mother
7007,1090564,1090763,father
7007,1090564,1090872,father
7007,1090565,1090763,mother
7007,1090565,1090872,mother
7007,1090566,1090764,father
7007,1090566,1090873,father
7007,1090567,1090764,mother
7007,1090567,1090873,mother
7007,1090568,1090765,father
7007,1090568,1090874,father
7007,1090569,1090765,mother
7007,1090569,1090874,mother
7007,1090570,1090766,father
7007,1090570,1090875,father
7007,1090571,1090766,mother
7007,1090571,1090875,mother
7007,1090572,1090767,father
7007,1090572,1090876,father
7007,1090573,1090767,mother
7007,1090573,1090876,mother
7007,1090574,1090768,father
7007,1090574,1090877,father
7007,1090575,1090768,mother
7007,1090575,1090877,mother
7007,1090576,1090769,father
7007,1090576,1090878,father
7007,1090577,1090769,mother
7007,1090577,1090878,mother
7007,1090578,1090770,father
7007,1090578,1090879,father
7007,1090579,1090770,mother
7007,1090579,1090879,mother
7007,1090580,1090771,father
7007,1090580,1090880,father
7007,1090581,1090771,mother
7007,1090581,1090880,mother
7007,1090582,1090772,father
7007,1090582,1090881,father
7007,1090583,1090772,mother
7007,1090583,1090881,mother
7007,1090584,1090773,father
7007,1090584,1090882,father
7007,1090585,1090773,mother
7007,1090585,1090882,mother
7007,1090586,1090774,father
7007,1090586,1090883,father
7007,1090587,1090774,mother
7007,1090587,1090883,mother
7007,1090588,1090775,father
7007,1090588,1090884,father
7007,1090589,1090775,mother
7007,1090589,1090884,mother
7007,1090590,1090776,father
7007,1090590,1090885,father
7007,1090591,1090776,mother
7007,1090591,1090885,mother
7007,1090592,1090777,father
7007,1090592,1090886,father
7007,1090593,1090777,mother
7007,1090593,1090886,mother
7007,1090594,1090778,father
7007,1090594,1090887,father
7007,1090595,1090778,mother
7007,1090595,1090887,mother
7007,1090596,1090779,father
7007,1090596,1090888,father
7007,1090597,1090779,mother
7007,1090597,1090888,mother
7007,1090598,1090780,father
7007,1090598,1090889,father
7007,1090599,1090780,mother
7007,1090599,1090889,mother
7007,1090600,1090781,father
7007,1090600,1090890,father
7007,1090601,1090781,mother
7007,1090601,1090890,mother
7007,1090602,1090782,father
7007,1090602,1090891,father
7007,1090603,1090782,mother
7007,1090603,1090891,mother
7007,1090604,1090783,father
7007,1090604,1090892,father
7007,1090605,1090783,mother
7007,1090605,1090892,mother
7007,1090606,1090784,father
7007,1090606,1090893,father
7007,1090607,1090784,mother
7007,1090607,1090893,mother
7007,1090608,1090785,father
7007,1090608,1090894,father
7007,1090609,1090785,mother
7007,1090609,1090894,mother
7007,1090610,1090786,father
7007,1090610,1090895,father
7007,1090611,1090786,mother
7007,1090611,1090895,mother
7007,1090612,1090787,father
7007,1090612,1090896,father
7007,1090613,1090787,mother
7007,1090613,1090896,mother
7007,1090614,1090788,father
7007,1090614,1090897,father
7007,1090615,1090788,mother
7007,1090615,1090897,mother
7007,1090616,1090789,father
7007,1090616,1090898,father
7007,1090617,1090789,mother
7007,1090617,1090898,mother
7007,1090618,1090790,father
7007,1090618,1090899,father
7007,1090619,1090790,mother
7007,1090619,1090899,mother
7007,1090620,1090791,father
7007,1090620,1090900,father
7007,1090621,1090791,mother
7007,1090621,1090900,mother
7007,1090622,1090792,father
7007,1090622,1090901,father
7007,1090623,1090792,mother
7007,1090623,1090901,mother
7007,1090624,1090793,father
7007,1090624,1090902,father
7007,1090625,1090793,mother
7007,1090625,1090902,mother
7007,1090626,1090794,father
7007,1090626,1090903,father
7007,1090627,1090794,mother
7007,1090627,1090903,mother
7007,1090628,1090795,father
7007,1090628,1090904,father
7007,1090629,1090795,mother
7007,1090629,1090904,mother
7007,1090630,1090796,father
7007,1090630,1090905,father
7007,1090631,1090796,mother
7007,1090631,1090905,mother
7007,1090632,1090797,father
7007,1090632,1090906,father
7007,1090633,1090797,mother
7007,1090633,1090906,mother
7007,1090634,1090798,father
7007,1090634,1090907,father
7007,1090635,1090798,mother
7007,1090635,1090907,mother
7007,1090636,1090799,father
7007,1090636,1090908,father
7007,1090637,1090799,mother
7007,1090637,1090908,mother
7007,1090638,1090800,father
7007,1090638,1090909,father
7007,1090639,1090800,mother
7007,1090639,1090909,mother
7007,1090640,1090801,father
7007,1090640,1090910,father
7007,1090641,1090801,mother
7007,1090641,1090910,mother
7007,1090642,1090802,father
7007,1090642,1090911,father
7007,1090643,1090802,mother
7007,1090643,1090911,mother
7007,1090644,1090803,father
7007,1090644,1090912,father
7007,1090645,1090803,mother
7007,1090645,1090912,mother
7007,1090646,1090804,father
7007,1090646,1090913,father
7007,1090647,1090804,mother
7007,1090647,1090913,mother
7007,1090648,1090805,father
7007,1090648,1090914,father
7007,1090649,1090805,mother
7007,1090649,1090914,mother
7007,1090650,1090806,father
7007,1090650,1090915,father
7007,1090651,1090806,mother
7007,1090651,1090915,mother
7007,1090652,1090807,father
7007,1090652,1090916,father
7007,1090653,1090807,mother
7007,1090653,1090916,mother
7007,1090654,1090808,father
7007,1090654,1090917,father
7007,1090655,1090808,mother
7007,1090655,1090917,mother
7007,1090656,1090809,father
7007,1090656,1090918,father
7007,1090657,1090809,mother
7007,1090657,1090918,mother
7007,1090658,1090810,father
7007,1090658,1090919,father
7007,1090659,1090810,mother
7007,1090659,1090919,mother
7007,1090660,1090811,father
7007,1090660,1090920,father
7007,1090661,1090811,mother
7007,1090661,1090920,mother
7007,1090662,1090812,father
7007,1090662,1090921,father
7007,1090663,1090812,mother
7007,1090663,1090921,mother
7007,1090664,1090813,father
7007,1090664,1090922,father
7007,1090665,1090813,mother
7007,1090665,1090922,mother
7007,1090666,1090814,father
7007,1090666,1090923,father
7007,1090667,1090814,mother
7007,1090667,1090923,mother
7007,1090668,1090815,father
7007,1090668,1090924,father
7007,1090669,1090815,mother
7007,1090669,1090924,mother
7007,1090670,1090816,father
7007,1090670,1090925,father
7007,1090671,1090816,mother
7007,1090671,1090925,mother
7007,1090672,1090817,father
7007,1090672,1090926,father
7007,1090673,1090817,mother
7007,1090673,1090926,mother
7007,1090674,1090818,father
7007,1090674,1090927,father
7007,1090675,1090818,mother
7007,1090675,1090927,mother
7007,1090676,1090819,father
7007,1090676,1090928,father
7007,1090677,1090819,mother
7007,1090677,1090928,mother
7007,1090678,1090820,father
7007,1090678,1090929,father
7007,1090679,1090820,mother
7007,1090679,1090929,mother
7007,1090680,1090821,father
7007,1090680,1090930,father
7007,1090681,1090821,mother
7007,1090681,1090930,mother
7007,1090682,1090822,father
7007,1090682,1090931,father
7007,1090683,1090822,mother
7007,1090683,1090931,mother
7007,1090684,1090823,father
7007,1090684,1090932,father
7007,1090685,1090823,mother
7007,1090685,1090932,mother
7007,1090686,1090824,father
7007,1090686,1090933,father
7007,1090687,1090824,mother
7007,1090687,1090933,mother
7007,1090688,1090825,father
7007,1090688,1090934,father
7007,1090689,1090825,mother
7007,1090689,1090934,mother
7007,1090690,1090826,father
7007,1090690,1090935,father
7007,1090691,1090826,mother
7007,1090691,1090935,mother
7007,1090692,1090827,father
7007,1090692,1090936,father
7007,1090693,1090827,mother
7007,1090693,1090936,mother
7007,1090694,1090828,father
7007,1090694,1090937,father
7007,1090695,1090828,mother
7007,1090695,1090937,mother
7007,1090696,1090829,father
7007,1090696,1090938,father
7007,1090697,1090829,mother
7007,1090697,1090938,mother
7007,1090698,1090830,father
7007,1090698,1090939,father
7007,1090699,1090830,mother
7007,1090699,1090939,mother
7007,1090700,1090831,father
7007,1090700,1090940,father
7007,1090701,1090831,mother
7007,1090701,1090940,mother
7007,1090702,1090832,father
7007,1090702,1090941,father
7007,1090703,1090832,mother
7007,1090703,1090941,mother
7007,1090704,1090833,father
7007,1090704,1090942,father
7007,1090705,1090833,mother
7007,1090705,1090942,mother
7007,1090706,1090834,father
7007,1090706,1090943,father
7007,1090707,1090834,mother
7007,1090707,1090943,mother
7007,1090708,1090835,father
7007,1090708,1090944,father
7007,1090709,1090835,mother
7007,1090709,1090944,mother
7007,1090710,1090836,father
7007,1090710,1090945,father
7007,1090711,1090836,mother
7007,1090711,1090945,mother
7007,1090712,1090837,father
7007,1090712,1090946,father
7007,1090713,1090837,mother
7007,1090713,1090946,mother
7007,1090714,1090838,father
7007,1090714,1090947,father
7007,1090715,1090838,mother
7007,1090715,1090947,mother
7007,1090716,1090839,father
7007,1090716,1090948,father
7007,1090717,1090839,mother
7007,1090717,1090948,mother
7007,1090718,1090840,father
7007,1090718,1090949,father
7007,1090719,1090840,mother
7007,1090719,1090949,mother
7007,1090720,1090841,father
7007,1090720,1090950,father
7007,1090721,1090841,mother
7007,1090721,1090950,mother
7007,1090722,1090842,father
7007,1090722,1090951,father
7007,1090723,1090842,mother
7007,1090723,1090951,mother
7007,1090724,1090843,father
7007,1090724,1090952,father
7007,1090725,1090843,mother
7007,1090725,1090952,mother
7007,1090726,1090844,father
7007,1090726,1090953,father
7007,1090727,1090844,mother
7007,1090727,1090953,mother
7007,1090728,1090845,father
7007,1090728,1090954,father
7007,1090729,1090845,mother
7007,1090729,1090954,mother
7007,1090730,1090846,father
7007,1090730,1090955,father
7007,1090731,1090846,mother
7007,1090731,1090955,mother
7007,1090732,1090847,father
7007,1090732,1090956,father
7007,1090733,1090847,mother
7007,1090733,1090956,mother
7007,1090734,1090848,father
7007,1090734,1090957,father
7007,1090735,1090848,mother
7007,1090735,1090957,mother
7007,1090736,1090849,father
7007,1090736,1090958,father
7007,1090737,1090849,mother
7007,1090737,1090958,mother
7007,1090738,1090850,father
7007,1090738,1090959,father
7007,1090739,1090850,mother
7007,1090739,1090959,mother
7007,1090740,1090851,father
7007,1090740,1090960,father
7007,1090741,1090851,mother
7007,1090741,1090960,mother
7007,1090742,1090852,father
7007,1090742,1090961,father
7007,1090743,1090852,mother
7007,1090743,1090961,mother
7007,1090744,1090962,father
7007,1090744,1091071,father
7007,1090745,1090962,mother
7007,1090745,1091071,mother
7007,1090746,1090963,father
7007,1090746,1091072,father
7007,1090747,1090963,mother
7007,1090747,1091072,mother
7007,1090748,1090964,father
7007,1090748,1091073,father
7007,1090749,1090964,mother
7007,1090749,1091073,mother
7007,1090750,1090965,father
7007,1090750,1091074,father
7007,1090751,1090965,mother
7007,1090751,1091074,mother
7007,1090752,1090966,father
7007,1090752,1091075,father
7007,1090753,1090966,mother
7007,1090753,1091075,mother
7007,1090754,1090967,father
7007,1090754,1091076,father
7007,1090755,1090967,mother
7007,1090755,1091076,mother
7007,1090756,1090968,father
7007,1090756,1091077,father
7007,1090757,1090968,mother
7007,1090757,1091077,mother
7007,1090758,1090969,father
7007,1090758,1091078,father
7007,1090759,1090969,mother
7007,1090759,1091078,mother
7007,1090760,1090970,father
7007,1090760,1091079,father
7007,1090761,1090970,mother
7007,1090761,1091079,mother
7007,1090762,1090971,father
7007,1090762,1091080,father
7007,1090763,1090971,mother
7007,1090763,1091080,mother
7007,1090764,1090972,father
7007,1090764,1091081,father
7007,1090765,1090972,mother
7007,1090765,1091081,mother
7007,1090766,1090973,father
7007,1090766,1091082,father
7007,1090767,1090973,mother
7007,1090767,1091082,mother
7007,1090768,1090974,father
7007,1090768,1091083,father
7007,1090769,1090974,mother
7007,1090769,1091083,mother
7007,1090770,1090975,father
7007,1090770,1091084,father
7007,1090771,1090975,mother
7007,1090771,1091084,mother
7007,1090772,1090976,father
7007,1090772,1091085,father
7007,1090773,1090976,mother
7007,1090773,1091085,mother
7007,1090774,1090977,father
7007,1090774,1091086,father
7007,1090775,1090977,mother
7007,1090775,1091086,mother
7007,1090776,1090978,father
7007,1090776,1091087,father
7007,1090777,1090978,mother
7007,1090777,1091087,mother
7007,1090778,1090979,father
7007,1090778,1091088,father
7007,1090779,1090979,mother
7007,1090779,1091088,mother
7007,1090780,1090980,father
7007,1090780,1091089,father
7007,1090781,1090980,mother
7007,1090781,1091089,mother
7007,1090782,1090981,father
7007,1090782,1091090,father
7007,1090783,1090981,mother
7007,1090783,1091090,mother
7007,1090784,1090982,father
7007,1090784,1091091,father
7007,1090785,1090982,mother
7007,1090785,1091091,mother
7007,1090786,1090983,father
7007,1090786,1091092,father
7007,1090787,1090983,mother
7007,1090787,1091092,mother
7007,1090788,1090984,father
7007,1090788,1091093,father
7007,1090789,1090984,mother
7007,1090789,1091093,mother
7007,1090790,1090985,father
7007,1090790,1091094,father
7007,1090791,1090985,mother
7007,1090791,1091094,mother
7007,1090792,1090986,father
7007,1090792,1091095,father
7007,1090793,1090986,mother
7007,1090793,1091095,mother
7007,1090794,1090987,father
7007,1090794,1091096,father
7007,1090795,1090987,mother
7007,1090795,1091096,mother
7007,1090796,1090988,father
7007,1090796,1091097,father
7007,1090797,1090988,mother
7007,1090797,1091097,mother
7007,1090798,1090989,father
7007,1090798,1091098,father
7007,1090799,1090989,mother
7007,1090799,1091098,mother
7007,1090800,1090990,father
7007,1090800,1091099,father
7007,1090801,1090990,mother
7007,1090801,1091099,mother
7007,1090802,1090991,father
7007,1090802,1091100,father
7007,1090803,1090991,mother
7007,1090803,1091100,mother
7007,1090804,1090992,father
7007,1090804,1091101,father
7007,1090805,1090992,mother
7007,1090805,1091101,mother
7007,1090806,1090993,father
7007,1090806,1091102,father
7007,1090807,1090993,mother
7007,1090807,1091102,mother
7007,1090808,1090994,father
7007,1090808,1091103,father
7007,1090809,1090994,mother
7007,1090809,1091103,mother
7007,1090810,1090995,father
7007,1090810,1091104,father
7007,1090811,1090995,mother
7007,1090811,1091104,mother
7007,1090812,1090996,father
7007,1090812,1091105,father
7007,1090813,1090996,mother
7007,1090813,1091105,mother
7007,1090814,1090997,father
7007,1090814,1091106,father
7007,1090815,1090997,mother
7007,1090815,1091106,mother
7007,1090816,1090998,father
7007,1090816,1091107,father
7007,1090817,1090998,mother
7007,1090817,1091107,mother
7007,1090818,1090999,father
7007,1090818,1091108,father
7007,1090819,1090999,mother
7007,1090819,1091108,mother
7007,1090820,1091000,father
7007,1090820,1091109,father
7007,1090821,1091000,mother
7007,1090821,1091109,mother
7007,1090822,1091001,father
7007,1090822,1091110,father
7007,1090823,1091001,mother
7007,1090823,1091110,mother
7007,1090824,1091002,father
7007,1090824,1091111,father
7007,1090825,1091002,mother
7007,1090825,1091111,mother
7007,1090826,1091003,father
7007,1090826,1091112,father
7007,1090827,1091003,mother
7007,1090827,1091112,mother
7007,1090828,1091004,father
7007,1090828,1091113,father
7007,1090829,1091004,mother
7007,1090829,1091113,mother
7007,1090830,1091005,father
7007,1090830,1091114,father
7007,1090831,1091005,mother
7007,1090831,1091114,mother
7007,1090832,1091006,father
7007,1090832,1091115,father
7007,1090833,1091006,mother
7007,1090833,1091115,mother
7007,1090834,1091007,father
7007,1090834,1091116,father
7007,1090835,1091007,mother
7007,1090835,1091116,mother
7007,1090836,1091008,father
7007,1090836,1091117,father
7007,1090837,1091008,mother
7007,1090837,1091117,mother
7007,1090838,1091009,father
7007,1090838,1091118,father
7007,1090839,1091009,mother
7007,1090839,1091118,mother
7007,1090840,1091010,father
7007,1090840,1091119,father
7007,1090841,1091010,mother
7007,1090841,1091119,mother
7007,1090842,1091011,father
7007,1090842,1091120,father
7007,1090843,1091011,mother
7007,1090843,1091120,mother
7007,1090844,1091012,father
7007,1090844,1091121,father
7007,1090845,1091012,mother
7007,1090845,1091121,mother
7007,1090846,1091013,father
7007,1090846,1091122,father
7007,1090847,1091013,mother
7007,1090847,1091122,mother
7007,1090848,1091014,father
7007,1090848,1091123,father
7007,1090849,1091014,mother
7007,1090849,1091123,mother
7007,1090850,1091015,father
7007,1090850,1091124,father
7007,1090851,1091015,mother
7007,1090851,1091124,mother
7007,1090852,1091016,father
7007,1090852,1091125,father
7007,1090853,1091016,mother
7007,1090853,1091125,mother
7007,1090854,1091017,father
7007,1090854,1091126,father
7007,1090855,1091017,mother
7007,1090855,1091126,mother
7007,1090856,1091018,father
7007,1090856,1091127,father
7007,1090857,1091018,mother
7007,1090857,1091127,mother
7007,1090858,1091019,father
7007,1090858,1091128,father
7007,1090859,1091019,mother
7007,1090859,1091128,mother
7007,1090860,1091020,father
7007,1090860,1091129,father
7007,1090861,1091020,mother
7007,1090861,1091129,mother
7007,1090862,1091021,father
7007,1090862,1091130,father
7007,1090863,1091021,mother
7007,1090863,1091130,mother
7007,1090864,1091022,father
7007,1090864,1091131,father
7007,1090865,1091022,mother
7007,1090865,1091131,mother
7007,1090866,1091023,father
7007,1090866,1091132,father
7007,1090867,1091023,mother
7007,1090867,1091132,mother
7007,1090868,1091024,father
7007,1090868,1091133,father
7007,1090869,1091024,mother
7007,1090869,1091133,mother
7007,1090870,1091025,father
7007,1090870,1091134,father
7007,1090871,1091025,mother
7007,1090871,1091134,mother
7007,1090872,1091026,father
7007,1090872,1091135,father
7007,1090873,1091026,mother
7007,1090873,1091135,mother
7007,1090874,1091027,father
7007,1090874,1091136,father
7007,1090875,1091027,mother
7007,1090875,1091136,mother
7007,1090876,1091028,father
7007,1090876,1091137,father
7007,1090877,1091028,mother
7007,1090877,1091137,mother
7007,1090878,1091029,father
7007,1090878,1091138,father
7007,1090879,1091029,mother
7007,1090879,1091138,mother
7007,1090880,1091030,father
7007,1090880,1091139,father
7007,1090881,1091030,mother
7007,1090881,1091139,mother
7007,1090882,1091031,father
7007,1090882,1091140,father
7007,1090883,1091031,mother
7007,1090883,1091140,mother
7007,1090884,1091032,father
7007,1090884,1091141,father
7007,1090885,1091032,mother
7007,1090885,1091141,mother
7007,1090886,1091033,father
7007,1090886,1091142,father
7007,1090887,1091033,mother
7007,1090887,1091142,mother
7007,1090888,1091034,father
7007,1090888,1091143,father
7007,1090889,1091034,mother
7007,1090889,1091143,mother
7007,1090890,1091035,father
7007,1090890,1091144,father
7007,1090891,1091035,mother
7007,1090891,1091144,mother
7007,1090892,1091036,father
7007,1090892,1091145,father
7007,1090893,1091036,mother
7007,1090893,1091145,mother
7007,1090894,1091037,father
7007,1090894,1091146,father
7007,1090895,1091037,mother
7007,1090895,1091146,mother
7007,1090896,1091038,father
7007,1090896,1091147,father
7007,1090897,1091038,mother
7007,1090897,1091147,mother
7007,1090898,1091039,father
7007,1090898,1091148,father
7007,1090899,1091039,mother
7007,1090899,1091148,mother
7007,1090900,1091040,father
7007,1090900,1091149,father
7007,1090901,1091040,mother
7007,1090901,1091149,mother
7007,1090902,1091041,father
7007,1090902,1091150,father
7007,1090903,1091041,mother
7007,1090903,1091150,mother
7007,1090904,1091042,father
7007,1090904,1091151,father
7007,1090905,1091042,mother
7007,1090905,1091151,mother
7007,1090906,1091043,father
7007,1090906,1091152,father
7007,1090907,1091043,mother
7007,1090907,1091152,mother
7007,1090908,1091044,father
7007,1090908,1091153,father
7007,1090909,1091044,mother
7007,1090909,1091153,mother
7007,1090910,1091045,father
7007,1090910,1091154,father
7007,1090911,1091045,mother
7007,1090911,1091154,mother
7007,1090912,1091046,father
7007,1090912,1091155,father
7007,1090913,1091046,mother
7007,1090913,1091155,mother
7007,1090914,1091047,father
7007,1090914,1091156,father
7007,1090915,1091047,mother
7007,1090915,1091156,mother
7007,1090916,1091048,father
7007,1090916,1091157,father
7007,1090917,1091048,mother
7007,1090917,1091157,mother
7007,1090918,1091049,father
7007,1090918,1091158,father
7007,1090919,1091049,mother
7007,1090919,1091158,mother
7007,1090920,1091050,father
7007,1090920,1091159,father
7007,1090921,1091050,mother
7007,1090921,1091159,mother
7007,1090922,1091051,father
7007,1090922,1091160,father
7007,1090923,1091051,mother
7007,1090923,1091160,mother
7007,1090924,1091052,father
7007,1090924,1091161,father
7007,1090925,1091052,mother
7007,1090925,1091161,mother
7007,1090926,1091053,father
7007,1090926,1091162,father
7007,1090927,1091053,mother
7007,1090927,1091162,mother
7007,1090928,1091054,father
7007,1090928,1091163,father
7007,1090929,1091054,mother
7007,1090929,1091163,mother
7007,1090930,1091055,father
7007,1090930,1091164,father
7007,1090931,1091055,mother
7007,1090931,1091164,mother
7007,1090932,1091056,father
7007,1090932,1091165,father
7007,1090933,1091056,mother
7007,1090933,1091165,mother
7007,1090934,1091057,father
7007,1090935,1091057,mother
7007,1090936,1091058,father
7007,1090937,1091058,mother
7007,1090938,1091059,father
7007,1090939,1091059,mother
7007,1090940,1091060,father
7007,1090941,1091060,mother
7007,1090942,1091061,father
7007,1090943,1091061,mother
7007,1090944,1091062,father
7007,1090945,1091062,mother
7007,1090946,1091063,father
7007,1090947,1091063,mother
7007,1090948,1091064,father
7007,1090949,1091064,mother
7007,1090950,1091065,father
7007,1090951,1091065,mother
7007,1090952,1091066,father
7007,1090953,1091066,mother
7007,1090954,1091067,father
7007,1090955,1091067,mother
7007,1090956,1091068,father
7007,1090957,1091068,mother
7007,1090958,1091069,father
7007,1090959,1091069,mother
7007,1090960,1091070,father
7007,1090961,1091070,mother
7007,1090962,1091166,father
7007,1090962,1091268,father
7007,1090963,1091166,mother
7007,1090963,1091268,mother
7007,1090964,1091167,father
7007,1090964,1091269,father
7007,1090965,1091167,mother
7007,1090965,1091269,mother
7007,1090966,1091168,father
7007,1090966,1091270,father
7007,1090967,1091168,mother
7007,1090967,1091270,mother
7007,1090968,1091169,father
7007,1090968,1091271,father
7007,1090969,1091169,mother
7007,1090969,1091271,mother
7007,1090970,1091170,father
7007,1090970,1091272,father
7007,1090971,1091170,mother
7007,1090971,1091272,mother
7007,1090972,1091171,father
7007,1090972,1091273,father
7007,1090973,1091171,mother
7007,1090973,1091273,mother
7007,1090974,1091172,father
7007,1090974,1091274,father
7007,1090975,1091172,mother
7007,1090975,1091274,mother
7007,1090976,1091173,father
7007,1090976,1091275,father
7007,1090977,1091173,mother
7007,1090977,1091275,mother
7007,1090978,1091174,father
7007,1090978,1091276,father
7007,1090979,1091174,mother
7007,1090979,1091276,mother
7007,1090980,1091175,father
7007,1090980,1091277,father
7007,1090981,1091175,mother
7007,1090981,1091277,mother
7007,1090982,1091176,father
7007,1090982,1091278,father
7007,1090983,1091176,mother
7007,1090983,1091278,mother
7007,1090984,1091177,father
7007,1090984,1091279,father
7007,1090985,1091177,mother
7007,1090985,1091279,mother
7007,1090986,1091178,father
7007,1090986,1091280,father
7007,1090987,1091178,mother
7007,1090987,1091280,mother
7007,1090988,1091179,father
7007,1090988,1091281,father
7007,1090989,1091179,mother
7007,1090989,1091281,mother
7007,1090990,1091180,father
7007,1090990,1091282,father
7007,1090991,1091180,mother
7007,1090991,1091282,mother
7007,1090992,1091181,father
7007,1090992,1091283,father
7007,1090993,1091181,mother
7007,1090993,1091283,mother
7007,1090994,1091182,father
7007,1090994,1091284,father
7007,1090995,1091182,mother
7007,1090995,1091284,mother
7007,1090996,1091183,father
7007,1090996,1091285,father
7007,1090997,1091183,mother
7007,1090997,1091285,mother
7007,1090998,1091184,father
7007,1090998,1091286,father
7007,1090999,1091184,mother
7007,1090999,1091286,mother
7007,1091000,1091185,father
7007,1091000,1091287,father
7007,1091001,1091185,mother
7007,1091001,1091287,mother
7007,1091002,1091186,father
7007,1091002,1091288,father
7007,1091003,1091186,mother
7007,1091003,1091288,mother
7007,1091004,1091187,father
7007,1091004,1091289,father
7007,1091005,1091187,mother
7007,1091005,1091289,mother
7007,1091006,1091188,father
7007,1091006,1091290,father
7007,1091007,1091188,mother
7007,1091007,1091290,mother
7007,1091008,1091189,father
7007,1091008,1091291,father
7007,1091009,1091189,mother
7007,1091009,1091291,mother
7007,1091010,1091190,father
7007,1091010,1091292,father
7007,1091011,1091190,mother
7007,1091011,1091292,mother
7007,1091012,1091191,father
7007,1091012,1091293,father
7007,1091013,1091191,mother
7007,1091013,1091293,mother
7007,1091014,1091192,father
7007,1091014,1091294,father
7007,1091015,1091192,mother
7007,1091015,1091294,mother
7007,1091016,1091193,father
7007,1091016,1091295,father
7007,1091017,1091193,mother
7007,1091017,1091295,mother
7007,1091018,1091194,father
7007,1091018,1091296,father
7007,1091019,1091194,mother
7007,1091019,1091296,mother
7007,1091020,1091195,father
7007,1091020,1091297,father
7007,1091021,1091195,mother
7007,1091021,1091297,mother
7007,1091022,1091196,father
7007,1091022,1091298,father
7007,1091023,1091196,mother
7007,1091023,1091298,mother
7007,1091024,1091197,father
7007,1091024,1091299,father
7007,1091025,1091197,mother
7007,1091025,1091299,mother
7007,1091026,1091198,father
7007,1091026,1091300,father
7007,1091027,1091198,mother
7007,1091027,1091300,mother
7007,1091028,1091199,father
7007,1091028,1091301,father
7007,1091029,1091199,mother
7007,1091029,1091301,mother
7007,1091030,1091200,father
7007,1091030,1091302,father
7007,1091031,1091200,mother
7007,1091031,1091302,mother
7007,1091032,1091201,father
7007,1091032,1091303,father
7007,1091033,1091201,mother
7007,1091033,1091303,mother
7007,1091034,1091202,father
7007,1091034,1091304,father
7007,1091035,1091202,mother
7007,1091035,1091304,mother
7007,1091036,1091203,father
7007,1091036,1091305,father
7007,1091037,1091203,mother
7007,1091037,1091305,mother
7007,1091038,1091204,father
7007,1091038,1091306,father
7007,1091039,1091204,mother
7007,1091039,1091306,mother
7007,1091040,1091205,father
7007,1091040,1091307,father
7007,1091041,1091205,mother
7007,1091041,1091307,mother
7007,1091042,1091206,father
7007,1091042,1091308,father
7007,1091043,1091206,mother
7007,1091043,1091308,mother
7007,1091044,1091207,father
7007,1091044,1091309,father
7007,1091045,1091207,mother
7007,1091045,1091309,mother
7007,1091046,1091208,father
7007,1091046,1091310,father
7007,1091047,1091208,mother
7007,1091047,1091310,mother
7007,1091048,1091209,father
7007,1091048,1091311,father
7007,1091049,1091209,mother
7007,1091049,1091311,mother
7007,1091050,1091210,father
7007,1091050,1091312,father
7007,1091051,1091210,mother
7007,1091051,1091312,mother
7007,1091052,1091211,father
7007,1091052,1091313,father
7007,1091053,1091211,mother
7007,1091053,1091313,mother
7007,1091054,1091212,father
7007,1091054,1091314,father
7007,1091055,1091212,mother
7007,1091055,1091314,mother
7007,1091056,1091213,father
7007,1091056,1091315,father
7007,1091057,1091213,mother
7007,1091057,1091315,mother
7007,1091058,1091214,father
7007,1091058,1091316,father
7007,1091059,1091214,mother
7007,1091059,1091316,mother
7007,1091060,1091215,father
7007,1091060,1091317,father
7007,1091061,1091215,mother
7007,1091061,1091317,mother
7007,1091062,1091216,father
7007,1091062,1091318,father
7007,1091063,1091216,mother
7007,1091063,1091318,mother
7007,1091064,1091217,father
7007,1091064,1091319,father
7007,1091065,1091217,mother
7007,1091065,1091319,mother
7007,1091066,1091218,father
7007,1091066,1091320,father
7007,1091067,1091218,mother
7007,1091067,1091320,mother
7007,1091068,1091219,father
7007,1091068,1091321,father
7007,1091069,1091219,mother
7007,1091069,1091321,mother
7007,1091070,1091220,father
7007,1091070,1091322,father
7007,1091071,1091220,mother
7007,1091071,1091322,mother
7007,1091072,1091221,father
7007,1091072,1091323,father
7007,1091073,1091221,mother
7007,1091073,1091323,mother
7007,1091074,1091222,father
7007,1091074,1091324,father
7007,1091075,1091222,mother
7007,1091075,1091324,mother
7007,1091076,1091223,father
7007,1091076,1091325,father
7007,1091077,1091223,mother
7007,1091077,1091325,mother
7007,1091078,1091224,father
7007,1091078,1091326,father
7007,1091079,1091224,mother
7007,1091079,1091326,mother
7007,1091080,1091225,father
7007,1091080,1091327,father
7007,1091081,1091225,mother
7007,1091081,1091327,mother
7007,1091082,1091226,father
7007,1091082,1091328,father
7007,1091083,1091226,mother
7007,1091083,1091328,mother
7007,1091084,1091227,father
7007,1091084,1091329,father
7007,1091085,1091227,mother
7007,1091085,1091329,mother
7007,1091086,1091228,father
7007,1091086,1091330,father
7007,1091087,1091228,mother
7007,1091087,1091330,mother
7007,1091088,1091229,father
7007,1091088,1091331,father
7007,1091089,1091229,mother
7007,1091089,1091331,mother
7007,1091090,1091230,father
7007,1091090,1091332,father
7007,1091091,1091230,mother
7007,1091091,1091332,mother
7007,1091092,1091231,father
7007,1091092,1091333,father
7007,1091093,1091231,mother
7007,1091093,1091333,mother
7007,1091094,1091232,father
7007,1091094,1091334,father
7007,1091095,1091232,mother
7007,1091095,1091334,mother
7007,1091096,1091233,father
7007,1091096,1091335,father
7007,1091097,1091233,mother
7007,1091097,1091335,mother
7007,1091098,1091234,father
7007,1091098,1091336,father
7007,1091099,1091234,mother
7007,1091099,1091336,mother
7007,1091100,1091235,father
7007,1091100,1091337,father
7007,1091101,1091235,mother
7007,1091101,1091337,mother
7007,1091102,1091236,father
7007,1091102,1091338,father
7007,1091103,1091236,mother
7007,1091103,1091338,mother
7007,1091104,1091237,father
7007,1091104,1091339,father
7007,1091105,1091237,mother
7007,1091105,1091339,mother
7007,1091106,1091238,father
7007,1091106,1091340,father
7007,1091107,1091238,mother
7007,1091107,1091340,mother
7007,1091108,1091239,father
7007,1091108,1091341,father
7007,1091109,1091239,mother
7007,1091109,1091341,mother
7007,1091110,1091240,father
7007,1091110,1091342,father
7007,1091111,1091240,mother
7007,1091111,1091342,mother
7007,1091112,1091241,father
7007,1091112,1091343,father
7007,1091113,1091241,mother
7007,1091113,1091343,mother
7007,1091114,1091242,father
7007,1091114,1091344,father
7007,1091115,1091242,mother
7007,1091115,1091344,mother
7007,1091116,1091243,father
7007,1091116,1091345,father
7007,1091117,1091243,mother
7007,1091117,1091345,mother
7007,1091118,1091244,father
7007,1091118,1091346,father
7007,1091119,1091244,mother
7007,1091119,1091346,mother
7007,1091120,1091245,father
7007,1091120,1091347,father
7007,1091121,1091245,mother
7007,1091121,1091347,mother
7007,1091122,1091246,father
7007,1091122,1091348,father
7007,1091123,1091246,mother
7007,1091123,1091348,mother
7007,1091124,1091247,father
7007,1091124,1091349,father
7007,1091125,1091247,mother
7007,1091125,1091349,mother
7007,1091126,1091248,father
7007,1091126,1091350,father
7007,1091127,1091248,mother
7007,1091127,1091350,mother
7007,1091128,1091249,father
7007,1091128,1091351,father
7007,1091129,1091249,mother
7007,1091129,1091351,mother
7007,1091130,1091250,father
7007,1091130,1091352,father
7007,1091131,1091250,mother
7007,1091131,1091352,mother
7007,1091132,1091251,father
7007,1091132,1091353,father
7007,1091133,1091251,mother
7007,1091133,1091353,mother
7007,1091134,1091252,father
7007,1091134,1091354,father
7007,1091135,1091252,mother
7007,1091135,1091354,mother
7007,1091136,1091253,father
7007,1091137,1091253,mother
7007,1091138,1091254,father
7007,1091139,1091254,mother
7007,1091140,1091255,father
7007,1091141,1091255,mother
7007,1091142,1091256,father
7007,1091143,1091256,mother
7007,1091144,1091257,father
7007,1091145,1091257,mother
7007,1091146,1091258,father
7007,1091147,1091258,mother
7007,1091148,1091259,father
7007,1091149,1091259,mother
7007,1091150,1091260,father
7007,1091151,1091260,mother
7007,1091152,1091261,father
7007,1091153,1091261,mother
7007,1091154,1091262,father
7007,1091155,1091262,mother
7007,1091156,1091263,father
7007,1091157,1091263,mother
7007,1091158,1091264,father
7007,1091159,1091264,mother
7007,1091160,1091265,father
7007,1091161,1091265,mother
7007,1091162,1091266,father
7007,1091163,1091266,mother
7007,1091164,1091267,father
7007,1091165,1091267,mother
7007,1091166,1091355,father
7007,1091166,1091450,father
7007,1091167,1091355,mother
7007,1091167,1091449,mother
7007,1091168,1091356,father
7007,1091168,1091451,father
7007,1091169,1091356,mother
7007,1091169,1091450,mother
7007,1091170,1091357,father
7007,1091170,1091452,father
7007,1091171,1091357,mother
7007,1091171,1091451,mother
7007,1091172,1091358,father
7007,1091172,1091453,father
7007,1091173,1091358,mother
7007,1091173,1091452,mother
7007,1091174,1091359,father
7007,1091174,1091454,father
7007,1091175,1091359,mother
7007,1091175,1091453,mother
7007,1091176,1091360,father
7007,1091176,1091455,father
7007,1091177,1091360,mother
7007,1091177,1091454,mother
7007,1091178,1091361,father
7007,1091178,1091456,father
7007,1091179,1091361,mother
7007,1091179,1091455,mother
7007,1091180,1091362,father
7007,1091180,1091457,father
7007,1091181,1091362,mother
7007,1091181,1091456,mother
7007,1091182,1091363,father
7007,1091182,1091458,father
7007,1091183,1091363,mother
7007,1091183,1091457,mother
7007,1091184,1091364,father
7007,1091184,1091459,father
7007,1091185,1091364,mother
7007,1091185,1091458,mother
7007,1091186,1091365,father
7007,1091186,1091460,father
7007,1091187,1091365,mother
7007,1091187,1091459,mother
7007,1091188,1091366,father
7007,1091188,1091461,father
7007,1091189,1091366,mother
7007,1091189,1091460,mother
7007,1091190,1091367,father
7007,1091190,1091462,father
7007,1091191,1091367,mother
7007,1091191,1091461,mother
7007,1091192,1091368,father
7007,1091192,1091463,father
7007,1091193,1091368,mother
7007,1091193,1091462,mother
7007,1091194,1091369,father
7007,1091194,1091464,father
7007,1091195,1091369,mother
7007,1091195,1091463,mother
7007,1091196,1091370,father
7007,1091196,1091465,father
7007,1091197,1091370,mother
7007,1091197,1091464,mother
7007,1091198,1091371,father
7007,1091198,1091466,father
7007,1091199,1091371,mother
7007,1091199,1091465,mother
7007,1091200,1091372,father
7007,1091200,1091467,father
7007,1091201,1091372,mother
7007,1091201,1091466,mother
7007,1091202,1091373,father
7007,1091202,1091468,father
7007,1091203,1091373,mother
7007,1091203,1091467,mother
7007,1091204,1091374,father
7007,1091204,1091469,father
7007,1091205,1091374,mother
7007,1091205,1091468,mother
7007,1091206,1091375,father
7007,1091206,1091470,father
7007,1091207,1091375,mother
7007,1091207,1091469,mother
7007,1091208,1091376,father
7007,1091208,1091471,father
7007,1091209,1091376,mother
7007,1091209,1091470,mother
7007,1091210,1091377,father
7007,1091210,1091472,father
7007,1091211,1091377,mother
7007,1091211,1091471,mother
7007,1091212,1091378,father
7007,1091212,1091473,father
7007,1091213,1091378,mother
7007,1091213,1091472,mother
7007,1091214,1091379,father
7007,1091214,1091474,father
7007,1091215,1091379,mother
7007,1091215,1091473,mother
7007,1091216,1091380,father
7007,1091216,1091475,father
7007,1091217,1091380,mother
7007,1091217,1091474,mother
7007,1091218,1091381,father
7007,1091218,1091476,father
7007,1091219,1091381,mother
7007,1091219,1091475,mother
7007,1091220,1091382,father
7007,1091220,1091477,father
7007,1091221,1091382,mother
7007,1091221,1091476,mother
7007,1091222,1091383,father
7007,1091222,1091478,father
7007,1091223,1091383,mother
7007,1091223,1091477,mother
7007,1091224,1091384,father
7007,1091224,1091479,father
7007,1091225,1091384,mother
7007,1091225,1091478,mother
7007,1091226,1091385,father
7007,1091226,1091480,father
7007,1091227,1091385,mother
7007,1091227,1091479,mother
7007,1091228,1091386,father
7007,1091228,1091481,father
7007,1091229,1091386,mother
7007,1091229,1091480,mother
7007,1091230,1091387,father
7007,1091230,1091482,father
7007,1091231,1091387,mother
7007,1091231,1091481,mother
7007,1091232,1091388,father
7007,1091232,1091483,father
7007,1091233,1091388,mother
7007,1091233,1091482,mother
7007,1091234,1091389,father
7007,1091234,1091484,father
7007,1091235,1091389,mother
7007,1091235,1091483,mother
7007,1091236,1091390,father
7007,1091236,1091485,father
7007,1091237,1091390,mother
7007,1091237,1091484,mother
7007,1091238,1091391,father
7007,1091238,1091486,father
7007,1091239,1091391,mother
7007,1091239,1091485,mother
7007,1091240,1091392,father
7007,1091240,1091487,father
7007,1091241,1091392,mother
7007,1091241,1091486,mother
7007,1091242,1091393,father
7007,1091242,1091488,father
7007,1091243,1091393,mother
7007,1091243,1091487,mother
7007,1091244,1091394,father
7007,1091244,1091489,father
7007,1091245,1091394,mother
7007,1091245,1091488,mother
7007,1091246,1091395,father
7007,1091246,1091490,father
7007,1091247,1091395,mother
7007,1091247,1091489,mother
7007,1091248,1091396,father
7007,1091248,1091491,father
7007,1091249,1091396,mother
7007,1091249,1091490,mother
7007,1091250,1091397,father
7007,1091250,1091492,father
7007,1091251,1091397,mother
7007,1091251,1091491,mother
7007,1091252,1091398,father
7007,1091252,1091493,father
7007,1091253,1091398,mother
7007,1091253,1091492,mother
7007,1091254,1091399,father
7007,1091254,1091494,father
7007,1091255,1091399,mother
7007,1091255,1091493,mother
7007,1091256,1091400,father
7007,1091256,1091495,father
7007,1091257,1091400,mother
7007,1091257,1091494,mother
7007,1091258,1091401,father
7007,1091258,1091496,father
7007,1091259,1091401,mother
7007,1091259,1091495,mother
7007,1091260,1091402,father
7007,1091260,1091497,father
7007,1091261,1091402,mother
7007,1091261,1091496,mother
7007,1091262,1091403,father
7007,1091262,1091498,father
7007,1091263,1091403,mother
7007,1091263,1091497,mother
7007,1091264,1091404,father
7007,1091264,1091499,father
7007,1091265,1091404,mother
7007,1091265,1091498,mother
7007,1091266,1091405,father
7007,1091266,1091500,father
7007,1091267,1091405,mother
7007,1091267,1091499,mother
7007,1091268,1091406,father
7007,1091268,1091501,father
7007,1091269,1091406,mother
7007,1091269,1091500,mother
7007,1091270,1091407,father
7007,1091270,1091502,father
7007,1091271,1091407,mother
7007,1091271,1091501,mother
7007,1091272,1091408,father
7007,1091272,1091503,father
7007,1091273,1091408,mother
7007,1091273,1091502,mother
7007,1091274,1091409,father
7007,1091274,1091504,father
7007,1091275,1091409,mother
7007,1091275,1091503,mother
7007,1091276,1091410,father
7007,1091276,1091505,father
7007,1091277,1091410,mother
7007,1091277,1091504,mother
7007,1091278,1091411,father
7007,1091278,1091506,father
7007,1091279,1091411,mother
7007,1091279,1091505,mother
7007,1091280,1091412,father
7007,1091280,1091507,father
7007,1091281,1091412,mother
7007,1091281,1091506,mother
7007,1091282,1091413,father
7007,1091282,1091508,father
7007,1091283,1091413,mother
7007,1091283,1091507,mother
7007,1091284,1091414,father
7007,1091284,1091509,father
7007,1091285,1091414,mother
7007,1091285,1091508,mother
7007,1091286,1091415,father
7007,1091286,1091510,father
7007,1091287,1091415,mother
7007,1091287,1091509,mother
7007,1091288,1091416,father
7007,1091288,1091511,father
7007,1091289,1091416,mother
7007,1091289,1091510,mother
7007,1091290,1091417,father
7007,1091290,1091512,father
7007,1091291,1091417,mother
7007,1091291,1091511,mother
7007,1091292,1091418,father
7007,1091292,1091513,father
7007,1091293,1091418,mother
7007,1091293,1091512,mother
7007,1091294,1091419,father
7007,1091294,1091514,father
7007,1091295,1091419,mother
7007,1091295,1091513,mother
7007,1091296,1091420,father
7007,1091296,1091515,father
7007,1091297,1091420,mother
7007,1091297,1091514,mother
7007,1091298,1091421,father
7007,1091298,1091516,father
7007,1091299,1091421,mother
7007,1091299,1091515,mother
7007,1091300,1091422,father
7007,1091300,1091517,father
7007,1091301,1091422,mother
7007,1091301,1091516,mother
7007,1091302,1091423,father
7007,1091302,1091518,father
7007,1091303,1091423,mother
7007,1091303,1091517,mother
7007,1091304,1091424,father
7007,1091304,1091519,father
7007,1091305,1091424,mother
7007,1091305,1091518,mother
7007,1091306,1091425,father
7007,1091306,1091520,father
7007,1091307,1091425,mother
7007,1091307,1091519,mother
7007,1091308,1091426,father
7007,1091308,1091521,father
7007,1091309,1091426,mother
7007,1091309,1091520,mother
7007,1091310,1091427,father
7007,1091310,1091522,father
7007,1091311,1091427,mother
7007,1091311,1091521,mother
7007,1091312,1091428,father
7007,1091312,1091523,father
7007,1091313,1091428,mother
7007,1091313,1091522,mother
7007,1091314,1091429,father
7007,1091314,1091524,father
7007,1091315,1091429,mother
7007,1091315,1091523,mother
7007,1091316,1091430,father
7007,1091316,1091525,father
7007,1091317,1091430,mother
7007,1091317,1091524,mother
7007,1091318,1091431,father
7007,1091318,1091526,father
7007,1091319,1091431,mother
7007,1091319,1091525,mother
7007,1091320,1091432,father
7007,1091320,1091527,father
7007,1091321,1091432,mother
7007,1091321,1091526,mother
7007,1091322,1091433,father
7007,1091322,1091528,father
7007,1091323,1091433,mother
7007,1091323,1091527,mother
7007,1091324,1091434,father
7007,1091324,1091529,father
7007,1091325,1091434,mother
7007,1091325,1091528,mother
7007,1091326,1091435,father
7007,1091327,1091435,mother
7007,1091327,1091529,mother
7007,1091328,1091436,father
7007,1091329,1091436,mother
7007,1091330,1091437,father
7007,1091331,1091437,mother
7007,1091332,1091438,father
7007,1091333,1091438,mother
7007,1091334,1091439,father
7007,1091335,1091439,mother
7007,1091336,1091440,father
7007,1091337,1091440,mother
7007,1091338,1091441,father
7007,1091339,1091441,mother
7007,1091340,1091442,father
7007,1091341,1091442,mother
7007,1091342,1091443,father
7007,1091343,1091443,mother
7007,1091344,1091444,father
7007,1091345,1091444,mother
7007,1091346,1091445,father
7007,1091347,1091445,mother
7007,1091348,1091446,father
7007,1091349,1091446,mother
7007,1091350,1091447,father
7007,1091351,1091447,mother
7007,1091352,1091448,father
7007,1091353,1091448,mother
7007,1091354,1091449,father
7007,1091355,1091530,father
7007,1091355,1091618,father
7007,1091356,1091530,mother
7007,1091356,1091617,mother
7007,1091357,1091531,father
7007,1091357,1091619,father
7007,1091358,1091531,mother
7007,1091358,1091618,mother
7007,1091359,1091532,father
7007,1091359,1091620,father
7007,1091360,1091532,mother
7007,1091360,1091619,mother
7007,1091361,1091533,father
7007,1091361,1091621,father
7007,1091362,1091533,mother
7007,1091362,1091620,mother
7007,1091363,1091534,father
7007,1091363,1091622,father
7007,1091364,1091534,mother
7007,1091364,1091621,mother
7007,1091365,1091535,father
7007,1091365,1091623,father
7007,1091366,1091535,mother
7007,1091366,1091622,mother
7007,1091367,1091536,father
7007,1091367,1091624,father
7007,1091368,1091536,mother
7007,1091368,1091623,mother
7007,1091369,1091537,father
7007,1091369,1091625,father
7007,1091370,1091537,mother
7007,1091370,1091624,mother
7007,1091371,1091538,father
7007,1091371,1091626,father
7007,1091372,1091538,mother
7007,1091372,1091625,mother
7007,1091373,1091539,father
7007,1091373,1091627,father
7007,1091374,1091539,mother
7007,1091374,1091626,mother
7007,1091375,1091540,father
7007,1091375,1091628,father
7007,1091376,1091540,mother
7007,1091376,1091627,mother
7007,1091377,1091541,father
7007,1091377,1091629,father
7007,1091378,1091541,mother
7007,1091378,1091628,mother
7007,1091379,1091542,father
7007,1091379,1091630,father
7007,1091380,1091542,mother
7007,1091380,1091629,mother
7007,1091381,1091543,father
7007,1091381,1091631,father
7007,1091382,1091543,mother
7007,1091382,1091630,mother
7007,1091383,1091544,father
7007,1091383,1091632,father
7007,1091384,1091544,mother
7007,1091384,1091631,mother
7007,1091385,1091545,father
7007,1091385,1091633,father
7007,1091386,1091545,mother
7007,1091386,1091632,mother
7007,1091387,1091546,father
7007,1091387,1091634,father
7007,1091388,1091546,mother
7007,1091388,1091633,mother
7007,1091389,1091547,father
7007,1091389,1091635,father
7007,1091390,1091547,mother
7007,1091390,1091634,mother
7007,1091391,1091548,father
7007,1091391,1091636,father
7007,1091392,1091548,mother
7007,1091392,1091635,mother
7007,1091393,1091549,father
7007,1091393,1091637,father
7007,1091394,1091549,mother
7007,1091394,1091636,mother
7007,1091395,1091550,father
7007,1091395,1091638,father
7007,1091396,1091550,mother
7007,1091396,1091637,mother
7007,1091397,1091551,father
7007,1091397,1091639,father
7007,1091398,1091551,mother
7007,1091398,1091638,mother
7007,1091399,1091552,father
7007,1091399,1091640,father
7007,1091400,1091552,mother
7007,1091400,1091639,mother
7007,1091401,1091553,father
7007,1091401,1091641,father
7007,1091402,1091553,mother
7007,1091402,1091640,mother
7007,1091403,1091554,father
7007,1091403,1091642,father
7007,1091404,1091554,mother
7007,1091404,1091641,mother
7007,1091405,1091555,father
7007,1091405,1091643,father
7007,1091406,1091555,mother
7007,1091406,1091642,mother
7007,1091407,1091556,father
7007,1091407,1091644,father
7007,1091408,1091556,mother
7007,1091408,1091643,mother
7007,1091409,1091557,father
7007,1091409,1091645,father
7007,1091410,1091557,mother
7007,1091410,1091644,mother
7007,1091411,1091558,father
7007,1091411,1091646,father
7007,1091412,1091558,mother
7007,1091412,1091645,mother
7007,1091413,1091559,father
7007,1091413,1091647,father
7007,1091414,1091559,mother
7007,1091414,1091646,mother
7007,1091415,1091560,father
7007,1091415,1091648,father
7007,1091416,1091560,mother
7007,1091416,1091647,mother
7007,1091417,1091561,father
7007,1091417,1091649,father
7007,1091418,1091561,mother
7007,1091418,1091648,mother
7007,1091419,1091562,father
7007,1091419,1091650,father
7007,1091420,1091562,mother
7007,1091420,1091649,mother
7007,1091421,1091563,father
7007,1091421,1091651,father
7007,1091422,1091563,mother
7007,1091422,1091650,mother
7007,1091423,1091564,father
7007,1091423,1091652,father
7007,1091424,1091564,mother
7007,1091424,1091651,mother
7007,1091425,1091565,father
7007,1091425,1091653,father
7007,1091426,1091565,mother
7007,1091426,1091652,mother
7007,1091427,1091566,father
7007,1091427,1091654,father
7007,1091428,1091566,mother
7007,1091428,1091653,mother
7007,1091429,1091567,father
7007,1091429,1091655,father
7007,1091430,1091567,mother
7007,1091430,1091654,mother
7007,1091431,1091568,father
7007,1091431,1091656,father
7007,1091432,1091568,mother
7007,1091432,1091655,mother
7007,1091433,1091569,father
7007,1091433,1091657,father
7007,1091434,1091569,mother
7007,1091434,1091656,mother
7007,1091435,1091570,father
7007,1091435,1091658,father
7007,1091436,1091570,mother
7007,1091436,1091657,mother
7007,1091437,1091571,father
7007,1091437,1091659,father
7007,1091438,1091571,mother
7007,1091438,1091658,mother
7007,1091439,1091572,father
7007,1091439,1091660,father
7007,1091440,1091572,mother
7007,1091440,1091659,mother
7007,1091441,1091573,father
7007,1091441,1091661,father
7007,1091442,1091573,mother
7007,1091442,1091660,mother
7007,1091443,1091574,father
7007,1091443,1091662,father
7007,1091444,1091574,mother
7007,1091444,1091661,mother
7007,1091445,1091575,father
7007,1091445,1091663,father
7007,1091446,1091575,mother
7007,1091446,1091662,mother
7007,1091447,1091576,father
7007,1091447,1091664,father
7007,1091448,1091576,mother
7007,1091448,1091663,mother
7007,1091449,1091577,father
7007,1091449,1091665,father
7007,1091450,1091577,mother
7007,1091450,1091664,mother
7007,1091451,1091578,father
7007,1091451,1091666,father
7007,1091452,1091578,mother
7007,1091452,1091665,mother
7007,1091453,1091579,father
7007,1091453,1091667,father
7007,1091454,1091579,mother
7007,1091454,1091666,mother
7007,1091455,1091580,father
7007,1091455,1091668,father
7007,1091456,1091580,mother
7007,1091456,1091667,mother
7007,1091457,1091581,father
7007,1091457,1091669,father
7007,1091458,1091581,mother
7007,1091458,1091668,mother
7007,1091459,1091582,father
7007,1091459,1091670,father
7007,1091460,1091582,mother
7007,1091460,1091669,mother
7007,1091461,1091583,father
7007,1091461,1091671,father
7007,1091462,1091583,mother
7007,1091462,1091670,mother
7007,1091463,1091584,father
7007,1091463,1091672,father
7007,1091464,1091584,mother
7007,1091464,1091671,mother
7007,1091465,1091585,father
7007,1091465,1091673,father
7007,1091466,1091585,mother
7007,1091466,1091672,mother
7007,1091467,1091586,father
7007,1091467,1091674,father
7007,1091468,1091586,mother
7007,1091468,1091673,mother
7007,1091469,1091587,father
7007,1091469,1091675,father
7007,1091470,1091587,mother
7007,1091470,1091674,mother
7007,1091471,1091588,father
7007,1091471,1091676,father
7007,1091472,1091588,mother
7007,1091472,1091675,mother
7007,1091473,1091589,father
7007,1091473,1091677,father
7007,1091474,1091589,mother
7007,1091474,1091676,mother
7007,1091475,1091590,father
7007,1091475,1091678,father
7007,1091476,1091590,mother
7007,1091476,1091677,mother
7007,1091477,1091591,father
7007,1091477,1091679,father
7007,1091478,1091591,mother
7007,1091478,1091678,mother
7007,1091479,1091592,father
7007,1091479,1091680,father
7007,1091480,1091592,mother
7007,1091480,1091679,mother
7007,1091481,1091593,father
7007,1091481,1091681,father
7007,1091482,1091593,mother
7007,1091482,1091680,mother
7007,1091483,1091594,father
7007,1091483,1091682,father
7007,1091484,1091594,mother
7007,1091484,1091681,mother
7007,1091485,1091595,father
7007,1091485,1091683,father
7007,1091486,1091595,mother
7007,1091486,1091682,mother
7007,1091487,1091596,father
7007,1091487,1091684,father
7007,1091488,1091596,mother
7007,1091488,1091683,mother
7007,1091489,1091597,father
7007,1091489,1091685,father
7007,1091490,1091597,mother
7007,1091490,1091684,mother
7007,1091491,1091598,father
7007,1091491,1091686,father
7007,1091492,1091598,mother
7007,1091492,1091685,mother
7007,1091493,1091599,father
7007,1091493,1091687,father
7007,1091494,1091599,mother
7007,1091494,1091686,mother
7007,1091495,1091600,father
7007,1091495,1091688,father
7007,1091496,1091600,mother
7007,1091496,1091687,mother
7007,1091497,1091601,father
7007,1091497,1091689,father
7007,1091498,1091601,mother
7007,1091498,1091688,mother
7007,1091499,1091602,father
7007,1091499,1091690,father
7007,1091500,1091602,mother
7007,1091500,1091689,mother
7007,1091501,1091603,father
7007,1091502,1091603,mother
7007,1091502,1091690,mother
7007,1091503,1091604,father
7007,1091504,1091604,mother
7007,1091505,1091605,father
7007,1091506,1091605,mother
7007,1091507,1091606,father
7007,1091508,1091606,mother
7007,1091509,1091607,father
7007,1091510,1091607,mother
7007,1091511,1091608,father
7007,1091512,1091608,mother
7007,1091513,1091609,father
7007,1091514,1091609,mother
7007,1091515,1091610,father
7007,1091516,1091610,mother
7007,1091517,1091611,father
7007,1091518,1091611,mother
7007,1091519,1091612,father
7007,1091520,1091612,mother
7007,1091521,1091613,father
7007,1091522,1091613,mother
7007,1091523,1091614,father
7007,1091524,1091614,mother
7007,1091525,1091615,father
7007,1091526,1091615,mother
7007,1091527,1091616,father
7007,1091528,1091616,mother
7007,1091529,1091617,father
7007,1091530,1091691,father
7007,1091530,1091772,father
7007,1091531,1091691,mother
7007,1091531,1091771,mother
7007,1091532,1091692,father
7007,1091532,1091773,father
7007,1091533,1091692,mother
7007,1091533,1091772,mother
7007,1091534,1091693,father
7007,1091534,1091774,father
7007,1091535,1091693,mother
7007,1091535,1091773,mother
7007,1091536,1091694,father
7007,1091536,1091775,father
7007,1091537,1091694,mother
7007,1091537,1091774,mother
7007,1091538,1091695,father
7007,1091538,1091776,father
7007,1091539,1091695,mother
7007,1091539,1091775,mother
7007,1091540,1091696,father
7007,1091540,1091777,father
7007,1091541,1091696,mother
7007,1091541,1091776,mother
7007,1091542,1091697,father
7007,1091542,1091778,father
7007,1091543,1091697,mother
7007,1091543,1091777,mother
7007,1091544,1091698,father
7007,1091544,1091779,father
7007,1091545,1091698,mother
7007,1091545,1091778,mother
7007,1091546,1091699,father
7007,1091546,1091780,father
7007,1091547,1091699,mother
7007,1091547,1091779,mother
7007,1091548,1091700,father
7007,1091548,1091781,father
7007,1091549,1091700,mother
7007,1091549,1091780,mother
7007,1091550,1091701,father
7007,1091550,1091782,father
7007,1091551,1091701,mother
7007,1091551,1091781,mother
7007,1091552,1091702,father
7007,1091552,1091783,father
7007,1091553,1091702,mother
7007,1091553,1091782,mother
7007,1091554,1091703,father
7007,1091554,1091784,father
7007,1091555,1091703,mother
7007,1091555,1091783,mother
7007,1091556,1091704,father
7007,1091556,1091785,father
7007,1091557,1091704,mother
7007,1091557,1091784,mother
7007,1091558,1091705,father
7007,1091558,1091786,father
7007,1091559,1091705,mother
7007,1091559,1091785,mother
7007,1091560,1091706,father
7007,1091560,1091787,father
7007,1091561,1091706,mother
7007,1091561,1091786,mother
7007,1091562,1091707,father
7007,1091562,1091788,father
7007,1091563,1091707,mother
7007,1091563,1091787,mother
7007,1091564,1091708,father
7007,1091564,1091789,father
7007,1091565,1091708,mother
7007,1091565,1091788,mother
7007,1091566,1091709,father
7007,1091566,1091790,father
7007,1091567,1091709,mother
7007,1091567,1091789,mother
7007,1091568,1091710,father
7007,1091568,1091791,father
7007,1091569,1091710,mother
7007,1091569,1091790,mother
7007,1091570,1091711,father
7007,1091570,1091792,father
7007,1091571,1091711,mother
7007,1091571,1091791,mother
7007,1091572,1091712,father
7007,1091572,1091793,father
7007,1091573,1091712,mother
7007,1091573,1091792,mother
7007,1091574,1091713,father
7007,1091574,1091794,father
7007,1091575,1091713,mother
7007,1091575,1091793,mother
7007,1091576,1091714,father
7007,1091576,1091795,father
7007,1091577,1091714,mother
7007,1091577,1091794,mother
7007,1091578,1091715,father
7007,1091578,1091796,father
7007,1091579,1091715,mother
7007,1091579,1091795,mother
7007,1091580,1091716,father
7007,1091580,1091797,father
7007,1091581,1091716,mother
7007,1091581,1091796,mother
7007,1091582,1091717,father
7007,1091582,1091798,father
7007,1091583,1091717,mother
7007,1091583,1091797,mother
7007,1091584,1091718,father
7007,1091584,1091799,father
7007,1091585,1091718,mother
7007,1091585,1091798,mother
7007,1091586,1091719,father
7007,1091586,1091800,father
7007,1091587,1091719,mother
7007,1091587,1091799,mother
7007,1091588,1091720,father
7007,1091588,1091801,father
7007,1091589,1091720,mother
7007,1091589,1091800,mother
7007,1091590,1091721,father
7007,1091590,1091802,father
7007,1091591,1091721,mother
7007,1091591,1091801,mother
7007,1091592,1091722,father
7007,1091592,1091803,father
7007,1091593,1091722,mother
7007,1091593,1091802,mother
7007,1091594,1091723,father
7007,1091594,1091804,father
7007,1091595,1091723,mother
7007,1091595,1091803,mother
7007,1091596,1091724,father
7007,1091596,1091805,father
7007,1091597,1091724,mother
7007,1091597,1091804,mother
7007,1091598,1091725,father
7007,1091598,1091806,father
7007,1091599,1091725,mother
7007,1091599,1091805,mother
7007,1091600,1091726,father
7007,1091600,1091807,father
7007,1091601,1091726,mother
7007,1091601,1091806,mother
7007,1091602,1091727,father
7007,1091602,1091808,father
7007,1091603,1091727,mother
7007,1091603,1091807,mother
7007,1091604,1091728,father
7007,1091604,1091809,father
7007,1091605,1091728,mother
7007,1091605,1091808,mother
7007,1091606,1091729,father
7007,1091606,1091810,father
7007,1091607,1091729,mother
7007,1091607,1091809,mother
7007,1091608,1091730,father
7007,1091608,1091811,father
7007,1091609,1091730,mother
7007,1091609,1091810,mother
7007,1091610,1091731,father
7007,1091610,1091812,father
7007,1091611,1091731,mother
7007,1091611,1091811,mother
7007,1091612,1091732,father
7007,1091612,1091813,father
7007,1091613,1091732,mother
7007,1091613,1091812,mother
7007,1091614,1091733,father
7007,1091614,1091814,father
7007,1091615,1091733,mother
7007,1091615,1091813,mother
7007,1091616,1091734,father
7007,1091616,1091815,father
7007,1091617,1091734,mother
7007,1091617,1091814,mother
7007,1091618,1091735,father
7007,1091618,1091816,father
7007,1091619,1091735,mother
7007,1091619,1091815,mother
7007,1091620,1091736,father
7007,1091620,1091817,father
7007,1091621,1091736,mother
7007,1091621,1091816,mother
7007,1091622,1091737,father
7007,1091622,1091818,father
7007,1091623,1091737,mother
7007,1091623,1091817,mother
7007,1091624,1091738,father
7007,1091624,1091819,father
7007,1091625,1091738,mother
7007,1091625,1091818,mother
7007,1091626,1091739,father
7007,1091626,1091820,father
7007,1091627,1091739,mother
7007,1091627,1091819,mother
7007,1091628,1091740,father
7007,1091628,1091821,father
7007,1091629,1091740,mother
7007,1091629,1091820,mother
7007,1091630,1091741,father
7007,1091630,1091822,father
7007,1091631,1091741,mother
7007,1091631,1091821,mother
7007,1091632,1091742,father
7007,1091632,1091823,father
7007,1091633,1091742,mother
7007,1091633,1091822,mother
7007,1091634,1091743,father
7007,1091634,1091824,father
7007,1091635,1091743,mother
7007,1091635,1091823,mother
7007,1091636,1091744,father
7007,1091636,1091825,father
7007,1091637,1091744,mother
7007,1091637,1091824,mother
7007,1091638,1091745,father
7007,1091638,1091826,father
7007,1091639,1091745,mother
7007,1091639,1091825,mother
7007,1091640,1091746,father
7007,1091640,1091827,father
7007,1091641,1091746,mother
7007,1091641,1091826,mother
7007,1091642,1091747,father
7007,1091642,1091828,father
7007,1091643,1091747,mother
7007,1091643,1091827,mother
7007,1091644,1091748,father
7007,1091644,1091829,father
7007,1091645,1091748,mother
7007,1091645,1091828,mother
7007,1091646,1091749,father
7007,1091646,1091830,father
7007,1091647,1091749,mother
7007,1091647,1091829,mother
7007,1091648,1091750,father
7007,1091648,1091831,father
7007,1091649,1091750,mother
7007,1091649,1091830,mother
7007,1091650,1091751,father
7007,1091650,1091832,father
7007,1091651,1091751,mother
7007,1091651,1091831,mother
7007,1091652,1091752,father
7007,1091652,1091833,father
7007,1091653,1091752,mother
7007,1091653,1091832,mother
7007,1091654,1091753,father
7007,1091654,1091834,father
7007,1091655,1091753,mother
7007,1091655,1091833,mother
7007,1091656,1091754,father
7007,1091656,1091835,father
7007,1091657,1091754,mother
7007,1091657,1091834,mother
7007,1091658,1091755,father
7007,1091658,1091836,father
7007,1091659,1091755,mother
7007,1091659,1091835,mother
7007,1091660,1091756,father
7007,1091661,1091756,mother
7007,1091661,1091836,mother
7007,1091662,1091757,father
7007,1091663,1091757,mother
7007,1091664,1091758,father
7007,1091665,1091758,mother
7007,1091666,1091759,father
7007,1091667,1091759,mother
7007,1091668,1091760,father
7007,1091669,1091760,mother
7007,1091670,1091761,father
7007,1091671,1091761,mother
7007,1091672,1091762,father
7007,1091673,1091762,mother
7007,1091674,1091763,father
7007,1091675,1091763,mother
7007,1091676,1091764,father
7007,1091677,1091764,mother
7007,1091678,1091765,father
7007,1091679,1091765,mother
7007,1091680,1091766,father
7007,1091681,1091766,mother
7007,1091682,1091767,father
7007,1091683,1091767,mother
7007,1091684,1091768,father
7007,1091685,1091768,mother
7007,1091686,1091769,father
7007,1091687,1091769,mother
7007,1091688,1091770,father
7007,1091689,1091770,mother
7007,1091690,1091771,father
7007,1091691,1091837,father
7007,1091691,1091910,father
7007,1091692,1091837,mother
7007,1091692,1091910,mother
7007,1091693,1091838,father
7007,1091693,1091911,father
7007,1091694,1091838,mother
7007,1091694,1091911,mother
7007,1091695,1091839,father
7007,1091695,1091912,father
7007,1091696,1091839,mother
7007,1091696,1091912,mother
7007,1091697,1091840,father
7007,1091697,1091913,father
7007,1091698,1091840,mother
7007,1091698,1091913,mother
7007,1091699,1091841,father
7007,1091699,1091914,father
7007,1091700,1091841,mother
7007,1091700,1091914,mother
7007,1091701,1091842,father
7007,1091701,1091915,father
7007,1091702,1091842,mother
7007,1091702,1091915,mother
7007,1091703,1091843,father
7007,1091703,1091916,father
7007,1091704,1091843,mother
7007,1091704,1091916,mother
7007,1091705,1091844,father
7007,1091705,1091917,father
7007,1091706,1091844,mother
7007,1091706,1091917,mother
7007,1091707,1091845,father
7007,1091707,1091918,father
7007,1091708,1091845,mother
7007,1091708,1091918,mother
7007,1091709,1091846,father
7007,1091709,1091919,father
7007,1091710,1091846,mother
7007,1091710,1091919,mother
7007,1091711,1091847,father
7007,1091711,1091920,father
7007,1091712,1091847,mother
7007,1091712,1091920,mother
7007,1091713,1091848,father
7007,1091713,1091921,father
7007,1091714,1091848,mother
7007,1091714,1091921,mother
7007,1091715,1091849,father
7007,1091715,1091922,father
7007,1091716,1091849,mother
7007,1091716,1091922,mother
7007,1091717,1091850,father
7007,1091717,1091923,father
7007,1091718,1091850,mother
7007,1091718,1091923,mother
7007,1091719,1091851,father
7007,1091719,1091924,father
7007,1091720,1091851,mother
7007,1091720,1091924,mother
7007,1091721,1091852,father
7007,1091721,1091925,father
7007,1091722,1091852,mother
7007,1091722,1091925,mother
7007,1091723,1091853,father
7007,1091723,1091926,father
7007,1091724,1091853,mother
7007,1091724,1091926,mother
7007,1091725,1091854,father
7007,1091725,1091927,father
7007,1091726,1091854,mother
7007,1091726,1091927,mother
7007,1091727,1091855,father
7007,1091727,1091928,father
7007,1091728,1091855,mother
7007,1091728,1091928,mother
7007,1091729,1091856,father
7007,1091729,1091929,father
7007,1091730,1091856,mother
7007,1091730,1091929,mother
7007,1091731,1091857,father
7007,1091731,1091930,father
7007,1091732,1091857,mother
7007,1091732,1091930,mother
7007,1091733,1091858,father
7007,1091733,1091931,father
7007,1091734,1091858,mother
7007,1091734,1091931,mother
7007,1091735,1091859,father
7007,1091735,1091932,father
7007,1091736,1091859,mother
7007,1091736,1091932,mother
7007,1091737,1091860,father
7007,1091737,1091933,father
7007,1091738,1091860,mother
7007,1091738,1091933,mother
7007,1091739,1091861,father
7007,1091739,1091934,father
7007,1091740,1091861,mother
7007,1091740,1091934,mother
7007,1091741,1091862,father
7007,1091741,1091935,father
7007,1091742,1091862,mother
7007,1091742,1091935,mother
7007,1091743,1091863,father
7007,1091743,1091936,father
7007,1091744,1091863,mother
7007,1091744,1091936,mother
7007,1091745,1091864,father
7007,1091745,1091937,father
7007,1091746,1091864,mother
7007,1091746,1091937,mother
7007,1091747,1091865,father
7007,1091747,1091938,father
7007,1091748,1091865,mother
7007,1091748,1091938,mother
7007,1091749,1091866,father
7007,1091749,1091939,father
7007,1091750,1091866,mother
7007,1091750,1091939,mother
7007,1091751,1091867,father
7007,1091751,1091940,father
7007,1091752,1091867,mother
7007,1091752,1091940,mother
7007,1091753,1091868,father
7007,1091753,1091941,father
7007,1091754,1091868,mother
7007,1091754,1091941,mother
7007,1091755,1091869,father
7007,1091755,1091942,father
7007,1091756,1091869,mother
7007,1091756,1091942,mother
7007,1091757,1091870,father
7007,1091757,1091943,father
7007,1091758,1091870,mother
7007,1091758,1091943,mother
7007,1091759,1091871,father
7007,1091759,1091944,father
7007,1091760,1091871,mother
7007,1091760,1091944,mother
7007,1091761,1091872,father
7007,1091761,1091945,father
7007,1091762,1091872,mother
7007,1091762,1091945,mother
7007,1091763,1091873,father
7007,1091763,1091946,father
7007,1091764,1091873,mother
7007,1091764,1091946,mother
7007,1091765,1091874,father
7007,1091765,1091947,father
7007,1091766,1091874,mother
7007,1091766,1091947,mother
7007,1091767,1091875,father
7007,1091767,1091948,father
7007,1091768,1091875,mother
7007,1091768,1091948,mother
7007,1091769,1091876,father
7007,1091769,1091949,father
7007,1091770,1091876,mother
7007,1091770,1091949,mother
7007,1091771,1091877,father
7007,1091771,1091950,father
7007,1091772,1091877,mother
7007,1091772,1091950,mother
7007,1091773,1091878,father
7007,1091773,1091951,father
7007,1091774,1091878,mother
7007,1091774,1091951,mother
7007,1091775,1091879,father
7007,1091775,1091952,father
7007,1091776,1091879,mother
7007,1091776,1091952,mother
7007,1091777,1091880,father
7007,1091777,1091953,father
7007,1091778,1091880,mother
7007,1091778,1091953,mother
7007,1091779,1091881,father
7007,1091779,1091954,father
7007,1091780,1091881,mother
7007,1091780,1091954,mother
7007,1091781,1091882,father
7007,1091781,1091955,father
7007,1091782,1091882,mother
7007,1091782,1091955,mother
7007,1091783,1091883,father
7007,1091783,1091956,father
7007,1091784,1091883,mother
7007,1091784,1091956,mother
7007,1091785,1091884,father
7007,1091785,1091957,father
7007,1091786,1091884,mother
7007,1091786,1091957,mother
7007,1091787,1091885,father
7007,1091787,1091958,father
7007,1091788,1091885,mother
7007,1091788,1091958,mother
7007,1091789,1091886,father
7007,1091789,1091959,father
7007,1091790,1091886,mother
7007,1091790,1091959,mother
7007,1091791,1091887,father
7007,1091791,1091960,father
7007,1091792,1091887,mother
7007,1091792,1091960,mother
7007,1091793,1091888,father
7007,1091793,1091961,father
7007,1091794,1091888,mother
7007,1091794,1091961,mother
7007,1091795,1091889,father
7007,1091795,1091962,father
7007,1091796,1091889,mother
7007,1091796,1091962,mother
7007,1091797,1091890,father
7007,1091797,1091963,father
7007,1091798,1091890,mother
7007,1091798,1091963,mother
7007,1091799,1091891,father
7007,1091799,1091964,father
7007,1091800,1091891,mother
7007,1091800,1091964,mother
7007,1091801,1091892,father
7007,1091801,1091965,father
7007,1091802,1091892,mother
7007,1091802,1091965,mother
7007,1091803,1091893,father
7007,1091803,1091966,father
7007,1091804,1091893,mother
7007,1091804,1091966,mother
7007,1091805,1091894,father
7007,1091805,1091967,father
7007,1091806,1091894,mother
7007,1091806,1091967,mother
7007,1091807,1091895,father
7007,1091807,1091968,father
7007,1091808,1091895,mother
7007,1091808,1091968,mother
7007,1091809,1091896,father
7007,1091810,1091896,mother
7007,1091811,1091897,father
7007,1091812,1091897,mother
7007,1091813,1091898,father
7007,1091814,1091898,mother
7007,1091815,1091899,father
7007,1091816,1091899,mother
7007,1091817,1091900,father
7007,1091818,1091900,mother
7007,1091819,1091901,father
7007,1091820,1091901,mother
7007,1091821,1091902,father
7007,1091822,1091902,mother
7007,1091823,1091903,father
7007,1091824,1091903,mother
7007,1091825,1091904,father
7007,1091826,1091904,mother
7007,1091827,1091905,father
7007,1091828,1091905,mother
7007,1091829,1091906,father
7007,1091830,1091906,mother
7007,1091831,1091907,father
7007,1091832,1091907,mother
7007,1091833,1091908,father
7007,1091834,1091908,mother
7007,1091835,1091909,father
7007,1091836,1091909,mother
7007,1091837,1091969,father
7007,1091837,1092035,father
7007,1091838,1091969,mother
7007,1091838,1092035,mother
7007,1091839,1091970,father
7007,1091839,1092036,father
7007,1091840,1091970,mother
7007,1091840,1092036,mother
7007,1091841,1091971,father
7007,1091841,1092037,father
7007,1091842,1091971,mother
7007,1091842,1092037,mother
7007,1091843,1091972,father
7007,1091843,1092038,father
7007,1091844,1091972,mother
7007,1091844,1092038,mother
7007,1091845,1091973,father
7007,1091845,1092039,father
7007,1091846,1091973,mother
7007,1091846,1092039,mother
7007,1091847,1091974,father
7007,1091847,1092040,father
7007,1091848,1091974,mother
7007,1091848,1092040,mother
7007,1091849,1091975,father
7007,1091849,1092041,father
7007,1091850,1091975,mother
7007,1091850,1092041,mother
7007,1091851,1091976,father
7007,1091851,1092042,father
7007,1091852,1091976,mother
7007,1091852,1092042,mother
7007,1091853,1091977,father
7007,1091853,1092043,father
7007,1091854,1091977,mother
7007,1091854,1092043,mother
7007,1091855,1091978,father
7007,1091855,1092044,father
7007,1091856,1091978,mother
7007,1091856,1092044,mother
7007,1091857,1091979,father
7007,1091857,1092045,father
7007,1091858,1091979,mother
7007,1091858,1092045,mother
7007,1091859,1091980,father
7007,1091859,1092046,father
7007,1091860,1091980,mother
7007,1091860,1092046,mother
7007,1091861,1091981,father
7007,1091861,1092047,father
7007,1091862,1091981,mother
7007,1091862,1092047,mother
7007,1091863,1091982,father
7007,1091863,1092048,father
7007,1091864,1091982,mother
7007,1091864,1092048,mother
7007,1091865,1091983,father
7007,1091865,1092049,father
7007,1091866,1091983,mother
7007,1091866,1092049,mother
7007,1091867,1091984,father
7007,1091867,1092050,father
7007,1091868,1091984,mother
7007,1091868,1092050,mother
7007,1091869,1091985,father
7007,1091869,1092051,father
7007,1091870,1091985,mother
7007,1091870,1092051,mother
7007,1091871,1091986,father
7007,1091871,1092052,father
7007,1091872,1091986,mother
7007,1091872,1092052,mother
7007,1091873,1091987,father
7007,1091873,1092053,father
7007,1091874,1091987,mother
7007,1091874,1092053,mother
7007,1091875,1091988,father
7007,1091875,1092054,father
7007,1091876,1091988,mother
7007,1091876,1092054,mother
7007,1091877,1091989,father
7007,1091877,1092055,father
7007,1091878,1091989,mother
7007,1091878,1092055,mother
7007,1091879,1091990,father
7007,1091879,1092056,father
7007,1091880,1091990,mother
7007,1091880,1092056,mother
7007,1091881,1091991,father
7007,1091881,1092057,father
7007,1091882,1091991,mother
7007,1091882,1092057,mother
7007,1091883,1091992,father
7007,1091883,1092058,father
7007,1091884,1091992,mother
7007,1091884,1092058,mother
7007,1091885,1091993,father
7007,1091885,1092059,father
7007,1091886,1091993,mother
7007,1091886,1092059,mother
7007,1091887,1091994,father
7007,1091887,1092060,father
7007,1091888,1091994,mother
7007,1091888,1092060,mother
7007,1091889,1091995,father
7007,1091889,1092061,father
7007,1091890,1091995,mother
7007,1091890,1092061,mother
7007,1091891,1091996,father
7007,1091891,1092062,father
7007,1091892,1091996,mother
7007,1091892,1092062,mother
7007,1091893,1091997,father
7007,1091893,1092063,father
7007,1091894,1091997,mother
7007,1091894,1092063,mother
7007,1091895,1091998,father
7007,1091895,1092064,father
7007,1091896,1091998,mother
7007,1091896,1092064,mother
7007,1091897,1091999,father
7007,1091897,1092065,father
7007,1091898,1091999,mother
7007,1091898,1092065,mother
7007,1091899,1092000,father
7007,1091899,1092066,father
7007,1091900,1092000,mother
7007,1091900,1092066,mother
7007,1091901,1092001,father
7007,1091901,1092067,father
7007,1091902,1092001,mother
7007,1091902,1092067,mother
7007,1091903,1092002,father
7007,1091903,1092068,father
7007,1091904,1092002,mother
7007,1091904,1092068,mother
7007,1091905,1092003,father
7007,1091905,1092069,father
7007,1091906,1092003,mother
7007,1091906,1092069,mother
7007,1091907,1092004,father
7007,1091907,1092070,father
7007,1091908,1092004,mother
7007,1091908,1092070,mother
7007,1091909,1092005,father
7007,1091909,1092071,father
7007,1091910,1092005,mother
7007,1091910,1092071,mother
7007,1091911,1092006,father
7007,1091911,1092072,father
7007,1091912,1092006,mother
7007,1091912,1092072,mother
7007,1091913,1092007,father
7007,1091913,1092073,father
7007,1091914,1092007,mother
7007,1091914,1092073,mother
7007,1091915,1092008,father
7007,1091915,1092074,father
7007,1091916,1092008,mother
7007,1091916,1092074,mother
7007,1091917,1092009,father
7007,1091917,1092075,father
7007,1091918,1092009,mother
7007,1091918,1092075,mother
7007,1091919,1092010,father
7007,1091919,1092076,father
7007,1091920,1092010,mother
7007,1091920,1092076,mother
7007,1091921,1092011,father
7007,1091921,1092077,father
7007,1091922,1092011,mother
7007,1091922,1092077,mother
7007,1091923,1092012,father
7007,1091923,1092078,father
7007,1091924,1092012,mother
7007,1091924,1092078,mother
7007,1091925,1092013,father
7007,1091925,1092079,father
7007,1091926,1092013,mother
7007,1091926,1092079,mother
7007,1091927,1092014,father
7007,1091927,1092080,father
7007,1091928,1092014,mother
7007,1091928,1092080,mother
7007,1091929,1092015,father
7007,1091929,1092081,father
7007,1091930,1092015,mother
7007,1091930,1092081,mother
7007,1091931,1092016,father
7007,1091931,1092082,father
7007,1091932,1092016,mother
7007,1091932,1092082,mother
7007,1091933,1092017,father
7007,1091933,1092083,father
7007,1091934,1092017,mother
7007,1091934,1092083,mother
7007,1091935,1092018,father
7007,1091935,1092084,father
7007,1091936,1092018,mother
7007,1091936,1092084,mother
7007,1091937,1092019,father
7007,1091937,1092085,father
7007,1091938,1092019,mother
7007,1091938,1092085,mother
7007,1091939,1092020,father
7007,1091940,1092020,mother
7007,1091941,1092021,father
7007,1091942,1092021,mother
7007,1091943,1092022,father
7007,1091944,1092022,mother
7007,1091945,1092023,father
7007,1091946,1092023,mother
7007,1091947,1092024,father
7007,1091948,1092024,mother
7007,1091949,1092025,father
7007,1091950,1092025,mother
7007,1091951,1092026,father
7007,1091952,1092026,mother
7007,1091953,1092027,father
7007,1091954,1092027,mother
7007,1091955,1092028,father
7007,1091956,1092028,mother
7007,1091957,1092029,father
7007,1091958,1092029,mother
7007,1091959,1092030,father
7007,1091960,1092030,mother
7007,1091961,1092031,father
7007,1091962,1092031,mother
7007,1091963,1092032,father
7007,1091964,1092032,mother
7007,1091965,1092033,father
7007,1091966,1092033,mother
7007,1091967,1092034,father
7007,1091968,1092034,mother
7007,1091969,1092086,father
7007,1091969,1092145,father
7007,1091970,1092086,mother
7007,1091970,1092144,mother
7007,1091971,1092087,father
7007,1091971,1092146,father
7007,1091972,1092087,mother
7007,1091972,1092145,mother
7007,1091973,1092088,father
7007,1091973,1092147,father
7007,1091974,1092088,mother
7007,1091974,1092146,mother
7007,1091975,1092089,father
7007,1091975,1092148,father
7007,1091976,1092089,mother
7007,1091976,1092147,mother
7007,1091977,1092090,father
7007,1091977,1092149,father
7007,1091978,1092090,mother
7007,1091978,1092148,mother
7007,1091979,1092091,father
7007,1091979,1092150,father
7007,1091980,1092091,mother
7007,1091980,1092149,mother
7007,1091981,1092092,father
7007,1091981,1092151,father
7007,1091982,1092092,mother
7007,1091982,1092150,mother
7007,1091983,1092093,father
7007,1091983,1092152,father
7007,1091984,1092093,mother
7007,1091984,1092151,mother
7007,1091985,1092094,father
7007,1091985,1092153,father
7007,1091986,1092094,mother
7007,1091986,1092152,mother
7007,1091987,1092095,father
7007,1091987,1092154,father
7007,1091988,1092095,mother
7007,1091988,1092153,mother
7007,1091989,1092096,father
7007,1091989,1092155,father
7007,1091990,1092096,mother
7007,1091990,1092154,mother
7007,1091991,1092097,father
7007,1091991,1092156,father
7007,1091992,1092097,mother
7007,1091992,1092155,mother
7007,1091993,1092098,father
7007,1091993,1092157,father
7007,1091994,1092098,mother
7007,1091994,1092156,mother
7007,1091995,1092099,father
7007,1091995,1092158,father
7007,1091996,1092099,mother
7007,1091996,1092157,mother
7007,1091997,1092100,father
7007,1091997,1092159,father
7007,1091998,1092100,mother
7007,1091998,1092158,mother
7007,1091999,1092101,father
7007,1091999,1092160,father
7007,1092000,1092101,mother
7007,1092000,1092159,mother
7007,1092001,1092102,father
7007,1092001,1092161,father
7007,1092002,1092102,mother
7007,1092002,1092160,mother
7007,1092003,1092103,father
7007,1092003,1092162,father
7007,1092004,1092103,mother
7007,1092004,1092161,mother
7007,1092005,1092104,father
7007,1092005,1092163,father
7007,1092006,1092104,mother
7007,1092006,1092162,mother
7007,1092007,1092105,father
7007,1092007,1092164,father
7007,1092008,1092105,mother
7007,1092008,1092163,mother
7007,1092009,1092106,father
7007,1092009,1092165,father
7007,1092010,1092106,mother
7007,1092010,1092164,mother
7007,1092011,1092107,father
7007,1092011,1092166,father
7007,1092012,1092107,mother
7007,1092012,1092165,mother
7007,1092013,1092108,father
7007,1092013,1092167,father
7007,1092014,1092108,mother
7007,1092014,1092166,mother
7007,1092015,1092109,father
7007,1092015,1092168,father
7007,1092016,1092109,mother
7007,1092016,1092167,mother
7007,1092017,1092110,father
7007,1092017,1092169,father
7007,1092018,1092110,mother
7007,1092018,1092168,mother
7007,1092019,1092111,father
7007,1092019,1092170,father
7007,1092020,1092111,mother
7007,1092020,1092169,mother
7007,1092021,1092112,father
7007,1092021,1092171,father
7007,1092022,1092112,mother
7007,1092022,1092170,mother
7007,1092023,1092113,father
7007,1092023,1092172,father
7007,1092024,1092113,mother
7007,1092024,1092171,mother
7007,1092025,1092114,father
7007,1092025,1092173,father
7007,1092026,1092114,mother
7007,1092026,1092172,mother
7007,1092027,1092115,father
7007,1092027,1092174,father
7007,1092028,1092115,mother
7007,1092028,1092173,mother
7007,1092029,1092116,father
7007,1092029,1092175,father
7007,1092030,1092116,mother
7007,1092030,1092174,mother
7007,1092031,1092117,father
7007,1092031,1092176,father
7007,1092032,1092117,mother
7007,1092032,1092175,mother
7007,1092033,1092118,father
7007,1092033,1092177,father
7007,1092034,1092118,mother
7007,1092034,1092176,mother
7007,1092035,1092119,father
7007,1092035,1092178,father
7007,1092036,1092119,mother
7007,1092036,1092177,mother
7007,1092037,1092120,father
7007,1092037,1092179,father
7007,1092038,1092120,mother
7007,1092038,1092178,mother
7007,1092039,1092121,father
7007,1092039,1092180,father
7007,1092040,1092121,mother
7007,1092040,1092179,mother
7007,1092041,1092122,father
7007,1092041,1092181,father
7007,1092042,1092122,mother
7007,1092042,1092180,mother
7007,1092043,1092123,father
7007,1092043,1092182,father
7007,1092044,1092123,mother
7007,1092044,1092181,mother
7007,1092045,1092124,father
7007,1092045,1092183,father
7007,1092046,1092124,mother
7007,1092046,1092182,mother
7007,1092047,1092125,father
7007,1092047,1092184,father
7007,1092048,1092125,mother
7007,1092048,1092183,mother
7007,1092049,1092126,father
7007,1092049,1092185,father
7007,1092050,1092126,mother
7007,1092050,1092184,mother
7007,1092051,1092127,father
7007,1092051,1092186,father
7007,1092052,1092127,mother
7007,1092052,1092185,mother
7007,1092053,1092128,father
7007,1092053,1092187,father
7007,1092054,1092128,mother
7007,1092054,1092186,mother
7007,1092055,1092129,father
7007,1092055,1092188,father
7007,1092056,1092129,mother
7007,1092056,1092187,mother
7007,1092057,1092130,father
7007,1092058,1092130,mother
7007,1092058,1092188,mother
7007,1092059,1092131,father
7007,1092060,1092131,mother
7007,1092061,1092132,father
7007,1092062,1092132,mother
7007,1092063,1092133,father
7007,1092064,1092133,mother
7007,1092065,1092134,father
7007,1092066,1092134,mother
7007,1092067,1092135,father
7007,1092068,1092135,mother
7007,1092069,1092136,father
7007,1092070,1092136,mother
7007,1092071,1092137,father
7007,1092072,1092137,mother
7007,1092073,1092138,father
7007,1092074,1092138,mother
7007,1092075,1092139,father
7007,1092076,1092139,mother
7007,1092077,1092140,father
7007,1092078,1092140,mother
7007,1092079,1092141,father
7007,1092080,1092141,mother
7007,1092081,1092142,father
7007,1092082,1092142,mother
7007,1092083,1092143,father
7007,1092084,1092143,mother
7007,1092085,1092144,father
7007,1092086,1092189,father
7007,1092086,1092241,father
7007,1092087,1092189,mother
7007,1092087,1092240,mother
7007,1092088,1092190,father
7007,1092088,1092242,father
7007,1092089,1092190,mother
7007,1092089,1092241,mother
7007,1092090,1092191,father
7007,1092090,1092243,father
7007,1092091,1092191,mother
7007,1092091,1092242,mother
7007,1092092,1092192,father
7007,1092092,1092244,father
7007,1092093,1092192,mother
7007,1092093,1092243,mother
7007,1092094,1092193,father
7007,1092094,1092245,father
7007,1092095,1092193,mother
7007,1092095,1092244,mother
7007,1092096,1092194,father
7007,1092096,1092246,father
7007,1092097,1092194,mother
7007,1092097,1092245,mother
7007,1092098,1092195,father
7007,1092098,1092247,father
7007,1092099,1092195,mother
7007,1092099,1092246,mother
7007,1092100,1092196,father
7007,1092100,1092248,father
7007,1092101,1092196,mother
7007,1092101,1092247,mother
7007,1092102,1092197,father
7007,1092102,1092249,father
7007,1092103,1092197,mother
7007,1092103,1092248,mother
7007,1092104,1092198,father
7007,1092104,1092250,father
7007,1092105,1092198,mother
7007,1092105,1092249,mother
7007,1092106,1092199,father
7007,1092106,1092251,father
7007,1092107,1092199,mother
7007,1092107,1092250,mother
7007,1092108,1092200,father
7007,1092108,1092252,father
7007,1092109,1092200,mother
7007,1092109,1092251,mother
7007,1092110,1092201,father
7007,1092110,1092253,father
7007,1092111,1092201,mother
7007,1092111,1092252,mother
7007,1092112,1092202,father
7007,1092112,1092254,father
7007,1092113,1092202,mother
7007,1092113,1092253,mother
7007,1092114,1092203,father
7007,1092114,1092255,father
7007,1092115,1092203,mother
7007,1092115,1092254,mother
7007,1092116,1092204,father
7007,1092116,1092256,father
7007,1092117,1092204,mother
7007,1092117,1092255,mother
7007,1092118,1092205,father
7007,1092118,1092257,father
7007,1092119,1092205,mother
7007,1092119,1092256,mother
7007,1092120,1092206,father
7007,1092120,1092258,father
7007,1092121,1092206,mother
7007,1092121,1092257,mother
7007,1092122,1092207,father
7007,1092122,1092259,father
7007,1092123,1092207,mother
7007,1092123,1092258,mother
7007,1092124,1092208,father
7007,1092124,1092260,father
7007,1092125,1092208,mother
7007,1092125,1092259,mother
7007,1092126,1092209,father
7007,1092126,1092261,father
7007,1092127,1092209,mother
7007,1092127,1092260,mother
7007,1092128,1092210,father
7007,1092128,1092262,father
7007,1092129,1092210,mother
7007,1092129,1092261,mother
7007,1092130,1092211,father
7007,1092130,1092263,father
7007,1092131,1092211,mother
7007,1092131,1092262,mother
7007,1092132,1092212,father
7007,1092132,1092264,father
7007,1092133,1092212,mother
7007,1092133,1092263,mother
7007,1092134,1092213,father
7007,1092134,1092265,father
7007,1092135,1092213,mother
7007,1092135,1092264,mother
7007,1092136,1092214,father
7007,1092136,1092266,father
7007,1092137,1092214,mother
7007,1092137,1092265,mother
7007,1092138,1092215,father
7007,1092138,1092267,father
7007,1092139,1092215,mother
7007,1092139,1092266,mother
7007,1092140,1092216,father
7007,1092140,1092268,father
7007,1092141,1092216,mother
7007,1092141,1092267,mother
7007,1092142,1092217,father
7007,1092142,1092269,father
7007,1092143,1092217,mother
7007,1092143,1092268,mother
7007,1092144,1092218,father
7007,1092144,1092270,father
7007,1092145,1092218,mother
7007,1092145,1092269,mother
7007,1092146,1092219,father
7007,1092146,1092271,father
7007,1092147,1092219,mother
7007,1092147,1092270,mother
7007,1092148,1092220,father
7007,1092148,1092272,father
7007,1092149,1092220,mother
7007,1092149,1092271,mother
7007,1092150,1092221,father
7007,1092150,1092273,father
7007,1092151,1092221,mother
7007,1092151,1092272,mother
7007,1092152,1092222,father
7007,1092152,1092274,father
7007,1092153,1092222,mother
7007,1092153,1092273,mother
7007,1092154,1092223,father
7007,1092154,1092275,father
7007,1092155,1092223,mother
7007,1092155,1092274,mother
7007,1092156,1092224,father
7007,1092156,1092276,father
7007,1092157,1092224,mother
7007,1092157,1092275,mother
7007,1092158,1092225,father
7007,1092159,1092225,mother
7007,1092159,1092276,mother
7007,1092160,1092226,father
7007,1092161,1092226,mother
7007,1092162,1092227,father
7007,1092163,1092227,mother
7007,1092164,1092228,father
7007,1092165,1092228,mother
7007,1092166,1092229,father
7007,1092167,1092229,mother
7007,1092168,1092230,father
7007,1092169,1092230,mother
7007,1092170,1092231,father
7007,1092171,1092231,mother
7007,1092172,1092232,father
7007,1092173,1092232,mother
7007,1092174,1092233,father
7007,1092175,1092233,mother
7007,1092176,1092234,father
7007,1092177,1092234,mother
7007,1092178,1092235,father
7007,1092179,1092235,mother
7007,1092180,1092236,father
7007,1092181,1092236,mother
7007,1092182,1092237,father
7007,1092183,1092237,mother
7007,1092184,1092238,father
7007,1092185,1092238,mother
7007,1092186,1092239,father
7007,1092187,1092239,mother
7007,1092188,1092240,father
7007,1092189,1092277,father
7007,1092189,1092321,father
7007,1092190,1092277,mother
7007,1092190,1092321,mother
7007,1092191,1092278,father
7007,1092191,1092322,father
7007,1092192,1092278,mother
7007,1092192,1092322,mother
7007,1092193,1092279,father
7007,1092193,1092323,father
7007,1092194,1092279,mother
7007,1092194,1092323,mother
7007,1092195,1092280,father
7007,1092195,1092324,father
7007,1092196,1092280,mother
7007,1092196,1092324,mother
7007,1092197,1092281,father
7007,1092197,1092325,father
7007,1092198,1092281,mother
7007,1092198,1092325,mother
7007,1092199,1092282,father
7007,1092199,1092326,father
7007,1092200,1092282,mother
7007,1092200,1092326,mother
7007,1092201,1092283,father
7007,1092201,1092327,father
7007,1092202,1092283,mother
7007,1092202,1092327,mother
7007,1092203,1092284,father
7007,1092203,1092328,father
7007,1092204,1092284,mother
7007,1092204,1092328,mother
7007,1092205,1092285,father
7007,1092205,1092329,father
7007,1092206,1092285,mother
7007,1092206,1092329,mother
7007,1092207,1092286,father
7007,1092207,1092330,father
7007,1092208,1092286,mother
7007,1092208,1092330,mother
7007,1092209,1092287,father
7007,1092209,1092331,father
7007,1092210,1092287,mother
7007,1092210,1092331,mother
7007,1092211,1092288,father
7007,1092211,1092332,father
7007,1092212,1092288,mother
7007,1092212,1092332,mother
7007,1092213,1092289,father
7007,1092213,1092333,father
7007,1092214,1092289,mother
7007,1092214,1092333,mother
7007,1092215,1092290,father
7007,1092215,1092334,father
7007,1092216,1092290,mother
7007,1092216,1092334,mother
7007,1092217,1092291,father
7007,1092217,1092335,father
7007,1092218,1092291,mother
7007,1092218,1092335,mother
7007,1092219,1092292,father
7007,1092219,1092336,father
7007,1092220,1092292,mother
7007,1092220,1092336,mother
7007,1092221,1092293,father
7007,1092221,1092337,father
7007,1092222,1092293,mother
7007,1092222,1092337,mother
7007,1092223,1092294,father
7007,1092223,1092338,father
7007,1092224,1092294,mother
7007,1092224,1092338,mother
7007,1092225,1092295,father
7007,1092225,1092339,father
7007,1092226,1092295,mother
7007,1092226,1092339,mother
7007,1092227,1092296,father
7007,1092227,1092340,father
7007,1092228,1092296,mother
7007,1092228,1092340,mother
7007,1092229,1092297,father
7007,1092229,1092341,father
7007,1092230,1092297,mother
7007,1092230,1092341,mother
7007,1092231,1092298,father
7007,1092231,1092342,father
7007,1092232,1092298,mother
7007,1092232,1092342,mother
7007,1092233,1092299,father
7007,1092233,1092343,father
7007,1092234,1092299,mother
7007,1092234,1092343,mother
7007,1092235,1092300,father
7007,1092235,1092344,father
7007,1092236,1092300,mother
7007,1092236,1092344,mother
7007,1092237,1092301,father
7007,1092237,1092345,father
7007,1092238,1092301,mother
7007,1092238,1092345,mother
7007,1092239,1092302,father
7007,1092239,1092346,father
7007,1092240,1092302,mother
7007,1092240,1092346,mother
7007,1092241,1092303,father
7007,1092241,1092347,father
7007,1092242,1092303,mother
7007,1092242,1092347,mother
7007,1092243,1092304,father
7007,1092243,1092348,father
7007,1092244,1092304,mother
7007,1092244,1092348,mother
7007,1092245,1092305,father
7007,1092245,1092349,father
7007,1092246,1092305,mother
7007,1092246,1092349,mother
7007,1092247,1092306,father
7007,1092247,1092350,father
7007,1092248,1092306,mother
7007,1092248,1092350,mother
7007,1092249,1092307,father
7007,1092250,1092307,mother
7007,1092251,1092308,father
7007,1092252,1092308,mother
7007,1092253,1092309,father
7007,1092254,1092309,mother
7007,1092255,1092310,father
7007,1092256,1092310,mother
7007,1092257,1092311,father
7007,1092258,1092311,mother
7007,1092259,1092312,father
7007,1092260,1092312,mother
7007,1092261,1092313,father
7007,1092262,1092313,mother
7007,1092263,1092314,father
7007,1092264,1092314,mother
7007,1092265,1092315,father
7007,1092266,1092315,mother
7007,1092267,1092316,father
7007,1092268,1092316,mother
7007,1092269,1092317,father
7007,1092270,1092317,mother
7007,1092271,1092318,father
7007,1092272,1092318,mother
7007,1092273,1092319,father
7007,1092274,1092319,mother
7007,1092275,1092320,father
7007,1092276,1092320,mother
7007,1092277,1092351,father
7007,1092277,1092388,father
7007,1092278,1092351,mother
7007,1092278,1092388,mother
7007,1092279,1092352,father
7007,1092279,1092389,father
7007,1092280,1092352,mother
7007,1092280,1092389,mother
7007,1092281,1092353,father
7007,1092281,1092390,father
7007,1092282,1092353,mother
7007,1092282,1092390,mother
7007,1092283,1092354,father
7007,1092283,1092391,father
7007,1092284,1092354,mother
7007,1092284,1092391,mother
7007,1092285,1092355,father
7007,1092285,1092392,father
7007,1092286,1092355,mother
7007,1092286,1092392,mother
7007,1092287,1092356,father
7007,1092287,1092393,father
7007,1092288,1092356,mother
7007,1092288,1092393,mother
7007,1092289,1092357,father
7007,1092289,1092394,father
7007,1092290,1092357,mother
7007,1092290,1092394,mother
7007,1092291,1092358,father
7007,1092291,1092395,father
7007,1092292,1092358,mother
7007,1092292,1092395,mother
7007,1092293,1092359,father
7007,1092293,1092396,father
7007,1092294,1092359,mother
7007,1092294,1092396,mother
7007,1092295,1092360,father
7007,1092295,1092397,father
7007,1092296,1092360,mother
7007,1092296,1092397,mother
7007,1092297,1092361,father
7007,1092297,1092398,father
7007,1092298,1092361,mother
7007,1092298,1092398,mother
7007,1092299,1092362,father
7007,1092299,1092399,father
7007,1092300,1092362,mother
7007,1092300,1092399,mother
7007,1092301,1092363,father
7007,1092301,1092400,father
7007,1092302,1092363,mother
7007,1092302,1092400,mother
7007,1092303,1092364,father
7007,1092303,1092401,father
7007,1092304,1092364,mother
7007,1092304,1092401,mother
7007,1092305,1092365,father
7007,1092305,1092402,father
7007,1092306,1092365,mother
7007,1092306,1092402,mother
7007,1092307,1092366,father
7007,1092307,1092403,father
7007,1092308,1092366,mother
7007,1092308,1092403,mother
7007,1092309,1092367,father
7007,1092309,1092404,father
7007,1092310,1092367,mother
7007,1092310,1092404,mother
7007,1092311,1092368,father
7007,1092311,1092405,father
7007,1092312,1092368,mother
7007,1092312,1092405,mother
7007,1092313,1092369,father
7007,1092313,1092406,father
7007,1092314,1092369,mother
7007,1092314,1092406,mother
7007,1092315,1092370,father
7007,1092315,1092407,father
7007,1092316,1092370,mother
7007,1092316,1092407,mother
7007,1092317,1092371,father
7007,1092317,1092408,father
7007,1092318,1092371,mother
7007,1092318,1092408,mother
7007,1092319,1092372,father
7007,1092319,1092409,father
7007,1092320,1092372,mother
7007,1092320,1092409,mother
7007,1092321,1092373,father
7007,1092322,1092373,mother
7007,1092323,1092374,father
7007,1092324,1092374,mother
7007,1092325,1092375,father
7007,1092326,1092375,mother
7007,1092327,1092376,father
7007,1092328,1092376,mother
7007,1092329,1092377,father
7007,1092330,1092377,mother
7007,1092331,1092378,father
7007,1092332,1092378,mother
7007,1092333,1092379,father
7007,1092334,1092379,mother
7007,1092335,1092380,father
7007,1092336,1092380,mother
7007,1092337,1092381,father
7007,1092338,1092381,mother
7007,1092339,1092382,father
7007,1092340,1092382,mother
7007,1092341,1092383,father
7007,1092342,1092383,mother
7007,1092343,1092384,father
7007,1092344,1092384,mother
7007,1092345,1092385,father
7007,1092346,1092385,mother
7007,1092347,1092386,father
7007,1092348,1092386,mother
7007,1092349,1092387,father
7007,1092350,1092387,mother
7007,1092351,1092410,father
7007,1092351,1092440,father
7007,1092352,1092410,mother
7007,1092352,1092439,mother
7007,1092353,1092411,father
7007,1092353,1092441,father
7007,1092354,1092411,mother
7007,1092354,1092440,mother
7007,1092355,1092412,father
7007,1092355,1092442,father
7007,1092356,1092412,mother
7007,1092356,1092441,mother
7007,1092357,1092413,father
7007,1092357,1092443,father
7007,1092358,1092413,mother
7007,1092358,1092442,mother
7007,1092359,1092414,father
7007,1092359,1092444,father
7007,1092360,1092414,mother
7007,1092360,1092443,mother
7007,1092361,1092415,father
7007,1092361,1092445,father
7007,1092362,1092415,mother
7007,1092362,1092444,mother
7007,1092363,1092416,father
7007,1092363,1092446,father
7007,1092364,1092416,mother
7007,1092364,1092445,mother
7007,1092365,1092417,father
7007,1092365,1092447,father
7007,1092366,1092417,mother
7007,1092366,1092446,mother
7007,1092367,1092418,father
7007,1092367,1092448,father
7007,1092368,1092418,mother
7007,1092368,1092447,mother
7007,1092369,1092419,father
7007,1092369,1092449,father
7007,1092370,1092419,mother
7007,1092370,1092448,mother
7007,1092371,1092420,father
7007,1092371,1092450,father
7007,1092372,1092420,mother
7007,1092372,1092449,mother
7007,1092373,1092421,father
7007,1092373,1092451,father
7007,1092374,1092421,mother
7007,1092374,1092450,mother
7007,1092375,1092422,father
7007,1092375,1092452,father
7007,1092376,1092422,mother
7007,1092376,1092451,mother
7007,1092377,1092423,father
7007,1092377,1092453,father
7007,1092378,1092423,mother
7007,1092378,1092452,mother
7007,1092379,1092424,father
7007,1092379,1092454,father
7007,1092380,1092424,mother
7007,1092380,1092453,mother
7007,1092381,1092425,father
7007,1092382,1092425,mother
7007,1092382,1092454,mother
7007,1092383,1092426,father
7007,1092384,1092426,mother
7007,1092385,1092427,father
7007,1092386,1092427,mother
7007,1092387,1092428,father
7007,1092388,1092428,mother
7007,1092389,1092429,father
7007,1092390,1092429,mother
7007,1092391,1092430,father
7007,1092392,1092430,mother
7007,1092393,1092431,father
7007,1092394,1092431,mother
7007,1092395,1092432,father
7007,1092396,1092432,mother
7007,1092397,1092433,father
7007,1092398,1092433,mother
7007,1092399,1092434,father
7007,1092400,1092434,mother
7007,1092401,1092435,father
7007,1092402,1092435,mother
7007,1092403,1092436,father
7007,1092404,1092436,mother
7007,1092405,1092437,father
7007,1092406,1092437,mother
7007,1092407,1092438,father
7007,1092408,1092438,mother
7007,1092409,1092439,father
7007,1092410,1092455,father
7007,1092410,1092478,father
7007,1092411,1092455,mother
7007,1092411,1092477,mother
7007,1092412,1092456,father
7007,1092412,1092479,father
7007,1092413,1092456,mother
7007,1092413,1092478,mother
7007,1092414,1092457,father
7007,1092414,1092480,father
7007,1092415,1092457,mother
7007,1092415,1092479,mother
7007,1092416,1092458,father
7007,1092416,1092481,father
7007,1092417,1092458,mother
7007,1092417,1092480,mother
7007,1092418,1092459,father
7007,1092418,1092482,father
7007,1092419,1092459,mother
7007,1092419,1092481,mother
7007,1092420,1092460,father
7007,1092420,1092483,father
7007,1092421,1092460,mother
7007,1092421,1092482,mother
7007,1092422,1092461,father
7007,1092422,1092484,father
7007,1092423,1092461,mother
7007,1092423,1092483,mother
7007,1092424,1092462,father
7007,1092425,1092462,mother
7007,1092425,1092484,mother
7007,1092426,1092463,father
7007,1092427,1092463,mother
7007,1092428,1092464,father
7007,1092429,1092464,mother
7007,1092430,1092465,father
7007,1092431,1092465,mother
7007,1092432,1092466,father
7007,1092433,1092466,mother
7007,1092434,1092467,father
7007,1092435,1092467,mother
7007,1092436,1092468,father
7007,1092437,1092468,mother
7007,1092438,1092469,father
7007,1092439,1092469,mother
7007,1092440,1092470,father
7007,1092441,1092470,mother
7007,1092442,1092471,father
7007,1092443,1092471,mother
7007,1092444,1092472,father
7007,1092445,1092472,mother
7007,1092446,1092473,father
7007,1092447,1092473,mother
7007,1092448,1092474,father
7007,1092449,1092474,mother
7007,1092450,1092475,father
7007,1092451,1092475,mother
7007,1092452,1092476,father
7007,1092453,1092476,mother
7007,1092454,1092477,father
7007,1092455,1092485,father
7007,1092455,1092500,father
7007,1092456,1092485,mother
7007,1092456,1092500,mother
7007,1092457,1092486,father
7007,1092458,1092486,mother
7007,1092459,1092487,father
7007,1092460,1092487,mother
7007,1092461,1092488,father
7007,1092462,1092488,mother
7007,1092463,1092489,father
7007,1092464,1092489,mother
7007,1092465,1092490,father
7007,1092466,1092490,mother
7007,1092467,1092491,father
7007,1092468,1092491,mother
7007,1092469,1092492,father
7007,1092470,1092492,mother
7007,1092471,1092493,father
7007,1092472,1092493,mother
7007,1092473,1092494,father
7007,1092474,1092494,mother
7007,1092475,1092495,father
7007,1092476,1092495,mother
7007,1092477,1092496,father
7007,1092478,1092496,mother
7007,1092479,1092497,father
7007,1092480,1092497,mother
7007,1092481,1092498,father
7007,1092482,1092498,mother
7007,1092483,1092499,father
7007,1092484,1092499,mother
