tree_id,member_id_1,member_id_2,married_at,ended_at,status
7006,1085110,1085115,1479-01-01,1538-12-31,ended
7006,1085112,1085115,1481-01-01,1534-12-31,ended
7006,1085112,1085117,1487-01-01,1513-12-31,ended
7006,1085162,1085165,1481-01-01,1501-12-31,ended
7006,1085169,1085170,1502-01-01,1552-12-31,ended
7006,1085169,1085172,1508-01-01,1528-12-31,ended
7006,1085169,1085174,1508-01-01,1521-12-31,ended
7006,1085170,1085249,1505-01-01,1552-12-31,ended
7006,1085170,1085251,1502-01-01,1544-12-31,ended
7006,1085171,1085172,1506-01-01,1528-12-31,ended
7006,1085171,1085174,1503-01-01,1521-12-31,ended
7006,1085171,1085176,1504-01-01,1530-12-31,ended
7006,1085172,1085251,1503-01-01,1528-12-31,ended
7006,1085173,1085174,1508-01-01,1521-12-31,ended
7006,1085173,1085176,1507-01-01,1539-12-31,ended
7006,1085173,1085178,1502-01-01,1536-12-31,ended
7006,1085175,1085176,1506-01-01,1539-12-31,ended
7006,1085175,1085178,1502-01-01,1536-12-31,ended
7006,1085175,1085180,1506-01-01,1536-12-31,ended
7006,1085177,1085178,1508-01-01,1536-12-31,ended
7006,1085177,1085180,1507-01-01,1536-12-31,ended
7006,1085177,1085182,1502-01-01,1553-12-31,ended
7006,1085179,1085180,1504-01-01,1536-12-31,ended
7006,1085179,1085182,1506-01-01,1548-12-31,ended
7006,1085179,1085184,1502-01-01,1548-12-31,ended
7006,1085181,1085182,1507-01-01,1550-12-31,ended
7006,1085181,1085184,1505-01-01,1550-12-31,ended
7006,1085181,1085186,1507-01-01,1536-12-31,ended
7006,1085183,1085184,1507-01-01,1509-12-31,ended
7006,1085183,1085186,1506-01-01,1509-12-31,ended
7006,1085183,1085188,1508-01-01,1509-12-31,ended
7006,1085185,1085186,1504-01-01,1536-12-31,ended
7006,1085185,1085188,1506-01-01,1554-12-31,ended
7006,1085185,1085190,1507-01-01,1565-12-31,ended
7006,1085189,1085190,1503-01-01,1545-12-31,ended
7006,1085189,1085192,1503-01-01,1545-12-31,ended
7006,1085189,1085194,1504-01-01,1545-12-31,ended
7006,1085191,1085192,1505-01-01,1547-12-31,ended
7006,1085191,1085194,1502-01-01,1545-12-31,ended
7006,1085191,1085196,1504-01-01,1548-12-31,ended
7006,1085193,1085194,1503-01-01,1545-12-31,ended
7006,1085193,1085196,1503-01-01,1547-12-31,ended
7006,1085193,1085198,1508-01-01,1542-12-31,ended
7006,1085195,1085196,1508-01-01,1541-12-31,ended
7006,1085195,1085198,1508-01-01,1541-12-31,ended
7006,1085195,1085200,1505-01-01,1512-12-31,ended
7006,1085197,1085198,1508-01-01,1542-12-31,ended
7006,1085197,1085200,1502-01-01,1512-12-31,ended
7006,1085199,1085200,1503-01-01,1512-12-31,ended
7006,1085199,1085204,1503-01-01,1554-12-31,ended
7006,1085201,1085204,1504-01-01,1541-12-31,ended
7006,1085203,1085204,1507-01-01,1560-12-31,ended
7006,1085203,1085206,1503-01-01,1560-12-31,ended
7006,1085205,1085206,1507-01-01,1562-12-31,ended
7006,1085205,1085208,1507-01-01,1535-12-31,ended
7006,1085207,1085208,1503-01-01,1535-12-31,ended
7006,1085207,1085210,1503-01-01,1527-12-31,ended
7006,1085209,1085210,1501-01-01,1527-12-31,ended
7006,1085209,1085212,1504-01-01,1552-12-31,ended
7006,1085211,1085212,1507-01-01,1558-12-31,ended
7006,1085211,1085214,1507-01-01,1527-12-31,ended
7006,1085213,1085214,1505-01-01,1527-12-31,ended
7006,1085213,1085216,1505-01-01,1562-12-31,ended
7006,1085215,1085216,1502-01-01,1557-12-31,ended
7006,1085215,1085218,1503-01-01,1556-12-31,ended
7006,1085217,1085218,1506-01-01,1532-12-31,ended
7006,1085219,1085222,1503-01-01,1542-12-31,ended
7006,1085223,1085224,1506-01-01,1522-12-31,ended
7006,1085223,1085226,1503-01-01,1554-12-31,ended
7006,1085225,1085226,1508-01-01,1518-12-31,ended
7006,1085225,1085228,1503-01-01,1516-12-31,ended
7006,1085227,1085228,1506-01-01,1516-12-31,ended
7006,1085227,1085230,1507-01-01,1523-12-31,ended
7006,1085229,1085230,1500-01-01,1523-12-31,ended
7006,1085229,1085232,1505-01-01,1557-12-31,ended
7006,1085231,1085232,1504-01-01,1549-12-31,ended
7006,1085231,1085234,1502-01-01,1531-12-31,ended
7006,1085233,1085234,1506-01-01,1531-12-31,ended
7006,1085237,1085238,1505-01-01,1554-12-31,ended
7006,1085237,1085240,1503-01-01,1550-12-31,ended
7006,1085239,1085240,1506-01-01,1545-12-31,ended
7006,1085239,1085242,1505-01-01,1526-12-31,ended
7006,1085241,1085242,1507-01-01,1526-12-31,ended
7006,1085241,1085244,1503-01-01,1562-12-31,ended
7006,1085243,1085244,1503-01-01,1524-12-31,ended
7006,1085243,1085246,1504-01-01,1524-12-31,ended
7006,1085245,1085246,1504-01-01,1534-12-31,ended
7006,1085245,1085248,1507-01-01,1536-12-31,ended
7006,1085247,1085248,1503-01-01,1536-12-31,ended
7006,1085247,1085250,1503-01-01,1553-12-31,ended
7006,1085249,1085250,1503-01-01,1553-12-31,ended
7006,1085252,1085253,1528-01-01,1550-12-31,ended
7006,1085254,1085255,1527-01-01,1590-12-31,ended
7006,1085256,1085257,1523-01-01,1538-12-31,ended
7006,1085258,1085259,1525-01-01,1564-12-31,ended
7006,1085260,1085261,1527-01-01,1540-12-31,ended
7006,1085262,1085263,1525-01-01,1584-12-31,ended
7006,1085264,1085265,1525-01-01,1541-12-31,ended
7006,1085266,1085267,1526-01-01,1574-12-31,ended
7006,1085268,1085269,1524-01-01,1569-12-31,ended
7006,1085270,1085271,1529-01-01,1539-12-31,ended
7006,1085272,1085273,1523-01-01,1560-12-31,ended
7006,1085274,1085275,1523-01-01,1540-12-31,ended
7006,1085276,1085277,1525-01-01,1553-12-31,ended
7006,1085278,1085279,1525-01-01,1534-12-31,ended
7006,1085280,1085281,1529-01-01,1553-12-31,ended
7006,1085282,1085283,1527-01-01,1555-12-31,ended
7006,1085286,1085287,1529-01-01,1568-12-31,ended
7006,1085288,1085289,1526-01-01,1555-12-31,ended
7006,1085290,1085291,1527-01-01,1570-12-31,ended
7006,1085292,1085293,1523-01-01,1572-12-31,ended
7006,1085294,1085295,1523-01-01,1581-12-31,ended
7006,1085296,1085297,1527-01-01,1576-12-31,ended
7006,1085298,1085299,1525-01-01,1573-12-31,ended
7006,1085300,1085301,1524-01-01,1571-12-31,ended
7006,1085302,1085303,1524-01-01,1568-12-31,ended
7006,1085304,1085305,1523-01-01,1577-12-31,ended
7006,1085306,1085307,1524-01-01,1555-12-31,ended
7006,1085308,1085309,1524-01-01,1539-12-31,ended
7006,1085310,1085311,1523-01-01,1542-12-31,ended
7006,1085312,1085313,1526-01-01,1559-12-31,ended
7006,1085314,1085315,1527-01-01,1565-12-31,ended
7006,1085316,1085317,1523-01-01,1553-12-31,ended
7006,1085318,1085319,1526-01-01,1564-12-31,ended
7006,1085320,1085321,1524-01-01,1529-12-31,ended
7006,1085322,1085323,1524-01-01,1544-12-31,ended
7006,1085324,1085325,1526-01-01,1562-12-31,ended
7006,1085326,1085327,1526-01-01,1563-12-31,ended
7006,1085328,1085329,1526-01-01,1560-12-31,ended
7006,1085330,1085331,1526-01-01,1555-12-31,ended
7006,1085332,1085333,1524-01-01,1543-12-31,ended
7006,1085334,1085335,1523-01-01,1560-12-31,ended
7006,1085336,1085337,1526-01-01,1545-12-31,ended
7006,1085338,1085339,1526-01-01,1556-12-31,ended
7006,1085340,1085341,1524-01-01,1547-12-31,ended
7006,1085342,1085343,1528-01-01,1572-12-31,ended
7006,1085344,1085345,1526-01-01,1535-12-31,ended
7006,1085346,1085347,1527-01-01,1570-12-31,ended
7006,1085348,1085349,1528-01-01,1554-12-31,ended
7006,1085350,1085351,1523-01-01,1572-12-31,ended
7006,1085352,1085353,1547-01-01,1562-12-31,ended
7006,1085354,1085355,1544-01-01,1569-12-31,ended
7006,1085356,1085357,1549-01-01,1562-12-31,ended
7006,1085358,1085359,1545-01-01,1583-12-31,ended
7006,1085360,1085361,1550-01-01,1558-12-31,ended
7006,1085362,1085363,1542-01-01,1564-12-31,ended
7006,1085364,1085365,1544-01-01,1585-12-31,ended
7006,1085366,1085367,1549-01-01,1585-12-31,ended
7006,1085368,1085369,1545-01-01,1607-12-31,ended
7006,1085370,1085371,1547-01-01,1600-12-31,ended
7006,1085372,1085373,1542-01-01,1553-12-31,ended
7006,1085374,1085375,1545-01-01,1565-12-31,ended
7006,1085376,1085377,1545-01-01,1570-12-31,ended
7006,1085378,1085379,1545-01-01,1618-12-31,ended
7006,1085380,1085381,1549-01-01,1588-12-31,ended
7006,1085382,1085383,1549-01-01,1603-12-31,ended
7006,1085384,1085385,1549-01-01,1600-12-31,ended
7006,1085386,1085387,1547-01-01,1590-12-31,ended
7006,1085388,1085389,1549-01-01,1564-12-31,ended
7006,1085390,1085391,1549-01-01,1584-12-31,ended
7006,1085392,1085393,1543-01-01,1552-12-31,ended
7006,1085394,1085395,1545-01-01,1607-12-31,ended
7006,1085396,1085397,1544-01-01,1584-12-31,ended
7006,1085398,1085399,1549-01-01,1566-12-31,ended
7006,1085400,1085401,1550-01-01,1572-12-31,ended
7006,1085402,1085403,1545-01-01,1591-12-31,ended
7006,1085404,1085405,1545-01-01,1597-12-31,ended
7006,1085406,1085407,1549-01-01,1596-12-31,ended
7006,1085408,1085409,1545-01-01,1560-12-31,ended
7006,1085410,1085411,1550-01-01,1577-12-31,ended
7006,1085412,1085413,1544-01-01,1590-12-31,ended
7006,1085414,1085415,1544-01-01,1588-12-31,ended
7006,1085416,1085417,1545-01-01,1590-12-31,ended
7006,1085418,1085419,1544-01-01,1610-12-31,ended
7006,1085420,1085421,1545-01-01,1593-12-31,ended
7006,1085422,1085423,1550-01-01,1572-12-31,ended
7006,1085424,1085425,1545-01-01,1552-12-31,ended
7006,1085426,1085427,1547-01-01,1596-12-31,ended
7006,1085428,1085429,1548-01-01,1595-12-31,ended
7006,1085430,1085431,1545-01-01,1570-12-31,ended
7006,1085432,1085433,1544-01-01,1575-12-31,ended
7006,1085434,1085435,1545-01-01,1583-12-31,ended
7006,1085436,1085437,1548-01-01,1595-12-31,ended
7006,1085438,1085439,1548-01-01,1589-12-31,ended
7006,1085440,1085441,1550-01-01,1564-12-31,ended
7006,1085442,1085443,1544-01-01,1579-12-31,ended
7006,1085444,1085445,1547-01-01,1592-12-31,ended
7006,1085446,1085447,1544-01-01,1589-12-31,ended
7006,1085448,1085449,1548-01-01,1593-12-31,ended
7006,1085450,1085451,1548-01-01,1593-12-31,ended
7006,1085452,1085453,1544-01-01,1579-12-31,ended
7006,1085454,1085455,1545-01-01,1591-12-31,ended
7006,1085456,1085457,1549-01-01,1564-12-31,ended
7006,1085458,1085459,1549-01-01,1598-12-31,ended
7006,1085460,1085461,1546-01-01,1570-12-31,ended
7006,1085462,1085463,1548-01-01,1583-12-31,ended
7006,1085464,1085465,1546-01-01,1595-12-31,ended
7006,1085466,1085467,1547-01-01,1589-12-31,ended
7006,1085468,1085469,1571-01-01,1584-12-31,ended
7006,1085468,1085471,1568-01-01,1584-12-31,ended
7006,1085468,1085473,1570-01-01,1584-12-31,ended
7006,1085469,1085598,1568-01-01,1597-12-31,ended
7006,1085469,1085600,1567-01-01,1586-12-31,ended
7006,1085470,1085471,1566-01-01,1588-12-31,ended
7006,1085470,1085473,1570-01-01,1599-12-31,ended
7006,1085470,1085475,1571-01-01,1618-12-31,ended
7006,1085471,1085600,1567-01-01,1586-12-31,ended
7006,1085472,1085473,1566-01-01,1596-12-31,ended
7006,1085472,1085475,1568-01-01,1596-12-31,ended
7006,1085472,1085477,1568-01-01,1596-12-31,ended
7006,1085474,1085475,1571-01-01,1594-12-31,ended
7006,1085474,1085477,1566-01-01,1594-12-31,ended
7006,1085474,1085479,1565-01-01,1594-12-31,ended
7006,1085476,1085477,1569-01-01,1612-12-31,ended
7006,1085476,1085479,1568-01-01,1605-12-31,ended
7006,1085476,1085481,1564-01-01,1587-12-31,ended
7006,1085478,1085479,1565-01-01,1605-12-31,ended
7006,1085478,1085481,1566-01-01,1587-12-31,ended
7006,1085478,1085483,1571-01-01,1630-12-31,ended
7006,1085480,1085481,1569-01-01,1587-12-31,ended
7006,1085480,1085483,1569-01-01,1627-12-31,ended
7006,1085480,1085485,1569-01-01,1591-12-31,ended
7006,1085482,1085483,1569-01-01,1630-12-31,ended
7006,1085482,1085485,1565-01-01,1591-12-31,ended
7006,1085482,1085487,1568-01-01,1643-12-31,ended
7006,1085484,1085485,1567-01-01,1591-12-31,ended
7006,1085484,1085487,1566-01-01,1621-12-31,ended
7006,1085484,1085489,1569-01-01,1620-12-31,ended
7006,1085486,1085487,1569-01-01,1617-12-31,ended
7006,1085486,1085489,1567-01-01,1617-12-31,ended
7006,1085486,1085491,1565-01-01,1616-12-31,ended
7006,1085488,1085489,1564-01-01,1620-12-31,ended
7006,1085488,1085491,1570-01-01,1616-12-31,ended
7006,1085488,1085493,1571-01-01,1604-12-31,ended
7006,1085490,1085491,1565-01-01,1616-12-31,ended
7006,1085490,1085493,1566-01-01,1604-12-31,ended
7006,1085490,1085495,1571-01-01,1599-12-31,ended
7006,1085492,1085493,1566-01-01,1604-12-31,ended
7006,1085492,1085495,1570-01-01,1599-12-31,ended
7006,1085492,1085497,1571-01-01,1614-12-31,ended
7006,1085494,1085495,1568-01-01,1596-12-31,ended
7006,1085494,1085497,1569-01-01,1596-12-31,ended
7006,1085494,1085499,1566-01-01,1596-12-31,ended
7006,1085496,1085497,1568-01-01,1569-12-31,ended
7006,1085496,1085499,1567-01-01,1569-12-31,ended
7006,1085496,1085501,1565-01-01,1569-12-31,ended
7006,1085498,1085499,1566-01-01,1608-12-31,ended
7006,1085498,1085501,1567-01-01,1608-12-31,ended
7006,1085500,1085501,1565-01-01,1607-12-31,ended
7006,1085500,1085503,1570-01-01,1607-12-31,ended
7006,1085502,1085503,1571-01-01,1598-12-31,ended
7006,1085502,1085505,1568-01-01,1598-12-31,ended
7006,1085504,1085505,1565-01-01,1602-12-31,ended
7006,1085504,1085507,1568-01-01,1602-12-31,ended
7006,1085506,1085507,1571-01-01,1617-12-31,ended
7006,1085506,1085509,1570-01-01,1637-12-31,ended
7006,1085508,1085509,1565-01-01,1605-12-31,ended
7006,1085508,1085511,1565-01-01,1605-12-31,ended
7006,1085510,1085511,1565-01-01,1587-12-31,ended
7006,1085510,1085513,1569-01-01,1587-12-31,ended
7006,1085512,1085513,1568-01-01,1606-12-31,ended
7006,1085512,1085515,1567-01-01,1617-12-31,ended
7006,1085514,1085515,1565-01-01,1592-12-31,ended
7006,1085514,1085517,1568-01-01,1592-12-31,ended
7006,1085516,1085517,1569-01-01,1594-12-31,ended
7006,1085516,1085519,1569-01-01,1594-12-31,ended
7006,1085518,1085519,1565-01-01,1590-12-31,ended
7006,1085518,1085521,1568-01-01,1587-12-31,ended
7006,1085520,1085521,1568-01-01,1587-12-31,ended
7006,1085520,1085523,1569-01-01,1590-12-31,ended
7006,1085522,1085523,1569-01-01,1619-12-31,ended
7006,1085522,1085525,1570-01-01,1599-12-31,ended
7006,1085524,1085525,1567-01-01,1599-12-31,ended
7006,1085524,1085527,1568-01-01,1601-12-31,ended
7006,1085526,1085527,1570-01-01,1613-12-31,ended
7006,1085526,1085529,1567-01-01,1613-12-31,ended
7006,1085528,1085529,1568-01-01,1619-12-31,ended
7006,1085528,1085531,1566-01-01,1610-12-31,ended
7006,1085530,1085531,1568-01-01,1610-12-31,ended
7006,1085530,1085533,1566-01-01,1614-12-31,ended
7006,1085532,1085533,1566-01-01,1614-12-31,ended
7006,1085532,1085535,1565-01-01,1634-12-31,ended
7006,1085534,1085535,1566-01-01,1621-12-31,ended
7006,1085534,1085537,1565-01-01,1621-12-31,ended
7006,1085536,1085537,1565-01-01,1610-12-31,ended
7006,1085536,1085539,1571-01-01,1610-12-31,ended
7006,1085538,1085539,1567-01-01,1605-12-31,ended
7006,1085538,1085541,1564-01-01,1605-12-31,ended
7006,1085540,1085541,1567-01-01,1615-12-31,ended
7006,1085540,1085543,1568-01-01,1615-12-31,ended
7006,1085542,1085543,1570-01-01,1591-12-31,ended
7006,1085542,1085545,1570-01-01,1591-12-31,ended
7006,1085544,1085545,1569-01-01,1610-12-31,ended
7006,1085544,1085547,1567-01-01,1610-12-31,ended
7006,1085546,1085547,1567-01-01,1629-12-31,ended
7006,1085546,1085549,1571-01-01,1629-12-31,ended
7006,1085548,1085549,1566-01-01,1629-12-31,ended
7006,1085548,1085551,1570-01-01,1611-12-31,ended
7006,1085550,1085551,1566-01-01,1595-12-31,ended
7006,1085550,1085553,1565-01-01,1595-12-31,ended
7006,1085552,1085553,1565-01-01,1577-12-31,ended
7006,1085552,1085555,1565-01-01,1577-12-31,ended
7006,1085554,1085555,1565-01-01,1601-12-31,ended
7006,1085554,1085557,1569-01-01,1606-12-31,ended
7006,1085556,1085557,1566-01-01,1598-12-31,ended
7006,1085556,1085559,1569-01-01,1598-12-31,ended
7006,1085558,1085559,1565-01-01,1599-12-31,ended
7006,1085558,1085561,1571-01-01,1605-12-31,ended
7006,1085560,1085561,1567-01-01,1634-12-31,ended
7006,1085560,1085563,1570-01-01,1630-12-31,ended
7006,1085562,1085563,1571-01-01,1623-12-31,ended
7006,1085562,1085565,1568-01-01,1605-12-31,ended
7006,1085564,1085565,1567-01-01,1595-12-31,ended
7006,1085564,1085567,1568-01-01,1595-12-31,ended
7006,1085566,1085567,1565-01-01,1616-12-31,ended
7006,1085566,1085569,1567-01-01,1614-12-31,ended
7006,1085568,1085569,1570-01-01,1614-12-31,ended
7006,1085568,1085571,1571-01-01,1622-12-31,ended
7006,1085570,1085571,1568-01-01,1608-12-31,ended
7006,1085570,1085573,1570-01-01,1608-12-31,ended
7006,1085572,1085573,1566-01-01,1624-12-31,ended
7006,1085572,1085575,1571-01-01,1600-12-31,ended
7006,1085574,1085575,1567-01-01,1600-12-31,ended
7006,1085574,1085577,1570-01-01,1605-12-31,ended
7006,1085576,1085577,1567-01-01,1605-12-31,ended
7006,1085576,1085579,1569-01-01,1611-12-31,ended
7006,1085578,1085579,1569-01-01,1623-12-31,ended
7006,1085578,1085581,1569-01-01,1623-12-31,ended
7006,1085580,1085581,1570-01-01,1618-12-31,ended
7006,1085580,1085583,1565-01-01,1618-12-31,ended
7006,1085582,1085583,1566-01-01,1612-12-31,ended
7006,1085582,1085585,1565-01-01,1612-12-31,ended
7006,1085584,1085585,1570-01-01,1605-12-31,ended
7006,1085584,1085587,1570-01-01,1598-12-31,ended
7006,1085586,1085587,1566-01-01,1598-12-31,ended
7006,1085586,1085589,1567-01-01,1585-12-31,ended
7006,1085588,1085589,1566-01-01,1585-12-31,ended
7006,1085588,1085591,1567-01-01,1605-12-31,ended
7006,1085590,1085591,1569-01-01,1583-12-31,ended
7006,1085590,1085593,1567-01-01,1583-12-31,ended
7006,1085592,1085593,1565-01-01,1610-12-31,ended
7006,1085592,1085595,1568-01-01,1607-12-31,ended
7006,1085594,1085595,1568-01-01,1601-12-31,ended
7006,1085594,1085597,1566-01-01,1601-12-31,ended
7006,1085596,1085597,1565-01-01,1615-12-31,ended
7006,1085596,1085599,1565-01-01,1593-12-31,ended
7006,1085598,1085599,1565-01-01,1593-12-31,ended
7006,1085601,1085602,1586-01-01,1643-12-31,ended
7006,1085601,1085604,1588-01-01,1622-12-31,ended
7006,1085601,1085606,1592-01-01,1643-12-31,ended
7006,1085602,1085747,1586-01-01,1655-12-31,ended
7006,1085602,1085749,1586-01-01,1640-12-31,ended
7006,1085603,1085604,1591-01-01,1622-12-31,ended
7006,1085603,1085606,1586-01-01,1658-12-31,ended
7006,1085603,1085608,1592-01-01,1630-12-31,ended
7006,1085604,1085749,1591-01-01,1622-12-31,ended
7006,1085605,1085606,1591-01-01,1654-12-31,ended
7006,1085605,1085608,1592-01-01,1630-12-31,ended
7006,1085605,1085610,1589-01-01,1654-12-31,ended
7006,1085607,1085608,1589-01-01,1630-12-31,ended
7006,1085607,1085610,1588-01-01,1638-12-31,ended
7006,1085607,1085612,1592-01-01,1638-12-31,ended
7006,1085609,1085610,1591-01-01,1605-12-31,ended
7006,1085609,1085612,1592-01-01,1605-12-31,ended
7006,1085609,1085614,1586-01-01,1605-12-31,ended
7006,1085611,1085612,1586-01-01,1638-12-31,ended
7006,1085611,1085614,1589-01-01,1638-12-31,ended
7006,1085611,1085616,1588-01-01,1638-12-31,ended
7006,1085613,1085614,1587-01-01,1613-12-31,ended
7006,1085613,1085616,1589-01-01,1613-12-31,ended
7006,1085613,1085618,1586-01-01,1613-12-31,ended
7006,1085615,1085616,1588-01-01,1618-12-31,ended
7006,1085615,1085618,1591-01-01,1618-12-31,ended
7006,1085615,1085620,1591-01-01,1618-12-31,ended
7006,1085617,1085618,1591-01-01,1637-12-31,ended
7006,1085617,1085620,1586-01-01,1637-12-31,ended
7006,1085617,1085622,1592-01-01,1613-12-31,ended
7006,1085619,1085620,1589-01-01,1630-12-31,ended
7006,1085619,1085622,1589-01-01,1613-12-31,ended
7006,1085619,1085624,1586-01-01,1593-12-31,ended
7006,1085621,1085622,1591-01-01,1613-12-31,ended
7006,1085621,1085624,1584-01-01,1593-12-31,ended
7006,1085621,1085626,1587-01-01,1632-12-31,ended
7006,1085623,1085624,1588-01-01,1592-12-31,ended
7006,1085623,1085626,1590-01-01,1592-12-31,ended
7006,1085623,1085628,1588-01-01,1592-12-31,ended
7006,1085625,1085626,1586-01-01,1619-12-31,ended
7006,1085625,1085628,1592-01-01,1619-12-31,ended
7006,1085625,1085630,1590-01-01,1595-12-31,ended
7006,1085627,1085628,1588-01-01,1641-12-31,ended
7006,1085627,1085630,1592-01-01,1595-12-31,ended
7006,1085627,1085632,1586-01-01,1632-12-31,ended
7006,1085629,1085630,1589-01-01,1595-12-31,ended
7006,1085629,1085632,1590-01-01,1632-12-31,ended
7006,1085629,1085634,1591-01-01,1642-12-31,ended
7006,1085631,1085632,1586-01-01,1632-12-31,ended
7006,1085631,1085634,1586-01-01,1663-12-31,ended
7006,1085631,1085636,1588-01-01,1633-12-31,ended
7006,1085633,1085634,1589-01-01,1622-12-31,ended
7006,1085633,1085636,1592-01-01,1622-12-31,ended
7006,1085635,1085636,1587-01-01,1630-12-31,ended
7006,1085635,1085638,1587-01-01,1630-12-31,ended
7006,1085637,1085638,1588-01-01,1641-12-31,ended
7006,1085637,1085640,1587-01-01,1627-12-31,ended
7006,1085639,1085640,1587-01-01,1605-12-31,ended
7006,1085639,1085642,1588-01-01,1605-12-31,ended
7006,1085641,1085642,1586-01-01,1633-12-31,ended
7006,1085641,1085644,1589-01-01,1633-12-31,ended
7006,1085643,1085644,1588-01-01,1627-12-31,ended
7006,1085643,1085646,1591-01-01,1627-12-31,ended
7006,1085645,1085646,1585-01-01,1637-12-31,ended
7006,1085645,1085648,1588-01-01,1654-12-31,ended
7006,1085647,1085648,1589-01-01,1596-12-31,ended
7006,1085647,1085650,1592-01-01,1596-12-31,ended
7006,1085649,1085650,1592-01-01,1639-12-31,ended
7006,1085649,1085652,1587-01-01,1624-12-31,ended
7006,1085651,1085652,1587-01-01,1624-12-31,ended
7006,1085651,1085654,1589-01-01,1635-12-31,ended
7006,1085653,1085654,1588-01-01,1623-12-31,ended
7006,1085653,1085656,1589-01-01,1623-12-31,ended
7006,1085655,1085656,1589-01-01,1619-12-31,ended
7006,1085655,1085658,1589-01-01,1619-12-31,ended
7006,1085657,1085658,1590-01-01,1620-12-31,ended
7006,1085657,1085660,1591-01-01,1620-12-31,ended
7006,1085659,1085660,1590-01-01,1638-12-31,ended
7006,1085659,1085662,1587-01-01,1642-12-31,ended
7006,1085661,1085662,1591-01-01,1638-12-31,ended
7006,1085661,1085664,1590-01-01,1628-12-31,ended
7006,1085663,1085664,1590-01-01,1609-12-31,ended
7006,1085663,1085666,1586-01-01,1609-12-31,ended
7006,1085665,1085666,1588-01-01,1632-12-31,ended
7006,1085665,1085668,1589-01-01,1636-12-31,ended
7006,1085667,1085668,1587-01-01,1636-12-31,ended
7006,1085667,1085670,1588-01-01,1626-12-31,ended
7006,1085669,1085670,1590-01-01,1626-12-31,ended
7006,1085669,1085672,1591-01-01,1651-12-31,ended
7006,1085671,1085672,1586-01-01,1611-12-31,ended
7006,1085671,1085674,1590-01-01,1611-12-31,ended
7006,1085673,1085674,1587-01-01,1637-12-31,ended
7006,1085673,1085676,1588-01-01,1610-12-31,ended
7006,1085675,1085676,1587-01-01,1610-12-31,ended
7006,1085675,1085678,1589-01-01,1616-12-31,ended
7006,1085677,1085678,1588-01-01,1616-12-31,ended
7006,1085677,1085680,1590-01-01,1618-12-31,ended
7006,1085679,1085680,1590-01-01,1618-12-31,ended
7006,1085679,1085682,1587-01-01,1639-12-31,ended
7006,1085681,1085682,1592-01-01,1640-12-31,ended
7006,1085681,1085684,1589-01-01,1659-12-31,ended
7006,1085683,1085684,1587-01-01,1651-12-31,ended
7006,1085683,1085686,1588-01-01,1615-12-31,ended
7006,1085685,1085686,1587-01-01,1615-12-31,ended
7006,1085685,1085688,1587-01-01,1599-12-31,ended
7006,1085687,1085688,1590-01-01,1599-12-31,ended
7006,1085687,1085690,1590-01-01,1644-12-31,ended
7006,1085689,1085690,1587-01-01,1643-12-31,ended
7006,1085689,1085692,1588-01-01,1640-12-31,ended
7006,1085691,1085692,1588-01-01,1640-12-31,ended
7006,1085691,1085694,1591-01-01,1643-12-31,ended
7006,1085693,1085694,1587-01-01,1608-12-31,ended
7006,1085693,1085696,1586-01-01,1608-12-31,ended
7006,1085695,1085696,1592-01-01,1613-12-31,ended
7006,1085695,1085698,1586-01-01,1598-12-31,ended
7006,1085697,1085698,1591-01-01,1598-12-31,ended
7006,1085697,1085700,1588-01-01,1607-12-31,ended
7006,1085699,1085700,1589-01-01,1607-12-31,ended
7006,1085699,1085702,1590-01-01,1602-12-31,ended
7006,1085701,1085702,1592-01-01,1602-12-31,ended
7006,1085701,1085704,1587-01-01,1609-12-31,ended
7006,1085703,1085704,1590-01-01,1609-12-31,ended
7006,1085703,1085706,1588-01-01,1654-12-31,ended
7006,1085705,1085706,1586-01-01,1641-12-31,ended
7006,1085705,1085708,1587-01-01,1626-12-31,ended
7006,1085707,1085708,1587-01-01,1626-12-31,ended
7006,1085707,1085710,1586-01-01,1652-12-31,ended
7006,1085709,1085710,1585-01-01,1591-12-31,ended
7006,1085709,1085712,1588-01-01,1591-12-31,ended
7006,1085711,1085712,1592-01-01,1637-12-31,ended
7006,1085711,1085714,1589-01-01,1624-12-31,ended
7006,1085713,1085714,1591-01-01,1624-12-31,ended
7006,1085713,1085716,1592-01-01,1639-12-31,ended
7006,1085715,1085716,1591-01-01,1637-12-31,ended
7006,1085715,1085718,1589-01-01,1632-12-31,ended
7006,1085717,1085718,1591-01-01,1632-12-31,ended
7006,1085717,1085720,1590-01-01,1640-12-31,ended
7006,1085719,1085720,1588-01-01,1628-12-31,ended
7006,1085719,1085722,1590-01-01,1628-12-31,ended
7006,1085721,1085722,1587-01-01,1631-12-31,ended
7006,1085721,1085724,1590-01-01,1622-12-31,ended
7006,1085723,1085724,1587-01-01,1622-12-31,ended
7006,1085723,1085726,1588-01-01,1618-12-31,ended
7006,1085725,1085726,1586-01-01,1599-12-31,ended
7006,1085725,1085728,1586-01-01,1599-12-31,ended
7006,1085727,1085728,1588-01-01,1624-12-31,ended
7006,1085727,1085730,1587-01-01,1641-12-31,ended
7006,1085729,1085730,1591-01-01,1641-12-31,ended
7006,1085729,1085732,1588-01-01,1643-12-31,ended
7006,1085731,1085732,1587-01-01,1662-12-31,ended
7006,1085731,1085734,1586-01-01,1629-12-31,ended
7006,1085733,1085734,1587-01-01,1629-12-31,ended
7006,1085733,1085736,1586-01-01,1639-12-31,ended
7006,1085735,1085736,1588-01-01,1613-12-31,ended
7006,1085735,1085738,1588-01-01,1613-12-31,ended
7006,1085737,1085738,1588-01-01,1621-12-31,ended
7006,1085737,1085740,1588-01-01,1621-12-31,ended
7006,1085739,1085740,1589-01-01,1631-12-31,ended
7006,1085739,1085742,1589-01-01,1631-12-31,ended
7006,1085741,1085742,1590-01-01,1647-12-31,ended
7006,1085741,1085744,1591-01-01,1615-12-31,ended
7006,1085743,1085744,1588-01-01,1615-12-31,ended
7006,1085743,1085746,1589-01-01,1622-12-31,ended
7006,1085745,1085746,1588-01-01,1622-12-31,ended
7006,1085745,1085748,1586-01-01,1604-12-31,ended
7006,1085747,1085748,1587-01-01,1604-12-31,ended
7006,1085750,1085751,1611-01-01,1646-12-31,ended
7006,1085752,1085753,1612-01-01,1634-12-31,ended
7006,1085754,1085755,1610-01-01,1647-12-31,ended
7006,1085756,1085757,1609-01-01,1654-12-31,ended
7006,1085758,1085759,1611-01-01,1636-12-31,ended
7006,1085760,1085761,1610-01-01,1661-12-31,ended
7006,1085762,1085763,1609-01-01,1660-12-31,ended
7006,1085764,1085765,1608-01-01,1630-12-31,ended
7006,1085766,1085767,1607-01-01,1653-12-31,ended
7006,1085768,1085769,1610-01-01,1619-12-31,ended
7006,1085770,1085771,1607-01-01,1651-12-31,ended
7006,1085772,1085773,1613-01-01,1670-12-31,ended
7006,1085774,1085775,1610-01-01,1637-12-31,ended
7006,1085776,1085777,1610-01-01,1655-12-31,ended
7006,1085778,1085779,1610-01-01,1631-12-31,ended
7006,1085780,1085781,1609-01-01,1645-12-31,ended
7006,1085782,1085783,1607-01-01,1657-12-31,ended
7006,1085784,1085785,1607-01-01,1640-12-31,ended
7006,1085786,1085787,1608-01-01,1654-12-31,ended
7006,1085788,1085789,1607-01-01,1685-12-31,ended
7006,1085790,1085791,1607-01-01,1669-12-31,ended
7006,1085792,1085793,1608-01-01,1637-12-31,ended
7006,1085794,1085795,1609-01-01,1633-12-31,ended
7006,1085796,1085797,1611-01-01,1652-12-31,ended
7006,1085798,1085799,1610-01-01,1647-12-31,ended
7006,1085800,1085801,1609-01-01,1657-12-31,ended
7006,1085802,1085803,1607-01-01,1643-12-31,ended
7006,1085804,1085805,1610-01-01,1644-12-31,ended
7006,1085806,1085807,1609-01-01,1651-12-31,ended
7006,1085808,1085809,1610-01-01,1639-12-31,ended
7006,1085810,1085811,1607-01-01,1614-12-31,ended
7006,1085812,1085813,1612-01-01,1627-12-31,ended
7006,1085814,1085815,1609-01-01,1642-12-31,ended
7006,1085816,1085817,1612-01-01,1669-12-31,ended
7006,1085818,1085819,1610-01-01,1647-12-31,ended
7006,1085820,1085821,1607-01-01,1657-12-31,ended
7006,1085822,1085823,1609-01-01,1615-12-31,ended
7006,1085824,1085825,1611-01-01,1642-12-31,ended
7006,1085826,1085827,1608-01-01,1634-12-31,ended
7006,1085828,1085829,1608-01-01,1622-12-31,ended
7006,1085830,1085831,1609-01-01,1653-12-31,ended
7006,1085832,1085833,1607-01-01,1648-12-31,ended
7006,1085834,1085835,1607-01-01,1631-12-31,ended
7006,1085836,1085837,1613-01-01,1622-12-31,ended
7006,1085838,1085839,1613-01-01,1646-12-31,ended
7006,1085840,1085841,1611-01-01,1625-12-31,ended
7006,1085842,1085843,1608-01-01,1673-12-31,ended
7006,1085844,1085845,1609-01-01,1661-12-31,ended
7006,1085846,1085847,1611-01-01,1630-12-31,ended
7006,1085848,1085849,1609-01-01,1648-12-31,ended
7006,1085850,1085851,1610-01-01,1626-12-31,ended
7006,1085852,1085853,1608-01-01,1682-12-31,ended
7006,1085854,1085855,1610-01-01,1646-12-31,ended
7006,1085856,1085857,1608-01-01,1661-12-31,ended
7006,1085858,1085859,1609-01-01,1653-12-31,ended
7006,1085860,1085861,1612-01-01,1639-12-31,ended
7006,1085862,1085863,1609-01-01,1636-12-31,ended
7006,1085864,1085865,1609-01-01,1631-12-31,ended
7006,1085866,1085867,1613-01-01,1680-12-31,ended
7006,1085868,1085869,1609-01-01,1650-12-31,ended
7006,1085870,1085871,1608-01-01,1659-12-31,ended
7006,1085872,1085873,1610-01-01,1636-12-31,ended
7006,1085874,1085875,1607-01-01,1661-12-31,ended
7006,1085876,1085877,1607-01-01,1636-12-31,ended
7006,1085878,1085879,1612-01-01,1623-12-31,ended
7006,1085880,1085881,1612-01-01,1646-12-31,ended
7006,1085882,1085883,1609-01-01,1673-12-31,ended
7006,1085884,1085885,1609-01-01,1650-12-31,ended
7006,1085886,1085887,1608-01-01,1644-12-31,ended
7006,1085888,1085889,1610-01-01,1646-12-31,ended
7006,1085890,1085891,1606-01-01,1643-12-31,ended
7006,1085892,1085893,1610-01-01,1645-12-31,ended
7006,1085894,1085895,1610-01-01,1664-12-31,ended
7006,1085896,1085897,1612-01-01,1638-12-31,ended
7006,1085898,1085899,1611-01-01,1647-12-31,ended
7006,1085900,1085901,1607-01-01,1651-12-31,ended
7006,1085902,1085903,1612-01-01,1625-12-31,ended
7006,1085904,1085905,1612-01-01,1651-12-31,ended
7006,1085906,1085907,1608-01-01,1634-12-31,ended
7006,1085908,1085909,1611-01-01,1674-12-31,ended
7006,1085910,1085911,1611-01-01,1664-12-31,ended
7006,1085912,1085913,1609-01-01,1660-12-31,ended
7006,1085914,1085915,1613-01-01,1636-12-31,ended
7006,1085916,1085917,1628-01-01,1677-12-31,ended
7006,1085918,1085919,1630-01-01,1646-12-31,ended
7006,1085920,1085921,1633-01-01,1671-12-31,ended
7006,1085922,1085923,1629-01-01,1651-12-31,ended
7006,1085924,1085925,1630-01-01,1696-12-31,ended
7006,1085926,1085927,1634-01-01,1668-12-31,ended
7006,1085928,1085929,1629-01-01,1682-12-31,ended
7006,1085930,1085931,1628-01-01,1644-12-31,ended
7006,1085932,1085933,1628-01-01,1651-12-31,ended
7006,1085934,1085935,1628-01-01,1669-12-31,ended
7006,1085936,1085937,1633-01-01,1666-12-31,ended
7006,1085938,1085939,1631-01-01,1647-12-31,ended
7006,1085940,1085941,1630-01-01,1673-12-31,ended
7006,1085942,1085943,1632-01-01,1672-12-31,ended
7006,1085944,1085945,1633-01-01,1677-12-31,ended
7006,1085946,1085947,1634-01-01,1672-12-31,ended
7006,1085948,1085949,1628-01-01,1677-12-31,ended
7006,1085950,1085951,1633-01-01,1635-12-31,ended
7006,1085952,1085953,1631-01-01,1666-12-31,ended
7006,1085954,1085955,1627-01-01,1654-12-31,ended
7006,1085956,1085957,1632-01-01,1671-12-31,ended
7006,1085958,1085959,1633-01-01,1654-12-31,ended
7006,1085960,1085961,1632-01-01,1678-12-31,ended
7006,1085962,1085963,1630-01-01,1671-12-31,ended
7006,1085964,1085965,1629-01-01,1658-12-31,ended
7006,1085966,1085967,1634-01-01,1674-12-31,ended
7006,1085968,1085969,1633-01-01,1678-12-31,ended
7006,1085970,1085971,1632-01-01,1636-12-31,ended
7006,1085972,1085973,1628-01-01,1661-12-31,ended
7006,1085974,1085975,1633-01-01,1656-12-31,ended
7006,1085976,1085977,1631-01-01,1660-12-31,ended
7006,1085978,1085979,1626-01-01,1675-12-31,ended
7006,1085980,1085981,1632-01-01,1654-12-31,ended
7006,1085982,1085983,1629-01-01,1672-12-31,ended
7006,1085984,1085985,1631-01-01,1651-12-31,ended
7006,1085986,1085987,1631-01-01,1650-12-31,ended
7006,1085988,1085989,1633-01-01,1675-12-31,ended
7006,1085990,1085991,1631-01-01,1677-12-31,ended
7006,1085992,1085993,1628-01-01,1664-12-31,ended
7006,1085994,1085995,1629-01-01,1701-12-31,ended
7006,1085996,1085997,1631-01-01,1688-12-31,ended
7006,1085998,1085999,1629-01-01,1657-12-31,ended
7006,1086000,1086001,1629-01-01,1657-12-31,ended
7006,1086002,1086003,1634-01-01,1655-12-31,ended
7006,1086004,1086005,1629-01-01,1690-12-31,ended
7006,1086006,1086007,1629-01-01,1656-12-31,ended
7006,1086008,1086009,1629-01-01,1678-12-31,ended
7006,1086010,1086011,1628-01-01,1683-12-31,ended
7006,1086012,1086013,1628-01-01,1655-12-31,ended
7006,1086014,1086015,1629-01-01,1697-12-31,ended
7006,1086016,1086017,1632-01-01,1668-12-31,ended
7006,1086018,1086019,1630-01-01,1660-12-31,ended
7006,1086020,1086021,1629-01-01,1660-12-31,ended
7006,1086022,1086023,1634-01-01,1656-12-31,ended
7006,1086024,1086025,1632-01-01,1681-12-31,ended
7006,1086026,1086027,1631-01-01,1671-12-31,ended
7006,1086028,1086029,1629-01-01,1640-12-31,ended
7006,1086030,1086031,1630-01-01,1673-12-31,ended
7006,1086032,1086033,1630-01-01,1646-12-31,ended
7006,1086034,1086035,1633-01-01,1639-12-31,ended
7006,1086036,1086037,1627-01-01,1678-12-31,ended
7006,1086038,1086039,1630-01-01,1635-12-31,ended
7006,1086040,1086041,1630-01-01,1687-12-31,ended
7006,1086042,1086043,1630-01-01,1647-12-31,ended
7006,1086044,1086045,1628-01-01,1693-12-31,ended
7006,1086046,1086047,1634-01-01,1707-12-31,ended
7006,1086048,1086049,1629-01-01,1684-12-31,ended
7006,1086050,1086051,1631-01-01,1665-12-31,ended
7006,1086052,1086053,1634-01-01,1642-12-31,ended
7006,1086054,1086055,1628-01-01,1663-12-31,ended
7006,1086056,1086057,1632-01-01,1640-12-31,ended
7006,1086058,1086059,1628-01-01,1649-12-31,ended
7006,1086060,1086061,1630-01-01,1655-12-31,ended
7006,1086062,1086063,1627-01-01,1696-12-31,ended
7006,1086064,1086065,1629-01-01,1685-12-31,ended
7006,1086066,1086067,1630-01-01,1638-12-31,ended
7006,1086068,1086069,1633-01-01,1657-12-31,ended
7006,1086070,1086071,1627-01-01,1642-12-31,ended
7006,1086072,1086073,1630-01-01,1662-12-31,ended
7006,1086074,1086075,1627-01-01,1646-12-31,ended
7006,1086076,1086077,1629-01-01,1665-12-31,ended
7006,1086078,1086079,1632-01-01,1644-12-31,ended
7006,1086080,1086081,1633-01-01,1695-12-31,ended
7006,1086082,1086083,1632-01-01,1645-12-31,ended
7006,1086084,1086085,1632-01-01,1660-12-31,ended
7006,1086086,1086087,1630-01-01,1664-12-31,ended
7006,1086088,1086089,1629-01-01,1656-12-31,ended
7006,1086090,1086091,1632-01-01,1670-12-31,ended
7006,1086092,1086093,1633-01-01,1679-12-31,ended
7006,1086094,1086095,1631-01-01,1691-12-31,ended
7006,1086096,1086097,1634-01-01,1684-12-31,ended
7006,1086098,1086099,1651-01-01,1694-12-31,ended
7006,1086098,1086101,1653-01-01,1694-12-31,ended
7006,1086098,1086103,1649-01-01,1694-12-31,ended
7006,1086099,1086294,1654-01-01,1676-12-31,ended
7006,1086099,1086296,1651-01-01,1662-12-31,ended
7006,1086100,1086101,1655-01-01,1715-12-31,ended
7006,1086100,1086103,1651-01-01,1715-12-31,ended
7006,1086100,1086105,1649-01-01,1699-12-31,ended
7006,1086101,1086296,1648-01-01,1662-12-31,ended
7006,1086102,1086103,1654-01-01,1670-12-31,ended
7006,1086102,1086105,1650-01-01,1670-12-31,ended
7006,1086102,1086107,1650-01-01,1670-12-31,ended
7006,1086104,1086105,1654-01-01,1699-12-31,ended
7006,1086104,1086107,1651-01-01,1682-12-31,ended
7006,1086104,1086109,1651-01-01,1688-12-31,ended
7006,1086106,1086107,1649-01-01,1682-12-31,ended
7006,1086106,1086109,1651-01-01,1688-12-31,ended
7006,1086106,1086111,1654-01-01,1725-12-31,ended
7006,1086108,1086109,1651-01-01,1688-12-31,ended
7006,1086108,1086111,1654-01-01,1706-12-31,ended
7006,1086108,1086113,1655-01-01,1706-12-31,ended
7006,1086110,1086111,1654-01-01,1686-12-31,ended
7006,1086110,1086113,1652-01-01,1686-12-31,ended
7006,1086110,1086115,1653-01-01,1686-12-31,ended
7006,1086112,1086113,1652-01-01,1662-12-31,ended
7006,1086112,1086115,1653-01-01,1662-12-31,ended
7006,1086112,1086117,1653-01-01,1662-12-31,ended
7006,1086114,1086115,1651-01-01,1687-12-31,ended
7006,1086114,1086117,1652-01-01,1691-12-31,ended
7006,1086114,1086119,1652-01-01,1696-12-31,ended
7006,1086116,1086117,1650-01-01,1691-12-31,ended
7006,1086116,1086119,1651-01-01,1706-12-31,ended
7006,1086116,1086121,1649-01-01,1689-12-31,ended
7006,1086118,1086119,1650-01-01,1661-12-31,ended
7006,1086118,1086121,1653-01-01,1661-12-31,ended
7006,1086118,1086123,1653-01-01,1661-12-31,ended
7006,1086120,1086121,1652-01-01,1676-12-31,ended
7006,1086120,1086123,1654-01-01,1676-12-31,ended
7006,1086120,1086125,1651-01-01,1676-12-31,ended
7006,1086122,1086123,1654-01-01,1715-12-31,ended
7006,1086122,1086125,1652-01-01,1693-12-31,ended
7006,1086122,1086127,1653-01-01,1715-12-31,ended
7006,1086124,1086125,1655-01-01,1682-12-31,ended
7006,1086124,1086127,1649-01-01,1682-12-31,ended
7006,1086124,1086129,1652-01-01,1682-12-31,ended
7006,1086126,1086127,1654-01-01,1709-12-31,ended
7006,1086126,1086129,1650-01-01,1709-12-31,ended
7006,1086126,1086131,1651-01-01,1708-12-31,ended
7006,1086128,1086129,1651-01-01,1701-12-31,ended
7006,1086128,1086131,1651-01-01,1701-12-31,ended
7006,1086128,1086133,1649-01-01,1658-12-31,ended
7006,1086130,1086131,1655-01-01,1708-12-31,ended
7006,1086130,1086133,1650-01-01,1658-12-31,ended
7006,1086132,1086133,1649-01-01,1658-12-31,ended
7006,1086132,1086135,1650-01-01,1715-12-31,ended
7006,1086134,1086135,1652-01-01,1714-12-31,ended
7006,1086134,1086137,1650-01-01,1664-12-31,ended
7006,1086136,1086137,1650-01-01,1664-12-31,ended
7006,1086136,1086139,1649-01-01,1708-12-31,ended
7006,1086138,1086139,1651-01-01,1686-12-31,ended
7006,1086138,1086141,1651-01-01,1676-12-31,ended
7006,1086140,1086141,1650-01-01,1676-12-31,ended
7006,1086140,1086143,1655-01-01,1678-12-31,ended
7006,1086142,1086143,1653-01-01,1675-12-31,ended
7006,1086142,1086145,1650-01-01,1675-12-31,ended
7006,1086144,1086145,1654-01-01,1699-12-31,ended
7006,1086144,1086147,1653-01-01,1661-12-31,ended
7006,1086146,1086147,1650-01-01,1661-12-31,ended
7006,1086146,1086149,1652-01-01,1713-12-31,ended
7006,1086148,1086149,1652-01-01,1685-12-31,ended
7006,1086148,1086151,1650-01-01,1685-12-31,ended
7006,1086150,1086151,1655-01-01,1696-12-31,ended
7006,1086150,1086153,1655-01-01,1664-12-31,ended
7006,1086152,1086153,1651-01-01,1664-12-31,ended
7006,1086152,1086155,1655-01-01,1687-12-31,ended
7006,1086154,1086155,1650-01-01,1677-12-31,ended
7006,1086154,1086157,1652-01-01,1677-12-31,ended
7006,1086156,1086157,1651-01-01,1705-12-31,ended
7006,1086156,1086159,1649-01-01,1692-12-31,ended
7006,1086158,1086159,1650-01-01,1692-12-31,ended
7006,1086158,1086161,1654-01-01,1713-12-31,ended
7006,1086160,1086161,1650-01-01,1705-12-31,ended
7006,1086160,1086163,1653-01-01,1705-12-31,ended
7006,1086162,1086163,1651-01-01,1674-12-31,ended
7006,1086162,1086165,1650-01-01,1674-12-31,ended
7006,1086164,1086165,1654-01-01,1683-12-31,ended
7006,1086164,1086167,1648-01-01,1683-12-31,ended
7006,1086166,1086167,1653-01-01,1708-12-31,ended
7006,1086166,1086169,1654-01-01,1658-12-31,ended
7006,1086168,1086169,1654-01-01,1658-12-31,ended
7006,1086168,1086171,1655-01-01,1673-12-31,ended
7006,1086170,1086171,1650-01-01,1682-12-31,ended
7006,1086170,1086173,1653-01-01,1682-12-31,ended
7006,1086172,1086173,1652-01-01,1679-12-31,ended
7006,1086172,1086175,1652-01-01,1679-12-31,ended
7006,1086174,1086175,1654-01-01,1708-12-31,ended
7006,1086174,1086177,1653-01-01,1688-12-31,ended
7006,1086176,1086177,1654-01-01,1688-12-31,ended
7006,1086176,1086179,1649-01-01,1705-12-31,ended
7006,1086178,1086179,1651-01-01,1661-12-31,ended
7006,1086178,1086181,1649-01-01,1661-12-31,ended
7006,1086180,1086181,1654-01-01,1685-12-31,ended
7006,1086180,1086183,1652-01-01,1685-12-31,ended
7006,1086182,1086183,1649-01-01,1664-12-31,ended
7006,1086182,1086185,1652-01-01,1664-12-31,ended
7006,1086184,1086185,1653-01-01,1671-12-31,ended
7006,1086184,1086187,1652-01-01,1671-12-31,ended
7006,1086186,1086187,1654-01-01,1694-12-31,ended
7006,1086186,1086189,1650-01-01,1684-12-31,ended
7006,1086188,1086189,1652-01-01,1684-12-31,ended
7006,1086188,1086191,1653-01-01,1669-12-31,ended
7006,1086190,1086191,1651-01-01,1669-12-31,ended
7006,1086190,1086193,1655-01-01,1705-12-31,ended
7006,1086192,1086193,1650-01-01,1705-12-31,ended
7006,1086192,1086195,1651-01-01,1705-12-31,ended
7006,1086194,1086195,1654-01-01,1685-12-31,ended
7006,1086194,1086197,1649-01-01,1685-12-31,ended
7006,1086196,1086197,1650-01-01,1662-12-31,ended
7006,1086196,1086199,1651-01-01,1660-12-31,ended
7006,1086198,1086199,1651-01-01,1660-12-31,ended
7006,1086198,1086201,1652-01-01,1689-12-31,ended
7006,1086200,1086201,1651-01-01,1689-12-31,ended
7006,1086200,1086203,1653-01-01,1718-12-31,ended
7006,1086202,1086203,1648-01-01,1712-12-31,ended
7006,1086202,1086205,1652-01-01,1698-12-31,ended
7006,1086204,1086205,1651-01-01,1690-12-31,ended
7006,1086204,1086207,1655-01-01,1690-12-31,ended
7006,1086206,1086207,1653-01-01,1676-12-31,ended
7006,1086206,1086209,1655-01-01,1676-12-31,ended
7006,1086208,1086209,1653-01-01,1684-12-31,ended
7006,1086208,1086211,1649-01-01,1684-12-31,ended
7006,1086210,1086211,1651-01-01,1700-12-31,ended
7006,1086210,1086213,1653-01-01,1663-12-31,ended
7006,1086212,1086213,1652-01-01,1663-12-31,ended
7006,1086212,1086215,1653-01-01,1685-12-31,ended
7006,1086214,1086215,1650-01-01,1701-12-31,ended
7006,1086214,1086217,1651-01-01,1729-12-31,ended
7006,1086216,1086217,1653-01-01,1657-12-31,ended
7006,1086216,1086219,1655-01-01,1657-12-31,ended
7006,1086218,1086219,1651-01-01,1687-12-31,ended
7006,1086218,1086221,1652-01-01,1668-12-31,ended
7006,1086220,1086221,1649-01-01,1667-12-31,ended
7006,1086220,1086223,1654-01-01,1667-12-31,ended
7006,1086222,1086223,1652-01-01,1698-12-31,ended
7006,1086222,1086225,1649-01-01,1701-12-31,ended
7006,1086224,1086225,1652-01-01,1696-12-31,ended
7006,1086224,1086227,1655-01-01,1690-12-31,ended
7006,1086226,1086227,1648-01-01,1690-12-31,ended
7006,1086226,1086229,1651-01-01,1692-12-31,ended
7006,1086228,1086229,1650-01-01,1692-12-31,ended
7006,1086228,1086231,1655-01-01,1704-12-31,ended
7006,1086230,1086231,1651-01-01,1694-12-31,ended
7006,1086230,1086233,1650-01-01,1688-12-31,ended
7006,1086232,1086233,1654-01-01,1688-12-31,ended
7006,1086232,1086235,1652-01-01,1675-12-31,ended
7006,1086234,1086235,1652-01-01,1675-12-31,ended
7006,1086234,1086237,1650-01-01,1707-12-31,ended
7006,1086236,1086237,1652-01-01,1672-12-31,ended
7006,1086236,1086239,1654-01-01,1672-12-31,ended
7006,1086238,1086239,1655-01-01,1675-12-31,ended
7006,1086238,1086241,1649-01-01,1687-12-31,ended
7006,1086240,1086241,1652-01-01,1687-12-31,ended
7006,1086240,1086243,1650-01-01,1702-12-31,ended
7006,1086242,1086243,1654-01-01,1702-12-31,ended
7006,1086242,1086245,1651-01-01,1720-12-31,ended
7006,1086244,1086245,1650-01-01,1711-12-31,ended
7006,1086244,1086247,1650-01-01,1706-12-31,ended
7006,1086246,1086247,1650-01-01,1706-12-31,ended
7006,1086246,1086249,1651-01-01,1712-12-31,ended
7006,1086248,1086249,1653-01-01,1670-12-31,ended
7006,1086248,1086251,1651-01-01,1670-12-31,ended
7006,1086250,1086251,1653-01-01,1704-12-31,ended
7006,1086250,1086253,1653-01-01,1704-12-31,ended
7006,1086252,1086253,1653-01-01,1688-12-31,ended
7006,1086252,1086255,1653-01-01,1688-12-31,ended
7006,1086254,1086255,1653-01-01,1662-12-31,ended
7006,1086254,1086257,1650-01-01,1662-12-31,ended
7006,1086256,1086257,1653-01-01,1680-12-31,ended
7006,1086256,1086259,1653-01-01,1680-12-31,ended
7006,1086258,1086259,1650-01-01,1698-12-31,ended
7006,1086258,1086261,1647-01-01,1698-12-31,ended
7006,1086260,1086261,1650-01-01,1705-12-31,ended
7006,1086260,1086263,1649-01-01,1683-12-31,ended
7006,1086262,1086263,1652-01-01,1683-12-31,ended
7006,1086262,1086265,1649-01-01,1683-12-31,ended
7006,1086264,1086265,1651-01-01,1707-12-31,ended
7006,1086264,1086267,1651-01-01,1668-12-31,ended
7006,1086266,1086267,1653-01-01,1668-12-31,ended
7006,1086266,1086269,1652-01-01,1702-12-31,ended
7006,1086268,1086269,1654-01-01,1695-12-31,ended
7006,1086268,1086271,1651-01-01,1692-12-31,ended
7006,1086270,1086271,1649-01-01,1683-12-31,ended
7006,1086270,1086273,1652-01-01,1683-12-31,ended
7006,1086272,1086273,1649-01-01,1700-12-31,ended
7006,1086272,1086275,1649-01-01,1703-12-31,ended
7006,1086274,1086275,1653-01-01,1694-12-31,ended
7006,1086274,1086277,1649-01-01,1694-12-31,ended
7006,1086276,1086277,1651-01-01,1655-12-31,ended
7006,1086276,1086279,1653-01-01,1655-12-31,ended
7006,1086278,1086279,1649-01-01,1678-12-31,ended
7006,1086278,1086281,1650-01-01,1678-12-31,ended
7006,1086280,1086281,1650-01-01,1701-12-31,ended
7006,1086280,1086283,1650-01-01,1684-12-31,ended
7006,1086282,1086283,1654-01-01,1684-12-31,ended
7006,1086282,1086285,1652-01-01,1689-12-31,ended
7006,1086284,1086285,1652-01-01,1700-12-31,ended
7006,1086284,1086287,1650-01-01,1682-12-31,ended
7006,1086286,1086287,1653-01-01,1682-12-31,ended
7006,1086286,1086289,1652-01-01,1682-12-31,ended
7006,1086288,1086289,1648-01-01,1688-12-31,ended
7006,1086288,1086291,1649-01-01,1688-12-31,ended
7006,1086290,1086291,1653-01-01,1696-12-31,ended
7006,1086290,1086293,1649-01-01,1677-12-31,ended
7006,1086292,1086293,1654-01-01,1677-12-31,ended
7006,1086292,1086295,1650-01-01,1683-12-31,ended
7006,1086294,1086295,1651-01-01,1676-12-31,ended
7006,1086297,1086298,1673-01-01,1714-12-31,ended
7006,1086299,1086300,1673-01-01,1712-12-31,ended
7006,1086301,1086302,1671-01-01,1678-12-31,ended
7006,1086303,1086304,1673-01-01,1685-12-31,ended
7006,1086305,1086306,1676-01-01,1705-12-31,ended
7006,1086307,1086308,1670-01-01,1715-12-31,ended
7006,1086309,1086310,1672-01-01,1719-12-31,ended
7006,1086311,1086312,1676-01-01,1687-12-31,ended
7006,1086313,1086314,1673-01-01,1724-12-31,ended
7006,1086315,1086316,1674-01-01,1696-12-31,ended
7006,1086317,1086318,1673-01-01,1711-12-31,ended
7006,1086319,1086320,1671-01-01,1730-12-31,ended
7006,1086321,1086322,1672-01-01,1703-12-31,ended
7006,1086323,1086324,1673-01-01,1702-12-31,ended
7006,1086325,1086326,1670-01-01,1697-12-31,ended
7006,1086327,1086328,1670-01-01,1703-12-31,ended
7006,1086329,1086330,1674-01-01,1734-12-31,ended
7006,1086331,1086332,1676-01-01,1707-12-31,ended
7006,1086333,1086334,1672-01-01,1739-12-31,ended
7006,1086335,1086336,1670-01-01,1744-12-31,ended
7006,1086337,1086338,1672-01-01,1696-12-31,ended
7006,1086339,1086340,1673-01-01,1720-12-31,ended
7006,1086341,1086342,1673-01-01,1701-12-31,ended
7006,1086343,1086344,1672-01-01,1680-12-31,ended
7006,1086345,1086346,1671-01-01,1723-12-31,ended
7006,1086347,1086348,1671-01-01,1675-12-31,ended
7006,1086349,1086350,1675-01-01,1701-12-31,ended
7006,1086351,1086352,1672-01-01,1714-12-31,ended
7006,1086353,1086354,1673-01-01,1717-12-31,ended
7006,1086355,1086356,1671-01-01,1710-12-31,ended
7006,1086357,1086358,1673-01-01,1689-12-31,ended
7006,1086359,1086360,1671-01-01,1715-12-31,ended
7006,1086361,1086362,1673-01-01,1708-12-31,ended
7006,1086363,1086364,1674-01-01,1695-12-31,ended
7006,1086365,1086366,1672-01-01,1677-12-31,ended
7006,1086367,1086368,1675-01-01,1716-12-31,ended
7006,1086369,1086370,1671-01-01,1723-12-31,ended
7006,1086371,1086372,1676-01-01,1713-12-31,ended
7006,1086373,1086374,1675-01-01,1732-12-31,ended
7006,1086375,1086376,1673-01-01,1707-12-31,ended
7006,1086377,1086378,1674-01-01,1690-12-31,ended
7006,1086379,1086380,1676-01-01,1708-12-31,ended
7006,1086381,1086382,1676-01-01,1691-12-31,ended
7006,1086383,1086384,1671-01-01,1705-12-31,ended
7006,1086385,1086386,1673-01-01,1700-12-31,ended
7006,1086387,1086388,1673-01-01,1710-12-31,ended
7006,1086389,1086390,1672-01-01,1713-12-31,ended
7006,1086391,1086392,1673-01-01,1700-12-31,ended
7006,1086393,1086394,1676-01-01,1698-12-31,ended
7006,1086395,1086396,1670-01-01,1722-12-31,ended
7006,1086397,1086398,1673-01-01,1696-12-31,ended
7006,1086399,1086400,1674-01-01,1732-12-31,ended
7006,1086401,1086402,1675-01-01,1715-12-31,ended
7006,1086403,1086404,1676-01-01,1695-12-31,ended
7006,1086405,1086406,1675-01-01,1730-12-31,ended
7006,1086407,1086408,1674-01-01,1740-12-31,ended
7006,1086409,1086410,1676-01-01,1720-12-31,ended
7006,1086411,1086412,1670-01-01,1679-12-31,ended
7006,1086413,1086414,1673-01-01,1703-12-31,ended
7006,1086415,1086416,1676-01-01,1726-12-31,ended
7006,1086417,1086418,1675-01-01,1704-12-31,ended
7006,1086419,1086420,1674-01-01,1726-12-31,ended
7006,1086421,1086422,1672-01-01,1682-12-31,ended
7006,1086423,1086424,1672-01-01,1718-12-31,ended
7006,1086425,1086426,1670-01-01,1683-12-31,ended
7006,1086427,1086428,1672-01-01,1675-12-31,ended
7006,1086429,1086430,1673-01-01,1718-12-31,ended
7006,1086431,1086432,1674-01-01,1714-12-31,ended
7006,1086433,1086434,1673-01-01,1707-12-31,ended
7006,1086435,1086436,1673-01-01,1720-12-31,ended
7006,1086437,1086438,1671-01-01,1701-12-31,ended
7006,1086439,1086440,1672-01-01,1687-12-31,ended
7006,1086441,1086442,1676-01-01,1719-12-31,ended
7006,1086443,1086444,1675-01-01,1739-12-31,ended
7006,1086445,1086446,1670-01-01,1690-12-31,ended
7006,1086447,1086448,1675-01-01,1681-12-31,ended
7006,1086449,1086450,1672-01-01,1716-12-31,ended
7006,1086451,1086452,1674-01-01,1712-12-31,ended
7006,1086453,1086454,1672-01-01,1718-12-31,ended
7006,1086455,1086456,1671-01-01,1702-12-31,ended
7006,1086457,1086458,1674-01-01,1704-12-31,ended
7006,1086459,1086460,1675-01-01,1675-12-31,ended
7006,1086461,1086462,1675-01-01,1696-12-31,ended
7006,1086463,1086464,1675-01-01,1733-12-31,ended
7006,1086465,1086466,1675-01-01,1709-12-31,ended
7006,1086467,1086468,1673-01-01,1706-12-31,ended
7006,1086469,1086470,1670-01-01,1699-12-31,ended
7006,1086471,1086472,1671-01-01,1694-12-31,ended
7006,1086473,1086474,1670-01-01,1700-12-31,ended
7006,1086475,1086476,1675-01-01,1719-12-31,ended
7006,1086477,1086478,1674-01-01,1709-12-31,ended
7006,1086479,1086480,1672-01-01,1731-12-31,ended
7006,1086481,1086482,1670-01-01,1703-12-31,ended
7006,1086483,1086484,1676-01-01,1694-12-31,ended
7006,1086485,1086486,1673-01-01,1724-12-31,ended
7006,1086487,1086488,1675-01-01,1693-12-31,ended
7006,1086489,1086490,1672-01-01,1699-12-31,ended
7006,1086491,1086492,1671-01-01,1723-12-31,ended
7006,1086493,1086494,1674-01-01,1691-12-31,ended
7006,1086495,1086496,1673-01-01,1729-12-31,ended
7006,1086497,1086498,1670-01-01,1704-12-31,ended
7006,1086499,1086500,1675-01-01,1700-12-31,ended
7006,1086501,1086502,1675-01-01,1681-12-31,ended
7006,1086503,1086504,1672-01-01,1710-12-31,ended
7006,1086505,1086506,1673-01-01,1710-12-31,ended
7006,1086507,1086508,1675-01-01,1713-12-31,ended
7006,1086509,1086510,1673-01-01,1689-12-31,ended
7006,1086511,1086512,1672-01-01,1685-12-31,ended
7006,1086513,1086514,1693-01-01,1695-12-31,ended
7006,1086515,1086516,1691-01-01,1712-12-31,ended
7006,1086517,1086518,1692-01-01,1709-12-31,ended
7006,1086519,1086520,1695-01-01,1731-12-31,ended
7006,1086521,1086522,1694-01-01,1741-12-31,ended
7006,1086523,1086524,1692-01-01,1733-12-31,ended
7006,1086525,1086526,1693-01-01,1745-12-31,ended
7006,1086527,1086528,1695-01-01,1699-12-31,ended
7006,1086529,1086530,1696-01-01,1712-12-31,ended
7006,1086531,1086532,1695-01-01,1744-12-31,ended
7006,1086533,1086534,1695-01-01,1735-12-31,ended
7006,1086535,1086536,1694-01-01,1733-12-31,ended
7006,1086537,1086538,1693-01-01,1748-12-31,ended
7006,1086539,1086540,1696-01-01,1704-12-31,ended
7006,1086541,1086542,1694-01-01,1742-12-31,ended
7006,1086543,1086544,1696-01-01,1703-12-31,ended
7006,1086545,1086546,1695-01-01,1722-12-31,ended
7006,1086547,1086548,1691-01-01,1716-12-31,ended
7006,1086549,1086550,1695-01-01,1751-12-31,ended
7006,1086551,1086552,1693-01-01,1747-12-31,ended
7006,1086553,1086554,1691-01-01,1698-12-31,ended
7006,1086555,1086556,1692-01-01,1732-12-31,ended
7006,1086557,1086558,1694-01-01,1717-12-31,ended
7006,1086559,1086560,1692-01-01,1703-12-31,ended
7006,1086561,1086562,1693-01-01,1728-12-31,ended
7006,1086563,1086564,1695-01-01,1742-12-31,ended
7006,1086565,1086566,1692-01-01,1735-12-31,ended
7006,1086567,1086568,1694-01-01,1732-12-31,ended
7006,1086569,1086570,1693-01-01,1725-12-31,ended
7006,1086571,1086572,1691-01-01,1717-12-31,ended
7006,1086573,1086574,1694-01-01,1726-12-31,ended
7006,1086575,1086576,1693-01-01,1699-12-31,ended
7006,1086577,1086578,1695-01-01,1738-12-31,ended
7006,1086579,1086580,1695-01-01,1722-12-31,ended
7006,1086581,1086582,1694-01-01,1716-12-31,ended
7006,1086583,1086584,1695-01-01,1747-12-31,ended
7006,1086585,1086586,1697-01-01,1743-12-31,ended
7006,1086587,1086588,1691-01-01,1714-12-31,ended
7006,1086589,1086590,1696-01-01,1752-12-31,ended
7006,1086591,1086592,1691-01-01,1749-12-31,ended
7006,1086593,1086594,1693-01-01,1711-12-31,ended
7006,1086595,1086596,1693-01-01,1728-12-31,ended
7006,1086597,1086598,1695-01-01,1739-12-31,ended
7006,1086599,1086600,1693-01-01,1730-12-31,ended
7006,1086601,1086602,1695-01-01,1732-12-31,ended
7006,1086603,1086604,1695-01-01,1698-12-31,ended
7006,1086605,1086606,1697-01-01,1746-12-31,ended
7006,1086607,1086608,1694-01-01,1727-12-31,ended
7006,1086609,1086610,1696-01-01,1728-12-31,ended
7006,1086611,1086612,1695-01-01,1720-12-31,ended
7006,1086613,1086614,1696-01-01,1758-12-31,ended
7006,1086615,1086616,1694-01-01,1721-12-31,ended
7006,1086617,1086618,1695-01-01,1708-12-31,ended
7006,1086619,1086620,1691-01-01,1722-12-31,ended
7006,1086621,1086622,1692-01-01,1726-12-31,ended
7006,1086623,1086624,1695-01-01,1733-12-31,ended
7006,1086625,1086626,1692-01-01,1725-12-31,ended
7006,1086627,1086628,1695-01-01,1732-12-31,ended
7006,1086629,1086630,1691-01-01,1726-12-31,ended
7006,1086631,1086632,1697-01-01,1723-12-31,ended
7006,1086633,1086634,1692-01-01,1712-12-31,ended
7006,1086635,1086636,1691-01-01,1730-12-31,ended
7006,1086637,1086638,1691-01-01,1719-12-31,ended
7006,1086639,1086640,1693-01-01,1728-12-31,ended
7006,1086641,1086642,1693-01-01,1736-12-31,ended
7006,1086643,1086644,1694-01-01,1697-12-31,ended
7006,1086645,1086646,1689-01-01,1742-12-31,ended
7006,1086647,1086648,1692-01-01,1723-12-31,ended
7006,1086649,1086650,1693-01-01,1719-12-31,ended
7006,1086651,1086652,1696-01-01,1733-12-31,ended
7006,1086653,1086654,1696-01-01,1709-12-31,ended
7006,1086655,1086656,1694-01-01,1737-12-31,ended
7006,1086657,1086658,1691-01-01,1770-12-31,ended
7006,1086659,1086660,1697-01-01,1710-12-31,ended
7006,1086661,1086662,1695-01-01,1732-12-31,ended
7006,1086663,1086664,1694-01-01,1702-12-31,ended
7006,1086665,1086666,1693-01-01,1714-12-31,ended
7006,1086667,1086668,1691-01-01,1730-12-31,ended
7006,1086669,1086670,1694-01-01,1705-12-31,ended
7006,1086671,1086672,1692-01-01,1732-12-31,ended
7006,1086673,1086674,1693-01-01,1753-12-31,ended
7006,1086675,1086676,1691-01-01,1724-12-31,ended
7006,1086677,1086678,1695-01-01,1764-12-31,ended
7006,1086679,1086680,1691-01-01,1728-12-31,ended
7006,1086681,1086682,1690-01-01,1702-12-31,ended
7006,1086683,1086684,1695-01-01,1717-12-31,ended
7006,1086685,1086686,1697-01-01,1735-12-31,ended
7006,1086687,1086688,1693-01-01,1765-12-31,ended
7006,1086689,1086690,1691-01-01,1729-12-31,ended
7006,1086691,1086692,1696-01-01,1741-12-31,ended
7006,1086693,1086694,1694-01-01,1729-12-31,ended
7006,1086695,1086696,1695-01-01,1710-12-31,ended
7006,1086697,1086698,1695-01-01,1730-12-31,ended
7006,1086699,1086700,1694-01-01,1753-12-31,ended
7006,1086701,1086702,1692-01-01,1736-12-31,ended
7006,1086703,1086704,1696-01-01,1756-12-31,ended
7006,1086705,1086706,1695-01-01,1717-12-31,ended
7006,1086707,1086708,1691-01-01,1702-12-31,ended
7006,1086709,1086710,1692-01-01,1749-12-31,ended
7006,1086711,1086712,1694-01-01,1740-12-31,ended
7006,1086713,1086714,1693-01-01,1748-12-31,ended
7006,1086715,1086716,1691-01-01,1715-12-31,ended
7006,1086717,1086718,1697-01-01,1725-12-31,ended
7006,1086719,1086720,1691-01-01,1726-12-31,ended
7006,1086721,1086722,1692-01-01,1711-12-31,ended
7006,1086723,1086724,1695-01-01,1738-12-31,ended
7006,1086725,1086726,1696-01-01,1722-12-31,ended
7006,1086727,1086728,1691-01-01,1728-12-31,ended
7006,1086729,1086730,1696-01-01,1709-12-31,ended
7006,1086731,1086732,1693-01-01,1719-12-31,ended
7006,1086733,1086734,1695-01-01,1713-12-31,ended
7006,1086735,1086736,1691-01-01,1744-12-31,ended
7006,1086737,1086738,1694-01-01,1725-12-31,ended
7006,1086739,1086740,1694-01-01,1736-12-31,ended
7006,1086741,1086742,1694-01-01,1720-12-31,ended
7006,1086743,1086744,1694-01-01,1740-12-31,ended
7006,1086745,1086746,1713-01-01,1737-12-31,ended
7006,1086745,1086748,1713-01-01,1737-12-31,ended
7006,1086746,1086991,1717-01-01,1755-12-31,ended
7006,1086746,1086993,1714-01-01,1771-12-31,ended
7006,1086747,1086748,1712-01-01,1762-12-31,ended
7006,1086747,1086750,1712-01-01,1762-12-31,ended
7006,1086749,1086750,1713-01-01,1784-12-31,ended
7006,1086749,1086752,1712-01-01,1749-12-31,ended
7006,1086751,1086752,1714-01-01,1745-12-31,ended
7006,1086751,1086754,1713-01-01,1745-12-31,ended
7006,1086753,1086754,1713-01-01,1748-12-31,ended
7006,1086753,1086756,1714-01-01,1748-12-31,ended
7006,1086755,1086756,1715-01-01,1760-12-31,ended
7006,1086755,1086758,1716-01-01,1762-12-31,ended
7006,1086757,1086758,1713-01-01,1762-12-31,ended
7006,1086757,1086760,1713-01-01,1764-12-31,ended
7006,1086759,1086760,1716-01-01,1749-12-31,ended
7006,1086759,1086762,1717-01-01,1749-12-31,ended
7006,1086761,1086762,1716-01-01,1745-12-31,ended
7006,1086761,1086764,1712-01-01,1745-12-31,ended
7006,1086763,1086764,1716-01-01,1756-12-31,ended
7006,1086763,1086766,1713-01-01,1756-12-31,ended
7006,1086765,1086766,1714-01-01,1772-12-31,ended
7006,1086765,1086768,1716-01-01,1753-12-31,ended
7006,1086767,1086768,1718-01-01,1753-12-31,ended
7006,1086767,1086770,1715-01-01,1764-12-31,ended
7006,1086769,1086770,1717-01-01,1718-12-31,ended
7006,1086769,1086772,1714-01-01,1718-12-31,ended
7006,1086771,1086772,1712-01-01,1761-12-31,ended
7006,1086771,1086774,1715-01-01,1760-12-31,ended
7006,1086773,1086774,1714-01-01,1760-12-31,ended
7006,1086773,1086776,1716-01-01,1745-12-31,ended
7006,1086775,1086776,1713-01-01,1745-12-31,ended
7006,1086775,1086778,1713-01-01,1741-12-31,ended
7006,1086777,1086778,1715-01-01,1740-12-31,ended
7006,1086777,1086780,1715-01-01,1740-12-31,ended
7006,1086779,1086780,1716-01-01,1733-12-31,ended
7006,1086779,1086782,1714-01-01,1733-12-31,ended
7006,1086781,1086782,1714-01-01,1764-12-31,ended
7006,1086781,1086784,1714-01-01,1764-12-31,ended
7006,1086783,1086784,1714-01-01,1763-12-31,ended
7006,1086783,1086786,1717-01-01,1763-12-31,ended
7006,1086785,1086786,1716-01-01,1758-12-31,ended
7006,1086785,1086788,1716-01-01,1743-12-31,ended
7006,1086787,1086788,1715-01-01,1743-12-31,ended
7006,1086787,1086790,1715-01-01,1769-12-31,ended
7006,1086789,1086790,1714-01-01,1743-12-31,ended
7006,1086789,1086792,1715-01-01,1743-12-31,ended
7006,1086791,1086792,1717-01-01,1761-12-31,ended
7006,1086791,1086794,1713-01-01,1740-12-31,ended
7006,1086793,1086794,1712-01-01,1740-12-31,ended
7006,1086793,1086796,1715-01-01,1788-12-31,ended
7006,1086795,1086796,1712-01-01,1744-12-31,ended
7006,1086795,1086798,1714-01-01,1744-12-31,ended
7006,1086797,1086798,1715-01-01,1734-12-31,ended
7006,1086797,1086800,1713-01-01,1734-12-31,ended
7006,1086799,1086800,1716-01-01,1718-12-31,ended
7006,1086799,1086802,1714-01-01,1718-12-31,ended
7006,1086801,1086802,1716-01-01,1765-12-31,ended
7006,1086801,1086804,1717-01-01,1765-12-31,ended
7006,1086803,1086804,1712-01-01,1741-12-31,ended
7006,1086803,1086806,1716-01-01,1741-12-31,ended
7006,1086805,1086806,1715-01-01,1739-12-31,ended
7006,1086805,1086808,1716-01-01,1739-12-31,ended
7006,1086807,1086808,1712-01-01,1762-12-31,ended
7006,1086807,1086810,1717-01-01,1764-12-31,ended
7006,1086809,1086810,1715-01-01,1748-12-31,ended
7006,1086809,1086812,1713-01-01,1748-12-31,ended
7006,1086811,1086812,1713-01-01,1764-12-31,ended
7006,1086811,1086814,1714-01-01,1735-12-31,ended
7006,1086813,1086814,1717-01-01,1735-12-31,ended
7006,1086813,1086816,1717-01-01,1738-12-31,ended
7006,1086815,1086816,1718-01-01,1738-12-31,ended
7006,1086815,1086818,1717-01-01,1739-12-31,ended
7006,1086817,1086818,1717-01-01,1739-12-31,ended
7006,1086817,1086820,1713-01-01,1771-12-31,ended
7006,1086819,1086820,1713-01-01,1771-12-31,ended
7006,1086819,1086822,1712-01-01,1745-12-31,ended
7006,1086821,1086822,1715-01-01,1730-12-31,ended
7006,1086821,1086824,1714-01-01,1730-12-31,ended
7006,1086823,1086824,1716-01-01,1736-12-31,ended
7006,1086823,1086826,1716-01-01,1736-12-31,ended
7006,1086825,1086826,1715-01-01,1753-12-31,ended
7006,1086825,1086828,1716-01-01,1735-12-31,ended
7006,1086827,1086828,1717-01-01,1735-12-31,ended
7006,1086827,1086830,1716-01-01,1743-12-31,ended
7006,1086829,1086830,1712-01-01,1747-12-31,ended
7006,1086829,1086832,1718-01-01,1739-12-31,ended
7006,1086831,1086832,1714-01-01,1739-12-31,ended
7006,1086831,1086834,1718-01-01,1769-12-31,ended
7006,1086833,1086834,1713-01-01,1755-12-31,ended
7006,1086833,1086836,1716-01-01,1755-12-31,ended
7006,1086835,1086836,1714-01-01,1749-12-31,ended
7006,1086835,1086838,1712-01-01,1717-12-31,ended
7006,1086837,1086838,1715-01-01,1717-12-31,ended
7006,1086837,1086840,1717-01-01,1727-12-31,ended
7006,1086839,1086840,1715-01-01,1727-12-31,ended
7006,1086839,1086842,1716-01-01,1736-12-31,ended
7006,1086841,1086842,1714-01-01,1755-12-31,ended
7006,1086841,1086844,1715-01-01,1777-12-31,ended
7006,1086843,1086844,1714-01-01,1789-12-31,ended
7006,1086843,1086846,1713-01-01,1762-12-31,ended
7006,1086845,1086846,1713-01-01,1727-12-31,ended
7006,1086845,1086848,1712-01-01,1727-12-31,ended
7006,1086847,1086848,1715-01-01,1735-12-31,ended
7006,1086847,1086850,1714-01-01,1735-12-31,ended
7006,1086849,1086850,1718-01-01,1743-12-31,ended
7006,1086849,1086852,1716-01-01,1743-12-31,ended
7006,1086851,1086852,1714-01-01,1759-12-31,ended
7006,1086851,1086854,1715-01-01,1763-12-31,ended
7006,1086853,1086854,1716-01-01,1781-12-31,ended
7006,1086853,1086856,1714-01-01,1759-12-31,ended
7006,1086855,1086856,1716-01-01,1759-12-31,ended
7006,1086855,1086858,1717-01-01,1768-12-31,ended
7006,1086857,1086858,1715-01-01,1771-12-31,ended
7006,1086857,1086860,1718-01-01,1767-12-31,ended
7006,1086859,1086860,1718-01-01,1767-12-31,ended
7006,1086859,1086862,1713-01-01,1764-12-31,ended
7006,1086861,1086862,1713-01-01,1764-12-31,ended
7006,1086861,1086864,1715-01-01,1763-12-31,ended
7006,1086863,1086864,1715-01-01,1734-12-31,ended
7006,1086863,1086866,1716-01-01,1733-12-31,ended
7006,1086865,1086866,1718-01-01,1733-12-31,ended
7006,1086865,1086868,1713-01-01,1726-12-31,ended
7006,1086867,1086868,1716-01-01,1726-12-31,ended
7006,1086867,1086870,1713-01-01,1764-12-31,ended
7006,1086869,1086870,1715-01-01,1756-12-31,ended
7006,1086869,1086872,1717-01-01,1749-12-31,ended
7006,1086871,1086872,1717-01-01,1749-12-31,ended
7006,1086871,1086874,1715-01-01,1753-12-31,ended
7006,1086873,1086874,1716-01-01,1745-12-31,ended
7006,1086873,1086876,1716-01-01,1745-12-31,ended
7006,1086875,1086876,1714-01-01,1754-12-31,ended
7006,1086875,1086878,1716-01-01,1754-12-31,ended
7006,1086877,1086878,1713-01-01,1723-12-31,ended
7006,1086877,1086880,1714-01-01,1723-12-31,ended
7006,1086879,1086880,1714-01-01,1728-12-31,ended
7006,1086879,1086882,1717-01-01,1769-12-31,ended
7006,1086881,1086882,1716-01-01,1750-12-31,ended
7006,1086881,1086884,1713-01-01,1750-12-31,ended
7006,1086883,1086884,1713-01-01,1759-12-31,ended
7006,1086883,1086886,1714-01-01,1746-12-31,ended
7006,1086885,1086886,1718-01-01,1738-12-31,ended
7006,1086885,1086888,1713-01-01,1738-12-31,ended
7006,1086887,1086888,1716-01-01,1745-12-31,ended
7006,1086887,1086890,1714-01-01,1745-12-31,ended
7006,1086889,1086890,1713-01-01,1769-12-31,ended
7006,1086889,1086892,1713-01-01,1764-12-31,ended
7006,1086891,1086892,1716-01-01,1752-12-31,ended
7006,1086891,1086894,1713-01-01,1752-12-31,ended
7006,1086893,1086894,1712-01-01,1724-12-31,ended
7006,1086893,1086896,1713-01-01,1724-12-31,ended
7006,1086895,1086896,1713-01-01,1774-12-31,ended
7006,1086895,1086898,1715-01-01,1774-12-31,ended
7006,1086897,1086898,1717-01-01,1771-12-31,ended
7006,1086897,1086900,1712-01-01,1735-12-31,ended
7006,1086899,1086900,1713-01-01,1735-12-31,ended
7006,1086899,1086902,1714-01-01,1777-12-31,ended
7006,1086901,1086902,1713-01-01,1728-12-31,ended
7006,1086901,1086904,1717-01-01,1727-12-31,ended
7006,1086903,1086904,1712-01-01,1727-12-31,ended
7006,1086903,1086906,1716-01-01,1738-12-31,ended
7006,1086905,1086906,1717-01-01,1743-12-31,ended
7006,1086905,1086908,1718-01-01,1769-12-31,ended
7006,1086907,1086908,1715-01-01,1766-12-31,ended
7006,1086907,1086910,1714-01-01,1766-12-31,ended
7006,1086909,1086910,1717-01-01,1766-12-31,ended
7006,1086909,1086912,1713-01-01,1729-12-31,ended
7006,1086911,1086912,1713-01-01,1729-12-31,ended
7006,1086911,1086914,1716-01-01,1777-12-31,ended
7006,1086913,1086914,1714-01-01,1773-12-31,ended
7006,1086913,1086916,1712-01-01,1750-12-31,ended
7006,1086915,1086916,1712-01-01,1731-12-31,ended
7006,1086915,1086918,1715-01-01,1731-12-31,ended
7006,1086917,1086918,1713-01-01,1766-12-31,ended
7006,1086917,1086920,1714-01-01,1778-12-31,ended
7006,1086919,1086920,1718-01-01,1761-12-31,ended
7006,1086919,1086922,1712-01-01,1760-12-31,ended
7006,1086921,1086922,1712-01-01,1748-12-31,ended
7006,1086921,1086924,1714-01-01,1748-12-31,ended
7006,1086923,1086924,1715-01-01,1739-12-31,ended
7006,1086923,1086926,1712-01-01,1739-12-31,ended
7006,1086925,1086926,1716-01-01,1767-12-31,ended
7006,1086925,1086928,1714-01-01,1727-12-31,ended
7006,1086927,1086928,1716-01-01,1727-12-31,ended
7006,1086927,1086930,1712-01-01,1716-12-31,ended
7006,1086929,1086930,1716-01-01,1716-12-31,ended
7006,1086929,1086932,1715-01-01,1722-12-31,ended
7006,1086931,1086932,1713-01-01,1722-12-31,ended
7006,1086931,1086934,1714-01-01,1759-12-31,ended
7006,1086933,1086934,1714-01-01,1746-12-31,ended
7006,1086933,1086936,1712-01-01,1746-12-31,ended
7006,1086935,1086936,1712-01-01,1766-12-31,ended
7006,1086935,1086938,1713-01-01,1724-12-31,ended
7006,1086937,1086938,1714-01-01,1724-12-31,ended
7006,1086937,1086940,1714-01-01,1744-12-31,ended
7006,1086939,1086940,1716-01-01,1744-12-31,ended
7006,1086939,1086942,1716-01-01,1722-12-31,ended
7006,1086941,1086942,1712-01-01,1722-12-31,ended
7006,1086941,1086944,1718-01-01,1755-12-31,ended
7006,1086943,1086944,1715-01-01,1759-12-31,ended
7006,1086943,1086946,1716-01-01,1759-12-31,ended
7006,1086945,1086946,1714-01-01,1763-12-31,ended
7006,1086945,1086948,1716-01-01,1742-12-31,ended
7006,1086947,1086948,1716-01-01,1742-12-31,ended
7006,1086947,1086950,1718-01-01,1752-12-31,ended
7006,1086949,1086950,1713-01-01,1757-12-31,ended
7006,1086949,1086952,1716-01-01,1746-12-31,ended
7006,1086951,1086952,1715-01-01,1746-12-31,ended
7006,1086951,1086954,1714-01-01,1766-12-31,ended
7006,1086953,1086954,1713-01-01,1747-12-31,ended
7006,1086953,1086956,1713-01-01,1728-12-31,ended
7006,1086955,1086956,1714-01-01,1728-12-31,ended
7006,1086955,1086958,1716-01-01,1788-12-31,ended
7006,1086957,1086958,1716-01-01,1781-12-31,ended
7006,1086957,1086960,1715-01-01,1741-12-31,ended
7006,1086959,1086960,1718-01-01,1741-12-31,ended
7006,1086959,1086962,1716-01-01,1739-12-31,ended
7006,1086961,1086962,1712-01-01,1739-12-31,ended
7006,1086961,1086964,1713-01-01,1750-12-31,ended
7006,1086963,1086964,1713-01-01,1750-12-31,ended
7006,1086963,1086966,1716-01-01,1752-12-31,ended
7006,1086965,1086966,1715-01-01,1775-12-31,ended
7006,1086965,1086968,1716-01-01,1731-12-31,ended
7006,1086967,1086968,1712-01-01,1731-12-31,ended
7006,1086967,1086970,1715-01-01,1736-12-31,ended
7006,1086969,1086970,1714-01-01,1777-12-31,ended
7006,1086969,1086972,1713-01-01,1756-12-31,ended
7006,1086971,1086972,1716-01-01,1756-12-31,ended
7006,1086971,1086974,1717-01-01,1725-12-31,ended
7006,1086973,1086974,1715-01-01,1725-12-31,ended
7006,1086973,1086976,1716-01-01,1768-12-31,ended
7006,1086975,1086976,1718-01-01,1757-12-31,ended
7006,1086975,1086978,1717-01-01,1734-12-31,ended
7006,1086977,1086978,1717-01-01,1734-12-31,ended
7006,1086977,1086980,1717-01-01,1776-12-31,ended
7006,1086979,1086980,1716-01-01,1774-12-31,ended
7006,1086979,1086982,1716-01-01,1755-12-31,ended
7006,1086981,1086982,1716-01-01,1747-12-31,ended
7006,1086981,1086984,1712-01-01,1747-12-31,ended
7006,1086983,1086984,1712-01-01,1747-12-31,ended
7006,1086983,1086986,1713-01-01,1747-12-31,ended
7006,1086985,1086986,1712-01-01,1775-12-31,ended
7006,1086985,1086988,1715-01-01,1762-12-31,ended
7006,1086987,1086988,1713-01-01,1751-12-31,ended
7006,1086987,1086990,1713-01-01,1751-12-31,ended
7006,1086989,1086990,1715-01-01,1746-12-31,ended
7006,1086989,1086992,1714-01-01,1746-12-31,ended
7006,1086991,1086992,1715-01-01,1755-12-31,ended
7006,1086994,1086995,1735-01-01,1759-12-31,ended
7006,1086994,1086997,1734-01-01,1779-12-31,ended
7006,1086995,1087242,1733-01-01,1759-12-31,ended
7006,1086996,1086997,1739-01-01,1796-12-31,ended
7006,1086996,1086999,1736-01-01,1788-12-31,ended
7006,1086998,1086999,1736-01-01,1788-12-31,ended
7006,1086998,1087001,1737-01-01,1789-12-31,ended
7006,1087000,1087001,1737-01-01,1789-12-31,ended
7006,1087000,1087003,1734-01-01,1755-12-31,ended
7006,1087002,1087003,1734-01-01,1755-12-31,ended
7006,1087002,1087005,1733-01-01,1788-12-31,ended
7006,1087004,1087005,1733-01-01,1791-12-31,ended
7006,1087004,1087007,1736-01-01,1781-12-31,ended
7006,1087006,1087007,1739-01-01,1781-12-31,ended
7006,1087006,1087009,1737-01-01,1788-12-31,ended
7006,1087008,1087009,1734-01-01,1788-12-31,ended
7006,1087008,1087011,1735-01-01,1779-12-31,ended
7006,1087010,1087011,1734-01-01,1779-12-31,ended
7006,1087010,1087013,1738-01-01,1792-12-31,ended
7006,1087012,1087013,1738-01-01,1805-12-31,ended
7006,1087012,1087015,1735-01-01,1809-12-31,ended
7006,1087014,1087015,1738-01-01,1789-12-31,ended
7006,1087014,1087017,1736-01-01,1757-12-31,ended
7006,1087016,1087017,1733-01-01,1757-12-31,ended
7006,1087016,1087019,1733-01-01,1755-12-31,ended
7006,1087018,1087019,1735-01-01,1755-12-31,ended
7006,1087018,1087021,1734-01-01,1759-12-31,ended
7006,1087020,1087021,1734-01-01,1759-12-31,ended
7006,1087020,1087023,1739-01-01,1780-12-31,ended
7006,1087022,1087023,1733-01-01,1759-12-31,ended
7006,1087022,1087025,1735-01-01,1759-12-31,ended
7006,1087024,1087025,1737-01-01,1765-12-31,ended
7006,1087024,1087027,1735-01-01,1794-12-31,ended
7006,1087026,1087027,1734-01-01,1798-12-31,ended
7006,1087026,1087029,1733-01-01,1779-12-31,ended
7006,1087028,1087029,1738-01-01,1779-12-31,ended
7006,1087028,1087031,1737-01-01,1771-12-31,ended
7006,1087030,1087031,1738-01-01,1771-12-31,ended
7006,1087030,1087033,1734-01-01,1788-12-31,ended
7006,1087032,1087033,1736-01-01,1790-12-31,ended
7006,1087032,1087035,1737-01-01,1797-12-31,ended
7006,1087034,1087035,1734-01-01,1793-12-31,ended
7006,1087034,1087037,1733-01-01,1793-12-31,ended
7006,1087036,1087037,1737-01-01,1788-12-31,ended
7006,1087036,1087039,1737-01-01,1788-12-31,ended
7006,1087038,1087039,1734-01-01,1759-12-31,ended
7006,1087038,1087041,1736-01-01,1759-12-31,ended
7006,1087040,1087041,1738-01-01,1761-12-31,ended
7006,1087040,1087043,1736-01-01,1753-12-31,ended
7006,1087042,1087043,1737-01-01,1746-12-31,ended
7006,1087042,1087045,1734-01-01,1746-12-31,ended
7006,1087044,1087045,1734-01-01,1754-12-31,ended
7006,1087044,1087047,1735-01-01,1754-12-31,ended
7006,1087046,1087047,1735-01-01,1756-12-31,ended
7006,1087046,1087049,1736-01-01,1759-12-31,ended
7006,1087048,1087049,1734-01-01,1759-12-31,ended
7006,1087048,1087051,1733-01-01,1782-12-31,ended
7006,1087050,1087051,1736-01-01,1782-12-31,ended
7006,1087050,1087053,1735-01-01,1775-12-31,ended
7006,1087052,1087053,1736-01-01,1759-12-31,ended
7006,1087052,1087055,1739-01-01,1759-12-31,ended
7006,1087054,1087055,1734-01-01,1750-12-31,ended
7006,1087054,1087057,1737-01-01,1750-12-31,ended
7006,1087056,1087057,1739-01-01,1772-12-31,ended
7006,1087056,1087059,1733-01-01,1772-12-31,ended
7006,1087058,1087059,1738-01-01,1782-12-31,ended
7006,1087058,1087061,1738-01-01,1804-12-31,ended
7006,1087060,1087061,1734-01-01,1792-12-31,ended
7006,1087060,1087063,1734-01-01,1736-12-31,ended
7006,1087062,1087063,1737-01-01,1737-12-31,ended
7006,1087062,1087065,1735-01-01,1763-12-31,ended
7006,1087064,1087065,1733-01-01,1763-12-31,ended
7006,1087064,1087067,1733-01-01,1796-12-31,ended
7006,1087066,1087067,1734-01-01,1798-12-31,ended
7006,1087066,1087069,1736-01-01,1752-12-31,ended
7006,1087068,1087069,1738-01-01,1752-12-31,ended
7006,1087068,1087071,1732-01-01,1775-12-31,ended
7006,1087070,1087071,1737-01-01,1775-12-31,ended
7006,1087070,1087073,1737-01-01,1765-12-31,ended
7006,1087072,1087073,1736-01-01,1765-12-31,ended
7006,1087072,1087075,1736-01-01,1770-12-31,ended
7006,1087074,1087075,1739-01-01,1795-12-31,ended
7006,1087074,1087077,1736-01-01,1786-12-31,ended
7006,1087076,1087077,1736-01-01,1786-12-31,ended
7006,1087076,1087079,1735-01-01,1796-12-31,ended
7006,1087078,1087079,1734-01-01,1793-12-31,ended
7006,1087078,1087081,1737-01-01,1771-12-31,ended
7006,1087080,1087081,1738-01-01,1771-12-31,ended
7006,1087080,1087083,1739-01-01,1782-12-31,ended
7006,1087082,1087083,1733-01-01,1786-12-31,ended
7006,1087082,1087085,1738-01-01,1782-12-31,ended
7006,1087084,1087085,1733-01-01,1782-12-31,ended
7006,1087084,1087087,1734-01-01,1742-12-31,ended
7006,1087086,1087087,1737-01-01,1742-12-31,ended
7006,1087086,1087089,1738-01-01,1759-12-31,ended
7006,1087088,1087089,1733-01-01,1759-12-31,ended
7006,1087088,1087091,1737-01-01,1773-12-31,ended
7006,1087090,1087091,1737-01-01,1776-12-31,ended
7006,1087090,1087093,1734-01-01,1776-12-31,ended
7006,1087092,1087093,1734-01-01,1759-12-31,ended
7006,1087092,1087095,1735-01-01,1759-12-31,ended
7006,1087094,1087095,1733-01-01,1795-12-31,ended
7006,1087094,1087097,1738-01-01,1776-12-31,ended
7006,1087096,1087097,1733-01-01,1776-12-31,ended
7006,1087096,1087099,1734-01-01,1781-12-31,ended
7006,1087098,1087099,1734-01-01,1781-12-31,ended
7006,1087098,1087101,1734-01-01,1761-12-31,ended
7006,1087100,1087101,1734-01-01,1761-12-31,ended
7006,1087100,1087103,1734-01-01,1740-12-31,ended
7006,1087102,1087103,1735-01-01,1740-12-31,ended
7006,1087102,1087105,1734-01-01,1785-12-31,ended
7006,1087104,1087105,1734-01-01,1786-12-31,ended
7006,1087104,1087107,1736-01-01,1786-12-31,ended
7006,1087106,1087107,1738-01-01,1781-12-31,ended
7006,1087106,1087109,1735-01-01,1756-12-31,ended
7006,1087108,1087109,1735-01-01,1756-12-31,ended
7006,1087108,1087111,1735-01-01,1789-12-31,ended
7006,1087110,1087111,1733-01-01,1800-12-31,ended
7006,1087110,1087113,1739-01-01,1764-12-31,ended
7006,1087112,1087113,1737-01-01,1764-12-31,ended
7006,1087112,1087115,1737-01-01,1772-12-31,ended
7006,1087114,1087115,1733-01-01,1758-12-31,ended
7006,1087114,1087117,1737-01-01,1758-12-31,ended
7006,1087116,1087117,1739-01-01,1769-12-31,ended
7006,1087116,1087119,1735-01-01,1764-12-31,ended
7006,1087118,1087119,1734-01-01,1764-12-31,ended
7006,1087118,1087121,1734-01-01,1768-12-31,ended
7006,1087120,1087121,1738-01-01,1789-12-31,ended
7006,1087120,1087123,1736-01-01,1784-12-31,ended
7006,1087122,1087123,1736-01-01,1765-12-31,ended
7006,1087122,1087125,1733-01-01,1765-12-31,ended
7006,1087124,1087125,1738-01-01,1778-12-31,ended
7006,1087124,1087127,1735-01-01,1766-12-31,ended
7006,1087126,1087127,1737-01-01,1766-12-31,ended
7006,1087126,1087129,1733-01-01,1754-12-31,ended
7006,1087128,1087129,1738-01-01,1754-12-31,ended
7006,1087128,1087131,1734-01-01,1766-12-31,ended
7006,1087130,1087131,1737-01-01,1796-12-31,ended
7006,1087130,1087133,1738-01-01,1748-12-31,ended
7006,1087132,1087133,1738-01-01,1748-12-31,ended
7006,1087132,1087135,1736-01-01,1775-12-31,ended
7006,1087134,1087135,1736-01-01,1756-12-31,ended
7006,1087134,1087137,1735-01-01,1756-12-31,ended
7006,1087136,1087137,1736-01-01,1757-12-31,ended
7006,1087136,1087139,1736-01-01,1757-12-31,ended
7006,1087138,1087139,1738-01-01,1792-12-31,ended
7006,1087138,1087141,1734-01-01,1792-12-31,ended
7006,1087140,1087141,1737-01-01,1794-12-31,ended
7006,1087140,1087143,1738-01-01,1785-12-31,ended
7006,1087142,1087143,1737-01-01,1785-12-31,ended
7006,1087142,1087145,1734-01-01,1779-12-31,ended
7006,1087144,1087145,1734-01-01,1779-12-31,ended
7006,1087144,1087147,1739-01-01,1755-12-31,ended
7006,1087146,1087147,1735-01-01,1755-12-31,ended
7006,1087146,1087149,1735-01-01,1779-12-31,ended
7006,1087148,1087149,1735-01-01,1773-12-31,ended
7006,1087148,1087151,1737-01-01,1773-12-31,ended
7006,1087150,1087151,1734-01-01,1767-12-31,ended
7006,1087150,1087153,1735-01-01,1767-12-31,ended
7006,1087152,1087153,1734-01-01,1742-12-31,ended
7006,1087152,1087155,1733-01-01,1742-12-31,ended
7006,1087154,1087155,1736-01-01,1763-12-31,ended
7006,1087154,1087157,1737-01-01,1786-12-31,ended
7006,1087156,1087157,1734-01-01,1786-12-31,ended
7006,1087156,1087159,1734-01-01,1783-12-31,ended
7006,1087158,1087159,1737-01-01,1779-12-31,ended
7006,1087158,1087161,1737-01-01,1779-12-31,ended
7006,1087160,1087161,1734-01-01,1786-12-31,ended
7006,1087160,1087163,1735-01-01,1790-12-31,ended
7006,1087162,1087163,1739-01-01,1779-12-31,ended
7006,1087162,1087165,1734-01-01,1754-12-31,ended
7006,1087164,1087165,1734-01-01,1754-12-31,ended
7006,1087164,1087167,1738-01-01,1754-12-31,ended
7006,1087166,1087167,1738-01-01,1756-12-31,ended
7006,1087166,1087169,1735-01-01,1756-12-31,ended
7006,1087168,1087169,1733-01-01,1773-12-31,ended
7006,1087168,1087171,1736-01-01,1773-12-31,ended
7006,1087170,1087171,1735-01-01,1782-12-31,ended
7006,1087170,1087173,1739-01-01,1780-12-31,ended
7006,1087172,1087173,1733-01-01,1774-12-31,ended
7006,1087172,1087175,1739-01-01,1767-12-31,ended
7006,1087174,1087175,1738-01-01,1767-12-31,ended
7006,1087174,1087177,1738-01-01,1772-12-31,ended
7006,1087176,1087177,1735-01-01,1764-12-31,ended
7006,1087176,1087179,1734-01-01,1764-12-31,ended
7006,1087178,1087179,1733-01-01,1785-12-31,ended
7006,1087178,1087181,1737-01-01,1785-12-31,ended
7006,1087180,1087181,1737-01-01,1757-12-31,ended
7006,1087180,1087183,1735-01-01,1757-12-31,ended
7006,1087182,1087183,1735-01-01,1779-12-31,ended
7006,1087182,1087185,1738-01-01,1779-12-31,ended
7006,1087184,1087185,1737-01-01,1785-12-31,ended
7006,1087184,1087187,1733-01-01,1788-12-31,ended
7006,1087186,1087187,1736-01-01,1790-12-31,ended
7006,1087186,1087189,1739-01-01,1795-12-31,ended
7006,1087188,1087189,1734-01-01,1756-12-31,ended
7006,1087188,1087191,1734-01-01,1756-12-31,ended
7006,1087190,1087191,1733-01-01,1763-12-31,ended
7006,1087190,1087193,1733-01-01,1763-12-31,ended
7006,1087192,1087193,1733-01-01,1778-12-31,ended
7006,1087192,1087195,1733-01-01,1761-12-31,ended
7006,1087194,1087195,1739-01-01,1761-12-31,ended
7006,1087194,1087197,1736-01-01,1762-12-31,ended
7006,1087196,1087197,1733-01-01,1756-12-31,ended
7006,1087196,1087199,1735-01-01,1754-12-31,ended
7006,1087198,1087199,1733-01-01,1754-12-31,ended
7006,1087198,1087201,1736-01-01,1782-12-31,ended
7006,1087200,1087201,1736-01-01,1798-12-31,ended
7006,1087200,1087203,1735-01-01,1752-12-31,ended
7006,1087202,1087203,1737-01-01,1752-12-31,ended
7006,1087202,1087205,1735-01-01,1778-12-31,ended
7006,1087204,1087205,1737-01-01,1785-12-31,ended
7006,1087204,1087207,1738-01-01,1778-12-31,ended
7006,1087206,1087207,1736-01-01,1750-12-31,ended
7006,1087206,1087209,1736-01-01,1745-12-31,ended
7006,1087208,1087209,1735-01-01,1745-12-31,ended
7006,1087208,1087211,1738-01-01,1800-12-31,ended
7006,1087210,1087211,1739-01-01,1764-12-31,ended
7006,1087212,1087213,1739-01-01,1765-12-31,ended
7006,1087214,1087215,1736-01-01,1776-12-31,ended
7006,1087216,1087217,1737-01-01,1791-12-31,ended
7006,1087218,1087219,1738-01-01,1785-12-31,ended
7006,1087220,1087221,1737-01-01,1741-12-31,ended
7006,1087222,1087223,1735-01-01,1748-12-31,ended
7006,1087224,1087225,1736-01-01,1794-12-31,ended
7006,1087226,1087227,1737-01-01,1756-12-31,ended
7006,1087228,1087229,1736-01-01,1776-12-31,ended
7006,1087230,1087231,1734-01-01,1753-12-31,ended
7006,1087232,1087233,1735-01-01,1791-12-31,ended
7006,1087234,1087235,1733-01-01,1777-12-31,ended
7006,1087236,1087237,1735-01-01,1752-12-31,ended
7006,1087238,1087239,1736-01-01,1741-12-31,ended
7006,1087240,1087241,1734-01-01,1764-12-31,ended
7006,1087243,1087244,1757-01-01,1796-12-31,ended
7006,1087243,1087246,1754-01-01,1796-12-31,ended
7006,1087244,1087475,1755-01-01,1805-12-31,ended
7006,1087245,1087246,1756-01-01,1787-12-31,ended
7006,1087245,1087248,1754-01-01,1776-12-31,ended
7006,1087247,1087248,1755-01-01,1776-12-31,ended
7006,1087247,1087250,1755-01-01,1807-12-31,ended
7006,1087249,1087250,1759-01-01,1807-12-31,ended
7006,1087249,1087252,1758-01-01,1765-12-31,ended
7006,1087251,1087252,1756-01-01,1761-12-31,ended
7006,1087251,1087254,1754-01-01,1761-12-31,ended
7006,1087253,1087254,1755-01-01,1826-12-31,ended
7006,1087253,1087256,1756-01-01,1794-12-31,ended
7006,1087255,1087256,1755-01-01,1793-12-31,ended
7006,1087255,1087258,1758-01-01,1793-12-31,ended
7006,1087257,1087258,1757-01-01,1799-12-31,ended
7006,1087257,1087260,1760-01-01,1813-12-31,ended
7006,1087259,1087260,1757-01-01,1785-12-31,ended
7006,1087259,1087262,1757-01-01,1783-12-31,ended
7006,1087261,1087262,1759-01-01,1783-12-31,ended
7006,1087261,1087264,1757-01-01,1808-12-31,ended
7006,1087263,1087264,1758-01-01,1802-12-31,ended
7006,1087263,1087266,1756-01-01,1800-12-31,ended
7006,1087265,1087266,1758-01-01,1784-12-31,ended
7006,1087265,1087268,1758-01-01,1784-12-31,ended
7006,1087267,1087268,1760-01-01,1794-12-31,ended
7006,1087267,1087270,1757-01-01,1794-12-31,ended
7006,1087269,1087270,1758-01-01,1806-12-31,ended
7006,1087269,1087272,1758-01-01,1806-12-31,ended
7006,1087271,1087272,1757-01-01,1814-12-31,ended
7006,1087271,1087274,1755-01-01,1814-12-31,ended
7006,1087273,1087274,1755-01-01,1789-12-31,ended
7006,1087273,1087276,1757-01-01,1789-12-31,ended
7006,1087275,1087276,1756-01-01,1815-12-31,ended
7006,1087275,1087278,1757-01-01,1802-12-31,ended
7006,1087277,1087278,1755-01-01,1802-12-31,ended
7006,1087277,1087280,1757-01-01,1799-12-31,ended
7006,1087279,1087280,1756-01-01,1799-12-31,ended
7006,1087279,1087282,1754-01-01,1785-12-31,ended
7006,1087281,1087282,1758-01-01,1785-12-31,ended
7006,1087281,1087284,1758-01-01,1776-12-31,ended
7006,1087283,1087284,1754-01-01,1776-12-31,ended
7006,1087283,1087286,1759-01-01,1798-12-31,ended
7006,1087285,1087286,1756-01-01,1801-12-31,ended
7006,1087285,1087288,1758-01-01,1795-12-31,ended
7006,1087287,1087288,1753-01-01,1795-12-31,ended
7006,1087287,1087290,1756-01-01,1819-12-31,ended
7006,1087289,1087290,1757-01-01,1806-12-31,ended
7006,1087289,1087292,1759-01-01,1803-12-31,ended
7006,1087291,1087292,1755-01-01,1794-12-31,ended
7006,1087291,1087294,1760-01-01,1794-12-31,ended
7006,1087293,1087294,1758-01-01,1770-12-31,ended
7006,1087293,1087296,1755-01-01,1770-12-31,ended
7006,1087295,1087296,1759-01-01,1788-12-31,ended
7006,1087295,1087298,1754-01-01,1807-12-31,ended
7006,1087297,1087298,1757-01-01,1807-12-31,ended
7006,1087297,1087300,1755-01-01,1819-12-31,ended
7006,1087299,1087300,1759-01-01,1801-12-31,ended
7006,1087299,1087302,1759-01-01,1793-12-31,ended
7006,1087301,1087302,1757-01-01,1779-12-31,ended
7006,1087301,1087304,1754-01-01,1779-12-31,ended
7006,1087303,1087304,1759-01-01,1797-12-31,ended
7006,1087303,1087306,1757-01-01,1797-12-31,ended
7006,1087305,1087306,1756-01-01,1793-12-31,ended
7006,1087305,1087308,1756-01-01,1793-12-31,ended
7006,1087307,1087308,1756-01-01,1801-12-31,ended
7006,1087307,1087310,1757-01-01,1790-12-31,ended
7006,1087309,1087310,1760-01-01,1790-12-31,ended
7006,1087309,1087312,1760-01-01,1801-12-31,ended
7006,1087311,1087312,1756-01-01,1782-12-31,ended
7006,1087311,1087314,1755-01-01,1782-12-31,ended
7006,1087313,1087314,1757-01-01,1801-12-31,ended
7006,1087313,1087316,1757-01-01,1801-12-31,ended
7006,1087315,1087316,1755-01-01,1781-12-31,ended
7006,1087315,1087318,1754-01-01,1781-12-31,ended
7006,1087317,1087318,1754-01-01,1772-12-31,ended
7006,1087317,1087320,1756-01-01,1772-12-31,ended
7006,1087319,1087320,1757-01-01,1800-12-31,ended
7006,1087319,1087322,1756-01-01,1800-12-31,ended
7006,1087321,1087322,1754-01-01,1806-12-31,ended
7006,1087321,1087324,1756-01-01,1798-12-31,ended
7006,1087323,1087324,1758-01-01,1798-12-31,ended
7006,1087323,1087326,1757-01-01,1767-12-31,ended
7006,1087325,1087326,1758-01-01,1767-12-31,ended
7006,1087325,1087328,1755-01-01,1782-12-31,ended
7006,1087327,1087328,1758-01-01,1782-12-31,ended
7006,1087327,1087330,1756-01-01,1785-12-31,ended
7006,1087329,1087330,1755-01-01,1785-12-31,ended
7006,1087329,1087332,1754-01-01,1792-12-31,ended
7006,1087331,1087332,1759-01-01,1792-12-31,ended
7006,1087331,1087334,1754-01-01,1765-12-31,ended
7006,1087333,1087334,1757-01-01,1765-12-31,ended
7006,1087333,1087336,1757-01-01,1788-12-31,ended
7006,1087335,1087336,1757-01-01,1814-12-31,ended
7006,1087335,1087338,1755-01-01,1771-12-31,ended
7006,1087337,1087338,1757-01-01,1766-12-31,ended
7006,1087337,1087340,1757-01-01,1766-12-31,ended
7006,1087339,1087340,1756-01-01,1803-12-31,ended
7006,1087339,1087342,1758-01-01,1809-12-31,ended
7006,1087341,1087342,1757-01-01,1809-12-31,ended
7006,1087341,1087344,1757-01-01,1783-12-31,ended
7006,1087343,1087344,1754-01-01,1783-12-31,ended
7006,1087343,1087346,1758-01-01,1805-12-31,ended
7006,1087345,1087346,1756-01-01,1817-12-31,ended
7006,1087345,1087348,1757-01-01,1820-12-31,ended
7006,1087347,1087348,1757-01-01,1775-12-31,ended
7006,1087347,1087350,1757-01-01,1775-12-31,ended
7006,1087349,1087350,1760-01-01,1781-12-31,ended
7006,1087349,1087352,1755-01-01,1795-12-31,ended
7006,1087351,1087352,1754-01-01,1795-12-31,ended
7006,1087351,1087354,1759-01-01,1798-12-31,ended
7006,1087353,1087354,1756-01-01,1808-12-31,ended
7006,1087353,1087356,1756-01-01,1796-12-31,ended
7006,1087355,1087356,1760-01-01,1796-12-31,ended
7006,1087355,1087358,1759-01-01,1818-12-31,ended
7006,1087357,1087358,1760-01-01,1807-12-31,ended
7006,1087357,1087360,1759-01-01,1798-12-31,ended
7006,1087359,1087360,1754-01-01,1763-12-31,ended
7006,1087359,1087362,1757-01-01,1763-12-31,ended
7006,1087361,1087362,1759-01-01,1797-12-31,ended
7006,1087361,1087364,1754-01-01,1797-12-31,ended
7006,1087363,1087364,1757-01-01,1798-12-31,ended
7006,1087363,1087366,1758-01-01,1782-12-31,ended
7006,1087365,1087366,1754-01-01,1782-12-31,ended
7006,1087365,1087368,1757-01-01,1785-12-31,ended
7006,1087367,1087368,1755-01-01,1767-12-31,ended
7006,1087367,1087370,1758-01-01,1766-12-31,ended
7006,1087369,1087370,1754-01-01,1766-12-31,ended
7006,1087369,1087372,1760-01-01,1790-12-31,ended
7006,1087371,1087372,1758-01-01,1809-12-31,ended
7006,1087371,1087374,1754-01-01,1769-12-31,ended
7006,1087373,1087374,1755-01-01,1769-12-31,ended
7006,1087373,1087376,1756-01-01,1780-12-31,ended
7006,1087375,1087376,1754-01-01,1793-12-31,ended
7006,1087375,1087378,1755-01-01,1793-12-31,ended
7006,1087377,1087378,1756-01-01,1789-12-31,ended
7006,1087377,1087380,1754-01-01,1789-12-31,ended
7006,1087379,1087380,1760-01-01,1804-12-31,ended
7006,1087379,1087382,1756-01-01,1800-12-31,ended
7006,1087381,1087382,1757-01-01,1800-12-31,ended
7006,1087381,1087384,1760-01-01,1768-12-31,ended
7006,1087383,1087384,1755-01-01,1768-12-31,ended
7006,1087383,1087386,1755-01-01,1791-12-31,ended
7006,1087385,1087386,1756-01-01,1791-12-31,ended
7006,1087385,1087388,1760-01-01,1761-12-31,ended
7006,1087387,1087388,1759-01-01,1761-12-31,ended
7006,1087387,1087390,1759-01-01,1804-12-31,ended
7006,1087389,1087390,1760-01-01,1796-12-31,ended
7006,1087389,1087392,1758-01-01,1796-12-31,ended
7006,1087391,1087392,1755-01-01,1793-12-31,ended
7006,1087391,1087394,1755-01-01,1793-12-31,ended
7006,1087393,1087394,1756-01-01,1787-12-31,ended
7006,1087393,1087396,1760-01-01,1787-12-31,ended
7006,1087395,1087396,1754-01-01,1789-12-31,ended
7006,1087395,1087398,1759-01-01,1811-12-31,ended
7006,1087397,1087398,1759-01-01,1789-12-31,ended
7006,1087397,1087400,1759-01-01,1789-12-31,ended
7006,1087399,1087400,1756-01-01,1795-12-31,ended
7006,1087399,1087402,1757-01-01,1792-12-31,ended
7006,1087401,1087402,1754-01-01,1792-12-31,ended
7006,1087401,1087404,1755-01-01,1791-12-31,ended
7006,1087403,1087404,1756-01-01,1791-12-31,ended
7006,1087403,1087406,1758-01-01,1792-12-31,ended
7006,1087405,1087406,1754-01-01,1789-12-31,ended
7006,1087405,1087408,1757-01-01,1789-12-31,ended
7006,1087407,1087408,1758-01-01,1796-12-31,ended
7006,1087407,1087410,1757-01-01,1796-12-31,ended
7006,1087409,1087410,1757-01-01,1814-12-31,ended
7006,1087409,1087412,1756-01-01,1814-12-31,ended
7006,1087411,1087412,1756-01-01,1813-12-31,ended
7006,1087411,1087414,1759-01-01,1812-12-31,ended
7006,1087413,1087414,1754-01-01,1812-12-31,ended
7006,1087413,1087416,1756-01-01,1807-12-31,ended
7006,1087415,1087416,1759-01-01,1807-12-31,ended
7006,1087415,1087418,1755-01-01,1804-12-31,ended
7006,1087417,1087418,1758-01-01,1782-12-31,ended
7006,1087417,1087420,1760-01-01,1782-12-31,ended
7006,1087419,1087420,1756-01-01,1816-12-31,ended
7006,1087419,1087422,1754-01-01,1816-12-31,ended
7006,1087421,1087422,1760-01-01,1780-12-31,ended
7006,1087421,1087424,1756-01-01,1780-12-31,ended
7006,1087423,1087424,1758-01-01,1776-12-31,ended
7006,1087423,1087426,1756-01-01,1776-12-31,ended
7006,1087425,1087426,1755-01-01,1799-12-31,ended
7006,1087425,1087428,1756-01-01,1797-12-31,ended
7006,1087427,1087428,1759-01-01,1797-12-31,ended
7006,1087427,1087430,1754-01-01,1805-12-31,ended
7006,1087429,1087430,1759-01-01,1805-12-31,ended
7006,1087429,1087432,1757-01-01,1789-12-31,ended
7006,1087431,1087432,1756-01-01,1789-12-31,ended
7006,1087431,1087434,1755-01-01,1792-12-31,ended
7006,1087433,1087434,1754-01-01,1808-12-31,ended
7006,1087433,1087436,1760-01-01,1782-12-31,ended
7006,1087435,1087436,1755-01-01,1782-12-31,ended
7006,1087435,1087438,1756-01-01,1794-12-31,ended
7006,1087437,1087438,1756-01-01,1794-12-31,ended
7006,1087437,1087440,1760-01-01,1760-12-31,ended
7006,1087439,1087440,1758-01-01,1759-12-31,ended
7006,1087439,1087442,1754-01-01,1787-12-31,ended
7006,1087441,1087442,1758-01-01,1819-12-31,ended
7006,1087441,1087444,1757-01-01,1771-12-31,ended
7006,1087443,1087444,1759-01-01,1771-12-31,ended
7006,1087445,1087446,1754-01-01,1788-12-31,ended
7006,1087447,1087448,1756-01-01,1802-12-31,ended
7006,1087449,1087450,1754-01-01,1810-12-31,ended
7006,1087451,1087452,1756-01-01,1816-12-31,ended
7006,1087453,1087454,1758-01-01,1788-12-31,ended
7006,1087455,1087456,1754-01-01,1775-12-31,ended
7006,1087457,1087458,1755-01-01,1808-12-31,ended
7006,1087459,1087460,1760-01-01,1810-12-31,ended
7006,1087461,1087462,1758-01-01,1795-12-31,ended
7006,1087463,1087464,1755-01-01,1759-12-31,ended
7006,1087465,1087466,1755-01-01,1803-12-31,ended
7006,1087467,1087468,1756-01-01,1797-12-31,ended
7006,1087469,1087470,1756-01-01,1796-12-31,ended
7006,1087471,1087472,1754-01-01,1798-12-31,ended
7006,1087473,1087474,1759-01-01,1783-12-31,ended
7006,1087476,1087477,1778-01-01,1802-12-31,ended
7006,1087476,1087479,1777-01-01,1802-12-31,ended
7006,1087477,1087692,1779-01-01,1859-12-31,ended
7006,1087478,1087479,1780-01-01,1809-12-31,ended
7006,1087478,1087481,1774-01-01,1809-12-31,ended
7006,1087480,1087481,1777-01-01,1820-12-31,ended
7006,1087480,1087483,1775-01-01,1796-12-31,ended
7006,1087482,1087483,1777-01-01,1796-12-31,ended
7006,1087482,1087485,1776-01-01,1795-12-31,ended
7006,1087484,1087485,1776-01-01,1795-12-31,ended
7006,1087484,1087487,1779-01-01,1830-12-31,ended
7006,1087486,1087487,1776-01-01,1846-12-31,ended
7006,1087486,1087489,1777-01-01,1827-12-31,ended
7006,1087488,1087489,1775-01-01,1827-12-31,ended
7006,1087488,1087491,1779-01-01,1834-12-31,ended
7006,1087490,1087491,1775-01-01,1834-12-31,ended
7006,1087490,1087493,1778-01-01,1822-12-31,ended
7006,1087492,1087493,1778-01-01,1790-12-31,ended
7006,1087492,1087495,1780-01-01,1790-12-31,ended
7006,1087494,1087495,1779-01-01,1830-12-31,ended
7006,1087494,1087497,1775-01-01,1821-12-31,ended
7006,1087496,1087497,1776-01-01,1821-12-31,ended
7006,1087496,1087499,1778-01-01,1797-12-31,ended
7006,1087498,1087499,1781-01-01,1797-12-31,ended
7006,1087498,1087501,1778-01-01,1815-12-31,ended
7006,1087500,1087501,1780-01-01,1819-12-31,ended
7006,1087500,1087503,1779-01-01,1813-12-31,ended
7006,1087502,1087503,1775-01-01,1813-12-31,ended
7006,1087502,1087505,1780-01-01,1839-12-31,ended
7006,1087504,1087505,1778-01-01,1815-12-31,ended
7006,1087504,1087507,1780-01-01,1805-12-31,ended
7006,1087506,1087507,1778-01-01,1805-12-31,ended
7006,1087506,1087509,1778-01-01,1826-12-31,ended
7006,1087508,1087509,1781-01-01,1826-12-31,ended
7006,1087508,1087511,1775-01-01,1814-12-31,ended
7006,1087510,1087511,1777-01-01,1814-12-31,ended
7006,1087510,1087513,1779-01-01,1795-12-31,ended
7006,1087512,1087513,1776-01-01,1795-12-31,ended
7006,1087512,1087515,1781-01-01,1829-12-31,ended
7006,1087514,1087515,1775-01-01,1801-12-31,ended
7006,1087514,1087517,1777-01-01,1801-12-31,ended
7006,1087516,1087517,1780-01-01,1806-12-31,ended
7006,1087516,1087519,1777-01-01,1832-12-31,ended
7006,1087518,1087519,1778-01-01,1832-12-31,ended
7006,1087518,1087521,1775-01-01,1808-12-31,ended
7006,1087520,1087521,1778-01-01,1805-12-31,ended
7006,1087520,1087523,1778-01-01,1805-12-31,ended
7006,1087522,1087523,1775-01-01,1819-12-31,ended
7006,1087522,1087525,1777-01-01,1819-12-31,ended
7006,1087524,1087525,1776-01-01,1813-12-31,ended
7006,1087524,1087527,1776-01-01,1813-12-31,ended
7006,1087526,1087527,1777-01-01,1837-12-31,ended
7006,1087526,1087529,1779-01-01,1783-12-31,ended
7006,1087528,1087529,1778-01-01,1783-12-31,ended
7006,1087528,1087531,1776-01-01,1805-12-31,ended
7006,1087530,1087531,1778-01-01,1805-12-31,ended
7006,1087530,1087533,1777-01-01,1811-12-31,ended
7006,1087532,1087533,1781-01-01,1802-12-31,ended
7006,1087532,1087535,1777-01-01,1802-12-31,ended
7006,1087534,1087535,1778-01-01,1811-12-31,ended
7006,1087534,1087537,1777-01-01,1811-12-31,ended
7006,1087536,1087537,1776-01-01,1802-12-31,ended
7006,1087536,1087539,1775-01-01,1802-12-31,ended
7006,1087538,1087539,1775-01-01,1821-12-31,ended
7006,1087538,1087541,1774-01-01,1819-12-31,ended
7006,1087540,1087541,1777-01-01,1819-12-31,ended
7006,1087540,1087543,1777-01-01,1853-12-31,ended
7006,1087542,1087543,1781-01-01,1831-12-31,ended
7006,1087542,1087545,1776-01-01,1831-12-31,ended
7006,1087544,1087545,1775-01-01,1813-12-31,ended
7006,1087544,1087547,1779-01-01,1813-12-31,ended
7006,1087546,1087547,1776-01-01,1801-12-31,ended
7006,1087546,1087549,1779-01-01,1801-12-31,ended
7006,1087548,1087549,1779-01-01,1812-12-31,ended
7006,1087548,1087551,1777-01-01,1812-12-31,ended
7006,1087550,1087551,1775-01-01,1789-12-31,ended
7006,1087550,1087553,1777-01-01,1789-12-31,ended
7006,1087552,1087553,1775-01-01,1825-12-31,ended
7006,1087552,1087555,1777-01-01,1800-12-31,ended
7006,1087554,1087555,1777-01-01,1800-12-31,ended
7006,1087554,1087557,1775-01-01,1832-12-31,ended
7006,1087556,1087557,1778-01-01,1827-12-31,ended
7006,1087556,1087559,1778-01-01,1792-12-31,ended
7006,1087558,1087559,1778-01-01,1792-12-31,ended
7006,1087558,1087561,1775-01-01,1796-12-31,ended
7006,1087560,1087561,1775-01-01,1796-12-31,ended
7006,1087560,1087563,1776-01-01,1822-12-31,ended
7006,1087562,1087563,1780-01-01,1822-12-31,ended
7006,1087562,1087565,1775-01-01,1803-12-31,ended
7006,1087564,1087565,1779-01-01,1792-12-31,ended
7006,1087564,1087567,1775-01-01,1792-12-31,ended
7006,1087566,1087567,1777-01-01,1830-12-31,ended
7006,1087566,1087569,1779-01-01,1830-12-31,ended
7006,1087568,1087569,1775-01-01,1823-12-31,ended
7006,1087568,1087571,1778-01-01,1817-12-31,ended
7006,1087570,1087571,1781-01-01,1817-12-31,ended
7006,1087570,1087573,1777-01-01,1805-12-31,ended
7006,1087572,1087573,1779-01-01,1805-12-31,ended
7006,1087572,1087575,1777-01-01,1849-12-31,ended
7006,1087574,1087575,1777-01-01,1831-12-31,ended
7006,1087574,1087577,1780-01-01,1827-12-31,ended
7006,1087576,1087577,1775-01-01,1809-12-31,ended
7006,1087576,1087579,1777-01-01,1800-12-31,ended
7006,1087578,1087579,1778-01-01,1800-12-31,ended
7006,1087578,1087581,1776-01-01,1833-12-31,ended
7006,1087580,1087581,1779-01-01,1789-12-31,ended
7006,1087580,1087583,1781-01-01,1789-12-31,ended
7006,1087582,1087583,1775-01-01,1845-12-31,ended
7006,1087582,1087585,1779-01-01,1851-12-31,ended
7006,1087584,1087585,1776-01-01,1853-12-31,ended
7006,1087584,1087587,1776-01-01,1810-12-31,ended
7006,1087586,1087587,1775-01-01,1785-12-31,ended
7006,1087586,1087589,1777-01-01,1785-12-31,ended
7006,1087588,1087589,1780-01-01,1819-12-31,ended
7006,1087588,1087591,1777-01-01,1819-12-31,ended
7006,1087590,1087591,1778-01-01,1793-12-31,ended
7006,1087590,1087593,1774-01-01,1793-12-31,ended
7006,1087592,1087593,1780-01-01,1794-12-31,ended
7006,1087592,1087595,1777-01-01,1794-12-31,ended
7006,1087594,1087595,1777-01-01,1800-12-31,ended
7006,1087594,1087597,1773-01-01,1800-12-31,ended
7006,1087596,1087597,1776-01-01,1815-12-31,ended
7006,1087596,1087599,1777-01-01,1826-12-31,ended
7006,1087598,1087599,1777-01-01,1804-12-31,ended
7006,1087598,1087601,1776-01-01,1804-12-31,ended
7006,1087600,1087601,1779-01-01,1804-12-31,ended
7006,1087600,1087603,1779-01-01,1804-12-31,ended
7006,1087602,1087603,1777-01-01,1792-12-31,ended
7006,1087602,1087605,1779-01-01,1792-12-31,ended
7006,1087604,1087605,1780-01-01,1792-12-31,ended
7006,1087604,1087607,1778-01-01,1821-12-31,ended
7006,1087606,1087607,1779-01-01,1813-12-31,ended
7006,1087606,1087609,1777-01-01,1813-12-31,ended
7006,1087608,1087609,1776-01-01,1822-12-31,ended
7006,1087608,1087611,1775-01-01,1782-12-31,ended
7006,1087610,1087611,1776-01-01,1782-12-31,ended
7006,1087610,1087613,1778-01-01,1802-12-31,ended
7006,1087612,1087613,1777-01-01,1794-12-31,ended
7006,1087612,1087615,1777-01-01,1794-12-31,ended
7006,1087614,1087615,1775-01-01,1814-12-31,ended
7006,1087614,1087617,1781-01-01,1818-12-31,ended
7006,1087616,1087617,1780-01-01,1814-12-31,ended
7006,1087616,1087619,1775-01-01,1814-12-31,ended
7006,1087618,1087619,1774-01-01,1827-12-31,ended
7006,1087618,1087621,1777-01-01,1827-12-31,ended
7006,1087620,1087621,1778-01-01,1808-12-31,ended
7006,1087620,1087623,1778-01-01,1800-12-31,ended
7006,1087622,1087623,1777-01-01,1800-12-31,ended
7006,1087622,1087625,1775-01-01,1810-12-31,ended
7006,1087624,1087625,1776-01-01,1810-12-31,ended
7006,1087624,1087627,1776-01-01,1842-12-31,ended
7006,1087626,1087627,1778-01-01,1792-12-31,ended
7006,1087626,1087629,1781-01-01,1792-12-31,ended
7006,1087628,1087629,1777-01-01,1832-12-31,ended
7006,1087628,1087631,1778-01-01,1832-12-31,ended
7006,1087630,1087631,1776-01-01,1815-12-31,ended
7006,1087630,1087633,1776-01-01,1815-12-31,ended
7006,1087632,1087633,1775-01-01,1823-12-31,ended
7006,1087632,1087635,1777-01-01,1800-12-31,ended
7006,1087634,1087635,1780-01-01,1800-12-31,ended
7006,1087634,1087637,1775-01-01,1822-12-31,ended
7006,1087636,1087637,1775-01-01,1822-12-31,ended
7006,1087636,1087639,1778-01-01,1821-12-31,ended
7006,1087638,1087639,1779-01-01,1809-12-31,ended
7006,1087638,1087641,1779-01-01,1809-12-31,ended
7006,1087640,1087641,1780-01-01,1831-12-31,ended
7006,1087640,1087643,1777-01-01,1804-12-31,ended
7006,1087642,1087643,1777-01-01,1804-12-31,ended
7006,1087642,1087645,1779-01-01,1825-12-31,ended
7006,1087644,1087645,1777-01-01,1824-12-31,ended
7006,1087644,1087647,1780-01-01,1810-12-31,ended
7006,1087646,1087647,1775-01-01,1810-12-31,ended
7006,1087646,1087649,1781-01-01,1816-12-31,ended
7006,1087648,1087649,1779-01-01,1826-12-31,ended
7006,1087648,1087651,1775-01-01,1824-12-31,ended
7006,1087650,1087651,1776-01-01,1824-12-31,ended
7006,1087650,1087653,1780-01-01,1850-12-31,ended
7006,1087652,1087653,1777-01-01,1847-12-31,ended
7006,1087652,1087655,1778-01-01,1812-12-31,ended
7006,1087654,1087655,1780-01-01,1800-12-31,ended
7006,1087654,1087657,1778-01-01,1800-12-31,ended
7006,1087656,1087657,1778-01-01,1789-12-31,ended
7006,1087656,1087659,1781-01-01,1789-12-31,ended
7006,1087658,1087659,1777-01-01,1791-12-31,ended
7006,1087660,1087661,1775-01-01,1833-12-31,ended
7006,1087662,1087663,1776-01-01,1807-12-31,ended
7006,1087664,1087665,1781-01-01,1794-12-31,ended
7006,1087666,1087667,1781-01-01,1831-12-31,ended
7006,1087668,1087669,1777-01-01,1813-12-31,ended
7006,1087670,1087671,1777-01-01,1839-12-31,ended
7006,1087672,1087673,1780-01-01,1805-12-31,ended
7006,1087674,1087675,1779-01-01,1826-12-31,ended
7006,1087676,1087677,1777-01-01,1823-12-31,ended
7006,1087678,1087679,1777-01-01,1799-12-31,ended
7006,1087680,1087681,1781-01-01,1833-12-31,ended
7006,1087682,1087683,1781-01-01,1807-12-31,ended
7006,1087684,1087685,1776-01-01,1809-12-31,ended
7006,1087686,1087687,1781-01-01,1797-12-31,ended
7006,1087688,1087689,1779-01-01,1789-12-31,ended
7006,1087690,1087691,1776-01-01,1795-12-31,ended
7006,1087693,1087694,1798-01-01,1848-12-31,ended
7006,1087695,1087696,1797-01-01,1843-12-31,ended
7006,1087697,1087698,1796-01-01,1845-12-31,ended
7006,1087699,1087700,1799-01-01,1815-12-31,ended
7006,1087701,1087702,1799-01-01,1831-12-31,ended
7006,1087703,1087704,1801-01-01,1818-12-31,ended
7006,1087705,1087706,1802-01-01,1855-12-31,ended
7006,1087707,1087708,1798-01-01,1858-12-31,ended
7006,1087709,1087710,1798-01-01,1844-12-31,ended
7006,1087711,1087712,1799-01-01,1830-12-31,ended
7006,1087713,1087714,1798-01-01,1810-12-31,ended
7006,1087715,1087716,1797-01-01,1836-12-31,ended
7006,1087717,1087718,1798-01-01,1823-12-31,ended
7006,1087719,1087720,1797-01-01,1816-12-31,ended
7006,1087721,1087722,1799-01-01,1840-12-31,ended
7006,1087723,1087724,1795-01-01,1820-12-31,ended
7006,1087725,1087726,1801-01-01,1844-12-31,ended
7006,1087727,1087728,1799-01-01,1853-12-31,ended
7006,1087729,1087730,1797-01-01,1845-12-31,ended
7006,1087731,1087732,1801-01-01,1831-12-31,ended
7006,1087733,1087734,1801-01-01,1804-12-31,ended
7006,1087735,1087736,1801-01-01,1855-12-31,ended
7006,1087737,1087738,1797-01-01,1808-12-31,ended
7006,1087739,1087740,1798-01-01,1845-12-31,ended
7006,1087741,1087742,1800-01-01,1847-12-31,ended
7006,1087743,1087744,1797-01-01,1826-12-31,ended
7006,1087745,1087746,1797-01-01,1830-12-31,ended
7006,1087747,1087748,1798-01-01,1815-12-31,ended
7006,1087749,1087750,1796-01-01,1822-12-31,ended
7006,1087751,1087752,1799-01-01,1855-12-31,ended
7006,1087753,1087754,1797-01-01,1857-12-31,ended
7006,1087755,1087756,1797-01-01,1831-12-31,ended
7006,1087757,1087758,1797-01-01,1844-12-31,ended
7006,1087759,1087760,1797-01-01,1841-12-31,ended
7006,1087761,1087762,1802-01-01,1821-12-31,ended
7006,1087763,1087764,1801-01-01,1849-12-31,ended
7006,1087765,1087766,1796-01-01,1842-12-31,ended
7006,1087767,1087768,1797-01-01,1828-12-31,ended
7006,1087769,1087770,1798-01-01,1829-12-31,ended
7006,1087771,1087772,1800-01-01,1847-12-31,ended
7006,1087773,1087774,1801-01-01,1858-12-31,ended
7006,1087775,1087776,1799-01-01,1817-12-31,ended
7006,1087777,1087778,1800-01-01,1846-12-31,ended
7006,1087779,1087780,1798-01-01,1827-12-31,ended
7006,1087781,1087782,1800-01-01,1843-12-31,ended
7006,1087783,1087784,1796-01-01,1841-12-31,ended
7006,1087785,1087786,1801-01-01,1836-12-31,ended
7006,1087787,1087788,1799-01-01,1837-12-31,ended
7006,1087789,1087790,1799-01-01,1800-12-31,ended
7006,1087791,1087792,1796-01-01,1842-12-31,ended
7006,1087793,1087794,1802-01-01,1828-12-31,ended
7006,1087795,1087796,1798-01-01,1848-12-31,ended
7006,1087797,1087798,1797-01-01,1847-12-31,ended
7006,1087799,1087800,1798-01-01,1842-12-31,ended
7006,1087801,1087802,1799-01-01,1837-12-31,ended
7006,1087803,1087804,1799-01-01,1838-12-31,ended
7006,1087805,1087806,1800-01-01,1864-12-31,ended
7006,1087807,1087808,1799-01-01,1836-12-31,ended
7006,1087809,1087810,1800-01-01,1806-12-31,ended
7006,1087811,1087812,1797-01-01,1825-12-31,ended
7006,1087813,1087814,1796-01-01,1840-12-31,ended
7006,1087815,1087816,1796-01-01,1850-12-31,ended
7006,1087817,1087818,1797-01-01,1828-12-31,ended
7006,1087819,1087820,1802-01-01,1831-12-31,ended
7006,1087821,1087822,1796-01-01,1848-12-31,ended
7006,1087823,1087824,1797-01-01,1845-12-31,ended
7006,1087825,1087826,1799-01-01,1867-12-31,ended
7006,1087827,1087828,1797-01-01,1845-12-31,ended
7006,1087829,1087830,1802-01-01,1849-12-31,ended
7006,1087831,1087832,1797-01-01,1811-12-31,ended
7006,1087833,1087834,1797-01-01,1849-12-31,ended
7006,1087835,1087836,1798-01-01,1809-12-31,ended
7006,1087837,1087838,1797-01-01,1820-12-31,ended
7006,1087839,1087840,1800-01-01,1830-12-31,ended
7006,1087841,1087842,1802-01-01,1826-12-31,ended
7006,1087843,1087844,1801-01-01,1851-12-31,ended
7006,1087845,1087846,1794-01-01,1814-12-31,ended
7006,1087847,1087848,1798-01-01,1857-12-31,ended
7006,1087849,1087850,1802-01-01,1808-12-31,ended
7006,1087851,1087852,1800-01-01,1818-12-31,ended
7006,1087853,1087854,1796-01-01,1850-12-31,ended
7006,1087855,1087856,1798-01-01,1814-12-31,ended
7006,1087857,1087858,1801-01-01,1819-12-31,ended
7006,1087859,1087860,1797-01-01,1820-12-31,ended
7006,1087861,1087862,1798-01-01,1840-12-31,ended
7006,1087863,1087864,1798-01-01,1860-12-31,ended
7006,1087865,1087866,1797-01-01,1833-12-31,ended
7006,1087867,1087868,1796-01-01,1848-12-31,ended
7006,1087869,1087870,1797-01-01,1826-12-31,ended
7006,1087871,1087872,1802-01-01,1856-12-31,ended
7006,1087873,1087874,1800-01-01,1832-12-31,ended
7006,1087875,1087876,1798-01-01,1832-12-31,ended
7006,1087877,1087878,1800-01-01,1819-12-31,ended
7006,1087879,1087880,1797-01-01,1858-12-31,ended
7006,1087881,1087882,1797-01-01,1828-12-31,ended
7006,1087883,1087884,1801-01-01,1834-12-31,ended
7006,1087885,1087886,1797-01-01,1807-12-31,ended
7006,1087887,1087888,1800-01-01,1821-12-31,ended
7006,1087889,1087890,1801-01-01,1846-12-31,ended
7006,1087891,1087892,1799-01-01,1849-12-31,ended
7006,1087893,1087894,1820-01-01,1851-12-31,ended
7006,1087893,1087896,1819-01-01,1851-12-31,ended
7006,1087894,1088075,1823-01-01,1860-12-31,ended
7006,1087895,1087896,1820-01-01,1850-12-31,ended
7006,1087895,1087898,1818-01-01,1850-12-31,ended
7006,1087897,1087898,1823-01-01,1846-12-31,ended
7006,1087897,1087900,1822-01-01,1846-12-31,ended
7006,1087899,1087900,1820-01-01,1836-12-31,ended
7006,1087899,1087902,1819-01-01,1836-12-31,ended
7006,1087901,1087902,1821-01-01,1850-12-31,ended
7006,1087901,1087904,1818-01-01,1857-12-31,ended
7006,1087903,1087904,1822-01-01,1857-12-31,ended
7006,1087903,1087906,1818-01-01,1858-12-31,ended
7006,1087905,1087906,1818-01-01,1858-12-31,ended
7006,1087905,1087908,1818-01-01,1839-12-31,ended
7006,1087907,1087908,1819-01-01,1839-12-31,ended
7006,1087907,1087910,1821-01-01,1839-12-31,ended
7006,1087909,1087910,1821-01-01,1861-12-31,ended
7006,1087909,1087912,1817-01-01,1861-12-31,ended
7006,1087911,1087912,1820-01-01,1865-12-31,ended
7006,1087911,1087914,1819-01-01,1881-12-31,ended
7006,1087913,1087914,1819-01-01,1840-12-31,ended
7006,1087913,1087916,1818-01-01,1840-12-31,ended
7006,1087915,1087916,1819-01-01,1853-12-31,ended
7006,1087915,1087918,1818-01-01,1861-12-31,ended
7006,1087917,1087918,1820-01-01,1879-12-31,ended
7006,1087917,1087920,1821-01-01,1890-12-31,ended
7006,1087919,1087920,1820-01-01,1847-12-31,ended
7006,1087919,1087922,1818-01-01,1847-12-31,ended
7006,1087921,1087922,1818-01-01,1881-12-31,ended
7006,1087921,1087924,1821-01-01,1860-12-31,ended
7006,1087923,1087924,1823-01-01,1860-12-31,ended
7006,1087923,1087926,1818-01-01,1848-12-31,ended
7006,1087925,1087926,1821-01-01,1846-12-31,ended
7006,1087925,1087928,1820-01-01,1846-12-31,ended
7006,1087927,1087928,1817-01-01,1876-12-31,ended
7006,1087927,1087930,1821-01-01,1850-12-31,ended
7006,1087929,1087930,1821-01-01,1850-12-31,ended
7006,1087929,1087932,1821-01-01,1852-12-31,ended
7006,1087931,1087932,1820-01-01,1861-12-31,ended
7006,1087931,1087934,1819-01-01,1861-12-31,ended
7006,1087933,1087934,1821-01-01,1866-12-31,ended
7006,1087933,1087936,1817-01-01,1857-12-31,ended
7006,1087935,1087936,1821-01-01,1857-12-31,ended
7006,1087935,1087938,1818-01-01,1870-12-31,ended
7006,1087937,1087938,1818-01-01,1848-12-31,ended
7006,1087937,1087940,1821-01-01,1848-12-31,ended
7006,1087939,1087940,1822-01-01,1874-12-31,ended
7006,1087939,1087942,1820-01-01,1825-12-31,ended
7006,1087941,1087942,1820-01-01,1825-12-31,ended
7006,1087941,1087944,1819-01-01,1857-12-31,ended
7006,1087943,1087944,1821-01-01,1857-12-31,ended
7006,1087943,1087946,1822-01-01,1861-12-31,ended
7006,1087945,1087946,1819-01-01,1861-12-31,ended
7006,1087945,1087948,1818-01-01,1865-12-31,ended
7006,1087947,1087948,1821-01-01,1867-12-31,ended
7006,1087947,1087950,1820-01-01,1856-12-31,ended
7006,1087949,1087950,1819-01-01,1856-12-31,ended
7006,1087949,1087952,1819-01-01,1861-12-31,ended
7006,1087951,1087952,1817-01-01,1861-12-31,ended
7006,1087951,1087954,1821-01-01,1842-12-31,ended
7006,1087953,1087954,1819-01-01,1842-12-31,ended
7006,1087953,1087956,1820-01-01,1846-12-31,ended
7006,1087955,1087956,1820-01-01,1846-12-31,ended
7006,1087955,1087958,1819-01-01,1858-12-31,ended
7006,1087957,1087958,1820-01-01,1876-12-31,ended
7006,1087957,1087960,1820-01-01,1887-12-31,ended
7006,1087959,1087960,1818-01-01,1862-12-31,ended
7006,1087959,1087962,1818-01-01,1862-12-31,ended
7006,1087961,1087962,1819-01-01,1886-12-31,ended
7006,1087961,1087964,1822-01-01,1866-12-31,ended
7006,1087963,1087964,1818-01-01,1866-12-31,ended
7006,1087963,1087966,1822-01-01,1859-12-31,ended
7006,1087965,1087966,1823-01-01,1848-12-31,ended
7006,1087965,1087968,1818-01-01,1848-12-31,ended
7006,1087967,1087968,1822-01-01,1864-12-31,ended
7006,1087967,1087970,1819-01-01,1860-12-31,ended
7006,1087969,1087970,1817-01-01,1860-12-31,ended
7006,1087969,1087972,1820-01-01,1891-12-31,ended
7006,1087971,1087972,1822-01-01,1855-12-31,ended
7006,1087971,1087974,1817-01-01,1823-12-31,ended
7006,1087973,1087974,1818-01-01,1823-12-31,ended
7006,1087973,1087976,1816-01-01,1823-12-31,ended
7006,1087975,1087976,1817-01-01,1871-12-31,ended
7006,1087975,1087978,1819-01-01,1868-12-31,ended
7006,1087977,1087978,1819-01-01,1868-12-31,ended
7006,1087977,1087980,1821-01-01,1858-12-31,ended
7006,1087979,1087980,1822-01-01,1858-12-31,ended
7006,1087979,1087982,1823-01-01,1868-12-31,ended
7006,1087981,1087982,1818-01-01,1883-12-31,ended
7006,1087981,1087984,1817-01-01,1838-12-31,ended
7006,1087983,1087984,1819-01-01,1838-12-31,ended
7006,1087983,1087986,1822-01-01,1840-12-31,ended
7006,1087985,1087986,1819-01-01,1826-12-31,ended
7006,1087985,1087988,1821-01-01,1826-12-31,ended
7006,1087987,1087988,1817-01-01,1853-12-31,ended
7006,1087987,1087990,1822-01-01,1853-12-31,ended
7006,1087989,1087990,1821-01-01,1879-12-31,ended
7006,1087989,1087992,1822-01-01,1879-12-31,ended
7006,1087991,1087992,1822-01-01,1877-12-31,ended
7006,1087991,1087994,1817-01-01,1870-12-31,ended
7006,1087993,1087994,1817-01-01,1864-12-31,ended
7006,1087993,1087996,1817-01-01,1864-12-31,ended
7006,1087995,1087996,1822-01-01,1848-12-31,ended
7006,1087995,1087998,1823-01-01,1848-12-31,ended
7006,1087997,1087998,1821-01-01,1835-12-31,ended
7006,1087997,1088000,1817-01-01,1835-12-31,ended
7006,1087999,1088000,1822-01-01,1845-12-31,ended
7006,1087999,1088002,1816-01-01,1872-12-31,ended
7006,1088001,1088002,1819-01-01,1820-12-31,ended
7006,1088001,1088004,1823-01-01,1823-12-31,ended
7006,1088003,1088004,1822-01-01,1848-12-31,ended
7006,1088003,1088006,1821-01-01,1830-12-31,ended
7006,1088005,1088006,1817-01-01,1830-12-31,ended
7006,1088005,1088008,1822-01-01,1864-12-31,ended
7006,1088007,1088008,1820-01-01,1876-12-31,ended
7006,1088007,1088010,1822-01-01,1864-12-31,ended
7006,1088009,1088010,1820-01-01,1864-12-31,ended
7006,1088009,1088012,1820-01-01,1879-12-31,ended
7006,1088011,1088012,1821-01-01,1856-12-31,ended
7006,1088011,1088014,1818-01-01,1856-12-31,ended
7006,1088013,1088014,1818-01-01,1872-12-31,ended
7006,1088013,1088016,1823-01-01,1847-12-31,ended
7006,1088015,1088016,1823-01-01,1842-12-31,ended
7006,1088015,1088018,1817-01-01,1842-12-31,ended
7006,1088017,1088018,1818-01-01,1888-12-31,ended
7006,1088017,1088020,1819-01-01,1889-12-31,ended
7006,1088019,1088020,1817-01-01,1884-12-31,ended
7006,1088019,1088022,1822-01-01,1868-12-31,ended
7006,1088021,1088022,1817-01-01,1866-12-31,ended
7006,1088021,1088024,1819-01-01,1866-12-31,ended
7006,1088023,1088024,1819-01-01,1850-12-31,ended
7006,1088023,1088026,1820-01-01,1850-12-31,ended
7006,1088025,1088026,1819-01-01,1875-12-31,ended
7006,1088025,1088028,1822-01-01,1875-12-31,ended
7006,1088027,1088028,1819-01-01,1851-12-31,ended
7006,1088027,1088030,1819-01-01,1851-12-31,ended
7006,1088029,1088030,1819-01-01,1876-12-31,ended
7006,1088029,1088032,1820-01-01,1876-12-31,ended
7006,1088031,1088032,1819-01-01,1854-12-31,ended
7006,1088031,1088034,1818-01-01,1854-12-31,ended
7006,1088033,1088034,1823-01-01,1859-12-31,ended
7006,1088033,1088036,1821-01-01,1862-12-31,ended
7006,1088035,1088036,1819-01-01,1852-12-31,ended
7006,1088035,1088038,1820-01-01,1852-12-31,ended
7006,1088037,1088038,1818-01-01,1890-12-31,ended
7006,1088037,1088040,1818-01-01,1884-12-31,ended
7006,1088039,1088040,1817-01-01,1876-12-31,ended
7006,1088039,1088042,1821-01-01,1873-12-31,ended
7006,1088041,1088042,1818-01-01,1873-12-31,ended
7006,1088041,1088044,1822-01-01,1859-12-31,ended
7006,1088043,1088044,1820-01-01,1859-12-31,ended
7006,1088045,1088046,1820-01-01,1864-12-31,ended
7006,1088047,1088048,1819-01-01,1847-12-31,ended
7006,1088049,1088050,1819-01-01,1840-12-31,ended
7006,1088051,1088052,1818-01-01,1870-12-31,ended
7006,1088053,1088054,1822-01-01,1875-12-31,ended
7006,1088055,1088056,1820-01-01,1846-12-31,ended
7006,1088057,1088058,1816-01-01,1889-12-31,ended
7006,1088059,1088060,1818-01-01,1851-12-31,ended
7006,1088061,1088062,1819-01-01,1895-12-31,ended
7006,1088063,1088064,1820-01-01,1857-12-31,ended
7006,1088065,1088066,1819-01-01,1858-12-31,ended
7006,1088067,1088068,1817-01-01,1850-12-31,ended
7006,1088069,1088070,1820-01-01,1836-12-31,ended
7006,1088071,1088072,1819-01-01,1839-12-31,ended
7006,1088073,1088074,1819-01-01,1838-12-31,ended
7006,1088076,1088077,1842-01-01,1901-12-31,ended
7006,1088076,1088079,1839-01-01,1901-12-31,ended
7006,1088077,1088242,1839-01-01,1898-12-31,ended
7006,1088078,1088079,1838-01-01,1866-12-31,ended
7006,1088078,1088081,1840-01-01,1866-12-31,ended
7006,1088080,1088081,1843-01-01,1878-12-31,ended
7006,1088080,1088083,1840-01-01,1872-12-31,ended
7006,1088082,1088083,1839-01-01,1847-12-31,ended
7006,1088082,1088085,1843-01-01,1847-12-31,ended
7006,1088084,1088085,1838-01-01,1871-12-31,ended
7006,1088084,1088087,1843-01-01,1871-12-31,ended
7006,1088086,1088087,1843-01-01,1893-12-31,ended
7006,1088086,1088089,1841-01-01,1884-12-31,ended
7006,1088088,1088089,1839-01-01,1884-12-31,ended
7006,1088088,1088091,1838-01-01,1885-12-31,ended
7006,1088090,1088091,1839-01-01,1863-12-31,ended
7006,1088090,1088093,1839-01-01,1863-12-31,ended
7006,1088092,1088093,1840-01-01,1863-12-31,ended
7006,1088092,1088095,1843-01-01,1863-12-31,ended
7006,1088094,1088095,1840-01-01,1860-12-31,ended
7006,1088094,1088097,1843-01-01,1860-12-31,ended
7006,1088096,1088097,1838-01-01,1879-12-31,ended
7006,1088096,1088099,1839-01-01,1879-12-31,ended
7006,1088098,1088099,1843-01-01,1897-12-31,ended
7006,1088098,1088101,1838-01-01,1860-12-31,ended
7006,1088100,1088101,1840-01-01,1860-12-31,ended
7006,1088100,1088103,1842-01-01,1888-12-31,ended
7006,1088102,1088103,1842-01-01,1879-12-31,ended
7006,1088102,1088105,1840-01-01,1859-12-31,ended
7006,1088104,1088105,1839-01-01,1859-12-31,ended
7006,1088104,1088107,1840-01-01,1890-12-31,ended
7006,1088106,1088107,1842-01-01,1882-12-31,ended
7006,1088106,1088109,1838-01-01,1882-12-31,ended
7006,1088108,1088109,1838-01-01,1877-12-31,ended
7006,1088108,1088111,1840-01-01,1867-12-31,ended
7006,1088110,1088111,1841-01-01,1858-12-31,ended
7006,1088110,1088113,1841-01-01,1858-12-31,ended
7006,1088112,1088113,1840-01-01,1886-12-31,ended
7006,1088112,1088115,1844-01-01,1886-12-31,ended
7006,1088114,1088115,1841-01-01,1866-12-31,ended
7006,1088114,1088117,1838-01-01,1866-12-31,ended
7006,1088116,1088117,1839-01-01,1883-12-31,ended
7006,1088116,1088119,1842-01-01,1884-12-31,ended
7006,1088118,1088119,1842-01-01,1889-12-31,ended
7006,1088118,1088121,1839-01-01,1884-12-31,ended
7006,1088120,1088121,1838-01-01,1884-12-31,ended
7006,1088120,1088123,1839-01-01,1889-12-31,ended
7006,1088122,1088123,1840-01-01,1868-12-31,ended
7006,1088122,1088125,1843-01-01,1868-12-31,ended
7006,1088124,1088125,1841-01-01,1894-12-31,ended
7006,1088124,1088127,1841-01-01,1894-12-31,ended
7006,1088126,1088127,1841-01-01,1895-12-31,ended
7006,1088126,1088129,1840-01-01,1895-12-31,ended
7006,1088128,1088129,1840-01-01,1912-12-31,ended
7006,1088128,1088131,1843-01-01,1872-12-31,ended
7006,1088130,1088131,1843-01-01,1872-12-31,ended
7006,1088130,1088133,1841-01-01,1886-12-31,ended
7006,1088132,1088133,1839-01-01,1886-12-31,ended
7006,1088132,1088135,1841-01-01,1867-12-31,ended
7006,1088134,1088135,1838-01-01,1867-12-31,ended
7006,1088134,1088137,1838-01-01,1886-12-31,ended
7006,1088136,1088137,1843-01-01,1865-12-31,ended
7006,1088136,1088139,1842-01-01,1865-12-31,ended
7006,1088138,1088139,1841-01-01,1893-12-31,ended
7006,1088138,1088141,1842-01-01,1883-12-31,ended
7006,1088140,1088141,1843-01-01,1883-12-31,ended
7006,1088140,1088143,1838-01-01,1877-12-31,ended
7006,1088142,1088143,1842-01-01,1877-12-31,ended
7006,1088142,1088145,1842-01-01,1889-12-31,ended
7006,1088144,1088145,1842-01-01,1889-12-31,ended
7006,1088144,1088147,1839-01-01,1889-12-31,ended
7006,1088146,1088147,1838-01-01,1890-12-31,ended
7006,1088146,1088149,1841-01-01,1890-12-31,ended
7006,1088148,1088149,1841-01-01,1880-12-31,ended
7006,1088148,1088151,1843-01-01,1864-12-31,ended
7006,1088150,1088151,1843-01-01,1864-12-31,ended
7006,1088150,1088153,1841-01-01,1856-12-31,ended
7006,1088152,1088153,1843-01-01,1856-12-31,ended
7006,1088152,1088155,1841-01-01,1862-12-31,ended
7006,1088154,1088155,1844-01-01,1862-12-31,ended
7006,1088154,1088157,1838-01-01,1862-12-31,ended
7006,1088156,1088157,1842-01-01,1884-12-31,ended
7006,1088156,1088159,1842-01-01,1865-12-31,ended
7006,1088158,1088159,1843-01-01,1865-12-31,ended
7006,1088158,1088161,1839-01-01,1880-12-31,ended
7006,1088160,1088161,1841-01-01,1861-12-31,ended
7006,1088160,1088163,1841-01-01,1861-12-31,ended
7006,1088162,1088163,1840-01-01,1877-12-31,ended
7006,1088162,1088165,1841-01-01,1857-12-31,ended
7006,1088164,1088165,1839-01-01,1857-12-31,ended
7006,1088164,1088167,1838-01-01,1906-12-31,ended
7006,1088166,1088167,1843-01-01,1858-12-31,ended
7006,1088166,1088169,1839-01-01,1858-12-31,ended
7006,1088168,1088169,1842-01-01,1880-12-31,ended
7006,1088168,1088171,1842-01-01,1888-12-31,ended
7006,1088170,1088171,1843-01-01,1866-12-31,ended
7006,1088170,1088173,1841-01-01,1866-12-31,ended
7006,1088172,1088173,1840-01-01,1870-12-31,ended
7006,1088172,1088175,1840-01-01,1881-12-31,ended
7006,1088174,1088175,1841-01-01,1881-12-31,ended
7006,1088174,1088177,1839-01-01,1881-12-31,ended
7006,1088176,1088177,1840-01-01,1887-12-31,ended
7006,1088176,1088179,1840-01-01,1887-12-31,ended
7006,1088178,1088179,1840-01-01,1895-12-31,ended
7006,1088178,1088181,1840-01-01,1893-12-31,ended
7006,1088180,1088181,1842-01-01,1888-12-31,ended
7006,1088180,1088183,1840-01-01,1888-12-31,ended
7006,1088182,1088183,1842-01-01,1888-12-31,ended
7006,1088182,1088185,1842-01-01,1888-12-31,ended
7006,1088184,1088185,1841-01-01,1888-12-31,ended
7006,1088184,1088187,1840-01-01,1888-12-31,ended
7006,1088186,1088187,1842-01-01,1885-12-31,ended
7006,1088186,1088189,1843-01-01,1885-12-31,ended
7006,1088188,1088189,1839-01-01,1870-12-31,ended
7006,1088188,1088191,1844-01-01,1870-12-31,ended
7006,1088190,1088191,1842-01-01,1882-12-31,ended
7006,1088190,1088193,1841-01-01,1868-12-31,ended
7006,1088192,1088193,1841-01-01,1857-12-31,ended
7006,1088192,1088195,1839-01-01,1857-12-31,ended
7006,1088194,1088195,1838-01-01,1875-12-31,ended
7006,1088194,1088197,1840-01-01,1875-12-31,ended
7006,1088196,1088197,1841-01-01,1880-12-31,ended
7006,1088196,1088199,1843-01-01,1885-12-31,ended
7006,1088198,1088199,1840-01-01,1885-12-31,ended
7006,1088198,1088201,1839-01-01,1895-12-31,ended
7006,1088200,1088201,1842-01-01,1896-12-31,ended
7006,1088200,1088203,1841-01-01,1886-12-31,ended
7006,1088202,1088203,1843-01-01,1886-12-31,ended
7006,1088202,1088205,1841-01-01,1900-12-31,ended
7006,1088204,1088205,1841-01-01,1898-12-31,ended
7006,1088204,1088207,1840-01-01,1888-12-31,ended
7006,1088206,1088207,1840-01-01,1888-12-31,ended
7006,1088206,1088209,1838-01-01,1862-12-31,ended
7006,1088208,1088209,1841-01-01,1862-12-31,ended
7006,1088210,1088211,1844-01-01,1910-12-31,ended
7006,1088212,1088213,1843-01-01,1872-12-31,ended
7006,1088214,1088215,1838-01-01,1875-12-31,ended
7006,1088216,1088217,1841-01-01,1857-12-31,ended
7006,1088218,1088219,1840-01-01,1908-12-31,ended
7006,1088220,1088221,1838-01-01,1878-12-31,ended
7006,1088222,1088223,1841-01-01,1894-12-31,ended
7006,1088224,1088225,1841-01-01,1869-12-31,ended
7006,1088226,1088227,1840-01-01,1885-12-31,ended
7006,1088228,1088229,1842-01-01,1868-12-31,ended
7006,1088230,1088231,1843-01-01,1868-12-31,ended
7006,1088232,1088233,1839-01-01,1874-12-31,ended
7006,1088234,1088235,1844-01-01,1857-12-31,ended
7006,1088236,1088237,1842-01-01,1873-12-31,ended
7006,1088238,1088239,1841-01-01,1885-12-31,ended
7006,1088240,1088241,1842-01-01,1864-12-31,ended
7006,1088243,1088244,1859-01-01,1917-12-31,ended
7006,1088245,1088246,1860-01-01,1932-12-31,ended
7006,1088247,1088248,1861-01-01,1905-12-31,ended
7006,1088249,1088250,1865-01-01,1915-12-31,ended
7006,1088251,1088252,1864-01-01,1879-12-31,ended
7006,1088253,1088254,1859-01-01,1891-12-31,ended
7006,1088255,1088256,1863-01-01,1907-12-31,ended
7006,1088257,1088258,1863-01-01,1867-12-31,ended
7006,1088259,1088260,1859-01-01,1896-12-31,ended
7006,1088261,1088262,1865-01-01,1906-12-31,ended
7006,1088263,1088264,1863-01-01,1916-12-31,ended
7006,1088265,1088266,1863-01-01,1888-12-31,ended
7006,1088267,1088268,1862-01-01,1922-12-31,ended
7006,1088269,1088270,1862-01-01,1889-12-31,ended
7006,1088271,1088272,1863-01-01,1893-12-31,ended
7006,1088273,1088274,1861-01-01,1879-12-31,ended
7006,1088275,1088276,1864-01-01,1905-12-31,ended
7006,1088277,1088278,1864-01-01,1927-12-31,ended
7006,1088279,1088280,1860-01-01,1910-12-31,ended
7006,1088281,1088282,1859-01-01,1875-12-31,ended
7006,1088283,1088284,1863-01-01,1896-12-31,ended
7006,1088285,1088286,1860-01-01,1917-12-31,ended
7006,1088287,1088288,1862-01-01,1930-12-31,ended
7006,1088289,1088290,1865-01-01,1922-12-31,ended
7006,1088291,1088292,1864-01-01,1897-12-31,ended
7006,1088293,1088294,1859-01-01,1900-12-31,ended
7006,1088295,1088296,1859-01-01,1870-12-31,ended
7006,1088297,1088298,1862-01-01,1919-12-31,ended
7006,1088299,1088300,1863-01-01,1883-12-31,ended
7006,1088301,1088302,1864-01-01,1899-12-31,ended
7006,1088303,1088304,1863-01-01,1883-12-31,ended
7006,1088305,1088306,1861-01-01,1891-12-31,ended
7006,1088307,1088308,1862-01-01,1923-12-31,ended
7006,1088309,1088310,1862-01-01,1904-12-31,ended
7006,1088311,1088312,1863-01-01,1883-12-31,ended
7006,1088313,1088314,1863-01-01,1902-12-31,ended
7006,1088315,1088316,1864-01-01,1929-12-31,ended
7006,1088317,1088318,1863-01-01,1874-12-31,ended
7006,1088319,1088320,1861-01-01,1883-12-31,ended
7006,1088321,1088322,1863-01-01,1895-12-31,ended
7006,1088323,1088324,1862-01-01,1896-12-31,ended
7006,1088325,1088326,1861-01-01,1899-12-31,ended
7006,1088327,1088328,1863-01-01,1894-12-31,ended
7006,1088329,1088330,1862-01-01,1886-12-31,ended
7006,1088331,1088332,1864-01-01,1883-12-31,ended
7006,1088333,1088334,1859-01-01,1891-12-31,ended
7006,1088335,1088336,1860-01-01,1873-12-31,ended
7006,1088337,1088338,1859-01-01,1897-12-31,ended
7006,1088339,1088340,1859-01-01,1889-12-31,ended
7006,1088341,1088342,1864-01-01,1897-12-31,ended
7006,1088343,1088344,1862-01-01,1888-12-31,ended
7006,1088345,1088346,1859-01-01,1917-12-31,ended
7006,1088347,1088348,1865-01-01,1926-12-31,ended
7006,1088349,1088350,1861-01-01,1893-12-31,ended
7006,1088351,1088352,1861-01-01,1898-12-31,ended
7006,1088353,1088354,1865-01-01,1888-12-31,ended
7006,1088355,1088356,1861-01-01,1928-12-31,ended
7006,1088357,1088358,1861-01-01,1909-12-31,ended
7006,1088359,1088360,1863-01-01,1921-12-31,ended
7006,1088361,1088362,1860-01-01,1905-12-31,ended
7006,1088363,1088364,1861-01-01,1901-12-31,ended
7006,1088365,1088366,1861-01-01,1894-12-31,ended
7006,1088367,1088368,1863-01-01,1912-12-31,ended
7006,1088369,1088370,1860-01-01,1913-12-31,ended
7006,1088371,1088372,1861-01-01,1872-12-31,ended
7006,1088373,1088374,1859-01-01,1898-12-31,ended
7006,1088375,1088376,1860-01-01,1928-12-31,ended
7006,1088377,1088378,1859-01-01,1890-12-31,ended
7006,1088379,1088380,1863-01-01,1931-12-31,ended
7006,1088381,1088382,1859-01-01,1884-12-31,ended
7006,1088383,1088384,1863-01-01,1894-12-31,ended
7006,1088385,1088386,1863-01-01,1920-12-31,ended
7006,1088387,1088388,1860-01-01,1874-12-31,ended
7006,1088389,1088390,1862-01-01,1871-12-31,ended
7006,1088391,1088392,1865-01-01,1895-12-31,ended
7006,1088393,1088394,1879-01-01,1903-12-31,ended
7006,1088395,1088396,1880-01-01,1934-12-31,ended
7006,1088397,1088398,1883-01-01,1929-12-31,ended
7006,1088399,1088400,1882-01-01,1915-12-31,ended
7006,1088401,1088402,1885-01-01,1926-12-31,ended
7006,1088403,1088404,1881-01-01,1934-12-31,ended
7006,1088405,1088406,1886-01-01,1937-12-31,ended
7006,1088407,1088408,1884-01-01,1922-12-31,ended
7006,1088409,1088410,1884-01-01,1924-12-31,ended
7006,1088411,1088412,1882-01-01,1912-12-31,ended
7006,1088413,1088414,1883-01-01,1916-12-31,ended
7006,1088415,1088416,1880-01-01,1930-12-31,ended
7006,1088417,1088418,1884-01-01,1925-12-31,ended
7006,1088419,1088420,1882-01-01,1957-12-31,ended
7006,1088421,1088422,1885-01-01,1910-12-31,ended
7006,1088423,1088424,1884-01-01,1935-12-31,ended
7006,1088425,1088426,1881-01-01,1894-12-31,ended
7006,1088427,1088428,1885-01-01,1917-12-31,ended
7006,1088429,1088430,1886-01-01,1922-12-31,ended
7006,1088431,1088432,1884-01-01,1931-12-31,ended
7006,1088433,1088434,1884-01-01,1908-12-31,ended
7006,1088435,1088436,1881-01-01,1900-12-31,ended
7006,1088437,1088438,1885-01-01,1944-12-31,ended
7006,1088439,1088440,1880-01-01,1923-12-31,ended
7006,1088441,1088442,1882-01-01,1941-12-31,ended
7006,1088443,1088444,1880-01-01,1906-12-31,ended
7006,1088445,1088446,1880-01-01,1903-12-31,ended
7006,1088447,1088448,1884-01-01,1945-12-31,ended
7006,1088449,1088450,1883-01-01,1938-12-31,ended
7006,1088451,1088452,1883-01-01,1940-12-31,ended
7006,1088453,1088454,1880-01-01,1936-12-31,ended
7006,1088455,1088456,1882-01-01,1931-12-31,ended
7006,1088457,1088458,1883-01-01,1894-12-31,ended
7006,1088459,1088460,1881-01-01,1884-12-31,ended
7006,1088461,1088462,1881-01-01,1929-12-31,ended
7006,1088463,1088464,1881-01-01,1887-12-31,ended
7006,1088465,1088466,1884-01-01,1916-12-31,ended
7006,1088467,1088468,1880-01-01,1906-12-31,ended
7006,1088469,1088470,1881-01-01,1924-12-31,ended
7006,1088471,1088472,1884-01-01,1909-12-31,ended
7006,1088473,1088474,1882-01-01,1916-12-31,ended
7006,1088475,1088476,1882-01-01,1917-12-31,ended
7006,1088477,1088478,1886-01-01,1911-12-31,ended
7006,1088479,1088480,1881-01-01,1906-12-31,ended
7006,1088481,1088482,1884-01-01,1905-12-31,ended
7006,1088483,1088484,1884-01-01,1922-12-31,ended
7006,1088485,1088486,1884-01-01,1937-12-31,ended
7006,1088487,1088488,1884-01-01,1894-12-31,ended
7006,1088489,1088490,1881-01-01,1933-12-31,ended
7006,1088491,1088492,1885-01-01,1924-12-31,ended
7006,1088493,1088494,1881-01-01,1940-12-31,ended
7006,1088495,1088496,1882-01-01,1899-12-31,ended
7006,1088497,1088498,1881-01-01,1903-12-31,ended
7006,1088499,1088500,1883-01-01,1940-12-31,ended
7006,1088501,1088502,1883-01-01,1908-12-31,ended
7006,1088503,1088504,1881-01-01,1941-12-31,ended
7006,1088505,1088506,1885-01-01,1923-12-31,ended
7006,1088507,1088508,1886-01-01,1904-12-31,ended
7006,1088509,1088510,1882-01-01,1935-12-31,ended
7006,1088511,1088512,1878-01-01,1942-12-31,ended
7006,1088513,1088514,1881-01-01,1928-12-31,ended
7006,1088515,1088516,1885-01-01,1901-12-31,ended
7006,1088517,1088518,1884-01-01,1949-12-31,ended
7006,1088519,1088520,1883-01-01,1884-12-31,ended
7006,1088521,1088522,1881-01-01,1940-12-31,ended
7006,1088523,1088524,1884-01-01,1933-12-31,ended
7006,1088525,1088526,1884-01-01,1896-12-31,ended
7006,1088527,1088528,1901-01-01,1938-12-31,ended
7006,1088527,1088530,1905-01-01,1938-12-31,ended
7006,1088528,1088643,1905-01-01,1952-12-31,ended
7006,1088529,1088530,1903-01-01,1975-12-31,ended
7006,1088529,1088532,1903-01-01,1954-12-31,ended
7006,1088531,1088532,1901-01-01,1954-12-31,ended
7006,1088531,1088534,1903-01-01,1933-12-31,ended
7006,1088533,1088534,1901-01-01,1930-12-31,ended
7006,1088533,1088536,1903-01-01,1930-12-31,ended
7006,1088535,1088536,1901-01-01,1958-12-31,ended
7006,1088535,1088538,1905-01-01,1914-12-31,ended
7006,1088537,1088538,1904-01-01,1914-12-31,ended
7006,1088537,1088540,1901-01-01,1974-12-31,ended
7006,1088539,1088540,1905-01-01,1937-12-31,ended
7006,1088539,1088542,1903-01-01,1937-12-31,ended
7006,1088541,1088542,1902-01-01,1956-12-31,ended
7006,1088541,1088544,1904-01-01,1956-12-31,ended
7006,1088543,1088544,1904-01-01,1935-12-31,ended
7006,1088543,1088546,1904-01-01,1925-12-31,ended
7006,1088545,1088546,1904-01-01,1925-12-31,ended
7006,1088545,1088548,1905-01-01,1953-12-31,ended
7006,1088547,1088548,1906-01-01,1958-12-31,ended
7006,1088547,1088550,1903-01-01,1958-12-31,ended
7006,1088549,1088550,1906-01-01,1958-12-31,ended
7006,1088549,1088552,1904-01-01,1946-12-31,ended
7006,1088551,1088552,1902-01-01,1946-12-31,ended
7006,1088551,1088554,1901-01-01,1969-12-31,ended
7006,1088553,1088554,1907-01-01,1941-12-31,ended
7006,1088553,1088556,1903-01-01,1941-12-31,ended
7006,1088555,1088556,1902-01-01,1938-12-31,ended
7006,1088555,1088558,1902-01-01,1938-12-31,ended
7006,1088557,1088558,1904-01-01,1950-12-31,ended
7006,1088557,1088560,1902-01-01,1970-12-31,ended
7006,1088559,1088560,1902-01-01,1958-12-31,ended
7006,1088559,1088562,1902-01-01,1903-12-31,ended
7006,1088561,1088562,1904-01-01,1904-12-31,ended
7006,1088561,1088564,1901-01-01,1911-12-31,ended
7006,1088563,1088564,1905-01-01,1911-12-31,ended
7006,1088563,1088566,1901-01-01,1919-12-31,ended
7006,1088565,1088566,1901-01-01,1919-12-31,ended
7006,1088565,1088568,1901-01-01,1949-12-31,ended
7006,1088567,1088568,1904-01-01,1949-12-31,ended
7006,1088567,1088570,1904-01-01,1952-12-31,ended
7006,1088569,1088570,1905-01-01,1952-12-31,ended
7006,1088569,1088572,1906-01-01,1970-12-31,ended
7006,1088571,1088572,1902-01-01,1981-12-31,ended
7006,1088571,1088574,1905-01-01,1938-12-31,ended
7006,1088573,1088574,1904-01-01,1938-12-31,ended
7006,1088573,1088576,1906-01-01,1962-12-31,ended
7006,1088575,1088576,1902-01-01,1948-12-31,ended
7006,1088575,1088578,1902-01-01,1948-12-31,ended
7006,1088577,1088578,1901-01-01,1956-12-31,ended
7006,1088577,1088580,1901-01-01,1936-12-31,ended
7006,1088579,1088580,1903-01-01,1936-12-31,ended
7006,1088579,1088582,1902-01-01,1941-12-31,ended
7006,1088581,1088582,1903-01-01,1941-12-31,ended
7006,1088581,1088584,1906-01-01,1915-12-31,ended
7006,1088583,1088584,1907-01-01,1915-12-31,ended
7006,1088583,1088586,1903-01-01,1917-12-31,ended
7006,1088585,1088586,1903-01-01,1917-12-31,ended
7006,1088585,1088588,1904-01-01,1958-12-31,ended
7006,1088587,1088588,1905-01-01,1940-12-31,ended
7006,1088587,1088590,1903-01-01,1940-12-31,ended
7006,1088589,1088590,1901-01-01,1925-12-31,ended
7006,1088589,1088592,1902-01-01,1925-12-31,ended
7006,1088591,1088592,1903-01-01,1958-12-31,ended
7006,1088591,1088594,1905-01-01,1956-12-31,ended
7006,1088593,1088594,1906-01-01,1956-12-31,ended
7006,1088593,1088596,1901-01-01,1930-12-31,ended
7006,1088595,1088596,1903-01-01,1920-12-31,ended
7006,1088595,1088598,1902-01-01,1920-12-31,ended
7006,1088597,1088598,1903-01-01,1970-12-31,ended
7006,1088597,1088600,1904-01-01,1940-12-31,ended
7006,1088599,1088600,1904-01-01,1935-12-31,ended
7006,1088599,1088602,1901-01-01,1935-12-31,ended
7006,1088601,1088602,1905-01-01,1941-12-31,ended
7006,1088601,1088604,1901-01-01,1950-12-31,ended
7006,1088603,1088604,1905-01-01,1972-12-31,ended
7006,1088603,1088606,1905-01-01,1922-12-31,ended
7006,1088605,1088606,1904-01-01,1922-12-31,ended
7006,1088605,1088608,1905-01-01,1925-12-31,ended
7006,1088607,1088608,1905-01-01,1938-12-31,ended
7006,1088607,1088610,1901-01-01,1972-12-31,ended
7006,1088609,1088610,1905-01-01,1925-12-31,ended
7006,1088609,1088612,1901-01-01,1925-12-31,ended
7006,1088611,1088612,1904-01-01,1961-12-31,ended
7006,1088613,1088614,1904-01-01,1957-12-31,ended
7006,1088615,1088616,1904-01-01,1949-12-31,ended
7006,1088617,1088618,1906-01-01,1962-12-31,ended
7006,1088619,1088620,1906-01-01,1935-12-31,ended
7006,1088621,1088622,1904-01-01,1955-12-31,ended
7006,1088623,1088624,1902-01-01,1948-12-31,ended
7006,1088625,1088626,1903-01-01,1930-12-31,ended
7006,1088627,1088628,1901-01-01,1946-12-31,ended
7006,1088629,1088630,1905-01-01,1957-12-31,ended
7006,1088631,1088632,1904-01-01,1937-12-31,ended
7006,1088633,1088634,1904-01-01,1943-12-31,ended
7006,1088635,1088636,1904-01-01,1927-12-31,ended
7006,1088637,1088638,1902-01-01,1924-12-31,ended
7006,1088639,1088640,1901-01-01,1954-12-31,ended
7006,1088641,1088642,1903-01-01,1929-12-31,ended
7006,1088644,1088645,1925-01-01,1951-12-31,ended
7006,1088644,1088647,1922-01-01,1948-12-31,ended
7006,1088645,1088744,1926-01-01,1948-12-31,ended
7006,1088646,1088647,1921-01-01,1948-12-31,ended
7006,1088646,1088649,1924-01-01,1969-12-31,ended
7006,1088648,1088649,1924-01-01,1951-12-31,ended
7006,1088648,1088651,1922-01-01,1951-12-31,ended
7006,1088650,1088651,1925-01-01,1971-12-31,ended
7006,1088650,1088653,1924-01-01,1971-12-31,ended
7006,1088652,1088653,1924-01-01,1957-12-31,ended
7006,1088652,1088655,1923-01-01,1950-12-31,ended
7006,1088654,1088655,1927-01-01,1950-12-31,ended
7006,1088654,1088657,1925-01-01,1979-12-31,ended
7006,1088656,1088657,1925-01-01,1957-12-31,ended
7006,1088656,1088659,1925-01-01,1955-12-31,ended
7006,1088658,1088659,1922-01-01,1955-12-31,ended
7006,1088658,1088661,1923-01-01,1975-12-31,ended
7006,1088660,1088661,1924-01-01,1974-12-31,ended
7006,1088660,1088663,1922-01-01,1958-12-31,ended
7006,1088662,1088663,1927-01-01,1958-12-31,ended
7006,1088662,1088665,1926-01-01,1977-12-31,ended
7006,1088664,1088665,1925-01-01,1989-12-31,ended
7006,1088664,1088667,1926-01-01,1982-12-31,ended
7006,1088666,1088667,1922-01-01,1954-12-31,ended
7006,1088666,1088669,1922-01-01,1954-12-31,ended
7006,1088668,1088669,1923-01-01,1962-12-31,ended
7006,1088668,1088671,1926-01-01,1938-12-31,ended
7006,1088670,1088671,1922-01-01,1938-12-31,ended
7006,1088670,1088673,1924-01-01,1966-12-31,ended
7006,1088672,1088673,1923-01-01,1966-12-31,ended
7006,1088672,1088675,1922-01-01,1955-12-31,ended
7006,1088674,1088675,1925-01-01,1955-12-31,ended
7006,1088674,1088677,1922-01-01,1946-12-31,ended
7006,1088676,1088677,1928-01-01,1945-12-31,ended
7006,1088676,1088679,1923-01-01,1945-12-31,ended
7006,1088678,1088679,1926-01-01,1951-12-31,ended
7006,1088678,1088681,1924-01-01,1951-12-31,ended
7006,1088680,1088681,1925-01-01,1973-12-31,ended
7006,1088680,1088683,1924-01-01,1980-12-31,ended
7006,1088682,1088683,1925-01-01,1961-12-31,ended
7006,1088682,1088685,1924-01-01,1961-12-31,ended
7006,1088684,1088685,1926-01-01,1995-12-31,ended
7006,1088684,1088687,1924-01-01,1993-12-31,ended
7006,1088686,1088687,1923-01-01,1962-12-31,ended
7006,1088686,1088689,1926-01-01,1962-12-31,ended
7006,1088688,1088689,1927-01-01,1928-12-31,ended
7006,1088688,1088691,1925-01-01,1928-12-31,ended
7006,1088690,1088691,1926-01-01,1934-12-31,ended
7006,1088690,1088693,1926-01-01,1934-12-31,ended
7006,1088692,1088693,1924-01-01,1930-12-31,ended
7006,1088692,1088695,1922-01-01,1930-12-31,ended
7006,1088694,1088695,1923-01-01,1932-12-31,ended
7006,1088694,1088697,1926-01-01,1982-12-31,ended
7006,1088696,1088697,1923-01-01,1982-12-31,ended
7006,1088696,1088699,1924-01-01,1929-12-31,ended
7006,1088698,1088699,1924-01-01,1929-12-31,ended
7006,1088698,1088701,1926-01-01,1972-12-31,ended
7006,1088700,1088701,1926-01-01,1967-12-31,ended
7006,1088700,1088703,1928-01-01,1967-12-31,ended
7006,1088702,1088703,1928-01-01,1974-12-31,ended
7006,1088702,1088705,1923-01-01,1997-12-31,ended
7006,1088704,1088705,1928-01-01,1949-12-31,ended
7006,1088704,1088707,1923-01-01,1949-12-31,ended
7006,1088706,1088707,1923-01-01,1937-12-31,ended
7006,1088706,1088709,1928-01-01,1937-12-31,ended
7006,1088708,1088709,1922-01-01,1950-12-31,ended
7006,1088708,1088711,1923-01-01,1950-12-31,ended
7006,1088710,1088711,1926-01-01,1975-12-31,ended
7006,1088712,1088713,1923-01-01,1937-12-31,ended
7006,1088714,1088715,1927-01-01,1985-12-31,ended
7006,1088716,1088717,1927-01-01,1984-12-31,ended
7006,1088718,1088719,1928-01-01,1953-12-31,ended
7006,1088720,1088721,1924-01-01,1963-12-31,ended
7006,1088722,1088723,1925-01-01,1937-12-31,ended
7006,1088724,1088725,1922-01-01,1980-12-31,ended
7006,1088726,1088727,1925-01-01,1971-12-31,ended
7006,1088728,1088729,1923-01-01,1975-12-31,ended
7006,1088730,1088731,1925-01-01,1984-12-31,ended
7006,1088732,1088733,1924-01-01,1984-12-31,ended
7006,1088734,1088735,1925-01-01,1948-12-31,ended
7006,1088736,1088737,1923-01-01,1923-12-31,ended
7006,1088738,1088739,1925-01-01,1959-12-31,ended
7006,1088740,1088741,1923-01-01,1956-12-31,ended
7006,1088742,1088743,1928-01-01,1984-12-31,ended
7006,1088745,1088746,1948-01-01,2001-12-31,ended
7006,1088747,1088748,1947-01-01,1968-12-31,ended
7006,1088749,1088750,1948-01-01,1972-12-31,ended
7006,1088751,1088752,1945-01-01,1977-12-31,ended
7006,1088753,1088754,1948-01-01,1969-12-31,ended
7006,1088755,1088756,1949-01-01,1982-12-31,ended
7006,1088757,1088758,1945-01-01,1965-12-31,ended
7006,1088759,1088760,1948-01-01,1986-12-31,ended
7006,1088761,1088762,1943-01-01,1982-12-31,ended
7006,1088763,1088764,1946-01-01,1973-12-31,ended
7006,1088765,1088766,1947-01-01,1988-12-31,ended
7006,1088767,1088768,1943-01-01,1977-12-31,ended
7006,1088769,1088770,1946-01-01,2008-12-31,ended
7006,1088771,1088772,1949-01-01,2008-12-31,ended
7006,1088773,1088774,1948-01-01,1971-12-31,ended
7006,1088775,1088776,1947-01-01,1975-12-31,ended
7006,1088777,1088778,1943-01-01,2009-12-31,ended
7006,1088779,1088780,1943-01-01,1963-12-31,ended
7006,1088781,1088782,1947-01-01,1996-12-31,ended
7006,1088783,1088784,1944-01-01,1985-12-31,ended
7006,1088785,1088786,1944-01-01,1950-12-31,ended
7006,1088787,1088788,1949-01-01,1957-12-31,ended
7006,1088789,1088790,1945-01-01,1971-12-31,ended
7006,1088791,1088792,1945-01-01,1984-12-31,ended
7006,1088793,1088794,1943-01-01,1966-12-31,ended
7006,1088795,1088796,1948-01-01,1979-12-31,ended
7006,1088797,1088798,1945-01-01,1996-12-31,ended
7006,1088799,1088800,1946-01-01,1961-12-31,ended
7006,1088801,1088802,1945-01-01,1979-12-31,ended
7006,1088803,1088804,1943-01-01,1964-12-31,ended
7006,1088805,1088806,1944-01-01,1963-12-31,ended
7006,1088807,1088808,1946-01-01,1983-12-31,ended
7006,1088809,1088810,1949-01-01,1966-12-31,ended
7006,1088811,1088812,1947-01-01,1973-12-31,ended
7006,1088813,1088814,1946-01-01,1987-12-31,ended
7006,1088815,1088816,1946-01-01,1959-12-31,ended
7006,1088817,1088818,1944-01-01,1966-12-31,ended
7006,1088819,1088820,1944-01-01,2002-12-31,ended
7006,1088821,1088822,1945-01-01,1970-12-31,ended
7006,1088823,1088824,1947-01-01,1977-12-31,ended
7006,1088825,1088826,1944-01-01,1969-12-31,ended
7006,1088827,1088828,1949-01-01,1995-12-31,ended
7006,1088829,1088830,1964-01-01,2003-12-31,ended
7006,1088831,1088832,1969-01-01,,active
7006,1088833,1088834,1967-01-01,2000-12-31,ended
7006,1088835,1088836,1965-01-01,1986-12-31,ended
7006,1088837,1088838,1970-01-01,1984-12-31,ended
7006,1088839,1088840,1969-01-01,1998-12-31,ended
7006,1088841,1088842,1966-01-01,2009-12-31,ended
7006,1088843,1088844,1967-01-01,1997-12-31,ended
7006,1088845,1088846,1964-01-01,1992-12-31,ended
7006,1088847,1088848,1968-01-01,2001-12-31,ended
7006,1088849,1088850,1968-01-01,1998-12-31,ended
7006,1088851,1088852,1969-01-01,2011-12-31,ended
7006,1088853,1088854,1967-01-01,1984-12-31,ended
7006,1088855,1088856,1969-01-01,2009-12-31,ended
7006,1088857,1088858,1966-01-01,2020-12-31,ended
7006,1088859,1088860,1968-01-01,2005-12-31,ended
7006,1088861,1088862,1966-01-01,1999-12-31,ended
7006,1088863,1088864,1966-01-01,2007-12-31,ended
7006,1088865,1088866,1965-01-01,2000-12-31,ended
7006,1088867,1088868,1966-01-01,,active
7006,1088869,1088870,1966-01-01,1991-12-31,ended
7006,1088871,1088872,1966-01-01,,active
7006,1088873,1088874,1966-01-01,2000-12-31,ended
7006,1088875,1088876,1966-01-01,1984-12-31,ended
7006,1088877,1088878,1968-01-01,2007-12-31,ended
7006,1088879,1088880,1967-01-01,1995-12-31,ended
7006,1088881,1088882,1966-01-01,2006-12-31,ended
7006,1088883,1088884,1965-01-01,1998-12-31,ended
7006,1088885,1088886,1966-01-01,2008-12-31,ended
7006,1088887,1088888,1965-01-01,1995-12-31,ended
7006,1088889,1088890,1963-01-01,1978-12-31,ended
7006,1088891,1088892,1968-01-01,1992-12-31,ended
7006,1088893,1088894,1967-01-01,,active
7006,1088895,1088896,1967-01-01,2002-12-31,ended
7006,1088897,1088898,1989-01-01,,active
7006,1088897,1088900,1987-01-01,,active
7006,1088898,1088947,1991-01-01,,active
7006,1088899,1088900,1985-01-01,,active
7006,1088899,1088902,1987-01-01,,active
7006,1088901,1088902,1985-01-01,,active
7006,1088901,1088904,1990-01-01,,active
7006,1088903,1088904,1988-01-01,,active
7006,1088903,1088906,1987-01-01,,active
7006,1088905,1088906,1986-01-01,,active
7006,1088905,1088908,1988-01-01,2013-12-31,ended
7006,1088907,1088908,1986-01-01,2013-12-31,ended
7006,1088907,1088910,1986-01-01,,active
7006,1088909,1088910,1985-01-01,,active
7006,1088909,1088912,1987-01-01,,active
7006,1088911,1088912,1987-01-01,,active
7006,1088911,1088914,1989-01-01,,active
7006,1088913,1088914,1985-01-01,,active
7006,1088913,1088916,1987-01-01,,active
7006,1088915,1088916,1986-01-01,,active
7006,1088917,1088918,1986-01-01,,active
7006,1088919,1088920,1989-01-01,,active
7006,1088921,1088922,1988-01-01,,active
7006,1088923,1088924,1990-01-01,,active
7006,1088925,1088926,1985-01-01,2010-12-31,ended
7006,1088927,1088928,1990-01-01,,active
7006,1088929,1088930,1987-01-01,,active
7006,1088931,1088932,1988-01-01,,active
7006,1088933,1088934,1985-01-01,,active
7006,1088935,1088936,1991-01-01,,active
7006,1088937,1088938,1986-01-01,,active
7006,1088939,1088940,1987-01-01,,active
7006,1088941,1088942,1986-01-01,,active
7006,1088943,1088944,1985-01-01,2019-12-31,ended
7006,1088945,1088946,1990-01-01,,active
7006,1088948,1088949,2008-01-01,,active
7006,1088949,1088982,2006-01-01,,active
7006,1088950,1088951,2008-01-01,,active
7006,1088952,1088953,2007-01-01,,active
7006,1088954,1088955,2007-01-01,,active
7006,1088956,1088957,2009-01-01,,active
7006,1088958,1088959,2009-01-01,,active
7006,1088960,1088961,2011-01-01,,active
7006,1088962,1088963,2009-01-01,,active
7006,1088964,1088965,2010-01-01,,active
7006,1088966,1088967,2011-01-01,,active
7006,1088968,1088969,2008-01-01,2021-12-31,ended
7006,1088970,1088971,2006-01-01,2019-12-31,ended
7006,1088972,1088973,2012-01-01,,active
7006,1088974,1088975,2006-01-01,,active
7006,1088976,1088977,2010-01-01,2025-12-31,ended
7006,1088978,1088979,2006-01-01,,active
7006,1088980,1088981,2007-01-01,,active
