member_id,tree_id,name,gender,birth_date,death_date,generation_no,generation_name,biography,is_alive
1085001,7006,陈德强,male,1404-01-01,1473-12-31,1,德,Rule-generated Stage7 member for 合成陈氏.,False
1085018,7006,陈明文,male,1424-01-01,1465-12-31,2,仁,Rule-generated Stage7 member for 合成陈氏.,False
1085027,7006,陈仁清,female,1423-01-01,1474-12-31,2,仁,Rule-generated Stage7 member for 合成陈氏.,False
1085036,7006,陈华,male,1419-01-01,1506-12-31,2,仁,Rule-generated Stage7 member for 合成陈氏.,False
1085045,7006,陈仁敏,female,1423-01-01,1492-12-31,2,仁,Rule-generated Stage7 member for 合成陈氏.,False
1085052,7006,陈孝强,male,1442-01-01,1483-12-31,3,孝,Rule-generated Stage7 member for 合成陈氏.,False
1085056,7006,陈孝国,male,1446-01-01,1532-12-31,3,孝,Rule-generated Stage7 member for 合成陈氏.,False
1085061,7006,陈孝华,female,1441-01-01,1534-12-31,3,孝,Rule-generated Stage7 member for 合成陈氏.,False
1085065,7006,陈孝华,female,1440-01-01,1488-12-31,3,孝,Rule-generated Stage7 member for 合成陈氏.,False
1085069,7006,陈孝芳,female,1446-01-01,1493-12-31,3,孝,Rule-generated Stage7 member for 合成陈氏.,False
1085073,7006,陈孝慧,female,1446-01-01,1522-12-31,3,孝,Rule-generated Stage7 member for 合成陈氏.,False
1085078,7006,陈孝德,male,1442-01-01,1489-12-31,3,孝,Rule-generated Stage7 member for 合成陈氏.,False
1085082,7006,陈文承,male,1443-01-01,1501-12-31,3,孝,Rule-generated Stage7 member for 合成陈氏.,False
1085086,7006,陈孝文,male,1443-01-01,1503-12-31,3,孝,Rule-generated Stage7 member for 合成陈氏.,False
1085090,7006,陈敏,male,1442-01-01,1514-12-31,3,孝,Rule-generated Stage7 member for 合成陈氏.,False
1085095,7006,陈孝芳,female,1442-01-01,1514-12-31,3,孝,Rule-generated Stage7 member for 合成陈氏.,False
1085099,7006,陈宁玉,female,1440-01-01,1509-12-31,3,孝,Rule-generated Stage7 member for 合成陈氏.,False
1085102,7006,陈成世,male,1461-01-01,1503-12-31,4,礼,Rule-generated Stage7 member for 合成陈氏.,False
1085104,7006,陈德伟,male,1467-01-01,1544-12-31,4,礼,Rule-generated Stage7 member for 合成陈氏.,False
1085106,7006,陈成承,male,1464-01-01,1536-12-31,4,礼,Rule-generated Stage7 member for 合成陈氏.,False
1085108,7006,陈强文,male,1466-01-01,1547-12-31,4,礼,Rule-generated Stage7 member for 合成陈氏.,False
1085110,7006,陈礼强,male,1461-01-01,1550-12-31,4,礼,Rule-generated Stage7 member for 合成陈氏.,False
1085112,7006,陈礼宗,male,1462-01-01,1534-12-31,4,礼,Rule-generated Stage7 member for 合成陈氏.,False
1085115,7006,陈礼芳,female,1461-01-01,1538-12-31,4,礼,Rule-generated Stage7 member for 合成陈氏.,False
1085117,7006,陈慧敏,female,1467-01-01,1513-12-31,4,礼,Rule-generated Stage7 member for 合成陈氏.,False
1085119,7006,陈礼芳,female,1466-01-01,1518-12-31,4,礼,Rule-generated Stage7 member for 合成陈氏.,False
1085121,7006,陈礼玉,female,1462-01-01,1498-12-31,4,礼,Rule-generated Stage7 member for 合成陈氏.,False
1085123,7006,陈礼丽,female,1463-01-01,1543-12-31,4,礼,Rule-generated Stage7 member for 合成陈氏.,False
1085125,7006,陈清雅,female,1467-01-01,1538-12-31,4,礼,Rule-generated Stage7 member for 合成陈氏.,False
1085127,7006,陈芳宁,female,1465-01-01,1545-12-31,4,礼,Rule-generated Stage7 member for 合成陈氏.,False
1085129,7006,陈丽兰,female,1464-01-01,1556-12-31,4,礼,Rule-generated Stage7 member for 合成陈氏.,False
1085131,7006,陈礼华,female,1466-01-01,1536-12-31,4,礼,Rule-generated Stage7 member for 合成陈氏.,False
1085133,7006,陈礼兰,female,1463-01-01,1507-12-31,4,礼,Rule-generated Stage7 member for 合成陈氏.,False
1085135,7006,陈礼梅,female,1461-01-01,1539-12-31,4,礼,Rule-generated Stage7 member for 合成陈氏.,False
1085137,7006,陈礼梅,female,1462-01-01,1524-12-31,4,礼,Rule-generated Stage7 member for 合成陈氏.,False
1085140,7006,陈景德,male,1462-01-01,1546-12-31,4,礼,Rule-generated Stage7 member for 合成陈氏.,False
1085142,7006,陈礼安,male,1466-01-01,1530-12-31,4,礼,Rule-generated Stage7 member for 合成陈氏.,False
1085144,7006,陈礼伟,male,1465-01-01,1542-12-31,4,礼,Rule-generated Stage7 member for 合成陈氏.,False
1085146,7006,陈礼世,male,1464-01-01,1535-12-31,4,礼,Rule-generated Stage7 member for 合成陈氏.,False
1085148,7006,陈礼宗,male,1465-01-01,1530-12-31,4,礼,Rule-generated Stage7 member for 合成陈氏.,False
1085150,7006,陈礼安,male,1465-01-01,1531-12-31,4,礼,Rule-generated Stage7 member for 合成陈氏.,False
1085152,7006,陈强国,male,1465-01-01,1553-12-31,4,礼,Rule-generated Stage7 member for 合成陈氏.,False
1085154,7006,陈礼景,male,1467-01-01,1545-12-31,4,礼,Rule-generated Stage7 member for 合成陈氏.,False
1085156,7006,陈承世,male,1463-01-01,1548-12-31,4,礼,Rule-generated Stage7 member for 合成陈氏.,False
1085158,7006,陈明,male,1465-01-01,1536-12-31,4,礼,Rule-generated Stage7 member for 合成陈氏.,False
1085160,7006,陈承宗,male,1463-01-01,1555-12-31,4,礼,Rule-generated Stage7 member for 合成陈氏.,False
1085162,7006,陈礼强,male,1464-01-01,1501-12-31,4,礼,Rule-generated Stage7 member for 合成陈氏.,False
1085165,7006,陈礼玉,female,1462-01-01,1558-12-31,4,礼,Rule-generated Stage7 member for 合成陈氏.,False
1085167,7006,陈礼兰,female,1467-01-01,1551-12-31,4,礼,Rule-generated Stage7 member for 合成陈氏.,False
1085169,7006,陈义德,male,1486-01-01,1557-12-31,5,义,Rule-generated Stage7 member for 合成陈氏.,False
1085170,7006,陈明,female,1487-01-01,1552-12-31,5,义,Rule-generated Stage7 member for 合成陈氏.,False
1085171,7006,陈义文,male,1488-01-01,1530-12-31,5,义,Rule-generated Stage7 member for 合成陈氏.,False
1085172,7006,陈义敏,female,1486-01-01,1528-12-31,5,义,Rule-generated Stage7 member for 合成陈氏.,False
1085173,7006,陈义承,male,1485-01-01,1578-12-31,5,义,Rule-generated Stage7 member for 合成陈氏.,False
1085174,7006,陈义慧,female,1487-01-01,1521-12-31,5,义,Rule-generated Stage7 member for 合成陈氏.,False
1085175,7006,陈义德,male,1482-01-01,1550-12-31,5,义,Rule-generated Stage7 member for 合成陈氏.,False
1085176,7006,陈义清,female,1488-01-01,1539-12-31,5,义,Rule-generated Stage7 member for 合成陈氏.,False
1085177,7006,陈强,male,1482-01-01,1553-12-31,5,义,Rule-generated Stage7 member for 合成陈氏.,False
1085178,7006,陈雅芳,female,1487-01-01,1536-12-31,5,义,Rule-generated Stage7 member for 合成陈氏.,False
1085179,7006,陈伟承,male,1484-01-01,1548-12-31,5,义,Rule-generated Stage7 member for 合成陈氏.,False
1085180,7006,陈义兰,female,1485-01-01,1536-12-31,5,义,Rule-generated Stage7 member for 合成陈氏.,False
1085181,7006,陈义承,male,1487-01-01,1550-12-31,5,义,Rule-generated Stage7 member for 合成陈氏.,False
1085182,7006,陈梅梅,female,1484-01-01,1578-12-31,5,义,Rule-generated Stage7 member for 合成陈氏.,False
1085183,7006,陈义承,male,1486-01-01,1509-12-31,5,义,Rule-generated Stage7 member for 合成陈氏.,False
1085184,7006,陈义丽,female,1486-01-01,1566-12-31,5,义,Rule-generated Stage7 member for 合成陈氏.,False
1085185,7006,陈义景,male,1487-01-01,1565-12-31,5,义,Rule-generated Stage7 member for 合成陈氏.,False
1085186,7006,陈玉华,female,1482-01-01,1536-12-31,5,义,Rule-generated Stage7 member for 合成陈氏.,False
1085188,7006,陈义芳,female,1483-01-01,1554-12-31,5,义,Rule-generated Stage7 member for 合成陈氏.,False
1085189,7006,陈义明,male,1482-01-01,1545-12-31,5,义,Rule-generated Stage7 member for 合成陈氏.,False
1085190,7006,陈义宁,female,1485-01-01,1579-12-31,5,义,Rule-generated Stage7 member for 合成陈氏.,False
1085191,7006,陈义文,male,1483-01-01,1558-12-31,5,义,Rule-generated Stage7 member for 合成陈氏.,False
1085192,7006,陈丽安,female,1486-01-01,1547-12-31,5,义,Rule-generated Stage7 member for 合成陈氏.,False
1085193,7006,陈明国,male,1485-01-01,1547-12-31,5,义,Rule-generated Stage7 member for 合成陈氏.,False
1085194,7006,陈义雅,female,1484-01-01,1545-12-31,5,义,Rule-generated Stage7 member for 合成陈氏.,False
1085195,7006,陈义国,male,1487-01-01,1541-12-31,5,义,Rule-generated Stage7 member for 合成陈氏.,False
1085196,7006,陈义丽,female,1487-01-01,1548-12-31,5,义,Rule-generated Stage7 member for 合成陈氏.,False
1085197,7006,陈强,male,1486-01-01,1559-12-31,5,义,Rule-generated Stage7 member for 合成陈氏.,False
1085198,7006,陈兰雅,female,1482-01-01,1542-12-31,5,义,Rule-generated Stage7 member for 合成陈氏.,False
1085199,7006,陈义宗,male,1487-01-01,1554-12-31,5,义,Rule-generated Stage7 member for 合成陈氏.,False
1085200,7006,陈义清,female,1482-01-01,1512-12-31,5,义,Rule-generated Stage7 member for 合成陈氏.,False
1085201,7006,陈义德,male,1483-01-01,1541-12-31,5,义,Rule-generated Stage7 member for 合成陈氏.,False
1085203,7006,陈义明,male,1487-01-01,1560-12-31,5,义,Rule-generated Stage7 member for 合成陈氏.,False
1085204,7006,陈义清,female,1486-01-01,1573-12-31,5,义,Rule-generated Stage7 member for 合成陈氏.,False
1085205,7006,陈义国,male,1486-01-01,1572-12-31,5,义,Rule-generated Stage7 member for 合成陈氏.,False
1085206,7006,陈义宁,female,1486-01-01,1562-12-31,5,义,Rule-generated Stage7 member for 合成陈氏.,False
1085207,7006,陈义成,male,1484-01-01,1566-12-31,5,义,Rule-generated Stage7 member for 合成陈氏.,False
1085208,7006,陈义慧,female,1482-01-01,1535-12-31,5,义,Rule-generated Stage7 member for 合成陈氏.,False
1085209,7006,陈义承,male,1482-01-01,1552-12-31,5,义,Rule-generated Stage7 member for 合成陈氏.,False
1085210,7006,陈义梅,female,1483-01-01,1527-12-31,5,义,Rule-generated Stage7 member for 合成陈氏.,False
1085211,7006,陈义伟,male,1486-01-01,1558-12-31,5,义,Rule-generated Stage7 member for 合成陈氏.,False
1085212,7006,陈义安,female,1483-01-01,1573-12-31,5,义,Rule-generated Stage7 member for 合成陈氏.,False
1085213,7006,陈宗明,male,1488-01-01,1567-12-31,5,义,Rule-generated Stage7 member for 合成陈氏.,False
1085214,7006,陈丽,female,1488-01-01,1527-12-31,5,义,Rule-generated Stage7 member for 合成陈氏.,False
1085215,7006,陈义德,male,1482-01-01,1557-12-31,5,义,Rule-generated Stage7 member for 合成陈氏.,False
1085216,7006,陈安梅,female,1482-01-01,1562-12-31,5,义,Rule-generated Stage7 member for 合成陈氏.,False
1085217,7006,陈义文,male,1488-01-01,1532-12-31,5,义,Rule-generated Stage7 member for 合成陈氏.,False
1085218,7006,陈义安,female,1486-01-01,1556-12-31,5,义,Rule-generated Stage7 member for 合成陈氏.,False
1085219,7006,陈义伟,male,1486-01-01,1561-12-31,5,义,Rule-generated Stage7 member for 合成陈氏.,False
1085222,7006,陈义慧,female,1482-01-01,1542-12-31,5,义,Rule-generated Stage7 member for 合成陈氏.,False
1085223,7006,陈义明,male,1485-01-01,1572-12-31,5,义,Rule-generated Stage7 member for 合成陈氏.,False
1085224,7006,陈清兰,female,1486-01-01,1522-12-31,5,义,Rule-generated Stage7 member for 合成陈氏.,False
1085225,7006,陈义强,male,1487-01-01,1518-12-31,5,义,Rule-generated Stage7 member for 合成陈氏.,False
1085226,7006,陈义清,female,1485-01-01,1554-12-31,5,义,Rule-generated Stage7 member for 合成陈氏.,False
1085227,7006,陈义宗,male,1487-01-01,1532-12-31,5,义,Rule-generated Stage7 member for 合成陈氏.,False
1085228,7006,陈伟,female,1488-01-01,1516-12-31,5,义,Rule-generated Stage7 member for 合成陈氏.,False
1085229,7006,陈承国,male,1482-01-01,1557-12-31,5,义,Rule-generated Stage7 member for 合成陈氏.,False
1085230,7006,陈伟,female,1482-01-01,1523-12-31,5,义,Rule-generated Stage7 member for 合成陈氏.,False
1085231,7006,陈承景,male,1482-01-01,1549-12-31,5,义,Rule-generated Stage7 member for 合成陈氏.,False
1085232,7006,陈慧宁,female,1486-01-01,1561-12-31,5,义,Rule-generated Stage7 member for 合成陈氏.,False
1085233,7006,陈义景,male,1482-01-01,1565-12-31,5,义,Rule-generated Stage7 member for 合成陈氏.,False
1085234,7006,陈宁丽,female,1483-01-01,1531-12-31,5,义,Rule-generated Stage7 member for 合成陈氏.,False
1085237,7006,陈义成,male,1488-01-01,1568-12-31,5,义,Rule-generated Stage7 member for 合成陈氏.,False
1085238,7006,陈义宁,female,1486-01-01,1554-12-31,5,义,Rule-generated Stage7 member for 合成陈氏.,False
1085239,7006,陈义德,male,1487-01-01,1545-12-31,5,义,Rule-generated Stage7 member for 合成陈氏.,False
1085240,7006,陈宁宁,female,1482-01-01,1550-12-31,5,义,Rule-generated Stage7 member for 合成陈氏.,False
1085241,7006,陈明德,male,1488-01-01,1562-12-31,5,义,Rule-generated Stage7 member for 合成陈氏.,False
1085242,7006,陈义雅,female,1488-01-01,1526-12-31,5,义,Rule-generated Stage7 member for 合成陈氏.,False
1085243,7006,陈伟,male,1486-01-01,1524-12-31,5,义,Rule-generated Stage7 member for 合成陈氏.,False
1085244,7006,陈义宁,female,1488-01-01,1569-12-31,5,义,Rule-generated Stage7 member for 合成陈氏.,False
1085245,7006,陈丽,male,1483-01-01,1537-12-31,5,义,Rule-generated Stage7 member for 合成陈氏.,False
1085246,7006,陈兰敏,female,1482-01-01,1534-12-31,5,义,Rule-generated Stage7 member for 合成陈氏.,False
1085247,7006,陈明,male,1483-01-01,1575-12-31,5,义,Rule-generated Stage7 member for 合成陈氏.,False
1085248,7006,陈义清,female,1482-01-01,1536-12-31,5,义,Rule-generated Stage7 member for 合成陈氏.,False
1085249,7006,陈德明,male,1484-01-01,1572-12-31,5,义,Rule-generated Stage7 member for 合成陈氏.,False
1085250,7006,陈伟,female,1488-01-01,1553-12-31,5,义,Rule-generated Stage7 member for 合成陈氏.,False
1085251,7006,陈义德,male,1483-01-01,1544-12-31,5,义,Rule-generated Stage7 member for 合成陈氏.,False
1085252,7006,陈信成,male,1503-01-01,1550-12-31,6,信,Rule-generated Stage7 member for 合成陈氏.,False
1085253,7006,陈强,female,1507-01-01,1594-12-31,6,信,Rule-generated Stage7 member for 合成陈氏.,False
1085254,7006,陈信景,male,1509-01-01,1606-12-31,6,信,Rule-generated Stage7 member for 合成陈氏.,False
1085255,7006,陈信安,female,1509-01-01,1590-12-31,6,信,Rule-generated Stage7 member for 合成陈氏.,False
1085256,7006,陈信伟,male,1509-01-01,1538-12-31,6,信,Rule-generated Stage7 member for 合成陈氏.,False
1085257,7006,陈信芳,female,1505-01-01,1580-12-31,6,信,Rule-generated Stage7 member for 合成陈氏.,False
1085258,7006,陈信宗,male,1508-01-01,1564-12-31,6,信,Rule-generated Stage7 member for 合成陈氏.,False
1085259,7006,陈信敏,female,1508-01-01,1586-12-31,6,信,Rule-generated Stage7 member for 合成陈氏.,False
1085260,7006,陈信德,male,1505-01-01,1540-12-31,6,信,Rule-generated Stage7 member for 合成陈氏.,False
1085261,7006,陈玉清,female,1508-01-01,1573-12-31,6,信,Rule-generated Stage7 member for 合成陈氏.,False
1085262,7006,陈信伟,male,1504-01-01,1584-12-31,6,信,Rule-generated Stage7 member for 合成陈氏.,False
1085263,7006,陈兰安,female,1506-01-01,1599-12-31,6,信,Rule-generated Stage7 member for 合成陈氏.,False
1085264,7006,陈信德,male,1508-01-01,1550-12-31,6,信,Rule-generated Stage7 member for 合成陈氏.,False
1085265,7006,陈华,female,1509-01-01,1541-12-31,6,信,Rule-generated Stage7 member for 合成陈氏.,False
1085266,7006,陈宗宗,male,1509-01-01,1599-12-31,6,信,Rule-generated Stage7 member for 合成陈氏.,False
1085267,7006,陈信芳,female,1504-01-01,1574-12-31,6,信,Rule-generated Stage7 member for 合成陈氏.,False
1085268,7006,陈信世,male,1506-01-01,1593-12-31,6,信,Rule-generated Stage7 member for 合成陈氏.,False
1085269,7006,陈丽,female,1508-01-01,1569-12-31,6,信,Rule-generated Stage7 member for 合成陈氏.,False
1085270,7006,陈信伟,male,1508-01-01,1593-12-31,6,信,Rule-generated Stage7 member for 合成陈氏.,False
1085271,7006,陈信敏,female,1504-01-01,1539-12-31,6,信,Rule-generated Stage7 member for 合成陈氏.,False
1085272,7006,陈世承,male,1503-01-01,1560-12-31,6,信,Rule-generated Stage7 member for 合成陈氏.,False
1085273,7006,陈信清,female,1508-01-01,1588-12-31,6,信,Rule-generated Stage7 member for 合成陈氏.,False
1085274,7006,陈信承,male,1506-01-01,1596-12-31,6,信,Rule-generated Stage7 member for 合成陈氏.,False
1085275,7006,陈信华,female,1506-01-01,1540-12-31,6,信,Rule-generated Stage7 member for 合成陈氏.,False
1085276,7006,陈信强,male,1507-01-01,1555-12-31,6,信,Rule-generated Stage7 member for 合成陈氏.,False
1085277,7006,陈信宁,female,1507-01-01,1553-12-31,6,信,Rule-generated Stage7 member for 合成陈氏.,False
1085278,7006,陈信景,male,1505-01-01,1540-12-31,6,信,Rule-generated Stage7 member for 合成陈氏.,False
1085279,7006,陈安安,female,1507-01-01,1534-12-31,6,信,Rule-generated Stage7 member for 合成陈氏.,False
1085280,7006,陈信承,male,1509-01-01,1588-12-31,6,信,Rule-generated Stage7 member for 合成陈氏.,False
1085281,7006,陈华,female,1507-01-01,1553-12-31,6,信,Rule-generated Stage7 member for 合成陈氏.,False
1085282,7006,陈强景,male,1506-01-01,1555-12-31,6,信,Rule-generated Stage7 member for 合成陈氏.,False
1085283,7006,陈信清,female,1509-01-01,1579-12-31,6,信,Rule-generated Stage7 member for 合成陈氏.,False
1085284,7006,陈信国,male,1507-01-01,1578-12-31,6,信,Rule-generated Stage7 member for 合成陈氏.,False
1085286,7006,陈景安,male,1506-01-01,1568-12-31,6,信,Rule-generated Stage7 member for 合成陈氏.,False
1085287,7006,陈信梅,female,1507-01-01,1569-12-31,6,信,Rule-generated Stage7 member for 合成陈氏.,False
1085288,7006,陈信伟,male,1508-01-01,1582-12-31,6,信,Rule-generated Stage7 member for 合成陈氏.,False
1085289,7006,陈雅华,female,1504-01-01,1555-12-31,6,信,Rule-generated Stage7 member for 合成陈氏.,False
1085290,7006,陈强,male,1505-01-01,1570-12-31,6,信,Rule-generated Stage7 member for 合成陈氏.,False
1085291,7006,陈信安,female,1504-01-01,1576-12-31,6,信,Rule-generated Stage7 member for 合成陈氏.,False
1085292,7006,陈信文,male,1504-01-01,1602-12-31,6,信,Rule-generated Stage7 member for 合成陈氏.,False
1085293,7006,陈梅丽,female,1503-01-01,1572-12-31,6,信,Rule-generated Stage7 member for 合成陈氏.,False
1085294,7006,陈信宗,male,1509-01-01,1581-12-31,6,信,Rule-generated Stage7 member for 合成陈氏.,False
1085295,7006,陈丽玉,female,1504-01-01,1581-12-31,6,信,Rule-generated Stage7 member for 合成陈氏.,False
1085296,7006,陈伟,male,1508-01-01,1603-12-31,6,信,Rule-generated Stage7 member for 合成陈氏.,False
1085297,7006,陈信清,female,1503-01-01,1576-12-31,6,信,Rule-generated Stage7 member for 合成陈氏.,False
1085298,7006,陈信安,male,1508-01-01,1583-12-31,6,信,Rule-generated Stage7 member for 合成陈氏.,False
1085299,7006,陈清丽,female,1507-01-01,1573-12-31,6,信,Rule-generated Stage7 member for 合成陈氏.,False
1085300,7006,陈信承,male,1506-01-01,1571-12-31,6,信,Rule-generated Stage7 member for 合成陈氏.,False
1085301,7006,陈信敏,female,1507-01-01,1590-12-31,6,信,Rule-generated Stage7 member for 合成陈氏.,False
1085302,7006,陈文文,male,1507-01-01,1587-12-31,6,信,Rule-generated Stage7 member for 合成陈氏.,False
1085303,7006,陈明,female,1505-01-01,1568-12-31,6,信,Rule-generated Stage7 member for 合成陈氏.,False
1085304,7006,陈承成,male,1504-01-01,1595-12-31,6,信,Rule-generated Stage7 member for 合成陈氏.,False
1085305,7006,陈信丽,female,1503-01-01,1577-12-31,6,信,Rule-generated Stage7 member for 合成陈氏.,False
1085306,7006,陈敏,male,1504-01-01,1555-12-31,6,信,Rule-generated Stage7 member for 合成陈氏.,False
1085307,7006,陈信兰,female,1509-01-01,1564-12-31,6,信,Rule-generated Stage7 member for 合成陈氏.,False
1085308,7006,陈强,male,1503-01-01,1539-12-31,6,信,Rule-generated Stage7 member for 合成陈氏.,False
1085309,7006,陈信安,female,1508-01-01,1557-12-31,6,信,Rule-generated Stage7 member for 合成陈氏.,False
1085310,7006,陈信文,male,1505-01-01,1569-12-31,6,信,Rule-generated Stage7 member for 合成陈氏.,False
1085311,7006,陈信宁,female,1504-01-01,1542-12-31,6,信,Rule-generated Stage7 member for 合成陈氏.,False
1085312,7006,陈信明,male,1508-01-01,1567-12-31,6,信,Rule-generated Stage7 member for 合成陈氏.,False
1085313,7006,陈信芳,female,1504-01-01,1559-12-31,6,信,Rule-generated Stage7 member for 合成陈氏.,False
1085314,7006,陈信成,male,1506-01-01,1565-12-31,6,信,Rule-generated Stage7 member for 合成陈氏.,False
1085315,7006,陈芳清,female,1508-01-01,1581-12-31,6,信,Rule-generated Stage7 member for 合成陈氏.,False
1085316,7006,陈信世,male,1506-01-01,1554-12-31,6,信,Rule-generated Stage7 member for 合成陈氏.,False
1085317,7006,陈芳华,female,1504-01-01,1553-12-31,6,信,Rule-generated Stage7 member for 合成陈氏.,False
1085318,7006,陈国世,male,1507-01-01,1564-12-31,6,信,Rule-generated Stage7 member for 合成陈氏.,False
1085319,7006,陈信玉,female,1504-01-01,1600-12-31,6,信,Rule-generated Stage7 member for 合成陈氏.,False
1085320,7006,陈信安,male,1508-01-01,1529-12-31,6,信,Rule-generated Stage7 member for 合成陈氏.,False
1085321,7006,陈兰玉,female,1508-01-01,1568-12-31,6,信,Rule-generated Stage7 member for 合成陈氏.,False
1085322,7006,陈伟世,male,1504-01-01,1544-12-31,6,信,Rule-generated Stage7 member for 合成陈氏.,False
1085323,7006,陈信芳,female,1508-01-01,1570-12-31,6,信,Rule-generated Stage7 member for 合成陈氏.,False
1085324,7006,陈文德,male,1506-01-01,1572-12-31,6,信,Rule-generated Stage7 member for 合成陈氏.,False
1085325,7006,陈兰敏,female,1506-01-01,1562-12-31,6,信,Rule-generated Stage7 member for 合成陈氏.,False
1085326,7006,陈伟国,male,1508-01-01,1563-12-31,6,信,Rule-generated Stage7 member for 合成陈氏.,False
1085327,7006,陈强,female,1506-01-01,1583-12-31,6,信,Rule-generated Stage7 member for 合成陈氏.,False
1085328,7006,陈信明,male,1504-01-01,1585-12-31,6,信,Rule-generated Stage7 member for 合成陈氏.,False
1085329,7006,陈信慧,female,1506-01-01,1560-12-31,6,信,Rule-generated Stage7 member for 合成陈氏.,False
1085330,7006,陈伟承,male,1504-01-01,1555-12-31,6,信,Rule-generated Stage7 member for 合成陈氏.,False
1085331,7006,陈信梅,female,1508-01-01,1577-12-31,6,信,Rule-generated Stage7 member for 合成陈氏.,False
1085332,7006,陈承承,male,1509-01-01,1582-12-31,6,信,Rule-generated Stage7 member for 合成陈氏.,False
1085333,7006,陈信清,female,1504-01-01,1543-12-31,6,信,Rule-generated Stage7 member for 合成陈氏.,False
1085334,7006,陈信景,male,1507-01-01,1560-12-31,6,信,Rule-generated Stage7 member for 合成陈氏.,False
1085335,7006,陈信华,female,1504-01-01,1588-12-31,6,信,Rule-generated Stage7 member for 合成陈氏.,False
1085336,7006,陈信承,male,1509-01-01,1577-12-31,6,信,Rule-generated Stage7 member for 合成陈氏.,False
1085337,7006,陈信华,female,1505-01-01,1545-12-31,6,信,Rule-generated Stage7 member for 合成陈氏.,False
1085338,7006,陈明德,male,1503-01-01,1562-12-31,6,信,Rule-generated Stage7 member for 合成陈氏.,False
1085339,7006,陈信芳,female,1507-01-01,1556-12-31,6,信,Rule-generated Stage7 member for 合成陈氏.,False
1085340,7006,陈信成,male,1503-01-01,1547-12-31,6,信,Rule-generated Stage7 member for 合成陈氏.,False
1085341,7006,陈信慧,female,1503-01-01,1549-12-31,6,信,Rule-generated Stage7 member for 合成陈氏.,False
1085342,7006,陈信成,male,1508-01-01,1584-12-31,6,信,Rule-generated Stage7 member for 合成陈氏.,False
1085343,7006,陈信兰,female,1509-01-01,1572-12-31,6,信,Rule-generated Stage7 member for 合成陈氏.,False
1085344,7006,陈信德,male,1508-01-01,1564-12-31,6,信,Rule-generated Stage7 member for 合成陈氏.,False
1085345,7006,陈信华,female,1509-01-01,1535-12-31,6,信,Rule-generated Stage7 member for 合成陈氏.,False
1085346,7006,陈信世,male,1507-01-01,1570-12-31,6,信,Rule-generated Stage7 member for 合成陈氏.,False
1085347,7006,陈慧慧,female,1505-01-01,1586-12-31,6,信,Rule-generated Stage7 member for 合成陈氏.,False
1085348,7006,陈信文,male,1509-01-01,1568-12-31,6,信,Rule-generated Stage7 member for 合成陈氏.,False
1085349,7006,陈信梅,female,1506-01-01,1554-12-31,6,信,Rule-generated Stage7 member for 合成陈氏.,False
1085350,7006,陈信伟,male,1506-01-01,1572-12-31,6,信,Rule-generated Stage7 member for 合成陈氏.,False
1085351,7006,陈信雅,female,1504-01-01,1579-12-31,6,信,Rule-generated Stage7 member for 合成陈氏.,False
1085352,7006,陈忠强,male,1529-01-01,1590-12-31,7,忠,Rule-generated Stage7 member for 合成陈氏.,False
1085353,7006,陈忠华,female,1528-01-01,1562-12-31,7,忠,Rule-generated Stage7 member for 合成陈氏.,False
1085354,7006,陈敏,male,1524-01-01,1569-12-31,7,忠,Rule-generated Stage7 member for 合成陈氏.,False
1085355,7006,陈忠清,female,1526-01-01,1602-12-31,7,忠,Rule-generated Stage7 member for 合成陈氏.,False
1085356,7006,陈德明,male,1530-01-01,1574-12-31,7,忠,Rule-generated Stage7 member for 合成陈氏.,False
1085357,7006,陈忠清,female,1526-01-01,1562-12-31,7,忠,Rule-generated Stage7 member for 合成陈氏.,False
1085358,7006,陈承世,male,1526-01-01,1583-12-31,7,忠,Rule-generated Stage7 member for 合成陈氏.,False
1085359,7006,陈敏,female,1527-01-01,1590-12-31,7,忠,Rule-generated Stage7 member for 合成陈氏.,False
1085360,7006,陈忠世,male,1525-01-01,1558-12-31,7,忠,Rule-generated Stage7 member for 合成陈氏.,False
1085361,7006,陈忠清,female,1530-01-01,1604-12-31,7,忠,Rule-generated Stage7 member for 合成陈氏.,False
1085362,7006,陈强明,male,1524-01-01,1578-12-31,7,忠,Rule-generated Stage7 member for 合成陈氏.,False
1085363,7006,陈华敏,female,1524-01-01,1564-12-31,7,忠,Rule-generated Stage7 member for 合成陈氏.,False
1085364,7006,陈德宗,male,1527-01-01,1585-12-31,7,忠,Rule-generated Stage7 member for 合成陈氏.,False
1085365,7006,陈雅梅,female,1530-01-01,1614-12-31,7,忠,Rule-generated Stage7 member for 合成陈氏.,False
1085366,7006,陈忠强,male,1530-01-01,1585-12-31,7,忠,Rule-generated Stage7 member for 合成陈氏.,False
1085367,7006,陈芳宁,female,1528-01-01,1619-12-31,7,忠,Rule-generated Stage7 member for 合成陈氏.,False
1085368,7006,陈敏,male,1524-01-01,1618-12-31,7,忠,Rule-generated Stage7 member for 合成陈氏.,False
1085369,7006,陈忠芳,female,1530-01-01,1607-12-31,7,忠,Rule-generated Stage7 member for 合成陈氏.,False
1085370,7006,陈伟世,male,1527-01-01,1600-12-31,7,忠,Rule-generated Stage7 member for 合成陈氏.,False
1085371,7006,陈忠敏,female,1528-01-01,1602-12-31,7,忠,Rule-generated Stage7 member for 合成陈氏.,False
1085372,7006,陈宗德,male,1524-01-01,1553-12-31,7,忠,Rule-generated Stage7 member for 合成陈氏.,False
1085373,7006,陈宁芳,female,1524-01-01,1599-12-31,7,忠,Rule-generated Stage7 member for 合成陈氏.,False
1085374,7006,陈忠世,male,1528-01-01,1595-12-31,7,忠,Rule-generated Stage7 member for 合成陈氏.,False
1085375,7006,陈忠雅,female,1526-01-01,1565-12-31,7,忠,Rule-generated Stage7 member for 合成陈氏.,False
1085376,7006,陈忠安,male,1525-01-01,1570-12-31,7,忠,Rule-generated Stage7 member for 合成陈氏.,False
1085377,7006,陈忠安,female,1525-01-01,1614-12-31,7,忠,Rule-generated Stage7 member for 合成陈氏.,False
1085378,7006,陈忠承,male,1525-01-01,1621-12-31,7,忠,Rule-generated Stage7 member for 合成陈氏.,False
1085379,7006,陈玉梅,female,1525-01-01,1618-12-31,7,忠,Rule-generated Stage7 member for 合成陈氏.,False
1085380,7006,陈忠国,male,1525-01-01,1588-12-31,7,忠,Rule-generated Stage7 member for 合成陈氏.,False
1085381,7006,陈忠玉,female,1524-01-01,1608-12-31,7,忠,Rule-generated Stage7 member for 合成陈氏.,False
1085382,7006,陈忠伟,male,1527-01-01,1603-12-31,7,忠,Rule-generated Stage7 member for 合成陈氏.,False
1085383,7006,陈忠宁,female,1528-01-01,1606-12-31,7,忠,Rule-generated Stage7 member for 合成陈氏.,False
1085384,7006,陈忠景,male,1524-01-01,1625-12-31,7,忠,Rule-generated Stage7 member for 合成陈氏.,False
1085385,7006,陈忠华,female,1528-01-01,1600-12-31,7,忠,Rule-generated Stage7 member for 合成陈氏.,False
1085386,7006,陈忠承,male,1525-01-01,1609-12-31,7,忠,Rule-generated Stage7 member for 合成陈氏.,False
1085387,7006,陈芳清,female,1525-01-01,1590-12-31,7,忠,Rule-generated Stage7 member for 合成陈氏.,False
1085388,7006,陈丽,male,1527-01-01,1564-12-31,7,忠,Rule-generated Stage7 member for 合成陈氏.,False
1085389,7006,陈兰华,female,1527-01-01,1604-12-31,7,忠,Rule-generated Stage7 member for 合成陈氏.,False
1085390,7006,陈忠宗,male,1530-01-01,1607-12-31,7,忠,Rule-generated Stage7 member for 合成陈氏.,False
1085391,7006,陈敏雅,female,1527-01-01,1584-12-31,7,忠,Rule-generated Stage7 member for 合成陈氏.,False
1085392,7006,陈文伟,male,1525-01-01,1604-12-31,7,忠,Rule-generated Stage7 member for 合成陈氏.,False
1085393,7006,陈丽,female,1524-01-01,1552-12-31,7,忠,Rule-generated Stage7 member for 合成陈氏.,False
1085394,7006,陈忠文,male,1527-01-01,1612-12-31,7,忠,Rule-generated Stage7 member for 合成陈氏.,False
1085395,7006,陈忠慧,female,1527-01-01,1607-12-31,7,忠,Rule-generated Stage7 member for 合成陈氏.,False
1085396,7006,陈忠世,male,1526-01-01,1584-12-31,7,忠,Rule-generated Stage7 member for 合成陈氏.,False
1085397,7006,陈忠慧,female,1529-01-01,1610-12-31,7,忠,Rule-generated Stage7 member for 合成陈氏.,False
1085398,7006,陈忠德,male,1527-01-01,1566-12-31,7,忠,Rule-generated Stage7 member for 合成陈氏.,False
1085399,7006,陈忠兰,female,1528-01-01,1575-12-31,7,忠,Rule-generated Stage7 member for 合成陈氏.,False
1085400,7006,陈伟,male,1529-01-01,1580-12-31,7,忠,Rule-generated Stage7 member for 合成陈氏.,False
1085401,7006,陈梅慧,female,1524-01-01,1572-12-31,7,忠,Rule-generated Stage7 member for 合成陈氏.,False
1085402,7006,陈伟强,male,1529-01-01,1596-12-31,7,忠,Rule-generated Stage7 member for 合成陈氏.,False
1085403,7006,陈强,female,1524-01-01,1591-12-31,7,忠,Rule-generated Stage7 member for 合成陈氏.,False
1085404,7006,陈世世,male,1529-01-01,1597-12-31,7,忠,Rule-generated Stage7 member for 合成陈氏.,False
1085405,7006,陈忠玉,female,1529-01-01,1598-12-31,7,忠,Rule-generated Stage7 member for 合成陈氏.,False
1085406,7006,陈华,male,1530-01-01,1614-12-31,7,忠,Rule-generated Stage7 member for 合成陈氏.,False
1085407,7006,陈忠芳,female,1527-01-01,1596-12-31,7,忠,Rule-generated Stage7 member for 合成陈氏.,False
1085408,7006,陈忠德,male,1529-01-01,1560-12-31,7,忠,Rule-generated Stage7 member for 合成陈氏.,False
1085409,7006,陈忠兰,female,1526-01-01,1591-12-31,7,忠,Rule-generated Stage7 member for 合成陈氏.,False
1085410,7006,陈文伟,male,1527-01-01,1593-12-31,7,忠,Rule-generated Stage7 member for 合成陈氏.,False
1085411,7006,陈忠宁,female,1526-01-01,1577-12-31,7,忠,Rule-generated Stage7 member for 合成陈氏.,False
1085412,7006,陈忠景,male,1527-01-01,1590-12-31,7,忠,Rule-generated Stage7 member for 合成陈氏.,False
1085413,7006,陈慧丽,female,1529-01-01,1606-12-31,7,忠,Rule-generated Stage7 member for 合成陈氏.,False
1085414,7006,陈忠德,male,1530-01-01,1588-12-31,7,忠,Rule-generated Stage7 member for 合成陈氏.,False
1085415,7006,陈忠兰,female,1527-01-01,1590-12-31,7,忠,Rule-generated Stage7 member for 合成陈氏.,False
1085416,7006,陈宗强,male,1527-01-01,1605-12-31,7,忠,Rule-generated Stage7 member for 合成陈氏.,False
1085417,7006,陈玉安,female,1524-01-01,1590-12-31,7,忠,Rule-generated Stage7 member for 合成陈氏.,False
1085418,7006,陈忠安,male,1530-01-01,1610-12-31,7,忠,Rule-generated Stage7 member for 合成陈氏.,False
1085419,7006,陈敏敏,female,1530-01-01,1614-12-31,7,忠,Rule-generated Stage7 member for 合成陈氏.,False
1085420,7006,陈忠国,male,1527-01-01,1593-12-31,7,忠,Rule-generated Stage7 member for 合成陈氏.,False
1085421,7006,陈忠慧,female,1526-01-01,1598-12-31,7,忠,Rule-generated Stage7 member for 合成陈氏.,False
1085422,7006,陈明强,male,1530-01-01,1572-12-31,7,忠,Rule-generated Stage7 member for 合成陈氏.,False
1085423,7006,陈忠敏,female,1529-01-01,1614-12-31,7,忠,Rule-generated Stage7 member for 合成陈氏.,False
1085424,7006,陈忠宗,male,1524-01-01,1552-12-31,7,忠,Rule-generated Stage7 member for 合成陈氏.,False
1085425,7006,陈丽,female,1530-01-01,1569-12-31,7,忠,Rule-generated Stage7 member for 合成陈氏.,False
1085426,7006,陈忠国,male,1526-01-01,1596-12-31,7,忠,Rule-generated Stage7 member for 合成陈氏.,False
1085427,7006,陈忠慧,female,1528-01-01,1606-12-31,7,忠,Rule-generated Stage7 member for 合成陈氏.,False
1085428,7006,陈忠强,male,1529-01-01,1595-12-31,7,忠,Rule-generated Stage7 member for 合成陈氏.,False
1085429,7006,陈清清,female,1527-01-01,1621-12-31,7,忠,Rule-generated Stage7 member for 合成陈氏.,False
1085430,7006,陈宗明,male,1526-01-01,1570-12-31,7,忠,Rule-generated Stage7 member for 合成陈氏.,False
1085431,7006,陈忠清,female,1526-01-01,1601-12-31,7,忠,Rule-generated Stage7 member for 合成陈氏.,False
1085432,7006,陈宗明,male,1524-01-01,1575-12-31,7,忠,Rule-generated Stage7 member for 合成陈氏.,False
1085433,7006,陈芳宁,female,1525-01-01,1583-12-31,7,忠,Rule-generated Stage7 member for 合成陈氏.,False
1085434,7006,陈忠承,male,1527-01-01,1583-12-31,7,忠,Rule-generated Stage7 member for 合成陈氏.,False
1085435,7006,陈忠敏,female,1530-01-01,1627-12-31,7,忠,Rule-generated Stage7 member for 合成陈氏.,False
1085436,7006,陈忠世,male,1526-01-01,1607-12-31,7,忠,Rule-generated Stage7 member for 合成陈氏.,False
1085437,7006,陈忠宁,female,1530-01-01,1595-12-31,7,忠,Rule-generated Stage7 member for 合成陈氏.,False
1085438,7006,陈忠承,male,1528-01-01,1597-12-31,7,忠,Rule-generated Stage7 member for 合成陈氏.,False
1085439,7006,陈忠玉,female,1530-01-01,1589-12-31,7,忠,Rule-generated Stage7 member for 合成陈氏.,False
1085440,7006,陈忠安,male,1526-01-01,1564-12-31,7,忠,Rule-generated Stage7 member for 合成陈氏.,False
1085441,7006,陈慧宁,female,1525-01-01,1601-12-31,7,忠,Rule-generated Stage7 member for 合成陈氏.,False
1085442,7006,陈忠成,male,1525-01-01,1579-12-31,7,忠,Rule-generated Stage7 member for 合成陈氏.,False
1085443,7006,陈明,female,1524-01-01,1595-12-31,7,忠,Rule-generated Stage7 member for 合成陈氏.,False
1085444,7006,陈忠成,male,1529-01-01,1614-12-31,7,忠,Rule-generated Stage7 member for 合成陈氏.,False
1085445,7006,陈忠清,female,1528-01-01,1592-12-31,7,忠,Rule-generated Stage7 member for 合成陈氏.,False
1085446,7006,陈忠成,male,1528-01-01,1589-12-31,7,忠,Rule-generated Stage7 member for 合成陈氏.,False
1085447,7006,陈忠安,female,1525-01-01,1600-12-31,7,忠,Rule-generated Stage7 member for 合成陈氏.,False
1085448,7006,陈明伟,male,1524-01-01,1593-12-31,7,忠,Rule-generated Stage7 member for 合成陈氏.,False
1085449,7006,陈敏宁,female,1528-01-01,1598-12-31,7,忠,Rule-generated Stage7 member for 合成陈氏.,False
1085450,7006,陈忠伟,male,1524-01-01,1593-12-31,7,忠,Rule-generated Stage7 member for 合成陈氏.,False
1085451,7006,陈忠梅,female,1525-01-01,1606-12-31,7,忠,Rule-generated Stage7 member for 合成陈氏.,False
1085452,7006,陈忠承,male,1524-01-01,1579-12-31,7,忠,Rule-generated Stage7 member for 合成陈氏.,False
1085453,7006,陈敏,female,1526-01-01,1591-12-31,7,忠,Rule-generated Stage7 member for 合成陈氏.,False
1085454,7006,陈忠世,male,1527-01-01,1606-12-31,7,忠,Rule-generated Stage7 member for 合成陈氏.,False
1085455,7006,陈忠敏,female,1530-01-01,1591-12-31,7,忠,Rule-generated Stage7 member for 合成陈氏.,False
1085456,7006,陈忠德,male,1527-01-01,1595-12-31,7,忠,Rule-generated Stage7 member for 合成陈氏.,False
1085457,7006,陈安丽,female,1524-01-01,1564-12-31,7,忠,Rule-generated Stage7 member for 合成陈氏.,False
1085458,7006,陈忠宗,male,1526-01-01,1598-12-31,7,忠,Rule-generated Stage7 member for 合成陈氏.,False
1085459,7006,陈敏清,female,1526-01-01,1614-12-31,7,忠,Rule-generated Stage7 member for 合成陈氏.,False
1085460,7006,陈忠文,male,1528-01-01,1570-12-31,7,忠,Rule-generated Stage7 member for 合成陈氏.,False
1085461,7006,陈忠兰,female,1527-01-01,1620-12-31,7,忠,Rule-generated Stage7 member for 合成陈氏.,False
1085462,7006,陈忠成,male,1526-01-01,1583-12-31,7,忠,Rule-generated Stage7 member for 合成陈氏.,False
1085463,7006,陈忠芳,female,1528-01-01,1612-12-31,7,忠,Rule-generated Stage7 member for 合成陈氏.,False
1085464,7006,陈忠成,male,1525-01-01,1612-12-31,7,忠,Rule-generated Stage7 member for 合成陈氏.,False
1085465,7006,陈忠清,female,1527-01-01,1595-12-31,7,忠,Rule-generated Stage7 member for 合成陈氏.,False
1085466,7006,陈忠安,male,1528-01-01,1611-12-31,7,忠,Rule-generated Stage7 member for 合成陈氏.,False
1085467,7006,陈忠兰,female,1524-01-01,1589-12-31,7,忠,Rule-generated Stage7 member for 合成陈氏.,False
1085468,7006,陈和世,male,1548-01-01,1584-12-31,8,和,Rule-generated Stage7 member for 合成陈氏.,False
1085469,7006,陈和安,female,1545-01-01,1597-12-31,8,和,Rule-generated Stage7 member for 合成陈氏.,False
1085470,7006,陈和成,male,1550-01-01,1618-12-31,8,和,Rule-generated Stage7 member for 合成陈氏.,False
1085471,7006,陈和兰,female,1548-01-01,1588-12-31,8,和,Rule-generated Stage7 member for 合成陈氏.,False
1085472,7006,陈和国,male,1551-01-01,1596-12-31,8,和,Rule-generated Stage7 member for 合成陈氏.,False
1085473,7006,陈丽,female,1551-01-01,1599-12-31,8,和,Rule-generated Stage7 member for 合成陈氏.,False
1085474,7006,陈国德,male,1545-01-01,1594-12-31,8,和,Rule-generated Stage7 member for 合成陈氏.,False
1085475,7006,陈梅敏,female,1550-01-01,1619-12-31,8,和,Rule-generated Stage7 member for 合成陈氏.,False
1085476,7006,陈承伟,male,1546-01-01,1612-12-31,8,和,Rule-generated Stage7 member for 合成陈氏.,False
1085477,7006,陈和宁,female,1551-01-01,1640-12-31,8,和,Rule-generated Stage7 member for 合成陈氏.,False
1085478,7006,陈成强,male,1548-01-01,1631-12-31,8,和,Rule-generated Stage7 member for 合成陈氏.,False
1085479,7006,陈和梅,female,1546-01-01,1605-12-31,8,和,Rule-generated Stage7 member for 合成陈氏.,False
1085480,7006,陈强,male,1546-01-01,1627-12-31,8,和,Rule-generated Stage7 member for 合成陈氏.,False
1085481,7006,陈伟,female,1546-01-01,1587-12-31,8,和,Rule-generated Stage7 member for 合成陈氏.,False
1085482,7006,陈德成,male,1550-01-01,1643-12-31,8,和,Rule-generated Stage7 member for 合成陈氏.,False
1085483,7006,陈和安,female,1550-01-01,1630-12-31,8,和,Rule-generated Stage7 member for 合成陈氏.,False
1085484,7006,陈安承,male,1550-01-01,1621-12-31,8,和,Rule-generated Stage7 member for 合成陈氏.,False
1085485,7006,陈敏,female,1548-01-01,1591-12-31,8,和,Rule-generated Stage7 member for 合成陈氏.,False
1085486,7006,陈和安,male,1550-01-01,1617-12-31,8,和,Rule-generated Stage7 member for 合成陈氏.,False
1085487,7006,陈和慧,female,1550-01-01,1650-12-31,8,和,Rule-generated Stage7 member for 合成陈氏.,False
1085488,7006,陈敏,male,1546-01-01,1628-12-31,8,和,Rule-generated Stage7 member for 合成陈氏.,False
1085489,7006,陈和雅,female,1546-01-01,1620-12-31,8,和,Rule-generated Stage7 member for 合成陈氏.,False
1085490,7006,陈和世,male,1545-01-01,1640-12-31,8,和,Rule-generated Stage7 member for 合成陈氏.,False
1085491,7006,陈和慧,female,1550-01-01,1616-12-31,8,和,Rule-generated Stage7 member for 合成陈氏.,False
1085492,7006,陈和宗,male,1551-01-01,1650-12-31,8,和,Rule-generated Stage7 member for 合成陈氏.,False
1085493,7006,陈和慧,female,1546-01-01,1604-12-31,8,和,Rule-generated Stage7 member for 合成陈氏.,False
1085494,7006,陈敏,male,1546-01-01,1596-12-31,8,和,Rule-generated Stage7 member for 合成陈氏.,False
1085495,7006,陈敏,female,1550-01-01,1599-12-31,8,和,Rule-generated Stage7 member for 合成陈氏.,False
1085496,7006,陈文景,male,1546-01-01,1569-12-31,8,和,Rule-generated Stage7 member for 合成陈氏.,False
1085497,7006,陈敏梅,female,1551-01-01,1614-12-31,8,和,Rule-generated Stage7 member for 合成陈氏.,False
1085498,7006,陈明,male,1545-01-01,1608-12-31,8,和,Rule-generated Stage7 member for 合成陈氏.,False
1085499,7006,陈和兰,female,1545-01-01,1619-12-31,8,和,Rule-generated Stage7 member for 合成陈氏.,False
1085500,7006,陈和强,male,1546-01-01,1607-12-31,8,和,Rule-generated Stage7 member for 合成陈氏.,False
1085501,7006,陈梅敏,female,1545-01-01,1649-12-31,8,和,Rule-generated Stage7 member for 合成陈氏.,False
1085502,7006,陈和伟,male,1546-01-01,1598-12-31,8,和,Rule-generated Stage7 member for 合成陈氏.,False
1085503,7006,陈和芳,female,1551-01-01,1610-12-31,8,和,Rule-generated Stage7 member for 合成陈氏.,False
1085504,7006,陈强,male,1546-01-01,1602-12-31,8,和,Rule-generated Stage7 member for 合成陈氏.,False
1085505,7006,陈丽,female,1548-01-01,1652-12-31,8,和,Rule-generated Stage7 member for 合成陈氏.,False
1085506,7006,陈国强,male,1551-01-01,1646-12-31,8,和,Rule-generated Stage7 member for 合成陈氏.,False
1085507,7006,陈华,female,1546-01-01,1617-12-31,8,和,Rule-generated Stage7 member for 合成陈氏.,False
1085508,7006,陈明强,male,1545-01-01,1605-12-31,8,和,Rule-generated Stage7 member for 合成陈氏.,False
1085509,7006,陈安安,female,1546-01-01,1637-12-31,8,和,Rule-generated Stage7 member for 合成陈氏.,False
1085510,7006,陈和国,male,1550-01-01,1587-12-31,8,和,Rule-generated Stage7 member for 合成陈氏.,False
1085511,7006,陈敏丽,female,1549-01-01,1636-12-31,8,和,Rule-generated Stage7 member for 合成陈氏.,False
1085512,7006,陈强文,male,1551-01-01,1632-12-31,8,和,Rule-generated Stage7 member for 合成陈氏.,False
1085513,7006,陈和芳,female,1549-01-01,1606-12-31,8,和,Rule-generated Stage7 member for 合成陈氏.,False
1085514,7006,陈和宗,male,1548-01-01,1592-12-31,8,和,Rule-generated Stage7 member for 合成陈氏.,False
1085515,7006,陈芳安,female,1545-01-01,1617-12-31,8,和,Rule-generated Stage7 member for 合成陈氏.,False
1085516,7006,陈伟,male,1549-01-01,1594-12-31,8,和,Rule-generated Stage7 member for 合成陈氏.,False
1085517,7006,陈和雅,female,1550-01-01,1615-12-31,8,和,Rule-generated Stage7 member for 合成陈氏.,False
1085518,7006,陈承景,male,1546-01-01,1590-12-31,8,和,Rule-generated Stage7 member for 合成陈氏.,False
1085519,7006,陈安雅,female,1546-01-01,1613-12-31,8,和,Rule-generated Stage7 member for 合成陈氏.,False
1085520,7006,陈和承,male,1550-01-01,1590-12-31,8,和,Rule-generated Stage7 member for 合成陈氏.,False
1085521,7006,陈慧玉,female,1550-01-01,1587-12-31,8,和,Rule-generated Stage7 member for 合成陈氏.,False
1085522,7006,陈和文,male,1547-01-01,1641-12-31,8,和,Rule-generated Stage7 member for 合成陈氏.,False
1085523,7006,陈安雅,female,1549-01-01,1619-12-31,8,和,Rule-generated Stage7 member for 合成陈氏.,False
1085524,7006,陈和明,male,1549-01-01,1601-12-31,8,和,Rule-generated Stage7 member for 合成陈氏.,False
1085525,7006,陈和玉,female,1548-01-01,1599-12-31,8,和,Rule-generated Stage7 member for 合成陈氏.,False
1085526,7006,陈明景,male,1547-01-01,1613-12-31,8,和,Rule-generated Stage7 member for 合成陈氏.,False
1085527,7006,陈和玉,female,1547-01-01,1625-12-31,8,和,Rule-generated Stage7 member for 合成陈氏.,False
1085528,7006,陈和承,male,1548-01-01,1621-12-31,8,和,Rule-generated Stage7 member for 合成陈氏.,False
1085529,7006,陈敏,female,1548-01-01,1619-12-31,8,和,Rule-generated Stage7 member for 合成陈氏.,False
1085530,7006,陈德文,male,1549-01-01,1619-12-31,8,和,Rule-generated Stage7 member for 合成陈氏.,False
1085531,7006,陈和慧,female,1548-01-01,1610-12-31,8,和,Rule-generated Stage7 member for 合成陈氏.,False
1085532,7006,陈文景,male,1550-01-01,1634-12-31,8,和,Rule-generated Stage7 member for 合成陈氏.,False
1085533,7006,陈敏梅,female,1549-01-01,1614-12-31,8,和,Rule-generated Stage7 member for 合成陈氏.,False
1085534,7006,陈明安,male,1547-01-01,1621-12-31,8,和,Rule-generated Stage7 member for 合成陈氏.,False
1085535,7006,陈敏,female,1547-01-01,1637-12-31,8,和,Rule-generated Stage7 member for 合成陈氏.,False
1085536,7006,陈和伟,male,1550-01-01,1610-12-31,8,和,Rule-generated Stage7 member for 合成陈氏.,False
1085537,7006,陈和玉,female,1545-01-01,1628-12-31,8,和,Rule-generated Stage7 member for 合成陈氏.,False
1085538,7006,陈和景,male,1545-01-01,1605-12-31,8,和,Rule-generated Stage7 member for 合成陈氏.,False
1085539,7006,陈清敏,female,1551-01-01,1615-12-31,8,和,Rule-generated Stage7 member for 合成陈氏.,False
1085540,7006,陈文国,male,1545-01-01,1615-12-31,8,和,Rule-generated Stage7 member for 合成陈氏.,False
1085541,7006,陈丽,female,1546-01-01,1626-12-31,8,和,Rule-generated Stage7 member for 合成陈氏.,False
1085542,7006,陈和世,male,1550-01-01,1591-12-31,8,和,Rule-generated Stage7 member for 合成陈氏.,False
1085543,7006,陈和宁,female,1546-01-01,1623-12-31,8,和,Rule-generated Stage7 member for 合成陈氏.,False
1085544,7006,陈和德,male,1551-01-01,1610-12-31,8,和,Rule-generated Stage7 member for 合成陈氏.,False
1085545,7006,陈敏清,female,1545-01-01,1623-12-31,8,和,Rule-generated Stage7 member for 合成陈氏.,False
1085546,7006,陈文承,male,1547-01-01,1629-12-31,8,和,Rule-generated Stage7 member for 合成陈氏.,False
1085547,7006,陈伟,female,1549-01-01,1635-12-31,8,和,Rule-generated Stage7 member for 合成陈氏.,False
1085548,7006,陈德明,male,1548-01-01,1647-12-31,8,和,Rule-generated Stage7 member for 合成陈氏.,False
1085549,7006,陈和慧,female,1545-01-01,1629-12-31,8,和,Rule-generated Stage7 member for 合成陈氏.,False
1085550,7006,陈和安,male,1545-01-01,1595-12-31,8,和,Rule-generated Stage7 member for 合成陈氏.,False
1085551,7006,陈和丽,female,1546-01-01,1611-12-31,8,和,Rule-generated Stage7 member for 合成陈氏.,False
1085552,7006,陈和国,male,1550-01-01,1577-12-31,8,和,Rule-generated Stage7 member for 合成陈氏.,False
1085553,7006,陈和梅,female,1549-01-01,1604-12-31,8,和,Rule-generated Stage7 member for 合成陈氏.,False
1085554,7006,陈和宗,male,1550-01-01,1606-12-31,8,和,Rule-generated Stage7 member for 合成陈氏.,False
1085555,7006,陈清芳,female,1547-01-01,1601-12-31,8,和,Rule-generated Stage7 member for 合成陈氏.,False
1085556,7006,陈和国,male,1547-01-01,1598-12-31,8,和,Rule-generated Stage7 member for 合成陈氏.,False
1085557,7006,陈梅华,female,1546-01-01,1636-12-31,8,和,Rule-generated Stage7 member for 合成陈氏.,False
1085558,7006,陈和德,male,1548-01-01,1605-12-31,8,和,Rule-generated Stage7 member for 合成陈氏.,False
1085559,7006,陈和梅,female,1551-01-01,1599-12-31,8,和,Rule-generated Stage7 member for 合成陈氏.,False
1085560,7006,陈和文,male,1549-01-01,1645-12-31,8,和,Rule-generated Stage7 member for 合成陈氏.,False
1085561,7006,陈和芳,female,1549-01-01,1634-12-31,8,和,Rule-generated Stage7 member for 合成陈氏.,False
1085562,7006,陈国国,male,1548-01-01,1623-12-31,8,和,Rule-generated Stage7 member for 合成陈氏.,False
1085563,7006,陈梅芳,female,1551-01-01,1630-12-31,8,和,Rule-generated Stage7 member for 合成陈氏.,False
1085564,7006,陈和强,male,1546-01-01,1595-12-31,8,和,Rule-generated Stage7 member for 合成陈氏.,False
1085565,7006,陈和华,female,1548-01-01,1605-12-31,8,和,Rule-generated Stage7 member for 合成陈氏.,False
1085566,7006,陈和伟,male,1550-01-01,1630-12-31,8,和,Rule-generated Stage7 member for 合成陈氏.,False
1085567,7006,陈和丽,female,1547-01-01,1616-12-31,8,和,Rule-generated Stage7 member for 合成陈氏.,False
1085568,7006,陈和明,male,1546-01-01,1643-12-31,8,和,Rule-generated Stage7 member for 合成陈氏.,False
1085569,7006,陈和华,female,1545-01-01,1614-12-31,8,和,Rule-generated Stage7 member for 合成陈氏.,False
1085570,7006,陈和承,male,1551-01-01,1608-12-31,8,和,Rule-generated Stage7 member for 合成陈氏.,False
1085571,7006,陈和丽,female,1548-01-01,1622-12-31,8,和,Rule-generated Stage7 member for 合成陈氏.,False
1085572,7006,陈和明,male,1549-01-01,1624-12-31,8,和,Rule-generated Stage7 member for 合成陈氏.,False
1085573,7006,陈芳雅,female,1545-01-01,1639-12-31,8,和,Rule-generated Stage7 member for 合成陈氏.,False
1085574,7006,陈伟,male,1551-01-01,1621-12-31,8,和,Rule-generated Stage7 member for 合成陈氏.,False
1085575,7006,陈和芳,female,1548-01-01,1600-12-31,8,和,Rule-generated Stage7 member for 合成陈氏.,False
1085576,7006,陈强明,male,1549-01-01,1611-12-31,8,和,Rule-generated Stage7 member for 合成陈氏.,False
1085577,7006,陈和宁,female,1546-01-01,1605-12-31,8,和,Rule-generated Stage7 member for 合成陈氏.,False
1085578,7006,陈景德,male,1547-01-01,1623-12-31,8,和,Rule-generated Stage7 member for 合成陈氏.,False
1085579,7006,陈和华,female,1545-01-01,1641-12-31,8,和,Rule-generated Stage7 member for 合成陈氏.,False
1085580,7006,陈和承,male,1547-01-01,1618-12-31,8,和,Rule-generated Stage7 member for 合成陈氏.,False
1085581,7006,陈和清,female,1549-01-01,1644-12-31,8,和,Rule-generated Stage7 member for 合成陈氏.,False
1085582,7006,陈和安,male,1547-01-01,1612-12-31,8,和,Rule-generated Stage7 member for 合成陈氏.,False
1085583,7006,陈华玉,female,1545-01-01,1647-12-31,8,和,Rule-generated Stage7 member for 合成陈氏.,False
1085584,7006,陈和宗,male,1551-01-01,1605-12-31,8,和,Rule-generated Stage7 member for 合成陈氏.,False
1085585,7006,陈和华,female,1551-01-01,1634-12-31,8,和,Rule-generated Stage7 member for 合成陈氏.,False
1085586,7006,陈成德,male,1547-01-01,1615-12-31,8,和,Rule-generated Stage7 member for 合成陈氏.,False
1085587,7006,陈和宁,female,1545-01-01,1598-12-31,8,和,Rule-generated Stage7 member for 合成陈氏.,False
1085588,7006,陈文明,male,1545-01-01,1605-12-31,8,和,Rule-generated Stage7 member for 合成陈氏.,False
1085589,7006,陈宁芳,female,1548-01-01,1585-12-31,8,和,Rule-generated Stage7 member for 合成陈氏.,False
1085590,7006,陈强文,male,1551-01-01,1583-12-31,8,和,Rule-generated Stage7 member for 合成陈氏.,False
1085591,7006,陈和玉,female,1548-01-01,1613-12-31,8,和,Rule-generated Stage7 member for 合成陈氏.,False
1085592,7006,陈世德,male,1550-01-01,1652-12-31,8,和,Rule-generated Stage7 member for 合成陈氏.,False
1085593,7006,陈雅丽,female,1546-01-01,1610-12-31,8,和,Rule-generated Stage7 member for 合成陈氏.,False
1085594,7006,陈强文,male,1548-01-01,1601-12-31,8,和,Rule-generated Stage7 member for 合成陈氏.,False
1085595,7006,陈和雅,female,1550-01-01,1607-12-31,8,和,Rule-generated Stage7 member for 合成陈氏.,False
1085596,7006,陈华,male,1546-01-01,1615-12-31,8,和,Rule-generated Stage7 member for 合成陈氏.,False
1085597,7006,陈兰清,female,1548-01-01,1630-12-31,8,和,Rule-generated Stage7 member for 合成陈氏.,False
1085598,7006,陈华,male,1549-01-01,1609-12-31,8,和,Rule-generated Stage7 member for 合成陈氏.,False
1085599,7006,陈和华,female,1546-01-01,1593-12-31,8,和,Rule-generated Stage7 member for 合成陈氏.,False
1085600,7006,陈伟承,male,1550-01-01,1586-12-31,8,和,Rule-generated Stage7 member for 合成陈氏.,False
1085601,7006,陈德宗,male,1572-01-01,1643-12-31,9,景,Rule-generated Stage7 member for 合成陈氏.,False
1085602,7006,陈丽,female,1567-01-01,1660-12-31,9,景,Rule-generated Stage7 member for 合成陈氏.,False
1085603,7006,陈华,male,1567-01-01,1658-12-31,9,景,Rule-generated Stage7 member for 合成陈氏.,False
1085604,7006,陈慧安,female,1572-01-01,1622-12-31,9,景,Rule-generated Stage7 member for 合成陈氏.,False
1085605,7006,陈丽,male,1570-01-01,1654-12-31,9,景,Rule-generated Stage7 member for 合成陈氏.,False
1085606,7006,陈景宁,female,1566-01-01,1660-12-31,9,景,Rule-generated Stage7 member for 合成陈氏.,False
1085607,7006,陈安景,male,1571-01-01,1638-12-31,9,景,Rule-generated Stage7 member for 合成陈氏.,False
1085608,7006,陈景兰,female,1570-01-01,1630-12-31,9,景,Rule-generated Stage7 member for 合成陈氏.,False
1085609,7006,陈景宗,male,1568-01-01,1605-12-31,9,景,Rule-generated Stage7 member for 合成陈氏.,False
1085610,7006,陈雅丽,female,1571-01-01,1656-12-31,9,景,Rule-generated Stage7 member for 合成陈氏.,False
1085611,7006,陈景世,male,1567-01-01,1638-12-31,9,景,Rule-generated Stage7 member for 合成陈氏.,False
1085612,7006,陈敏,female,1566-01-01,1670-12-31,9,景,Rule-generated Stage7 member for 合成陈氏.,False
1085613,7006,陈文景,male,1567-01-01,1613-12-31,9,景,Rule-generated Stage7 member for 合成陈氏.,False
1085614,7006,陈景丽,female,1569-01-01,1673-12-31,9,景,Rule-generated Stage7 member for 合成陈氏.,False
1085615,7006,陈敏,male,1569-01-01,1618-12-31,9,景,Rule-generated Stage7 member for 合成陈氏.,False
1085616,7006,陈景敏,female,1570-01-01,1667-12-31,9,景,Rule-generated Stage7 member for 合成陈氏.,False
1085617,7006,陈景文,male,1566-01-01,1637-12-31,9,景,Rule-generated Stage7 member for 合成陈氏.,False
1085618,7006,陈景芳,female,1572-01-01,1658-12-31,9,景,Rule-generated Stage7 member for 合成陈氏.,False
1085619,7006,陈景世,male,1566-01-01,1630-12-31,9,景,Rule-generated Stage7 member for 合成陈氏.,False
1085620,7006,陈景梅,female,1572-01-01,1651-12-31,9,景,Rule-generated Stage7 member for 合成陈氏.,False
1085621,7006,陈丽,male,1566-01-01,1632-12-31,9,景,Rule-generated Stage7 member for 合成陈氏.,False
1085622,7006,陈景宁,female,1566-01-01,1613-12-31,9,景,Rule-generated Stage7 member for 合成陈氏.,False
1085623,7006,陈华,male,1569-01-01,1592-12-31,9,景,Rule-generated Stage7 member for 合成陈氏.,False
1085624,7006,陈景丽,female,1566-01-01,1593-12-31,9,景,Rule-generated Stage7 member for 合成陈氏.,False
1085625,7006,陈强,male,1570-01-01,1619-12-31,9,景,Rule-generated Stage7 member for 合成陈氏.,False
1085626,7006,陈伟,female,1571-01-01,1669-12-31,9,景,Rule-generated Stage7 member for 合成陈氏.,False
1085627,7006,陈明明,male,1569-01-01,1641-12-31,9,景,Rule-generated Stage7 member for 合成陈氏.,False
1085628,7006,陈景清,female,1570-01-01,1648-12-31,9,景,Rule-generated Stage7 member for 合成陈氏.,False
1085629,7006,陈景成,male,1571-01-01,1642-12-31,9,景,Rule-generated Stage7 member for 合成陈氏.,False
1085630,7006,陈丽玉,female,1571-01-01,1595-12-31,9,景,Rule-generated Stage7 member for 合成陈氏.,False
1085631,7006,陈文明,male,1572-01-01,1663-12-31,9,景,Rule-generated Stage7 member for 合成陈氏.,False
1085632,7006,陈景敏,female,1570-01-01,1632-12-31,9,景,Rule-generated Stage7 member for 合成陈氏.,False
1085633,7006,陈宗安,male,1567-01-01,1622-12-31,9,景,Rule-generated Stage7 member for 合成陈氏.,False
1085634,7006,陈景安,female,1569-01-01,1664-12-31,9,景,Rule-generated Stage7 member for 合成陈氏.,False
1085635,7006,陈成成,male,1566-01-01,1630-12-31,9,景,Rule-generated Stage7 member for 合成陈氏.,False
1085636,7006,陈强,female,1568-01-01,1633-12-31,9,景,Rule-generated Stage7 member for 合成陈氏.,False
1085637,7006,陈国世,male,1568-01-01,1641-12-31,9,景,Rule-generated Stage7 member for 合成陈氏.,False
1085638,7006,陈丽,female,1571-01-01,1641-12-31,9,景,Rule-generated Stage7 member for 合成陈氏.,False
1085639,7006,陈景安,male,1570-01-01,1605-12-31,9,景,Rule-generated Stage7 member for 合成陈氏.,False
1085640,7006,陈宁玉,female,1568-01-01,1627-12-31,9,景,Rule-generated Stage7 member for 合成陈氏.,False
1085641,7006,陈世国,male,1567-01-01,1633-12-31,9,景,Rule-generated Stage7 member for 合成陈氏.,False
1085642,7006,陈景梅,female,1567-01-01,1659-12-31,9,景,Rule-generated Stage7 member for 合成陈氏.,False
1085643,7006,陈景强,male,1566-01-01,1627-12-31,9,景,Rule-generated Stage7 member for 合成陈氏.,False
1085644,7006,陈梅安,female,1566-01-01,1661-12-31,9,景,Rule-generated Stage7 member for 合成陈氏.,False
1085645,7006,陈成成,male,1567-01-01,1654-12-31,9,景,Rule-generated Stage7 member for 合成陈氏.,False
1085646,7006,陈景清,female,1566-01-01,1637-12-31,9,景,Rule-generated Stage7 member for 合成陈氏.,False
1085647,7006,陈强成,male,1568-01-01,1596-12-31,9,景,Rule-generated Stage7 member for 合成陈氏.,False
1085648,7006,陈丽,female,1572-01-01,1671-12-31,9,景,Rule-generated Stage7 member for 合成陈氏.,False
1085649,7006,陈景安,male,1568-01-01,1649-12-31,9,景,Rule-generated Stage7 member for 合成陈氏.,False
1085650,7006,陈强,female,1566-01-01,1639-12-31,9,景,Rule-generated Stage7 member for 合成陈氏.,False
1085651,7006,陈景伟,male,1571-01-01,1635-12-31,9,景,Rule-generated Stage7 member for 合成陈氏.,False
1085652,7006,陈丽,female,1569-01-01,1624-12-31,9,景,Rule-generated Stage7 member for 合成陈氏.,False
1085653,7006,陈景景,male,1567-01-01,1623-12-31,9,景,Rule-generated Stage7 member for 合成陈氏.,False
1085654,7006,陈景敏,female,1568-01-01,1660-12-31,9,景,Rule-generated Stage7 member for 合成陈氏.,False
1085655,7006,陈景景,male,1568-01-01,1619-12-31,9,景,Rule-generated Stage7 member for 合成陈氏.,False
1085656,7006,陈景宁,female,1570-01-01,1662-12-31,9,景,Rule-generated Stage7 member for 合成陈氏.,False
1085657,7006,陈景安,male,1571-01-01,1620-12-31,9,景,Rule-generated Stage7 member for 合成陈氏.,False
1085658,7006,陈景慧,female,1569-01-01,1629-12-31,9,景,Rule-generated Stage7 member for 合成陈氏.,False
1085659,7006,陈安世,male,1571-01-01,1677-12-31,9,景,Rule-generated Stage7 member for 合成陈氏.,False
1085660,7006,陈景丽,female,1567-01-01,1638-12-31,9,景,Rule-generated Stage7 member for 合成陈氏.,False
1085661,7006,陈景安,male,1567-01-01,1638-12-31,9,景,Rule-generated Stage7 member for 合成陈氏.,False
1085662,7006,陈华兰,female,1572-01-01,1642-12-31,9,景,Rule-generated Stage7 member for 合成陈氏.,False
1085663,7006,陈景景,male,1566-01-01,1609-12-31,9,景,Rule-generated Stage7 member for 合成陈氏.,False
1085664,7006,陈景丽,female,1571-01-01,1628-12-31,9,景,Rule-generated Stage7 member for 合成陈氏.,False
1085665,7006,陈德宗,male,1566-01-01,1646-12-31,9,景,Rule-generated Stage7 member for 合成陈氏.,False
1085666,7006,陈梅华,female,1566-01-01,1632-12-31,9,景,Rule-generated Stage7 member for 合成陈氏.,False
1085667,7006,陈明承,male,1568-01-01,1640-12-31,9,景,Rule-generated Stage7 member for 合成陈氏.,False
1085668,7006,陈景梅,female,1569-01-01,1636-12-31,9,景,Rule-generated Stage7 member for 合成陈氏.,False
1085669,7006,陈景强,male,1571-01-01,1651-12-31,9,景,Rule-generated Stage7 member for 合成陈氏.,False
1085670,7006,陈慧雅,female,1569-01-01,1626-12-31,9,景,Rule-generated Stage7 member for 合成陈氏.,False
1085671,7006,陈景德,male,1567-01-01,1611-12-31,9,景,Rule-generated Stage7 member for 合成陈氏.,False
1085672,7006,陈景敏,female,1569-01-01,1651-12-31,9,景,Rule-generated Stage7 member for 合成陈氏.,False
1085673,7006,陈景安,male,1569-01-01,1637-12-31,9,景,Rule-generated Stage7 member for 合成陈氏.,False
1085674,7006,陈景宁,female,1570-01-01,1650-12-31,9,景,Rule-generated Stage7 member for 合成陈氏.,False
1085675,7006,陈景世,male,1566-01-01,1631-12-31,9,景,Rule-generated Stage7 member for 合成陈氏.,False
1085676,7006,陈敏安,female,1567-01-01,1610-12-31,9,景,Rule-generated Stage7 member for 合成陈氏.,False
1085677,7006,陈敏,male,1568-01-01,1620-12-31,9,景,Rule-generated Stage7 member for 合成陈氏.,False
1085678,7006,陈景玉,female,1571-01-01,1616-12-31,9,景,Rule-generated Stage7 member for 合成陈氏.,False
1085679,7006,陈成国,male,1567-01-01,1639-12-31,9,景,Rule-generated Stage7 member for 合成陈氏.,False
1085680,7006,陈景安,female,1571-01-01,1618-12-31,9,景,Rule-generated Stage7 member for 合成陈氏.,False
1085681,7006,陈景世,male,1570-01-01,1659-12-31,9,景,Rule-generated Stage7 member for 合成陈氏.,False
1085682,7006,陈景梅,female,1572-01-01,1640-12-31,9,景,Rule-generated Stage7 member for 合成陈氏.,False
1085683,7006,陈丽,male,1568-01-01,1651-12-31,9,景,Rule-generated Stage7 member for 合成陈氏.,False
1085684,7006,陈雅兰,female,1571-01-01,1662-12-31,9,景,Rule-generated Stage7 member for 合成陈氏.,False
1085685,7006,陈强,male,1569-01-01,1638-12-31,9,景,Rule-generated Stage7 member for 合成陈氏.,False
1085686,7006,陈景芳,female,1571-01-01,1615-12-31,9,景,Rule-generated Stage7 member for 合成陈氏.,False
1085687,7006,陈景国,male,1571-01-01,1644-12-31,9,景,Rule-generated Stage7 member for 合成陈氏.,False
1085688,7006,陈景华,female,1566-01-01,1599-12-31,9,景,Rule-generated Stage7 member for 合成陈氏.,False
1085689,7006,陈明安,male,1570-01-01,1643-12-31,9,景,Rule-generated Stage7 member for 合成陈氏.,False
1085690,7006,陈梅梅,female,1568-01-01,1661-12-31,9,景,Rule-generated Stage7 member for 合成陈氏.,False
1085691,7006,陈景德,male,1572-01-01,1643-12-31,9,景,Rule-generated Stage7 member for 合成陈氏.,False
1085692,7006,陈景梅,female,1570-01-01,1640-12-31,9,景,Rule-generated Stage7 member for 合成陈氏.,False
1085693,7006,陈景文,male,1569-01-01,1608-12-31,9,景,Rule-generated Stage7 member for 合成陈氏.,False
1085694,7006,陈清兰,female,1570-01-01,1669-12-31,9,景,Rule-generated Stage7 member for 合成陈氏.,False
1085695,7006,陈世德,male,1571-01-01,1616-12-31,9,景,Rule-generated Stage7 member for 合成陈氏.,False
1085696,7006,陈慧慧,female,1571-01-01,1613-12-31,9,景,Rule-generated Stage7 member for 合成陈氏.,False
1085697,7006,陈景德,male,1568-01-01,1660-12-31,9,景,Rule-generated Stage7 member for 合成陈氏.,False
1085698,7006,陈景慧,female,1572-01-01,1598-12-31,9,景,Rule-generated Stage7 member for 合成陈氏.,False
1085699,7006,陈景国,male,1567-01-01,1632-12-31,9,景,Rule-generated Stage7 member for 合成陈氏.,False
1085700,7006,陈景华,female,1566-01-01,1607-12-31,9,景,Rule-generated Stage7 member for 合成陈氏.,False
1085701,7006,陈华,male,1572-01-01,1657-12-31,9,景,Rule-generated Stage7 member for 合成陈氏.,False
1085702,7006,陈安梅,female,1572-01-01,1602-12-31,9,景,Rule-generated Stage7 member for 合成陈氏.,False
1085703,7006,陈景伟,male,1567-01-01,1674-12-31,9,景,Rule-generated Stage7 member for 合成陈氏.,False
1085704,7006,陈景宁,female,1569-01-01,1609-12-31,9,景,Rule-generated Stage7 member for 合成陈氏.,False
1085705,7006,陈伟宗,male,1571-01-01,1641-12-31,9,景,Rule-generated Stage7 member for 合成陈氏.,False
1085706,7006,陈景芳,female,1568-01-01,1654-12-31,9,景,Rule-generated Stage7 member for 合成陈氏.,False
1085707,7006,陈景景,male,1572-01-01,1669-12-31,9,景,Rule-generated Stage7 member for 合成陈氏.,False
1085708,7006,陈华,female,1571-01-01,1626-12-31,9,景,Rule-generated Stage7 member for 合成陈氏.,False
1085709,7006,陈德德,male,1566-01-01,1591-12-31,9,景,Rule-generated Stage7 member for 合成陈氏.,False
1085710,7006,陈景慧,female,1566-01-01,1652-12-31,9,景,Rule-generated Stage7 member for 合成陈氏.,False
1085711,7006,陈景景,male,1570-01-01,1637-12-31,9,景,Rule-generated Stage7 member for 合成陈氏.,False
1085712,7006,陈景宁,female,1570-01-01,1640-12-31,9,景,Rule-generated Stage7 member for 合成陈氏.,False
1085713,7006,陈景宗,male,1572-01-01,1657-12-31,9,景,Rule-generated Stage7 member for 合成陈氏.,False
1085714,7006,陈华安,female,1571-01-01,1624-12-31,9,景,Rule-generated Stage7 member for 合成陈氏.,False
1085715,7006,陈承强,male,1569-01-01,1637-12-31,9,景,Rule-generated Stage7 member for 合成陈氏.,False
1085716,7006,陈景宁,female,1569-01-01,1639-12-31,9,景,Rule-generated Stage7 member for 合成陈氏.,False
1085717,7006,陈景伟,male,1568-01-01,1653-12-31,9,景,Rule-generated Stage7 member for 合成陈氏.,False
1085718,7006,陈景华,female,1572-01-01,1632-12-31,9,景,Rule-generated Stage7 member for 合成陈氏.,False
1085719,7006,陈敏,male,1571-01-01,1628-12-31,9,景,Rule-generated Stage7 member for 合成陈氏.,False
1085720,7006,陈景玉,female,1572-01-01,1640-12-31,9,景,Rule-generated Stage7 member for 合成陈氏.,False
1085721,7006,陈景国,male,1571-01-01,1631-12-31,9,景,Rule-generated Stage7 member for 合成陈氏.,False
1085722,7006,陈芳宁,female,1570-01-01,1662-12-31,9,景,Rule-generated Stage7 member for 合成陈氏.,False
1085723,7006,陈丽,male,1570-01-01,1647-12-31,9,景,Rule-generated Stage7 member for 合成陈氏.,False
1085724,7006,陈景丽,female,1566-01-01,1622-12-31,9,景,Rule-generated Stage7 member for 合成陈氏.,False
1085725,7006,陈景世,male,1566-01-01,1599-12-31,9,景,Rule-generated Stage7 member for 合成陈氏.,False
1085726,7006,陈丽华,female,1571-01-01,1618-12-31,9,景,Rule-generated Stage7 member for 合成陈氏.,False
1085727,7006,陈景强,male,1572-01-01,1653-12-31,9,景,Rule-generated Stage7 member for 合成陈氏.,False
1085728,7006,陈明,female,1568-01-01,1624-12-31,9,景,Rule-generated Stage7 member for 合成陈氏.,False
1085729,7006,陈景宗,male,1568-01-01,1643-12-31,9,景,Rule-generated Stage7 member for 合成陈氏.,False
1085730,7006,陈敏,female,1570-01-01,1641-12-31,9,景,Rule-generated Stage7 member for 合成陈氏.,False
1085731,7006,陈安世,male,1567-01-01,1662-12-31,9,景,Rule-generated Stage7 member for 合成陈氏.,False
1085732,7006,陈景梅,female,1566-01-01,1669-12-31,9,景,Rule-generated Stage7 member for 合成陈氏.,False
1085733,7006,陈明世,male,1569-01-01,1639-12-31,9,景,Rule-generated Stage7 member for 合成陈氏.,False
1085734,7006,陈景清,female,1568-01-01,1629-12-31,9,景,Rule-generated Stage7 member for 合成陈氏.,False
1085735,7006,陈景成,male,1571-01-01,1613-12-31,9,景,Rule-generated Stage7 member for 合成陈氏.,False
1085736,7006,陈敏,female,1572-01-01,1642-12-31,9,景,Rule-generated Stage7 member for 合成陈氏.,False
1085737,7006,陈伟国,male,1569-01-01,1621-12-31,9,景,Rule-generated Stage7 member for 合成陈氏.,False
1085738,7006,陈安华,female,1569-01-01,1644-12-31,9,景,Rule-generated Stage7 member for 合成陈氏.,False
1085739,7006,陈景国,male,1571-01-01,1631-12-31,9,景,Rule-generated Stage7 member for 合成陈氏.,False
1085740,7006,陈景清,female,1572-01-01,1631-12-31,9,景,Rule-generated Stage7 member for 合成陈氏.,False
1085741,7006,陈国宗,male,1572-01-01,1647-12-31,9,景,Rule-generated Stage7 member for 合成陈氏.,False
1085742,7006,陈景梅,female,1569-01-01,1663-12-31,9,景,Rule-generated Stage7 member for 合成陈氏.,False
1085743,7006,陈文承,male,1570-01-01,1631-12-31,9,景,Rule-generated Stage7 member for 合成陈氏.,False
1085744,7006,陈景安,female,1566-01-01,1615-12-31,9,景,Rule-generated Stage7 member for 合成陈氏.,False
1085745,7006,陈景明,male,1572-01-01,1658-12-31,9,景,Rule-generated Stage7 member for 合成陈氏.,False
1085746,7006,陈景梅,female,1572-01-01,1622-12-31,9,景,Rule-generated Stage7 member for 合成陈氏.,False
1085747,7006,陈世文,male,1572-01-01,1655-12-31,9,景,Rule-generated Stage7 member for 合成陈氏.,False
1085748,7006,陈景宁,female,1567-01-01,1604-12-31,9,景,Rule-generated Stage7 member for 合成陈氏.,False
1085749,7006,陈景文,male,1566-01-01,1640-12-31,9,景,Rule-generated Stage7 member for 合成陈氏.,False
1085750,7006,陈承世,male,1587-01-01,1646-12-31,10,承,Rule-generated Stage7 member for 合成陈氏.,False
1085751,7006,陈承安,female,1592-01-01,1661-12-31,10,承,Rule-generated Stage7 member for 合成陈氏.,False
1085752,7006,陈承文,male,1592-01-01,1637-12-31,10,承,Rule-generated Stage7 member for 合成陈氏.,False
1085753,7006,陈承敏,female,1590-01-01,1634-12-31,10,承,Rule-generated Stage7 member for 合成陈氏.,False
1085754,7006,陈承景,male,1592-01-01,1679-12-31,10,承,Rule-generated Stage7 member for 合成陈氏.,False
1085755,7006,陈承敏,female,1589-01-01,1647-12-31,10,承,Rule-generated Stage7 member for 合成陈氏.,False
1085756,7006,陈丽,male,1588-01-01,1666-12-31,10,承,Rule-generated Stage7 member for 合成陈氏.,False
1085757,7006,陈承宁,female,1589-01-01,1654-12-31,10,承,Rule-generated Stage7 member for 合成陈氏.,False
1085758,7006,陈华,male,1592-01-01,1636-12-31,10,承,Rule-generated Stage7 member for 合成陈氏.,False
1085759,7006,陈承安,female,1590-01-01,1647-12-31,10,承,Rule-generated Stage7 member for 合成陈氏.,False
1085760,7006,陈文成,male,1593-01-01,1661-12-31,10,承,Rule-generated Stage7 member for 合成陈氏.,False
1085761,7006,陈敏,female,1592-01-01,1672-12-31,10,承,Rule-generated Stage7 member for 合成陈氏.,False
1085762,7006,陈承景,male,1587-01-01,1660-12-31,10,承,Rule-generated Stage7 member for 合成陈氏.,False
1085763,7006,陈承梅,female,1589-01-01,1668-12-31,10,承,Rule-generated Stage7 member for 合成陈氏.,False
1085764,7006,陈承德,male,1590-01-01,1645-12-31,10,承,Rule-generated Stage7 member for 合成陈氏.,False
1085765,7006,陈芳安,female,1587-01-01,1630-12-31,10,承,Rule-generated Stage7 member for 合成陈氏.,False
1085766,7006,陈承国,male,1590-01-01,1653-12-31,10,承,Rule-generated Stage7 member for 合成陈氏.,False
1085767,7006,陈承玉,female,1588-01-01,1663-12-31,10,承,Rule-generated Stage7 member for 合成陈氏.,False
1085768,7006,陈景德,male,1589-01-01,1619-12-31,10,承,Rule-generated Stage7 member for 合成陈氏.,False
1085769,7006,陈承敏,female,1588-01-01,1624-12-31,10,承,Rule-generated Stage7 member for 合成陈氏.,False
1085770,7006,陈承强,male,1593-01-01,1682-12-31,10,承,Rule-generated Stage7 member for 合成陈氏.,False
1085771,7006,陈承丽,female,1589-01-01,1651-12-31,10,承,Rule-generated Stage7 member for 合成陈氏.,False
1085772,7006,陈承伟,male,1593-01-01,1670-12-31,10,承,Rule-generated Stage7 member for 合成陈氏.,False
1085773,7006,陈兰清,female,1590-01-01,1679-12-31,10,承,Rule-generated Stage7 member for 合成陈氏.,False
1085774,7006,陈承德,male,1593-01-01,1646-12-31,10,承,Rule-generated Stage7 member for 合成陈氏.,False
1085775,7006,陈承安,female,1588-01-01,1637-12-31,10,承,Rule-generated Stage7 member for 合成陈氏.,False
1085776,7006,陈承伟,male,1589-01-01,1655-12-31,10,承,Rule-generated Stage7 member for 合成陈氏.,False
1085777,7006,陈承敏,female,1590-01-01,1666-12-31,10,承,Rule-generated Stage7 member for 合成陈氏.,False
1085778,7006,陈承景,male,1591-01-01,1631-12-31,10,承,Rule-generated Stage7 member for 合成陈氏.,False
1085779,7006,陈安雅,female,1591-01-01,1681-12-31,10,承,Rule-generated Stage7 member for 合成陈氏.,False
1085780,7006,陈承明,male,1592-01-01,1659-12-31,10,承,Rule-generated Stage7 member for 合成陈氏.,False
1085781,7006,陈承雅,female,1592-01-01,1645-12-31,10,承,Rule-generated Stage7 member for 合成陈氏.,False
1085782,7006,陈承文,male,1592-01-01,1657-12-31,10,承,Rule-generated Stage7 member for 合成陈氏.,False
1085783,7006,陈承华,female,1588-01-01,1687-12-31,10,承,Rule-generated Stage7 member for 合成陈氏.,False
1085784,7006,陈伟,male,1592-01-01,1640-12-31,10,承,Rule-generated Stage7 member for 合成陈氏.,False
1085785,7006,陈玉敏,female,1587-01-01,1651-12-31,10,承,Rule-generated Stage7 member for 合成陈氏.,False
1085786,7006,陈强承,male,1588-01-01,1654-12-31,10,承,Rule-generated Stage7 member for 合成陈氏.,False
1085787,7006,陈承玉,female,1588-01-01,1657-12-31,10,承,Rule-generated Stage7 member for 合成陈氏.,False
1085788,7006,陈华,male,1589-01-01,1685-12-31,10,承,Rule-generated Stage7 member for 合成陈氏.,False
1085789,7006,陈承梅,female,1591-01-01,1695-12-31,10,承,Rule-generated Stage7 member for 合成陈氏.,False
1085790,7006,陈成安,male,1593-01-01,1692-12-31,10,承,Rule-generated Stage7 member for 合成陈氏.,False
1085791,7006,陈承丽,female,1588-01-01,1669-12-31,10,承,Rule-generated Stage7 member for 合成陈氏.,False
1085792,7006,陈明,male,1588-01-01,1637-12-31,10,承,Rule-generated Stage7 member for 合成陈氏.,False
1085793,7006,陈承安,female,1591-01-01,1645-12-31,10,承,Rule-generated Stage7 member for 合成陈氏.,False
1085794,7006,陈承安,male,1588-01-01,1633-12-31,10,承,Rule-generated Stage7 member for 合成陈氏.,False
1085795,7006,陈承清,female,1589-01-01,1653-12-31,10,承,Rule-generated Stage7 member for 合成陈氏.,False
1085796,7006,陈承世,male,1588-01-01,1652-12-31,10,承,Rule-generated Stage7 member for 合成陈氏.,False
1085797,7006,陈清梅,female,1593-01-01,1661-12-31,10,承,Rule-generated Stage7 member for 合成陈氏.,False
1085798,7006,陈明,male,1592-01-01,1658-12-31,10,承,Rule-generated Stage7 member for 合成陈氏.,False
1085799,7006,陈敏,female,1593-01-01,1647-12-31,10,承,Rule-generated Stage7 member for 合成陈氏.,False
1085800,7006,陈世明,male,1593-01-01,1664-12-31,10,承,Rule-generated Stage7 member for 合成陈氏.,False
1085801,7006,陈承慧,female,1591-01-01,1657-12-31,10,承,Rule-generated Stage7 member for 合成陈氏.,False
1085802,7006,陈承世,male,1587-01-01,1643-12-31,10,承,Rule-generated Stage7 member for 合成陈氏.,False
1085803,7006,陈承慧,female,1588-01-01,1657-12-31,10,承,Rule-generated Stage7 member for 合成陈氏.,False
1085804,7006,陈明景,male,1588-01-01,1652-12-31,10,承,Rule-generated Stage7 member for 合成陈氏.,False
1085805,7006,陈安敏,female,1593-01-01,1644-12-31,10,承,Rule-generated Stage7 member for 合成陈氏.,False
1085806,7006,陈承安,male,1592-01-01,1651-12-31,10,承,Rule-generated Stage7 member for 合成陈氏.,False
1085807,7006,陈承芳,female,1592-01-01,1686-12-31,10,承,Rule-generated Stage7 member for 合成陈氏.,False
1085808,7006,陈承安,male,1592-01-01,1657-12-31,10,承,Rule-generated Stage7 member for 合成陈氏.,False
1085809,7006,陈芳宁,female,1589-01-01,1639-12-31,10,承,Rule-generated Stage7 member for 合成陈氏.,False
1085810,7006,陈承明,male,1588-01-01,1676-12-31,10,承,Rule-generated Stage7 member for 合成陈氏.,False
1085811,7006,陈雅宁,female,1588-01-01,1614-12-31,10,承,Rule-generated Stage7 member for 合成陈氏.,False
1085812,7006,陈丽,male,1587-01-01,1627-12-31,10,承,Rule-generated Stage7 member for 合成陈氏.,False
1085813,7006,陈伟,female,1589-01-01,1655-12-31,10,承,Rule-generated Stage7 member for 合成陈氏.,False
1085814,7006,陈承世,male,1592-01-01,1642-12-31,10,承,Rule-generated Stage7 member for 合成陈氏.,False
1085815,7006,陈承兰,female,1588-01-01,1651-12-31,10,承,Rule-generated Stage7 member for 合成陈氏.,False
1085816,7006,陈承强,male,1593-01-01,1675-12-31,10,承,Rule-generated Stage7 member for 合成陈氏.,False
1085817,7006,陈承玉,female,1589-01-01,1669-12-31,10,承,Rule-generated Stage7 member for 合成陈氏.,False
1085818,7006,陈承成,male,1590-01-01,1647-12-31,10,承,Rule-generated Stage7 member for 合成陈氏.,False
1085819,7006,陈承安,female,1590-01-01,1671-12-31,10,承,Rule-generated Stage7 member for 合成陈氏.,False
1085820,7006,陈承文,male,1591-01-01,1690-12-31,10,承,Rule-generated Stage7 member for 合成陈氏.,False
1085821,7006,陈承宁,female,1589-01-01,1657-12-31,10,承,Rule-generated Stage7 member for 合成陈氏.,False
1085822,7006,陈承安,male,1589-01-01,1615-12-31,10,承,Rule-generated Stage7 member for 合成陈氏.,False
1085823,7006,陈承梅,female,1588-01-01,1646-12-31,10,承,Rule-generated Stage7 member for 合成陈氏.,False
1085824,7006,陈丽,male,1587-01-01,1654-12-31,10,承,Rule-generated Stage7 member for 合成陈氏.,False
1085825,7006,陈承清,female,1589-01-01,1642-12-31,10,承,Rule-generated Stage7 member for 合成陈氏.,False
1085826,7006,陈安文,male,1593-01-01,1634-12-31,10,承,Rule-generated Stage7 member for 合成陈氏.,False
1085827,7006,陈明,female,1593-01-01,1670-12-31,10,承,Rule-generated Stage7 member for 合成陈氏.,False
1085828,7006,陈承文,male,1589-01-01,1631-12-31,10,承,Rule-generated Stage7 member for 合成陈氏.,False
1085829,7006,陈承芳,female,1593-01-01,1622-12-31,10,承,Rule-generated Stage7 member for 合成陈氏.,False
1085830,7006,陈承世,male,1590-01-01,1675-12-31,10,承,Rule-generated Stage7 member for 合成陈氏.,False
1085831,7006,陈丽,female,1590-01-01,1653-12-31,10,承,Rule-generated Stage7 member for 合成陈氏.,False
1085832,7006,陈承强,male,1592-01-01,1648-12-31,10,承,Rule-generated Stage7 member for 合成陈氏.,False
1085833,7006,陈承慧,female,1587-01-01,1662-12-31,10,承,Rule-generated Stage7 member for 合成陈氏.,False
1085834,7006,陈承宗,male,1590-01-01,1643-12-31,10,承,Rule-generated Stage7 member for 合成陈氏.,False
1085835,7006,陈承玉,female,1591-01-01,1631-12-31,10,承,Rule-generated Stage7 member for 合成陈氏.,False
1085836,7006,陈国强,male,1591-01-01,1654-12-31,10,承,Rule-generated Stage7 member for 合成陈氏.,False
1085837,7006,陈承敏,female,1593-01-01,1622-12-31,10,承,Rule-generated Stage7 member for 合成陈氏.,False
1085838,7006,陈承伟,male,1593-01-01,1646-12-31,10,承,Rule-generated Stage7 member for 合成陈氏.,False
1085839,7006,陈宁芳,female,1591-01-01,1648-12-31,10,承,Rule-generated Stage7 member for 合成陈氏.,False
1085840,7006,陈承安,male,1587-01-01,1651-12-31,10,承,Rule-generated Stage7 member for 合成陈氏.,False
1085841,7006,陈承宁,female,1593-01-01,1625-12-31,10,承,Rule-generated Stage7 member for 合成陈氏.,False
1085842,7006,陈承伟,male,1588-01-01,1673-12-31,10,承,Rule-generated Stage7 member for 合成陈氏.,False
1085843,7006,陈雅芳,female,1589-01-01,1683-12-31,10,承,Rule-generated Stage7 member for 合成陈氏.,False
1085844,7006,陈承宗,male,1589-01-01,1661-12-31,10,承,Rule-generated Stage7 member for 合成陈氏.,False
1085845,7006,陈承清,female,1591-01-01,1669-12-31,10,承,Rule-generated Stage7 member for 合成陈氏.,False
1085846,7006,陈承成,male,1592-01-01,1672-12-31,10,承,Rule-generated Stage7 member for 合成陈氏.,False
1085847,7006,陈承安,female,1589-01-01,1630-12-31,10,承,Rule-generated Stage7 member for 合成陈氏.,False
1085848,7006,陈景文,male,1593-01-01,1688-12-31,10,承,Rule-generated Stage7 member for 合成陈氏.,False
1085849,7006,陈承兰,female,1588-01-01,1648-12-31,10,承,Rule-generated Stage7 member for 合成陈氏.,False
1085850,7006,陈成宗,male,1590-01-01,1626-12-31,10,承,Rule-generated Stage7 member for 合成陈氏.,False
1085851,7006,陈承敏,female,1590-01-01,1635-12-31,10,承,Rule-generated Stage7 member for 合成陈氏.,False
1085852,7006,陈华,male,1593-01-01,1682-12-31,10,承,Rule-generated Stage7 member for 合成陈氏.,False
1085853,7006,陈承安,female,1593-01-01,1686-12-31,10,承,Rule-generated Stage7 member for 合成陈氏.,False
1085854,7006,陈承德,male,1588-01-01,1646-12-31,10,承,Rule-generated Stage7 member for 合成陈氏.,False
1085855,7006,陈承宁,female,1591-01-01,1697-12-31,10,承,Rule-generated Stage7 member for 合成陈氏.,False
1085856,7006,陈承安,male,1591-01-01,1678-12-31,10,承,Rule-generated Stage7 member for 合成陈氏.,False
1085857,7006,陈承兰,female,1590-01-01,1661-12-31,10,承,Rule-generated Stage7 member for 合成陈氏.,False
1085858,7006,陈华,male,1589-01-01,1653-12-31,10,承,Rule-generated Stage7 member for 合成陈氏.,False
1085859,7006,陈承芳,female,1592-01-01,1664-12-31,10,承,Rule-generated Stage7 member for 合成陈氏.,False
1085860,7006,陈景明,male,1591-01-01,1655-12-31,10,承,Rule-generated Stage7 member for 合成陈氏.,False
1085861,7006,陈承兰,female,1591-01-01,1639-12-31,10,承,Rule-generated Stage7 member for 合成陈氏.,False
1085862,7006,陈承伟,male,1591-01-01,1643-12-31,10,承,Rule-generated Stage7 member for 合成陈氏.,False
1085863,7006,陈承雅,female,1591-01-01,1636-12-31,10,承,Rule-generated Stage7 member for 合成陈氏.,False
1085864,7006,陈承德,male,1588-01-01,1631-12-31,10,承,Rule-generated Stage7 member for 合成陈氏.,False
1085865,7006,陈承兰,female,1590-01-01,1636-12-31,10,承,Rule-generated Stage7 member for 合成陈氏.,False
1085866,7006,陈成文,male,1589-01-01,1688-12-31,10,承,Rule-generated Stage7 member for 合成陈氏.,False
1085867,7006,陈承兰,female,1593-01-01,1680-12-31,10,承,Rule-generated Stage7 member for 合成陈氏.,False
1085868,7006,陈承承,male,1593-01-01,1663-12-31,10,承,Rule-generated Stage7 member for 合成陈氏.,False
1085869,7006,陈承清,female,1589-01-01,1650-12-31,10,承,Rule-generated Stage7 member for 合成陈氏.,False
1085870,7006,陈伟宗,male,1593-01-01,1659-12-31,10,承,Rule-generated Stage7 member for 合成陈氏.,False
1085871,7006,陈承芳,female,1587-01-01,1674-12-31,10,承,Rule-generated Stage7 member for 合成陈氏.,False
1085872,7006,陈承明,male,1587-01-01,1678-12-31,10,承,Rule-generated Stage7 member for 合成陈氏.,False
1085873,7006,陈敏,female,1589-01-01,1636-12-31,10,承,Rule-generated Stage7 member for 合成陈氏.,False
1085874,7006,陈承国,male,1591-01-01,1661-12-31,10,承,Rule-generated Stage7 member for 合成陈氏.,False
1085875,7006,陈承敏,female,1588-01-01,1671-12-31,10,承,Rule-generated Stage7 member for 合成陈氏.,False
1085876,7006,陈承世,male,1590-01-01,1636-12-31,10,承,Rule-generated Stage7 member for 合成陈氏.,False
1085877,7006,陈宁兰,female,1588-01-01,1655-12-31,10,承,Rule-generated Stage7 member for 合成陈氏.,False
1085878,7006,陈承明,male,1587-01-01,1646-12-31,10,承,Rule-generated Stage7 member for 合成陈氏.,False
1085879,7006,陈华,female,1589-01-01,1623-12-31,10,承,Rule-generated Stage7 member for 合成陈氏.,False
1085880,7006,陈承安,male,1590-01-01,1646-12-31,10,承,Rule-generated Stage7 member for 合成陈氏.,False
1085881,7006,陈承兰,female,1593-01-01,1660-12-31,10,承,Rule-generated Stage7 member for 合成陈氏.,False
1085882,7006,陈承承,male,1590-01-01,1674-12-31,10,承,Rule-generated Stage7 member for 合成陈氏.,False
1085883,7006,陈承华,female,1591-01-01,1673-12-31,10,承,Rule-generated Stage7 member for 合成陈氏.,False
1085884,7006,陈承世,male,1592-01-01,1683-12-31,10,承,Rule-generated Stage7 member for 合成陈氏.,False
1085885,7006,陈慧华,female,1591-01-01,1650-12-31,10,承,Rule-generated Stage7 member for 合成陈氏.,False
1085886,7006,陈承成,male,1589-01-01,1644-12-31,10,承,Rule-generated Stage7 member for 合成陈氏.,False
1085887,7006,陈承敏,female,1591-01-01,1650-12-31,10,承,Rule-generated Stage7 member for 合成陈氏.,False
1085888,7006,陈华,male,1588-01-01,1653-12-31,10,承,Rule-generated Stage7 member for 合成陈氏.,False
1085889,7006,陈承华,female,1592-01-01,1646-12-31,10,承,Rule-generated Stage7 member for 合成陈氏.,False
1085890,7006,陈承景,male,1587-01-01,1643-12-31,10,承,Rule-generated Stage7 member for 合成陈氏.,False
1085891,7006,陈梅慧,female,1587-01-01,1674-12-31,10,承,Rule-generated Stage7 member for 合成陈氏.,False
1085892,7006,陈华,male,1589-01-01,1663-12-31,10,承,Rule-generated Stage7 member for 合成陈氏.,False
1085893,7006,陈承清,female,1589-01-01,1645-12-31,10,承,Rule-generated Stage7 member for 合成陈氏.,False
1085894,7006,陈承安,male,1590-01-01,1664-12-31,10,承,Rule-generated Stage7 member for 合成陈氏.,False
1085895,7006,陈承宁,female,1592-01-01,1683-12-31,10,承,Rule-generated Stage7 member for 合成陈氏.,False
1085896,7006,陈伟文,male,1590-01-01,1653-12-31,10,承,Rule-generated Stage7 member for 合成陈氏.,False
1085897,7006,陈承玉,female,1587-01-01,1638-12-31,10,承,Rule-generated Stage7 member for 合成陈氏.,False
1085898,7006,陈承承,male,1587-01-01,1647-12-31,10,承,Rule-generated Stage7 member for 合成陈氏.,False
1085899,7006,陈承兰,female,1592-01-01,1665-12-31,10,承,Rule-generated Stage7 member for 合成陈氏.,False
1085900,7006,陈安强,male,1593-01-01,1653-12-31,10,承,Rule-generated Stage7 member for 合成陈氏.,False
1085901,7006,陈承敏,female,1593-01-01,1651-12-31,10,承,Rule-generated Stage7 member for 合成陈氏.,False
1085902,7006,陈承宗,male,1591-01-01,1636-12-31,10,承,Rule-generated Stage7 member for 合成陈氏.,False
1085903,7006,陈承梅,female,1593-01-01,1625-12-31,10,承,Rule-generated Stage7 member for 合成陈氏.,False
1085904,7006,陈承德,male,1587-01-01,1651-12-31,10,承,Rule-generated Stage7 member for 合成陈氏.,False
1085905,7006,陈承雅,female,1589-01-01,1664-12-31,10,承,Rule-generated Stage7 member for 合成陈氏.,False
1085906,7006,陈承强,male,1587-01-01,1662-12-31,10,承,Rule-generated Stage7 member for 合成陈氏.,False
1085907,7006,陈宁慧,female,1592-01-01,1634-12-31,10,承,Rule-generated Stage7 member for 合成陈氏.,False
1085908,7006,陈伟,male,1593-01-01,1684-12-31,10,承,Rule-generated Stage7 member for 合成陈氏.,False
1085909,7006,陈承华,female,1588-01-01,1674-12-31,10,承,Rule-generated Stage7 member for 合成陈氏.,False
1085910,7006,陈承安,male,1588-01-01,1664-12-31,10,承,Rule-generated Stage7 member for 合成陈氏.,False
1085911,7006,陈承宁,female,1591-01-01,1671-12-31,10,承,Rule-generated Stage7 member for 合成陈氏.,False
1085912,7006,陈承德,male,1591-01-01,1660-12-31,10,承,Rule-generated Stage7 member for 合成陈氏.,False
1085913,7006,陈承宁,female,1587-01-01,1676-12-31,10,承,Rule-generated Stage7 member for 合成陈氏.,False
1085914,7006,陈文成,male,1592-01-01,1636-12-31,10,承,Rule-generated Stage7 member for 合成陈氏.,False
1085915,7006,陈清宁,female,1589-01-01,1665-12-31,10,承,Rule-generated Stage7 member for 合成陈氏.,False
1085916,7006,陈安国,male,1612-01-01,1677-12-31,11,安,Rule-generated Stage7 member for 合成陈氏.,False
1085917,7006,陈雅雅,female,1614-01-01,1692-12-31,11,安,Rule-generated Stage7 member for 合成陈氏.,False
1085918,7006,陈国强,male,1611-01-01,1646-12-31,11,安,Rule-generated Stage7 member for 合成陈氏.,False
1085919,7006,陈安梅,female,1610-01-01,1672-12-31,11,安,Rule-generated Stage7 member for 合成陈氏.,False
1085920,7006,陈安宗,male,1612-01-01,1687-12-31,11,安,Rule-generated Stage7 member for 合成陈氏.,False
1085921,7006,陈清慧,female,1611-01-01,1671-12-31,11,安,Rule-generated Stage7 member for 合成陈氏.,False
1085922,7006,陈安伟,male,1613-01-01,1651-12-31,11,安,Rule-generated Stage7 member for 合成陈氏.,False
1085923,7006,陈安敏,female,1609-01-01,1652-12-31,11,安,Rule-generated Stage7 member for 合成陈氏.,False
1085924,7006,陈伟,male,1608-01-01,1698-12-31,11,安,Rule-generated Stage7 member for 合成陈氏.,False
1085925,7006,陈安华,female,1611-01-01,1696-12-31,11,安,Rule-generated Stage7 member for 合成陈氏.,False
1085926,7006,陈安世,male,1608-01-01,1668-12-31,11,安,Rule-generated Stage7 member for 合成陈氏.,False
1085927,7006,陈丽兰,female,1614-01-01,1687-12-31,11,安,Rule-generated Stage7 member for 合成陈氏.,False
1085928,7006,陈成国,male,1611-01-01,1690-12-31,11,安,Rule-generated Stage7 member for 合成陈氏.,False
1085929,7006,陈安兰,female,1611-01-01,1682-12-31,11,安,Rule-generated Stage7 member for 合成陈氏.,False
1085930,7006,陈安国,male,1613-01-01,1697-12-31,11,安,Rule-generated Stage7 member for 合成陈氏.,False
1085931,7006,陈安兰,female,1610-01-01,1644-12-31,11,安,Rule-generated Stage7 member for 合成陈氏.,False
1085932,7006,陈华,male,1608-01-01,1663-12-31,11,安,Rule-generated Stage7 member for 合成陈氏.,False
1085933,7006,陈安敏,female,1608-01-01,1651-12-31,11,安,Rule-generated Stage7 member for 合成陈氏.,False
1085934,7006,陈丽,male,1609-01-01,1669-12-31,11,安,Rule-generated Stage7 member for 合成陈氏.,False
1085935,7006,陈雅玉,female,1608-01-01,1692-12-31,11,安,Rule-generated Stage7 member for 合成陈氏.,False
1085936,7006,陈安世,male,1608-01-01,1696-12-31,11,安,Rule-generated Stage7 member for 合成陈氏.,False
1085937,7006,陈安安,female,1609-01-01,1666-12-31,11,安,Rule-generated Stage7 member for 合成陈氏.,False
1085938,7006,陈宗明,male,1610-01-01,1687-12-31,11,安,Rule-generated Stage7 member for 合成陈氏.,False
1085939,7006,陈雅敏,female,1612-01-01,1647-12-31,11,安,Rule-generated Stage7 member for 合成陈氏.,False
1085940,7006,陈国国,male,1611-01-01,1673-12-31,11,安,Rule-generated Stage7 member for 合成陈氏.,False
1085941,7006,陈兰兰,female,1610-01-01,1678-12-31,11,安,Rule-generated Stage7 member for 合成陈氏.,False
1085942,7006,陈景文,male,1608-01-01,1672-12-31,11,安,Rule-generated Stage7 member for 合成陈氏.,False
1085943,7006,陈安芳,female,1611-01-01,1691-12-31,11,安,Rule-generated Stage7 member for 合成陈氏.,False
1085944,7006,陈世宗,male,1610-01-01,1677-12-31,11,安,Rule-generated Stage7 member for 合成陈氏.,False
1085945,7006,陈安敏,female,1612-01-01,1680-12-31,11,安,Rule-generated Stage7 member for 合成陈氏.,False
1085946,7006,陈安世,male,1612-01-01,1672-12-31,11,安,Rule-generated Stage7 member for 合成陈氏.,False
1085947,7006,陈安兰,female,1613-01-01,1710-12-31,11,安,Rule-generated Stage7 member for 合成陈氏.,False
1085948,7006,陈安伟,male,1610-01-01,1677-12-31,11,安,Rule-generated Stage7 member for 合成陈氏.,False
1085949,7006,陈慧芳,female,1613-01-01,1690-12-31,11,安,Rule-generated Stage7 member for 合成陈氏.,False
1085950,7006,陈敏,male,1612-01-01,1681-12-31,11,安,Rule-generated Stage7 member for 合成陈氏.,False
1085951,7006,陈安雅,female,1608-01-01,1635-12-31,11,安,Rule-generated Stage7 member for 合成陈氏.,False
1085952,7006,陈安世,male,1614-01-01,1692-12-31,11,安,Rule-generated Stage7 member for 合成陈氏.,False
1085953,7006,陈明,female,1612-01-01,1666-12-31,11,安,Rule-generated Stage7 member for 合成陈氏.,False
1085954,7006,陈安景,male,1609-01-01,1666-12-31,11,安,Rule-generated Stage7 member for 合成陈氏.,False
1085955,7006,陈安兰,female,1609-01-01,1654-12-31,11,安,Rule-generated Stage7 member for 合成陈氏.,False
1085956,7006,陈安文,male,1610-01-01,1709-12-31,11,安,Rule-generated Stage7 member for 合成陈氏.,False
1085957,7006,陈安安,female,1608-01-01,1671-12-31,11,安,Rule-generated Stage7 member for 合成陈氏.,False
1085958,7006,陈安明,male,1608-01-01,1695-12-31,11,安,Rule-generated Stage7 member for 合成陈氏.,False
1085959,7006,陈安慧,female,1614-01-01,1654-12-31,11,安,Rule-generated Stage7 member for 合成陈氏.,False
1085960,7006,陈明,male,1614-01-01,1702-12-31,11,安,Rule-generated Stage7 member for 合成陈氏.,False
1085961,7006,陈敏慧,female,1612-01-01,1678-12-31,11,安,Rule-generated Stage7 member for 合成陈氏.,False
1085962,7006,陈安宗,male,1609-01-01,1671-12-31,11,安,Rule-generated Stage7 member for 合成陈氏.,False
1085963,7006,陈玉芳,female,1612-01-01,1716-12-31,11,安,Rule-generated Stage7 member for 合成陈氏.,False
1085964,7006,陈安世,male,1613-01-01,1658-12-31,11,安,Rule-generated Stage7 member for 合成陈氏.,False
1085965,7006,陈玉慧,female,1610-01-01,1693-12-31,11,安,Rule-generated Stage7 member for 合成陈氏.,False
1085966,7006,陈安景,male,1614-01-01,1674-12-31,11,安,Rule-generated Stage7 member for 合成陈氏.,False
1085967,7006,陈丽,female,1609-01-01,1680-12-31,11,安,Rule-generated Stage7 member for 合成陈氏.,False
1085968,7006,陈安德,male,1611-01-01,1681-12-31,11,安,Rule-generated Stage7 member for 合成陈氏.,False
1085969,7006,陈安芳,female,1609-01-01,1678-12-31,11,安,Rule-generated Stage7 member for 合成陈氏.,False
1085970,7006,陈敏,male,1610-01-01,1636-12-31,11,安,Rule-generated Stage7 member for 合成陈氏.,False
1085971,7006,陈安敏,female,1613-01-01,1689-12-31,11,安,Rule-generated Stage7 member for 合成陈氏.,False
1085972,7006,陈承安,male,1610-01-01,1661-12-31,11,安,Rule-generated Stage7 member for 合成陈氏.,False
1085973,7006,陈安梅,female,1610-01-01,1661-12-31,11,安,Rule-generated Stage7 member for 合成陈氏.,False
1085974,7006,陈敏,male,1614-01-01,1656-12-31,11,安,Rule-generated Stage7 member for 合成陈氏.,False
1085975,7006,陈安玉,female,1610-01-01,1658-12-31,11,安,Rule-generated Stage7 member for 合成陈氏.,False
1085976,7006,陈安宗,male,1609-01-01,1699-12-31,11,安,Rule-generated Stage7 member for 合成陈氏.,False
1085977,7006,陈安敏,female,1611-01-01,1660-12-31,11,安,Rule-generated Stage7 member for 合成陈氏.,False
1085978,7006,陈世明,male,1608-01-01,1691-12-31,11,安,Rule-generated Stage7 member for 合成陈氏.,False
1085979,7006,陈安清,female,1608-01-01,1675-12-31,11,安,Rule-generated Stage7 member for 合成陈氏.,False
1085980,7006,陈安成,male,1614-01-01,1680-12-31,11,安,Rule-generated Stage7 member for 合成陈氏.,False
1085981,7006,陈安玉,female,1613-01-01,1654-12-31,11,安,Rule-generated Stage7 member for 合成陈氏.,False
1085982,7006,陈安强,male,1610-01-01,1672-12-31,11,安,Rule-generated Stage7 member for 合成陈氏.,False
1085983,7006,陈安玉,female,1610-01-01,1693-12-31,11,安,Rule-generated Stage7 member for 合成陈氏.,False
1085984,7006,陈安景,male,1609-01-01,1651-12-31,11,安,Rule-generated Stage7 member for 合成陈氏.,False
1085985,7006,陈兰雅,female,1613-01-01,1720-12-31,11,安,Rule-generated Stage7 member for 合成陈氏.,False
1085986,7006,陈安宗,male,1610-01-01,1691-12-31,11,安,Rule-generated Stage7 member for 合成陈氏.,False
1085987,7006,陈安玉,female,1614-01-01,1650-12-31,11,安,Rule-generated Stage7 member for 合成陈氏.,False
1085988,7006,陈安承,male,1611-01-01,1675-12-31,11,安,Rule-generated Stage7 member for 合成陈氏.,False
1085989,7006,陈玉兰,female,1613-01-01,1694-12-31,11,安,Rule-generated Stage7 member for 合成陈氏.,False
1085990,7006,陈安宗,male,1612-01-01,1718-12-31,11,安,Rule-generated Stage7 member for 合成陈氏.,False
1085991,7006,陈敏,female,1608-01-01,1677-12-31,11,安,Rule-generated Stage7 member for 合成陈氏.,False
1085992,7006,陈安文,male,1613-01-01,1664-12-31,11,安,Rule-generated Stage7 member for 合成陈氏.,False
1085993,7006,陈安华,female,1614-01-01,1676-12-31,11,安,Rule-generated Stage7 member for 合成陈氏.,False
1085994,7006,陈安强,male,1609-01-01,1709-12-31,11,安,Rule-generated Stage7 member for 合成陈氏.,False
1085995,7006,陈安华,female,1612-01-01,1701-12-31,11,安,Rule-generated Stage7 member for 合成陈氏.,False
1085996,7006,陈伟,male,1612-01-01,1705-12-31,11,安,Rule-generated Stage7 member for 合成陈氏.,False
1085997,7006,陈安清,female,1610-01-01,1688-12-31,11,安,Rule-generated Stage7 member for 合成陈氏.,False
1085998,7006,陈宗文,male,1614-01-01,1709-12-31,11,安,Rule-generated Stage7 member for 合成陈氏.,False
1085999,7006,陈安兰,female,1609-01-01,1657-12-31,11,安,Rule-generated Stage7 member for 合成陈氏.,False
1086000,7006,陈安文,male,1614-01-01,1657-12-31,11,安,Rule-generated Stage7 member for 合成陈氏.,False
1086001,7006,陈安华,female,1613-01-01,1686-12-31,11,安,Rule-generated Stage7 member for 合成陈氏.,False
1086002,7006,陈成强,male,1611-01-01,1655-12-31,11,安,Rule-generated Stage7 member for 合成陈氏.,False
1086003,7006,陈华芳,female,1614-01-01,1669-12-31,11,安,Rule-generated Stage7 member for 合成陈氏.,False
1086004,7006,陈国明,male,1610-01-01,1690-12-31,11,安,Rule-generated Stage7 member for 合成陈氏.,False
1086005,7006,陈安丽,female,1609-01-01,1708-12-31,11,安,Rule-generated Stage7 member for 合成陈氏.,False
1086006,7006,陈华,male,1613-01-01,1656-12-31,11,安,Rule-generated Stage7 member for 合成陈氏.,False
1086007,7006,陈华,female,1611-01-01,1689-12-31,11,安,Rule-generated Stage7 member for 合成陈氏.,False
1086008,7006,陈安明,male,1609-01-01,1678-12-31,11,安,Rule-generated Stage7 member for 合成陈氏.,False
1086009,7006,陈安清,female,1611-01-01,1709-12-31,11,安,Rule-generated Stage7 member for 合成陈氏.,False
1086010,7006,陈明,male,1610-01-01,1688-12-31,11,安,Rule-generated Stage7 member for 合成陈氏.,False
1086011,7006,陈安梅,female,1612-01-01,1683-12-31,11,安,Rule-generated Stage7 member for 合成陈氏.,False
1086012,7006,陈国安,male,1610-01-01,1655-12-31,11,安,Rule-generated Stage7 member for 合成陈氏.,False
1086013,7006,陈安玉,female,1609-01-01,1678-12-31,11,安,Rule-generated Stage7 member for 合成陈氏.,False
1086014,7006,陈安景,male,1610-01-01,1697-12-31,11,安,Rule-generated Stage7 member for 合成陈氏.,False
1086015,7006,陈安雅,female,1611-01-01,1702-12-31,11,安,Rule-generated Stage7 member for 合成陈氏.,False
1086016,7006,陈安世,male,1608-01-01,1672-12-31,11,安,Rule-generated Stage7 member for 合成陈氏.,False
1086017,7006,陈安兰,female,1609-01-01,1668-12-31,11,安,Rule-generated Stage7 member for 合成陈氏.,False
1086018,7006,陈强,male,1608-01-01,1660-12-31,11,安,Rule-generated Stage7 member for 合成陈氏.,False
1086019,7006,陈安梅,female,1612-01-01,1689-12-31,11,安,Rule-generated Stage7 member for 合成陈氏.,False
1086020,7006,陈明景,male,1612-01-01,1680-12-31,11,安,Rule-generated Stage7 member for 合成陈氏.,False
1086021,7006,陈敏芳,female,1611-01-01,1660-12-31,11,安,Rule-generated Stage7 member for 合成陈氏.,False
1086022,7006,陈强成,male,1609-01-01,1676-12-31,11,安,Rule-generated Stage7 member for 合成陈氏.,False
1086023,7006,陈芳兰,female,1611-01-01,1656-12-31,11,安,Rule-generated Stage7 member for 合成陈氏.,False
1086024,7006,陈安世,male,1609-01-01,1696-12-31,11,安,Rule-generated Stage7 member for 合成陈氏.,False
1086025,7006,陈华敏,female,1610-01-01,1681-12-31,11,安,Rule-generated Stage7 member for 合成陈氏.,False
1086026,7006,陈安成,male,1609-01-01,1671-12-31,11,安,Rule-generated Stage7 member for 合成陈氏.,False
1086027,7006,陈安梅,female,1608-01-01,1678-12-31,11,安,Rule-generated Stage7 member for 合成陈氏.,False
1086028,7006,陈安承,male,1608-01-01,1640-12-31,11,安,Rule-generated Stage7 member for 合成陈氏.,False
1086029,7006,陈安梅,female,1614-01-01,1684-12-31,11,安,Rule-generated Stage7 member for 合成陈氏.,False
1086030,7006,陈安国,male,1612-01-01,1705-12-31,11,安,Rule-generated Stage7 member for 合成陈氏.,False
1086031,7006,陈安宁,female,1608-01-01,1673-12-31,11,安,Rule-generated Stage7 member for 合成陈氏.,False
1086032,7006,陈明,male,1609-01-01,1646-12-31,11,安,Rule-generated Stage7 member for 合成陈氏.,False
1086033,7006,陈安丽,female,1608-01-01,1692-12-31,11,安,Rule-generated Stage7 member for 合成陈氏.,False
1086034,7006,陈安成,male,1608-01-01,1639-12-31,11,安,Rule-generated Stage7 member for 合成陈氏.,False
1086035,7006,陈强,female,1612-01-01,1690-12-31,11,安,Rule-generated Stage7 member for 合成陈氏.,False
1086036,7006,陈安国,male,1608-01-01,1700-12-31,11,安,Rule-generated Stage7 member for 合成陈氏.,False
1086037,7006,陈宁宁,female,1609-01-01,1678-12-31,11,安,Rule-generated Stage7 member for 合成陈氏.,False
1086038,7006,陈景文,male,1609-01-01,1676-12-31,11,安,Rule-generated Stage7 member for 合成陈氏.,False
1086039,7006,陈丽雅,female,1609-01-01,1635-12-31,11,安,Rule-generated Stage7 member for 合成陈氏.,False
1086040,7006,陈安文,male,1613-01-01,1688-12-31,11,安,Rule-generated Stage7 member for 合成陈氏.,False
1086041,7006,陈雅安,female,1612-01-01,1687-12-31,11,安,Rule-generated Stage7 member for 合成陈氏.,False
1086042,7006,陈安成,male,1608-01-01,1647-12-31,11,安,Rule-generated Stage7 member for 合成陈氏.,False
1086043,7006,陈安玉,female,1608-01-01,1668-12-31,11,安,Rule-generated Stage7 member for 合成陈氏.,False
1086044,7006,陈承世,male,1611-01-01,1693-12-31,11,安,Rule-generated Stage7 member for 合成陈氏.,False
1086045,7006,陈安安,female,1611-01-01,1700-12-31,11,安,Rule-generated Stage7 member for 合成陈氏.,False
1086046,7006,陈安世,male,1614-01-01,1710-12-31,11,安,Rule-generated Stage7 member for 合成陈氏.,False
1086047,7006,陈安敏,female,1610-01-01,1707-12-31,11,安,Rule-generated Stage7 member for 合成陈氏.,False
1086048,7006,陈安安,male,1613-01-01,1684-12-31,11,安,Rule-generated Stage7 member for 合成陈氏.,False
1086049,7006,陈玉芳,female,1611-01-01,1695-12-31,11,安,Rule-generated Stage7 member for 合成陈氏.,False
1086050,7006,陈安伟,male,1611-01-01,1681-12-31,11,安,Rule-generated Stage7 member for 合成陈氏.,False
1086051,7006,陈芳兰,female,1613-01-01,1665-12-31,11,安,Rule-generated Stage7 member for 合成陈氏.,False
1086052,7006,陈明文,male,1612-01-01,1702-12-31,11,安,Rule-generated Stage7 member for 合成陈氏.,False
1086053,7006,陈安雅,female,1613-01-01,1642-12-31,11,安,Rule-generated Stage7 member for 合成陈氏.,False
1086054,7006,陈安景,male,1609-01-01,1672-12-31,11,安,Rule-generated Stage7 member for 合成陈氏.,False
1086055,7006,陈丽宁,female,1608-01-01,1663-12-31,11,安,Rule-generated Stage7 member for 合成陈氏.,False
1086056,7006,陈宗世,male,1614-01-01,1684-12-31,11,安,Rule-generated Stage7 member for 合成陈氏.,False
1086057,7006,陈华,female,1612-01-01,1640-12-31,11,安,Rule-generated Stage7 member for 合成陈氏.,False
1086058,7006,陈安国,male,1614-01-01,1674-12-31,11,安,Rule-generated Stage7 member for 合成陈氏.,False
1086059,7006,陈安清,female,1613-01-01,1649-12-31,11,安,Rule-generated Stage7 member for 合成陈氏.,False
1086060,7006,陈安安,male,1612-01-01,1655-12-31,11,安,Rule-generated Stage7 member for 合成陈氏.,False
1086061,7006,陈安丽,female,1608-01-01,1687-12-31,11,安,Rule-generated Stage7 member for 合成陈氏.,False
1086062,7006,陈伟强,male,1608-01-01,1702-12-31,11,安,Rule-generated Stage7 member for 合成陈氏.,False
1086063,7006,陈安芳,female,1609-01-01,1696-12-31,11,安,Rule-generated Stage7 member for 合成陈氏.,False
1086064,7006,陈安景,male,1610-01-01,1710-12-31,11,安,Rule-generated Stage7 member for 合成陈氏.,False
1086065,7006,陈兰丽,female,1608-01-01,1685-12-31,11,安,Rule-generated Stage7 member for 合成陈氏.,False
1086066,7006,陈承明,male,1609-01-01,1638-12-31,11,安,Rule-generated Stage7 member for 合成陈氏.,False
1086067,7006,陈安敏,female,1614-01-01,1676-12-31,11,安,Rule-generated Stage7 member for 合成陈氏.,False
1086068,7006,陈国安,male,1610-01-01,1657-12-31,11,安,Rule-generated Stage7 member for 合成陈氏.,False
1086069,7006,陈安兰,female,1612-01-01,1664-12-31,11,安,Rule-generated Stage7 member for 合成陈氏.,False
1086070,7006,陈国明,male,1608-01-01,1642-12-31,11,安,Rule-generated Stage7 member for 合成陈氏.,False
1086071,7006,陈安丽,female,1608-01-01,1659-12-31,11,安,Rule-generated Stage7 member for 合成陈氏.,False
1086072,7006,陈安德,male,1614-01-01,1662-12-31,11,安,Rule-generated Stage7 member for 合成陈氏.,False
1086073,7006,陈安华,female,1609-01-01,1681-12-31,11,安,Rule-generated Stage7 member for 合成陈氏.,False
1086074,7006,陈安世,male,1608-01-01,1646-12-31,11,安,Rule-generated Stage7 member for 合成陈氏.,False
1086075,7006,陈安宁,female,1608-01-01,1680-12-31,11,安,Rule-generated Stage7 member for 合成陈氏.,False
1086076,7006,陈伟文,male,1610-01-01,1665-12-31,11,安,Rule-generated Stage7 member for 合成陈氏.,False
1086077,7006,陈安慧,female,1612-01-01,1702-12-31,11,安,Rule-generated Stage7 member for 合成陈氏.,False
1086078,7006,陈强安,male,1612-01-01,1644-12-31,11,安,Rule-generated Stage7 member for 合成陈氏.,False
1086079,7006,陈安安,female,1613-01-01,1665-12-31,11,安,Rule-generated Stage7 member for 合成陈氏.,False
1086080,7006,陈安宗,male,1614-01-01,1702-12-31,11,安,Rule-generated Stage7 member for 合成陈氏.,False
1086081,7006,陈安清,female,1612-01-01,1695-12-31,11,安,Rule-generated Stage7 member for 合成陈氏.,False
1086082,7006,陈强,male,1608-01-01,1645-12-31,11,安,Rule-generated Stage7 member for 合成陈氏.,False
1086083,7006,陈安清,female,1613-01-01,1681-12-31,11,安,Rule-generated Stage7 member for 合成陈氏.,False
1086084,7006,陈安安,male,1613-01-01,1705-12-31,11,安,Rule-generated Stage7 member for 合成陈氏.,False
1086085,7006,陈安兰,female,1609-01-01,1660-12-31,11,安,Rule-generated Stage7 member for 合成陈氏.,False
1086086,7006,陈安强,male,1611-01-01,1680-12-31,11,安,Rule-generated Stage7 member for 合成陈氏.,False
1086087,7006,陈安丽,female,1611-01-01,1664-12-31,11,安,Rule-generated Stage7 member for 合成陈氏.,False
1086088,7006,陈承成,male,1614-01-01,1684-12-31,11,安,Rule-generated Stage7 member for 合成陈氏.,False
1086089,7006,陈伟,female,1609-01-01,1656-12-31,11,安,Rule-generated Stage7 member for 合成陈氏.,False
1086090,7006,陈安安,male,1613-01-01,1681-12-31,11,安,Rule-generated Stage7 member for 合成陈氏.,False
1086091,7006,陈安梅,female,1611-01-01,1670-12-31,11,安,Rule-generated Stage7 member for 合成陈氏.,False
1086092,7006,陈强,male,1609-01-01,1700-12-31,11,安,Rule-generated Stage7 member for 合成陈氏.,False
1086093,7006,陈安宁,female,1611-01-01,1679-12-31,11,安,Rule-generated Stage7 member for 合成陈氏.,False
1086094,7006,陈安成,male,1609-01-01,1691-12-31,11,安,Rule-generated Stage7 member for 合成陈氏.,False
1086095,7006,陈安芳,female,1612-01-01,1701-12-31,11,安,Rule-generated Stage7 member for 合成陈氏.,False
1086096,7006,陈国伟,male,1614-01-01,1684-12-31,11,安,Rule-generated Stage7 member for 合成陈氏.,False
1086097,7006,陈安丽,female,1609-01-01,1690-12-31,11,安,Rule-generated Stage7 member for 合成陈氏.,False
1086098,7006,陈宁安,male,1629-01-01,1694-12-31,12,宁,Rule-generated Stage7 member for 合成陈氏.,False
1086099,7006,陈宁丽,female,1631-01-01,1696-12-31,12,宁,Rule-generated Stage7 member for 合成陈氏.,False
1086100,7006,陈明,male,1635-01-01,1715-12-31,12,宁,Rule-generated Stage7 member for 合成陈氏.,False
1086101,7006,陈宁清,female,1630-01-01,1718-12-31,12,宁,Rule-generated Stage7 member for 合成陈氏.,False
1086102,7006,陈承强,male,1631-01-01,1670-12-31,12,宁,Rule-generated Stage7 member for 合成陈氏.,False
1086103,7006,陈伟,female,1635-01-01,1722-12-31,12,宁,Rule-generated Stage7 member for 合成陈氏.,False
1086104,7006,陈宁承,male,1633-01-01,1706-12-31,12,宁,Rule-generated Stage7 member for 合成陈氏.,False
1086105,7006,陈宁清,female,1629-01-01,1699-12-31,12,宁,Rule-generated Stage7 member for 合成陈氏.,False
1086106,7006,陈安文,male,1629-01-01,1734-12-31,12,宁,Rule-generated Stage7 member for 合成陈氏.,False
1086107,7006,陈梅玉,female,1631-01-01,1682-12-31,12,宁,Rule-generated Stage7 member for 合成陈氏.,False
1086108,7006,陈伟德,male,1634-01-01,1706-12-31,12,宁,Rule-generated Stage7 member for 合成陈氏.,False
1086109,7006,陈宁华,female,1632-01-01,1688-12-31,12,宁,Rule-generated Stage7 member for 合成陈氏.,False
1086110,7006,陈明文,male,1631-01-01,1686-12-31,12,宁,Rule-generated Stage7 member for 合成陈氏.,False
1086111,7006,陈丽玉,female,1635-01-01,1725-12-31,12,宁,Rule-generated Stage7 member for 合成陈氏.,False
1086112,7006,陈伟,male,1635-01-01,1662-12-31,12,宁,Rule-generated Stage7 member for 合成陈氏.,False
1086113,7006,陈宁雅,female,1635-01-01,1711-12-31,12,宁,Rule-generated Stage7 member for 合成陈氏.,False
1086114,7006,陈宁承,male,1629-01-01,1696-12-31,12,宁,Rule-generated Stage7 member for 合成陈氏.,False
1086115,7006,陈宁宁,female,1635-01-01,1687-12-31,12,宁,Rule-generated Stage7 member for 合成陈氏.,False
1086116,7006,陈德宗,male,1632-01-01,1729-12-31,12,宁,Rule-generated Stage7 member for 合成陈氏.,False
1086117,7006,陈明,female,1632-01-01,1691-12-31,12,宁,Rule-generated Stage7 member for 合成陈氏.,False
1086118,7006,陈国承,male,1633-01-01,1661-12-31,12,宁,Rule-generated Stage7 member for 合成陈氏.,False
1086119,7006,陈宁玉,female,1634-01-01,1706-12-31,12,宁,Rule-generated Stage7 member for 合成陈氏.,False
1086120,7006,陈宁明,male,1633-01-01,1676-12-31,12,宁,Rule-generated Stage7 member for 合成陈氏.,False
1086121,7006,陈宁宁,female,1631-01-01,1689-12-31,12,宁,Rule-generated Stage7 member for 合成陈氏.,False
1086122,7006,陈宁承,male,1630-01-01,1715-12-31,12,宁,Rule-generated Stage7 member for 合成陈氏.,False
1086123,7006,陈宁敏,female,1635-01-01,1721-12-31,12,宁,Rule-generated Stage7 member for 合成陈氏.,False
1086124,7006,陈宗德,male,1634-01-01,1682-12-31,12,宁,Rule-generated Stage7 member for 合成陈氏.,False
1086125,7006,陈宁梅,female,1633-01-01,1693-12-31,12,宁,Rule-generated Stage7 member for 合成陈氏.,False
1086126,7006,陈文宗,male,1634-01-01,1709-12-31,12,宁,Rule-generated Stage7 member for 合成陈氏.,False
1086127,7006,陈宁清,female,1634-01-01,1720-12-31,12,宁,Rule-generated Stage7 member for 合成陈氏.,False
1086128,7006,陈宁成,male,1632-01-01,1701-12-31,12,宁,Rule-generated Stage7 member for 合成陈氏.,False
1086129,7006,陈玉清,female,1631-01-01,1720-12-31,12,宁,Rule-generated Stage7 member for 合成陈氏.,False
1086130,7006,陈宁承,male,1633-01-01,1719-12-31,12,宁,Rule-generated Stage7 member for 合成陈氏.,False
1086131,7006,陈宁宁,female,1634-01-01,1708-12-31,12,宁,Rule-generated Stage7 member for 合成陈氏.,False
1086132,7006,陈强国,male,1635-01-01,1715-12-31,12,宁,Rule-generated Stage7 member for 合成陈氏.,False
1086133,7006,陈宁梅,female,1632-01-01,1658-12-31,12,宁,Rule-generated Stage7 member for 合成陈氏.,False
1086134,7006,陈宁明,male,1634-01-01,1714-12-31,12,宁,Rule-generated Stage7 member for 合成陈氏.,False
1086135,7006,陈宁慧,female,1633-01-01,1720-12-31,12,宁,Rule-generated Stage7 member for 合成陈氏.,False
1086136,7006,陈承文,male,1629-01-01,1708-12-31,12,宁,Rule-generated Stage7 member for 合成陈氏.,False
1086137,7006,陈宁玉,female,1630-01-01,1664-12-31,12,宁,Rule-generated Stage7 member for 合成陈氏.,False
1086138,7006,陈世承,male,1632-01-01,1686-12-31,12,宁,Rule-generated Stage7 member for 合成陈氏.,False
1086139,7006,陈兰玉,female,1630-01-01,1722-12-31,12,宁,Rule-generated Stage7 member for 合成陈氏.,False
1086140,7006,陈德明,male,1630-01-01,1703-12-31,12,宁,Rule-generated Stage7 member for 合成陈氏.,False
1086141,7006,陈兰玉,female,1635-01-01,1676-12-31,12,宁,Rule-generated Stage7 member for 合成陈氏.,False
1086142,7006,陈宁安,male,1630-01-01,1675-12-31,12,宁,Rule-generated Stage7 member for 合成陈氏.,False
1086143,7006,陈梅清,female,1630-01-01,1678-12-31,12,宁,Rule-generated Stage7 member for 合成陈氏.,False
1086144,7006,陈宁德,male,1632-01-01,1705-12-31,12,宁,Rule-generated Stage7 member for 合成陈氏.,False
1086145,7006,陈华,female,1629-01-01,1699-12-31,12,宁,Rule-generated Stage7 member for 合成陈氏.,False
1086146,7006,陈承景,male,1630-01-01,1713-12-31,12,宁,Rule-generated Stage7 member for 合成陈氏.,False
1086147,7006,陈芳敏,female,1630-01-01,1661-12-31,12,宁,Rule-generated Stage7 member for 合成陈氏.,False
1086148,7006,陈宁德,male,1633-01-01,1685-12-31,12,宁,Rule-generated Stage7 member for 合成陈氏.,False
1086149,7006,陈宁清,female,1631-01-01,1716-12-31,12,宁,Rule-generated Stage7 member for 合成陈氏.,False
1086150,7006,陈伟安,male,1630-01-01,1696-12-31,12,宁,Rule-generated Stage7 member for 合成陈氏.,False
1086151,7006,陈明,female,1635-01-01,1713-12-31,12,宁,Rule-generated Stage7 member for 合成陈氏.,False
1086152,7006,陈承成,male,1633-01-01,1687-12-31,12,宁,Rule-generated Stage7 member for 合成陈氏.,False
1086153,7006,陈伟,female,1633-01-01,1664-12-31,12,宁,Rule-generated Stage7 member for 合成陈氏.,False
1086154,7006,陈宁强,male,1630-01-01,1677-12-31,12,宁,Rule-generated Stage7 member for 合成陈氏.,False
1086155,7006,陈宁宁,female,1631-01-01,1709-12-31,12,宁,Rule-generated Stage7 member for 合成陈氏.,False
1086156,7006,陈明安,male,1631-01-01,1711-12-31,12,宁,Rule-generated Stage7 member for 合成陈氏.,False
1086157,7006,陈宁华,female,1634-01-01,1705-12-31,12,宁,Rule-generated Stage7 member for 合成陈氏.,False
1086158,7006,陈宗承,male,1631-01-01,1713-12-31,12,宁,Rule-generated Stage7 member for 合成陈氏.,False
1086159,7006,陈宁宁,female,1631-01-01,1692-12-31,12,宁,Rule-generated Stage7 member for 合成陈氏.,False
1086160,7006,陈宁宗,male,1631-01-01,1705-12-31,12,宁,Rule-generated Stage7 member for 合成陈氏.,False
1086161,7006,陈兰梅,female,1631-01-01,1724-12-31,12,宁,Rule-generated Stage7 member for 合成陈氏.,False
1086162,7006,陈宁文,male,1629-01-01,1674-12-31,12,宁,Rule-generated Stage7 member for 合成陈氏.,False
1086163,7006,陈宁芳,female,1635-01-01,1707-12-31,12,宁,Rule-generated Stage7 member for 合成陈氏.,False
1086164,7006,陈宁承,male,1630-01-01,1683-12-31,12,宁,Rule-generated Stage7 member for 合成陈氏.,False
1086165,7006,陈雅雅,female,1633-01-01,1691-12-31,12,宁,Rule-generated Stage7 member for 合成陈氏.,False
1086166,7006,陈华,male,1635-01-01,1714-12-31,12,宁,Rule-generated Stage7 member for 合成陈氏.,False
1086167,7006,陈宁慧,female,1630-01-01,1708-12-31,12,宁,Rule-generated Stage7 member for 合成陈氏.,False
1086168,7006,陈宁承,male,1633-01-01,1673-12-31,12,宁,Rule-generated Stage7 member for 合成陈氏.,False
1086169,7006,陈华,female,1629-01-01,1658-12-31,12,宁,Rule-generated Stage7 member for 合成陈氏.,False
1086170,7006,陈宁安,male,1631-01-01,1682-12-31,12,宁,Rule-generated Stage7 member for 合成陈氏.,False
1086171,7006,陈宁玉,female,1631-01-01,1708-12-31,12,宁,Rule-generated Stage7 member for 合成陈氏.,False
1086172,7006,陈文成,male,1630-01-01,1679-12-31,12,宁,Rule-generated Stage7 member for 合成陈氏.,False
1086173,7006,陈宁清,female,1631-01-01,1683-12-31,12,宁,Rule-generated Stage7 member for 合成陈氏.,False
1086174,7006,陈宁德,male,1635-01-01,1708-12-31,12,宁,Rule-generated Stage7 member for 合成陈氏.,False
1086175,7006,陈丽,female,1632-01-01,1715-12-31,12,宁,Rule-generated Stage7 member for 合成陈氏.,False
1086176,7006,陈明,male,1631-01-01,1706-12-31,12,宁,Rule-generated Stage7 member for 合成陈氏.,False
1086177,7006,陈宁敏,female,1633-01-01,1688-12-31,12,宁,Rule-generated Stage7 member for 合成陈氏.,False
1086178,7006,陈宁成,male,1630-01-01,1661-12-31,12,宁,Rule-generated Stage7 member for 合成陈氏.,False
1086179,7006,陈华兰,female,1633-01-01,1705-12-31,12,宁,Rule-generated Stage7 member for 合成陈氏.,False
1086180,7006,陈景明,male,1635-01-01,1685-12-31,12,宁,Rule-generated Stage7 member for 合成陈氏.,False
1086181,7006,陈宁华,female,1633-01-01,1694-12-31,12,宁,Rule-generated Stage7 member for 合成陈氏.,False
1086182,7006,陈宁明,male,1634-01-01,1664-12-31,12,宁,Rule-generated Stage7 member for 合成陈氏.,False
1086183,7006,陈宁慧,female,1631-01-01,1714-12-31,12,宁,Rule-generated Stage7 member for 合成陈氏.,False
1086184,7006,陈强,male,1630-01-01,1671-12-31,12,宁,Rule-generated Stage7 member for 合成陈氏.,False
1086185,7006,陈宁梅,female,1633-01-01,1675-12-31,12,宁,Rule-generated Stage7 member for 合成陈氏.,False
1086186,7006,陈宗安,male,1634-01-01,1702-12-31,12,宁,Rule-generated Stage7 member for 合成陈氏.,False
1086187,7006,陈宁丽,female,1632-01-01,1694-12-31,12,宁,Rule-generated Stage7 member for 合成陈氏.,False
1086188,7006,陈伟伟,male,1635-01-01,1719-12-31,12,宁,Rule-generated Stage7 member for 合成陈氏.,False
1086189,7006,陈玉兰,female,1629-01-01,1684-12-31,12,宁,Rule-generated Stage7 member for 合成陈氏.,False
1086190,7006,陈国文,male,1630-01-01,1705-12-31,12,宁,Rule-generated Stage7 member for 合成陈氏.,False
1086191,7006,陈宁梅,female,1629-01-01,1669-12-31,12,宁,Rule-generated Stage7 member for 合成陈氏.,False
1086192,7006,陈敏,male,1633-01-01,1705-12-31,12,宁,Rule-generated Stage7 member for 合成陈氏.,False
1086193,7006,陈宁宁,female,1632-01-01,1721-12-31,12,宁,Rule-generated Stage7 member for 合成陈氏.,False
1086194,7006,陈宁承,male,1632-01-01,1685-12-31,12,宁,Rule-generated Stage7 member for 合成陈氏.,False
1086195,7006,陈华,female,1631-01-01,1711-12-31,12,宁,Rule-generated Stage7 member for 合成陈氏.,False
1086196,7006,陈宁成,male,1630-01-01,1662-12-31,12,宁,Rule-generated Stage7 member for 合成陈氏.,False
1086197,7006,陈宁华,female,1632-01-01,1714-12-31,12,宁,Rule-generated Stage7 member for 合成陈氏.,False
1086198,7006,陈景明,male,1635-01-01,1708-12-31,12,宁,Rule-generated Stage7 member for 合成陈氏.,False
1086199,7006,陈兰清,female,1631-01-01,1660-12-31,12,宁,Rule-generated Stage7 member for 合成陈氏.,False
1086200,7006,陈宁安,male,1630-01-01,1718-12-31,12,宁,Rule-generated Stage7 member for 合成陈氏.,False
1086201,7006,陈宁兰,female,1635-01-01,1689-12-31,12,宁,Rule-generated Stage7 member for 合成陈氏.,False
1086202,7006,陈宁承,male,1629-01-01,1712-12-31,12,宁,Rule-generated Stage7 member for 合成陈氏.,False
1086203,7006,陈宁丽,female,1630-01-01,1725-12-31,12,宁,Rule-generated Stage7 member for 合成陈氏.,False
1086204,7006,陈宁宗,male,1635-01-01,1690-12-31,12,宁,Rule-generated Stage7 member for 合成陈氏.,False
1086205,7006,陈宁芳,female,1632-01-01,1698-12-31,12,宁,Rule-generated Stage7 member for 合成陈氏.,False
1086206,7006,陈国景,male,1630-01-01,1676-12-31,12,宁,Rule-generated Stage7 member for 合成陈氏.,False
1086207,7006,陈宁玉,female,1632-01-01,1725-12-31,12,宁,Rule-generated Stage7 member for 合成陈氏.,False
1086208,7006,陈成安,male,1632-01-01,1684-12-31,12,宁,Rule-generated Stage7 member for 合成陈氏.,False
1086209,7006,陈丽,female,1635-01-01,1732-12-31,12,宁,Rule-generated Stage7 member for 合成陈氏.,False
1086210,7006,陈宁强,male,1632-01-01,1700-12-31,12,宁,Rule-generated Stage7 member for 合成陈氏.,False
1086211,7006,陈宁宁,female,1635-01-01,1721-12-31,12,宁,Rule-generated Stage7 member for 合成陈氏.,False
1086212,7006,陈宁伟,male,1633-01-01,1685-12-31,12,宁,Rule-generated Stage7 member for 合成陈氏.,False
1086213,7006,陈宁宁,female,1630-01-01,1663-12-31,12,宁,Rule-generated Stage7 member for 合成陈氏.,False
1086214,7006,陈宁明,male,1634-01-01,1732-12-31,12,宁,Rule-generated Stage7 member for 合成陈氏.,False
1086215,7006,陈宁宁,female,1630-01-01,1701-12-31,12,宁,Rule-generated Stage7 member for 合成陈氏.,False
1086216,7006,陈文文,male,1632-01-01,1657-12-31,12,宁,Rule-generated Stage7 member for 合成陈氏.,False
1086217,7006,陈明,female,1631-01-01,1729-12-31,12,宁,Rule-generated Stage7 member for 合成陈氏.,False
1086218,7006,陈宁成,male,1633-01-01,1689-12-31,12,宁,Rule-generated Stage7 member for 合成陈氏.,False
1086219,7006,陈玉清,female,1635-01-01,1687-12-31,12,宁,Rule-generated Stage7 member for 合成陈氏.,False
1086220,7006,陈宁安,male,1630-01-01,1667-12-31,12,宁,Rule-generated Stage7 member for 合成陈氏.,False
1086221,7006,陈宁清,female,1633-01-01,1668-12-31,12,宁,Rule-generated Stage7 member for 合成陈氏.,False
1086222,7006,陈华,male,1633-01-01,1727-12-31,12,宁,Rule-generated Stage7 member for 合成陈氏.,False
1086223,7006,陈宁敏,female,1629-01-01,1698-12-31,12,宁,Rule-generated Stage7 member for 合成陈氏.,False
1086224,7006,陈宁伟,male,1634-01-01,1696-12-31,12,宁,Rule-generated Stage7 member for 合成陈氏.,False
1086225,7006,陈宁兰,female,1635-01-01,1701-12-31,12,宁,Rule-generated Stage7 member for 合成陈氏.,False
1086226,7006,陈宁德,male,1629-01-01,1712-12-31,12,宁,Rule-generated Stage7 member for 合成陈氏.,False
1086227,7006,陈宁雅,female,1629-01-01,1690-12-31,12,宁,Rule-generated Stage7 member for 合成陈氏.,False
1086228,7006,陈宁德,male,1629-01-01,1705-12-31,12,宁,Rule-generated Stage7 member for 合成陈氏.,False
1086229,7006,陈宁兰,female,1629-01-01,1692-12-31,12,宁,Rule-generated Stage7 member for 合成陈氏.,False
1086230,7006,陈宁德,male,1631-01-01,1694-12-31,12,宁,Rule-generated Stage7 member for 合成陈氏.,False
1086231,7006,陈宁玉,female,1633-01-01,1704-12-31,12,宁,Rule-generated Stage7 member for 合成陈氏.,False
1086232,7006,陈文伟,male,1629-01-01,1713-12-31,12,宁,Rule-generated Stage7 member for 合成陈氏.,False
1086233,7006,陈宁梅,female,1631-01-01,1688-12-31,12,宁,Rule-generated Stage7 member for 合成陈氏.,False
1086234,7006,陈伟,male,1630-01-01,1707-12-31,12,宁,Rule-generated Stage7 member for 合成陈氏.,False
1086235,7006,陈梅安,female,1630-01-01,1675-12-31,12,宁,Rule-generated Stage7 member for 合成陈氏.,False
1086236,7006,陈国国,male,1635-01-01,1672-12-31,12,宁,Rule-generated Stage7 member for 合成陈氏.,False
1086237,7006,陈宁梅,female,1632-01-01,1709-12-31,12,宁,Rule-generated Stage7 member for 合成陈氏.,False
1086238,7006,陈宁明,male,1633-01-01,1705-12-31,12,宁,Rule-generated Stage7 member for 合成陈氏.,False
1086239,7006,陈宁慧,female,1633-01-01,1675-12-31,12,宁,Rule-generated Stage7 member for 合成陈氏.,False
1086240,7006,陈伟宗,male,1635-01-01,1724-12-31,12,宁,Rule-generated Stage7 member for 合成陈氏.,False
1086241,7006,陈强,female,1632-01-01,1687-12-31,12,宁,Rule-generated Stage7 member for 合成陈氏.,False
1086242,7006,陈国成,male,1633-01-01,1720-12-31,12,宁,Rule-generated Stage7 member for 合成陈氏.,False
1086243,7006,陈宁兰,female,1631-01-01,1702-12-31,12,宁,Rule-generated Stage7 member for 合成陈氏.,False
1086244,7006,陈国世,male,1630-01-01,1711-12-31,12,宁,Rule-generated Stage7 member for 合成陈氏.,False
1086245,7006,陈伟,female,1629-01-01,1720-12-31,12,宁,Rule-generated Stage7 member for 合成陈氏.,False
1086246,7006,陈明明,male,1631-01-01,1731-12-31,12,宁,Rule-generated Stage7 member for 合成陈氏.,False
1086247,7006,陈安慧,female,1630-01-01,1706-12-31,12,宁,Rule-generated Stage7 member for 合成陈氏.,False
1086248,7006,陈文德,male,1631-01-01,1670-12-31,12,宁,Rule-generated Stage7 member for 合成陈氏.,False
1086249,7006,陈清玉,female,1631-01-01,1712-12-31,12,宁,Rule-generated Stage7 member for 合成陈氏.,False
1086250,7006,陈宁景,male,1635-01-01,1725-12-31,12,宁,Rule-generated Stage7 member for 合成陈氏.,False
1086251,7006,陈梅雅,female,1632-01-01,1704-12-31,12,宁,Rule-generated Stage7 member for 合成陈氏.,False
1086252,7006,陈承承,male,1632-01-01,1688-12-31,12,宁,Rule-generated Stage7 member for 合成陈氏.,False
1086253,7006,陈伟,female,1632-01-01,1704-12-31,12,宁,Rule-generated Stage7 member for 合成陈氏.,False
1086254,7006,陈宁伟,male,1634-01-01,1662-12-31,12,宁,Rule-generated Stage7 member for 合成陈氏.,False
1086255,7006,陈宁丽,female,1631-01-01,1717-12-31,12,宁,Rule-generated Stage7 member for 合成陈氏.,False
1086256,7006,陈伟安,male,1630-01-01,1680-12-31,12,宁,Rule-generated Stage7 member for 合成陈氏.,False
1086257,7006,陈宁梅,female,1631-01-01,1719-12-31,12,宁,Rule-generated Stage7 member for 合成陈氏.,False
1086258,7006,陈明,male,1629-01-01,1698-12-31,12,宁,Rule-generated Stage7 member for 合成陈氏.,False
1086259,7006,陈宁梅,female,1632-01-01,1722-12-31,12,宁,Rule-generated Stage7 member for 合成陈氏.,False
1086260,7006,陈宁明,male,1632-01-01,1726-12-31,12,宁,Rule-generated Stage7 member for 合成陈氏.,False
1086261,7006,陈安玉,female,1629-01-01,1705-12-31,12,宁,Rule-generated Stage7 member for 合成陈氏.,False
1086262,7006,陈宁德,male,1633-01-01,1683-12-31,12,宁,Rule-generated Stage7 member for 合成陈氏.,False
1086263,7006,陈安兰,female,1629-01-01,1683-12-31,12,宁,Rule-generated Stage7 member for 合成陈氏.,False
1086264,7006,陈宁强,male,1630-01-01,1707-12-31,12,宁,Rule-generated Stage7 member for 合成陈氏.,False
1086265,7006,陈宁宁,female,1629-01-01,1709-12-31,12,宁,Rule-generated Stage7 member for 合成陈氏.,False
1086266,7006,陈宁安,male,1635-01-01,1702-12-31,12,宁,Rule-generated Stage7 member for 合成陈氏.,False
1086267,7006,陈宁梅,female,1630-01-01,1668-12-31,12,宁,Rule-generated Stage7 member for 合成陈氏.,False
1086268,7006,陈安明,male,1629-01-01,1695-12-31,12,宁,Rule-generated Stage7 member for 合成陈氏.,False
1086269,7006,陈华慧,female,1633-01-01,1706-12-31,12,宁,Rule-generated Stage7 member for 合成陈氏.,False
1086270,7006,陈宁文,male,1633-01-01,1683-12-31,12,宁,Rule-generated Stage7 member for 合成陈氏.,False
1086271,7006,陈宁丽,female,1633-01-01,1692-12-31,12,宁,Rule-generated Stage7 member for 合成陈氏.,False
1086272,7006,陈宁承,male,1629-01-01,1710-12-31,12,宁,Rule-generated Stage7 member for 合成陈氏.,False
1086273,7006,陈宁宁,female,1635-01-01,1700-12-31,12,宁,Rule-generated Stage7 member for 合成陈氏.,False
1086274,7006,陈宁伟,male,1630-01-01,1694-12-31,12,宁,Rule-generated Stage7 member for 合成陈氏.,False
1086275,7006,陈宁华,female,1635-01-01,1703-12-31,12,宁,Rule-generated Stage7 member for 合成陈氏.,False
1086276,7006,陈宁安,male,1635-01-01,1655-12-31,12,宁,Rule-generated Stage7 member for 合成陈氏.,False
1086277,7006,陈华,female,1633-01-01,1718-12-31,12,宁,Rule-generated Stage7 member for 合成陈氏.,False
1086278,7006,陈明,male,1632-01-01,1678-12-31,12,宁,Rule-generated Stage7 member for 合成陈氏.,False
1086279,7006,陈宁慧,female,1634-01-01,1704-12-31,12,宁,Rule-generated Stage7 member for 合成陈氏.,False
1086280,7006,陈伟伟,male,1633-01-01,1701-12-31,12,宁,Rule-generated Stage7 member for 合成陈氏.,False
1086281,7006,陈宁敏,female,1629-01-01,1720-12-31,12,宁,Rule-generated Stage7 member for 合成陈氏.,False
1086282,7006,陈明国,male,1630-01-01,1689-12-31,12,宁,Rule-generated Stage7 member for 合成陈氏.,False
1086283,7006,陈宁芳,female,1632-01-01,1684-12-31,12,宁,Rule-generated Stage7 member for 合成陈氏.,False
1086284,7006,陈宁承,male,1629-01-01,1700-12-31,12,宁,Rule-generated Stage7 member for 合成陈氏.,False
1086285,7006,陈宁兰,female,1633-01-01,1702-12-31,12,宁,Rule-generated Stage7 member for 合成陈氏.,False
1086286,7006,陈宁明,male,1634-01-01,1682-12-31,12,宁,Rule-generated Stage7 member for 合成陈氏.,False
1086287,7006,陈宁敏,female,1630-01-01,1682-12-31,12,宁,Rule-generated Stage7 member for 合成陈氏.,False
1086288,7006,陈强成,male,1629-01-01,1688-12-31,12,宁,Rule-generated Stage7 member for 合成陈氏.,False
1086289,7006,陈玉慧,female,1630-01-01,1707-12-31,12,宁,Rule-generated Stage7 member for 合成陈氏.,False
1086290,7006,陈宁伟,male,1631-01-01,1696-12-31,12,宁,Rule-generated Stage7 member for 合成陈氏.,False
1086291,7006,陈华梅,female,1634-01-01,1708-12-31,12,宁,Rule-generated Stage7 member for 合成陈氏.,False
1086292,7006,陈文宗,male,1633-01-01,1727-12-31,12,宁,Rule-generated Stage7 member for 合成陈氏.,False
1086293,7006,陈宁丽,female,1631-01-01,1677-12-31,12,宁,Rule-generated Stage7 member for 合成陈氏.,False
1086294,7006,陈宁成,male,1635-01-01,1676-12-31,12,宁,Rule-generated Stage7 member for 合成陈氏.,False
1086295,7006,陈丽,female,1632-01-01,1683-12-31,12,宁,Rule-generated Stage7 member for 合成陈氏.,False
1086296,7006,陈宁宗,male,1629-01-01,1662-12-31,12,宁,Rule-generated Stage7 member for 合成陈氏.,False
1086297,7006,陈世成,male,1652-01-01,1717-12-31,13,文,Rule-generated Stage7 member for 合成陈氏.,False
1086298,7006,陈伟,female,1656-01-01,1714-12-31,13,文,Rule-generated Stage7 member for 合成陈氏.,False
1086299,7006,陈文世,male,1655-01-01,1712-12-31,13,文,Rule-generated Stage7 member for 合成陈氏.,False
1086300,7006,陈文慧,female,1656-01-01,1732-12-31,13,文,Rule-generated Stage7 member for 合成陈氏.,False
1086301,7006,陈伟伟,male,1653-01-01,1678-12-31,13,文,Rule-generated Stage7 member for 合成陈氏.,False
1086302,7006,陈文敏,female,1652-01-01,1732-12-31,13,文,Rule-generated Stage7 member for 合成陈氏.,False
1086303,7006,陈文强,male,1655-01-01,1710-12-31,13,文,Rule-generated Stage7 member for 合成陈氏.,False
1086304,7006,陈文宁,female,1653-01-01,1685-12-31,13,文,Rule-generated Stage7 member for 合成陈氏.,False
1086305,7006,陈德景,male,1652-01-01,1736-12-31,13,文,Rule-generated Stage7 member for 合成陈氏.,False
1086306,7006,陈文宁,female,1651-01-01,1705-12-31,13,文,Rule-generated Stage7 member for 合成陈氏.,False
1086307,7006,陈敏,male,1651-01-01,1718-12-31,13,文,Rule-generated Stage7 member for 合成陈氏.,False
1086308,7006,陈丽宁,female,1655-01-01,1715-12-31,13,文,Rule-generated Stage7 member for 合成陈氏.,False
1086309,7006,陈文德,male,1655-01-01,1719-12-31,13,文,Rule-generated Stage7 member for 合成陈氏.,False
1086310,7006,陈敏华,female,1656-01-01,1743-12-31,13,文,Rule-generated Stage7 member for 合成陈氏.,False
1086311,7006,陈文承,male,1655-01-01,1740-12-31,13,文,Rule-generated Stage7 member for 合成陈氏.,False
1086312,7006,陈文兰,female,1652-01-01,1687-12-31,13,文,Rule-generated Stage7 member for 合成陈氏.,False
1086313,7006,陈文德,male,1656-01-01,1732-12-31,13,文,Rule-generated Stage7 member for 合成陈氏.,False
1086314,7006,陈宁芳,female,1650-01-01,1724-12-31,13,文,Rule-generated Stage7 member for 合成陈氏.,False
1086315,7006,陈丽,male,1653-01-01,1724-12-31,13,文,Rule-generated Stage7 member for 合成陈氏.,False
1086316,7006,陈文梅,female,1651-01-01,1696-12-31,13,文,Rule-generated Stage7 member for 合成陈氏.,False
1086317,7006,陈伟,male,1652-01-01,1711-12-31,13,文,Rule-generated Stage7 member for 合成陈氏.,False
1086318,7006,陈文丽,female,1651-01-01,1738-12-31,13,文,Rule-generated Stage7 member for 合成陈氏.,False
1086319,7006,陈文成,male,1655-01-01,1730-12-31,13,文,Rule-generated Stage7 member for 合成陈氏.,False
1086320,7006,陈文丽,female,1655-01-01,1740-12-31,13,文,Rule-generated Stage7 member for 合成陈氏.,False
1086321,7006,陈文明,male,1651-01-01,1703-12-31,13,文,Rule-generated Stage7 member for 合成陈氏.,False
1086322,7006,陈安敏,female,1653-01-01,1716-12-31,13,文,Rule-generated Stage7 member for 合成陈氏.,False
1086323,7006,陈国明,male,1656-01-01,1718-12-31,13,文,Rule-generated Stage7 member for 合成陈氏.,False
1086324,7006,陈文玉,female,1652-01-01,1702-12-31,13,文,Rule-generated Stage7 member for 合成陈氏.,False
1086325,7006,陈世宗,male,1651-01-01,1721-12-31,13,文,Rule-generated Stage7 member for 合成陈氏.,False
1086326,7006,陈明,female,1652-01-01,1697-12-31,13,文,Rule-generated Stage7 member for 合成陈氏.,False
1086327,7006,陈强明,male,1651-01-01,1703-12-31,13,文,Rule-generated Stage7 member for 合成陈氏.,False
1086328,7006,陈文安,female,1651-01-01,1727-12-31,13,文,Rule-generated Stage7 member for 合成陈氏.,False
1086329,7006,陈文强,male,1652-01-01,1743-12-31,13,文,Rule-generated Stage7 member for 合成陈氏.,False
1086330,7006,陈文敏,female,1655-01-01,1734-12-31,13,文,Rule-generated Stage7 member for 合成陈氏.,False
1086331,7006,陈文强,male,1654-01-01,1707-12-31,13,文,Rule-generated Stage7 member for 合成陈氏.,False
1086332,7006,陈文清,female,1655-01-01,1720-12-31,13,文,Rule-generated Stage7 member for 合成陈氏.,False
1086333,7006,陈安国,male,1651-01-01,1739-12-31,13,文,Rule-generated Stage7 member for 合成陈氏.,False
1086334,7006,陈文宁,female,1653-01-01,1751-12-31,13,文,Rule-generated Stage7 member for 合成陈氏.,False
1086335,7006,陈承文,male,1655-01-01,1745-12-31,13,文,Rule-generated Stage7 member for 合成陈氏.,False
1086336,7006,陈文兰,female,1656-01-01,1744-12-31,13,文,Rule-generated Stage7 member for 合成陈氏.,False
1086337,7006,陈明国,male,1656-01-01,1696-12-31,13,文,Rule-generated Stage7 member for 合成陈氏.,False
1086338,7006,陈文安,female,1656-01-01,1702-12-31,13,文,Rule-generated Stage7 member for 合成陈氏.,False
1086339,7006,陈文文,male,1650-01-01,1720-12-31,13,文,Rule-generated Stage7 member for 合成陈氏.,False
1086340,7006,陈雅丽,female,1654-01-01,1721-12-31,13,文,Rule-generated Stage7 member for 合成陈氏.,False
1086341,7006,陈文景,male,1655-01-01,1701-12-31,13,文,Rule-generated Stage7 member for 合成陈氏.,False
1086342,7006,陈玉安,female,1653-01-01,1721-12-31,13,文,Rule-generated Stage7 member for 合成陈氏.,False
1086343,7006,陈文宗,male,1654-01-01,1701-12-31,13,文,Rule-generated Stage7 member for 合成陈氏.,False
1086344,7006,陈文丽,female,1651-01-01,1680-12-31,13,文,Rule-generated Stage7 member for 合成陈氏.,False
1086345,7006,陈文国,male,1655-01-01,1729-12-31,13,文,Rule-generated Stage7 member for 合成陈氏.,False
1086346,7006,陈华敏,female,1655-01-01,1723-12-31,13,文,Rule-generated Stage7 member for 合成陈氏.,False
1086347,7006,陈文景,male,1652-01-01,1675-12-31,13,文,Rule-generated Stage7 member for 合成陈氏.,False
1086348,7006,陈文兰,female,1652-01-01,1700-12-31,13,文,Rule-generated Stage7 member for 合成陈氏.,False
1086349,7006,陈文世,male,1652-01-01,1701-12-31,13,文,Rule-generated Stage7 member for 合成陈氏.,False
1086350,7006,陈宁芳,female,1652-01-01,1709-12-31,13,文,Rule-generated Stage7 member for 合成陈氏.,False
1086351,7006,陈世成,male,1654-01-01,1738-12-31,13,文,Rule-generated Stage7 member for 合成陈氏.,False
1086352,7006,陈文慧,female,1654-01-01,1714-12-31,13,文,Rule-generated Stage7 member for 合成陈氏.,False
1086353,7006,陈文明,male,1652-01-01,1726-12-31,13,文,Rule-generated Stage7 member for 合成陈氏.,False
1086354,7006,陈丽兰,female,1653-01-01,1717-12-31,13,文,Rule-generated Stage7 member for 合成陈氏.,False
1086355,7006,陈文伟,male,1651-01-01,1718-12-31,13,文,Rule-generated Stage7 member for 合成陈氏.,False
1086356,7006,陈文玉,female,1654-01-01,1710-12-31,13,文,Rule-generated Stage7 member for 合成陈氏.,False
1086357,7006,陈文承,male,1652-01-01,1719-12-31,13,文,Rule-generated Stage7 member for 合成陈氏.,False
1086358,7006,陈丽玉,female,1650-01-01,1689-12-31,13,文,Rule-generated Stage7 member for 合成陈氏.,False
1086359,7006,陈文承,male,1653-01-01,1715-12-31,13,文,Rule-generated Stage7 member for 合成陈氏.,False
1086360,7006,陈文华,female,1653-01-01,1732-12-31,13,文,Rule-generated Stage7 member for 合成陈氏.,False
1086361,7006,陈丽,male,1656-01-01,1732-12-31,13,文,Rule-generated Stage7 member for 合成陈氏.,False
1086362,7006,陈文芳,female,1653-01-01,1708-12-31,13,文,Rule-generated Stage7 member for 合成陈氏.,False
1086363,7006,陈文国,male,1656-01-01,1713-12-31,13,文,Rule-generated Stage7 member for 合成陈氏.,False
1086364,7006,陈兰华,female,1655-01-01,1695-12-31,13,文,Rule-generated Stage7 member for 合成陈氏.,False
1086365,7006,陈文国,male,1656-01-01,1735-12-31,13,文,Rule-generated Stage7 member for 合成陈氏.,False
1086366,7006,陈慧华,female,1653-01-01,1677-12-31,13,文,Rule-generated Stage7 member for 合成陈氏.,False
1086367,7006,陈文德,male,1656-01-01,1740-12-31,13,文,Rule-generated Stage7 member for 合成陈氏.,False
1086368,7006,陈芳雅,female,1653-01-01,1716-12-31,13,文,Rule-generated Stage7 member for 合成陈氏.,False
1086369,7006,陈文德,male,1655-01-01,1723-12-31,13,文,Rule-generated Stage7 member for 合成陈氏.,False
1086370,7006,陈文芳,female,1652-01-01,1748-12-31,13,文,Rule-generated Stage7 member for 合成陈氏.,False
1086371,7006,陈文伟,male,1651-01-01,1713-12-31,13,文,Rule-generated Stage7 member for 合成陈氏.,False
1086372,7006,陈文敏,female,1654-01-01,1734-12-31,13,文,Rule-generated Stage7 member for 合成陈氏.,False
1086373,7006,陈伟,male,1654-01-01,1741-12-31,13,文,Rule-generated Stage7 member for 合成陈氏.,False
1086374,7006,陈文兰,female,1654-01-01,1732-12-31,13,文,Rule-generated Stage7 member for 合成陈氏.,False
1086375,7006,陈强明,male,1654-01-01,1712-12-31,13,文,Rule-generated Stage7 member for 合成陈氏.,False
1086376,7006,陈文芳,female,1654-01-01,1707-12-31,13,文,Rule-generated Stage7 member for 合成陈氏.,False
1086377,7006,陈丽,male,1655-01-01,1690-12-31,13,文,Rule-generated Stage7 member for 合成陈氏.,False
1086378,7006,陈兰安,female,1656-01-01,1761-12-31,13,文,Rule-generated Stage7 member for 合成陈氏.,False
1086379,7006,陈文明,male,1653-01-01,1718-12-31,13,文,Rule-generated Stage7 member for 合成陈氏.,False
1086380,7006,陈文清,female,1654-01-01,1708-12-31,13,文,Rule-generated Stage7 member for 合成陈氏.,False
1086381,7006,陈文文,male,1656-01-01,1691-12-31,13,文,Rule-generated Stage7 member for 合成陈氏.,False
1086382,7006,陈文安,female,1655-01-01,1698-12-31,13,文,Rule-generated Stage7 member for 合成陈氏.,False
1086383,7006,陈文承,male,1650-01-01,1737-12-31,13,文,Rule-generated Stage7 member for 合成陈氏.,False
1086384,7006,陈文清,female,1650-01-01,1705-12-31,13,文,Rule-generated Stage7 member for 合成陈氏.,False
1086385,7006,陈文承,male,1655-01-01,1725-12-31,13,文,Rule-generated Stage7 member for 合成陈氏.,False
1086386,7006,陈华,female,1652-01-01,1700-12-31,13,文,Rule-generated Stage7 member for 合成陈氏.,False
1086387,7006,陈文承,male,1650-01-01,1724-12-31,13,文,Rule-generated Stage7 member for 合成陈氏.,False
1086388,7006,陈清梅,female,1651-01-01,1710-12-31,13,文,Rule-generated Stage7 member for 合成陈氏.,False
1086389,7006,陈文宗,male,1655-01-01,1748-12-31,13,文,Rule-generated Stage7 member for 合成陈氏.,False
1086390,7006,陈玉梅,female,1653-01-01,1713-12-31,13,文,Rule-generated Stage7 member for 合成陈氏.,False
1086391,7006,陈文景,male,1654-01-01,1711-12-31,13,文,Rule-generated Stage7 member for 合成陈氏.,False
1086392,7006,陈文雅,female,1652-01-01,1700-12-31,13,文,Rule-generated Stage7 member for 合成陈氏.,False
1086393,7006,陈伟文,male,1654-01-01,1718-12-31,13,文,Rule-generated Stage7 member for 合成陈氏.,False
1086394,7006,陈文宁,female,1655-01-01,1698-12-31,13,文,Rule-generated Stage7 member for 合成陈氏.,False
1086395,7006,陈华,male,1652-01-01,1739-12-31,13,文,Rule-generated Stage7 member for 合成陈氏.,False
1086396,7006,陈丽敏,female,1652-01-01,1722-12-31,13,文,Rule-generated Stage7 member for 合成陈氏.,False
1086397,7006,陈文国,male,1656-01-01,1729-12-31,13,文,Rule-generated Stage7 member for 合成陈氏.,False
1086398,7006,陈文玉,female,1652-01-01,1696-12-31,13,文,Rule-generated Stage7 member for 合成陈氏.,False
1086399,7006,陈伟,male,1651-01-01,1747-12-31,13,文,Rule-generated Stage7 member for 合成陈氏.,False
1086400,7006,陈文华,female,1652-01-01,1732-12-31,13,文,Rule-generated Stage7 member for 合成陈氏.,False
1086401,7006,陈明,male,1652-01-01,1715-12-31,13,文,Rule-generated Stage7 member for 合成陈氏.,False
1086402,7006,陈文清,female,1655-01-01,1734-12-31,13,文,Rule-generated Stage7 member for 合成陈氏.,False
1086403,7006,陈承成,male,1653-01-01,1695-12-31,13,文,Rule-generated Stage7 member for 合成陈氏.,False
1086404,7006,陈丽宁,female,1654-01-01,1749-12-31,13,文,Rule-generated Stage7 member for 合成陈氏.,False
1086405,7006,陈文德,male,1655-01-01,1730-12-31,13,文,Rule-generated Stage7 member for 合成陈氏.,False
1086406,7006,陈文梅,female,1652-01-01,1740-12-31,13,文,Rule-generated Stage7 member for 合成陈氏.,False
1086407,7006,陈成成,male,1655-01-01,1740-12-31,13,文,Rule-generated Stage7 member for 合成陈氏.,False
1086408,7006,陈文清,female,1655-01-01,1753-12-31,13,文,Rule-generated Stage7 member for 合成陈氏.,False
1086409,7006,陈文安,male,1656-01-01,1720-12-31,13,文,Rule-generated Stage7 member for 合成陈氏.,False
1086410,7006,陈清雅,female,1650-01-01,1737-12-31,13,文,Rule-generated Stage7 member for 合成陈氏.,False
1086411,7006,陈文成,male,1651-01-01,1679-12-31,13,文,Rule-generated Stage7 member for 合成陈氏.,False
1086412,7006,陈文兰,female,1652-01-01,1724-12-31,13,文,Rule-generated Stage7 member for 合成陈氏.,False
1086413,7006,陈文伟,male,1651-01-01,1703-12-31,13,文,Rule-generated Stage7 member for 合成陈氏.,False
1086414,7006,陈敏,female,1651-01-01,1719-12-31,13,文,Rule-generated Stage7 member for 合成陈氏.,False
1086415,7006,陈文文,male,1651-01-01,1726-12-31,13,文,Rule-generated Stage7 member for 合成陈氏.,False
1086416,7006,陈敏宁,female,1654-01-01,1732-12-31,13,文,Rule-generated Stage7 member for 合成陈氏.,False
1086417,7006,陈文明,male,1652-01-01,1722-12-31,13,文,Rule-generated Stage7 member for 合成陈氏.,False
1086418,7006,陈文华,female,1656-01-01,1704-12-31,13,文,Rule-generated Stage7 member for 合成陈氏.,False
1086419,7006,陈世安,male,1655-01-01,1726-12-31,13,文,Rule-generated Stage7 member for 合成陈氏.,False
1086420,7006,陈文兰,female,1654-01-01,1736-12-31,13,文,Rule-generated Stage7 member for 合成陈氏.,False
1086421,7006,陈文伟,male,1653-01-01,1682-12-31,13,文,Rule-generated Stage7 member for 合成陈氏.,False
1086422,7006,陈文宁,female,1651-01-01,1714-12-31,13,文,Rule-generated Stage7 member for 合成陈氏.,False
1086423,7006,陈文宗,male,1656-01-01,1718-12-31,13,文,Rule-generated Stage7 member for 合成陈氏.,False
1086424,7006,陈文敏,female,1656-01-01,1749-12-31,13,文,Rule-generated Stage7 member for 合成陈氏.,False
1086425,7006,陈敏,male,1654-01-01,1683-12-31,13,文,Rule-generated Stage7 member for 合成陈氏.,False
1086426,7006,陈文兰,female,1650-01-01,1740-12-31,13,文,Rule-generated Stage7 member for 合成陈氏.,False
1086427,7006,陈伟,male,1655-01-01,1696-12-31,13,文,Rule-generated Stage7 member for 合成陈氏.,False
1086428,7006,陈文敏,female,1654-01-01,1675-12-31,13,文,Rule-generated Stage7 member for 合成陈氏.,False
1086429,7006,陈文景,male,1651-01-01,1739-12-31,13,文,Rule-generated Stage7 member for 合成陈氏.,False
1086430,7006,陈文芳,female,1650-01-01,1718-12-31,13,文,Rule-generated Stage7 member for 合成陈氏.,False
1086431,7006,陈文德,male,1655-01-01,1738-12-31,13,文,Rule-generated Stage7 member for 合成陈氏.,False
1086432,7006,陈文清,female,1656-01-01,1714-12-31,13,文,Rule-generated Stage7 member for 合成陈氏.,False
1086433,7006,陈文安,male,1654-01-01,1707-12-31,13,文,Rule-generated Stage7 member for 合成陈氏.,False
1086434,7006,陈兰华,female,1656-01-01,1726-12-31,13,文,Rule-generated Stage7 member for 合成陈氏.,False
1086435,7006,陈宗宗,male,1654-01-01,1735-12-31,13,文,Rule-generated Stage7 member for 合成陈氏.,False
1086436,7006,陈文梅,female,1650-01-01,1720-12-31,13,文,Rule-generated Stage7 member for 合成陈氏.,False
1086437,7006,陈文安,male,1650-01-01,1727-12-31,13,文,Rule-generated Stage7 member for 合成陈氏.,False
1086438,7006,陈敏雅,female,1653-01-01,1701-12-31,13,文,Rule-generated Stage7 member for 合成陈氏.,False
1086439,7006,陈文成,male,1653-01-01,1727-12-31,13,文,Rule-generated Stage7 member for 合成陈氏.,False
1086440,7006,陈文芳,female,1653-01-01,1687-12-31,13,文,Rule-generated Stage7 member for 合成陈氏.,False
1086441,7006,陈景强,male,1651-01-01,1719-12-31,13,文,Rule-generated Stage7 member for 合成陈氏.,False
1086442,7006,陈丽,female,1654-01-01,1747-12-31,13,文,Rule-generated Stage7 member for 合成陈氏.,False
1086443,7006,陈文明,male,1656-01-01,1741-12-31,13,文,Rule-generated Stage7 member for 合成陈氏.,False
1086444,7006,陈文安,female,1652-01-01,1739-12-31,13,文,Rule-generated Stage7 member for 合成陈氏.,False
1086445,7006,陈文承,male,1650-01-01,1690-12-31,13,文,Rule-generated Stage7 member for 合成陈氏.,False
1086446,7006,陈丽,female,1652-01-01,1719-12-31,13,文,Rule-generated Stage7 member for 合成陈氏.,False
1086447,7006,陈景国,male,1653-01-01,1714-12-31,13,文,Rule-generated Stage7 member for 合成陈氏.,False
1086448,7006,陈文玉,female,1654-01-01,1681-12-31,13,文,Rule-generated Stage7 member for 合成陈氏.,False
1086449,7006,陈文国,male,1653-01-01,1716-12-31,13,文,Rule-generated Stage7 member for 合成陈氏.,False
1086450,7006,陈芳丽,female,1656-01-01,1753-12-31,13,文,Rule-generated Stage7 member for 合成陈氏.,False
1086451,7006,陈文世,male,1656-01-01,1712-12-31,13,文,Rule-generated Stage7 member for 合成陈氏.,False
1086452,7006,陈文清,female,1650-01-01,1731-12-31,13,文,Rule-generated Stage7 member for 合成陈氏.,False
1086453,7006,陈文景,male,1654-01-01,1718-12-31,13,文,Rule-generated Stage7 member for 合成陈氏.,False
1086454,7006,陈文雅,female,1654-01-01,1742-12-31,13,文,Rule-generated Stage7 member for 合成陈氏.,False
1086455,7006,陈明,male,1652-01-01,1702-12-31,13,文,Rule-generated Stage7 member for 合成陈氏.,False
1086456,7006,陈文华,female,1656-01-01,1738-12-31,13,文,Rule-generated Stage7 member for 合成陈氏.,False
1086457,7006,陈文明,male,1654-01-01,1704-12-31,13,文,Rule-generated Stage7 member for 合成陈氏.,False
1086458,7006,陈文丽,female,1655-01-01,1722-12-31,13,文,Rule-generated Stage7 member for 合成陈氏.,False
1086459,7006,陈文国,male,1650-01-01,1674-12-31,13,文,Rule-generated Stage7 member for 合成陈氏.,False
1086460,7006,陈文华,female,1656-01-01,1729-12-31,13,文,Rule-generated Stage7 member for 合成陈氏.,False
1086461,7006,陈文强,male,1652-01-01,1697-12-31,13,文,Rule-generated Stage7 member for 合成陈氏.,False
1086462,7006,陈强,female,1656-01-01,1696-12-31,13,文,Rule-generated Stage7 member for 合成陈氏.,False
1086463,7006,陈德世,male,1655-01-01,1736-12-31,13,文,Rule-generated Stage7 member for 合成陈氏.,False
1086464,7006,陈雅雅,female,1653-01-01,1733-12-31,13,文,Rule-generated Stage7 member for 合成陈氏.,False
1086465,7006,陈强明,male,1651-01-01,1709-12-31,13,文,Rule-generated Stage7 member for 合成陈氏.,False
1086466,7006,陈文清,female,1655-01-01,1732-12-31,13,文,Rule-generated Stage7 member for 合成陈氏.,False
1086467,7006,陈文国,male,1650-01-01,1706-12-31,13,文,Rule-generated Stage7 member for 合成陈氏.,False
1086468,7006,陈文玉,female,1651-01-01,1742-12-31,13,文,Rule-generated Stage7 member for 合成陈氏.,False
1086469,7006,陈文成,male,1652-01-01,1699-12-31,13,文,Rule-generated Stage7 member for 合成陈氏.,False
1086470,7006,陈文清,female,1651-01-01,1714-12-31,13,文,Rule-generated Stage7 member for 合成陈氏.,False
1086471,7006,陈丽,male,1652-01-01,1732-12-31,13,文,Rule-generated Stage7 member for 合成陈氏.,False
1086472,7006,陈文清,female,1652-01-01,1694-12-31,13,文,Rule-generated Stage7 member for 合成陈氏.,False
1086473,7006,陈文世,male,1654-01-01,1707-12-31,13,文,Rule-generated Stage7 member for 合成陈氏.,False
1086474,7006,陈文安,female,1654-01-01,1700-12-31,13,文,Rule-generated Stage7 member for 合成陈氏.,False
1086475,7006,陈文德,male,1651-01-01,1745-12-31,13,文,Rule-generated Stage7 member for 合成陈氏.,False
1086476,7006,陈文玉,female,1654-01-01,1719-12-31,13,文,Rule-generated Stage7 member for 合成陈氏.,False
1086477,7006,陈文强,male,1655-01-01,1709-12-31,13,文,Rule-generated Stage7 member for 合成陈氏.,False
1086478,7006,陈文宁,female,1650-01-01,1745-12-31,13,文,Rule-generated Stage7 member for 合成陈氏.,False
1086479,7006,陈文承,male,1650-01-01,1731-12-31,13,文,Rule-generated Stage7 member for 合成陈氏.,False
1086480,7006,陈宁兰,female,1652-01-01,1734-12-31,13,文,Rule-generated Stage7 member for 合成陈氏.,False
1086481,7006,陈强承,male,1653-01-01,1733-12-31,13,文,Rule-generated Stage7 member for 合成陈氏.,False
1086482,7006,陈文华,female,1654-01-01,1703-12-31,13,文,Rule-generated Stage7 member for 合成陈氏.,False
1086483,7006,陈文德,male,1653-01-01,1727-12-31,13,文,Rule-generated Stage7 member for 合成陈氏.,False
1086484,7006,陈宁慧,female,1650-01-01,1694-12-31,13,文,Rule-generated Stage7 member for 合成陈氏.,False
1086485,7006,陈丽,male,1650-01-01,1748-12-31,13,文,Rule-generated Stage7 member for 合成陈氏.,False
1086486,7006,陈华梅,female,1654-01-01,1724-12-31,13,文,Rule-generated Stage7 member for 合成陈氏.,False
1086487,7006,陈明,male,1651-01-01,1721-12-31,13,文,Rule-generated Stage7 member for 合成陈氏.,False
1086488,7006,陈文玉,female,1651-01-01,1693-12-31,13,文,Rule-generated Stage7 member for 合成陈氏.,False
1086489,7006,陈文伟,male,1653-01-01,1699-12-31,13,文,Rule-generated Stage7 member for 合成陈氏.,False
1086490,7006,陈玉玉,female,1651-01-01,1710-12-31,13,文,Rule-generated Stage7 member for 合成陈氏.,False
1086491,7006,陈伟,male,1653-01-01,1723-12-31,13,文,Rule-generated Stage7 member for 合成陈氏.,False
1086492,7006,陈文华,female,1650-01-01,1725-12-31,13,文,Rule-generated Stage7 member for 合成陈氏.,False
1086493,7006,陈成世,male,1650-01-01,1691-12-31,13,文,Rule-generated Stage7 member for 合成陈氏.,False
1086494,7006,陈文慧,female,1651-01-01,1756-12-31,13,文,Rule-generated Stage7 member for 合成陈氏.,False
1086495,7006,陈明明,male,1655-01-01,1737-12-31,13,文,Rule-generated Stage7 member for 合成陈氏.,False
1086496,7006,陈安丽,female,1654-01-01,1729-12-31,13,文,Rule-generated Stage7 member for 合成陈氏.,False
1086497,7006,陈伟文,male,1650-01-01,1704-12-31,13,文,Rule-generated Stage7 member for 合成陈氏.,False
1086498,7006,陈兰芳,female,1650-01-01,1724-12-31,13,文,Rule-generated Stage7 member for 合成陈氏.,False
1086499,7006,陈伟,male,1651-01-01,1704-12-31,13,文,Rule-generated Stage7 member for 合成陈氏.,False
1086500,7006,陈文雅,female,1652-01-01,1700-12-31,13,文,Rule-generated Stage7 member for 合成陈氏.,False
1086501,7006,陈国强,male,1655-01-01,1711-12-31,13,文,Rule-generated Stage7 member for 合成陈氏.,False
1086502,7006,陈慧雅,female,1656-01-01,1681-12-31,13,文,Rule-generated Stage7 member for 合成陈氏.,False
1086503,7006,陈文文,male,1654-01-01,1710-12-31,13,文,Rule-generated Stage7 member for 合成陈氏.,False
1086504,7006,陈安雅,female,1654-01-01,1740-12-31,13,文,Rule-generated Stage7 member for 合成陈氏.,False
1086505,7006,陈文国,male,1655-01-01,1710-12-31,13,文,Rule-generated Stage7 member for 合成陈氏.,False
1086506,7006,陈文雅,female,1650-01-01,1731-12-31,13,文,Rule-generated Stage7 member for 合成陈氏.,False
1086507,7006,陈文承,male,1654-01-01,1713-12-31,13,文,Rule-generated Stage7 member for 合成陈氏.,False
1086508,7006,陈明,female,1652-01-01,1714-12-31,13,文,Rule-generated Stage7 member for 合成陈氏.,False
1086509,7006,陈文强,male,1654-01-01,1747-12-31,13,文,Rule-generated Stage7 member for 合成陈氏.,False
1086510,7006,陈文安,female,1653-01-01,1689-12-31,13,文,Rule-generated Stage7 member for 合成陈氏.,False
1086511,7006,陈文文,male,1652-01-01,1735-12-31,13,文,Rule-generated Stage7 member for 合成陈氏.,False
1086512,7006,陈明,female,1650-01-01,1685-12-31,13,文,Rule-generated Stage7 member for 合成陈氏.,False
1086513,7006,陈伟明,male,1674-01-01,1713-12-31,14,武,Rule-generated Stage7 member for 合成陈氏.,False
1086514,7006,陈武兰,female,1674-01-01,1695-12-31,14,武,Rule-generated Stage7 member for 合成陈氏.,False
1086515,7006,陈安承,male,1672-01-01,1727-12-31,14,武,Rule-generated Stage7 member for 合成陈氏.,False
1086516,7006,陈武兰,female,1674-01-01,1712-12-31,14,武,Rule-generated Stage7 member for 合成陈氏.,False
1086517,7006,陈武世,male,1677-01-01,1730-12-31,14,武,Rule-generated Stage7 member for 合成陈氏.,False
1086518,7006,陈华清,female,1671-01-01,1709-12-31,14,武,Rule-generated Stage7 member for 合成陈氏.,False
1086519,7006,陈文景,male,1673-01-01,1737-12-31,14,武,Rule-generated Stage7 member for 合成陈氏.,False
1086520,7006,陈武芳,female,1677-01-01,1731-12-31,14,武,Rule-generated Stage7 member for 合成陈氏.,False
1086521,7006,陈宗安,male,1674-01-01,1741-12-31,14,武,Rule-generated Stage7 member for 合成陈氏.,False
1086522,7006,陈梅清,female,1675-01-01,1755-12-31,14,武,Rule-generated Stage7 member for 合成陈氏.,False
1086523,7006,陈武景,male,1674-01-01,1741-12-31,14,武,Rule-generated Stage7 member for 合成陈氏.,False
1086524,7006,陈武清,female,1672-01-01,1733-12-31,14,武,Rule-generated Stage7 member for 合成陈氏.,False
1086525,7006,陈强,male,1677-01-01,1753-12-31,14,武,Rule-generated Stage7 member for 合成陈氏.,False
1086526,7006,陈武玉,female,1674-01-01,1745-12-31,14,武,Rule-generated Stage7 member for 合成陈氏.,False
1086527,7006,陈武文,male,1671-01-01,1699-12-31,14,武,Rule-generated Stage7 member for 合成陈氏.,False
1086528,7006,陈武雅,female,1676-01-01,1704-12-31,14,武,Rule-generated Stage7 member for 合成陈氏.,False
1086529,7006,陈武景,male,1675-01-01,1742-12-31,14,武,Rule-generated Stage7 member for 合成陈氏.,False
1086530,7006,陈武华,female,1677-01-01,1712-12-31,14,武,Rule-generated Stage7 member for 合成陈氏.,False
1086531,7006,陈强,male,1673-01-01,1744-12-31,14,武,Rule-generated Stage7 member for 合成陈氏.,False
1086532,7006,陈宁玉,female,1671-01-01,1750-12-31,14,武,Rule-generated Stage7 member for 合成陈氏.,False
1086533,7006,陈武德,male,1673-01-01,1748-12-31,14,武,Rule-generated Stage7 member for 合成陈氏.,False
1086534,7006,陈武兰,female,1676-01-01,1735-12-31,14,武,Rule-generated Stage7 member for 合成陈氏.,False
1086535,7006,陈武国,male,1674-01-01,1746-12-31,14,武,Rule-generated Stage7 member for 合成陈氏.,False
1086536,7006,陈武清,female,1677-01-01,1733-12-31,14,武,Rule-generated Stage7 member for 合成陈氏.,False
1086537,7006,陈武明,male,1672-01-01,1748-12-31,14,武,Rule-generated Stage7 member for 合成陈氏.,False
1086538,7006,陈武安,female,1673-01-01,1752-12-31,14,武,Rule-generated Stage7 member for 合成陈氏.,False
1086539,7006,陈武强,male,1676-01-01,1756-12-31,14,武,Rule-generated Stage7 member for 合成陈氏.,False
1086540,7006,陈兰丽,female,1673-01-01,1704-12-31,14,武,Rule-generated Stage7 member for 合成陈氏.,False
1086541,7006,陈武安,male,1674-01-01,1742-12-31,14,武,Rule-generated Stage7 member for 合成陈氏.,False
1086542,7006,陈武雅,female,1672-01-01,1746-12-31,14,武,Rule-generated Stage7 member for 合成陈氏.,False
1086543,7006,陈武成,male,1677-01-01,1721-12-31,14,武,Rule-generated Stage7 member for 合成陈氏.,False
1086544,7006,陈武安,female,1672-01-01,1703-12-31,14,武,Rule-generated Stage7 member for 合成陈氏.,False
1086545,7006,陈武承,male,1674-01-01,1722-12-31,14,武,Rule-generated Stage7 member for 合成陈氏.,False
1086546,7006,陈武玉,female,1675-01-01,1744-12-31,14,武,Rule-generated Stage7 member for 合成陈氏.,False
1086547,7006,陈武成,male,1673-01-01,1759-12-31,14,武,Rule-generated Stage7 member for 合成陈氏.,False
1086548,7006,陈兰芳,female,1676-01-01,1716-12-31,14,武,Rule-generated Stage7 member for 合成陈氏.,False
1086549,7006,陈武承,male,1672-01-01,1751-12-31,14,武,Rule-generated Stage7 member for 合成陈氏.,False
1086550,7006,陈强,female,1677-01-01,1763-12-31,14,武,Rule-generated Stage7 member for 合成陈氏.,False
1086551,7006,陈文承,male,1676-01-01,1747-12-31,14,武,Rule-generated Stage7 member for 合成陈氏.,False
1086552,7006,陈伟,female,1675-01-01,1761-12-31,14,武,Rule-generated Stage7 member for 合成陈氏.,False
1086553,7006,陈成承,male,1675-01-01,1698-12-31,14,武,Rule-generated Stage7 member for 合成陈氏.,False
1086554,7006,陈明,female,1677-01-01,1758-12-31,14,武,Rule-generated Stage7 member for 合成陈氏.,False
1086555,7006,陈文国,male,1677-01-01,1739-12-31,14,武,Rule-generated Stage7 member for 合成陈氏.,False
1086556,7006,陈强,female,1674-01-01,1732-12-31,14,武,Rule-generated Stage7 member for 合成陈氏.,False
1086557,7006,陈武伟,male,1675-01-01,1717-12-31,14,武,Rule-generated Stage7 member for 合成陈氏.,False
1086558,7006,陈武慧,female,1676-01-01,1759-12-31,14,武,Rule-generated Stage7 member for 合成陈氏.,False
1086559,7006,陈武德,male,1673-01-01,1703-12-31,14,武,Rule-generated Stage7 member for 合成陈氏.,False
1086560,7006,陈武兰,female,1674-01-01,1740-12-31,14,武,Rule-generated Stage7 member for 合成陈氏.,False
1086561,7006,陈强明,male,1677-01-01,1732-12-31,14,武,Rule-generated Stage7 member for 合成陈氏.,False
1086562,7006,陈武雅,female,1677-01-01,1728-12-31,14,武,Rule-generated Stage7 member for 合成陈氏.,False
1086563,7006,陈文德,male,1674-01-01,1742-12-31,14,武,Rule-generated Stage7 member for 合成陈氏.,False
1086564,7006,陈武安,female,1675-01-01,1743-12-31,14,武,Rule-generated Stage7 member for 合成陈氏.,False
1086565,7006,陈武世,male,1676-01-01,1756-12-31,14,武,Rule-generated Stage7 member for 合成陈氏.,False
1086566,7006,陈武雅,female,1677-01-01,1735-12-31,14,武,Rule-generated Stage7 member for 合成陈氏.,False
1086567,7006,陈武承,male,1676-01-01,1740-12-31,14,武,Rule-generated Stage7 member for 合成陈氏.,False
1086568,7006,陈武清,female,1675-01-01,1732-12-31,14,武,Rule-generated Stage7 member for 合成陈氏.,False
1086569,7006,陈文强,male,1677-01-01,1726-12-31,14,武,Rule-generated Stage7 member for 合成陈氏.,False
1086570,7006,陈慧安,female,1671-01-01,1725-12-31,14,武,Rule-generated Stage7 member for 合成陈氏.,False
1086571,7006,陈武成,male,1675-01-01,1718-12-31,14,武,Rule-generated Stage7 member for 合成陈氏.,False
1086572,7006,陈武安,female,1677-01-01,1717-12-31,14,武,Rule-generated Stage7 member for 合成陈氏.,False
1086573,7006,陈伟,male,1676-01-01,1747-12-31,14,武,Rule-generated Stage7 member for 合成陈氏.,False
1086574,7006,陈丽华,female,1675-01-01,1726-12-31,14,武,Rule-generated Stage7 member for 合成陈氏.,False
1086575,7006,陈武文,male,1673-01-01,1699-12-31,14,武,Rule-generated Stage7 member for 合成陈氏.,False
1086576,7006,陈安慧,female,1673-01-01,1717-12-31,14,武,Rule-generated Stage7 member for 合成陈氏.,False
1086577,7006,陈武安,male,1671-01-01,1772-12-31,14,武,Rule-generated Stage7 member for 合成陈氏.,False
1086578,7006,陈武安,female,1673-01-01,1738-12-31,14,武,Rule-generated Stage7 member for 合成陈氏.,False
1086579,7006,陈武景,male,1674-01-01,1741-12-31,14,武,Rule-generated Stage7 member for 合成陈氏.,False
1086580,7006,陈武宁,female,1677-01-01,1722-12-31,14,武,Rule-generated Stage7 member for 合成陈氏.,False
1086581,7006,陈德强,male,1674-01-01,1716-12-31,14,武,Rule-generated Stage7 member for 合成陈氏.,False
1086582,7006,陈华华,female,1675-01-01,1743-12-31,14,武,Rule-generated Stage7 member for 合成陈氏.,False
1086583,7006,陈承景,male,1676-01-01,1747-12-31,14,武,Rule-generated Stage7 member for 合成陈氏.,False
1086584,7006,陈武清,female,1676-01-01,1749-12-31,14,武,Rule-generated Stage7 member for 合成陈氏.,False
1086585,7006,陈承宗,male,1677-01-01,1756-12-31,14,武,Rule-generated Stage7 member for 合成陈氏.,False
1086586,7006,陈武安,female,1676-01-01,1743-12-31,14,武,Rule-generated Stage7 member for 合成陈氏.,False
1086587,7006,陈明,male,1671-01-01,1714-12-31,14,武,Rule-generated Stage7 member for 合成陈氏.,False
1086588,7006,陈武敏,female,1676-01-01,1762-12-31,14,武,Rule-generated Stage7 member for 合成陈氏.,False
1086589,7006,陈世宗,male,1673-01-01,1752-12-31,14,武,Rule-generated Stage7 member for 合成陈氏.,False
1086590,7006,陈武兰,female,1675-01-01,1769-12-31,14,武,Rule-generated Stage7 member for 合成陈氏.,False
1086591,7006,陈武强,male,1673-01-01,1749-12-31,14,武,Rule-generated Stage7 member for 合成陈氏.,False
1086592,7006,陈武华,female,1672-01-01,1762-12-31,14,武,Rule-generated Stage7 member for 合成陈氏.,False
1086593,7006,陈武景,male,1675-01-01,1711-12-31,14,武,Rule-generated Stage7 member for 合成陈氏.,False
1086594,7006,陈武梅,female,1676-01-01,1747-12-31,14,武,Rule-generated Stage7 member for 合成陈氏.,False
1086595,7006,陈敏,male,1677-01-01,1751-12-31,14,武,Rule-generated Stage7 member for 合成陈氏.,False
1086596,7006,陈清华,female,1676-01-01,1728-12-31,14,武,Rule-generated Stage7 member for 合成陈氏.,False
1086597,7006,陈武国,male,1676-01-01,1739-12-31,14,武,Rule-generated Stage7 member for 合成陈氏.,False
1086598,7006,陈武梅,female,1674-01-01,1778-12-31,14,武,Rule-generated Stage7 member for 合成陈氏.,False
1086599,7006,陈武明,male,1671-01-01,1742-12-31,14,武,Rule-generated Stage7 member for 合成陈氏.,False
1086600,7006,陈敏芳,female,1672-01-01,1730-12-31,14,武,Rule-generated Stage7 member for 合成陈氏.,False
1086601,7006,陈武承,male,1671-01-01,1767-12-31,14,武,Rule-generated Stage7 member for 合成陈氏.,False
1086602,7006,陈武华,female,1676-01-01,1732-12-31,14,武,Rule-generated Stage7 member for 合成陈氏.,False
1086603,7006,陈武伟,male,1675-01-01,1762-12-31,14,武,Rule-generated Stage7 member for 合成陈氏.,False
1086604,7006,陈武敏,female,1673-01-01,1698-12-31,14,武,Rule-generated Stage7 member for 合成陈氏.,False
1086605,7006,陈武强,male,1671-01-01,1746-12-31,14,武,Rule-generated Stage7 member for 合成陈氏.,False
1086606,7006,陈宁玉,female,1677-01-01,1759-12-31,14,武,Rule-generated Stage7 member for 合成陈氏.,False
1086607,7006,陈武安,male,1674-01-01,1756-12-31,14,武,Rule-generated Stage7 member for 合成陈氏.,False
1086608,7006,陈武宁,female,1676-01-01,1727-12-31,14,武,Rule-generated Stage7 member for 合成陈氏.,False
1086609,7006,陈武伟,male,1674-01-01,1735-12-31,14,武,Rule-generated Stage7 member for 合成陈氏.,False
1086610,7006,陈安丽,female,1672-01-01,1728-12-31,14,武,Rule-generated Stage7 member for 合成陈氏.,False
1086611,7006,陈武文,male,1676-01-01,1745-12-31,14,武,Rule-generated Stage7 member for 合成陈氏.,False
1086612,7006,陈武梅,female,1674-01-01,1720-12-31,14,武,Rule-generated Stage7 member for 合成陈氏.,False
1086613,7006,陈武世,male,1671-01-01,1758-12-31,14,武,Rule-generated Stage7 member for 合成陈氏.,False
1086614,7006,陈武丽,female,1676-01-01,1759-12-31,14,武,Rule-generated Stage7 member for 合成陈氏.,False
1086615,7006,陈武德,male,1676-01-01,1721-12-31,14,武,Rule-generated Stage7 member for 合成陈氏.,False
1086616,7006,陈武敏,female,1673-01-01,1738-12-31,14,武,Rule-generated Stage7 member for 合成陈氏.,False
1086617,7006,陈敏,male,1674-01-01,1755-12-31,14,武,Rule-generated Stage7 member for 合成陈氏.,False
1086618,7006,陈武宁,female,1676-01-01,1708-12-31,14,武,Rule-generated Stage7 member for 合成陈氏.,False
1086619,7006,陈武成,male,1675-01-01,1753-12-31,14,武,Rule-generated Stage7 member for 合成陈氏.,False
1086620,7006,陈武安,female,1673-01-01,1722-12-31,14,武,Rule-generated Stage7 member for 合成陈氏.,False
1086621,7006,陈德国,male,1671-01-01,1728-12-31,14,武,Rule-generated Stage7 member for 合成陈氏.,False
1086622,7006,陈武清,female,1674-01-01,1726-12-31,14,武,Rule-generated Stage7 member for 合成陈氏.,False
1086623,7006,陈世承,male,1674-01-01,1758-12-31,14,武,Rule-generated Stage7 member for 合成陈氏.,False
1086624,7006,陈梅梅,female,1674-01-01,1733-12-31,14,武,Rule-generated Stage7 member for 合成陈氏.,False
1086625,7006,陈武德,male,1674-01-01,1725-12-31,14,武,Rule-generated Stage7 member for 合成陈氏.,False
1086626,7006,陈武芳,female,1672-01-01,1741-12-31,14,武,Rule-generated Stage7 member for 合成陈氏.,False
1086627,7006,陈武明,male,1677-01-01,1732-12-31,14,武,Rule-generated Stage7 member for 合成陈氏.,False
1086628,7006,陈武丽,female,1673-01-01,1746-12-31,14,武,Rule-generated Stage7 member for 合成陈氏.,False
1086629,7006,陈武世,male,1677-01-01,1726-12-31,14,武,Rule-generated Stage7 member for 合成陈氏.,False
1086630,7006,陈武华,female,1671-01-01,1745-12-31,14,武,Rule-generated Stage7 member for 合成陈氏.,False
1086631,7006,陈武安,male,1676-01-01,1744-12-31,14,武,Rule-generated Stage7 member for 合成陈氏.,False
1086632,7006,陈武华,female,1677-01-01,1723-12-31,14,武,Rule-generated Stage7 member for 合成陈氏.,False
1086633,7006,陈武承,male,1674-01-01,1758-12-31,14,武,Rule-generated Stage7 member for 合成陈氏.,False
1086634,7006,陈武慧,female,1676-01-01,1712-12-31,14,武,Rule-generated Stage7 member for 合成陈氏.,False
1086635,7006,陈强,male,1676-01-01,1766-12-31,14,武,Rule-generated Stage7 member for 合成陈氏.,False
1086636,7006,陈武宁,female,1677-01-01,1730-12-31,14,武,Rule-generated Stage7 member for 合成陈氏.,False
1086637,7006,陈敏,male,1671-01-01,1719-12-31,14,武,Rule-generated Stage7 member for 合成陈氏.,False
1086638,7006,陈玉梅,female,1675-01-01,1764-12-31,14,武,Rule-generated Stage7 member for 合成陈氏.,False
1086639,7006,陈武宗,male,1673-01-01,1728-12-31,14,武,Rule-generated Stage7 member for 合成陈氏.,False
1086640,7006,陈强,female,1674-01-01,1746-12-31,14,武,Rule-generated Stage7 member for 合成陈氏.,False
1086641,7006,陈武国,male,1676-01-01,1736-12-31,14,武,Rule-generated Stage7 member for 合成陈氏.,False
1086642,7006,陈武兰,female,1677-01-01,1749-12-31,14,武,Rule-generated Stage7 member for 合成陈氏.,False
1086643,7006,陈武世,male,1672-01-01,1697-12-31,14,武,Rule-generated Stage7 member for 合成陈氏.,False
1086644,7006,陈明,female,1677-01-01,1705-12-31,14,武,Rule-generated Stage7 member for 合成陈氏.,False
1086645,7006,陈武文,male,1671-01-01,1742-12-31,14,武,Rule-generated Stage7 member for 合成陈氏.,False
1086646,7006,陈武宁,female,1671-01-01,1753-12-31,14,武,Rule-generated Stage7 member for 合成陈氏.,False
1086647,7006,陈景世,male,1672-01-01,1759-12-31,14,武,Rule-generated Stage7 member for 合成陈氏.,False
1086648,7006,陈强,female,1676-01-01,1723-12-31,14,武,Rule-generated Stage7 member for 合成陈氏.,False
1086649,7006,陈武宗,male,1673-01-01,1719-12-31,14,武,Rule-generated Stage7 member for 合成陈氏.,False
1086650,7006,陈武宁,female,1674-01-01,1731-12-31,14,武,Rule-generated Stage7 member for 合成陈氏.,False
1086651,7006,陈武承,male,1673-01-01,1733-12-31,14,武,Rule-generated Stage7 member for 合成陈氏.,False
1086652,7006,陈武梅,female,1673-01-01,1735-12-31,14,武,Rule-generated Stage7 member for 合成陈氏.,False
1086653,7006,陈武国,male,1673-01-01,1709-12-31,14,武,Rule-generated Stage7 member for 合成陈氏.,False
1086654,7006,陈武安,female,1672-01-01,1738-12-31,14,武,Rule-generated Stage7 member for 合成陈氏.,False
1086655,7006,陈景成,male,1675-01-01,1737-12-31,14,武,Rule-generated Stage7 member for 合成陈氏.,False
1086656,7006,陈芳丽,female,1676-01-01,1771-12-31,14,武,Rule-generated Stage7 member for 合成陈氏.,False
1086657,7006,陈武强,male,1675-01-01,1772-12-31,14,武,Rule-generated Stage7 member for 合成陈氏.,False
1086658,7006,陈宁敏,female,1672-01-01,1770-12-31,14,武,Rule-generated Stage7 member for 合成陈氏.,False
1086659,7006,陈武成,male,1675-01-01,1764-12-31,14,武,Rule-generated Stage7 member for 合成陈氏.,False
1086660,7006,陈丽宁,female,1671-01-01,1710-12-31,14,武,Rule-generated Stage7 member for 合成陈氏.,False
1086661,7006,陈武强,male,1677-01-01,1732-12-31,14,武,Rule-generated Stage7 member for 合成陈氏.,False
1086662,7006,陈玉兰,female,1671-01-01,1771-12-31,14,武,Rule-generated Stage7 member for 合成陈氏.,False
1086663,7006,陈武世,male,1674-01-01,1752-12-31,14,武,Rule-generated Stage7 member for 合成陈氏.,False
1086664,7006,陈敏华,female,1673-01-01,1702-12-31,14,武,Rule-generated Stage7 member for 合成陈氏.,False
1086665,7006,陈武承,male,1673-01-01,1754-12-31,14,武,Rule-generated Stage7 member for 合成陈氏.,False
1086666,7006,陈武华,female,1673-01-01,1714-12-31,14,武,Rule-generated Stage7 member for 合成陈氏.,False
1086667,7006,陈丽,male,1671-01-01,1742-12-31,14,武,Rule-generated Stage7 member for 合成陈氏.,False
1086668,7006,陈丽宁,female,1675-01-01,1730-12-31,14,武,Rule-generated Stage7 member for 合成陈氏.,False
1086669,7006,陈武世,male,1671-01-01,1705-12-31,14,武,Rule-generated Stage7 member for 合成陈氏.,False
1086670,7006,陈华,female,1677-01-01,1763-12-31,14,武,Rule-generated Stage7 member for 合成陈氏.,False
1086671,7006,陈景世,male,1673-01-01,1745-12-31,14,武,Rule-generated Stage7 member for 合成陈氏.,False
1086672,7006,陈武兰,female,1672-01-01,1732-12-31,14,武,Rule-generated Stage7 member for 合成陈氏.,False
1086673,7006,陈武宗,male,1675-01-01,1753-12-31,14,武,Rule-generated Stage7 member for 合成陈氏.,False
1086674,7006,陈武芳,female,1675-01-01,1768-12-31,14,武,Rule-generated Stage7 member for 合成陈氏.,False
1086675,7006,陈武强,male,1671-01-01,1724-12-31,14,武,Rule-generated Stage7 member for 合成陈氏.,False
1086676,7006,陈伟,female,1676-01-01,1744-12-31,14,武,Rule-generated Stage7 member for 合成陈氏.,False
1086677,7006,陈武成,male,1677-01-01,1764-12-31,14,武,Rule-generated Stage7 member for 合成陈氏.,False
1086678,7006,陈武丽,female,1674-01-01,1765-12-31,14,武,Rule-generated Stage7 member for 合成陈氏.,False
1086679,7006,陈武德,male,1675-01-01,1728-12-31,14,武,Rule-generated Stage7 member for 合成陈氏.,False
1086680,7006,陈宁慧,female,1676-01-01,1750-12-31,14,武,Rule-generated Stage7 member for 合成陈氏.,False
1086681,7006,陈武明,male,1672-01-01,1727-12-31,14,武,Rule-generated Stage7 member for 合成陈氏.,False
1086682,7006,陈武清,female,1672-01-01,1702-12-31,14,武,Rule-generated Stage7 member for 合成陈氏.,False
1086683,7006,陈武文,male,1673-01-01,1749-12-31,14,武,Rule-generated Stage7 member for 合成陈氏.,False
1086684,7006,陈武兰,female,1672-01-01,1717-12-31,14,武,Rule-generated Stage7 member for 合成陈氏.,False
1086685,7006,陈文明,male,1676-01-01,1749-12-31,14,武,Rule-generated Stage7 member for 合成陈氏.,False
1086686,7006,陈伟,female,1672-01-01,1735-12-31,14,武,Rule-generated Stage7 member for 合成陈氏.,False
1086687,7006,陈武承,male,1671-01-01,1773-12-31,14,武,Rule-generated Stage7 member for 合成陈氏.,False
1086688,7006,陈武丽,female,1676-01-01,1765-12-31,14,武,Rule-generated Stage7 member for 合成陈氏.,False
1086689,7006,陈武世,male,1674-01-01,1729-12-31,14,武,Rule-generated Stage7 member for 合成陈氏.,False
1086690,7006,陈武雅,female,1677-01-01,1742-12-31,14,武,Rule-generated Stage7 member for 合成陈氏.,False
1086691,7006,陈武承,male,1675-01-01,1750-12-31,14,武,Rule-generated Stage7 member for 合成陈氏.,False
1086692,7006,陈伟,female,1673-01-01,1741-12-31,14,武,Rule-generated Stage7 member for 合成陈氏.,False
1086693,7006,陈景文,male,1671-01-01,1735-12-31,14,武,Rule-generated Stage7 member for 合成陈氏.,False
1086694,7006,陈武梅,female,1676-01-01,1729-12-31,14,武,Rule-generated Stage7 member for 合成陈氏.,False
1086695,7006,陈丽,male,1677-01-01,1710-12-31,14,武,Rule-generated Stage7 member for 合成陈氏.,False
1086696,7006,陈玉清,female,1674-01-01,1756-12-31,14,武,Rule-generated Stage7 member for 合成陈氏.,False
1086697,7006,陈强强,male,1671-01-01,1730-12-31,14,武,Rule-generated Stage7 member for 合成陈氏.,False
1086698,7006,陈华安,female,1677-01-01,1745-12-31,14,武,Rule-generated Stage7 member for 合成陈氏.,False
1086699,7006,陈丽,male,1677-01-01,1781-12-31,14,武,Rule-generated Stage7 member for 合成陈氏.,False
1086700,7006,陈宁安,female,1677-01-01,1753-12-31,14,武,Rule-generated Stage7 member for 合成陈氏.,False
1086701,7006,陈华,male,1674-01-01,1736-12-31,14,武,Rule-generated Stage7 member for 合成陈氏.,False
1086702,7006,陈丽梅,female,1674-01-01,1740-12-31,14,武,Rule-generated Stage7 member for 合成陈氏.,False
1086703,7006,陈成承,male,1672-01-01,1756-12-31,14,武,Rule-generated Stage7 member for 合成陈氏.,False
1086704,7006,陈梅兰,female,1676-01-01,1777-12-31,14,武,Rule-generated Stage7 member for 合成陈氏.,False
1086705,7006,陈伟明,male,1677-01-01,1731-12-31,14,武,Rule-generated Stage7 member for 合成陈氏.,False
1086706,7006,陈武芳,female,1671-01-01,1717-12-31,14,武,Rule-generated Stage7 member for 合成陈氏.,False
1086707,7006,陈武国,male,1673-01-01,1702-12-31,14,武,Rule-generated Stage7 member for 合成陈氏.,False
1086708,7006,陈雅华,female,1675-01-01,1765-12-31,14,武,Rule-generated Stage7 member for 合成陈氏.,False
1086709,7006,陈文安,male,1675-01-01,1752-12-31,14,武,Rule-generated Stage7 member for 合成陈氏.,False
1086710,7006,陈武梅,female,1672-01-01,1749-12-31,14,武,Rule-generated Stage7 member for 合成陈氏.,False
1086711,7006,陈武成,male,1676-01-01,1740-12-31,14,武,Rule-generated Stage7 member for 合成陈氏.,False
1086712,7006,陈武安,female,1674-01-01,1751-12-31,14,武,Rule-generated Stage7 member for 合成陈氏.,False
1086713,7006,陈武安,male,1672-01-01,1755-12-31,14,武,Rule-generated Stage7 member for 合成陈氏.,False
1086714,7006,陈武宁,female,1672-01-01,1748-12-31,14,武,Rule-generated Stage7 member for 合成陈氏.,False
1086715,7006,陈武伟,male,1677-01-01,1735-12-31,14,武,Rule-generated Stage7 member for 合成陈氏.,False
1086716,7006,陈武雅,female,1672-01-01,1715-12-31,14,武,Rule-generated Stage7 member for 合成陈氏.,False
1086717,7006,陈德强,male,1673-01-01,1744-12-31,14,武,Rule-generated Stage7 member for 合成陈氏.,False
1086718,7006,陈武雅,female,1675-01-01,1725-12-31,14,武,Rule-generated Stage7 member for 合成陈氏.,False
1086719,7006,陈武强,male,1676-01-01,1726-12-31,14,武,Rule-generated Stage7 member for 合成陈氏.,False
1086720,7006,陈武宁,female,1676-01-01,1745-12-31,14,武,Rule-generated Stage7 member for 合成陈氏.,False
1086721,7006,陈武国,male,1674-01-01,1711-12-31,14,武,Rule-generated Stage7 member for 合成陈氏.,False
1086722,7006,陈敏,female,1672-01-01,1733-12-31,14,武,Rule-generated Stage7 member for 合成陈氏.,False
1086723,7006,陈华,male,1677-01-01,1738-12-31,14,武,Rule-generated Stage7 member for 合成陈氏.,False
1086724,7006,陈武雅,female,1677-01-01,1780-12-31,14,武,Rule-generated Stage7 member for 合成陈氏.,False
1086725,7006,陈明世,male,1671-01-01,1722-12-31,14,武,Rule-generated Stage7 member for 合成陈氏.,False
1086726,7006,陈武敏,female,1676-01-01,1749-12-31,14,武,Rule-generated Stage7 member for 合成陈氏.,False
1086727,7006,陈宗国,male,1676-01-01,1747-12-31,14,武,Rule-generated Stage7 member for 合成陈氏.,False
1086728,7006,陈武宁,female,1675-01-01,1728-12-31,14,武,Rule-generated Stage7 member for 合成陈氏.,False
1086729,7006,陈武国,male,1677-01-01,1725-12-31,14,武,Rule-generated Stage7 member for 合成陈氏.,False
1086730,7006,陈武清,female,1677-01-01,1709-12-31,14,武,Rule-generated Stage7 member for 合成陈氏.,False
1086731,7006,陈伟强,male,1674-01-01,1720-12-31,14,武,Rule-generated Stage7 member for 合成陈氏.,False
1086732,7006,陈武宁,female,1675-01-01,1719-12-31,14,武,Rule-generated Stage7 member for 合成陈氏.,False
1086733,7006,陈武成,male,1677-01-01,1713-12-31,14,武,Rule-generated Stage7 member for 合成陈氏.,False
1086734,7006,陈敏,female,1674-01-01,1759-12-31,14,武,Rule-generated Stage7 member for 合成陈氏.,False
1086735,7006,陈武明,male,1672-01-01,1744-12-31,14,武,Rule-generated Stage7 member for 合成陈氏.,False
1086736,7006,陈武芳,female,1671-01-01,1755-12-31,14,武,Rule-generated Stage7 member for 合成陈氏.,False
1086737,7006,陈武文,male,1675-01-01,1758-12-31,14,武,Rule-generated Stage7 member for 合成陈氏.,False
1086738,7006,陈武敏,female,1674-01-01,1725-12-31,14,武,Rule-generated Stage7 member for 合成陈氏.,False
1086739,7006,陈成德,male,1673-01-01,1736-12-31,14,武,Rule-generated Stage7 member for 合成陈氏.,False
1086740,7006,陈武慧,female,1672-01-01,1764-12-31,14,武,Rule-generated Stage7 member for 合成陈氏.,False
1086741,7006,陈武宗,male,1671-01-01,1720-12-31,14,武,Rule-generated Stage7 member for 合成陈氏.,False
1086742,7006,陈武兰,female,1674-01-01,1762-12-31,14,武,Rule-generated Stage7 member for 合成陈氏.,False
1086743,7006,陈成承,male,1673-01-01,1740-12-31,14,武,Rule-generated Stage7 member for 合成陈氏.,False
1086744,7006,陈武芳,female,1677-01-01,1744-12-31,14,武,Rule-generated Stage7 member for 合成陈氏.,False
1086745,7006,陈昌强,male,1694-01-01,1737-12-31,15,昌,Rule-generated Stage7 member for 合成陈氏.,False
1086746,7006,陈昌清,female,1692-01-01,1771-12-31,15,昌,Rule-generated Stage7 member for 合成陈氏.,False
1086747,7006,陈昌承,male,1693-01-01,1762-12-31,15,昌,Rule-generated Stage7 member for 合成陈氏.,False
1086748,7006,陈玉敏,female,1696-01-01,1785-12-31,15,昌,Rule-generated Stage7 member for 合成陈氏.,False
1086749,7006,陈昌强,male,1695-01-01,1784-12-31,15,昌,Rule-generated Stage7 member for 合成陈氏.,False
1086750,7006,陈昌敏,female,1693-01-01,1787-12-31,15,昌,Rule-generated Stage7 member for 合成陈氏.,False
1086751,7006,陈文文,male,1694-01-01,1745-12-31,15,昌,Rule-generated Stage7 member for 合成陈氏.,False
1086752,7006,陈昌兰,female,1696-01-01,1749-12-31,15,昌,Rule-generated Stage7 member for 合成陈氏.,False
1086753,7006,陈德德,male,1697-01-01,1748-12-31,15,昌,Rule-generated Stage7 member for 合成陈氏.,False
1086754,7006,陈昌芳,female,1698-01-01,1781-12-31,15,昌,Rule-generated Stage7 member for 合成陈氏.,False
1086755,7006,陈昌明,male,1696-01-01,1764-12-31,15,昌,Rule-generated Stage7 member for 合成陈氏.,False
1086756,7006,陈清华,female,1695-01-01,1760-12-31,15,昌,Rule-generated Stage7 member for 合成陈氏.,False
1086757,7006,陈昌强,male,1697-01-01,1764-12-31,15,昌,Rule-generated Stage7 member for 合成陈氏.,False
1086758,7006,陈清清,female,1697-01-01,1762-12-31,15,昌,Rule-generated Stage7 member for 合成陈氏.,False
1086759,7006,陈昌宗,male,1695-01-01,1749-12-31,15,昌,Rule-generated Stage7 member for 合成陈氏.,False
1086760,7006,陈昌宁,female,1697-01-01,1773-12-31,15,昌,Rule-generated Stage7 member for 合成陈氏.,False
1086761,7006,陈敏,male,1696-01-01,1745-12-31,15,昌,Rule-generated Stage7 member for 合成陈氏.,False
1086762,7006,陈昌华,female,1692-01-01,1772-12-31,15,昌,Rule-generated Stage7 member for 合成陈氏.,False
1086763,7006,陈承世,male,1696-01-01,1756-12-31,15,昌,Rule-generated Stage7 member for 合成陈氏.,False
1086764,7006,陈华,female,1694-01-01,1783-12-31,15,昌,Rule-generated Stage7 member for 合成陈氏.,False
1086765,7006,陈昌德,male,1692-01-01,1772-12-31,15,昌,Rule-generated Stage7 member for 合成陈氏.,False
1086766,7006,陈伟,female,1693-01-01,1792-12-31,15,昌,Rule-generated Stage7 member for 合成陈氏.,False
1086767,7006,陈昌安,male,1695-01-01,1768-12-31,15,昌,Rule-generated Stage7 member for 合成陈氏.,False
1086768,7006,陈昌华,female,1697-01-01,1753-12-31,15,昌,Rule-generated Stage7 member for 合成陈氏.,False
1086769,7006,陈昌明,male,1694-01-01,1718-12-31,15,昌,Rule-generated Stage7 member for 合成陈氏.,False
1086770,7006,陈兰敏,female,1696-01-01,1764-12-31,15,昌,Rule-generated Stage7 member for 合成陈氏.,False
1086771,7006,陈昌德,male,1693-01-01,1774-12-31,15,昌,Rule-generated Stage7 member for 合成陈氏.,False
1086772,7006,陈敏,female,1695-01-01,1761-12-31,15,昌,Rule-generated Stage7 member for 合成陈氏.,False
1086773,7006,陈承明,male,1694-01-01,1761-12-31,15,昌,Rule-generated Stage7 member for 合成陈氏.,False
1086774,7006,陈昌丽,female,1692-01-01,1760-12-31,15,昌,Rule-generated Stage7 member for 合成陈氏.,False
1086775,7006,陈昌伟,male,1695-01-01,1759-12-31,15,昌,Rule-generated Stage7 member for 合成陈氏.,False
1086776,7006,陈丽敏,female,1694-01-01,1745-12-31,15,昌,Rule-generated Stage7 member for 合成陈氏.,False
1086777,7006,陈昌承,male,1697-01-01,1740-12-31,15,昌,Rule-generated Stage7 member for 合成陈氏.,False
1086778,7006,陈伟,female,1696-01-01,1741-12-31,15,昌,Rule-generated Stage7 member for 合成陈氏.,False
1086779,7006,陈昌世,male,1695-01-01,1733-12-31,15,昌,Rule-generated Stage7 member for 合成陈氏.,False
1086780,7006,陈丽慧,female,1696-01-01,1777-12-31,15,昌,Rule-generated Stage7 member for 合成陈氏.,False
1086781,7006,陈景文,male,1698-01-01,1764-12-31,15,昌,Rule-generated Stage7 member for 合成陈氏.,False
1086782,7006,陈敏玉,female,1692-01-01,1777-12-31,15,昌,Rule-generated Stage7 member for 合成陈氏.,False
1086783,7006,陈昌强,male,1697-01-01,1763-12-31,15,昌,Rule-generated Stage7 member for 合成陈氏.,False
1086784,7006,陈昌梅,female,1692-01-01,1765-12-31,15,昌,Rule-generated Stage7 member for 合成陈氏.,False
1086785,7006,陈昌安,male,1694-01-01,1758-12-31,15,昌,Rule-generated Stage7 member for 合成陈氏.,False
1086786,7006,陈昌宁,female,1694-01-01,1787-12-31,15,昌,Rule-generated Stage7 member for 合成陈氏.,False
1086787,7006,陈承景,male,1696-01-01,1785-12-31,15,昌,Rule-generated Stage7 member for 合成陈氏.,False
1086788,7006,陈伟,female,1698-01-01,1743-12-31,15,昌,Rule-generated Stage7 member for 合成陈氏.,False
1086789,7006,陈昌明,male,1697-01-01,1743-12-31,15,昌,Rule-generated Stage7 member for 合成陈氏.,False
1086790,7006,陈昌安,female,1696-01-01,1769-12-31,15,昌,Rule-generated Stage7 member for 合成陈氏.,False
1086791,7006,陈昌宗,male,1698-01-01,1784-12-31,15,昌,Rule-generated Stage7 member for 合成陈氏.,False
1086792,7006,陈昌敏,female,1695-01-01,1761-12-31,15,昌,Rule-generated Stage7 member for 合成陈氏.,False
1086793,7006,陈昌伟,male,1697-01-01,1792-12-31,15,昌,Rule-generated Stage7 member for 合成陈氏.,False
1086794,7006,陈伟,female,1698-01-01,1740-12-31,15,昌,Rule-generated Stage7 member for 合成陈氏.,False
1086795,7006,陈景强,male,1697-01-01,1744-12-31,15,昌,Rule-generated Stage7 member for 合成陈氏.,False
1086796,7006,陈昌梅,female,1695-01-01,1788-12-31,15,昌,Rule-generated Stage7 member for 合成陈氏.,False
1086797,7006,陈昌世,male,1696-01-01,1734-12-31,15,昌,Rule-generated Stage7 member for 合成陈氏.,False
1086798,7006,陈华清,female,1692-01-01,1774-12-31,15,昌,Rule-generated Stage7 member for 合成陈氏.,False
1086799,7006,陈昌明,male,1693-01-01,1718-12-31,15,昌,Rule-generated Stage7 member for 合成陈氏.,False
1086800,7006,陈昌玉,female,1696-01-01,1743-12-31,15,昌,Rule-generated Stage7 member for 合成陈氏.,False
1086801,7006,陈昌文,male,1696-01-01,1765-12-31,15,昌,Rule-generated Stage7 member for 合成陈氏.,False
1086802,7006,陈昌芳,female,1696-01-01,1769-12-31,15,昌,Rule-generated Stage7 member for 合成陈氏.,False
1086803,7006,陈强景,male,1692-01-01,1741-12-31,15,昌,Rule-generated Stage7 member for 合成陈氏.,False
1086804,7006,陈昌梅,female,1698-01-01,1774-12-31,15,昌,Rule-generated Stage7 member for 合成陈氏.,False
1086805,7006,陈安德,male,1693-01-01,1739-12-31,15,昌,Rule-generated Stage7 member for 合成陈氏.,False
1086806,7006,陈兰慧,female,1692-01-01,1782-12-31,15,昌,Rule-generated Stage7 member for 合成陈氏.,False
1086807,7006,陈国强,male,1692-01-01,1764-12-31,15,昌,Rule-generated Stage7 member for 合成陈氏.,False
1086808,7006,陈昌敏,female,1694-01-01,1762-12-31,15,昌,Rule-generated Stage7 member for 合成陈氏.,False
1086809,7006,陈昌明,male,1694-01-01,1748-12-31,15,昌,Rule-generated Stage7 member for 合成陈氏.,False
1086810,7006,陈昌雅,female,1695-01-01,1772-12-31,15,昌,Rule-generated Stage7 member for 合成陈氏.,False
1086811,7006,陈德强,male,1692-01-01,1764-12-31,15,昌,Rule-generated Stage7 member for 合成陈氏.,False
1086812,7006,陈宁华,female,1693-01-01,1781-12-31,15,昌,Rule-generated Stage7 member for 合成陈氏.,False
1086813,7006,陈昌强,male,1695-01-01,1760-12-31,15,昌,Rule-generated Stage7 member for 合成陈氏.,False
1086814,7006,陈雅梅,female,1697-01-01,1735-12-31,15,昌,Rule-generated Stage7 member for 合成陈氏.,False
1086815,7006,陈昌安,male,1697-01-01,1771-12-31,15,昌,Rule-generated Stage7 member for 合成陈氏.,False
1086816,7006,陈昌安,female,1695-01-01,1738-12-31,15,昌,Rule-generated Stage7 member for 合成陈氏.,False
1086817,7006,陈昌安,male,1692-01-01,1788-12-31,15,昌,Rule-generated Stage7 member for 合成陈氏.,False
1086818,7006,陈昌兰,female,1698-01-01,1739-12-31,15,昌,Rule-generated Stage7 member for 合成陈氏.,False
1086819,7006,陈昌德,male,1696-01-01,1777-12-31,15,昌,Rule-generated Stage7 member for 合成陈氏.,False
1086820,7006,陈雅丽,female,1695-01-01,1771-12-31,15,昌,Rule-generated Stage7 member for 合成陈氏.,False
1086821,7006,陈宗明,male,1697-01-01,1730-12-31,15,昌,Rule-generated Stage7 member for 合成陈氏.,False
1086822,7006,陈昌宁,female,1692-01-01,1745-12-31,15,昌,Rule-generated Stage7 member for 合成陈氏.,False
1086823,7006,陈昌安,male,1695-01-01,1736-12-31,15,昌,Rule-generated Stage7 member for 合成陈氏.,False
1086824,7006,陈敏慧,female,1693-01-01,1756-12-31,15,昌,Rule-generated Stage7 member for 合成陈氏.,False
1086825,7006,陈昌景,male,1696-01-01,1753-12-31,15,昌,Rule-generated Stage7 member for 合成陈氏.,False
1086826,7006,陈雅兰,female,1692-01-01,1756-12-31,15,昌,Rule-generated Stage7 member for 合成陈氏.,False
1086827,7006,陈昌伟,male,1696-01-01,1743-12-31,15,昌,Rule-generated Stage7 member for 合成陈氏.,False
1086828,7006,陈敏,female,1692-01-01,1735-12-31,15,昌,Rule-generated Stage7 member for 合成陈氏.,False
1086829,7006,陈昌承,male,1697-01-01,1747-12-31,15,昌,Rule-generated Stage7 member for 合成陈氏.,False
1086830,7006,陈昌玉,female,1696-01-01,1777-12-31,15,昌,Rule-generated Stage7 member for 合成陈氏.,False
1086831,7006,陈昌世,male,1698-01-01,1769-12-31,15,昌,Rule-generated Stage7 member for 合成陈氏.,False
1086832,7006,陈昌敏,female,1694-01-01,1739-12-31,15,昌,Rule-generated Stage7 member for 合成陈氏.,False
1086833,7006,陈昌国,male,1692-01-01,1755-12-31,15,昌,Rule-generated Stage7 member for 合成陈氏.,False
1086834,7006,陈昌宁,female,1697-01-01,1772-12-31,15,昌,Rule-generated Stage7 member for 合成陈氏.,False
1086835,7006,陈昌景,male,1695-01-01,1749-12-31,15,昌,Rule-generated Stage7 member for 合成陈氏.,False
1086836,7006,陈昌丽,female,1696-01-01,1767-12-31,15,昌,Rule-generated Stage7 member for 合成陈氏.,False
1086837,7006,陈宗安,male,1697-01-01,1773-12-31,15,昌,Rule-generated Stage7 member for 合成陈氏.,False
1086838,7006,陈昌雅,female,1695-01-01,1717-12-31,15,昌,Rule-generated Stage7 member for 合成陈氏.,False
1086839,7006,陈宗宗,male,1693-01-01,1736-12-31,15,昌,Rule-generated Stage7 member for 合成陈氏.,False
1086840,7006,陈雅玉,female,1697-01-01,1727-12-31,15,昌,Rule-generated Stage7 member for 合成陈氏.,False
1086841,7006,陈昌文,male,1696-01-01,1777-12-31,15,昌,Rule-generated Stage7 member for 合成陈氏.,False
1086842,7006,陈梅敏,female,1692-01-01,1755-12-31,15,昌,Rule-generated Stage7 member for 合成陈氏.,False
1086843,7006,陈安世,male,1693-01-01,1789-12-31,15,昌,Rule-generated Stage7 member for 合成陈氏.,False
1086844,7006,陈昌梅,female,1695-01-01,1797-12-31,15,昌,Rule-generated Stage7 member for 合成陈氏.,False
1086845,7006,陈强德,male,1698-01-01,1727-12-31,15,昌,Rule-generated Stage7 member for 合成陈氏.,False
1086846,7006,陈昌丽,female,1692-01-01,1762-12-31,15,昌,Rule-generated Stage7 member for 合成陈氏.,False
1086847,7006,陈宗德,male,1698-01-01,1735-12-31,15,昌,Rule-generated Stage7 member for 合成陈氏.,False
1086848,7006,陈昌兰,female,1692-01-01,1777-12-31,15,昌,Rule-generated Stage7 member for 合成陈氏.,False
1086849,7006,陈世文,male,1693-01-01,1743-12-31,15,昌,Rule-generated Stage7 member for 合成陈氏.,False
1086850,7006,陈昌宁,female,1696-01-01,1770-12-31,15,昌,Rule-generated Stage7 member for 合成陈氏.,False
1086851,7006,陈昌文,male,1697-01-01,1763-12-31,15,昌,Rule-generated Stage7 member for 合成陈氏.,False
1086852,7006,陈昌慧,female,1692-01-01,1759-12-31,15,昌,Rule-generated Stage7 member for 合成陈氏.,False
1086853,7006,陈昌国,male,1698-01-01,1785-12-31,15,昌,Rule-generated Stage7 member for 合成陈氏.,False
1086854,7006,陈华安,female,1694-01-01,1781-12-31,15,昌,Rule-generated Stage7 member for 合成陈氏.,False
1086855,7006,陈昌宗,male,1697-01-01,1768-12-31,15,昌,Rule-generated Stage7 member for 合成陈氏.,False
1086856,7006,陈雅清,female,1692-01-01,1759-12-31,15,昌,Rule-generated Stage7 member for 合成陈氏.,False
1086857,7006,陈宗世,male,1695-01-01,1772-12-31,15,昌,Rule-generated Stage7 member for 合成陈氏.,False
1086858,7006,陈昌宁,female,1698-01-01,1771-12-31,15,昌,Rule-generated Stage7 member for 合成陈氏.,False
1086859,7006,陈昌安,male,1697-01-01,1772-12-31,15,昌,Rule-generated Stage7 member for 合成陈氏.,False
1086860,7006,陈丽清,female,1695-01-01,1767-12-31,15,昌,Rule-generated Stage7 member for 合成陈氏.,False
1086861,7006,陈昌文,male,1692-01-01,1775-12-31,15,昌,Rule-generated Stage7 member for 合成陈氏.,False
1086862,7006,陈清敏,female,1692-01-01,1764-12-31,15,昌,Rule-generated Stage7 member for 合成陈氏.,False
1086863,7006,陈昌世,male,1695-01-01,1734-12-31,15,昌,Rule-generated Stage7 member for 合成陈氏.,False
1086864,7006,陈清敏,female,1692-01-01,1763-12-31,15,昌,Rule-generated Stage7 member for 合成陈氏.,False
1086865,7006,陈国德,male,1697-01-01,1752-12-31,15,昌,Rule-generated Stage7 member for 合成陈氏.,False
1086866,7006,陈昌华,female,1698-01-01,1733-12-31,15,昌,Rule-generated Stage7 member for 合成陈氏.,False
1086867,7006,陈华,male,1694-01-01,1764-12-31,15,昌,Rule-generated Stage7 member for 合成陈氏.,False
1086868,7006,陈昌清,female,1697-01-01,1726-12-31,15,昌,Rule-generated Stage7 member for 合成陈氏.,False
1086869,7006,陈昌成,male,1697-01-01,1756-12-31,15,昌,Rule-generated Stage7 member for 合成陈氏.,False
1086870,7006,陈昌兰,female,1697-01-01,1780-12-31,15,昌,Rule-generated Stage7 member for 合成陈氏.,False
1086871,7006,陈昌安,male,1693-01-01,1753-12-31,15,昌,Rule-generated Stage7 member for 合成陈氏.,False
1086872,7006,陈昌丽,female,1694-01-01,1749-12-31,15,昌,Rule-generated Stage7 member for 合成陈氏.,False
1086873,7006,陈昌世,male,1696-01-01,1745-12-31,15,昌,Rule-generated Stage7 member for 合成陈氏.,False
1086874,7006,陈昌清,female,1693-01-01,1771-12-31,15,昌,Rule-generated Stage7 member for 合成陈氏.,False
1086875,7006,陈昌国,male,1698-01-01,1754-12-31,15,昌,Rule-generated Stage7 member for 合成陈氏.,False
1086876,7006,陈昌慧,female,1698-01-01,1756-12-31,15,昌,Rule-generated Stage7 member for 合成陈氏.,False
1086877,7006,陈昌明,male,1695-01-01,1723-12-31,15,昌,Rule-generated Stage7 member for 合成陈氏.,False
1086878,7006,陈丽芳,female,1692-01-01,1792-12-31,15,昌,Rule-generated Stage7 member for 合成陈氏.,False
1086879,7006,陈昌世,male,1695-01-01,1773-12-31,15,昌,Rule-generated Stage7 member for 合成陈氏.,False
1086880,7006,陈慧兰,female,1695-01-01,1728-12-31,15,昌,Rule-generated Stage7 member for 合成陈氏.,False
1086881,7006,陈昌国,male,1696-01-01,1750-12-31,15,昌,Rule-generated Stage7 member for 合成陈氏.,False
1086882,7006,陈昌兰,female,1698-01-01,1769-12-31,15,昌,Rule-generated Stage7 member for 合成陈氏.,False
1086883,7006,陈文伟,male,1693-01-01,1760-12-31,15,昌,Rule-generated Stage7 member for 合成陈氏.,False
1086884,7006,陈昌清,female,1694-01-01,1759-12-31,15,昌,Rule-generated Stage7 member for 合成陈氏.,False
1086885,7006,陈伟文,male,1698-01-01,1738-12-31,15,昌,Rule-generated Stage7 member for 合成陈氏.,False
1086886,7006,陈昌梅,female,1693-01-01,1746-12-31,15,昌,Rule-generated Stage7 member for 合成陈氏.,False
1086887,7006,陈昌文,male,1693-01-01,1745-12-31,15,昌,Rule-generated Stage7 member for 合成陈氏.,False
1086888,7006,陈丽丽,female,1698-01-01,1766-12-31,15,昌,Rule-generated Stage7 member for 合成陈氏.,False
1086889,7006,陈昌安,male,1693-01-01,1769-12-31,15,昌,Rule-generated Stage7 member for 合成陈氏.,False
1086890,7006,陈昌芳,female,1697-01-01,1789-12-31,15,昌,Rule-generated Stage7 member for 合成陈氏.,False
1086891,7006,陈昌德,male,1698-01-01,1752-12-31,15,昌,Rule-generated Stage7 member for 合成陈氏.,False
1086892,7006,陈雅芳,female,1696-01-01,1764-12-31,15,昌,Rule-generated Stage7 member for 合成陈氏.,False
1086893,7006,陈华,male,1694-01-01,1724-12-31,15,昌,Rule-generated Stage7 member for 合成陈氏.,False
1086894,7006,陈昌雅,female,1694-01-01,1787-12-31,15,昌,Rule-generated Stage7 member for 合成陈氏.,False
1086895,7006,陈昌国,male,1693-01-01,1774-12-31,15,昌,Rule-generated Stage7 member for 合成陈氏.,False
1086896,7006,陈兰安,female,1695-01-01,1787-12-31,15,昌,Rule-generated Stage7 member for 合成陈氏.,False
1086897,7006,陈昌文,male,1692-01-01,1771-12-31,15,昌,Rule-generated Stage7 member for 合成陈氏.,False
1086898,7006,陈昌敏,female,1698-01-01,1780-12-31,15,昌,Rule-generated Stage7 member for 合成陈氏.,False
1086899,7006,陈成宗,male,1694-01-01,1777-12-31,15,昌,Rule-generated Stage7 member for 合成陈氏.,False
1086900,7006,陈昌宁,female,1698-01-01,1735-12-31,15,昌,Rule-generated Stage7 member for 合成陈氏.,False
1086901,7006,陈昌德,male,1695-01-01,1728-12-31,15,昌,Rule-generated Stage7 member for 合成陈氏.,False
1086902,7006,陈昌敏,female,1692-01-01,1785-12-31,15,昌,Rule-generated Stage7 member for 合成陈氏.,False
1086903,7006,陈宗承,male,1697-01-01,1738-12-31,15,昌,Rule-generated Stage7 member for 合成陈氏.,False
1086904,7006,陈明,female,1694-01-01,1727-12-31,15,昌,Rule-generated Stage7 member for 合成陈氏.,False
1086905,7006,陈昌国,male,1698-01-01,1788-12-31,15,昌,Rule-generated Stage7 member for 合成陈氏.,False
1086906,7006,陈昌丽,female,1692-01-01,1743-12-31,15,昌,Rule-generated Stage7 member for 合成陈氏.,False
1086907,7006,陈昌世,male,1698-01-01,1766-12-31,15,昌,Rule-generated Stage7 member for 合成陈氏.,False
1086908,7006,陈昌清,female,1697-01-01,1769-12-31,15,昌,Rule-generated Stage7 member for 合成陈氏.,False
1086909,7006,陈强强,male,1698-01-01,1766-12-31,15,昌,Rule-generated Stage7 member for 合成陈氏.,False
1086910,7006,陈昌慧,female,1692-01-01,1769-12-31,15,昌,Rule-generated Stage7 member for 合成陈氏.,False
1086911,7006,陈昌德,male,1693-01-01,1778-12-31,15,昌,Rule-generated Stage7 member for 合成陈氏.,False
1086912,7006,陈丽兰,female,1694-01-01,1729-12-31,15,昌,Rule-generated Stage7 member for 合成陈氏.,False
1086913,7006,陈昌成,male,1693-01-01,1773-12-31,15,昌,Rule-generated Stage7 member for 合成陈氏.,False
1086914,7006,陈丽,female,1696-01-01,1777-12-31,15,昌,Rule-generated Stage7 member for 合成陈氏.,False
1086915,7006,陈昌安,male,1698-01-01,1731-12-31,15,昌,Rule-generated Stage7 member for 合成陈氏.,False
1086916,7006,陈昌宁,female,1696-01-01,1750-12-31,15,昌,Rule-generated Stage7 member for 合成陈氏.,False
1086917,7006,陈昌德,male,1696-01-01,1778-12-31,15,昌,Rule-generated Stage7 member for 合成陈氏.,False
1086918,7006,陈丽,female,1693-01-01,1766-12-31,15,昌,Rule-generated Stage7 member for 合成陈氏.,False
1086919,7006,陈昌国,male,1698-01-01,1761-12-31,15,昌,Rule-generated Stage7 member for 合成陈氏.,False
1086920,7006,陈昌雅,female,1697-01-01,1789-12-31,15,昌,Rule-generated Stage7 member for 合成陈氏.,False
1086921,7006,陈昌伟,male,1697-01-01,1748-12-31,15,昌,Rule-generated Stage7 member for 合成陈氏.,False
1086922,7006,陈宁玉,female,1694-01-01,1760-12-31,15,昌,Rule-generated Stage7 member for 合成陈氏.,False
1086923,7006,陈昌宗,male,1694-01-01,1739-12-31,15,昌,Rule-generated Stage7 member for 合成陈氏.,False
1086924,7006,陈丽,female,1694-01-01,1764-12-31,15,昌,Rule-generated Stage7 member for 合成陈氏.,False
1086925,7006,陈成宗,male,1698-01-01,1767-12-31,15,昌,Rule-generated Stage7 member for 合成陈氏.,False
1086926,7006,陈昌华,female,1695-01-01,1786-12-31,15,昌,Rule-generated Stage7 member for 合成陈氏.,False
1086927,7006,陈文景,male,1693-01-01,1730-12-31,15,昌,Rule-generated Stage7 member for 合成陈氏.,False
1086928,7006,陈玉兰,female,1692-01-01,1727-12-31,15,昌,Rule-generated Stage7 member for 合成陈氏.,False
1086929,7006,陈敏,male,1696-01-01,1785-12-31,15,昌,Rule-generated Stage7 member for 合成陈氏.,False
1086930,7006,陈昌慧,female,1693-01-01,1716-12-31,15,昌,Rule-generated Stage7 member for 合成陈氏.,False
1086931,7006,陈敏,male,1693-01-01,1759-12-31,15,昌,Rule-generated Stage7 member for 合成陈氏.,False
1086932,7006,陈昌敏,female,1695-01-01,1722-12-31,15,昌,Rule-generated Stage7 member for 合成陈氏.,False
1086933,7006,陈昌伟,male,1694-01-01,1746-12-31,15,昌,Rule-generated Stage7 member for 合成陈氏.,False
1086934,7006,陈华,female,1694-01-01,1778-12-31,15,昌,Rule-generated Stage7 member for 合成陈氏.,False
1086935,7006,陈昌承,male,1697-01-01,1769-12-31,15,昌,Rule-generated Stage7 member for 合成陈氏.,False
1086936,7006,陈昌芳,female,1698-01-01,1766-12-31,15,昌,Rule-generated Stage7 member for 合成陈氏.,False
1086937,7006,陈明安,male,1698-01-01,1778-12-31,15,昌,Rule-generated Stage7 member for 合成陈氏.,False
1086938,7006,陈伟,female,1694-01-01,1724-12-31,15,昌,Rule-generated Stage7 member for 合成陈氏.,False
1086939,7006,陈昌景,male,1693-01-01,1750-12-31,15,昌,Rule-generated Stage7 member for 合成陈氏.,False
1086940,7006,陈清华,female,1693-01-01,1744-12-31,15,昌,Rule-generated Stage7 member for 合成陈氏.,False
1086941,7006,陈昌国,male,1698-01-01,1755-12-31,15,昌,Rule-generated Stage7 member for 合成陈氏.,False
1086942,7006,陈敏,female,1693-01-01,1722-12-31,15,昌,Rule-generated Stage7 member for 合成陈氏.,False
1086943,7006,陈昌文,male,1692-01-01,1759-12-31,15,昌,Rule-generated Stage7 member for 合成陈氏.,False
1086944,7006,陈伟,female,1694-01-01,1774-12-31,15,昌,Rule-generated Stage7 member for 合成陈氏.,False
1086945,7006,陈昌安,male,1696-01-01,1763-12-31,15,昌,Rule-generated Stage7 member for 合成陈氏.,False
1086946,7006,陈昌芳,female,1697-01-01,1775-12-31,15,昌,Rule-generated Stage7 member for 合成陈氏.,False
1086947,7006,陈成成,male,1692-01-01,1752-12-31,15,昌,Rule-generated Stage7 member for 合成陈氏.,False
1086948,7006,陈芳芳,female,1696-01-01,1742-12-31,15,昌,Rule-generated Stage7 member for 合成陈氏.,False
1086949,7006,陈昌宗,male,1694-01-01,1774-12-31,15,昌,Rule-generated Stage7 member for 合成陈氏.,False
1086950,7006,陈昌兰,female,1696-01-01,1757-12-31,15,昌,Rule-generated Stage7 member for 合成陈氏.,False
1086951,7006,陈昌文,male,1694-01-01,1785-12-31,15,昌,Rule-generated Stage7 member for 合成陈氏.,False
1086952,7006,陈昌丽,female,1697-01-01,1746-12-31,15,昌,Rule-generated Stage7 member for 合成陈氏.,False
1086953,7006,陈昌文,male,1696-01-01,1747-12-31,15,昌,Rule-generated Stage7 member for 合成陈氏.,False
1086954,7006,陈昌梅,female,1694-01-01,1766-12-31,15,昌,Rule-generated Stage7 member for 合成陈氏.,False
1086955,7006,陈昌承,male,1698-01-01,1791-12-31,15,昌,Rule-generated Stage7 member for 合成陈氏.,False
1086956,7006,陈华玉,female,1697-01-01,1728-12-31,15,昌,Rule-generated Stage7 member for 合成陈氏.,False
1086957,7006,陈昌安,male,1696-01-01,1781-12-31,15,昌,Rule-generated Stage7 member for 合成陈氏.,False
1086958,7006,陈昌梅,female,1693-01-01,1788-12-31,15,昌,Rule-generated Stage7 member for 合成陈氏.,False
1086959,7006,陈昌强,male,1695-01-01,1759-12-31,15,昌,Rule-generated Stage7 member for 合成陈氏.,False
1086960,7006,陈昌玉,female,1696-01-01,1741-12-31,15,昌,Rule-generated Stage7 member for 合成陈氏.,False
1086961,7006,陈世文,male,1694-01-01,1758-12-31,15,昌,Rule-generated Stage7 member for 合成陈氏.,False
1086962,7006,陈昌丽,female,1692-01-01,1739-12-31,15,昌,Rule-generated Stage7 member for 合成陈氏.,False
1086963,7006,陈昌明,male,1692-01-01,1752-12-31,15,昌,Rule-generated Stage7 member for 合成陈氏.,False
1086964,7006,陈昌梅,female,1693-01-01,1750-12-31,15,昌,Rule-generated Stage7 member for 合成陈氏.,False
1086965,7006,陈昌安,male,1696-01-01,1775-12-31,15,昌,Rule-generated Stage7 member for 合成陈氏.,False
1086966,7006,陈昌宁,female,1698-01-01,1792-12-31,15,昌,Rule-generated Stage7 member for 合成陈氏.,False
1086967,7006,陈昌承,male,1693-01-01,1736-12-31,15,昌,Rule-generated Stage7 member for 合成陈氏.,False
1086968,7006,陈昌敏,female,1696-01-01,1731-12-31,15,昌,Rule-generated Stage7 member for 合成陈氏.,False
1086969,7006,陈昌文,male,1697-01-01,1780-12-31,15,昌,Rule-generated Stage7 member for 合成陈氏.,False
1086970,7006,陈昌梅,female,1696-01-01,1777-12-31,15,昌,Rule-generated Stage7 member for 合成陈氏.,False
1086971,7006,陈昌德,male,1695-01-01,1773-12-31,15,昌,Rule-generated Stage7 member for 合成陈氏.,False
1086972,7006,陈华安,female,1697-01-01,1756-12-31,15,昌,Rule-generated Stage7 member for 合成陈氏.,False
1086973,7006,陈昌德,male,1692-01-01,1768-12-31,15,昌,Rule-generated Stage7 member for 合成陈氏.,False
1086974,7006,陈梅兰,female,1698-01-01,1725-12-31,15,昌,Rule-generated Stage7 member for 合成陈氏.,False
1086975,7006,陈昌强,male,1698-01-01,1757-12-31,15,昌,Rule-generated Stage7 member for 合成陈氏.,False
1086976,7006,陈昌敏,female,1692-01-01,1773-12-31,15,昌,Rule-generated Stage7 member for 合成陈氏.,False
1086977,7006,陈世安,male,1696-01-01,1781-12-31,15,昌,Rule-generated Stage7 member for 合成陈氏.,False
1086978,7006,陈华,female,1692-01-01,1734-12-31,15,昌,Rule-generated Stage7 member for 合成陈氏.,False
1086979,7006,陈昌伟,male,1696-01-01,1774-12-31,15,昌,Rule-generated Stage7 member for 合成陈氏.,False
1086980,7006,陈昌芳,female,1694-01-01,1776-12-31,15,昌,Rule-generated Stage7 member for 合成陈氏.,False
1086981,7006,陈安安,male,1696-01-01,1747-12-31,15,昌,Rule-generated Stage7 member for 合成陈氏.,False
1086982,7006,陈昌安,female,1698-01-01,1755-12-31,15,昌,Rule-generated Stage7 member for 合成陈氏.,False
1086983,7006,陈强承,male,1692-01-01,1747-12-31,15,昌,Rule-generated Stage7 member for 合成陈氏.,False
1086984,7006,陈昌兰,female,1694-01-01,1772-12-31,15,昌,Rule-generated Stage7 member for 合成陈氏.,False
1086985,7006,陈文成,male,1693-01-01,1778-12-31,15,昌,Rule-generated Stage7 member for 合成陈氏.,False
1086986,7006,陈敏雅,female,1695-01-01,1775-12-31,15,昌,Rule-generated Stage7 member for 合成陈氏.,False
1086987,7006,陈昌世,male,1694-01-01,1751-12-31,15,昌,Rule-generated Stage7 member for 合成陈氏.,False
1086988,7006,陈昌清,female,1695-01-01,1762-12-31,15,昌,Rule-generated Stage7 member for 合成陈氏.,False
1086989,7006,陈成宗,male,1694-01-01,1746-12-31,15,昌,Rule-generated Stage7 member for 合成陈氏.,False
1086990,7006,陈昌宁,female,1697-01-01,1790-12-31,15,昌,Rule-generated Stage7 member for 合成陈氏.,False
1086991,7006,陈伟宗,male,1698-01-01,1755-12-31,15,昌,Rule-generated Stage7 member for 合成陈氏.,False
1086992,7006,陈敏,female,1694-01-01,1776-12-31,15,昌,Rule-generated Stage7 member for 合成陈氏.,False
1086993,7006,陈伟承,male,1695-01-01,1775-12-31,15,昌,Rule-generated Stage7 member for 合成陈氏.,False
1086994,7006,陈隆文,male,1714-01-01,1779-12-31,16,隆,Rule-generated Stage7 member for 合成陈氏.,False
1086995,7006,陈兰兰,female,1713-01-01,1759-12-31,16,隆,Rule-generated Stage7 member for 合成陈氏.,False
1086996,7006,陈隆明,male,1718-01-01,1796-12-31,16,隆,Rule-generated Stage7 member for 合成陈氏.,False
1086997,7006,陈隆雅,female,1715-01-01,1804-12-31,16,隆,Rule-generated Stage7 member for 合成陈氏.,False
1086998,7006,陈隆成,male,1714-01-01,1799-12-31,16,隆,Rule-generated Stage7 member for 合成陈氏.,False
1086999,7006,陈清雅,female,1718-01-01,1788-12-31,16,隆,Rule-generated Stage7 member for 合成陈氏.,False
1087000,7006,陈伟承,male,1714-01-01,1795-12-31,16,隆,Rule-generated Stage7 member for 合成陈氏.,False
1087001,7006,陈隆芳,female,1717-01-01,1789-12-31,16,隆,Rule-generated Stage7 member for 合成陈氏.,False
1087002,7006,陈明文,male,1717-01-01,1788-12-31,16,隆,Rule-generated Stage7 member for 合成陈氏.,False
1087003,7006,陈隆丽,female,1719-01-01,1755-12-31,16,隆,Rule-generated Stage7 member for 合成陈氏.,False
1087004,7006,陈隆文,male,1719-01-01,1809-12-31,16,隆,Rule-generated Stage7 member for 合成陈氏.,False
1087005,7006,陈安安,female,1719-01-01,1791-12-31,16,隆,Rule-generated Stage7 member for 合成陈氏.,False
1087006,7006,陈隆伟,male,1718-01-01,1805-12-31,16,隆,Rule-generated Stage7 member for 合成陈氏.,False
1087007,7006,陈隆丽,female,1713-01-01,1781-12-31,16,隆,Rule-generated Stage7 member for 合成陈氏.,False
1087008,7006,陈隆安,male,1715-01-01,1810-12-31,16,隆,Rule-generated Stage7 member for 合成陈氏.,False
1087009,7006,陈敏梅,female,1714-01-01,1788-12-31,16,隆,Rule-generated Stage7 member for 合成陈氏.,False
1087010,7006,陈隆承,male,1719-01-01,1792-12-31,16,隆,Rule-generated Stage7 member for 合成陈氏.,False
1087011,7006,陈明,female,1717-01-01,1779-12-31,16,隆,Rule-generated Stage7 member for 合成陈氏.,False
1087012,7006,陈隆文,male,1715-01-01,1809-12-31,16,隆,Rule-generated Stage7 member for 合成陈氏.,False
1087013,7006,陈隆梅,female,1715-01-01,1805-12-31,16,隆,Rule-generated Stage7 member for 合成陈氏.,False
1087014,7006,陈隆景,male,1717-01-01,1789-12-31,16,隆,Rule-generated Stage7 member for 合成陈氏.,False
1087015,7006,陈隆清,female,1716-01-01,1812-12-31,16,隆,Rule-generated Stage7 member for 合成陈氏.,False
1087016,7006,陈隆明,male,1715-01-01,1769-12-31,16,隆,Rule-generated Stage7 member for 合成陈氏.,False
1087017,7006,陈隆华,female,1718-01-01,1757-12-31,16,隆,Rule-generated Stage7 member for 合成陈氏.,False
1087018,7006,陈世宗,male,1713-01-01,1788-12-31,16,隆,Rule-generated Stage7 member for 合成陈氏.,False
1087019,7006,陈隆丽,female,1713-01-01,1755-12-31,16,隆,Rule-generated Stage7 member for 合成陈氏.,False
1087020,7006,陈隆承,male,1716-01-01,1805-12-31,16,隆,Rule-generated Stage7 member for 合成陈氏.,False
1087021,7006,陈隆雅,female,1717-01-01,1759-12-31,16,隆,Rule-generated Stage7 member for 合成陈氏.,False
1087022,7006,陈伟景,male,1717-01-01,1759-12-31,16,隆,Rule-generated Stage7 member for 合成陈氏.,False
1087023,7006,陈隆梅,female,1713-01-01,1780-12-31,16,隆,Rule-generated Stage7 member for 合成陈氏.,False
1087024,7006,陈宗国,male,1716-01-01,1794-12-31,16,隆,Rule-generated Stage7 member for 合成陈氏.,False
1087025,7006,陈隆敏,female,1718-01-01,1765-12-31,16,隆,Rule-generated Stage7 member for 合成陈氏.,False
1087026,7006,陈德承,male,1716-01-01,1805-12-31,16,隆,Rule-generated Stage7 member for 合成陈氏.,False
1087027,7006,陈隆宁,female,1714-01-01,1798-12-31,16,隆,Rule-generated Stage7 member for 合成陈氏.,False
1087028,7006,陈隆文,male,1718-01-01,1781-12-31,16,隆,Rule-generated Stage7 member for 合成陈氏.,False
1087029,7006,陈隆雅,female,1719-01-01,1779-12-31,16,隆,Rule-generated Stage7 member for 合成陈氏.,False
1087030,7006,陈隆强,male,1718-01-01,1788-12-31,16,隆,Rule-generated Stage7 member for 合成陈氏.,False
1087031,7006,陈隆清,female,1714-01-01,1771-12-31,16,隆,Rule-generated Stage7 member for 合成陈氏.,False
1087032,7006,陈隆景,male,1718-01-01,1800-12-31,16,隆,Rule-generated Stage7 member for 合成陈氏.,False
1087033,7006,陈明,female,1719-01-01,1790-12-31,16,隆,Rule-generated Stage7 member for 合成陈氏.,False
1087034,7006,陈华,male,1716-01-01,1793-12-31,16,隆,Rule-generated Stage7 member for 合成陈氏.,False
1087035,7006,陈隆兰,female,1718-01-01,1797-12-31,16,隆,Rule-generated Stage7 member for 合成陈氏.,False
1087036,7006,陈敏,male,1713-01-01,1788-12-31,16,隆,Rule-generated Stage7 member for 合成陈氏.,False
1087037,7006,陈隆华,female,1715-01-01,1823-12-31,16,隆,Rule-generated Stage7 member for 合成陈氏.,False
1087038,7006,陈隆强,male,1714-01-01,1759-12-31,16,隆,Rule-generated Stage7 member for 合成陈氏.,False
1087039,7006,陈隆安,female,1715-01-01,1789-12-31,16,隆,Rule-generated Stage7 member for 合成陈氏.,False
1087040,7006,陈隆德,male,1719-01-01,1761-12-31,16,隆,Rule-generated Stage7 member for 合成陈氏.,False
1087041,7006,陈梅雅,female,1716-01-01,1790-12-31,16,隆,Rule-generated Stage7 member for 合成陈氏.,False
1087042,7006,陈德宗,male,1715-01-01,1746-12-31,16,隆,Rule-generated Stage7 member for 合成陈氏.,False
1087043,7006,陈隆玉,female,1715-01-01,1753-12-31,16,隆,Rule-generated Stage7 member for 合成陈氏.,False
1087044,7006,陈隆世,male,1714-01-01,1754-12-31,16,隆,Rule-generated Stage7 member for 合成陈氏.,False
1087045,7006,陈丽华,female,1716-01-01,1770-12-31,16,隆,Rule-generated Stage7 member for 合成陈氏.,False
1087046,7006,陈承景,male,1719-01-01,1787-12-31,16,隆,Rule-generated Stage7 member for 合成陈氏.,False
1087047,7006,陈隆华,female,1715-01-01,1756-12-31,16,隆,Rule-generated Stage7 member for 合成陈氏.,False
1087048,7006,陈隆承,male,1719-01-01,1791-12-31,16,隆,Rule-generated Stage7 member for 合成陈氏.,False
1087049,7006,陈隆清,female,1718-01-01,1759-12-31,16,隆,Rule-generated Stage7 member for 合成陈氏.,False
1087050,7006,陈隆明,male,1716-01-01,1783-12-31,16,隆,Rule-generated Stage7 member for 合成陈氏.,False
1087051,7006,陈隆慧,female,1719-01-01,1782-12-31,16,隆,Rule-generated Stage7 member for 合成陈氏.,False
1087052,7006,陈隆明,male,1715-01-01,1759-12-31,16,隆,Rule-generated Stage7 member for 合成陈氏.,False
1087053,7006,陈隆敏,female,1716-01-01,1775-12-31,16,隆,Rule-generated Stage7 member for 合成陈氏.,False
1087054,7006,陈隆强,male,1719-01-01,1750-12-31,16,隆,Rule-generated Stage7 member for 合成陈氏.,False
1087055,7006,陈隆敏,female,1717-01-01,1783-12-31,16,隆,Rule-generated Stage7 member for 合成陈氏.,False
1087056,7006,陈隆承,male,1716-01-01,1772-12-31,16,隆,Rule-generated Stage7 member for 合成陈氏.,False
1087057,7006,陈隆兰,female,1718-01-01,1788-12-31,16,隆,Rule-generated Stage7 member for 合成陈氏.,False
1087058,7006,陈敏,male,1717-01-01,1804-12-31,16,隆,Rule-generated Stage7 member for 合成陈氏.,False
1087059,7006,陈华,female,1715-01-01,1782-12-31,16,隆,Rule-generated Stage7 member for 合成陈氏.,False
1087060,7006,陈隆世,male,1714-01-01,1792-12-31,16,隆,Rule-generated Stage7 member for 合成陈氏.,False
1087061,7006,陈敏,female,1715-01-01,1806-12-31,16,隆,Rule-generated Stage7 member for 合成陈氏.,False
1087062,7006,陈隆强,male,1717-01-01,1802-12-31,16,隆,Rule-generated Stage7 member for 合成陈氏.,False
1087063,7006,陈隆华,female,1714-01-01,1736-12-31,16,隆,Rule-generated Stage7 member for 合成陈氏.,False
1087064,7006,陈强德,male,1719-01-01,1796-12-31,16,隆,Rule-generated Stage7 member for 合成陈氏.,False
1087065,7006,陈隆敏,female,1717-01-01,1763-12-31,16,隆,Rule-generated Stage7 member for 合成陈氏.,False
1087066,7006,陈宗成,male,1714-01-01,1810-12-31,16,隆,Rule-generated Stage7 member for 合成陈氏.,False
1087067,7006,陈强,female,1717-01-01,1798-12-31,16,隆,Rule-generated Stage7 member for 合成陈氏.,False
1087068,7006,陈安伟,male,1713-01-01,1778-12-31,16,隆,Rule-generated Stage7 member for 合成陈氏.,False
1087069,7006,陈清华,female,1714-01-01,1752-12-31,16,隆,Rule-generated Stage7 member for 合成陈氏.,False
1087070,7006,陈安承,male,1718-01-01,1786-12-31,16,隆,Rule-generated Stage7 member for 合成陈氏.,False
1087071,7006,陈隆丽,female,1714-01-01,1775-12-31,16,隆,Rule-generated Stage7 member for 合成陈氏.,False
1087072,7006,陈成明,male,1714-01-01,1770-12-31,16,隆,Rule-generated Stage7 member for 合成陈氏.,False
1087073,7006,陈隆玉,female,1713-01-01,1765-12-31,16,隆,Rule-generated Stage7 member for 合成陈氏.,False
1087074,7006,陈隆世,male,1718-01-01,1800-12-31,16,隆,Rule-generated Stage7 member for 合成陈氏.,False
1087075,7006,陈敏雅,female,1716-01-01,1795-12-31,16,隆,Rule-generated Stage7 member for 合成陈氏.,False
1087076,7006,陈明强,male,1718-01-01,1796-12-31,16,隆,Rule-generated Stage7 member for 合成陈氏.,False
1087077,7006,陈玉华,female,1717-01-01,1786-12-31,16,隆,Rule-generated Stage7 member for 合成陈氏.,False
1087078,7006,陈丽,male,1715-01-01,1793-12-31,16,隆,Rule-generated Stage7 member for 合成陈氏.,False
1087079,7006,陈兰敏,female,1713-01-01,1816-12-31,16,隆,Rule-generated Stage7 member for 合成陈氏.,False
1087080,7006,陈景德,male,1714-01-01,1782-12-31,16,隆,Rule-generated Stage7 member for 合成陈氏.,False
1087081,7006,陈慧玉,female,1719-01-01,1771-12-31,16,隆,Rule-generated Stage7 member for 合成陈氏.,False
1087082,7006,陈隆伟,male,1713-01-01,1811-12-31,16,隆,Rule-generated Stage7 member for 合成陈氏.,False
1087083,7006,陈隆丽,female,1716-01-01,1786-12-31,16,隆,Rule-generated Stage7 member for 合成陈氏.,False
1087084,7006,陈隆世,male,1717-01-01,1799-12-31,16,隆,Rule-generated Stage7 member for 合成陈氏.,False
1087085,7006,陈慧玉,female,1717-01-01,1782-12-31,16,隆,Rule-generated Stage7 member for 合成陈氏.,False
1087086,7006,陈伟,male,1717-01-01,1772-12-31,16,隆,Rule-generated Stage7 member for 合成陈氏.,False
1087087,7006,陈隆华,female,1714-01-01,1742-12-31,16,隆,Rule-generated Stage7 member for 合成陈氏.,False
1087088,7006,陈伟强,male,1715-01-01,1773-12-31,16,隆,Rule-generated Stage7 member for 合成陈氏.,False
1087089,7006,陈强,female,1713-01-01,1759-12-31,16,隆,Rule-generated Stage7 member for 合成陈氏.,False
1087090,7006,陈隆德,male,1715-01-01,1776-12-31,16,隆,Rule-generated Stage7 member for 合成陈氏.,False
1087091,7006,陈玉丽,female,1717-01-01,1779-12-31,16,隆,Rule-generated Stage7 member for 合成陈氏.,False
1087092,7006,陈隆安,male,1713-01-01,1759-12-31,16,隆,Rule-generated Stage7 member for 合成陈氏.,False
1087093,7006,陈芳敏,female,1716-01-01,1781-12-31,16,隆,Rule-generated Stage7 member for 合成陈氏.,False
1087094,7006,陈德宗,male,1715-01-01,1795-12-31,16,隆,Rule-generated Stage7 member for 合成陈氏.,False
1087095,7006,陈丽,female,1717-01-01,1804-12-31,16,隆,Rule-generated Stage7 member for 合成陈氏.,False
1087096,7006,陈隆安,male,1714-01-01,1795-12-31,16,隆,Rule-generated Stage7 member for 合成陈氏.,False
1087097,7006,陈隆丽,female,1716-01-01,1776-12-31,16,隆,Rule-generated Stage7 member for 合成陈氏.,False
1087098,7006,陈隆强,male,1714-01-01,1796-12-31,16,隆,Rule-generated Stage7 member for 合成陈氏.,False
1087099,7006,陈隆清,female,1715-01-01,1781-12-31,16,隆,Rule-generated Stage7 member for 合成陈氏.,False
1087100,7006,陈隆承,male,1718-01-01,1795-12-31,16,隆,Rule-generated Stage7 member for 合成陈氏.,False
1087101,7006,陈隆雅,female,1719-01-01,1761-12-31,16,隆,Rule-generated Stage7 member for 合成陈氏.,False
1087102,7006,陈隆强,male,1713-01-01,1785-12-31,16,隆,Rule-generated Stage7 member for 合成陈氏.,False
1087103,7006,陈隆清,female,1714-01-01,1740-12-31,16,隆,Rule-generated Stage7 member for 合成陈氏.,False
1087104,7006,陈隆宗,male,1716-01-01,1786-12-31,16,隆,Rule-generated Stage7 member for 合成陈氏.,False
1087105,7006,陈雅慧,female,1713-01-01,1795-12-31,16,隆,Rule-generated Stage7 member for 合成陈氏.,False
1087106,7006,陈隆景,male,1715-01-01,1781-12-31,16,隆,Rule-generated Stage7 member for 合成陈氏.,False
1087107,7006,陈慧敏,female,1717-01-01,1788-12-31,16,隆,Rule-generated Stage7 member for 合成陈氏.,False
1087108,7006,陈明,male,1716-01-01,1789-12-31,16,隆,Rule-generated Stage7 member for 合成陈氏.,False
1087109,7006,陈隆华,female,1719-01-01,1756-12-31,16,隆,Rule-generated Stage7 member for 合成陈氏.,False
1087110,7006,陈明,male,1718-01-01,1800-12-31,16,隆,Rule-generated Stage7 member for 合成陈氏.,False
1087111,7006,陈隆梅,female,1717-01-01,1814-12-31,16,隆,Rule-generated Stage7 member for 合成陈氏.,False
1087112,7006,陈隆国,male,1717-01-01,1816-12-31,16,隆,Rule-generated Stage7 member for 合成陈氏.,False
1087113,7006,陈隆芳,female,1714-01-01,1764-12-31,16,隆,Rule-generated Stage7 member for 合成陈氏.,False
1087114,7006,陈隆宗,male,1713-01-01,1758-12-31,16,隆,Rule-generated Stage7 member for 合成陈氏.,False
1087115,7006,陈隆丽,female,1714-01-01,1772-12-31,16,隆,Rule-generated Stage7 member for 合成陈氏.,False
1087116,7006,陈隆德,male,1716-01-01,1800-12-31,16,隆,Rule-generated Stage7 member for 合成陈氏.,False
1087117,7006,陈隆敏,female,1716-01-01,1769-12-31,16,隆,Rule-generated Stage7 member for 合成陈氏.,False
1087118,7006,陈敏,male,1715-01-01,1768-12-31,16,隆,Rule-generated Stage7 member for 合成陈氏.,False
1087119,7006,陈隆丽,female,1714-01-01,1764-12-31,16,隆,Rule-generated Stage7 member for 合成陈氏.,False
1087120,7006,陈隆文,male,1716-01-01,1814-12-31,16,隆,Rule-generated Stage7 member for 合成陈氏.,False
1087121,7006,陈宁华,female,1713-01-01,1789-12-31,16,隆,Rule-generated Stage7 member for 合成陈氏.,False
1087122,7006,陈伟世,male,1714-01-01,1765-12-31,16,隆,Rule-generated Stage7 member for 合成陈氏.,False
1087123,7006,陈兰丽,female,1715-01-01,1784-12-31,16,隆,Rule-generated Stage7 member for 合成陈氏.,False
1087124,7006,陈隆承,male,1717-01-01,1778-12-31,16,隆,Rule-generated Stage7 member for 合成陈氏.,False
1087125,7006,陈玉清,female,1714-01-01,1784-12-31,16,隆,Rule-generated Stage7 member for 合成陈氏.,False
1087126,7006,陈文成,male,1718-01-01,1814-12-31,16,隆,Rule-generated Stage7 member for 合成陈氏.,False
1087127,7006,陈隆丽,female,1713-01-01,1766-12-31,16,隆,Rule-generated Stage7 member for 合成陈氏.,False
1087128,7006,陈明强,male,1714-01-01,1766-12-31,16,隆,Rule-generated Stage7 member for 合成陈氏.,False
1087129,7006,陈玉华,female,1717-01-01,1754-12-31,16,隆,Rule-generated Stage7 member for 合成陈氏.,False
1087130,7006,陈隆国,male,1716-01-01,1797-12-31,16,隆,Rule-generated Stage7 member for 合成陈氏.,False
1087131,7006,陈清清,female,1715-01-01,1796-12-31,16,隆,Rule-generated Stage7 member for 合成陈氏.,False
1087132,7006,陈隆成,male,1718-01-01,1795-12-31,16,隆,Rule-generated Stage7 member for 合成陈氏.,False
1087133,7006,陈安华,female,1717-01-01,1748-12-31,16,隆,Rule-generated Stage7 member for 合成陈氏.,False
1087134,7006,陈隆承,male,1714-01-01,1756-12-31,16,隆,Rule-generated Stage7 member for 合成陈氏.,False
1087135,7006,陈隆兰,female,1717-01-01,1775-12-31,16,隆,Rule-generated Stage7 member for 合成陈氏.,False
1087136,7006,陈德景,male,1715-01-01,1757-12-31,16,隆,Rule-generated Stage7 member for 合成陈氏.,False
1087137,7006,陈安玉,female,1715-01-01,1810-12-31,16,隆,Rule-generated Stage7 member for 合成陈氏.,False
1087138,7006,陈宗德,male,1718-01-01,1792-12-31,16,隆,Rule-generated Stage7 member for 合成陈氏.,False
1087139,7006,陈隆敏,female,1717-01-01,1794-12-31,16,隆,Rule-generated Stage7 member for 合成陈氏.,False
1087140,7006,陈隆强,male,1716-01-01,1803-12-31,16,隆,Rule-generated Stage7 member for 合成陈氏.,False
1087141,7006,陈隆玉,female,1716-01-01,1794-12-31,16,隆,Rule-generated Stage7 member for 合成陈氏.,False
1087142,7006,陈景伟,male,1714-01-01,1800-12-31,16,隆,Rule-generated Stage7 member for 合成陈氏.,False
1087143,7006,陈华,female,1716-01-01,1785-12-31,16,隆,Rule-generated Stage7 member for 合成陈氏.,False
1087144,7006,陈隆成,male,1715-01-01,1788-12-31,16,隆,Rule-generated Stage7 member for 合成陈氏.,False
1087145,7006,陈华宁,female,1714-01-01,1779-12-31,16,隆,Rule-generated Stage7 member for 合成陈氏.,False
1087146,7006,陈明,male,1715-01-01,1782-12-31,16,隆,Rule-generated Stage7 member for 合成陈氏.,False
1087147,7006,陈安兰,female,1718-01-01,1755-12-31,16,隆,Rule-generated Stage7 member for 合成陈氏.,False
1087148,7006,陈隆景,male,1717-01-01,1773-12-31,16,隆,Rule-generated Stage7 member for 合成陈氏.,False
1087149,7006,陈隆芳,female,1717-01-01,1779-12-31,16,隆,Rule-generated Stage7 member for 合成陈氏.,False
1087150,7006,陈强世,male,1718-01-01,1767-12-31,16,隆,Rule-generated Stage7 member for 合成陈氏.,False
1087151,7006,陈敏,female,1714-01-01,1789-12-31,16,隆,Rule-generated Stage7 member for 合成陈氏.,False
1087152,7006,陈隆文,male,1715-01-01,1742-12-31,16,隆,Rule-generated Stage7 member for 合成陈氏.,False
1087153,7006,陈明,female,1718-01-01,1771-12-31,16,隆,Rule-generated Stage7 member for 合成陈氏.,False
1087154,7006,陈隆宗,male,1718-01-01,1792-12-31,16,隆,Rule-generated Stage7 member for 合成陈氏.,False
1087155,7006,陈玉清,female,1714-01-01,1763-12-31,16,隆,Rule-generated Stage7 member for 合成陈氏.,False
1087156,7006,陈隆成,male,1713-01-01,1809-12-31,16,隆,Rule-generated Stage7 member for 合成陈氏.,False
1087157,7006,陈隆玉,female,1715-01-01,1786-12-31,16,隆,Rule-generated Stage7 member for 合成陈氏.,False
1087158,7006,陈隆强,male,1717-01-01,1779-12-31,16,隆,Rule-generated Stage7 member for 合成陈氏.,False
1087159,7006,陈雅华,female,1717-01-01,1783-12-31,16,隆,Rule-generated Stage7 member for 合成陈氏.,False
1087160,7006,陈明安,male,1717-01-01,1798-12-31,16,隆,Rule-generated Stage7 member for 合成陈氏.,False
1087161,7006,陈明,female,1719-01-01,1786-12-31,16,隆,Rule-generated Stage7 member for 合成陈氏.,False
1087162,7006,陈隆成,male,1719-01-01,1779-12-31,16,隆,Rule-generated Stage7 member for 合成陈氏.,False
1087163,7006,陈伟,female,1717-01-01,1790-12-31,16,隆,Rule-generated Stage7 member for 合成陈氏.,False
1087164,7006,陈明,male,1713-01-01,1754-12-31,16,隆,Rule-generated Stage7 member for 合成陈氏.,False
1087165,7006,陈隆兰,female,1718-01-01,1754-12-31,16,隆,Rule-generated Stage7 member for 合成陈氏.,False
1087166,7006,陈隆国,male,1717-01-01,1756-12-31,16,隆,Rule-generated Stage7 member for 合成陈氏.,False
1087167,7006,陈明,female,1716-01-01,1792-12-31,16,隆,Rule-generated Stage7 member for 合成陈氏.,False
1087168,7006,陈隆承,male,1714-01-01,1773-12-31,16,隆,Rule-generated Stage7 member for 合成陈氏.,False
1087169,7006,陈隆宁,female,1713-01-01,1798-12-31,16,隆,Rule-generated Stage7 member for 合成陈氏.,False
1087170,7006,陈景景,male,1715-01-01,1782-12-31,16,隆,Rule-generated Stage7 member for 合成陈氏.,False
1087171,7006,陈隆清,female,1719-01-01,1788-12-31,16,隆,Rule-generated Stage7 member for 合成陈氏.,False
1087172,7006,陈隆强,male,1719-01-01,1774-12-31,16,隆,Rule-generated Stage7 member for 合成陈氏.,False
1087173,7006,陈隆清,female,1715-01-01,1780-12-31,16,隆,Rule-generated Stage7 member for 合成陈氏.,False
1087174,7006,陈文景,male,1719-01-01,1776-12-31,16,隆,Rule-generated Stage7 member for 合成陈氏.,False
1087175,7006,陈隆兰,female,1719-01-01,1767-12-31,16,隆,Rule-generated Stage7 member for 合成陈氏.,False
1087176,7006,陈隆成,male,1714-01-01,1764-12-31,16,隆,Rule-generated Stage7 member for 合成陈氏.,False
1087177,7006,陈隆丽,female,1716-01-01,1772-12-31,16,隆,Rule-generated Stage7 member for 合成陈氏.,False
1087178,7006,陈隆强,male,1717-01-01,1785-12-31,16,隆,Rule-generated Stage7 member for 合成陈氏.,False
1087179,7006,陈芳安,female,1714-01-01,1791-12-31,16,隆,Rule-generated Stage7 member for 合成陈氏.,False
1087180,7006,陈隆安,male,1714-01-01,1757-12-31,16,隆,Rule-generated Stage7 member for 合成陈氏.,False
1087181,7006,陈清清,female,1718-01-01,1796-12-31,16,隆,Rule-generated Stage7 member for 合成陈氏.,False
1087182,7006,陈隆明,male,1719-01-01,1779-12-31,16,隆,Rule-generated Stage7 member for 合成陈氏.,False
1087183,7006,陈隆雅,female,1718-01-01,1798-12-31,16,隆,Rule-generated Stage7 member for 合成陈氏.,False
1087184,7006,陈隆宗,male,1719-01-01,1788-12-31,16,隆,Rule-generated Stage7 member for 合成陈氏.,False
1087185,7006,陈敏玉,female,1717-01-01,1785-12-31,16,隆,Rule-generated Stage7 member for 合成陈氏.,False
1087186,7006,陈德宗,male,1719-01-01,1795-12-31,16,隆,Rule-generated Stage7 member for 合成陈氏.,False
1087187,7006,陈强,female,1714-01-01,1790-12-31,16,隆,Rule-generated Stage7 member for 合成陈氏.,False
1087188,7006,陈隆宗,male,1715-01-01,1756-12-31,16,隆,Rule-generated Stage7 member for 合成陈氏.,False
1087189,7006,陈华,female,1714-01-01,1795-12-31,16,隆,Rule-generated Stage7 member for 合成陈氏.,False
1087190,7006,陈隆伟,male,1715-01-01,1763-12-31,16,隆,Rule-generated Stage7 member for 合成陈氏.,False
1087191,7006,陈敏,female,1714-01-01,1778-12-31,16,隆,Rule-generated Stage7 member for 合成陈氏.,False
1087192,7006,陈隆德,male,1714-01-01,1778-12-31,16,隆,Rule-generated Stage7 member for 合成陈氏.,False
1087193,7006,陈安宁,female,1714-01-01,1793-12-31,16,隆,Rule-generated Stage7 member for 合成陈氏.,False
1087194,7006,陈隆承,male,1716-01-01,1762-12-31,16,隆,Rule-generated Stage7 member for 合成陈氏.,False
1087195,7006,陈梅华,female,1713-01-01,1761-12-31,16,隆,Rule-generated Stage7 member for 合成陈氏.,False
1087196,7006,陈隆明,male,1715-01-01,1756-12-31,16,隆,Rule-generated Stage7 member for 合成陈氏.,False
1087197,7006,陈隆宁,female,1718-01-01,1768-12-31,16,隆,Rule-generated Stage7 member for 合成陈氏.,False
1087198,7006,陈安文,male,1719-01-01,1782-12-31,16,隆,Rule-generated Stage7 member for 合成陈氏.,False
1087199,7006,陈隆宁,female,1719-01-01,1754-12-31,16,隆,Rule-generated Stage7 member for 合成陈氏.,False
1087200,7006,陈强宗,male,1715-01-01,1805-12-31,16,隆,Rule-generated Stage7 member for 合成陈氏.,False
1087201,7006,陈玉丽,female,1714-01-01,1798-12-31,16,隆,Rule-generated Stage7 member for 合成陈氏.,False
1087202,7006,陈隆景,male,1717-01-01,1778-12-31,16,隆,Rule-generated Stage7 member for 合成陈氏.,False
1087203,7006,陈隆慧,female,1713-01-01,1752-12-31,16,隆,Rule-generated Stage7 member for 合成陈氏.,False
1087204,7006,陈华,male,1716-01-01,1785-12-31,16,隆,Rule-generated Stage7 member for 合成陈氏.,False
1087205,7006,陈隆玉,female,1715-01-01,1806-12-31,16,隆,Rule-generated Stage7 member for 合成陈氏.,False
1087206,7006,陈明文,male,1713-01-01,1750-12-31,16,隆,Rule-generated Stage7 member for 合成陈氏.,False
1087207,7006,陈隆兰,female,1715-01-01,1778-12-31,16,隆,Rule-generated Stage7 member for 合成陈氏.,False
1087208,7006,陈隆成,male,1713-01-01,1800-12-31,16,隆,Rule-generated Stage7 member for 合成陈氏.,False
1087209,7006,陈敏芳,female,1715-01-01,1745-12-31,16,隆,Rule-generated Stage7 member for 合成陈氏.,False
1087210,7006,陈隆伟,male,1714-01-01,1764-12-31,16,隆,Rule-generated Stage7 member for 合成陈氏.,False
1087211,7006,陈隆慧,female,1716-01-01,1811-12-31,16,隆,Rule-generated Stage7 member for 合成陈氏.,False
1087212,7006,陈隆景,male,1715-01-01,1765-12-31,16,隆,Rule-generated Stage7 member for 合成陈氏.,False
1087213,7006,陈明,female,1713-01-01,1795-12-31,16,隆,Rule-generated Stage7 member for 合成陈氏.,False
1087214,7006,陈隆成,male,1714-01-01,1776-12-31,16,隆,Rule-generated Stage7 member for 合成陈氏.,False
1087215,7006,陈伟,female,1715-01-01,1784-12-31,16,隆,Rule-generated Stage7 member for 合成陈氏.,False
1087216,7006,陈隆强,male,1719-01-01,1799-12-31,16,隆,Rule-generated Stage7 member for 合成陈氏.,False
1087217,7006,陈隆玉,female,1719-01-01,1791-12-31,16,隆,Rule-generated Stage7 member for 合成陈氏.,False
1087218,7006,陈世伟,male,1719-01-01,1794-12-31,16,隆,Rule-generated Stage7 member for 合成陈氏.,False
1087219,7006,陈梅兰,female,1717-01-01,1785-12-31,16,隆,Rule-generated Stage7 member for 合成陈氏.,False
1087220,7006,陈隆承,male,1719-01-01,1778-12-31,16,隆,Rule-generated Stage7 member for 合成陈氏.,False
1087221,7006,陈隆兰,female,1717-01-01,1741-12-31,16,隆,Rule-generated Stage7 member for 合成陈氏.,False
1087222,7006,陈隆宗,male,1715-01-01,1748-12-31,16,隆,Rule-generated Stage7 member for 合成陈氏.,False
1087223,7006,陈芳慧,female,1714-01-01,1758-12-31,16,隆,Rule-generated Stage7 member for 合成陈氏.,False
1087224,7006,陈国明,male,1717-01-01,1800-12-31,16,隆,Rule-generated Stage7 member for 合成陈氏.,False
1087225,7006,陈隆慧,female,1716-01-01,1794-12-31,16,隆,Rule-generated Stage7 member for 合成陈氏.,False
1087226,7006,陈明伟,male,1717-01-01,1756-12-31,16,隆,Rule-generated Stage7 member for 合成陈氏.,False
1087227,7006,陈隆华,female,1718-01-01,1814-12-31,16,隆,Rule-generated Stage7 member for 合成陈氏.,False
1087228,7006,陈隆安,male,1717-01-01,1776-12-31,16,隆,Rule-generated Stage7 member for 合成陈氏.,False
1087229,7006,陈隆安,female,1718-01-01,1795-12-31,16,隆,Rule-generated Stage7 member for 合成陈氏.,False
1087230,7006,陈明伟,male,1716-01-01,1753-12-31,16,隆,Rule-generated Stage7 member for 合成陈氏.,False
1087231,7006,陈敏芳,female,1714-01-01,1772-12-31,16,隆,Rule-generated Stage7 member for 合成陈氏.,False
1087232,7006,陈文宗,male,1718-01-01,1791-12-31,16,隆,Rule-generated Stage7 member for 合成陈氏.,False
1087233,7006,陈强,female,1719-01-01,1810-12-31,16,隆,Rule-generated Stage7 member for 合成陈氏.,False
1087234,7006,陈承强,male,1718-01-01,1781-12-31,16,隆,Rule-generated Stage7 member for 合成陈氏.,False
1087235,7006,陈隆梅,female,1718-01-01,1777-12-31,16,隆,Rule-generated Stage7 member for 合成陈氏.,False
1087236,7006,陈隆承,male,1717-01-01,1780-12-31,16,隆,Rule-generated Stage7 member for 合成陈氏.,False
1087237,7006,陈华,female,1713-01-01,1752-12-31,16,隆,Rule-generated Stage7 member for 合成陈氏.,False
1087238,7006,陈隆明,male,1714-01-01,1741-12-31,16,隆,Rule-generated Stage7 member for 合成陈氏.,False
1087239,7006,陈隆雅,female,1716-01-01,1779-12-31,16,隆,Rule-generated Stage7 member for 合成陈氏.,False
1087240,7006,陈世伟,male,1714-01-01,1799-12-31,16,隆,Rule-generated Stage7 member for 合成陈氏.,False
1087241,7006,陈安玉,female,1716-01-01,1764-12-31,16,隆,Rule-generated Stage7 member for 合成陈氏.,False
1087242,7006,陈隆世,male,1718-01-01,1793-12-31,16,隆,Rule-generated Stage7 member for 合成陈氏.,False
1087243,7006,陈明,male,1738-01-01,1796-12-31,17,绍,Rule-generated Stage7 member for 合成陈氏.,False
1087244,7006,陈丽,female,1740-01-01,1829-12-31,17,绍,Rule-generated Stage7 member for 合成陈氏.,False
1087245,7006,陈国明,male,1737-01-01,1787-12-31,17,绍,Rule-generated Stage7 member for 合成陈氏.,False
1087246,7006,陈绍敏,female,1738-01-01,1812-12-31,17,绍,Rule-generated Stage7 member for 合成陈氏.,False
1087247,7006,陈绍伟,male,1735-01-01,1821-12-31,17,绍,Rule-generated Stage7 member for 合成陈氏.,False
1087248,7006,陈绍丽,female,1734-01-01,1776-12-31,17,绍,Rule-generated Stage7 member for 合成陈氏.,False
1087249,7006,陈宗德,male,1740-01-01,1807-12-31,17,绍,Rule-generated Stage7 member for 合成陈氏.,False
1087250,7006,陈明,female,1735-01-01,1807-12-31,17,绍,Rule-generated Stage7 member for 合成陈氏.,False
1087251,7006,陈绍成,male,1735-01-01,1761-12-31,17,绍,Rule-generated Stage7 member for 合成陈氏.,False
1087252,7006,陈绍安,female,1739-01-01,1765-12-31,17,绍,Rule-generated Stage7 member for 合成陈氏.,False
1087253,7006,陈德承,male,1740-01-01,1827-12-31,17,绍,Rule-generated Stage7 member for 合成陈氏.,False
1087254,7006,陈绍敏,female,1734-01-01,1826-12-31,17,绍,Rule-generated Stage7 member for 合成陈氏.,False
1087255,7006,陈成成,male,1740-01-01,1793-12-31,17,绍,Rule-generated Stage7 member for 合成陈氏.,False
1087256,7006,陈绍慧,female,1735-01-01,1794-12-31,17,绍,Rule-generated Stage7 member for 合成陈氏.,False
1087257,7006,陈承德,male,1734-01-01,1813-12-31,17,绍,Rule-generated Stage7 member for 合成陈氏.,False
1087258,7006,陈绍敏,female,1738-01-01,1799-12-31,17,绍,Rule-generated Stage7 member for 合成陈氏.,False
1087259,7006,陈强国,male,1735-01-01,1785-12-31,17,绍,Rule-generated Stage7 member for 合成陈氏.,False
1087260,7006,陈清玉,female,1739-01-01,1827-12-31,17,绍,Rule-generated Stage7 member for 合成陈氏.,False
1087261,7006,陈成景,male,1739-01-01,1817-12-31,17,绍,Rule-generated Stage7 member for 合成陈氏.,False
1087262,7006,陈绍安,female,1737-01-01,1783-12-31,17,绍,Rule-generated Stage7 member for 合成陈氏.,False
1087263,7006,陈绍景,male,1735-01-01,1802-12-31,17,绍,Rule-generated Stage7 member for 合成陈氏.,False
1087264,7006,陈华,female,1739-01-01,1808-12-31,17,绍,Rule-generated Stage7 member for 合成陈氏.,False
1087265,7006,陈承世,male,1735-01-01,1784-12-31,17,绍,Rule-generated Stage7 member for 合成陈氏.,False
1087266,7006,陈敏,female,1739-01-01,1800-12-31,17,绍,Rule-generated Stage7 member for 合成陈氏.,False
1087267,7006,陈敏,male,1738-01-01,1794-12-31,17,绍,Rule-generated Stage7 member for 合成陈氏.,False
1087268,7006,陈安兰,female,1739-01-01,1819-12-31,17,绍,Rule-generated Stage7 member for 合成陈氏.,False
1087269,7006,陈景承,male,1736-01-01,1806-12-31,17,绍,Rule-generated Stage7 member for 合成陈氏.,False
1087270,7006,陈丽梅,female,1735-01-01,1817-12-31,17,绍,Rule-generated Stage7 member for 合成陈氏.,False
1087271,7006,陈绍强,male,1737-01-01,1814-12-31,17,绍,Rule-generated Stage7 member for 合成陈氏.,False
1087272,7006,陈华,female,1737-01-01,1833-12-31,17,绍,Rule-generated Stage7 member for 合成陈氏.,False
1087273,7006,陈文国,male,1735-01-01,1789-12-31,17,绍,Rule-generated Stage7 member for 合成陈氏.,False
1087274,7006,陈敏,female,1740-01-01,1828-12-31,17,绍,Rule-generated Stage7 member for 合成陈氏.,False
1087275,7006,陈绍明,male,1739-01-01,1815-12-31,17,绍,Rule-generated Stage7 member for 合成陈氏.,False
1087276,7006,陈绍敏,female,1739-01-01,1827-12-31,17,绍,Rule-generated Stage7 member for 合成陈氏.,False
1087277,7006,陈伟承,male,1738-01-01,1820-12-31,17,绍,Rule-generated Stage7 member for 合成陈氏.,False
1087278,7006,陈绍丽,female,1734-01-01,1802-12-31,17,绍,Rule-generated Stage7 member for 合成陈氏.,False
1087279,7006,陈绍安,male,1735-01-01,1806-12-31,17,绍,Rule-generated Stage7 member for 合成陈氏.,False
1087280,7006,陈伟,female,1740-01-01,1799-12-31,17,绍,Rule-generated Stage7 member for 合成陈氏.,False
1087281,7006,陈华,male,1738-01-01,1789-12-31,17,绍,Rule-generated Stage7 member for 合成陈氏.,False
1087282,7006,陈绍华,female,1737-01-01,1785-12-31,17,绍,Rule-generated Stage7 member for 合成陈氏.,False
1087283,7006,陈丽,male,1740-01-01,1798-12-31,17,绍,Rule-generated Stage7 member for 合成陈氏.,False
1087284,7006,陈芳雅,female,1740-01-01,1776-12-31,17,绍,Rule-generated Stage7 member for 合成陈氏.,False
1087285,7006,陈伟宗,male,1735-01-01,1801-12-31,17,绍,Rule-generated Stage7 member for 合成陈氏.,False
1087286,7006,陈绍玉,female,1739-01-01,1818-12-31,17,绍,Rule-generated Stage7 member for 合成陈氏.,False
1087287,7006,陈绍文,male,1734-01-01,1819-12-31,17,绍,Rule-generated Stage7 member for 合成陈氏.,False
1087288,7006,陈绍芳,female,1734-01-01,1795-12-31,17,绍,Rule-generated Stage7 member for 合成陈氏.,False
1087289,7006,陈绍明,male,1740-01-01,1806-12-31,17,绍,Rule-generated Stage7 member for 合成陈氏.,False
1087290,7006,陈绍玉,female,1734-01-01,1841-12-31,17,绍,Rule-generated Stage7 member for 合成陈氏.,False
1087291,7006,陈德强,male,1738-01-01,1794-12-31,17,绍,Rule-generated Stage7 member for 合成陈氏.,False
1087292,7006,陈敏兰,female,1735-01-01,1803-12-31,17,绍,Rule-generated Stage7 member for 合成陈氏.,False
1087293,7006,陈绍文,male,1734-01-01,1770-12-31,17,绍,Rule-generated Stage7 member for 合成陈氏.,False
1087294,7006,陈兰慧,female,1734-01-01,1802-12-31,17,绍,Rule-generated Stage7 member for 合成陈氏.,False
1087295,7006,陈绍文,male,1739-01-01,1816-12-31,17,绍,Rule-generated Stage7 member for 合成陈氏.,False
1087296,7006,陈绍芳,female,1735-01-01,1788-12-31,17,绍,Rule-generated Stage7 member for 合成陈氏.,False
1087297,7006,陈宗文,male,1736-01-01,1819-12-31,17,绍,Rule-generated Stage7 member for 合成陈氏.,False
1087298,7006,陈绍慧,female,1735-01-01,1807-12-31,17,绍,Rule-generated Stage7 member for 合成陈氏.,False
1087299,7006,陈绍文,male,1739-01-01,1801-12-31,17,绍,Rule-generated Stage7 member for 合成陈氏.,False
1087300,7006,陈绍玉,female,1736-01-01,1821-12-31,17,绍,Rule-generated Stage7 member for 合成陈氏.,False
1087301,7006,陈绍承,male,1734-01-01,1779-12-31,17,绍,Rule-generated Stage7 member for 合成陈氏.,False
1087302,7006,陈绍丽,female,1738-01-01,1793-12-31,17,绍,Rule-generated Stage7 member for 合成陈氏.,False
1087303,7006,陈绍承,male,1740-01-01,1797-12-31,17,绍,Rule-generated Stage7 member for 合成陈氏.,False
1087304,7006,陈绍玉,female,1740-01-01,1813-12-31,17,绍,Rule-generated Stage7 member for 合成陈氏.,False
1087305,7006,陈绍强,male,1736-01-01,1793-12-31,17,绍,Rule-generated Stage7 member for 合成陈氏.,False
1087306,7006,陈绍兰,female,1739-01-01,1799-12-31,17,绍,Rule-generated Stage7 member for 合成陈氏.,False
1087307,7006,陈绍伟,male,1737-01-01,1814-12-31,17,绍,Rule-generated Stage7 member for 合成陈氏.,False
1087308,7006,陈绍玉,female,1739-01-01,1801-12-31,17,绍,Rule-generated Stage7 member for 合成陈氏.,False
1087309,7006,陈绍文,male,1738-01-01,1822-12-31,17,绍,Rule-generated Stage7 member for 合成陈氏.,False
1087310,7006,陈丽安,female,1739-01-01,1790-12-31,17,绍,Rule-generated Stage7 member for 合成陈氏.,False
1087311,7006,陈绍明,male,1738-01-01,1782-12-31,17,绍,Rule-generated Stage7 member for 合成陈氏.,False
1087312,7006,陈绍慧,female,1740-01-01,1801-12-31,17,绍,Rule-generated Stage7 member for 合成陈氏.,False
1087313,7006,陈敏,male,1737-01-01,1801-12-31,17,绍,Rule-generated Stage7 member for 合成陈氏.,False
1087314,7006,陈华兰,female,1737-01-01,1810-12-31,17,绍,Rule-generated Stage7 member for 合成陈氏.,False
1087315,7006,陈绍安,male,1739-01-01,1781-12-31,17,绍,Rule-generated Stage7 member for 合成陈氏.,False
1087316,7006,陈绍芳,female,1738-01-01,1808-12-31,17,绍,Rule-generated Stage7 member for 合成陈氏.,False
1087317,7006,陈绍国,male,1738-01-01,1772-12-31,17,绍,Rule-generated Stage7 member for 合成陈氏.,False
1087318,7006,陈绍宁,female,1738-01-01,1799-12-31,17,绍,Rule-generated Stage7 member for 合成陈氏.,False
1087319,7006,陈绍国,male,1736-01-01,1800-12-31,17,绍,Rule-generated Stage7 member for 合成陈氏.,False
1087320,7006,陈绍清,female,1736-01-01,1804-12-31,17,绍,Rule-generated Stage7 member for 合成陈氏.,False
1087321,7006,陈强,male,1735-01-01,1806-12-31,17,绍,Rule-generated Stage7 member for 合成陈氏.,False
1087322,7006,陈兰清,female,1735-01-01,1817-12-31,17,绍,Rule-generated Stage7 member for 合成陈氏.,False
1087323,7006,陈绍强,male,1737-01-01,1815-12-31,17,绍,Rule-generated Stage7 member for 合成陈氏.,False
1087324,7006,陈绍慧,female,1735-01-01,1798-12-31,17,绍,Rule-generated Stage7 member for 合成陈氏.,False
1087325,7006,陈绍德,male,1740-01-01,1795-12-31,17,绍,Rule-generated Stage7 member for 合成陈氏.,False
1087326,7006,陈绍宁,female,1735-01-01,1767-12-31,17,绍,Rule-generated Stage7 member for 合成陈氏.,False
1087327,7006,陈绍世,male,1740-01-01,1834-12-31,17,绍,Rule-generated Stage7 member for 合成陈氏.,False
1087328,7006,陈绍玉,female,1735-01-01,1782-12-31,17,绍,Rule-generated Stage7 member for 合成陈氏.,False
1087329,7006,陈绍世,male,1739-01-01,1814-12-31,17,绍,Rule-generated Stage7 member for 合成陈氏.,False
1087330,7006,陈强,female,1734-01-01,1785-12-31,17,绍,Rule-generated Stage7 member for 合成陈氏.,False
1087331,7006,陈绍宗,male,1736-01-01,1798-12-31,17,绍,Rule-generated Stage7 member for 合成陈氏.,False
1087332,7006,陈慧慧,female,1734-01-01,1792-12-31,17,绍,Rule-generated Stage7 member for 合成陈氏.,False
1087333,7006,陈绍德,male,1739-01-01,1788-12-31,17,绍,Rule-generated Stage7 member for 合成陈氏.,False
1087334,7006,陈绍玉,female,1736-01-01,1765-12-31,17,绍,Rule-generated Stage7 member for 合成陈氏.,False
1087335,7006,陈绍景,male,1734-01-01,1830-12-31,17,绍,Rule-generated Stage7 member for 合成陈氏.,False
1087336,7006,陈绍敏,female,1738-01-01,1814-12-31,17,绍,Rule-generated Stage7 member for 合成陈氏.,False
1087337,7006,陈绍德,male,1736-01-01,1766-12-31,17,绍,Rule-generated Stage7 member for 合成陈氏.,False
1087338,7006,陈玉梅,female,1738-01-01,1771-12-31,17,绍,Rule-generated Stage7 member for 合成陈氏.,False
1087339,7006,陈强,male,1737-01-01,1823-12-31,17,绍,Rule-generated Stage7 member for 合成陈氏.,False
1087340,7006,陈绍芳,female,1739-01-01,1803-12-31,17,绍,Rule-generated Stage7 member for 合成陈氏.,False
1087341,7006,陈成宗,male,1739-01-01,1811-12-31,17,绍,Rule-generated Stage7 member for 合成陈氏.,False
1087342,7006,陈敏,female,1736-01-01,1809-12-31,17,绍,Rule-generated Stage7 member for 合成陈氏.,False
1087343,7006,陈绍伟,male,1740-01-01,1805-12-31,17,绍,Rule-generated Stage7 member for 合成陈氏.,False
1087344,7006,陈绍兰,female,1734-01-01,1783-12-31,17,绍,Rule-generated Stage7 member for 合成陈氏.,False
1087345,7006,陈绍明,male,1734-01-01,1825-12-31,17,绍,Rule-generated Stage7 member for 合成陈氏.,False
1087346,7006,陈绍雅,female,1737-01-01,1817-12-31,17,绍,Rule-generated Stage7 member for 合成陈氏.,False
1087347,7006,陈绍伟,male,1738-01-01,1775-12-31,17,绍,Rule-generated Stage7 member for 合成陈氏.,False
1087348,7006,陈丽,female,1738-01-01,1820-12-31,17,绍,Rule-generated Stage7 member for 合成陈氏.,False
1087349,7006,陈景承,male,1739-01-01,1838-12-31,17,绍,Rule-generated Stage7 member for 合成陈氏.,False
1087350,7006,陈绍兰,female,1736-01-01,1781-12-31,17,绍,Rule-generated Stage7 member for 合成陈氏.,False
1087351,7006,陈绍景,male,1740-01-01,1798-12-31,17,绍,Rule-generated Stage7 member for 合成陈氏.,False
1087352,7006,陈宁兰,female,1740-01-01,1795-12-31,17,绍,Rule-generated Stage7 member for 合成陈氏.,False
1087353,7006,陈承景,male,1737-01-01,1824-12-31,17,绍,Rule-generated Stage7 member for 合成陈氏.,False
1087354,7006,陈绍安,female,1738-01-01,1808-12-31,17,绍,Rule-generated Stage7 member for 合成陈氏.,False
1087355,7006,陈绍德,male,1739-01-01,1818-12-31,17,绍,Rule-generated Stage7 member for 合成陈氏.,False
1087356,7006,陈绍华,female,1738-01-01,1796-12-31,17,绍,Rule-generated Stage7 member for 合成陈氏.,False
1087357,7006,陈强景,male,1739-01-01,1807-12-31,17,绍,Rule-generated Stage7 member for 合成陈氏.,False
1087358,7006,陈绍雅,female,1740-01-01,1831-12-31,17,绍,Rule-generated Stage7 member for 合成陈氏.,False
1087359,7006,陈德景,male,1738-01-01,1763-12-31,17,绍,Rule-generated Stage7 member for 合成陈氏.,False
1087360,7006,陈绍丽,female,1737-01-01,1798-12-31,17,绍,Rule-generated Stage7 member for 合成陈氏.,False
1087361,7006,陈明安,male,1735-01-01,1797-12-31,17,绍,Rule-generated Stage7 member for 合成陈氏.,False
1087362,7006,陈绍芳,female,1736-01-01,1799-12-31,17,绍,Rule-generated Stage7 member for 合成陈氏.,False
1087363,7006,陈绍景,male,1734-01-01,1798-12-31,17,绍,Rule-generated Stage7 member for 合成陈氏.,False
1087364,7006,陈慧敏,female,1736-01-01,1817-12-31,17,绍,Rule-generated Stage7 member for 合成陈氏.,False
1087365,7006,陈宗德,male,1739-01-01,1826-12-31,17,绍,Rule-generated Stage7 member for 合成陈氏.,False
1087366,7006,陈兰慧,female,1740-01-01,1782-12-31,17,绍,Rule-generated Stage7 member for 合成陈氏.,False
1087367,7006,陈绍德,male,1734-01-01,1767-12-31,17,绍,Rule-generated Stage7 member for 合成陈氏.,False
1087368,7006,陈绍宁,female,1735-01-01,1785-12-31,17,绍,Rule-generated Stage7 member for 合成陈氏.,False
1087369,7006,陈绍国,male,1740-01-01,1790-12-31,17,绍,Rule-generated Stage7 member for 合成陈氏.,False
1087370,7006,陈强,female,1740-01-01,1766-12-31,17,绍,Rule-generated Stage7 member for 合成陈氏.,False
1087371,7006,陈绍文,male,1735-01-01,1809-12-31,17,绍,Rule-generated Stage7 member for 合成陈氏.,False
1087372,7006,陈华,female,1734-01-01,1827-12-31,17,绍,Rule-generated Stage7 member for 合成陈氏.,False
1087373,7006,陈绍安,male,1737-01-01,1780-12-31,17,绍,Rule-generated Stage7 member for 合成陈氏.,False
1087374,7006,陈绍慧,female,1738-01-01,1769-12-31,17,绍,Rule-generated Stage7 member for 合成陈氏.,False
1087375,7006,陈承宗,male,1736-01-01,1793-12-31,17,绍,Rule-generated Stage7 member for 合成陈氏.,False
1087376,7006,陈绍安,female,1739-01-01,1808-12-31,17,绍,Rule-generated Stage7 member for 合成陈氏.,False
1087377,7006,陈明伟,male,1739-01-01,1789-12-31,17,绍,Rule-generated Stage7 member for 合成陈氏.,False
1087378,7006,陈梅宁,female,1737-01-01,1827-12-31,17,绍,Rule-generated Stage7 member for 合成陈氏.,False
1087379,7006,陈华,male,1740-01-01,1804-12-31,17,绍,Rule-generated Stage7 member for 合成陈氏.,False
1087380,7006,陈绍华,female,1735-01-01,1830-12-31,17,绍,Rule-generated Stage7 member for 合成陈氏.,False
1087381,7006,陈敏,male,1740-01-01,1801-12-31,17,绍,Rule-generated Stage7 member for 合成陈氏.,False
1087382,7006,陈绍清,female,1736-01-01,1800-12-31,17,绍,Rule-generated Stage7 member for 合成陈氏.,False
1087383,7006,陈景成,male,1736-01-01,1808-12-31,17,绍,Rule-generated Stage7 member for 合成陈氏.,False
1087384,7006,陈绍安,female,1734-01-01,1768-12-31,17,绍,Rule-generated Stage7 member for 合成陈氏.,False
1087385,7006,陈绍宗,male,1740-01-01,1829-12-31,17,绍,Rule-generated Stage7 member for 合成陈氏.,False
1087386,7006,陈绍芳,female,1735-01-01,1791-12-31,17,绍,Rule-generated Stage7 member for 合成陈氏.,False
1087387,7006,陈绍成,male,1738-01-01,1809-12-31,17,绍,Rule-generated Stage7 member for 合成陈氏.,False
1087388,7006,陈华敏,female,1734-01-01,1761-12-31,17,绍,Rule-generated Stage7 member for 合成陈氏.,False
1087389,7006,陈文国,male,1738-01-01,1796-12-31,17,绍,Rule-generated Stage7 member for 合成陈氏.,False
1087390,7006,陈绍清,female,1739-01-01,1804-12-31,17,绍,Rule-generated Stage7 member for 合成陈氏.,False
1087391,7006,陈绍明,male,1737-01-01,1793-12-31,17,绍,Rule-generated Stage7 member for 合成陈氏.,False
1087392,7006,陈丽,female,1737-01-01,1796-12-31,17,绍,Rule-generated Stage7 member for 合成陈氏.,False
1087393,7006,陈世景,male,1738-01-01,1787-12-31,17,绍,Rule-generated Stage7 member for 合成陈氏.,False
1087394,7006,陈绍兰,female,1737-01-01,1838-12-31,17,绍,Rule-generated Stage7 member for 合成陈氏.,False
1087395,7006,陈绍伟,male,1734-01-01,1811-12-31,17,绍,Rule-generated Stage7 member for 合成陈氏.,False
1087396,7006,陈绍清,female,1737-01-01,1789-12-31,17,绍,Rule-generated Stage7 member for 合成陈氏.,False
1087397,7006,陈丽,male,1740-01-01,1789-12-31,17,绍,Rule-generated Stage7 member for 合成陈氏.,False
1087398,7006,陈绍雅,female,1738-01-01,1814-12-31,17,绍,Rule-generated Stage7 member for 合成陈氏.,False
1087399,7006,陈绍伟,male,1734-01-01,1813-12-31,17,绍,Rule-generated Stage7 member for 合成陈氏.,False
1087400,7006,陈绍芳,female,1739-01-01,1795-12-31,17,绍,Rule-generated Stage7 member for 合成陈氏.,False
1087401,7006,陈绍世,male,1735-01-01,1804-12-31,17,绍,Rule-generated Stage7 member for 合成陈氏.,False
1087402,7006,陈绍慧,female,1736-01-01,1792-12-31,17,绍,Rule-generated Stage7 member for 合成陈氏.,False
1087403,7006,陈强文,male,1734-01-01,1813-12-31,17,绍,Rule-generated Stage7 member for 合成陈氏.,False
1087404,7006,陈强,female,1737-01-01,1791-12-31,17,绍,Rule-generated Stage7 member for 合成陈氏.,False
1087405,7006,陈绍国,male,1740-01-01,1789-12-31,17,绍,Rule-generated Stage7 member for 合成陈氏.,False
1087406,7006,陈绍华,female,1738-01-01,1792-12-31,17,绍,Rule-generated Stage7 member for 合成陈氏.,False
1087407,7006,陈绍成,male,1737-01-01,1796-12-31,17,绍,Rule-generated Stage7 member for 合成陈氏.,False
1087408,7006,陈绍清,female,1738-01-01,1798-12-31,17,绍,Rule-generated Stage7 member for 合成陈氏.,False
1087409,7006,陈绍强,male,1736-01-01,1814-12-31,17,绍,Rule-generated Stage7 member for 合成陈氏.,False
1087410,7006,陈绍雅,female,1738-01-01,1817-12-31,17,绍,Rule-generated Stage7 member for 合成陈氏.,False
1087411,7006,陈景安,male,1740-01-01,1813-12-31,17,绍,Rule-generated Stage7 member for 合成陈氏.,False
1087412,7006,陈绍丽,female,1739-01-01,1826-12-31,17,绍,Rule-generated Stage7 member for 合成陈氏.,False
1087413,7006,陈德国,male,1735-01-01,1812-12-31,17,绍,Rule-generated Stage7 member for 合成陈氏.,False
1087414,7006,陈雅华,female,1739-01-01,1812-12-31,17,绍,Rule-generated Stage7 member for 合成陈氏.,False
1087415,7006,陈绍安,male,1738-01-01,1813-12-31,17,绍,Rule-generated Stage7 member for 合成陈氏.,False
1087416,7006,陈绍芳,female,1735-01-01,1807-12-31,17,绍,Rule-generated Stage7 member for 合成陈氏.,False
1087417,7006,陈敏,male,1736-01-01,1782-12-31,17,绍,Rule-generated Stage7 member for 合成陈氏.,False
1087418,7006,陈华,female,1740-01-01,1804-12-31,17,绍,Rule-generated Stage7 member for 合成陈氏.,False
1087419,7006,陈绍宗,male,1738-01-01,1816-12-31,17,绍,Rule-generated Stage7 member for 合成陈氏.,False
1087420,7006,陈绍清,female,1735-01-01,1826-12-31,17,绍,Rule-generated Stage7 member for 合成陈氏.,False
1087421,7006,陈绍承,male,1735-01-01,1780-12-31,17,绍,Rule-generated Stage7 member for 合成陈氏.,False
1087422,7006,陈宁雅,female,1739-01-01,1824-12-31,17,绍,Rule-generated Stage7 member for 合成陈氏.,False
1087423,7006,陈绍承,male,1740-01-01,1776-12-31,17,绍,Rule-generated Stage7 member for 合成陈氏.,False
1087424,7006,陈绍敏,female,1736-01-01,1818-12-31,17,绍,Rule-generated Stage7 member for 合成陈氏.,False
1087425,7006,陈绍德,male,1736-01-01,1808-12-31,17,绍,Rule-generated Stage7 member for 合成陈氏.,False
1087426,7006,陈伟,female,1740-01-01,1799-12-31,17,绍,Rule-generated Stage7 member for 合成陈氏.,False
1087427,7006,陈世世,male,1740-01-01,1813-12-31,17,绍,Rule-generated Stage7 member for 合成陈氏.,False
1087428,7006,陈玉丽,female,1740-01-01,1797-12-31,17,绍,Rule-generated Stage7 member for 合成陈氏.,False
1087429,7006,陈绍明,male,1738-01-01,1810-12-31,17,绍,Rule-generated Stage7 member for 合成陈氏.,False
1087430,7006,陈绍安,female,1739-01-01,1805-12-31,17,绍,Rule-generated Stage7 member for 合成陈氏.,False
1087431,7006,陈绍宗,male,1740-01-01,1792-12-31,17,绍,Rule-generated Stage7 member for 合成陈氏.,False
1087432,7006,陈雅兰,female,1739-01-01,1789-12-31,17,绍,Rule-generated Stage7 member for 合成陈氏.,False
1087433,7006,陈世强,male,1736-01-01,1808-12-31,17,绍,Rule-generated Stage7 member for 合成陈氏.,False
1087434,7006,陈绍慧,female,1734-01-01,1813-12-31,17,绍,Rule-generated Stage7 member for 合成陈氏.,False
1087435,7006,陈绍成,male,1735-01-01,1798-12-31,17,绍,Rule-generated Stage7 member for 合成陈氏.,False
1087436,7006,陈绍慧,female,1740-01-01,1782-12-31,17,绍,Rule-generated Stage7 member for 合成陈氏.,False
1087437,7006,陈明德,male,1737-01-01,1825-12-31,17,绍,Rule-generated Stage7 member for 合成陈氏.,False
1087438,7006,陈伟,female,1737-01-01,1794-12-31,17,绍,Rule-generated Stage7 member for 合成陈氏.,False
1087439,7006,陈绍强,male,1737-01-01,1787-12-31,17,绍,Rule-generated Stage7 member for 合成陈氏.,False
1087440,7006,陈强,female,1735-01-01,1759-12-31,17,绍,Rule-generated Stage7 member for 合成陈氏.,False
1087441,7006,陈绍文,male,1739-01-01,1819-12-31,17,绍,Rule-generated Stage7 member for 合成陈氏.,False
1087442,7006,陈伟,female,1740-01-01,1823-12-31,17,绍,Rule-generated Stage7 member for 合成陈氏.,False
1087443,7006,陈敏,male,1740-01-01,1833-12-31,17,绍,Rule-generated Stage7 member for 合成陈氏.,False
1087444,7006,陈绍华,female,1736-01-01,1771-12-31,17,绍,Rule-generated Stage7 member for 合成陈氏.,False
1087445,7006,陈绍景,male,1739-01-01,1807-12-31,17,绍,Rule-generated Stage7 member for 合成陈氏.,False
1087446,7006,陈芳华,female,1736-01-01,1788-12-31,17,绍,Rule-generated Stage7 member for 合成陈氏.,False
1087447,7006,陈绍安,male,1739-01-01,1802-12-31,17,绍,Rule-generated Stage7 member for 合成陈氏.,False
1087448,7006,陈绍敏,female,1738-01-01,1815-12-31,17,绍,Rule-generated Stage7 member for 合成陈氏.,False
1087449,7006,陈宗承,male,1735-01-01,1810-12-31,17,绍,Rule-generated Stage7 member for 合成陈氏.,False
1087450,7006,陈绍兰,female,1738-01-01,1830-12-31,17,绍,Rule-generated Stage7 member for 合成陈氏.,False
1087451,7006,陈安国,male,1736-01-01,1824-12-31,17,绍,Rule-generated Stage7 member for 合成陈氏.,False
1087452,7006,陈绍芳,female,1735-01-01,1816-12-31,17,绍,Rule-generated Stage7 member for 合成陈氏.,False
1087453,7006,陈世伟,male,1739-01-01,1788-12-31,17,绍,Rule-generated Stage7 member for 合成陈氏.,False
1087454,7006,陈绍雅,female,1736-01-01,1797-12-31,17,绍,Rule-generated Stage7 member for 合成陈氏.,False
1087455,7006,陈绍明,male,1737-01-01,1775-12-31,17,绍,Rule-generated Stage7 member for 合成陈氏.,False
1087456,7006,陈华芳,female,1740-01-01,1810-12-31,17,绍,Rule-generated Stage7 member for 合成陈氏.,False
1087457,7006,陈敏,male,1740-01-01,1808-12-31,17,绍,Rule-generated Stage7 member for 合成陈氏.,False
1087458,7006,陈兰玉,female,1739-01-01,1810-12-31,17,绍,Rule-generated Stage7 member for 合成陈氏.,False
1087459,7006,陈承宗,male,1739-01-01,1810-12-31,17,绍,Rule-generated Stage7 member for 合成陈氏.,False
1087460,7006,陈绍华,female,1738-01-01,1813-12-31,17,绍,Rule-generated Stage7 member for 合成陈氏.,False
1087461,7006,陈绍国,male,1736-01-01,1807-12-31,17,绍,Rule-generated Stage7 member for 合成陈氏.,False
1087462,7006,陈绍清,female,1739-01-01,1795-12-31,17,绍,Rule-generated Stage7 member for 合成陈氏.,False
1087463,7006,陈绍承,male,1734-01-01,1759-12-31,17,绍,Rule-generated Stage7 member for 合成陈氏.,False
1087464,7006,陈绍敏,female,1740-01-01,1822-12-31,17,绍,Rule-generated Stage7 member for 合成陈氏.,False
1087465,7006,陈宗国,male,1737-01-01,1826-12-31,17,绍,Rule-generated Stage7 member for 合成陈氏.,False
1087466,7006,陈华,female,1734-01-01,1803-12-31,17,绍,Rule-generated Stage7 member for 合成陈氏.,False
1087467,7006,陈绍伟,male,1734-01-01,1797-12-31,17,绍,Rule-generated Stage7 member for 合成陈氏.,False
1087468,7006,陈绍敏,female,1737-01-01,1822-12-31,17,绍,Rule-generated Stage7 member for 合成陈氏.,False
1087469,7006,陈绍承,male,1736-01-01,1796-12-31,17,绍,Rule-generated Stage7 member for 合成陈氏.,False
1087470,7006,陈绍梅,female,1737-01-01,1801-12-31,17,绍,Rule-generated Stage7 member for 合成陈氏.,False
1087471,7006,陈国安,male,1736-01-01,1834-12-31,17,绍,Rule-generated Stage7 member for 合成陈氏.,False
1087472,7006,陈绍玉,female,1736-01-01,1798-12-31,17,绍,Rule-generated Stage7 member for 合成陈氏.,False
1087473,7006,陈强,male,1739-01-01,1783-12-31,17,绍,Rule-generated Stage7 member for 合成陈氏.,False
1087474,7006,陈敏敏,female,1740-01-01,1825-12-31,17,绍,Rule-generated Stage7 member for 合成陈氏.,False
1087475,7006,陈绍明,male,1739-01-01,1805-12-31,17,绍,Rule-generated Stage7 member for 合成陈氏.,False
1087476,7006,陈宗明,male,1758-01-01,1802-12-31,18,启,Rule-generated Stage7 member for 合成陈氏.,False
1087477,7006,陈慧玉,female,1758-01-01,1859-12-31,18,启,Rule-generated Stage7 member for 合成陈氏.,False
1087478,7006,陈启宗,male,1756-01-01,1809-12-31,18,启,Rule-generated Stage7 member for 合成陈氏.,False
1087479,7006,陈启梅,female,1760-01-01,1850-12-31,18,启,Rule-generated Stage7 member for 合成陈氏.,False
1087480,7006,陈启安,male,1757-01-01,1820-12-31,18,启,Rule-generated Stage7 member for 合成陈氏.,False
1087481,7006,陈华,female,1756-01-01,1826-12-31,18,启,Rule-generated Stage7 member for 合成陈氏.,False
1087482,7006,陈启国,male,1756-01-01,1848-12-31,18,启,Rule-generated Stage7 member for 合成陈氏.,False
1087483,7006,陈慧宁,female,1758-01-01,1796-12-31,18,启,Rule-generated Stage7 member for 合成陈氏.,False
1087484,7006,陈启国,male,1758-01-01,1830-12-31,18,启,Rule-generated Stage7 member for 合成陈氏.,False
1087485,7006,陈启雅,female,1760-01-01,1795-12-31,18,启,Rule-generated Stage7 member for 合成陈氏.,False
1087486,7006,陈世承,male,1759-01-01,1846-12-31,18,启,Rule-generated Stage7 member for 合成陈氏.,False
1087487,7006,陈启梅,female,1759-01-01,1854-12-31,18,启,Rule-generated Stage7 member for 合成陈氏.,False
1087488,7006,陈文强,male,1761-01-01,1838-12-31,18,启,Rule-generated Stage7 member for 合成陈氏.,False
1087489,7006,陈启宁,female,1759-01-01,1827-12-31,18,启,Rule-generated Stage7 member for 合成陈氏.,False
1087490,7006,陈启文,male,1758-01-01,1838-12-31,18,启,Rule-generated Stage7 member for 合成陈氏.,False
1087491,7006,陈启芳,female,1756-01-01,1834-12-31,18,启,Rule-generated Stage7 member for 合成陈氏.,False
1087492,7006,陈启承,male,1757-01-01,1790-12-31,18,启,Rule-generated Stage7 member for 合成陈氏.,False
1087493,7006,陈清梅,female,1756-01-01,1822-12-31,18,启,Rule-generated Stage7 member for 合成陈氏.,False
1087494,7006,陈丽,male,1757-01-01,1830-12-31,18,启,Rule-generated Stage7 member for 合成陈氏.,False
1087495,7006,陈清兰,female,1759-01-01,1834-12-31,18,启,Rule-generated Stage7 member for 合成陈氏.,False
1087496,7006,陈启宗,male,1755-01-01,1837-12-31,18,启,Rule-generated Stage7 member for 合成陈氏.,False
1087497,7006,陈启宁,female,1757-01-01,1821-12-31,18,启,Rule-generated Stage7 member for 合成陈氏.,False
1087498,7006,陈启文,male,1758-01-01,1815-12-31,18,启,Rule-generated Stage7 member for 合成陈氏.,False
1087499,7006,陈清玉,female,1758-01-01,1797-12-31,18,启,Rule-generated Stage7 member for 合成陈氏.,False
1087500,7006,陈启成,male,1756-01-01,1827-12-31,18,启,Rule-generated Stage7 member for 合成陈氏.,False
1087501,7006,陈启雅,female,1759-01-01,1819-12-31,18,启,Rule-generated Stage7 member for 合成陈氏.,False
1087502,7006,陈文宗,male,1760-01-01,1842-12-31,18,启,Rule-generated Stage7 member for 合成陈氏.,False
1087503,7006,陈清丽,female,1758-01-01,1813-12-31,18,启,Rule-generated Stage7 member for 合成陈氏.,False
1087504,7006,陈启成,male,1760-01-01,1815-12-31,18,启,Rule-generated Stage7 member for 合成陈氏.,False
1087505,7006,陈启芳,female,1758-01-01,1839-12-31,18,启,Rule-generated Stage7 member for 合成陈氏.,False
1087506,7006,陈世成,male,1760-01-01,1828-12-31,18,启,Rule-generated Stage7 member for 合成陈氏.,False
1087507,7006,陈启敏,female,1757-01-01,1805-12-31,18,启,Rule-generated Stage7 member for 合成陈氏.,False
1087508,7006,陈国景,male,1757-01-01,1834-12-31,18,启,Rule-generated Stage7 member for 合成陈氏.,False
1087509,7006,陈启华,female,1761-01-01,1826-12-31,18,启,Rule-generated Stage7 member for 合成陈氏.,False
1087510,7006,陈承德,male,1757-01-01,1818-12-31,18,启,Rule-generated Stage7 member for 合成陈氏.,False
1087511,7006,陈丽安,female,1761-01-01,1814-12-31,18,启,Rule-generated Stage7 member for 合成陈氏.,False
1087512,7006,陈启文,male,1756-01-01,1829-12-31,18,启,Rule-generated Stage7 member for 合成陈氏.,False
1087513,7006,陈清兰,female,1755-01-01,1795-12-31,18,启,Rule-generated Stage7 member for 合成陈氏.,False
1087514,7006,陈国强,male,1758-01-01,1801-12-31,18,启,Rule-generated Stage7 member for 合成陈氏.,False
1087515,7006,陈慧雅,female,1760-01-01,1844-12-31,18,启,Rule-generated Stage7 member for 合成陈氏.,False
1087516,7006,陈安国,male,1759-01-01,1843-12-31,18,启,Rule-generated Stage7 member for 合成陈氏.,False
1087517,7006,陈华,female,1761-01-01,1806-12-31,18,启,Rule-generated Stage7 member for 合成陈氏.,False
1087518,7006,陈启明,male,1759-01-01,1861-12-31,18,启,Rule-generated Stage7 member for 合成陈氏.,False
1087519,7006,陈启宁,female,1756-01-01,1832-12-31,18,启,Rule-generated Stage7 member for 合成陈氏.,False
1087520,7006,陈启宗,male,1760-01-01,1805-12-31,18,启,Rule-generated Stage7 member for 合成陈氏.,False
1087521,7006,陈丽梅,female,1758-01-01,1808-12-31,18,启,Rule-generated Stage7 member for 合成陈氏.,False
1087522,7006,陈启成,male,1758-01-01,1819-12-31,18,启,Rule-generated Stage7 member for 合成陈氏.,False
1087523,7006,陈启丽,female,1758-01-01,1825-12-31,18,启,Rule-generated Stage7 member for 合成陈氏.,False
1087524,7006,陈启成,male,1757-01-01,1813-12-31,18,启,Rule-generated Stage7 member for 合成陈氏.,False
1087525,7006,陈敏安,female,1758-01-01,1834-12-31,18,启,Rule-generated Stage7 member for 合成陈氏.,False
1087526,7006,陈启安,male,1755-01-01,1837-12-31,18,启,Rule-generated Stage7 member for 合成陈氏.,False
1087527,7006,陈清敏,female,1757-01-01,1851-12-31,18,启,Rule-generated Stage7 member for 合成陈氏.,False
1087528,7006,陈文承,male,1758-01-01,1807-12-31,18,启,Rule-generated Stage7 member for 合成陈氏.,False
1087529,7006,陈华玉,female,1761-01-01,1783-12-31,18,启,Rule-generated Stage7 member for 合成陈氏.,False
1087530,7006,陈明宗,male,1755-01-01,1840-12-31,18,启,Rule-generated Stage7 member for 合成陈氏.,False
1087531,7006,陈启芳,female,1757-01-01,1805-12-31,18,启,Rule-generated Stage7 member for 合成陈氏.,False
1087532,7006,陈启国,male,1761-01-01,1802-12-31,18,启,Rule-generated Stage7 member for 合成陈氏.,False
1087533,7006,陈芳芳,female,1761-01-01,1811-12-31,18,启,Rule-generated Stage7 member for 合成陈氏.,False
1087534,7006,陈启景,male,1755-01-01,1811-12-31,18,启,Rule-generated Stage7 member for 合成陈氏.,False
1087535,7006,陈启华,female,1760-01-01,1830-12-31,18,启,Rule-generated Stage7 member for 合成陈氏.,False
1087536,7006,陈启景,male,1759-01-01,1802-12-31,18,启,Rule-generated Stage7 member for 合成陈氏.,False
1087537,7006,陈雅慧,female,1755-01-01,1842-12-31,18,启,Rule-generated Stage7 member for 合成陈氏.,False
1087538,7006,陈启宗,male,1756-01-01,1825-12-31,18,启,Rule-generated Stage7 member for 合成陈氏.,False
1087539,7006,陈启慧,female,1755-01-01,1821-12-31,18,启,Rule-generated Stage7 member for 合成陈氏.,False
1087540,7006,陈安世,male,1759-01-01,1861-12-31,18,启,Rule-generated Stage7 member for 合成陈氏.,False
1087541,7006,陈启丽,female,1756-01-01,1819-12-31,18,启,Rule-generated Stage7 member for 合成陈氏.,False
1087542,7006,陈启强,male,1755-01-01,1831-12-31,18,启,Rule-generated Stage7 member for 合成陈氏.,False
1087543,7006,陈启慧,female,1757-01-01,1853-12-31,18,启,Rule-generated Stage7 member for 合成陈氏.,False
1087544,7006,陈启宗,male,1761-01-01,1813-12-31,18,启,Rule-generated Stage7 member for 合成陈氏.,False
1087545,7006,陈启清,female,1758-01-01,1841-12-31,18,启,Rule-generated Stage7 member for 合成陈氏.,False
1087546,7006,陈宗明,male,1756-01-01,1801-12-31,18,启,Rule-generated Stage7 member for 合成陈氏.,False
1087547,7006,陈启华,female,1757-01-01,1830-12-31,18,启,Rule-generated Stage7 member for 合成陈氏.,False
1087548,7006,陈启德,male,1761-01-01,1812-12-31,18,启,Rule-generated Stage7 member for 合成陈氏.,False
1087549,7006,陈宁梅,female,1761-01-01,1833-12-31,18,启,Rule-generated Stage7 member for 合成陈氏.,False
1087550,7006,陈启安,male,1761-01-01,1789-12-31,18,启,Rule-generated Stage7 member for 合成陈氏.,False
1087551,7006,陈安慧,female,1758-01-01,1852-12-31,18,启,Rule-generated Stage7 member for 合成陈氏.,False
1087552,7006,陈启强,male,1755-01-01,1840-12-31,18,启,Rule-generated Stage7 member for 合成陈氏.,False
1087553,7006,陈启敏,female,1761-01-01,1825-12-31,18,启,Rule-generated Stage7 member for 合成陈氏.,False
1087554,7006,陈德明,male,1757-01-01,1838-12-31,18,启,Rule-generated Stage7 member for 合成陈氏.,False
1087555,7006,陈慧兰,female,1755-01-01,1800-12-31,18,启,Rule-generated Stage7 member for 合成陈氏.,False
1087556,7006,陈启明,male,1757-01-01,1827-12-31,18,启,Rule-generated Stage7 member for 合成陈氏.,False
1087557,7006,陈强,female,1755-01-01,1832-12-31,18,启,Rule-generated Stage7 member for 合成陈氏.,False
1087558,7006,陈德承,male,1759-01-01,1826-12-31,18,启,Rule-generated Stage7 member for 合成陈氏.,False
1087559,7006,陈慧雅,female,1758-01-01,1792-12-31,18,启,Rule-generated Stage7 member for 合成陈氏.,False
1087560,7006,陈丽,male,1757-01-01,1848-12-31,18,启,Rule-generated Stage7 member for 合成陈氏.,False
1087561,7006,陈启宁,female,1755-01-01,1796-12-31,18,启,Rule-generated Stage7 member for 合成陈氏.,False
1087562,7006,陈承承,male,1760-01-01,1827-12-31,18,启,Rule-generated Stage7 member for 合成陈氏.,False
1087563,7006,陈启慧,female,1761-01-01,1822-12-31,18,启,Rule-generated Stage7 member for 合成陈氏.,False
1087564,7006,陈启世,male,1761-01-01,1792-12-31,18,启,Rule-generated Stage7 member for 合成陈氏.,False
1087565,7006,陈敏清,female,1761-01-01,1803-12-31,18,启,Rule-generated Stage7 member for 合成陈氏.,False
1087566,7006,陈启景,male,1759-01-01,1830-12-31,18,启,Rule-generated Stage7 member for 合成陈氏.,False
1087567,7006,陈启慧,female,1756-01-01,1855-12-31,18,启,Rule-generated Stage7 member for 合成陈氏.,False
1087568,7006,陈强,male,1760-01-01,1823-12-31,18,启,Rule-generated Stage7 member for 合成陈氏.,False
1087569,7006,陈敏,female,1760-01-01,1838-12-31,18,启,Rule-generated Stage7 member for 合成陈氏.,False
1087570,7006,陈成德,male,1757-01-01,1835-12-31,18,启,Rule-generated Stage7 member for 合成陈氏.,False
1087571,7006,陈启清,female,1756-01-01,1817-12-31,18,启,Rule-generated Stage7 member for 合成陈氏.,False
1087572,7006,陈启伟,male,1756-01-01,1861-12-31,18,启,Rule-generated Stage7 member for 合成陈氏.,False
1087573,7006,陈启清,female,1757-01-01,1805-12-31,18,启,Rule-generated Stage7 member for 合成陈氏.,False
1087574,7006,陈启明,male,1759-01-01,1831-12-31,18,启,Rule-generated Stage7 member for 合成陈氏.,False
1087575,7006,陈启丽,female,1759-01-01,1849-12-31,18,启,Rule-generated Stage7 member for 合成陈氏.,False
1087576,7006,陈承文,male,1760-01-01,1809-12-31,18,启,Rule-generated Stage7 member for 合成陈氏.,False
1087577,7006,陈华,female,1755-01-01,1827-12-31,18,启,Rule-generated Stage7 member for 合成陈氏.,False
1087578,7006,陈丽,male,1757-01-01,1833-12-31,18,启,Rule-generated Stage7 member for 合成陈氏.,False
1087579,7006,陈启安,female,1755-01-01,1800-12-31,18,启,Rule-generated Stage7 member for 合成陈氏.,False
1087580,7006,陈敏,male,1759-01-01,1789-12-31,18,启,Rule-generated Stage7 member for 合成陈氏.,False
1087581,7006,陈启玉,female,1759-01-01,1848-12-31,18,启,Rule-generated Stage7 member for 合成陈氏.,False
1087582,7006,陈强景,male,1755-01-01,1851-12-31,18,启,Rule-generated Stage7 member for 合成陈氏.,False
1087583,7006,陈敏,female,1756-01-01,1845-12-31,18,启,Rule-generated Stage7 member for 合成陈氏.,False
1087584,7006,陈德明,male,1761-01-01,1863-12-31,18,启,Rule-generated Stage7 member for 合成陈氏.,False
1087585,7006,陈启雅,female,1759-01-01,1853-12-31,18,启,Rule-generated Stage7 member for 合成陈氏.,False
1087586,7006,陈启德,male,1756-01-01,1785-12-31,18,启,Rule-generated Stage7 member for 合成陈氏.,False
1087587,7006,陈华,female,1756-01-01,1810-12-31,18,启,Rule-generated Stage7 member for 合成陈氏.,False
1087588,7006,陈世伟,male,1757-01-01,1819-12-31,18,启,Rule-generated Stage7 member for 合成陈氏.,False
1087589,7006,陈慧兰,female,1761-01-01,1867-12-31,18,启,Rule-generated Stage7 member for 合成陈氏.,False
1087590,7006,陈明德,male,1755-01-01,1793-12-31,18,启,Rule-generated Stage7 member for 合成陈氏.,False
1087591,7006,陈启兰,female,1760-01-01,1825-12-31,18,启,Rule-generated Stage7 member for 合成陈氏.,False
1087592,7006,陈明,male,1756-01-01,1794-12-31,18,启,Rule-generated Stage7 member for 合成陈氏.,False
1087593,7006,陈玉华,female,1755-01-01,1824-12-31,18,启,Rule-generated Stage7 member for 合成陈氏.,False
1087594,7006,陈启德,male,1755-01-01,1800-12-31,18,启,Rule-generated Stage7 member for 合成陈氏.,False
1087595,7006,陈华,female,1757-01-01,1821-12-31,18,启,Rule-generated Stage7 member for 合成陈氏.,False
1087596,7006,陈启国,male,1759-01-01,1826-12-31,18,启,Rule-generated Stage7 member for 合成陈氏.,False
1087597,7006,陈启玉,female,1755-01-01,1815-12-31,18,启,Rule-generated Stage7 member for 合成陈氏.,False
1087598,7006,陈德国,male,1757-01-01,1804-12-31,18,启,Rule-generated Stage7 member for 合成陈氏.,False
1087599,7006,陈丽敏,female,1759-01-01,1859-12-31,18,启,Rule-generated Stage7 member for 合成陈氏.,False
1087600,7006,陈德安,male,1761-01-01,1804-12-31,18,启,Rule-generated Stage7 member for 合成陈氏.,False
1087601,7006,陈启清,female,1760-01-01,1823-12-31,18,启,Rule-generated Stage7 member for 合成陈氏.,False
1087602,7006,陈承伟,male,1761-01-01,1792-12-31,18,启,Rule-generated Stage7 member for 合成陈氏.,False
1087603,7006,陈兰梅,female,1757-01-01,1845-12-31,18,启,Rule-generated Stage7 member for 合成陈氏.,False
1087604,7006,陈启宗,male,1759-01-01,1821-12-31,18,启,Rule-generated Stage7 member for 合成陈氏.,False
1087605,7006,陈慧清,female,1758-01-01,1792-12-31,18,启,Rule-generated Stage7 member for 合成陈氏.,False
1087606,7006,陈启承,male,1759-01-01,1813-12-31,18,启,Rule-generated Stage7 member for 合成陈氏.,False
1087607,7006,陈启雅,female,1756-01-01,1830-12-31,18,启,Rule-generated Stage7 member for 合成陈氏.,False
1087608,7006,陈安安,male,1758-01-01,1822-12-31,18,启,Rule-generated Stage7 member for 合成陈氏.,False
1087609,7006,陈华,female,1758-01-01,1839-12-31,18,启,Rule-generated Stage7 member for 合成陈氏.,False
1087610,7006,陈启景,male,1758-01-01,1802-12-31,18,启,Rule-generated Stage7 member for 合成陈氏.,False
1087611,7006,陈华慧,female,1755-01-01,1782-12-31,18,启,Rule-generated Stage7 member for 合成陈氏.,False
1087612,7006,陈强,male,1759-01-01,1794-12-31,18,启,Rule-generated Stage7 member for 合成陈氏.,False
1087613,7006,陈玉华,female,1760-01-01,1822-12-31,18,启,Rule-generated Stage7 member for 合成陈氏.,False
1087614,7006,陈启安,male,1759-01-01,1818-12-31,18,启,Rule-generated Stage7 member for 合成陈氏.,False
1087615,7006,陈启宁,female,1761-01-01,1814-12-31,18,启,Rule-generated Stage7 member for 合成陈氏.,False
1087616,7006,陈启强,male,1760-01-01,1814-12-31,18,启,Rule-generated Stage7 member for 合成陈氏.,False
1087617,7006,陈芳雅,female,1761-01-01,1847-12-31,18,启,Rule-generated Stage7 member for 合成陈氏.,False
1087618,7006,陈启德,male,1756-01-01,1827-12-31,18,启,Rule-generated Stage7 member for 合成陈氏.,False
1087619,7006,陈强,female,1755-01-01,1834-12-31,18,启,Rule-generated Stage7 member for 合成陈氏.,False
1087620,7006,陈启景,male,1756-01-01,1808-12-31,18,启,Rule-generated Stage7 member for 合成陈氏.,False
1087621,7006,陈启兰,female,1760-01-01,1833-12-31,18,启,Rule-generated Stage7 member for 合成陈氏.,False
1087622,7006,陈世景,male,1755-01-01,1826-12-31,18,启,Rule-generated Stage7 member for 合成陈氏.,False
1087623,7006,陈启清,female,1758-01-01,1800-12-31,18,启,Rule-generated Stage7 member for 合成陈氏.,False
1087624,7006,陈启国,male,1757-01-01,1844-12-31,18,启,Rule-generated Stage7 member for 合成陈氏.,False
1087625,7006,陈明,female,1759-01-01,1810-12-31,18,启,Rule-generated Stage7 member for 合成陈氏.,False
1087626,7006,陈华,male,1761-01-01,1792-12-31,18,启,Rule-generated Stage7 member for 合成陈氏.,False
1087627,7006,陈启敏,female,1756-01-01,1842-12-31,18,启,Rule-generated Stage7 member for 合成陈氏.,False
1087628,7006,陈承伟,male,1760-01-01,1832-12-31,18,启,Rule-generated Stage7 member for 合成陈氏.,False
1087629,7006,陈清敏,female,1755-01-01,1844-12-31,18,启,Rule-generated Stage7 member for 合成陈氏.,False
1087630,7006,陈启宗,male,1761-01-01,1815-12-31,18,启,Rule-generated Stage7 member for 合成陈氏.,False
1087631,7006,陈雅玉,female,1757-01-01,1856-12-31,18,启,Rule-generated Stage7 member for 合成陈氏.,False
1087632,7006,陈明,male,1760-01-01,1826-12-31,18,启,Rule-generated Stage7 member for 合成陈氏.,False
1087633,7006,陈清华,female,1761-01-01,1823-12-31,18,启,Rule-generated Stage7 member for 合成陈氏.,False
1087634,7006,陈伟世,male,1756-01-01,1830-12-31,18,启,Rule-generated Stage7 member for 合成陈氏.,False
1087635,7006,陈启清,female,1757-01-01,1800-12-31,18,启,Rule-generated Stage7 member for 合成陈氏.,False
1087636,7006,陈启文,male,1755-01-01,1840-12-31,18,启,Rule-generated Stage7 member for 合成陈氏.,False
1087637,7006,陈丽,female,1757-01-01,1822-12-31,18,启,Rule-generated Stage7 member for 合成陈氏.,False
1087638,7006,陈成承,male,1758-01-01,1809-12-31,18,启,Rule-generated Stage7 member for 合成陈氏.,False
1087639,7006,陈清宁,female,1756-01-01,1821-12-31,18,启,Rule-generated Stage7 member for 合成陈氏.,False
1087640,7006,陈启景,male,1758-01-01,1832-12-31,18,启,Rule-generated Stage7 member for 合成陈氏.,False
1087641,7006,陈安清,female,1759-01-01,1831-12-31,18,启,Rule-generated Stage7 member for 合成陈氏.,False
1087642,7006,陈强文,male,1758-01-01,1825-12-31,18,启,Rule-generated Stage7 member for 合成陈氏.,False
1087643,7006,陈启兰,female,1759-01-01,1804-12-31,18,启,Rule-generated Stage7 member for 合成陈氏.,False
1087644,7006,陈明宗,male,1760-01-01,1824-12-31,18,启,Rule-generated Stage7 member for 合成陈氏.,False
1087645,7006,陈启芳,female,1758-01-01,1845-12-31,18,启,Rule-generated Stage7 member for 合成陈氏.,False
1087646,7006,陈世强,male,1756-01-01,1816-12-31,18,启,Rule-generated Stage7 member for 合成陈氏.,False
1087647,7006,陈安安,female,1761-01-01,1810-12-31,18,启,Rule-generated Stage7 member for 合成陈氏.,False
1087648,7006,陈启伟,male,1758-01-01,1848-12-31,18,启,Rule-generated Stage7 member for 合成陈氏.,False
1087649,7006,陈慧梅,female,1760-01-01,1826-12-31,18,启,Rule-generated Stage7 member for 合成陈氏.,False
1087650,7006,陈启明,male,1761-01-01,1853-12-31,18,启,Rule-generated Stage7 member for 合成陈氏.,False
1087651,7006,陈敏兰,female,1758-01-01,1824-12-31,18,启,Rule-generated Stage7 member for 合成陈氏.,False
1087652,7006,陈启宗,male,1755-01-01,1847-12-31,18,启,Rule-generated Stage7 member for 合成陈氏.,False
1087653,7006,陈启宁,female,1759-01-01,1850-12-31,18,启,Rule-generated Stage7 member for 合成陈氏.,False
1087654,7006,陈启世,male,1758-01-01,1800-12-31,18,启,Rule-generated Stage7 member for 合成陈氏.,False
1087655,7006,陈启雅,female,1759-01-01,1812-12-31,18,启,Rule-generated Stage7 member for 合成陈氏.,False
1087656,7006,陈景宗,male,1761-01-01,1789-12-31,18,启,Rule-generated Stage7 member for 合成陈氏.,False
1087657,7006,陈启清,female,1755-01-01,1820-12-31,18,启,Rule-generated Stage7 member for 合成陈氏.,False
1087658,7006,陈启强,male,1757-01-01,1791-12-31,18,启,Rule-generated Stage7 member for 合成陈氏.,False
1087659,7006,陈清雅,female,1756-01-01,1826-12-31,18,启,Rule-generated Stage7 member for 合成陈氏.,False
1087660,7006,陈启承,male,1755-01-01,1833-12-31,18,启,Rule-generated Stage7 member for 合成陈氏.,False
1087661,7006,陈启兰,female,1757-01-01,1842-12-31,18,启,Rule-generated Stage7 member for 合成陈氏.,False
1087662,7006,陈启安,male,1761-01-01,1807-12-31,18,启,Rule-generated Stage7 member for 合成陈氏.,False
1087663,7006,陈启华,female,1759-01-01,1851-12-31,18,启,Rule-generated Stage7 member for 合成陈氏.,False
1087664,7006,陈成伟,male,1761-01-01,1843-12-31,18,启,Rule-generated Stage7 member for 合成陈氏.,False
1087665,7006,陈启玉,female,1760-01-01,1794-12-31,18,启,Rule-generated Stage7 member for 合成陈氏.,False
1087666,7006,陈启承,male,1759-01-01,1831-12-31,18,启,Rule-generated Stage7 member for 合成陈氏.,False
1087667,7006,陈启雅,female,1756-01-01,1838-12-31,18,启,Rule-generated Stage7 member for 合成陈氏.,False
1087668,7006,陈启明,male,1761-01-01,1813-12-31,18,启,Rule-generated Stage7 member for 合成陈氏.,False
1087669,7006,陈雅慧,female,1760-01-01,1827-12-31,18,启,Rule-generated Stage7 member for 合成陈氏.,False
1087670,7006,陈启景,male,1760-01-01,1839-12-31,18,启,Rule-generated Stage7 member for 合成陈氏.,False
1087671,7006,陈启芳,female,1758-01-01,1845-12-31,18,启,Rule-generated Stage7 member for 合成陈氏.,False
1087672,7006,陈启安,male,1756-01-01,1805-12-31,18,启,Rule-generated Stage7 member for 合成陈氏.,False
1087673,7006,陈启安,female,1761-01-01,1832-12-31,18,启,Rule-generated Stage7 member for 合成陈氏.,False
1087674,7006,陈启国,male,1758-01-01,1826-12-31,18,启,Rule-generated Stage7 member for 合成陈氏.,False
1087675,7006,陈启敏,female,1758-01-01,1833-12-31,18,启,Rule-generated Stage7 member for 合成陈氏.,False
1087676,7006,陈启强,male,1757-01-01,1838-12-31,18,启,Rule-generated Stage7 member for 合成陈氏.,False
1087677,7006,陈启安,female,1760-01-01,1823-12-31,18,启,Rule-generated Stage7 member for 合成陈氏.,False
1087678,7006,陈启宗,male,1757-01-01,1815-12-31,18,启,Rule-generated Stage7 member for 合成陈氏.,False
1087679,7006,陈玉兰,female,1756-01-01,1799-12-31,18,启,Rule-generated Stage7 member for 合成陈氏.,False
1087680,7006,陈启文,male,1761-01-01,1859-12-31,18,启,Rule-generated Stage7 member for 合成陈氏.,False
1087681,7006,陈华,female,1755-01-01,1833-12-31,18,启,Rule-generated Stage7 member for 合成陈氏.,False
1087682,7006,陈启德,male,1757-01-01,1846-12-31,18,启,Rule-generated Stage7 member for 合成陈氏.,False
1087683,7006,陈华,female,1757-01-01,1807-12-31,18,启,Rule-generated Stage7 member for 合成陈氏.,False
1087684,7006,陈启明,male,1757-01-01,1836-12-31,18,启,Rule-generated Stage7 member for 合成陈氏.,False
1087685,7006,陈安慧,female,1755-01-01,1809-12-31,18,启,Rule-generated Stage7 member for 合成陈氏.,False
1087686,7006,陈启成,male,1760-01-01,1809-12-31,18,启,Rule-generated Stage7 member for 合成陈氏.,False
1087687,7006,陈敏芳,female,1756-01-01,1797-12-31,18,启,Rule-generated Stage7 member for 合成陈氏.,False
1087688,7006,陈启成,male,1761-01-01,1849-12-31,18,启,Rule-generated Stage7 member for 合成陈氏.,False
1087689,7006,陈启芳,female,1758-01-01,1789-12-31,18,启,Rule-generated Stage7 member for 合成陈氏.,False
1087690,7006,陈强承,male,1761-01-01,1831-12-31,18,启,Rule-generated Stage7 member for 合成陈氏.,False
1087691,7006,陈启安,female,1755-01-01,1795-12-31,18,启,Rule-generated Stage7 member for 合成陈氏.,False
1087692,7006,陈启明,male,1758-01-01,1860-12-31,18,启,Rule-generated Stage7 member for 合成陈氏.,False
1087693,7006,陈华,male,1780-01-01,1851-12-31,19,盛,Rule-generated Stage7 member for 合成陈氏.,False
1087694,7006,陈丽,female,1781-01-01,1848-12-31,19,盛,Rule-generated Stage7 member for 合成陈氏.,False
1087695,7006,陈盛明,male,1778-01-01,1843-12-31,19,盛,Rule-generated Stage7 member for 合成陈氏.,False
1087696,7006,陈宁清,female,1780-01-01,1857-12-31,19,盛,Rule-generated Stage7 member for 合成陈氏.,False
1087697,7006,陈成明,male,1777-01-01,1845-12-31,19,盛,Rule-generated Stage7 member for 合成陈氏.,False
1087698,7006,陈盛梅,female,1777-01-01,1845-12-31,19,盛,Rule-generated Stage7 member for 合成陈氏.,False
1087699,7006,陈文德,male,1776-01-01,1815-12-31,19,盛,Rule-generated Stage7 member for 合成陈氏.,False
1087700,7006,陈盛安,female,1776-01-01,1876-12-31,19,盛,Rule-generated Stage7 member for 合成陈氏.,False
1087701,7006,陈世国,male,1779-01-01,1841-12-31,19,盛,Rule-generated Stage7 member for 合成陈氏.,False
1087702,7006,陈丽雅,female,1782-01-01,1831-12-31,19,盛,Rule-generated Stage7 member for 合成陈氏.,False
1087703,7006,陈成明,male,1777-01-01,1818-12-31,19,盛,Rule-generated Stage7 member for 合成陈氏.,False
1087704,7006,陈敏梅,female,1782-01-01,1855-12-31,19,盛,Rule-generated Stage7 member for 合成陈氏.,False
1087705,7006,陈盛国,male,1781-01-01,1883-12-31,19,盛,Rule-generated Stage7 member for 合成陈氏.,False
1087706,7006,陈盛安,female,1776-01-01,1855-12-31,19,盛,Rule-generated Stage7 member for 合成陈氏.,False
1087707,7006,陈强明,male,1779-01-01,1858-12-31,19,盛,Rule-generated Stage7 member for 合成陈氏.,False
1087708,7006,陈敏,female,1779-01-01,1878-12-31,19,盛,Rule-generated Stage7 member for 合成陈氏.,False
1087709,7006,陈盛明,male,1782-01-01,1861-12-31,19,盛,Rule-generated Stage7 member for 合成陈氏.,False
1087710,7006,陈盛敏,female,1778-01-01,1844-12-31,19,盛,Rule-generated Stage7 member for 合成陈氏.,False
1087711,7006,陈明,male,1777-01-01,1857-12-31,19,盛,Rule-generated Stage7 member for 合成陈氏.,False
1087712,7006,陈清华,female,1776-01-01,1830-12-31,19,盛,Rule-generated Stage7 member for 合成陈氏.,False
1087713,7006,陈盛伟,male,1781-01-01,1831-12-31,19,盛,Rule-generated Stage7 member for 合成陈氏.,False
1087714,7006,陈盛安,female,1779-01-01,1810-12-31,19,盛,Rule-generated Stage7 member for 合成陈氏.,False
1087715,7006,陈盛伟,male,1779-01-01,1862-12-31,19,盛,Rule-generated Stage7 member for 合成陈氏.,False
1087716,7006,陈梅清,female,1776-01-01,1836-12-31,19,盛,Rule-generated Stage7 member for 合成陈氏.,False
1087717,7006,陈盛宗,male,1777-01-01,1830-12-31,19,盛,Rule-generated Stage7 member for 合成陈氏.,False
1087718,7006,陈盛玉,female,1780-01-01,1823-12-31,19,盛,Rule-generated Stage7 member for 合成陈氏.,False
1087719,7006,陈盛强,male,1779-01-01,1816-12-31,19,盛,Rule-generated Stage7 member for 合成陈氏.,False
1087720,7006,陈盛慧,female,1779-01-01,1882-12-31,19,盛,Rule-generated Stage7 member for 合成陈氏.,False
1087721,7006,陈安伟,male,1782-01-01,1870-12-31,19,盛,Rule-generated Stage7 member for 合成陈氏.,False
1087722,7006,陈盛芳,female,1779-01-01,1840-12-31,19,盛,Rule-generated Stage7 member for 合成陈氏.,False
1087723,7006,陈强国,male,1777-01-01,1863-12-31,19,盛,Rule-generated Stage7 member for 合成陈氏.,False
1087724,7006,陈盛慧,female,1776-01-01,1820-12-31,19,盛,Rule-generated Stage7 member for 合成陈氏.,False
1087725,7006,陈盛强,male,1778-01-01,1844-12-31,19,盛,Rule-generated Stage7 member for 合成陈氏.,False
1087726,7006,陈玉华,female,1782-01-01,1864-12-31,19,盛,Rule-generated Stage7 member for 合成陈氏.,False
1087727,7006,陈盛伟,male,1776-01-01,1861-12-31,19,盛,Rule-generated Stage7 member for 合成陈氏.,False
1087728,7006,陈盛兰,female,1777-01-01,1853-12-31,19,盛,Rule-generated Stage7 member for 合成陈氏.,False
1087729,7006,陈强,male,1780-01-01,1845-12-31,19,盛,Rule-generated Stage7 member for 合成陈氏.,False
1087730,7006,陈盛敏,female,1776-01-01,1848-12-31,19,盛,Rule-generated Stage7 member for 合成陈氏.,False
1087731,7006,陈盛世,male,1776-01-01,1831-12-31,19,盛,Rule-generated Stage7 member for 合成陈氏.,False
1087732,7006,陈兰安,female,1780-01-01,1832-12-31,19,盛,Rule-generated Stage7 member for 合成陈氏.,False
1087733,7006,陈盛伟,male,1779-01-01,1804-12-31,19,盛,Rule-generated Stage7 member for 合成陈氏.,False
1087734,7006,陈盛玉,female,1779-01-01,1850-12-31,19,盛,Rule-generated Stage7 member for 合成陈氏.,False
1087735,7006,陈盛文,male,1780-01-01,1858-12-31,19,盛,Rule-generated Stage7 member for 合成陈氏.,False
1087736,7006,陈盛清,female,1781-01-01,1855-12-31,19,盛,Rule-generated Stage7 member for 合成陈氏.,False
1087737,7006,陈明,male,1780-01-01,1808-12-31,19,盛,Rule-generated Stage7 member for 合成陈氏.,False
1087738,7006,陈盛敏,female,1778-01-01,1855-12-31,19,盛,Rule-generated Stage7 member for 合成陈氏.,False
1087739,7006,陈强德,male,1776-01-01,1845-12-31,19,盛,Rule-generated Stage7 member for 合成陈氏.,False
1087740,7006,陈清宁,female,1782-01-01,1867-12-31,19,盛,Rule-generated Stage7 member for 合成陈氏.,False
1087741,7006,陈盛宗,male,1780-01-01,1862-12-31,19,盛,Rule-generated Stage7 member for 合成陈氏.,False
1087742,7006,陈盛兰,female,1781-01-01,1847-12-31,19,盛,Rule-generated Stage7 member for 合成陈氏.,False
1087743,7006,陈强,male,1776-01-01,1839-12-31,19,盛,Rule-generated Stage7 member for 合成陈氏.,False
1087744,7006,陈盛敏,female,1779-01-01,1826-12-31,19,盛,Rule-generated Stage7 member for 合成陈氏.,False
1087745,7006,陈盛安,male,1780-01-01,1855-12-31,19,盛,Rule-generated Stage7 member for 合成陈氏.,False
1087746,7006,陈盛雅,female,1777-01-01,1830-12-31,19,盛,Rule-generated Stage7 member for 合成陈氏.,False
1087747,7006,陈世成,male,1777-01-01,1815-12-31,19,盛,Rule-generated Stage7 member for 合成陈氏.,False
1087748,7006,陈盛雅,female,1781-01-01,1855-12-31,19,盛,Rule-generated Stage7 member for 合成陈氏.,False
1087749,7006,陈景文,male,1781-01-01,1822-12-31,19,盛,Rule-generated Stage7 member for 合成陈氏.,False
1087750,7006,陈明,female,1779-01-01,1834-12-31,19,盛,Rule-generated Stage7 member for 合成陈氏.,False
1087751,7006,陈伟安,male,1781-01-01,1855-12-31,19,盛,Rule-generated Stage7 member for 合成陈氏.,False
1087752,7006,陈盛安,female,1778-01-01,1860-12-31,19,盛,Rule-generated Stage7 member for 合成陈氏.,False
1087753,7006,陈盛安,male,1777-01-01,1872-12-31,19,盛,Rule-generated Stage7 member for 合成陈氏.,False
1087754,7006,陈明,female,1778-01-01,1857-12-31,19,盛,Rule-generated Stage7 member for 合成陈氏.,False
1087755,7006,陈盛宗,male,1780-01-01,1831-12-31,19,盛,Rule-generated Stage7 member for 合成陈氏.,False
1087756,7006,陈盛芳,female,1778-01-01,1856-12-31,19,盛,Rule-generated Stage7 member for 合成陈氏.,False
1087757,7006,陈宗世,male,1781-01-01,1852-12-31,19,盛,Rule-generated Stage7 member for 合成陈氏.,False
1087758,7006,陈盛华,female,1780-01-01,1844-12-31,19,盛,Rule-generated Stage7 member for 合成陈氏.,False
1087759,7006,陈盛成,male,1779-01-01,1841-12-31,19,盛,Rule-generated Stage7 member for 合成陈氏.,False
1087760,7006,陈伟,female,1777-01-01,1845-12-31,19,盛,Rule-generated Stage7 member for 合成陈氏.,False
1087761,7006,陈盛安,male,1778-01-01,1850-12-31,19,盛,Rule-generated Stage7 member for 合成陈氏.,False
1087762,7006,陈明,female,1776-01-01,1821-12-31,19,盛,Rule-generated Stage7 member for 合成陈氏.,False
1087763,7006,陈盛成,male,1781-01-01,1862-12-31,19,盛,Rule-generated Stage7 member for 合成陈氏.,False
1087764,7006,陈敏敏,female,1779-01-01,1849-12-31,19,盛,Rule-generated Stage7 member for 合成陈氏.,False
1087765,7006,陈盛明,male,1779-01-01,1842-12-31,19,盛,Rule-generated Stage7 member for 合成陈氏.,False
1087766,7006,陈盛敏,female,1778-01-01,1864-12-31,19,盛,Rule-generated Stage7 member for 合成陈氏.,False
1087767,7006,陈盛安,male,1777-01-01,1855-12-31,19,盛,Rule-generated Stage7 member for 合成陈氏.,False
1087768,7006,陈华安,female,1779-01-01,1828-12-31,19,盛,Rule-generated Stage7 member for 合成陈氏.,False
1087769,7006,陈盛世,male,1778-01-01,1829-12-31,19,盛,Rule-generated Stage7 member for 合成陈氏.,False
1087770,7006,陈盛敏,female,1777-01-01,1847-12-31,19,盛,Rule-generated Stage7 member for 合成陈氏.,False
1087771,7006,陈盛宗,male,1776-01-01,1847-12-31,19,盛,Rule-generated Stage7 member for 合成陈氏.,False
1087772,7006,陈盛宁,female,1781-01-01,1866-12-31,19,盛,Rule-generated Stage7 member for 合成陈氏.,False
1087773,7006,陈盛文,male,1776-01-01,1864-12-31,19,盛,Rule-generated Stage7 member for 合成陈氏.,False
1087774,7006,陈盛清,female,1781-01-01,1858-12-31,19,盛,Rule-generated Stage7 member for 合成陈氏.,False
1087775,7006,陈盛安,male,1781-01-01,1817-12-31,19,盛,Rule-generated Stage7 member for 合成陈氏.,False
1087776,7006,陈盛玉,female,1778-01-01,1834-12-31,19,盛,Rule-generated Stage7 member for 合成陈氏.,False
1087777,7006,陈盛文,male,1778-01-01,1855-12-31,19,盛,Rule-generated Stage7 member for 合成陈氏.,False
1087778,7006,陈丽,female,1776-01-01,1846-12-31,19,盛,Rule-generated Stage7 member for 合成陈氏.,False
1087779,7006,陈明,male,1780-01-01,1832-12-31,19,盛,Rule-generated Stage7 member for 合成陈氏.,False
1087780,7006,陈盛慧,female,1777-01-01,1827-12-31,19,盛,Rule-generated Stage7 member for 合成陈氏.,False
1087781,7006,陈文德,male,1780-01-01,1860-12-31,19,盛,Rule-generated Stage7 member for 合成陈氏.,False
1087782,7006,陈盛兰,female,1782-01-01,1843-12-31,19,盛,Rule-generated Stage7 member for 合成陈氏.,False
1087783,7006,陈盛安,male,1779-01-01,1855-12-31,19,盛,Rule-generated Stage7 member for 合成陈氏.,False
1087784,7006,陈玉梅,female,1778-01-01,1841-12-31,19,盛,Rule-generated Stage7 member for 合成陈氏.,False
1087785,7006,陈强,male,1781-01-01,1842-12-31,19,盛,Rule-generated Stage7 member for 合成陈氏.,False
1087786,7006,陈盛清,female,1777-01-01,1836-12-31,19,盛,Rule-generated Stage7 member for 合成陈氏.,False
1087787,7006,陈明文,male,1782-01-01,1837-12-31,19,盛,Rule-generated Stage7 member for 合成陈氏.,False
1087788,7006,陈盛清,female,1782-01-01,1853-12-31,19,盛,Rule-generated Stage7 member for 合成陈氏.,False
1087789,7006,陈安成,male,1778-01-01,1800-12-31,19,盛,Rule-generated Stage7 member for 合成陈氏.,False
1087790,7006,陈盛清,female,1778-01-01,1819-12-31,19,盛,Rule-generated Stage7 member for 合成陈氏.,False
1087791,7006,陈景宗,male,1781-01-01,1842-12-31,19,盛,Rule-generated Stage7 member for 合成陈氏.,False
1087792,7006,陈芳梅,female,1780-01-01,1856-12-31,19,盛,Rule-generated Stage7 member for 合成陈氏.,False
1087793,7006,陈盛伟,male,1778-01-01,1849-12-31,19,盛,Rule-generated Stage7 member for 合成陈氏.,False
1087794,7006,陈盛玉,female,1779-01-01,1828-12-31,19,盛,Rule-generated Stage7 member for 合成陈氏.,False
1087795,7006,陈盛伟,male,1782-01-01,1848-12-31,19,盛,Rule-generated Stage7 member for 合成陈氏.,False
1087796,7006,陈丽,female,1782-01-01,1877-12-31,19,盛,Rule-generated Stage7 member for 合成陈氏.,False
1087797,7006,陈景强,male,1777-01-01,1847-12-31,19,盛,Rule-generated Stage7 member for 合成陈氏.,False
1087798,7006,陈盛兰,female,1782-01-01,1878-12-31,19,盛,Rule-generated Stage7 member for 合成陈氏.,False
1087799,7006,陈盛文,male,1780-01-01,1843-12-31,19,盛,Rule-generated Stage7 member for 合成陈氏.,False
1087800,7006,陈敏,female,1777-01-01,1842-12-31,19,盛,Rule-generated Stage7 member for 合成陈氏.,False
1087801,7006,陈德伟,male,1780-01-01,1860-12-31,19,盛,Rule-generated Stage7 member for 合成陈氏.,False
1087802,7006,陈玉慧,female,1778-01-01,1837-12-31,19,盛,Rule-generated Stage7 member for 合成陈氏.,False
1087803,7006,陈世安,male,1781-01-01,1838-12-31,19,盛,Rule-generated Stage7 member for 合成陈氏.,False
1087804,7006,陈盛宁,female,1776-01-01,1855-12-31,19,盛,Rule-generated Stage7 member for 合成陈氏.,False
1087805,7006,陈盛世,male,1777-01-01,1877-12-31,19,盛,Rule-generated Stage7 member for 合成陈氏.,False
1087806,7006,陈盛华,female,1780-01-01,1864-12-31,19,盛,Rule-generated Stage7 member for 合成陈氏.,False
1087807,7006,陈盛德,male,1782-01-01,1851-12-31,19,盛,Rule-generated Stage7 member for 合成陈氏.,False
1087808,7006,陈敏安,female,1780-01-01,1836-12-31,19,盛,Rule-generated Stage7 member for 合成陈氏.,False
1087809,7006,陈华,male,1781-01-01,1806-12-31,19,盛,Rule-generated Stage7 member for 合成陈氏.,False
1087810,7006,陈兰安,female,1781-01-01,1853-12-31,19,盛,Rule-generated Stage7 member for 合成陈氏.,False
1087811,7006,陈盛伟,male,1776-01-01,1825-12-31,19,盛,Rule-generated Stage7 member for 合成陈氏.,False
1087812,7006,陈盛清,female,1779-01-01,1853-12-31,19,盛,Rule-generated Stage7 member for 合成陈氏.,False
1087813,7006,陈盛国,male,1782-01-01,1840-12-31,19,盛,Rule-generated Stage7 member for 合成陈氏.,False
1087814,7006,陈盛华,female,1780-01-01,1873-12-31,19,盛,Rule-generated Stage7 member for 合成陈氏.,False
1087815,7006,陈明承,male,1781-01-01,1850-12-31,19,盛,Rule-generated Stage7 member for 合成陈氏.,False
1087816,7006,陈盛宁,female,1781-01-01,1851-12-31,19,盛,Rule-generated Stage7 member for 合成陈氏.,False
1087817,7006,陈盛成,male,1779-01-01,1835-12-31,19,盛,Rule-generated Stage7 member for 合成陈氏.,False
1087818,7006,陈玉芳,female,1776-01-01,1828-12-31,19,盛,Rule-generated Stage7 member for 合成陈氏.,False
1087819,7006,陈盛德,male,1780-01-01,1831-12-31,19,盛,Rule-generated Stage7 member for 合成陈氏.,False
1087820,7006,陈华,female,1782-01-01,1851-12-31,19,盛,Rule-generated Stage7 member for 合成陈氏.,False
1087821,7006,陈国文,male,1778-01-01,1848-12-31,19,盛,Rule-generated Stage7 member for 合成陈氏.,False
1087822,7006,陈盛兰,female,1778-01-01,1873-12-31,19,盛,Rule-generated Stage7 member for 合成陈氏.,False
1087823,7006,陈盛安,male,1776-01-01,1845-12-31,19,盛,Rule-generated Stage7 member for 合成陈氏.,False
1087824,7006,陈强,female,1779-01-01,1852-12-31,19,盛,Rule-generated Stage7 member for 合成陈氏.,False
1087825,7006,陈伟世,male,1778-01-01,1874-12-31,19,盛,Rule-generated Stage7 member for 合成陈氏.,False
1087826,7006,陈华,female,1777-01-01,1867-12-31,19,盛,Rule-generated Stage7 member for 合成陈氏.,False
1087827,7006,陈德德,male,1782-01-01,1845-12-31,19,盛,Rule-generated Stage7 member for 合成陈氏.,False
1087828,7006,陈盛梅,female,1780-01-01,1845-12-31,19,盛,Rule-generated Stage7 member for 合成陈氏.,False
1087829,7006,陈承德,male,1778-01-01,1865-12-31,19,盛,Rule-generated Stage7 member for 合成陈氏.,False
1087830,7006,陈盛玉,female,1778-01-01,1849-12-31,19,盛,Rule-generated Stage7 member for 合成陈氏.,False
1087831,7006,陈盛国,male,1778-01-01,1811-12-31,19,盛,Rule-generated Stage7 member for 合成陈氏.,False
1087832,7006,陈盛敏,female,1776-01-01,1834-12-31,19,盛,Rule-generated Stage7 member for 合成陈氏.,False
1087833,7006,陈成宗,male,1781-01-01,1849-12-31,19,盛,Rule-generated Stage7 member for 合成陈氏.,False
1087834,7006,陈盛慧,female,1778-01-01,1851-12-31,19,盛,Rule-generated Stage7 member for 合成陈氏.,False
1087835,7006,陈强国,male,1780-01-01,1831-12-31,19,盛,Rule-generated Stage7 member for 合成陈氏.,False
1087836,7006,陈宁宁,female,1780-01-01,1809-12-31,19,盛,Rule-generated Stage7 member for 合成陈氏.,False
1087837,7006,陈明,male,1780-01-01,1833-12-31,19,盛,Rule-generated Stage7 member for 合成陈氏.,False
1087838,7006,陈盛安,female,1778-01-01,1820-12-31,19,盛,Rule-generated Stage7 member for 合成陈氏.,False
1087839,7006,陈文伟,male,1778-01-01,1858-12-31,19,盛,Rule-generated Stage7 member for 合成陈氏.,False
1087840,7006,陈华芳,female,1781-01-01,1830-12-31,19,盛,Rule-generated Stage7 member for 合成陈氏.,False
1087841,7006,陈盛德,male,1779-01-01,1826-12-31,19,盛,Rule-generated Stage7 member for 合成陈氏.,False
1087842,7006,陈玉华,female,1781-01-01,1871-12-31,19,盛,Rule-generated Stage7 member for 合成陈氏.,False
1087843,7006,陈承宗,male,1776-01-01,1868-12-31,19,盛,Rule-generated Stage7 member for 合成陈氏.,False
1087844,7006,陈敏安,female,1777-01-01,1851-12-31,19,盛,Rule-generated Stage7 member for 合成陈氏.,False
1087845,7006,陈盛文,male,1776-01-01,1855-12-31,19,盛,Rule-generated Stage7 member for 合成陈氏.,False
1087846,7006,陈盛雅,female,1776-01-01,1814-12-31,19,盛,Rule-generated Stage7 member for 合成陈氏.,False
1087847,7006,陈盛宗,male,1782-01-01,1873-12-31,19,盛,Rule-generated Stage7 member for 合成陈氏.,False
1087848,7006,陈梅敏,female,1782-01-01,1857-12-31,19,盛,Rule-generated Stage7 member for 合成陈氏.,False
1087849,7006,陈盛德,male,1778-01-01,1808-12-31,19,盛,Rule-generated Stage7 member for 合成陈氏.,False
1087850,7006,陈丽,female,1782-01-01,1855-12-31,19,盛,Rule-generated Stage7 member for 合成陈氏.,False
1087851,7006,陈世文,male,1782-01-01,1818-12-31,19,盛,Rule-generated Stage7 member for 合成陈氏.,False
1087852,7006,陈敏慧,female,1778-01-01,1849-12-31,19,盛,Rule-generated Stage7 member for 合成陈氏.,False
1087853,7006,陈盛安,male,1777-01-01,1850-12-31,19,盛,Rule-generated Stage7 member for 合成陈氏.,False
1087854,7006,陈梅华,female,1782-01-01,1868-12-31,19,盛,Rule-generated Stage7 member for 合成陈氏.,False
1087855,7006,陈盛德,male,1780-01-01,1814-12-31,19,盛,Rule-generated Stage7 member for 合成陈氏.,False
1087856,7006,陈芳宁,female,1777-01-01,1871-12-31,19,盛,Rule-generated Stage7 member for 合成陈氏.,False
1087857,7006,陈盛德,male,1778-01-01,1859-12-31,19,盛,Rule-generated Stage7 member for 合成陈氏.,False
1087858,7006,陈明,female,1778-01-01,1819-12-31,19,盛,Rule-generated Stage7 member for 合成陈氏.,False
1087859,7006,陈盛明,male,1776-01-01,1820-12-31,19,盛,Rule-generated Stage7 member for 合成陈氏.,False
1087860,7006,陈丽雅,female,1778-01-01,1838-12-31,19,盛,Rule-generated Stage7 member for 合成陈氏.,False
1087861,7006,陈盛伟,male,1777-01-01,1840-12-31,19,盛,Rule-generated Stage7 member for 合成陈氏.,False
1087862,7006,陈盛安,female,1778-01-01,1843-12-31,19,盛,Rule-generated Stage7 member for 合成陈氏.,False
1087863,7006,陈丽,male,1777-01-01,1860-12-31,19,盛,Rule-generated Stage7 member for 合成陈氏.,False
1087864,7006,陈华,female,1780-01-01,1864-12-31,19,盛,Rule-generated Stage7 member for 合成陈氏.,False
1087865,7006,陈盛德,male,1780-01-01,1843-12-31,19,盛,Rule-generated Stage7 member for 合成陈氏.,False
1087866,7006,陈盛慧,female,1779-01-01,1833-12-31,19,盛,Rule-generated Stage7 member for 合成陈氏.,False
1087867,7006,陈盛伟,male,1778-01-01,1848-12-31,19,盛,Rule-generated Stage7 member for 合成陈氏.,False
1087868,7006,陈盛慧,female,1776-01-01,1849-12-31,19,盛,Rule-generated Stage7 member for 合成陈氏.,False
1087869,7006,陈盛景,male,1779-01-01,1826-12-31,19,盛,Rule-generated Stage7 member for 合成陈氏.,False
1087870,7006,陈盛雅,female,1778-01-01,1863-12-31,19,盛,Rule-generated Stage7 member for 合成陈氏.,False
1087871,7006,陈宗宗,male,1782-01-01,1856-12-31,19,盛,Rule-generated Stage7 member for 合成陈氏.,False
1087872,7006,陈宁丽,female,1776-01-01,1864-12-31,19,盛,Rule-generated Stage7 member for 合成陈氏.,False
1087873,7006,陈丽,male,1778-01-01,1845-12-31,19,盛,Rule-generated Stage7 member for 合成陈氏.,False
1087874,7006,陈宁兰,female,1780-01-01,1832-12-31,19,盛,Rule-generated Stage7 member for 合成陈氏.,False
1087875,7006,陈华,male,1776-01-01,1832-12-31,19,盛,Rule-generated Stage7 member for 合成陈氏.,False
1087876,7006,陈敏梅,female,1780-01-01,1845-12-31,19,盛,Rule-generated Stage7 member for 合成陈氏.,False
1087877,7006,陈国国,male,1782-01-01,1868-12-31,19,盛,Rule-generated Stage7 member for 合成陈氏.,False
1087878,7006,陈安安,female,1779-01-01,1819-12-31,19,盛,Rule-generated Stage7 member for 合成陈氏.,False
1087879,7006,陈盛成,male,1777-01-01,1879-12-31,19,盛,Rule-generated Stage7 member for 合成陈氏.,False
1087880,7006,陈盛玉,female,1778-01-01,1858-12-31,19,盛,Rule-generated Stage7 member for 合成陈氏.,False
1087881,7006,陈华,male,1778-01-01,1828-12-31,19,盛,Rule-generated Stage7 member for 合成陈氏.,False
1087882,7006,陈盛清,female,1779-01-01,1829-12-31,19,盛,Rule-generated Stage7 member for 合成陈氏.,False
1087883,7006,陈盛成,male,1780-01-01,1843-12-31,19,盛,Rule-generated Stage7 member for 合成陈氏.,False
1087884,7006,陈宁玉,female,1778-01-01,1834-12-31,19,盛,Rule-generated Stage7 member for 合成陈氏.,False
1087885,7006,陈盛宗,male,1780-01-01,1807-12-31,19,盛,Rule-generated Stage7 member for 合成陈氏.,False
1087886,7006,陈宁宁,female,1781-01-01,1846-12-31,19,盛,Rule-generated Stage7 member for 合成陈氏.,False
1087887,7006,陈盛国,male,1782-01-01,1821-12-31,19,盛,Rule-generated Stage7 member for 合成陈氏.,False
1087888,7006,陈敏慧,female,1776-01-01,1875-12-31,19,盛,Rule-generated Stage7 member for 合成陈氏.,False
1087889,7006,陈伟,male,1781-01-01,1846-12-31,19,盛,Rule-generated Stage7 member for 合成陈氏.,False
1087890,7006,陈盛丽,female,1779-01-01,1851-12-31,19,盛,Rule-generated Stage7 member for 合成陈氏.,False
1087891,7006,陈强,male,1779-01-01,1849-12-31,19,盛,Rule-generated Stage7 member for 合成陈氏.,False
1087892,7006,陈盛清,female,1782-01-01,1869-12-31,19,盛,Rule-generated Stage7 member for 合成陈氏.,False
1087893,7006,陈延安,male,1799-01-01,1851-12-31,20,延,Rule-generated Stage7 member for 合成陈氏.,False
1087894,7006,陈延宁,female,1798-01-01,1884-12-31,20,延,Rule-generated Stage7 member for 合成陈氏.,False
1087895,7006,陈延国,male,1797-01-01,1850-12-31,20,延,Rule-generated Stage7 member for 合成陈氏.,False
1087896,7006,陈延宁,female,1803-01-01,1887-12-31,20,延,Rule-generated Stage7 member for 合成陈氏.,False
1087897,7006,陈延景,male,1800-01-01,1846-12-31,20,延,Rule-generated Stage7 member for 合成陈氏.,False
1087898,7006,陈延安,female,1802-01-01,1857-12-31,20,延,Rule-generated Stage7 member for 合成陈氏.,False
1087899,7006,陈伟文,male,1803-01-01,1836-12-31,20,延,Rule-generated Stage7 member for 合成陈氏.,False
1087900,7006,陈延敏,female,1803-01-01,1900-12-31,20,延,Rule-generated Stage7 member for 合成陈氏.,False
1087901,7006,陈强文,male,1799-01-01,1877-12-31,20,延,Rule-generated Stage7 member for 合成陈氏.,False
1087902,7006,陈延华,female,1800-01-01,1850-12-31,20,延,Rule-generated Stage7 member for 合成陈氏.,False
1087903,7006,陈强,male,1799-01-01,1885-12-31,20,延,Rule-generated Stage7 member for 合成陈氏.,False
1087904,7006,陈延玉,female,1798-01-01,1857-12-31,20,延,Rule-generated Stage7 member for 合成陈氏.,False
1087905,7006,陈延德,male,1799-01-01,1892-12-31,20,延,Rule-generated Stage7 member for 合成陈氏.,False
1087906,7006,陈丽安,female,1798-01-01,1858-12-31,20,延,Rule-generated Stage7 member for 合成陈氏.,False
1087907,7006,陈国安,male,1800-01-01,1839-12-31,20,延,Rule-generated Stage7 member for 合成陈氏.,False
1087908,7006,陈清慧,female,1797-01-01,1839-12-31,20,延,Rule-generated Stage7 member for 合成陈氏.,False
1087909,7006,陈延明,male,1802-01-01,1861-12-31,20,延,Rule-generated Stage7 member for 合成陈氏.,False
1087910,7006,陈伟,female,1800-01-01,1861-12-31,20,延,Rule-generated Stage7 member for 合成陈氏.,False
1087911,7006,陈延德,male,1798-01-01,1881-12-31,20,延,Rule-generated Stage7 member for 合成陈氏.,False
1087912,7006,陈延玉,female,1802-01-01,1865-12-31,20,延,Rule-generated Stage7 member for 合成陈氏.,False
1087913,7006,陈安文,male,1803-01-01,1840-12-31,20,延,Rule-generated Stage7 member for 合成陈氏.,False
1087914,7006,陈延清,female,1802-01-01,1881-12-31,20,延,Rule-generated Stage7 member for 合成陈氏.,False
1087915,7006,陈延强,male,1798-01-01,1861-12-31,20,延,Rule-generated Stage7 member for 合成陈氏.,False
1087916,7006,陈延丽,female,1799-01-01,1853-12-31,20,延,Rule-generated Stage7 member for 合成陈氏.,False
1087917,7006,陈明德,male,1801-01-01,1893-12-31,20,延,Rule-generated Stage7 member for 合成陈氏.,False
1087918,7006,陈延清,female,1802-01-01,1879-12-31,20,延,Rule-generated Stage7 member for 合成陈氏.,False
1087919,7006,陈国伟,male,1798-01-01,1847-12-31,20,延,Rule-generated Stage7 member for 合成陈氏.,False
1087920,7006,陈兰敏,female,1799-01-01,1890-12-31,20,延,Rule-generated Stage7 member for 合成陈氏.,False
1087921,7006,陈延承,male,1797-01-01,1881-12-31,20,延,Rule-generated Stage7 member for 合成陈氏.,False
1087922,7006,陈延梅,female,1800-01-01,1894-12-31,20,延,Rule-generated Stage7 member for 合成陈氏.,False
1087923,7006,陈强文,male,1799-01-01,1893-12-31,20,延,Rule-generated Stage7 member for 合成陈氏.,False
1087924,7006,陈延清,female,1798-01-01,1860-12-31,20,延,Rule-generated Stage7 member for 合成陈氏.,False
1087925,7006,陈敏,male,1798-01-01,1846-12-31,20,延,Rule-generated Stage7 member for 合成陈氏.,False
1087926,7006,陈敏,female,1798-01-01,1848-12-31,20,延,Rule-generated Stage7 member for 合成陈氏.,False
1087927,7006,陈景安,male,1803-01-01,1876-12-31,20,延,Rule-generated Stage7 member for 合成陈氏.,False
1087928,7006,陈雅慧,female,1803-01-01,1889-12-31,20,延,Rule-generated Stage7 member for 合成陈氏.,False
1087929,7006,陈华,male,1797-01-01,1852-12-31,20,延,Rule-generated Stage7 member for 合成陈氏.,False
1087930,7006,陈敏梅,female,1798-01-01,1850-12-31,20,延,Rule-generated Stage7 member for 合成陈氏.,False
1087931,7006,陈伟德,male,1800-01-01,1861-12-31,20,延,Rule-generated Stage7 member for 合成陈氏.,False
1087932,7006,陈丽,female,1801-01-01,1884-12-31,20,延,Rule-generated Stage7 member for 合成陈氏.,False
1087933,7006,陈延安,male,1802-01-01,1872-12-31,20,延,Rule-generated Stage7 member for 合成陈氏.,False
1087934,7006,陈延慧,female,1800-01-01,1866-12-31,20,延,Rule-generated Stage7 member for 合成陈氏.,False
1087935,7006,陈延世,male,1802-01-01,1870-12-31,20,延,Rule-generated Stage7 member for 合成陈氏.,False
1087936,7006,陈延宁,female,1799-01-01,1857-12-31,20,延,Rule-generated Stage7 member for 合成陈氏.,False
1087937,7006,陈安世,male,1801-01-01,1848-12-31,20,延,Rule-generated Stage7 member for 合成陈氏.,False
1087938,7006,陈延梅,female,1797-01-01,1897-12-31,20,延,Rule-generated Stage7 member for 合成陈氏.,False
1087939,7006,陈延宗,male,1803-01-01,1874-12-31,20,延,Rule-generated Stage7 member for 合成陈氏.,False
1087940,7006,陈延梅,female,1800-01-01,1879-12-31,20,延,Rule-generated Stage7 member for 合成陈氏.,False
1087941,7006,陈延伟,male,1800-01-01,1892-12-31,20,延,Rule-generated Stage7 member for 合成陈氏.,False
1087942,7006,陈敏,female,1797-01-01,1825-12-31,20,延,Rule-generated Stage7 member for 合成陈氏.,False
1087943,7006,陈延明,male,1803-01-01,1901-12-31,20,延,Rule-generated Stage7 member for 合成陈氏.,False
1087944,7006,陈延雅,female,1799-01-01,1857-12-31,20,延,Rule-generated Stage7 member for 合成陈氏.,False
1087945,7006,陈延承,male,1798-01-01,1865-12-31,20,延,Rule-generated Stage7 member for 合成陈氏.,False
1087946,7006,陈延敏,female,1802-01-01,1861-12-31,20,延,Rule-generated Stage7 member for 合成陈氏.,False
1087947,7006,陈华,male,1800-01-01,1893-12-31,20,延,Rule-generated Stage7 member for 合成陈氏.,False
1087948,7006,陈清华,female,1801-01-01,1867-12-31,20,延,Rule-generated Stage7 member for 合成陈氏.,False
1087949,7006,陈延伟,male,1801-01-01,1869-12-31,20,延,Rule-generated Stage7 member for 合成陈氏.,False
1087950,7006,陈延宁,female,1800-01-01,1856-12-31,20,延,Rule-generated Stage7 member for 合成陈氏.,False
1087951,7006,陈延文,male,1801-01-01,1877-12-31,20,延,Rule-generated Stage7 member for 合成陈氏.,False
1087952,7006,陈延宁,female,1798-01-01,1861-12-31,20,延,Rule-generated Stage7 member for 合成陈氏.,False
1087953,7006,陈延明,male,1797-01-01,1888-12-31,20,延,Rule-generated Stage7 member for 合成陈氏.,False
1087954,7006,陈延安,female,1797-01-01,1842-12-31,20,延,Rule-generated Stage7 member for 合成陈氏.,False
1087955,7006,陈延德,male,1798-01-01,1858-12-31,20,延,Rule-generated Stage7 member for 合成陈氏.,False
1087956,7006,陈延芳,female,1803-01-01,1846-12-31,20,延,Rule-generated Stage7 member for 合成陈氏.,False
1087957,7006,陈延伟,male,1802-01-01,1887-12-31,20,延,Rule-generated Stage7 member for 合成陈氏.,False
1087958,7006,陈延梅,female,1798-01-01,1876-12-31,20,延,Rule-generated Stage7 member for 合成陈氏.,False
1087959,7006,陈延成,male,1800-01-01,1862-12-31,20,延,Rule-generated Stage7 member for 合成陈氏.,False
1087960,7006,陈延清,female,1798-01-01,1897-12-31,20,延,Rule-generated Stage7 member for 合成陈氏.,False
1087961,7006,陈延世,male,1803-01-01,1886-12-31,20,延,Rule-generated Stage7 member for 合成陈氏.,False
1087962,7006,陈延清,female,1799-01-01,1896-12-31,20,延,Rule-generated Stage7 member for 合成陈氏.,False
1087963,7006,陈安承,male,1798-01-01,1892-12-31,20,延,Rule-generated Stage7 member for 合成陈氏.,False
1087964,7006,陈慧玉,female,1799-01-01,1866-12-31,20,延,Rule-generated Stage7 member for 合成陈氏.,False
1087965,7006,陈延国,male,1798-01-01,1848-12-31,20,延,Rule-generated Stage7 member for 合成陈氏.,False
1087966,7006,陈延清,female,1801-01-01,1859-12-31,20,延,Rule-generated Stage7 member for 合成陈氏.,False
1087967,7006,陈延景,male,1803-01-01,1864-12-31,20,延,Rule-generated Stage7 member for 合成陈氏.,False
1087968,7006,陈慧芳,female,1803-01-01,1897-12-31,20,延,Rule-generated Stage7 member for 合成陈氏.,False
1087969,7006,陈延宗,male,1797-01-01,1891-12-31,20,延,Rule-generated Stage7 member for 合成陈氏.,False
1087970,7006,陈雅雅,female,1799-01-01,1860-12-31,20,延,Rule-generated Stage7 member for 合成陈氏.,False
1087971,7006,陈延承,male,1803-01-01,1855-12-31,20,延,Rule-generated Stage7 member for 合成陈氏.,False
1087972,7006,陈延梅,female,1801-01-01,1902-12-31,20,延,Rule-generated Stage7 member for 合成陈氏.,False
1087973,7006,陈延德,male,1797-01-01,1823-12-31,20,延,Rule-generated Stage7 member for 合成陈氏.,False
1087974,7006,陈延芳,female,1799-01-01,1823-12-31,20,延,Rule-generated Stage7 member for 合成陈氏.,False
1087975,7006,陈延文,male,1802-01-01,1871-12-31,20,延,Rule-generated Stage7 member for 合成陈氏.,False
1087976,7006,陈延梅,female,1798-01-01,1877-12-31,20,延,Rule-generated Stage7 member for 合成陈氏.,False
1087977,7006,陈强,male,1799-01-01,1875-12-31,20,延,Rule-generated Stage7 member for 合成陈氏.,False
1087978,7006,陈敏,female,1799-01-01,1868-12-31,20,延,Rule-generated Stage7 member for 合成陈氏.,False
1087979,7006,陈丽,male,1798-01-01,1868-12-31,20,延,Rule-generated Stage7 member for 合成陈氏.,False
1087980,7006,陈雅慧,female,1800-01-01,1858-12-31,20,延,Rule-generated Stage7 member for 合成陈氏.,False
1087981,7006,陈丽,male,1801-01-01,1884-12-31,20,延,Rule-generated Stage7 member for 合成陈氏.,False
1087982,7006,陈延雅,female,1803-01-01,1883-12-31,20,延,Rule-generated Stage7 member for 合成陈氏.,False
1087983,7006,陈延景,male,1802-01-01,1897-12-31,20,延,Rule-generated Stage7 member for 合成陈氏.,False
1087984,7006,陈敏安,female,1803-01-01,1838-12-31,20,延,Rule-generated Stage7 member for 合成陈氏.,False
1087985,7006,陈华,male,1801-01-01,1826-12-31,20,延,Rule-generated Stage7 member for 合成陈氏.,False
1087986,7006,陈延兰,female,1798-01-01,1840-12-31,20,延,Rule-generated Stage7 member for 合成陈氏.,False
1087987,7006,陈华,male,1798-01-01,1853-12-31,20,延,Rule-generated Stage7 member for 合成陈氏.,False
1087988,7006,陈宁宁,female,1802-01-01,1870-12-31,20,延,Rule-generated Stage7 member for 合成陈氏.,False
1087989,7006,陈明成,male,1798-01-01,1879-12-31,20,延,Rule-generated Stage7 member for 合成陈氏.,False
1087990,7006,陈玉丽,female,1801-01-01,1879-12-31,20,延,Rule-generated Stage7 member for 合成陈氏.,False
1087991,7006,陈明,male,1802-01-01,1877-12-31,20,延,Rule-generated Stage7 member for 合成陈氏.,False
1087992,7006,陈延梅,female,1800-01-01,1880-12-31,20,延,Rule-generated Stage7 member for 合成陈氏.,False
1087993,7006,陈延国,male,1799-01-01,1864-12-31,20,延,Rule-generated Stage7 member for 合成陈氏.,False
1087994,7006,陈延华,female,1801-01-01,1870-12-31,20,延,Rule-generated Stage7 member for 合成陈氏.,False
1087995,7006,陈强,male,1799-01-01,1848-12-31,20,延,Rule-generated Stage7 member for 合成陈氏.,False
1087996,7006,陈延宁,female,1799-01-01,1898-12-31,20,延,Rule-generated Stage7 member for 合成陈氏.,False
1087997,7006,陈延伟,male,1798-01-01,1835-12-31,20,延,Rule-generated Stage7 member for 合成陈氏.,False
1087998,7006,陈延华,female,1798-01-01,1876-12-31,20,延,Rule-generated Stage7 member for 合成陈氏.,False
1087999,7006,陈延伟,male,1797-01-01,1878-12-31,20,延,Rule-generated Stage7 member for 合成陈氏.,False
1088000,7006,陈延安,female,1800-01-01,1845-12-31,20,延,Rule-generated Stage7 member for 合成陈氏.,False
1088001,7006,陈文文,male,1801-01-01,1820-12-31,20,延,Rule-generated Stage7 member for 合成陈氏.,False
1088002,7006,陈梅华,female,1797-01-01,1872-12-31,20,延,Rule-generated Stage7 member for 合成陈氏.,False
1088003,7006,陈延伟,male,1802-01-01,1848-12-31,20,延,Rule-generated Stage7 member for 合成陈氏.,False
1088004,7006,陈安慧,female,1800-01-01,1874-12-31,20,延,Rule-generated Stage7 member for 合成陈氏.,False
1088005,7006,陈延国,male,1798-01-01,1864-12-31,20,延,Rule-generated Stage7 member for 合成陈氏.,False
1088006,7006,陈延梅,female,1800-01-01,1830-12-31,20,延,Rule-generated Stage7 member for 合成陈氏.,False
1088007,7006,陈强承,male,1803-01-01,1876-12-31,20,延,Rule-generated Stage7 member for 合成陈氏.,False
1088008,7006,陈延玉,female,1802-01-01,1876-12-31,20,延,Rule-generated Stage7 member for 合成陈氏.,False
1088009,7006,陈延强,male,1798-01-01,1902-12-31,20,延,Rule-generated Stage7 member for 合成陈氏.,False
1088010,7006,陈明,female,1797-01-01,1864-12-31,20,延,Rule-generated Stage7 member for 合成陈氏.,False
1088011,7006,陈延德,male,1798-01-01,1856-12-31,20,延,Rule-generated Stage7 member for 合成陈氏.,False
1088012,7006,陈延清,female,1801-01-01,1879-12-31,20,延,Rule-generated Stage7 member for 合成陈氏.,False
1088013,7006,陈延景,male,1803-01-01,1879-12-31,20,延,Rule-generated Stage7 member for 合成陈氏.,False
1088014,7006,陈延慧,female,1803-01-01,1872-12-31,20,延,Rule-generated Stage7 member for 合成陈氏.,False
1088015,7006,陈延伟,male,1798-01-01,1842-12-31,20,延,Rule-generated Stage7 member for 合成陈氏.,False
1088016,7006,陈延敏,female,1801-01-01,1847-12-31,20,延,Rule-generated Stage7 member for 合成陈氏.,False
1088017,7006,陈敏,male,1799-01-01,1897-12-31,20,延,Rule-generated Stage7 member for 合成陈氏.,False
1088018,7006,陈延安,female,1799-01-01,1888-12-31,20,延,Rule-generated Stage7 member for 合成陈氏.,False
1088019,7006,陈德伟,male,1802-01-01,1884-12-31,20,延,Rule-generated Stage7 member for 合成陈氏.,False
1088020,7006,陈延芳,female,1798-01-01,1889-12-31,20,延,Rule-generated Stage7 member for 合成陈氏.,False
1088021,7006,陈延宗,male,1798-01-01,1866-12-31,20,延,Rule-generated Stage7 member for 合成陈氏.,False
1088022,7006,陈敏,female,1798-01-01,1868-12-31,20,延,Rule-generated Stage7 member for 合成陈氏.,False
1088023,7006,陈延成,male,1800-01-01,1850-12-31,20,延,Rule-generated Stage7 member for 合成陈氏.,False
1088024,7006,陈延敏,female,1799-01-01,1874-12-31,20,延,Rule-generated Stage7 member for 合成陈氏.,False
1088025,7006,陈承强,male,1798-01-01,1875-12-31,20,延,Rule-generated Stage7 member for 合成陈氏.,False
1088026,7006,陈延芳,female,1802-01-01,1893-12-31,20,延,Rule-generated Stage7 member for 合成陈氏.,False
1088027,7006,陈延强,male,1802-01-01,1851-12-31,20,延,Rule-generated Stage7 member for 合成陈氏.,False
1088028,7006,陈延玉,female,1802-01-01,1877-12-31,20,延,Rule-generated Stage7 member for 合成陈氏.,False
1088029,7006,陈延安,male,1799-01-01,1876-12-31,20,延,Rule-generated Stage7 member for 合成陈氏.,False
1088030,7006,陈延芳,female,1799-01-01,1878-12-31,20,延,Rule-generated Stage7 member for 合成陈氏.,False
1088031,7006,陈延强,male,1798-01-01,1854-12-31,20,延,Rule-generated Stage7 member for 合成陈氏.,False
1088032,7006,陈延华,female,1801-01-01,1885-12-31,20,延,Rule-generated Stage7 member for 合成陈氏.,False
1088033,7006,陈国国,male,1802-01-01,1875-12-31,20,延,Rule-generated Stage7 member for 合成陈氏.,False
1088034,7006,陈延丽,female,1803-01-01,1859-12-31,20,延,Rule-generated Stage7 member for 合成陈氏.,False
1088035,7006,陈延伟,male,1797-01-01,1852-12-31,20,延,Rule-generated Stage7 member for 合成陈氏.,False
1088036,7006,陈敏,female,1803-01-01,1862-12-31,20,延,Rule-generated Stage7 member for 合成陈氏.,False
1088037,7006,陈延国,male,1803-01-01,1891-12-31,20,延,Rule-generated Stage7 member for 合成陈氏.,False
1088038,7006,陈华梅,female,1797-01-01,1890-12-31,20,延,Rule-generated Stage7 member for 合成陈氏.,False
1088039,7006,陈景宗,male,1801-01-01,1876-12-31,20,延,Rule-generated Stage7 member for 合成陈氏.,False
1088040,7006,陈延玉,female,1802-01-01,1884-12-31,20,延,Rule-generated Stage7 member for 合成陈氏.,False
1088041,7006,陈延世,male,1803-01-01,1886-12-31,20,延,Rule-generated Stage7 member for 合成陈氏.,False
1088042,7006,陈慧玉,female,1798-01-01,1873-12-31,20,延,Rule-generated Stage7 member for 合成陈氏.,False
1088043,7006,陈延世,male,1800-01-01,1883-12-31,20,延,Rule-generated Stage7 member for 合成陈氏.,False
1088044,7006,陈延雅,female,1798-01-01,1859-12-31,20,延,Rule-generated Stage7 member for 合成陈氏.,False
1088045,7006,陈景德,male,1803-01-01,1886-12-31,20,延,Rule-generated Stage7 member for 合成陈氏.,False
1088046,7006,陈延芳,female,1801-01-01,1864-12-31,20,延,Rule-generated Stage7 member for 合成陈氏.,False
1088047,7006,陈承景,male,1799-01-01,1847-12-31,20,延,Rule-generated Stage7 member for 合成陈氏.,False
1088048,7006,陈延华,female,1798-01-01,1854-12-31,20,延,Rule-generated Stage7 member for 合成陈氏.,False
1088049,7006,陈德景,male,1802-01-01,1891-12-31,20,延,Rule-generated Stage7 member for 合成陈氏.,False
1088050,7006,陈华,female,1802-01-01,1840-12-31,20,延,Rule-generated Stage7 member for 合成陈氏.,False
1088051,7006,陈延德,male,1798-01-01,1870-12-31,20,延,Rule-generated Stage7 member for 合成陈氏.,False
1088052,7006,陈延宁,female,1799-01-01,1871-12-31,20,延,Rule-generated Stage7 member for 合成陈氏.,False
1088053,7006,陈延德,male,1797-01-01,1875-12-31,20,延,Rule-generated Stage7 member for 合成陈氏.,False
1088054,7006,陈延雅,female,1802-01-01,1877-12-31,20,延,Rule-generated Stage7 member for 合成陈氏.,False
1088055,7006,陈安景,male,1800-01-01,1846-12-31,20,延,Rule-generated Stage7 member for 合成陈氏.,False
1088056,7006,陈延敏,female,1802-01-01,1848-12-31,20,延,Rule-generated Stage7 member for 合成陈氏.,False
1088057,7006,陈延安,male,1797-01-01,1889-12-31,20,延,Rule-generated Stage7 member for 合成陈氏.,False
1088058,7006,陈延宁,female,1797-01-01,1892-12-31,20,延,Rule-generated Stage7 member for 合成陈氏.,False
1088059,7006,陈安景,male,1800-01-01,1851-12-31,20,延,Rule-generated Stage7 member for 合成陈氏.,False
1088060,7006,陈强,female,1800-01-01,1867-12-31,20,延,Rule-generated Stage7 member for 合成陈氏.,False
1088061,7006,陈成景,male,1799-01-01,1895-12-31,20,延,Rule-generated Stage7 member for 合成陈氏.,False
1088062,7006,陈延敏,female,1800-01-01,1898-12-31,20,延,Rule-generated Stage7 member for 合成陈氏.,False
1088063,7006,陈宗安,male,1799-01-01,1860-12-31,20,延,Rule-generated Stage7 member for 合成陈氏.,False
1088064,7006,陈延丽,female,1799-01-01,1857-12-31,20,延,Rule-generated Stage7 member for 合成陈氏.,False
1088065,7006,陈延成,male,1800-01-01,1862-12-31,20,延,Rule-generated Stage7 member for 合成陈氏.,False
1088066,7006,陈延安,female,1797-01-01,1858-12-31,20,延,Rule-generated Stage7 member for 合成陈氏.,False
1088067,7006,陈延明,male,1800-01-01,1852-12-31,20,延,Rule-generated Stage7 member for 合成陈氏.,False
1088068,7006,陈延梅,female,1799-01-01,1850-12-31,20,延,Rule-generated Stage7 member for 合成陈氏.,False
1088069,7006,陈延成,male,1797-01-01,1890-12-31,20,延,Rule-generated Stage7 member for 合成陈氏.,False
1088070,7006,陈梅敏,female,1798-01-01,1836-12-31,20,延,Rule-generated Stage7 member for 合成陈氏.,False
1088071,7006,陈安伟,male,1799-01-01,1864-12-31,20,延,Rule-generated Stage7 member for 合成陈氏.,False
1088072,7006,陈延华,female,1803-01-01,1839-12-31,20,延,Rule-generated Stage7 member for 合成陈氏.,False
1088073,7006,陈延文,male,1798-01-01,1859-12-31,20,延,Rule-generated Stage7 member for 合成陈氏.,False
1088074,7006,陈延安,female,1799-01-01,1838-12-31,20,延,Rule-generated Stage7 member for 合成陈氏.,False
1088075,7006,陈景德,male,1801-01-01,1860-12-31,20,延,Rule-generated Stage7 member for 合成陈氏.,False
1088076,7006,陈明德,male,1824-01-01,1914-12-31,21,德,Rule-generated Stage7 member for 合成陈氏.,False
1088077,7006,陈德慧,female,1821-01-01,1901-12-31,21,德,Rule-generated Stage7 member for 合成陈氏.,False
1088078,7006,陈景景,male,1824-01-01,1866-12-31,21,德,Rule-generated Stage7 member for 合成陈氏.,False
1088079,7006,陈德敏,female,1821-01-01,1901-12-31,21,德,Rule-generated Stage7 member for 合成陈氏.,False
1088080,7006,陈德世,male,1822-01-01,1893-12-31,21,德,Rule-generated Stage7 member for 合成陈氏.,False
1088081,7006,陈梅芳,female,1823-01-01,1878-12-31,21,德,Rule-generated Stage7 member for 合成陈氏.,False
1088082,7006,陈安宗,male,1821-01-01,1847-12-31,21,德,Rule-generated Stage7 member for 合成陈氏.,False
1088083,7006,陈德华,female,1820-01-01,1872-12-31,21,德,Rule-generated Stage7 member for 合成陈氏.,False
1088084,7006,陈德安,male,1822-01-01,1871-12-31,21,德,Rule-generated Stage7 member for 合成陈氏.,False
1088085,7006,陈玉梅,female,1824-01-01,1887-12-31,21,德,Rule-generated Stage7 member for 合成陈氏.,False
1088086,7006,陈世世,male,1820-01-01,1895-12-31,21,德,Rule-generated Stage7 member for 合成陈氏.,False
1088087,7006,陈德敏,female,1824-01-01,1893-12-31,21,德,Rule-generated Stage7 member for 合成陈氏.,False
1088088,7006,陈德伟,male,1821-01-01,1888-12-31,21,德,Rule-generated Stage7 member for 合成陈氏.,False
1088089,7006,陈敏华,female,1821-01-01,1884-12-31,21,德,Rule-generated Stage7 member for 合成陈氏.,False
1088090,7006,陈德文,male,1819-01-01,1863-12-31,21,德,Rule-generated Stage7 member for 合成陈氏.,False
1088091,7006,陈德宁,female,1824-01-01,1885-12-31,21,德,Rule-generated Stage7 member for 合成陈氏.,False
1088092,7006,陈明,male,1822-01-01,1863-12-31,21,德,Rule-generated Stage7 member for 合成陈氏.,False
1088093,7006,陈德宁,female,1818-01-01,1897-12-31,21,德,Rule-generated Stage7 member for 合成陈氏.,False
1088094,7006,陈德世,male,1823-01-01,1860-12-31,21,德,Rule-generated Stage7 member for 合成陈氏.,False
1088095,7006,陈德雅,female,1821-01-01,1901-12-31,21,德,Rule-generated Stage7 member for 合成陈氏.,False
1088096,7006,陈德强,male,1822-01-01,1879-12-31,21,德,Rule-generated Stage7 member for 合成陈氏.,False
1088097,7006,陈德敏,female,1822-01-01,1885-12-31,21,德,Rule-generated Stage7 member for 合成陈氏.,False
1088098,7006,陈德德,male,1819-01-01,1919-12-31,21,德,Rule-generated Stage7 member for 合成陈氏.,False
1088099,7006,陈玉宁,female,1823-01-01,1897-12-31,21,德,Rule-generated Stage7 member for 合成陈氏.,False
1088100,7006,陈敏,male,1821-01-01,1888-12-31,21,德,Rule-generated Stage7 member for 合成陈氏.,False
1088101,7006,陈德芳,female,1822-01-01,1860-12-31,21,德,Rule-generated Stage7 member for 合成陈氏.,False
1088102,7006,陈德国,male,1820-01-01,1879-12-31,21,德,Rule-generated Stage7 member for 合成陈氏.,False
1088103,7006,陈伟,female,1822-01-01,1895-12-31,21,德,Rule-generated Stage7 member for 合成陈氏.,False
1088104,7006,陈成伟,male,1820-01-01,1890-12-31,21,德,Rule-generated Stage7 member for 合成陈氏.,False
1088105,7006,陈德梅,female,1818-01-01,1859-12-31,21,德,Rule-generated Stage7 member for 合成陈氏.,False
1088106,7006,陈伟伟,male,1824-01-01,1882-12-31,21,德,Rule-generated Stage7 member for 合成陈氏.,False
1088107,7006,陈玉兰,female,1821-01-01,1899-12-31,21,德,Rule-generated Stage7 member for 合成陈氏.,False
1088108,7006,陈敏,male,1821-01-01,1877-12-31,21,德,Rule-generated Stage7 member for 合成陈氏.,False
1088109,7006,陈德芳,female,1822-01-01,1900-12-31,21,德,Rule-generated Stage7 member for 合成陈氏.,False
1088110,7006,陈明德,male,1820-01-01,1858-12-31,21,德,Rule-generated Stage7 member for 合成陈氏.,False
1088111,7006,陈清玉,female,1819-01-01,1867-12-31,21,德,Rule-generated Stage7 member for 合成陈氏.,False
1088112,7006,陈德伟,male,1824-01-01,1886-12-31,21,德,Rule-generated Stage7 member for 合成陈氏.,False
1088113,7006,陈德敏,female,1823-01-01,1893-12-31,21,德,Rule-generated Stage7 member for 合成陈氏.,False
1088114,7006,陈伟安,male,1818-01-01,1866-12-31,21,德,Rule-generated Stage7 member for 合成陈氏.,False
1088115,7006,陈宁雅,female,1823-01-01,1886-12-31,21,德,Rule-generated Stage7 member for 合成陈氏.,False
1088116,7006,陈丽,male,1820-01-01,1884-12-31,21,德,Rule-generated Stage7 member for 合成陈氏.,False
1088117,7006,陈芳丽,female,1818-01-01,1883-12-31,21,德,Rule-generated Stage7 member for 合成陈氏.,False
1088118,7006,陈德文,male,1820-01-01,1889-12-31,21,德,Rule-generated Stage7 member for 合成陈氏.,False
1088119,7006,陈敏,female,1824-01-01,1898-12-31,21,德,Rule-generated Stage7 member for 合成陈氏.,False
1088120,7006,陈文国,male,1819-01-01,1896-12-31,21,德,Rule-generated Stage7 member for 合成陈氏.,False
1088121,7006,陈兰丽,female,1820-01-01,1884-12-31,21,德,Rule-generated Stage7 member for 合成陈氏.,False
1088122,7006,陈德明,male,1820-01-01,1868-12-31,21,德,Rule-generated Stage7 member for 合成陈氏.,False
1088123,7006,陈德丽,female,1818-01-01,1889-12-31,21,德,Rule-generated Stage7 member for 合成陈氏.,False
1088124,7006,陈明,male,1822-01-01,1894-12-31,21,德,Rule-generated Stage7 member for 合成陈氏.,False
1088125,7006,陈敏华,female,1823-01-01,1913-12-31,21,德,Rule-generated Stage7 member for 合成陈氏.,False
1088126,7006,陈德明,male,1818-01-01,1895-12-31,21,德,Rule-generated Stage7 member for 合成陈氏.,False
1088127,7006,陈梅敏,female,1823-01-01,1915-12-31,21,德,Rule-generated Stage7 member for 合成陈氏.,False
1088128,7006,陈伟,male,1823-01-01,1912-12-31,21,德,Rule-generated Stage7 member for 合成陈氏.,False
1088129,7006,陈强,female,1823-01-01,1915-12-31,21,德,Rule-generated Stage7 member for 合成陈氏.,False
1088130,7006,陈德成,male,1822-01-01,1890-12-31,21,德,Rule-generated Stage7 member for 合成陈氏.,False
1088131,7006,陈德清,female,1823-01-01,1872-12-31,21,德,Rule-generated Stage7 member for 合成陈氏.,False
1088132,7006,陈德景,male,1818-01-01,1899-12-31,21,德,Rule-generated Stage7 member for 合成陈氏.,False
1088133,7006,陈明,female,1821-01-01,1886-12-31,21,德,Rule-generated Stage7 member for 合成陈氏.,False
1088134,7006,陈德世,male,1821-01-01,1886-12-31,21,德,Rule-generated Stage7 member for 合成陈氏.,False
1088135,7006,陈德敏,female,1822-01-01,1867-12-31,21,德,Rule-generated Stage7 member for 合成陈氏.,False
1088136,7006,陈德成,male,1819-01-01,1865-12-31,21,德,Rule-generated Stage7 member for 合成陈氏.,False
1088137,7006,陈明,female,1824-01-01,1905-12-31,21,德,Rule-generated Stage7 member for 合成陈氏.,False
1088138,7006,陈德承,male,1820-01-01,1906-12-31,21,德,Rule-generated Stage7 member for 合成陈氏.,False
1088139,7006,陈清华,female,1818-01-01,1893-12-31,21,德,Rule-generated Stage7 member for 合成陈氏.,False
1088140,7006,陈德承,male,1818-01-01,1885-12-31,21,德,Rule-generated Stage7 member for 合成陈氏.,False
1088141,7006,陈强,female,1824-01-01,1883-12-31,21,德,Rule-generated Stage7 member for 合成陈氏.,False
1088142,7006,陈德国,male,1820-01-01,1889-12-31,21,德,Rule-generated Stage7 member for 合成陈氏.,False
1088143,7006,陈梅芳,female,1820-01-01,1877-12-31,21,德,Rule-generated Stage7 member for 合成陈氏.,False
1088144,7006,陈德伟,male,1820-01-01,1889-12-31,21,德,Rule-generated Stage7 member for 合成陈氏.,False
1088145,7006,陈德清,female,1820-01-01,1893-12-31,21,德,Rule-generated Stage7 member for 合成陈氏.,False
1088146,7006,陈德成,male,1824-01-01,1890-12-31,21,德,Rule-generated Stage7 member for 合成陈氏.,False
1088147,7006,陈德芳,female,1820-01-01,1901-12-31,21,德,Rule-generated Stage7 member for 合成陈氏.,False
1088148,7006,陈伟,male,1819-01-01,1880-12-31,21,德,Rule-generated Stage7 member for 合成陈氏.,False
1088149,7006,陈兰梅,female,1818-01-01,1910-12-31,21,德,Rule-generated Stage7 member for 合成陈氏.,False
1088150,7006,陈华,male,1819-01-01,1887-12-31,21,德,Rule-generated Stage7 member for 合成陈氏.,False
1088151,7006,陈清宁,female,1824-01-01,1864-12-31,21,德,Rule-generated Stage7 member for 合成陈氏.,False
1088152,7006,陈敏,male,1821-01-01,1862-12-31,21,德,Rule-generated Stage7 member for 合成陈氏.,False
1088153,7006,陈丽慧,female,1820-01-01,1856-12-31,21,德,Rule-generated Stage7 member for 合成陈氏.,False
1088154,7006,陈华,male,1820-01-01,1862-12-31,21,德,Rule-generated Stage7 member for 合成陈氏.,False
1088155,7006,陈丽华,female,1822-01-01,1904-12-31,21,德,Rule-generated Stage7 member for 合成陈氏.,False
1088156,7006,陈文承,male,1823-01-01,1890-12-31,21,德,Rule-generated Stage7 member for 合成陈氏.,False
1088157,7006,陈丽雅,female,1821-01-01,1884-12-31,21,德,Rule-generated Stage7 member for 合成陈氏.,False
1088158,7006,陈德景,male,1820-01-01,1880-12-31,21,德,Rule-generated Stage7 member for 合成陈氏.,False
1088159,7006,陈德玉,female,1821-01-01,1865-12-31,21,德,Rule-generated Stage7 member for 合成陈氏.,False
1088160,7006,陈德安,male,1820-01-01,1861-12-31,21,德,Rule-generated Stage7 member for 合成陈氏.,False
1088161,7006,陈芳玉,female,1821-01-01,1907-12-31,21,德,Rule-generated Stage7 member for 合成陈氏.,False
1088162,7006,陈国宗,male,1824-01-01,1877-12-31,21,德,Rule-generated Stage7 member for 合成陈氏.,False
1088163,7006,陈德玉,female,1818-01-01,1907-12-31,21,德,Rule-generated Stage7 member for 合成陈氏.,False
1088164,7006,陈强,male,1821-01-01,1911-12-31,21,德,Rule-generated Stage7 member for 合成陈氏.,False
1088165,7006,陈德兰,female,1820-01-01,1857-12-31,21,德,Rule-generated Stage7 member for 合成陈氏.,False
1088166,7006,陈安承,male,1824-01-01,1858-12-31,21,德,Rule-generated Stage7 member for 合成陈氏.,False
1088167,7006,陈德华,female,1824-01-01,1906-12-31,21,德,Rule-generated Stage7 member for 合成陈氏.,False
1088168,7006,陈德世,male,1820-01-01,1888-12-31,21,德,Rule-generated Stage7 member for 合成陈氏.,False
1088169,7006,陈宁梅,female,1819-01-01,1880-12-31,21,德,Rule-generated Stage7 member for 合成陈氏.,False
1088170,7006,陈明,male,1823-01-01,1866-12-31,21,德,Rule-generated Stage7 member for 合成陈氏.,False
1088171,7006,陈德兰,female,1820-01-01,1909-12-31,21,德,Rule-generated Stage7 member for 合成陈氏.,False
1088172,7006,陈德成,male,1819-01-01,1882-12-31,21,德,Rule-generated Stage7 member for 合成陈氏.,False
1088173,7006,陈玉华,female,1821-01-01,1870-12-31,21,德,Rule-generated Stage7 member for 合成陈氏.,False
1088174,7006,陈德承,male,1824-01-01,1881-12-31,21,德,Rule-generated Stage7 member for 合成陈氏.,False
1088175,7006,陈德雅,female,1823-01-01,1881-12-31,21,德,Rule-generated Stage7 member for 合成陈氏.,False
1088176,7006,陈明,male,1818-01-01,1887-12-31,21,德,Rule-generated Stage7 member for 合成陈氏.,False
1088177,7006,陈德安,female,1820-01-01,1903-12-31,21,德,Rule-generated Stage7 member for 合成陈氏.,False
1088178,7006,陈华,male,1819-01-01,1919-12-31,21,德,Rule-generated Stage7 member for 合成陈氏.,False
1088179,7006,陈兰清,female,1819-01-01,1895-12-31,21,德,Rule-generated Stage7 member for 合成陈氏.,False
1088180,7006,陈德承,male,1822-01-01,1888-12-31,21,德,Rule-generated Stage7 member for 合成陈氏.,False
1088181,7006,陈德宁,female,1819-01-01,1893-12-31,21,德,Rule-generated Stage7 member for 合成陈氏.,False
1088182,7006,陈德宗,male,1824-01-01,1888-12-31,21,德,Rule-generated Stage7 member for 合成陈氏.,False
1088183,7006,陈敏安,female,1819-01-01,1913-12-31,21,德,Rule-generated Stage7 member for 合成陈氏.,False
1088184,7006,陈明,male,1821-01-01,1888-12-31,21,德,Rule-generated Stage7 member for 合成陈氏.,False
1088185,7006,陈德华,female,1822-01-01,1928-12-31,21,德,Rule-generated Stage7 member for 合成陈氏.,False
1088186,7006,陈德世,male,1822-01-01,1885-12-31,21,德,Rule-generated Stage7 member for 合成陈氏.,False
1088187,7006,陈德梅,female,1820-01-01,1896-12-31,21,德,Rule-generated Stage7 member for 合成陈氏.,False
1088188,7006,陈德国,male,1818-01-01,1870-12-31,21,德,Rule-generated Stage7 member for 合成陈氏.,False
1088189,7006,陈德敏,female,1819-01-01,1891-12-31,21,德,Rule-generated Stage7 member for 合成陈氏.,False
1088190,7006,陈承宗,male,1822-01-01,1906-12-31,21,德,Rule-generated Stage7 member for 合成陈氏.,False
1088191,7006,陈德梅,female,1821-01-01,1882-12-31,21,德,Rule-generated Stage7 member for 合成陈氏.,False
1088192,7006,陈德德,male,1820-01-01,1857-12-31,21,德,Rule-generated Stage7 member for 合成陈氏.,False
1088193,7006,陈德丽,female,1823-01-01,1868-12-31,21,德,Rule-generated Stage7 member for 合成陈氏.,False
1088194,7006,陈德安,male,1819-01-01,1875-12-31,21,德,Rule-generated Stage7 member for 合成陈氏.,False
1088195,7006,陈德兰,female,1821-01-01,1886-12-31,21,德,Rule-generated Stage7 member for 合成陈氏.,False
1088196,7006,陈德国,male,1820-01-01,1898-12-31,21,德,Rule-generated Stage7 member for 合成陈氏.,False
1088197,7006,陈安雅,female,1822-01-01,1880-12-31,21,德,Rule-generated Stage7 member for 合成陈氏.,False
1088198,7006,陈强,male,1821-01-01,1895-12-31,21,德,Rule-generated Stage7 member for 合成陈氏.,False
1088199,7006,陈德敏,female,1820-01-01,1885-12-31,21,德,Rule-generated Stage7 member for 合成陈氏.,False
1088200,7006,陈敏,male,1821-01-01,1900-12-31,21,德,Rule-generated Stage7 member for 合成陈氏.,False
1088201,7006,陈清芳,female,1819-01-01,1896-12-31,21,德,Rule-generated Stage7 member for 合成陈氏.,False
1088202,7006,陈德伟,male,1823-01-01,1900-12-31,21,德,Rule-generated Stage7 member for 合成陈氏.,False
1088203,7006,陈德敏,female,1823-01-01,1886-12-31,21,德,Rule-generated Stage7 member for 合成陈氏.,False
1088204,7006,陈世世,male,1819-01-01,1898-12-31,21,德,Rule-generated Stage7 member for 合成陈氏.,False
1088205,7006,陈丽,female,1820-01-01,1900-12-31,21,德,Rule-generated Stage7 member for 合成陈氏.,False
1088206,7006,陈德成,male,1822-01-01,1895-12-31,21,德,Rule-generated Stage7 member for 合成陈氏.,False
1088207,7006,陈德慧,female,1818-01-01,1888-12-31,21,德,Rule-generated Stage7 member for 合成陈氏.,False
1088208,7006,陈德强,male,1818-01-01,1865-12-31,21,德,Rule-generated Stage7 member for 合成陈氏.,False
1088209,7006,陈清梅,female,1820-01-01,1862-12-31,21,德,Rule-generated Stage7 member for 合成陈氏.,False
1088210,7006,陈德景,male,1823-01-01,1910-12-31,21,德,Rule-generated Stage7 member for 合成陈氏.,False
1088211,7006,陈梅宁,female,1824-01-01,1917-12-31,21,德,Rule-generated Stage7 member for 合成陈氏.,False
1088212,7006,陈德强,male,1818-01-01,1872-12-31,21,德,Rule-generated Stage7 member for 合成陈氏.,False
1088213,7006,陈雅慧,female,1823-01-01,1893-12-31,21,德,Rule-generated Stage7 member for 合成陈氏.,False
1088214,7006,陈德安,male,1824-01-01,1875-12-31,21,德,Rule-generated Stage7 member for 合成陈氏.,False
1088215,7006,陈慧雅,female,1823-01-01,1882-12-31,21,德,Rule-generated Stage7 member for 合成陈氏.,False
1088216,7006,陈承世,male,1824-01-01,1857-12-31,21,德,Rule-generated Stage7 member for 合成陈氏.,False
1088217,7006,陈德梅,female,1818-01-01,1910-12-31,21,德,Rule-generated Stage7 member for 合成陈氏.,False
1088218,7006,陈德德,male,1818-01-01,1918-12-31,21,德,Rule-generated Stage7 member for 合成陈氏.,False
1088219,7006,陈宁宁,female,1824-01-01,1908-12-31,21,德,Rule-generated Stage7 member for 合成陈氏.,False
1088220,7006,陈德安,male,1818-01-01,1878-12-31,21,德,Rule-generated Stage7 member for 合成陈氏.,False
1088221,7006,陈伟,female,1822-01-01,1917-12-31,21,德,Rule-generated Stage7 member for 合成陈氏.,False
1088222,7006,陈敏,male,1824-01-01,1894-12-31,21,德,Rule-generated Stage7 member for 合成陈氏.,False
1088223,7006,陈强,female,1824-01-01,1907-12-31,21,德,Rule-generated Stage7 member for 合成陈氏.,False
1088224,7006,陈德明,male,1823-01-01,1869-12-31,21,德,Rule-generated Stage7 member for 合成陈氏.,False
1088225,7006,陈安慧,female,1823-01-01,1895-12-31,21,德,Rule-generated Stage7 member for 合成陈氏.,False
1088226,7006,陈德景,male,1823-01-01,1902-12-31,21,德,Rule-generated Stage7 member for 合成陈氏.,False
1088227,7006,陈慧敏,female,1819-01-01,1885-12-31,21,德,Rule-generated Stage7 member for 合成陈氏.,False
1088228,7006,陈德世,male,1824-01-01,1868-12-31,21,德,Rule-generated Stage7 member for 合成陈氏.,False
1088229,7006,陈伟,female,1818-01-01,1917-12-31,21,德,Rule-generated Stage7 member for 合成陈氏.,False
1088230,7006,陈德明,male,1824-01-01,1876-12-31,21,德,Rule-generated Stage7 member for 合成陈氏.,False
1088231,7006,陈德玉,female,1823-01-01,1868-12-31,21,德,Rule-generated Stage7 member for 合成陈氏.,False
1088232,7006,陈德伟,male,1821-01-01,1874-12-31,21,德,Rule-generated Stage7 member for 合成陈氏.,False
1088233,7006,陈德清,female,1821-01-01,1907-12-31,21,德,Rule-generated Stage7 member for 合成陈氏.,False
1088234,7006,陈德宗,male,1823-01-01,1875-12-31,21,德,Rule-generated Stage7 member for 合成陈氏.,False
1088235,7006,陈德敏,female,1820-01-01,1857-12-31,21,德,Rule-generated Stage7 member for 合成陈氏.,False
1088236,7006,陈德景,male,1821-01-01,1906-12-31,21,德,Rule-generated Stage7 member for 合成陈氏.,False
1088237,7006,陈德兰,female,1819-01-01,1873-12-31,21,德,Rule-generated Stage7 member for 合成陈氏.,False
1088238,7006,陈德宗,male,1822-01-01,1885-12-31,21,德,Rule-generated Stage7 member for 合成陈氏.,False
1088239,7006,陈梅兰,female,1824-01-01,1913-12-31,21,德,Rule-generated Stage7 member for 合成陈氏.,False
1088240,7006,陈德文,male,1819-01-01,1864-12-31,21,德,Rule-generated Stage7 member for 合成陈氏.,False
1088241,7006,陈明,female,1822-01-01,1901-12-31,21,德,Rule-generated Stage7 member for 合成陈氏.,False
1088242,7006,陈华,male,1823-01-01,1898-12-31,21,德,Rule-generated Stage7 member for 合成陈氏.,False
1088243,7006,陈安德,male,1843-01-01,1917-12-31,22,仁,Rule-generated Stage7 member for 合成陈氏.,False
1088244,7006,陈华,female,1839-01-01,1919-12-31,22,仁,Rule-generated Stage7 member for 合成陈氏.,False
1088245,7006,陈仁明,male,1844-01-01,1932-12-31,22,仁,Rule-generated Stage7 member for 合成陈氏.,False
1088246,7006,陈仁兰,female,1840-01-01,1935-12-31,22,仁,Rule-generated Stage7 member for 合成陈氏.,False
1088247,7006,陈强,male,1839-01-01,1923-12-31,22,仁,Rule-generated Stage7 member for 合成陈氏.,False
1088248,7006,陈仁敏,female,1844-01-01,1905-12-31,22,仁,Rule-generated Stage7 member for 合成陈氏.,False
1088249,7006,陈仁强,male,1840-01-01,1926-12-31,22,仁,Rule-generated Stage7 member for 合成陈氏.,False
1088250,7006,陈慧敏,female,1840-01-01,1915-12-31,22,仁,Rule-generated Stage7 member for 合成陈氏.,False
1088251,7006,陈伟安,male,1843-01-01,1898-12-31,22,仁,Rule-generated Stage7 member for 合成陈氏.,False
1088252,7006,陈慧雅,female,1841-01-01,1879-12-31,22,仁,Rule-generated Stage7 member for 合成陈氏.,False
1088253,7006,陈仁安,male,1839-01-01,1944-12-31,22,仁,Rule-generated Stage7 member for 合成陈氏.,False
1088254,7006,陈仁安,female,1844-01-01,1891-12-31,22,仁,Rule-generated Stage7 member for 合成陈氏.,False
1088255,7006,陈华,male,1841-01-01,1913-12-31,22,仁,Rule-generated Stage7 member for 合成陈氏.,False
1088256,7006,陈雅丽,female,1843-01-01,1907-12-31,22,仁,Rule-generated Stage7 member for 合成陈氏.,False
1088257,7006,陈德承,male,1840-01-01,1867-12-31,22,仁,Rule-generated Stage7 member for 合成陈氏.,False
1088258,7006,陈梅安,female,1845-01-01,1923-12-31,22,仁,Rule-generated Stage7 member for 合成陈氏.,False
1088259,7006,陈承国,male,1839-01-01,1922-12-31,22,仁,Rule-generated Stage7 member for 合成陈氏.,False
1088260,7006,陈仁玉,female,1842-01-01,1896-12-31,22,仁,Rule-generated Stage7 member for 合成陈氏.,False
1088261,7006,陈承安,male,1841-01-01,1906-12-31,22,仁,Rule-generated Stage7 member for 合成陈氏.,False
1088262,7006,陈敏,female,1845-01-01,1914-12-31,22,仁,Rule-generated Stage7 member for 合成陈氏.,False
1088263,7006,陈伟,male,1840-01-01,1916-12-31,22,仁,Rule-generated Stage7 member for 合成陈氏.,False
1088264,7006,陈丽,female,1843-01-01,1925-12-31,22,仁,Rule-generated Stage7 member for 合成陈氏.,False
1088265,7006,陈强,male,1839-01-01,1936-12-31,22,仁,Rule-generated Stage7 member for 合成陈氏.,False
1088266,7006,陈仁慧,female,1841-01-01,1888-12-31,22,仁,Rule-generated Stage7 member for 合成陈氏.,False
1088267,7006,陈仁文,male,1844-01-01,1922-12-31,22,仁,Rule-generated Stage7 member for 合成陈氏.,False
1088268,7006,陈玉慧,female,1842-01-01,1927-12-31,22,仁,Rule-generated Stage7 member for 合成陈氏.,False
1088269,7006,陈安文,male,1841-01-01,1892-12-31,22,仁,Rule-generated Stage7 member for 合成陈氏.,False
1088270,7006,陈玉兰,female,1844-01-01,1889-12-31,22,仁,Rule-generated Stage7 member for 合成陈氏.,False
1088271,7006,陈仁世,male,1840-01-01,1908-12-31,22,仁,Rule-generated Stage7 member for 合成陈氏.,False
1088272,7006,陈仁慧,female,1839-01-01,1893-12-31,22,仁,Rule-generated Stage7 member for 合成陈氏.,False
1088273,7006,陈仁承,male,1844-01-01,1879-12-31,22,仁,Rule-generated Stage7 member for 合成陈氏.,False
1088274,7006,陈仁芳,female,1842-01-01,1919-12-31,22,仁,Rule-generated Stage7 member for 合成陈氏.,False
1088275,7006,陈仁伟,male,1844-01-01,1928-12-31,22,仁,Rule-generated Stage7 member for 合成陈氏.,False
1088276,7006,陈仁宁,female,1843-01-01,1905-12-31,22,仁,Rule-generated Stage7 member for 合成陈氏.,False
1088277,7006,陈承景,male,1844-01-01,1927-12-31,22,仁,Rule-generated Stage7 member for 合成陈氏.,False
1088278,7006,陈慧丽,female,1839-01-01,1943-12-31,22,仁,Rule-generated Stage7 member for 合成陈氏.,False
1088279,7006,陈伟伟,male,1842-01-01,1916-12-31,22,仁,Rule-generated Stage7 member for 合成陈氏.,False
1088280,7006,陈敏,female,1844-01-01,1910-12-31,22,仁,Rule-generated Stage7 member for 合成陈氏.,False
1088281,7006,陈宗文,male,1844-01-01,1875-12-31,22,仁,Rule-generated Stage7 member for 合成陈氏.,False
1088282,7006,陈仁敏,female,1845-01-01,1950-12-31,22,仁,Rule-generated Stage7 member for 合成陈氏.,False
1088283,7006,陈强德,male,1843-01-01,1913-12-31,22,仁,Rule-generated Stage7 member for 合成陈氏.,False
1088284,7006,陈雅华,female,1844-01-01,1896-12-31,22,仁,Rule-generated Stage7 member for 合成陈氏.,False
1088285,7006,陈仁承,male,1845-01-01,1917-12-31,22,仁,Rule-generated Stage7 member for 合成陈氏.,False
1088286,7006,陈仁宁,female,1841-01-01,1917-12-31,22,仁,Rule-generated Stage7 member for 合成陈氏.,False
1088287,7006,陈仁景,male,1840-01-01,1940-12-31,22,仁,Rule-generated Stage7 member for 合成陈氏.,False
1088288,7006,陈华,female,1844-01-01,1930-12-31,22,仁,Rule-generated Stage7 member for 合成陈氏.,False
1088289,7006,陈华,male,1843-01-01,1922-12-31,22,仁,Rule-generated Stage7 member for 合成陈氏.,False
1088290,7006,陈清宁,female,1845-01-01,1927-12-31,22,仁,Rule-generated Stage7 member for 合成陈氏.,False
1088291,7006,陈华,male,1841-01-01,1897-12-31,22,仁,Rule-generated Stage7 member for 合成陈氏.,False
1088292,7006,陈仁敏,female,1842-01-01,1915-12-31,22,仁,Rule-generated Stage7 member for 合成陈氏.,False
1088293,7006,陈仁景,male,1845-01-01,1900-12-31,22,仁,Rule-generated Stage7 member for 合成陈氏.,False
1088294,7006,陈仁梅,female,1842-01-01,1916-12-31,22,仁,Rule-generated Stage7 member for 合成陈氏.,False
1088295,7006,陈仁国,male,1843-01-01,1933-12-31,22,仁,Rule-generated Stage7 member for 合成陈氏.,False
1088296,7006,陈芳梅,female,1843-01-01,1870-12-31,22,仁,Rule-generated Stage7 member for 合成陈氏.,False
1088297,7006,陈仁文,male,1843-01-01,1943-12-31,22,仁,Rule-generated Stage7 member for 合成陈氏.,False
1088298,7006,陈仁丽,female,1843-01-01,1919-12-31,22,仁,Rule-generated Stage7 member for 合成陈氏.,False
1088299,7006,陈仁景,male,1840-01-01,1883-12-31,22,仁,Rule-generated Stage7 member for 合成陈氏.,False
1088300,7006,陈安宁,female,1843-01-01,1900-12-31,22,仁,Rule-generated Stage7 member for 合成陈氏.,False
1088301,7006,陈承明,male,1842-01-01,1899-12-31,22,仁,Rule-generated Stage7 member for 合成陈氏.,False
1088302,7006,陈宁安,female,1839-01-01,1926-12-31,22,仁,Rule-generated Stage7 member for 合成陈氏.,False
1088303,7006,陈仁文,male,1842-01-01,1897-12-31,22,仁,Rule-generated Stage7 member for 合成陈氏.,False
1088304,7006,陈仁清,female,1841-01-01,1883-12-31,22,仁,Rule-generated Stage7 member for 合成陈氏.,False
1088305,7006,陈伟,male,1843-01-01,1891-12-31,22,仁,Rule-generated Stage7 member for 合成陈氏.,False
1088306,7006,陈梅兰,female,1844-01-01,1900-12-31,22,仁,Rule-generated Stage7 member for 合成陈氏.,False
1088307,7006,陈伟,male,1842-01-01,1934-12-31,22,仁,Rule-generated Stage7 member for 合成陈氏.,False
1088308,7006,陈玉丽,female,1841-01-01,1923-12-31,22,仁,Rule-generated Stage7 member for 合成陈氏.,False
1088309,7006,陈丽,male,1842-01-01,1904-12-31,22,仁,Rule-generated Stage7 member for 合成陈氏.,False
1088310,7006,陈仁宁,female,1845-01-01,1917-12-31,22,仁,Rule-generated Stage7 member for 合成陈氏.,False
1088311,7006,陈成承,male,1845-01-01,1899-12-31,22,仁,Rule-generated Stage7 member for 合成陈氏.,False
1088312,7006,陈明,female,1839-01-01,1883-12-31,22,仁,Rule-generated Stage7 member for 合成陈氏.,False
1088313,7006,陈仁景,male,1842-01-01,1922-12-31,22,仁,Rule-generated Stage7 member for 合成陈氏.,False
1088314,7006,陈仁玉,female,1841-01-01,1902-12-31,22,仁,Rule-generated Stage7 member for 合成陈氏.,False
1088315,7006,陈仁成,male,1839-01-01,1929-12-31,22,仁,Rule-generated Stage7 member for 合成陈氏.,False
1088316,7006,陈仁宁,female,1842-01-01,1930-12-31,22,仁,Rule-generated Stage7 member for 合成陈氏.,False
1088317,7006,陈仁世,male,1842-01-01,1899-12-31,22,仁,Rule-generated Stage7 member for 合成陈氏.,False
1088318,7006,陈仁慧,female,1841-01-01,1874-12-31,22,仁,Rule-generated Stage7 member for 合成陈氏.,False
1088319,7006,陈景世,male,1845-01-01,1883-12-31,22,仁,Rule-generated Stage7 member for 合成陈氏.,False
1088320,7006,陈清敏,female,1844-01-01,1902-12-31,22,仁,Rule-generated Stage7 member for 合成陈氏.,False
1088321,7006,陈德世,male,1840-01-01,1895-12-31,22,仁,Rule-generated Stage7 member for 合成陈氏.,False
1088322,7006,陈敏梅,female,1845-01-01,1925-12-31,22,仁,Rule-generated Stage7 member for 合成陈氏.,False
1088323,7006,陈仁安,male,1843-01-01,1896-12-31,22,仁,Rule-generated Stage7 member for 合成陈氏.,False
1088324,7006,陈慧慧,female,1842-01-01,1929-12-31,22,仁,Rule-generated Stage7 member for 合成陈氏.,False
1088325,7006,陈仁伟,male,1843-01-01,1907-12-31,22,仁,Rule-generated Stage7 member for 合成陈氏.,False
1088326,7006,陈仁雅,female,1840-01-01,1899-12-31,22,仁,Rule-generated Stage7 member for 合成陈氏.,False
1088327,7006,陈仁国,male,1840-01-01,1894-12-31,22,仁,Rule-generated Stage7 member for 合成陈氏.,False
1088328,7006,陈仁丽,female,1841-01-01,1932-12-31,22,仁,Rule-generated Stage7 member for 合成陈氏.,False
1088329,7006,陈仁景,male,1841-01-01,1886-12-31,22,仁,Rule-generated Stage7 member for 合成陈氏.,False
1088330,7006,陈仁雅,female,1844-01-01,1922-12-31,22,仁,Rule-generated Stage7 member for 合成陈氏.,False
1088331,7006,陈敏,male,1844-01-01,1945-12-31,22,仁,Rule-generated Stage7 member for 合成陈氏.,False
1088332,7006,陈仁丽,female,1842-01-01,1883-12-31,22,仁,Rule-generated Stage7 member for 合成陈氏.,False
1088333,7006,陈仁伟,male,1839-01-01,1891-12-31,22,仁,Rule-generated Stage7 member for 合成陈氏.,False
1088334,7006,陈仁兰,female,1840-01-01,1917-12-31,22,仁,Rule-generated Stage7 member for 合成陈氏.,False
1088335,7006,陈仁承,male,1844-01-01,1873-12-31,22,仁,Rule-generated Stage7 member for 合成陈氏.,False
1088336,7006,陈仁安,female,1844-01-01,1898-12-31,22,仁,Rule-generated Stage7 member for 合成陈氏.,False
1088337,7006,陈伟宗,male,1840-01-01,1925-12-31,22,仁,Rule-generated Stage7 member for 合成陈氏.,False
1088338,7006,陈玉华,female,1839-01-01,1897-12-31,22,仁,Rule-generated Stage7 member for 合成陈氏.,False
1088339,7006,陈丽,male,1843-01-01,1889-12-31,22,仁,Rule-generated Stage7 member for 合成陈氏.,False
1088340,7006,陈梅安,female,1842-01-01,1889-12-31,22,仁,Rule-generated Stage7 member for 合成陈氏.,False
1088341,7006,陈德世,male,1841-01-01,1897-12-31,22,仁,Rule-generated Stage7 member for 合成陈氏.,False
1088342,7006,陈仁安,female,1839-01-01,1922-12-31,22,仁,Rule-generated Stage7 member for 合成陈氏.,False
1088343,7006,陈文德,male,1843-01-01,1948-12-31,22,仁,Rule-generated Stage7 member for 合成陈氏.,False
1088344,7006,陈仁安,female,1842-01-01,1888-12-31,22,仁,Rule-generated Stage7 member for 合成陈氏.,False
1088345,7006,陈仁德,male,1845-01-01,1931-12-31,22,仁,Rule-generated Stage7 member for 合成陈氏.,False
1088346,7006,陈仁芳,female,1840-01-01,1917-12-31,22,仁,Rule-generated Stage7 member for 合成陈氏.,False
1088347,7006,陈仁伟,male,1843-01-01,1933-12-31,22,仁,Rule-generated Stage7 member for 合成陈氏.,False
1088348,7006,陈仁梅,female,1840-01-01,1926-12-31,22,仁,Rule-generated Stage7 member for 合成陈氏.,False
1088349,7006,陈文承,male,1840-01-01,1893-12-31,22,仁,Rule-generated Stage7 member for 合成陈氏.,False
1088350,7006,陈兰梅,female,1844-01-01,1910-12-31,22,仁,Rule-generated Stage7 member for 合成陈氏.,False
1088351,7006,陈伟,male,1842-01-01,1898-12-31,22,仁,Rule-generated Stage7 member for 合成陈氏.,False
1088352,7006,陈仁雅,female,1841-01-01,1909-12-31,22,仁,Rule-generated Stage7 member for 合成陈氏.,False
1088353,7006,陈安成,male,1844-01-01,1888-12-31,22,仁,Rule-generated Stage7 member for 合成陈氏.,False
1088354,7006,陈仁玉,female,1842-01-01,1910-12-31,22,仁,Rule-generated Stage7 member for 合成陈氏.,False
1088355,7006,陈仁国,male,1844-01-01,1934-12-31,22,仁,Rule-generated Stage7 member for 合成陈氏.,False
1088356,7006,陈仁华,female,1839-01-01,1928-12-31,22,仁,Rule-generated Stage7 member for 合成陈氏.,False
1088357,7006,陈伟,male,1843-01-01,1909-12-31,22,仁,Rule-generated Stage7 member for 合成陈氏.,False
1088358,7006,陈宁宁,female,1843-01-01,1919-12-31,22,仁,Rule-generated Stage7 member for 合成陈氏.,False
1088359,7006,陈仁德,male,1840-01-01,1921-12-31,22,仁,Rule-generated Stage7 member for 合成陈氏.,False
1088360,7006,陈仁雅,female,1845-01-01,1935-12-31,22,仁,Rule-generated Stage7 member for 合成陈氏.,False
1088361,7006,陈世安,male,1842-01-01,1925-12-31,22,仁,Rule-generated Stage7 member for 合成陈氏.,False
1088362,7006,陈梅慧,female,1842-01-01,1905-12-31,22,仁,Rule-generated Stage7 member for 合成陈氏.,False
1088363,7006,陈仁强,male,1844-01-01,1901-12-31,22,仁,Rule-generated Stage7 member for 合成陈氏.,False
1088364,7006,陈仁敏,female,1843-01-01,1925-12-31,22,仁,Rule-generated Stage7 member for 合成陈氏.,False
1088365,7006,陈明成,male,1845-01-01,1894-12-31,22,仁,Rule-generated Stage7 member for 合成陈氏.,False
1088366,7006,陈宁芳,female,1839-01-01,1938-12-31,22,仁,Rule-generated Stage7 member for 合成陈氏.,False
1088367,7006,陈仁安,male,1843-01-01,1912-12-31,22,仁,Rule-generated Stage7 member for 合成陈氏.,False
1088368,7006,陈丽,female,1840-01-01,1933-12-31,22,仁,Rule-generated Stage7 member for 合成陈氏.,False
1088369,7006,陈文成,male,1842-01-01,1913-12-31,22,仁,Rule-generated Stage7 member for 合成陈氏.,False
1088370,7006,陈仁丽,female,1842-01-01,1918-12-31,22,仁,Rule-generated Stage7 member for 合成陈氏.,False
1088371,7006,陈安国,male,1839-01-01,1904-12-31,22,仁,Rule-generated Stage7 member for 合成陈氏.,False
1088372,7006,陈仁清,female,1840-01-01,1872-12-31,22,仁,Rule-generated Stage7 member for 合成陈氏.,False
1088373,7006,陈强国,male,1843-01-01,1898-12-31,22,仁,Rule-generated Stage7 member for 合成陈氏.,False
1088374,7006,陈仁敏,female,1842-01-01,1903-12-31,22,仁,Rule-generated Stage7 member for 合成陈氏.,False
1088375,7006,陈敏,male,1841-01-01,1937-12-31,22,仁,Rule-generated Stage7 member for 合成陈氏.,False
1088376,7006,陈仁慧,female,1840-01-01,1928-12-31,22,仁,Rule-generated Stage7 member for 合成陈氏.,False
1088377,7006,陈敏,male,1841-01-01,1890-12-31,22,仁,Rule-generated Stage7 member for 合成陈氏.,False
1088378,7006,陈慧雅,female,1841-01-01,1917-12-31,22,仁,Rule-generated Stage7 member for 合成陈氏.,False
1088379,7006,陈仁强,male,1844-01-01,1931-12-31,22,仁,Rule-generated Stage7 member for 合成陈氏.,False
1088380,7006,陈仁雅,female,1843-01-01,1931-12-31,22,仁,Rule-generated Stage7 member for 合成陈氏.,False
1088381,7006,陈安安,male,1841-01-01,1884-12-31,22,仁,Rule-generated Stage7 member for 合成陈氏.,False
1088382,7006,陈仁芳,female,1844-01-01,1900-12-31,22,仁,Rule-generated Stage7 member for 合成陈氏.,False
1088383,7006,陈华,male,1845-01-01,1894-12-31,22,仁,Rule-generated Stage7 member for 合成陈氏.,False
1088384,7006,陈仁华,female,1842-01-01,1902-12-31,22,仁,Rule-generated Stage7 member for 合成陈氏.,False
1088385,7006,陈强,male,1840-01-01,1920-12-31,22,仁,Rule-generated Stage7 member for 合成陈氏.,False
1088386,7006,陈仁清,female,1844-01-01,1923-12-31,22,仁,Rule-generated Stage7 member for 合成陈氏.,False
1088387,7006,陈仁宗,male,1844-01-01,1874-12-31,22,仁,Rule-generated Stage7 member for 合成陈氏.,False
1088388,7006,陈仁梅,female,1845-01-01,1905-12-31,22,仁,Rule-generated Stage7 member for 合成陈氏.,False
1088389,7006,陈仁伟,male,1842-01-01,1871-12-31,22,仁,Rule-generated Stage7 member for 合成陈氏.,False
1088390,7006,陈明,female,1842-01-01,1928-12-31,22,仁,Rule-generated Stage7 member for 合成陈氏.,False
1088391,7006,陈强世,male,1841-01-01,1906-12-31,22,仁,Rule-generated Stage7 member for 合成陈氏.,False
1088392,7006,陈雅华,female,1839-01-01,1895-12-31,22,仁,Rule-generated Stage7 member for 合成陈氏.,False
1088393,7006,陈孝景,male,1860-01-01,1903-12-31,23,孝,Rule-generated Stage7 member for 合成陈氏.,False
1088394,7006,陈孝安,female,1861-01-01,1926-12-31,23,孝,Rule-generated Stage7 member for 合成陈氏.,False
1088395,7006,陈孝世,male,1862-01-01,1946-12-31,23,孝,Rule-generated Stage7 member for 合成陈氏.,False
1088396,7006,陈孝慧,female,1866-01-01,1934-12-31,23,孝,Rule-generated Stage7 member for 合成陈氏.,False
1088397,7006,陈成承,male,1865-01-01,1962-12-31,23,孝,Rule-generated Stage7 member for 合成陈氏.,False
1088398,7006,陈敏敏,female,1860-01-01,1929-12-31,23,孝,Rule-generated Stage7 member for 合成陈氏.,False
1088399,7006,陈孝承,male,1864-01-01,1915-12-31,23,孝,Rule-generated Stage7 member for 合成陈氏.,False
1088400,7006,陈慧雅,female,1864-01-01,1927-12-31,23,孝,Rule-generated Stage7 member for 合成陈氏.,False
1088401,7006,陈国宗,male,1860-01-01,1926-12-31,23,孝,Rule-generated Stage7 member for 合成陈氏.,False
1088402,7006,陈孝芳,female,1866-01-01,1930-12-31,23,孝,Rule-generated Stage7 member for 合成陈氏.,False
1088403,7006,陈明,male,1865-01-01,1934-12-31,23,孝,Rule-generated Stage7 member for 合成陈氏.,False
1088404,7006,陈明,female,1864-01-01,1949-12-31,23,孝,Rule-generated Stage7 member for 合成陈氏.,False
1088405,7006,陈孝世,male,1863-01-01,1937-12-31,23,孝,Rule-generated Stage7 member for 合成陈氏.,False
1088406,7006,陈孝梅,female,1863-01-01,1950-12-31,23,孝,Rule-generated Stage7 member for 合成陈氏.,False
1088407,7006,陈孝安,male,1864-01-01,1922-12-31,23,孝,Rule-generated Stage7 member for 合成陈氏.,False
1088408,7006,陈孝慧,female,1862-01-01,1957-12-31,23,孝,Rule-generated Stage7 member for 合成陈氏.,False
1088409,7006,陈世成,male,1866-01-01,1949-12-31,23,孝,Rule-generated Stage7 member for 合成陈氏.,False
1088410,7006,陈华兰,female,1865-01-01,1924-12-31,23,孝,Rule-generated Stage7 member for 合成陈氏.,False
1088411,7006,陈孝安,male,1861-01-01,1912-12-31,23,孝,Rule-generated Stage7 member for 合成陈氏.,False
1088412,7006,陈孝华,female,1860-01-01,1935-12-31,23,孝,Rule-generated Stage7 member for 合成陈氏.,False
1088413,7006,陈宗宗,male,1865-01-01,1916-12-31,23,孝,Rule-generated Stage7 member for 合成陈氏.,False
1088414,7006,陈孝安,female,1861-01-01,1946-12-31,23,孝,Rule-generated Stage7 member for 合成陈氏.,False
1088415,7006,陈孝强,male,1863-01-01,1944-12-31,23,孝,Rule-generated Stage7 member for 合成陈氏.,False
1088416,7006,陈强,female,1866-01-01,1930-12-31,23,孝,Rule-generated Stage7 member for 合成陈氏.,False
1088417,7006,陈孝明,male,1865-01-01,1949-12-31,23,孝,Rule-generated Stage7 member for 合成陈氏.,False
1088418,7006,陈华雅,female,1860-01-01,1925-12-31,23,孝,Rule-generated Stage7 member for 合成陈氏.,False
1088419,7006,陈孝伟,male,1860-01-01,1957-12-31,23,孝,Rule-generated Stage7 member for 合成陈氏.,False
1088420,7006,陈孝丽,female,1863-01-01,1967-12-31,23,孝,Rule-generated Stage7 member for 合成陈氏.,False
1088421,7006,陈孝成,male,1864-01-01,1910-12-31,23,孝,Rule-generated Stage7 member for 合成陈氏.,False
1088422,7006,陈孝华,female,1865-01-01,1929-12-31,23,孝,Rule-generated Stage7 member for 合成陈氏.,False
1088423,7006,陈孝安,male,1865-01-01,1935-12-31,23,孝,Rule-generated Stage7 member for 合成陈氏.,False
1088424,7006,陈孝慧,female,1862-01-01,1938-12-31,23,孝,Rule-generated Stage7 member for 合成陈氏.,False
1088425,7006,陈成景,male,1865-01-01,1956-12-31,23,孝,Rule-generated Stage7 member for 合成陈氏.,False
1088426,7006,陈孝华,female,1863-01-01,1894-12-31,23,孝,Rule-generated Stage7 member for 合成陈氏.,False
1088427,7006,陈孝承,male,1865-01-01,1944-12-31,23,孝,Rule-generated Stage7 member for 合成陈氏.,False
1088428,7006,陈孝芳,female,1865-01-01,1917-12-31,23,孝,Rule-generated Stage7 member for 合成陈氏.,False
1088429,7006,陈孝明,male,1865-01-01,1922-12-31,23,孝,Rule-generated Stage7 member for 合成陈氏.,False
1088430,7006,陈孝雅,female,1864-01-01,1928-12-31,23,孝,Rule-generated Stage7 member for 合成陈氏.,False
1088431,7006,陈孝德,male,1862-01-01,1934-12-31,23,孝,Rule-generated Stage7 member for 合成陈氏.,False
1088432,7006,陈孝安,female,1864-01-01,1931-12-31,23,孝,Rule-generated Stage7 member for 合成陈氏.,False
1088433,7006,陈孝景,male,1863-01-01,1926-12-31,23,孝,Rule-generated Stage7 member for 合成陈氏.,False
1088434,7006,陈孝安,female,1862-01-01,1908-12-31,23,孝,Rule-generated Stage7 member for 合成陈氏.,False
1088435,7006,陈孝文,male,1864-01-01,1900-12-31,23,孝,Rule-generated Stage7 member for 合成陈氏.,False
1088436,7006,陈孝芳,female,1866-01-01,1917-12-31,23,孝,Rule-generated Stage7 member for 合成陈氏.,False
1088437,7006,陈孝成,male,1865-01-01,1944-12-31,23,孝,Rule-generated Stage7 member for 合成陈氏.,False
1088438,7006,陈清雅,female,1860-01-01,1962-12-31,23,孝,Rule-generated Stage7 member for 合成陈氏.,False
1088439,7006,陈孝世,male,1861-01-01,1929-12-31,23,孝,Rule-generated Stage7 member for 合成陈氏.,False
1088440,7006,陈伟,female,1860-01-01,1923-12-31,23,孝,Rule-generated Stage7 member for 合成陈氏.,False
1088441,7006,陈孝德,male,1860-01-01,1941-12-31,23,孝,Rule-generated Stage7 member for 合成陈氏.,False
1088442,7006,陈孝宁,female,1865-01-01,1946-12-31,23,孝,Rule-generated Stage7 member for 合成陈氏.,False
1088443,7006,陈孝成,male,1865-01-01,1915-12-31,23,孝,Rule-generated Stage7 member for 合成陈氏.,False
1088444,7006,陈丽,female,1860-01-01,1906-12-31,23,孝,Rule-generated Stage7 member for 合成陈氏.,False
1088445,7006,陈国宗,male,1866-01-01,1903-12-31,23,孝,Rule-generated Stage7 member for 合成陈氏.,False
1088446,7006,陈孝芳,female,1862-01-01,1941-12-31,23,孝,Rule-generated Stage7 member for 合成陈氏.,False
1088447,7006,陈伟成,male,1862-01-01,1947-12-31,23,孝,Rule-generated Stage7 member for 合成陈氏.,False
1088448,7006,陈华丽,female,1866-01-01,1945-12-31,23,孝,Rule-generated Stage7 member for 合成陈氏.,False
1088449,7006,陈国国,male,1862-01-01,1938-12-31,23,孝,Rule-generated Stage7 member for 合成陈氏.,False
1088450,7006,陈孝华,female,1862-01-01,1938-12-31,23,孝,Rule-generated Stage7 member for 合成陈氏.,False
1088451,7006,陈孝世,male,1864-01-01,1940-12-31,23,孝,Rule-generated Stage7 member for 合成陈氏.,False
1088452,7006,陈兰丽,female,1861-01-01,1951-12-31,23,孝,Rule-generated Stage7 member for 合成陈氏.,False
1088453,7006,陈孝强,male,1862-01-01,1950-12-31,23,孝,Rule-generated Stage7 member for 合成陈氏.,False
1088454,7006,陈梅丽,female,1862-01-01,1936-12-31,23,孝,Rule-generated Stage7 member for 合成陈氏.,False
1088455,7006,陈孝成,male,1864-01-01,1931-12-31,23,孝,Rule-generated Stage7 member for 合成陈氏.,False
1088456,7006,陈孝华,female,1861-01-01,1957-12-31,23,孝,Rule-generated Stage7 member for 合成陈氏.,False
1088457,7006,陈孝国,male,1862-01-01,1933-12-31,23,孝,Rule-generated Stage7 member for 合成陈氏.,False
1088458,7006,陈孝华,female,1860-01-01,1894-12-31,23,孝,Rule-generated Stage7 member for 合成陈氏.,False
1088459,7006,陈丽,male,1861-01-01,1904-12-31,23,孝,Rule-generated Stage7 member for 合成陈氏.,False
1088460,7006,陈伟,female,1861-01-01,1884-12-31,23,孝,Rule-generated Stage7 member for 合成陈氏.,False
1088461,7006,陈孝承,male,1864-01-01,1929-12-31,23,孝,Rule-generated Stage7 member for 合成陈氏.,False
1088462,7006,陈孝兰,female,1860-01-01,1948-12-31,23,孝,Rule-generated Stage7 member for 合成陈氏.,False
1088463,7006,陈孝成,male,1864-01-01,1936-12-31,23,孝,Rule-generated Stage7 member for 合成陈氏.,False
1088464,7006,陈宁梅,female,1864-01-01,1887-12-31,23,孝,Rule-generated Stage7 member for 合成陈氏.,False
1088465,7006,陈国强,male,1861-01-01,1916-12-31,23,孝,Rule-generated Stage7 member for 合成陈氏.,False
1088466,7006,陈孝安,female,1863-01-01,1944-12-31,23,孝,Rule-generated Stage7 member for 合成陈氏.,False
1088467,7006,陈孝强,male,1866-01-01,1906-12-31,23,孝,Rule-generated Stage7 member for 合成陈氏.,False
1088468,7006,陈孝梅,female,1861-01-01,1926-12-31,23,孝,Rule-generated Stage7 member for 合成陈氏.,False
1088469,7006,陈成明,male,1862-01-01,1944-12-31,23,孝,Rule-generated Stage7 member for 合成陈氏.,False
1088470,7006,陈孝华,female,1865-01-01,1924-12-31,23,孝,Rule-generated Stage7 member for 合成陈氏.,False
1088471,7006,陈孝伟,male,1865-01-01,1945-12-31,23,孝,Rule-generated Stage7 member for 合成陈氏.,False
1088472,7006,陈孝芳,female,1863-01-01,1909-12-31,23,孝,Rule-generated Stage7 member for 合成陈氏.,False
1088473,7006,陈宗景,male,1863-01-01,1955-12-31,23,孝,Rule-generated Stage7 member for 合成陈氏.,False
1088474,7006,陈孝梅,female,1865-01-01,1916-12-31,23,孝,Rule-generated Stage7 member for 合成陈氏.,False
1088475,7006,陈孝承,male,1861-01-01,1921-12-31,23,孝,Rule-generated Stage7 member for 合成陈氏.,False
1088476,7006,陈孝华,female,1864-01-01,1917-12-31,23,孝,Rule-generated Stage7 member for 合成陈氏.,False
1088477,7006,陈承文,male,1862-01-01,1940-12-31,23,孝,Rule-generated Stage7 member for 合成陈氏.,False
1088478,7006,陈孝梅,female,1865-01-01,1911-12-31,23,孝,Rule-generated Stage7 member for 合成陈氏.,False
1088479,7006,陈伟成,male,1863-01-01,1914-12-31,23,孝,Rule-generated Stage7 member for 合成陈氏.,False
1088480,7006,陈孝慧,female,1861-01-01,1906-12-31,23,孝,Rule-generated Stage7 member for 合成陈氏.,False
1088481,7006,陈孝世,male,1864-01-01,1905-12-31,23,孝,Rule-generated Stage7 member for 合成陈氏.,False
1088482,7006,陈孝华,female,1866-01-01,1913-12-31,23,孝,Rule-generated Stage7 member for 合成陈氏.,False
1088483,7006,陈安德,male,1862-01-01,1922-12-31,23,孝,Rule-generated Stage7 member for 合成陈氏.,False
1088484,7006,陈孝宁,female,1863-01-01,1931-12-31,23,孝,Rule-generated Stage7 member for 合成陈氏.,False
1088485,7006,陈明世,male,1861-01-01,1937-12-31,23,孝,Rule-generated Stage7 member for 合成陈氏.,False
1088486,7006,陈兰兰,female,1866-01-01,1956-12-31,23,孝,Rule-generated Stage7 member for 合成陈氏.,False
1088487,7006,陈德强,male,1861-01-01,1894-12-31,23,孝,Rule-generated Stage7 member for 合成陈氏.,False
1088488,7006,陈孝兰,female,1866-01-01,1941-12-31,23,孝,Rule-generated Stage7 member for 合成陈氏.,False
1088489,7006,陈孝成,male,1860-01-01,1958-12-31,23,孝,Rule-generated Stage7 member for 合成陈氏.,False
1088490,7006,陈孝清,female,1861-01-01,1933-12-31,23,孝,Rule-generated Stage7 member for 合成陈氏.,False
1088491,7006,陈孝德,male,1866-01-01,1931-12-31,23,孝,Rule-generated Stage7 member for 合成陈氏.,False
1088492,7006,陈芳安,female,1863-01-01,1924-12-31,23,孝,Rule-generated Stage7 member for 合成陈氏.,False
1088493,7006,陈承宗,male,1861-01-01,1952-12-31,23,孝,Rule-generated Stage7 member for 合成陈氏.,False
1088494,7006,陈孝华,female,1860-01-01,1940-12-31,23,孝,Rule-generated Stage7 member for 合成陈氏.,False
1088495,7006,陈明,male,1860-01-01,1955-12-31,23,孝,Rule-generated Stage7 member for 合成陈氏.,False
1088496,7006,陈孝丽,female,1865-01-01,1899-12-31,23,孝,Rule-generated Stage7 member for 合成陈氏.,False
1088497,7006,陈孝国,male,1864-01-01,1903-12-31,23,孝,Rule-generated Stage7 member for 合成陈氏.,False
1088498,7006,陈孝玉,female,1864-01-01,1933-12-31,23,孝,Rule-generated Stage7 member for 合成陈氏.,False
1088499,7006,陈世承,male,1866-01-01,1940-12-31,23,孝,Rule-generated Stage7 member for 合成陈氏.,False
1088500,7006,陈梅清,female,1862-01-01,1952-12-31,23,孝,Rule-generated Stage7 member for 合成陈氏.,False
1088501,7006,陈孝安,male,1861-01-01,1908-12-31,23,孝,Rule-generated Stage7 member for 合成陈氏.,False
1088502,7006,陈孝雅,female,1866-01-01,1942-12-31,23,孝,Rule-generated Stage7 member for 合成陈氏.,False
1088503,7006,陈景承,male,1866-01-01,1941-12-31,23,孝,Rule-generated Stage7 member for 合成陈氏.,False
1088504,7006,陈孝华,female,1864-01-01,1946-12-31,23,孝,Rule-generated Stage7 member for 合成陈氏.,False
1088505,7006,陈强,male,1862-01-01,1924-12-31,23,孝,Rule-generated Stage7 member for 合成陈氏.,False
1088506,7006,陈孝兰,female,1863-01-01,1923-12-31,23,孝,Rule-generated Stage7 member for 合成陈氏.,False
1088507,7006,陈强,male,1865-01-01,1904-12-31,23,孝,Rule-generated Stage7 member for 合成陈氏.,False
1088508,7006,陈兰安,female,1862-01-01,1947-12-31,23,孝,Rule-generated Stage7 member for 合成陈氏.,False
1088509,7006,陈明,male,1865-01-01,1955-12-31,23,孝,Rule-generated Stage7 member for 合成陈氏.,False
1088510,7006,陈敏丽,female,1861-01-01,1935-12-31,23,孝,Rule-generated Stage7 member for 合成陈氏.,False
1088511,7006,陈景宗,male,1860-01-01,1961-12-31,23,孝,Rule-generated Stage7 member for 合成陈氏.,False
1088512,7006,陈孝华,female,1860-01-01,1942-12-31,23,孝,Rule-generated Stage7 member for 合成陈氏.,False
1088513,7006,陈景成,male,1865-01-01,1938-12-31,23,孝,Rule-generated Stage7 member for 合成陈氏.,False
1088514,7006,陈清敏,female,1866-01-01,1928-12-31,23,孝,Rule-generated Stage7 member for 合成陈氏.,False
1088515,7006,陈德德,male,1865-01-01,1957-12-31,23,孝,Rule-generated Stage7 member for 合成陈氏.,False
1088516,7006,陈孝敏,female,1863-01-01,1901-12-31,23,孝,Rule-generated Stage7 member for 合成陈氏.,False
1088517,7006,陈孝承,male,1866-01-01,1949-12-31,23,孝,Rule-generated Stage7 member for 合成陈氏.,False
1088518,7006,陈华,female,1862-01-01,1953-12-31,23,孝,Rule-generated Stage7 member for 合成陈氏.,False
1088519,7006,陈景文,male,1862-01-01,1884-12-31,23,孝,Rule-generated Stage7 member for 合成陈氏.,False
1088520,7006,陈清玉,female,1866-01-01,1947-12-31,23,孝,Rule-generated Stage7 member for 合成陈氏.,False
1088521,7006,陈孝明,male,1864-01-01,1948-12-31,23,孝,Rule-generated Stage7 member for 合成陈氏.,False
1088522,7006,陈孝玉,female,1862-01-01,1940-12-31,23,孝,Rule-generated Stage7 member for 合成陈氏.,False
1088523,7006,陈孝伟,male,1863-01-01,1933-12-31,23,孝,Rule-generated Stage7 member for 合成陈氏.,False
1088524,7006,陈强,female,1864-01-01,1939-12-31,23,孝,Rule-generated Stage7 member for 合成陈氏.,False
1088525,7006,陈强,male,1863-01-01,1932-12-31,23,孝,Rule-generated Stage7 member for 合成陈氏.,False
1088526,7006,陈孝梅,female,1864-01-01,1896-12-31,23,孝,Rule-generated Stage7 member for 合成陈氏.,False
1088527,7006,陈强,male,1885-01-01,1938-12-31,24,礼,Rule-generated Stage7 member for 合成陈氏.,False
1088528,7006,陈明,female,1881-01-01,1952-12-31,24,礼,Rule-generated Stage7 member for 合成陈氏.,False
1088529,7006,陈丽,male,1884-01-01,1975-12-31,24,礼,Rule-generated Stage7 member for 合成陈氏.,False
1088530,7006,陈礼梅,female,1883-01-01,1986-12-31,24,礼,Rule-generated Stage7 member for 合成陈氏.,False
1088531,7006,陈宗明,male,1886-01-01,1993-12-31,24,礼,Rule-generated Stage7 member for 合成陈氏.,False
1088532,7006,陈礼丽,female,1882-01-01,1954-12-31,24,礼,Rule-generated Stage7 member for 合成陈氏.,False
1088533,7006,陈礼承,male,1887-01-01,1930-12-31,24,礼,Rule-generated Stage7 member for 合成陈氏.,False
1088534,7006,陈伟,female,1885-01-01,1933-12-31,24,礼,Rule-generated Stage7 member for 合成陈氏.,False
1088535,7006,陈礼景,male,1887-01-01,1963-12-31,24,礼,Rule-generated Stage7 member for 合成陈氏.,False
1088536,7006,陈安清,female,1883-01-01,1958-12-31,24,礼,Rule-generated Stage7 member for 合成陈氏.,False
1088537,7006,陈成世,male,1885-01-01,1974-12-31,24,礼,Rule-generated Stage7 member for 合成陈氏.,False
1088538,7006,陈礼安,female,1881-01-01,1914-12-31,24,礼,Rule-generated Stage7 member for 合成陈氏.,False
1088539,7006,陈文强,male,1885-01-01,1937-12-31,24,礼,Rule-generated Stage7 member for 合成陈氏.,False
1088540,7006,陈礼雅,female,1886-01-01,1980-12-31,24,礼,Rule-generated Stage7 member for 合成陈氏.,False
1088541,7006,陈礼承,male,1886-01-01,1956-12-31,24,礼,Rule-generated Stage7 member for 合成陈氏.,False
1088542,7006,陈礼雅,female,1887-01-01,1984-12-31,24,礼,Rule-generated Stage7 member for 合成陈氏.,False
1088543,7006,陈礼承,male,1882-01-01,1935-12-31,24,礼,Rule-generated Stage7 member for 合成陈氏.,False
1088544,7006,陈礼敏,female,1886-01-01,1981-12-31,24,礼,Rule-generated Stage7 member for 合成陈氏.,False
1088545,7006,陈承德,male,1887-01-01,1953-12-31,24,礼,Rule-generated Stage7 member for 合成陈氏.,False
1088546,7006,陈华,female,1886-01-01,1925-12-31,24,礼,Rule-generated Stage7 member for 合成陈氏.,False
1088547,7006,陈文景,male,1885-01-01,1958-12-31,24,礼,Rule-generated Stage7 member for 合成陈氏.,False
1088548,7006,陈礼宁,female,1882-01-01,1967-12-31,24,礼,Rule-generated Stage7 member for 合成陈氏.,False
1088549,7006,陈强,male,1887-01-01,1975-12-31,24,礼,Rule-generated Stage7 member for 合成陈氏.,False
1088550,7006,陈礼清,female,1885-01-01,1958-12-31,24,礼,Rule-generated Stage7 member for 合成陈氏.,False
1088551,7006,陈强承,male,1883-01-01,1986-12-31,24,礼,Rule-generated Stage7 member for 合成陈氏.,False
1088552,7006,陈礼兰,female,1881-01-01,1946-12-31,24,礼,Rule-generated Stage7 member for 合成陈氏.,False
1088553,7006,陈景承,male,1881-01-01,1941-12-31,24,礼,Rule-generated Stage7 member for 合成陈氏.,False
1088554,7006,陈礼雅,female,1886-01-01,1969-12-31,24,礼,Rule-generated Stage7 member for 合成陈氏.,False
1088555,7006,陈宗明,male,1887-01-01,1938-12-31,24,礼,Rule-generated Stage7 member for 合成陈氏.,False
1088556,7006,陈芳宁,female,1884-01-01,1966-12-31,24,礼,Rule-generated Stage7 member for 合成陈氏.,False
1088557,7006,陈强国,male,1886-01-01,1970-12-31,24,礼,Rule-generated Stage7 member for 合成陈氏.,False
1088558,7006,陈礼清,female,1883-01-01,1950-12-31,24,礼,Rule-generated Stage7 member for 合成陈氏.,False
1088559,7006,陈丽,male,1884-01-01,1958-12-31,24,礼,Rule-generated Stage7 member for 合成陈氏.,False
1088560,7006,陈兰敏,female,1882-01-01,1971-12-31,24,礼,Rule-generated Stage7 member for 合成陈氏.,False
1088561,7006,陈强,male,1882-01-01,1937-12-31,24,礼,Rule-generated Stage7 member for 合成陈氏.,False
1088562,7006,陈礼兰,female,1882-01-01,1903-12-31,24,礼,Rule-generated Stage7 member for 合成陈氏.,False
1088563,7006,陈礼安,male,1885-01-01,1976-12-31,24,礼,Rule-generated Stage7 member for 合成陈氏.,False
1088564,7006,陈礼安,female,1881-01-01,1911-12-31,24,礼,Rule-generated Stage7 member for 合成陈氏.,False
1088565,7006,陈礼景,male,1882-01-01,1960-12-31,24,礼,Rule-generated Stage7 member for 合成陈氏.,False
1088566,7006,陈礼华,female,1885-01-01,1919-12-31,24,礼,Rule-generated Stage7 member for 合成陈氏.,False
1088567,7006,陈国世,male,1883-01-01,1967-12-31,24,礼,Rule-generated Stage7 member for 合成陈氏.,False
1088568,7006,陈玉安,female,1885-01-01,1949-12-31,24,礼,Rule-generated Stage7 member for 合成陈氏.,False
1088569,7006,陈成成,male,1887-01-01,1970-12-31,24,礼,Rule-generated Stage7 member for 合成陈氏.,False
1088570,7006,陈礼玉,female,1883-01-01,1952-12-31,24,礼,Rule-generated Stage7 member for 合成陈氏.,False
1088571,7006,陈礼德,male,1886-01-01,1982-12-31,24,礼,Rule-generated Stage7 member for 合成陈氏.,False
1088572,7006,陈梅兰,female,1885-01-01,1981-12-31,24,礼,Rule-generated Stage7 member for 合成陈氏.,False
1088573,7006,陈明安,male,1885-01-01,1968-12-31,24,礼,Rule-generated Stage7 member for 合成陈氏.,False
1088574,7006,陈明,female,1885-01-01,1938-12-31,24,礼,Rule-generated Stage7 member for 合成陈氏.,False
1088575,7006,陈礼世,male,1882-01-01,1948-12-31,24,礼,Rule-generated Stage7 member for 合成陈氏.,False
1088576,7006,陈礼慧,female,1886-01-01,1962-12-31,24,礼,Rule-generated Stage7 member for 合成陈氏.,False
1088577,7006,陈礼成,male,1882-01-01,1956-12-31,24,礼,Rule-generated Stage7 member for 合成陈氏.,False
1088578,7006,陈敏安,female,1883-01-01,1960-12-31,24,礼,Rule-generated Stage7 member for 合成陈氏.,False
1088579,7006,陈礼伟,male,1882-01-01,1945-12-31,24,礼,Rule-generated Stage7 member for 合成陈氏.,False
1088580,7006,陈礼丽,female,1884-01-01,1936-12-31,24,礼,Rule-generated Stage7 member for 合成陈氏.,False
1088581,7006,陈礼世,male,1884-01-01,1977-12-31,24,礼,Rule-generated Stage7 member for 合成陈氏.,False
1088582,7006,陈礼安,female,1882-01-01,1941-12-31,24,礼,Rule-generated Stage7 member for 合成陈氏.,False
1088583,7006,陈承国,male,1886-01-01,1968-12-31,24,礼,Rule-generated Stage7 member for 合成陈氏.,False
1088584,7006,陈清安,female,1887-01-01,1915-12-31,24,礼,Rule-generated Stage7 member for 合成陈氏.,False
1088585,7006,陈世世,male,1883-01-01,1958-12-31,24,礼,Rule-generated Stage7 member for 合成陈氏.,False
1088586,7006,陈雅芳,female,1885-01-01,1917-12-31,24,礼,Rule-generated Stage7 member for 合成陈氏.,False
1088587,7006,陈礼安,male,1882-01-01,1940-12-31,24,礼,Rule-generated Stage7 member for 合成陈氏.,False
1088588,7006,陈礼梅,female,1886-01-01,1974-12-31,24,礼,Rule-generated Stage7 member for 合成陈氏.,False
1088589,7006,陈丽,male,1885-01-01,1925-12-31,24,礼,Rule-generated Stage7 member for 合成陈氏.,False
1088590,7006,陈慧慧,female,1884-01-01,1957-12-31,24,礼,Rule-generated Stage7 member for 合成陈氏.,False
1088591,7006,陈礼明,male,1882-01-01,1986-12-31,24,礼,Rule-generated Stage7 member for 合成陈氏.,False
1088592,7006,陈慧雅,female,1885-01-01,1958-12-31,24,礼,Rule-generated Stage7 member for 合成陈氏.,False
1088593,7006,陈礼世,male,1885-01-01,1958-12-31,24,礼,Rule-generated Stage7 member for 合成陈氏.,False
1088594,7006,陈礼雅,female,1885-01-01,1956-12-31,24,礼,Rule-generated Stage7 member for 合成陈氏.,False
1088595,7006,陈敏,male,1884-01-01,1920-12-31,24,礼,Rule-generated Stage7 member for 合成陈氏.,False
1088596,7006,陈敏,female,1881-01-01,1930-12-31,24,礼,Rule-generated Stage7 member for 合成陈氏.,False
1088597,7006,陈礼世,male,1882-01-01,1982-12-31,24,礼,Rule-generated Stage7 member for 合成陈氏.,False
1088598,7006,陈礼安,female,1882-01-01,1970-12-31,24,礼,Rule-generated Stage7 member for 合成陈氏.,False
1088599,7006,陈文伟,male,1887-01-01,1935-12-31,24,礼,Rule-generated Stage7 member for 合成陈氏.,False
1088600,7006,陈强,female,1884-01-01,1940-12-31,24,礼,Rule-generated Stage7 member for 合成陈氏.,False
1088601,7006,陈礼强,male,1884-01-01,1950-12-31,24,礼,Rule-generated Stage7 member for 合成陈氏.,False
1088602,7006,陈礼丽,female,1881-01-01,1941-12-31,24,礼,Rule-generated Stage7 member for 合成陈氏.,False
1088603,7006,陈成安,male,1887-01-01,1990-12-31,24,礼,Rule-generated Stage7 member for 合成陈氏.,False
1088604,7006,陈礼兰,female,1885-01-01,1972-12-31,24,礼,Rule-generated Stage7 member for 合成陈氏.,False
1088605,7006,陈强宗,male,1887-01-01,1925-12-31,24,礼,Rule-generated Stage7 member for 合成陈氏.,False
1088606,7006,陈礼玉,female,1883-01-01,1922-12-31,24,礼,Rule-generated Stage7 member for 合成陈氏.,False
1088607,7006,陈礼明,male,1882-01-01,1977-12-31,24,礼,Rule-generated Stage7 member for 合成陈氏.,False
1088608,7006,陈兰芳,female,1887-01-01,1938-12-31,24,礼,Rule-generated Stage7 member for 合成陈氏.,False
1088609,7006,陈礼景,male,1886-01-01,1925-12-31,24,礼,Rule-generated Stage7 member for 合成陈氏.,False
1088610,7006,陈礼芳,female,1884-01-01,1972-12-31,24,礼,Rule-generated Stage7 member for 合成陈氏.,False
1088611,7006,陈礼世,male,1885-01-01,1961-12-31,24,礼,Rule-generated Stage7 member for 合成陈氏.,False
1088612,7006,陈华华,female,1883-01-01,1975-12-31,24,礼,Rule-generated Stage7 member for 合成陈氏.,False
1088613,7006,陈礼安,male,1884-01-01,1975-12-31,24,礼,Rule-generated Stage7 member for 合成陈氏.,False
1088614,7006,陈礼清,female,1885-01-01,1957-12-31,24,礼,Rule-generated Stage7 member for 合成陈氏.,False
1088615,7006,陈丽,male,1886-01-01,1949-12-31,24,礼,Rule-generated Stage7 member for 合成陈氏.,False
1088616,7006,陈礼宁,female,1882-01-01,1964-12-31,24,礼,Rule-generated Stage7 member for 合成陈氏.,False
1088617,7006,陈文承,male,1886-01-01,1980-12-31,24,礼,Rule-generated Stage7 member for 合成陈氏.,False
1088618,7006,陈礼兰,female,1882-01-01,1962-12-31,24,礼,Rule-generated Stage7 member for 合成陈氏.,False
1088619,7006,陈伟伟,male,1886-01-01,1935-12-31,24,礼,Rule-generated Stage7 member for 合成陈氏.,False
1088620,7006,陈礼清,female,1886-01-01,1952-12-31,24,礼,Rule-generated Stage7 member for 合成陈氏.,False
1088621,7006,陈礼德,male,1886-01-01,1963-12-31,24,礼,Rule-generated Stage7 member for 合成陈氏.,False
1088622,7006,陈华丽,female,1884-01-01,1955-12-31,24,礼,Rule-generated Stage7 member for 合成陈氏.,False
1088623,7006,陈华,male,1887-01-01,1963-12-31,24,礼,Rule-generated Stage7 member for 合成陈氏.,False
1088624,7006,陈敏,female,1884-01-01,1948-12-31,24,礼,Rule-generated Stage7 member for 合成陈氏.,False
1088625,7006,陈礼承,male,1883-01-01,1930-12-31,24,礼,Rule-generated Stage7 member for 合成陈氏.,False
1088626,7006,陈礼慧,female,1885-01-01,1934-12-31,24,礼,Rule-generated Stage7 member for 合成陈氏.,False
1088627,7006,陈强宗,male,1884-01-01,1946-12-31,24,礼,Rule-generated Stage7 member for 合成陈氏.,False
1088628,7006,陈礼敏,female,1881-01-01,1966-12-31,24,礼,Rule-generated Stage7 member for 合成陈氏.,False
1088629,7006,陈礼文,male,1882-01-01,1957-12-31,24,礼,Rule-generated Stage7 member for 合成陈氏.,False
1088630,7006,陈礼敏,female,1886-01-01,1977-12-31,24,礼,Rule-generated Stage7 member for 合成陈氏.,False
1088631,7006,陈礼文,male,1884-01-01,1937-12-31,24,礼,Rule-generated Stage7 member for 合成陈氏.,False
1088632,7006,陈礼慧,female,1883-01-01,1945-12-31,24,礼,Rule-generated Stage7 member for 合成陈氏.,False
1088633,7006,陈宗世,male,1882-01-01,1991-12-31,24,礼,Rule-generated Stage7 member for 合成陈氏.,False
1088634,7006,陈梅兰,female,1886-01-01,1943-12-31,24,礼,Rule-generated Stage7 member for 合成陈氏.,False
1088635,7006,陈礼景,male,1885-01-01,1927-12-31,24,礼,Rule-generated Stage7 member for 合成陈氏.,False
1088636,7006,陈礼玉,female,1884-01-01,1955-12-31,24,礼,Rule-generated Stage7 member for 合成陈氏.,False
1088637,7006,陈礼强,male,1884-01-01,1924-12-31,24,礼,Rule-generated Stage7 member for 合成陈氏.,False
1088638,7006,陈礼慧,female,1885-01-01,1986-12-31,24,礼,Rule-generated Stage7 member for 合成陈氏.,False
1088639,7006,陈礼世,male,1883-01-01,1954-12-31,24,礼,Rule-generated Stage7 member for 合成陈氏.,False
1088640,7006,陈礼芳,female,1882-01-01,1971-12-31,24,礼,Rule-generated Stage7 member for 合成陈氏.,False
1088641,7006,陈强成,male,1881-01-01,1956-12-31,24,礼,Rule-generated Stage7 member for 合成陈氏.,False
1088642,7006,陈宁慧,female,1886-01-01,1929-12-31,24,礼,Rule-generated Stage7 member for 合成陈氏.,False
1088643,7006,陈安宗,male,1883-01-01,1955-12-31,24,礼,Rule-generated Stage7 member for 合成陈氏.,False
1088644,7006,陈成安,male,1902-01-01,1951-12-31,25,义,Rule-generated Stage7 member for 合成陈氏.,False
1088645,7006,陈义慧,female,1904-01-01,1981-12-31,25,义,Rule-generated Stage7 member for 合成陈氏.,False
1088646,7006,陈文明,male,1902-01-01,1969-12-31,25,义,Rule-generated Stage7 member for 合成陈氏.,False
1088647,7006,陈清慧,female,1902-01-01,1948-12-31,25,义,Rule-generated Stage7 member for 合成陈氏.,False
1088648,7006,陈义安,male,1902-01-01,1951-12-31,25,义,Rule-generated Stage7 member for 合成陈氏.,False
1088649,7006,陈雅雅,female,1905-01-01,1987-12-31,25,义,Rule-generated Stage7 member for 合成陈氏.,False
1088650,7006,陈景文,male,1907-01-01,1971-12-31,25,义,Rule-generated Stage7 member for 合成陈氏.,False
1088651,7006,陈义慧,female,1903-01-01,2008-12-31,25,义,Rule-generated Stage7 member for 合成陈氏.,False
1088652,7006,陈义国,male,1905-01-01,1957-12-31,25,义,Rule-generated Stage7 member for 合成陈氏.,False
1088653,7006,陈义敏,female,1905-01-01,1990-12-31,25,义,Rule-generated Stage7 member for 合成陈氏.,False
1088654,7006,陈义成,male,1907-01-01,1990-12-31,25,义,Rule-generated Stage7 member for 合成陈氏.,False
1088655,7006,陈义敏,female,1907-01-01,1950-12-31,25,义,Rule-generated Stage7 member for 合成陈氏.,False
1088656,7006,陈伟,male,1903-01-01,1957-12-31,25,义,Rule-generated Stage7 member for 合成陈氏.,False
1088657,7006,陈丽芳,female,1908-01-01,1979-12-31,25,义,Rule-generated Stage7 member for 合成陈氏.,False
1088658,7006,陈义伟,male,1903-01-01,1975-12-31,25,义,Rule-generated Stage7 member for 合成陈氏.,False
1088659,7006,陈义华,female,1905-01-01,1955-12-31,25,义,Rule-generated Stage7 member for 合成陈氏.,False
1088660,7006,陈文景,male,1903-01-01,1974-12-31,25,义,Rule-generated Stage7 member for 合成陈氏.,False
1088661,7006,陈华,female,1905-01-01,1980-12-31,25,义,Rule-generated Stage7 member for 合成陈氏.,False
1088662,7006,陈强,male,1906-01-01,1977-12-31,25,义,Rule-generated Stage7 member for 合成陈氏.,False
1088663,7006,陈义梅,female,1902-01-01,1958-12-31,25,义,Rule-generated Stage7 member for 合成陈氏.,False
1088664,7006,陈成国,male,1905-01-01,1993-12-31,25,义,Rule-generated Stage7 member for 合成陈氏.,False
1088665,7006,陈兰芳,female,1906-01-01,1989-12-31,25,义,Rule-generated Stage7 member for 合成陈氏.,False
1088666,7006,陈义世,male,1903-01-01,1954-12-31,25,义,Rule-generated Stage7 member for 合成陈氏.,False
1088667,7006,陈义玉,female,1905-01-01,1982-12-31,25,义,Rule-generated Stage7 member for 合成陈氏.,False
1088668,7006,陈国明,male,1903-01-01,1962-12-31,25,义,Rule-generated Stage7 member for 合成陈氏.,False
1088669,7006,陈义华,female,1906-01-01,1966-12-31,25,义,Rule-generated Stage7 member for 合成陈氏.,False
1088670,7006,陈义德,male,1904-01-01,1979-12-31,25,义,Rule-generated Stage7 member for 合成陈氏.,False
1088671,7006,陈义玉,female,1904-01-01,1938-12-31,25,义,Rule-generated Stage7 member for 合成陈氏.,False
1088672,7006,陈义明,male,1908-01-01,1971-12-31,25,义,Rule-generated Stage7 member for 合成陈氏.,False
1088673,7006,陈敏慧,female,1906-01-01,1966-12-31,25,义,Rule-generated Stage7 member for 合成陈氏.,False
1088674,7006,陈丽,male,1906-01-01,2000-12-31,25,义,Rule-generated Stage7 member for 合成陈氏.,False
1088675,7006,陈雅梅,female,1902-01-01,1955-12-31,25,义,Rule-generated Stage7 member for 合成陈氏.,False
1088676,7006,陈义文,male,1904-01-01,1945-12-31,25,义,Rule-generated Stage7 member for 合成陈氏.,False
1088677,7006,陈义安,female,1907-01-01,1946-12-31,25,义,Rule-generated Stage7 member for 合成陈氏.,False
1088678,7006,陈承国,male,1904-01-01,1951-12-31,25,义,Rule-generated Stage7 member for 合成陈氏.,False
1088679,7006,陈慧安,female,1904-01-01,1964-12-31,25,义,Rule-generated Stage7 member for 合成陈氏.,False
1088680,7006,陈明,male,1905-01-01,1996-12-31,25,义,Rule-generated Stage7 member for 合成陈氏.,False
1088681,7006,陈梅雅,female,1906-01-01,1973-12-31,25,义,Rule-generated Stage7 member for 合成陈氏.,False
1088682,7006,陈义强,male,1906-01-01,1961-12-31,25,义,Rule-generated Stage7 member for 合成陈氏.,False
1088683,7006,陈义慧,female,1905-01-01,1980-12-31,25,义,Rule-generated Stage7 member for 合成陈氏.,False
1088684,7006,陈义承,male,1906-01-01,1995-12-31,25,义,Rule-generated Stage7 member for 合成陈氏.,False
1088685,7006,陈丽兰,female,1906-01-01,1997-12-31,25,义,Rule-generated Stage7 member for 合成陈氏.,False
1088686,7006,陈义伟,male,1905-01-01,1962-12-31,25,义,Rule-generated Stage7 member for 合成陈氏.,False
1088687,7006,陈敏,female,1905-01-01,1993-12-31,25,义,Rule-generated Stage7 member for 合成陈氏.,False
1088688,7006,陈义明,male,1905-01-01,1928-12-31,25,义,Rule-generated Stage7 member for 合成陈氏.,False
1088689,7006,陈义丽,female,1907-01-01,2003-12-31,25,义,Rule-generated Stage7 member for 合成陈氏.,False
1088690,7006,陈景德,male,1907-01-01,1934-12-31,25,义,Rule-generated Stage7 member for 合成陈氏.,False
1088691,7006,陈敏芳,female,1907-01-01,1976-12-31,25,义,Rule-generated Stage7 member for 合成陈氏.,False
1088692,7006,陈国强,male,1903-01-01,1930-12-31,25,义,Rule-generated Stage7 member for 合成陈氏.,False
1088693,7006,陈安华,female,1906-01-01,1986-12-31,25,义,Rule-generated Stage7 member for 合成陈氏.,False
1088694,7006,陈强文,male,1902-01-01,1995-12-31,25,义,Rule-generated Stage7 member for 合成陈氏.,False
1088695,7006,陈华敏,female,1908-01-01,1932-12-31,25,义,Rule-generated Stage7 member for 合成陈氏.,False
1088696,7006,陈景伟,male,1905-01-01,2002-12-31,25,义,Rule-generated Stage7 member for 合成陈氏.,False
1088697,7006,陈义芳,female,1907-01-01,1982-12-31,25,义,Rule-generated Stage7 member for 合成陈氏.,False
1088698,7006,陈德国,male,1905-01-01,1972-12-31,25,义,Rule-generated Stage7 member for 合成陈氏.,False
1088699,7006,陈义敏,female,1903-01-01,1929-12-31,25,义,Rule-generated Stage7 member for 合成陈氏.,False
1088700,7006,陈国国,male,1906-01-01,1967-12-31,25,义,Rule-generated Stage7 member for 合成陈氏.,False
1088701,7006,陈兰芳,female,1904-01-01,1982-12-31,25,义,Rule-generated Stage7 member for 合成陈氏.,False
1088702,7006,陈德安,male,1906-01-01,1997-12-31,25,义,Rule-generated Stage7 member for 合成陈氏.,False
1088703,7006,陈义敏,female,1908-01-01,1974-12-31,25,义,Rule-generated Stage7 member for 合成陈氏.,False
1088704,7006,陈义文,male,1908-01-01,1949-12-31,25,义,Rule-generated Stage7 member for 合成陈氏.,False
1088705,7006,陈华丽,female,1904-01-01,1998-12-31,25,义,Rule-generated Stage7 member for 合成陈氏.,False
1088706,7006,陈宗安,male,1904-01-01,1937-12-31,25,义,Rule-generated Stage7 member for 合成陈氏.,False
1088707,7006,陈义雅,female,1906-01-01,1971-12-31,25,义,Rule-generated Stage7 member for 合成陈氏.,False
1088708,7006,陈义国,male,1902-01-01,1950-12-31,25,义,Rule-generated Stage7 member for 合成陈氏.,False
1088709,7006,陈义华,female,1904-01-01,1972-12-31,25,义,Rule-generated Stage7 member for 合成陈氏.,False
1088710,7006,陈文强,male,1905-01-01,1975-12-31,25,义,Rule-generated Stage7 member for 合成陈氏.,False
1088711,7006,陈义兰,female,1905-01-01,1980-12-31,25,义,Rule-generated Stage7 member for 合成陈氏.,False
1088712,7006,陈承明,male,1907-01-01,1991-12-31,25,义,Rule-generated Stage7 member for 合成陈氏.,False
1088713,7006,陈义华,female,1904-01-01,1937-12-31,25,义,Rule-generated Stage7 member for 合成陈氏.,False
1088714,7006,陈义宗,male,1905-01-01,1991-12-31,25,义,Rule-generated Stage7 member for 合成陈氏.,False
1088715,7006,陈梅芳,female,1902-01-01,1985-12-31,25,义,Rule-generated Stage7 member for 合成陈氏.,False
1088716,7006,陈义宗,male,1907-01-01,1984-12-31,25,义,Rule-generated Stage7 member for 合成陈氏.,False
1088717,7006,陈雅敏,female,1903-01-01,2009-12-31,25,义,Rule-generated Stage7 member for 合成陈氏.,False
1088718,7006,陈义宗,male,1903-01-01,1984-12-31,25,义,Rule-generated Stage7 member for 合成陈氏.,False
1088719,7006,陈义雅,female,1907-01-01,1953-12-31,25,义,Rule-generated Stage7 member for 合成陈氏.,False
1088720,7006,陈国承,male,1903-01-01,1963-12-31,25,义,Rule-generated Stage7 member for 合成陈氏.,False
1088721,7006,陈义慧,female,1902-01-01,1990-12-31,25,义,Rule-generated Stage7 member for 合成陈氏.,False
1088722,7006,陈承伟,male,1902-01-01,1937-12-31,25,义,Rule-generated Stage7 member for 合成陈氏.,False
1088723,7006,陈义宁,female,1908-01-01,1996-12-31,25,义,Rule-generated Stage7 member for 合成陈氏.,False
1088724,7006,陈义宗,male,1907-01-01,1983-12-31,25,义,Rule-generated Stage7 member for 合成陈氏.,False
1088725,7006,陈义宁,female,1906-01-01,1980-12-31,25,义,Rule-generated Stage7 member for 合成陈氏.,False
1088726,7006,陈安文,male,1907-01-01,1986-12-31,25,义,Rule-generated Stage7 member for 合成陈氏.,False
1088727,7006,陈义安,female,1905-01-01,1971-12-31,25,义,Rule-generated Stage7 member for 合成陈氏.,False
1088728,7006,陈明安,male,1902-01-01,1975-12-31,25,义,Rule-generated Stage7 member for 合成陈氏.,False
1088729,7006,陈义玉,female,1904-01-01,1978-12-31,25,义,Rule-generated Stage7 member for 合成陈氏.,False
1088730,7006,陈强景,male,1907-01-01,1984-12-31,25,义,Rule-generated Stage7 member for 合成陈氏.,False
1088731,7006,陈丽丽,female,1904-01-01,2005-12-31,25,义,Rule-generated Stage7 member for 合成陈氏.,False
1088732,7006,陈义宗,male,1905-01-01,1987-12-31,25,义,Rule-generated Stage7 member for 合成陈氏.,False
1088733,7006,陈义雅,female,1904-01-01,1984-12-31,25,义,Rule-generated Stage7 member for 合成陈氏.,False
1088734,7006,陈义文,male,1903-01-01,1948-12-31,25,义,Rule-generated Stage7 member for 合成陈氏.,False
1088735,7006,陈清兰,female,1906-01-01,2001-12-31,25,义,Rule-generated Stage7 member for 合成陈氏.,False
1088736,7006,陈义明,male,1902-01-01,1923-12-31,25,义,Rule-generated Stage7 member for 合成陈氏.,False
1088737,7006,陈义玉,female,1905-01-01,1968-12-31,25,义,Rule-generated Stage7 member for 合成陈氏.,False
1088738,7006,陈义文,male,1905-01-01,1965-12-31,25,义,Rule-generated Stage7 member for 合成陈氏.,False
1088739,7006,陈义敏,female,1902-01-01,1959-12-31,25,义,Rule-generated Stage7 member for 合成陈氏.,False
1088740,7006,陈安世,male,1902-01-01,1964-12-31,25,义,Rule-generated Stage7 member for 合成陈氏.,False
1088741,7006,陈敏雅,female,1906-01-01,1956-12-31,25,义,Rule-generated Stage7 member for 合成陈氏.,False
1088742,7006,陈义明,male,1906-01-01,1992-12-31,25,义,Rule-generated Stage7 member for 合成陈氏.,False
1088743,7006,陈义玉,female,1902-01-01,1984-12-31,25,义,Rule-generated Stage7 member for 合成陈氏.,False
1088744,7006,陈义成,male,1902-01-01,1948-12-31,25,义,Rule-generated Stage7 member for 合成陈氏.,False
1088745,7006,陈信承,male,1927-01-01,2001-12-31,26,信,Rule-generated Stage7 member for 合成陈氏.,False
1088746,7006,陈丽,female,1928-01-01,2001-12-31,26,信,Rule-generated Stage7 member for 合成陈氏.,False
1088747,7006,陈信伟,male,1925-01-01,1968-12-31,26,信,Rule-generated Stage7 member for 合成陈氏.,False
1088748,7006,陈信安,female,1926-01-01,1977-12-31,26,信,Rule-generated Stage7 member for 合成陈氏.,False
1088749,7006,陈信明,male,1926-01-01,1972-12-31,26,信,Rule-generated Stage7 member for 合成陈氏.,False
1088750,7006,陈信清,female,1928-01-01,1995-12-31,26,信,Rule-generated Stage7 member for 合成陈氏.,False
1088751,7006,陈德德,male,1926-01-01,1999-12-31,26,信,Rule-generated Stage7 member for 合成陈氏.,False
1088752,7006,陈信宁,female,1923-01-01,1977-12-31,26,信,Rule-generated Stage7 member for 合成陈氏.,False
1088753,7006,陈信成,male,1925-01-01,1997-12-31,26,信,Rule-generated Stage7 member for 合成陈氏.,False
1088754,7006,陈信宁,female,1928-01-01,1969-12-31,26,信,Rule-generated Stage7 member for 合成陈氏.,False
1088755,7006,陈信景,male,1926-01-01,1988-12-31,26,信,Rule-generated Stage7 member for 合成陈氏.,False
1088756,7006,陈信丽,female,1923-01-01,1982-12-31,26,信,Rule-generated Stage7 member for 合成陈氏.,False
1088757,7006,陈信世,male,1924-01-01,1965-12-31,26,信,Rule-generated Stage7 member for 合成陈氏.,False
1088758,7006,陈信雅,female,1929-01-01,2011-12-31,26,信,Rule-generated Stage7 member for 合成陈氏.,False
1088759,7006,陈信景,male,1924-01-01,1998-12-31,26,信,Rule-generated Stage7 member for 合成陈氏.,False
1088760,7006,陈信雅,female,1929-01-01,1986-12-31,26,信,Rule-generated Stage7 member for 合成陈氏.,False
1088761,7006,陈信安,male,1929-01-01,1982-12-31,26,信,Rule-generated Stage7 member for 合成陈氏.,False
1088762,7006,陈信玉,female,1928-01-01,1990-12-31,26,信,Rule-generated Stage7 member for 合成陈氏.,False
1088763,7006,陈信国,male,1929-01-01,1973-12-31,26,信,Rule-generated Stage7 member for 合成陈氏.,False
1088764,7006,陈芳华,female,1926-01-01,2009-12-31,26,信,Rule-generated Stage7 member for 合成陈氏.,False
1088765,7006,陈宗景,male,1927-01-01,2000-12-31,26,信,Rule-generated Stage7 member for 合成陈氏.,False
1088766,7006,陈信丽,female,1924-01-01,1988-12-31,26,信,Rule-generated Stage7 member for 合成陈氏.,False
1088767,7006,陈明景,male,1928-01-01,1977-12-31,26,信,Rule-generated Stage7 member for 合成陈氏.,False
1088768,7006,陈信宁,female,1929-01-01,1990-12-31,26,信,Rule-generated Stage7 member for 合成陈氏.,False
1088769,7006,陈世宗,male,1925-01-01,2008-12-31,26,信,Rule-generated Stage7 member for 合成陈氏.,False
1088770,7006,陈清华,female,1924-01-01,2011-12-31,26,信,Rule-generated Stage7 member for 合成陈氏.,False
1088771,7006,陈敏,male,1924-01-01,2008-12-31,26,信,Rule-generated Stage7 member for 合成陈氏.,False
1088772,7006,陈信芳,female,1925-01-01,2012-12-31,26,信,Rule-generated Stage7 member for 合成陈氏.,False
1088773,7006,陈宗国,male,1927-01-01,2016-12-31,26,信,Rule-generated Stage7 member for 合成陈氏.,False
1088774,7006,陈信清,female,1929-01-01,1971-12-31,26,信,Rule-generated Stage7 member for 合成陈氏.,False
1088775,7006,陈强伟,male,1929-01-01,1991-12-31,26,信,Rule-generated Stage7 member for 合成陈氏.,False
1088776,7006,陈丽安,female,1924-01-01,1975-12-31,26,信,Rule-generated Stage7 member for 合成陈氏.,False
1088777,7006,陈宗德,male,1923-01-01,2009-12-31,26,信,Rule-generated Stage7 member for 合成陈氏.,False
1088778,7006,陈明,female,1927-01-01,2011-12-31,26,信,Rule-generated Stage7 member for 合成陈氏.,False
1088779,7006,陈丽,male,1924-01-01,2020-12-31,26,信,Rule-generated Stage7 member for 合成陈氏.,False
1088780,7006,陈强,female,1928-01-01,1963-12-31,26,信,Rule-generated Stage7 member for 合成陈氏.,False
1088781,7006,陈信世,male,1928-01-01,2001-12-31,26,信,Rule-generated Stage7 member for 合成陈氏.,False
1088782,7006,陈安兰,female,1929-01-01,1996-12-31,26,信,Rule-generated Stage7 member for 合成陈氏.,False
1088783,7006,陈明,male,1926-01-01,2017-12-31,26,信,Rule-generated Stage7 member for 合成陈氏.,False
1088784,7006,陈安芳,female,1926-01-01,1985-12-31,26,信,Rule-generated Stage7 member for 合成陈氏.,False
1088785,7006,陈景成,male,1923-01-01,1950-12-31,26,信,Rule-generated Stage7 member for 合成陈氏.,False
1088786,7006,陈信雅,female,1926-01-01,1984-12-31,26,信,Rule-generated Stage7 member for 合成陈氏.,False
1088787,7006,陈信成,male,1924-01-01,1979-12-31,26,信,Rule-generated Stage7 member for 合成陈氏.,False
1088788,7006,陈信丽,female,1929-01-01,1957-12-31,26,信,Rule-generated Stage7 member for 合成陈氏.,False
1088789,7006,陈明,male,1929-01-01,2006-12-31,26,信,Rule-generated Stage7 member for 合成陈氏.,False
1088790,7006,陈信兰,female,1926-01-01,1971-12-31,26,信,Rule-generated Stage7 member for 合成陈氏.,False
1088791,7006,陈信国,male,1924-01-01,2004-12-31,26,信,Rule-generated Stage7 member for 合成陈氏.,False
1088792,7006,陈信清,female,1926-01-01,1984-12-31,26,信,Rule-generated Stage7 member for 合成陈氏.,False
1088793,7006,陈信安,male,1924-01-01,1983-12-31,26,信,Rule-generated Stage7 member for 合成陈氏.,False
1088794,7006,陈信华,female,1929-01-01,1966-12-31,26,信,Rule-generated Stage7 member for 合成陈氏.,False
1088795,7006,陈敏,male,1927-01-01,1979-12-31,26,信,Rule-generated Stage7 member for 合成陈氏.,False
1088796,7006,陈清安,female,1923-01-01,2003-12-31,26,信,Rule-generated Stage7 member for 合成陈氏.,False
1088797,7006,陈信景,male,1925-01-01,1996-12-31,26,信,Rule-generated Stage7 member for 合成陈氏.,False
1088798,7006,陈信敏,female,1923-01-01,2008-12-31,26,信,Rule-generated Stage7 member for 合成陈氏.,False
1088799,7006,陈信文,male,1925-01-01,1991-12-31,26,信,Rule-generated Stage7 member for 合成陈氏.,False
1088800,7006,陈芳芳,female,1924-01-01,1961-12-31,26,信,Rule-generated Stage7 member for 合成陈氏.,False
1088801,7006,陈明,male,1926-01-01,1979-12-31,26,信,Rule-generated Stage7 member for 合成陈氏.,False
1088802,7006,陈信敏,female,1926-01-01,1988-12-31,26,信,Rule-generated Stage7 member for 合成陈氏.,False
1088803,7006,陈信安,male,1924-01-01,1964-12-31,26,信,Rule-generated Stage7 member for 合成陈氏.,False
1088804,7006,陈信玉,female,1923-01-01,1993-12-31,26,信,Rule-generated Stage7 member for 合成陈氏.,False
1088805,7006,陈文景,male,1927-01-01,1963-12-31,26,信,Rule-generated Stage7 member for 合成陈氏.,False
1088806,7006,陈信兰,female,1927-01-01,1989-12-31,26,信,Rule-generated Stage7 member for 合成陈氏.,False
1088807,7006,陈信国,male,1923-01-01,1983-12-31,26,信,Rule-generated Stage7 member for 合成陈氏.,False
1088808,7006,陈宁丽,female,1929-01-01,1990-12-31,26,信,Rule-generated Stage7 member for 合成陈氏.,False
1088809,7006,陈国伟,male,1928-01-01,1968-12-31,26,信,Rule-generated Stage7 member for 合成陈氏.,False
1088810,7006,陈信芳,female,1923-01-01,1966-12-31,26,信,Rule-generated Stage7 member for 合成陈氏.,False
1088811,7006,陈信景,male,1923-01-01,1973-12-31,26,信,Rule-generated Stage7 member for 合成陈氏.,False
1088812,7006,陈信清,female,1924-01-01,1993-12-31,26,信,Rule-generated Stage7 member for 合成陈氏.,False
1088813,7006,陈信宗,male,1925-01-01,2001-12-31,26,信,Rule-generated Stage7 member for 合成陈氏.,False
1088814,7006,陈信安,female,1925-01-01,1987-12-31,26,信,Rule-generated Stage7 member for 合成陈氏.,False
1088815,7006,陈信明,male,1929-01-01,1959-12-31,26,信,Rule-generated Stage7 member for 合成陈氏.,False
1088816,7006,陈信华,female,1925-01-01,2001-12-31,26,信,Rule-generated Stage7 member for 合成陈氏.,False
1088817,7006,陈文国,male,1927-01-01,2001-12-31,26,信,Rule-generated Stage7 member for 合成陈氏.,False
1088818,7006,陈信安,female,1926-01-01,1966-12-31,26,信,Rule-generated Stage7 member for 合成陈氏.,False
1088819,7006,陈景世,male,1927-01-01,2007-12-31,26,信,Rule-generated Stage7 member for 合成陈氏.,False
1088820,7006,陈丽,female,1923-01-01,2002-12-31,26,信,Rule-generated Stage7 member for 合成陈氏.,False
1088821,7006,陈信安,male,1927-01-01,2003-12-31,26,信,Rule-generated Stage7 member for 合成陈氏.,False
1088822,7006,陈信芳,female,1925-01-01,1970-12-31,26,信,Rule-generated Stage7 member for 合成陈氏.,False
1088823,7006,陈强强,male,1928-01-01,1977-12-31,26,信,Rule-generated Stage7 member for 合成陈氏.,False
1088824,7006,陈信安,female,1929-01-01,1990-12-31,26,信,Rule-generated Stage7 member for 合成陈氏.,False
1088825,7006,陈承伟,male,1924-01-01,1969-12-31,26,信,Rule-generated Stage7 member for 合成陈氏.,False
1088826,7006,陈信梅,female,1924-01-01,1985-12-31,26,信,Rule-generated Stage7 member for 合成陈氏.,False
1088827,7006,陈信成,male,1929-01-01,2016-12-31,26,信,Rule-generated Stage7 member for 合成陈氏.,False
1088828,7006,陈信华,female,1924-01-01,1995-12-31,26,信,Rule-generated Stage7 member for 合成陈氏.,False
1088829,7006,陈宗文,male,1949-01-01,2018-12-31,27,忠,Rule-generated Stage7 member for 合成陈氏.,False
1088830,7006,陈忠安,female,1948-01-01,2003-12-31,27,忠,Rule-generated Stage7 member for 合成陈氏.,False
1088831,7006,陈忠文,male,1949-01-01,,27,忠,Rule-generated Stage7 member for 合成陈氏.,True
1088832,7006,陈敏,female,1950-01-01,,27,忠,Rule-generated Stage7 member for 合成陈氏.,True
1088833,7006,陈敏,male,1949-01-01,,27,忠,Rule-generated Stage7 member for 合成陈氏.,True
1088834,7006,陈宁雅,female,1950-01-01,2000-12-31,27,忠,Rule-generated Stage7 member for 合成陈氏.,False
1088835,7006,陈成景,male,1946-01-01,,27,忠,Rule-generated Stage7 member for 合成陈氏.,True
1088836,7006,陈忠安,female,1949-01-01,1986-12-31,27,忠,Rule-generated Stage7 member for 合成陈氏.,False
1088837,7006,陈忠德,male,1944-01-01,1984-12-31,27,忠,Rule-generated Stage7 member for 合成陈氏.,False
1088838,7006,陈华兰,female,1947-01-01,,27,忠,Rule-generated Stage7 member for 合成陈氏.,True
1088839,7006,陈忠明,male,1948-01-01,2022-12-31,27,忠,Rule-generated Stage7 member for 合成陈氏.,False
1088840,7006,陈强,female,1944-01-01,1998-12-31,27,忠,Rule-generated Stage7 member for 合成陈氏.,False
1088841,7006,陈强成,male,1947-01-01,2011-12-31,27,忠,Rule-generated Stage7 member for 合成陈氏.,False
1088842,7006,陈忠玉,female,1950-01-01,2009-12-31,27,忠,Rule-generated Stage7 member for 合成陈氏.,False
1088843,7006,陈强安,male,1949-01-01,,27,忠,Rule-generated Stage7 member for 合成陈氏.,True
1088844,7006,陈忠兰,female,1948-01-01,1997-12-31,27,忠,Rule-generated Stage7 member for 合成陈氏.,False
1088845,7006,陈忠安,male,1944-01-01,1992-12-31,27,忠,Rule-generated Stage7 member for 合成陈氏.,False
1088846,7006,陈忠敏,female,1944-01-01,2000-12-31,27,忠,Rule-generated Stage7 member for 合成陈氏.,False
1088847,7006,陈忠明,male,1948-01-01,,27,忠,Rule-generated Stage7 member for 合成陈氏.,True
1088848,7006,陈忠丽,female,1945-01-01,2001-12-31,27,忠,Rule-generated Stage7 member for 合成陈氏.,False
1088849,7006,陈安景,male,1945-01-01,2006-12-31,27,忠,Rule-generated Stage7 member for 合成陈氏.,False
1088850,7006,陈忠丽,female,1950-01-01,1998-12-31,27,忠,Rule-generated Stage7 member for 合成陈氏.,False
1088851,7006,陈忠宗,male,1946-01-01,,27,忠,Rule-generated Stage7 member for 合成陈氏.,True
1088852,7006,陈华,female,1949-01-01,2011-12-31,27,忠,Rule-generated Stage7 member for 合成陈氏.,False
1088853,7006,陈忠景,male,1944-01-01,1984-12-31,27,忠,Rule-generated Stage7 member for 合成陈氏.,False
1088854,7006,陈安梅,female,1949-01-01,2014-12-31,27,忠,Rule-generated Stage7 member for 合成陈氏.,False
1088855,7006,陈忠宗,male,1946-01-01,,27,忠,Rule-generated Stage7 member for 合成陈氏.,True
1088856,7006,陈忠丽,female,1949-01-01,2009-12-31,27,忠,Rule-generated Stage7 member for 合成陈氏.,False
1088857,7006,陈忠德,male,1946-01-01,,27,忠,Rule-generated Stage7 member for 合成陈氏.,True
1088858,7006,陈忠芳,female,1944-01-01,2020-12-31,27,忠,Rule-generated Stage7 member for 合成陈氏.,False
1088859,7006,陈伟宗,male,1945-01-01,2005-12-31,27,忠,Rule-generated Stage7 member for 合成陈氏.,False
1088860,7006,陈忠华,female,1947-01-01,,27,忠,Rule-generated Stage7 member for 合成陈氏.,True
1088861,7006,陈明,male,1950-01-01,1999-12-31,27,忠,Rule-generated Stage7 member for 合成陈氏.,False
1088862,7006,陈忠梅,female,1949-01-01,,27,忠,Rule-generated Stage7 member for 合成陈氏.,True
1088863,7006,陈忠成,male,1948-01-01,2007-12-31,27,忠,Rule-generated Stage7 member for 合成陈氏.,False
1088864,7006,陈忠敏,female,1947-01-01,2015-12-31,27,忠,Rule-generated Stage7 member for 合成陈氏.,False
1088865,7006,陈忠安,male,1945-01-01,2000-12-31,27,忠,Rule-generated Stage7 member for 合成陈氏.,False
1088866,7006,陈忠华,female,1945-01-01,2025-12-31,27,忠,Rule-generated Stage7 member for 合成陈氏.,False
1088867,7006,陈忠强,male,1946-01-01,,27,忠,Rule-generated Stage7 member for 合成陈氏.,True
1088868,7006,陈玉玉,female,1948-01-01,,27,忠,Rule-generated Stage7 member for 合成陈氏.,True
1088869,7006,陈忠承,male,1945-01-01,2004-12-31,27,忠,Rule-generated Stage7 member for 合成陈氏.,False
1088870,7006,陈玉华,female,1950-01-01,1991-12-31,27,忠,Rule-generated Stage7 member for 合成陈氏.,False
1088871,7006,陈忠安,male,1944-01-01,,27,忠,Rule-generated Stage7 member for 合成陈氏.,True
1088872,7006,陈伟,female,1948-01-01,,27,忠,Rule-generated Stage7 member for 合成陈氏.,True
1088873,7006,陈承承,male,1945-01-01,2009-12-31,27,忠,Rule-generated Stage7 member for 合成陈氏.,False
1088874,7006,陈忠芳,female,1949-01-01,2000-12-31,27,忠,Rule-generated Stage7 member for 合成陈氏.,False
1088875,7006,陈文成,male,1945-01-01,,27,忠,Rule-generated Stage7 member for 合成陈氏.,True
1088876,7006,陈华梅,female,1946-01-01,1984-12-31,27,忠,Rule-generated Stage7 member for 合成陈氏.,False
1088877,7006,陈忠德,male,1950-01-01,2013-12-31,27,忠,Rule-generated Stage7 member for 合成陈氏.,False
1088878,7006,陈兰慧,female,1944-01-01,2007-12-31,27,忠,Rule-generated Stage7 member for 合成陈氏.,False
1088879,7006,陈忠文,male,1944-01-01,1995-12-31,27,忠,Rule-generated Stage7 member for 合成陈氏.,False
1088880,7006,陈忠兰,female,1948-01-01,2021-12-31,27,忠,Rule-generated Stage7 member for 合成陈氏.,False
1088881,7006,陈国强,male,1945-01-01,2006-12-31,27,忠,Rule-generated Stage7 member for 合成陈氏.,False
1088882,7006,陈忠雅,female,1950-01-01,2015-12-31,27,忠,Rule-generated Stage7 member for 合成陈氏.,False
1088883,7006,陈伟,male,1950-01-01,2004-12-31,27,忠,Rule-generated Stage7 member for 合成陈氏.,False
1088884,7006,陈忠梅,female,1944-01-01,1998-12-31,27,忠,Rule-generated Stage7 member for 合成陈氏.,False
1088885,7006,陈忠文,male,1948-01-01,,27,忠,Rule-generated Stage7 member for 合成陈氏.,True
1088886,7006,陈忠兰,female,1945-01-01,2008-12-31,27,忠,Rule-generated Stage7 member for 合成陈氏.,False
1088887,7006,陈忠宗,male,1945-01-01,2010-12-31,27,忠,Rule-generated Stage7 member for 合成陈氏.,False
1088888,7006,陈芳清,female,1946-01-01,1995-12-31,27,忠,Rule-generated Stage7 member for 合成陈氏.,False
1088889,7006,陈忠安,male,1945-01-01,1978-12-31,27,忠,Rule-generated Stage7 member for 合成陈氏.,False
1088890,7006,陈安兰,female,1945-01-01,2004-12-31,27,忠,Rule-generated Stage7 member for 合成陈氏.,False
1088891,7006,陈文世,male,1949-01-01,,27,忠,Rule-generated Stage7 member for 合成陈氏.,True
1088892,7006,陈忠丽,female,1944-01-01,1992-12-31,27,忠,Rule-generated Stage7 member for 合成陈氏.,False
1088893,7006,陈明国,male,1945-01-01,,27,忠,Rule-generated Stage7 member for 合成陈氏.,True
1088894,7006,陈宁芳,female,1947-01-01,,27,忠,Rule-generated Stage7 member for 合成陈氏.,True
1088895,7006,陈忠安,male,1949-01-01,2007-12-31,27,忠,Rule-generated Stage7 member for 合成陈氏.,False
1088896,7006,陈慧清,female,1945-01-01,2002-12-31,27,忠,Rule-generated Stage7 member for 合成陈氏.,False
1088897,7006,陈和文,male,1965-01-01,,28,和,Rule-generated Stage7 member for 合成陈氏.,True
1088898,7006,陈雅敏,female,1970-01-01,,28,和,Rule-generated Stage7 member for 合成陈氏.,True
1088899,7006,陈和景,male,1968-01-01,,28,和,Rule-generated Stage7 member for 合成陈氏.,True
1088900,7006,陈和华,female,1966-01-01,,28,和,Rule-generated Stage7 member for 合成陈氏.,True
1088901,7006,陈明景,male,1971-01-01,,28,和,Rule-generated Stage7 member for 合成陈氏.,True
1088902,7006,陈芳敏,female,1970-01-01,,28,和,Rule-generated Stage7 member for 合成陈氏.,True
1088903,7006,陈和成,male,1967-01-01,,28,和,Rule-generated Stage7 member for 合成陈氏.,True
1088904,7006,陈和梅,female,1970-01-01,,28,和,Rule-generated Stage7 member for 合成陈氏.,True
1088905,7006,陈明,male,1965-01-01,,28,和,Rule-generated Stage7 member for 合成陈氏.,True
1088906,7006,陈和慧,female,1969-01-01,,28,和,Rule-generated Stage7 member for 合成陈氏.,True
1088907,7006,陈成世,male,1969-01-01,,28,和,Rule-generated Stage7 member for 合成陈氏.,True
1088908,7006,陈梅宁,female,1970-01-01,2013-12-31,28,和,Rule-generated Stage7 member for 合成陈氏.,False
1088909,7006,陈和国,male,1969-01-01,,28,和,Rule-generated Stage7 member for 合成陈氏.,True
1088910,7006,陈和宁,female,1970-01-01,,28,和,Rule-generated Stage7 member for 合成陈氏.,True
1088911,7006,陈华,male,1967-01-01,,28,和,Rule-generated Stage7 member for 合成陈氏.,True
1088912,7006,陈玉芳,female,1969-01-01,,28,和,Rule-generated Stage7 member for 合成陈氏.,True
1088913,7006,陈宗世,male,1967-01-01,,28,和,Rule-generated Stage7 member for 合成陈氏.,True
1088914,7006,陈丽玉,female,1967-01-01,,28,和,Rule-generated Stage7 member for 合成陈氏.,True
1088915,7006,陈成德,male,1971-01-01,,28,和,Rule-generated Stage7 member for 合成陈氏.,True
1088916,7006,陈和慧,female,1967-01-01,,28,和,Rule-generated Stage7 member for 合成陈氏.,True
1088917,7006,陈文安,male,1967-01-01,,28,和,Rule-generated Stage7 member for 合成陈氏.,True
1088918,7006,陈和兰,female,1967-01-01,,28,和,Rule-generated Stage7 member for 合成陈氏.,True
1088919,7006,陈伟,male,1967-01-01,,28,和,Rule-generated Stage7 member for 合成陈氏.,True
1088920,7006,陈华,female,1967-01-01,,28,和,Rule-generated Stage7 member for 合成陈氏.,True
1088921,7006,陈和文,male,1969-01-01,,28,和,Rule-generated Stage7 member for 合成陈氏.,True
1088922,7006,陈和安,female,1968-01-01,,28,和,Rule-generated Stage7 member for 合成陈氏.,True
1088923,7006,陈德国,male,1967-01-01,,28,和,Rule-generated Stage7 member for 合成陈氏.,True
1088924,7006,陈和清,female,1966-01-01,,28,和,Rule-generated Stage7 member for 合成陈氏.,True
1088925,7006,陈和国,male,1969-01-01,,28,和,Rule-generated Stage7 member for 合成陈氏.,True
1088926,7006,陈和丽,female,1966-01-01,2010-12-31,28,和,Rule-generated Stage7 member for 合成陈氏.,False
1088927,7006,陈和德,male,1971-01-01,,28,和,Rule-generated Stage7 member for 合成陈氏.,True
1088928,7006,陈和宁,female,1971-01-01,,28,和,Rule-generated Stage7 member for 合成陈氏.,True
1088929,7006,陈和伟,male,1971-01-01,,28,和,Rule-generated Stage7 member for 合成陈氏.,True
1088930,7006,陈敏,female,1968-01-01,,28,和,Rule-generated Stage7 member for 合成陈氏.,True
1088931,7006,陈强,male,1965-01-01,,28,和,Rule-generated Stage7 member for 合成陈氏.,True
1088932,7006,陈和敏,female,1969-01-01,,28,和,Rule-generated Stage7 member for 合成陈氏.,True
1088933,7006,陈和强,male,1965-01-01,,28,和,Rule-generated Stage7 member for 合成陈氏.,True
1088934,7006,陈和兰,female,1970-01-01,,28,和,Rule-generated Stage7 member for 合成陈氏.,True
1088935,7006,陈世宗,male,1967-01-01,,28,和,Rule-generated Stage7 member for 合成陈氏.,True
1088936,7006,陈宁清,female,1971-01-01,,28,和,Rule-generated Stage7 member for 合成陈氏.,True
1088937,7006,陈国成,male,1965-01-01,,28,和,Rule-generated Stage7 member for 合成陈氏.,True
1088938,7006,陈和慧,female,1965-01-01,,28,和,Rule-generated Stage7 member for 合成陈氏.,True
1088939,7006,陈和景,male,1966-01-01,,28,和,Rule-generated Stage7 member for 合成陈氏.,True
1088940,7006,陈和梅,female,1968-01-01,,28,和,Rule-generated Stage7 member for 合成陈氏.,True
1088941,7006,陈和成,male,1970-01-01,,28,和,Rule-generated Stage7 member for 合成陈氏.,True
1088942,7006,陈和玉,female,1965-01-01,,28,和,Rule-generated Stage7 member for 合成陈氏.,True
1088943,7006,陈和文,male,1969-01-01,,28,和,Rule-generated Stage7 member for 合成陈氏.,True
1088944,7006,陈和芳,female,1969-01-01,2019-12-31,28,和,Rule-generated Stage7 member for 合成陈氏.,False
1088945,7006,陈和文,male,1970-01-01,,28,和,Rule-generated Stage7 member for 合成陈氏.,True
1088946,7006,陈华兰,female,1971-01-01,,28,和,Rule-generated Stage7 member for 合成陈氏.,True
1088947,7006,陈和世,male,1971-01-01,,28,和,Rule-generated Stage7 member for 合成陈氏.,True
1088948,7006,陈景明,male,1991-01-01,,29,景,Rule-generated Stage7 member for 合成陈氏.,True
1088949,7006,陈慧华,female,1986-01-01,,29,景,Rule-generated Stage7 member for 合成陈氏.,True
1088950,7006,陈宗明,male,1986-01-01,,29,景,Rule-generated Stage7 member for 合成陈氏.,True
1088951,7006,陈华华,female,1989-01-01,,29,景,Rule-generated Stage7 member for 合成陈氏.,True
1088952,7006,陈华,male,1987-01-01,,29,景,Rule-generated Stage7 member for 合成陈氏.,True
1088953,7006,陈强,female,1987-01-01,,29,景,Rule-generated Stage7 member for 合成陈氏.,True
1088954,7006,陈景成,male,1986-01-01,,29,景,Rule-generated Stage7 member for 合成陈氏.,True
1088955,7006,陈敏,female,1988-01-01,,29,景,Rule-generated Stage7 member for 合成陈氏.,True
1088956,7006,陈景安,male,1986-01-01,,29,景,Rule-generated Stage7 member for 合成陈氏.,True
1088957,7006,陈强,female,1987-01-01,,29,景,Rule-generated Stage7 member for 合成陈氏.,True
1088958,7006,陈景德,male,1987-01-01,,29,景,Rule-generated Stage7 member for 合成陈氏.,True
1088959,7006,陈景慧,female,1992-01-01,,29,景,Rule-generated Stage7 member for 合成陈氏.,True
1088960,7006,陈景文,male,1989-01-01,,29,景,Rule-generated Stage7 member for 合成陈氏.,True
1088961,7006,陈景敏,female,1991-01-01,,29,景,Rule-generated Stage7 member for 合成陈氏.,True
1088962,7006,陈景宗,male,1986-01-01,,29,景,Rule-generated Stage7 member for 合成陈氏.,True
1088963,7006,陈景敏,female,1991-01-01,,29,景,Rule-generated Stage7 member for 合成陈氏.,True
1088964,7006,陈景安,male,1988-01-01,,29,景,Rule-generated Stage7 member for 合成陈氏.,True
1088965,7006,陈景梅,female,1989-01-01,,29,景,Rule-generated Stage7 member for 合成陈氏.,True
1088966,7006,陈景强,male,1986-01-01,,29,景,Rule-generated Stage7 member for 合成陈氏.,True
1088967,7006,陈丽,female,1992-01-01,,29,景,Rule-generated Stage7 member for 合成陈氏.,True
1088968,7006,陈伟成,male,1987-01-01,2021-12-31,29,景,Rule-generated Stage7 member for 合成陈氏.,False
1088969,7006,陈景梅,female,1991-01-01,,29,景,Rule-generated Stage7 member for 合成陈氏.,True
1088970,7006,陈敏,male,1987-01-01,2019-12-31,29,景,Rule-generated Stage7 member for 合成陈氏.,False
1088971,7006,陈景芳,female,1986-01-01,,29,景,Rule-generated Stage7 member for 合成陈氏.,True
1088972,7006,陈景明,male,1991-01-01,,29,景,Rule-generated Stage7 member for 合成陈氏.,True
1088973,7006,陈兰敏,female,1992-01-01,,29,景,Rule-generated Stage7 member for 合成陈氏.,True
1088974,7006,陈强,male,1988-01-01,,29,景,Rule-generated Stage7 member for 合成陈氏.,True
1088975,7006,陈景玉,female,1988-01-01,,29,景,Rule-generated Stage7 member for 合成陈氏.,True
1088976,7006,陈安成,male,1991-01-01,,29,景,Rule-generated Stage7 member for 合成陈氏.,True
1088977,7006,陈景玉,female,1991-01-01,2025-12-31,29,景,Rule-generated Stage7 member for 合成陈氏.,False
1088978,7006,陈文宗,male,1992-01-01,,29,景,Rule-generated Stage7 member for 合成陈氏.,True
1088979,7006,陈景兰,female,1987-01-01,,29,景,Rule-generated Stage7 member for 合成陈氏.,True
1088980,7006,陈景安,male,1990-01-01,,29,景,Rule-generated Stage7 member for 合成陈氏.,True
1088981,7006,陈景敏,female,1992-01-01,,29,景,Rule-generated Stage7 member for 合成陈氏.,True
1088982,7006,陈丽,male,1991-01-01,,29,景,Rule-generated Stage7 member for 合成陈氏.,True
1088983,7006,陈承伟,male,2009-01-01,,30,承,Rule-generated Stage7 member for 合成陈氏.,True
1088984,7006,陈华,female,2009-01-01,2025-12-31,30,承,Rule-generated Stage7 member for 合成陈氏.,False
1088985,7006,陈明安,male,2008-01-01,,30,承,Rule-generated Stage7 member for 合成陈氏.,True
1088986,7006,陈敏,female,2013-01-01,,30,承,Rule-generated Stage7 member for 合成陈氏.,True
1088987,7006,陈国安,male,2011-01-01,,30,承,Rule-generated Stage7 member for 合成陈氏.,True
1088988,7006,陈慧梅,female,2010-01-01,,30,承,Rule-generated Stage7 member for 合成陈氏.,True
1088989,7006,陈承承,male,2013-01-01,,30,承,Rule-generated Stage7 member for 合成陈氏.,True
1088990,7006,陈承丽,female,2010-01-01,,30,承,Rule-generated Stage7 member for 合成陈氏.,True
1088991,7006,陈承安,male,2011-01-01,2025-12-31,30,承,Rule-generated Stage7 member for 合成陈氏.,False
1088992,7006,陈承宁,female,2012-01-01,,30,承,Rule-generated Stage7 member for 合成陈氏.,True
1088993,7006,陈安景,male,2009-01-01,,30,承,Rule-generated Stage7 member for 合成陈氏.,True
1088994,7006,陈承丽,female,2011-01-01,,30,承,Rule-generated Stage7 member for 合成陈氏.,True
1088995,7006,陈承世,male,2013-01-01,,30,承,Rule-generated Stage7 member for 合成陈氏.,True
1088996,7006,陈承敏,female,2007-01-01,,30,承,Rule-generated Stage7 member for 合成陈氏.,True
1088997,7006,陈承国,male,2011-01-01,,30,承,Rule-generated Stage7 member for 合成陈氏.,True
1088998,7006,陈宁玉,female,2007-01-01,,30,承,Rule-generated Stage7 member for 合成陈氏.,True
1088999,7006,陈成承,male,2008-01-01,,30,承,Rule-generated Stage7 member for 合成陈氏.,True
1089000,7006,陈承梅,female,2007-01-01,,30,承,Rule-generated Stage7 member for 合成陈氏.,True
