tree_id,parent_member_id,child_member_id,parent_role
7006,1085001,1085018,father
7006,1085001,1085027,father
7006,1085001,1085036,father
7006,1085001,1085045,father
7006,1085018,1085052,father
7006,1085018,1085069,father
7006,1085018,1085086,father
7006,1085027,1085056,mother
7006,1085027,1085073,mother
7006,1085027,1085090,mother
7006,1085036,1085061,father
7006,1085036,1085078,father
7006,1085036,1085095,father
7006,1085045,1085065,mother
7006,1085045,1085082,mother
7006,1085045,1085099,mother
7006,1085052,1085102,father
7006,1085052,1085127,father
7006,1085052,1085152,father
7006,1085056,1085104,father
7006,1085056,1085129,father
7006,1085056,1085154,father
7006,1085061,1085106,mother
7006,1085061,1085131,mother
7006,1085061,1085156,mother
7006,1085065,1085108,mother
7006,1085065,1085133,mother
7006,1085065,1085158,mother
7006,1085069,1085110,mother
7006,1085069,1085135,mother
7006,1085069,1085160,mother
7006,1085073,1085112,mother
7006,1085073,1085137,mother
7006,1085073,1085162,mother
7006,1085078,1085115,father
7006,1085078,1085140,father
7006,1085078,1085165,father
7006,1085082,1085117,father
7006,1085082,1085142,father
7006,1085082,1085167,father
7006,1085086,1085119,father
7006,1085086,1085144,father
7006,1085090,1085121,father
7006,1085090,1085146,father
7006,1085095,1085123,mother
7006,1085095,1085148,mother
7006,1085099,1085125,mother
7006,1085099,1085150,mother
7006,1085102,1085169,father
7006,1085102,1085203,father
7006,1085102,1085237,father
7006,1085104,1085170,father
7006,1085104,1085204,father
7006,1085104,1085238,father
7006,1085106,1085171,father
7006,1085106,1085205,father
7006,1085106,1085239,father
7006,1085108,1085172,father
7006,1085108,1085206,father
7006,1085108,1085240,father
7006,1085110,1085173,father
7006,1085110,1085207,father
7006,1085110,1085241,father
7006,1085112,1085174,father
7006,1085112,1085208,father
7006,1085112,1085242,father
7006,1085115,1085175,mother
7006,1085115,1085208,mother
7006,1085115,1085241,mother
7006,1085117,1085176,mother
7006,1085117,1085209,mother
7006,1085117,1085242,mother
7006,1085119,1085177,mother
7006,1085119,1085210,mother
7006,1085119,1085243,mother
7006,1085121,1085178,mother
7006,1085121,1085211,mother
7006,1085121,1085244,mother
7006,1085123,1085179,mother
7006,1085123,1085212,mother
7006,1085123,1085245,mother
7006,1085125,1085180,mother
7006,1085125,1085213,mother
7006,1085125,1085246,mother
7006,1085127,1085181,mother
7006,1085127,1085214,mother
7006,1085127,1085247,mother
7006,1085129,1085182,mother
7006,1085129,1085215,mother
7006,1085129,1085248,mother
7006,1085131,1085183,mother
7006,1085131,1085216,mother
7006,1085131,1085249,mother
7006,1085133,1085184,mother
7006,1085133,1085217,mother
7006,1085133,1085250,mother
7006,1085135,1085185,mother
7006,1085135,1085218,mother
7006,1085135,1085251,mother
7006,1085137,1085186,mother
7006,1085137,1085219,mother
7006,1085140,1085188,father
7006,1085140,1085222,father
7006,1085142,1085189,father
7006,1085142,1085223,father
7006,1085144,1085190,father
7006,1085144,1085224,father
7006,1085146,1085191,father
7006,1085146,1085225,father
7006,1085148,1085192,father
7006,1085148,1085226,father
7006,1085150,1085193,father
7006,1085150,1085227,father
7006,1085152,1085194,father
7006,1085152,1085228,father
7006,1085154,1085195,father
7006,1085154,1085229,father
7006,1085156,1085196,father
7006,1085156,1085230,father
7006,1085158,1085197,father
7006,1085158,1085231,father
7006,1085160,1085198,father
7006,1085160,1085232,father
7006,1085162,1085199,father
7006,1085162,1085233,father
7006,1085165,1085200,mother
7006,1085165,1085233,mother
7006,1085167,1085201,mother
7006,1085167,1085234,mother
7006,1085169,1085252,father
7006,1085169,1085294,father
7006,1085169,1085336,father
7006,1085170,1085252,mother
7006,1085170,1085293,mother
7006,1085170,1085334,mother
7006,1085171,1085253,father
7006,1085171,1085295,father
7006,1085171,1085337,father
7006,1085172,1085253,mother
7006,1085172,1085294,mother
7006,1085172,1085335,mother
7006,1085173,1085254,father
7006,1085173,1085296,father
7006,1085173,1085338,father
7006,1085174,1085254,mother
7006,1085174,1085295,mother
7006,1085174,1085336,mother
7006,1085175,1085255,father
7006,1085175,1085297,father
7006,1085175,1085339,father
7006,1085176,1085255,mother
7006,1085176,1085296,mother
7006,1085176,1085337,mother
7006,1085177,1085256,father
7006,1085177,1085298,father
7006,1085177,1085340,father
7006,1085178,1085256,mother
7006,1085178,1085297,mother
7006,1085178,1085338,mother
7006,1085179,1085257,father
7006,1085179,1085299,father
7006,1085179,1085341,father
7006,1085180,1085257,mother
7006,1085180,1085298,mother
7006,1085180,1085339,mother
7006,1085181,1085258,father
7006,1085181,1085300,father
7006,1085181,1085342,father
7006,1085182,1085258,mother
7006,1085182,1085299,mother
7006,1085182,1085340,mother
7006,1085183,1085259,father
7006,1085183,1085301,father
7006,1085183,1085343,father
7006,1085184,1085259,mother
7006,1085184,1085300,mother
7006,1085184,1085341,mother
7006,1085185,1085260,father
7006,1085185,1085302,father
7006,1085185,1085344,father
7006,1085186,1085260,mother
7006,1085186,1085301,mother
7006,1085186,1085342,mother
7006,1085188,1085261,mother
7006,1085188,1085302,mother
7006,1085188,1085343,mother
7006,1085189,1085262,father
7006,1085189,1085304,father
7006,1085189,1085346,father
7006,1085190,1085262,mother
7006,1085190,1085303,mother
7006,1085190,1085344,mother
7006,1085191,1085263,father
7006,1085191,1085305,father
7006,1085191,1085347,father
7006,1085192,1085263,mother
7006,1085192,1085304,mother
7006,1085192,1085345,mother
7006,1085193,1085264,father
7006,1085193,1085306,father
7006,1085193,1085348,father
7006,1085194,1085264,mother
7006,1085194,1085305,mother
7006,1085194,1085346,mother
7006,1085195,1085265,father
7006,1085195,1085307,father
7006,1085195,1085349,father
7006,1085196,1085265,mother
7006,1085196,1085306,mother
7006,1085196,1085347,mother
7006,1085197,1085266,father
7006,1085197,1085308,father
7006,1085197,1085350,father
7006,1085198,1085266,mother
7006,1085198,1085307,mother
7006,1085198,1085348,mother
7006,1085199,1085267,father
7006,1085199,1085309,father
7006,1085199,1085351,father
7006,1085200,1085267,mother
7006,1085200,1085308,mother
7006,1085200,1085349,mother
7006,1085201,1085268,father
7006,1085201,1085310,father
7006,1085203,1085269,father
7006,1085203,1085311,father
7006,1085204,1085269,mother
7006,1085204,1085310,mother
7006,1085204,1085351,mother
7006,1085205,1085270,father
7006,1085205,1085312,father
7006,1085206,1085270,mother
7006,1085206,1085311,mother
7006,1085207,1085271,father
7006,1085207,1085313,father
7006,1085208,1085271,mother
7006,1085208,1085312,mother
7006,1085209,1085272,father
7006,1085209,1085314,father
7006,1085210,1085272,mother
7006,1085210,1085313,mother
7006,1085211,1085273,father
7006,1085211,1085315,father
7006,1085212,1085273,mother
7006,1085212,1085314,mother
7006,1085213,1085274,father
7006,1085213,1085316,father
7006,1085214,1085274,mother
7006,1085214,1085315,mother
7006,1085215,1085275,father
7006,1085215,1085317,father
7006,1085216,1085275,mother
7006,1085216,1085316,mother
7006,1085217,1085276,father
7006,1085217,1085318,father
7006,1085218,1085276,mother
7006,1085218,1085317,mother
7006,1085219,1085277,father
7006,1085219,1085319,father
7006,1085222,1085278,mother
7006,1085222,1085319,mother
7006,1085223,1085279,father
7006,1085223,1085321,father
7006,1085224,1085279,mother
7006,1085224,1085320,mother
7006,1085225,1085280,father
7006,1085225,1085322,father
7006,1085226,1085280,mother
7006,1085226,1085321,mother
7006,1085227,1085281,father
7006,1085227,1085323,father
7006,1085228,1085281,mother
7006,1085228,1085322,mother
7006,1085229,1085282,father
7006,1085229,1085324,father
7006,1085230,1085282,mother
7006,1085230,1085323,mother
7006,1085231,1085283,father
7006,1085231,1085325,father
7006,1085232,1085283,mother
7006,1085232,1085324,mother
7006,1085233,1085284,father
7006,1085233,1085326,father
7006,1085234,1085284,mother
7006,1085234,1085325,mother
7006,1085237,1085286,father
7006,1085237,1085328,father
7006,1085238,1085286,mother
7006,1085238,1085327,mother
7006,1085239,1085287,father
7006,1085239,1085329,father
7006,1085240,1085287,mother
7006,1085240,1085328,mother
7006,1085241,1085288,father
7006,1085241,1085330,father
7006,1085242,1085288,mother
7006,1085242,1085329,mother
7006,1085243,1085289,father
7006,1085243,1085331,father
7006,1085244,1085289,mother
7006,1085244,1085330,mother
7006,1085245,1085290,father
7006,1085245,1085332,father
7006,1085246,1085290,mother
7006,1085246,1085331,mother
7006,1085247,1085291,father
7006,1085247,1085333,father
7006,1085248,1085291,mother
7006,1085248,1085332,mother
7006,1085249,1085292,father
7006,1085249,1085334,father
7006,1085250,1085292,mother
7006,1085250,1085333,mother
7006,1085251,1085293,father
7006,1085251,1085335,father
7006,1085252,1085352,father
7006,1085252,1085402,father
7006,1085252,1085452,father
7006,1085253,1085352,mother
7006,1085253,1085402,mother
7006,1085253,1085452,mother
7006,1085254,1085353,father
7006,1085254,1085403,father
7006,1085254,1085453,father
7006,1085255,1085353,mother
7006,1085255,1085403,mother
7006,1085255,1085453,mother
7006,1085256,1085354,father
7006,1085256,1085404,father
7006,1085256,1085454,father
7006,1085257,1085354,mother
7006,1085257,1085404,mother
7006,1085257,1085454,mother
7006,1085258,1085355,father
7006,1085258,1085405,father
7006,1085258,1085455,father
7006,1085259,1085355,mother
7006,1085259,1085405,mother
7006,1085259,1085455,mother
7006,1085260,1085356,father
7006,1085260,1085406,father
7006,1085260,1085456,father
7006,1085261,1085356,mother
7006,1085261,1085406,mother
7006,1085261,1085456,mother
7006,1085262,1085357,father
7006,1085262,1085407,father
7006,1085262,1085457,father
7006,1085263,1085357,mother
7006,1085263,1085407,mother
7006,1085263,1085457,mother
7006,1085264,1085358,father
7006,1085264,1085408,father
7006,1085264,1085458,father
7006,1085265,1085358,mother
7006,1085265,1085408,mother
7006,1085265,1085458,mother
7006,1085266,1085359,father
7006,1085266,1085409,father
7006,1085266,1085459,father
7006,1085267,1085359,mother
7006,1085267,1085409,mother
7006,1085267,1085459,mother
7006,1085268,1085360,father
7006,1085268,1085410,father
7006,1085268,1085460,father
7006,1085269,1085360,mother
7006,1085269,1085410,mother
7006,1085269,1085460,mother
7006,1085270,1085361,father
7006,1085270,1085411,father
7006,1085270,1085461,father
7006,1085271,1085361,mother
7006,1085271,1085411,mother
7006,1085271,1085461,mother
7006,1085272,1085362,father
7006,1085272,1085412,father
7006,1085272,1085462,father
7006,1085273,1085362,mother
7006,1085273,1085412,mother
7006,1085273,1085462,mother
7006,1085274,1085363,father
7006,1085274,1085413,father
7006,1085274,1085463,father
7006,1085275,1085363,mother
7006,1085275,1085413,mother
7006,1085275,1085463,mother
7006,1085276,1085364,father
7006,1085276,1085414,father
7006,1085276,1085464,father
7006,1085277,1085364,mother
7006,1085277,1085414,mother
7006,1085277,1085464,mother
7006,1085278,1085365,father
7006,1085278,1085415,father
7006,1085278,1085465,father
7006,1085279,1085365,mother
7006,1085279,1085415,mother
7006,1085279,1085465,mother
7006,1085280,1085366,father
7006,1085280,1085416,father
7006,1085280,1085466,father
7006,1085281,1085366,mother
7006,1085281,1085416,mother
7006,1085281,1085466,mother
7006,1085282,1085367,father
7006,1085282,1085417,father
7006,1085282,1085467,father
7006,1085283,1085367,mother
7006,1085283,1085417,mother
7006,1085283,1085467,mother
7006,1085284,1085368,father
7006,1085284,1085418,father
7006,1085286,1085369,father
7006,1085286,1085419,father
7006,1085287,1085369,mother
7006,1085287,1085419,mother
7006,1085288,1085370,father
7006,1085288,1085420,father
7006,1085289,1085370,mother
7006,1085289,1085420,mother
7006,1085290,1085371,father
7006,1085290,1085421,father
7006,1085291,1085371,mother
7006,1085291,1085421,mother
7006,1085292,1085372,father
7006,1085292,1085422,father
7006,1085293,1085372,mother
7006,1085293,1085422,mother
7006,1085294,1085373,father
7006,1085294,1085423,father
7006,1085295,1085373,mother
7006,1085295,1085423,mother
7006,1085296,1085374,father
7006,1085296,1085424,father
7006,1085297,1085374,mother
7006,1085297,1085424,mother
7006,1085298,1085375,father
7006,1085298,1085425,father
7006,1085299,1085375,mother
7006,1085299,1085425,mother
7006,1085300,1085376,father
7006,1085300,1085426,father
7006,1085301,1085376,mother
7006,1085301,1085426,mother
7006,1085302,1085377,father
7006,1085302,1085427,father
7006,1085303,1085377,mother
7006,1085303,1085427,mother
7006,1085304,1085378,father
7006,1085304,1085428,father
7006,1085305,1085378,mother
7006,1085305,1085428,mother
7006,1085306,1085379,father
7006,1085306,1085429,father
7006,1085307,1085379,mother
7006,1085307,1085429,mother
7006,1085308,1085380,father
7006,1085308,1085430,father
7006,1085309,1085380,mother
7006,1085309,1085430,mother
7006,1085310,1085381,father
7006,1085310,1085431,father
7006,1085311,1085381,mother
7006,1085311,1085431,mother
7006,1085312,1085382,father
7006,1085312,1085432,father
7006,1085313,1085382,mother
7006,1085313,1085432,mother
7006,1085314,1085383,father
7006,1085314,1085433,father
7006,1085315,1085383,mother
7006,1085315,1085433,mother
7006,1085316,1085384,father
7006,1085316,1085434,father
7006,1085317,1085384,mother
7006,1085317,1085434,mother
7006,1085318,1085385,father
7006,1085318,1085435,father
7006,1085319,1085385,mother
7006,1085319,1085435,mother
7006,1085320,1085386,father
7006,1085320,1085436,father
7006,1085321,1085386,mother
7006,1085321,1085436,mother
7006,1085322,1085387,father
7006,1085322,1085437,father
7006,1085323,1085387,mother
7006,1085323,1085437,mother
7006,1085324,1085388,father
7006,1085324,1085438,father
7006,1085325,1085388,mother
7006,1085325,1085438,mother
7006,1085326,1085389,father
7006,1085326,1085439,father
7006,1085327,1085389,mother
7006,1085327,1085439,mother
7006,1085328,1085390,father
7006,1085328,1085440,father
7006,1085329,1085390,mother
7006,1085329,1085440,mother
7006,1085330,1085391,father
7006,1085330,1085441,father
7006,1085331,1085391,mother
7006,1085331,1085441,mother
7006,1085332,1085392,father
7006,1085332,1085442,father
7006,1085333,1085392,mother
7006,1085333,1085442,mother
7006,1085334,1085393,father
7006,1085334,1085443,father
7006,1085335,1085393,mother
7006,1085335,1085443,mother
7006,1085336,1085394,father
7006,1085336,1085444,father
7006,1085337,1085394,mother
7006,1085337,1085444,mother
7006,1085338,1085395,father
7006,1085338,1085445,father
7006,1085339,1085395,mother
7006,1085339,1085445,mother
7006,1085340,1085396,father
7006,1085340,1085446,father
7006,1085341,1085396,mother
7006,1085341,1085446,mother
7006,1085342,1085397,father
7006,1085342,1085447,father
7006,1085343,1085397,mother
7006,1085343,1085447,mother
7006,1085344,1085398,father
7006,1085344,1085448,father
7006,1085345,1085398,mother
7006,1085345,1085448,mother
7006,1085346,1085399,father
7006,1085346,1085449,father
7006,1085347,1085399,mother
7006,1085347,1085449,mother
7006,1085348,1085400,father
7006,1085348,1085450,father
7006,1085349,1085400,mother
7006,1085349,1085450,mother
7006,1085350,1085401,father
7006,1085350,1085451,father
7006,1085351,1085401,mother
7006,1085351,1085451,mother
7006,1085352,1085468,father
7006,1085352,1085526,father
7006,1085352,1085584,father
7006,1085353,1085468,mother
7006,1085353,1085526,mother
7006,1085353,1085584,mother
7006,1085354,1085469,father
7006,1085354,1085527,father
7006,1085354,1085585,father
7006,1085355,1085469,mother
7006,1085355,1085527,mother
7006,1085355,1085585,mother
7006,1085356,1085470,father
7006,1085356,1085528,father
7006,1085356,1085586,father
7006,1085357,1085470,mother
7006,1085357,1085528,mother
7006,1085357,1085586,mother
7006,1085358,1085471,father
7006,1085358,1085529,father
7006,1085358,1085587,father
7006,1085359,1085471,mother
7006,1085359,1085529,mother
7006,1085359,1085587,mother
7006,1085360,1085472,father
7006,1085360,1085530,father
7006,1085360,1085588,father
7006,1085361,1085472,mother
7006,1085361,1085530,mother
7006,1085361,1085588,mother
7006,1085362,1085473,father
7006,1085362,1085531,father
7006,1085362,1085589,father
7006,1085363,1085473,mother
7006,1085363,1085531,mother
7006,1085363,1085589,mother
7006,1085364,1085474,father
7006,1085364,1085532,father
7006,1085364,1085590,father
7006,1085365,1085474,mother
7006,1085365,1085532,mother
7006,1085365,1085590,mother
7006,1085366,1085475,father
7006,1085366,1085533,father
7006,1085366,1085591,father
7006,1085367,1085475,mother
7006,1085367,1085533,mother
7006,1085367,1085591,mother
7006,1085368,1085476,father
7006,1085368,1085534,father
7006,1085368,1085592,father
7006,1085369,1085476,mother
7006,1085369,1085534,mother
7006,1085369,1085592,mother
7006,1085370,1085477,father
7006,1085370,1085535,father
7006,1085370,1085593,father
7006,1085371,1085477,mother
7006,1085371,1085535,mother
7006,1085371,1085593,mother
7006,1085372,1085478,father
7006,1085372,1085536,father
7006,1085372,1085594,father
7006,1085373,1085478,mother
7006,1085373,1085536,mother
7006,1085373,1085594,mother
7006,1085374,1085479,father
7006,1085374,1085537,father
7006,1085374,1085595,father
7006,1085375,1085479,mother
7006,1085375,1085537,mother
7006,1085375,1085595,mother
7006,1085376,1085480,father
7006,1085376,1085538,father
7006,1085376,1085596,father
7006,1085377,1085480,mother
7006,1085377,1085538,mother
7006,1085377,1085596,mother
7006,1085378,1085481,father
7006,1085378,1085539,father
7006,1085378,1085597,father
7006,1085379,1085481,mother
7006,1085379,1085539,mother
7006,1085379,1085597,mother
7006,1085380,1085482,father
7006,1085380,1085540,father
7006,1085380,1085598,father
7006,1085381,1085482,mother
7006,1085381,1085540,mother
7006,1085381,1085598,mother
7006,1085382,1085483,father
7006,1085382,1085541,father
7006,1085382,1085599,father
7006,1085383,1085483,mother
7006,1085383,1085541,mother
7006,1085383,1085599,mother
7006,1085384,1085484,father
7006,1085384,1085542,father
7006,1085384,1085600,father
7006,1085385,1085484,mother
7006,1085385,1085542,mother
7006,1085385,1085600,mother
7006,1085386,1085485,father
7006,1085386,1085543,father
7006,1085387,1085485,mother
7006,1085387,1085543,mother
7006,1085388,1085486,father
7006,1085388,1085544,father
7006,1085389,1085486,mother
7006,1085389,1085544,mother
7006,1085390,1085487,father
7006,1085390,1085545,father
7006,1085391,1085487,mother
7006,1085391,1085545,mother
7006,1085392,1085488,father
7006,1085392,1085546,father
7006,1085393,1085488,mother
7006,1085393,1085546,mother
7006,1085394,1085489,father
7006,1085394,1085547,father
7006,1085395,1085489,mother
7006,1085395,1085547,mother
7006,1085396,1085490,father
7006,1085396,1085548,father
7006,1085397,1085490,mother
7006,1085397,1085548,mother
7006,1085398,1085491,father
7006,1085398,1085549,father
7006,1085399,1085491,mother
7006,1085399,1085549,mother
7006,1085400,1085492,father
7006,1085400,1085550,father
7006,1085401,1085492,mother
7006,1085401,1085550,mother
7006,1085402,1085493,father
7006,1085402,1085551,father
7006,1085403,1085493,mother
7006,1085403,1085551,mother
7006,1085404,1085494,father
7006,1085404,1085552,father
7006,1085405,1085494,mother
7006,1085405,1085552,mother
7006,1085406,1085495,father
7006,1085406,1085553,father
7006,1085407,1085495,mother
7006,1085407,1085553,mother
7006,1085408,1085496,father
7006,1085408,1085554,father
7006,1085409,1085496,mother
7006,1085409,1085554,mother
7006,1085410,1085497,father
7006,1085410,1085555,father
7006,1085411,1085497,mother
7006,1085411,1085555,mother
7006,1085412,1085498,father
7006,1085412,1085556,father
7006,1085413,1085498,mother
7006,1085413,1085556,mother
7006,1085414,1085499,father
7006,1085414,1085557,father
7006,1085415,1085499,mother
7006,1085415,1085557,mother
7006,1085416,1085500,father
7006,1085416,1085558,father
7006,1085417,1085500,mother
7006,1085417,1085558,mother
7006,1085418,1085501,father
7006,1085418,1085559,father
7006,1085419,1085501,mother
7006,1085419,1085559,mother
7006,1085420,1085502,father
7006,1085420,1085560,father
7006,1085421,1085502,mother
7006,1085421,1085560,mother
7006,1085422,1085503,father
7006,1085422,1085561,father
7006,1085423,1085503,mother
7006,1085423,1085561,mother
7006,1085424,1085504,father
7006,1085424,1085562,father
7006,1085425,1085504,mother
7006,1085425,1085562,mother
7006,1085426,1085505,father
7006,1085426,1085563,father
7006,1085427,1085505,mother
7006,1085427,1085563,mother
7006,1085428,1085506,father
7006,1085428,1085564,father
7006,1085429,1085506,mother
7006,1085429,1085564,mother
7006,1085430,1085507,father
7006,1085430,1085565,father
7006,1085431,1085507,mother
7006,1085431,1085565,mother
7006,1085432,1085508,father
7006,1085432,1085566,father
7006,1085433,1085508,mother
7006,1085433,1085566,mother
7006,1085434,1085509,father
7006,1085434,1085567,father
7006,1085435,1085509,mother
7006,1085435,1085567,mother
7006,1085436,1085510,father
7006,1085436,1085568,father
7006,1085437,1085510,mother
7006,1085437,1085568,mother
7006,1085438,1085511,father
7006,1085438,1085569,father
7006,1085439,1085511,mother
7006,1085439,1085569,mother
7006,1085440,1085512,father
7006,1085440,1085570,father
7006,1085441,1085512,mother
7006,1085441,1085570,mother
7006,1085442,1085513,father
7006,1085442,1085571,father
7006,1085443,1085513,mother
7006,1085443,1085571,mother
7006,1085444,1085514,father
7006,1085444,1085572,father
7006,1085445,1085514,mother
7006,1085445,1085572,mother
7006,1085446,1085515,father
7006,1085446,1085573,father
7006,1085447,1085515,mother
7006,1085447,1085573,mother
7006,1085448,1085516,father
7006,1085448,1085574,father
7006,1085449,1085516,mother
7006,1085449,1085574,mother
7006,1085450,1085517,father
7006,1085450,1085575,father
7006,1085451,1085517,mother
7006,1085451,1085575,mother
7006,1085452,1085518,father
7006,1085452,1085576,father
7006,1085453,1085518,mother
7006,1085453,1085576,mother
7006,1085454,1085519,father
7006,1085454,1085577,father
7006,1085455,1085519,mother
7006,1085455,1085577,mother
7006,1085456,1085520,father
7006,1085456,1085578,father
7006,1085457,1085520,mother
7006,1085457,1085578,mother
7006,1085458,1085521,father
7006,1085458,1085579,father
7006,1085459,1085521,mother
7006,1085459,1085579,mother
7006,1085460,1085522,father
7006,1085460,1085580,father
7006,1085461,1085522,mother
7006,1085461,1085580,mother
7006,1085462,1085523,father
7006,1085462,1085581,father
7006,1085463,1085523,mother
7006,1085463,1085581,mother
7006,1085464,1085524,father
7006,1085464,1085582,father
7006,1085465,1085524,mother
7006,1085465,1085582,mother
7006,1085466,1085525,father
7006,1085466,1085583,father
7006,1085467,1085525,mother
7006,1085467,1085583,mother
7006,1085468,1085601,father
7006,1085468,1085668,father
7006,1085468,1085735,father
7006,1085469,1085601,mother
7006,1085469,1085667,mother
7006,1085469,1085733,mother
7006,1085470,1085602,father
7006,1085470,1085669,father
7006,1085470,1085736,father
7006,1085471,1085602,mother
7006,1085471,1085668,mother
7006,1085471,1085734,mother
7006,1085472,1085603,father
7006,1085472,1085670,father
7006,1085472,1085737,father
7006,1085473,1085603,mother
7006,1085473,1085669,mother
7006,1085473,1085735,mother
7006,1085474,1085604,father
7006,1085474,1085671,father
7006,1085474,1085738,father
7006,1085475,1085604,mother
7006,1085475,1085670,mother
7006,1085475,1085736,mother
7006,1085476,1085605,father
7006,1085476,1085672,father
7006,1085476,1085739,father
7006,1085477,1085605,mother
7006,1085477,1085671,mother
7006,1085477,1085737,mother
7006,1085478,1085606,father
7006,1085478,1085673,father
7006,1085478,1085740,father
7006,1085479,1085606,mother
7006,1085479,1085672,mother
7006,1085479,1085738,mother
7006,1085480,1085607,father
7006,1085480,1085674,father
7006,1085480,1085741,father
7006,1085481,1085607,mother
7006,1085481,1085673,mother
7006,1085481,1085739,mother
7006,1085482,1085608,father
7006,1085482,1085675,father
7006,1085482,1085742,father
7006,1085483,1085608,mother
7006,1085483,1085674,mother
7006,1085483,1085740,mother
7006,1085484,1085609,father
7006,1085484,1085676,father
7006,1085484,1085743,father
7006,1085485,1085609,mother
7006,1085485,1085675,mother
7006,1085485,1085741,mother
7006,1085486,1085610,father
7006,1085486,1085677,father
7006,1085486,1085744,father
7006,1085487,1085610,mother
7006,1085487,1085676,mother
7006,1085487,1085742,mother
7006,1085488,1085611,father
7006,1085488,1085678,father
7006,1085488,1085745,father
7006,1085489,1085611,mother
7006,1085489,1085677,mother
7006,1085489,1085743,mother
7006,1085490,1085612,father
7006,1085490,1085679,father
7006,1085490,1085746,father
7006,1085491,1085612,mother
7006,1085491,1085678,mother
7006,1085491,1085744,mother
7006,1085492,1085613,father
7006,1085492,1085680,father
7006,1085492,1085747,father
7006,1085493,1085613,mother
7006,1085493,1085679,mother
7006,1085493,1085745,mother
7006,1085494,1085614,father
7006,1085494,1085681,father
7006,1085494,1085748,father
7006,1085495,1085614,mother
7006,1085495,1085680,mother
7006,1085495,1085746,mother
7006,1085496,1085615,father
7006,1085496,1085682,father
7006,1085496,1085749,father
7006,1085497,1085615,mother
7006,1085497,1085681,mother
7006,1085497,1085747,mother
7006,1085498,1085616,father
7006,1085498,1085683,father
7006,1085499,1085616,mother
7006,1085499,1085682,mother
7006,1085499,1085748,mother
7006,1085500,1085617,father
7006,1085500,1085684,father
7006,1085501,1085617,mother
7006,1085501,1085683,mother
7006,1085501,1085749,mother
7006,1085502,1085618,father
7006,1085502,1085685,father
7006,1085503,1085618,mother
7006,1085503,1085684,mother
7006,1085504,1085619,father
7006,1085504,1085686,father
7006,1085505,1085619,mother
7006,1085505,1085685,mother
7006,1085506,1085620,father
7006,1085506,1085687,father
7006,1085507,1085620,mother
7006,1085507,1085686,mother
7006,1085508,1085621,father
7006,1085508,1085688,father
7006,1085509,1085621,mother
7006,1085509,1085687,mother
7006,1085510,1085622,father
7006,1085510,1085689,father
7006,1085511,1085622,mother
7006,1085511,1085688,mother
7006,1085512,1085623,father
7006,1085512,1085690,father
7006,1085513,1085623,mother
7006,1085513,1085689,mother
7006,1085514,1085624,father
7006,1085514,1085691,father
7006,1085515,1085624,mother
7006,1085515,1085690,mother
7006,1085516,1085625,father
7006,1085516,1085692,father
7006,1085517,1085625,mother
7006,1085517,1085691,mother
7006,1085518,1085626,father
7006,1085518,1085693,father
7006,1085519,1085626,mother
7006,1085519,1085692,mother
7006,1085520,1085627,father
7006,1085520,1085694,father
7006,1085521,1085627,mother
7006,1085521,1085693,mother
7006,1085522,1085628,father
7006,1085522,1085695,father
7006,1085523,1085628,mother
7006,1085523,1085694,mother
7006,1085524,1085629,father
7006,1085524,1085696,father
7006,1085525,1085629,mother
7006,1085525,1085695,mother
7006,1085526,1085630,father
7006,1085526,1085697,father
7006,1085527,1085630,mother
7006,1085527,1085696,mother
7006,1085528,1085631,father
7006,1085528,1085698,father
7006,1085529,1085631,mother
7006,1085529,1085697,mother
7006,1085530,1085632,father
7006,1085530,1085699,father
7006,1085531,1085632,mother
7006,1085531,1085698,mother
7006,1085532,1085633,father
7006,1085532,1085700,father
7006,1085533,1085633,mother
7006,1085533,1085699,mother
7006,1085534,1085634,father
7006,1085534,1085701,father
7006,1085535,1085634,mother
7006,1085535,1085700,mother
7006,1085536,1085635,father
7006,1085536,1085702,father
7006,1085537,1085635,mother
7006,1085537,1085701,mother
7006,1085538,1085636,father
7006,1085538,1085703,father
7006,1085539,1085636,mother
7006,1085539,1085702,mother
7006,1085540,1085637,father
7006,1085540,1085704,father
7006,1085541,1085637,mother
7006,1085541,1085703,mother
7006,1085542,1085638,father
7006,1085542,1085705,father
7006,1085543,1085638,mother
7006,1085543,1085704,mother
7006,1085544,1085639,father
7006,1085544,1085706,father
7006,1085545,1085639,mother
7006,1085545,1085705,mother
7006,1085546,1085640,father
7006,1085546,1085707,father
7006,1085547,1085640,mother
7006,1085547,1085706,mother
7006,1085548,1085641,father
7006,1085548,1085708,father
7006,1085549,1085641,mother
7006,1085549,1085707,mother
7006,1085550,1085642,father
7006,1085550,1085709,father
7006,1085551,1085642,mother
7006,1085551,1085708,mother
7006,1085552,1085643,father
7006,1085552,1085710,father
7006,1085553,1085643,mother
7006,1085553,1085709,mother
7006,1085554,1085644,father
7006,1085554,1085711,father
7006,1085555,1085644,mother
7006,1085555,1085710,mother
7006,1085556,1085645,father
7006,1085556,1085712,father
7006,1085557,1085645,mother
7006,1085557,1085711,mother
7006,1085558,1085646,father
7006,1085558,1085713,father
7006,1085559,1085646,mother
7006,1085559,1085712,mother
7006,1085560,1085647,father
7006,1085560,1085714,father
7006,1085561,1085647,mother
7006,1085561,1085713,mother
7006,1085562,1085648,father
7006,1085562,1085715,father
7006,1085563,1085648,mother
7006,1085563,1085714,mother
7006,1085564,1085649,father
7006,1085564,1085716,father
7006,1085565,1085649,mother
7006,1085565,1085715,mother
7006,1085566,1085650,father
7006,1085566,1085717,father
7006,1085567,1085650,mother
7006,1085567,1085716,mother
7006,1085568,1085651,father
7006,1085568,1085718,father
7006,1085569,1085651,mother
7006,1085569,1085717,mother
7006,1085570,1085652,father
7006,1085570,1085719,father
7006,1085571,1085652,mother
7006,1085571,1085718,mother
7006,1085572,1085653,father
7006,1085572,1085720,father
7006,1085573,1085653,mother
7006,1085573,1085719,mother
7006,1085574,1085654,father
7006,1085574,1085721,father
7006,1085575,1085654,mother
7006,1085575,1085720,mother
7006,1085576,1085655,father
7006,1085576,1085722,father
7006,1085577,1085655,mother
7006,1085577,1085721,mother
7006,1085578,1085656,father
7006,1085578,1085723,father
7006,1085579,1085656,mother
7006,1085579,1085722,mother
7006,1085580,1085657,father
7006,1085580,1085724,father
7006,1085581,1085657,mother
7006,1085581,1085723,mother
7006,1085582,1085658,father
7006,1085582,1085725,father
7006,1085583,1085658,mother
7006,1085583,1085724,mother
7006,1085584,1085659,father
7006,1085584,1085726,father
7006,1085585,1085659,mother
7006,1085585,1085725,mother
7006,1085586,1085660,father
7006,1085586,1085727,father
7006,1085587,1085660,mother
7006,1085587,1085726,mother
7006,1085588,1085661,father
7006,1085588,1085728,father
7006,1085589,1085661,mother
7006,1085589,1085727,mother
7006,1085590,1085662,father
7006,1085590,1085729,father
7006,1085591,1085662,mother
7006,1085591,1085728,mother
7006,1085592,1085663,father
7006,1085592,1085730,father
7006,1085593,1085663,mother
7006,1085593,1085729,mother
7006,1085594,1085664,father
7006,1085594,1085731,father
7006,1085595,1085664,mother
7006,1085595,1085730,mother
7006,1085596,1085665,father
7006,1085596,1085732,father
7006,1085597,1085665,mother
7006,1085597,1085731,mother
7006,1085598,1085666,father
7006,1085598,1085733,father
7006,1085599,1085666,mother
7006,1085599,1085732,mother
7006,1085600,1085667,father
7006,1085600,1085734,father
7006,1085601,1085750,father
7006,1085601,1085825,father
7006,1085601,1085900,father
7006,1085602,1085750,mother
7006,1085602,1085824,mother
7006,1085602,1085898,mother
7006,1085603,1085751,father
7006,1085603,1085826,father
7006,1085603,1085901,father
7006,1085604,1085751,mother
7006,1085604,1085825,mother
7006,1085604,1085899,mother
7006,1085605,1085752,father
7006,1085605,1085827,father
7006,1085605,1085902,father
7006,1085606,1085752,mother
7006,1085606,1085826,mother
7006,1085606,1085900,mother
7006,1085607,1085753,father
7006,1085607,1085828,father
7006,1085607,1085903,father
7006,1085608,1085753,mother
7006,1085608,1085827,mother
7006,1085608,1085901,mother
7006,1085609,1085754,father
7006,1085609,1085829,father
7006,1085609,1085904,father
7006,1085610,1085754,mother
7006,1085610,1085828,mother
7006,1085610,1085902,mother
7006,1085611,1085755,father
7006,1085611,1085830,father
7006,1085611,1085905,father
7006,1085612,1085755,mother
7006,1085612,1085829,mother
7006,1085612,1085903,mother
7006,1085613,1085756,father
7006,1085613,1085831,father
7006,1085613,1085906,father
7006,1085614,1085756,mother
7006,1085614,1085830,mother
7006,1085614,1085904,mother
7006,1085615,1085757,father
7006,1085615,1085832,father
7006,1085615,1085907,father
7006,1085616,1085757,mother
7006,1085616,1085831,mother
7006,1085616,1085905,mother
7006,1085617,1085758,father
7006,1085617,1085833,father
7006,1085617,1085908,father
7006,1085618,1085758,mother
7006,1085618,1085832,mother
7006,1085618,1085906,mother
7006,1085619,1085759,father
7006,1085619,1085834,father
7006,1085619,1085909,father
7006,1085620,1085759,mother
7006,1085620,1085833,mother
7006,1085620,1085907,mother
7006,1085621,1085760,father
7006,1085621,1085835,father
7006,1085621,1085910,father
7006,1085622,1085760,mother
7006,1085622,1085834,mother
7006,1085622,1085908,mother
7006,1085623,1085761,father
7006,1085623,1085836,father
7006,1085623,1085911,father
7006,1085624,1085761,mother
7006,1085624,1085835,mother
7006,1085624,1085909,mother
7006,1085625,1085762,father
7006,1085625,1085837,father
7006,1085625,1085912,father
7006,1085626,1085762,mother
7006,1085626,1085836,mother
7006,1085626,1085910,mother
7006,1085627,1085763,father
7006,1085627,1085838,father
7006,1085627,1085913,father
7006,1085628,1085763,mother
7006,1085628,1085837,mother
7006,1085628,1085911,mother
7006,1085629,1085764,father
7006,1085629,1085839,father
7006,1085629,1085914,father
7006,1085630,1085764,mother
7006,1085630,1085838,mother
7006,1085630,1085912,mother
7006,1085631,1085765,father
7006,1085631,1085840,father
7006,1085631,1085915,father
7006,1085632,1085765,mother
7006,1085632,1085839,mother
7006,1085632,1085913,mother
7006,1085633,1085766,father
7006,1085633,1085841,father
7006,1085634,1085766,mother
7006,1085634,1085840,mother
7006,1085634,1085914,mother
7006,1085635,1085767,father
7006,1085635,1085842,father
7006,1085636,1085767,mother
7006,1085636,1085841,mother
7006,1085636,1085915,mother
7006,1085637,1085768,father
7006,1085637,1085843,father
7006,1085638,1085768,mother
7006,1085638,1085842,mother
7006,1085639,1085769,father
7006,1085639,1085844,father
7006,1085640,1085769,mother
7006,1085640,1085843,mother
7006,1085641,1085770,father
7006,1085641,1085845,father
7006,1085642,1085770,mother
7006,1085642,1085844,mother
7006,1085643,1085771,father
7006,1085643,1085846,father
7006,1085644,1085771,mother
7006,1085644,1085845,mother
7006,1085645,1085772,father
7006,1085645,1085847,father
7006,1085646,1085772,mother
7006,1085646,1085846,mother
7006,1085647,1085773,father
7006,1085647,1085848,father
7006,1085648,1085773,mother
7006,1085648,1085847,mother
7006,1085649,1085774,father
7006,1085649,1085849,father
7006,1085650,1085774,mother
7006,1085650,1085848,mother
7006,1085651,1085775,father
7006,1085651,1085850,father
7006,1085652,1085775,mother
7006,1085652,1085849,mother
7006,1085653,1085776,father
7006,1085653,1085851,father
7006,1085654,1085776,mother
7006,1085654,1085850,mother
7006,1085655,1085777,father
7006,1085655,1085852,father
7006,1085656,1085777,mother
7006,1085656,1085851,mother
7006,1085657,1085778,father
7006,1085657,1085853,father
7006,1085658,1085778,mother
7006,1085658,1085852,mother
7006,1085659,1085779,father
7006,1085659,1085854,father
7006,1085660,1085779,mother
7006,1085660,1085853,mother
7006,1085661,1085780,father
7006,1085661,1085855,father
7006,1085662,1085780,mother
7006,1085662,1085854,mother
7006,1085663,1085781,father
7006,1085663,1085856,father
7006,1085664,1085781,mother
7006,1085664,1085855,mother
7006,1085665,1085782,father
7006,1085665,1085857,father
7006,1085666,1085782,mother
7006,1085666,1085856,mother
7006,1085667,1085783,father
7006,1085667,1085858,father
7006,1085668,1085783,mother
7006,1085668,1085857,mother
7006,1085669,1085784,father
7006,1085669,1085859,father
7006,1085670,1085784,mother
7006,1085670,1085858,mother
7006,1085671,1085785,father
7006,1085671,1085860,father
7006,1085672,1085785,mother
7006,1085672,1085859,mother
7006,1085673,1085786,father
7006,1085673,1085861,father
7006,1085674,1085786,mother
7006,1085674,1085860,mother
7006,1085675,1085787,father
7006,1085675,1085862,father
7006,1085676,1085787,mother
7006,1085676,1085861,mother
7006,1085677,1085788,father
7006,1085677,1085863,father
7006,1085678,1085788,mother
7006,1085678,1085862,mother
7006,1085679,1085789,father
7006,1085679,1085864,father
7006,1085680,1085789,mother
7006,1085680,1085863,mother
7006,1085681,1085790,father
7006,1085681,1085865,father
7006,1085682,1085790,mother
7006,1085682,1085864,mother
7006,1085683,1085791,father
7006,1085683,1085866,father
7006,1085684,1085791,mother
7006,1085684,1085865,mother
7006,1085685,1085792,father
7006,1085685,1085867,father
7006,1085686,1085792,mother
7006,1085686,1085866,mother
7006,1085687,1085793,father
7006,1085687,1085868,father
7006,1085688,1085793,mother
7006,1085688,1085867,mother
7006,1085689,1085794,father
7006,1085689,1085869,father
7006,1085690,1085794,mother
7006,1085690,1085868,mother
7006,1085691,1085795,father
7006,1085691,1085870,father
7006,1085692,1085795,mother
7006,1085692,1085869,mother
7006,1085693,1085796,father
7006,1085693,1085871,father
7006,1085694,1085796,mother
7006,1085694,1085870,mother
7006,1085695,1085797,father
7006,1085695,1085872,father
7006,1085696,1085797,mother
7006,1085696,1085871,mother
7006,1085697,1085798,father
7006,1085697,1085873,father
7006,1085698,1085798,mother
7006,1085698,1085872,mother
7006,1085699,1085799,father
7006,1085699,1085874,father
7006,1085700,1085799,mother
7006,1085700,1085873,mother
7006,1085701,1085800,father
7006,1085701,1085875,father
7006,1085702,1085800,mother
7006,1085702,1085874,mother
7006,1085703,1085801,father
7006,1085703,1085876,father
7006,1085704,1085801,mother
7006,1085704,1085875,mother
7006,1085705,1085802,father
7006,1085705,1085877,father
7006,1085706,1085802,mother
7006,1085706,1085876,mother
7006,1085707,1085803,father
7006,1085707,1085878,father
7006,1085708,1085803,mother
7006,1085708,1085877,mother
7006,1085709,1085804,father
7006,1085709,1085879,father
7006,1085710,1085804,mother
7006,1085710,1085878,mother
7006,1085711,1085805,father
7006,1085711,1085880,father
7006,1085712,1085805,mother
7006,1085712,1085879,mother
7006,1085713,1085806,father
7006,1085713,1085881,father
7006,1085714,1085806,mother
7006,1085714,1085880,mother
7006,1085715,1085807,father
7006,1085715,1085882,father
7006,1085716,1085807,mother
7006,1085716,1085881,mother
7006,1085717,1085808,father
7006,1085717,1085883,father
7006,1085718,1085808,mother
7006,1085718,1085882,mother
7006,1085719,1085809,father
7006,1085719,1085884,father
7006,1085720,1085809,mother
7006,1085720,1085883,mother
7006,1085721,1085810,father
7006,1085721,1085885,father
7006,1085722,1085810,mother
7006,1085722,1085884,mother
7006,1085723,1085811,father
7006,1085723,1085886,father
7006,1085724,1085811,mother
7006,1085724,1085885,mother
7006,1085725,1085812,father
7006,1085725,1085887,father
7006,1085726,1085812,mother
7006,1085726,1085886,mother
7006,1085727,1085813,father
7006,1085727,1085888,father
7006,1085728,1085813,mother
7006,1085728,1085887,mother
7006,1085729,1085814,father
7006,1085729,1085889,father
7006,1085730,1085814,mother
7006,1085730,1085888,mother
7006,1085731,1085815,father
7006,1085731,1085890,father
7006,1085732,1085815,mother
7006,1085732,1085889,mother
7006,1085733,1085816,father
7006,1085733,1085891,father
7006,1085734,1085816,mother
7006,1085734,1085890,mother
7006,1085735,1085817,father
7006,1085735,1085892,father
7006,1085736,1085817,mother
7006,1085736,1085891,mother
7006,1085737,1085818,father
7006,1085737,1085893,father
7006,1085738,1085818,mother
7006,1085738,1085892,mother
7006,1085739,1085819,father
7006,1085739,1085894,father
7006,1085740,1085819,mother
7006,1085740,1085893,mother
7006,1085741,1085820,father
7006,1085741,1085895,father
7006,1085742,1085820,mother
7006,1085742,1085894,mother
7006,1085743,1085821,father
7006,1085743,1085896,father
7006,1085744,1085821,mother
7006,1085744,1085895,mother
7006,1085745,1085822,father
7006,1085745,1085897,father
7006,1085746,1085822,mother
7006,1085746,1085896,mother
7006,1085747,1085823,father
7006,1085747,1085898,father
7006,1085748,1085823,mother
7006,1085748,1085897,mother
7006,1085749,1085824,father
7006,1085749,1085899,father
7006,1085750,1085916,father
7006,1085750,1085999,father
7006,1085750,1086082,father
7006,1085751,1085916,mother
7006,1085751,1085999,mother
7006,1085751,1086082,mother
7006,1085752,1085917,father
7006,1085752,1086000,father
7006,1085752,1086083,father
7006,1085753,1085917,mother
7006,1085753,1086000,mother
7006,1085753,1086083,mother
7006,1085754,1085918,father
7006,1085754,1086001,father
7006,1085754,1086084,father
7006,1085755,1085918,mother
7006,1085755,1086001,mother
7006,1085755,1086084,mother
7006,1085756,1085919,father
7006,1085756,1086002,father
7006,1085756,1086085,father
7006,1085757,1085919,mother
7006,1085757,1086002,mother
7006,1085757,1086085,mother
7006,1085758,1085920,father
7006,1085758,1086003,father
7006,1085758,1086086,father
7006,1085759,1085920,mother
7006,1085759,1086003,mother
7006,1085759,1086086,mother
7006,1085760,1085921,father
7006,1085760,1086004,father
7006,1085760,1086087,father
7006,1085761,1085921,mother
7006,1085761,1086004,mother
7006,1085761,1086087,mother
7006,1085762,1085922,father
7006,1085762,1086005,father
7006,1085762,1086088,father
7006,1085763,1085922,mother
7006,1085763,1086005,mother
7006,1085763,1086088,mother
7006,1085764,1085923,father
7006,1085764,1086006,father
7006,1085764,1086089,father
7006,1085765,1085923,mother
7006,1085765,1086006,mother
7006,1085765,1086089,mother
7006,1085766,1085924,father
7006,1085766,1086007,father
7006,1085766,1086090,father
7006,1085767,1085924,mother
7006,1085767,1086007,mother
7006,1085767,1086090,mother
7006,1085768,1085925,father
7006,1085768,1086008,father
7006,1085768,1086091,father
7006,1085769,1085925,mother
7006,1085769,1086008,mother
7006,1085769,1086091,mother
7006,1085770,1085926,father
7006,1085770,1086009,father
7006,1085770,1086092,father
7006,1085771,1085926,mother
7006,1085771,1086009,mother
7006,1085771,1086092,mother
7006,1085772,1085927,father
7006,1085772,1086010,father
7006,1085772,1086093,father
7006,1085773,1085927,mother
7006,1085773,1086010,mother
7006,1085773,1086093,mother
7006,1085774,1085928,father
7006,1085774,1086011,father
7006,1085774,1086094,father
7006,1085775,1085928,mother
7006,1085775,1086011,mother
7006,1085775,1086094,mother
7006,1085776,1085929,father
7006,1085776,1086012,father
7006,1085776,1086095,father
7006,1085777,1085929,mother
7006,1085777,1086012,mother
7006,1085777,1086095,mother
7006,1085778,1085930,father
7006,1085778,1086013,father
7006,1085778,1086096,father
7006,1085779,1085930,mother
7006,1085779,1086013,mother
7006,1085779,1086096,mother
7006,1085780,1085931,father
7006,1085780,1086014,father
7006,1085780,1086097,father
7006,1085781,1085931,mother
7006,1085781,1086014,mother
7006,1085781,1086097,mother
7006,1085782,1085932,father
7006,1085782,1086015,father
7006,1085783,1085932,mother
7006,1085783,1086015,mother
7006,1085784,1085933,father
7006,1085784,1086016,father
7006,1085785,1085933,mother
7006,1085785,1086016,mother
7006,1085786,1085934,father
7006,1085786,1086017,father
7006,1085787,1085934,mother
7006,1085787,1086017,mother
7006,1085788,1085935,father
7006,1085788,1086018,father
7006,1085789,1085935,mother
7006,1085789,1086018,mother
7006,1085790,1085936,father
7006,1085790,1086019,father
7006,1085791,1085936,mother
7006,1085791,1086019,mother
7006,1085792,1085937,father
7006,1085792,1086020,father
7006,1085793,1085937,mother
7006,1085793,1086020,mother
7006,1085794,1085938,father
7006,1085794,1086021,father
7006,1085795,1085938,mother
7006,1085795,1086021,mother
7006,1085796,1085939,father
7006,1085796,1086022,father
7006,1085797,1085939,mother
7006,1085797,1086022,mother
7006,1085798,1085940,father
7006,1085798,1086023,father
7006,1085799,1085940,mother
7006,1085799,1086023,mother
7006,1085800,1085941,father
7006,1085800,1086024,father
7006,1085801,1085941,mother
7006,1085801,1086024,mother
7006,1085802,1085942,father
7006,1085802,1086025,father
7006,1085803,1085942,mother
7006,1085803,1086025,mother
7006,1085804,1085943,father
7006,1085804,1086026,father
7006,1085805,1085943,mother
7006,1085805,1086026,mother
7006,1085806,1085944,father
7006,1085806,1086027,father
7006,1085807,1085944,mother
7006,1085807,1086027,mother
7006,1085808,1085945,father
7006,1085808,1086028,father
7006,1085809,1085945,mother
7006,1085809,1086028,mother
7006,1085810,1085946,father
7006,1085810,1086029,father
7006,1085811,1085946,mother
7006,1085811,1086029,mother
7006,1085812,1085947,father
7006,1085812,1086030,father
7006,1085813,1085947,mother
7006,1085813,1086030,mother
7006,1085814,1085948,father
7006,1085814,1086031,father
7006,1085815,1085948,mother
7006,1085815,1086031,mother
7006,1085816,1085949,father
7006,1085816,1086032,father
7006,1085817,1085949,mother
7006,1085817,1086032,mother
7006,1085818,1085950,father
7006,1085818,1086033,father
7006,1085819,1085950,mother
7006,1085819,1086033,mother
7006,1085820,1085951,father
7006,1085820,1086034,father
7006,1085821,1085951,mother
7006,1085821,1086034,mother
7006,1085822,1085952,father
7006,1085822,1086035,father
7006,1085823,1085952,mother
7006,1085823,1086035,mother
7006,1085824,1085953,father
7006,1085824,1086036,father
7006,1085825,1085953,mother
7006,1085825,1086036,mother
7006,1085826,1085954,father
7006,1085826,1086037,father
7006,1085827,1085954,mother
7006,1085827,1086037,mother
7006,1085828,1085955,father
7006,1085828,1086038,father
7006,1085829,1085955,mother
7006,1085829,1086038,mother
7006,1085830,1085956,father
7006,1085830,1086039,father
7006,1085831,1085956,mother
7006,1085831,1086039,mother
7006,1085832,1085957,father
7006,1085832,1086040,father
7006,1085833,1085957,mother
7006,1085833,1086040,mother
7006,1085834,1085958,father
7006,1085834,1086041,father
7006,1085835,1085958,mother
7006,1085835,1086041,mother
7006,1085836,1085959,father
7006,1085836,1086042,father
7006,1085837,1085959,mother
7006,1085837,1086042,mother
7006,1085838,1085960,father
7006,1085838,1086043,father
7006,1085839,1085960,mother
7006,1085839,1086043,mother
7006,1085840,1085961,father
7006,1085840,1086044,father
7006,1085841,1085961,mother
7006,1085841,1086044,mother
7006,1085842,1085962,father
7006,1085842,1086045,father
7006,1085843,1085962,mother
7006,1085843,1086045,mother
7006,1085844,1085963,father
7006,1085844,1086046,father
7006,1085845,1085963,mother
7006,1085845,1086046,mother
7006,1085846,1085964,father
7006,1085846,1086047,father
7006,1085847,1085964,mother
7006,1085847,1086047,mother
7006,1085848,1085965,father
7006,1085848,1086048,father
7006,1085849,1085965,mother
7006,1085849,1086048,mother
7006,1085850,1085966,father
7006,1085850,1086049,father
7006,1085851,1085966,mother
7006,1085851,1086049,mother
7006,1085852,1085967,father
7006,1085852,1086050,father
7006,1085853,1085967,mother
7006,1085853,1086050,mother
7006,1085854,1085968,father
7006,1085854,1086051,father
7006,1085855,1085968,mother
7006,1085855,1086051,mother
7006,1085856,1085969,father
7006,1085856,1086052,father
7006,1085857,1085969,mother
7006,1085857,1086052,mother
7006,1085858,1085970,father
7006,1085858,1086053,father
7006,1085859,1085970,mother
7006,1085859,1086053,mother
7006,1085860,1085971,father
7006,1085860,1086054,father
7006,1085861,1085971,mother
7006,1085861,1086054,mother
7006,1085862,1085972,father
7006,1085862,1086055,father
7006,1085863,1085972,mother
7006,1085863,1086055,mother
7006,1085864,1085973,father
7006,1085864,1086056,father
7006,1085865,1085973,mother
7006,1085865,1086056,mother
7006,1085866,1085974,father
7006,1085866,1086057,father
7006,1085867,1085974,mother
7006,1085867,1086057,mother
7006,1085868,1085975,father
7006,1085868,1086058,father
7006,1085869,1085975,mother
7006,1085869,1086058,mother
7006,1085870,1085976,father
7006,1085870,1086059,father
7006,1085871,1085976,mother
7006,1085871,1086059,mother
7006,1085872,1085977,father
7006,1085872,1086060,father
7006,1085873,1085977,mother
7006,1085873,1086060,mother
7006,1085874,1085978,father
7006,1085874,1086061,father
7006,1085875,1085978,mother
7006,1085875,1086061,mother
7006,1085876,1085979,father
7006,1085876,1086062,father
7006,1085877,1085979,mother
7006,1085877,1086062,mother
7006,1085878,1085980,father
7006,1085878,1086063,father
7006,1085879,1085980,mother
7006,1085879,1086063,mother
7006,1085880,1085981,father
7006,1085880,1086064,father
7006,1085881,1085981,mother
7006,1085881,1086064,mother
7006,1085882,1085982,father
7006,1085882,1086065,father
7006,1085883,1085982,mother
7006,1085883,1086065,mother
7006,1085884,1085983,father
7006,1085884,1086066,father
7006,1085885,1085983,mother
7006,1085885,1086066,mother
7006,1085886,1085984,father
7006,1085886,1086067,father
7006,1085887,1085984,mother
7006,1085887,1086067,mother
7006,1085888,1085985,father
7006,1085888,1086068,father
7006,1085889,1085985,mother
7006,1085889,1086068,mother
7006,1085890,1085986,father
7006,1085890,1086069,father
7006,1085891,1085986,mother
7006,1085891,1086069,mother
7006,1085892,1085987,father
7006,1085892,1086070,father
7006,1085893,1085987,mother
7006,1085893,1086070,mother
7006,1085894,1085988,father
7006,1085894,1086071,father
7006,1085895,1085988,mother
7006,1085895,1086071,mother
7006,1085896,1085989,father
7006,1085896,1086072,father
7006,1085897,1085989,mother
7006,1085897,1086072,mother
7006,1085898,1085990,father
7006,1085898,1086073,father
7006,1085899,1085990,mother
7006,1085899,1086073,mother
7006,1085900,1085991,father
7006,1085900,1086074,father
7006,1085901,1085991,mother
7006,1085901,1086074,mother
7006,1085902,1085992,father
7006,1085902,1086075,father
7006,1085903,1085992,mother
7006,1085903,1086075,mother
7006,1085904,1085993,father
7006,1085904,1086076,father
7006,1085905,1085993,mother
7006,1085905,1086076,mother
7006,1085906,1085994,father
7006,1085906,1086077,father
7006,1085907,1085994,mother
7006,1085907,1086077,mother
7006,1085908,1085995,father
7006,1085908,1086078,father
7006,1085909,1085995,mother
7006,1085909,1086078,mother
7006,1085910,1085996,father
7006,1085910,1086079,father
7006,1085911,1085996,mother
7006,1085911,1086079,mother
7006,1085912,1085997,father
7006,1085912,1086080,father
7006,1085913,1085997,mother
7006,1085913,1086080,mother
7006,1085914,1085998,father
7006,1085914,1086081,father
7006,1085915,1085998,mother
7006,1085915,1086081,mother
7006,1085916,1086098,father
7006,1085916,1086189,father
7006,1085916,1086280,father
7006,1085917,1086098,mother
7006,1085917,1086189,mother
7006,1085917,1086280,mother
7006,1085918,1086099,father
7006,1085918,1086190,father
7006,1085918,1086281,father
7006,1085919,1086099,mother
7006,1085919,1086190,mother
7006,1085919,1086281,mother
7006,1085920,1086100,father
7006,1085920,1086191,father
7006,1085920,1086282,father
7006,1085921,1086100,mother
7006,1085921,1086191,mother
7006,1085921,1086282,mother
7006,1085922,1086101,father
7006,1085922,1086192,father
7006,1085922,1086283,father
7006,1085923,1086101,mother
7006,1085923,1086192,mother
7006,1085923,1086283,mother
7006,1085924,1086102,father
7006,1085924,1086193,father
7006,1085924,1086284,father
7006,1085925,1086102,mother
7006,1085925,1086193,mother
7006,1085925,1086284,mother
7006,1085926,1086103,father
7006,1085926,1086194,father
7006,1085926,1086285,father
7006,1085927,1086103,mother
7006,1085927,1086194,mother
7006,1085927,1086285,mother
7006,1085928,1086104,father
7006,1085928,1086195,father
7006,1085928,1086286,father
7006,1085929,1086104,mother
7006,1085929,1086195,mother
7006,1085929,1086286,mother
7006,1085930,1086105,father
7006,1085930,1086196,father
7006,1085930,1086287,father
7006,1085931,1086105,mother
7006,1085931,1086196,mother
7006,1085931,1086287,mother
7006,1085932,1086106,father
7006,1085932,1086197,father
7006,1085932,1086288,father
7006,1085933,1086106,mother
7006,1085933,1086197,mother
7006,1085933,1086288,mother
7006,1085934,1086107,father
7006,1085934,1086198,father
7006,1085934,1086289,father
7006,1085935,1086107,mother
7006,1085935,1086198,mother
7006,1085935,1086289,mother
7006,1085936,1086108,father
7006,1085936,1086199,father
7006,1085936,1086290,father
7006,1085937,1086108,mother
7006,1085937,1086199,mother
7006,1085937,1086290,mother
7006,1085938,1086109,father
7006,1085938,1086200,father
7006,1085938,1086291,father
7006,1085939,1086109,mother
7006,1085939,1086200,mother
7006,1085939,1086291,mother
7006,1085940,1086110,father
7006,1085940,1086201,father
7006,1085940,1086292,father
7006,1085941,1086110,mother
7006,1085941,1086201,mother
7006,1085941,1086292,mother
7006,1085942,1086111,father
7006,1085942,1086202,father
7006,1085942,1086293,father
7006,1085943,1086111,mother
7006,1085943,1086202,mother
7006,1085943,1086293,mother
7006,1085944,1086112,father
7006,1085944,1086203,father
7006,1085944,1086294,father
7006,1085945,1086112,mother
7006,1085945,1086203,mother
7006,1085945,1086294,mother
7006,1085946,1086113,father
7006,1085946,1086204,father
7006,1085946,1086295,father
7006,1085947,1086113,mother
7006,1085947,1086204,mother
7006,1085947,1086295,mother
7006,1085948,1086114,father
7006,1085948,1086205,father
7006,1085948,1086296,father
7006,1085949,1086114,mother
7006,1085949,1086205,mother
7006,1085949,1086296,mother
7006,1085950,1086115,father
7006,1085950,1086206,father
7006,1085951,1086115,mother
7006,1085951,1086206,mother
7006,1085952,1086116,father
7006,1085952,1086207,father
7006,1085953,1086116,mother
7006,1085953,1086207,mother
7006,1085954,1086117,father
7006,1085954,1086208,father
7006,1085955,1086117,mother
7006,1085955,1086208,mother
7006,1085956,1086118,father
7006,1085956,1086209,father
7006,1085957,1086118,mother
7006,1085957,1086209,mother
7006,1085958,1086119,father
7006,1085958,1086210,father
7006,1085959,1086119,mother
7006,1085959,1086210,mother
7006,1085960,1086120,father
7006,1085960,1086211,father
7006,1085961,1086120,mother
7006,1085961,1086211,mother
7006,1085962,1086121,father
7006,1085962,1086212,father
7006,1085963,1086121,mother
7006,1085963,1086212,mother
7006,1085964,1086122,father
7006,1085964,1086213,father
7006,1085965,1086122,mother
7006,1085965,1086213,mother
7006,1085966,1086123,father
7006,1085966,1086214,father
7006,1085967,1086123,mother
7006,1085967,1086214,mother
7006,1085968,1086124,father
7006,1085968,1086215,father
7006,1085969,1086124,mother
7006,1085969,1086215,mother
7006,1085970,1086125,father
7006,1085970,1086216,father
7006,1085971,1086125,mother
7006,1085971,1086216,mother
7006,1085972,1086126,father
7006,1085972,1086217,father
7006,1085973,1086126,mother
7006,1085973,1086217,mother
7006,1085974,1086127,father
7006,1085974,1086218,father
7006,1085975,1086127,mother
7006,1085975,1086218,mother
7006,1085976,1086128,father
7006,1085976,1086219,father
7006,1085977,1086128,mother
7006,1085977,1086219,mother
7006,1085978,1086129,father
7006,1085978,1086220,father
7006,1085979,1086129,mother
7006,1085979,1086220,mother
7006,1085980,1086130,father
7006,1085980,1086221,father
7006,1085981,1086130,mother
7006,1085981,1086221,mother
7006,1085982,1086131,father
7006,1085982,1086222,father
7006,1085983,1086131,mother
7006,1085983,1086222,mother
7006,1085984,1086132,father
7006,1085984,1086223,father
7006,1085985,1086132,mother
7006,1085985,1086223,mother
7006,1085986,1086133,father
7006,1085986,1086224,father
7006,1085987,1086133,mother
7006,1085987,1086224,mother
7006,1085988,1086134,father
7006,1085988,1086225,father
7006,1085989,1086134,mother
7006,1085989,1086225,mother
7006,1085990,1086135,father
7006,1085990,1086226,father
7006,1085991,1086135,mother
7006,1085991,1086226,mother
7006,1085992,1086136,father
7006,1085992,1086227,father
7006,1085993,1086136,mother
7006,1085993,1086227,mother
7006,1085994,1086137,father
7006,1085994,1086228,father
7006,1085995,1086137,mother
7006,1085995,1086228,mother
7006,1085996,1086138,father
7006,1085996,1086229,father
7006,1085997,1086138,mother
7006,1085997,1086229,mother
7006,1085998,1086139,father
7006,1085998,1086230,father
7006,1085999,1086139,mother
7006,1085999,1086230,mother
7006,1086000,1086140,father
7006,1086000,1086231,father
7006,1086001,1086140,mother
7006,1086001,1086231,mother
7006,1086002,1086141,father
7006,1086002,1086232,father
7006,1086003,1086141,mother
7006,1086003,1086232,mother
7006,1086004,1086142,father
7006,1086004,1086233,father
7006,1086005,1086142,mother
7006,1086005,1086233,mother
7006,1086006,1086143,father
7006,1086006,1086234,father
7006,1086007,1086143,mother
7006,1086007,1086234,mother
7006,1086008,1086144,father
7006,1086008,1086235,father
7006,1086009,1086144,mother
7006,1086009,1086235,mother
7006,1086010,1086145,father
7006,1086010,1086236,father
7006,1086011,1086145,mother
7006,1086011,1086236,mother
7006,1086012,1086146,father
7006,1086012,1086237,father
7006,1086013,1086146,mother
7006,1086013,1086237,mother
7006,1086014,1086147,father
7006,1086014,1086238,father
7006,1086015,1086147,mother
7006,1086015,1086238,mother
7006,1086016,1086148,father
7006,1086016,1086239,father
7006,1086017,1086148,mother
7006,1086017,1086239,mother
7006,1086018,1086149,father
7006,1086018,1086240,father
7006,1086019,1086149,mother
7006,1086019,1086240,mother
7006,1086020,1086150,father
7006,1086020,1086241,father
7006,1086021,1086150,mother
7006,1086021,1086241,mother
7006,1086022,1086151,father
7006,1086022,1086242,father
7006,1086023,1086151,mother
7006,1086023,1086242,mother
7006,1086024,1086152,father
7006,1086024,1086243,father
7006,1086025,1086152,mother
7006,1086025,1086243,mother
7006,1086026,1086153,father
7006,1086026,1086244,father
7006,1086027,1086153,mother
7006,1086027,1086244,mother
7006,1086028,1086154,father
7006,1086028,1086245,father
7006,1086029,1086154,mother
7006,1086029,1086245,mother
7006,1086030,1086155,father
7006,1086030,1086246,father
7006,1086031,1086155,mother
7006,1086031,1086246,mother
7006,1086032,1086156,father
7006,1086032,1086247,father
7006,1086033,1086156,mother
7006,1086033,1086247,mother
7006,1086034,1086157,father
7006,1086034,1086248,father
7006,1086035,1086157,mother
7006,1086035,1086248,mother
7006,1086036,1086158,father
7006,1086036,1086249,father
7006,1086037,1086158,mother
7006,1086037,1086249,mother
7006,1086038,1086159,father
7006,1086038,1086250,father
7006,1086039,1086159,mother
7006,1086039,1086250,mother
7006,1086040,1086160,father
7006,1086040,1086251,father
7006,1086041,1086160,mother
7006,1086041,1086251,mother
7006,1086042,1086161,father
7006,1086042,1086252,father
7006,1086043,1086161,mother
7006,1086043,1086252,mother
7006,1086044,1086162,father
7006,1086044,1086253,father
7006,1086045,1086162,mother
7006,1086045,1086253,mother
7006,1086046,1086163,father
7006,1086046,1086254,father
7006,1086047,1086163,mother
7006,1086047,1086254,mother
7006,1086048,1086164,father
7006,1086048,1086255,father
7006,1086049,1086164,mother
7006,1086049,1086255,mother
7006,1086050,1086165,father
7006,1086050,1086256,father
7006,1086051,1086165,mother
7006,1086051,1086256,mother
7006,1086052,1086166,father
7006,1086052,1086257,father
7006,1086053,1086166,mother
7006,1086053,1086257,mother
7006,1086054,1086167,father
7006,1086054,1086258,father
7006,1086055,1086167,mother
7006,1086055,1086258,mother
7006,1086056,1086168,father
7006,1086056,1086259,father
7006,1086057,1086168,mother
7006,1086057,1086259,mother
7006,1086058,1086169,father
7006,1086058,1086260,father
7006,1086059,1086169,mother
7006,1086059,1086260,mother
7006,1086060,1086170,father
7006,1086060,1086261,father
7006,1086061,1086170,mother
7006,1086061,1086261,mother
7006,1086062,1086171,father
7006,1086062,1086262,father
7006,1086063,1086171,mother
7006,1086063,1086262,mother
7006,1086064,1086172,father
7006,1086064,1086263,father
7006,1086065,1086172,mother
7006,1086065,1086263,mother
7006,1086066,1086173,father
7006,1086066,1086264,father
7006,1086067,1086173,mother
7006,1086067,1086264,mother
7006,1086068,1086174,father
7006,1086068,1086265,father
7006,1086069,1086174,mother
7006,1086069,1086265,mother
7006,1086070,1086175,father
7006,1086070,1086266,father
7006,1086071,1086175,mother
7006,1086071,1086266,mother
7006,1086072,1086176,father
7006,1086072,1086267,father
7006,1086073,1086176,mother
7006,1086073,1086267,mother
7006,1086074,1086177,father
7006,1086074,1086268,father
7006,1086075,1086177,mother
7006,1086075,1086268,mother
7006,1086076,1086178,father
7006,1086076,1086269,father
7006,1086077,1086178,mother
7006,1086077,1086269,mother
7006,1086078,1086179,father
7006,1086078,1086270,father
7006,1086079,1086179,mother
7006,1086079,1086270,mother
7006,1086080,1086180,father
7006,1086080,1086271,father
7006,1086081,1086180,mother
7006,1086081,1086271,mother
7006,1086082,1086181,father
7006,1086082,1086272,father
7006,1086083,1086181,mother
7006,1086083,1086272,mother
7006,1086084,1086182,father
7006,1086084,1086273,father
7006,1086085,1086182,mother
7006,1086085,1086273,mother
7006,1086086,1086183,father
7006,1086086,1086274,father
7006,1086087,1086183,mother
7006,1086087,1086274,mother
7006,1086088,1086184,father
7006,1086088,1086275,father
7006,1086089,1086184,mother
7006,1086089,1086275,mother
7006,1086090,1086185,father
7006,1086090,1086276,father
7006,1086091,1086185,mother
7006,1086091,1086276,mother
7006,1086092,1086186,father
7006,1086092,1086277,father
7006,1086093,1086186,mother
7006,1086093,1086277,mother
7006,1086094,1086187,father
7006,1086094,1086278,father
7006,1086095,1086187,mother
7006,1086095,1086278,mother
7006,1086096,1086188,father
7006,1086096,1086279,father
7006,1086097,1086188,mother
7006,1086097,1086279,mother
7006,1086098,1086297,father
7006,1086098,1086397,father
7006,1086098,1086497,father
7006,1086099,1086297,mother
7006,1086099,1086396,mother
7006,1086099,1086495,mother
7006,1086100,1086298,father
7006,1086100,1086398,father
7006,1086100,1086498,father
7006,1086101,1086298,mother
7006,1086101,1086397,mother
7006,1086101,1086496,mother
7006,1086102,1086299,father
7006,1086102,1086399,father
7006,1086102,1086499,father
7006,1086103,1086299,mother
7006,1086103,1086398,mother
7006,1086103,1086497,mother
7006,1086104,1086300,father
7006,1086104,1086400,father
7006,1086104,1086500,father
7006,1086105,1086300,mother
7006,1086105,1086399,mother
7006,1086105,1086498,mother
7006,1086106,1086301,father
7006,1086106,1086401,father
7006,1086106,1086501,father
7006,1086107,1086301,mother
7006,1086107,1086400,mother
7006,1086107,1086499,mother
7006,1086108,1086302,father
7006,1086108,1086402,father
7006,1086108,1086502,father
7006,1086109,1086302,mother
7006,1086109,1086401,mother
7006,1086109,1086500,mother
7006,1086110,1086303,father
7006,1086110,1086403,father
7006,1086110,1086503,father
7006,1086111,1086303,mother
7006,1086111,1086402,mother
7006,1086111,1086501,mother
7006,1086112,1086304,father
7006,1086112,1086404,father
7006,1086112,1086504,father
7006,1086113,1086304,mother
7006,1086113,1086403,mother
7006,1086113,1086502,mother
7006,1086114,1086305,father
7006,1086114,1086405,father
7006,1086114,1086505,father
7006,1086115,1086305,mother
7006,1086115,1086404,mother
7006,1086115,1086503,mother
7006,1086116,1086306,father
7006,1086116,1086406,father
7006,1086116,1086506,father
7006,1086117,1086306,mother
7006,1086117,1086405,mother
7006,1086117,1086504,mother
7006,1086118,1086307,father
7006,1086118,1086407,father
7006,1086118,1086507,father
7006,1086119,1086307,mother
7006,1086119,1086406,mother
7006,1086119,1086505,mother
7006,1086120,1086308,father
7006,1086120,1086408,father
7006,1086120,1086508,father
7006,1086121,1086308,mother
7006,1086121,1086407,mother
7006,1086121,1086506,mother
7006,1086122,1086309,father
7006,1086122,1086409,father
7006,1086122,1086509,father
7006,1086123,1086309,mother
7006,1086123,1086408,mother
7006,1086123,1086507,mother
7006,1086124,1086310,father
7006,1086124,1086410,father
7006,1086124,1086510,father
7006,1086125,1086310,mother
7006,1086125,1086409,mother
7006,1086125,1086508,mother
7006,1086126,1086311,father
7006,1086126,1086411,father
7006,1086126,1086511,father
7006,1086127,1086311,mother
7006,1086127,1086410,mother
7006,1086127,1086509,mother
7006,1086128,1086312,father
7006,1086128,1086412,father
7006,1086128,1086512,father
7006,1086129,1086312,mother
7006,1086129,1086411,mother
7006,1086129,1086510,mother
7006,1086130,1086313,father
7006,1086130,1086413,father
7006,1086131,1086313,mother
7006,1086131,1086412,mother
7006,1086131,1086511,mother
7006,1086132,1086314,father
7006,1086132,1086414,father
7006,1086133,1086314,mother
7006,1086133,1086413,mother
7006,1086133,1086512,mother
7006,1086134,1086315,father
7006,1086134,1086415,father
7006,1086135,1086315,mother
7006,1086135,1086414,mother
7006,1086136,1086316,father
7006,1086136,1086416,father
7006,1086137,1086316,mother
7006,1086137,1086415,mother
7006,1086138,1086317,father
7006,1086138,1086417,father
7006,1086139,1086317,mother
7006,1086139,1086416,mother
7006,1086140,1086318,father
7006,1086140,1086418,father
7006,1086141,1086318,mother
7006,1086141,1086417,mother
7006,1086142,1086319,father
7006,1086142,1086419,father
7006,1086143,1086319,mother
7006,1086143,1086418,mother
7006,1086144,1086320,father
7006,1086144,1086420,father
7006,1086145,1086320,mother
7006,1086145,1086419,mother
7006,1086146,1086321,father
7006,1086146,1086421,father
7006,1086147,1086321,mother
7006,1086147,1086420,mother
7006,1086148,1086322,father
7006,1086148,1086422,father
7006,1086149,1086322,mother
7006,1086149,1086421,mother
7006,1086150,1086323,father
7006,1086150,1086423,father
7006,1086151,1086323,mother
7006,1086151,1086422,mother
7006,1086152,1086324,father
7006,1086152,1086424,father
7006,1086153,1086324,mother
7006,1086153,1086423,mother
7006,1086154,1086325,father
7006,1086154,1086425,father
7006,1086155,1086325,mother
7006,1086155,1086424,mother
7006,1086156,1086326,father
7006,1086156,1086426,father
7006,1086157,1086326,mother
7006,1086157,1086425,mother
7006,1086158,1086327,father
7006,1086158,1086427,father
7006,1086159,1086327,mother
7006,1086159,1086426,mother
7006,1086160,1086328,father
7006,1086160,1086428,father
7006,1086161,1086328,mother
7006,1086161,1086427,mother
7006,1086162,1086329,father
7006,1086162,1086429,father
7006,1086163,1086329,mother
7006,1086163,1086428,mother
7006,1086164,1086330,father
7006,1086164,1086430,father
7006,1086165,1086330,mother
7006,1086165,1086429,mother
7006,1086166,1086331,father
7006,1086166,1086431,father
7006,1086167,1086331,mother
7006,1086167,1086430,mother
7006,1086168,1086332,father
7006,1086168,1086432,father
7006,1086169,1086332,mother
7006,1086169,1086431,mother
7006,1086170,1086333,father
7006,1086170,1086433,father
7006,1086171,1086333,mother
7006,1086171,1086432,mother
7006,1086172,1086334,father
7006,1086172,1086434,father
7006,1086173,1086334,mother
7006,1086173,1086433,mother
7006,1086174,1086335,father
7006,1086174,1086435,father
7006,1086175,1086335,mother
7006,1086175,1086434,mother
7006,1086176,1086336,father
7006,1086176,1086436,father
7006,1086177,1086336,mother
7006,1086177,1086435,mother
7006,1086178,1086337,father
7006,1086178,1086437,father
7006,1086179,1086337,mother
7006,1086179,1086436,mother
7006,1086180,1086338,father
7006,1086180,1086438,father
7006,1086181,1086338,mother
7006,1086181,1086437,mother
7006,1086182,1086339,father
7006,1086182,1086439,father
7006,1086183,1086339,mother
7006,1086183,1086438,mother
7006,1086184,1086340,father
7006,1086184,1086440,father
7006,1086185,1086340,mother
7006,1086185,1086439,mother
7006,1086186,1086341,father
7006,1086186,1086441,father
7006,1086187,1086341,mother
7006,1086187,1086440,mother
7006,1086188,1086342,father
7006,1086188,1086442,father
7006,1086189,1086342,mother
7006,1086189,1086441,mother
7006,1086190,1086343,father
7006,1086190,1086443,father
7006,1086191,1086343,mother
7006,1086191,1086442,mother
7006,1086192,1086344,father
7006,1086192,1086444,father
7006,1086193,1086344,mother
7006,1086193,1086443,mother
7006,1086194,1086345,father
7006,1086194,1086445,father
7006,1086195,1086345,mother
7006,1086195,1086444,mother
7006,1086196,1086346,father
7006,1086196,1086446,father
7006,1086197,1086346,mother
7006,1086197,1086445,mother
7006,1086198,1086347,father
7006,1086198,1086447,father
7006,1086199,1086347,mother
7006,1086199,1086446,mother
7006,1086200,1086348,father
7006,1086200,1086448,father
7006,1086201,1086348,mother
7006,1086201,1086447,mother
7006,1086202,1086349,father
7006,1086202,1086449,father
7006,1086203,1086349,mother
7006,1086203,1086448,mother
7006,1086204,1086350,father
7006,1086204,1086450,father
7006,1086205,1086350,mother
7006,1086205,1086449,mother
7006,1086206,1086351,father
7006,1086206,1086451,father
7006,1086207,1086351,mother
7006,1086207,1086450,mother
7006,1086208,1086352,father
7006,1086208,1086452,father
7006,1086209,1086352,mother
7006,1086209,1086451,mother
7006,1086210,1086353,father
7006,1086210,1086453,father
7006,1086211,1086353,mother
7006,1086211,1086452,mother
7006,1086212,1086354,father
7006,1086212,1086454,father
7006,1086213,1086354,mother
7006,1086213,1086453,mother
7006,1086214,1086355,father
7006,1086214,1086455,father
7006,1086215,1086355,mother
7006,1086215,1086454,mother
7006,1086216,1086356,father
7006,1086216,1086456,father
7006,1086217,1086356,mother
7006,1086217,1086455,mother
7006,1086218,1086357,father
7006,1086218,1086457,father
7006,1086219,1086357,mother
7006,1086219,1086456,mother
7006,1086220,1086358,father
7006,1086220,1086458,father
7006,1086221,1086358,mother
7006,1086221,1086457,mother
7006,1086222,1086359,father
7006,1086222,1086459,father
7006,1086223,1086359,mother
7006,1086223,1086458,mother
7006,1086224,1086360,father
7006,1086224,1086460,father
7006,1086225,1086360,mother
7006,1086225,1086459,mother
7006,1086226,1086361,father
7006,1086226,1086461,father
7006,1086227,1086361,mother
7006,1086227,1086460,mother
7006,1086228,1086362,father
7006,1086228,1086462,father
7006,1086229,1086362,mother
7006,1086229,1086461,mother
7006,1086230,1086363,father
7006,1086230,1086463,father
7006,1086231,1086363,mother
7006,1086231,1086462,mother
7006,1086232,1086364,father
7006,1086232,1086464,father
7006,1086233,1086364,mother
7006,1086233,1086463,mother
7006,1086234,1086365,father
7006,1086234,1086465,father
7006,1086235,1086365,mother
7006,1086235,1086464,mother
7006,1086236,1086366,father
7006,1086236,1086466,father
7006,1086237,1086366,mother
7006,1086237,1086465,mother
7006,1086238,1086367,father
7006,1086238,1086467,father
7006,1086239,1086367,mother
7006,1086239,1086466,mother
7006,1086240,1086368,father
7006,1086240,1086468,father
7006,1086241,1086368,mother
7006,1086241,1086467,mother
7006,1086242,1086369,father
7006,1086242,1086469,father
7006,1086243,1086369,mother
7006,1086243,1086468,mother
7006,1086244,1086370,father
7006,1086244,1086470,father
7006,1086245,1086370,mother
7006,1086245,1086469,mother
7006,1086246,1086371,father
7006,1086246,1086471,father
7006,1086247,1086371,mother
7006,1086247,1086470,mother
7006,1086248,1086372,father
7006,1086248,1086472,father
7006,1086249,1086372,mother
7006,1086249,1086471,mother
7006,1086250,1086373,father
7006,1086250,1086473,father
7006,1086251,1086373,mother
7006,1086251,1086472,mother
7006,1086252,1086374,father
7006,1086252,1086474,father
7006,1086253,1086374,mother
7006,1086253,1086473,mother
7006,1086254,1086375,father
7006,1086254,1086475,father
7006,1086255,1086375,mother
7006,1086255,1086474,mother
7006,1086256,1086376,father
7006,1086256,1086476,father
7006,1086257,1086376,mother
7006,1086257,1086475,mother
7006,1086258,1086377,father
7006,1086258,1086477,father
7006,1086259,1086377,mother
7006,1086259,1086476,mother
7006,1086260,1086378,father
7006,1086260,1086478,father
7006,1086261,1086378,mother
7006,1086261,1086477,mother
7006,1086262,1086379,father
7006,1086262,1086479,father
7006,1086263,1086379,mother
7006,1086263,1086478,mother
7006,1086264,1086380,father
7006,1086264,1086480,father
7006,1086265,1086380,mother
7006,1086265,1086479,mother
7006,1086266,1086381,father
7006,1086266,1086481,father
7006,1086267,1086381,mother
7006,1086267,1086480,mother
7006,1086268,1086382,father
7006,1086268,1086482,father
7006,1086269,1086382,mother
7006,1086269,1086481,mother
7006,1086270,1086383,father
7006,1086270,1086483,father
7006,1086271,1086383,mother
7006,1086271,1086482,mother
7006,1086272,1086384,father
7006,1086272,1086484,father
7006,1086273,1086384,mother
7006,1086273,1086483,mother
7006,1086274,1086385,father
7006,1086274,1086485,father
7006,1086275,1086385,mother
7006,1086275,1086484,mother
7006,1086276,1086386,father
7006,1086276,1086486,father
7006,1086277,1086386,mother
7006,1086277,1086485,mother
7006,1086278,1086387,father
7006,1086278,1086487,father
7006,1086279,1086387,mother
7006,1086279,1086486,mother
7006,1086280,1086388,father
7006,1086280,1086488,father
7006,1086281,1086388,mother
7006,1086281,1086487,mother
7006,1086282,1086389,father
7006,1086282,1086489,father
7006,1086283,1086389,mother
7006,1086283,1086488,mother
7006,1086284,1086390,father
7006,1086284,1086490,father
7006,1086285,1086390,mother
7006,1086285,1086489,mother
7006,1086286,1086391,father
7006,1086286,1086491,father
7006,1086287,1086391,mother
7006,1086287,1086490,mother
7006,1086288,1086392,father
7006,1086288,1086492,father
7006,1086289,1086392,mother
7006,1086289,1086491,mother
7006,1086290,1086393,father
7006,1086290,1086493,father
7006,1086291,1086393,mother
7006,1086291,1086492,mother
7006,1086292,1086394,father
7006,1086292,1086494,father
7006,1086293,1086394,mother
7006,1086293,1086493,mother
7006,1086294,1086395,father
7006,1086294,1086495,father
7006,1086295,1086395,mother
7006,1086295,1086494,mother
7006,1086296,1086396,father
7006,1086296,1086496,father
7006,1086297,1086513,father
7006,1086297,1086621,father
7006,1086297,1086729,father
7006,1086298,1086513,mother
7006,1086298,1086621,mother
7006,1086298,1086729,mother
7006,1086299,1086514,father
7006,1086299,1086622,father
7006,1086299,1086730,father
7006,1086300,1086514,mother
7006,1086300,1086622,mother
7006,1086300,1086730,mother
7006,1086301,1086515,father
7006,1086301,1086623,father
7006,1086301,1086731,father
7006,1086302,1086515,mother
7006,1086302,1086623,mother
7006,1086302,1086731,mother
7006,1086303,1086516,father
7006,1086303,1086624,father
7006,1086303,1086732,father
7006,1086304,1086516,mother
7006,1086304,1086624,mother
7006,1086304,1086732,mother
7006,1086305,1086517,father
7006,1086305,1086625,father
7006,1086305,1086733,father
7006,1086306,1086517,mother
7006,1086306,1086625,mother
7006,1086306,1086733,mother
7006,1086307,1086518,father
7006,1086307,1086626,father
7006,1086307,1086734,father
7006,1086308,1086518,mother
7006,1086308,1086626,mother
7006,1086308,1086734,mother
7006,1086309,1086519,father
7006,1086309,1086627,father
7006,1086309,1086735,father
7006,1086310,1086519,mother
7006,1086310,1086627,mother
7006,1086310,1086735,mother
7006,1086311,1086520,father
7006,1086311,1086628,father
7006,1086311,1086736,father
7006,1086312,1086520,mother
7006,1086312,1086628,mother
7006,1086312,1086736,mother
7006,1086313,1086521,father
7006,1086313,1086629,father
7006,1086313,1086737,father
7006,1086314,1086521,mother
7006,1086314,1086629,mother
7006,1086314,1086737,mother
7006,1086315,1086522,father
7006,1086315,1086630,father
7006,1086315,1086738,father
7006,1086316,1086522,mother
7006,1086316,1086630,mother
7006,1086316,1086738,mother
7006,1086317,1086523,father
7006,1086317,1086631,father
7006,1086317,1086739,father
7006,1086318,1086523,mother
7006,1086318,1086631,mother
7006,1086318,1086739,mother
7006,1086319,1086524,father
7006,1086319,1086632,father
7006,1086319,1086740,father
7006,1086320,1086524,mother
7006,1086320,1086632,mother
7006,1086320,1086740,mother
7006,1086321,1086525,father
7006,1086321,1086633,father
7006,1086321,1086741,father
7006,1086322,1086525,mother
7006,1086322,1086633,mother
7006,1086322,1086741,mother
7006,1086323,1086526,father
7006,1086323,1086634,father
7006,1086323,1086742,father
7006,1086324,1086526,mother
7006,1086324,1086634,mother
7006,1086324,1086742,mother
7006,1086325,1086527,father
7006,1086325,1086635,father
7006,1086325,1086743,father
7006,1086326,1086527,mother
7006,1086326,1086635,mother
7006,1086326,1086743,mother
7006,1086327,1086528,father
7006,1086327,1086636,father
7006,1086327,1086744,father
7006,1086328,1086528,mother
7006,1086328,1086636,mother
7006,1086328,1086744,mother
7006,1086329,1086529,father
7006,1086329,1086637,father
7006,1086330,1086529,mother
7006,1086330,1086637,mother
7006,1086331,1086530,father
7006,1086331,1086638,father
7006,1086332,1086530,mother
7006,1086332,1086638,mother
7006,1086333,1086531,father
7006,1086333,1086639,father
7006,1086334,1086531,mother
7006,1086334,1086639,mother
7006,1086335,1086532,father
7006,1086335,1086640,father
7006,1086336,1086532,mother
7006,1086336,1086640,mother
7006,1086337,1086533,father
7006,1086337,1086641,father
7006,1086338,1086533,mother
7006,1086338,1086641,mother
7006,1086339,1086534,father
7006,1086339,1086642,father
7006,1086340,1086534,mother
7006,1086340,1086642,mother
7006,1086341,1086535,father
7006,1086341,1086643,father
7006,1086342,1086535,mother
7006,1086342,1086643,mother
7006,1086343,1086536,father
7006,1086343,1086644,father
7006,1086344,1086536,mother
7006,1086344,1086644,mother
7006,1086345,1086537,father
7006,1086345,1086645,father
7006,1086346,1086537,mother
7006,1086346,1086645,mother
7006,1086347,1086538,father
7006,1086347,1086646,father
7006,1086348,1086538,mother
7006,1086348,1086646,mother
7006,1086349,1086539,father
7006,1086349,1086647,father
7006,1086350,1086539,mother
7006,1086350,1086647,mother
7006,1086351,1086540,father
7006,1086351,1086648,father
7006,1086352,1086540,mother
7006,1086352,1086648,mother
7006,1086353,1086541,father
7006,1086353,1086649,father
7006,1086354,1086541,mother
7006,1086354,1086649,mother
7006,1086355,1086542,father
7006,1086355,1086650,father
7006,1086356,1086542,mother
7006,1086356,1086650,mother
7006,1086357,1086543,father
7006,1086357,1086651,father
7006,1086358,1086543,mother
7006,1086358,1086651,mother
7006,1086359,1086544,father
7006,1086359,1086652,father
7006,1086360,1086544,mother
7006,1086360,1086652,mother
7006,1086361,1086545,father
7006,1086361,1086653,father
7006,1086362,1086545,mother
7006,1086362,1086653,mother
7006,1086363,1086546,father
7006,1086363,1086654,father
7006,1086364,1086546,mother
7006,1086364,1086654,mother
7006,1086365,1086547,father
7006,1086365,1086655,father
7006,1086366,1086547,mother
7006,1086366,1086655,mother
7006,1086367,1086548,father
7006,1086367,1086656,father
7006,1086368,1086548,mother
7006,1086368,1086656,mother
7006,1086369,1086549,father
7006,1086369,1086657,father
7006,1086370,1086549,mother
7006,1086370,1086657,mother
7006,1086371,1086550,father
7006,1086371,1086658,father
7006,1086372,1086550,mother
7006,1086372,1086658,mother
7006,1086373,1086551,father
7006,1086373,1086659,father
7006,1086374,1086551,mother
7006,1086374,1086659,mother
7006,1086375,1086552,father
7006,1086375,1086660,father
7006,1086376,1086552,mother
7006,1086376,1086660,mother
7006,1086377,1086553,father
7006,1086377,1086661,father
7006,1086378,1086553,mother
7006,1086378,1086661,mother
7006,1086379,1086554,father
7006,1086379,1086662,father
7006,1086380,1086554,mother
7006,1086380,1086662,mother
7006,1086381,1086555,father
7006,1086381,1086663,father
7006,1086382,1086555,mother
7006,1086382,1086663,mother
7006,1086383,1086556,father
7006,1086383,1086664,father
7006,1086384,1086556,mother
7006,1086384,1086664,mother
7006,1086385,1086557,father
7006,1086385,1086665,father
7006,1086386,1086557,mother
7006,1086386,1086665,mother
7006,1086387,1086558,father
7006,1086387,1086666,father
7006,1086388,1086558,mother
7006,1086388,1086666,mother
7006,1086389,1086559,father
7006,1086389,1086667,father
7006,1086390,1086559,mother
7006,1086390,1086667,mother
7006,1086391,1086560,father
7006,1086391,1086668,father
7006,1086392,1086560,mother
7006,1086392,1086668,mother
7006,1086393,1086561,father
7006,1086393,1086669,father
7006,1086394,1086561,mother
7006,1086394,1086669,mother
7006,1086395,1086562,father
7006,1086395,1086670,father
7006,1086396,1086562,mother
7006,1086396,1086670,mother
7006,1086397,1086563,father
7006,1086397,1086671,father
7006,1086398,1086563,mother
7006,1086398,1086671,mother
7006,1086399,1086564,father
7006,1086399,1086672,father
7006,1086400,1086564,mother
7006,1086400,1086672,mother
7006,1086401,1086565,father
7006,1086401,1086673,father
7006,1086402,1086565,mother
7006,1086402,1086673,mother
7006,1086403,1086566,father
7006,1086403,1086674,father
7006,1086404,1086566,mother
7006,1086404,1086674,mother
7006,1086405,1086567,father
7006,1086405,1086675,father
7006,1086406,1086567,mother
7006,1086406,1086675,mother
7006,1086407,1086568,father
7006,1086407,1086676,father
7006,1086408,1086568,mother
7006,1086408,1086676,mother
7006,1086409,1086569,father
7006,1086409,1086677,father
7006,1086410,1086569,mother
7006,1086410,1086677,mother
7006,1086411,1086570,father
7006,1086411,1086678,father
7006,1086412,1086570,mother
7006,1086412,1086678,mother
7006,1086413,1086571,father
7006,1086413,1086679,father
7006,1086414,1086571,mother
7006,1086414,1086679,mother
7006,1086415,1086572,father
7006,1086415,1086680,father
7006,1086416,1086572,mother
7006,1086416,1086680,mother
7006,1086417,1086573,father
7006,1086417,1086681,father
7006,1086418,1086573,mother
7006,1086418,1086681,mother
7006,1086419,1086574,father
7006,1086419,1086682,father
7006,1086420,1086574,mother
7006,1086420,1086682,mother
7006,1086421,1086575,father
7006,1086421,1086683,father
7006,1086422,1086575,mother
7006,1086422,1086683,mother
7006,1086423,1086576,father
7006,1086423,1086684,father
7006,1086424,1086576,mother
7006,1086424,1086684,mother
7006,1086425,1086577,father
7006,1086425,1086685,father
7006,1086426,1086577,mother
7006,1086426,1086685,mother
7006,1086427,1086578,father
7006,1086427,1086686,father
7006,1086428,1086578,mother
7006,1086428,1086686,mother
7006,1086429,1086579,father
7006,1086429,1086687,father
7006,1086430,1086579,mother
7006,1086430,1086687,mother
7006,1086431,1086580,father
7006,1086431,1086688,father
7006,1086432,1086580,mother
7006,1086432,1086688,mother
7006,1086433,1086581,father
7006,1086433,1086689,father
7006,1086434,1086581,mother
7006,1086434,1086689,mother
7006,1086435,1086582,father
7006,1086435,1086690,father
7006,1086436,1086582,mother
7006,1086436,1086690,mother
7006,1086437,1086583,father
7006,1086437,1086691,father
7006,1086438,1086583,mother
7006,1086438,1086691,mother
7006,1086439,1086584,father
7006,1086439,1086692,father
7006,1086440,1086584,mother
7006,1086440,1086692,mother
7006,1086441,1086585,father
7006,1086441,1086693,father
7006,1086442,1086585,mother
7006,1086442,1086693,mother
7006,1086443,1086586,father
7006,1086443,1086694,father
7006,1086444,1086586,mother
7006,1086444,1086694,mother
7006,1086445,1086587,father
7006,1086445,1086695,father
7006,1086446,1086587,mother
7006,1086446,1086695,mother
7006,1086447,1086588,father
7006,1086447,1086696,father
7006,1086448,1086588,mother
7006,1086448,1086696,mother
7006,1086449,1086589,father
7006,1086449,1086697,father
7006,1086450,1086589,mother
7006,1086450,1086697,mother
7006,1086451,1086590,father
7006,1086451,1086698,father
7006,1086452,1086590,mother
7006,1086452,1086698,mother
7006,1086453,1086591,father
7006,1086453,1086699,father
7006,1086454,1086591,mother
7006,1086454,1086699,mother
7006,1086455,1086592,father
7006,1086455,1086700,father
7006,1086456,1086592,mother
7006,1086456,1086700,mother
7006,1086457,1086593,father
7006,1086457,1086701,father
7006,1086458,1086593,mother
7006,1086458,1086701,mother
7006,1086459,1086594,father
7006,1086459,1086702,father
7006,1086460,1086594,mother
7006,1086460,1086702,mother
7006,1086461,1086595,father
7006,1086461,1086703,father
7006,1086462,1086595,mother
7006,1086462,1086703,mother
7006,1086463,1086596,father
7006,1086463,1086704,father
7006,1086464,1086596,mother
7006,1086464,1086704,mother
7006,1086465,1086597,father
7006,1086465,1086705,father
7006,1086466,1086597,mother
7006,1086466,1086705,mother
7006,1086467,1086598,father
7006,1086467,1086706,father
7006,1086468,1086598,mother
7006,1086468,1086706,mother
7006,1086469,1086599,father
7006,1086469,1086707,father
7006,1086470,1086599,mother
7006,1086470,1086707,mother
7006,1086471,1086600,father
7006,1086471,1086708,father
7006,1086472,1086600,mother
7006,1086472,1086708,mother
7006,1086473,1086601,father
7006,1086473,1086709,father
7006,1086474,1086601,mother
7006,1086474,1086709,mother
7006,1086475,1086602,father
7006,1086475,1086710,father
7006,1086476,1086602,mother
7006,1086476,1086710,mother
7006,1086477,1086603,father
7006,1086477,1086711,father
7006,1086478,1086603,mother
7006,1086478,1086711,mother
7006,1086479,1086604,father
7006,1086479,1086712,father
7006,1086480,1086604,mother
7006,1086480,1086712,mother
7006,1086481,1086605,father
7006,1086481,1086713,father
7006,1086482,1086605,mother
7006,1086482,1086713,mother
7006,1086483,1086606,father
7006,1086483,1086714,father
7006,1086484,1086606,mother
7006,1086484,1086714,mother
7006,1086485,1086607,father
7006,1086485,1086715,father
7006,1086486,1086607,mother
7006,1086486,1086715,mother
7006,1086487,1086608,father
7006,1086487,1086716,father
7006,1086488,1086608,mother
7006,1086488,1086716,mother
7006,1086489,1086609,father
7006,1086489,1086717,father
7006,1086490,1086609,mother
7006,1086490,1086717,mother
7006,1086491,1086610,father
7006,1086491,1086718,father
7006,1086492,1086610,mother
7006,1086492,1086718,mother
7006,1086493,1086611,father
7006,1086493,1086719,father
7006,1086494,1086611,mother
7006,1086494,1086719,mother
7006,1086495,1086612,father
7006,1086495,1086720,father
7006,1086496,1086612,mother
7006,1086496,1086720,mother
7006,1086497,1086613,father
7006,1086497,1086721,father
7006,1086498,1086613,mother
7006,1086498,1086721,mother
7006,1086499,1086614,father
7006,1086499,1086722,father
7006,1086500,1086614,mother
7006,1086500,1086722,mother
7006,1086501,1086615,father
7006,1086501,1086723,father
7006,1086502,1086615,mother
7006,1086502,1086723,mother
7006,1086503,1086616,father
7006,1086503,1086724,father
7006,1086504,1086616,mother
7006,1086504,1086724,mother
7006,1086505,1086617,father
7006,1086505,1086725,father
7006,1086506,1086617,mother
7006,1086506,1086725,mother
7006,1086507,1086618,father
7006,1086507,1086726,father
7006,1086508,1086618,mother
7006,1086508,1086726,mother
7006,1086509,1086619,father
7006,1086509,1086727,father
7006,1086510,1086619,mother
7006,1086510,1086727,mother
7006,1086511,1086620,father
7006,1086511,1086728,father
7006,1086512,1086620,mother
7006,1086512,1086728,mother
7006,1086513,1086745,father
7006,1086513,1086861,father
7006,1086513,1086977,father
7006,1086514,1086745,mother
7006,1086514,1086861,mother
7006,1086514,1086977,mother
7006,1086515,1086746,father
7006,1086515,1086862,father
7006,1086515,1086978,father
7006,1086516,1086746,mother
7006,1086516,1086862,mother
7006,1086516,1086978,mother
7006,1086517,1086747,father
7006,1086517,1086863,father
7006,1086517,1086979,father
7006,1086518,1086747,mother
7006,1086518,1086863,mother
7006,1086518,1086979,mother
7006,1086519,1086748,father
7006,1086519,1086864,father
7006,1086519,1086980,father
7006,1086520,1086748,mother
7006,1086520,1086864,mother
7006,1086520,1086980,mother
7006,1086521,1086749,father
7006,1086521,1086865,father
7006,1086521,1086981,father
7006,1086522,1086749,mother
7006,1086522,1086865,mother
7006,1086522,1086981,mother
7006,1086523,1086750,father
7006,1086523,1086866,father
7006,1086523,1086982,father
7006,1086524,1086750,mother
7006,1086524,1086866,mother
7006,1086524,1086982,mother
7006,1086525,1086751,father
7006,1086525,1086867,father
7006,1086525,1086983,father
7006,1086526,1086751,mother
7006,1086526,1086867,mother
7006,1086526,1086983,mother
7006,1086527,1086752,father
7006,1086527,1086868,father
7006,1086527,1086984,father
7006,1086528,1086752,mother
7006,1086528,1086868,mother
7006,1086528,1086984,mother
7006,1086529,1086753,father
7006,1086529,1086869,father
7006,1086529,1086985,father
7006,1086530,1086753,mother
7006,1086530,1086869,mother
7006,1086530,1086985,mother
7006,1086531,1086754,father
7006,1086531,1086870,father
7006,1086531,1086986,father
7006,1086532,1086754,mother
7006,1086532,1086870,mother
7006,1086532,1086986,mother
7006,1086533,1086755,father
7006,1086533,1086871,father
7006,1086533,1086987,father
7006,1086534,1086755,mother
7006,1086534,1086871,mother
7006,1086534,1086987,mother
7006,1086535,1086756,father
7006,1086535,1086872,father
7006,1086535,1086988,father
7006,1086536,1086756,mother
7006,1086536,1086872,mother
7006,1086536,1086988,mother
7006,1086537,1086757,father
7006,1086537,1086873,father
7006,1086537,1086989,father
7006,1086538,1086757,mother
7006,1086538,1086873,mother
7006,1086538,1086989,mother
7006,1086539,1086758,father
7006,1086539,1086874,father
7006,1086539,1086990,father
7006,1086540,1086758,mother
7006,1086540,1086874,mother
7006,1086540,1086990,mother
7006,1086541,1086759,father
7006,1086541,1086875,father
7006,1086541,1086991,father
7006,1086542,1086759,mother
7006,1086542,1086875,mother
7006,1086542,1086991,mother
7006,1086543,1086760,father
7006,1086543,1086876,father
7006,1086543,1086992,father
7006,1086544,1086760,mother
7006,1086544,1086876,mother
7006,1086544,1086992,mother
7006,1086545,1086761,father
7006,1086545,1086877,father
7006,1086545,1086993,father
7006,1086546,1086761,mother
7006,1086546,1086877,mother
7006,1086546,1086993,mother
7006,1086547,1086762,father
7006,1086547,1086878,father
7006,1086548,1086762,mother
7006,1086548,1086878,mother
7006,1086549,1086763,father
7006,1086549,1086879,father
7006,1086550,1086763,mother
7006,1086550,1086879,mother
7006,1086551,1086764,father
7006,1086551,1086880,father
7006,1086552,1086764,mother
7006,1086552,1086880,mother
7006,1086553,1086765,father
7006,1086553,1086881,father
7006,1086554,1086765,mother
7006,1086554,1086881,mother
7006,1086555,1086766,father
7006,1086555,1086882,father
7006,1086556,1086766,mother
7006,1086556,1086882,mother
7006,1086557,1086767,father
7006,1086557,1086883,father
7006,1086558,1086767,mother
7006,1086558,1086883,mother
7006,1086559,1086768,father
7006,1086559,1086884,father
7006,1086560,1086768,mother
7006,1086560,1086884,mother
7006,1086561,1086769,father
7006,1086561,1086885,father
7006,1086562,1086769,mother
7006,1086562,1086885,mother
7006,1086563,1086770,father
7006,1086563,1086886,father
7006,1086564,1086770,mother
7006,1086564,1086886,mother
7006,1086565,1086771,father
7006,1086565,1086887,father
7006,1086566,1086771,mother
7006,1086566,1086887,mother
7006,1086567,1086772,father
7006,1086567,1086888,father
7006,1086568,1086772,mother
7006,1086568,1086888,mother
7006,1086569,1086773,father
7006,1086569,1086889,father
7006,1086570,1086773,mother
7006,1086570,1086889,mother
7006,1086571,1086774,father
7006,1086571,1086890,father
7006,1086572,1086774,mother
7006,1086572,1086890,mother
7006,1086573,1086775,father
7006,1086573,1086891,father
7006,1086574,1086775,mother
7006,1086574,1086891,mother
7006,1086575,1086776,father
7006,1086575,1086892,father
7006,1086576,1086776,mother
7006,1086576,1086892,mother
7006,1086577,1086777,father
7006,1086577,1086893,father
7006,1086578,1086777,mother
7006,1086578,1086893,mother
7006,1086579,1086778,father
7006,1086579,1086894,father
7006,1086580,1086778,mother
7006,1086580,1086894,mother
7006,1086581,1086779,father
7006,1086581,1086895,father
7006,1086582,1086779,mother
7006,1086582,1086895,mother
7006,1086583,1086780,father
7006,1086583,1086896,father
7006,1086584,1086780,mother
7006,1086584,1086896,mother
7006,1086585,1086781,father
7006,1086585,1086897,father
7006,1086586,1086781,mother
7006,1086586,1086897,mother
7006,1086587,1086782,father
7006,1086587,1086898,father
7006,1086588,1086782,mother
7006,1086588,1086898,mother
7006,1086589,1086783,father
7006,1086589,1086899,father
7006,1086590,1086783,mother
7006,1086590,1086899,mother
7006,1086591,1086784,father
7006,1086591,1086900,father
7006,1086592,1086784,mother
7006,1086592,1086900,mother
7006,1086593,1086785,father
7006,1086593,1086901,father
7006,1086594,1086785,mother
7006,1086594,1086901,mother
7006,1086595,1086786,father
7006,1086595,1086902,father
7006,1086596,1086786,mother
7006,1086596,1086902,mother
7006,1086597,1086787,father
7006,1086597,1086903,father
7006,1086598,1086787,mother
7006,1086598,1086903,mother
7006,1086599,1086788,father
7006,1086599,1086904,father
7006,1086600,1086788,mother
7006,1086600,1086904,mother
7006,1086601,1086789,father
7006,1086601,1086905,father
7006,1086602,1086789,mother
7006,1086602,1086905,mother
7006,1086603,1086790,father
7006,1086603,1086906,father
7006,1086604,1086790,mother
7006,1086604,1086906,mother
7006,1086605,1086791,father
7006,1086605,1086907,father
7006,1086606,1086791,mother
7006,1086606,1086907,mother
7006,1086607,1086792,father
7006,1086607,1086908,father
7006,1086608,1086792,mother
7006,1086608,1086908,mother
7006,1086609,1086793,father
7006,1086609,1086909,father
7006,1086610,1086793,mother
7006,1086610,1086909,mother
7006,1086611,1086794,father
7006,1086611,1086910,father
7006,1086612,1086794,mother
7006,1086612,1086910,mother
7006,1086613,1086795,father
7006,1086613,1086911,father
7006,1086614,1086795,mother
7006,1086614,1086911,mother
7006,1086615,1086796,father
7006,1086615,1086912,father
7006,1086616,1086796,mother
7006,1086616,1086912,mother
7006,1086617,1086797,father
7006,1086617,1086913,father
7006,1086618,1086797,mother
7006,1086618,1086913,mother
7006,1086619,1086798,father
7006,1086619,1086914,father
7006,1086620,1086798,mother
7006,1086620,1086914,mother
7006,1086621,1086799,father
7006,1086621,1086915,father
7006,1086622,1086799,mother
7006,1086622,1086915,mother
7006,1086623,1086800,father
7006,1086623,1086916,father
7006,1086624,1086800,mother
7006,1086624,1086916,mother
7006,1086625,1086801,father
7006,1086625,1086917,father
7006,1086626,1086801,mother
7006,1086626,1086917,mother
7006,1086627,1086802,father
7006,1086627,1086918,father
7006,1086628,1086802,mother
7006,1086628,1086918,mother
7006,1086629,1086803,father
7006,1086629,1086919,father
7006,1086630,1086803,mother
7006,1086630,1086919,mother
7006,1086631,1086804,father
7006,1086631,1086920,father
7006,1086632,1086804,mother
7006,1086632,1086920,mother
7006,1086633,1086805,father
7006,1086633,1086921,father
7006,1086634,1086805,mother
7006,1086634,1086921,mother
7006,1086635,1086806,father
7006,1086635,1086922,father
7006,1086636,1086806,mother
7006,1086636,1086922,mother
7006,1086637,1086807,father
7006,1086637,1086923,father
7006,1086638,1086807,mother
7006,1086638,1086923,mother
7006,1086639,1086808,father
7006,1086639,1086924,father
7006,1086640,1086808,mother
7006,1086640,1086924,mother
7006,1086641,1086809,father
7006,1086641,1086925,father
7006,1086642,1086809,mother
7006,1086642,1086925,mother
7006,1086643,1086810,father
7006,1086643,1086926,father
7006,1086644,1086810,mother
7006,1086644,1086926,mother
7006,1086645,1086811,father
7006,1086645,1086927,father
7006,1086646,1086811,mother
7006,1086646,1086927,mother
7006,1086647,1086812,father
7006,1086647,1086928,father
7006,1086648,1086812,mother
7006,1086648,1086928,mother
7006,1086649,1086813,father
7006,1086649,1086929,father
7006,1086650,1086813,mother
7006,1086650,1086929,mother
7006,1086651,1086814,father
7006,1086651,1086930,father
7006,1086652,1086814,mother
7006,1086652,1086930,mother
7006,1086653,1086815,father
7006,1086653,1086931,father
7006,1086654,1086815,mother
7006,1086654,1086931,mother
7006,1086655,1086816,father
7006,1086655,1086932,father
7006,1086656,1086816,mother
7006,1086656,1086932,mother
7006,1086657,1086817,father
7006,1086657,1086933,father
7006,1086658,1086817,mother
7006,1086658,1086933,mother
7006,1086659,1086818,father
7006,1086659,1086934,father
7006,1086660,1086818,mother
7006,1086660,1086934,mother
7006,1086661,1086819,father
7006,1086661,1086935,father
7006,1086662,1086819,mother
7006,1086662,1086935,mother
7006,1086663,1086820,father
7006,1086663,1086936,father
7006,1086664,1086820,mother
7006,1086664,1086936,mother
7006,1086665,1086821,father
7006,1086665,1086937,father
7006,1086666,1086821,mother
7006,1086666,1086937,mother
7006,1086667,1086822,father
7006,1086667,1086938,father
7006,1086668,1086822,mother
7006,1086668,1086938,mother
7006,1086669,1086823,father
7006,1086669,1086939,father
7006,1086670,1086823,mother
7006,1086670,1086939,mother
7006,1086671,1086824,father
7006,1086671,1086940,father
7006,1086672,1086824,mother
7006,1086672,1086940,mother
7006,1086673,1086825,father
7006,1086673,1086941,father
7006,1086674,1086825,mother
7006,1086674,1086941,mother
7006,1086675,1086826,father
7006,1086675,1086942,father
7006,1086676,1086826,mother
7006,1086676,1086942,mother
7006,1086677,1086827,father
7006,1086677,1086943,father
7006,1086678,1086827,mother
7006,1086678,1086943,mother
7006,1086679,1086828,father
7006,1086679,1086944,father
7006,1086680,1086828,mother
7006,1086680,1086944,mother
7006,1086681,1086829,father
7006,1086681,1086945,father
7006,1086682,1086829,mother
7006,1086682,1086945,mother
7006,1086683,1086830,father
7006,1086683,1086946,father
7006,1086684,1086830,mother
7006,1086684,1086946,mother
7006,1086685,1086831,father
7006,1086685,1086947,father
7006,1086686,1086831,mother
7006,1086686,1086947,mother
7006,1086687,1086832,father
7006,1086687,1086948,father
7006,1086688,1086832,mother
7006,1086688,1086948,mother
7006,1086689,1086833,father
7006,1086689,1086949,father
7006,1086690,1086833,mother
7006,1086690,1086949,mother
7006,1086691,1086834,father
7006,1086691,1086950,father
7006,1086692,1086834,mother
7006,1086692,1086950,mother
7006,1086693,1086835,father
7006,1086693,1086951,father
7006,1086694,1086835,mother
7006,1086694,1086951,mother
7006,1086695,1086836,father
7006,1086695,1086952,father
7006,1086696,1086836,mother
7006,1086696,1086952,mother
7006,1086697,1086837,father
7006,1086697,1086953,father
7006,1086698,1086837,mother
7006,1086698,1086953,mother
7006,1086699,1086838,father
7006,1086699,1086954,father
7006,1086700,1086838,mother
7006,1086700,1086954,mother
7006,1086701,1086839,father
7006,1086701,1086955,father
7006,1086702,1086839,mother
7006,1086702,1086955,mother
7006,1086703,1086840,father
7006,1086703,1086956,father
7006,1086704,1086840,mother
7006,1086704,1086956,mother
7006,1086705,1086841,father
7006,1086705,1086957,father
7006,1086706,1086841,mother
7006,1086706,1086957,mother
7006,1086707,1086842,father
7006,1086707,1086958,father
7006,1086708,1086842,mother
7006,1086708,1086958,mother
7006,1086709,1086843,father
7006,1086709,1086959,father
7006,1086710,1086843,mother
7006,1086710,1086959,mother
7006,1086711,1086844,father
7006,1086711,1086960,father
7006,1086712,1086844,mother
7006,1086712,1086960,mother
7006,1086713,1086845,father
7006,1086713,1086961,father
7006,1086714,1086845,mother
7006,1086714,1086961,mother
7006,1086715,1086846,father
7006,1086715,1086962,father
7006,1086716,1086846,mother
7006,1086716,1086962,mother
7006,1086717,1086847,father
7006,1086717,1086963,father
7006,1086718,1086847,mother
7006,1086718,1086963,mother
7006,1086719,1086848,father
7006,1086719,1086964,father
7006,1086720,1086848,mother
7006,1086720,1086964,mother
7006,1086721,1086849,father
7006,1086721,1086965,father
7006,1086722,1086849,mother
7006,1086722,1086965,mother
7006,1086723,1086850,father
7006,1086723,1086966,father
7006,1086724,1086850,mother
7006,1086724,1086966,mother
7006,1086725,1086851,father
7006,1086725,1086967,father
7006,1086726,1086851,mother
7006,1086726,1086967,mother
7006,1086727,1086852,father
7006,1086727,1086968,father
7006,1086728,1086852,mother
7006,1086728,1086968,mother
7006,1086729,1086853,father
7006,1086729,1086969,father
7006,1086730,1086853,mother
7006,1086730,1086969,mother
7006,1086731,1086854,father
7006,1086731,1086970,father
7006,1086732,1086854,mother
7006,1086732,1086970,mother
7006,1086733,1086855,father
7006,1086733,1086971,father
7006,1086734,1086855,mother
7006,1086734,1086971,mother
7006,1086735,1086856,father
7006,1086735,1086972,father
7006,1086736,1086856,mother
7006,1086736,1086972,mother
7006,1086737,1086857,father
7006,1086737,1086973,father
7006,1086738,1086857,mother
7006,1086738,1086973,mother
7006,1086739,1086858,father
7006,1086739,1086974,father
7006,1086740,1086858,mother
7006,1086740,1086974,mother
7006,1086741,1086859,father
7006,1086741,1086975,father
7006,1086742,1086859,mother
7006,1086742,1086975,mother
7006,1086743,1086860,father
7006,1086743,1086976,father
7006,1086744,1086860,mother
7006,1086744,1086976,mother
7006,1086745,1086994,father
7006,1086745,1087119,father
7006,1086746,1086994,mother
7006,1086746,1087118,mother
7006,1086746,1087242,mother
7006,1086747,1086995,father
7006,1086747,1087120,father
7006,1086748,1086995,mother
7006,1086748,1087119,mother
7006,1086749,1086996,father
7006,1086749,1087121,father
7006,1086750,1086996,mother
7006,1086750,1087120,mother
7006,1086751,1086997,father
7006,1086751,1087122,father
7006,1086752,1086997,mother
7006,1086752,1087121,mother
7006,1086753,1086998,father
7006,1086753,1087123,father
7006,1086754,1086998,mother
7006,1086754,1087122,mother
7006,1086755,1086999,father
7006,1086755,1087124,father
7006,1086756,1086999,mother
7006,1086756,1087123,mother
7006,1086757,1087000,father
7006,1086757,1087125,father
7006,1086758,1087000,mother
7006,1086758,1087124,mother
7006,1086759,1087001,father
7006,1086759,1087126,father
7006,1086760,1087001,mother
7006,1086760,1087125,mother
7006,1086761,1087002,father
7006,1086761,1087127,father
7006,1086762,1087002,mother
7006,1086762,1087126,mother
7006,1086763,1087003,father
7006,1086763,1087128,father
7006,1086764,1087003,mother
7006,1086764,1087127,mother
7006,1086765,1087004,father
7006,1086765,1087129,father
7006,1086766,1087004,mother
7006,1086766,1087128,mother
7006,1086767,1087005,father
7006,1086767,1087130,father
7006,1086768,1087005,mother
7006,1086768,1087129,mother
7006,1086769,1087006,father
7006,1086769,1087131,father
7006,1086770,1087006,mother
7006,1086770,1087130,mother
7006,1086771,1087007,father
7006,1086771,1087132,father
7006,1086772,1087007,mother
7006,1086772,1087131,mother
7006,1086773,1087008,father
7006,1086773,1087133,father
7006,1086774,1087008,mother
7006,1086774,1087132,mother
7006,1086775,1087009,father
7006,1086775,1087134,father
7006,1086776,1087009,mother
7006,1086776,1087133,mother
7006,1086777,1087010,father
7006,1086777,1087135,father
7006,1086778,1087010,mother
7006,1086778,1087134,mother
7006,1086779,1087011,father
7006,1086779,1087136,father
7006,1086780,1087011,mother
7006,1086780,1087135,mother
7006,1086781,1087012,father
7006,1086781,1087137,father
7006,1086782,1087012,mother
7006,1086782,1087136,mother
7006,1086783,1087013,father
7006,1086783,1087138,father
7006,1086784,1087013,mother
7006,1086784,1087137,mother
7006,1086785,1087014,father
7006,1086785,1087139,father
7006,1086786,1087014,mother
7006,1086786,1087138,mother
7006,1086787,1087015,father
7006,1086787,1087140,father
7006,1086788,1087015,mother
7006,1086788,1087139,mother
7006,1086789,1087016,father
7006,1086789,1087141,father
7006,1086790,1087016,mother
7006,1086790,1087140,mother
7006,1086791,1087017,father
7006,1086791,1087142,father
7006,1086792,1087017,mother
7006,1086792,1087141,mother
7006,1086793,1087018,father
7006,1086793,1087143,father
7006,1086794,1087018,mother
7006,1086794,1087142,mother
7006,1086795,1087019,father
7006,1086795,1087144,father
7006,1086796,1087019,mother
7006,1086796,1087143,mother
7006,1086797,1087020,father
7006,1086797,1087145,father
7006,1086798,1087020,mother
7006,1086798,1087144,mother
7006,1086799,1087021,father
7006,1086799,1087146,father
7006,1086800,1087021,mother
7006,1086800,1087145,mother
7006,1086801,1087022,father
7006,1086801,1087147,father
7006,1086802,1087022,mother
7006,1086802,1087146,mother
7006,1086803,1087023,father
7006,1086803,1087148,father
7006,1086804,1087023,mother
7006,1086804,1087147,mother
7006,1086805,1087024,father
7006,1086805,1087149,father
7006,1086806,1087024,mother
7006,1086806,1087148,mother
7006,1086807,1087025,father
7006,1086807,1087150,father
7006,1086808,1087025,mother
7006,1086808,1087149,mother
7006,1086809,1087026,father
7006,1086809,1087151,father
7006,1086810,1087026,mother
7006,1086810,1087150,mother
7006,1086811,1087027,father
7006,1086811,1087152,father
7006,1086812,1087027,mother
7006,1086812,1087151,mother
7006,1086813,1087028,father
7006,1086813,1087153,father
7006,1086814,1087028,mother
7006,1086814,1087152,mother
7006,1086815,1087029,father
7006,1086815,1087154,father
7006,1086816,1087029,mother
7006,1086816,1087153,mother
7006,1086817,1087030,father
7006,1086817,1087155,father
7006,1086818,1087030,mother
7006,1086818,1087154,mother
7006,1086819,1087031,father
7006,1086819,1087156,father
7006,1086820,1087031,mother
7006,1086820,1087155,mother
7006,1086821,1087032,father
7006,1086821,1087157,father
7006,1086822,1087032,mother
7006,1086822,1087156,mother
7006,1086823,1087033,father
7006,1086823,1087158,father
7006,1086824,1087033,mother
7006,1086824,1087157,mother
7006,1086825,1087034,father
7006,1086825,1087159,father
7006,1086826,1087034,mother
7006,1086826,1087158,mother
7006,1086827,1087035,father
7006,1086827,1087160,father
7006,1086828,1087035,mother
7006,1086828,1087159,mother
7006,1086829,1087036,father
7006,1086829,1087161,father
7006,1086830,1087036,mother
7006,1086830,1087160,mother
7006,1086831,1087037,father
7006,1086831,1087162,father
7006,1086832,1087037,mother
7006,1086832,1087161,mother
7006,1086833,1087038,father
7006,1086833,1087163,father
7006,1086834,1087038,mother
7006,1086834,1087162,mother
7006,1086835,1087039,father
7006,1086835,1087164,father
7006,1086836,1087039,mother
7006,1086836,1087163,mother
7006,1086837,1087040,father
7006,1086837,1087165,father
7006,1086838,1087040,mother
7006,1086838,1087164,mother
7006,1086839,1087041,father
7006,1086839,1087166,father
7006,1086840,1087041,mother
7006,1086840,1087165,mother
7006,1086841,1087042,father
7006,1086841,1087167,father
7006,1086842,1087042,mother
7006,1086842,1087166,mother
7006,1086843,1087043,father
7006,1086843,1087168,father
7006,1086844,1087043,mother
7006,1086844,1087167,mother
7006,1086845,1087044,father
7006,1086845,1087169,father
7006,1086846,1087044,mother
7006,1086846,1087168,mother
7006,1086847,1087045,father
7006,1086847,1087170,father
7006,1086848,1087045,mother
7006,1086848,1087169,mother
7006,1086849,1087046,father
7006,1086849,1087171,father
7006,1086850,1087046,mother
7006,1086850,1087170,mother
7006,1086851,1087047,father
7006,1086851,1087172,father
7006,1086852,1087047,mother
7006,1086852,1087171,mother
7006,1086853,1087048,father
7006,1086853,1087173,father
7006,1086854,1087048,mother
7006,1086854,1087172,mother
7006,1086855,1087049,father
7006,1086855,1087174,father
7006,1086856,1087049,mother
7006,1086856,1087173,mother
7006,1086857,1087050,father
7006,1086857,1087175,father
7006,1086858,1087050,mother
7006,1086858,1087174,mother
7006,1086859,1087051,father
7006,1086859,1087176,father
7006,1086860,1087051,mother
7006,1086860,1087175,mother
7006,1086861,1087052,father
7006,1086861,1087177,father
7006,1086862,1087052,mother
7006,1086862,1087176,mother
7006,1086863,1087053,father
7006,1086863,1087178,father
7006,1086864,1087053,mother
7006,1086864,1087177,mother
7006,1086865,1087054,father
7006,1086865,1087179,father
7006,1086866,1087054,mother
7006,1086866,1087178,mother
7006,1086867,1087055,father
7006,1086867,1087180,father
7006,1086868,1087055,mother
7006,1086868,1087179,mother
7006,1086869,1087056,father
7006,1086869,1087181,father
7006,1086870,1087056,mother
7006,1086870,1087180,mother
7006,1086871,1087057,father
7006,1086871,1087182,father
7006,1086872,1087057,mother
7006,1086872,1087181,mother
7006,1086873,1087058,father
7006,1086873,1087183,father
7006,1086874,1087058,mother
7006,1086874,1087182,mother
7006,1086875,1087059,father
7006,1086875,1087184,father
7006,1086876,1087059,mother
7006,1086876,1087183,mother
7006,1086877,1087060,father
7006,1086877,1087185,father
7006,1086878,1087060,mother
7006,1086878,1087184,mother
7006,1086879,1087061,father
7006,1086879,1087186,father
7006,1086880,1087061,mother
7006,1086880,1087185,mother
7006,1086881,1087062,father
7006,1086881,1087187,father
7006,1086882,1087062,mother
7006,1086882,1087186,mother
7006,1086883,1087063,father
7006,1086883,1087188,father
7006,1086884,1087063,mother
7006,1086884,1087187,mother
7006,1086885,1087064,father
7006,1086885,1087189,father
7006,1086886,1087064,mother
7006,1086886,1087188,mother
7006,1086887,1087065,father
7006,1086887,1087190,father
7006,1086888,1087065,mother
7006,1086888,1087189,mother
7006,1086889,1087066,father
7006,1086889,1087191,father
7006,1086890,1087066,mother
7006,1086890,1087190,mother
7006,1086891,1087067,father
7006,1086891,1087192,father
7006,1086892,1087067,mother
7006,1086892,1087191,mother
7006,1086893,1087068,father
7006,1086893,1087193,father
7006,1086894,1087068,mother
7006,1086894,1087192,mother
7006,1086895,1087069,father
7006,1086895,1087194,father
7006,1086896,1087069,mother
7006,1086896,1087193,mother
7006,1086897,1087070,father
7006,1086897,1087195,father
7006,1086898,1087070,mother
7006,1086898,1087194,mother
7006,1086899,1087071,father
7006,1086899,1087196,father
7006,1086900,1087071,mother
7006,1086900,1087195,mother
7006,1086901,1087072,father
7006,1086901,1087197,father
7006,1086902,1087072,mother
7006,1086902,1087196,mother
7006,1086903,1087073,father
7006,1086903,1087198,father
7006,1086904,1087073,mother
7006,1086904,1087197,mother
7006,1086905,1087074,father
7006,1086905,1087199,father
7006,1086906,1087074,mother
7006,1086906,1087198,mother
7006,1086907,1087075,father
7006,1086907,1087200,father
7006,1086908,1087075,mother
7006,1086908,1087199,mother
7006,1086909,1087076,father
7006,1086909,1087201,father
7006,1086910,1087076,mother
7006,1086910,1087200,mother
7006,1086911,1087077,father
7006,1086911,1087202,father
7006,1086912,1087077,mother
7006,1086912,1087201,mother
7006,1086913,1087078,father
7006,1086913,1087203,father
7006,1086914,1087078,mother
7006,1086914,1087202,mother
7006,1086915,1087079,father
7006,1086915,1087204,father
7006,1086916,1087079,mother
7006,1086916,1087203,mother
7006,1086917,1087080,father
7006,1086917,1087205,father
7006,1086918,1087080,mother
7006,1086918,1087204,mother
7006,1086919,1087081,father
7006,1086919,1087206,father
7006,1086920,1087081,mother
7006,1086920,1087205,mother
7006,1086921,1087082,father
7006,1086921,1087207,father
7006,1086922,1087082,mother
7006,1086922,1087206,mother
7006,1086923,1087083,father
7006,1086923,1087208,father
7006,1086924,1087083,mother
7006,1086924,1087207,mother
7006,1086925,1087084,father
7006,1086925,1087209,father
7006,1086926,1087084,mother
7006,1086926,1087208,mother
7006,1086927,1087085,father
7006,1086927,1087210,father
7006,1086928,1087085,mother
7006,1086928,1087209,mother
7006,1086929,1087086,father
7006,1086929,1087211,father
7006,1086930,1087086,mother
7006,1086930,1087210,mother
7006,1086931,1087087,father
7006,1086931,1087212,father
7006,1086932,1087087,mother
7006,1086932,1087211,mother
7006,1086933,1087088,father
7006,1086933,1087213,father
7006,1086934,1087088,mother
7006,1086934,1087212,mother
7006,1086935,1087089,father
7006,1086935,1087214,father
7006,1086936,1087089,mother
7006,1086936,1087213,mother
7006,1086937,1087090,father
7006,1086937,1087215,father
7006,1086938,1087090,mother
7006,1086938,1087214,mother
7006,1086939,1087091,father
7006,1086939,1087216,father
7006,1086940,1087091,mother
7006,1086940,1087215,mother
7006,1086941,1087092,father
7006,1086941,1087217,father
7006,1086942,1087092,mother
7006,1086942,1087216,mother
7006,1086943,1087093,father
7006,1086943,1087218,father
7006,1086944,1087093,mother
7006,1086944,1087217,mother
7006,1086945,1087094,father
7006,1086945,1087219,father
7006,1086946,1087094,mother
7006,1086946,1087218,mother
7006,1086947,1087095,father
7006,1086947,1087220,father
7006,1086948,1087095,mother
7006,1086948,1087219,mother
7006,1086949,1087096,father
7006,1086949,1087221,father
7006,1086950,1087096,mother
7006,1086950,1087220,mother
7006,1086951,1087097,father
7006,1086951,1087222,father
7006,1086952,1087097,mother
7006,1086952,1087221,mother
7006,1086953,1087098,father
7006,1086953,1087223,father
7006,1086954,1087098,mother
7006,1086954,1087222,mother
7006,1086955,1087099,father
7006,1086955,1087224,father
7006,1086956,1087099,mother
7006,1086956,1087223,mother
7006,1086957,1087100,father
7006,1086957,1087225,father
7006,1086958,1087100,mother
7006,1086958,1087224,mother
7006,1086959,1087101,father
7006,1086959,1087226,father
7006,1086960,1087101,mother
7006,1086960,1087225,mother
7006,1086961,1087102,father
7006,1086961,1087227,father
7006,1086962,1087102,mother
7006,1086962,1087226,mother
7006,1086963,1087103,father
7006,1086963,1087228,father
7006,1086964,1087103,mother
7006,1086964,1087227,mother
7006,1086965,1087104,father
7006,1086965,1087229,father
7006,1086966,1087104,mother
7006,1086966,1087228,mother
7006,1086967,1087105,father
7006,1086967,1087230,father
7006,1086968,1087105,mother
7006,1086968,1087229,mother
7006,1086969,1087106,father
7006,1086969,1087231,father
7006,1086970,1087106,mother
7006,1086970,1087230,mother
7006,1086971,1087107,father
7006,1086971,1087232,father
7006,1086972,1087107,mother
7006,1086972,1087231,mother
7006,1086973,1087108,father
7006,1086973,1087233,father
7006,1086974,1087108,mother
7006,1086974,1087232,mother
7006,1086975,1087109,father
7006,1086975,1087234,father
7006,1086976,1087109,mother
7006,1086976,1087233,mother
7006,1086977,1087110,father
7006,1086977,1087235,father
7006,1086978,1087110,mother
7006,1086978,1087234,mother
7006,1086979,1087111,father
7006,1086979,1087236,father
7006,1086980,1087111,mother
7006,1086980,1087235,mother
7006,1086981,1087112,father
7006,1086981,1087237,father
7006,1086982,1087112,mother
7006,1086982,1087236,mother
7006,1086983,1087113,father
7006,1086983,1087238,father
7006,1086984,1087113,mother
7006,1086984,1087237,mother
7006,1086985,1087114,father
7006,1086985,1087239,father
7006,1086986,1087114,mother
7006,1086986,1087238,mother
7006,1086987,1087115,father
7006,1086987,1087240,father
7006,1086988,1087115,mother
7006,1086988,1087239,mother
7006,1086989,1087116,father
7006,1086989,1087241,father
7006,1086990,1087116,mother
7006,1086990,1087240,mother
7006,1086991,1087117,father
7006,1086991,1087242,father
7006,1086992,1087117,mother
7006,1086992,1087241,mother
7006,1086993,1087118,father
7006,1086994,1087243,father
7006,1086994,1087368,father
7006,1086995,1087243,mother
7006,1086995,1087367,mother
7006,1086996,1087244,father
7006,1086996,1087369,father
7006,1086997,1087244,mother
7006,1086997,1087368,mother
7006,1086998,1087245,father
7006,1086998,1087370,father
7006,1086999,1087245,mother
7006,1086999,1087369,mother
7006,1087000,1087246,father
7006,1087000,1087371,father
7006,1087001,1087246,mother
7006,1087001,1087370,mother
7006,1087002,1087247,father
7006,1087002,1087372,father
7006,1087003,1087247,mother
7006,1087003,1087371,mother
7006,1087004,1087248,father
7006,1087004,1087373,father
7006,1087005,1087248,mother
7006,1087005,1087372,mother
7006,1087006,1087249,father
7006,1087006,1087374,father
7006,1087007,1087249,mother
7006,1087007,1087373,mother
7006,1087008,1087250,father
7006,1087008,1087375,father
7006,1087009,1087250,mother
7006,1087009,1087374,mother
7006,1087010,1087251,father
7006,1087010,1087376,father
7006,1087011,1087251,mother
7006,1087011,1087375,mother
7006,1087012,1087252,father
7006,1087012,1087377,father
7006,1087013,1087252,mother
7006,1087013,1087376,mother
7006,1087014,1087253,father
7006,1087014,1087378,father
7006,1087015,1087253,mother
7006,1087015,1087377,mother
7006,1087016,1087254,father
7006,1087016,1087379,father
7006,1087017,1087254,mother
7006,1087017,1087378,mother
7006,1087018,1087255,father
7006,1087018,1087380,father
7006,1087019,1087255,mother
7006,1087019,1087379,mother
7006,1087020,1087256,father
7006,1087020,1087381,father
7006,1087021,1087256,mother
7006,1087021,1087380,mother
7006,1087022,1087257,father
7006,1087022,1087382,father
7006,1087023,1087257,mother
7006,1087023,1087381,mother
7006,1087024,1087258,father
7006,1087024,1087383,father
7006,1087025,1087258,mother
7006,1087025,1087382,mother
7006,1087026,1087259,father
7006,1087026,1087384,father
7006,1087027,1087259,mother
7006,1087027,1087383,mother
7006,1087028,1087260,father
7006,1087028,1087385,father
7006,1087029,1087260,mother
7006,1087029,1087384,mother
7006,1087030,1087261,father
7006,1087030,1087386,father
7006,1087031,1087261,mother
7006,1087031,1087385,mother
7006,1087032,1087262,father
7006,1087032,1087387,father
7006,1087033,1087262,mother
7006,1087033,1087386,mother
7006,1087034,1087263,father
7006,1087034,1087388,father
7006,1087035,1087263,mother
7006,1087035,1087387,mother
7006,1087036,1087264,father
7006,1087036,1087389,father
7006,1087037,1087264,mother
7006,1087037,1087388,mother
7006,1087038,1087265,father
7006,1087038,1087390,father
7006,1087039,1087265,mother
7006,1087039,1087389,mother
7006,1087040,1087266,father
7006,1087040,1087391,father
7006,1087041,1087266,mother
7006,1087041,1087390,mother
7006,1087042,1087267,father
7006,1087042,1087392,father
7006,1087043,1087267,mother
7006,1087043,1087391,mother
7006,1087044,1087268,father
7006,1087044,1087393,father
7006,1087045,1087268,mother
7006,1087045,1087392,mother
7006,1087046,1087269,father
7006,1087046,1087394,father
7006,1087047,1087269,mother
7006,1087047,1087393,mother
7006,1087048,1087270,father
7006,1087048,1087395,father
7006,1087049,1087270,mother
7006,1087049,1087394,mother
7006,1087050,1087271,father
7006,1087050,1087396,father
7006,1087051,1087271,mother
7006,1087051,1087395,mother
7006,1087052,1087272,father
7006,1087052,1087397,father
7006,1087053,1087272,mother
7006,1087053,1087396,mother
7006,1087054,1087273,father
7006,1087054,1087398,father
7006,1087055,1087273,mother
7006,1087055,1087397,mother
7006,1087056,1087274,father
7006,1087056,1087399,father
7006,1087057,1087274,mother
7006,1087057,1087398,mother
7006,1087058,1087275,father
7006,1087058,1087400,father
7006,1087059,1087275,mother
7006,1087059,1087399,mother
7006,1087060,1087276,father
7006,1087060,1087401,father
7006,1087061,1087276,mother
7006,1087061,1087400,mother
7006,1087062,1087277,father
7006,1087062,1087402,father
7006,1087063,1087277,mother
7006,1087063,1087401,mother
7006,1087064,1087278,father
7006,1087064,1087403,father
7006,1087065,1087278,mother
7006,1087065,1087402,mother
7006,1087066,1087279,father
7006,1087066,1087404,father
7006,1087067,1087279,mother
7006,1087067,1087403,mother
7006,1087068,1087280,father
7006,1087068,1087405,father
7006,1087069,1087280,mother
7006,1087069,1087404,mother
7006,1087070,1087281,father
7006,1087070,1087406,father
7006,1087071,1087281,mother
7006,1087071,1087405,mother
7006,1087072,1087282,father
7006,1087072,1087407,father
7006,1087073,1087282,mother
7006,1087073,1087406,mother
7006,1087074,1087283,father
7006,1087074,1087408,father
7006,1087075,1087283,mother
7006,1087075,1087407,mother
7006,1087076,1087284,father
7006,1087076,1087409,father
7006,1087077,1087284,mother
7006,1087077,1087408,mother
7006,1087078,1087285,father
7006,1087078,1087410,father
7006,1087079,1087285,mother
7006,1087079,1087409,mother
7006,1087080,1087286,father
7006,1087080,1087411,father
7006,1087081,1087286,mother
7006,1087081,1087410,mother
7006,1087082,1087287,father
7006,1087082,1087412,father
7006,1087083,1087287,mother
7006,1087083,1087411,mother
7006,1087084,1087288,father
7006,1087084,1087413,father
7006,1087085,1087288,mother
7006,1087085,1087412,mother
7006,1087086,1087289,father
7006,1087086,1087414,father
7006,1087087,1087289,mother
7006,1087087,1087413,mother
7006,1087088,1087290,father
7006,1087088,1087415,father
7006,1087089,1087290,mother
7006,1087089,1087414,mother
7006,1087090,1087291,father
7006,1087090,1087416,father
7006,1087091,1087291,mother
7006,1087091,1087415,mother
7006,1087092,1087292,father
7006,1087092,1087417,father
7006,1087093,1087292,mother
7006,1087093,1087416,mother
7006,1087094,1087293,father
7006,1087094,1087418,father
7006,1087095,1087293,mother
7006,1087095,1087417,mother
7006,1087096,1087294,father
7006,1087096,1087419,father
7006,1087097,1087294,mother
7006,1087097,1087418,mother
7006,1087098,1087295,father
7006,1087098,1087420,father
7006,1087099,1087295,mother
7006,1087099,1087419,mother
7006,1087100,1087296,father
7006,1087100,1087421,father
7006,1087101,1087296,mother
7006,1087101,1087420,mother
7006,1087102,1087297,father
7006,1087102,1087422,father
7006,1087103,1087297,mother
7006,1087103,1087421,mother
7006,1087104,1087298,father
7006,1087104,1087423,father
7006,1087105,1087298,mother
7006,1087105,1087422,mother
7006,1087106,1087299,father
7006,1087106,1087424,father
7006,1087107,1087299,mother
7006,1087107,1087423,mother
7006,1087108,1087300,father
7006,1087108,1087425,father
7006,1087109,1087300,mother
7006,1087109,1087424,mother
7006,1087110,1087301,father
7006,1087110,1087426,father
7006,1087111,1087301,mother
7006,1087111,1087425,mother
7006,1087112,1087302,father
7006,1087112,1087427,father
7006,1087113,1087302,mother
7006,1087113,1087426,mother
7006,1087114,1087303,father
7006,1087114,1087428,father
7006,1087115,1087303,mother
7006,1087115,1087427,mother
7006,1087116,1087304,father
7006,1087116,1087429,father
7006,1087117,1087304,mother
7006,1087117,1087428,mother
7006,1087118,1087305,father
7006,1087118,1087430,father
7006,1087119,1087305,mother
7006,1087119,1087429,mother
7006,1087120,1087306,father
7006,1087120,1087431,father
7006,1087121,1087306,mother
7006,1087121,1087430,mother
7006,1087122,1087307,father
7006,1087122,1087432,father
7006,1087123,1087307,mother
7006,1087123,1087431,mother
7006,1087124,1087308,father
7006,1087124,1087433,father
7006,1087125,1087308,mother
7006,1087125,1087432,mother
7006,1087126,1087309,father
7006,1087126,1087434,father
7006,1087127,1087309,mother
7006,1087127,1087433,mother
7006,1087128,1087310,father
7006,1087128,1087435,father
7006,1087129,1087310,mother
7006,1087129,1087434,mother
7006,1087130,1087311,father
7006,1087130,1087436,father
7006,1087131,1087311,mother
7006,1087131,1087435,mother
7006,1087132,1087312,father
7006,1087132,1087437,father
7006,1087133,1087312,mother
7006,1087133,1087436,mother
7006,1087134,1087313,father
7006,1087134,1087438,father
7006,1087135,1087313,mother
7006,1087135,1087437,mother
7006,1087136,1087314,father
7006,1087136,1087439,father
7006,1087137,1087314,mother
7006,1087137,1087438,mother
7006,1087138,1087315,father
7006,1087138,1087440,father
7006,1087139,1087315,mother
7006,1087139,1087439,mother
7006,1087140,1087316,father
7006,1087140,1087441,father
7006,1087141,1087316,mother
7006,1087141,1087440,mother
7006,1087142,1087317,father
7006,1087142,1087442,father
7006,1087143,1087317,mother
7006,1087143,1087441,mother
7006,1087144,1087318,father
7006,1087144,1087443,father
7006,1087145,1087318,mother
7006,1087145,1087442,mother
7006,1087146,1087319,father
7006,1087146,1087444,father
7006,1087147,1087319,mother
7006,1087147,1087443,mother
7006,1087148,1087320,father
7006,1087148,1087445,father
7006,1087149,1087320,mother
7006,1087149,1087444,mother
7006,1087150,1087321,father
7006,1087150,1087446,father
7006,1087151,1087321,mother
7006,1087151,1087445,mother
7006,1087152,1087322,father
7006,1087152,1087447,father
7006,1087153,1087322,mother
7006,1087153,1087446,mother
7006,1087154,1087323,father
7006,1087154,1087448,father
7006,1087155,1087323,mother
7006,1087155,1087447,mother
7006,1087156,1087324,father
7006,1087156,1087449,father
7006,1087157,1087324,mother
7006,1087157,1087448,mother
7006,1087158,1087325,father
7006,1087158,1087450,father
7006,1087159,1087325,mother
7006,1087159,1087449,mother
7006,1087160,1087326,father
7006,1087160,1087451,father
7006,1087161,1087326,mother
7006,1087161,1087450,mother
7006,1087162,1087327,father
7006,1087162,1087452,father
7006,1087163,1087327,mother
7006,1087163,1087451,mother
7006,1087164,1087328,father
7006,1087164,1087453,father
7006,1087165,1087328,mother
7006,1087165,1087452,mother
7006,1087166,1087329,father
7006,1087166,1087454,father
7006,1087167,1087329,mother
7006,1087167,1087453,mother
7006,1087168,1087330,father
7006,1087168,1087455,father
7006,1087169,1087330,mother
7006,1087169,1087454,mother
7006,1087170,1087331,father
7006,1087170,1087456,father
7006,1087171,1087331,mother
7006,1087171,1087455,mother
7006,1087172,1087332,father
7006,1087172,1087457,father
7006,1087173,1087332,mother
7006,1087173,1087456,mother
7006,1087174,1087333,father
7006,1087174,1087458,father
7006,1087175,1087333,mother
7006,1087175,1087457,mother
7006,1087176,1087334,father
7006,1087176,1087459,father
7006,1087177,1087334,mother
7006,1087177,1087458,mother
7006,1087178,1087335,father
7006,1087178,1087460,father
7006,1087179,1087335,mother
7006,1087179,1087459,mother
7006,1087180,1087336,father
7006,1087180,1087461,father
7006,1087181,1087336,mother
7006,1087181,1087460,mother
7006,1087182,1087337,father
7006,1087182,1087462,father
7006,1087183,1087337,mother
7006,1087183,1087461,mother
7006,1087184,1087338,father
7006,1087184,1087463,father
7006,1087185,1087338,mother
7006,1087185,1087462,mother
7006,1087186,1087339,father
7006,1087186,1087464,father
7006,1087187,1087339,mother
7006,1087187,1087463,mother
7006,1087188,1087340,father
7006,1087188,1087465,father
7006,1087189,1087340,mother
7006,1087189,1087464,mother
7006,1087190,1087341,father
7006,1087190,1087466,father
7006,1087191,1087341,mother
7006,1087191,1087465,mother
7006,1087192,1087342,father
7006,1087192,1087467,father
7006,1087193,1087342,mother
7006,1087193,1087466,mother
7006,1087194,1087343,father
7006,1087194,1087468,father
7006,1087195,1087343,mother
7006,1087195,1087467,mother
7006,1087196,1087344,father
7006,1087196,1087469,father
7006,1087197,1087344,mother
7006,1087197,1087468,mother
7006,1087198,1087345,father
7006,1087198,1087470,father
7006,1087199,1087345,mother
7006,1087199,1087469,mother
7006,1087200,1087346,father
7006,1087200,1087471,father
7006,1087201,1087346,mother
7006,1087201,1087470,mother
7006,1087202,1087347,father
7006,1087202,1087472,father
7006,1087203,1087347,mother
7006,1087203,1087471,mother
7006,1087204,1087348,father
7006,1087204,1087473,father
7006,1087205,1087348,mother
7006,1087205,1087472,mother
7006,1087206,1087349,father
7006,1087206,1087474,father
7006,1087207,1087349,mother
7006,1087207,1087473,mother
7006,1087208,1087350,father
7006,1087208,1087475,father
7006,1087209,1087350,mother
7006,1087209,1087474,mother
7006,1087210,1087351,father
7006,1087211,1087351,mother
7006,1087211,1087475,mother
7006,1087212,1087352,father
7006,1087213,1087352,mother
7006,1087214,1087353,father
7006,1087215,1087353,mother
7006,1087216,1087354,father
7006,1087217,1087354,mother
7006,1087218,1087355,father
7006,1087219,1087355,mother
7006,1087220,1087356,father
7006,1087221,1087356,mother
7006,1087222,1087357,father
7006,1087223,1087357,mother
7006,1087224,1087358,father
7006,1087225,1087358,mother
7006,1087226,1087359,father
7006,1087227,1087359,mother
7006,1087228,1087360,father
7006,1087229,1087360,mother
7006,1087230,1087361,father
7006,1087231,1087361,mother
7006,1087232,1087362,father
7006,1087233,1087362,mother
7006,1087234,1087363,father
7006,1087235,1087363,mother
7006,1087236,1087364,father
7006,1087237,1087364,mother
7006,1087238,1087365,father
7006,1087239,1087365,mother
7006,1087240,1087366,father
7006,1087241,1087366,mother
7006,1087242,1087367,father
7006,1087243,1087476,father
7006,1087243,1087593,father
7006,1087244,1087476,mother
7006,1087244,1087592,mother
7006,1087245,1087477,father
7006,1087245,1087594,father
7006,1087246,1087477,mother
7006,1087246,1087593,mother
7006,1087247,1087478,father
7006,1087247,1087595,father
7006,1087248,1087478,mother
7006,1087248,1087594,mother
7006,1087249,1087479,father
7006,1087249,1087596,father
7006,1087250,1087479,mother
7006,1087250,1087595,mother
7006,1087251,1087480,father
7006,1087251,1087597,father
7006,1087252,1087480,mother
7006,1087252,1087596,mother
7006,1087253,1087481,father
7006,1087253,1087598,father
7006,1087254,1087481,mother
7006,1087254,1087597,mother
7006,1087255,1087482,father
7006,1087255,1087599,father
7006,1087256,1087482,mother
7006,1087256,1087598,mother
7006,1087257,1087483,father
7006,1087257,1087600,father
7006,1087258,1087483,mother
7006,1087258,1087599,mother
7006,1087259,1087484,father
7006,1087259,1087601,father
7006,1087260,1087484,mother
7006,1087260,1087600,mother
7006,1087261,1087485,father
7006,1087261,1087602,father
7006,1087262,1087485,mother
7006,1087262,1087601,mother
7006,1087263,1087486,father
7006,1087263,1087603,father
7006,1087264,1087486,mother
7006,1087264,1087602,mother
7006,1087265,1087487,father
7006,1087265,1087604,father
7006,1087266,1087487,mother
7006,1087266,1087603,mother
7006,1087267,1087488,father
7006,1087267,1087605,father
7006,1087268,1087488,mother
7006,1087268,1087604,mother
7006,1087269,1087489,father
7006,1087269,1087606,father
7006,1087270,1087489,mother
7006,1087270,1087605,mother
7006,1087271,1087490,father
7006,1087271,1087607,father
7006,1087272,1087490,mother
7006,1087272,1087606,mother
7006,1087273,1087491,father
7006,1087273,1087608,father
7006,1087274,1087491,mother
7006,1087274,1087607,mother
7006,1087275,1087492,father
7006,1087275,1087609,father
7006,1087276,1087492,mother
7006,1087276,1087608,mother
7006,1087277,1087493,father
7006,1087277,1087610,father
7006,1087278,1087493,mother
7006,1087278,1087609,mother
7006,1087279,1087494,father
7006,1087279,1087611,father
7006,1087280,1087494,mother
7006,1087280,1087610,mother
7006,1087281,1087495,father
7006,1087281,1087612,father
7006,1087282,1087495,mother
7006,1087282,1087611,mother
7006,1087283,1087496,father
7006,1087283,1087613,father
7006,1087284,1087496,mother
7006,1087284,1087612,mother
7006,1087285,1087497,father
7006,1087285,1087614,father
7006,1087286,1087497,mother
7006,1087286,1087613,mother
7006,1087287,1087498,father
7006,1087287,1087615,father
7006,1087288,1087498,mother
7006,1087288,1087614,mother
7006,1087289,1087499,father
7006,1087289,1087616,father
7006,1087290,1087499,mother
7006,1087290,1087615,mother
7006,1087291,1087500,father
7006,1087291,1087617,father
7006,1087292,1087500,mother
7006,1087292,1087616,mother
7006,1087293,1087501,father
7006,1087293,1087618,father
7006,1087294,1087501,mother
7006,1087294,1087617,mother
7006,1087295,1087502,father
7006,1087295,1087619,father
7006,1087296,1087502,mother
7006,1087296,1087618,mother
7006,1087297,1087503,father
7006,1087297,1087620,father
7006,1087298,1087503,mother
7006,1087298,1087619,mother
7006,1087299,1087504,father
7006,1087299,1087621,father
7006,1087300,1087504,mother
7006,1087300,1087620,mother
7006,1087301,1087505,father
7006,1087301,1087622,father
7006,1087302,1087505,mother
7006,1087302,1087621,mother
7006,1087303,1087506,father
7006,1087303,1087623,father
7006,1087304,1087506,mother
7006,1087304,1087622,mother
7006,1087305,1087507,father
7006,1087305,1087624,father
7006,1087306,1087507,mother
7006,1087306,1087623,mother
7006,1087307,1087508,father
7006,1087307,1087625,father
7006,1087308,1087508,mother
7006,1087308,1087624,mother
7006,1087309,1087509,father
7006,1087309,1087626,father
7006,1087310,1087509,mother
7006,1087310,1087625,mother
7006,1087311,1087510,father
7006,1087311,1087627,father
7006,1087312,1087510,mother
7006,1087312,1087626,mother
7006,1087313,1087511,father
7006,1087313,1087628,father
7006,1087314,1087511,mother
7006,1087314,1087627,mother
7006,1087315,1087512,father
7006,1087315,1087629,father
7006,1087316,1087512,mother
7006,1087316,1087628,mother
7006,1087317,1087513,father
7006,1087317,1087630,father
7006,1087318,1087513,mother
7006,1087318,1087629,mother
7006,1087319,1087514,father
7006,1087319,1087631,father
7006,1087320,1087514,mother
7006,1087320,1087630,mother
7006,1087321,1087515,father
7006,1087321,1087632,father
7006,1087322,1087515,mother
7006,1087322,1087631,mother
7006,1087323,1087516,father
7006,1087323,1087633,father
7006,1087324,1087516,mother
7006,1087324,1087632,mother
7006,1087325,1087517,father
7006,1087325,1087634,father
7006,1087326,1087517,mother
7006,1087326,1087633,mother
7006,1087327,1087518,father
7006,1087327,1087635,father
7006,1087328,1087518,mother
7006,1087328,1087634,mother
7006,1087329,1087519,father
7006,1087329,1087636,father
7006,1087330,1087519,mother
7006,1087330,1087635,mother
7006,1087331,1087520,father
7006,1087331,1087637,father
7006,1087332,1087520,mother
7006,1087332,1087636,mother
7006,1087333,1087521,father
7006,1087333,1087638,father
7006,1087334,1087521,mother
7006,1087334,1087637,mother
7006,1087335,1087522,father
7006,1087335,1087639,father
7006,1087336,1087522,mother
7006,1087336,1087638,mother
7006,1087337,1087523,father
7006,1087337,1087640,father
7006,1087338,1087523,mother
7006,1087338,1087639,mother
7006,1087339,1087524,father
7006,1087339,1087641,father
7006,1087340,1087524,mother
7006,1087340,1087640,mother
7006,1087341,1087525,father
7006,1087341,1087642,father
7006,1087342,1087525,mother
7006,1087342,1087641,mother
7006,1087343,1087526,father
7006,1087343,1087643,father
7006,1087344,1087526,mother
7006,1087344,1087642,mother
7006,1087345,1087527,father
7006,1087345,1087644,father
7006,1087346,1087527,mother
7006,1087346,1087643,mother
7006,1087347,1087528,father
7006,1087347,1087645,father
7006,1087348,1087528,mother
7006,1087348,1087644,mother
7006,1087349,1087529,father
7006,1087349,1087646,father
7006,1087350,1087529,mother
7006,1087350,1087645,mother
7006,1087351,1087530,father
7006,1087351,1087647,father
7006,1087352,1087530,mother
7006,1087352,1087646,mother
7006,1087353,1087531,father
7006,1087353,1087648,father
7006,1087354,1087531,mother
7006,1087354,1087647,mother
7006,1087355,1087532,father
7006,1087355,1087649,father
7006,1087356,1087532,mother
7006,1087356,1087648,mother
7006,1087357,1087533,father
7006,1087357,1087650,father
7006,1087358,1087533,mother
7006,1087358,1087649,mother
7006,1087359,1087534,father
7006,1087359,1087651,father
7006,1087360,1087534,mother
7006,1087360,1087650,mother
7006,1087361,1087535,father
7006,1087361,1087652,father
7006,1087362,1087535,mother
7006,1087362,1087651,mother
7006,1087363,1087536,father
7006,1087363,1087653,father
7006,1087364,1087536,mother
7006,1087364,1087652,mother
7006,1087365,1087537,father
7006,1087365,1087654,father
7006,1087366,1087537,mother
7006,1087366,1087653,mother
7006,1087367,1087538,father
7006,1087367,1087655,father
7006,1087368,1087538,mother
7006,1087368,1087654,mother
7006,1087369,1087539,father
7006,1087369,1087656,father
7006,1087370,1087539,mother
7006,1087370,1087655,mother
7006,1087371,1087540,father
7006,1087371,1087657,father
7006,1087372,1087540,mother
7006,1087372,1087656,mother
7006,1087373,1087541,father
7006,1087373,1087658,father
7006,1087374,1087541,mother
7006,1087374,1087657,mother
7006,1087375,1087542,father
7006,1087375,1087659,father
7006,1087376,1087542,mother
7006,1087376,1087658,mother
7006,1087377,1087543,father
7006,1087377,1087660,father
7006,1087378,1087543,mother
7006,1087378,1087659,mother
7006,1087379,1087544,father
7006,1087379,1087661,father
7006,1087380,1087544,mother
7006,1087380,1087660,mother
7006,1087381,1087545,father
7006,1087381,1087662,father
7006,1087382,1087545,mother
7006,1087382,1087661,mother
7006,1087383,1087546,father
7006,1087383,1087663,father
7006,1087384,1087546,mother
7006,1087384,1087662,mother
7006,1087385,1087547,father
7006,1087385,1087664,father
7006,1087386,1087547,mother
7006,1087386,1087663,mother
7006,1087387,1087548,father
7006,1087387,1087665,father
7006,1087388,1087548,mother
7006,1087388,1087664,mother
7006,1087389,1087549,father
7006,1087389,1087666,father
7006,1087390,1087549,mother
7006,1087390,1087665,mother
7006,1087391,1087550,father
7006,1087391,1087667,father
7006,1087392,1087550,mother
7006,1087392,1087666,mother
7006,1087393,1087551,father
7006,1087393,1087668,father
7006,1087394,1087551,mother
7006,1087394,1087667,mother
7006,1087395,1087552,father
7006,1087395,1087669,father
7006,1087396,1087552,mother
7006,1087396,1087668,mother
7006,1087397,1087553,father
7006,1087397,1087670,father
7006,1087398,1087553,mother
7006,1087398,1087669,mother
7006,1087399,1087554,father
7006,1087399,1087671,father
7006,1087400,1087554,mother
7006,1087400,1087670,mother
7006,1087401,1087555,father
7006,1087401,1087672,father
7006,1087402,1087555,mother
7006,1087402,1087671,mother
7006,1087403,1087556,father
7006,1087403,1087673,father
7006,1087404,1087556,mother
7006,1087404,1087672,mother
7006,1087405,1087557,father
7006,1087405,1087674,father
7006,1087406,1087557,mother
7006,1087406,1087673,mother
7006,1087407,1087558,father
7006,1087407,1087675,father
7006,1087408,1087558,mother
7006,1087408,1087674,mother
7006,1087409,1087559,father
7006,1087409,1087676,father
7006,1087410,1087559,mother
7006,1087410,1087675,mother
7006,1087411,1087560,father
7006,1087411,1087677,father
7006,1087412,1087560,mother
7006,1087412,1087676,mother
7006,1087413,1087561,father
7006,1087413,1087678,father
7006,1087414,1087561,mother
7006,1087414,1087677,mother
7006,1087415,1087562,father
7006,1087415,1087679,father
7006,1087416,1087562,mother
7006,1087416,1087678,mother
7006,1087417,1087563,father
7006,1087417,1087680,father
7006,1087418,1087563,mother
7006,1087418,1087679,mother
7006,1087419,1087564,father
7006,1087419,1087681,father
7006,1087420,1087564,mother
7006,1087420,1087680,mother
7006,1087421,1087565,father
7006,1087421,1087682,father
7006,1087422,1087565,mother
7006,1087422,1087681,mother
7006,1087423,1087566,father
7006,1087423,1087683,father
7006,1087424,1087566,mother
7006,1087424,1087682,mother
7006,1087425,1087567,father
7006,1087425,1087684,father
7006,1087426,1087567,mother
7006,1087426,1087683,mother
7006,1087427,1087568,father
7006,1087427,1087685,father
7006,1087428,1087568,mother
7006,1087428,1087684,mother
7006,1087429,1087569,father
7006,1087429,1087686,father
7006,1087430,1087569,mother
7006,1087430,1087685,mother
7006,1087431,1087570,father
7006,1087431,1087687,father
7006,1087432,1087570,mother
7006,1087432,1087686,mother
7006,1087433,1087571,father
7006,1087433,1087688,father
7006,1087434,1087571,mother
7006,1087434,1087687,mother
7006,1087435,1087572,father
7006,1087435,1087689,father
7006,1087436,1087572,mother
7006,1087436,1087688,mother
7006,1087437,1087573,father
7006,1087437,1087690,father
7006,1087438,1087573,mother
7006,1087438,1087689,mother
7006,1087439,1087574,father
7006,1087439,1087691,father
7006,1087440,1087574,mother
7006,1087440,1087690,mother
7006,1087441,1087575,father
7006,1087441,1087692,father
7006,1087442,1087575,mother
7006,1087442,1087691,mother
7006,1087443,1087576,father
7006,1087444,1087576,mother
7006,1087444,1087692,mother
7006,1087445,1087577,father
7006,1087446,1087577,mother
7006,1087447,1087578,father
7006,1087448,1087578,mother
7006,1087449,1087579,father
7006,1087450,1087579,mother
7006,1087451,1087580,father
7006,1087452,1087580,mother
7006,1087453,1087581,father
7006,1087454,1087581,mother
7006,1087455,1087582,father
7006,1087456,1087582,mother
7006,1087457,1087583,father
7006,1087458,1087583,mother
7006,1087459,1087584,father
7006,1087460,1087584,mother
7006,1087461,1087585,father
7006,1087462,1087585,mother
7006,1087463,1087586,father
7006,1087464,1087586,mother
7006,1087465,1087587,father
7006,1087466,1087587,mother
7006,1087467,1087588,father
7006,1087468,1087588,mother
7006,1087469,1087589,father
7006,1087470,1087589,mother
7006,1087471,1087590,father
7006,1087472,1087590,mother
7006,1087473,1087591,father
7006,1087474,1087591,mother
7006,1087475,1087592,father
7006,1087476,1087693,father
7006,1087476,1087802,father
7006,1087477,1087693,mother
7006,1087477,1087801,mother
7006,1087478,1087694,father
7006,1087478,1087803,father
7006,1087479,1087694,mother
7006,1087479,1087802,mother
7006,1087480,1087695,father
7006,1087480,1087804,father
7006,1087481,1087695,mother
7006,1087481,1087803,mother
7006,1087482,1087696,father
7006,1087482,1087805,father
7006,1087483,1087696,mother
7006,1087483,1087804,mother
7006,1087484,1087697,father
7006,1087484,1087806,father
7006,1087485,1087697,mother
7006,1087485,1087805,mother
7006,1087486,1087698,father
7006,1087486,1087807,father
7006,1087487,1087698,mother
7006,1087487,1087806,mother
7006,1087488,1087699,father
7006,1087488,1087808,father
7006,1087489,1087699,mother
7006,1087489,1087807,mother
7006,1087490,1087700,father
7006,1087490,1087809,father
7006,1087491,1087700,mother
7006,1087491,1087808,mother
7006,1087492,1087701,father
7006,1087492,1087810,father
7006,1087493,1087701,mother
7006,1087493,1087809,mother
7006,1087494,1087702,father
7006,1087494,1087811,father
7006,1087495,1087702,mother
7006,1087495,1087810,mother
7006,1087496,1087703,father
7006,1087496,1087812,father
7006,1087497,1087703,mother
7006,1087497,1087811,mother
7006,1087498,1087704,father
7006,1087498,1087813,father
7006,1087499,1087704,mother
7006,1087499,1087812,mother
7006,1087500,1087705,father
7006,1087500,1087814,father
7006,1087501,1087705,mother
7006,1087501,1087813,mother
7006,1087502,1087706,father
7006,1087502,1087815,father
7006,1087503,1087706,mother
7006,1087503,1087814,mother
7006,1087504,1087707,father
7006,1087504,1087816,father
7006,1087505,1087707,mother
7006,1087505,1087815,mother
7006,1087506,1087708,father
7006,1087506,1087817,father
7006,1087507,1087708,mother
7006,1087507,1087816,mother
7006,1087508,1087709,father
7006,1087508,1087818,father
7006,1087509,1087709,mother
7006,1087509,1087817,mother
7006,1087510,1087710,father
7006,1087510,1087819,father
7006,1087511,1087710,mother
7006,1087511,1087818,mother
7006,1087512,1087711,father
7006,1087512,1087820,father
7006,1087513,1087711,mother
7006,1087513,1087819,mother
7006,1087514,1087712,father
7006,1087514,1087821,father
7006,1087515,1087712,mother
7006,1087515,1087820,mother
7006,1087516,1087713,father
7006,1087516,1087822,father
7006,1087517,1087713,mother
7006,1087517,1087821,mother
7006,1087518,1087714,father
7006,1087518,1087823,father
7006,1087519,1087714,mother
7006,1087519,1087822,mother
7006,1087520,1087715,father
7006,1087520,1087824,father
7006,1087521,1087715,mother
7006,1087521,1087823,mother
7006,1087522,1087716,father
7006,1087522,1087825,father
7006,1087523,1087716,mother
7006,1087523,1087824,mother
7006,1087524,1087717,father
7006,1087524,1087826,father
7006,1087525,1087717,mother
7006,1087525,1087825,mother
7006,1087526,1087718,father
7006,1087526,1087827,father
7006,1087527,1087718,mother
7006,1087527,1087826,mother
7006,1087528,1087719,father
7006,1087528,1087828,father
7006,1087529,1087719,mother
7006,1087529,1087827,mother
7006,1087530,1087720,father
7006,1087530,1087829,father
7006,1087531,1087720,mother
7006,1087531,1087828,mother
7006,1087532,1087721,father
7006,1087532,1087830,father
7006,1087533,1087721,mother
7006,1087533,1087829,mother
7006,1087534,1087722,father
7006,1087534,1087831,father
7006,1087535,1087722,mother
7006,1087535,1087830,mother
7006,1087536,1087723,father
7006,1087536,1087832,father
7006,1087537,1087723,mother
7006,1087537,1087831,mother
7006,1087538,1087724,father
7006,1087538,1087833,father
7006,1087539,1087724,mother
7006,1087539,1087832,mother
7006,1087540,1087725,father
7006,1087540,1087834,father
7006,1087541,1087725,mother
7006,1087541,1087833,mother
7006,1087542,1087726,father
7006,1087542,1087835,father
7006,1087543,1087726,mother
7006,1087543,1087834,mother
7006,1087544,1087727,father
7006,1087544,1087836,father
7006,1087545,1087727,mother
7006,1087545,1087835,mother
7006,1087546,1087728,father
7006,1087546,1087837,father
7006,1087547,1087728,mother
7006,1087547,1087836,mother
7006,1087548,1087729,father
7006,1087548,1087838,father
7006,1087549,1087729,mother
7006,1087549,1087837,mother
7006,1087550,1087730,father
7006,1087550,1087839,father
7006,1087551,1087730,mother
7006,1087551,1087838,mother
7006,1087552,1087731,father
7006,1087552,1087840,father
7006,1087553,1087731,mother
7006,1087553,1087839,mother
7006,1087554,1087732,father
7006,1087554,1087841,father
7006,1087555,1087732,mother
7006,1087555,1087840,mother
7006,1087556,1087733,father
7006,1087556,1087842,father
7006,1087557,1087733,mother
7006,1087557,1087841,mother
7006,1087558,1087734,father
7006,1087558,1087843,father
7006,1087559,1087734,mother
7006,1087559,1087842,mother
7006,1087560,1087735,father
7006,1087560,1087844,father
7006,1087561,1087735,mother
7006,1087561,1087843,mother
7006,1087562,1087736,father
7006,1087562,1087845,father
7006,1087563,1087736,mother
7006,1087563,1087844,mother
7006,1087564,1087737,father
7006,1087564,1087846,father
7006,1087565,1087737,mother
7006,1087565,1087845,mother
7006,1087566,1087738,father
7006,1087566,1087847,father
7006,1087567,1087738,mother
7006,1087567,1087846,mother
7006,1087568,1087739,father
7006,1087568,1087848,father
7006,1087569,1087739,mother
7006,1087569,1087847,mother
7006,1087570,1087740,father
7006,1087570,1087849,father
7006,1087571,1087740,mother
7006,1087571,1087848,mother
7006,1087572,1087741,father
7006,1087572,1087850,father
7006,1087573,1087741,mother
7006,1087573,1087849,mother
7006,1087574,1087742,father
7006,1087574,1087851,father
7006,1087575,1087742,mother
7006,1087575,1087850,mother
7006,1087576,1087743,father
7006,1087576,1087852,father
7006,1087577,1087743,mother
7006,1087577,1087851,mother
7006,1087578,1087744,father
7006,1087578,1087853,father
7006,1087579,1087744,mother
7006,1087579,1087852,mother
7006,1087580,1087745,father
7006,1087580,1087854,father
7006,1087581,1087745,mother
7006,1087581,1087853,mother
7006,1087582,1087746,father
7006,1087582,1087855,father
7006,1087583,1087746,mother
7006,1087583,1087854,mother
7006,1087584,1087747,father
7006,1087584,1087856,father
7006,1087585,1087747,mother
7006,1087585,1087855,mother
7006,1087586,1087748,father
7006,1087586,1087857,father
7006,1087587,1087748,mother
7006,1087587,1087856,mother
7006,1087588,1087749,father
7006,1087588,1087858,father
7006,1087589,1087749,mother
7006,1087589,1087857,mother
7006,1087590,1087750,father
7006,1087590,1087859,father
7006,1087591,1087750,mother
7006,1087591,1087858,mother
7006,1087592,1087751,father
7006,1087592,1087860,father
7006,1087593,1087751,mother
7006,1087593,1087859,mother
7006,1087594,1087752,father
7006,1087594,1087861,father
7006,1087595,1087752,mother
7006,1087595,1087860,mother
7006,1087596,1087753,father
7006,1087596,1087862,father
7006,1087597,1087753,mother
7006,1087597,1087861,mother
7006,1087598,1087754,father
7006,1087598,1087863,father
7006,1087599,1087754,mother
7006,1087599,1087862,mother
7006,1087600,1087755,father
7006,1087600,1087864,father
7006,1087601,1087755,mother
7006,1087601,1087863,mother
7006,1087602,1087756,father
7006,1087602,1087865,father
7006,1087603,1087756,mother
7006,1087603,1087864,mother
7006,1087604,1087757,father
7006,1087604,1087866,father
7006,1087605,1087757,mother
7006,1087605,1087865,mother
7006,1087606,1087758,father
7006,1087606,1087867,father
7006,1087607,1087758,mother
7006,1087607,1087866,mother
7006,1087608,1087759,father
7006,1087608,1087868,father
7006,1087609,1087759,mother
7006,1087609,1087867,mother
7006,1087610,1087760,father
7006,1087610,1087869,father
7006,1087611,1087760,mother
7006,1087611,1087868,mother
7006,1087612,1087761,father
7006,1087612,1087870,father
7006,1087613,1087761,mother
7006,1087613,1087869,mother
7006,1087614,1087762,father
7006,1087614,1087871,father
7006,1087615,1087762,mother
7006,1087615,1087870,mother
7006,1087616,1087763,father
7006,1087616,1087872,father
7006,1087617,1087763,mother
7006,1087617,1087871,mother
7006,1087618,1087764,father
7006,1087618,1087873,father
7006,1087619,1087764,mother
7006,1087619,1087872,mother
7006,1087620,1087765,father
7006,1087620,1087874,father
7006,1087621,1087765,mother
7006,1087621,1087873,mother
7006,1087622,1087766,father
7006,1087622,1087875,father
7006,1087623,1087766,mother
7006,1087623,1087874,mother
7006,1087624,1087767,father
7006,1087624,1087876,father
7006,1087625,1087767,mother
7006,1087625,1087875,mother
7006,1087626,1087768,father
7006,1087626,1087877,father
7006,1087627,1087768,mother
7006,1087627,1087876,mother
7006,1087628,1087769,father
7006,1087628,1087878,father
7006,1087629,1087769,mother
7006,1087629,1087877,mother
7006,1087630,1087770,father
7006,1087630,1087879,father
7006,1087631,1087770,mother
7006,1087631,1087878,mother
7006,1087632,1087771,father
7006,1087632,1087880,father
7006,1087633,1087771,mother
7006,1087633,1087879,mother
7006,1087634,1087772,father
7006,1087634,1087881,father
7006,1087635,1087772,mother
7006,1087635,1087880,mother
7006,1087636,1087773,father
7006,1087636,1087882,father
7006,1087637,1087773,mother
7006,1087637,1087881,mother
7006,1087638,1087774,father
7006,1087638,1087883,father
7006,1087639,1087774,mother
7006,1087639,1087882,mother
7006,1087640,1087775,father
7006,1087640,1087884,father
7006,1087641,1087775,mother
7006,1087641,1087883,mother
7006,1087642,1087776,father
7006,1087642,1087885,father
7006,1087643,1087776,mother
7006,1087643,1087884,mother
7006,1087644,1087777,father
7006,1087644,1087886,father
7006,1087645,1087777,mother
7006,1087645,1087885,mother
7006,1087646,1087778,father
7006,1087646,1087887,father
7006,1087647,1087778,mother
7006,1087647,1087886,mother
7006,1087648,1087779,father
7006,1087648,1087888,father
7006,1087649,1087779,mother
7006,1087649,1087887,mother
7006,1087650,1087780,father
7006,1087650,1087889,father
7006,1087651,1087780,mother
7006,1087651,1087888,mother
7006,1087652,1087781,father
7006,1087652,1087890,father
7006,1087653,1087781,mother
7006,1087653,1087889,mother
7006,1087654,1087782,father
7006,1087654,1087891,father
7006,1087655,1087782,mother
7006,1087655,1087890,mother
7006,1087656,1087783,father
7006,1087656,1087892,father
7006,1087657,1087783,mother
7006,1087657,1087891,mother
7006,1087658,1087784,father
7006,1087659,1087784,mother
7006,1087659,1087892,mother
7006,1087660,1087785,father
7006,1087661,1087785,mother
7006,1087662,1087786,father
7006,1087663,1087786,mother
7006,1087664,1087787,father
7006,1087665,1087787,mother
7006,1087666,1087788,father
7006,1087667,1087788,mother
7006,1087668,1087789,father
7006,1087669,1087789,mother
7006,1087670,1087790,father
7006,1087671,1087790,mother
7006,1087672,1087791,father
7006,1087673,1087791,mother
7006,1087674,1087792,father
7006,1087675,1087792,mother
7006,1087676,1087793,father
7006,1087677,1087793,mother
7006,1087678,1087794,father
7006,1087679,1087794,mother
7006,1087680,1087795,father
7006,1087681,1087795,mother
7006,1087682,1087796,father
7006,1087683,1087796,mother
7006,1087684,1087797,father
7006,1087685,1087797,mother
7006,1087686,1087798,father
7006,1087687,1087798,mother
7006,1087688,1087799,father
7006,1087689,1087799,mother
7006,1087690,1087800,father
7006,1087691,1087800,mother
7006,1087692,1087801,father
7006,1087693,1087893,father
7006,1087693,1087993,father
7006,1087694,1087893,mother
7006,1087694,1087993,mother
7006,1087695,1087894,father
7006,1087695,1087994,father
7006,1087696,1087894,mother
7006,1087696,1087994,mother
7006,1087697,1087895,father
7006,1087697,1087995,father
7006,1087698,1087895,mother
7006,1087698,1087995,mother
7006,1087699,1087896,father
7006,1087699,1087996,father
7006,1087700,1087896,mother
7006,1087700,1087996,mother
7006,1087701,1087897,father
7006,1087701,1087997,father
7006,1087702,1087897,mother
7006,1087702,1087997,mother
7006,1087703,1087898,father
7006,1087703,1087998,father
7006,1087704,1087898,mother
7006,1087704,1087998,mother
7006,1087705,1087899,father
7006,1087705,1087999,father
7006,1087706,1087899,mother
7006,1087706,1087999,mother
7006,1087707,1087900,father
7006,1087707,1088000,father
7006,1087708,1087900,mother
7006,1087708,1088000,mother
7006,1087709,1087901,father
7006,1087709,1088001,father
7006,1087710,1087901,mother
7006,1087710,1088001,mother
7006,1087711,1087902,father
7006,1087711,1088002,father
7006,1087712,1087902,mother
7006,1087712,1088002,mother
7006,1087713,1087903,father
7006,1087713,1088003,father
7006,1087714,1087903,mother
7006,1087714,1088003,mother
7006,1087715,1087904,father
7006,1087715,1088004,father
7006,1087716,1087904,mother
7006,1087716,1088004,mother
7006,1087717,1087905,father
7006,1087717,1088005,father
7006,1087718,1087905,mother
7006,1087718,1088005,mother
7006,1087719,1087906,father
7006,1087719,1088006,father
7006,1087720,1087906,mother
7006,1087720,1088006,mother
7006,1087721,1087907,father
7006,1087721,1088007,father
7006,1087722,1087907,mother
7006,1087722,1088007,mother
7006,1087723,1087908,father
7006,1087723,1088008,father
7006,1087724,1087908,mother
7006,1087724,1088008,mother
7006,1087725,1087909,father
7006,1087725,1088009,father
7006,1087726,1087909,mother
7006,1087726,1088009,mother
7006,1087727,1087910,father
7006,1087727,1088010,father
7006,1087728,1087910,mother
7006,1087728,1088010,mother
7006,1087729,1087911,father
7006,1087729,1088011,father
7006,1087730,1087911,mother
7006,1087730,1088011,mother
7006,1087731,1087912,father
7006,1087731,1088012,father
7006,1087732,1087912,mother
7006,1087732,1088012,mother
7006,1087733,1087913,father
7006,1087733,1088013,father
7006,1087734,1087913,mother
7006,1087734,1088013,mother
7006,1087735,1087914,father
7006,1087735,1088014,father
7006,1087736,1087914,mother
7006,1087736,1088014,mother
7006,1087737,1087915,father
7006,1087737,1088015,father
7006,1087738,1087915,mother
7006,1087738,1088015,mother
7006,1087739,1087916,father
7006,1087739,1088016,father
7006,1087740,1087916,mother
7006,1087740,1088016,mother
7006,1087741,1087917,father
7006,1087741,1088017,father
7006,1087742,1087917,mother
7006,1087742,1088017,mother
7006,1087743,1087918,father
7006,1087743,1088018,father
7006,1087744,1087918,mother
7006,1087744,1088018,mother
7006,1087745,1087919,father
7006,1087745,1088019,father
7006,1087746,1087919,mother
7006,1087746,1088019,mother
7006,1087747,1087920,father
7006,1087747,1088020,father
7006,1087748,1087920,mother
7006,1087748,1088020,mother
7006,1087749,1087921,father
7006,1087749,1088021,father
7006,1087750,1087921,mother
7006,1087750,1088021,mother
7006,1087751,1087922,father
7006,1087751,1088022,father
7006,1087752,1087922,mother
7006,1087752,1088022,mother
7006,1087753,1087923,father
7006,1087753,1088023,father
7006,1087754,1087923,mother
7006,1087754,1088023,mother
7006,1087755,1087924,father
7006,1087755,1088024,father
7006,1087756,1087924,mother
7006,1087756,1088024,mother
7006,1087757,1087925,father
7006,1087757,1088025,father
7006,1087758,1087925,mother
7006,1087758,1088025,mother
7006,1087759,1087926,father
7006,1087759,1088026,father
7006,1087760,1087926,mother
7006,1087760,1088026,mother
7006,1087761,1087927,father
7006,1087761,1088027,father
7006,1087762,1087927,mother
7006,1087762,1088027,mother
7006,1087763,1087928,father
7006,1087763,1088028,father
7006,1087764,1087928,mother
7006,1087764,1088028,mother
7006,1087765,1087929,father
7006,1087765,1088029,father
7006,1087766,1087929,mother
7006,1087766,1088029,mother
7006,1087767,1087930,father
7006,1087767,1088030,father
7006,1087768,1087930,mother
7006,1087768,1088030,mother
7006,1087769,1087931,father
7006,1087769,1088031,father
7006,1087770,1087931,mother
7006,1087770,1088031,mother
7006,1087771,1087932,father
7006,1087771,1088032,father
7006,1087772,1087932,mother
7006,1087772,1088032,mother
7006,1087773,1087933,father
7006,1087773,1088033,father
7006,1087774,1087933,mother
7006,1087774,1088033,mother
7006,1087775,1087934,father
7006,1087775,1088034,father
7006,1087776,1087934,mother
7006,1087776,1088034,mother
7006,1087777,1087935,father
7006,1087777,1088035,father
7006,1087778,1087935,mother
7006,1087778,1088035,mother
7006,1087779,1087936,father
7006,1087779,1088036,father
7006,1087780,1087936,mother
7006,1087780,1088036,mother
7006,1087781,1087937,father
7006,1087781,1088037,father
7006,1087782,1087937,mother
7006,1087782,1088037,mother
7006,1087783,1087938,father
7006,1087783,1088038,father
7006,1087784,1087938,mother
7006,1087784,1088038,mother
7006,1087785,1087939,father
7006,1087785,1088039,father
7006,1087786,1087939,mother
7006,1087786,1088039,mother
7006,1087787,1087940,father
7006,1087787,1088040,father
7006,1087788,1087940,mother
7006,1087788,1088040,mother
7006,1087789,1087941,father
7006,1087789,1088041,father
7006,1087790,1087941,mother
7006,1087790,1088041,mother
7006,1087791,1087942,father
7006,1087791,1088042,father
7006,1087792,1087942,mother
7006,1087792,1088042,mother
7006,1087793,1087943,father
7006,1087793,1088043,father
7006,1087794,1087943,mother
7006,1087794,1088043,mother
7006,1087795,1087944,father
7006,1087795,1088044,father
7006,1087796,1087944,mother
7006,1087796,1088044,mother
7006,1087797,1087945,father
7006,1087797,1088045,father
7006,1087798,1087945,mother
7006,1087798,1088045,mother
7006,1087799,1087946,father
7006,1087799,1088046,father
7006,1087800,1087946,mother
7006,1087800,1088046,mother
7006,1087801,1087947,father
7006,1087801,1088047,father
7006,1087802,1087947,mother
7006,1087802,1088047,mother
7006,1087803,1087948,father
7006,1087803,1088048,father
7006,1087804,1087948,mother
7006,1087804,1088048,mother
7006,1087805,1087949,father
7006,1087805,1088049,father
7006,1087806,1087949,mother
7006,1087806,1088049,mother
7006,1087807,1087950,father
7006,1087807,1088050,father
7006,1087808,1087950,mother
7006,1087808,1088050,mother
7006,1087809,1087951,father
7006,1087809,1088051,father
7006,1087810,1087951,mother
7006,1087810,1088051,mother
7006,1087811,1087952,father
7006,1087811,1088052,father
7006,1087812,1087952,mother
7006,1087812,1088052,mother
7006,1087813,1087953,father
7006,1087813,1088053,father
7006,1087814,1087953,mother
7006,1087814,1088053,mother
7006,1087815,1087954,father
7006,1087815,1088054,father
7006,1087816,1087954,mother
7006,1087816,1088054,mother
7006,1087817,1087955,father
7006,1087817,1088055,father
7006,1087818,1087955,mother
7006,1087818,1088055,mother
7006,1087819,1087956,father
7006,1087819,1088056,father
7006,1087820,1087956,mother
7006,1087820,1088056,mother
7006,1087821,1087957,father
7006,1087821,1088057,father
7006,1087822,1087957,mother
7006,1087822,1088057,mother
7006,1087823,1087958,father
7006,1087823,1088058,father
7006,1087824,1087958,mother
7006,1087824,1088058,mother
7006,1087825,1087959,father
7006,1087825,1088059,father
7006,1087826,1087959,mother
7006,1087826,1088059,mother
7006,1087827,1087960,father
7006,1087827,1088060,father
7006,1087828,1087960,mother
7006,1087828,1088060,mother
7006,1087829,1087961,father
7006,1087829,1088061,father
7006,1087830,1087961,mother
7006,1087830,1088061,mother
7006,1087831,1087962,father
7006,1087831,1088062,father
7006,1087832,1087962,mother
7006,1087832,1088062,mother
7006,1087833,1087963,father
7006,1087833,1088063,father
7006,1087834,1087963,mother
7006,1087834,1088063,mother
7006,1087835,1087964,father
7006,1087835,1088064,father
7006,1087836,1087964,mother
7006,1087836,1088064,mother
7006,1087837,1087965,father
7006,1087837,1088065,father
7006,1087838,1087965,mother
7006,1087838,1088065,mother
7006,1087839,1087966,father
7006,1087839,1088066,father
7006,1087840,1087966,mother
7006,1087840,1088066,mother
7006,1087841,1087967,father
7006,1087841,1088067,father
7006,1087842,1087967,mother
7006,1087842,1088067,mother
7006,1087843,1087968,father
7006,1087843,1088068,father
7006,1087844,1087968,mother
7006,1087844,1088068,mother
7006,1087845,1087969,father
7006,1087845,1088069,father
7006,1087846,1087969,mother
7006,1087846,1088069,mother
7006,1087847,1087970,father
7006,1087847,1088070,father
7006,1087848,1087970,mother
7006,1087848,1088070,mother
7006,1087849,1087971,father
7006,1087849,1088071,father
7006,1087850,1087971,mother
7006,1087850,1088071,mother
7006,1087851,1087972,father
7006,1087851,1088072,father
7006,1087852,1087972,mother
7006,1087852,1088072,mother
7006,1087853,1087973,father
7006,1087853,1088073,father
7006,1087854,1087973,mother
7006,1087854,1088073,mother
7006,1087855,1087974,father
7006,1087855,1088074,father
7006,1087856,1087974,mother
7006,1087856,1088074,mother
7006,1087857,1087975,father
7006,1087857,1088075,father
7006,1087858,1087975,mother
7006,1087858,1088075,mother
7006,1087859,1087976,father
7006,1087860,1087976,mother
7006,1087861,1087977,father
7006,1087862,1087977,mother
7006,1087863,1087978,father
7006,1087864,1087978,mother
7006,1087865,1087979,father
7006,1087866,1087979,mother
7006,1087867,1087980,father
7006,1087868,1087980,mother
7006,1087869,1087981,father
7006,1087870,1087981,mother
7006,1087871,1087982,father
7006,1087872,1087982,mother
7006,1087873,1087983,father
7006,1087874,1087983,mother
7006,1087875,1087984,father
7006,1087876,1087984,mother
7006,1087877,1087985,father
7006,1087878,1087985,mother
7006,1087879,1087986,father
7006,1087880,1087986,mother
7006,1087881,1087987,father
7006,1087882,1087987,mother
7006,1087883,1087988,father
7006,1087884,1087988,mother
7006,1087885,1087989,father
7006,1087886,1087989,mother
7006,1087887,1087990,father
7006,1087888,1087990,mother
7006,1087889,1087991,father
7006,1087890,1087991,mother
7006,1087891,1087992,father
7006,1087892,1087992,mother
7006,1087893,1088076,father
7006,1087893,1088168,father
7006,1087894,1088076,mother
7006,1087894,1088167,mother
7006,1087895,1088077,father
7006,1087895,1088169,father
7006,1087896,1088077,mother
7006,1087896,1088168,mother
7006,1087897,1088078,father
7006,1087897,1088170,father
7006,1087898,1088078,mother
7006,1087898,1088169,mother
7006,1087899,1088079,father
7006,1087899,1088171,father
7006,1087900,1088079,mother
7006,1087900,1088170,mother
7006,1087901,1088080,father
7006,1087901,1088172,father
7006,1087902,1088080,mother
7006,1087902,1088171,mother
7006,1087903,1088081,father
7006,1087903,1088173,father
7006,1087904,1088081,mother
7006,1087904,1088172,mother
7006,1087905,1088082,father
7006,1087905,1088174,father
7006,1087906,1088082,mother
7006,1087906,1088173,mother
7006,1087907,1088083,father
7006,1087907,1088175,father
7006,1087908,1088083,mother
7006,1087908,1088174,mother
7006,1087909,1088084,father
7006,1087909,1088176,father
7006,1087910,1088084,mother
7006,1087910,1088175,mother
7006,1087911,1088085,father
7006,1087911,1088177,father
7006,1087912,1088085,mother
7006,1087912,1088176,mother
7006,1087913,1088086,father
7006,1087913,1088178,father
7006,1087914,1088086,mother
7006,1087914,1088177,mother
7006,1087915,1088087,father
7006,1087915,1088179,father
7006,1087916,1088087,mother
7006,1087916,1088178,mother
7006,1087917,1088088,father
7006,1087917,1088180,father
7006,1087918,1088088,mother
7006,1087918,1088179,mother
7006,1087919,1088089,father
7006,1087919,1088181,father
7006,1087920,1088089,mother
7006,1087920,1088180,mother
7006,1087921,1088090,father
7006,1087921,1088182,father
7006,1087922,1088090,mother
7006,1087922,1088181,mother
7006,1087923,1088091,father
7006,1087923,1088183,father
7006,1087924,1088091,mother
7006,1087924,1088182,mother
7006,1087925,1088092,father
7006,1087925,1088184,father
7006,1087926,1088092,mother
7006,1087926,1088183,mother
7006,1087927,1088093,father
7006,1087927,1088185,father
7006,1087928,1088093,mother
7006,1087928,1088184,mother
7006,1087929,1088094,father
7006,1087929,1088186,father
7006,1087930,1088094,mother
7006,1087930,1088185,mother
7006,1087931,1088095,father
7006,1087931,1088187,father
7006,1087932,1088095,mother
7006,1087932,1088186,mother
7006,1087933,1088096,father
7006,1087933,1088188,father
7006,1087934,1088096,mother
7006,1087934,1088187,mother
7006,1087935,1088097,father
7006,1087935,1088189,father
7006,1087936,1088097,mother
7006,1087936,1088188,mother
7006,1087937,1088098,father
7006,1087937,1088190,father
7006,1087938,1088098,mother
7006,1087938,1088189,mother
7006,1087939,1088099,father
7006,1087939,1088191,father
7006,1087940,1088099,mother
7006,1087940,1088190,mother
7006,1087941,1088100,father
7006,1087941,1088192,father
7006,1087942,1088100,mother
7006,1087942,1088191,mother
7006,1087943,1088101,father
7006,1087943,1088193,father
7006,1087944,1088101,mother
7006,1087944,1088192,mother
7006,1087945,1088102,father
7006,1087945,1088194,father
7006,1087946,1088102,mother
7006,1087946,1088193,mother
7006,1087947,1088103,father
7006,1087947,1088195,father
7006,1087948,1088103,mother
7006,1087948,1088194,mother
7006,1087949,1088104,father
7006,1087949,1088196,father
7006,1087950,1088104,mother
7006,1087950,1088195,mother
7006,1087951,1088105,father
7006,1087951,1088197,father
7006,1087952,1088105,mother
7006,1087952,1088196,mother
7006,1087953,1088106,father
7006,1087953,1088198,father
7006,1087954,1088106,mother
7006,1087954,1088197,mother
7006,1087955,1088107,father
7006,1087955,1088199,father
7006,1087956,1088107,mother
7006,1087956,1088198,mother
7006,1087957,1088108,father
7006,1087957,1088200,father
7006,1087958,1088108,mother
7006,1087958,1088199,mother
7006,1087959,1088109,father
7006,1087959,1088201,father
7006,1087960,1088109,mother
7006,1087960,1088200,mother
7006,1087961,1088110,father
7006,1087961,1088202,father
7006,1087962,1088110,mother
7006,1087962,1088201,mother
7006,1087963,1088111,father
7006,1087963,1088203,father
7006,1087964,1088111,mother
7006,1087964,1088202,mother
7006,1087965,1088112,father
7006,1087965,1088204,father
7006,1087966,1088112,mother
7006,1087966,1088203,mother
7006,1087967,1088113,father
7006,1087967,1088205,father
7006,1087968,1088113,mother
7006,1087968,1088204,mother
7006,1087969,1088114,father
7006,1087969,1088206,father
7006,1087970,1088114,mother
7006,1087970,1088205,mother
7006,1087971,1088115,father
7006,1087971,1088207,father
7006,1087972,1088115,mother
7006,1087972,1088206,mother
7006,1087973,1088116,father
7006,1087973,1088208,father
7006,1087974,1088116,mother
7006,1087974,1088207,mother
7006,1087975,1088117,father
7006,1087975,1088209,father
7006,1087976,1088117,mother
7006,1087976,1088208,mother
7006,1087977,1088118,father
7006,1087977,1088210,father
7006,1087978,1088118,mother
7006,1087978,1088209,mother
7006,1087979,1088119,father
7006,1087979,1088211,father
7006,1087980,1088119,mother
7006,1087980,1088210,mother
7006,1087981,1088120,father
7006,1087981,1088212,father
7006,1087982,1088120,mother
7006,1087982,1088211,mother
7006,1087983,1088121,father
7006,1087983,1088213,father
7006,1087984,1088121,mother
7006,1087984,1088212,mother
7006,1087985,1088122,father
7006,1087985,1088214,father
7006,1087986,1088122,mother
7006,1087986,1088213,mother
7006,1087987,1088123,father
7006,1087987,1088215,father
7006,1087988,1088123,mother
7006,1087988,1088214,mother
7006,1087989,1088124,father
7006,1087989,1088216,father
7006,1087990,1088124,mother
7006,1087990,1088215,mother
7006,1087991,1088125,father
7006,1087991,1088217,father
7006,1087992,1088125,mother
7006,1087992,1088216,mother
7006,1087993,1088126,father
7006,1087993,1088218,father
7006,1087994,1088126,mother
7006,1087994,1088217,mother
7006,1087995,1088127,father
7006,1087995,1088219,father
7006,1087996,1088127,mother
7006,1087996,1088218,mother
7006,1087997,1088128,father
7006,1087997,1088220,father
7006,1087998,1088128,mother
7006,1087998,1088219,mother
7006,1087999,1088129,father
7006,1087999,1088221,father
7006,1088000,1088129,mother
7006,1088000,1088220,mother
7006,1088001,1088130,father
7006,1088001,1088222,father
7006,1088002,1088130,mother
7006,1088002,1088221,mother
7006,1088003,1088131,father
7006,1088003,1088223,father
7006,1088004,1088131,mother
7006,1088004,1088222,mother
7006,1088005,1088132,father
7006,1088005,1088224,father
7006,1088006,1088132,mother
7006,1088006,1088223,mother
7006,1088007,1088133,father
7006,1088007,1088225,father
7006,1088008,1088133,mother
7006,1088008,1088224,mother
7006,1088009,1088134,father
7006,1088009,1088226,father
7006,1088010,1088134,mother
7006,1088010,1088225,mother
7006,1088011,1088135,father
7006,1088011,1088227,father
7006,1088012,1088135,mother
7006,1088012,1088226,mother
7006,1088013,1088136,father
7006,1088013,1088228,father
7006,1088014,1088136,mother
7006,1088014,1088227,mother
7006,1088015,1088137,father
7006,1088015,1088229,father
7006,1088016,1088137,mother
7006,1088016,1088228,mother
7006,1088017,1088138,father
7006,1088017,1088230,father
7006,1088018,1088138,mother
7006,1088018,1088229,mother
7006,1088019,1088139,father
7006,1088019,1088231,father
7006,1088020,1088139,mother
7006,1088020,1088230,mother
7006,1088021,1088140,father
7006,1088021,1088232,father
7006,1088022,1088140,mother
7006,1088022,1088231,mother
7006,1088023,1088141,father
7006,1088023,1088233,father
7006,1088024,1088141,mother
7006,1088024,1088232,mother
7006,1088025,1088142,father
7006,1088025,1088234,father
7006,1088026,1088142,mother
7006,1088026,1088233,mother
7006,1088027,1088143,father
7006,1088027,1088235,father
7006,1088028,1088143,mother
7006,1088028,1088234,mother
7006,1088029,1088144,father
7006,1088029,1088236,father
7006,1088030,1088144,mother
7006,1088030,1088235,mother
7006,1088031,1088145,father
7006,1088031,1088237,father
7006,1088032,1088145,mother
7006,1088032,1088236,mother
7006,1088033,1088146,father
7006,1088033,1088238,father
7006,1088034,1088146,mother
7006,1088034,1088237,mother
7006,1088035,1088147,father
7006,1088035,1088239,father
7006,1088036,1088147,mother
7006,1088036,1088238,mother
7006,1088037,1088148,father
7006,1088037,1088240,father
7006,1088038,1088148,mother
7006,1088038,1088239,mother
7006,1088039,1088149,father
7006,1088039,1088241,father
7006,1088040,1088149,mother
7006,1088040,1088240,mother
7006,1088041,1088150,father
7006,1088041,1088242,father
7006,1088042,1088150,mother
7006,1088042,1088241,mother
7006,1088043,1088151,father
7006,1088044,1088151,mother
7006,1088044,1088242,mother
7006,1088045,1088152,father
7006,1088046,1088152,mother
7006,1088047,1088153,father
7006,1088048,1088153,mother
7006,1088049,1088154,father
7006,1088050,1088154,mother
7006,1088051,1088155,father
7006,1088052,1088155,mother
7006,1088053,1088156,father
7006,1088054,1088156,mother
7006,1088055,1088157,father
7006,1088056,1088157,mother
7006,1088057,1088158,father
7006,1088058,1088158,mother
7006,1088059,1088159,father
7006,1088060,1088159,mother
7006,1088061,1088160,father
7006,1088062,1088160,mother
7006,1088063,1088161,father
7006,1088064,1088161,mother
7006,1088065,1088162,father
7006,1088066,1088162,mother
7006,1088067,1088163,father
7006,1088068,1088163,mother
7006,1088069,1088164,father
7006,1088070,1088164,mother
7006,1088071,1088165,father
7006,1088072,1088165,mother
7006,1088073,1088166,father
7006,1088074,1088166,mother
7006,1088075,1088167,father
7006,1088076,1088243,father
7006,1088076,1088327,father
7006,1088077,1088243,mother
7006,1088077,1088326,mother
7006,1088078,1088244,father
7006,1088078,1088328,father
7006,1088079,1088244,mother
7006,1088079,1088327,mother
7006,1088080,1088245,father
7006,1088080,1088329,father
7006,1088081,1088245,mother
7006,1088081,1088328,mother
7006,1088082,1088246,father
7006,1088082,1088330,father
7006,1088083,1088246,mother
7006,1088083,1088329,mother
7006,1088084,1088247,father
7006,1088084,1088331,father
7006,1088085,1088247,mother
7006,1088085,1088330,mother
7006,1088086,1088248,father
7006,1088086,1088332,father
7006,1088087,1088248,mother
7006,1088087,1088331,mother
7006,1088088,1088249,father
7006,1088088,1088333,father
7006,1088089,1088249,mother
7006,1088089,1088332,mother
7006,1088090,1088250,father
7006,1088090,1088334,father
7006,1088091,1088250,mother
7006,1088091,1088333,mother
7006,1088092,1088251,father
7006,1088092,1088335,father
7006,1088093,1088251,mother
7006,1088093,1088334,mother
7006,1088094,1088252,father
7006,1088094,1088336,father
7006,1088095,1088252,mother
7006,1088095,1088335,mother
7006,1088096,1088253,father
7006,1088096,1088337,father
7006,1088097,1088253,mother
7006,1088097,1088336,mother
7006,1088098,1088254,father
7006,1088098,1088338,father
7006,1088099,1088254,mother
7006,1088099,1088337,mother
7006,1088100,1088255,father
7006,1088100,1088339,father
7006,1088101,1088255,mother
7006,1088101,1088338,mother
7006,1088102,1088256,father
7006,1088102,1088340,father
7006,1088103,1088256,mother
7006,1088103,1088339,mother
7006,1088104,1088257,father
7006,1088104,1088341,father
7006,1088105,1088257,mother
7006,1088105,1088340,mother
7006,1088106,1088258,father
7006,1088106,1088342,father
7006,1088107,1088258,mother
7006,1088107,1088341,mother
7006,1088108,1088259,father
7006,1088108,1088343,father
7006,1088109,1088259,mother
7006,1088109,1088342,mother
7006,1088110,1088260,father
7006,1088110,1088344,father
7006,1088111,1088260,mother
7006,1088111,1088343,mother
7006,1088112,1088261,father
7006,1088112,1088345,father
7006,1088113,1088261,mother
7006,1088113,1088344,mother
7006,1088114,1088262,father
7006,1088114,1088346,father
7006,1088115,1088262,mother
7006,1088115,1088345,mother
7006,1088116,1088263,father
7006,1088116,1088347,father
7006,1088117,1088263,mother
7006,1088117,1088346,mother
7006,1088118,1088264,father
7006,1088118,1088348,father
7006,1088119,1088264,mother
7006,1088119,1088347,mother
7006,1088120,1088265,father
7006,1088120,1088349,father
7006,1088121,1088265,mother
7006,1088121,1088348,mother
7006,1088122,1088266,father
7006,1088122,1088350,father
7006,1088123,1088266,mother
7006,1088123,1088349,mother
7006,1088124,1088267,father
7006,1088124,1088351,father
7006,1088125,1088267,mother
7006,1088125,1088350,mother
7006,1088126,1088268,father
7006,1088126,1088352,father
7006,1088127,1088268,mother
7006,1088127,1088351,mother
7006,1088128,1088269,father
7006,1088128,1088353,father
7006,1088129,1088269,mother
7006,1088129,1088352,mother
7006,1088130,1088270,father
7006,1088130,1088354,father
7006,1088131,1088270,mother
7006,1088131,1088353,mother
7006,1088132,1088271,father
7006,1088132,1088355,father
7006,1088133,1088271,mother
7006,1088133,1088354,mother
7006,1088134,1088272,father
7006,1088134,1088356,father
7006,1088135,1088272,mother
7006,1088135,1088355,mother
7006,1088136,1088273,father
7006,1088136,1088357,father
7006,1088137,1088273,mother
7006,1088137,1088356,mother
7006,1088138,1088274,father
7006,1088138,1088358,father
7006,1088139,1088274,mother
7006,1088139,1088357,mother
7006,1088140,1088275,father
7006,1088140,1088359,father
7006,1088141,1088275,mother
7006,1088141,1088358,mother
7006,1088142,1088276,father
7006,1088142,1088360,father
7006,1088143,1088276,mother
7006,1088143,1088359,mother
7006,1088144,1088277,father
7006,1088144,1088361,father
7006,1088145,1088277,mother
7006,1088145,1088360,mother
7006,1088146,1088278,father
7006,1088146,1088362,father
7006,1088147,1088278,mother
7006,1088147,1088361,mother
7006,1088148,1088279,father
7006,1088148,1088363,father
7006,1088149,1088279,mother
7006,1088149,1088362,mother
7006,1088150,1088280,father
7006,1088150,1088364,father
7006,1088151,1088280,mother
7006,1088151,1088363,mother
7006,1088152,1088281,father
7006,1088152,1088365,father
7006,1088153,1088281,mother
7006,1088153,1088364,mother
7006,1088154,1088282,father
7006,1088154,1088366,father
7006,1088155,1088282,mother
7006,1088155,1088365,mother
7006,1088156,1088283,father
7006,1088156,1088367,father
7006,1088157,1088283,mother
7006,1088157,1088366,mother
7006,1088158,1088284,father
7006,1088158,1088368,father
7006,1088159,1088284,mother
7006,1088159,1088367,mother
7006,1088160,1088285,father
7006,1088160,1088369,father
7006,1088161,1088285,mother
7006,1088161,1088368,mother
7006,1088162,1088286,father
7006,1088162,1088370,father
7006,1088163,1088286,mother
7006,1088163,1088369,mother
7006,1088164,1088287,father
7006,1088164,1088371,father
7006,1088165,1088287,mother
7006,1088165,1088370,mother
7006,1088166,1088288,father
7006,1088166,1088372,father
7006,1088167,1088288,mother
7006,1088167,1088371,mother
7006,1088168,1088289,father
7006,1088168,1088373,father
7006,1088169,1088289,mother
7006,1088169,1088372,mother
7006,1088170,1088290,father
7006,1088170,1088374,father
7006,1088171,1088290,mother
7006,1088171,1088373,mother
7006,1088172,1088291,father
7006,1088172,1088375,father
7006,1088173,1088291,mother
7006,1088173,1088374,mother
7006,1088174,1088292,father
7006,1088174,1088376,father
7006,1088175,1088292,mother
7006,1088175,1088375,mother
7006,1088176,1088293,father
7006,1088176,1088377,father
7006,1088177,1088293,mother
7006,1088177,1088376,mother
7006,1088178,1088294,father
7006,1088178,1088378,father
7006,1088179,1088294,mother
7006,1088179,1088377,mother
7006,1088180,1088295,father
7006,1088180,1088379,father
7006,1088181,1088295,mother
7006,1088181,1088378,mother
7006,1088182,1088296,father
7006,1088182,1088380,father
7006,1088183,1088296,mother
7006,1088183,1088379,mother
7006,1088184,1088297,father
7006,1088184,1088381,father
7006,1088185,1088297,mother
7006,1088185,1088380,mother
7006,1088186,1088298,father
7006,1088186,1088382,father
7006,1088187,1088298,mother
7006,1088187,1088381,mother
7006,1088188,1088299,father
7006,1088188,1088383,father
7006,1088189,1088299,mother
7006,1088189,1088382,mother
7006,1088190,1088300,father
7006,1088190,1088384,father
7006,1088191,1088300,mother
7006,1088191,1088383,mother
7006,1088192,1088301,father
7006,1088192,1088385,father
7006,1088193,1088301,mother
7006,1088193,1088384,mother
7006,1088194,1088302,father
7006,1088194,1088386,father
7006,1088195,1088302,mother
7006,1088195,1088385,mother
7006,1088196,1088303,father
7006,1088196,1088387,father
7006,1088197,1088303,mother
7006,1088197,1088386,mother
7006,1088198,1088304,father
7006,1088198,1088388,father
7006,1088199,1088304,mother
7006,1088199,1088387,mother
7006,1088200,1088305,father
7006,1088200,1088389,father
7006,1088201,1088305,mother
7006,1088201,1088388,mother
7006,1088202,1088306,father
7006,1088202,1088390,father
7006,1088203,1088306,mother
7006,1088203,1088389,mother
7006,1088204,1088307,father
7006,1088204,1088391,father
7006,1088205,1088307,mother
7006,1088205,1088390,mother
7006,1088206,1088308,father
7006,1088206,1088392,father
7006,1088207,1088308,mother
7006,1088207,1088391,mother
7006,1088208,1088309,father
7006,1088209,1088309,mother
7006,1088209,1088392,mother
7006,1088210,1088310,father
7006,1088211,1088310,mother
7006,1088212,1088311,father
7006,1088213,1088311,mother
7006,1088214,1088312,father
7006,1088215,1088312,mother
7006,1088216,1088313,father
7006,1088217,1088313,mother
7006,1088218,1088314,father
7006,1088219,1088314,mother
7006,1088220,1088315,father
7006,1088221,1088315,mother
7006,1088222,1088316,father
7006,1088223,1088316,mother
7006,1088224,1088317,father
7006,1088225,1088317,mother
7006,1088226,1088318,father
7006,1088227,1088318,mother
7006,1088228,1088319,father
7006,1088229,1088319,mother
7006,1088230,1088320,father
7006,1088231,1088320,mother
7006,1088232,1088321,father
7006,1088233,1088321,mother
7006,1088234,1088322,father
7006,1088235,1088322,mother
7006,1088236,1088323,father
7006,1088237,1088323,mother
7006,1088238,1088324,father
7006,1088239,1088324,mother
7006,1088240,1088325,father
7006,1088241,1088325,mother
7006,1088242,1088326,father
7006,1088243,1088393,father
7006,1088243,1088468,father
7006,1088244,1088393,mother
7006,1088244,1088468,mother
7006,1088245,1088394,father
7006,1088245,1088469,father
7006,1088246,1088394,mother
7006,1088246,1088469,mother
7006,1088247,1088395,father
7006,1088247,1088470,father
7006,1088248,1088395,mother
7006,1088248,1088470,mother
7006,1088249,1088396,father
7006,1088249,1088471,father
7006,1088250,1088396,mother
7006,1088250,1088471,mother
7006,1088251,1088397,father
7006,1088251,1088472,father
7006,1088252,1088397,mother
7006,1088252,1088472,mother
7006,1088253,1088398,father
7006,1088253,1088473,father
7006,1088254,1088398,mother
7006,1088254,1088473,mother
7006,1088255,1088399,father
7006,1088255,1088474,father
7006,1088256,1088399,mother
7006,1088256,1088474,mother
7006,1088257,1088400,father
7006,1088257,1088475,father
7006,1088258,1088400,mother
7006,1088258,1088475,mother
7006,1088259,1088401,father
7006,1088259,1088476,father
7006,1088260,1088401,mother
7006,1088260,1088476,mother
7006,1088261,1088402,father
7006,1088261,1088477,father
7006,1088262,1088402,mother
7006,1088262,1088477,mother
7006,1088263,1088403,father
7006,1088263,1088478,father
7006,1088264,1088403,mother
7006,1088264,1088478,mother
7006,1088265,1088404,father
7006,1088265,1088479,father
7006,1088266,1088404,mother
7006,1088266,1088479,mother
7006,1088267,1088405,father
7006,1088267,1088480,father
7006,1088268,1088405,mother
7006,1088268,1088480,mother
7006,1088269,1088406,father
7006,1088269,1088481,father
7006,1088270,1088406,mother
7006,1088270,1088481,mother
7006,1088271,1088407,father
7006,1088271,1088482,father
7006,1088272,1088407,mother
7006,1088272,1088482,mother
7006,1088273,1088408,father
7006,1088273,1088483,father
7006,1088274,1088408,mother
7006,1088274,1088483,mother
7006,1088275,1088409,father
7006,1088275,1088484,father
7006,1088276,1088409,mother
7006,1088276,1088484,mother
7006,1088277,1088410,father
7006,1088277,1088485,father
7006,1088278,1088410,mother
7006,1088278,1088485,mother
7006,1088279,1088411,father
7006,1088279,1088486,father
7006,1088280,1088411,mother
7006,1088280,1088486,mother
7006,1088281,1088412,father
7006,1088281,1088487,father
7006,1088282,1088412,mother
7006,1088282,1088487,mother
7006,1088283,1088413,father
7006,1088283,1088488,father
7006,1088284,1088413,mother
7006,1088284,1088488,mother
7006,1088285,1088414,father
7006,1088285,1088489,father
7006,1088286,1088414,mother
7006,1088286,1088489,mother
7006,1088287,1088415,father
7006,1088287,1088490,father
7006,1088288,1088415,mother
7006,1088288,1088490,mother
7006,1088289,1088416,father
7006,1088289,1088491,father
7006,1088290,1088416,mother
7006,1088290,1088491,mother
7006,1088291,1088417,father
7006,1088291,1088492,father
7006,1088292,1088417,mother
7006,1088292,1088492,mother
7006,1088293,1088418,father
7006,1088293,1088493,father
7006,1088294,1088418,mother
7006,1088294,1088493,mother
7006,1088295,1088419,father
7006,1088295,1088494,father
7006,1088296,1088419,mother
7006,1088296,1088494,mother
7006,1088297,1088420,father
7006,1088297,1088495,father
7006,1088298,1088420,mother
7006,1088298,1088495,mother
7006,1088299,1088421,father
7006,1088299,1088496,father
7006,1088300,1088421,mother
7006,1088300,1088496,mother
7006,1088301,1088422,father
7006,1088301,1088497,father
7006,1088302,1088422,mother
7006,1088302,1088497,mother
7006,1088303,1088423,father
7006,1088303,1088498,father
7006,1088304,1088423,mother
7006,1088304,1088498,mother
7006,1088305,1088424,father
7006,1088305,1088499,father
7006,1088306,1088424,mother
7006,1088306,1088499,mother
7006,1088307,1088425,father
7006,1088307,1088500,father
7006,1088308,1088425,mother
7006,1088308,1088500,mother
7006,1088309,1088426,father
7006,1088309,1088501,father
7006,1088310,1088426,mother
7006,1088310,1088501,mother
7006,1088311,1088427,father
7006,1088311,1088502,father
7006,1088312,1088427,mother
7006,1088312,1088502,mother
7006,1088313,1088428,father
7006,1088313,1088503,father
7006,1088314,1088428,mother
7006,1088314,1088503,mother
7006,1088315,1088429,father
7006,1088315,1088504,father
7006,1088316,1088429,mother
7006,1088316,1088504,mother
7006,1088317,1088430,father
7006,1088317,1088505,father
7006,1088318,1088430,mother
7006,1088318,1088505,mother
7006,1088319,1088431,father
7006,1088319,1088506,father
7006,1088320,1088431,mother
7006,1088320,1088506,mother
7006,1088321,1088432,father
7006,1088321,1088507,father
7006,1088322,1088432,mother
7006,1088322,1088507,mother
7006,1088323,1088433,father
7006,1088323,1088508,father
7006,1088324,1088433,mother
7006,1088324,1088508,mother
7006,1088325,1088434,father
7006,1088325,1088509,father
7006,1088326,1088434,mother
7006,1088326,1088509,mother
7006,1088327,1088435,father
7006,1088327,1088510,father
7006,1088328,1088435,mother
7006,1088328,1088510,mother
7006,1088329,1088436,father
7006,1088329,1088511,father
7006,1088330,1088436,mother
7006,1088330,1088511,mother
7006,1088331,1088437,father
7006,1088331,1088512,father
7006,1088332,1088437,mother
7006,1088332,1088512,mother
7006,1088333,1088438,father
7006,1088333,1088513,father
7006,1088334,1088438,mother
7006,1088334,1088513,mother
7006,1088335,1088439,father
7006,1088335,1088514,father
7006,1088336,1088439,mother
7006,1088336,1088514,mother
7006,1088337,1088440,father
7006,1088337,1088515,father
7006,1088338,1088440,mother
7006,1088338,1088515,mother
7006,1088339,1088441,father
7006,1088339,1088516,father
7006,1088340,1088441,mother
7006,1088340,1088516,mother
7006,1088341,1088442,father
7006,1088341,1088517,father
7006,1088342,1088442,mother
7006,1088342,1088517,mother
7006,1088343,1088443,father
7006,1088343,1088518,father
7006,1088344,1088443,mother
7006,1088344,1088518,mother
7006,1088345,1088444,father
7006,1088345,1088519,father
7006,1088346,1088444,mother
7006,1088346,1088519,mother
7006,1088347,1088445,father
7006,1088347,1088520,father
7006,1088348,1088445,mother
7006,1088348,1088520,mother
7006,1088349,1088446,father
7006,1088349,1088521,father
7006,1088350,1088446,mother
7006,1088350,1088521,mother
7006,1088351,1088447,father
7006,1088351,1088522,father
7006,1088352,1088447,mother
7006,1088352,1088522,mother
7006,1088353,1088448,father
7006,1088353,1088523,father
7006,1088354,1088448,mother
7006,1088354,1088523,mother
7006,1088355,1088449,father
7006,1088355,1088524,father
7006,1088356,1088449,mother
7006,1088356,1088524,mother
7006,1088357,1088450,father
7006,1088357,1088525,father
7006,1088358,1088450,mother
7006,1088358,1088525,mother
7006,1088359,1088451,father
7006,1088359,1088526,father
7006,1088360,1088451,mother
7006,1088360,1088526,mother
7006,1088361,1088452,father
7006,1088362,1088452,mother
7006,1088363,1088453,father
7006,1088364,1088453,mother
7006,1088365,1088454,father
7006,1088366,1088454,mother
7006,1088367,1088455,father
7006,1088368,1088455,mother
7006,1088369,1088456,father
7006,1088370,1088456,mother
7006,1088371,1088457,father
7006,1088372,1088457,mother
7006,1088373,1088458,father
7006,1088374,1088458,mother
7006,1088375,1088459,father
7006,1088376,1088459,mother
7006,1088377,1088460,father
7006,1088378,1088460,mother
7006,1088379,1088461,father
7006,1088380,1088461,mother
7006,1088381,1088462,father
7006,1088382,1088462,mother
7006,1088383,1088463,father
7006,1088384,1088463,mother
7006,1088385,1088464,father
7006,1088386,1088464,mother
7006,1088387,1088465,father
7006,1088388,1088465,mother
7006,1088389,1088466,father
7006,1088390,1088466,mother
7006,1088391,1088467,father
7006,1088392,1088467,mother
7006,1088393,1088527,father
7006,1088393,1088594,father
7006,1088394,1088527,mother
7006,1088394,1088594,mother
7006,1088395,1088528,father
7006,1088395,1088595,father
7006,1088396,1088528,mother
7006,1088396,1088595,mother
7006,1088397,1088529,father
7006,1088397,1088596,father
7006,1088398,1088529,mother
7006,1088398,1088596,mother
7006,1088399,1088530,father
7006,1088399,1088597,father
7006,1088400,1088530,mother
7006,1088400,1088597,mother
7006,1088401,1088531,father
7006,1088401,1088598,father
7006,1088402,1088531,mother
7006,1088402,1088598,mother
7006,1088403,1088532,father
7006,1088403,1088599,father
7006,1088404,1088532,mother
7006,1088404,1088599,mother
7006,1088405,1088533,father
7006,1088405,1088600,father
7006,1088406,1088533,mother
7006,1088406,1088600,mother
7006,1088407,1088534,father
7006,1088407,1088601,father
7006,1088408,1088534,mother
7006,1088408,1088601,mother
7006,1088409,1088535,father
7006,1088409,1088602,father
7006,1088410,1088535,mother
7006,1088410,1088602,mother
7006,1088411,1088536,father
7006,1088411,1088603,father
7006,1088412,1088536,mother
7006,1088412,1088603,mother
7006,1088413,1088537,father
7006,1088413,1088604,father
7006,1088414,1088537,mother
7006,1088414,1088604,mother
7006,1088415,1088538,father
7006,1088415,1088605,father
7006,1088416,1088538,mother
7006,1088416,1088605,mother
7006,1088417,1088539,father
7006,1088417,1088606,father
7006,1088418,1088539,mother
7006,1088418,1088606,mother
7006,1088419,1088540,father
7006,1088419,1088607,father
7006,1088420,1088540,mother
7006,1088420,1088607,mother
7006,1088421,1088541,father
7006,1088421,1088608,father
7006,1088422,1088541,mother
7006,1088422,1088608,mother
7006,1088423,1088542,father
7006,1088423,1088609,father
7006,1088424,1088542,mother
7006,1088424,1088609,mother
7006,1088425,1088543,father
7006,1088425,1088610,father
7006,1088426,1088543,mother
7006,1088426,1088610,mother
7006,1088427,1088544,father
7006,1088427,1088611,father
7006,1088428,1088544,mother
7006,1088428,1088611,mother
7006,1088429,1088545,father
7006,1088429,1088612,father
7006,1088430,1088545,mother
7006,1088430,1088612,mother
7006,1088431,1088546,father
7006,1088431,1088613,father
7006,1088432,1088546,mother
7006,1088432,1088613,mother
7006,1088433,1088547,father
7006,1088433,1088614,father
7006,1088434,1088547,mother
7006,1088434,1088614,mother
7006,1088435,1088548,father
7006,1088435,1088615,father
7006,1088436,1088548,mother
7006,1088436,1088615,mother
7006,1088437,1088549,father
7006,1088437,1088616,father
7006,1088438,1088549,mother
7006,1088438,1088616,mother
7006,1088439,1088550,father
7006,1088439,1088617,father
7006,1088440,1088550,mother
7006,1088440,1088617,mother
7006,1088441,1088551,father
7006,1088441,1088618,father
7006,1088442,1088551,mother
7006,1088442,1088618,mother
7006,1088443,1088552,father
7006,1088443,1088619,father
7006,1088444,1088552,mother
7006,1088444,1088619,mother
7006,1088445,1088553,father
7006,1088445,1088620,father
7006,1088446,1088553,mother
7006,1088446,1088620,mother
7006,1088447,1088554,father
7006,1088447,1088621,father
7006,1088448,1088554,mother
7006,1088448,1088621,mother
7006,1088449,1088555,father
7006,1088449,1088622,father
7006,1088450,1088555,mother
7006,1088450,1088622,mother
7006,1088451,1088556,father
7006,1088451,1088623,father
7006,1088452,1088556,mother
7006,1088452,1088623,mother
7006,1088453,1088557,father
7006,1088453,1088624,father
7006,1088454,1088557,mother
7006,1088454,1088624,mother
7006,1088455,1088558,father
7006,1088455,1088625,father
7006,1088456,1088558,mother
7006,1088456,1088625,mother
7006,1088457,1088559,father
7006,1088457,1088626,father
7006,1088458,1088559,mother
7006,1088458,1088626,mother
7006,1088459,1088560,father
7006,1088459,1088627,father
7006,1088460,1088560,mother
7006,1088460,1088627,mother
7006,1088461,1088561,father
7006,1088461,1088628,father
7006,1088462,1088561,mother
7006,1088462,1088628,mother
7006,1088463,1088562,father
7006,1088463,1088629,father
7006,1088464,1088562,mother
7006,1088464,1088629,mother
7006,1088465,1088563,father
7006,1088465,1088630,father
7006,1088466,1088563,mother
7006,1088466,1088630,mother
7006,1088467,1088564,father
7006,1088467,1088631,father
7006,1088468,1088564,mother
7006,1088468,1088631,mother
7006,1088469,1088565,father
7006,1088469,1088632,father
7006,1088470,1088565,mother
7006,1088470,1088632,mother
7006,1088471,1088566,father
7006,1088471,1088633,father
7006,1088472,1088566,mother
7006,1088472,1088633,mother
7006,1088473,1088567,father
7006,1088473,1088634,father
7006,1088474,1088567,mother
7006,1088474,1088634,mother
7006,1088475,1088568,father
7006,1088475,1088635,father
7006,1088476,1088568,mother
7006,1088476,1088635,mother
7006,1088477,1088569,father
7006,1088477,1088636,father
7006,1088478,1088569,mother
7006,1088478,1088636,mother
7006,1088479,1088570,father
7006,1088479,1088637,father
7006,1088480,1088570,mother
7006,1088480,1088637,mother
7006,1088481,1088571,father
7006,1088481,1088638,father
7006,1088482,1088571,mother
7006,1088482,1088638,mother
7006,1088483,1088572,father
7006,1088483,1088639,father
7006,1088484,1088572,mother
7006,1088484,1088639,mother
7006,1088485,1088573,father
7006,1088485,1088640,father
7006,1088486,1088573,mother
7006,1088486,1088640,mother
7006,1088487,1088574,father
7006,1088487,1088641,father
7006,1088488,1088574,mother
7006,1088488,1088641,mother
7006,1088489,1088575,father
7006,1088489,1088642,father
7006,1088490,1088575,mother
7006,1088490,1088642,mother
7006,1088491,1088576,father
7006,1088491,1088643,father
7006,1088492,1088576,mother
7006,1088492,1088643,mother
7006,1088493,1088577,father
7006,1088494,1088577,mother
7006,1088495,1088578,father
7006,1088496,1088578,mother
7006,1088497,1088579,father
7006,1088498,1088579,mother
7006,1088499,1088580,father
7006,1088500,1088580,mother
7006,1088501,1088581,father
7006,1088502,1088581,mother
7006,1088503,1088582,father
7006,1088504,1088582,mother
7006,1088505,1088583,father
7006,1088506,1088583,mother
7006,1088507,1088584,father
7006,1088508,1088584,mother
7006,1088509,1088585,father
7006,1088510,1088585,mother
7006,1088511,1088586,father
7006,1088512,1088586,mother
7006,1088513,1088587,father
7006,1088514,1088587,mother
7006,1088515,1088588,father
7006,1088516,1088588,mother
7006,1088517,1088589,father
7006,1088518,1088589,mother
7006,1088519,1088590,father
7006,1088520,1088590,mother
7006,1088521,1088591,father
7006,1088522,1088591,mother
7006,1088523,1088592,father
7006,1088524,1088592,mother
7006,1088525,1088593,father
7006,1088526,1088593,mother
7006,1088527,1088644,father
7006,1088527,1088703,father
7006,1088528,1088644,mother
7006,1088528,1088702,mother
7006,1088529,1088645,father
7006,1088529,1088704,father
7006,1088530,1088645,mother
7006,1088530,1088703,mother
7006,1088531,1088646,father
7006,1088531,1088705,father
7006,1088532,1088646,mother
7006,1088532,1088704,mother
7006,1088533,1088647,father
7006,1088533,1088706,father
7006,1088534,1088647,mother
7006,1088534,1088705,mother
7006,1088535,1088648,father
7006,1088535,1088707,father
7006,1088536,1088648,mother
7006,1088536,1088706,mother
7006,1088537,1088649,father
7006,1088537,1088708,father
7006,1088538,1088649,mother
7006,1088538,1088707,mother
7006,1088539,1088650,father
7006,1088539,1088709,father
7006,1088540,1088650,mother
7006,1088540,1088708,mother
7006,1088541,1088651,father
7006,1088541,1088710,father
7006,1088542,1088651,mother
7006,1088542,1088709,mother
7006,1088543,1088652,father
7006,1088543,1088711,father
7006,1088544,1088652,mother
7006,1088544,1088710,mother
7006,1088545,1088653,father
7006,1088545,1088712,father
7006,1088546,1088653,mother
7006,1088546,1088711,mother
7006,1088547,1088654,father
7006,1088547,1088713,father
7006,1088548,1088654,mother
7006,1088548,1088712,mother
7006,1088549,1088655,father
7006,1088549,1088714,father
7006,1088550,1088655,mother
7006,1088550,1088713,mother
7006,1088551,1088656,father
7006,1088551,1088715,father
7006,1088552,1088656,mother
7006,1088552,1088714,mother
7006,1088553,1088657,father
7006,1088553,1088716,father
7006,1088554,1088657,mother
7006,1088554,1088715,mother
7006,1088555,1088658,father
7006,1088555,1088717,father
7006,1088556,1088658,mother
7006,1088556,1088716,mother
7006,1088557,1088659,father
7006,1088557,1088718,father
7006,1088558,1088659,mother
7006,1088558,1088717,mother
7006,1088559,1088660,father
7006,1088559,1088719,father
7006,1088560,1088660,mother
7006,1088560,1088718,mother
7006,1088561,1088661,father
7006,1088561,1088720,father
7006,1088562,1088661,mother
7006,1088562,1088719,mother
7006,1088563,1088662,father
7006,1088563,1088721,father
7006,1088564,1088662,mother
7006,1088564,1088720,mother
7006,1088565,1088663,father
7006,1088565,1088722,father
7006,1088566,1088663,mother
7006,1088566,1088721,mother
7006,1088567,1088664,father
7006,1088567,1088723,father
7006,1088568,1088664,mother
7006,1088568,1088722,mother
7006,1088569,1088665,father
7006,1088569,1088724,father
7006,1088570,1088665,mother
7006,1088570,1088723,mother
7006,1088571,1088666,father
7006,1088571,1088725,father
7006,1088572,1088666,mother
7006,1088572,1088724,mother
7006,1088573,1088667,father
7006,1088573,1088726,father
7006,1088574,1088667,mother
7006,1088574,1088725,mother
7006,1088575,1088668,father
7006,1088575,1088727,father
7006,1088576,1088668,mother
7006,1088576,1088726,mother
7006,1088577,1088669,father
7006,1088577,1088728,father
7006,1088578,1088669,mother
7006,1088578,1088727,mother
7006,1088579,1088670,father
7006,1088579,1088729,father
7006,1088580,1088670,mother
7006,1088580,1088728,mother
7006,1088581,1088671,father
7006,1088581,1088730,father
7006,1088582,1088671,mother
7006,1088582,1088729,mother
7006,1088583,1088672,father
7006,1088583,1088731,father
7006,1088584,1088672,mother
7006,1088584,1088730,mother
7006,1088585,1088673,father
7006,1088585,1088732,father
7006,1088586,1088673,mother
7006,1088586,1088731,mother
7006,1088587,1088674,father
7006,1088587,1088733,father
7006,1088588,1088674,mother
7006,1088588,1088732,mother
7006,1088589,1088675,father
7006,1088589,1088734,father
7006,1088590,1088675,mother
7006,1088590,1088733,mother
7006,1088591,1088676,father
7006,1088591,1088735,father
7006,1088592,1088676,mother
7006,1088592,1088734,mother
7006,1088593,1088677,father
7006,1088593,1088736,father
7006,1088594,1088677,mother
7006,1088594,1088735,mother
7006,1088595,1088678,father
7006,1088595,1088737,father
7006,1088596,1088678,mother
7006,1088596,1088736,mother
7006,1088597,1088679,father
7006,1088597,1088738,father
7006,1088598,1088679,mother
7006,1088598,1088737,mother
7006,1088599,1088680,father
7006,1088599,1088739,father
7006,1088600,1088680,mother
7006,1088600,1088738,mother
7006,1088601,1088681,father
7006,1088601,1088740,father
7006,1088602,1088681,mother
7006,1088602,1088739,mother
7006,1088603,1088682,father
7006,1088603,1088741,father
7006,1088604,1088682,mother
7006,1088604,1088740,mother
7006,1088605,1088683,father
7006,1088605,1088742,father
7006,1088606,1088683,mother
7006,1088606,1088741,mother
7006,1088607,1088684,father
7006,1088607,1088743,father
7006,1088608,1088684,mother
7006,1088608,1088742,mother
7006,1088609,1088685,father
7006,1088609,1088744,father
7006,1088610,1088685,mother
7006,1088610,1088743,mother
7006,1088611,1088686,father
7006,1088612,1088686,mother
7006,1088612,1088744,mother
7006,1088613,1088687,father
7006,1088614,1088687,mother
7006,1088615,1088688,father
7006,1088616,1088688,mother
7006,1088617,1088689,father
7006,1088618,1088689,mother
7006,1088619,1088690,father
7006,1088620,1088690,mother
7006,1088621,1088691,father
7006,1088622,1088691,mother
7006,1088623,1088692,father
7006,1088624,1088692,mother
7006,1088625,1088693,father
7006,1088626,1088693,mother
7006,1088627,1088694,father
7006,1088628,1088694,mother
7006,1088629,1088695,father
7006,1088630,1088695,mother
7006,1088631,1088696,father
7006,1088632,1088696,mother
7006,1088633,1088697,father
7006,1088634,1088697,mother
7006,1088635,1088698,father
7006,1088636,1088698,mother
7006,1088637,1088699,father
7006,1088638,1088699,mother
7006,1088639,1088700,father
7006,1088640,1088700,mother
7006,1088641,1088701,father
7006,1088642,1088701,mother
7006,1088643,1088702,father
7006,1088644,1088745,father
7006,1088644,1088796,father
7006,1088645,1088745,mother
7006,1088645,1088795,mother
7006,1088646,1088746,father
7006,1088646,1088797,father
7006,1088647,1088746,mother
7006,1088647,1088796,mother
7006,1088648,1088747,father
7006,1088648,1088798,father
7006,1088649,1088747,mother
7006,1088649,1088797,mother
7006,1088650,1088748,father
7006,1088650,1088799,father
7006,1088651,1088748,mother
7006,1088651,1088798,mother
7006,1088652,1088749,father
7006,1088652,1088800,father
7006,1088653,1088749,mother
7006,1088653,1088799,mother
7006,1088654,1088750,father
7006,1088654,1088801,father
7006,1088655,1088750,mother
7006,1088655,1088800,mother
7006,1088656,1088751,father
7006,1088656,1088802,father
7006,1088657,1088751,mother
7006,1088657,1088801,mother
7006,1088658,1088752,father
7006,1088658,1088803,father
7006,1088659,1088752,mother
7006,1088659,1088802,mother
7006,1088660,1088753,father
7006,1088660,1088804,father
7006,1088661,1088753,mother
7006,1088661,1088803,mother
7006,1088662,1088754,father
7006,1088662,1088805,father
7006,1088663,1088754,mother
7006,1088663,1088804,mother
7006,1088664,1088755,father
7006,1088664,1088806,father
7006,1088665,1088755,mother
7006,1088665,1088805,mother
7006,1088666,1088756,father
7006,1088666,1088807,father
7006,1088667,1088756,mother
7006,1088667,1088806,mother
7006,1088668,1088757,father
7006,1088668,1088808,father
7006,1088669,1088757,mother
7006,1088669,1088807,mother
7006,1088670,1088758,father
7006,1088670,1088809,father
7006,1088671,1088758,mother
7006,1088671,1088808,mother
7006,1088672,1088759,father
7006,1088672,1088810,father
7006,1088673,1088759,mother
7006,1088673,1088809,mother
7006,1088674,1088760,father
7006,1088674,1088811,father
7006,1088675,1088760,mother
7006,1088675,1088810,mother
7006,1088676,1088761,father
7006,1088676,1088812,father
7006,1088677,1088761,mother
7006,1088677,1088811,mother
7006,1088678,1088762,father
7006,1088678,1088813,father
7006,1088679,1088762,mother
7006,1088679,1088812,mother
7006,1088680,1088763,father
7006,1088680,1088814,father
7006,1088681,1088763,mother
7006,1088681,1088813,mother
7006,1088682,1088764,father
7006,1088682,1088815,father
7006,1088683,1088764,mother
7006,1088683,1088814,mother
7006,1088684,1088765,father
7006,1088684,1088816,father
7006,1088685,1088765,mother
7006,1088685,1088815,mother
7006,1088686,1088766,father
7006,1088686,1088817,father
7006,1088687,1088766,mother
7006,1088687,1088816,mother
7006,1088688,1088767,father
7006,1088688,1088818,father
7006,1088689,1088767,mother
7006,1088689,1088817,mother
7006,1088690,1088768,father
7006,1088690,1088819,father
7006,1088691,1088768,mother
7006,1088691,1088818,mother
7006,1088692,1088769,father
7006,1088692,1088820,father
7006,1088693,1088769,mother
7006,1088693,1088819,mother
7006,1088694,1088770,father
7006,1088694,1088821,father
7006,1088695,1088770,mother
7006,1088695,1088820,mother
7006,1088696,1088771,father
7006,1088696,1088822,father
7006,1088697,1088771,mother
7006,1088697,1088821,mother
7006,1088698,1088772,father
7006,1088698,1088823,father
7006,1088699,1088772,mother
7006,1088699,1088822,mother
7006,1088700,1088773,father
7006,1088700,1088824,father
7006,1088701,1088773,mother
7006,1088701,1088823,mother
7006,1088702,1088774,father
7006,1088702,1088825,father
7006,1088703,1088774,mother
7006,1088703,1088824,mother
7006,1088704,1088775,father
7006,1088704,1088826,father
7006,1088705,1088775,mother
7006,1088705,1088825,mother
7006,1088706,1088776,father
7006,1088706,1088827,father
7006,1088707,1088776,mother
7006,1088707,1088826,mother
7006,1088708,1088777,father
7006,1088708,1088828,father
7006,1088709,1088777,mother
7006,1088709,1088827,mother
7006,1088710,1088778,father
7006,1088711,1088778,mother
7006,1088711,1088828,mother
7006,1088712,1088779,father
7006,1088713,1088779,mother
7006,1088714,1088780,father
7006,1088715,1088780,mother
7006,1088716,1088781,father
7006,1088717,1088781,mother
7006,1088718,1088782,father
7006,1088719,1088782,mother
7006,1088720,1088783,father
7006,1088721,1088783,mother
7006,1088722,1088784,father
7006,1088723,1088784,mother
7006,1088724,1088785,father
7006,1088725,1088785,mother
7006,1088726,1088786,father
7006,1088727,1088786,mother
7006,1088728,1088787,father
7006,1088729,1088787,mother
7006,1088730,1088788,father
7006,1088731,1088788,mother
7006,1088732,1088789,father
7006,1088733,1088789,mother
7006,1088734,1088790,father
7006,1088735,1088790,mother
7006,1088736,1088791,father
7006,1088737,1088791,mother
7006,1088738,1088792,father
7006,1088739,1088792,mother
7006,1088740,1088793,father
7006,1088741,1088793,mother
7006,1088742,1088794,father
7006,1088743,1088794,mother
7006,1088744,1088795,father
7006,1088745,1088829,father
7006,1088745,1088871,father
7006,1088746,1088829,mother
7006,1088746,1088871,mother
7006,1088747,1088830,father
7006,1088747,1088872,father
7006,1088748,1088830,mother
7006,1088748,1088872,mother
7006,1088749,1088831,father
7006,1088749,1088873,father
7006,1088750,1088831,mother
7006,1088750,1088873,mother
7006,1088751,1088832,father
7006,1088751,1088874,father
7006,1088752,1088832,mother
7006,1088752,1088874,mother
7006,1088753,1088833,father
7006,1088753,1088875,father
7006,1088754,1088833,mother
7006,1088754,1088875,mother
7006,1088755,1088834,father
7006,1088755,1088876,father
7006,1088756,1088834,mother
7006,1088756,1088876,mother
7006,1088757,1088835,father
7006,1088757,1088877,father
7006,1088758,1088835,mother
7006,1088758,1088877,mother
7006,1088759,1088836,father
7006,1088759,1088878,father
7006,1088760,1088836,mother
7006,1088760,1088878,mother
7006,1088761,1088837,father
7006,1088761,1088879,father
7006,1088762,1088837,mother
7006,1088762,1088879,mother
7006,1088763,1088838,father
7006,1088763,1088880,father
7006,1088764,1088838,mother
7006,1088764,1088880,mother
7006,1088765,1088839,father
7006,1088765,1088881,father
7006,1088766,1088839,mother
7006,1088766,1088881,mother
7006,1088767,1088840,father
7006,1088767,1088882,father
7006,1088768,1088840,mother
7006,1088768,1088882,mother
7006,1088769,1088841,father
7006,1088769,1088883,father
7006,1088770,1088841,mother
7006,1088770,1088883,mother
7006,1088771,1088842,father
7006,1088771,1088884,father
7006,1088772,1088842,mother
7006,1088772,1088884,mother
7006,1088773,1088843,father
7006,1088773,1088885,father
7006,1088774,1088843,mother
7006,1088774,1088885,mother
7006,1088775,1088844,father
7006,1088775,1088886,father
7006,1088776,1088844,mother
7006,1088776,1088886,mother
7006,1088777,1088845,father
7006,1088777,1088887,father
7006,1088778,1088845,mother
7006,1088778,1088887,mother
7006,1088779,1088846,father
7006,1088779,1088888,father
7006,1088780,1088846,mother
7006,1088780,1088888,mother
7006,1088781,1088847,father
7006,1088781,1088889,father
7006,1088782,1088847,mother
7006,1088782,1088889,mother
7006,1088783,1088848,father
7006,1088783,1088890,father
7006,1088784,1088848,mother
7006,1088784,1088890,mother
7006,1088785,1088849,father
7006,1088785,1088891,father
7006,1088786,1088849,mother
7006,1088786,1088891,mother
7006,1088787,1088850,father
7006,1088787,1088892,father
7006,1088788,1088850,mother
7006,1088788,1088892,mother
7006,1088789,1088851,father
7006,1088789,1088893,father
7006,1088790,1088851,mother
7006,1088790,1088893,mother
7006,1088791,1088852,father
7006,1088791,1088894,father
7006,1088792,1088852,mother
7006,1088792,1088894,mother
7006,1088793,1088853,father
7006,1088793,1088895,father
7006,1088794,1088853,mother
7006,1088794,1088895,mother
7006,1088795,1088854,father
7006,1088795,1088896,father
7006,1088796,1088854,mother
7006,1088796,1088896,mother
7006,1088797,1088855,father
7006,1088798,1088855,mother
7006,1088799,1088856,father
7006,1088800,1088856,mother
7006,1088801,1088857,father
7006,1088802,1088857,mother
7006,1088803,1088858,father
7006,1088804,1088858,mother
7006,1088805,1088859,father
7006,1088806,1088859,mother
7006,1088807,1088860,father
7006,1088808,1088860,mother
7006,1088809,1088861,father
7006,1088810,1088861,mother
7006,1088811,1088862,father
7006,1088812,1088862,mother
7006,1088813,1088863,father
7006,1088814,1088863,mother
7006,1088815,1088864,father
7006,1088816,1088864,mother
7006,1088817,1088865,father
7006,1088818,1088865,mother
7006,1088819,1088866,father
7006,1088820,1088866,mother
7006,1088821,1088867,father
7006,1088822,1088867,mother
7006,1088823,1088868,father
7006,1088824,1088868,mother
7006,1088825,1088869,father
7006,1088826,1088869,mother
7006,1088827,1088870,father
7006,1088828,1088870,mother
7006,1088829,1088897,father
7006,1088829,1088931,father
7006,1088830,1088897,mother
7006,1088830,1088931,mother
7006,1088831,1088898,father
7006,1088831,1088932,father
7006,1088832,1088898,mother
7006,1088832,1088932,mother
7006,1088833,1088899,father
7006,1088833,1088933,father
7006,1088834,1088899,mother
7006,1088834,1088933,mother
7006,1088835,1088900,father
7006,1088835,1088934,father
7006,1088836,1088900,mother
7006,1088836,1088934,mother
7006,1088837,1088901,father
7006,1088837,1088935,father
7006,1088838,1088901,mother
7006,1088838,1088935,mother
7006,1088839,1088902,father
7006,1088839,1088936,father
7006,1088840,1088902,mother
7006,1088840,1088936,mother
7006,1088841,1088903,father
7006,1088841,1088937,father
7006,1088842,1088903,mother
7006,1088842,1088937,mother
7006,1088843,1088904,father
7006,1088843,1088938,father
7006,1088844,1088904,mother
7006,1088844,1088938,mother
7006,1088845,1088905,father
7006,1088845,1088939,father
7006,1088846,1088905,mother
7006,1088846,1088939,mother
7006,1088847,1088906,father
7006,1088847,1088940,father
7006,1088848,1088906,mother
7006,1088848,1088940,mother
7006,1088849,1088907,father
7006,1088849,1088941,father
7006,1088850,1088907,mother
7006,1088850,1088941,mother
7006,1088851,1088908,father
7006,1088851,1088942,father
7006,1088852,1088908,mother
7006,1088852,1088942,mother
7006,1088853,1088909,father
7006,1088853,1088943,father
7006,1088854,1088909,mother
7006,1088854,1088943,mother
7006,1088855,1088910,father
7006,1088855,1088944,father
7006,1088856,1088910,mother
7006,1088856,1088944,mother
7006,1088857,1088911,father
7006,1088857,1088945,father
7006,1088858,1088911,mother
7006,1088858,1088945,mother
7006,1088859,1088912,father
7006,1088859,1088946,father
7006,1088860,1088912,mother
7006,1088860,1088946,mother
7006,1088861,1088913,father
7006,1088861,1088947,father
7006,1088862,1088913,mother
7006,1088862,1088947,mother
7006,1088863,1088914,father
7006,1088864,1088914,mother
7006,1088865,1088915,father
7006,1088866,1088915,mother
7006,1088867,1088916,father
7006,1088868,1088916,mother
7006,1088869,1088917,father
7006,1088870,1088917,mother
7006,1088871,1088918,father
7006,1088872,1088918,mother
7006,1088873,1088919,father
7006,1088874,1088919,mother
7006,1088875,1088920,father
7006,1088876,1088920,mother
7006,1088877,1088921,father
7006,1088878,1088921,mother
7006,1088879,1088922,father
7006,1088880,1088922,mother
7006,1088881,1088923,father
7006,1088882,1088923,mother
7006,1088883,1088924,father
7006,1088884,1088924,mother
7006,1088885,1088925,father
7006,1088886,1088925,mother
7006,1088887,1088926,father
7006,1088888,1088926,mother
7006,1088889,1088927,father
7006,1088890,1088927,mother
7006,1088891,1088928,father
7006,1088892,1088928,mother
7006,1088893,1088929,father
7006,1088894,1088929,mother
7006,1088895,1088930,father
7006,1088896,1088930,mother
7006,1088897,1088948,father
7006,1088897,1088974,father
7006,1088898,1088948,mother
7006,1088898,1088973,mother
7006,1088899,1088949,father
7006,1088899,1088975,father
7006,1088900,1088949,mother
7006,1088900,1088974,mother
7006,1088901,1088950,father
7006,1088901,1088976,father
7006,1088902,1088950,mother
7006,1088902,1088975,mother
7006,1088903,1088951,father
7006,1088903,1088977,father
7006,1088904,1088951,mother
7006,1088904,1088976,mother
7006,1088905,1088952,father
7006,1088905,1088978,father
7006,1088906,1088952,mother
7006,1088906,1088977,mother
7006,1088907,1088953,father
7006,1088907,1088979,father
7006,1088908,1088953,mother
7006,1088908,1088978,mother
7006,1088909,1088954,father
7006,1088909,1088980,father
7006,1088910,1088954,mother
7006,1088910,1088979,mother
7006,1088911,1088955,father
7006,1088911,1088981,father
7006,1088912,1088955,mother
7006,1088912,1088980,mother
7006,1088913,1088956,father
7006,1088913,1088982,father
7006,1088914,1088956,mother
7006,1088914,1088981,mother
7006,1088915,1088957,father
7006,1088916,1088957,mother
7006,1088916,1088982,mother
7006,1088917,1088958,father
7006,1088918,1088958,mother
7006,1088919,1088959,father
7006,1088920,1088959,mother
7006,1088921,1088960,father
7006,1088922,1088960,mother
7006,1088923,1088961,father
7006,1088924,1088961,mother
7006,1088925,1088962,father
7006,1088926,1088962,mother
7006,1088927,1088963,father
7006,1088928,1088963,mother
7006,1088929,1088964,father
7006,1088930,1088964,mother
7006,1088931,1088965,father
7006,1088932,1088965,mother
7006,1088933,1088966,father
7006,1088934,1088966,mother
7006,1088935,1088967,father
7006,1088936,1088967,mother
7006,1088937,1088968,father
7006,1088938,1088968,mother
7006,1088939,1088969,father
7006,1088940,1088969,mother
7006,1088941,1088970,father
7006,1088942,1088970,mother
7006,1088943,1088971,father
7006,1088944,1088971,mother
7006,1088945,1088972,father
7006,1088946,1088972,mother
7006,1088947,1088973,father
7006,1088948,1088983,father
7006,1088949,1088983,mother
7006,1088949,1089000,mother
7006,1088950,1088984,father
7006,1088951,1088984,mother
7006,1088952,1088985,father
7006,1088953,1088985,mother
7006,1088954,1088986,father
7006,1088955,1088986,mother
7006,1088956,1088987,father
7006,1088957,1088987,mother
7006,1088958,1088988,father
7006,1088959,1088988,mother
7006,1088960,1088989,father
7006,1088961,1088989,mother
7006,1088962,1088990,father
7006,1088963,1088990,mother
7006,1088964,1088991,father
7006,1088965,1088991,mother
7006,1088966,1088992,father
7006,1088967,1088992,mother
7006,1088968,1088993,father
7006,1088969,1088993,mother
7006,1088970,1088994,father
7006,1088971,1088994,mother
7006,1088972,1088995,father
7006,1088973,1088995,mother
7006,1088974,1088996,father
7006,1088975,1088996,mother
7006,1088976,1088997,father
7006,1088977,1088997,mother
7006,1088978,1088998,father
7006,1088979,1088998,mother
7006,1088980,1088999,father
7006,1088981,1088999,mother
7006,1088982,1089000,father
