tree_id,member_id_1,member_id_2,married_at,ended_at,status
7004,1030064,1030069,1463-01-01,1518-12-31,ended
7004,1030080,1030085,1461-01-01,1509-12-31,ended
7004,1030096,1030101,1459-01-01,1489-12-31,ended
7004,1030127,1030132,1483-01-01,1534-12-31,ended
7004,1030129,1030132,1482-01-01,1505-12-31,ended
7004,1030135,1030140,1480-01-01,1514-12-31,ended
7004,1030137,1030140,1478-01-01,1514-12-31,ended
7004,1030143,1030148,1478-01-01,1516-12-31,ended
7004,1030145,1030148,1479-01-01,1510-12-31,ended
7004,1030145,1030150,1481-01-01,1510-12-31,ended
7004,1030153,1030156,1484-01-01,1485-12-31,ended
7004,1030159,1030160,1479-01-01,1518-12-31,ended
7004,1030163,1030168,1481-01-01,1524-12-31,ended
7004,1030167,1030168,1482-01-01,1524-12-31,ended
7004,1030175,1030176,1483-01-01,1521-12-31,ended
7004,1030181,1030184,1480-01-01,1505-12-31,ended
7004,1030191,1030194,1483-01-01,1539-12-31,ended
7004,1030210,1030211,1505-01-01,1551-12-31,ended
7004,1030214,1030215,1502-01-01,1558-12-31,ended
7004,1030218,1030219,1505-01-01,1547-12-31,ended
7004,1030220,1030221,1500-01-01,1530-12-31,ended
7004,1030236,1030237,1500-01-01,1523-12-31,ended
7004,1030242,1030243,1502-01-01,1530-12-31,ended
7004,1030252,1030253,1499-01-01,1510-12-31,ended
7004,1030256,1030257,1500-01-01,1546-12-31,ended
7004,1030260,1030261,1501-01-01,1549-12-31,ended
7004,1030270,1030271,1499-01-01,1531-12-31,ended
7004,1030272,1030273,1502-01-01,1528-12-31,ended
7004,1030276,1030277,1502-01-01,1535-12-31,ended
7004,1030288,1030289,1499-01-01,1569-12-31,ended
7004,1030294,1030295,1504-01-01,1527-12-31,ended
7004,1030298,1030299,1500-01-01,1512-12-31,ended
7004,1030302,1030303,1502-01-01,1541-12-31,ended
7004,1030306,1030307,1505-01-01,1505-12-31,ended
7004,1030314,1030315,1520-01-01,1545-12-31,ended
7004,1030314,1030317,1523-01-01,1565-12-31,ended
7004,1030314,1030319,1521-01-01,1568-12-31,ended
7004,1030315,1030436,1523-01-01,1545-12-31,ended
7004,1030315,1030438,1524-01-01,1545-12-31,ended
7004,1030316,1030317,1524-01-01,1565-12-31,ended
7004,1030316,1030319,1526-01-01,1576-12-31,ended
7004,1030316,1030321,1522-01-01,1558-12-31,ended
7004,1030317,1030438,1522-01-01,1565-12-31,ended
7004,1030318,1030319,1525-01-01,1544-12-31,ended
7004,1030318,1030321,1521-01-01,1544-12-31,ended
7004,1030318,1030323,1522-01-01,1544-12-31,ended
7004,1030320,1030321,1521-01-01,1558-12-31,ended
7004,1030320,1030323,1524-01-01,1551-12-31,ended
7004,1030320,1030325,1523-01-01,1567-12-31,ended
7004,1030322,1030323,1520-01-01,1549-12-31,ended
7004,1030322,1030325,1521-01-01,1549-12-31,ended
7004,1030322,1030327,1522-01-01,1532-12-31,ended
7004,1030324,1030325,1525-01-01,1546-12-31,ended
7004,1030324,1030327,1521-01-01,1532-12-31,ended
7004,1030324,1030329,1524-01-01,1546-12-31,ended
7004,1030326,1030327,1523-01-01,1532-12-31,ended
7004,1030326,1030329,1525-01-01,1543-12-31,ended
7004,1030328,1030329,1522-01-01,1551-12-31,ended
7004,1030328,1030333,1521-01-01,1563-12-31,ended
7004,1030330,1030333,1524-01-01,1536-12-31,ended
7004,1030330,1030335,1522-01-01,1536-12-31,ended
7004,1030332,1030333,1524-01-01,1563-12-31,ended
7004,1030332,1030335,1525-01-01,1536-12-31,ended
7004,1030332,1030337,1521-01-01,1568-12-31,ended
7004,1030334,1030335,1522-01-01,1534-12-31,ended
7004,1030334,1030337,1521-01-01,1534-12-31,ended
7004,1030334,1030339,1523-01-01,1534-12-31,ended
7004,1030340,1030341,1521-01-01,1567-12-31,ended
7004,1030340,1030343,1523-01-01,1526-12-31,ended
7004,1030340,1030345,1520-01-01,1567-12-31,ended
7004,1030342,1030343,1524-01-01,1526-12-31,ended
7004,1030342,1030345,1523-01-01,1566-12-31,ended
7004,1030342,1030347,1521-01-01,1566-12-31,ended
7004,1030344,1030345,1523-01-01,1542-12-31,ended
7004,1030344,1030347,1523-01-01,1542-12-31,ended
7004,1030344,1030349,1520-01-01,1531-12-31,ended
7004,1030346,1030347,1524-01-01,1569-12-31,ended
7004,1030346,1030349,1520-01-01,1531-12-31,ended
7004,1030346,1030351,1523-01-01,1569-12-31,ended
7004,1030348,1030349,1525-01-01,1531-12-31,ended
7004,1030348,1030351,1522-01-01,1577-12-31,ended
7004,1030348,1030353,1525-01-01,1565-12-31,ended
7004,1030360,1030363,1523-01-01,1579-12-31,ended
7004,1030362,1030363,1526-01-01,1539-12-31,ended
7004,1030362,1030365,1523-01-01,1539-12-31,ended
7004,1030364,1030365,1522-01-01,1566-12-31,ended
7004,1030364,1030367,1520-01-01,1563-12-31,ended
7004,1030366,1030367,1522-01-01,1551-12-31,ended
7004,1030366,1030369,1523-01-01,1551-12-31,ended
7004,1030368,1030369,1525-01-01,1572-12-31,ended
7004,1030368,1030371,1524-01-01,1568-12-31,ended
7004,1030370,1030371,1523-01-01,1567-12-31,ended
7004,1030370,1030373,1518-01-01,1567-12-31,ended
7004,1030372,1030373,1520-01-01,1555-12-31,ended
7004,1030372,1030375,1525-01-01,1555-12-31,ended
7004,1030374,1030375,1526-01-01,1555-12-31,ended
7004,1030374,1030377,1522-01-01,1555-12-31,ended
7004,1030376,1030377,1524-01-01,1562-12-31,ended
7004,1030376,1030379,1524-01-01,1568-12-31,ended
7004,1030378,1030379,1523-01-01,1556-12-31,ended
7004,1030378,1030381,1521-01-01,1556-12-31,ended
7004,1030380,1030381,1523-01-01,1575-12-31,ended
7004,1030382,1030385,1521-01-01,1538-12-31,ended
7004,1030384,1030385,1524-01-01,1538-12-31,ended
7004,1030384,1030387,1521-01-01,1567-12-31,ended
7004,1030386,1030387,1525-01-01,1567-12-31,ended
7004,1030386,1030389,1522-01-01,1576-12-31,ended
7004,1030392,1030393,1525-01-01,1553-12-31,ended
7004,1030392,1030395,1520-01-01,1565-12-31,ended
7004,1030394,1030395,1522-01-01,1578-12-31,ended
7004,1030394,1030397,1526-01-01,1556-12-31,ended
7004,1030396,1030397,1522-01-01,1550-12-31,ended
7004,1030396,1030399,1521-01-01,1550-12-31,ended
7004,1030398,1030399,1526-01-01,1550-12-31,ended
7004,1030398,1030401,1522-01-01,1550-12-31,ended
7004,1030400,1030401,1524-01-01,1552-12-31,ended
7004,1030400,1030403,1523-01-01,1554-12-31,ended
7004,1030412,1030415,1525-01-01,1548-12-31,ended
7004,1030414,1030415,1523-01-01,1548-12-31,ended
7004,1030414,1030417,1524-01-01,1568-12-31,ended
7004,1030416,1030417,1521-01-01,1571-12-31,ended
7004,1030416,1030419,1521-01-01,1569-12-31,ended
7004,1030418,1030419,1520-01-01,1569-12-31,ended
7004,1030418,1030421,1522-01-01,1556-12-31,ended
7004,1030420,1030421,1523-01-01,1556-12-31,ended
7004,1030420,1030423,1526-01-01,1577-12-31,ended
7004,1030422,1030423,1521-01-01,1577-12-31,ended
7004,1030422,1030425,1524-01-01,1536-12-31,ended
7004,1030424,1030425,1520-01-01,1536-12-31,ended
7004,1030424,1030427,1521-01-01,1574-12-31,ended
7004,1030426,1030427,1525-01-01,1528-12-31,ended
7004,1030426,1030429,1525-01-01,1528-12-31,ended
7004,1030428,1030429,1520-01-01,1540-12-31,ended
7004,1030428,1030431,1523-01-01,1540-12-31,ended
7004,1030430,1030431,1520-01-01,1573-12-31,ended
7004,1030430,1030433,1522-01-01,1573-12-31,ended
7004,1030432,1030433,1522-01-01,1575-12-31,ended
7004,1030434,1030437,1523-01-01,1585-12-31,ended
7004,1030436,1030437,1525-01-01,1553-12-31,ended
7004,1030439,1030440,1542-01-01,1562-12-31,ended
7004,1030439,1030442,1543-01-01,1590-12-31,ended
7004,1030439,1030444,1545-01-01,1591-12-31,ended
7004,1030440,1030581,1546-01-01,1562-12-31,ended
7004,1030440,1030583,1544-01-01,1562-12-31,ended
7004,1030441,1030442,1546-01-01,1590-12-31,ended
7004,1030441,1030444,1545-01-01,1601-12-31,ended
7004,1030441,1030446,1546-01-01,1576-12-31,ended
7004,1030442,1030583,1542-01-01,1590-12-31,ended
7004,1030443,1030444,1543-01-01,1601-12-31,ended
7004,1030443,1030446,1546-01-01,1576-12-31,ended
7004,1030443,1030448,1545-01-01,1601-12-31,ended
7004,1030445,1030446,1541-01-01,1574-12-31,ended
7004,1030445,1030448,1544-01-01,1574-12-31,ended
7004,1030445,1030450,1546-01-01,1560-12-31,ended
7004,1030447,1030448,1541-01-01,1570-12-31,ended
7004,1030447,1030450,1541-01-01,1560-12-31,ended
7004,1030447,1030452,1541-01-01,1570-12-31,ended
7004,1030449,1030450,1543-01-01,1553-12-31,ended
7004,1030449,1030452,1542-01-01,1553-12-31,ended
7004,1030449,1030454,1541-01-01,1553-12-31,ended
7004,1030451,1030452,1547-01-01,1553-12-31,ended
7004,1030451,1030454,1543-01-01,1553-12-31,ended
7004,1030451,1030456,1541-01-01,1553-12-31,ended
7004,1030453,1030454,1541-01-01,1568-12-31,ended
7004,1030453,1030456,1544-01-01,1593-12-31,ended
7004,1030453,1030458,1544-01-01,1593-12-31,ended
7004,1030455,1030456,1544-01-01,1598-12-31,ended
7004,1030455,1030458,1545-01-01,1598-12-31,ended
7004,1030455,1030460,1544-01-01,1598-12-31,ended
7004,1030457,1030458,1546-01-01,1599-12-31,ended
7004,1030457,1030460,1541-01-01,1612-12-31,ended
7004,1030457,1030462,1544-01-01,1594-12-31,ended
7004,1030459,1030460,1543-01-01,1612-12-31,ended
7004,1030459,1030462,1543-01-01,1594-12-31,ended
7004,1030459,1030464,1545-01-01,1606-12-31,ended
7004,1030461,1030462,1545-01-01,1583-12-31,ended
7004,1030461,1030464,1546-01-01,1583-12-31,ended
7004,1030461,1030466,1544-01-01,1583-12-31,ended
7004,1030463,1030464,1546-01-01,1598-12-31,ended
7004,1030463,1030466,1542-01-01,1598-12-31,ended
7004,1030463,1030468,1542-01-01,1564-12-31,ended
7004,1030465,1030466,1543-01-01,1564-12-31,ended
7004,1030465,1030468,1546-01-01,1564-12-31,ended
7004,1030465,1030470,1545-01-01,1564-12-31,ended
7004,1030467,1030468,1541-01-01,1564-12-31,ended
7004,1030467,1030470,1541-01-01,1608-12-31,ended
7004,1030467,1030472,1542-01-01,1592-12-31,ended
7004,1030469,1030470,1547-01-01,1592-12-31,ended
7004,1030469,1030472,1544-01-01,1592-12-31,ended
7004,1030469,1030474,1545-01-01,1592-12-31,ended
7004,1030471,1030472,1543-01-01,1592-12-31,ended
7004,1030471,1030474,1544-01-01,1600-12-31,ended
7004,1030471,1030476,1544-01-01,1570-12-31,ended
7004,1030473,1030474,1543-01-01,1552-12-31,ended
7004,1030473,1030476,1542-01-01,1552-12-31,ended
7004,1030473,1030478,1542-01-01,1552-12-31,ended
7004,1030475,1030476,1543-01-01,1570-12-31,ended
7004,1030475,1030478,1544-01-01,1573-12-31,ended
7004,1030475,1030480,1542-01-01,1573-12-31,ended
7004,1030477,1030478,1543-01-01,1595-12-31,ended
7004,1030477,1030480,1543-01-01,1595-12-31,ended
7004,1030477,1030482,1545-01-01,1609-12-31,ended
7004,1030479,1030480,1545-01-01,1561-12-31,ended
7004,1030479,1030482,1543-01-01,1561-12-31,ended
7004,1030481,1030482,1541-01-01,1592-12-31,ended
7004,1030481,1030484,1541-01-01,1592-12-31,ended
7004,1030483,1030484,1543-01-01,1589-12-31,ended
7004,1030483,1030486,1546-01-01,1589-12-31,ended
7004,1030485,1030486,1541-01-01,1599-12-31,ended
7004,1030485,1030488,1543-01-01,1590-12-31,ended
7004,1030487,1030488,1541-01-01,1563-12-31,ended
7004,1030487,1030490,1546-01-01,1563-12-31,ended
7004,1030489,1030490,1541-01-01,1548-12-31,ended
7004,1030489,1030492,1542-01-01,1548-12-31,ended
7004,1030491,1030492,1544-01-01,1580-12-31,ended
7004,1030491,1030494,1541-01-01,1580-12-31,ended
7004,1030493,1030494,1544-01-01,1591-12-31,ended
7004,1030493,1030496,1541-01-01,1550-12-31,ended
7004,1030495,1030496,1546-01-01,1550-12-31,ended
7004,1030495,1030498,1541-01-01,1594-12-31,ended
7004,1030497,1030498,1544-01-01,1594-12-31,ended
7004,1030497,1030500,1543-01-01,1553-12-31,ended
7004,1030499,1030500,1542-01-01,1553-12-31,ended
7004,1030499,1030502,1546-01-01,1585-12-31,ended
7004,1030501,1030502,1541-01-01,1585-12-31,ended
7004,1030501,1030504,1542-01-01,1583-12-31,ended
7004,1030503,1030504,1542-01-01,1575-12-31,ended
7004,1030503,1030506,1542-01-01,1575-12-31,ended
7004,1030505,1030506,1542-01-01,1594-12-31,ended
7004,1030505,1030508,1542-01-01,1567-12-31,ended
7004,1030507,1030508,1542-01-01,1567-12-31,ended
7004,1030507,1030510,1544-01-01,1600-12-31,ended
7004,1030509,1030510,1545-01-01,1577-12-31,ended
7004,1030509,1030512,1544-01-01,1577-12-31,ended
7004,1030511,1030512,1546-01-01,1591-12-31,ended
7004,1030511,1030514,1546-01-01,1592-12-31,ended
7004,1030513,1030514,1547-01-01,1568-12-31,ended
7004,1030513,1030516,1542-01-01,1568-12-31,ended
7004,1030515,1030516,1544-01-01,1594-12-31,ended
7004,1030515,1030518,1544-01-01,1563-12-31,ended
7004,1030517,1030518,1541-01-01,1563-12-31,ended
7004,1030517,1030520,1542-01-01,1575-12-31,ended
7004,1030519,1030520,1542-01-01,1588-12-31,ended
7004,1030521,1030524,1544-01-01,1611-12-31,ended
7004,1030523,1030524,1542-01-01,1592-12-31,ended
7004,1030523,1030526,1541-01-01,1592-12-31,ended
7004,1030525,1030526,1542-01-01,1581-12-31,ended
7004,1030525,1030528,1542-01-01,1581-12-31,ended
7004,1030527,1030528,1542-01-01,1593-12-31,ended
7004,1030527,1030530,1544-01-01,1592-12-31,ended
7004,1030529,1030530,1544-01-01,1592-12-31,ended
7004,1030529,1030532,1541-01-01,1593-12-31,ended
7004,1030531,1030532,1543-01-01,1593-12-31,ended
7004,1030531,1030534,1541-01-01,1568-12-31,ended
7004,1030533,1030534,1546-01-01,1568-12-31,ended
7004,1030533,1030536,1543-01-01,1565-12-31,ended
7004,1030535,1030536,1541-01-01,1565-12-31,ended
7004,1030535,1030538,1545-01-01,1603-12-31,ended
7004,1030537,1030538,1541-01-01,1595-12-31,ended
7004,1030537,1030540,1546-01-01,1568-12-31,ended
7004,1030539,1030540,1546-01-01,1568-12-31,ended
7004,1030539,1030542,1545-01-01,1570-12-31,ended
7004,1030541,1030542,1545-01-01,1580-12-31,ended
7004,1030541,1030544,1541-01-01,1600-12-31,ended
7004,1030543,1030544,1544-01-01,1580-12-31,ended
7004,1030543,1030546,1542-01-01,1559-12-31,ended
7004,1030545,1030546,1542-01-01,1559-12-31,ended
7004,1030547,1030550,1543-01-01,1595-12-31,ended
7004,1030549,1030550,1543-01-01,1595-12-31,ended
7004,1030549,1030552,1543-01-01,1595-12-31,ended
7004,1030551,1030552,1542-01-01,1581-12-31,ended
7004,1030551,1030554,1544-01-01,1556-12-31,ended
7004,1030553,1030554,1543-01-01,1556-12-31,ended
7004,1030553,1030556,1542-01-01,1584-12-31,ended
7004,1030555,1030556,1542-01-01,1582-12-31,ended
7004,1030555,1030558,1543-01-01,1582-12-31,ended
7004,1030557,1030558,1543-01-01,1549-12-31,ended
7004,1030557,1030560,1543-01-01,1549-12-31,ended
7004,1030559,1030560,1545-01-01,1561-12-31,ended
7004,1030559,1030562,1541-01-01,1574-12-31,ended
7004,1030561,1030562,1544-01-01,1591-12-31,ended
7004,1030561,1030564,1543-01-01,1581-12-31,ended
7004,1030563,1030564,1547-01-01,1581-12-31,ended
7004,1030563,1030566,1547-01-01,1582-12-31,ended
7004,1030565,1030566,1541-01-01,1561-12-31,ended
7004,1030565,1030568,1547-01-01,1561-12-31,ended
7004,1030567,1030568,1541-01-01,1547-12-31,ended
7004,1030567,1030570,1542-01-01,1547-12-31,ended
7004,1030569,1030570,1542-01-01,1595-12-31,ended
7004,1030569,1030572,1543-01-01,1580-12-31,ended
7004,1030571,1030572,1545-01-01,1580-12-31,ended
7004,1030571,1030574,1543-01-01,1603-12-31,ended
7004,1030573,1030574,1542-01-01,1567-12-31,ended
7004,1030573,1030576,1543-01-01,1567-12-31,ended
7004,1030575,1030576,1542-01-01,1573-12-31,ended
7004,1030575,1030578,1547-01-01,1573-12-31,ended
7004,1030577,1030578,1547-01-01,1585-12-31,ended
7004,1030577,1030580,1542-01-01,1591-12-31,ended
7004,1030579,1030580,1544-01-01,1552-12-31,ended
7004,1030579,1030582,1542-01-01,1552-12-31,ended
7004,1030581,1030582,1544-01-01,1574-12-31,ended
7004,1030584,1030585,1562-01-01,1618-12-31,ended
7004,1030586,1030587,1562-01-01,1613-12-31,ended
7004,1030588,1030589,1563-01-01,1611-12-31,ended
7004,1030590,1030591,1566-01-01,1623-12-31,ended
7004,1030592,1030593,1564-01-01,1591-12-31,ended
7004,1030594,1030595,1568-01-01,1593-12-31,ended
7004,1030596,1030597,1562-01-01,1618-12-31,ended
7004,1030598,1030599,1562-01-01,1618-12-31,ended
7004,1030600,1030601,1564-01-01,1637-12-31,ended
7004,1030602,1030603,1563-01-01,1628-12-31,ended
7004,1030604,1030605,1567-01-01,1584-12-31,ended
7004,1030606,1030607,1562-01-01,1583-12-31,ended
7004,1030608,1030609,1566-01-01,1600-12-31,ended
7004,1030610,1030611,1564-01-01,1582-12-31,ended
7004,1030612,1030613,1564-01-01,1602-12-31,ended
7004,1030614,1030615,1563-01-01,1569-12-31,ended
7004,1030616,1030617,1567-01-01,1606-12-31,ended
7004,1030618,1030619,1564-01-01,1603-12-31,ended
7004,1030620,1030621,1567-01-01,1607-12-31,ended
7004,1030622,1030623,1565-01-01,1594-12-31,ended
7004,1030624,1030625,1568-01-01,1625-12-31,ended
7004,1030626,1030627,1563-01-01,1585-12-31,ended
7004,1030628,1030629,1568-01-01,1611-12-31,ended
7004,1030630,1030631,1565-01-01,1600-12-31,ended
7004,1030632,1030633,1564-01-01,1584-12-31,ended
7004,1030634,1030635,1566-01-01,1598-12-31,ended
7004,1030636,1030637,1564-01-01,1607-12-31,ended
7004,1030638,1030639,1562-01-01,1583-12-31,ended
7004,1030640,1030641,1562-01-01,1607-12-31,ended
7004,1030642,1030643,1562-01-01,1597-12-31,ended
7004,1030644,1030645,1565-01-01,1590-12-31,ended
7004,1030646,1030647,1562-01-01,1604-12-31,ended
7004,1030648,1030649,1564-01-01,1621-12-31,ended
7004,1030650,1030651,1564-01-01,1601-12-31,ended
7004,1030652,1030653,1563-01-01,1613-12-31,ended
7004,1030654,1030655,1566-01-01,1594-12-31,ended
7004,1030656,1030657,1565-01-01,1597-12-31,ended
7004,1030658,1030659,1568-01-01,1586-12-31,ended
7004,1030660,1030661,1567-01-01,1623-12-31,ended
7004,1030662,1030663,1567-01-01,1605-12-31,ended
7004,1030664,1030665,1566-01-01,1590-12-31,ended
7004,1030666,1030667,1564-01-01,1594-12-31,ended
7004,1030668,1030669,1565-01-01,1591-12-31,ended
7004,1030670,1030671,1567-01-01,1582-12-31,ended
7004,1030672,1030673,1562-01-01,1582-12-31,ended
7004,1030674,1030675,1564-01-01,1595-12-31,ended
7004,1030676,1030677,1563-01-01,1612-12-31,ended
7004,1030678,1030679,1565-01-01,1578-12-31,ended
7004,1030680,1030681,1563-01-01,1580-12-31,ended
7004,1030682,1030683,1565-01-01,1587-12-31,ended
7004,1030684,1030685,1561-01-01,1602-12-31,ended
7004,1030686,1030687,1567-01-01,1586-12-31,ended
7004,1030688,1030689,1566-01-01,1589-12-31,ended
7004,1030690,1030691,1562-01-01,1576-12-31,ended
7004,1030692,1030693,1565-01-01,1595-12-31,ended
7004,1030694,1030695,1562-01-01,1628-12-31,ended
7004,1030696,1030697,1568-01-01,1579-12-31,ended
7004,1030698,1030699,1562-01-01,1566-12-31,ended
7004,1030700,1030701,1567-01-01,1590-12-31,ended
7004,1030702,1030703,1560-01-01,1605-12-31,ended
7004,1030704,1030705,1568-01-01,1609-12-31,ended
7004,1030706,1030707,1565-01-01,1598-12-31,ended
7004,1030708,1030709,1561-01-01,1597-12-31,ended
7004,1030710,1030711,1563-01-01,1588-12-31,ended
7004,1030712,1030713,1568-01-01,1590-12-31,ended
7004,1030714,1030715,1562-01-01,1565-12-31,ended
7004,1030716,1030717,1563-01-01,1604-12-31,ended
7004,1030718,1030719,1564-01-01,1612-12-31,ended
7004,1030720,1030721,1563-01-01,1584-12-31,ended
7004,1030722,1030723,1567-01-01,1584-12-31,ended
7004,1030724,1030725,1564-01-01,1634-12-31,ended
7004,1030726,1030727,1561-01-01,1580-12-31,ended
7004,1030728,1030729,1568-01-01,1627-12-31,ended
7004,1030730,1030731,1564-01-01,1588-12-31,ended
7004,1030732,1030733,1562-01-01,1609-12-31,ended
7004,1030734,1030735,1563-01-01,1599-12-31,ended
7004,1030736,1030737,1565-01-01,1597-12-31,ended
7004,1030738,1030739,1563-01-01,1601-12-31,ended
7004,1030740,1030741,1565-01-01,1608-12-31,ended
7004,1030742,1030743,1562-01-01,1574-12-31,ended
7004,1030744,1030745,1567-01-01,1625-12-31,ended
7004,1030746,1030747,1562-01-01,1604-12-31,ended
7004,1030748,1030749,1563-01-01,1624-12-31,ended
7004,1030750,1030751,1588-01-01,1621-12-31,ended
7004,1030750,1030753,1584-01-01,1616-12-31,ended
7004,1030750,1030755,1586-01-01,1609-12-31,ended
7004,1030751,1030934,1582-01-01,1621-12-31,ended
7004,1030751,1030936,1585-01-01,1621-12-31,ended
7004,1030752,1030753,1584-01-01,1616-12-31,ended
7004,1030752,1030755,1583-01-01,1609-12-31,ended
7004,1030752,1030757,1583-01-01,1618-12-31,ended
7004,1030753,1030936,1584-01-01,1616-12-31,ended
7004,1030754,1030755,1588-01-01,1605-12-31,ended
7004,1030754,1030757,1584-01-01,1605-12-31,ended
7004,1030754,1030759,1586-01-01,1605-12-31,ended
7004,1030756,1030757,1584-01-01,1609-12-31,ended
7004,1030756,1030759,1586-01-01,1609-12-31,ended
7004,1030756,1030761,1586-01-01,1609-12-31,ended
7004,1030758,1030759,1585-01-01,1614-12-31,ended
7004,1030758,1030761,1587-01-01,1616-12-31,ended
7004,1030758,1030763,1589-01-01,1629-12-31,ended
7004,1030760,1030761,1589-01-01,1616-12-31,ended
7004,1030760,1030763,1584-01-01,1625-12-31,ended
7004,1030760,1030765,1584-01-01,1603-12-31,ended
7004,1030762,1030763,1585-01-01,1649-12-31,ended
7004,1030762,1030765,1587-01-01,1603-12-31,ended
7004,1030762,1030767,1587-01-01,1637-12-31,ended
7004,1030764,1030765,1588-01-01,1603-12-31,ended
7004,1030764,1030767,1584-01-01,1636-12-31,ended
7004,1030764,1030769,1584-01-01,1615-12-31,ended
7004,1030766,1030767,1588-01-01,1619-12-31,ended
7004,1030766,1030769,1586-01-01,1615-12-31,ended
7004,1030766,1030771,1585-01-01,1619-12-31,ended
7004,1030768,1030769,1583-01-01,1615-12-31,ended
7004,1030768,1030771,1584-01-01,1632-12-31,ended
7004,1030768,1030773,1584-01-01,1632-12-31,ended
7004,1030770,1030771,1587-01-01,1611-12-31,ended
7004,1030770,1030773,1585-01-01,1611-12-31,ended
7004,1030770,1030775,1583-01-01,1611-12-31,ended
7004,1030772,1030773,1584-01-01,1634-12-31,ended
7004,1030772,1030775,1583-01-01,1634-12-31,ended
7004,1030772,1030777,1587-01-01,1633-12-31,ended
7004,1030774,1030775,1586-01-01,1637-12-31,ended
7004,1030774,1030777,1583-01-01,1633-12-31,ended
7004,1030774,1030779,1588-01-01,1634-12-31,ended
7004,1030776,1030777,1585-01-01,1605-12-31,ended
7004,1030776,1030779,1586-01-01,1605-12-31,ended
7004,1030776,1030781,1585-01-01,1605-12-31,ended
7004,1030778,1030779,1587-01-01,1616-12-31,ended
7004,1030778,1030781,1582-01-01,1616-12-31,ended
7004,1030778,1030783,1583-01-01,1616-12-31,ended
7004,1030780,1030781,1588-01-01,1626-12-31,ended
7004,1030780,1030783,1584-01-01,1626-12-31,ended
7004,1030780,1030785,1586-01-01,1626-12-31,ended
7004,1030782,1030783,1583-01-01,1611-12-31,ended
7004,1030782,1030785,1586-01-01,1611-12-31,ended
7004,1030782,1030787,1586-01-01,1611-12-31,ended
7004,1030784,1030785,1585-01-01,1635-12-31,ended
7004,1030784,1030787,1585-01-01,1635-12-31,ended
7004,1030784,1030789,1583-01-01,1610-12-31,ended
7004,1030786,1030787,1585-01-01,1648-12-31,ended
7004,1030786,1030789,1587-01-01,1610-12-31,ended
7004,1030786,1030791,1588-01-01,1648-12-31,ended
7004,1030788,1030789,1588-01-01,1610-12-31,ended
7004,1030788,1030791,1586-01-01,1622-12-31,ended
7004,1030788,1030793,1584-01-01,1615-12-31,ended
7004,1030790,1030791,1584-01-01,1632-12-31,ended
7004,1030790,1030793,1586-01-01,1615-12-31,ended
7004,1030792,1030793,1588-01-01,1613-12-31,ended
7004,1030792,1030795,1588-01-01,1613-12-31,ended
7004,1030794,1030795,1583-01-01,1600-12-31,ended
7004,1030794,1030797,1586-01-01,1600-12-31,ended
7004,1030796,1030797,1583-01-01,1622-12-31,ended
7004,1030796,1030799,1587-01-01,1622-12-31,ended
7004,1030798,1030799,1585-01-01,1635-12-31,ended
7004,1030798,1030801,1586-01-01,1614-12-31,ended
7004,1030800,1030801,1589-01-01,1613-12-31,ended
7004,1030800,1030803,1585-01-01,1609-12-31,ended
7004,1030802,1030803,1589-01-01,1609-12-31,ended
7004,1030802,1030805,1583-01-01,1612-12-31,ended
7004,1030804,1030805,1589-01-01,1612-12-31,ended
7004,1030804,1030807,1588-01-01,1618-12-31,ended
7004,1030806,1030807,1589-01-01,1626-12-31,ended
7004,1030806,1030809,1589-01-01,1644-12-31,ended
7004,1030808,1030809,1583-01-01,1620-12-31,ended
7004,1030808,1030811,1585-01-01,1620-12-31,ended
7004,1030810,1030811,1587-01-01,1622-12-31,ended
7004,1030810,1030813,1583-01-01,1622-12-31,ended
7004,1030812,1030813,1586-01-01,1640-12-31,ended
7004,1030812,1030815,1588-01-01,1630-12-31,ended
7004,1030814,1030815,1589-01-01,1630-12-31,ended
7004,1030814,1030817,1584-01-01,1601-12-31,ended
7004,1030816,1030817,1585-01-01,1601-12-31,ended
7004,1030816,1030819,1583-01-01,1623-12-31,ended
7004,1030818,1030819,1589-01-01,1662-12-31,ended
7004,1030818,1030821,1584-01-01,1595-12-31,ended
7004,1030820,1030821,1584-01-01,1595-12-31,ended
7004,1030820,1030823,1583-01-01,1641-12-31,ended
7004,1030822,1030823,1589-01-01,1610-12-31,ended
7004,1030822,1030825,1584-01-01,1610-12-31,ended
7004,1030824,1030825,1584-01-01,1637-12-31,ended
7004,1030824,1030827,1586-01-01,1637-12-31,ended
7004,1030826,1030827,1583-01-01,1651-12-31,ended
7004,1030826,1030829,1588-01-01,1616-12-31,ended
7004,1030828,1030829,1585-01-01,1616-12-31,ended
7004,1030828,1030831,1585-01-01,1630-12-31,ended
7004,1030830,1030831,1585-01-01,1630-12-31,ended
7004,1030830,1030833,1587-01-01,1625-12-31,ended
7004,1030832,1030833,1586-01-01,1625-12-31,ended
7004,1030832,1030835,1588-01-01,1652-12-31,ended
7004,1030834,1030835,1585-01-01,1614-12-31,ended
7004,1030834,1030837,1583-01-01,1614-12-31,ended
7004,1030836,1030837,1584-01-01,1629-12-31,ended
7004,1030836,1030839,1586-01-01,1643-12-31,ended
7004,1030838,1030839,1586-01-01,1643-12-31,ended
7004,1030838,1030841,1586-01-01,1644-12-31,ended
7004,1030840,1030841,1586-01-01,1634-12-31,ended
7004,1030840,1030843,1585-01-01,1634-12-31,ended
7004,1030842,1030843,1585-01-01,1638-12-31,ended
7004,1030842,1030845,1584-01-01,1634-12-31,ended
7004,1030844,1030845,1583-01-01,1617-12-31,ended
7004,1030844,1030847,1589-01-01,1617-12-31,ended
7004,1030846,1030847,1583-01-01,1615-12-31,ended
7004,1030846,1030849,1585-01-01,1612-12-31,ended
7004,1030848,1030849,1585-01-01,1612-12-31,ended
7004,1030848,1030851,1586-01-01,1613-12-31,ended
7004,1030850,1030851,1586-01-01,1596-12-31,ended
7004,1030850,1030853,1587-01-01,1596-12-31,ended
7004,1030852,1030853,1585-01-01,1641-12-31,ended
7004,1030852,1030855,1584-01-01,1641-12-31,ended
7004,1030854,1030855,1583-01-01,1619-12-31,ended
7004,1030854,1030857,1584-01-01,1619-12-31,ended
7004,1030856,1030857,1587-01-01,1645-12-31,ended
7004,1030856,1030859,1584-01-01,1631-12-31,ended
7004,1030858,1030859,1588-01-01,1631-12-31,ended
7004,1030858,1030861,1583-01-01,1638-12-31,ended
7004,1030860,1030861,1586-01-01,1638-12-31,ended
7004,1030860,1030863,1586-01-01,1600-12-31,ended
7004,1030862,1030863,1584-01-01,1600-12-31,ended
7004,1030862,1030865,1588-01-01,1601-12-31,ended
7004,1030864,1030865,1584-01-01,1629-12-31,ended
7004,1030864,1030867,1587-01-01,1622-12-31,ended
7004,1030866,1030867,1588-01-01,1622-12-31,ended
7004,1030866,1030869,1585-01-01,1599-12-31,ended
7004,1030868,1030869,1584-01-01,1599-12-31,ended
7004,1030868,1030871,1583-01-01,1615-12-31,ended
7004,1030870,1030871,1585-01-01,1615-12-31,ended
7004,1030870,1030873,1585-01-01,1620-12-31,ended
7004,1030872,1030873,1583-01-01,1620-12-31,ended
7004,1030872,1030875,1586-01-01,1649-12-31,ended
7004,1030874,1030875,1585-01-01,1649-12-31,ended
7004,1030874,1030877,1583-01-01,1638-12-31,ended
7004,1030876,1030877,1587-01-01,1624-12-31,ended
7004,1030876,1030879,1584-01-01,1610-12-31,ended
7004,1030878,1030879,1588-01-01,1610-12-31,ended
7004,1030878,1030881,1586-01-01,1635-12-31,ended
7004,1030880,1030881,1585-01-01,1641-12-31,ended
7004,1030880,1030883,1586-01-01,1652-12-31,ended
7004,1030882,1030883,1585-01-01,1610-12-31,ended
7004,1030882,1030885,1584-01-01,1610-12-31,ended
7004,1030884,1030885,1586-01-01,1598-12-31,ended
7004,1030884,1030887,1587-01-01,1598-12-31,ended
7004,1030886,1030887,1583-01-01,1611-12-31,ended
7004,1030886,1030889,1587-01-01,1632-12-31,ended
7004,1030888,1030889,1585-01-01,1632-12-31,ended
7004,1030888,1030891,1585-01-01,1639-12-31,ended
7004,1030890,1030891,1585-01-01,1605-12-31,ended
7004,1030890,1030893,1587-01-01,1605-12-31,ended
7004,1030892,1030893,1584-01-01,1598-12-31,ended
7004,1030892,1030895,1586-01-01,1598-12-31,ended
7004,1030894,1030895,1588-01-01,1633-12-31,ended
7004,1030894,1030897,1587-01-01,1611-12-31,ended
7004,1030896,1030897,1589-01-01,1611-12-31,ended
7004,1030896,1030899,1588-01-01,1627-12-31,ended
7004,1030898,1030899,1584-01-01,1618-12-31,ended
7004,1030898,1030901,1586-01-01,1612-12-31,ended
7004,1030900,1030901,1587-01-01,1612-12-31,ended
7004,1030900,1030903,1584-01-01,1599-12-31,ended
7004,1030902,1030903,1584-01-01,1599-12-31,ended
7004,1030902,1030905,1586-01-01,1605-12-31,ended
7004,1030904,1030905,1584-01-01,1634-12-31,ended
7004,1030904,1030907,1583-01-01,1611-12-31,ended
7004,1030906,1030907,1583-01-01,1611-12-31,ended
7004,1030906,1030909,1587-01-01,1619-12-31,ended
7004,1030908,1030909,1584-01-01,1619-12-31,ended
7004,1030908,1030911,1588-01-01,1634-12-31,ended
7004,1030910,1030911,1587-01-01,1614-12-31,ended
7004,1030910,1030913,1583-01-01,1614-12-31,ended
7004,1030912,1030913,1587-01-01,1619-12-31,ended
7004,1030912,1030915,1585-01-01,1620-12-31,ended
7004,1030914,1030915,1587-01-01,1632-12-31,ended
7004,1030914,1030917,1588-01-01,1622-12-31,ended
7004,1030916,1030917,1587-01-01,1607-12-31,ended
7004,1030916,1030919,1588-01-01,1607-12-31,ended
7004,1030918,1030919,1588-01-01,1619-12-31,ended
7004,1030918,1030921,1585-01-01,1592-12-31,ended
7004,1030920,1030921,1584-01-01,1592-12-31,ended
7004,1030920,1030923,1585-01-01,1645-12-31,ended
7004,1030922,1030923,1587-01-01,1630-12-31,ended
7004,1030922,1030925,1585-01-01,1619-12-31,ended
7004,1030924,1030925,1587-01-01,1619-12-31,ended
7004,1030924,1030927,1583-01-01,1596-12-31,ended
7004,1030926,1030927,1589-01-01,1596-12-31,ended
7004,1030926,1030929,1586-01-01,1652-12-31,ended
7004,1030928,1030929,1584-01-01,1628-12-31,ended
7004,1030928,1030931,1586-01-01,1628-12-31,ended
7004,1030930,1030931,1585-01-01,1606-12-31,ended
7004,1030930,1030933,1586-01-01,1606-12-31,ended
7004,1030932,1030933,1587-01-01,1627-12-31,ended
7004,1030932,1030935,1587-01-01,1627-12-31,ended
7004,1030934,1030935,1585-01-01,1627-12-31,ended
7004,1030937,1030938,1606-01-01,1615-12-31,ended
7004,1030939,1030940,1609-01-01,1653-12-31,ended
7004,1030941,1030942,1605-01-01,1632-12-31,ended
7004,1030943,1030944,1608-01-01,1644-12-31,ended
7004,1030945,1030946,1606-01-01,1635-12-31,ended
7004,1030947,1030948,1608-01-01,1635-12-31,ended
7004,1030949,1030950,1604-01-01,1651-12-31,ended
7004,1030951,1030952,1609-01-01,1670-12-31,ended
7004,1030953,1030954,1606-01-01,1639-12-31,ended
7004,1030955,1030956,1607-01-01,1626-12-31,ended
7004,1030957,1030958,1608-01-01,1625-12-31,ended
7004,1030959,1030960,1604-01-01,1622-12-31,ended
7004,1030961,1030962,1607-01-01,1635-12-31,ended
7004,1030963,1030964,1609-01-01,1631-12-31,ended
7004,1030965,1030966,1604-01-01,1662-12-31,ended
7004,1030967,1030968,1609-01-01,1672-12-31,ended
7004,1030969,1030970,1609-01-01,1653-12-31,ended
7004,1030971,1030972,1607-01-01,1678-12-31,ended
7004,1030973,1030974,1604-01-01,1652-12-31,ended
7004,1030975,1030976,1604-01-01,1631-12-31,ended
7004,1030977,1030978,1609-01-01,1630-12-31,ended
7004,1030979,1030980,1607-01-01,1648-12-31,ended
7004,1030981,1030982,1604-01-01,1663-12-31,ended
7004,1030983,1030984,1606-01-01,1670-12-31,ended
7004,1030985,1030986,1609-01-01,1650-12-31,ended
7004,1030987,1030988,1608-01-01,1634-12-31,ended
7004,1030989,1030990,1610-01-01,1658-12-31,ended
7004,1030991,1030992,1605-01-01,1638-12-31,ended
7004,1030993,1030994,1603-01-01,1644-12-31,ended
7004,1030995,1030996,1606-01-01,1654-12-31,ended
7004,1030997,1030998,1608-01-01,1622-12-31,ended
7004,1030999,1031000,1607-01-01,1659-12-31,ended
7004,1031001,1031002,1607-01-01,1674-12-31,ended
7004,1031003,1031004,1605-01-01,1649-12-31,ended
7004,1031005,1031006,1610-01-01,1629-12-31,ended
7004,1031007,1031008,1606-01-01,1619-12-31,ended
7004,1031009,1031010,1605-01-01,1630-12-31,ended
7004,1031011,1031012,1608-01-01,1652-12-31,ended
7004,1031013,1031014,1606-01-01,1624-12-31,ended
7004,1031015,1031016,1607-01-01,1629-12-31,ended
7004,1031017,1031018,1604-01-01,1639-12-31,ended
7004,1031019,1031020,1606-01-01,1650-12-31,ended
7004,1031021,1031022,1605-01-01,1649-12-31,ended
7004,1031023,1031024,1607-01-01,1637-12-31,ended
7004,1031025,1031026,1607-01-01,1643-12-31,ended
7004,1031027,1031028,1604-01-01,1646-12-31,ended
7004,1031029,1031030,1609-01-01,1669-12-31,ended
7004,1031031,1031032,1606-01-01,1654-12-31,ended
7004,1031033,1031034,1607-01-01,1664-12-31,ended
7004,1031035,1031036,1610-01-01,1668-12-31,ended
7004,1031037,1031038,1606-01-01,1631-12-31,ended
7004,1031039,1031040,1608-01-01,1645-12-31,ended
7004,1031041,1031042,1609-01-01,1629-12-31,ended
7004,1031043,1031044,1608-01-01,1610-12-31,ended
7004,1031045,1031046,1608-01-01,1653-12-31,ended
7004,1031047,1031048,1606-01-01,1641-12-31,ended
7004,1031049,1031050,1605-01-01,1643-12-31,ended
7004,1031051,1031052,1610-01-01,1651-12-31,ended
7004,1031053,1031054,1604-01-01,1612-12-31,ended
7004,1031055,1031056,1609-01-01,1644-12-31,ended
7004,1031057,1031058,1606-01-01,1639-12-31,ended
7004,1031059,1031060,1607-01-01,1628-12-31,ended
7004,1031061,1031062,1610-01-01,1658-12-31,ended
7004,1031063,1031064,1607-01-01,1628-12-31,ended
7004,1031065,1031066,1605-01-01,1633-12-31,ended
7004,1031067,1031068,1608-01-01,1638-12-31,ended
7004,1031069,1031070,1606-01-01,1675-12-31,ended
7004,1031071,1031072,1608-01-01,1637-12-31,ended
7004,1031073,1031074,1605-01-01,1638-12-31,ended
7004,1031075,1031076,1610-01-01,1625-12-31,ended
7004,1031077,1031078,1604-01-01,1640-12-31,ended
7004,1031079,1031080,1610-01-01,1628-12-31,ended
7004,1031081,1031082,1604-01-01,1659-12-31,ended
7004,1031083,1031084,1605-01-01,1627-12-31,ended
7004,1031085,1031086,1604-01-01,1614-12-31,ended
7004,1031087,1031088,1607-01-01,1619-12-31,ended
7004,1031089,1031090,1609-01-01,1684-12-31,ended
7004,1031091,1031092,1608-01-01,1645-12-31,ended
7004,1031093,1031094,1607-01-01,1651-12-31,ended
7004,1031095,1031096,1606-01-01,1649-12-31,ended
7004,1031097,1031098,1606-01-01,1617-12-31,ended
7004,1031099,1031100,1606-01-01,1632-12-31,ended
7004,1031101,1031102,1605-01-01,1650-12-31,ended
7004,1031103,1031104,1604-01-01,1668-12-31,ended
7004,1031105,1031106,1608-01-01,1638-12-31,ended
7004,1031107,1031108,1606-01-01,1633-12-31,ended
7004,1031109,1031110,1604-01-01,1622-12-31,ended
7004,1031111,1031112,1606-01-01,1647-12-31,ended
7004,1031113,1031114,1610-01-01,1646-12-31,ended
7004,1031115,1031116,1608-01-01,1663-12-31,ended
7004,1031117,1031118,1606-01-01,1641-12-31,ended
7004,1031119,1031120,1605-01-01,1639-12-31,ended
7004,1031121,1031122,1605-01-01,1635-12-31,ended
7004,1031123,1031124,1610-01-01,1660-12-31,ended
7004,1031125,1031126,1605-01-01,1630-12-31,ended
7004,1031127,1031128,1606-01-01,1643-12-31,ended
7004,1031129,1031130,1610-01-01,1618-12-31,ended
7004,1031131,1031132,1610-01-01,1655-12-31,ended
7004,1031133,1031134,1607-01-01,1665-12-31,ended
7004,1031135,1031136,1608-01-01,1633-12-31,ended
7004,1031137,1031138,1607-01-01,1650-12-31,ended
7004,1031139,1031140,1606-01-01,1637-12-31,ended
7004,1031141,1031142,1606-01-01,1660-12-31,ended
7004,1031143,1031144,1610-01-01,1654-12-31,ended
7004,1031145,1031146,1628-01-01,1686-12-31,ended
7004,1031147,1031148,1630-01-01,1663-12-31,ended
7004,1031149,1031150,1630-01-01,1637-12-31,ended
7004,1031151,1031152,1626-01-01,1686-12-31,ended
7004,1031153,1031154,1627-01-01,1669-12-31,ended
7004,1031155,1031156,1626-01-01,1674-12-31,ended
7004,1031157,1031158,1630-01-01,1667-12-31,ended
7004,1031159,1031160,1628-01-01,1684-12-31,ended
7004,1031161,1031162,1627-01-01,1661-12-31,ended
7004,1031163,1031164,1623-01-01,1656-12-31,ended
7004,1031165,1031166,1626-01-01,1663-12-31,ended
7004,1031167,1031168,1625-01-01,1631-12-31,ended
7004,1031169,1031170,1628-01-01,1639-12-31,ended
7004,1031171,1031172,1628-01-01,1664-12-31,ended
7004,1031173,1031174,1627-01-01,1676-12-31,ended
7004,1031175,1031176,1629-01-01,1667-12-31,ended
7004,1031177,1031178,1631-01-01,1689-12-31,ended
7004,1031179,1031180,1631-01-01,1679-12-31,ended
7004,1031181,1031182,1631-01-01,1676-12-31,ended
7004,1031183,1031184,1625-01-01,1644-12-31,ended
7004,1031185,1031186,1628-01-01,1683-12-31,ended
7004,1031187,1031188,1631-01-01,1671-12-31,ended
7004,1031189,1031190,1628-01-01,1638-12-31,ended
7004,1031191,1031192,1629-01-01,1651-12-31,ended
7004,1031193,1031194,1630-01-01,1681-12-31,ended
7004,1031195,1031196,1631-01-01,1681-12-31,ended
7004,1031197,1031198,1627-01-01,1660-12-31,ended
7004,1031199,1031200,1627-01-01,1686-12-31,ended
7004,1031201,1031202,1626-01-01,1648-12-31,ended
7004,1031203,1031204,1630-01-01,1652-12-31,ended
7004,1031205,1031206,1627-01-01,1652-12-31,ended
7004,1031207,1031208,1627-01-01,1643-12-31,ended
7004,1031209,1031210,1625-01-01,1705-12-31,ended
7004,1031211,1031212,1629-01-01,1657-12-31,ended
7004,1031213,1031214,1626-01-01,1670-12-31,ended
7004,1031215,1031216,1625-01-01,1642-12-31,ended
7004,1031217,1031218,1629-01-01,1661-12-31,ended
7004,1031219,1031220,1626-01-01,1684-12-31,ended
7004,1031221,1031222,1627-01-01,1677-12-31,ended
7004,1031223,1031224,1627-01-01,1676-12-31,ended
7004,1031225,1031226,1628-01-01,1670-12-31,ended
7004,1031227,1031228,1627-01-01,1661-12-31,ended
7004,1031229,1031230,1629-01-01,1664-12-31,ended
7004,1031231,1031232,1630-01-01,1661-12-31,ended
7004,1031233,1031234,1625-01-01,1660-12-31,ended
7004,1031235,1031236,1630-01-01,1660-12-31,ended
7004,1031237,1031238,1631-01-01,1672-12-31,ended
7004,1031239,1031240,1625-01-01,1664-12-31,ended
7004,1031241,1031242,1626-01-01,1684-12-31,ended
7004,1031243,1031244,1627-01-01,1667-12-31,ended
7004,1031245,1031246,1630-01-01,1651-12-31,ended
7004,1031247,1031248,1625-01-01,1668-12-31,ended
7004,1031249,1031250,1626-01-01,1656-12-31,ended
7004,1031251,1031252,1627-01-01,1675-12-31,ended
7004,1031253,1031254,1627-01-01,1651-12-31,ended
7004,1031255,1031256,1626-01-01,1699-12-31,ended
7004,1031257,1031258,1625-01-01,1645-12-31,ended
7004,1031259,1031260,1628-01-01,1665-12-31,ended
7004,1031261,1031262,1630-01-01,1661-12-31,ended
7004,1031263,1031264,1627-01-01,1680-12-31,ended
7004,1031265,1031266,1628-01-01,1646-12-31,ended
7004,1031267,1031268,1628-01-01,1645-12-31,ended
7004,1031269,1031270,1631-01-01,1668-12-31,ended
7004,1031271,1031272,1630-01-01,1644-12-31,ended
7004,1031273,1031274,1625-01-01,1677-12-31,ended
7004,1031275,1031276,1625-01-01,1686-12-31,ended
7004,1031277,1031278,1629-01-01,1673-12-31,ended
7004,1031279,1031280,1627-01-01,1668-12-31,ended
7004,1031281,1031282,1628-01-01,1688-12-31,ended
7004,1031283,1031284,1627-01-01,1657-12-31,ended
7004,1031285,1031286,1626-01-01,1673-12-31,ended
7004,1031287,1031288,1630-01-01,1647-12-31,ended
7004,1031289,1031290,1629-01-01,1688-12-31,ended
7004,1031291,1031292,1626-01-01,1662-12-31,ended
7004,1031293,1031294,1628-01-01,1664-12-31,ended
7004,1031295,1031296,1626-01-01,1676-12-31,ended
7004,1031297,1031298,1629-01-01,1629-12-31,ended
7004,1031299,1031300,1629-01-01,1660-12-31,ended
7004,1031301,1031302,1629-01-01,1684-12-31,ended
7004,1031303,1031304,1629-01-01,1651-12-31,ended
7004,1031305,1031306,1625-01-01,1661-12-31,ended
7004,1031307,1031308,1625-01-01,1671-12-31,ended
7004,1031309,1031310,1626-01-01,1696-12-31,ended
7004,1031311,1031312,1627-01-01,1633-12-31,ended
7004,1031313,1031314,1625-01-01,1672-12-31,ended
7004,1031315,1031316,1629-01-01,1647-12-31,ended
7004,1031317,1031318,1627-01-01,1663-12-31,ended
7004,1031319,1031320,1629-01-01,1657-12-31,ended
7004,1031321,1031322,1625-01-01,1685-12-31,ended
7004,1031323,1031324,1631-01-01,1664-12-31,ended
7004,1031325,1031326,1627-01-01,1649-12-31,ended
7004,1031327,1031328,1628-01-01,1660-12-31,ended
7004,1031329,1031330,1625-01-01,1666-12-31,ended
7004,1031331,1031332,1630-01-01,1672-12-31,ended
7004,1031333,1031334,1631-01-01,1643-12-31,ended
7004,1031335,1031336,1631-01-01,1653-12-31,ended
7004,1031337,1031338,1626-01-01,1648-12-31,ended
7004,1031339,1031340,1631-01-01,1631-12-31,ended
7004,1031341,1031342,1626-01-01,1677-12-31,ended
7004,1031343,1031344,1626-01-01,1655-12-31,ended
7004,1031345,1031346,1631-01-01,1646-12-31,ended
7004,1031347,1031348,1628-01-01,1637-12-31,ended
7004,1031349,1031350,1628-01-01,1697-12-31,ended
7004,1031351,1031352,1625-01-01,1645-12-31,ended
7004,1031353,1031354,1625-01-01,1663-12-31,ended
7004,1031355,1031356,1628-01-01,1679-12-31,ended
7004,1031357,1031358,1631-01-01,1669-12-31,ended
7004,1031359,1031360,1625-01-01,1691-12-31,ended
7004,1031361,1031362,1631-01-01,1674-12-31,ended
7004,1031363,1031364,1627-01-01,1678-12-31,ended
7004,1031365,1031366,1628-01-01,1687-12-31,ended
7004,1031367,1031368,1625-01-01,1665-12-31,ended
7004,1031369,1031370,1626-01-01,1650-12-31,ended
7004,1031371,1031372,1626-01-01,1665-12-31,ended
7004,1031373,1031374,1650-01-01,1697-12-31,ended
7004,1031373,1031376,1646-01-01,1695-12-31,ended
7004,1031373,1031378,1648-01-01,1672-12-31,ended
7004,1031374,1031619,1651-01-01,1688-12-31,ended
7004,1031374,1031621,1647-01-01,1699-12-31,ended
7004,1031375,1031376,1647-01-01,1677-12-31,ended
7004,1031375,1031378,1650-01-01,1672-12-31,ended
7004,1031375,1031380,1648-01-01,1677-12-31,ended
7004,1031376,1031621,1649-01-01,1695-12-31,ended
7004,1031377,1031378,1649-01-01,1672-12-31,ended
7004,1031377,1031380,1647-01-01,1684-12-31,ended
7004,1031377,1031382,1651-01-01,1699-12-31,ended
7004,1031379,1031380,1646-01-01,1684-12-31,ended
7004,1031379,1031382,1650-01-01,1714-12-31,ended
7004,1031379,1031384,1652-01-01,1708-12-31,ended
7004,1031381,1031382,1646-01-01,1683-12-31,ended
7004,1031381,1031384,1648-01-01,1683-12-31,ended
7004,1031381,1031386,1649-01-01,1683-12-31,ended
7004,1031383,1031384,1645-01-01,1662-12-31,ended
7004,1031383,1031386,1649-01-01,1662-12-31,ended
7004,1031383,1031388,1646-01-01,1662-12-31,ended
7004,1031385,1031386,1649-01-01,1691-12-31,ended
7004,1031385,1031388,1646-01-01,1693-12-31,ended
7004,1031385,1031390,1652-01-01,1695-12-31,ended
7004,1031387,1031388,1648-01-01,1693-12-31,ended
7004,1031387,1031390,1652-01-01,1707-12-31,ended
7004,1031387,1031392,1647-01-01,1707-12-31,ended
7004,1031389,1031390,1647-01-01,1704-12-31,ended
7004,1031389,1031392,1648-01-01,1704-12-31,ended
7004,1031389,1031394,1650-01-01,1704-12-31,ended
7004,1031391,1031392,1652-01-01,1706-12-31,ended
7004,1031391,1031394,1646-01-01,1706-12-31,ended
7004,1031391,1031396,1648-01-01,1699-12-31,ended
7004,1031393,1031394,1650-01-01,1689-12-31,ended
7004,1031393,1031396,1649-01-01,1689-12-31,ended
7004,1031393,1031398,1651-01-01,1686-12-31,ended
7004,1031395,1031396,1651-01-01,1672-12-31,ended
7004,1031395,1031398,1652-01-01,1672-12-31,ended
7004,1031395,1031400,1649-01-01,1672-12-31,ended
7004,1031397,1031398,1649-01-01,1667-12-31,ended
7004,1031397,1031400,1651-01-01,1667-12-31,ended
7004,1031397,1031402,1652-01-01,1667-12-31,ended
7004,1031399,1031400,1649-01-01,1668-12-31,ended
7004,1031399,1031402,1649-01-01,1668-12-31,ended
7004,1031399,1031404,1650-01-01,1668-12-31,ended
7004,1031401,1031402,1648-01-01,1700-12-31,ended
7004,1031401,1031404,1649-01-01,1673-12-31,ended
7004,1031401,1031406,1647-01-01,1719-12-31,ended
7004,1031403,1031404,1652-01-01,1673-12-31,ended
7004,1031403,1031406,1650-01-01,1691-12-31,ended
7004,1031403,1031408,1648-01-01,1691-12-31,ended
7004,1031405,1031406,1649-01-01,1673-12-31,ended
7004,1031405,1031408,1647-01-01,1673-12-31,ended
7004,1031405,1031410,1649-01-01,1673-12-31,ended
7004,1031407,1031408,1646-01-01,1691-12-31,ended
7004,1031407,1031410,1648-01-01,1683-12-31,ended
7004,1031407,1031412,1646-01-01,1707-12-31,ended
7004,1031409,1031410,1652-01-01,1683-12-31,ended
7004,1031409,1031412,1649-01-01,1706-12-31,ended
7004,1031409,1031414,1652-01-01,1699-12-31,ended
7004,1031411,1031412,1650-01-01,1673-12-31,ended
7004,1031411,1031414,1649-01-01,1673-12-31,ended
7004,1031411,1031416,1646-01-01,1666-12-31,ended
7004,1031413,1031414,1652-01-01,1699-12-31,ended
7004,1031413,1031416,1646-01-01,1666-12-31,ended
7004,1031415,1031416,1647-01-01,1666-12-31,ended
7004,1031415,1031418,1649-01-01,1688-12-31,ended
7004,1031417,1031418,1649-01-01,1688-12-31,ended
7004,1031417,1031420,1647-01-01,1652-12-31,ended
7004,1031419,1031420,1649-01-01,1652-12-31,ended
7004,1031419,1031422,1650-01-01,1658-12-31,ended
7004,1031421,1031422,1647-01-01,1658-12-31,ended
7004,1031421,1031424,1646-01-01,1665-12-31,ended
7004,1031423,1031424,1649-01-01,1679-12-31,ended
7004,1031423,1031426,1649-01-01,1689-12-31,ended
7004,1031425,1031426,1648-01-01,1689-12-31,ended
7004,1031425,1031428,1651-01-01,1698-12-31,ended
7004,1031427,1031428,1646-01-01,1693-12-31,ended
7004,1031427,1031430,1648-01-01,1693-12-31,ended
7004,1031429,1031430,1646-01-01,1709-12-31,ended
7004,1031429,1031432,1646-01-01,1709-12-31,ended
7004,1031431,1031432,1647-01-01,1689-12-31,ended
7004,1031431,1031434,1652-01-01,1674-12-31,ended
7004,1031433,1031434,1650-01-01,1674-12-31,ended
7004,1031433,1031436,1648-01-01,1709-12-31,ended
7004,1031435,1031436,1651-01-01,1682-12-31,ended
7004,1031435,1031438,1647-01-01,1664-12-31,ended
7004,1031437,1031438,1648-01-01,1664-12-31,ended
7004,1031437,1031440,1646-01-01,1704-12-31,ended
7004,1031439,1031440,1649-01-01,1701-12-31,ended
7004,1031439,1031442,1650-01-01,1682-12-31,ended
7004,1031441,1031442,1647-01-01,1682-12-31,ended
7004,1031441,1031444,1649-01-01,1721-12-31,ended
7004,1031443,1031444,1649-01-01,1688-12-31,ended
7004,1031443,1031446,1647-01-01,1688-12-31,ended
7004,1031445,1031446,1646-01-01,1653-12-31,ended
7004,1031445,1031448,1647-01-01,1653-12-31,ended
7004,1031447,1031448,1646-01-01,1677-12-31,ended
7004,1031447,1031450,1649-01-01,1677-12-31,ended
7004,1031449,1031450,1648-01-01,1695-12-31,ended
7004,1031449,1031452,1648-01-01,1715-12-31,ended
7004,1031451,1031452,1652-01-01,1694-12-31,ended
7004,1031451,1031454,1646-01-01,1666-12-31,ended
7004,1031453,1031454,1651-01-01,1666-12-31,ended
7004,1031453,1031456,1648-01-01,1667-12-31,ended
7004,1031455,1031456,1649-01-01,1667-12-31,ended
7004,1031455,1031458,1649-01-01,1687-12-31,ended
7004,1031457,1031458,1646-01-01,1679-12-31,ended
7004,1031457,1031460,1648-01-01,1679-12-31,ended
7004,1031459,1031460,1647-01-01,1698-12-31,ended
7004,1031459,1031462,1650-01-01,1698-12-31,ended
7004,1031461,1031462,1647-01-01,1700-12-31,ended
7004,1031461,1031464,1652-01-01,1691-12-31,ended
7004,1031463,1031464,1650-01-01,1691-12-31,ended
7004,1031463,1031466,1650-01-01,1707-12-31,ended
7004,1031465,1031466,1646-01-01,1689-12-31,ended
7004,1031465,1031468,1650-01-01,1689-12-31,ended
7004,1031467,1031468,1646-01-01,1699-12-31,ended
7004,1031467,1031470,1648-01-01,1697-12-31,ended
7004,1031469,1031470,1649-01-01,1686-12-31,ended
7004,1031469,1031472,1646-01-01,1652-12-31,ended
7004,1031471,1031472,1645-01-01,1652-12-31,ended
7004,1031471,1031474,1647-01-01,1685-12-31,ended
7004,1031473,1031474,1648-01-01,1685-12-31,ended
7004,1031473,1031476,1648-01-01,1676-12-31,ended
7004,1031475,1031476,1647-01-01,1676-12-31,ended
7004,1031475,1031478,1651-01-01,1698-12-31,ended
7004,1031477,1031478,1646-01-01,1698-12-31,ended
7004,1031477,1031480,1644-01-01,1712-12-31,ended
7004,1031479,1031480,1647-01-01,1699-12-31,ended
7004,1031479,1031482,1649-01-01,1683-12-31,ended
7004,1031481,1031482,1648-01-01,1673-12-31,ended
7004,1031481,1031484,1651-01-01,1673-12-31,ended
7004,1031483,1031484,1647-01-01,1714-12-31,ended
7004,1031483,1031486,1651-01-01,1686-12-31,ended
7004,1031485,1031486,1645-01-01,1684-12-31,ended
7004,1031485,1031488,1648-01-01,1684-12-31,ended
7004,1031487,1031488,1650-01-01,1697-12-31,ended
7004,1031487,1031490,1650-01-01,1675-12-31,ended
7004,1031489,1031490,1649-01-01,1675-12-31,ended
7004,1031489,1031492,1650-01-01,1707-12-31,ended
7004,1031491,1031492,1651-01-01,1707-12-31,ended
7004,1031491,1031494,1646-01-01,1703-12-31,ended
7004,1031493,1031494,1651-01-01,1673-12-31,ended
7004,1031493,1031496,1650-01-01,1673-12-31,ended
7004,1031495,1031496,1648-01-01,1679-12-31,ended
7004,1031495,1031498,1652-01-01,1704-12-31,ended
7004,1031497,1031498,1647-01-01,1704-12-31,ended
7004,1031497,1031500,1649-01-01,1690-12-31,ended
7004,1031499,1031500,1648-01-01,1690-12-31,ended
7004,1031499,1031502,1649-01-01,1718-12-31,ended
7004,1031501,1031502,1648-01-01,1706-12-31,ended
7004,1031501,1031504,1650-01-01,1689-12-31,ended
7004,1031503,1031504,1651-01-01,1689-12-31,ended
7004,1031503,1031506,1649-01-01,1682-12-31,ended
7004,1031505,1031506,1646-01-01,1671-12-31,ended
7004,1031505,1031508,1651-01-01,1665-12-31,ended
7004,1031507,1031508,1649-01-01,1665-12-31,ended
7004,1031507,1031510,1649-01-01,1686-12-31,ended
7004,1031509,1031510,1652-01-01,1665-12-31,ended
7004,1031509,1031512,1649-01-01,1665-12-31,ended
7004,1031511,1031512,1652-01-01,1662-12-31,ended
7004,1031511,1031514,1649-01-01,1662-12-31,ended
7004,1031513,1031514,1647-01-01,1653-12-31,ended
7004,1031513,1031516,1651-01-01,1653-12-31,ended
7004,1031515,1031516,1649-01-01,1675-12-31,ended
7004,1031515,1031518,1652-01-01,1675-12-31,ended
7004,1031517,1031518,1648-01-01,1685-12-31,ended
7004,1031517,1031520,1652-01-01,1685-12-31,ended
7004,1031519,1031520,1647-01-01,1696-12-31,ended
7004,1031519,1031522,1651-01-01,1696-12-31,ended
7004,1031521,1031522,1646-01-01,1688-12-31,ended
7004,1031521,1031524,1649-01-01,1688-12-31,ended
7004,1031523,1031524,1651-01-01,1675-12-31,ended
7004,1031523,1031526,1646-01-01,1675-12-31,ended
7004,1031525,1031526,1649-01-01,1672-12-31,ended
7004,1031525,1031528,1650-01-01,1672-12-31,ended
7004,1031527,1031528,1650-01-01,1693-12-31,ended
7004,1031527,1031530,1648-01-01,1693-12-31,ended
7004,1031529,1031530,1648-01-01,1695-12-31,ended
7004,1031529,1031532,1647-01-01,1689-12-31,ended
7004,1031531,1031532,1651-01-01,1689-12-31,ended
7004,1031531,1031534,1650-01-01,1698-12-31,ended
7004,1031533,1031534,1646-01-01,1682-12-31,ended
7004,1031533,1031536,1652-01-01,1682-12-31,ended
7004,1031535,1031536,1649-01-01,1682-12-31,ended
7004,1031535,1031538,1652-01-01,1669-12-31,ended
7004,1031537,1031538,1652-01-01,1669-12-31,ended
7004,1031537,1031540,1646-01-01,1676-12-31,ended
7004,1031539,1031540,1646-01-01,1691-12-31,ended
7004,1031539,1031542,1649-01-01,1709-12-31,ended
7004,1031541,1031542,1646-01-01,1684-12-31,ended
7004,1031541,1031544,1647-01-01,1684-12-31,ended
7004,1031543,1031544,1649-01-01,1660-12-31,ended
7004,1031543,1031546,1652-01-01,1660-12-31,ended
7004,1031545,1031546,1652-01-01,1669-12-31,ended
7004,1031545,1031548,1651-01-01,1669-12-31,ended
7004,1031547,1031548,1646-01-01,1687-12-31,ended
7004,1031547,1031550,1647-01-01,1720-12-31,ended
7004,1031549,1031550,1646-01-01,1687-12-31,ended
7004,1031549,1031552,1649-01-01,1687-12-31,ended
7004,1031551,1031552,1651-01-01,1696-12-31,ended
7004,1031551,1031554,1648-01-01,1684-12-31,ended
7004,1031553,1031554,1646-01-01,1684-12-31,ended
7004,1031553,1031556,1647-01-01,1678-12-31,ended
7004,1031555,1031556,1645-01-01,1678-12-31,ended
7004,1031555,1031558,1649-01-01,1691-12-31,ended
7004,1031557,1031558,1652-01-01,1695-12-31,ended
7004,1031557,1031560,1650-01-01,1702-12-31,ended
7004,1031559,1031560,1651-01-01,1663-12-31,ended
7004,1031559,1031562,1651-01-01,1660-12-31,ended
7004,1031561,1031562,1650-01-01,1660-12-31,ended
7004,1031561,1031564,1646-01-01,1665-12-31,ended
7004,1031563,1031564,1646-01-01,1702-12-31,ended
7004,1031563,1031566,1647-01-01,1717-12-31,ended
7004,1031565,1031566,1650-01-01,1669-12-31,ended
7004,1031565,1031568,1649-01-01,1664-12-31,ended
7004,1031567,1031568,1647-01-01,1664-12-31,ended
7004,1031567,1031570,1647-01-01,1681-12-31,ended
7004,1031569,1031570,1649-01-01,1675-12-31,ended
7004,1031569,1031572,1648-01-01,1675-12-31,ended
7004,1031571,1031572,1650-01-01,1692-12-31,ended
7004,1031571,1031574,1646-01-01,1678-12-31,ended
7004,1031573,1031574,1649-01-01,1664-12-31,ended
7004,1031573,1031576,1649-01-01,1664-12-31,ended
7004,1031575,1031576,1646-01-01,1701-12-31,ended
7004,1031575,1031578,1652-01-01,1670-12-31,ended
7004,1031577,1031578,1651-01-01,1670-12-31,ended
7004,1031577,1031580,1648-01-01,1693-12-31,ended
7004,1031579,1031580,1649-01-01,1687-12-31,ended
7004,1031579,1031582,1647-01-01,1668-12-31,ended
7004,1031581,1031582,1650-01-01,1664-12-31,ended
7004,1031581,1031584,1651-01-01,1657-12-31,ended
7004,1031583,1031584,1651-01-01,1657-12-31,ended
7004,1031583,1031586,1650-01-01,1661-12-31,ended
7004,1031585,1031586,1648-01-01,1680-12-31,ended
7004,1031585,1031588,1648-01-01,1663-12-31,ended
7004,1031587,1031588,1646-01-01,1663-12-31,ended
7004,1031587,1031590,1649-01-01,1685-12-31,ended
7004,1031589,1031590,1651-01-01,1668-12-31,ended
7004,1031589,1031592,1650-01-01,1668-12-31,ended
7004,1031591,1031592,1650-01-01,1683-12-31,ended
7004,1031591,1031594,1648-01-01,1666-12-31,ended
7004,1031593,1031594,1646-01-01,1666-12-31,ended
7004,1031593,1031596,1652-01-01,1682-12-31,ended
7004,1031595,1031596,1647-01-01,1697-12-31,ended
7004,1031595,1031598,1646-01-01,1696-12-31,ended
7004,1031597,1031598,1647-01-01,1695-12-31,ended
7004,1031597,1031600,1651-01-01,1695-12-31,ended
7004,1031599,1031600,1647-01-01,1695-12-31,ended
7004,1031599,1031602,1649-01-01,1712-12-31,ended
7004,1031601,1031602,1649-01-01,1684-12-31,ended
7004,1031601,1031604,1648-01-01,1663-12-31,ended
7004,1031603,1031604,1650-01-01,1663-12-31,ended
7004,1031603,1031606,1648-01-01,1677-12-31,ended
7004,1031605,1031606,1648-01-01,1677-12-31,ended
7004,1031605,1031608,1646-01-01,1689-12-31,ended
7004,1031607,1031608,1650-01-01,1657-12-31,ended
7004,1031607,1031610,1649-01-01,1657-12-31,ended
7004,1031609,1031610,1649-01-01,1701-12-31,ended
7004,1031609,1031612,1652-01-01,1667-12-31,ended
7004,1031611,1031612,1648-01-01,1667-12-31,ended
7004,1031611,1031614,1646-01-01,1714-12-31,ended
7004,1031613,1031614,1649-01-01,1671-12-31,ended
7004,1031613,1031616,1647-01-01,1671-12-31,ended
7004,1031615,1031616,1647-01-01,1672-12-31,ended
7004,1031615,1031618,1651-01-01,1693-12-31,ended
7004,1031617,1031618,1647-01-01,1693-12-31,ended
7004,1031617,1031620,1648-01-01,1699-12-31,ended
7004,1031619,1031620,1651-01-01,1688-12-31,ended
7004,1031622,1031623,1673-01-01,1708-12-31,ended
7004,1031624,1031625,1668-01-01,1694-12-31,ended
7004,1031626,1031627,1671-01-01,1718-12-31,ended
7004,1031628,1031629,1671-01-01,1726-12-31,ended
7004,1031630,1031631,1667-01-01,1693-12-31,ended
7004,1031632,1031633,1668-01-01,1719-12-31,ended
7004,1031634,1031635,1673-01-01,1709-12-31,ended
7004,1031636,1031637,1671-01-01,1686-12-31,ended
7004,1031638,1031639,1673-01-01,1714-12-31,ended
7004,1031640,1031641,1671-01-01,1692-12-31,ended
7004,1031642,1031643,1669-01-01,1687-12-31,ended
7004,1031644,1031645,1673-01-01,1699-12-31,ended
7004,1031646,1031647,1670-01-01,1713-12-31,ended
7004,1031648,1031649,1669-01-01,1708-12-31,ended
7004,1031650,1031651,1667-01-01,1705-12-31,ended
7004,1031652,1031653,1671-01-01,1708-12-31,ended
7004,1031654,1031655,1671-01-01,1683-12-31,ended
7004,1031656,1031657,1673-01-01,1678-12-31,ended
7004,1031658,1031659,1668-01-01,1734-12-31,ended
7004,1031660,1031661,1667-01-01,1727-12-31,ended
7004,1031662,1031663,1670-01-01,1713-12-31,ended
7004,1031664,1031665,1673-01-01,1688-12-31,ended
7004,1031666,1031667,1669-01-01,1684-12-31,ended
7004,1031668,1031669,1667-01-01,1720-12-31,ended
7004,1031670,1031671,1673-01-01,1681-12-31,ended
7004,1031672,1031673,1672-01-01,1739-12-31,ended
7004,1031674,1031675,1670-01-01,1699-12-31,ended
7004,1031676,1031677,1669-01-01,1692-12-31,ended
7004,1031678,1031679,1671-01-01,1689-12-31,ended
7004,1031680,1031681,1670-01-01,1708-12-31,ended
7004,1031682,1031683,1667-01-01,1706-12-31,ended
7004,1031684,1031685,1667-01-01,1726-12-31,ended
7004,1031686,1031687,1672-01-01,1699-12-31,ended
7004,1031688,1031689,1668-01-01,1716-12-31,ended
7004,1031690,1031691,1672-01-01,1708-12-31,ended
7004,1031692,1031693,1669-01-01,1700-12-31,ended
7004,1031694,1031695,1668-01-01,1712-12-31,ended
7004,1031696,1031697,1669-01-01,1704-12-31,ended
7004,1031698,1031699,1670-01-01,1720-12-31,ended
7004,1031700,1031701,1670-01-01,1680-12-31,ended
7004,1031702,1031703,1672-01-01,1710-12-31,ended
7004,1031704,1031705,1669-01-01,1688-12-31,ended
7004,1031706,1031707,1671-01-01,1710-12-31,ended
7004,1031708,1031709,1673-01-01,1702-12-31,ended
7004,1031710,1031711,1670-01-01,1685-12-31,ended
7004,1031712,1031713,1669-01-01,1697-12-31,ended
7004,1031714,1031715,1668-01-01,1725-12-31,ended
7004,1031716,1031717,1672-01-01,1722-12-31,ended
7004,1031718,1031719,1667-01-01,1702-12-31,ended
7004,1031720,1031721,1670-01-01,1697-12-31,ended
7004,1031722,1031723,1671-01-01,1708-12-31,ended
7004,1031724,1031725,1671-01-01,1693-12-31,ended
7004,1031726,1031727,1667-01-01,1708-12-31,ended
7004,1031728,1031729,1669-01-01,1677-12-31,ended
7004,1031730,1031731,1670-01-01,1701-12-31,ended
7004,1031732,1031733,1667-01-01,1691-12-31,ended
7004,1031734,1031735,1667-01-01,1708-12-31,ended
7004,1031736,1031737,1667-01-01,1731-12-31,ended
7004,1031738,1031739,1668-01-01,1707-12-31,ended
7004,1031740,1031741,1670-01-01,1682-12-31,ended
7004,1031742,1031743,1670-01-01,1694-12-31,ended
7004,1031744,1031745,1669-01-01,1708-12-31,ended
7004,1031746,1031747,1668-01-01,1726-12-31,ended
7004,1031748,1031749,1668-01-01,1712-12-31,ended
7004,1031750,1031751,1668-01-01,1723-12-31,ended
7004,1031752,1031753,1673-01-01,1699-12-31,ended
7004,1031754,1031755,1667-01-01,1707-12-31,ended
7004,1031756,1031757,1669-01-01,1691-12-31,ended
7004,1031758,1031759,1672-01-01,1712-12-31,ended
7004,1031760,1031761,1667-01-01,1714-12-31,ended
7004,1031762,1031763,1667-01-01,1692-12-31,ended
7004,1031764,1031765,1670-01-01,1716-12-31,ended
7004,1031766,1031767,1671-01-01,1699-12-31,ended
7004,1031768,1031769,1670-01-01,1681-12-31,ended
7004,1031770,1031771,1667-01-01,1690-12-31,ended
7004,1031772,1031773,1672-01-01,1716-12-31,ended
7004,1031774,1031775,1668-01-01,1722-12-31,ended
7004,1031776,1031777,1667-01-01,1680-12-31,ended
7004,1031778,1031779,1670-01-01,1705-12-31,ended
7004,1031780,1031781,1671-01-01,1708-12-31,ended
7004,1031782,1031783,1672-01-01,1677-12-31,ended
7004,1031784,1031785,1671-01-01,1711-12-31,ended
7004,1031786,1031787,1671-01-01,1679-12-31,ended
7004,1031788,1031789,1668-01-01,1719-12-31,ended
7004,1031790,1031791,1668-01-01,1723-12-31,ended
7004,1031792,1031793,1672-01-01,1703-12-31,ended
7004,1031794,1031795,1667-01-01,1715-12-31,ended
7004,1031796,1031797,1670-01-01,1714-12-31,ended
7004,1031798,1031799,1668-01-01,1727-12-31,ended
7004,1031800,1031801,1672-01-01,1704-12-31,ended
7004,1031802,1031803,1669-01-01,1733-12-31,ended
7004,1031804,1031805,1667-01-01,1699-12-31,ended
7004,1031806,1031807,1668-01-01,1741-12-31,ended
7004,1031808,1031809,1667-01-01,1721-12-31,ended
7004,1031810,1031811,1669-01-01,1722-12-31,ended
7004,1031812,1031813,1668-01-01,1712-12-31,ended
7004,1031814,1031815,1668-01-01,1714-12-31,ended
7004,1031816,1031817,1672-01-01,1682-12-31,ended
7004,1031818,1031819,1670-01-01,1701-12-31,ended
7004,1031820,1031821,1668-01-01,1720-12-31,ended
7004,1031822,1031823,1669-01-01,1703-12-31,ended
7004,1031824,1031825,1669-01-01,1744-12-31,ended
7004,1031826,1031827,1669-01-01,1699-12-31,ended
7004,1031828,1031829,1672-01-01,1740-12-31,ended
7004,1031830,1031831,1667-01-01,1701-12-31,ended
7004,1031832,1031833,1671-01-01,1716-12-31,ended
7004,1031834,1031835,1672-01-01,1714-12-31,ended
7004,1031836,1031837,1668-01-01,1722-12-31,ended
7004,1031838,1031839,1667-01-01,1709-12-31,ended
7004,1031840,1031841,1669-01-01,1678-12-31,ended
7004,1031842,1031843,1670-01-01,1679-12-31,ended
7004,1031844,1031845,1670-01-01,1716-12-31,ended
7004,1031846,1031847,1667-01-01,1713-12-31,ended
7004,1031848,1031849,1667-01-01,1710-12-31,ended
7004,1031850,1031851,1668-01-01,1693-12-31,ended
7004,1031852,1031853,1669-01-01,1708-12-31,ended
7004,1031854,1031855,1671-01-01,1699-12-31,ended
7004,1031856,1031857,1672-01-01,1726-12-31,ended
7004,1031858,1031859,1670-01-01,1718-12-31,ended
7004,1031860,1031861,1668-01-01,1697-12-31,ended
7004,1031862,1031863,1669-01-01,1711-12-31,ended
7004,1031864,1031865,1671-01-01,1683-12-31,ended
7004,1031866,1031867,1668-01-01,1692-12-31,ended
7004,1031868,1031869,1668-01-01,1718-12-31,ended
7004,1031870,1031871,1668-01-01,1690-12-31,ended
7004,1031872,1031873,1673-01-01,1730-12-31,ended
7004,1031874,1031875,1667-01-01,1729-12-31,ended
7004,1031876,1031877,1668-01-01,1698-12-31,ended
7004,1031878,1031879,1671-01-01,1716-12-31,ended
7004,1031880,1031881,1668-01-01,1717-12-31,ended
7004,1031882,1031883,1670-01-01,1707-12-31,ended
7004,1031884,1031885,1669-01-01,1704-12-31,ended
7004,1031886,1031887,1668-01-01,1698-12-31,ended
7004,1031888,1031889,1670-01-01,1729-12-31,ended
7004,1031890,1031891,1667-01-01,1738-12-31,ended
7004,1031892,1031893,1693-01-01,1732-12-31,ended
7004,1031894,1031895,1690-01-01,1730-12-31,ended
7004,1031896,1031897,1691-01-01,1738-12-31,ended
7004,1031898,1031899,1691-01-01,1722-12-31,ended
7004,1031900,1031901,1692-01-01,1721-12-31,ended
7004,1031902,1031903,1692-01-01,1719-12-31,ended
7004,1031904,1031905,1689-01-01,1712-12-31,ended
7004,1031906,1031907,1691-01-01,1712-12-31,ended
7004,1031908,1031909,1690-01-01,1735-12-31,ended
7004,1031910,1031911,1688-01-01,1714-12-31,ended
7004,1031912,1031913,1691-01-01,1724-12-31,ended
7004,1031914,1031915,1692-01-01,1718-12-31,ended
7004,1031916,1031917,1693-01-01,1732-12-31,ended
7004,1031918,1031919,1691-01-01,1714-12-31,ended
7004,1031920,1031921,1691-01-01,1746-12-31,ended
7004,1031922,1031923,1693-01-01,1739-12-31,ended
7004,1031924,1031925,1692-01-01,1731-12-31,ended
7004,1031926,1031927,1692-01-01,1712-12-31,ended
7004,1031928,1031929,1689-01-01,1708-12-31,ended
7004,1031930,1031931,1694-01-01,1705-12-31,ended
7004,1031932,1031933,1688-01-01,1740-12-31,ended
7004,1031934,1031935,1690-01-01,1735-12-31,ended
7004,1031936,1031937,1690-01-01,1753-12-31,ended
7004,1031938,1031939,1690-01-01,1732-12-31,ended
7004,1031940,1031941,1691-01-01,1710-12-31,ended
7004,1031942,1031943,1691-01-01,1750-12-31,ended
7004,1031944,1031945,1691-01-01,1710-12-31,ended
7004,1031946,1031947,1694-01-01,1724-12-31,ended
7004,1031948,1031949,1688-01-01,1749-12-31,ended
7004,1031950,1031951,1691-01-01,1751-12-31,ended
7004,1031952,1031953,1688-01-01,1705-12-31,ended
7004,1031954,1031955,1693-01-01,1717-12-31,ended
7004,1031956,1031957,1688-01-01,1733-12-31,ended
7004,1031958,1031959,1692-01-01,1717-12-31,ended
7004,1031960,1031961,1691-01-01,1695-12-31,ended
7004,1031962,1031963,1694-01-01,1736-12-31,ended
7004,1031964,1031965,1689-01-01,1707-12-31,ended
7004,1031966,1031967,1692-01-01,1721-12-31,ended
7004,1031968,1031969,1689-01-01,1731-12-31,ended
7004,1031970,1031971,1691-01-01,1714-12-31,ended
7004,1031972,1031973,1692-01-01,1721-12-31,ended
7004,1031974,1031975,1694-01-01,1724-12-31,ended
7004,1031976,1031977,1692-01-01,1732-12-31,ended
7004,1031978,1031979,1693-01-01,1745-12-31,ended
7004,1031980,1031981,1692-01-01,1707-12-31,ended
7004,1031982,1031983,1693-01-01,1703-12-31,ended
7004,1031984,1031985,1690-01-01,1719-12-31,ended
7004,1031986,1031987,1689-01-01,1735-12-31,ended
7004,1031988,1031989,1691-01-01,1698-12-31,ended
7004,1031990,1031991,1692-01-01,1757-12-31,ended
7004,1031992,1031993,1688-01-01,1724-12-31,ended
7004,1031994,1031995,1692-01-01,1767-12-31,ended
7004,1031996,1031997,1690-01-01,1744-12-31,ended
7004,1031998,1031999,1692-01-01,1734-12-31,ended
7004,1032000,1032001,1690-01-01,1730-12-31,ended
7004,1032002,1032003,1692-01-01,1732-12-31,ended
7004,1032004,1032005,1686-01-01,1730-12-31,ended
7004,1032006,1032007,1690-01-01,1735-12-31,ended
7004,1032008,1032009,1689-01-01,1738-12-31,ended
7004,1032010,1032011,1688-01-01,1714-12-31,ended
7004,1032012,1032013,1689-01-01,1747-12-31,ended
7004,1032014,1032015,1691-01-01,1724-12-31,ended
7004,1032016,1032017,1689-01-01,1737-12-31,ended
7004,1032018,1032019,1689-01-01,1716-12-31,ended
7004,1032020,1032021,1691-01-01,1739-12-31,ended
7004,1032022,1032023,1689-01-01,1719-12-31,ended
7004,1032024,1032025,1690-01-01,1711-12-31,ended
7004,1032026,1032027,1688-01-01,1748-12-31,ended
7004,1032028,1032029,1689-01-01,1751-12-31,ended
7004,1032030,1032031,1691-01-01,1697-12-31,ended
7004,1032032,1032033,1691-01-01,1720-12-31,ended
7004,1032034,1032035,1688-01-01,1734-12-31,ended
7004,1032036,1032037,1691-01-01,1724-12-31,ended
7004,1032038,1032039,1690-01-01,1728-12-31,ended
7004,1032040,1032041,1690-01-01,1735-12-31,ended
7004,1032042,1032043,1692-01-01,1735-12-31,ended
7004,1032044,1032045,1689-01-01,1700-12-31,ended
7004,1032046,1032047,1691-01-01,1726-12-31,ended
7004,1032048,1032049,1688-01-01,1737-12-31,ended
7004,1032050,1032051,1689-01-01,1727-12-31,ended
7004,1032052,1032053,1692-01-01,1720-12-31,ended
7004,1032054,1032055,1688-01-01,1717-12-31,ended
7004,1032056,1032057,1691-01-01,1706-12-31,ended
7004,1032058,1032059,1692-01-01,1735-12-31,ended
7004,1032060,1032061,1693-01-01,1705-12-31,ended
7004,1032062,1032063,1688-01-01,1739-12-31,ended
7004,1032064,1032065,1690-01-01,1720-12-31,ended
7004,1032066,1032067,1693-01-01,1727-12-31,ended
7004,1032068,1032069,1694-01-01,1746-12-31,ended
7004,1032070,1032071,1692-01-01,1714-12-31,ended
7004,1032072,1032073,1692-01-01,1748-12-31,ended
7004,1032074,1032075,1688-01-01,1715-12-31,ended
7004,1032076,1032077,1691-01-01,1745-12-31,ended
7004,1032078,1032079,1689-01-01,1699-12-31,ended
7004,1032080,1032081,1688-01-01,1728-12-31,ended
7004,1032082,1032083,1693-01-01,1720-12-31,ended
7004,1032084,1032085,1688-01-01,1747-12-31,ended
7004,1032086,1032087,1694-01-01,1727-12-31,ended
7004,1032088,1032089,1688-01-01,1722-12-31,ended
7004,1032090,1032091,1689-01-01,1722-12-31,ended
7004,1032092,1032093,1688-01-01,1736-12-31,ended
7004,1032094,1032095,1693-01-01,1722-12-31,ended
7004,1032096,1032097,1688-01-01,1710-12-31,ended
7004,1032098,1032099,1688-01-01,1735-12-31,ended
7004,1032100,1032101,1694-01-01,1761-12-31,ended
7004,1032102,1032103,1694-01-01,1700-12-31,ended
7004,1032104,1032105,1690-01-01,1710-12-31,ended
7004,1032106,1032107,1689-01-01,1700-12-31,ended
7004,1032108,1032109,1693-01-01,1716-12-31,ended
7004,1032110,1032111,1688-01-01,1740-12-31,ended
7004,1032112,1032113,1691-01-01,1712-12-31,ended
7004,1032114,1032115,1689-01-01,1734-12-31,ended
7004,1032116,1032117,1688-01-01,1714-12-31,ended
7004,1032118,1032119,1689-01-01,1730-12-31,ended
7004,1032120,1032121,1690-01-01,1711-12-31,ended
7004,1032122,1032123,1690-01-01,1722-12-31,ended
7004,1032124,1032125,1690-01-01,1727-12-31,ended
7004,1032126,1032127,1692-01-01,1734-12-31,ended
7004,1032128,1032129,1691-01-01,1742-12-31,ended
7004,1032130,1032131,1692-01-01,1733-12-31,ended
7004,1032132,1032133,1688-01-01,1725-12-31,ended
7004,1032134,1032135,1691-01-01,1730-12-31,ended
7004,1032136,1032137,1692-01-01,1742-12-31,ended
7004,1032138,1032139,1689-01-01,1734-12-31,ended
7004,1032140,1032141,1693-01-01,1733-12-31,ended
7004,1032142,1032143,1688-01-01,1718-12-31,ended
7004,1032144,1032145,1689-01-01,1750-12-31,ended
7004,1032146,1032147,1690-01-01,1722-12-31,ended
7004,1032148,1032149,1691-01-01,1732-12-31,ended
7004,1032150,1032151,1690-01-01,1740-12-31,ended
7004,1032152,1032153,1693-01-01,1703-12-31,ended
7004,1032154,1032155,1688-01-01,1733-12-31,ended
7004,1032156,1032157,1689-01-01,1710-12-31,ended
7004,1032158,1032159,1691-01-01,1721-12-31,ended
7004,1032160,1032161,1692-01-01,1733-12-31,ended
7004,1032162,1032163,1690-01-01,1725-12-31,ended
7004,1032164,1032165,1691-01-01,1709-12-31,ended
7004,1032166,1032167,1688-01-01,1707-12-31,ended
7004,1032168,1032169,1690-01-01,1721-12-31,ended
7004,1032170,1032171,1691-01-01,1706-12-31,ended
7004,1032172,1032173,1691-01-01,1759-12-31,ended
7004,1032174,1032175,1694-01-01,1712-12-31,ended
7004,1032176,1032177,1693-01-01,1717-12-31,ended
7004,1032178,1032179,1691-01-01,1733-12-31,ended
7004,1032180,1032181,1689-01-01,1714-12-31,ended
7004,1032182,1032183,1713-01-01,1730-12-31,ended
7004,1032184,1032185,1714-01-01,1729-12-31,ended
7004,1032186,1032187,1709-01-01,1750-12-31,ended
7004,1032188,1032189,1709-01-01,1747-12-31,ended
7004,1032190,1032191,1709-01-01,1728-12-31,ended
7004,1032192,1032193,1713-01-01,1752-12-31,ended
7004,1032194,1032195,1714-01-01,1764-12-31,ended
7004,1032196,1032197,1710-01-01,1740-12-31,ended
7004,1032198,1032199,1711-01-01,1756-12-31,ended
7004,1032200,1032201,1711-01-01,1736-12-31,ended
7004,1032202,1032203,1715-01-01,1769-12-31,ended
7004,1032204,1032205,1712-01-01,1759-12-31,ended
7004,1032206,1032207,1715-01-01,1752-12-31,ended
7004,1032208,1032209,1711-01-01,1777-12-31,ended
7004,1032210,1032211,1714-01-01,1759-12-31,ended
7004,1032212,1032213,1712-01-01,1716-12-31,ended
7004,1032214,1032215,1712-01-01,1733-12-31,ended
7004,1032216,1032217,1710-01-01,1764-12-31,ended
7004,1032218,1032219,1715-01-01,1759-12-31,ended
7004,1032220,1032221,1712-01-01,1736-12-31,ended
7004,1032222,1032223,1713-01-01,1766-12-31,ended
7004,1032224,1032225,1715-01-01,1757-12-31,ended
7004,1032226,1032227,1715-01-01,1737-12-31,ended
7004,1032228,1032229,1714-01-01,1731-12-31,ended
7004,1032230,1032231,1709-01-01,1736-12-31,ended
7004,1032232,1032233,1711-01-01,1738-12-31,ended
7004,1032234,1032235,1711-01-01,1754-12-31,ended
7004,1032236,1032237,1709-01-01,1741-12-31,ended
7004,1032238,1032239,1711-01-01,1767-12-31,ended
7004,1032240,1032241,1708-01-01,1755-12-31,ended
7004,1032242,1032243,1710-01-01,1738-12-31,ended
7004,1032244,1032245,1713-01-01,1753-12-31,ended
7004,1032246,1032247,1714-01-01,1758-12-31,ended
7004,1032248,1032249,1714-01-01,1741-12-31,ended
7004,1032250,1032251,1713-01-01,1759-12-31,ended
7004,1032252,1032253,1712-01-01,1748-12-31,ended
7004,1032254,1032255,1709-01-01,1723-12-31,ended
7004,1032256,1032257,1712-01-01,1740-12-31,ended
7004,1032258,1032259,1715-01-01,1750-12-31,ended
7004,1032260,1032261,1715-01-01,1724-12-31,ended
7004,1032262,1032263,1709-01-01,1774-12-31,ended
7004,1032264,1032265,1713-01-01,1730-12-31,ended
7004,1032266,1032267,1712-01-01,1772-12-31,ended
7004,1032268,1032269,1715-01-01,1757-12-31,ended
7004,1032270,1032271,1709-01-01,1732-12-31,ended
7004,1032272,1032273,1714-01-01,1724-12-31,ended
7004,1032274,1032275,1711-01-01,1717-12-31,ended
7004,1032276,1032277,1709-01-01,1759-12-31,ended
7004,1032278,1032279,1711-01-01,1763-12-31,ended
7004,1032280,1032281,1709-01-01,1768-12-31,ended
7004,1032282,1032283,1709-01-01,1755-12-31,ended
7004,1032284,1032285,1713-01-01,1732-12-31,ended
7004,1032286,1032287,1712-01-01,1729-12-31,ended
7004,1032288,1032289,1710-01-01,1722-12-31,ended
7004,1032290,1032291,1711-01-01,1764-12-31,ended
7004,1032292,1032293,1710-01-01,1755-12-31,ended
7004,1032294,1032295,1710-01-01,1742-12-31,ended
7004,1032296,1032297,1714-01-01,1759-12-31,ended
7004,1032298,1032299,1712-01-01,1742-12-31,ended
7004,1032300,1032301,1710-01-01,1763-12-31,ended
7004,1032302,1032303,1715-01-01,1747-12-31,ended
7004,1032304,1032305,1714-01-01,1731-12-31,ended
7004,1032306,1032307,1711-01-01,1729-12-31,ended
7004,1032308,1032309,1710-01-01,1734-12-31,ended
7004,1032310,1032311,1714-01-01,1746-12-31,ended
7004,1032312,1032313,1711-01-01,1737-12-31,ended
7004,1032314,1032315,1713-01-01,1735-12-31,ended
7004,1032316,1032317,1714-01-01,1755-12-31,ended
7004,1032318,1032319,1714-01-01,1737-12-31,ended
7004,1032320,1032321,1709-01-01,1757-12-31,ended
7004,1032322,1032323,1714-01-01,1741-12-31,ended
7004,1032324,1032325,1713-01-01,1738-12-31,ended
7004,1032326,1032327,1713-01-01,1747-12-31,ended
7004,1032328,1032329,1713-01-01,1744-12-31,ended
7004,1032330,1032331,1711-01-01,1748-12-31,ended
7004,1032332,1032333,1715-01-01,1760-12-31,ended
7004,1032334,1032335,1713-01-01,1752-12-31,ended
7004,1032336,1032337,1712-01-01,1738-12-31,ended
7004,1032338,1032339,1712-01-01,1743-12-31,ended
7004,1032340,1032341,1709-01-01,1761-12-31,ended
7004,1032342,1032343,1711-01-01,1745-12-31,ended
7004,1032344,1032345,1714-01-01,1718-12-31,ended
7004,1032346,1032347,1712-01-01,1718-12-31,ended
7004,1032348,1032349,1709-01-01,1745-12-31,ended
7004,1032350,1032351,1709-01-01,1720-12-31,ended
7004,1032352,1032353,1711-01-01,1759-12-31,ended
7004,1032354,1032355,1710-01-01,1722-12-31,ended
7004,1032356,1032357,1711-01-01,1711-12-31,ended
7004,1032358,1032359,1709-01-01,1760-12-31,ended
7004,1032360,1032361,1709-01-01,1768-12-31,ended
7004,1032362,1032363,1710-01-01,1727-12-31,ended
7004,1032364,1032365,1711-01-01,1762-12-31,ended
7004,1032366,1032367,1711-01-01,1716-12-31,ended
7004,1032368,1032369,1711-01-01,1758-12-31,ended
7004,1032370,1032371,1709-01-01,1766-12-31,ended
7004,1032372,1032373,1709-01-01,1736-12-31,ended
7004,1032374,1032375,1712-01-01,1724-12-31,ended
7004,1032376,1032377,1710-01-01,1763-12-31,ended
7004,1032378,1032379,1713-01-01,1774-12-31,ended
7004,1032380,1032381,1712-01-01,1756-12-31,ended
7004,1032382,1032383,1714-01-01,1772-12-31,ended
7004,1032384,1032385,1711-01-01,1756-12-31,ended
7004,1032386,1032387,1715-01-01,1726-12-31,ended
7004,1032388,1032389,1709-01-01,1717-12-31,ended
7004,1032390,1032391,1709-01-01,1746-12-31,ended
7004,1032392,1032393,1709-01-01,1730-12-31,ended
7004,1032394,1032395,1714-01-01,1758-12-31,ended
7004,1032396,1032397,1712-01-01,1732-12-31,ended
7004,1032398,1032399,1711-01-01,1734-12-31,ended
7004,1032400,1032401,1715-01-01,1749-12-31,ended
7004,1032402,1032403,1713-01-01,1728-12-31,ended
7004,1032404,1032405,1710-01-01,1734-12-31,ended
7004,1032406,1032407,1709-01-01,1737-12-31,ended
7004,1032408,1032409,1712-01-01,1745-12-31,ended
7004,1032410,1032411,1709-01-01,1772-12-31,ended
7004,1032412,1032413,1710-01-01,1751-12-31,ended
7004,1032414,1032415,1711-01-01,1751-12-31,ended
7004,1032416,1032417,1712-01-01,1766-12-31,ended
7004,1032418,1032419,1712-01-01,1748-12-31,ended
7004,1032420,1032421,1709-01-01,1768-12-31,ended
7004,1032422,1032423,1709-01-01,1748-12-31,ended
7004,1032424,1032425,1712-01-01,1761-12-31,ended
7004,1032426,1032427,1709-01-01,1742-12-31,ended
7004,1032428,1032429,1712-01-01,1722-12-31,ended
7004,1032430,1032431,1710-01-01,1757-12-31,ended
7004,1032432,1032433,1712-01-01,1733-12-31,ended
7004,1032434,1032435,1709-01-01,1740-12-31,ended
7004,1032436,1032437,1714-01-01,1763-12-31,ended
7004,1032438,1032439,1711-01-01,1743-12-31,ended
7004,1032440,1032441,1711-01-01,1757-12-31,ended
7004,1032442,1032443,1714-01-01,1760-12-31,ended
7004,1032444,1032445,1710-01-01,1738-12-31,ended
7004,1032446,1032447,1715-01-01,1717-12-31,ended
7004,1032448,1032449,1710-01-01,1717-12-31,ended
7004,1032450,1032451,1713-01-01,1746-12-31,ended
7004,1032452,1032453,1712-01-01,1756-12-31,ended
7004,1032454,1032455,1709-01-01,1711-12-31,ended
7004,1032456,1032457,1713-01-01,1716-12-31,ended
7004,1032458,1032459,1712-01-01,1763-12-31,ended
7004,1032460,1032461,1713-01-01,1745-12-31,ended
7004,1032462,1032463,1714-01-01,1772-12-31,ended
7004,1032464,1032465,1710-01-01,1766-12-31,ended
7004,1032466,1032467,1710-01-01,1730-12-31,ended
7004,1032468,1032469,1712-01-01,1728-12-31,ended
7004,1032470,1032471,1711-01-01,1760-12-31,ended
7004,1032472,1032473,1711-01-01,1762-12-31,ended
7004,1032474,1032475,1713-01-01,1775-12-31,ended
7004,1032476,1032477,1713-01-01,1754-12-31,ended
7004,1032478,1032479,1713-01-01,1727-12-31,ended
7004,1032480,1032481,1711-01-01,1753-12-31,ended
7004,1032482,1032483,1713-01-01,1757-12-31,ended
7004,1032484,1032485,1712-01-01,1758-12-31,ended
7004,1032486,1032487,1710-01-01,1739-12-31,ended
7004,1032488,1032489,1711-01-01,1765-12-31,ended
7004,1032490,1032491,1713-01-01,1744-12-31,ended
7004,1032492,1032493,1711-01-01,1744-12-31,ended
7004,1032494,1032495,1733-01-01,1778-12-31,ended
7004,1032496,1032497,1732-01-01,1771-12-31,ended
7004,1032498,1032499,1730-01-01,1751-12-31,ended
7004,1032500,1032501,1735-01-01,1772-12-31,ended
7004,1032502,1032503,1731-01-01,1776-12-31,ended
7004,1032504,1032505,1731-01-01,1762-12-31,ended
7004,1032506,1032507,1735-01-01,1776-12-31,ended
7004,1032508,1032509,1734-01-01,1772-12-31,ended
7004,1032510,1032511,1735-01-01,1812-12-31,ended
7004,1032512,1032513,1730-01-01,1758-12-31,ended
7004,1032514,1032515,1730-01-01,1768-12-31,ended
7004,1032516,1032517,1735-01-01,1767-12-31,ended
7004,1032518,1032519,1731-01-01,1749-12-31,ended
7004,1032520,1032521,1736-01-01,1768-12-31,ended
7004,1032522,1032523,1732-01-01,1768-12-31,ended
7004,1032524,1032525,1733-01-01,1789-12-31,ended
7004,1032526,1032527,1734-01-01,1780-12-31,ended
7004,1032528,1032529,1736-01-01,1754-12-31,ended
7004,1032530,1032531,1735-01-01,1781-12-31,ended
7004,1032532,1032533,1733-01-01,1742-12-31,ended
7004,1032534,1032535,1736-01-01,1766-12-31,ended
7004,1032536,1032537,1736-01-01,1780-12-31,ended
7004,1032538,1032539,1732-01-01,1787-12-31,ended
7004,1032540,1032541,1731-01-01,1790-12-31,ended
7004,1032542,1032543,1732-01-01,1756-12-31,ended
7004,1032544,1032545,1732-01-01,1752-12-31,ended
7004,1032546,1032547,1736-01-01,1809-12-31,ended
7004,1032548,1032549,1733-01-01,1774-12-31,ended
7004,1032550,1032551,1735-01-01,1774-12-31,ended
7004,1032552,1032553,1733-01-01,1756-12-31,ended
7004,1032554,1032555,1731-01-01,1768-12-31,ended
7004,1032556,1032557,1730-01-01,1766-12-31,ended
7004,1032558,1032559,1732-01-01,1735-12-31,ended
7004,1032560,1032561,1731-01-01,1800-12-31,ended
7004,1032562,1032563,1730-01-01,1761-12-31,ended
7004,1032564,1032565,1730-01-01,1754-12-31,ended
7004,1032566,1032567,1734-01-01,1757-12-31,ended
7004,1032568,1032569,1735-01-01,1774-12-31,ended
7004,1032570,1032571,1733-01-01,1803-12-31,ended
7004,1032572,1032573,1731-01-01,1742-12-31,ended
7004,1032574,1032575,1731-01-01,1767-12-31,ended
7004,1032576,1032577,1733-01-01,1767-12-31,ended
7004,1032578,1032579,1730-01-01,1767-12-31,ended
7004,1032580,1032581,1732-01-01,1767-12-31,ended
7004,1032582,1032583,1731-01-01,1763-12-31,ended
7004,1032584,1032585,1730-01-01,1798-12-31,ended
7004,1032586,1032587,1731-01-01,1778-12-31,ended
7004,1032588,1032589,1733-01-01,1733-12-31,ended
7004,1032590,1032591,1735-01-01,1788-12-31,ended
7004,1032592,1032593,1734-01-01,1766-12-31,ended
7004,1032594,1032595,1734-01-01,1797-12-31,ended
7004,1032596,1032597,1732-01-01,1757-12-31,ended
7004,1032598,1032599,1732-01-01,1774-12-31,ended
7004,1032600,1032601,1731-01-01,1802-12-31,ended
7004,1032602,1032603,1734-01-01,1757-12-31,ended
7004,1032604,1032605,1732-01-01,1762-12-31,ended
7004,1032606,1032607,1732-01-01,1769-12-31,ended
7004,1032608,1032609,1730-01-01,1733-12-31,ended
7004,1032610,1032611,1731-01-01,1754-12-31,ended
7004,1032612,1032613,1732-01-01,1774-12-31,ended
7004,1032614,1032615,1731-01-01,1749-12-31,ended
7004,1032616,1032617,1736-01-01,1756-12-31,ended
7004,1032618,1032619,1731-01-01,1786-12-31,ended
7004,1032620,1032621,1730-01-01,1765-12-31,ended
7004,1032622,1032623,1734-01-01,1740-12-31,ended
7004,1032624,1032625,1733-01-01,1773-12-31,ended
7004,1032626,1032627,1732-01-01,1754-12-31,ended
7004,1032628,1032629,1736-01-01,1760-12-31,ended
7004,1032630,1032631,1735-01-01,1810-12-31,ended
7004,1032632,1032633,1732-01-01,1773-12-31,ended
7004,1032634,1032635,1732-01-01,1781-12-31,ended
7004,1032636,1032637,1735-01-01,1756-12-31,ended
7004,1032638,1032639,1730-01-01,1793-12-31,ended
7004,1032640,1032641,1731-01-01,1774-12-31,ended
7004,1032642,1032643,1730-01-01,1766-12-31,ended
7004,1032644,1032645,1732-01-01,1770-12-31,ended
7004,1032646,1032647,1733-01-01,1745-12-31,ended
7004,1032648,1032649,1733-01-01,1769-12-31,ended
7004,1032650,1032651,1736-01-01,1780-12-31,ended
7004,1032652,1032653,1734-01-01,1747-12-31,ended
7004,1032654,1032655,1730-01-01,1780-12-31,ended
7004,1032656,1032657,1731-01-01,1787-12-31,ended
7004,1032658,1032659,1734-01-01,1780-12-31,ended
7004,1032660,1032661,1729-01-01,1795-12-31,ended
7004,1032662,1032663,1735-01-01,1794-12-31,ended
7004,1032664,1032665,1735-01-01,1775-12-31,ended
7004,1032666,1032667,1732-01-01,1782-12-31,ended
7004,1032668,1032669,1731-01-01,1781-12-31,ended
7004,1032670,1032671,1731-01-01,1755-12-31,ended
7004,1032672,1032673,1736-01-01,1778-12-31,ended
7004,1032674,1032675,1732-01-01,1782-12-31,ended
7004,1032676,1032677,1731-01-01,1741-12-31,ended
7004,1032678,1032679,1731-01-01,1777-12-31,ended
7004,1032680,1032681,1731-01-01,1762-12-31,ended
7004,1032682,1032683,1733-01-01,1753-12-31,ended
7004,1032684,1032685,1735-01-01,1743-12-31,ended
7004,1032686,1032687,1734-01-01,1777-12-31,ended
7004,1032688,1032689,1735-01-01,1765-12-31,ended
7004,1032690,1032691,1730-01-01,1747-12-31,ended
7004,1032692,1032693,1734-01-01,1771-12-31,ended
7004,1032694,1032695,1733-01-01,1771-12-31,ended
7004,1032696,1032697,1733-01-01,1772-12-31,ended
7004,1032698,1032699,1730-01-01,1757-12-31,ended
7004,1032700,1032701,1734-01-01,1769-12-31,ended
7004,1032702,1032703,1735-01-01,1743-12-31,ended
7004,1032704,1032705,1731-01-01,1757-12-31,ended
7004,1032706,1032707,1733-01-01,1780-12-31,ended
7004,1032708,1032709,1730-01-01,1775-12-31,ended
7004,1032710,1032711,1730-01-01,1797-12-31,ended
7004,1032712,1032713,1735-01-01,1761-12-31,ended
7004,1032714,1032715,1731-01-01,1788-12-31,ended
7004,1032716,1032717,1736-01-01,1764-12-31,ended
7004,1032718,1032719,1735-01-01,1759-12-31,ended
7004,1032720,1032721,1733-01-01,1784-12-31,ended
7004,1032722,1032723,1732-01-01,1766-12-31,ended
7004,1032724,1032725,1735-01-01,1774-12-31,ended
7004,1032726,1032727,1733-01-01,1772-12-31,ended
7004,1032728,1032729,1734-01-01,1770-12-31,ended
7004,1032730,1032731,1731-01-01,1788-12-31,ended
7004,1032732,1032733,1732-01-01,1775-12-31,ended
7004,1032734,1032735,1735-01-01,1776-12-31,ended
7004,1032736,1032737,1731-01-01,1772-12-31,ended
7004,1032738,1032739,1736-01-01,1744-12-31,ended
7004,1032740,1032741,1731-01-01,1776-12-31,ended
7004,1032742,1032743,1732-01-01,1797-12-31,ended
7004,1032744,1032745,1734-01-01,1752-12-31,ended
7004,1032746,1032747,1731-01-01,1798-12-31,ended
7004,1032748,1032749,1731-01-01,1741-12-31,ended
7004,1032750,1032751,1730-01-01,1805-12-31,ended
7004,1032752,1032753,1733-01-01,1779-12-31,ended
7004,1032754,1032755,1731-01-01,1784-12-31,ended
7004,1032756,1032757,1734-01-01,1768-12-31,ended
7004,1032758,1032759,1735-01-01,1792-12-31,ended
7004,1032760,1032761,1732-01-01,1751-12-31,ended
7004,1032762,1032763,1734-01-01,1775-12-31,ended
7004,1032764,1032765,1735-01-01,1756-12-31,ended
7004,1032766,1032767,1734-01-01,1760-12-31,ended
7004,1032768,1032769,1734-01-01,1741-12-31,ended
7004,1032770,1032771,1730-01-01,1734-12-31,ended
7004,1032772,1032773,1731-01-01,1782-12-31,ended
7004,1032774,1032775,1731-01-01,1756-12-31,ended
7004,1032776,1032777,1736-01-01,1751-12-31,ended
7004,1032778,1032779,1736-01-01,1768-12-31,ended
7004,1032780,1032781,1730-01-01,1761-12-31,ended
7004,1032782,1032783,1735-01-01,1779-12-31,ended
7004,1032784,1032785,1730-01-01,1754-12-31,ended
7004,1032786,1032787,1730-01-01,1775-12-31,ended
7004,1032788,1032789,1734-01-01,1763-12-31,ended
7004,1032790,1032791,1734-01-01,1754-12-31,ended
7004,1032792,1032793,1731-01-01,1761-12-31,ended
7004,1032794,1032795,1733-01-01,1775-12-31,ended
7004,1032796,1032797,1733-01-01,1753-12-31,ended
7004,1032798,1032799,1731-01-01,1785-12-31,ended
7004,1032800,1032801,1733-01-01,1754-12-31,ended
7004,1032802,1032803,1736-01-01,1768-12-31,ended
7004,1032804,1032805,1731-01-01,1792-12-31,ended
7004,1032806,1032807,1756-01-01,1806-12-31,ended
7004,1032806,1032809,1755-01-01,1834-12-31,ended
7004,1032807,1033096,1755-01-01,1806-12-31,ended
7004,1032808,1032809,1757-01-01,1802-12-31,ended
7004,1032808,1032811,1755-01-01,1785-12-31,ended
7004,1032810,1032811,1753-01-01,1759-12-31,ended
7004,1032810,1032813,1751-01-01,1759-12-31,ended
7004,1032812,1032813,1755-01-01,1789-12-31,ended
7004,1032812,1032815,1755-01-01,1789-12-31,ended
7004,1032814,1032815,1754-01-01,1779-12-31,ended
7004,1032814,1032817,1754-01-01,1779-12-31,ended
7004,1032816,1032817,1754-01-01,1777-12-31,ended
7004,1032816,1032819,1752-01-01,1777-12-31,ended
7004,1032818,1032819,1757-01-01,1785-12-31,ended
7004,1032818,1032821,1757-01-01,1785-12-31,ended
7004,1032820,1032821,1752-01-01,1784-12-31,ended
7004,1032820,1032823,1755-01-01,1784-12-31,ended
7004,1032822,1032823,1753-01-01,1786-12-31,ended
7004,1032822,1032825,1751-01-01,1775-12-31,ended
7004,1032824,1032825,1751-01-01,1774-12-31,ended
7004,1032824,1032827,1753-01-01,1774-12-31,ended
7004,1032826,1032827,1752-01-01,1773-12-31,ended
7004,1032826,1032829,1754-01-01,1773-12-31,ended
7004,1032828,1032829,1753-01-01,1787-12-31,ended
7004,1032828,1032831,1757-01-01,1787-12-31,ended
7004,1032830,1032831,1755-01-01,1777-12-31,ended
7004,1032830,1032833,1753-01-01,1777-12-31,ended
7004,1032832,1032833,1752-01-01,1781-12-31,ended
7004,1032832,1032835,1752-01-01,1781-12-31,ended
7004,1032834,1032835,1752-01-01,1786-12-31,ended
7004,1032834,1032837,1752-01-01,1783-12-31,ended
7004,1032836,1032837,1754-01-01,1765-12-31,ended
7004,1032836,1032839,1750-01-01,1765-12-31,ended
7004,1032838,1032839,1753-01-01,1800-12-31,ended
7004,1032838,1032841,1751-01-01,1796-12-31,ended
7004,1032840,1032841,1756-01-01,1771-12-31,ended
7004,1032840,1032843,1756-01-01,1771-12-31,ended
7004,1032842,1032843,1753-01-01,1803-12-31,ended
7004,1032842,1032845,1753-01-01,1784-12-31,ended
7004,1032844,1032845,1757-01-01,1784-12-31,ended
7004,1032844,1032847,1755-01-01,1804-12-31,ended
7004,1032846,1032847,1753-01-01,1783-12-31,ended
7004,1032846,1032849,1751-01-01,1760-12-31,ended
7004,1032848,1032849,1755-01-01,1760-12-31,ended
7004,1032848,1032851,1749-01-01,1796-12-31,ended
7004,1032850,1032851,1757-01-01,1797-12-31,ended
7004,1032850,1032853,1754-01-01,1797-12-31,ended
7004,1032852,1032853,1753-01-01,1769-12-31,ended
7004,1032852,1032855,1751-01-01,1769-12-31,ended
7004,1032854,1032855,1754-01-01,1824-12-31,ended
7004,1032854,1032857,1751-01-01,1817-12-31,ended
7004,1032856,1032857,1756-01-01,1800-12-31,ended
7004,1032856,1032859,1753-01-01,1770-12-31,ended
7004,1032858,1032859,1757-01-01,1770-12-31,ended
7004,1032858,1032861,1757-01-01,1811-12-31,ended
7004,1032860,1032861,1755-01-01,1802-12-31,ended
7004,1032860,1032863,1756-01-01,1778-12-31,ended
7004,1032862,1032863,1753-01-01,1778-12-31,ended
7004,1032862,1032865,1754-01-01,1787-12-31,ended
7004,1032864,1032865,1755-01-01,1787-12-31,ended
7004,1032864,1032867,1753-01-01,1811-12-31,ended
7004,1032866,1032867,1751-01-01,1795-12-31,ended
7004,1032866,1032869,1751-01-01,1776-12-31,ended
7004,1032868,1032869,1754-01-01,1776-12-31,ended
7004,1032868,1032871,1755-01-01,1794-12-31,ended
7004,1032870,1032871,1757-01-01,1794-12-31,ended
7004,1032870,1032873,1751-01-01,1800-12-31,ended
7004,1032872,1032873,1757-01-01,1792-12-31,ended
7004,1032872,1032875,1751-01-01,1792-12-31,ended
7004,1032874,1032875,1751-01-01,1794-12-31,ended
7004,1032874,1032877,1753-01-01,1784-12-31,ended
7004,1032876,1032877,1754-01-01,1784-12-31,ended
7004,1032876,1032879,1752-01-01,1786-12-31,ended
7004,1032878,1032879,1752-01-01,1786-12-31,ended
7004,1032878,1032881,1753-01-01,1787-12-31,ended
7004,1032880,1032881,1753-01-01,1783-12-31,ended
7004,1032880,1032883,1751-01-01,1783-12-31,ended
7004,1032882,1032883,1754-01-01,1785-12-31,ended
7004,1032882,1032885,1755-01-01,1785-12-31,ended
7004,1032884,1032885,1754-01-01,1800-12-31,ended
7004,1032884,1032887,1752-01-01,1784-12-31,ended
7004,1032886,1032887,1757-01-01,1784-12-31,ended
7004,1032886,1032889,1750-01-01,1807-12-31,ended
7004,1032888,1032889,1753-01-01,1787-12-31,ended
7004,1032888,1032891,1757-01-01,1787-12-31,ended
7004,1032890,1032891,1756-01-01,1786-12-31,ended
7004,1032890,1032893,1754-01-01,1784-12-31,ended
7004,1032892,1032893,1751-01-01,1784-12-31,ended
7004,1032892,1032895,1755-01-01,1824-12-31,ended
7004,1032894,1032895,1756-01-01,1809-12-31,ended
7004,1032894,1032897,1754-01-01,1767-12-31,ended
7004,1032896,1032897,1751-01-01,1767-12-31,ended
7004,1032896,1032899,1751-01-01,1794-12-31,ended
7004,1032898,1032899,1751-01-01,1776-12-31,ended
7004,1032898,1032901,1753-01-01,1776-12-31,ended
7004,1032900,1032901,1755-01-01,1802-12-31,ended
7004,1032900,1032903,1754-01-01,1802-12-31,ended
7004,1032902,1032903,1752-01-01,1800-12-31,ended
7004,1032902,1032905,1751-01-01,1800-12-31,ended
7004,1032904,1032905,1753-01-01,1797-12-31,ended
7004,1032904,1032907,1753-01-01,1777-12-31,ended
7004,1032906,1032907,1756-01-01,1777-12-31,ended
7004,1032906,1032909,1753-01-01,1816-12-31,ended
7004,1032908,1032909,1753-01-01,1812-12-31,ended
7004,1032908,1032911,1753-01-01,1787-12-31,ended
7004,1032910,1032911,1757-01-01,1787-12-31,ended
7004,1032910,1032913,1756-01-01,1808-12-31,ended
7004,1032912,1032913,1755-01-01,1821-12-31,ended
7004,1032912,1032915,1754-01-01,1819-12-31,ended
7004,1032914,1032915,1752-01-01,1808-12-31,ended
7004,1032914,1032917,1755-01-01,1808-12-31,ended
7004,1032916,1032917,1755-01-01,1777-12-31,ended
7004,1032916,1032919,1755-01-01,1777-12-31,ended
7004,1032918,1032919,1756-01-01,1784-12-31,ended
7004,1032918,1032921,1752-01-01,1784-12-31,ended
7004,1032920,1032921,1756-01-01,1790-12-31,ended
7004,1032920,1032923,1752-01-01,1790-12-31,ended
7004,1032922,1032923,1754-01-01,1787-12-31,ended
7004,1032922,1032925,1753-01-01,1787-12-31,ended
7004,1032924,1032925,1755-01-01,1799-12-31,ended
7004,1032924,1032927,1751-01-01,1796-12-31,ended
7004,1032926,1032927,1756-01-01,1796-12-31,ended
7004,1032926,1032929,1754-01-01,1793-12-31,ended
7004,1032928,1032929,1754-01-01,1793-12-31,ended
7004,1032928,1032931,1756-01-01,1784-12-31,ended
7004,1032930,1032931,1753-01-01,1784-12-31,ended
7004,1032930,1032933,1756-01-01,1787-12-31,ended
7004,1032932,1032933,1750-01-01,1786-12-31,ended
7004,1032932,1032935,1754-01-01,1774-12-31,ended
7004,1032934,1032935,1756-01-01,1774-12-31,ended
7004,1032934,1032937,1751-01-01,1783-12-31,ended
7004,1032936,1032937,1753-01-01,1800-12-31,ended
7004,1032936,1032939,1753-01-01,1778-12-31,ended
7004,1032938,1032939,1751-01-01,1778-12-31,ended
7004,1032938,1032941,1754-01-01,1805-12-31,ended
7004,1032940,1032941,1754-01-01,1805-12-31,ended
7004,1032940,1032943,1754-01-01,1792-12-31,ended
7004,1032942,1032943,1755-01-01,1792-12-31,ended
7004,1032942,1032945,1751-01-01,1801-12-31,ended
7004,1032944,1032945,1751-01-01,1806-12-31,ended
7004,1032944,1032947,1755-01-01,1806-12-31,ended
7004,1032946,1032947,1754-01-01,1788-12-31,ended
7004,1032946,1032949,1752-01-01,1788-12-31,ended
7004,1032948,1032949,1754-01-01,1826-12-31,ended
7004,1032948,1032951,1753-01-01,1766-12-31,ended
7004,1032950,1032951,1752-01-01,1766-12-31,ended
7004,1032950,1032953,1751-01-01,1782-12-31,ended
7004,1032952,1032953,1753-01-01,1767-12-31,ended
7004,1032952,1032955,1752-01-01,1767-12-31,ended
7004,1032954,1032955,1755-01-01,1799-12-31,ended
7004,1032954,1032957,1752-01-01,1775-12-31,ended
7004,1032956,1032957,1754-01-01,1775-12-31,ended
7004,1032956,1032959,1755-01-01,1778-12-31,ended
7004,1032958,1032959,1754-01-01,1798-12-31,ended
7004,1032958,1032961,1752-01-01,1798-12-31,ended
7004,1032960,1032961,1753-01-01,1782-12-31,ended
7004,1032960,1032963,1754-01-01,1782-12-31,ended
7004,1032962,1032963,1752-01-01,1804-12-31,ended
7004,1032962,1032965,1757-01-01,1804-12-31,ended
7004,1032964,1032965,1757-01-01,1758-12-31,ended
7004,1032964,1032967,1753-01-01,1758-12-31,ended
7004,1032966,1032967,1754-01-01,1787-12-31,ended
7004,1032966,1032969,1757-01-01,1799-12-31,ended
7004,1032968,1032969,1752-01-01,1799-12-31,ended
7004,1032968,1032971,1754-01-01,1793-12-31,ended
7004,1032970,1032971,1751-01-01,1793-12-31,ended
7004,1032970,1032973,1754-01-01,1802-12-31,ended
7004,1032972,1032973,1752-01-01,1794-12-31,ended
7004,1032972,1032975,1752-01-01,1794-12-31,ended
7004,1032974,1032975,1752-01-01,1803-12-31,ended
7004,1032974,1032977,1751-01-01,1796-12-31,ended
7004,1032976,1032977,1753-01-01,1786-12-31,ended
7004,1032976,1032979,1755-01-01,1786-12-31,ended
7004,1032978,1032979,1753-01-01,1784-12-31,ended
7004,1032978,1032981,1752-01-01,1784-12-31,ended
7004,1032980,1032981,1752-01-01,1796-12-31,ended
7004,1032980,1032983,1753-01-01,1774-12-31,ended
7004,1032982,1032983,1752-01-01,1774-12-31,ended
7004,1032982,1032985,1756-01-01,1790-12-31,ended
7004,1032984,1032985,1751-01-01,1784-12-31,ended
7004,1032984,1032987,1753-01-01,1784-12-31,ended
7004,1032986,1032987,1754-01-01,1800-12-31,ended
7004,1032986,1032989,1754-01-01,1810-12-31,ended
7004,1032988,1032989,1754-01-01,1819-12-31,ended
7004,1032988,1032991,1754-01-01,1785-12-31,ended
7004,1032990,1032991,1753-01-01,1785-12-31,ended
7004,1032990,1032993,1751-01-01,1801-12-31,ended
7004,1032992,1032993,1754-01-01,1801-12-31,ended
7004,1032992,1032995,1751-01-01,1811-12-31,ended
7004,1032994,1032995,1754-01-01,1786-12-31,ended
7004,1032994,1032997,1751-01-01,1786-12-31,ended
7004,1032996,1032997,1755-01-01,1814-12-31,ended
7004,1032996,1032999,1754-01-01,1823-12-31,ended
7004,1032998,1032999,1757-01-01,1818-12-31,ended
7004,1032998,1033001,1754-01-01,1818-12-31,ended
7004,1033000,1033001,1752-01-01,1808-12-31,ended
7004,1033000,1033003,1753-01-01,1783-12-31,ended
7004,1033002,1033003,1753-01-01,1783-12-31,ended
7004,1033002,1033005,1753-01-01,1791-12-31,ended
7004,1033004,1033005,1751-01-01,1763-12-31,ended
7004,1033004,1033007,1753-01-01,1763-12-31,ended
7004,1033006,1033007,1756-01-01,1786-12-31,ended
7004,1033006,1033009,1753-01-01,1775-12-31,ended
7004,1033008,1033009,1756-01-01,1759-12-31,ended
7004,1033008,1033011,1753-01-01,1759-12-31,ended
7004,1033010,1033011,1757-01-01,1804-12-31,ended
7004,1033010,1033013,1753-01-01,1802-12-31,ended
7004,1033012,1033013,1751-01-01,1789-12-31,ended
7004,1033012,1033015,1756-01-01,1789-12-31,ended
7004,1033014,1033015,1752-01-01,1825-12-31,ended
7004,1033014,1033017,1753-01-01,1784-12-31,ended
7004,1033016,1033017,1755-01-01,1784-12-31,ended
7004,1033016,1033019,1753-01-01,1790-12-31,ended
7004,1033018,1033019,1755-01-01,1763-12-31,ended
7004,1033018,1033021,1752-01-01,1763-12-31,ended
7004,1033020,1033021,1753-01-01,1791-12-31,ended
7004,1033020,1033023,1754-01-01,1791-12-31,ended
7004,1033022,1033023,1754-01-01,1787-12-31,ended
7004,1033022,1033025,1756-01-01,1782-12-31,ended
7004,1033024,1033025,1755-01-01,1782-12-31,ended
7004,1033024,1033027,1754-01-01,1786-12-31,ended
7004,1033026,1033027,1751-01-01,1790-12-31,ended
7004,1033026,1033029,1753-01-01,1800-12-31,ended
7004,1033028,1033029,1755-01-01,1763-12-31,ended
7004,1033028,1033031,1753-01-01,1763-12-31,ended
7004,1033030,1033031,1752-01-01,1774-12-31,ended
7004,1033030,1033033,1755-01-01,1774-12-31,ended
7004,1033032,1033033,1753-01-01,1779-12-31,ended
7004,1033032,1033035,1754-01-01,1779-12-31,ended
7004,1033034,1033035,1753-01-01,1801-12-31,ended
7004,1033034,1033037,1751-01-01,1769-12-31,ended
7004,1033036,1033037,1750-01-01,1769-12-31,ended
7004,1033036,1033039,1752-01-01,1790-12-31,ended
7004,1033038,1033039,1751-01-01,1785-12-31,ended
7004,1033038,1033041,1756-01-01,1785-12-31,ended
7004,1033040,1033041,1756-01-01,1806-12-31,ended
7004,1033040,1033043,1754-01-01,1790-12-31,ended
7004,1033042,1033043,1756-01-01,1790-12-31,ended
7004,1033042,1033045,1753-01-01,1772-12-31,ended
7004,1033044,1033045,1757-01-01,1772-12-31,ended
7004,1033044,1033047,1751-01-01,1802-12-31,ended
7004,1033046,1033047,1754-01-01,1802-12-31,ended
7004,1033046,1033049,1754-01-01,1805-12-31,ended
7004,1033048,1033049,1751-01-01,1777-12-31,ended
7004,1033048,1033051,1756-01-01,1777-12-31,ended
7004,1033050,1033051,1756-01-01,1799-12-31,ended
7004,1033050,1033053,1755-01-01,1772-12-31,ended
7004,1033052,1033053,1757-01-01,1772-12-31,ended
7004,1033052,1033055,1755-01-01,1796-12-31,ended
7004,1033054,1033055,1752-01-01,1796-12-31,ended
7004,1033054,1033057,1752-01-01,1804-12-31,ended
7004,1033056,1033057,1755-01-01,1778-12-31,ended
7004,1033058,1033059,1754-01-01,1761-12-31,ended
7004,1033060,1033061,1753-01-01,1792-12-31,ended
7004,1033062,1033063,1753-01-01,1816-12-31,ended
7004,1033064,1033065,1754-01-01,1794-12-31,ended
7004,1033066,1033067,1754-01-01,1811-12-31,ended
7004,1033068,1033069,1753-01-01,1774-12-31,ended
7004,1033070,1033071,1753-01-01,1805-12-31,ended
7004,1033072,1033073,1755-01-01,1769-12-31,ended
7004,1033074,1033075,1753-01-01,1777-12-31,ended
7004,1033076,1033077,1751-01-01,1797-12-31,ended
7004,1033078,1033079,1752-01-01,1795-12-31,ended
7004,1033080,1033081,1755-01-01,1792-12-31,ended
7004,1033082,1033083,1755-01-01,1807-12-31,ended
7004,1033084,1033085,1752-01-01,1771-12-31,ended
7004,1033086,1033087,1752-01-01,1774-12-31,ended
7004,1033088,1033089,1754-01-01,1789-12-31,ended
7004,1033090,1033091,1751-01-01,1775-12-31,ended
7004,1033092,1033093,1753-01-01,1784-12-31,ended
7004,1033094,1033095,1757-01-01,1768-12-31,ended
7004,1033097,1033098,1775-01-01,1794-12-31,ended
7004,1033097,1033100,1775-01-01,1809-12-31,ended
7004,1033098,1033367,1777-01-01,1794-12-31,ended
7004,1033099,1033100,1776-01-01,1801-12-31,ended
7004,1033099,1033102,1777-01-01,1801-12-31,ended
7004,1033101,1033102,1774-01-01,1824-12-31,ended
7004,1033101,1033104,1773-01-01,1824-12-31,ended
7004,1033103,1033104,1775-01-01,1812-12-31,ended
7004,1033103,1033106,1772-01-01,1789-12-31,ended
7004,1033105,1033106,1774-01-01,1789-12-31,ended
7004,1033105,1033108,1772-01-01,1828-12-31,ended
7004,1033107,1033108,1773-01-01,1819-12-31,ended
7004,1033107,1033110,1772-01-01,1795-12-31,ended
7004,1033109,1033110,1777-01-01,1795-12-31,ended
7004,1033109,1033112,1772-01-01,1837-12-31,ended
7004,1033111,1033112,1774-01-01,1815-12-31,ended
7004,1033111,1033114,1774-01-01,1815-12-31,ended
7004,1033113,1033114,1777-01-01,1821-12-31,ended
7004,1033113,1033116,1772-01-01,1830-12-31,ended
7004,1033115,1033116,1774-01-01,1830-12-31,ended
7004,1033115,1033118,1772-01-01,1820-12-31,ended
7004,1033117,1033118,1772-01-01,1820-12-31,ended
7004,1033117,1033120,1775-01-01,1820-12-31,ended
7004,1033119,1033120,1777-01-01,1820-12-31,ended
7004,1033119,1033122,1777-01-01,1832-12-31,ended
7004,1033121,1033122,1776-01-01,1832-12-31,ended
7004,1033121,1033124,1778-01-01,1801-12-31,ended
7004,1033123,1033124,1773-01-01,1800-12-31,ended
7004,1033123,1033126,1776-01-01,1800-12-31,ended
7004,1033125,1033126,1776-01-01,1804-12-31,ended
7004,1033125,1033128,1772-01-01,1804-12-31,ended
7004,1033127,1033128,1772-01-01,1799-12-31,ended
7004,1033127,1033130,1775-01-01,1799-12-31,ended
7004,1033129,1033130,1776-01-01,1820-12-31,ended
7004,1033129,1033132,1776-01-01,1806-12-31,ended
7004,1033131,1033132,1777-01-01,1791-12-31,ended
7004,1033131,1033134,1777-01-01,1791-12-31,ended
7004,1033133,1033134,1773-01-01,1814-12-31,ended
7004,1033133,1033136,1773-01-01,1807-12-31,ended
7004,1033135,1033136,1773-01-01,1791-12-31,ended
7004,1033135,1033138,1772-01-01,1791-12-31,ended
7004,1033137,1033138,1777-01-01,1815-12-31,ended
7004,1033137,1033140,1778-01-01,1815-12-31,ended
7004,1033139,1033140,1772-01-01,1828-12-31,ended
7004,1033139,1033142,1777-01-01,1836-12-31,ended
7004,1033141,1033142,1777-01-01,1788-12-31,ended
7004,1033141,1033144,1772-01-01,1788-12-31,ended
7004,1033143,1033144,1776-01-01,1807-12-31,ended
7004,1033143,1033146,1772-01-01,1790-12-31,ended
7004,1033145,1033146,1775-01-01,1787-12-31,ended
7004,1033145,1033148,1772-01-01,1787-12-31,ended
7004,1033147,1033148,1775-01-01,1824-12-31,ended
7004,1033147,1033150,1778-01-01,1811-12-31,ended
7004,1033149,1033150,1777-01-01,1811-12-31,ended
7004,1033149,1033152,1773-01-01,1826-12-31,ended
7004,1033151,1033152,1772-01-01,1781-12-31,ended
7004,1033151,1033154,1776-01-01,1781-12-31,ended
7004,1033153,1033154,1775-01-01,1807-12-31,ended
7004,1033153,1033156,1775-01-01,1807-12-31,ended
7004,1033155,1033156,1778-01-01,1830-12-31,ended
7004,1033155,1033158,1773-01-01,1815-12-31,ended
7004,1033157,1033158,1776-01-01,1815-12-31,ended
7004,1033157,1033160,1776-01-01,1811-12-31,ended
7004,1033159,1033160,1776-01-01,1783-12-31,ended
7004,1033159,1033162,1772-01-01,1783-12-31,ended
7004,1033161,1033162,1772-01-01,1796-12-31,ended
7004,1033161,1033164,1778-01-01,1832-12-31,ended
7004,1033163,1033164,1774-01-01,1832-12-31,ended
7004,1033163,1033166,1777-01-01,1812-12-31,ended
7004,1033165,1033166,1777-01-01,1812-12-31,ended
7004,1033165,1033168,1775-01-01,1794-12-31,ended
7004,1033167,1033168,1773-01-01,1794-12-31,ended
7004,1033167,1033170,1773-01-01,1827-12-31,ended
7004,1033169,1033170,1772-01-01,1818-12-31,ended
7004,1033169,1033172,1773-01-01,1818-12-31,ended
7004,1033171,1033172,1773-01-01,1797-12-31,ended
7004,1033171,1033174,1774-01-01,1797-12-31,ended
7004,1033173,1033174,1777-01-01,1815-12-31,ended
7004,1033173,1033176,1774-01-01,1834-12-31,ended
7004,1033175,1033176,1776-01-01,1819-12-31,ended
7004,1033175,1033178,1771-01-01,1819-12-31,ended
7004,1033177,1033178,1776-01-01,1824-12-31,ended
7004,1033177,1033180,1776-01-01,1806-12-31,ended
7004,1033179,1033180,1773-01-01,1806-12-31,ended
7004,1033179,1033182,1776-01-01,1818-12-31,ended
7004,1033181,1033182,1774-01-01,1806-12-31,ended
7004,1033181,1033184,1774-01-01,1806-12-31,ended
7004,1033183,1033184,1772-01-01,1809-12-31,ended
7004,1033183,1033186,1773-01-01,1809-12-31,ended
7004,1033185,1033186,1774-01-01,1809-12-31,ended
7004,1033185,1033188,1772-01-01,1805-12-31,ended
7004,1033187,1033188,1773-01-01,1805-12-31,ended
7004,1033187,1033190,1775-01-01,1828-12-31,ended
7004,1033189,1033190,1774-01-01,1828-12-31,ended
7004,1033189,1033192,1777-01-01,1777-12-31,ended
7004,1033191,1033192,1772-01-01,1776-12-31,ended
7004,1033191,1033194,1778-01-01,1803-12-31,ended
7004,1033193,1033194,1773-01-01,1782-12-31,ended
7004,1033193,1033196,1772-01-01,1782-12-31,ended
7004,1033195,1033196,1776-01-01,1819-12-31,ended
7004,1033195,1033198,1776-01-01,1819-12-31,ended
7004,1033197,1033198,1775-01-01,1803-12-31,ended
7004,1033197,1033200,1775-01-01,1803-12-31,ended
7004,1033199,1033200,1776-01-01,1811-12-31,ended
7004,1033199,1033202,1776-01-01,1828-12-31,ended
7004,1033201,1033202,1775-01-01,1818-12-31,ended
7004,1033201,1033204,1774-01-01,1818-12-31,ended
7004,1033203,1033204,1776-01-01,1808-12-31,ended
7004,1033203,1033206,1777-01-01,1802-12-31,ended
7004,1033205,1033206,1778-01-01,1785-12-31,ended
7004,1033205,1033208,1772-01-01,1785-12-31,ended
7004,1033207,1033208,1774-01-01,1804-12-31,ended
7004,1033207,1033210,1773-01-01,1844-12-31,ended
7004,1033209,1033210,1773-01-01,1826-12-31,ended
7004,1033209,1033212,1771-01-01,1807-12-31,ended
7004,1033211,1033212,1776-01-01,1807-12-31,ended
7004,1033211,1033214,1772-01-01,1800-12-31,ended
7004,1033213,1033214,1775-01-01,1800-12-31,ended
7004,1033213,1033216,1776-01-01,1806-12-31,ended
7004,1033215,1033216,1772-01-01,1817-12-31,ended
7004,1033215,1033218,1774-01-01,1828-12-31,ended
7004,1033217,1033218,1772-01-01,1828-12-31,ended
7004,1033217,1033220,1776-01-01,1821-12-31,ended
7004,1033219,1033220,1773-01-01,1804-12-31,ended
7004,1033219,1033222,1772-01-01,1787-12-31,ended
7004,1033221,1033222,1775-01-01,1787-12-31,ended
7004,1033221,1033224,1777-01-01,1796-12-31,ended
7004,1033223,1033224,1777-01-01,1796-12-31,ended
7004,1033223,1033226,1776-01-01,1821-12-31,ended
7004,1033225,1033226,1778-01-01,1805-12-31,ended
7004,1033225,1033228,1776-01-01,1805-12-31,ended
7004,1033227,1033228,1775-01-01,1813-12-31,ended
7004,1033227,1033230,1774-01-01,1806-12-31,ended
7004,1033229,1033230,1774-01-01,1806-12-31,ended
7004,1033229,1033232,1774-01-01,1795-12-31,ended
7004,1033231,1033232,1775-01-01,1795-12-31,ended
7004,1033231,1033234,1772-01-01,1828-12-31,ended
7004,1033233,1033234,1778-01-01,1815-12-31,ended
7004,1033233,1033236,1775-01-01,1815-12-31,ended
7004,1033235,1033236,1774-01-01,1834-12-31,ended
7004,1033235,1033238,1774-01-01,1825-12-31,ended
7004,1033237,1033238,1773-01-01,1812-12-31,ended
7004,1033237,1033240,1773-01-01,1778-12-31,ended
7004,1033239,1033240,1774-01-01,1778-12-31,ended
7004,1033239,1033242,1773-01-01,1791-12-31,ended
7004,1033241,1033242,1772-01-01,1791-12-31,ended
7004,1033241,1033244,1773-01-01,1824-12-31,ended
7004,1033243,1033244,1772-01-01,1802-12-31,ended
7004,1033243,1033246,1776-01-01,1802-12-31,ended
7004,1033245,1033246,1775-01-01,1793-12-31,ended
7004,1033245,1033248,1772-01-01,1793-12-31,ended
7004,1033247,1033248,1774-01-01,1807-12-31,ended
7004,1033247,1033250,1774-01-01,1807-12-31,ended
7004,1033249,1033250,1777-01-01,1819-12-31,ended
7004,1033249,1033252,1775-01-01,1819-12-31,ended
7004,1033251,1033252,1772-01-01,1786-12-31,ended
7004,1033251,1033254,1773-01-01,1786-12-31,ended
7004,1033253,1033254,1774-01-01,1823-12-31,ended
7004,1033253,1033256,1773-01-01,1818-12-31,ended
7004,1033255,1033256,1776-01-01,1799-12-31,ended
7004,1033255,1033258,1775-01-01,1799-12-31,ended
7004,1033257,1033258,1774-01-01,1813-12-31,ended
7004,1033257,1033260,1777-01-01,1799-12-31,ended
7004,1033259,1033260,1775-01-01,1799-12-31,ended
7004,1033259,1033262,1776-01-01,1822-12-31,ended
7004,1033261,1033262,1772-01-01,1790-12-31,ended
7004,1033261,1033264,1775-01-01,1790-12-31,ended
7004,1033263,1033264,1774-01-01,1794-12-31,ended
7004,1033263,1033266,1773-01-01,1794-12-31,ended
7004,1033265,1033266,1776-01-01,1816-12-31,ended
7004,1033265,1033268,1776-01-01,1816-12-31,ended
7004,1033267,1033268,1775-01-01,1786-12-31,ended
7004,1033267,1033270,1773-01-01,1786-12-31,ended
7004,1033269,1033270,1775-01-01,1827-12-31,ended
7004,1033269,1033272,1773-01-01,1827-12-31,ended
7004,1033271,1033272,1774-01-01,1825-12-31,ended
7004,1033271,1033274,1772-01-01,1825-12-31,ended
7004,1033273,1033274,1774-01-01,1795-12-31,ended
7004,1033273,1033276,1776-01-01,1795-12-31,ended
7004,1033275,1033276,1774-01-01,1803-12-31,ended
7004,1033275,1033278,1771-01-01,1803-12-31,ended
7004,1033277,1033278,1775-01-01,1830-12-31,ended
7004,1033277,1033280,1776-01-01,1813-12-31,ended
7004,1033279,1033280,1775-01-01,1813-12-31,ended
7004,1033279,1033282,1778-01-01,1813-12-31,ended
7004,1033281,1033282,1776-01-01,1808-12-31,ended
7004,1033281,1033284,1777-01-01,1802-12-31,ended
7004,1033283,1033284,1775-01-01,1776-12-31,ended
7004,1033283,1033286,1776-01-01,1776-12-31,ended
7004,1033285,1033286,1774-01-01,1812-12-31,ended
7004,1033285,1033288,1775-01-01,1812-12-31,ended
7004,1033287,1033288,1778-01-01,1794-12-31,ended
7004,1033287,1033290,1775-01-01,1794-12-31,ended
7004,1033289,1033290,1777-01-01,1829-12-31,ended
7004,1033289,1033292,1775-01-01,1849-12-31,ended
7004,1033291,1033292,1778-01-01,1820-12-31,ended
7004,1033291,1033294,1777-01-01,1820-12-31,ended
7004,1033293,1033294,1772-01-01,1821-12-31,ended
7004,1033293,1033296,1778-01-01,1821-12-31,ended
7004,1033295,1033296,1776-01-01,1783-12-31,ended
7004,1033295,1033298,1776-01-01,1783-12-31,ended
7004,1033297,1033298,1772-01-01,1802-12-31,ended
7004,1033297,1033300,1777-01-01,1802-12-31,ended
7004,1033299,1033300,1775-01-01,1835-12-31,ended
7004,1033299,1033302,1771-01-01,1834-12-31,ended
7004,1033301,1033302,1777-01-01,1834-12-31,ended
7004,1033301,1033304,1777-01-01,1815-12-31,ended
7004,1033303,1033304,1774-01-01,1815-12-31,ended
7004,1033303,1033306,1777-01-01,1819-12-31,ended
7004,1033305,1033306,1776-01-01,1791-12-31,ended
7004,1033305,1033308,1778-01-01,1786-12-31,ended
7004,1033307,1033308,1774-01-01,1786-12-31,ended
7004,1033307,1033310,1774-01-01,1824-12-31,ended
7004,1033309,1033310,1773-01-01,1824-12-31,ended
7004,1033309,1033312,1776-01-01,1810-12-31,ended
7004,1033311,1033312,1775-01-01,1788-12-31,ended
7004,1033311,1033314,1775-01-01,1788-12-31,ended
7004,1033313,1033314,1777-01-01,1817-12-31,ended
7004,1033313,1033316,1773-01-01,1822-12-31,ended
7004,1033315,1033316,1773-01-01,1840-12-31,ended
7004,1033315,1033318,1773-01-01,1840-12-31,ended
7004,1033317,1033318,1778-01-01,1811-12-31,ended
7004,1033317,1033320,1775-01-01,1811-12-31,ended
7004,1033319,1033320,1773-01-01,1830-12-31,ended
7004,1033319,1033322,1776-01-01,1821-12-31,ended
7004,1033321,1033322,1774-01-01,1815-12-31,ended
7004,1033321,1033324,1773-01-01,1815-12-31,ended
7004,1033323,1033324,1773-01-01,1797-12-31,ended
7004,1033323,1033326,1772-01-01,1797-12-31,ended
7004,1033325,1033326,1773-01-01,1787-12-31,ended
7004,1033327,1033328,1774-01-01,1827-12-31,ended
7004,1033329,1033330,1775-01-01,1838-12-31,ended
7004,1033331,1033332,1775-01-01,1822-12-31,ended
7004,1033333,1033334,1774-01-01,1813-12-31,ended
7004,1033335,1033336,1773-01-01,1809-12-31,ended
7004,1033337,1033338,1772-01-01,1818-12-31,ended
7004,1033339,1033340,1775-01-01,1795-12-31,ended
7004,1033341,1033342,1777-01-01,1834-12-31,ended
7004,1033343,1033344,1777-01-01,1801-12-31,ended
7004,1033345,1033346,1775-01-01,1833-12-31,ended
7004,1033347,1033348,1778-01-01,1824-12-31,ended
7004,1033349,1033350,1775-01-01,1826-12-31,ended
7004,1033351,1033352,1777-01-01,1822-12-31,ended
7004,1033353,1033354,1774-01-01,1802-12-31,ended
7004,1033355,1033356,1772-01-01,1811-12-31,ended
7004,1033357,1033358,1776-01-01,1810-12-31,ended
7004,1033359,1033360,1774-01-01,1820-12-31,ended
7004,1033361,1033362,1772-01-01,1809-12-31,ended
7004,1033363,1033364,1775-01-01,1817-12-31,ended
7004,1033365,1033366,1773-01-01,1831-12-31,ended
7004,1033368,1033369,1794-01-01,1817-12-31,ended
7004,1033370,1033371,1799-01-01,1818-12-31,ended
7004,1033372,1033373,1794-01-01,1828-12-31,ended
7004,1033374,1033375,1794-01-01,1807-12-31,ended
7004,1033376,1033377,1795-01-01,1829-12-31,ended
7004,1033378,1033379,1799-01-01,1801-12-31,ended
7004,1033380,1033381,1795-01-01,1814-12-31,ended
7004,1033382,1033383,1798-01-01,1831-12-31,ended
7004,1033384,1033385,1798-01-01,1832-12-31,ended
7004,1033386,1033387,1794-01-01,1840-12-31,ended
7004,1033388,1033389,1796-01-01,1806-12-31,ended
7004,1033390,1033391,1793-01-01,1815-12-31,ended
7004,1033392,1033393,1797-01-01,1800-12-31,ended
7004,1033394,1033395,1795-01-01,1831-12-31,ended
7004,1033396,1033397,1798-01-01,1808-12-31,ended
7004,1033398,1033399,1793-01-01,1847-12-31,ended
7004,1033400,1033401,1795-01-01,1826-12-31,ended
7004,1033402,1033403,1798-01-01,1804-12-31,ended
7004,1033404,1033405,1798-01-01,1841-12-31,ended
7004,1033406,1033407,1799-01-01,1845-12-31,ended
7004,1033408,1033409,1793-01-01,1848-12-31,ended
7004,1033410,1033411,1794-01-01,1801-12-31,ended
7004,1033412,1033413,1793-01-01,1819-12-31,ended
7004,1033414,1033415,1796-01-01,1814-12-31,ended
7004,1033416,1033417,1795-01-01,1832-12-31,ended
7004,1033418,1033419,1793-01-01,1833-12-31,ended
7004,1033420,1033421,1796-01-01,1818-12-31,ended
7004,1033422,1033423,1798-01-01,1811-12-31,ended
7004,1033424,1033425,1796-01-01,1839-12-31,ended
7004,1033426,1033427,1797-01-01,1818-12-31,ended
7004,1033428,1033429,1796-01-01,1844-12-31,ended
7004,1033430,1033431,1796-01-01,1806-12-31,ended
7004,1033432,1033433,1796-01-01,1835-12-31,ended
7004,1033434,1033435,1794-01-01,1839-12-31,ended
7004,1033436,1033437,1799-01-01,1859-12-31,ended
7004,1033438,1033439,1799-01-01,1835-12-31,ended
7004,1033440,1033441,1794-01-01,1834-12-31,ended
7004,1033442,1033443,1795-01-01,1827-12-31,ended
7004,1033444,1033445,1798-01-01,1825-12-31,ended
7004,1033446,1033447,1797-01-01,1843-12-31,ended
7004,1033448,1033449,1794-01-01,1822-12-31,ended
7004,1033450,1033451,1797-01-01,1813-12-31,ended
7004,1033452,1033453,1799-01-01,1827-12-31,ended
7004,1033454,1033455,1796-01-01,1831-12-31,ended
7004,1033456,1033457,1796-01-01,1832-12-31,ended
7004,1033458,1033459,1797-01-01,1838-12-31,ended
7004,1033460,1033461,1795-01-01,1838-12-31,ended
7004,1033462,1033463,1795-01-01,1834-12-31,ended
7004,1033464,1033465,1796-01-01,1852-12-31,ended
7004,1033466,1033467,1798-01-01,1831-12-31,ended
7004,1033468,1033469,1793-01-01,1806-12-31,ended
7004,1033470,1033471,1798-01-01,1839-12-31,ended
7004,1033472,1033473,1794-01-01,1862-12-31,ended
7004,1033474,1033475,1794-01-01,1830-12-31,ended
7004,1033476,1033477,1798-01-01,1852-12-31,ended
7004,1033478,1033479,1795-01-01,1805-12-31,ended
7004,1033480,1033481,1794-01-01,1851-12-31,ended
7004,1033482,1033483,1793-01-01,1841-12-31,ended
7004,1033484,1033485,1793-01-01,1815-12-31,ended
7004,1033486,1033487,1796-01-01,1815-12-31,ended
7004,1033488,1033489,1798-01-01,1848-12-31,ended
7004,1033490,1033491,1799-01-01,1857-12-31,ended
7004,1033492,1033493,1799-01-01,1820-12-31,ended
7004,1033494,1033495,1796-01-01,1832-12-31,ended
7004,1033496,1033497,1796-01-01,1838-12-31,ended
7004,1033498,1033499,1793-01-01,1810-12-31,ended
7004,1033500,1033501,1796-01-01,1829-12-31,ended
7004,1033502,1033503,1793-01-01,1826-12-31,ended
7004,1033504,1033505,1799-01-01,1820-12-31,ended
7004,1033506,1033507,1795-01-01,1809-12-31,ended
7004,1033508,1033509,1796-01-01,1829-12-31,ended
7004,1033510,1033511,1795-01-01,1842-12-31,ended
7004,1033512,1033513,1794-01-01,1801-12-31,ended
7004,1033514,1033515,1795-01-01,1837-12-31,ended
7004,1033516,1033517,1793-01-01,1842-12-31,ended
7004,1033518,1033519,1793-01-01,1818-12-31,ended
7004,1033520,1033521,1798-01-01,1837-12-31,ended
7004,1033522,1033523,1799-01-01,1814-12-31,ended
7004,1033524,1033525,1797-01-01,1834-12-31,ended
7004,1033526,1033527,1795-01-01,1819-12-31,ended
7004,1033528,1033529,1794-01-01,1811-12-31,ended
7004,1033530,1033531,1794-01-01,1820-12-31,ended
7004,1033532,1033533,1797-01-01,1866-12-31,ended
7004,1033534,1033535,1797-01-01,1846-12-31,ended
7004,1033536,1033537,1796-01-01,1842-12-31,ended
7004,1033538,1033539,1797-01-01,1834-12-31,ended
7004,1033540,1033541,1798-01-01,1808-12-31,ended
7004,1033542,1033543,1794-01-01,1847-12-31,ended
7004,1033544,1033545,1796-01-01,1842-12-31,ended
7004,1033546,1033547,1797-01-01,1820-12-31,ended
7004,1033548,1033549,1796-01-01,1849-12-31,ended
7004,1033550,1033551,1798-01-01,1805-12-31,ended
7004,1033552,1033553,1796-01-01,1845-12-31,ended
7004,1033554,1033555,1795-01-01,1809-12-31,ended
7004,1033556,1033557,1793-01-01,1805-12-31,ended
7004,1033558,1033559,1795-01-01,1829-12-31,ended
7004,1033560,1033561,1797-01-01,1829-12-31,ended
7004,1033562,1033563,1796-01-01,1819-12-31,ended
7004,1033564,1033565,1796-01-01,1825-12-31,ended
7004,1033566,1033567,1798-01-01,1848-12-31,ended
7004,1033568,1033569,1796-01-01,1839-12-31,ended
7004,1033570,1033571,1794-01-01,1839-12-31,ended
7004,1033572,1033573,1796-01-01,1828-12-31,ended
7004,1033574,1033575,1798-01-01,1830-12-31,ended
7004,1033576,1033577,1794-01-01,1827-12-31,ended
7004,1033578,1033579,1796-01-01,1844-12-31,ended
7004,1033580,1033581,1797-01-01,1822-12-31,ended
7004,1033582,1033583,1796-01-01,1822-12-31,ended
7004,1033584,1033585,1795-01-01,1849-12-31,ended
7004,1033586,1033587,1794-01-01,1821-12-31,ended
7004,1033588,1033589,1795-01-01,1805-12-31,ended
7004,1033590,1033591,1796-01-01,1840-12-31,ended
7004,1033592,1033593,1794-01-01,1841-12-31,ended
7004,1033594,1033595,1798-01-01,1820-12-31,ended
7004,1033596,1033597,1798-01-01,1826-12-31,ended
7004,1033598,1033599,1797-01-01,1812-12-31,ended
7004,1033600,1033601,1794-01-01,1839-12-31,ended
7004,1033602,1033603,1795-01-01,1814-12-31,ended
7004,1033604,1033605,1799-01-01,1851-12-31,ended
7004,1033606,1033607,1794-01-01,1841-12-31,ended
7004,1033608,1033609,1793-01-01,1818-12-31,ended
7004,1033610,1033611,1796-01-01,1821-12-31,ended
7004,1033612,1033613,1795-01-01,1819-12-31,ended
7004,1033614,1033615,1795-01-01,1831-12-31,ended
7004,1033616,1033617,1796-01-01,1829-12-31,ended
7004,1033618,1033619,1819-01-01,1850-12-31,ended
7004,1033618,1033621,1818-01-01,1850-12-31,ended
7004,1033619,1033846,1818-01-01,1870-12-31,ended
7004,1033620,1033621,1813-01-01,1837-12-31,ended
7004,1033620,1033623,1816-01-01,1831-12-31,ended
7004,1033622,1033623,1815-01-01,1828-12-31,ended
7004,1033622,1033625,1816-01-01,1828-12-31,ended
7004,1033624,1033625,1816-01-01,1843-12-31,ended
7004,1033624,1033627,1816-01-01,1863-12-31,ended
7004,1033626,1033627,1814-01-01,1881-12-31,ended
7004,1033626,1033629,1817-01-01,1869-12-31,ended
7004,1033628,1033629,1814-01-01,1831-12-31,ended
7004,1033628,1033631,1818-01-01,1831-12-31,ended
7004,1033630,1033631,1816-01-01,1837-12-31,ended
7004,1033630,1033633,1816-01-01,1882-12-31,ended
7004,1033632,1033633,1819-01-01,1882-12-31,ended
7004,1033632,1033635,1814-01-01,1883-12-31,ended
7004,1033634,1033635,1816-01-01,1879-12-31,ended
7004,1033634,1033637,1815-01-01,1879-12-31,ended
7004,1033636,1033637,1818-01-01,1876-12-31,ended
7004,1033636,1033639,1817-01-01,1850-12-31,ended
7004,1033638,1033639,1817-01-01,1845-12-31,ended
7004,1033638,1033641,1819-01-01,1845-12-31,ended
7004,1033640,1033641,1815-01-01,1846-12-31,ended
7004,1033640,1033643,1817-01-01,1846-12-31,ended
7004,1033642,1033643,1820-01-01,1871-12-31,ended
7004,1033642,1033645,1818-01-01,1874-12-31,ended
7004,1033644,1033645,1815-01-01,1886-12-31,ended
7004,1033644,1033647,1819-01-01,1840-12-31,ended
7004,1033646,1033647,1816-01-01,1840-12-31,ended
7004,1033646,1033649,1819-01-01,1861-12-31,ended
7004,1033648,1033649,1818-01-01,1828-12-31,ended
7004,1033648,1033651,1819-01-01,1828-12-31,ended
7004,1033650,1033651,1817-01-01,1855-12-31,ended
7004,1033650,1033653,1815-01-01,1865-12-31,ended
7004,1033652,1033653,1817-01-01,1869-12-31,ended
7004,1033652,1033655,1820-01-01,1853-12-31,ended
7004,1033654,1033655,1814-01-01,1847-12-31,ended
7004,1033654,1033657,1817-01-01,1847-12-31,ended
7004,1033656,1033657,1814-01-01,1863-12-31,ended
7004,1033656,1033659,1817-01-01,1855-12-31,ended
7004,1033658,1033659,1815-01-01,1855-12-31,ended
7004,1033658,1033661,1816-01-01,1866-12-31,ended
7004,1033660,1033661,1815-01-01,1866-12-31,ended
7004,1033660,1033663,1818-01-01,1850-12-31,ended
7004,1033662,1033663,1815-01-01,1831-12-31,ended
7004,1033662,1033665,1816-01-01,1831-12-31,ended
7004,1033664,1033665,1817-01-01,1862-12-31,ended
7004,1033664,1033667,1818-01-01,1868-12-31,ended
7004,1033666,1033667,1815-01-01,1863-12-31,ended
7004,1033666,1033669,1815-01-01,1863-12-31,ended
7004,1033668,1033669,1818-01-01,1881-12-31,ended
7004,1033668,1033671,1816-01-01,1856-12-31,ended
7004,1033670,1033671,1819-01-01,1856-12-31,ended
7004,1033670,1033673,1814-01-01,1868-12-31,ended
7004,1033672,1033673,1818-01-01,1882-12-31,ended
7004,1033672,1033675,1816-01-01,1860-12-31,ended
7004,1033674,1033675,1817-01-01,1850-12-31,ended
7004,1033674,1033677,1815-01-01,1850-12-31,ended
7004,1033676,1033677,1818-01-01,1836-12-31,ended
7004,1033676,1033679,1820-01-01,1836-12-31,ended
7004,1033678,1033679,1814-01-01,1858-12-31,ended
7004,1033678,1033681,1816-01-01,1858-12-31,ended
7004,1033680,1033681,1814-01-01,1844-12-31,ended
7004,1033680,1033683,1814-01-01,1844-12-31,ended
7004,1033682,1033683,1818-01-01,1846-12-31,ended
7004,1033682,1033685,1817-01-01,1826-12-31,ended
7004,1033684,1033685,1817-01-01,1826-12-31,ended
7004,1033684,1033687,1820-01-01,1862-12-31,ended
7004,1033686,1033687,1819-01-01,1862-12-31,ended
7004,1033686,1033689,1820-01-01,1843-12-31,ended
7004,1033688,1033689,1814-01-01,1843-12-31,ended
7004,1033688,1033691,1814-01-01,1860-12-31,ended
7004,1033690,1033691,1816-01-01,1850-12-31,ended
7004,1033690,1033693,1816-01-01,1830-12-31,ended
7004,1033692,1033693,1814-01-01,1830-12-31,ended
7004,1033692,1033695,1819-01-01,1861-12-31,ended
7004,1033694,1033695,1818-01-01,1859-12-31,ended
7004,1033694,1033697,1817-01-01,1854-12-31,ended
7004,1033696,1033697,1817-01-01,1854-12-31,ended
7004,1033696,1033699,1815-01-01,1882-12-31,ended
7004,1033698,1033699,1816-01-01,1836-12-31,ended
7004,1033698,1033701,1820-01-01,1836-12-31,ended
7004,1033700,1033701,1817-01-01,1831-12-31,ended
7004,1033700,1033703,1816-01-01,1831-12-31,ended
7004,1033702,1033703,1818-01-01,1880-12-31,ended
7004,1033702,1033705,1817-01-01,1868-12-31,ended
7004,1033704,1033705,1819-01-01,1868-12-31,ended
7004,1033704,1033707,1815-01-01,1857-12-31,ended
7004,1033706,1033707,1819-01-01,1857-12-31,ended
7004,1033706,1033709,1816-01-01,1868-12-31,ended
7004,1033708,1033709,1818-01-01,1843-12-31,ended
7004,1033708,1033711,1818-01-01,1843-12-31,ended
7004,1033710,1033711,1819-01-01,1822-12-31,ended
7004,1033710,1033713,1815-01-01,1822-12-31,ended
7004,1033712,1033713,1817-01-01,1856-12-31,ended
7004,1033712,1033715,1815-01-01,1869-12-31,ended
7004,1033714,1033715,1815-01-01,1875-12-31,ended
7004,1033714,1033717,1816-01-01,1866-12-31,ended
7004,1033716,1033717,1814-01-01,1866-12-31,ended
7004,1033716,1033719,1817-01-01,1822-12-31,ended
7004,1033718,1033719,1815-01-01,1822-12-31,ended
7004,1033718,1033721,1818-01-01,1842-12-31,ended
7004,1033720,1033721,1817-01-01,1842-12-31,ended
7004,1033720,1033723,1816-01-01,1838-12-31,ended
7004,1033722,1033723,1814-01-01,1838-12-31,ended
7004,1033722,1033725,1819-01-01,1868-12-31,ended
7004,1033724,1033725,1815-01-01,1856-12-31,ended
7004,1033724,1033727,1820-01-01,1856-12-31,ended
7004,1033726,1033727,1818-01-01,1864-12-31,ended
7004,1033726,1033729,1817-01-01,1871-12-31,ended
7004,1033728,1033729,1815-01-01,1858-12-31,ended
7004,1033728,1033731,1819-01-01,1858-12-31,ended
7004,1033730,1033731,1818-01-01,1836-12-31,ended
7004,1033730,1033733,1816-01-01,1836-12-31,ended
7004,1033732,1033733,1815-01-01,1872-12-31,ended
7004,1033732,1033735,1818-01-01,1864-12-31,ended
7004,1033734,1033735,1814-01-01,1850-12-31,ended
7004,1033734,1033737,1819-01-01,1850-12-31,ended
7004,1033736,1033737,1818-01-01,1844-12-31,ended
7004,1033736,1033739,1814-01-01,1844-12-31,ended
7004,1033738,1033739,1814-01-01,1883-12-31,ended
7004,1033738,1033741,1816-01-01,1875-12-31,ended
7004,1033740,1033741,1820-01-01,1836-12-31,ended
7004,1033740,1033743,1820-01-01,1836-12-31,ended
7004,1033742,1033743,1815-01-01,1854-12-31,ended
7004,1033742,1033745,1817-01-01,1848-12-31,ended
7004,1033744,1033745,1819-01-01,1848-12-31,ended
7004,1033744,1033747,1819-01-01,1865-12-31,ended
7004,1033746,1033747,1818-01-01,1865-12-31,ended
7004,1033746,1033749,1818-01-01,1848-12-31,ended
7004,1033748,1033749,1820-01-01,1848-12-31,ended
7004,1033748,1033751,1817-01-01,1841-12-31,ended
7004,1033750,1033751,1814-01-01,1841-12-31,ended
7004,1033750,1033753,1814-01-01,1848-12-31,ended
7004,1033752,1033753,1818-01-01,1848-12-31,ended
7004,1033752,1033755,1814-01-01,1851-12-31,ended
7004,1033754,1033755,1816-01-01,1851-12-31,ended
7004,1033754,1033757,1820-01-01,1851-12-31,ended
7004,1033756,1033757,1816-01-01,1863-12-31,ended
7004,1033756,1033759,1816-01-01,1872-12-31,ended
7004,1033758,1033759,1817-01-01,1872-12-31,ended
7004,1033758,1033761,1817-01-01,1865-12-31,ended
7004,1033760,1033761,1818-01-01,1865-12-31,ended
7004,1033760,1033763,1817-01-01,1860-12-31,ended
7004,1033762,1033763,1814-01-01,1860-12-31,ended
7004,1033762,1033765,1815-01-01,1872-12-31,ended
7004,1033764,1033765,1820-01-01,1829-12-31,ended
7004,1033764,1033767,1815-01-01,1829-12-31,ended
7004,1033766,1033767,1815-01-01,1850-12-31,ended
7004,1033766,1033769,1815-01-01,1829-12-31,ended
7004,1033768,1033769,1819-01-01,1829-12-31,ended
7004,1033768,1033771,1814-01-01,1855-12-31,ended
7004,1033770,1033771,1816-01-01,1859-12-31,ended
7004,1033770,1033773,1820-01-01,1859-12-31,ended
7004,1033772,1033773,1814-01-01,1855-12-31,ended
7004,1033772,1033775,1819-01-01,1854-12-31,ended
7004,1033774,1033775,1815-01-01,1851-12-31,ended
7004,1033774,1033777,1815-01-01,1851-12-31,ended
7004,1033776,1033777,1817-01-01,1877-12-31,ended
7004,1033776,1033779,1815-01-01,1877-12-31,ended
7004,1033778,1033779,1814-01-01,1860-12-31,ended
7004,1033778,1033781,1817-01-01,1854-12-31,ended
7004,1033780,1033781,1814-01-01,1854-12-31,ended
7004,1033780,1033783,1815-01-01,1851-12-31,ended
7004,1033782,1033783,1814-01-01,1851-12-31,ended
7004,1033782,1033785,1818-01-01,1874-12-31,ended
7004,1033784,1033785,1816-01-01,1868-12-31,ended
7004,1033784,1033787,1817-01-01,1854-12-31,ended
7004,1033786,1033787,1819-01-01,1845-12-31,ended
7004,1033786,1033789,1817-01-01,1845-12-31,ended
7004,1033788,1033789,1815-01-01,1854-12-31,ended
7004,1033788,1033791,1814-01-01,1853-12-31,ended
7004,1033790,1033791,1815-01-01,1853-12-31,ended
7004,1033790,1033793,1815-01-01,1844-12-31,ended
7004,1033792,1033793,1820-01-01,1844-12-31,ended
7004,1033792,1033795,1817-01-01,1849-12-31,ended
7004,1033794,1033795,1817-01-01,1849-12-31,ended
7004,1033794,1033797,1814-01-01,1857-12-31,ended
7004,1033796,1033797,1815-01-01,1841-12-31,ended
7004,1033796,1033799,1816-01-01,1841-12-31,ended
7004,1033798,1033799,1817-01-01,1841-12-31,ended
7004,1033798,1033801,1817-01-01,1882-12-31,ended
7004,1033800,1033801,1817-01-01,1882-12-31,ended
7004,1033800,1033803,1816-01-01,1879-12-31,ended
7004,1033802,1033803,1817-01-01,1879-12-31,ended
7004,1033802,1033805,1816-01-01,1873-12-31,ended
7004,1033804,1033805,1817-01-01,1861-12-31,ended
7004,1033804,1033807,1815-01-01,1861-12-31,ended
7004,1033806,1033807,1818-01-01,1856-12-31,ended
7004,1033808,1033809,1814-01-01,1865-12-31,ended
7004,1033810,1033811,1818-01-01,1883-12-31,ended
7004,1033812,1033813,1820-01-01,1835-12-31,ended
7004,1033814,1033815,1814-01-01,1862-12-31,ended
7004,1033816,1033817,1814-01-01,1880-12-31,ended
7004,1033818,1033819,1816-01-01,1867-12-31,ended
7004,1033820,1033821,1814-01-01,1865-12-31,ended
7004,1033822,1033823,1815-01-01,1851-12-31,ended
7004,1033824,1033825,1816-01-01,1851-12-31,ended
7004,1033826,1033827,1815-01-01,1866-12-31,ended
7004,1033828,1033829,1815-01-01,1849-12-31,ended
7004,1033830,1033831,1816-01-01,1843-12-31,ended
7004,1033832,1033833,1815-01-01,1832-12-31,ended
7004,1033834,1033835,1816-01-01,1847-12-31,ended
7004,1033836,1033837,1817-01-01,1870-12-31,ended
7004,1033838,1033839,1813-01-01,1850-12-31,ended
7004,1033840,1033841,1819-01-01,1843-12-31,ended
7004,1033842,1033843,1818-01-01,1842-12-31,ended
7004,1033844,1033845,1820-01-01,1866-12-31,ended
7004,1033847,1033848,1835-01-01,1884-12-31,ended
7004,1033847,1033850,1835-01-01,1861-12-31,ended
7004,1033848,1034055,1835-01-01,1839-12-31,ended
7004,1033849,1033850,1836-01-01,1861-12-31,ended
7004,1033849,1033852,1835-01-01,1863-12-31,ended
7004,1033851,1033852,1839-01-01,1882-12-31,ended
7004,1033851,1033854,1837-01-01,1874-12-31,ended
7004,1033853,1033854,1836-01-01,1874-12-31,ended
7004,1033853,1033856,1838-01-01,1884-12-31,ended
7004,1033855,1033856,1838-01-01,1889-12-31,ended
7004,1033855,1033858,1835-01-01,1865-12-31,ended
7004,1033857,1033858,1835-01-01,1865-12-31,ended
7004,1033857,1033860,1837-01-01,1863-12-31,ended
7004,1033859,1033860,1837-01-01,1847-12-31,ended
7004,1033859,1033862,1838-01-01,1847-12-31,ended
7004,1033861,1033862,1838-01-01,1857-12-31,ended
7004,1033861,1033864,1841-01-01,1857-12-31,ended
7004,1033863,1033864,1837-01-01,1898-12-31,ended
7004,1033863,1033866,1839-01-01,1897-12-31,ended
7004,1033865,1033866,1835-01-01,1875-12-31,ended
7004,1033865,1033868,1837-01-01,1875-12-31,ended
7004,1033867,1033868,1840-01-01,1896-12-31,ended
7004,1033867,1033870,1837-01-01,1886-12-31,ended
7004,1033869,1033870,1836-01-01,1886-12-31,ended
7004,1033869,1033872,1838-01-01,1886-12-31,ended
7004,1033871,1033872,1839-01-01,1879-12-31,ended
7004,1033871,1033874,1840-01-01,1875-12-31,ended
7004,1033873,1033874,1837-01-01,1875-12-31,ended
7004,1033873,1033876,1839-01-01,1875-12-31,ended
7004,1033875,1033876,1839-01-01,1908-12-31,ended
7004,1033875,1033878,1836-01-01,1885-12-31,ended
7004,1033877,1033878,1839-01-01,1881-12-31,ended
7004,1033877,1033880,1835-01-01,1874-12-31,ended
7004,1033879,1033880,1838-01-01,1874-12-31,ended
7004,1033879,1033882,1840-01-01,1864-12-31,ended
7004,1033881,1033882,1836-01-01,1864-12-31,ended
7004,1033881,1033884,1836-01-01,1882-12-31,ended
7004,1033883,1033884,1841-01-01,1873-12-31,ended
7004,1033883,1033886,1836-01-01,1873-12-31,ended
7004,1033885,1033886,1839-01-01,1894-12-31,ended
7004,1033885,1033888,1839-01-01,1894-12-31,ended
7004,1033887,1033888,1836-01-01,1863-12-31,ended
7004,1033887,1033890,1835-01-01,1863-12-31,ended
7004,1033889,1033890,1837-01-01,1883-12-31,ended
7004,1033889,1033892,1840-01-01,1883-12-31,ended
7004,1033891,1033892,1835-01-01,1899-12-31,ended
7004,1033891,1033894,1838-01-01,1889-12-31,ended
7004,1033893,1033894,1837-01-01,1864-12-31,ended
7004,1033893,1033896,1835-01-01,1864-12-31,ended
7004,1033895,1033896,1835-01-01,1891-12-31,ended
7004,1033895,1033898,1837-01-01,1886-12-31,ended
7004,1033897,1033898,1835-01-01,1840-12-31,ended
7004,1033897,1033900,1839-01-01,1840-12-31,ended
7004,1033899,1033900,1837-01-01,1859-12-31,ended
7004,1033899,1033902,1836-01-01,1896-12-31,ended
7004,1033901,1033902,1841-01-01,1896-12-31,ended
7004,1033901,1033904,1836-01-01,1861-12-31,ended
7004,1033903,1033904,1840-01-01,1852-12-31,ended
7004,1033903,1033906,1838-01-01,1852-12-31,ended
7004,1033905,1033906,1836-01-01,1887-12-31,ended
7004,1033905,1033908,1838-01-01,1862-12-31,ended
7004,1033907,1033908,1841-01-01,1862-12-31,ended
7004,1033907,1033910,1835-01-01,1897-12-31,ended
7004,1033909,1033910,1835-01-01,1856-12-31,ended
7004,1033909,1033912,1840-01-01,1856-12-31,ended
7004,1033911,1033912,1837-01-01,1871-12-31,ended
7004,1033911,1033914,1839-01-01,1852-12-31,ended
7004,1033913,1033914,1839-01-01,1852-12-31,ended
7004,1033913,1033916,1840-01-01,1881-12-31,ended
7004,1033915,1033916,1836-01-01,1854-12-31,ended
7004,1033915,1033918,1840-01-01,1854-12-31,ended
7004,1033917,1033918,1837-01-01,1882-12-31,ended
7004,1033917,1033920,1839-01-01,1888-12-31,ended
7004,1033919,1033920,1835-01-01,1854-12-31,ended
7004,1033919,1033922,1838-01-01,1854-12-31,ended
7004,1033921,1033922,1838-01-01,1893-12-31,ended
7004,1033921,1033924,1839-01-01,1893-12-31,ended
7004,1033923,1033924,1835-01-01,1895-12-31,ended
7004,1033923,1033926,1838-01-01,1893-12-31,ended
7004,1033925,1033926,1837-01-01,1874-12-31,ended
7004,1033925,1033928,1837-01-01,1837-12-31,ended
7004,1033927,1033928,1833-01-01,1835-12-31,ended
7004,1033927,1033930,1840-01-01,1849-12-31,ended
7004,1033929,1033930,1836-01-01,1857-12-31,ended
7004,1033929,1033932,1836-01-01,1857-12-31,ended
7004,1033931,1033932,1835-01-01,1879-12-31,ended
7004,1033931,1033934,1835-01-01,1879-12-31,ended
7004,1033933,1033934,1841-01-01,1882-12-31,ended
7004,1033933,1033936,1837-01-01,1873-12-31,ended
7004,1033935,1033936,1836-01-01,1873-12-31,ended
7004,1033935,1033938,1841-01-01,1862-12-31,ended
7004,1033937,1033938,1841-01-01,1862-12-31,ended
7004,1033937,1033940,1841-01-01,1849-12-31,ended
7004,1033939,1033940,1835-01-01,1849-12-31,ended
7004,1033939,1033942,1838-01-01,1874-12-31,ended
7004,1033941,1033942,1837-01-01,1881-12-31,ended
7004,1033941,1033944,1835-01-01,1881-12-31,ended
7004,1033943,1033944,1837-01-01,1904-12-31,ended
7004,1033943,1033946,1836-01-01,1886-12-31,ended
7004,1033945,1033946,1838-01-01,1886-12-31,ended
7004,1033945,1033948,1838-01-01,1890-12-31,ended
7004,1033947,1033948,1837-01-01,1890-12-31,ended
7004,1033947,1033950,1839-01-01,1897-12-31,ended
7004,1033949,1033950,1836-01-01,1895-12-31,ended
7004,1033949,1033952,1835-01-01,1866-12-31,ended
7004,1033951,1033952,1835-01-01,1866-12-31,ended
7004,1033951,1033954,1841-01-01,1888-12-31,ended
7004,1033953,1033954,1839-01-01,1883-12-31,ended
7004,1033953,1033956,1838-01-01,1883-12-31,ended
7004,1033955,1033956,1837-01-01,1883-12-31,ended
7004,1033955,1033958,1839-01-01,1883-12-31,ended
7004,1033957,1033958,1841-01-01,1880-12-31,ended
7004,1033957,1033960,1841-01-01,1876-12-31,ended
7004,1033959,1033960,1835-01-01,1876-12-31,ended
7004,1033959,1033962,1840-01-01,1881-12-31,ended
7004,1033961,1033962,1839-01-01,1892-12-31,ended
7004,1033961,1033964,1837-01-01,1881-12-31,ended
7004,1033963,1033964,1835-01-01,1881-12-31,ended
7004,1033963,1033966,1835-01-01,1884-12-31,ended
7004,1033965,1033966,1841-01-01,1860-12-31,ended
7004,1033965,1033968,1835-01-01,1860-12-31,ended
7004,1033967,1033968,1840-01-01,1862-12-31,ended
7004,1033967,1033970,1837-01-01,1896-12-31,ended
7004,1033969,1033970,1837-01-01,1890-12-31,ended
7004,1033969,1033972,1838-01-01,1889-12-31,ended
7004,1033971,1033972,1839-01-01,1849-12-31,ended
7004,1033971,1033974,1837-01-01,1849-12-31,ended
7004,1033973,1033974,1835-01-01,1868-12-31,ended
7004,1033973,1033976,1836-01-01,1868-12-31,ended
7004,1033975,1033976,1837-01-01,1915-12-31,ended
7004,1033975,1033978,1837-01-01,1907-12-31,ended
7004,1033977,1033978,1838-01-01,1890-12-31,ended
7004,1033977,1033980,1839-01-01,1890-12-31,ended
7004,1033979,1033980,1840-01-01,1904-12-31,ended
7004,1033979,1033982,1837-01-01,1864-12-31,ended
7004,1033981,1033982,1837-01-01,1864-12-31,ended
7004,1033981,1033984,1838-01-01,1882-12-31,ended
7004,1033983,1033984,1839-01-01,1893-12-31,ended
7004,1033983,1033986,1837-01-01,1887-12-31,ended
7004,1033985,1033986,1836-01-01,1859-12-31,ended
7004,1033985,1033988,1838-01-01,1859-12-31,ended
7004,1033987,1033988,1838-01-01,1865-12-31,ended
7004,1033987,1033990,1841-01-01,1886-12-31,ended
7004,1033989,1033990,1839-01-01,1886-12-31,ended
7004,1033989,1033992,1837-01-01,1883-12-31,ended
7004,1033991,1033992,1835-01-01,1883-12-31,ended
7004,1033991,1033994,1839-01-01,1891-12-31,ended
7004,1033993,1033994,1841-01-01,1844-12-31,ended
7004,1033993,1033996,1835-01-01,1844-12-31,ended
7004,1033995,1033996,1841-01-01,1901-12-31,ended
7004,1033995,1033998,1835-01-01,1889-12-31,ended
7004,1033997,1033998,1839-01-01,1888-12-31,ended
7004,1033997,1034000,1838-01-01,1875-12-31,ended
7004,1033999,1034000,1838-01-01,1870-12-31,ended
7004,1033999,1034002,1840-01-01,1870-12-31,ended
7004,1034001,1034002,1835-01-01,1902-12-31,ended
7004,1034001,1034004,1838-01-01,1887-12-31,ended
7004,1034003,1034004,1838-01-01,1887-12-31,ended
7004,1034003,1034006,1837-01-01,1901-12-31,ended
7004,1034005,1034006,1840-01-01,1858-12-31,ended
7004,1034005,1034008,1835-01-01,1858-12-31,ended
7004,1034007,1034008,1835-01-01,1870-12-31,ended
7004,1034007,1034010,1836-01-01,1870-12-31,ended
7004,1034009,1034010,1835-01-01,1891-12-31,ended
7004,1034009,1034012,1835-01-01,1898-12-31,ended
7004,1034011,1034012,1838-01-01,1896-12-31,ended
7004,1034011,1034014,1837-01-01,1896-12-31,ended
7004,1034013,1034014,1838-01-01,1886-12-31,ended
7004,1034015,1034016,1837-01-01,1861-12-31,ended
7004,1034017,1034018,1840-01-01,1879-12-31,ended
7004,1034019,1034020,1838-01-01,1865-12-31,ended
7004,1034021,1034022,1835-01-01,1877-12-31,ended
7004,1034023,1034024,1835-01-01,1894-12-31,ended
7004,1034025,1034026,1838-01-01,1858-12-31,ended
7004,1034027,1034028,1837-01-01,1859-12-31,ended
7004,1034029,1034030,1836-01-01,1855-12-31,ended
7004,1034031,1034032,1837-01-01,1862-12-31,ended
7004,1034033,1034034,1839-01-01,1863-12-31,ended
7004,1034035,1034036,1836-01-01,1864-12-31,ended
7004,1034037,1034038,1839-01-01,1858-12-31,ended
7004,1034039,1034040,1835-01-01,1842-12-31,ended
7004,1034041,1034042,1841-01-01,1848-12-31,ended
7004,1034043,1034044,1840-01-01,1869-12-31,ended
7004,1034045,1034046,1841-01-01,1879-12-31,ended
7004,1034047,1034048,1837-01-01,1866-12-31,ended
7004,1034049,1034050,1837-01-01,1880-12-31,ended
7004,1034051,1034052,1840-01-01,1860-12-31,ended
7004,1034053,1034054,1838-01-01,1892-12-31,ended
7004,1034056,1034057,1855-01-01,1885-12-31,ended
7004,1034058,1034059,1858-01-01,1866-12-31,ended
7004,1034060,1034061,1856-01-01,1884-12-31,ended
7004,1034062,1034063,1857-01-01,1889-12-31,ended
7004,1034064,1034065,1861-01-01,1877-12-31,ended
7004,1034066,1034067,1861-01-01,1904-12-31,ended
7004,1034068,1034069,1856-01-01,1902-12-31,ended
7004,1034070,1034071,1861-01-01,1886-12-31,ended
7004,1034072,1034073,1857-01-01,1903-12-31,ended
7004,1034074,1034075,1856-01-01,1891-12-31,ended
7004,1034076,1034077,1856-01-01,1909-12-31,ended
7004,1034078,1034079,1859-01-01,1909-12-31,ended
7004,1034080,1034081,1856-01-01,1891-12-31,ended
7004,1034082,1034083,1860-01-01,1887-12-31,ended
7004,1034084,1034085,1860-01-01,1878-12-31,ended
7004,1034086,1034087,1861-01-01,1894-12-31,ended
7004,1034088,1034089,1859-01-01,1904-12-31,ended
7004,1034090,1034091,1857-01-01,1882-12-31,ended
7004,1034092,1034093,1861-01-01,1886-12-31,ended
7004,1034094,1034095,1861-01-01,1883-12-31,ended
7004,1034096,1034097,1859-01-01,1885-12-31,ended
7004,1034098,1034099,1860-01-01,1886-12-31,ended
7004,1034100,1034101,1862-01-01,1890-12-31,ended
7004,1034102,1034103,1857-01-01,1894-12-31,ended
7004,1034104,1034105,1857-01-01,1900-12-31,ended
7004,1034106,1034107,1858-01-01,1922-12-31,ended
7004,1034108,1034109,1859-01-01,1873-12-31,ended
7004,1034110,1034111,1861-01-01,1884-12-31,ended
7004,1034112,1034113,1859-01-01,1906-12-31,ended
7004,1034114,1034115,1858-01-01,1892-12-31,ended
7004,1034116,1034117,1858-01-01,1878-12-31,ended
7004,1034118,1034119,1857-01-01,1906-12-31,ended
7004,1034120,1034121,1856-01-01,1917-12-31,ended
7004,1034122,1034123,1860-01-01,1877-12-31,ended
7004,1034124,1034125,1859-01-01,1894-12-31,ended
7004,1034126,1034127,1859-01-01,1896-12-31,ended
7004,1034128,1034129,1857-01-01,1891-12-31,ended
7004,1034130,1034131,1856-01-01,1886-12-31,ended
7004,1034132,1034133,1856-01-01,1913-12-31,ended
7004,1034134,1034135,1862-01-01,1914-12-31,ended
7004,1034136,1034137,1858-01-01,1894-12-31,ended
7004,1034138,1034139,1860-01-01,1889-12-31,ended
7004,1034140,1034141,1858-01-01,1908-12-31,ended
7004,1034142,1034143,1859-01-01,1915-12-31,ended
7004,1034144,1034145,1857-01-01,1882-12-31,ended
7004,1034146,1034147,1858-01-01,1898-12-31,ended
7004,1034148,1034149,1860-01-01,1912-12-31,ended
7004,1034150,1034151,1861-01-01,1864-12-31,ended
7004,1034152,1034153,1861-01-01,1892-12-31,ended
7004,1034154,1034155,1861-01-01,1891-12-31,ended
7004,1034156,1034157,1861-01-01,1873-12-31,ended
7004,1034158,1034159,1857-01-01,1875-12-31,ended
7004,1034160,1034161,1855-01-01,1873-12-31,ended
7004,1034162,1034163,1861-01-01,1867-12-31,ended
7004,1034164,1034165,1860-01-01,1874-12-31,ended
7004,1034166,1034167,1858-01-01,1915-12-31,ended
7004,1034168,1034169,1856-01-01,1913-12-31,ended
7004,1034170,1034171,1860-01-01,1916-12-31,ended
7004,1034172,1034173,1856-01-01,1897-12-31,ended
7004,1034174,1034175,1858-01-01,1899-12-31,ended
7004,1034176,1034177,1857-01-01,1893-12-31,ended
7004,1034178,1034179,1856-01-01,1857-12-31,ended
7004,1034180,1034181,1861-01-01,1900-12-31,ended
7004,1034182,1034183,1858-01-01,1862-12-31,ended
7004,1034184,1034185,1860-01-01,1908-12-31,ended
7004,1034186,1034187,1858-01-01,1894-12-31,ended
7004,1034188,1034189,1856-01-01,1900-12-31,ended
7004,1034190,1034191,1857-01-01,1879-12-31,ended
7004,1034192,1034193,1862-01-01,1886-12-31,ended
7004,1034194,1034195,1856-01-01,1887-12-31,ended
7004,1034196,1034197,1861-01-01,1879-12-31,ended
7004,1034198,1034199,1858-01-01,1882-12-31,ended
7004,1034200,1034201,1861-01-01,1877-12-31,ended
7004,1034202,1034203,1857-01-01,1903-12-31,ended
7004,1034204,1034205,1862-01-01,1907-12-31,ended
7004,1034206,1034207,1860-01-01,1901-12-31,ended
7004,1034208,1034209,1856-01-01,1898-12-31,ended
7004,1034210,1034211,1858-01-01,1892-12-31,ended
7004,1034212,1034213,1861-01-01,1872-12-31,ended
7004,1034214,1034215,1856-01-01,1874-12-31,ended
7004,1034216,1034217,1860-01-01,1898-12-31,ended
7004,1034218,1034219,1861-01-01,1899-12-31,ended
7004,1034220,1034221,1859-01-01,1902-12-31,ended
7004,1034222,1034223,1859-01-01,1900-12-31,ended
7004,1034224,1034225,1856-01-01,1909-12-31,ended
7004,1034226,1034227,1857-01-01,1918-12-31,ended
7004,1034228,1034229,1856-01-01,1909-12-31,ended
7004,1034230,1034231,1859-01-01,1878-12-31,ended
7004,1034232,1034233,1858-01-01,1910-12-31,ended
7004,1034234,1034235,1854-01-01,1910-12-31,ended
7004,1034236,1034237,1860-01-01,1860-12-31,ended
7004,1034238,1034239,1857-01-01,1887-12-31,ended
7004,1034240,1034241,1859-01-01,1871-12-31,ended
7004,1034242,1034243,1856-01-01,1886-12-31,ended
7004,1034244,1034245,1879-01-01,1922-12-31,ended
7004,1034244,1034247,1882-01-01,1927-12-31,ended
7004,1034245,1034410,1881-01-01,1900-12-31,ended
7004,1034246,1034247,1881-01-01,1929-12-31,ended
7004,1034246,1034249,1880-01-01,1936-12-31,ended
7004,1034248,1034249,1883-01-01,1936-12-31,ended
7004,1034248,1034251,1878-01-01,1915-12-31,ended
7004,1034250,1034251,1882-01-01,1915-12-31,ended
7004,1034250,1034253,1880-01-01,1897-12-31,ended
7004,1034252,1034253,1881-01-01,1891-12-31,ended
7004,1034252,1034255,1881-01-01,1891-12-31,ended
7004,1034254,1034255,1883-01-01,1905-12-31,ended
7004,1034254,1034257,1879-01-01,1905-12-31,ended
7004,1034256,1034257,1882-01-01,1899-12-31,ended
7004,1034256,1034259,1880-01-01,1899-12-31,ended
7004,1034258,1034259,1880-01-01,1907-12-31,ended
7004,1034258,1034261,1882-01-01,1907-12-31,ended
7004,1034260,1034261,1880-01-01,1925-12-31,ended
7004,1034260,1034263,1881-01-01,1942-12-31,ended
7004,1034262,1034263,1880-01-01,1938-12-31,ended
7004,1034262,1034265,1878-01-01,1938-12-31,ended
7004,1034264,1034265,1879-01-01,1919-12-31,ended
7004,1034264,1034267,1881-01-01,1904-12-31,ended
7004,1034266,1034267,1880-01-01,1904-12-31,ended
7004,1034266,1034269,1879-01-01,1906-12-31,ended
7004,1034268,1034269,1877-01-01,1906-12-31,ended
7004,1034268,1034271,1877-01-01,1946-12-31,ended
7004,1034270,1034271,1879-01-01,1946-12-31,ended
7004,1034270,1034273,1878-01-01,1930-12-31,ended
7004,1034272,1034273,1883-01-01,1893-12-31,ended
7004,1034272,1034275,1880-01-01,1893-12-31,ended
7004,1034274,1034275,1879-01-01,1939-12-31,ended
7004,1034274,1034277,1881-01-01,1943-12-31,ended
7004,1034276,1034277,1881-01-01,1950-12-31,ended
7004,1034276,1034279,1880-01-01,1942-12-31,ended
7004,1034278,1034279,1880-01-01,1920-12-31,ended
7004,1034278,1034281,1881-01-01,1920-12-31,ended
7004,1034280,1034281,1877-01-01,1940-12-31,ended
7004,1034280,1034283,1878-01-01,1940-12-31,ended
7004,1034282,1034283,1879-01-01,1894-12-31,ended
7004,1034282,1034285,1881-01-01,1894-12-31,ended
7004,1034284,1034285,1882-01-01,1926-12-31,ended
7004,1034284,1034287,1881-01-01,1926-12-31,ended
7004,1034286,1034287,1879-01-01,1934-12-31,ended
7004,1034286,1034289,1882-01-01,1900-12-31,ended
7004,1034288,1034289,1881-01-01,1900-12-31,ended
7004,1034288,1034291,1879-01-01,1931-12-31,ended
7004,1034290,1034291,1880-01-01,1929-12-31,ended
7004,1034290,1034293,1882-01-01,1918-12-31,ended
7004,1034292,1034293,1880-01-01,1918-12-31,ended
7004,1034292,1034295,1877-01-01,1937-12-31,ended
7004,1034294,1034295,1881-01-01,1937-12-31,ended
7004,1034294,1034297,1877-01-01,1886-12-31,ended
7004,1034296,1034297,1879-01-01,1886-12-31,ended
7004,1034296,1034299,1879-01-01,1939-12-31,ended
7004,1034298,1034299,1877-01-01,1948-12-31,ended
7004,1034298,1034301,1879-01-01,1941-12-31,ended
7004,1034300,1034301,1881-01-01,1912-12-31,ended
7004,1034300,1034303,1877-01-01,1912-12-31,ended
7004,1034302,1034303,1879-01-01,1943-12-31,ended
7004,1034302,1034305,1879-01-01,1887-12-31,ended
7004,1034304,1034305,1879-01-01,1887-12-31,ended
7004,1034304,1034307,1880-01-01,1923-12-31,ended
7004,1034306,1034307,1877-01-01,1934-12-31,ended
7004,1034306,1034309,1878-01-01,1889-12-31,ended
7004,1034308,1034309,1877-01-01,1889-12-31,ended
7004,1034308,1034311,1882-01-01,1927-12-31,ended
7004,1034310,1034311,1880-01-01,1914-12-31,ended
7004,1034310,1034313,1879-01-01,1900-12-31,ended
7004,1034312,1034313,1877-01-01,1900-12-31,ended
7004,1034312,1034315,1883-01-01,1925-12-31,ended
7004,1034314,1034315,1880-01-01,1921-12-31,ended
7004,1034314,1034317,1877-01-01,1921-12-31,ended
7004,1034316,1034317,1880-01-01,1915-12-31,ended
7004,1034316,1034319,1883-01-01,1915-12-31,ended
7004,1034318,1034319,1879-01-01,1935-12-31,ended
7004,1034318,1034321,1880-01-01,1935-12-31,ended
7004,1034320,1034321,1881-01-01,1929-12-31,ended
7004,1034320,1034323,1882-01-01,1914-12-31,ended
7004,1034322,1034323,1882-01-01,1903-12-31,ended
7004,1034322,1034325,1882-01-01,1903-12-31,ended
7004,1034324,1034325,1879-01-01,1933-12-31,ended
7004,1034324,1034327,1880-01-01,1945-12-31,ended
7004,1034326,1034327,1880-01-01,1941-12-31,ended
7004,1034326,1034329,1881-01-01,1941-12-31,ended
7004,1034328,1034329,1880-01-01,1890-12-31,ended
7004,1034328,1034331,1877-01-01,1890-12-31,ended
7004,1034330,1034331,1880-01-01,1914-12-31,ended
7004,1034330,1034333,1877-01-01,1931-12-31,ended
7004,1034332,1034333,1877-01-01,1916-12-31,ended
7004,1034332,1034335,1881-01-01,1916-12-31,ended
7004,1034334,1034335,1881-01-01,1941-12-31,ended
7004,1034334,1034337,1881-01-01,1938-12-31,ended
7004,1034336,1034337,1877-01-01,1938-12-31,ended
7004,1034336,1034339,1881-01-01,1899-12-31,ended
7004,1034338,1034339,1879-01-01,1899-12-31,ended
7004,1034338,1034341,1880-01-01,1923-12-31,ended
7004,1034340,1034341,1880-01-01,1926-12-31,ended
7004,1034340,1034343,1881-01-01,1916-12-31,ended
7004,1034342,1034343,1879-01-01,1916-12-31,ended
7004,1034342,1034345,1881-01-01,1940-12-31,ended
7004,1034344,1034345,1880-01-01,1940-12-31,ended
7004,1034344,1034347,1881-01-01,1961-12-31,ended
7004,1034346,1034347,1881-01-01,1945-12-31,ended
7004,1034346,1034349,1880-01-01,1940-12-31,ended
7004,1034348,1034349,1883-01-01,1929-12-31,ended
7004,1034348,1034351,1879-01-01,1888-12-31,ended
7004,1034350,1034351,1882-01-01,1888-12-31,ended
7004,1034350,1034353,1879-01-01,1905-12-31,ended
7004,1034352,1034353,1877-01-01,1905-12-31,ended
7004,1034352,1034355,1876-01-01,1905-12-31,ended
7004,1034354,1034355,1879-01-01,1924-12-31,ended
7004,1034354,1034357,1878-01-01,1924-12-31,ended
7004,1034356,1034357,1881-01-01,1933-12-31,ended
7004,1034356,1034359,1878-01-01,1938-12-31,ended
7004,1034358,1034359,1883-01-01,1896-12-31,ended
7004,1034358,1034361,1882-01-01,1896-12-31,ended
7004,1034360,1034361,1879-01-01,1922-12-31,ended
7004,1034360,1034363,1878-01-01,1953-12-31,ended
7004,1034362,1034363,1881-01-01,1932-12-31,ended
7004,1034362,1034365,1881-01-01,1932-12-31,ended
7004,1034364,1034365,1877-01-01,1937-12-31,ended
7004,1034364,1034367,1881-01-01,1912-12-31,ended
7004,1034366,1034367,1879-01-01,1912-12-31,ended
7004,1034366,1034369,1878-01-01,1925-12-31,ended
7004,1034368,1034369,1877-01-01,1916-12-31,ended
7004,1034370,1034371,1878-01-01,1918-12-31,ended
7004,1034372,1034373,1883-01-01,1900-12-31,ended
7004,1034374,1034375,1881-01-01,1900-12-31,ended
7004,1034376,1034377,1877-01-01,1929-12-31,ended
7004,1034378,1034379,1880-01-01,1923-12-31,ended
7004,1034380,1034381,1879-01-01,1904-12-31,ended
7004,1034382,1034383,1878-01-01,1932-12-31,ended
7004,1034384,1034385,1876-01-01,1911-12-31,ended
7004,1034386,1034387,1881-01-01,1919-12-31,ended
7004,1034388,1034389,1878-01-01,1890-12-31,ended
7004,1034390,1034391,1877-01-01,1925-12-31,ended
7004,1034392,1034393,1883-01-01,1905-12-31,ended
7004,1034394,1034395,1881-01-01,1902-12-31,ended
7004,1034396,1034397,1878-01-01,1926-12-31,ended
7004,1034398,1034399,1883-01-01,1924-12-31,ended
7004,1034400,1034401,1878-01-01,1934-12-31,ended
7004,1034402,1034403,1876-01-01,1903-12-31,ended
7004,1034404,1034405,1878-01-01,1907-12-31,ended
7004,1034406,1034407,1878-01-01,1929-12-31,ended
7004,1034408,1034409,1877-01-01,1938-12-31,ended
7004,1034411,1034412,1901-01-01,1961-12-31,ended
7004,1034413,1034414,1899-01-01,1933-12-31,ended
7004,1034415,1034416,1904-01-01,1921-12-31,ended
7004,1034417,1034418,1901-01-01,1950-12-31,ended
7004,1034419,1034420,1903-01-01,1906-12-31,ended
7004,1034421,1034422,1901-01-01,1925-12-31,ended
7004,1034423,1034424,1901-01-01,1919-12-31,ended
7004,1034425,1034426,1904-01-01,1919-12-31,ended
7004,1034427,1034428,1900-01-01,1937-12-31,ended
7004,1034429,1034430,1900-01-01,1931-12-31,ended
7004,1034431,1034432,1900-01-01,1921-12-31,ended
7004,1034433,1034434,1899-01-01,1916-12-31,ended
7004,1034435,1034436,1901-01-01,1920-12-31,ended
7004,1034437,1034438,1900-01-01,1937-12-31,ended
7004,1034439,1034440,1901-01-01,1937-12-31,ended
7004,1034441,1034442,1898-01-01,1922-12-31,ended
7004,1034443,1034444,1903-01-01,1903-12-31,ended
7004,1034445,1034446,1904-01-01,1942-12-31,ended
7004,1034447,1034448,1902-01-01,1911-12-31,ended
7004,1034449,1034450,1901-01-01,1937-12-31,ended
7004,1034451,1034452,1903-01-01,1931-12-31,ended
7004,1034453,1034454,1902-01-01,1939-12-31,ended
7004,1034455,1034456,1898-01-01,1942-12-31,ended
7004,1034457,1034458,1901-01-01,1963-12-31,ended
7004,1034459,1034460,1901-01-01,1906-12-31,ended
7004,1034461,1034462,1900-01-01,1916-12-31,ended
7004,1034463,1034464,1903-01-01,1930-12-31,ended
7004,1034465,1034466,1901-01-01,1936-12-31,ended
7004,1034467,1034468,1899-01-01,1940-12-31,ended
7004,1034469,1034470,1898-01-01,1942-12-31,ended
7004,1034471,1034472,1900-01-01,1918-12-31,ended
7004,1034473,1034474,1904-01-01,1957-12-31,ended
7004,1034475,1034476,1900-01-01,1912-12-31,ended
7004,1034477,1034478,1904-01-01,1948-12-31,ended
7004,1034479,1034480,1901-01-01,1936-12-31,ended
7004,1034481,1034482,1900-01-01,1939-12-31,ended
7004,1034483,1034484,1897-01-01,1937-12-31,ended
7004,1034485,1034486,1899-01-01,1917-12-31,ended
7004,1034487,1034488,1898-01-01,1939-12-31,ended
7004,1034489,1034490,1900-01-01,1932-12-31,ended
7004,1034491,1034492,1898-01-01,1933-12-31,ended
7004,1034493,1034494,1898-01-01,1944-12-31,ended
7004,1034495,1034496,1899-01-01,1951-12-31,ended
7004,1034497,1034498,1901-01-01,1919-12-31,ended
7004,1034499,1034500,1900-01-01,1959-12-31,ended
7004,1034501,1034502,1902-01-01,1939-12-31,ended
7004,1034503,1034504,1900-01-01,1913-12-31,ended
7004,1034505,1034506,1903-01-01,1967-12-31,ended
7004,1034507,1034508,1900-01-01,1929-12-31,ended
7004,1034509,1034510,1900-01-01,1911-12-31,ended
7004,1034511,1034512,1903-01-01,1949-12-31,ended
7004,1034513,1034514,1902-01-01,1922-12-31,ended
7004,1034515,1034516,1898-01-01,1938-12-31,ended
7004,1034517,1034518,1903-01-01,1936-12-31,ended
7004,1034519,1034520,1899-01-01,1935-12-31,ended
7004,1034521,1034522,1898-01-01,1954-12-31,ended
7004,1034523,1034524,1902-01-01,1973-12-31,ended
7004,1034525,1034526,1902-01-01,1927-12-31,ended
7004,1034527,1034528,1899-01-01,1940-12-31,ended
7004,1034529,1034530,1899-01-01,1907-12-31,ended
7004,1034531,1034532,1902-01-01,1953-12-31,ended
7004,1034533,1034534,1899-01-01,1966-12-31,ended
7004,1034535,1034536,1901-01-01,1922-12-31,ended
7004,1034537,1034538,1901-01-01,1940-12-31,ended
7004,1034539,1034540,1903-01-01,1925-12-31,ended
7004,1034541,1034542,1898-01-01,1961-12-31,ended
7004,1034543,1034544,1904-01-01,1929-12-31,ended
7004,1034545,1034546,1900-01-01,1931-12-31,ended
7004,1034547,1034548,1898-01-01,1944-12-31,ended
7004,1034549,1034550,1900-01-01,1919-12-31,ended
7004,1034551,1034552,1902-01-01,1935-12-31,ended
7004,1034553,1034554,1900-01-01,1920-12-31,ended
7004,1034555,1034556,1899-01-01,1901-12-31,ended
7004,1034557,1034558,1920-01-01,1958-12-31,ended
7004,1034559,1034560,1925-01-01,1970-12-31,ended
7004,1034561,1034562,1922-01-01,1930-12-31,ended
7004,1034563,1034564,1921-01-01,1961-12-31,ended
7004,1034565,1034566,1924-01-01,1927-12-31,ended
7004,1034567,1034568,1922-01-01,1971-12-31,ended
7004,1034569,1034570,1922-01-01,1967-12-31,ended
7004,1034571,1034572,1921-01-01,1977-12-31,ended
7004,1034573,1034574,1919-01-01,1990-12-31,ended
7004,1034575,1034576,1923-01-01,1940-12-31,ended
7004,1034577,1034578,1924-01-01,1987-12-31,ended
7004,1034579,1034580,1919-01-01,1970-12-31,ended
7004,1034581,1034582,1920-01-01,1939-12-31,ended
7004,1034583,1034584,1925-01-01,1937-12-31,ended
7004,1034585,1034586,1925-01-01,1947-12-31,ended
7004,1034587,1034588,1920-01-01,1968-12-31,ended
7004,1034589,1034590,1923-01-01,1957-12-31,ended
7004,1034591,1034592,1920-01-01,1977-12-31,ended
7004,1034593,1034594,1924-01-01,1940-12-31,ended
7004,1034595,1034596,1920-01-01,1961-12-31,ended
7004,1034597,1034598,1922-01-01,1941-12-31,ended
7004,1034599,1034600,1922-01-01,1967-12-31,ended
7004,1034601,1034602,1924-01-01,1941-12-31,ended
7004,1034603,1034604,1921-01-01,1937-12-31,ended
7004,1034605,1034606,1920-01-01,1963-12-31,ended
7004,1034607,1034608,1922-01-01,1988-12-31,ended
7004,1034609,1034610,1921-01-01,1932-12-31,ended
7004,1034611,1034612,1920-01-01,1937-12-31,ended
7004,1034613,1034614,1925-01-01,1974-12-31,ended
7004,1034615,1034616,1919-01-01,1952-12-31,ended
7004,1034617,1034618,1924-01-01,1957-12-31,ended
7004,1034619,1034620,1924-01-01,1971-12-31,ended
7004,1034621,1034622,1922-01-01,1933-12-31,ended
7004,1034623,1034624,1919-01-01,1970-12-31,ended
7004,1034625,1034626,1925-01-01,1956-12-31,ended
7004,1034627,1034628,1920-01-01,1951-12-31,ended
7004,1034629,1034630,1921-01-01,1976-12-31,ended
7004,1034631,1034632,1922-01-01,1959-12-31,ended
7004,1034633,1034634,1920-01-01,1936-12-31,ended
7004,1034635,1034636,1922-01-01,1959-12-31,ended
7004,1034637,1034638,1919-01-01,1963-12-31,ended
7004,1034639,1034640,1919-01-01,1951-12-31,ended
7004,1034641,1034642,1919-01-01,1925-12-31,ended
7004,1034643,1034644,1924-01-01,1940-12-31,ended
7004,1034645,1034646,1923-01-01,1957-12-31,ended
7004,1034647,1034648,1924-01-01,1989-12-31,ended
7004,1034649,1034650,1920-01-01,1965-12-31,ended
7004,1034651,1034652,1919-01-01,1979-12-31,ended
7004,1034653,1034654,1923-01-01,1931-12-31,ended
7004,1034655,1034656,1924-01-01,1991-12-31,ended
7004,1034657,1034658,1919-01-01,1955-12-31,ended
7004,1034659,1034660,1922-01-01,1976-12-31,ended
7004,1034661,1034662,1920-01-01,1966-12-31,ended
7004,1034663,1034664,1921-01-01,1939-12-31,ended
7004,1034665,1034666,1920-01-01,1963-12-31,ended
7004,1034667,1034668,1925-01-01,1933-12-31,ended
7004,1034669,1034670,1919-01-01,1954-12-31,ended
7004,1034671,1034672,1924-01-01,1973-12-31,ended
7004,1034673,1034674,1917-01-01,1961-12-31,ended
7004,1034675,1034676,1919-01-01,1952-12-31,ended
7004,1034677,1034678,1923-01-01,1959-12-31,ended
7004,1034679,1034680,1925-01-01,1972-12-31,ended
7004,1034681,1034682,1921-01-01,1969-12-31,ended
7004,1034683,1034684,1940-01-01,1983-12-31,ended
7004,1034683,1034686,1940-01-01,1978-12-31,ended
7004,1034684,1034787,1942-01-01,1983-12-31,ended
7004,1034685,1034686,1943-01-01,1978-12-31,ended
7004,1034685,1034688,1944-01-01,2002-12-31,ended
7004,1034687,1034688,1944-01-01,1998-12-31,ended
7004,1034687,1034690,1946-01-01,1997-12-31,ended
7004,1034689,1034690,1943-01-01,1986-12-31,ended
7004,1034689,1034692,1941-01-01,1986-12-31,ended
7004,1034691,1034692,1942-01-01,1994-12-31,ended
7004,1034691,1034694,1940-01-01,1975-12-31,ended
7004,1034693,1034694,1941-01-01,1955-12-31,ended
7004,1034693,1034696,1946-01-01,1955-12-31,ended
7004,1034695,1034696,1940-01-01,1960-12-31,ended
7004,1034695,1034698,1942-01-01,1976-12-31,ended
7004,1034697,1034698,1940-01-01,1976-12-31,ended
7004,1034697,1034700,1945-01-01,1978-12-31,ended
7004,1034699,1034700,1941-01-01,1978-12-31,ended
7004,1034699,1034702,1945-01-01,1986-12-31,ended
7004,1034701,1034702,1944-01-01,1988-12-31,ended
7004,1034701,1034704,1946-01-01,1988-12-31,ended
7004,1034703,1034704,1943-01-01,1992-12-31,ended
7004,1034703,1034706,1941-01-01,1992-12-31,ended
7004,1034705,1034706,1945-01-01,1993-12-31,ended
7004,1034705,1034708,1946-01-01,1980-12-31,ended
7004,1034707,1034708,1944-01-01,1980-12-31,ended
7004,1034707,1034710,1942-01-01,1998-12-31,ended
7004,1034709,1034710,1946-01-01,1969-12-31,ended
7004,1034709,1034712,1942-01-01,1969-12-31,ended
7004,1034711,1034712,1944-01-01,1986-12-31,ended
7004,1034711,1034714,1946-01-01,1992-12-31,ended
7004,1034713,1034714,1945-01-01,2007-12-31,ended
7004,1034713,1034716,1943-01-01,2001-12-31,ended
7004,1034715,1034716,1943-01-01,2001-12-31,ended
7004,1034715,1034718,1944-01-01,1963-12-31,ended
7004,1034717,1034718,1940-01-01,1963-12-31,ended
7004,1034717,1034720,1943-01-01,1995-12-31,ended
7004,1034719,1034720,1942-01-01,1999-12-31,ended
7004,1034719,1034722,1941-01-01,1989-12-31,ended
7004,1034721,1034722,1942-01-01,1989-12-31,ended
7004,1034721,1034724,1939-01-01,1953-12-31,ended
7004,1034723,1034724,1942-01-01,1953-12-31,ended
7004,1034723,1034726,1946-01-01,1989-12-31,ended
7004,1034725,1034726,1940-01-01,1995-12-31,ended
7004,1034725,1034728,1941-01-01,2000-12-31,ended
7004,1034727,1034728,1944-01-01,2000-12-31,ended
7004,1034727,1034730,1940-01-01,1997-12-31,ended
7004,1034729,1034730,1942-01-01,1969-12-31,ended
7004,1034729,1034732,1944-01-01,1969-12-31,ended
7004,1034731,1034732,1943-01-01,1980-12-31,ended
7004,1034731,1034734,1942-01-01,1980-12-31,ended
7004,1034733,1034734,1942-01-01,1953-12-31,ended
7004,1034733,1034736,1944-01-01,1953-12-31,ended
7004,1034735,1034736,1942-01-01,1963-12-31,ended
7004,1034735,1034738,1944-01-01,1999-12-31,ended
7004,1034737,1034738,1945-01-01,1977-12-31,ended
7004,1034737,1034740,1941-01-01,1977-12-31,ended
7004,1034739,1034740,1943-01-01,1951-12-31,ended
7004,1034739,1034742,1945-01-01,1951-12-31,ended
7004,1034741,1034742,1942-01-01,1949-12-31,ended
7004,1034741,1034744,1946-01-01,1949-12-31,ended
7004,1034743,1034744,1946-01-01,1998-12-31,ended
7004,1034743,1034746,1946-01-01,1974-12-31,ended
7004,1034745,1034746,1941-01-01,1974-12-31,ended
7004,1034747,1034748,1946-01-01,1968-12-31,ended
7004,1034749,1034750,1940-01-01,1990-12-31,ended
7004,1034751,1034752,1941-01-01,1971-12-31,ended
7004,1034753,1034754,1940-01-01,2005-12-31,ended
7004,1034755,1034756,1945-01-01,1957-12-31,ended
7004,1034757,1034758,1944-01-01,1972-12-31,ended
7004,1034759,1034760,1943-01-01,1994-12-31,ended
7004,1034761,1034762,1944-01-01,1968-12-31,ended
7004,1034763,1034764,1946-01-01,1969-12-31,ended
7004,1034765,1034766,1940-01-01,1957-12-31,ended
7004,1034767,1034768,1939-01-01,1995-12-31,ended
7004,1034769,1034770,1940-01-01,1966-12-31,ended
7004,1034771,1034772,1941-01-01,1996-12-31,ended
7004,1034773,1034774,1943-01-01,1982-12-31,ended
7004,1034775,1034776,1941-01-01,1990-12-31,ended
7004,1034777,1034778,1945-01-01,1959-12-31,ended
7004,1034779,1034780,1942-01-01,1958-12-31,ended
7004,1034781,1034782,1940-01-01,2001-12-31,ended
7004,1034783,1034784,1941-01-01,1974-12-31,ended
7004,1034785,1034786,1944-01-01,1998-12-31,ended
7004,1034788,1034789,1963-01-01,1971-12-31,ended
7004,1034790,1034791,1965-01-01,1980-12-31,ended
7004,1034792,1034793,1963-01-01,1988-12-31,ended
7004,1034794,1034795,1961-01-01,1983-12-31,ended
7004,1034796,1034797,1963-01-01,1994-12-31,ended
7004,1034798,1034799,1965-01-01,1988-12-31,ended
7004,1034800,1034801,1962-01-01,1989-12-31,ended
7004,1034802,1034803,1961-01-01,,active
7004,1034804,1034805,1966-01-01,1978-12-31,ended
7004,1034806,1034807,1963-01-01,1996-12-31,ended
7004,1034808,1034809,1964-01-01,2012-12-31,ended
7004,1034810,1034811,1965-01-01,1996-12-31,ended
7004,1034812,1034813,1961-01-01,1986-12-31,ended
7004,1034814,1034815,1962-01-01,1972-12-31,ended
7004,1034816,1034817,1964-01-01,1988-12-31,ended
7004,1034818,1034819,1961-01-01,1992-12-31,ended
7004,1034820,1034821,1964-01-01,1987-12-31,ended
7004,1034822,1034823,1965-01-01,1981-12-31,ended
7004,1034824,1034825,1965-01-01,2004-12-31,ended
7004,1034826,1034827,1964-01-01,1977-12-31,ended
7004,1034828,1034829,1965-01-01,,active
7004,1034830,1034831,1962-01-01,1973-12-31,ended
7004,1034832,1034833,1962-01-01,2021-12-31,ended
7004,1034834,1034835,1964-01-01,2004-12-31,ended
7004,1034836,1034837,1961-01-01,2004-12-31,ended
7004,1034838,1034839,1963-01-01,1991-12-31,ended
7004,1034840,1034841,1961-01-01,1998-12-31,ended
7004,1034842,1034843,1965-01-01,2006-12-31,ended
7004,1034844,1034845,1962-01-01,1991-12-31,ended
7004,1034846,1034847,1961-01-01,1971-12-31,ended
7004,1034848,1034849,1961-01-01,1995-12-31,ended
7004,1034850,1034851,1964-01-01,2001-12-31,ended
7004,1034852,1034853,1964-01-01,1981-12-31,ended
7004,1034854,1034855,1962-01-01,2021-12-31,ended
7004,1034856,1034857,1964-01-01,1998-12-31,ended
7004,1034858,1034859,1963-01-01,2020-12-31,ended
7004,1034860,1034861,1966-01-01,1998-12-31,ended
7004,1034862,1034863,1965-01-01,2002-12-31,ended
7004,1034864,1034865,1961-01-01,2020-12-31,ended
7004,1034866,1034867,1962-01-01,1987-12-31,ended
7004,1034868,1034869,1963-01-01,1984-12-31,ended
7004,1034870,1034871,1965-01-01,1997-12-31,ended
7004,1034872,1034873,1982-01-01,2006-12-31,ended
7004,1034874,1034875,1982-01-01,,active
7004,1034876,1034877,1986-01-01,,active
7004,1034878,1034879,1984-01-01,,active
7004,1034880,1034881,1982-01-01,,active
7004,1034882,1034883,1988-01-01,,active
7004,1034884,1034885,1987-01-01,,active
7004,1034886,1034887,1983-01-01,2015-12-31,ended
7004,1034888,1034889,1985-01-01,2021-12-31,ended
7004,1034890,1034891,1984-01-01,,active
7004,1034892,1034893,1986-01-01,,active
7004,1034894,1034895,1987-01-01,,active
7004,1034896,1034897,1984-01-01,2010-12-31,ended
7004,1034898,1034899,1982-01-01,,active
7004,1034900,1034901,1986-01-01,,active
7004,1034902,1034903,1983-01-01,2013-12-31,ended
7004,1034904,1034905,1985-01-01,,active
7004,1034906,1034907,1986-01-01,1996-12-31,ended
7004,1034908,1034909,1983-01-01,,active
7004,1034910,1034911,1982-01-01,2002-12-31,ended
7004,1034912,1034913,1988-01-01,,active
7004,1034914,1034915,1988-01-01,,active
7004,1034916,1034917,1986-01-01,2015-12-31,ended
7004,1034918,1034919,1986-01-01,,active
7004,1034920,1034921,1983-01-01,2015-12-31,ended
7004,1034922,1034923,1984-01-01,2010-12-31,ended
7004,1034924,1034925,1986-01-01,2006-12-31,ended
7004,1034926,1034927,1986-01-01,,active
7004,1034928,1034929,1985-01-01,1997-12-31,ended
7004,1034930,1034931,1988-01-01,2001-12-31,ended
7004,1034932,1034933,1982-01-01,,active
7004,1034934,1034935,1984-01-01,2005-12-31,ended
7004,1034936,1034937,2009-01-01,,active
7004,1034937,1034978,2005-01-01,,active
7004,1034938,1034939,2008-01-01,,active
7004,1034940,1034941,2005-01-01,,active
7004,1034942,1034943,2006-01-01,,active
7004,1034944,1034945,2009-01-01,,active
7004,1034946,1034947,2003-01-01,,active
7004,1034948,1034949,2007-01-01,,active
7004,1034950,1034951,2009-01-01,,active
7004,1034952,1034953,2003-01-01,,active
7004,1034954,1034955,2008-01-01,,active
7004,1034956,1034957,2007-01-01,,active
7004,1034958,1034959,2004-01-01,,active
7004,1034960,1034961,2008-01-01,2022-12-31,ended
7004,1034962,1034963,2003-01-01,,active
7004,1034964,1034965,2006-01-01,,active
7004,1034966,1034967,2007-01-01,,active
7004,1034968,1034969,2007-01-01,,active
7004,1034970,1034971,2004-01-01,,active
7004,1034972,1034973,2004-01-01,,active
7004,1034974,1034975,2006-01-01,,active
7004,1034976,1034977,2005-01-01,,active
