tree_id,parent_member_id,child_member_id,parent_role
7004,1030001,1030022,father
7004,1030001,1030033,father
7004,1030001,1030044,father
7004,1030001,1030055,father
7004,1030022,1030064,father
7004,1030022,1030085,father
7004,1030022,1030106,father
7004,1030033,1030069,mother
7004,1030033,1030090,mother
7004,1030033,1030111,mother
7004,1030044,1030075,father
7004,1030044,1030096,father
7004,1030044,1030117,father
7004,1030055,1030080,mother
7004,1030055,1030101,mother
7004,1030055,1030122,mother
7004,1030064,1030127,father
7004,1030064,1030159,father
7004,1030064,1030191,father
7004,1030069,1030129,mother
7004,1030069,1030160,mother
7004,1030069,1030191,mother
7004,1030075,1030132,mother
7004,1030075,1030163,mother
7004,1030075,1030194,mother
7004,1030080,1030135,father
7004,1030080,1030167,father
7004,1030080,1030199,father
7004,1030085,1030137,mother
7004,1030085,1030168,mother
7004,1030085,1030199,mother
7004,1030090,1030140,father
7004,1030090,1030172,father
7004,1030090,1030204,father
7004,1030096,1030143,father
7004,1030096,1030175,father
7004,1030096,1030207,father
7004,1030101,1030145,mother
7004,1030101,1030176,mother
7004,1030101,1030207,mother
7004,1030106,1030148,father
7004,1030106,1030180,father
7004,1030111,1030150,mother
7004,1030111,1030181,mother
7004,1030117,1030153,mother
7004,1030117,1030184,mother
7004,1030122,1030156,father
7004,1030122,1030188,father
7004,1030127,1030210,father
7004,1030127,1030252,father
7004,1030127,1030294,father
7004,1030129,1030211,father
7004,1030129,1030253,father
7004,1030129,1030295,father
7004,1030132,1030212,mother
7004,1030132,1030253,mother
7004,1030132,1030294,mother
7004,1030135,1030214,father
7004,1030135,1030256,father
7004,1030135,1030298,father
7004,1030137,1030215,father
7004,1030137,1030257,father
7004,1030137,1030299,father
7004,1030140,1030216,mother
7004,1030140,1030257,mother
7004,1030140,1030298,mother
7004,1030143,1030218,father
7004,1030143,1030260,father
7004,1030143,1030302,father
7004,1030145,1030219,father
7004,1030145,1030261,father
7004,1030145,1030303,father
7004,1030148,1030220,mother
7004,1030148,1030261,mother
7004,1030148,1030302,mother
7004,1030150,1030221,mother
7004,1030150,1030262,mother
7004,1030150,1030303,mother
7004,1030153,1030223,father
7004,1030153,1030265,father
7004,1030153,1030307,father
7004,1030156,1030224,mother
7004,1030156,1030265,mother
7004,1030156,1030306,mother
7004,1030159,1030226,father
7004,1030159,1030268,father
7004,1030159,1030310,father
7004,1030160,1030226,mother
7004,1030160,1030267,mother
7004,1030160,1030308,mother
7004,1030163,1030228,father
7004,1030163,1030270,father
7004,1030163,1030312,father
7004,1030167,1030230,father
7004,1030167,1030272,father
7004,1030168,1030230,mother
7004,1030168,1030271,mother
7004,1030168,1030312,mother
7004,1030172,1030232,mother
7004,1030172,1030273,mother
7004,1030175,1030234,father
7004,1030175,1030276,father
7004,1030176,1030234,mother
7004,1030176,1030275,mother
7004,1030180,1030236,mother
7004,1030180,1030277,mother
7004,1030181,1030237,father
7004,1030181,1030279,father
7004,1030184,1030238,mother
7004,1030184,1030279,mother
7004,1030188,1030240,mother
7004,1030188,1030281,mother
7004,1030191,1030242,father
7004,1030191,1030284,father
7004,1030194,1030243,mother
7004,1030194,1030284,mother
7004,1030199,1030246,father
7004,1030199,1030288,father
7004,1030204,1030248,mother
7004,1030204,1030289,mother
7004,1030207,1030250,father
7004,1030207,1030292,father
7004,1030210,1030314,father
7004,1030210,1030366,father
7004,1030210,1030418,father
7004,1030211,1030314,mother
7004,1030211,1030366,mother
7004,1030211,1030418,mother
7004,1030212,1030315,father
7004,1030212,1030367,father
7004,1030212,1030419,father
7004,1030214,1030316,father
7004,1030214,1030368,father
7004,1030214,1030420,father
7004,1030215,1030316,mother
7004,1030215,1030368,mother
7004,1030215,1030420,mother
7004,1030216,1030317,father
7004,1030216,1030369,father
7004,1030216,1030421,father
7004,1030218,1030318,father
7004,1030218,1030370,father
7004,1030218,1030422,father
7004,1030219,1030318,mother
7004,1030219,1030370,mother
7004,1030219,1030422,mother
7004,1030220,1030319,father
7004,1030220,1030371,father
7004,1030220,1030423,father
7004,1030221,1030319,mother
7004,1030221,1030371,mother
7004,1030221,1030423,mother
7004,1030223,1030320,mother
7004,1030223,1030372,mother
7004,1030223,1030424,mother
7004,1030224,1030321,father
7004,1030224,1030373,father
7004,1030224,1030425,father
7004,1030226,1030322,father
7004,1030226,1030374,father
7004,1030226,1030426,father
7004,1030228,1030323,father
7004,1030228,1030375,father
7004,1030228,1030427,father
7004,1030230,1030324,father
7004,1030230,1030376,father
7004,1030230,1030428,father
7004,1030232,1030325,father
7004,1030232,1030377,father
7004,1030232,1030429,father
7004,1030234,1030326,father
7004,1030234,1030378,father
7004,1030234,1030430,father
7004,1030236,1030327,father
7004,1030236,1030379,father
7004,1030236,1030431,father
7004,1030237,1030327,mother
7004,1030237,1030379,mother
7004,1030237,1030431,mother
7004,1030238,1030328,father
7004,1030238,1030380,father
7004,1030238,1030432,father
7004,1030240,1030329,father
7004,1030240,1030381,father
7004,1030240,1030433,father
7004,1030242,1030330,father
7004,1030242,1030382,father
7004,1030242,1030434,father
7004,1030243,1030330,mother
7004,1030243,1030382,mother
7004,1030243,1030434,mother
7004,1030246,1030332,father
7004,1030246,1030384,father
7004,1030246,1030436,father
7004,1030248,1030333,father
7004,1030248,1030385,father
7004,1030248,1030437,father
7004,1030250,1030334,father
7004,1030250,1030386,father
7004,1030250,1030438,father
7004,1030252,1030335,father
7004,1030252,1030387,father
7004,1030253,1030335,mother
7004,1030253,1030387,mother
7004,1030256,1030337,father
7004,1030256,1030389,father
7004,1030257,1030337,mother
7004,1030257,1030389,mother
7004,1030260,1030339,father
7004,1030260,1030391,father
7004,1030261,1030339,mother
7004,1030261,1030391,mother
7004,1030262,1030340,father
7004,1030262,1030392,father
7004,1030265,1030341,mother
7004,1030265,1030393,mother
7004,1030267,1030342,mother
7004,1030267,1030394,mother
7004,1030268,1030343,father
7004,1030268,1030395,father
7004,1030270,1030344,father
7004,1030270,1030396,father
7004,1030271,1030344,mother
7004,1030271,1030396,mother
7004,1030272,1030345,father
7004,1030272,1030397,father
7004,1030273,1030345,mother
7004,1030273,1030397,mother
7004,1030275,1030346,mother
7004,1030275,1030398,mother
7004,1030276,1030347,father
7004,1030276,1030399,father
7004,1030277,1030347,mother
7004,1030277,1030399,mother
7004,1030279,1030348,mother
7004,1030279,1030400,mother
7004,1030281,1030349,mother
7004,1030281,1030401,mother
7004,1030284,1030351,father
7004,1030284,1030403,father
7004,1030288,1030353,father
7004,1030288,1030405,father
7004,1030289,1030353,mother
7004,1030289,1030405,mother
7004,1030292,1030355,father
7004,1030292,1030407,father
7004,1030294,1030356,father
7004,1030294,1030408,father
7004,1030295,1030356,mother
7004,1030295,1030408,mother
7004,1030298,1030358,father
7004,1030298,1030410,father
7004,1030299,1030358,mother
7004,1030299,1030410,mother
7004,1030302,1030360,father
7004,1030302,1030412,father
7004,1030303,1030360,mother
7004,1030303,1030412,mother
7004,1030306,1030362,father
7004,1030306,1030414,father
7004,1030307,1030362,mother
7004,1030307,1030414,mother
7004,1030308,1030363,father
7004,1030308,1030415,father
7004,1030310,1030364,father
7004,1030310,1030416,father
7004,1030312,1030365,father
7004,1030312,1030417,father
7004,1030314,1030439,father
7004,1030314,1030502,father
7004,1030314,1030565,father
7004,1030315,1030439,mother
7004,1030315,1030501,mother
7004,1030315,1030563,mother
7004,1030316,1030440,father
7004,1030316,1030503,father
7004,1030316,1030566,father
7004,1030317,1030440,mother
7004,1030317,1030502,mother
7004,1030317,1030564,mother
7004,1030318,1030441,father
7004,1030318,1030504,father
7004,1030318,1030567,father
7004,1030319,1030441,mother
7004,1030319,1030503,mother
7004,1030319,1030565,mother
7004,1030320,1030442,father
7004,1030320,1030505,father
7004,1030320,1030568,father
7004,1030321,1030442,mother
7004,1030321,1030504,mother
7004,1030321,1030566,mother
7004,1030322,1030443,father
7004,1030322,1030506,father
7004,1030322,1030569,father
7004,1030323,1030443,mother
7004,1030323,1030505,mother
7004,1030323,1030567,mother
7004,1030324,1030444,father
7004,1030324,1030507,father
7004,1030324,1030570,father
7004,1030325,1030444,mother
7004,1030325,1030506,mother
7004,1030325,1030568,mother
7004,1030326,1030445,father
7004,1030326,1030508,father
7004,1030326,1030571,father
7004,1030327,1030445,mother
7004,1030327,1030507,mother
7004,1030327,1030569,mother
7004,1030328,1030446,father
7004,1030328,1030509,father
7004,1030328,1030572,father
7004,1030329,1030446,mother
7004,1030329,1030508,mother
7004,1030329,1030570,mother
7004,1030330,1030447,father
7004,1030330,1030510,father
7004,1030330,1030573,father
7004,1030332,1030448,father
7004,1030332,1030511,father
7004,1030332,1030574,father
7004,1030333,1030448,mother
7004,1030333,1030510,mother
7004,1030333,1030572,mother
7004,1030334,1030449,father
7004,1030334,1030512,father
7004,1030334,1030575,father
7004,1030335,1030449,mother
7004,1030335,1030511,mother
7004,1030335,1030573,mother
7004,1030337,1030450,mother
7004,1030337,1030512,mother
7004,1030337,1030574,mother
7004,1030339,1030451,mother
7004,1030339,1030513,mother
7004,1030339,1030575,mother
7004,1030340,1030452,father
7004,1030340,1030515,father
7004,1030340,1030578,father
7004,1030341,1030452,mother
7004,1030341,1030514,mother
7004,1030341,1030576,mother
7004,1030342,1030453,father
7004,1030342,1030516,father
7004,1030342,1030579,father
7004,1030343,1030453,mother
7004,1030343,1030515,mother
7004,1030343,1030577,mother
7004,1030344,1030454,father
7004,1030344,1030517,father
7004,1030344,1030580,father
7004,1030345,1030454,mother
7004,1030345,1030516,mother
7004,1030345,1030578,mother
7004,1030346,1030455,father
7004,1030346,1030518,father
7004,1030346,1030581,father
7004,1030347,1030455,mother
7004,1030347,1030517,mother
7004,1030347,1030579,mother
7004,1030348,1030456,father
7004,1030348,1030519,father
7004,1030348,1030582,father
7004,1030349,1030456,mother
7004,1030349,1030518,mother
7004,1030349,1030580,mother
7004,1030351,1030457,mother
7004,1030351,1030519,mother
7004,1030351,1030581,mother
7004,1030353,1030458,mother
7004,1030353,1030520,mother
7004,1030353,1030582,mother
7004,1030355,1030459,mother
7004,1030355,1030521,mother
7004,1030355,1030583,mother
7004,1030356,1030460,father
7004,1030356,1030523,father
7004,1030358,1030461,father
7004,1030358,1030524,father
7004,1030360,1030462,father
7004,1030360,1030525,father
7004,1030362,1030463,father
7004,1030362,1030526,father
7004,1030363,1030463,mother
7004,1030363,1030525,mother
7004,1030364,1030464,father
7004,1030364,1030527,father
7004,1030365,1030464,mother
7004,1030365,1030526,mother
7004,1030366,1030465,father
7004,1030366,1030528,father
7004,1030367,1030465,mother
7004,1030367,1030527,mother
7004,1030368,1030466,father
7004,1030368,1030529,father
7004,1030369,1030466,mother
7004,1030369,1030528,mother
7004,1030370,1030467,father
7004,1030370,1030530,father
7004,1030371,1030467,mother
7004,1030371,1030529,mother
7004,1030372,1030468,father
7004,1030372,1030531,father
7004,1030373,1030468,mother
7004,1030373,1030530,mother
7004,1030374,1030469,father
7004,1030374,1030532,father
7004,1030375,1030469,mother
7004,1030375,1030531,mother
7004,1030376,1030470,father
7004,1030376,1030533,father
7004,1030377,1030470,mother
7004,1030377,1030532,mother
7004,1030378,1030471,father
7004,1030378,1030534,father
7004,1030379,1030471,mother
7004,1030379,1030533,mother
7004,1030380,1030472,father
7004,1030380,1030535,father
7004,1030381,1030472,mother
7004,1030381,1030534,mother
7004,1030382,1030473,father
7004,1030382,1030536,father
7004,1030384,1030474,father
7004,1030384,1030537,father
7004,1030385,1030474,mother
7004,1030385,1030536,mother
7004,1030386,1030475,father
7004,1030386,1030538,father
7004,1030387,1030475,mother
7004,1030387,1030537,mother
7004,1030389,1030476,mother
7004,1030389,1030538,mother
7004,1030391,1030477,mother
7004,1030391,1030539,mother
7004,1030392,1030478,father
7004,1030392,1030541,father
7004,1030393,1030478,mother
7004,1030393,1030540,mother
7004,1030394,1030479,father
7004,1030394,1030542,father
7004,1030395,1030479,mother
7004,1030395,1030541,mother
7004,1030396,1030480,father
7004,1030396,1030543,father
7004,1030397,1030480,mother
7004,1030397,1030542,mother
7004,1030398,1030481,father
7004,1030398,1030544,father
7004,1030399,1030481,mother
7004,1030399,1030543,mother
7004,1030400,1030482,father
7004,1030400,1030545,father
7004,1030401,1030482,mother
7004,1030401,1030544,mother
7004,1030403,1030483,mother
7004,1030403,1030545,mother
7004,1030405,1030484,mother
7004,1030405,1030546,mother
7004,1030407,1030485,mother
7004,1030407,1030547,mother
7004,1030408,1030486,father
7004,1030408,1030549,father
7004,1030410,1030487,father
7004,1030410,1030550,father
7004,1030412,1030488,father
7004,1030412,1030551,father
7004,1030414,1030489,father
7004,1030414,1030552,father
7004,1030415,1030489,mother
7004,1030415,1030551,mother
7004,1030416,1030490,father
7004,1030416,1030553,father
7004,1030417,1030490,mother
7004,1030417,1030552,mother
7004,1030418,1030491,father
7004,1030418,1030554,father
7004,1030419,1030491,mother
7004,1030419,1030553,mother
7004,1030420,1030492,father
7004,1030420,1030555,father
7004,1030421,1030492,mother
7004,1030421,1030554,mother
7004,1030422,1030493,father
7004,1030422,1030556,father
7004,1030423,1030493,mother
7004,1030423,1030555,mother
7004,1030424,1030494,father
7004,1030424,1030557,father
7004,1030425,1030494,mother
7004,1030425,1030556,mother
7004,1030426,1030495,father
7004,1030426,1030558,father
7004,1030427,1030495,mother
7004,1030427,1030557,mother
7004,1030428,1030496,father
7004,1030428,1030559,father
7004,1030429,1030496,mother
7004,1030429,1030558,mother
7004,1030430,1030497,father
7004,1030430,1030560,father
7004,1030431,1030497,mother
7004,1030431,1030559,mother
7004,1030432,1030498,father
7004,1030432,1030561,father
7004,1030433,1030498,mother
7004,1030433,1030560,mother
7004,1030434,1030499,father
7004,1030434,1030562,father
7004,1030436,1030500,father
7004,1030436,1030563,father
7004,1030437,1030500,mother
7004,1030437,1030562,mother
7004,1030438,1030501,father
7004,1030438,1030564,father
7004,1030439,1030584,father
7004,1030439,1030657,father
7004,1030439,1030730,father
7004,1030440,1030584,mother
7004,1030440,1030656,mother
7004,1030440,1030728,mother
7004,1030441,1030585,father
7004,1030441,1030658,father
7004,1030441,1030731,father
7004,1030442,1030585,mother
7004,1030442,1030657,mother
7004,1030442,1030729,mother
7004,1030443,1030586,father
7004,1030443,1030659,father
7004,1030443,1030732,father
7004,1030444,1030586,mother
7004,1030444,1030658,mother
7004,1030444,1030730,mother
7004,1030445,1030587,father
7004,1030445,1030660,father
7004,1030445,1030733,father
7004,1030446,1030587,mother
7004,1030446,1030659,mother
7004,1030446,1030731,mother
7004,1030447,1030588,father
7004,1030447,1030661,father
7004,1030447,1030734,father
7004,1030448,1030588,mother
7004,1030448,1030660,mother
7004,1030448,1030732,mother
7004,1030449,1030589,father
7004,1030449,1030662,father
7004,1030449,1030735,father
7004,1030450,1030589,mother
7004,1030450,1030661,mother
7004,1030450,1030733,mother
7004,1030451,1030590,father
7004,1030451,1030663,father
7004,1030451,1030736,father
7004,1030452,1030590,mother
7004,1030452,1030662,mother
7004,1030452,1030734,mother
7004,1030453,1030591,father
7004,1030453,1030664,father
7004,1030453,1030737,father
7004,1030454,1030591,mother
7004,1030454,1030663,mother
7004,1030454,1030735,mother
7004,1030455,1030592,father
7004,1030455,1030665,father
7004,1030455,1030738,father
7004,1030456,1030592,mother
7004,1030456,1030664,mother
7004,1030456,1030736,mother
7004,1030457,1030593,father
7004,1030457,1030666,father
7004,1030457,1030739,father
7004,1030458,1030593,mother
7004,1030458,1030665,mother
7004,1030458,1030737,mother
7004,1030459,1030594,father
7004,1030459,1030667,father
7004,1030459,1030740,father
7004,1030460,1030594,mother
7004,1030460,1030666,mother
7004,1030460,1030738,mother
7004,1030461,1030595,father
7004,1030461,1030668,father
7004,1030461,1030741,father
7004,1030462,1030595,mother
7004,1030462,1030667,mother
7004,1030462,1030739,mother
7004,1030463,1030596,father
7004,1030463,1030669,father
7004,1030463,1030742,father
7004,1030464,1030596,mother
7004,1030464,1030668,mother
7004,1030464,1030740,mother
7004,1030465,1030597,father
7004,1030465,1030670,father
7004,1030465,1030743,father
7004,1030466,1030597,mother
7004,1030466,1030669,mother
7004,1030466,1030741,mother
7004,1030467,1030598,father
7004,1030467,1030671,father
7004,1030467,1030744,father
7004,1030468,1030598,mother
7004,1030468,1030670,mother
7004,1030468,1030742,mother
7004,1030469,1030599,father
7004,1030469,1030672,father
7004,1030469,1030745,father
7004,1030470,1030599,mother
7004,1030470,1030671,mother
7004,1030470,1030743,mother
7004,1030471,1030600,father
7004,1030471,1030673,father
7004,1030471,1030746,father
7004,1030472,1030600,mother
7004,1030472,1030672,mother
7004,1030472,1030744,mother
7004,1030473,1030601,father
7004,1030473,1030674,father
7004,1030473,1030747,father
7004,1030474,1030601,mother
7004,1030474,1030673,mother
7004,1030474,1030745,mother
7004,1030475,1030602,father
7004,1030475,1030675,father
7004,1030475,1030748,father
7004,1030476,1030602,mother
7004,1030476,1030674,mother
7004,1030476,1030746,mother
7004,1030477,1030603,father
7004,1030477,1030676,father
7004,1030477,1030749,father
7004,1030478,1030603,mother
7004,1030478,1030675,mother
7004,1030478,1030747,mother
7004,1030479,1030604,father
7004,1030479,1030677,father
7004,1030480,1030604,mother
7004,1030480,1030676,mother
7004,1030480,1030748,mother
7004,1030481,1030605,father
7004,1030481,1030678,father
7004,1030482,1030605,mother
7004,1030482,1030677,mother
7004,1030482,1030749,mother
7004,1030483,1030606,father
7004,1030483,1030679,father
7004,1030484,1030606,mother
7004,1030484,1030678,mother
7004,1030485,1030607,father
7004,1030485,1030680,father
7004,1030486,1030607,mother
7004,1030486,1030679,mother
7004,1030487,1030608,father
7004,1030487,1030681,father
7004,1030488,1030608,mother
7004,1030488,1030680,mother
7004,1030489,1030609,father
7004,1030489,1030682,father
7004,1030490,1030609,mother
7004,1030490,1030681,mother
7004,1030491,1030610,father
7004,1030491,1030683,father
7004,1030492,1030610,mother
7004,1030492,1030682,mother
7004,1030493,1030611,father
7004,1030493,1030684,father
7004,1030494,1030611,mother
7004,1030494,1030683,mother
7004,1030495,1030612,father
7004,1030495,1030685,father
7004,1030496,1030612,mother
7004,1030496,1030684,mother
7004,1030497,1030613,father
7004,1030497,1030686,father
7004,1030498,1030613,mother
7004,1030498,1030685,mother
7004,1030499,1030614,father
7004,1030499,1030687,father
7004,1030500,1030614,mother
7004,1030500,1030686,mother
7004,1030501,1030615,father
7004,1030501,1030688,father
7004,1030502,1030615,mother
7004,1030502,1030687,mother
7004,1030503,1030616,father
7004,1030503,1030689,father
7004,1030504,1030616,mother
7004,1030504,1030688,mother
7004,1030505,1030617,father
7004,1030505,1030690,father
7004,1030506,1030617,mother
7004,1030506,1030689,mother
7004,1030507,1030618,father
7004,1030507,1030691,father
7004,1030508,1030618,mother
7004,1030508,1030690,mother
7004,1030509,1030619,father
7004,1030509,1030692,father
7004,1030510,1030619,mother
7004,1030510,1030691,mother
7004,1030511,1030620,father
7004,1030511,1030693,father
7004,1030512,1030620,mother
7004,1030512,1030692,mother
7004,1030513,1030621,father
7004,1030513,1030694,father
7004,1030514,1030621,mother
7004,1030514,1030693,mother
7004,1030515,1030622,father
7004,1030515,1030695,father
7004,1030516,1030622,mother
7004,1030516,1030694,mother
7004,1030517,1030623,father
7004,1030517,1030696,father
7004,1030518,1030623,mother
7004,1030518,1030695,mother
7004,1030519,1030624,father
7004,1030519,1030697,father
7004,1030520,1030624,mother
7004,1030520,1030696,mother
7004,1030521,1030625,father
7004,1030521,1030698,father
7004,1030523,1030626,father
7004,1030523,1030699,father
7004,1030524,1030626,mother
7004,1030524,1030698,mother
7004,1030525,1030627,father
7004,1030525,1030700,father
7004,1030526,1030627,mother
7004,1030526,1030699,mother
7004,1030527,1030628,father
7004,1030527,1030701,father
7004,1030528,1030628,mother
7004,1030528,1030700,mother
7004,1030529,1030629,father
7004,1030529,1030702,father
7004,1030530,1030629,mother
7004,1030530,1030701,mother
7004,1030531,1030630,father
7004,1030531,1030703,father
7004,1030532,1030630,mother
7004,1030532,1030702,mother
7004,1030533,1030631,father
7004,1030533,1030704,father
7004,1030534,1030631,mother
7004,1030534,1030703,mother
7004,1030535,1030632,father
7004,1030535,1030705,father
7004,1030536,1030632,mother
7004,1030536,1030704,mother
7004,1030537,1030633,father
7004,1030537,1030706,father
7004,1030538,1030633,mother
7004,1030538,1030705,mother
7004,1030539,1030634,father
7004,1030539,1030707,father
7004,1030540,1030634,mother
7004,1030540,1030706,mother
7004,1030541,1030635,father
7004,1030541,1030708,father
7004,1030542,1030635,mother
7004,1030542,1030707,mother
7004,1030543,1030636,father
7004,1030543,1030709,father
7004,1030544,1030636,mother
7004,1030544,1030708,mother
7004,1030545,1030637,father
7004,1030545,1030710,father
7004,1030546,1030637,mother
7004,1030546,1030709,mother
7004,1030547,1030638,father
7004,1030547,1030711,father
7004,1030549,1030639,father
7004,1030549,1030712,father
7004,1030550,1030639,mother
7004,1030550,1030711,mother
7004,1030551,1030640,father
7004,1030551,1030713,father
7004,1030552,1030640,mother
7004,1030552,1030712,mother
7004,1030553,1030641,father
7004,1030553,1030714,father
7004,1030554,1030641,mother
7004,1030554,1030713,mother
7004,1030555,1030642,father
7004,1030555,1030715,father
7004,1030556,1030642,mother
7004,1030556,1030714,mother
7004,1030557,1030643,father
7004,1030557,1030716,father
7004,1030558,1030643,mother
7004,1030558,1030715,mother
7004,1030559,1030644,father
7004,1030559,1030717,father
7004,1030560,1030644,mother
7004,1030560,1030716,mother
7004,1030561,1030645,father
7004,1030561,1030718,father
7004,1030562,1030645,mother
7004,1030562,1030717,mother
7004,1030563,1030646,father
7004,1030563,1030719,father
7004,1030564,1030646,mother
7004,1030564,1030718,mother
7004,1030565,1030647,father
7004,1030565,1030720,father
7004,1030566,1030647,mother
7004,1030566,1030719,mother
7004,1030567,1030648,father
7004,1030567,1030721,father
7004,1030568,1030648,mother
7004,1030568,1030720,mother
7004,1030569,1030649,father
7004,1030569,1030722,father
7004,1030570,1030649,mother
7004,1030570,1030721,mother
7004,1030571,1030650,father
7004,1030571,1030723,father
7004,1030572,1030650,mother
7004,1030572,1030722,mother
7004,1030573,1030651,father
7004,1030573,1030724,father
7004,1030574,1030651,mother
7004,1030574,1030723,mother
7004,1030575,1030652,father
7004,1030575,1030725,father
7004,1030576,1030652,mother
7004,1030576,1030724,mother
7004,1030577,1030653,father
7004,1030577,1030726,father
7004,1030578,1030653,mother
7004,1030578,1030725,mother
7004,1030579,1030654,father
7004,1030579,1030727,father
7004,1030580,1030654,mother
7004,1030580,1030726,mother
7004,1030581,1030655,father
7004,1030581,1030728,father
7004,1030582,1030655,mother
7004,1030582,1030727,mother
7004,1030583,1030656,father
7004,1030583,1030729,father
7004,1030584,1030750,father
7004,1030584,1030833,father
7004,1030584,1030916,father
7004,1030585,1030750,mother
7004,1030585,1030833,mother
7004,1030585,1030916,mother
7004,1030586,1030751,father
7004,1030586,1030834,father
7004,1030586,1030917,father
7004,1030587,1030751,mother
7004,1030587,1030834,mother
7004,1030587,1030917,mother
7004,1030588,1030752,father
7004,1030588,1030835,father
7004,1030588,1030918,father
7004,1030589,1030752,mother
7004,1030589,1030835,mother
7004,1030589,1030918,mother
7004,1030590,1030753,father
7004,1030590,1030836,father
7004,1030590,1030919,father
7004,1030591,1030753,mother
7004,1030591,1030836,mother
7004,1030591,1030919,mother
7004,1030592,1030754,father
7004,1030592,1030837,father
7004,1030592,1030920,father
7004,1030593,1030754,mother
7004,1030593,1030837,mother
7004,1030593,1030920,mother
7004,1030594,1030755,father
7004,1030594,1030838,father
7004,1030594,1030921,father
7004,1030595,1030755,mother
7004,1030595,1030838,mother
7004,1030595,1030921,mother
7004,1030596,1030756,father
7004,1030596,1030839,father
7004,1030596,1030922,father
7004,1030597,1030756,mother
7004,1030597,1030839,mother
7004,1030597,1030922,mother
7004,1030598,1030757,father
7004,1030598,1030840,father
7004,1030598,1030923,father
7004,1030599,1030757,mother
7004,1030599,1030840,mother
7004,1030599,1030923,mother
7004,1030600,1030758,father
7004,1030600,1030841,father
7004,1030600,1030924,father
7004,1030601,1030758,mother
7004,1030601,1030841,mother
7004,1030601,1030924,mother
7004,1030602,1030759,father
7004,1030602,1030842,father
7004,1030602,1030925,father
7004,1030603,1030759,mother
7004,1030603,1030842,mother
7004,1030603,1030925,mother
7004,1030604,1030760,father
7004,1030604,1030843,father
7004,1030604,1030926,father
7004,1030605,1030760,mother
7004,1030605,1030843,mother
7004,1030605,1030926,mother
7004,1030606,1030761,father
7004,1030606,1030844,father
7004,1030606,1030927,father
7004,1030607,1030761,mother
7004,1030607,1030844,mother
7004,1030607,1030927,mother
7004,1030608,1030762,father
7004,1030608,1030845,father
7004,1030608,1030928,father
7004,1030609,1030762,mother
7004,1030609,1030845,mother
7004,1030609,1030928,mother
7004,1030610,1030763,father
7004,1030610,1030846,father
7004,1030610,1030929,father
7004,1030611,1030763,mother
7004,1030611,1030846,mother
7004,1030611,1030929,mother
7004,1030612,1030764,father
7004,1030612,1030847,father
7004,1030612,1030930,father
7004,1030613,1030764,mother
7004,1030613,1030847,mother
7004,1030613,1030930,mother
7004,1030614,1030765,father
7004,1030614,1030848,father
7004,1030614,1030931,father
7004,1030615,1030765,mother
7004,1030615,1030848,mother
7004,1030615,1030931,mother
7004,1030616,1030766,father
7004,1030616,1030849,father
7004,1030616,1030932,father
7004,1030617,1030766,mother
7004,1030617,1030849,mother
7004,1030617,1030932,mother
7004,1030618,1030767,father
7004,1030618,1030850,father
7004,1030618,1030933,father
7004,1030619,1030767,mother
7004,1030619,1030850,mother
7004,1030619,1030933,mother
7004,1030620,1030768,father
7004,1030620,1030851,father
7004,1030620,1030934,father
7004,1030621,1030768,mother
7004,1030621,1030851,mother
7004,1030621,1030934,mother
7004,1030622,1030769,father
7004,1030622,1030852,father
7004,1030622,1030935,father
7004,1030623,1030769,mother
7004,1030623,1030852,mother
7004,1030623,1030935,mother
7004,1030624,1030770,father
7004,1030624,1030853,father
7004,1030624,1030936,father
7004,1030625,1030770,mother
7004,1030625,1030853,mother
7004,1030625,1030936,mother
7004,1030626,1030771,father
7004,1030626,1030854,father
7004,1030627,1030771,mother
7004,1030627,1030854,mother
7004,1030628,1030772,father
7004,1030628,1030855,father
7004,1030629,1030772,mother
7004,1030629,1030855,mother
7004,1030630,1030773,father
7004,1030630,1030856,father
7004,1030631,1030773,mother
7004,1030631,1030856,mother
7004,1030632,1030774,father
7004,1030632,1030857,father
7004,1030633,1030774,mother
7004,1030633,1030857,mother
7004,1030634,1030775,father
7004,1030634,1030858,father
7004,1030635,1030775,mother
7004,1030635,1030858,mother
7004,1030636,1030776,father
7004,1030636,1030859,father
7004,1030637,1030776,mother
7004,1030637,1030859,mother
7004,1030638,1030777,father
7004,1030638,1030860,father
7004,1030639,1030777,mother
7004,1030639,1030860,mother
7004,1030640,1030778,father
7004,1030640,1030861,father
7004,1030641,1030778,mother
7004,1030641,1030861,mother
7004,1030642,1030779,father
7004,1030642,1030862,father
7004,1030643,1030779,mother
7004,1030643,1030862,mother
7004,1030644,1030780,father
7004,1030644,1030863,father
7004,1030645,1030780,mother
7004,1030645,1030863,mother
7004,1030646,1030781,father
7004,1030646,1030864,father
7004,1030647,1030781,mother
7004,1030647,1030864,mother
7004,1030648,1030782,father
7004,1030648,1030865,father
7004,1030649,1030782,mother
7004,1030649,1030865,mother
7004,1030650,1030783,father
7004,1030650,1030866,father
7004,1030651,1030783,mother
7004,1030651,1030866,mother
7004,1030652,1030784,father
7004,1030652,1030867,father
7004,1030653,1030784,mother
7004,1030653,1030867,mother
7004,1030654,1030785,father
7004,1030654,1030868,father
7004,1030655,1030785,mother
7004,1030655,1030868,mother
7004,1030656,1030786,father
7004,1030656,1030869,father
7004,1030657,1030786,mother
7004,1030657,1030869,mother
7004,1030658,1030787,father
7004,1030658,1030870,father
7004,1030659,1030787,mother
7004,1030659,1030870,mother
7004,1030660,1030788,father
7004,1030660,1030871,father
7004,1030661,1030788,mother
7004,1030661,1030871,mother
7004,1030662,1030789,father
7004,1030662,1030872,father
7004,1030663,1030789,mother
7004,1030663,1030872,mother
7004,1030664,1030790,father
7004,1030664,1030873,father
7004,1030665,1030790,mother
7004,1030665,1030873,mother
7004,1030666,1030791,father
7004,1030666,1030874,father
7004,1030667,1030791,mother
7004,1030667,1030874,mother
7004,1030668,1030792,father
7004,1030668,1030875,father
7004,1030669,1030792,mother
7004,1030669,1030875,mother
7004,1030670,1030793,father
7004,1030670,1030876,father
7004,1030671,1030793,mother
7004,1030671,1030876,mother
7004,1030672,1030794,father
7004,1030672,1030877,father
7004,1030673,1030794,mother
7004,1030673,1030877,mother
7004,1030674,1030795,father
7004,1030674,1030878,father
7004,1030675,1030795,mother
7004,1030675,1030878,mother
7004,1030676,1030796,father
7004,1030676,1030879,father
7004,1030677,1030796,mother
7004,1030677,1030879,mother
7004,1030678,1030797,father
7004,1030678,1030880,father
7004,1030679,1030797,mother
7004,1030679,1030880,mother
7004,1030680,1030798,father
7004,1030680,1030881,father
7004,1030681,1030798,mother
7004,1030681,1030881,mother
7004,1030682,1030799,father
7004,1030682,1030882,father
7004,1030683,1030799,mother
7004,1030683,1030882,mother
7004,1030684,1030800,father
7004,1030684,1030883,father
7004,1030685,1030800,mother
7004,1030685,1030883,mother
7004,1030686,1030801,father
7004,1030686,1030884,father
7004,1030687,1030801,mother
7004,1030687,1030884,mother
7004,1030688,1030802,father
7004,1030688,1030885,father
7004,1030689,1030802,mother
7004,1030689,1030885,mother
7004,1030690,1030803,father
7004,1030690,1030886,father
7004,1030691,1030803,mother
7004,1030691,1030886,mother
7004,1030692,1030804,father
7004,1030692,1030887,father
7004,1030693,1030804,mother
7004,1030693,1030887,mother
7004,1030694,1030805,father
7004,1030694,1030888,father
7004,1030695,1030805,mother
7004,1030695,1030888,mother
7004,1030696,1030806,father
7004,1030696,1030889,father
7004,1030697,1030806,mother
7004,1030697,1030889,mother
7004,1030698,1030807,father
7004,1030698,1030890,father
7004,1030699,1030807,mother
7004,1030699,1030890,mother
7004,1030700,1030808,father
7004,1030700,1030891,father
7004,1030701,1030808,mother
7004,1030701,1030891,mother
7004,1030702,1030809,father
7004,1030702,1030892,father
7004,1030703,1030809,mother
7004,1030703,1030892,mother
7004,1030704,1030810,father
7004,1030704,1030893,father
7004,1030705,1030810,mother
7004,1030705,1030893,mother
7004,1030706,1030811,father
7004,1030706,1030894,father
7004,1030707,1030811,mother
7004,1030707,1030894,mother
7004,1030708,1030812,father
7004,1030708,1030895,father
7004,1030709,1030812,mother
7004,1030709,1030895,mother
7004,1030710,1030813,father
7004,1030710,1030896,father
7004,1030711,1030813,mother
7004,1030711,1030896,mother
7004,1030712,1030814,father
7004,1030712,1030897,father
7004,1030713,1030814,mother
7004,1030713,1030897,mother
7004,1030714,1030815,father
7004,1030714,1030898,father
7004,1030715,1030815,mother
7004,1030715,1030898,mother
7004,1030716,1030816,father
7004,1030716,1030899,father
7004,1030717,1030816,mother
7004,1030717,1030899,mother
7004,1030718,1030817,father
7004,1030718,1030900,father
7004,1030719,1030817,mother
7004,1030719,1030900,mother
7004,1030720,1030818,father
7004,1030720,1030901,father
7004,1030721,1030818,mother
7004,1030721,1030901,mother
7004,1030722,1030819,father
7004,1030722,1030902,father
7004,1030723,1030819,mother
7004,1030723,1030902,mother
7004,1030724,1030820,father
7004,1030724,1030903,father
7004,1030725,1030820,mother
7004,1030725,1030903,mother
7004,1030726,1030821,father
7004,1030726,1030904,father
7004,1030727,1030821,mother
7004,1030727,1030904,mother
7004,1030728,1030822,father
7004,1030728,1030905,father
7004,1030729,1030822,mother
7004,1030729,1030905,mother
7004,1030730,1030823,father
7004,1030730,1030906,father
7004,1030731,1030823,mother
7004,1030731,1030906,mother
7004,1030732,1030824,father
7004,1030732,1030907,father
7004,1030733,1030824,mother
7004,1030733,1030907,mother
7004,1030734,1030825,father
7004,1030734,1030908,father
7004,1030735,1030825,mother
7004,1030735,1030908,mother
7004,1030736,1030826,father
7004,1030736,1030909,father
7004,1030737,1030826,mother
7004,1030737,1030909,mother
7004,1030738,1030827,father
7004,1030738,1030910,father
7004,1030739,1030827,mother
7004,1030739,1030910,mother
7004,1030740,1030828,father
7004,1030740,1030911,father
7004,1030741,1030828,mother
7004,1030741,1030911,mother
7004,1030742,1030829,father
7004,1030742,1030912,father
7004,1030743,1030829,mother
7004,1030743,1030912,mother
7004,1030744,1030830,father
7004,1030744,1030913,father
7004,1030745,1030830,mother
7004,1030745,1030913,mother
7004,1030746,1030831,father
7004,1030746,1030914,father
7004,1030747,1030831,mother
7004,1030747,1030914,mother
7004,1030748,1030832,father
7004,1030748,1030915,father
7004,1030749,1030832,mother
7004,1030749,1030915,mother
7004,1030750,1030937,father
7004,1030750,1031031,father
7004,1030750,1031125,father
7004,1030751,1030937,mother
7004,1030751,1031030,mother
7004,1030751,1031123,mother
7004,1030752,1030938,father
7004,1030752,1031032,father
7004,1030752,1031126,father
7004,1030753,1030938,mother
7004,1030753,1031031,mother
7004,1030753,1031124,mother
7004,1030754,1030939,father
7004,1030754,1031033,father
7004,1030754,1031127,father
7004,1030755,1030939,mother
7004,1030755,1031032,mother
7004,1030755,1031125,mother
7004,1030756,1030940,father
7004,1030756,1031034,father
7004,1030756,1031128,father
7004,1030757,1030940,mother
7004,1030757,1031033,mother
7004,1030757,1031126,mother
7004,1030758,1030941,father
7004,1030758,1031035,father
7004,1030758,1031129,father
7004,1030759,1030941,mother
7004,1030759,1031034,mother
7004,1030759,1031127,mother
7004,1030760,1030942,father
7004,1030760,1031036,father
7004,1030760,1031130,father
7004,1030761,1030942,mother
7004,1030761,1031035,mother
7004,1030761,1031128,mother
7004,1030762,1030943,father
7004,1030762,1031037,father
7004,1030762,1031131,father
7004,1030763,1030943,mother
7004,1030763,1031036,mother
7004,1030763,1031129,mother
7004,1030764,1030944,father
7004,1030764,1031038,father
7004,1030764,1031132,father
7004,1030765,1030944,mother
7004,1030765,1031037,mother
7004,1030765,1031130,mother
7004,1030766,1030945,father
7004,1030766,1031039,father
7004,1030766,1031133,father
7004,1030767,1030945,mother
7004,1030767,1031038,mother
7004,1030767,1031131,mother
7004,1030768,1030946,father
7004,1030768,1031040,father
7004,1030768,1031134,father
7004,1030769,1030946,mother
7004,1030769,1031039,mother
7004,1030769,1031132,mother
7004,1030770,1030947,father
7004,1030770,1031041,father
7004,1030770,1031135,father
7004,1030771,1030947,mother
7004,1030771,1031040,mother
7004,1030771,1031133,mother
7004,1030772,1030948,father
7004,1030772,1031042,father
7004,1030772,1031136,father
7004,1030773,1030948,mother
7004,1030773,1031041,mother
7004,1030773,1031134,mother
7004,1030774,1030949,father
7004,1030774,1031043,father
7004,1030774,1031137,father
7004,1030775,1030949,mother
7004,1030775,1031042,mother
7004,1030775,1031135,mother
7004,1030776,1030950,father
7004,1030776,1031044,father
7004,1030776,1031138,father
7004,1030777,1030950,mother
7004,1030777,1031043,mother
7004,1030777,1031136,mother
7004,1030778,1030951,father
7004,1030778,1031045,father
7004,1030778,1031139,father
7004,1030779,1030951,mother
7004,1030779,1031044,mother
7004,1030779,1031137,mother
7004,1030780,1030952,father
7004,1030780,1031046,father
7004,1030780,1031140,father
7004,1030781,1030952,mother
7004,1030781,1031045,mother
7004,1030781,1031138,mother
7004,1030782,1030953,father
7004,1030782,1031047,father
7004,1030782,1031141,father
7004,1030783,1030953,mother
7004,1030783,1031046,mother
7004,1030783,1031139,mother
7004,1030784,1030954,father
7004,1030784,1031048,father
7004,1030784,1031142,father
7004,1030785,1030954,mother
7004,1030785,1031047,mother
7004,1030785,1031140,mother
7004,1030786,1030955,father
7004,1030786,1031049,father
7004,1030786,1031143,father
7004,1030787,1030955,mother
7004,1030787,1031048,mother
7004,1030787,1031141,mother
7004,1030788,1030956,father
7004,1030788,1031050,father
7004,1030788,1031144,father
7004,1030789,1030956,mother
7004,1030789,1031049,mother
7004,1030789,1031142,mother
7004,1030790,1030957,father
7004,1030790,1031051,father
7004,1030791,1030957,mother
7004,1030791,1031050,mother
7004,1030791,1031143,mother
7004,1030792,1030958,father
7004,1030792,1031052,father
7004,1030793,1030958,mother
7004,1030793,1031051,mother
7004,1030793,1031144,mother
7004,1030794,1030959,father
7004,1030794,1031053,father
7004,1030795,1030959,mother
7004,1030795,1031052,mother
7004,1030796,1030960,father
7004,1030796,1031054,father
7004,1030797,1030960,mother
7004,1030797,1031053,mother
7004,1030798,1030961,father
7004,1030798,1031055,father
7004,1030799,1030961,mother
7004,1030799,1031054,mother
7004,1030800,1030962,father
7004,1030800,1031056,father
7004,1030801,1030962,mother
7004,1030801,1031055,mother
7004,1030802,1030963,father
7004,1030802,1031057,father
7004,1030803,1030963,mother
7004,1030803,1031056,mother
7004,1030804,1030964,father
7004,1030804,1031058,father
7004,1030805,1030964,mother
7004,1030805,1031057,mother
7004,1030806,1030965,father
7004,1030806,1031059,father
7004,1030807,1030965,mother
7004,1030807,1031058,mother
7004,1030808,1030966,father
7004,1030808,1031060,father
7004,1030809,1030966,mother
7004,1030809,1031059,mother
7004,1030810,1030967,father
7004,1030810,1031061,father
7004,1030811,1030967,mother
7004,1030811,1031060,mother
7004,1030812,1030968,father
7004,1030812,1031062,father
7004,1030813,1030968,mother
7004,1030813,1031061,mother
7004,1030814,1030969,father
7004,1030814,1031063,father
7004,1030815,1030969,mother
7004,1030815,1031062,mother
7004,1030816,1030970,father
7004,1030816,1031064,father
7004,1030817,1030970,mother
7004,1030817,1031063,mother
7004,1030818,1030971,father
7004,1030818,1031065,father
7004,1030819,1030971,mother
7004,1030819,1031064,mother
7004,1030820,1030972,father
7004,1030820,1031066,father
7004,1030821,1030972,mother
7004,1030821,1031065,mother
7004,1030822,1030973,father
7004,1030822,1031067,father
7004,1030823,1030973,mother
7004,1030823,1031066,mother
7004,1030824,1030974,father
7004,1030824,1031068,father
7004,1030825,1030974,mother
7004,1030825,1031067,mother
7004,1030826,1030975,father
7004,1030826,1031069,father
7004,1030827,1030975,mother
7004,1030827,1031068,mother
7004,1030828,1030976,father
7004,1030828,1031070,father
7004,1030829,1030976,mother
7004,1030829,1031069,mother
7004,1030830,1030977,father
7004,1030830,1031071,father
7004,1030831,1030977,mother
7004,1030831,1031070,mother
7004,1030832,1030978,father
7004,1030832,1031072,father
7004,1030833,1030978,mother
7004,1030833,1031071,mother
7004,1030834,1030979,father
7004,1030834,1031073,father
7004,1030835,1030979,mother
7004,1030835,1031072,mother
7004,1030836,1030980,father
7004,1030836,1031074,father
7004,1030837,1030980,mother
7004,1030837,1031073,mother
7004,1030838,1030981,father
7004,1030838,1031075,father
7004,1030839,1030981,mother
7004,1030839,1031074,mother
7004,1030840,1030982,father
7004,1030840,1031076,father
7004,1030841,1030982,mother
7004,1030841,1031075,mother
7004,1030842,1030983,father
7004,1030842,1031077,father
7004,1030843,1030983,mother
7004,1030843,1031076,mother
7004,1030844,1030984,father
7004,1030844,1031078,father
7004,1030845,1030984,mother
7004,1030845,1031077,mother
7004,1030846,1030985,father
7004,1030846,1031079,father
7004,1030847,1030985,mother
7004,1030847,1031078,mother
7004,1030848,1030986,father
7004,1030848,1031080,father
7004,1030849,1030986,mother
7004,1030849,1031079,mother
7004,1030850,1030987,father
7004,1030850,1031081,father
7004,1030851,1030987,mother
7004,1030851,1031080,mother
7004,1030852,1030988,father
7004,1030852,1031082,father
7004,1030853,1030988,mother
7004,1030853,1031081,mother
7004,1030854,1030989,father
7004,1030854,1031083,father
7004,1030855,1030989,mother
7004,1030855,1031082,mother
7004,1030856,1030990,father
7004,1030856,1031084,father
7004,1030857,1030990,mother
7004,1030857,1031083,mother
7004,1030858,1030991,father
7004,1030858,1031085,father
7004,1030859,1030991,mother
7004,1030859,1031084,mother
7004,1030860,1030992,father
7004,1030860,1031086,father
7004,1030861,1030992,mother
7004,1030861,1031085,mother
7004,1030862,1030993,father
7004,1030862,1031087,father
7004,1030863,1030993,mother
7004,1030863,1031086,mother
7004,1030864,1030994,father
7004,1030864,1031088,father
7004,1030865,1030994,mother
7004,1030865,1031087,mother
7004,1030866,1030995,father
7004,1030866,1031089,father
7004,1030867,1030995,mother
7004,1030867,1031088,mother
7004,1030868,1030996,father
7004,1030868,1031090,father
7004,1030869,1030996,mother
7004,1030869,1031089,mother
7004,1030870,1030997,father
7004,1030870,1031091,father
7004,1030871,1030997,mother
7004,1030871,1031090,mother
7004,1030872,1030998,father
7004,1030872,1031092,father
7004,1030873,1030998,mother
7004,1030873,1031091,mother
7004,1030874,1030999,father
7004,1030874,1031093,father
7004,1030875,1030999,mother
7004,1030875,1031092,mother
7004,1030876,1031000,father
7004,1030876,1031094,father
7004,1030877,1031000,mother
7004,1030877,1031093,mother
7004,1030878,1031001,father
7004,1030878,1031095,father
7004,1030879,1031001,mother
7004,1030879,1031094,mother
7004,1030880,1031002,father
7004,1030880,1031096,father
7004,1030881,1031002,mother
7004,1030881,1031095,mother
7004,1030882,1031003,father
7004,1030882,1031097,father
7004,1030883,1031003,mother
7004,1030883,1031096,mother
7004,1030884,1031004,father
7004,1030884,1031098,father
7004,1030885,1031004,mother
7004,1030885,1031097,mother
7004,1030886,1031005,father
7004,1030886,1031099,father
7004,1030887,1031005,mother
7004,1030887,1031098,mother
7004,1030888,1031006,father
7004,1030888,1031100,father
7004,1030889,1031006,mother
7004,1030889,1031099,mother
7004,1030890,1031007,father
7004,1030890,1031101,father
7004,1030891,1031007,mother
7004,1030891,1031100,mother
7004,1030892,1031008,father
7004,1030892,1031102,father
7004,1030893,1031008,mother
7004,1030893,1031101,mother
7004,1030894,1031009,father
7004,1030894,1031103,father
7004,1030895,1031009,mother
7004,1030895,1031102,mother
7004,1030896,1031010,father
7004,1030896,1031104,father
7004,1030897,1031010,mother
7004,1030897,1031103,mother
7004,1030898,1031011,father
7004,1030898,1031105,father
7004,1030899,1031011,mother
7004,1030899,1031104,mother
7004,1030900,1031012,father
7004,1030900,1031106,father
7004,1030901,1031012,mother
7004,1030901,1031105,mother
7004,1030902,1031013,father
7004,1030902,1031107,father
7004,1030903,1031013,mother
7004,1030903,1031106,mother
7004,1030904,1031014,father
7004,1030904,1031108,father
7004,1030905,1031014,mother
7004,1030905,1031107,mother
7004,1030906,1031015,father
7004,1030906,1031109,father
7004,1030907,1031015,mother
7004,1030907,1031108,mother
7004,1030908,1031016,father
7004,1030908,1031110,father
7004,1030909,1031016,mother
7004,1030909,1031109,mother
7004,1030910,1031017,father
7004,1030910,1031111,father
7004,1030911,1031017,mother
7004,1030911,1031110,mother
7004,1030912,1031018,father
7004,1030912,1031112,father
7004,1030913,1031018,mother
7004,1030913,1031111,mother
7004,1030914,1031019,father
7004,1030914,1031113,father
7004,1030915,1031019,mother
7004,1030915,1031112,mother
7004,1030916,1031020,father
7004,1030916,1031114,father
7004,1030917,1031020,mother
7004,1030917,1031113,mother
7004,1030918,1031021,father
7004,1030918,1031115,father
7004,1030919,1031021,mother
7004,1030919,1031114,mother
7004,1030920,1031022,father
7004,1030920,1031116,father
7004,1030921,1031022,mother
7004,1030921,1031115,mother
7004,1030922,1031023,father
7004,1030922,1031117,father
7004,1030923,1031023,mother
7004,1030923,1031116,mother
7004,1030924,1031024,father
7004,1030924,1031118,father
7004,1030925,1031024,mother
7004,1030925,1031117,mother
7004,1030926,1031025,father
7004,1030926,1031119,father
7004,1030927,1031025,mother
7004,1030927,1031118,mother
7004,1030928,1031026,father
7004,1030928,1031120,father
7004,1030929,1031026,mother
7004,1030929,1031119,mother
7004,1030930,1031027,father
7004,1030930,1031121,father
7004,1030931,1031027,mother
7004,1030931,1031120,mother
7004,1030932,1031028,father
7004,1030932,1031122,father
7004,1030933,1031028,mother
7004,1030933,1031121,mother
7004,1030934,1031029,father
7004,1030934,1031123,father
7004,1030935,1031029,mother
7004,1030935,1031122,mother
7004,1030936,1031030,father
7004,1030936,1031124,father
7004,1030937,1031145,father
7004,1030937,1031249,father
7004,1030937,1031353,father
7004,1030938,1031145,mother
7004,1030938,1031249,mother
7004,1030938,1031353,mother
7004,1030939,1031146,father
7004,1030939,1031250,father
7004,1030939,1031354,father
7004,1030940,1031146,mother
7004,1030940,1031250,mother
7004,1030940,1031354,mother
7004,1030941,1031147,father
7004,1030941,1031251,father
7004,1030941,1031355,father
7004,1030942,1031147,mother
7004,1030942,1031251,mother
7004,1030942,1031355,mother
7004,1030943,1031148,father
7004,1030943,1031252,father
7004,1030943,1031356,father
7004,1030944,1031148,mother
7004,1030944,1031252,mother
7004,1030944,1031356,mother
7004,1030945,1031149,father
7004,1030945,1031253,father
7004,1030945,1031357,father
7004,1030946,1031149,mother
7004,1030946,1031253,mother
7004,1030946,1031357,mother
7004,1030947,1031150,father
7004,1030947,1031254,father
7004,1030947,1031358,father
7004,1030948,1031150,mother
7004,1030948,1031254,mother
7004,1030948,1031358,mother
7004,1030949,1031151,father
7004,1030949,1031255,father
7004,1030949,1031359,father
7004,1030950,1031151,mother
7004,1030950,1031255,mother
7004,1030950,1031359,mother
7004,1030951,1031152,father
7004,1030951,1031256,father
7004,1030951,1031360,father
7004,1030952,1031152,mother
7004,1030952,1031256,mother
7004,1030952,1031360,mother
7004,1030953,1031153,father
7004,1030953,1031257,father
7004,1030953,1031361,father
7004,1030954,1031153,mother
7004,1030954,1031257,mother
7004,1030954,1031361,mother
7004,1030955,1031154,father
7004,1030955,1031258,father
7004,1030955,1031362,father
7004,1030956,1031154,mother
7004,1030956,1031258,mother
7004,1030956,1031362,mother
7004,1030957,1031155,father
7004,1030957,1031259,father
7004,1030957,1031363,father
7004,1030958,1031155,mother
7004,1030958,1031259,mother
7004,1030958,1031363,mother
7004,1030959,1031156,father
7004,1030959,1031260,father
7004,1030959,1031364,father
7004,1030960,1031156,mother
7004,1030960,1031260,mother
7004,1030960,1031364,mother
7004,1030961,1031157,father
7004,1030961,1031261,father
7004,1030961,1031365,father
7004,1030962,1031157,mother
7004,1030962,1031261,mother
7004,1030962,1031365,mother
7004,1030963,1031158,father
7004,1030963,1031262,father
7004,1030963,1031366,father
7004,1030964,1031158,mother
7004,1030964,1031262,mother
7004,1030964,1031366,mother
7004,1030965,1031159,father
7004,1030965,1031263,father
7004,1030965,1031367,father
7004,1030966,1031159,mother
7004,1030966,1031263,mother
7004,1030966,1031367,mother
7004,1030967,1031160,father
7004,1030967,1031264,father
7004,1030967,1031368,father
7004,1030968,1031160,mother
7004,1030968,1031264,mother
7004,1030968,1031368,mother
7004,1030969,1031161,father
7004,1030969,1031265,father
7004,1030969,1031369,father
7004,1030970,1031161,mother
7004,1030970,1031265,mother
7004,1030970,1031369,mother
7004,1030971,1031162,father
7004,1030971,1031266,father
7004,1030971,1031370,father
7004,1030972,1031162,mother
7004,1030972,1031266,mother
7004,1030972,1031370,mother
7004,1030973,1031163,father
7004,1030973,1031267,father
7004,1030973,1031371,father
7004,1030974,1031163,mother
7004,1030974,1031267,mother
7004,1030974,1031371,mother
7004,1030975,1031164,father
7004,1030975,1031268,father
7004,1030975,1031372,father
7004,1030976,1031164,mother
7004,1030976,1031268,mother
7004,1030976,1031372,mother
7004,1030977,1031165,father
7004,1030977,1031269,father
7004,1030978,1031165,mother
7004,1030978,1031269,mother
7004,1030979,1031166,father
7004,1030979,1031270,father
7004,1030980,1031166,mother
7004,1030980,1031270,mother
7004,1030981,1031167,father
7004,1030981,1031271,father
7004,1030982,1031167,mother
7004,1030982,1031271,mother
7004,1030983,1031168,father
7004,1030983,1031272,father
7004,1030984,1031168,mother
7004,1030984,1031272,mother
7004,1030985,1031169,father
7004,1030985,1031273,father
7004,1030986,1031169,mother
7004,1030986,1031273,mother
7004,1030987,1031170,father
7004,1030987,1031274,father
7004,1030988,1031170,mother
7004,1030988,1031274,mother
7004,1030989,1031171,father
7004,1030989,1031275,father
7004,1030990,1031171,mother
7004,1030990,1031275,mother
7004,1030991,1031172,father
7004,1030991,1031276,father
7004,1030992,1031172,mother
7004,1030992,1031276,mother
7004,1030993,1031173,father
7004,1030993,1031277,father
7004,1030994,1031173,mother
7004,1030994,1031277,mother
7004,1030995,1031174,father
7004,1030995,1031278,father
7004,1030996,1031174,mother
7004,1030996,1031278,mother
7004,1030997,1031175,father
7004,1030997,1031279,father
7004,1030998,1031175,mother
7004,1030998,1031279,mother
7004,1030999,1031176,father
7004,1030999,1031280,father
7004,1031000,1031176,mother
7004,1031000,1031280,mother
7004,1031001,1031177,father
7004,1031001,1031281,father
7004,1031002,1031177,mother
7004,1031002,1031281,mother
7004,1031003,1031178,father
7004,1031003,1031282,father
7004,1031004,1031178,mother
7004,1031004,1031282,mother
7004,1031005,1031179,father
7004,1031005,1031283,father
7004,1031006,1031179,mother
7004,1031006,1031283,mother
7004,1031007,1031180,father
7004,1031007,1031284,father
7004,1031008,1031180,mother
7004,1031008,1031284,mother
7004,1031009,1031181,father
7004,1031009,1031285,father
7004,1031010,1031181,mother
7004,1031010,1031285,mother
7004,1031011,1031182,father
7004,1031011,1031286,father
7004,1031012,1031182,mother
7004,1031012,1031286,mother
7004,1031013,1031183,father
7004,1031013,1031287,father
7004,1031014,1031183,mother
7004,1031014,1031287,mother
7004,1031015,1031184,father
7004,1031015,1031288,father
7004,1031016,1031184,mother
7004,1031016,1031288,mother
7004,1031017,1031185,father
7004,1031017,1031289,father
7004,1031018,1031185,mother
7004,1031018,1031289,mother
7004,1031019,1031186,father
7004,1031019,1031290,father
7004,1031020,1031186,mother
7004,1031020,1031290,mother
7004,1031021,1031187,father
7004,1031021,1031291,father
7004,1031022,1031187,mother
7004,1031022,1031291,mother
7004,1031023,1031188,father
7004,1031023,1031292,father
7004,1031024,1031188,mother
7004,1031024,1031292,mother
7004,1031025,1031189,father
7004,1031025,1031293,father
7004,1031026,1031189,mother
7004,1031026,1031293,mother
7004,1031027,1031190,father
7004,1031027,1031294,father
7004,1031028,1031190,mother
7004,1031028,1031294,mother
7004,1031029,1031191,father
7004,1031029,1031295,father
7004,1031030,1031191,mother
7004,1031030,1031295,mother
7004,1031031,1031192,father
7004,1031031,1031296,father
7004,1031032,1031192,mother
7004,1031032,1031296,mother
7004,1031033,1031193,father
7004,1031033,1031297,father
7004,1031034,1031193,mother
7004,1031034,1031297,mother
7004,1031035,1031194,father
7004,1031035,1031298,father
7004,1031036,1031194,mother
7004,1031036,1031298,mother
7004,1031037,1031195,father
7004,1031037,1031299,father
7004,1031038,1031195,mother
7004,1031038,1031299,mother
7004,1031039,1031196,father
7004,1031039,1031300,father
7004,1031040,1031196,mother
7004,1031040,1031300,mother
7004,1031041,1031197,father
7004,1031041,1031301,father
7004,1031042,1031197,mother
7004,1031042,1031301,mother
7004,1031043,1031198,father
7004,1031043,1031302,father
7004,1031044,1031198,mother
7004,1031044,1031302,mother
7004,1031045,1031199,father
7004,1031045,1031303,father
7004,1031046,1031199,mother
7004,1031046,1031303,mother
7004,1031047,1031200,father
7004,1031047,1031304,father
7004,1031048,1031200,mother
7004,1031048,1031304,mother
7004,1031049,1031201,father
7004,1031049,1031305,father
7004,1031050,1031201,mother
7004,1031050,1031305,mother
7004,1031051,1031202,father
7004,1031051,1031306,father
7004,1031052,1031202,mother
7004,1031052,1031306,mother
7004,1031053,1031203,father
7004,1031053,1031307,father
7004,1031054,1031203,mother
7004,1031054,1031307,mother
7004,1031055,1031204,father
7004,1031055,1031308,father
7004,1031056,1031204,mother
7004,1031056,1031308,mother
7004,1031057,1031205,father
7004,1031057,1031309,father
7004,1031058,1031205,mother
7004,1031058,1031309,mother
7004,1031059,1031206,father
7004,1031059,1031310,father
7004,1031060,1031206,mother
7004,1031060,1031310,mother
7004,1031061,1031207,father
7004,1031061,1031311,father
7004,1031062,1031207,mother
7004,1031062,1031311,mother
7004,1031063,1031208,father
7004,1031063,1031312,father
7004,1031064,1031208,mother
7004,1031064,1031312,mother
7004,1031065,1031209,father
7004,1031065,1031313,father
7004,1031066,1031209,mother
7004,1031066,1031313,mother
7004,1031067,1031210,father
7004,1031067,1031314,father
7004,1031068,1031210,mother
7004,1031068,1031314,mother
7004,1031069,1031211,father
7004,1031069,1031315,father
7004,1031070,1031211,mother
7004,1031070,1031315,mother
7004,1031071,1031212,father
7004,1031071,1031316,father
7004,1031072,1031212,mother
7004,1031072,1031316,mother
7004,1031073,1031213,father
7004,1031073,1031317,father
7004,1031074,1031213,mother
7004,1031074,1031317,mother
7004,1031075,1031214,father
7004,1031075,1031318,father
7004,1031076,1031214,mother
7004,1031076,1031318,mother
7004,1031077,1031215,father
7004,1031077,1031319,father
7004,1031078,1031215,mother
7004,1031078,1031319,mother
7004,1031079,1031216,father
7004,1031079,1031320,father
7004,1031080,1031216,mother
7004,1031080,1031320,mother
7004,1031081,1031217,father
7004,1031081,1031321,father
7004,1031082,1031217,mother
7004,1031082,1031321,mother
7004,1031083,1031218,father
7004,1031083,1031322,father
7004,1031084,1031218,mother
7004,1031084,1031322,mother
7004,1031085,1031219,father
7004,1031085,1031323,father
7004,1031086,1031219,mother
7004,1031086,1031323,mother
7004,1031087,1031220,father
7004,1031087,1031324,father
7004,1031088,1031220,mother
7004,1031088,1031324,mother
7004,1031089,1031221,father
7004,1031089,1031325,father
7004,1031090,1031221,mother
7004,1031090,1031325,mother
7004,1031091,1031222,father
7004,1031091,1031326,father
7004,1031092,1031222,mother
7004,1031092,1031326,mother
7004,1031093,1031223,father
7004,1031093,1031327,father
7004,1031094,1031223,mother
7004,1031094,1031327,mother
7004,1031095,1031224,father
7004,1031095,1031328,father
7004,1031096,1031224,mother
7004,1031096,1031328,mother
7004,1031097,1031225,father
7004,1031097,1031329,father
7004,1031098,1031225,mother
7004,1031098,1031329,mother
7004,1031099,1031226,father
7004,1031099,1031330,father
7004,1031100,1031226,mother
7004,1031100,1031330,mother
7004,1031101,1031227,father
7004,1031101,1031331,father
7004,1031102,1031227,mother
7004,1031102,1031331,mother
7004,1031103,1031228,father
7004,1031103,1031332,father
7004,1031104,1031228,mother
7004,1031104,1031332,mother
7004,1031105,1031229,father
7004,1031105,1031333,father
7004,1031106,1031229,mother
7004,1031106,1031333,mother
7004,1031107,1031230,father
7004,1031107,1031334,father
7004,1031108,1031230,mother
7004,1031108,1031334,mother
7004,1031109,1031231,father
7004,1031109,1031335,father
7004,1031110,1031231,mother
7004,1031110,1031335,mother
7004,1031111,1031232,father
7004,1031111,1031336,father
7004,1031112,1031232,mother
7004,1031112,1031336,mother
7004,1031113,1031233,father
7004,1031113,1031337,father
7004,1031114,1031233,mother
7004,1031114,1031337,mother
7004,1031115,1031234,father
7004,1031115,1031338,father
7004,1031116,1031234,mother
7004,1031116,1031338,mother
7004,1031117,1031235,father
7004,1031117,1031339,father
7004,1031118,1031235,mother
7004,1031118,1031339,mother
7004,1031119,1031236,father
7004,1031119,1031340,father
7004,1031120,1031236,mother
7004,1031120,1031340,mother
7004,1031121,1031237,father
7004,1031121,1031341,father
7004,1031122,1031237,mother
7004,1031122,1031341,mother
7004,1031123,1031238,father
7004,1031123,1031342,father
7004,1031124,1031238,mother
7004,1031124,1031342,mother
7004,1031125,1031239,father
7004,1031125,1031343,father
7004,1031126,1031239,mother
7004,1031126,1031343,mother
7004,1031127,1031240,father
7004,1031127,1031344,father
7004,1031128,1031240,mother
7004,1031128,1031344,mother
7004,1031129,1031241,father
7004,1031129,1031345,father
7004,1031130,1031241,mother
7004,1031130,1031345,mother
7004,1031131,1031242,father
7004,1031131,1031346,father
7004,1031132,1031242,mother
7004,1031132,1031346,mother
7004,1031133,1031243,father
7004,1031133,1031347,father
7004,1031134,1031243,mother
7004,1031134,1031347,mother
7004,1031135,1031244,father
7004,1031135,1031348,father
7004,1031136,1031244,mother
7004,1031136,1031348,mother
7004,1031137,1031245,father
7004,1031137,1031349,father
7004,1031138,1031245,mother
7004,1031138,1031349,mother
7004,1031139,1031246,father
7004,1031139,1031350,father
7004,1031140,1031246,mother
7004,1031140,1031350,mother
7004,1031141,1031247,father
7004,1031141,1031351,father
7004,1031142,1031247,mother
7004,1031142,1031351,mother
7004,1031143,1031248,father
7004,1031143,1031352,father
7004,1031144,1031248,mother
7004,1031144,1031352,mother
7004,1031145,1031373,father
7004,1031145,1031487,father
7004,1031145,1031601,father
7004,1031146,1031373,mother
7004,1031146,1031487,mother
7004,1031146,1031601,mother
7004,1031147,1031374,father
7004,1031147,1031488,father
7004,1031147,1031602,father
7004,1031148,1031374,mother
7004,1031148,1031488,mother
7004,1031148,1031602,mother
7004,1031149,1031375,father
7004,1031149,1031489,father
7004,1031149,1031603,father
7004,1031150,1031375,mother
7004,1031150,1031489,mother
7004,1031150,1031603,mother
7004,1031151,1031376,father
7004,1031151,1031490,father
7004,1031151,1031604,father
7004,1031152,1031376,mother
7004,1031152,1031490,mother
7004,1031152,1031604,mother
7004,1031153,1031377,father
7004,1031153,1031491,father
7004,1031153,1031605,father
7004,1031154,1031377,mother
7004,1031154,1031491,mother
7004,1031154,1031605,mother
7004,1031155,1031378,father
7004,1031155,1031492,father
7004,1031155,1031606,father
7004,1031156,1031378,mother
7004,1031156,1031492,mother
7004,1031156,1031606,mother
7004,1031157,1031379,father
7004,1031157,1031493,father
7004,1031157,1031607,father
7004,1031158,1031379,mother
7004,1031158,1031493,mother
7004,1031158,1031607,mother
7004,1031159,1031380,father
7004,1031159,1031494,father
7004,1031159,1031608,father
7004,1031160,1031380,mother
7004,1031160,1031494,mother
7004,1031160,1031608,mother
7004,1031161,1031381,father
7004,1031161,1031495,father
7004,1031161,1031609,father
7004,1031162,1031381,mother
7004,1031162,1031495,mother
7004,1031162,1031609,mother
7004,1031163,1031382,father
7004,1031163,1031496,father
7004,1031163,1031610,father
7004,1031164,1031382,mother
7004,1031164,1031496,mother
7004,1031164,1031610,mother
7004,1031165,1031383,father
7004,1031165,1031497,father
7004,1031165,1031611,father
7004,1031166,1031383,mother
7004,1031166,1031497,mother
7004,1031166,1031611,mother
7004,1031167,1031384,father
7004,1031167,1031498,father
7004,1031167,1031612,father
7004,1031168,1031384,mother
7004,1031168,1031498,mother
7004,1031168,1031612,mother
7004,1031169,1031385,father
7004,1031169,1031499,father
7004,1031169,1031613,father
7004,1031170,1031385,mother
7004,1031170,1031499,mother
7004,1031170,1031613,mother
7004,1031171,1031386,father
7004,1031171,1031500,father
7004,1031171,1031614,father
7004,1031172,1031386,mother
7004,1031172,1031500,mother
7004,1031172,1031614,mother
7004,1031173,1031387,father
7004,1031173,1031501,father
7004,1031173,1031615,father
7004,1031174,1031387,mother
7004,1031174,1031501,mother
7004,1031174,1031615,mother
7004,1031175,1031388,father
7004,1031175,1031502,father
7004,1031175,1031616,father
7004,1031176,1031388,mother
7004,1031176,1031502,mother
7004,1031176,1031616,mother
7004,1031177,1031389,father
7004,1031177,1031503,father
7004,1031177,1031617,father
7004,1031178,1031389,mother
7004,1031178,1031503,mother
7004,1031178,1031617,mother
7004,1031179,1031390,father
7004,1031179,1031504,father
7004,1031179,1031618,father
7004,1031180,1031390,mother
7004,1031180,1031504,mother
7004,1031180,1031618,mother
7004,1031181,1031391,father
7004,1031181,1031505,father
7004,1031181,1031619,father
7004,1031182,1031391,mother
7004,1031182,1031505,mother
7004,1031182,1031619,mother
7004,1031183,1031392,father
7004,1031183,1031506,father
7004,1031183,1031620,father
7004,1031184,1031392,mother
7004,1031184,1031506,mother
7004,1031184,1031620,mother
7004,1031185,1031393,father
7004,1031185,1031507,father
7004,1031185,1031621,father
7004,1031186,1031393,mother
7004,1031186,1031507,mother
7004,1031186,1031621,mother
7004,1031187,1031394,father
7004,1031187,1031508,father
7004,1031188,1031394,mother
7004,1031188,1031508,mother
7004,1031189,1031395,father
7004,1031189,1031509,father
7004,1031190,1031395,mother
7004,1031190,1031509,mother
7004,1031191,1031396,father
7004,1031191,1031510,father
7004,1031192,1031396,mother
7004,1031192,1031510,mother
7004,1031193,1031397,father
7004,1031193,1031511,father
7004,1031194,1031397,mother
7004,1031194,1031511,mother
7004,1031195,1031398,father
7004,1031195,1031512,father
7004,1031196,1031398,mother
7004,1031196,1031512,mother
7004,1031197,1031399,father
7004,1031197,1031513,father
7004,1031198,1031399,mother
7004,1031198,1031513,mother
7004,1031199,1031400,father
7004,1031199,1031514,father
7004,1031200,1031400,mother
7004,1031200,1031514,mother
7004,1031201,1031401,father
7004,1031201,1031515,father
7004,1031202,1031401,mother
7004,1031202,1031515,mother
7004,1031203,1031402,father
7004,1031203,1031516,father
7004,1031204,1031402,mother
7004,1031204,1031516,mother
7004,1031205,1031403,father
7004,1031205,1031517,father
7004,1031206,1031403,mother
7004,1031206,1031517,mother
7004,1031207,1031404,father
7004,1031207,1031518,father
7004,1031208,1031404,mother
7004,1031208,1031518,mother
7004,1031209,1031405,father
7004,1031209,1031519,father
7004,1031210,1031405,mother
7004,1031210,1031519,mother
7004,1031211,1031406,father
7004,1031211,1031520,father
7004,1031212,1031406,mother
7004,1031212,1031520,mother
7004,1031213,1031407,father
7004,1031213,1031521,father
7004,1031214,1031407,mother
7004,1031214,1031521,mother
7004,1031215,1031408,father
7004,1031215,1031522,father
7004,1031216,1031408,mother
7004,1031216,1031522,mother
7004,1031217,1031409,father
7004,1031217,1031523,father
7004,1031218,1031409,mother
7004,1031218,1031523,mother
7004,1031219,1031410,father
7004,1031219,1031524,father
7004,1031220,1031410,mother
7004,1031220,1031524,mother
7004,1031221,1031411,father
7004,1031221,1031525,father
7004,1031222,1031411,mother
7004,1031222,1031525,mother
7004,1031223,1031412,father
7004,1031223,1031526,father
7004,1031224,1031412,mother
7004,1031224,1031526,mother
7004,1031225,1031413,father
7004,1031225,1031527,father
7004,1031226,1031413,mother
7004,1031226,1031527,mother
7004,1031227,1031414,father
7004,1031227,1031528,father
7004,1031228,1031414,mother
7004,1031228,1031528,mother
7004,1031229,1031415,father
7004,1031229,1031529,father
7004,1031230,1031415,mother
7004,1031230,1031529,mother
7004,1031231,1031416,father
7004,1031231,1031530,father
7004,1031232,1031416,mother
7004,1031232,1031530,mother
7004,1031233,1031417,father
7004,1031233,1031531,father
7004,1031234,1031417,mother
7004,1031234,1031531,mother
7004,1031235,1031418,father
7004,1031235,1031532,father
7004,1031236,1031418,mother
7004,1031236,1031532,mother
7004,1031237,1031419,father
7004,1031237,1031533,father
7004,1031238,1031419,mother
7004,1031238,1031533,mother
7004,1031239,1031420,father
7004,1031239,1031534,father
7004,1031240,1031420,mother
7004,1031240,1031534,mother
7004,1031241,1031421,father
7004,1031241,1031535,father
7004,1031242,1031421,mother
7004,1031242,1031535,mother
7004,1031243,1031422,father
7004,1031243,1031536,father
7004,1031244,1031422,mother
7004,1031244,1031536,mother
7004,1031245,1031423,father
7004,1031245,1031537,father
7004,1031246,1031423,mother
7004,1031246,1031537,mother
7004,1031247,1031424,father
7004,1031247,1031538,father
7004,1031248,1031424,mother
7004,1031248,1031538,mother
7004,1031249,1031425,father
7004,1031249,1031539,father
7004,1031250,1031425,mother
7004,1031250,1031539,mother
7004,1031251,1031426,father
7004,1031251,1031540,father
7004,1031252,1031426,mother
7004,1031252,1031540,mother
7004,1031253,1031427,father
7004,1031253,1031541,father
7004,1031254,1031427,mother
7004,1031254,1031541,mother
7004,1031255,1031428,father
7004,1031255,1031542,father
7004,1031256,1031428,mother
7004,1031256,1031542,mother
7004,1031257,1031429,father
7004,1031257,1031543,father
7004,1031258,1031429,mother
7004,1031258,1031543,mother
7004,1031259,1031430,father
7004,1031259,1031544,father
7004,1031260,1031430,mother
7004,1031260,1031544,mother
7004,1031261,1031431,father
7004,1031261,1031545,father
7004,1031262,1031431,mother
7004,1031262,1031545,mother
7004,1031263,1031432,father
7004,1031263,1031546,father
7004,1031264,1031432,mother
7004,1031264,1031546,mother
7004,1031265,1031433,father
7004,1031265,1031547,father
7004,1031266,1031433,mother
7004,1031266,1031547,mother
7004,1031267,1031434,father
7004,1031267,1031548,father
7004,1031268,1031434,mother
7004,1031268,1031548,mother
7004,1031269,1031435,father
7004,1031269,1031549,father
7004,1031270,1031435,mother
7004,1031270,1031549,mother
7004,1031271,1031436,father
7004,1031271,1031550,father
7004,1031272,1031436,mother
7004,1031272,1031550,mother
7004,1031273,1031437,father
7004,1031273,1031551,father
7004,1031274,1031437,mother
7004,1031274,1031551,mother
7004,1031275,1031438,father
7004,1031275,1031552,father
7004,1031276,1031438,mother
7004,1031276,1031552,mother
7004,1031277,1031439,father
7004,1031277,1031553,father
7004,1031278,1031439,mother
7004,1031278,1031553,mother
7004,1031279,1031440,father
7004,1031279,1031554,father
7004,1031280,1031440,mother
7004,1031280,1031554,mother
7004,1031281,1031441,father
7004,1031281,1031555,father
7004,1031282,1031441,mother
7004,1031282,1031555,mother
7004,1031283,1031442,father
7004,1031283,1031556,father
7004,1031284,1031442,mother
7004,1031284,1031556,mother
7004,1031285,1031443,father
7004,1031285,1031557,father
7004,1031286,1031443,mother
7004,1031286,1031557,mother
7004,1031287,1031444,father
7004,1031287,1031558,father
7004,1031288,1031444,mother
7004,1031288,1031558,mother
7004,1031289,1031445,father
7004,1031289,1031559,father
7004,1031290,1031445,mother
7004,1031290,1031559,mother
7004,1031291,1031446,father
7004,1031291,1031560,father
7004,1031292,1031446,mother
7004,1031292,1031560,mother
7004,1031293,1031447,father
7004,1031293,1031561,father
7004,1031294,1031447,mother
7004,1031294,1031561,mother
7004,1031295,1031448,father
7004,1031295,1031562,father
7004,1031296,1031448,mother
7004,1031296,1031562,mother
7004,1031297,1031449,father
7004,1031297,1031563,father
7004,1031298,1031449,mother
7004,1031298,1031563,mother
7004,1031299,1031450,father
7004,1031299,1031564,father
7004,1031300,1031450,mother
7004,1031300,1031564,mother
7004,1031301,1031451,father
7004,1031301,1031565,father
7004,1031302,1031451,mother
7004,1031302,1031565,mother
7004,1031303,1031452,father
7004,1031303,1031566,father
7004,1031304,1031452,mother
7004,1031304,1031566,mother
7004,1031305,1031453,father
7004,1031305,1031567,father
7004,1031306,1031453,mother
7004,1031306,1031567,mother
7004,1031307,1031454,father
7004,1031307,1031568,father
7004,1031308,1031454,mother
7004,1031308,1031568,mother
7004,1031309,1031455,father
7004,1031309,1031569,father
7004,1031310,1031455,mother
7004,1031310,1031569,mother
7004,1031311,1031456,father
7004,1031311,1031570,father
7004,1031312,1031456,mother
7004,1031312,1031570,mother
7004,1031313,1031457,father
7004,1031313,1031571,father
7004,1031314,1031457,mother
7004,1031314,1031571,mother
7004,1031315,1031458,father
7004,1031315,1031572,father
7004,1031316,1031458,mother
7004,1031316,1031572,mother
7004,1031317,1031459,father
7004,1031317,1031573,father
7004,1031318,1031459,mother
7004,1031318,1031573,mother
7004,1031319,1031460,father
7004,1031319,1031574,father
7004,1031320,1031460,mother
7004,1031320,1031574,mother
7004,1031321,1031461,father
7004,1031321,1031575,father
7004,1031322,1031461,mother
7004,1031322,1031575,mother
7004,1031323,1031462,father
7004,1031323,1031576,father
7004,1031324,1031462,mother
7004,1031324,1031576,mother
7004,1031325,1031463,father
7004,1031325,1031577,father
7004,1031326,1031463,mother
7004,1031326,1031577,mother
7004,1031327,1031464,father
7004,1031327,1031578,father
7004,1031328,1031464,mother
7004,1031328,1031578,mother
7004,1031329,1031465,father
7004,1031329,1031579,father
7004,1031330,1031465,mother
7004,1031330,1031579,mother
7004,1031331,1031466,father
7004,1031331,1031580,father
7004,1031332,1031466,mother
7004,1031332,1031580,mother
7004,1031333,1031467,father
7004,1031333,1031581,father
7004,1031334,1031467,mother
7004,1031334,1031581,mother
7004,1031335,1031468,father
7004,1031335,1031582,father
7004,1031336,1031468,mother
7004,1031336,1031582,mother
7004,1031337,1031469,father
7004,1031337,1031583,father
7004,1031338,1031469,mother
7004,1031338,1031583,mother
7004,1031339,1031470,father
7004,1031339,1031584,father
7004,1031340,1031470,mother
7004,1031340,1031584,mother
7004,1031341,1031471,father
7004,1031341,1031585,father
7004,1031342,1031471,mother
7004,1031342,1031585,mother
7004,1031343,1031472,father
7004,1031343,1031586,father
7004,1031344,1031472,mother
7004,1031344,1031586,mother
7004,1031345,1031473,father
7004,1031345,1031587,father
7004,1031346,1031473,mother
7004,1031346,1031587,mother
7004,1031347,1031474,father
7004,1031347,1031588,father
7004,1031348,1031474,mother
7004,1031348,1031588,mother
7004,1031349,1031475,father
7004,1031349,1031589,father
7004,1031350,1031475,mother
7004,1031350,1031589,mother
7004,1031351,1031476,father
7004,1031351,1031590,father
7004,1031352,1031476,mother
7004,1031352,1031590,mother
7004,1031353,1031477,father
7004,1031353,1031591,father
7004,1031354,1031477,mother
7004,1031354,1031591,mother
7004,1031355,1031478,father
7004,1031355,1031592,father
7004,1031356,1031478,mother
7004,1031356,1031592,mother
7004,1031357,1031479,father
7004,1031357,1031593,father
7004,1031358,1031479,mother
7004,1031358,1031593,mother
7004,1031359,1031480,father
7004,1031359,1031594,father
7004,1031360,1031480,mother
7004,1031360,1031594,mother
7004,1031361,1031481,father
7004,1031361,1031595,father
7004,1031362,1031481,mother
7004,1031362,1031595,mother
7004,1031363,1031482,father
7004,1031363,1031596,father
7004,1031364,1031482,mother
7004,1031364,1031596,mother
7004,1031365,1031483,father
7004,1031365,1031597,father
7004,1031366,1031483,mother
7004,1031366,1031597,mother
7004,1031367,1031484,father
7004,1031367,1031598,father
7004,1031368,1031484,mother
7004,1031368,1031598,mother
7004,1031369,1031485,father
7004,1031369,1031599,father
7004,1031370,1031485,mother
7004,1031370,1031599,mother
7004,1031371,1031486,father
7004,1031371,1031600,father
7004,1031372,1031486,mother
7004,1031372,1031600,mother
7004,1031373,1031622,father
7004,1031373,1031747,father
7004,1031373,1031872,father
7004,1031374,1031622,mother
7004,1031374,1031746,mother
7004,1031374,1031870,mother
7004,1031375,1031623,father
7004,1031375,1031748,father
7004,1031375,1031873,father
7004,1031376,1031623,mother
7004,1031376,1031747,mother
7004,1031376,1031871,mother
7004,1031377,1031624,father
7004,1031377,1031749,father
7004,1031377,1031874,father
7004,1031378,1031624,mother
7004,1031378,1031748,mother
7004,1031378,1031872,mother
7004,1031379,1031625,father
7004,1031379,1031750,father
7004,1031379,1031875,father
7004,1031380,1031625,mother
7004,1031380,1031749,mother
7004,1031380,1031873,mother
7004,1031381,1031626,father
7004,1031381,1031751,father
7004,1031381,1031876,father
7004,1031382,1031626,mother
7004,1031382,1031750,mother
7004,1031382,1031874,mother
7004,1031383,1031627,father
7004,1031383,1031752,father
7004,1031383,1031877,father
7004,1031384,1031627,mother
7004,1031384,1031751,mother
7004,1031384,1031875,mother
7004,1031385,1031628,father
7004,1031385,1031753,father
7004,1031385,1031878,father
7004,1031386,1031628,mother
7004,1031386,1031752,mother
7004,1031386,1031876,mother
7004,1031387,1031629,father
7004,1031387,1031754,father
7004,1031387,1031879,father
7004,1031388,1031629,mother
7004,1031388,1031753,mother
7004,1031388,1031877,mother
7004,1031389,1031630,father
7004,1031389,1031755,father
7004,1031389,1031880,father
7004,1031390,1031630,mother
7004,1031390,1031754,mother
7004,1031390,1031878,mother
7004,1031391,1031631,father
7004,1031391,1031756,father
7004,1031391,1031881,father
7004,1031392,1031631,mother
7004,1031392,1031755,mother
7004,1031392,1031879,mother
7004,1031393,1031632,father
7004,1031393,1031757,father
7004,1031393,1031882,father
7004,1031394,1031632,mother
7004,1031394,1031756,mother
7004,1031394,1031880,mother
7004,1031395,1031633,father
7004,1031395,1031758,father
7004,1031395,1031883,father
7004,1031396,1031633,mother
7004,1031396,1031757,mother
7004,1031396,1031881,mother
7004,1031397,1031634,father
7004,1031397,1031759,father
7004,1031397,1031884,father
7004,1031398,1031634,mother
7004,1031398,1031758,mother
7004,1031398,1031882,mother
7004,1031399,1031635,father
7004,1031399,1031760,father
7004,1031399,1031885,father
7004,1031400,1031635,mother
7004,1031400,1031759,mother
7004,1031400,1031883,mother
7004,1031401,1031636,father
7004,1031401,1031761,father
7004,1031401,1031886,father
7004,1031402,1031636,mother
7004,1031402,1031760,mother
7004,1031402,1031884,mother
7004,1031403,1031637,father
7004,1031403,1031762,father
7004,1031403,1031887,father
7004,1031404,1031637,mother
7004,1031404,1031761,mother
7004,1031404,1031885,mother
7004,1031405,1031638,father
7004,1031405,1031763,father
7004,1031405,1031888,father
7004,1031406,1031638,mother
7004,1031406,1031762,mother
7004,1031406,1031886,mother
7004,1031407,1031639,father
7004,1031407,1031764,father
7004,1031407,1031889,father
7004,1031408,1031639,mother
7004,1031408,1031763,mother
7004,1031408,1031887,mother
7004,1031409,1031640,father
7004,1031409,1031765,father
7004,1031409,1031890,father
7004,1031410,1031640,mother
7004,1031410,1031764,mother
7004,1031410,1031888,mother
7004,1031411,1031641,father
7004,1031411,1031766,father
7004,1031411,1031891,father
7004,1031412,1031641,mother
7004,1031412,1031765,mother
7004,1031412,1031889,mother
7004,1031413,1031642,father
7004,1031413,1031767,father
7004,1031414,1031642,mother
7004,1031414,1031766,mother
7004,1031414,1031890,mother
7004,1031415,1031643,father
7004,1031415,1031768,father
7004,1031416,1031643,mother
7004,1031416,1031767,mother
7004,1031416,1031891,mother
7004,1031417,1031644,father
7004,1031417,1031769,father
7004,1031418,1031644,mother
7004,1031418,1031768,mother
7004,1031419,1031645,father
7004,1031419,1031770,father
7004,1031420,1031645,mother
7004,1031420,1031769,mother
7004,1031421,1031646,father
7004,1031421,1031771,father
7004,1031422,1031646,mother
7004,1031422,1031770,mother
7004,1031423,1031647,father
7004,1031423,1031772,father
7004,1031424,1031647,mother
7004,1031424,1031771,mother
7004,1031425,1031648,father
7004,1031425,1031773,father
7004,1031426,1031648,mother
7004,1031426,1031772,mother
7004,1031427,1031649,father
7004,1031427,1031774,father
7004,1031428,1031649,mother
7004,1031428,1031773,mother
7004,1031429,1031650,father
7004,1031429,1031775,father
7004,1031430,1031650,mother
7004,1031430,1031774,mother
7004,1031431,1031651,father
7004,1031431,1031776,father
7004,1031432,1031651,mother
7004,1031432,1031775,mother
7004,1031433,1031652,father
7004,1031433,1031777,father
7004,1031434,1031652,mother
7004,1031434,1031776,mother
7004,1031435,1031653,father
7004,1031435,1031778,father
7004,1031436,1031653,mother
7004,1031436,1031777,mother
7004,1031437,1031654,father
7004,1031437,1031779,father
7004,1031438,1031654,mother
7004,1031438,1031778,mother
7004,1031439,1031655,father
7004,1031439,1031780,father
7004,1031440,1031655,mother
7004,1031440,1031779,mother
7004,1031441,1031656,father
7004,1031441,1031781,father
7004,1031442,1031656,mother
7004,1031442,1031780,mother
7004,1031443,1031657,father
7004,1031443,1031782,father
7004,1031444,1031657,mother
7004,1031444,1031781,mother
7004,1031445,1031658,father
7004,1031445,1031783,father
7004,1031446,1031658,mother
7004,1031446,1031782,mother
7004,1031447,1031659,father
7004,1031447,1031784,father
7004,1031448,1031659,mother
7004,1031448,1031783,mother
7004,1031449,1031660,father
7004,1031449,1031785,father
7004,1031450,1031660,mother
7004,1031450,1031784,mother
7004,1031451,1031661,father
7004,1031451,1031786,father
7004,1031452,1031661,mother
7004,1031452,1031785,mother
7004,1031453,1031662,father
7004,1031453,1031787,father
7004,1031454,1031662,mother
7004,1031454,1031786,mother
7004,1031455,1031663,father
7004,1031455,1031788,father
7004,1031456,1031663,mother
7004,1031456,1031787,mother
7004,1031457,1031664,father
7004,1031457,1031789,father
7004,1031458,1031664,mother
7004,1031458,1031788,mother
7004,1031459,1031665,father
7004,1031459,1031790,father
7004,1031460,1031665,mother
7004,1031460,1031789,mother
7004,1031461,1031666,father
7004,1031461,1031791,father
7004,1031462,1031666,mother
7004,1031462,1031790,mother
7004,1031463,1031667,father
7004,1031463,1031792,father
7004,1031464,1031667,mother
7004,1031464,1031791,mother
7004,1031465,1031668,father
7004,1031465,1031793,father
7004,1031466,1031668,mother
7004,1031466,1031792,mother
7004,1031467,1031669,father
7004,1031467,1031794,father
7004,1031468,1031669,mother
7004,1031468,1031793,mother
7004,1031469,1031670,father
7004,1031469,1031795,father
7004,1031470,1031670,mother
7004,1031470,1031794,mother
7004,1031471,1031671,father
7004,1031471,1031796,father
7004,1031472,1031671,mother
7004,1031472,1031795,mother
7004,1031473,1031672,father
7004,1031473,1031797,father
7004,1031474,1031672,mother
7004,1031474,1031796,mother
7004,1031475,1031673,father
7004,1031475,1031798,father
7004,1031476,1031673,mother
7004,1031476,1031797,mother
7004,1031477,1031674,father
7004,1031477,1031799,father
7004,1031478,1031674,mother
7004,1031478,1031798,mother
7004,1031479,1031675,father
7004,1031479,1031800,father
7004,1031480,1031675,mother
7004,1031480,1031799,mother
7004,1031481,1031676,father
7004,1031481,1031801,father
7004,1031482,1031676,mother
7004,1031482,1031800,mother
7004,1031483,1031677,father
7004,1031483,1031802,father
7004,1031484,1031677,mother
7004,1031484,1031801,mother
7004,1031485,1031678,father
7004,1031485,1031803,father
7004,1031486,1031678,mother
7004,1031486,1031802,mother
7004,1031487,1031679,father
7004,1031487,1031804,father
7004,1031488,1031679,mother
7004,1031488,1031803,mother
7004,1031489,1031680,father
7004,1031489,1031805,father
7004,1031490,1031680,mother
7004,1031490,1031804,mother
7004,1031491,1031681,father
7004,1031491,1031806,father
7004,1031492,1031681,mother
7004,1031492,1031805,mother
7004,1031493,1031682,father
7004,1031493,1031807,father
7004,1031494,1031682,mother
7004,1031494,1031806,mother
7004,1031495,1031683,father
7004,1031495,1031808,father
7004,1031496,1031683,mother
7004,1031496,1031807,mother
7004,1031497,1031684,father
7004,1031497,1031809,father
7004,1031498,1031684,mother
7004,1031498,1031808,mother
7004,1031499,1031685,father
7004,1031499,1031810,father
7004,1031500,1031685,mother
7004,1031500,1031809,mother
7004,1031501,1031686,father
7004,1031501,1031811,father
7004,1031502,1031686,mother
7004,1031502,1031810,mother
7004,1031503,1031687,father
7004,1031503,1031812,father
7004,1031504,1031687,mother
7004,1031504,1031811,mother
7004,1031505,1031688,father
7004,1031505,1031813,father
7004,1031506,1031688,mother
7004,1031506,1031812,mother
7004,1031507,1031689,father
7004,1031507,1031814,father
7004,1031508,1031689,mother
7004,1031508,1031813,mother
7004,1031509,1031690,father
7004,1031509,1031815,father
7004,1031510,1031690,mother
7004,1031510,1031814,mother
7004,1031511,1031691,father
7004,1031511,1031816,father
7004,1031512,1031691,mother
7004,1031512,1031815,mother
7004,1031513,1031692,father
7004,1031513,1031817,father
7004,1031514,1031692,mother
7004,1031514,1031816,mother
7004,1031515,1031693,father
7004,1031515,1031818,father
7004,1031516,1031693,mother
7004,1031516,1031817,mother
7004,1031517,1031694,father
7004,1031517,1031819,father
7004,1031518,1031694,mother
7004,1031518,1031818,mother
7004,1031519,1031695,father
7004,1031519,1031820,father
7004,1031520,1031695,mother
7004,1031520,1031819,mother
7004,1031521,1031696,father
7004,1031521,1031821,father
7004,1031522,1031696,mother
7004,1031522,1031820,mother
7004,1031523,1031697,father
7004,1031523,1031822,father
7004,1031524,1031697,mother
7004,1031524,1031821,mother
7004,1031525,1031698,father
7004,1031525,1031823,father
7004,1031526,1031698,mother
7004,1031526,1031822,mother
7004,1031527,1031699,father
7004,1031527,1031824,father
7004,1031528,1031699,mother
7004,1031528,1031823,mother
7004,1031529,1031700,father
7004,1031529,1031825,father
7004,1031530,1031700,mother
7004,1031530,1031824,mother
7004,1031531,1031701,father
7004,1031531,1031826,father
7004,1031532,1031701,mother
7004,1031532,1031825,mother
7004,1031533,1031702,father
7004,1031533,1031827,father
7004,1031534,1031702,mother
7004,1031534,1031826,mother
7004,1031535,1031703,father
7004,1031535,1031828,father
7004,1031536,1031703,mother
7004,1031536,1031827,mother
7004,1031537,1031704,father
7004,1031537,1031829,father
7004,1031538,1031704,mother
7004,1031538,1031828,mother
7004,1031539,1031705,father
7004,1031539,1031830,father
7004,1031540,1031705,mother
7004,1031540,1031829,mother
7004,1031541,1031706,father
7004,1031541,1031831,father
7004,1031542,1031706,mother
7004,1031542,1031830,mother
7004,1031543,1031707,father
7004,1031543,1031832,father
7004,1031544,1031707,mother
7004,1031544,1031831,mother
7004,1031545,1031708,father
7004,1031545,1031833,father
7004,1031546,1031708,mother
7004,1031546,1031832,mother
7004,1031547,1031709,father
7004,1031547,1031834,father
7004,1031548,1031709,mother
7004,1031548,1031833,mother
7004,1031549,1031710,father
7004,1031549,1031835,father
7004,1031550,1031710,mother
7004,1031550,1031834,mother
7004,1031551,1031711,father
7004,1031551,1031836,father
7004,1031552,1031711,mother
7004,1031552,1031835,mother
7004,1031553,1031712,father
7004,1031553,1031837,father
7004,1031554,1031712,mother
7004,1031554,1031836,mother
7004,1031555,1031713,father
7004,1031555,1031838,father
7004,1031556,1031713,mother
7004,1031556,1031837,mother
7004,1031557,1031714,father
7004,1031557,1031839,father
7004,1031558,1031714,mother
7004,1031558,1031838,mother
7004,1031559,1031715,father
7004,1031559,1031840,father
7004,1031560,1031715,mother
7004,1031560,1031839,mother
7004,1031561,1031716,father
7004,1031561,1031841,father
7004,1031562,1031716,mother
7004,1031562,1031840,mother
7004,1031563,1031717,father
7004,1031563,1031842,father
7004,1031564,1031717,mother
7004,1031564,1031841,mother
7004,1031565,1031718,father
7004,1031565,1031843,father
7004,1031566,1031718,mother
7004,1031566,1031842,mother
7004,1031567,1031719,father
7004,1031567,1031844,father
7004,1031568,1031719,mother
7004,1031568,1031843,mother
7004,1031569,1031720,father
7004,1031569,1031845,father
7004,1031570,1031720,mother
7004,1031570,1031844,mother
7004,1031571,1031721,father
7004,1031571,1031846,father
7004,1031572,1031721,mother
7004,1031572,1031845,mother
7004,1031573,1031722,father
7004,1031573,1031847,father
7004,1031574,1031722,mother
7004,1031574,1031846,mother
7004,1031575,1031723,father
7004,1031575,1031848,father
7004,1031576,1031723,mother
7004,1031576,1031847,mother
7004,1031577,1031724,father
7004,1031577,1031849,father
7004,1031578,1031724,mother
7004,1031578,1031848,mother
7004,1031579,1031725,father
7004,1031579,1031850,father
7004,1031580,1031725,mother
7004,1031580,1031849,mother
7004,1031581,1031726,father
7004,1031581,1031851,father
7004,1031582,1031726,mother
7004,1031582,1031850,mother
7004,1031583,1031727,father
7004,1031583,1031852,father
7004,1031584,1031727,mother
7004,1031584,1031851,mother
7004,1031585,1031728,father
7004,1031585,1031853,father
7004,1031586,1031728,mother
7004,1031586,1031852,mother
7004,1031587,1031729,father
7004,1031587,1031854,father
7004,1031588,1031729,mother
7004,1031588,1031853,mother
7004,1031589,1031730,father
7004,1031589,1031855,father
7004,1031590,1031730,mother
7004,1031590,1031854,mother
7004,1031591,1031731,father
7004,1031591,1031856,father
7004,1031592,1031731,mother
7004,1031592,1031855,mother
7004,1031593,1031732,father
7004,1031593,1031857,father
7004,1031594,1031732,mother
7004,1031594,1031856,mother
7004,1031595,1031733,father
7004,1031595,1031858,father
7004,1031596,1031733,mother
7004,1031596,1031857,mother
7004,1031597,1031734,father
7004,1031597,1031859,father
7004,1031598,1031734,mother
7004,1031598,1031858,mother
7004,1031599,1031735,father
7004,1031599,1031860,father
7004,1031600,1031735,mother
7004,1031600,1031859,mother
7004,1031601,1031736,father
7004,1031601,1031861,father
7004,1031602,1031736,mother
7004,1031602,1031860,mother
7004,1031603,1031737,father
7004,1031603,1031862,father
7004,1031604,1031737,mother
7004,1031604,1031861,mother
7004,1031605,1031738,father
7004,1031605,1031863,father
7004,1031606,1031738,mother
7004,1031606,1031862,mother
7004,1031607,1031739,father
7004,1031607,1031864,father
7004,1031608,1031739,mother
7004,1031608,1031863,mother
7004,1031609,1031740,father
7004,1031609,1031865,father
7004,1031610,1031740,mother
7004,1031610,1031864,mother
7004,1031611,1031741,father
7004,1031611,1031866,father
7004,1031612,1031741,mother
7004,1031612,1031865,mother
7004,1031613,1031742,father
7004,1031613,1031867,father
7004,1031614,1031742,mother
7004,1031614,1031866,mother
7004,1031615,1031743,father
7004,1031615,1031868,father
7004,1031616,1031743,mother
7004,1031616,1031867,mother
7004,1031617,1031744,father
7004,1031617,1031869,father
7004,1031618,1031744,mother
7004,1031618,1031868,mother
7004,1031619,1031745,father
7004,1031619,1031870,father
7004,1031620,1031745,mother
7004,1031620,1031869,mother
7004,1031621,1031746,father
7004,1031621,1031871,father
7004,1031622,1031892,father
7004,1031622,1032027,father
7004,1031622,1032162,father
7004,1031623,1031892,mother
7004,1031623,1032027,mother
7004,1031623,1032162,mother
7004,1031624,1031893,father
7004,1031624,1032028,father
7004,1031624,1032163,father
7004,1031625,1031893,mother
7004,1031625,1032028,mother
7004,1031625,1032163,mother
7004,1031626,1031894,father
7004,1031626,1032029,father
7004,1031626,1032164,father
7004,1031627,1031894,mother
7004,1031627,1032029,mother
7004,1031627,1032164,mother
7004,1031628,1031895,father
7004,1031628,1032030,father
7004,1031628,1032165,father
7004,1031629,1031895,mother
7004,1031629,1032030,mother
7004,1031629,1032165,mother
7004,1031630,1031896,father
7004,1031630,1032031,father
7004,1031630,1032166,father
7004,1031631,1031896,mother
7004,1031631,1032031,mother
7004,1031631,1032166,mother
7004,1031632,1031897,father
7004,1031632,1032032,father
7004,1031632,1032167,father
7004,1031633,1031897,mother
7004,1031633,1032032,mother
7004,1031633,1032167,mother
7004,1031634,1031898,father
7004,1031634,1032033,father
7004,1031634,1032168,father
7004,1031635,1031898,mother
7004,1031635,1032033,mother
7004,1031635,1032168,mother
7004,1031636,1031899,father
7004,1031636,1032034,father
7004,1031636,1032169,father
7004,1031637,1031899,mother
7004,1031637,1032034,mother
7004,1031637,1032169,mother
7004,1031638,1031900,father
7004,1031638,1032035,father
7004,1031638,1032170,father
7004,1031639,1031900,mother
7004,1031639,1032035,mother
7004,1031639,1032170,mother
7004,1031640,1031901,father
7004,1031640,1032036,father
7004,1031640,1032171,father
7004,1031641,1031901,mother
7004,1031641,1032036,mother
7004,1031641,1032171,mother
7004,1031642,1031902,father
7004,1031642,1032037,father
7004,1031642,1032172,father
7004,1031643,1031902,mother
7004,1031643,1032037,mother
7004,1031643,1032172,mother
7004,1031644,1031903,father
7004,1031644,1032038,father
7004,1031644,1032173,father
7004,1031645,1031903,mother
7004,1031645,1032038,mother
7004,1031645,1032173,mother
7004,1031646,1031904,father
7004,1031646,1032039,father
7004,1031646,1032174,father
7004,1031647,1031904,mother
7004,1031647,1032039,mother
7004,1031647,1032174,mother
7004,1031648,1031905,father
7004,1031648,1032040,father
7004,1031648,1032175,father
7004,1031649,1031905,mother
7004,1031649,1032040,mother
7004,1031649,1032175,mother
7004,1031650,1031906,father
7004,1031650,1032041,father
7004,1031650,1032176,father
7004,1031651,1031906,mother
7004,1031651,1032041,mother
7004,1031651,1032176,mother
7004,1031652,1031907,father
7004,1031652,1032042,father
7004,1031652,1032177,father
7004,1031653,1031907,mother
7004,1031653,1032042,mother
7004,1031653,1032177,mother
7004,1031654,1031908,father
7004,1031654,1032043,father
7004,1031654,1032178,father
7004,1031655,1031908,mother
7004,1031655,1032043,mother
7004,1031655,1032178,mother
7004,1031656,1031909,father
7004,1031656,1032044,father
7004,1031656,1032179,father
7004,1031657,1031909,mother
7004,1031657,1032044,mother
7004,1031657,1032179,mother
7004,1031658,1031910,father
7004,1031658,1032045,father
7004,1031658,1032180,father
7004,1031659,1031910,mother
7004,1031659,1032045,mother
7004,1031659,1032180,mother
7004,1031660,1031911,father
7004,1031660,1032046,father
7004,1031660,1032181,father
7004,1031661,1031911,mother
7004,1031661,1032046,mother
7004,1031661,1032181,mother
7004,1031662,1031912,father
7004,1031662,1032047,father
7004,1031663,1031912,mother
7004,1031663,1032047,mother
7004,1031664,1031913,father
7004,1031664,1032048,father
7004,1031665,1031913,mother
7004,1031665,1032048,mother
7004,1031666,1031914,father
7004,1031666,1032049,father
7004,1031667,1031914,mother
7004,1031667,1032049,mother
7004,1031668,1031915,father
7004,1031668,1032050,father
7004,1031669,1031915,mother
7004,1031669,1032050,mother
7004,1031670,1031916,father
7004,1031670,1032051,father
7004,1031671,1031916,mother
7004,1031671,1032051,mother
7004,1031672,1031917,father
7004,1031672,1032052,father
7004,1031673,1031917,mother
7004,1031673,1032052,mother
7004,1031674,1031918,father
7004,1031674,1032053,father
7004,1031675,1031918,mother
7004,1031675,1032053,mother
7004,1031676,1031919,father
7004,1031676,1032054,father
7004,1031677,1031919,mother
7004,1031677,1032054,mother
7004,1031678,1031920,father
7004,1031678,1032055,father
7004,1031679,1031920,mother
7004,1031679,1032055,mother
7004,1031680,1031921,father
7004,1031680,1032056,father
7004,1031681,1031921,mother
7004,1031681,1032056,mother
7004,1031682,1031922,father
7004,1031682,1032057,father
7004,1031683,1031922,mother
7004,1031683,1032057,mother
7004,1031684,1031923,father
7004,1031684,1032058,father
7004,1031685,1031923,mother
7004,1031685,1032058,mother
7004,1031686,1031924,father
7004,1031686,1032059,father
7004,1031687,1031924,mother
7004,1031687,1032059,mother
7004,1031688,1031925,father
7004,1031688,1032060,father
7004,1031689,1031925,mother
7004,1031689,1032060,mother
7004,1031690,1031926,father
7004,1031690,1032061,father
7004,1031691,1031926,mother
7004,1031691,1032061,mother
7004,1031692,1031927,father
7004,1031692,1032062,father
7004,1031693,1031927,mother
7004,1031693,1032062,mother
7004,1031694,1031928,father
7004,1031694,1032063,father
7004,1031695,1031928,mother
7004,1031695,1032063,mother
7004,1031696,1031929,father
7004,1031696,1032064,father
7004,1031697,1031929,mother
7004,1031697,1032064,mother
7004,1031698,1031930,father
7004,1031698,1032065,father
7004,1031699,1031930,mother
7004,1031699,1032065,mother
7004,1031700,1031931,father
7004,1031700,1032066,father
7004,1031701,1031931,mother
7004,1031701,1032066,mother
7004,1031702,1031932,father
7004,1031702,1032067,father
7004,1031703,1031932,mother
7004,1031703,1032067,mother
7004,1031704,1031933,father
7004,1031704,1032068,father
7004,1031705,1031933,mother
7004,1031705,1032068,mother
7004,1031706,1031934,father
7004,1031706,1032069,father
7004,1031707,1031934,mother
7004,1031707,1032069,mother
7004,1031708,1031935,father
7004,1031708,1032070,father
7004,1031709,1031935,mother
7004,1031709,1032070,mother
7004,1031710,1031936,father
7004,1031710,1032071,father
7004,1031711,1031936,mother
7004,1031711,1032071,mother
7004,1031712,1031937,father
7004,1031712,1032072,father
7004,1031713,1031937,mother
7004,1031713,1032072,mother
7004,1031714,1031938,father
7004,1031714,1032073,father
7004,1031715,1031938,mother
7004,1031715,1032073,mother
7004,1031716,1031939,father
7004,1031716,1032074,father
7004,1031717,1031939,mother
7004,1031717,1032074,mother
7004,1031718,1031940,father
7004,1031718,1032075,father
7004,1031719,1031940,mother
7004,1031719,1032075,mother
7004,1031720,1031941,father
7004,1031720,1032076,father
7004,1031721,1031941,mother
7004,1031721,1032076,mother
7004,1031722,1031942,father
7004,1031722,1032077,father
7004,1031723,1031942,mother
7004,1031723,1032077,mother
7004,1031724,1031943,father
7004,1031724,1032078,father
7004,1031725,1031943,mother
7004,1031725,1032078,mother
7004,1031726,1031944,father
7004,1031726,1032079,father
7004,1031727,1031944,mother
7004,1031727,1032079,mother
7004,1031728,1031945,father
7004,1031728,1032080,father
7004,1031729,1031945,mother
7004,1031729,1032080,mother
7004,1031730,1031946,father
7004,1031730,1032081,father
7004,1031731,1031946,mother
7004,1031731,1032081,mother
7004,1031732,1031947,father
7004,1031732,1032082,father
7004,1031733,1031947,mother
7004,1031733,1032082,mother
7004,1031734,1031948,father
7004,1031734,1032083,father
7004,1031735,1031948,mother
7004,1031735,1032083,mother
7004,1031736,1031949,father
7004,1031736,1032084,father
7004,1031737,1031949,mother
7004,1031737,1032084,mother
7004,1031738,1031950,father
7004,1031738,1032085,father
7004,1031739,1031950,mother
7004,1031739,1032085,mother
7004,1031740,1031951,father
7004,1031740,1032086,father
7004,1031741,1031951,mother
7004,1031741,1032086,mother
7004,1031742,1031952,father
7004,1031742,1032087,father
7004,1031743,1031952,mother
7004,1031743,1032087,mother
7004,1031744,1031953,father
7004,1031744,1032088,father
7004,1031745,1031953,mother
7004,1031745,1032088,mother
7004,1031746,1031954,father
7004,1031746,1032089,father
7004,1031747,1031954,mother
7004,1031747,1032089,mother
7004,1031748,1031955,father
7004,1031748,1032090,father
7004,1031749,1031955,mother
7004,1031749,1032090,mother
7004,1031750,1031956,father
7004,1031750,1032091,father
7004,1031751,1031956,mother
7004,1031751,1032091,mother
7004,1031752,1031957,father
7004,1031752,1032092,father
7004,1031753,1031957,mother
7004,1031753,1032092,mother
7004,1031754,1031958,father
7004,1031754,1032093,father
7004,1031755,1031958,mother
7004,1031755,1032093,mother
7004,1031756,1031959,father
7004,1031756,1032094,father
7004,1031757,1031959,mother
7004,1031757,1032094,mother
7004,1031758,1031960,father
7004,1031758,1032095,father
7004,1031759,1031960,mother
7004,1031759,1032095,mother
7004,1031760,1031961,father
7004,1031760,1032096,father
7004,1031761,1031961,mother
7004,1031761,1032096,mother
7004,1031762,1031962,father
7004,1031762,1032097,father
7004,1031763,1031962,mother
7004,1031763,1032097,mother
7004,1031764,1031963,father
7004,1031764,1032098,father
7004,1031765,1031963,mother
7004,1031765,1032098,mother
7004,1031766,1031964,father
7004,1031766,1032099,father
7004,1031767,1031964,mother
7004,1031767,1032099,mother
7004,1031768,1031965,father
7004,1031768,1032100,father
7004,1031769,1031965,mother
7004,1031769,1032100,mother
7004,1031770,1031966,father
7004,1031770,1032101,father
7004,1031771,1031966,mother
7004,1031771,1032101,mother
7004,1031772,1031967,father
7004,1031772,1032102,father
7004,1031773,1031967,mother
7004,1031773,1032102,mother
7004,1031774,1031968,father
7004,1031774,1032103,father
7004,1031775,1031968,mother
7004,1031775,1032103,mother
7004,1031776,1031969,father
7004,1031776,1032104,father
7004,1031777,1031969,mother
7004,1031777,1032104,mother
7004,1031778,1031970,father
7004,1031778,1032105,father
7004,1031779,1031970,mother
7004,1031779,1032105,mother
7004,1031780,1031971,father
7004,1031780,1032106,father
7004,1031781,1031971,mother
7004,1031781,1032106,mother
7004,1031782,1031972,father
7004,1031782,1032107,father
7004,1031783,1031972,mother
7004,1031783,1032107,mother
7004,1031784,1031973,father
7004,1031784,1032108,father
7004,1031785,1031973,mother
7004,1031785,1032108,mother
7004,1031786,1031974,father
7004,1031786,1032109,father
7004,1031787,1031974,mother
7004,1031787,1032109,mother
7004,1031788,1031975,father
7004,1031788,1032110,father
7004,1031789,1031975,mother
7004,1031789,1032110,mother
7004,1031790,1031976,father
7004,1031790,1032111,father
7004,1031791,1031976,mother
7004,1031791,1032111,mother
7004,1031792,1031977,father
7004,1031792,1032112,father
7004,1031793,1031977,mother
7004,1031793,1032112,mother
7004,1031794,1031978,father
7004,1031794,1032113,father
7004,1031795,1031978,mother
7004,1031795,1032113,mother
7004,1031796,1031979,father
7004,1031796,1032114,father
7004,1031797,1031979,mother
7004,1031797,1032114,mother
7004,1031798,1031980,father
7004,1031798,1032115,father
7004,1031799,1031980,mother
7004,1031799,1032115,mother
7004,1031800,1031981,father
7004,1031800,1032116,father
7004,1031801,1031981,mother
7004,1031801,1032116,mother
7004,1031802,1031982,father
7004,1031802,1032117,father
7004,1031803,1031982,mother
7004,1031803,1032117,mother
7004,1031804,1031983,father
7004,1031804,1032118,father
7004,1031805,1031983,mother
7004,1031805,1032118,mother
7004,1031806,1031984,father
7004,1031806,1032119,father
7004,1031807,1031984,mother
7004,1031807,1032119,mother
7004,1031808,1031985,father
7004,1031808,1032120,father
7004,1031809,1031985,mother
7004,1031809,1032120,mother
7004,1031810,1031986,father
7004,1031810,1032121,father
7004,1031811,1031986,mother
7004,1031811,1032121,mother
7004,1031812,1031987,father
7004,1031812,1032122,father
7004,1031813,1031987,mother
7004,1031813,1032122,mother
7004,1031814,1031988,father
7004,1031814,1032123,father
7004,1031815,1031988,mother
7004,1031815,1032123,mother
7004,1031816,1031989,father
7004,1031816,1032124,father
7004,1031817,1031989,mother
7004,1031817,1032124,mother
7004,1031818,1031990,father
7004,1031818,1032125,father
7004,1031819,1031990,mother
7004,1031819,1032125,mother
7004,1031820,1031991,father
7004,1031820,1032126,father
7004,1031821,1031991,mother
7004,1031821,1032126,mother
7004,1031822,1031992,father
7004,1031822,1032127,father
7004,1031823,1031992,mother
7004,1031823,1032127,mother
7004,1031824,1031993,father
7004,1031824,1032128,father
7004,1031825,1031993,mother
7004,1031825,1032128,mother
7004,1031826,1031994,father
7004,1031826,1032129,father
7004,1031827,1031994,mother
7004,1031827,1032129,mother
7004,1031828,1031995,father
7004,1031828,1032130,father
7004,1031829,1031995,mother
7004,1031829,1032130,mother
7004,1031830,1031996,father
7004,1031830,1032131,father
7004,1031831,1031996,mother
7004,1031831,1032131,mother
7004,1031832,1031997,father
7004,1031832,1032132,father
7004,1031833,1031997,mother
7004,1031833,1032132,mother
7004,1031834,1031998,father
7004,1031834,1032133,father
7004,1031835,1031998,mother
7004,1031835,1032133,mother
7004,1031836,1031999,father
7004,1031836,1032134,father
7004,1031837,1031999,mother
7004,1031837,1032134,mother
7004,1031838,1032000,father
7004,1031838,1032135,father
7004,1031839,1032000,mother
7004,1031839,1032135,mother
7004,1031840,1032001,father
7004,1031840,1032136,father
7004,1031841,1032001,mother
7004,1031841,1032136,mother
7004,1031842,1032002,father
7004,1031842,1032137,father
7004,1031843,1032002,mother
7004,1031843,1032137,mother
7004,1031844,1032003,father
7004,1031844,1032138,father
7004,1031845,1032003,mother
7004,1031845,1032138,mother
7004,1031846,1032004,father
7004,1031846,1032139,father
7004,1031847,1032004,mother
7004,1031847,1032139,mother
7004,1031848,1032005,father
7004,1031848,1032140,father
7004,1031849,1032005,mother
7004,1031849,1032140,mother
7004,1031850,1032006,father
7004,1031850,1032141,father
7004,1031851,1032006,mother
7004,1031851,1032141,mother
7004,1031852,1032007,father
7004,1031852,1032142,father
7004,1031853,1032007,mother
7004,1031853,1032142,mother
7004,1031854,1032008,father
7004,1031854,1032143,father
7004,1031855,1032008,mother
7004,1031855,1032143,mother
7004,1031856,1032009,father
7004,1031856,1032144,father
7004,1031857,1032009,mother
7004,1031857,1032144,mother
7004,1031858,1032010,father
7004,1031858,1032145,father
7004,1031859,1032010,mother
7004,1031859,1032145,mother
7004,1031860,1032011,father
7004,1031860,1032146,father
7004,1031861,1032011,mother
7004,1031861,1032146,mother
7004,1031862,1032012,father
7004,1031862,1032147,father
7004,1031863,1032012,mother
7004,1031863,1032147,mother
7004,1031864,1032013,father
7004,1031864,1032148,father
7004,1031865,1032013,mother
7004,1031865,1032148,mother
7004,1031866,1032014,father
7004,1031866,1032149,father
7004,1031867,1032014,mother
7004,1031867,1032149,mother
7004,1031868,1032015,father
7004,1031868,1032150,father
7004,1031869,1032015,mother
7004,1031869,1032150,mother
7004,1031870,1032016,father
7004,1031870,1032151,father
7004,1031871,1032016,mother
7004,1031871,1032151,mother
7004,1031872,1032017,father
7004,1031872,1032152,father
7004,1031873,1032017,mother
7004,1031873,1032152,mother
7004,1031874,1032018,father
7004,1031874,1032153,father
7004,1031875,1032018,mother
7004,1031875,1032153,mother
7004,1031876,1032019,father
7004,1031876,1032154,father
7004,1031877,1032019,mother
7004,1031877,1032154,mother
7004,1031878,1032020,father
7004,1031878,1032155,father
7004,1031879,1032020,mother
7004,1031879,1032155,mother
7004,1031880,1032021,father
7004,1031880,1032156,father
7004,1031881,1032021,mother
7004,1031881,1032156,mother
7004,1031882,1032022,father
7004,1031882,1032157,father
7004,1031883,1032022,mother
7004,1031883,1032157,mother
7004,1031884,1032023,father
7004,1031884,1032158,father
7004,1031885,1032023,mother
7004,1031885,1032158,mother
7004,1031886,1032024,father
7004,1031886,1032159,father
7004,1031887,1032024,mother
7004,1031887,1032159,mother
7004,1031888,1032025,father
7004,1031888,1032160,father
7004,1031889,1032025,mother
7004,1031889,1032160,mother
7004,1031890,1032026,father
7004,1031890,1032161,father
7004,1031891,1032026,mother
7004,1031891,1032161,mother
7004,1031892,1032182,father
7004,1031892,1032327,father
7004,1031892,1032472,father
7004,1031893,1032182,mother
7004,1031893,1032327,mother
7004,1031893,1032472,mother
7004,1031894,1032183,father
7004,1031894,1032328,father
7004,1031894,1032473,father
7004,1031895,1032183,mother
7004,1031895,1032328,mother
7004,1031895,1032473,mother
7004,1031896,1032184,father
7004,1031896,1032329,father
7004,1031896,1032474,father
7004,1031897,1032184,mother
7004,1031897,1032329,mother
7004,1031897,1032474,mother
7004,1031898,1032185,father
7004,1031898,1032330,father
7004,1031898,1032475,father
7004,1031899,1032185,mother
7004,1031899,1032330,mother
7004,1031899,1032475,mother
7004,1031900,1032186,father
7004,1031900,1032331,father
7004,1031900,1032476,father
7004,1031901,1032186,mother
7004,1031901,1032331,mother
7004,1031901,1032476,mother
7004,1031902,1032187,father
7004,1031902,1032332,father
7004,1031902,1032477,father
7004,1031903,1032187,mother
7004,1031903,1032332,mother
7004,1031903,1032477,mother
7004,1031904,1032188,father
7004,1031904,1032333,father
7004,1031904,1032478,father
7004,1031905,1032188,mother
7004,1031905,1032333,mother
7004,1031905,1032478,mother
7004,1031906,1032189,father
7004,1031906,1032334,father
7004,1031906,1032479,father
7004,1031907,1032189,mother
7004,1031907,1032334,mother
7004,1031907,1032479,mother
7004,1031908,1032190,father
7004,1031908,1032335,father
7004,1031908,1032480,father
7004,1031909,1032190,mother
7004,1031909,1032335,mother
7004,1031909,1032480,mother
7004,1031910,1032191,father
7004,1031910,1032336,father
7004,1031910,1032481,father
7004,1031911,1032191,mother
7004,1031911,1032336,mother
7004,1031911,1032481,mother
7004,1031912,1032192,father
7004,1031912,1032337,father
7004,1031912,1032482,father
7004,1031913,1032192,mother
7004,1031913,1032337,mother
7004,1031913,1032482,mother
7004,1031914,1032193,father
7004,1031914,1032338,father
7004,1031914,1032483,father
7004,1031915,1032193,mother
7004,1031915,1032338,mother
7004,1031915,1032483,mother
7004,1031916,1032194,father
7004,1031916,1032339,father
7004,1031916,1032484,father
7004,1031917,1032194,mother
7004,1031917,1032339,mother
7004,1031917,1032484,mother
7004,1031918,1032195,father
7004,1031918,1032340,father
7004,1031918,1032485,father
7004,1031919,1032195,mother
7004,1031919,1032340,mother
7004,1031919,1032485,mother
7004,1031920,1032196,father
7004,1031920,1032341,father
7004,1031920,1032486,father
7004,1031921,1032196,mother
7004,1031921,1032341,mother
7004,1031921,1032486,mother
7004,1031922,1032197,father
7004,1031922,1032342,father
7004,1031922,1032487,father
7004,1031923,1032197,mother
7004,1031923,1032342,mother
7004,1031923,1032487,mother
7004,1031924,1032198,father
7004,1031924,1032343,father
7004,1031924,1032488,father
7004,1031925,1032198,mother
7004,1031925,1032343,mother
7004,1031925,1032488,mother
7004,1031926,1032199,father
7004,1031926,1032344,father
7004,1031926,1032489,father
7004,1031927,1032199,mother
7004,1031927,1032344,mother
7004,1031927,1032489,mother
7004,1031928,1032200,father
7004,1031928,1032345,father
7004,1031928,1032490,father
7004,1031929,1032200,mother
7004,1031929,1032345,mother
7004,1031929,1032490,mother
7004,1031930,1032201,father
7004,1031930,1032346,father
7004,1031930,1032491,father
7004,1031931,1032201,mother
7004,1031931,1032346,mother
7004,1031931,1032491,mother
7004,1031932,1032202,father
7004,1031932,1032347,father
7004,1031932,1032492,father
7004,1031933,1032202,mother
7004,1031933,1032347,mother
7004,1031933,1032492,mother
7004,1031934,1032203,father
7004,1031934,1032348,father
7004,1031934,1032493,father
7004,1031935,1032203,mother
7004,1031935,1032348,mother
7004,1031935,1032493,mother
7004,1031936,1032204,father
7004,1031936,1032349,father
7004,1031937,1032204,mother
7004,1031937,1032349,mother
7004,1031938,1032205,father
7004,1031938,1032350,father
7004,1031939,1032205,mother
7004,1031939,1032350,mother
7004,1031940,1032206,father
7004,1031940,1032351,father
7004,1031941,1032206,mother
7004,1031941,1032351,mother
7004,1031942,1032207,father
7004,1031942,1032352,father
7004,1031943,1032207,mother
7004,1031943,1032352,mother
7004,1031944,1032208,father
7004,1031944,1032353,father
7004,1031945,1032208,mother
7004,1031945,1032353,mother
7004,1031946,1032209,father
7004,1031946,1032354,father
7004,1031947,1032209,mother
7004,1031947,1032354,mother
7004,1031948,1032210,father
7004,1031948,1032355,father
7004,1031949,1032210,mother
7004,1031949,1032355,mother
7004,1031950,1032211,father
7004,1031950,1032356,father
7004,1031951,1032211,mother
7004,1031951,1032356,mother
7004,1031952,1032212,father
7004,1031952,1032357,father
7004,1031953,1032212,mother
7004,1031953,1032357,mother
7004,1031954,1032213,father
7004,1031954,1032358,father
7004,1031955,1032213,mother
7004,1031955,1032358,mother
7004,1031956,1032214,father
7004,1031956,1032359,father
7004,1031957,1032214,mother
7004,1031957,1032359,mother
7004,1031958,1032215,father
7004,1031958,1032360,father
7004,1031959,1032215,mother
7004,1031959,1032360,mother
7004,1031960,1032216,father
7004,1031960,1032361,father
7004,1031961,1032216,mother
7004,1031961,1032361,mother
7004,1031962,1032217,father
7004,1031962,1032362,father
7004,1031963,1032217,mother
7004,1031963,1032362,mother
7004,1031964,1032218,father
7004,1031964,1032363,father
7004,1031965,1032218,mother
7004,1031965,1032363,mother
7004,1031966,1032219,father
7004,1031966,1032364,father
7004,1031967,1032219,mother
7004,1031967,1032364,mother
7004,1031968,1032220,father
7004,1031968,1032365,father
7004,1031969,1032220,mother
7004,1031969,1032365,mother
7004,1031970,1032221,father
7004,1031970,1032366,father
7004,1031971,1032221,mother
7004,1031971,1032366,mother
7004,1031972,1032222,father
7004,1031972,1032367,father
7004,1031973,1032222,mother
7004,1031973,1032367,mother
7004,1031974,1032223,father
7004,1031974,1032368,father
7004,1031975,1032223,mother
7004,1031975,1032368,mother
7004,1031976,1032224,father
7004,1031976,1032369,father
7004,1031977,1032224,mother
7004,1031977,1032369,mother
7004,1031978,1032225,father
7004,1031978,1032370,father
7004,1031979,1032225,mother
7004,1031979,1032370,mother
7004,1031980,1032226,father
7004,1031980,1032371,father
7004,1031981,1032226,mother
7004,1031981,1032371,mother
7004,1031982,1032227,father
7004,1031982,1032372,father
7004,1031983,1032227,mother
7004,1031983,1032372,mother
7004,1031984,1032228,father
7004,1031984,1032373,father
7004,1031985,1032228,mother
7004,1031985,1032373,mother
7004,1031986,1032229,father
7004,1031986,1032374,father
7004,1031987,1032229,mother
7004,1031987,1032374,mother
7004,1031988,1032230,father
7004,1031988,1032375,father
7004,1031989,1032230,mother
7004,1031989,1032375,mother
7004,1031990,1032231,father
7004,1031990,1032376,father
7004,1031991,1032231,mother
7004,1031991,1032376,mother
7004,1031992,1032232,father
7004,1031992,1032377,father
7004,1031993,1032232,mother
7004,1031993,1032377,mother
7004,1031994,1032233,father
7004,1031994,1032378,father
7004,1031995,1032233,mother
7004,1031995,1032378,mother
7004,1031996,1032234,father
7004,1031996,1032379,father
7004,1031997,1032234,mother
7004,1031997,1032379,mother
7004,1031998,1032235,father
7004,1031998,1032380,father
7004,1031999,1032235,mother
7004,1031999,1032380,mother
7004,1032000,1032236,father
7004,1032000,1032381,father
7004,1032001,1032236,mother
7004,1032001,1032381,mother
7004,1032002,1032237,father
7004,1032002,1032382,father
7004,1032003,1032237,mother
7004,1032003,1032382,mother
7004,1032004,1032238,father
7004,1032004,1032383,father
7004,1032005,1032238,mother
7004,1032005,1032383,mother
7004,1032006,1032239,father
7004,1032006,1032384,father
7004,1032007,1032239,mother
7004,1032007,1032384,mother
7004,1032008,1032240,father
7004,1032008,1032385,father
7004,1032009,1032240,mother
7004,1032009,1032385,mother
7004,1032010,1032241,father
7004,1032010,1032386,father
7004,1032011,1032241,mother
7004,1032011,1032386,mother
7004,1032012,1032242,father
7004,1032012,1032387,father
7004,1032013,1032242,mother
7004,1032013,1032387,mother
7004,1032014,1032243,father
7004,1032014,1032388,father
7004,1032015,1032243,mother
7004,1032015,1032388,mother
7004,1032016,1032244,father
7004,1032016,1032389,father
7004,1032017,1032244,mother
7004,1032017,1032389,mother
7004,1032018,1032245,father
7004,1032018,1032390,father
7004,1032019,1032245,mother
7004,1032019,1032390,mother
7004,1032020,1032246,father
7004,1032020,1032391,father
7004,1032021,1032246,mother
7004,1032021,1032391,mother
7004,1032022,1032247,father
7004,1032022,1032392,father
7004,1032023,1032247,mother
7004,1032023,1032392,mother
7004,1032024,1032248,father
7004,1032024,1032393,father
7004,1032025,1032248,mother
7004,1032025,1032393,mother
7004,1032026,1032249,father
7004,1032026,1032394,father
7004,1032027,1032249,mother
7004,1032027,1032394,mother
7004,1032028,1032250,father
7004,1032028,1032395,father
7004,1032029,1032250,mother
7004,1032029,1032395,mother
7004,1032030,1032251,father
7004,1032030,1032396,father
7004,1032031,1032251,mother
7004,1032031,1032396,mother
7004,1032032,1032252,father
7004,1032032,1032397,father
7004,1032033,1032252,mother
7004,1032033,1032397,mother
7004,1032034,1032253,father
7004,1032034,1032398,father
7004,1032035,1032253,mother
7004,1032035,1032398,mother
7004,1032036,1032254,father
7004,1032036,1032399,father
7004,1032037,1032254,mother
7004,1032037,1032399,mother
7004,1032038,1032255,father
7004,1032038,1032400,father
7004,1032039,1032255,mother
7004,1032039,1032400,mother
7004,1032040,1032256,father
7004,1032040,1032401,father
7004,1032041,1032256,mother
7004,1032041,1032401,mother
7004,1032042,1032257,father
7004,1032042,1032402,father
7004,1032043,1032257,mother
7004,1032043,1032402,mother
7004,1032044,1032258,father
7004,1032044,1032403,father
7004,1032045,1032258,mother
7004,1032045,1032403,mother
7004,1032046,1032259,father
7004,1032046,1032404,father
7004,1032047,1032259,mother
7004,1032047,1032404,mother
7004,1032048,1032260,father
7004,1032048,1032405,father
7004,1032049,1032260,mother
7004,1032049,1032405,mother
7004,1032050,1032261,father
7004,1032050,1032406,father
7004,1032051,1032261,mother
7004,1032051,1032406,mother
7004,1032052,1032262,father
7004,1032052,1032407,father
7004,1032053,1032262,mother
7004,1032053,1032407,mother
7004,1032054,1032263,father
7004,1032054,1032408,father
7004,1032055,1032263,mother
7004,1032055,1032408,mother
7004,1032056,1032264,father
7004,1032056,1032409,father
7004,1032057,1032264,mother
7004,1032057,1032409,mother
7004,1032058,1032265,father
7004,1032058,1032410,father
7004,1032059,1032265,mother
7004,1032059,1032410,mother
7004,1032060,1032266,father
7004,1032060,1032411,father
7004,1032061,1032266,mother
7004,1032061,1032411,mother
7004,1032062,1032267,father
7004,1032062,1032412,father
7004,1032063,1032267,mother
7004,1032063,1032412,mother
7004,1032064,1032268,father
7004,1032064,1032413,father
7004,1032065,1032268,mother
7004,1032065,1032413,mother
7004,1032066,1032269,father
7004,1032066,1032414,father
7004,1032067,1032269,mother
7004,1032067,1032414,mother
7004,1032068,1032270,father
7004,1032068,1032415,father
7004,1032069,1032270,mother
7004,1032069,1032415,mother
7004,1032070,1032271,father
7004,1032070,1032416,father
7004,1032071,1032271,mother
7004,1032071,1032416,mother
7004,1032072,1032272,father
7004,1032072,1032417,father
7004,1032073,1032272,mother
7004,1032073,1032417,mother
7004,1032074,1032273,father
7004,1032074,1032418,father
7004,1032075,1032273,mother
7004,1032075,1032418,mother
7004,1032076,1032274,father
7004,1032076,1032419,father
7004,1032077,1032274,mother
7004,1032077,1032419,mother
7004,1032078,1032275,father
7004,1032078,1032420,father
7004,1032079,1032275,mother
7004,1032079,1032420,mother
7004,1032080,1032276,father
7004,1032080,1032421,father
7004,1032081,1032276,mother
7004,1032081,1032421,mother
7004,1032082,1032277,father
7004,1032082,1032422,father
7004,1032083,1032277,mother
7004,1032083,1032422,mother
7004,1032084,1032278,father
7004,1032084,1032423,father
7004,1032085,1032278,mother
7004,1032085,1032423,mother
7004,1032086,1032279,father
7004,1032086,1032424,father
7004,1032087,1032279,mother
7004,1032087,1032424,mother
7004,1032088,1032280,father
7004,1032088,1032425,father
7004,1032089,1032280,mother
7004,1032089,1032425,mother
7004,1032090,1032281,father
7004,1032090,1032426,father
7004,1032091,1032281,mother
7004,1032091,1032426,mother
7004,1032092,1032282,father
7004,1032092,1032427,father
7004,1032093,1032282,mother
7004,1032093,1032427,mother
7004,1032094,1032283,father
7004,1032094,1032428,father
7004,1032095,1032283,mother
7004,1032095,1032428,mother
7004,1032096,1032284,father
7004,1032096,1032429,father
7004,1032097,1032284,mother
7004,1032097,1032429,mother
7004,1032098,1032285,father
7004,1032098,1032430,father
7004,1032099,1032285,mother
7004,1032099,1032430,mother
7004,1032100,1032286,father
7004,1032100,1032431,father
7004,1032101,1032286,mother
7004,1032101,1032431,mother
7004,1032102,1032287,father
7004,1032102,1032432,father
7004,1032103,1032287,mother
7004,1032103,1032432,mother
7004,1032104,1032288,father
7004,1032104,1032433,father
7004,1032105,1032288,mother
7004,1032105,1032433,mother
7004,1032106,1032289,father
7004,1032106,1032434,father
7004,1032107,1032289,mother
7004,1032107,1032434,mother
7004,1032108,1032290,father
7004,1032108,1032435,father
7004,1032109,1032290,mother
7004,1032109,1032435,mother
7004,1032110,1032291,father
7004,1032110,1032436,father
7004,1032111,1032291,mother
7004,1032111,1032436,mother
7004,1032112,1032292,father
7004,1032112,1032437,father
7004,1032113,1032292,mother
7004,1032113,1032437,mother
7004,1032114,1032293,father
7004,1032114,1032438,father
7004,1032115,1032293,mother
7004,1032115,1032438,mother
7004,1032116,1032294,father
7004,1032116,1032439,father
7004,1032117,1032294,mother
7004,1032117,1032439,mother
7004,1032118,1032295,father
7004,1032118,1032440,father
7004,1032119,1032295,mother
7004,1032119,1032440,mother
7004,1032120,1032296,father
7004,1032120,1032441,father
7004,1032121,1032296,mother
7004,1032121,1032441,mother
7004,1032122,1032297,father
7004,1032122,1032442,father
7004,1032123,1032297,mother
7004,1032123,1032442,mother
7004,1032124,1032298,father
7004,1032124,1032443,father
7004,1032125,1032298,mother
7004,1032125,1032443,mother
7004,1032126,1032299,father
7004,1032126,1032444,father
7004,1032127,1032299,mother
7004,1032127,1032444,mother
7004,1032128,1032300,father
7004,1032128,1032445,father
7004,1032129,1032300,mother
7004,1032129,1032445,mother
7004,1032130,1032301,father
7004,1032130,1032446,father
7004,1032131,1032301,mother
7004,1032131,1032446,mother
7004,1032132,1032302,father
7004,1032132,1032447,father
7004,1032133,1032302,mother
7004,1032133,1032447,mother
7004,1032134,1032303,father
7004,1032134,1032448,father
7004,1032135,1032303,mother
7004,1032135,1032448,mother
7004,1032136,1032304,father
7004,1032136,1032449,father
7004,1032137,1032304,mother
7004,1032137,1032449,mother
7004,1032138,1032305,father
7004,1032138,1032450,father
7004,1032139,1032305,mother
7004,1032139,1032450,mother
7004,1032140,1032306,father
7004,1032140,1032451,father
7004,1032141,1032306,mother
7004,1032141,1032451,mother
7004,1032142,1032307,father
7004,1032142,1032452,father
7004,1032143,1032307,mother
7004,1032143,1032452,mother
7004,1032144,1032308,father
7004,1032144,1032453,father
7004,1032145,1032308,mother
7004,1032145,1032453,mother
7004,1032146,1032309,father
7004,1032146,1032454,father
7004,1032147,1032309,mother
7004,1032147,1032454,mother
7004,1032148,1032310,father
7004,1032148,1032455,father
7004,1032149,1032310,mother
7004,1032149,1032455,mother
7004,1032150,1032311,father
7004,1032150,1032456,father
7004,1032151,1032311,mother
7004,1032151,1032456,mother
7004,1032152,1032312,father
7004,1032152,1032457,father
7004,1032153,1032312,mother
7004,1032153,1032457,mother
7004,1032154,1032313,father
7004,1032154,1032458,father
7004,1032155,1032313,mother
7004,1032155,1032458,mother
7004,1032156,1032314,father
7004,1032156,1032459,father
7004,1032157,1032314,mother
7004,1032157,1032459,mother
7004,1032158,1032315,father
7004,1032158,1032460,father
7004,1032159,1032315,mother
7004,1032159,1032460,mother
7004,1032160,1032316,father
7004,1032160,1032461,father
7004,1032161,1032316,mother
7004,1032161,1032461,mother
7004,1032162,1032317,father
7004,1032162,1032462,father
7004,1032163,1032317,mother
7004,1032163,1032462,mother
7004,1032164,1032318,father
7004,1032164,1032463,father
7004,1032165,1032318,mother
7004,1032165,1032463,mother
7004,1032166,1032319,father
7004,1032166,1032464,father
7004,1032167,1032319,mother
7004,1032167,1032464,mother
7004,1032168,1032320,father
7004,1032168,1032465,father
7004,1032169,1032320,mother
7004,1032169,1032465,mother
7004,1032170,1032321,father
7004,1032170,1032466,father
7004,1032171,1032321,mother
7004,1032171,1032466,mother
7004,1032172,1032322,father
7004,1032172,1032467,father
7004,1032173,1032322,mother
7004,1032173,1032467,mother
7004,1032174,1032323,father
7004,1032174,1032468,father
7004,1032175,1032323,mother
7004,1032175,1032468,mother
7004,1032176,1032324,father
7004,1032176,1032469,father
7004,1032177,1032324,mother
7004,1032177,1032469,mother
7004,1032178,1032325,father
7004,1032178,1032470,father
7004,1032179,1032325,mother
7004,1032179,1032470,mother
7004,1032180,1032326,father
7004,1032180,1032471,father
7004,1032181,1032326,mother
7004,1032181,1032471,mother
7004,1032182,1032494,father
7004,1032182,1032650,father
7004,1032183,1032494,mother
7004,1032183,1032650,mother
7004,1032184,1032495,father
7004,1032184,1032651,father
7004,1032185,1032495,mother
7004,1032185,1032651,mother
7004,1032186,1032496,father
7004,1032186,1032652,father
7004,1032187,1032496,mother
7004,1032187,1032652,mother
7004,1032188,1032497,father
7004,1032188,1032653,father
7004,1032189,1032497,mother
7004,1032189,1032653,mother
7004,1032190,1032498,father
7004,1032190,1032654,father
7004,1032191,1032498,mother
7004,1032191,1032654,mother
7004,1032192,1032499,father
7004,1032192,1032655,father
7004,1032193,1032499,mother
7004,1032193,1032655,mother
7004,1032194,1032500,father
7004,1032194,1032656,father
7004,1032195,1032500,mother
7004,1032195,1032656,mother
7004,1032196,1032501,father
7004,1032196,1032657,father
7004,1032197,1032501,mother
7004,1032197,1032657,mother
7004,1032198,1032502,father
7004,1032198,1032658,father
7004,1032199,1032502,mother
7004,1032199,1032658,mother
7004,1032200,1032503,father
7004,1032200,1032659,father
7004,1032201,1032503,mother
7004,1032201,1032659,mother
7004,1032202,1032504,father
7004,1032202,1032660,father
7004,1032203,1032504,mother
7004,1032203,1032660,mother
7004,1032204,1032505,father
7004,1032204,1032661,father
7004,1032205,1032505,mother
7004,1032205,1032661,mother
7004,1032206,1032506,father
7004,1032206,1032662,father
7004,1032207,1032506,mother
7004,1032207,1032662,mother
7004,1032208,1032507,father
7004,1032208,1032663,father
7004,1032209,1032507,mother
7004,1032209,1032663,mother
7004,1032210,1032508,father
7004,1032210,1032664,father
7004,1032211,1032508,mother
7004,1032211,1032664,mother
7004,1032212,1032509,father
7004,1032212,1032665,father
7004,1032213,1032509,mother
7004,1032213,1032665,mother
7004,1032214,1032510,father
7004,1032214,1032666,father
7004,1032215,1032510,mother
7004,1032215,1032666,mother
7004,1032216,1032511,father
7004,1032216,1032667,father
7004,1032217,1032511,mother
7004,1032217,1032667,mother
7004,1032218,1032512,father
7004,1032218,1032668,father
7004,1032219,1032512,mother
7004,1032219,1032668,mother
7004,1032220,1032513,father
7004,1032220,1032669,father
7004,1032221,1032513,mother
7004,1032221,1032669,mother
7004,1032222,1032514,father
7004,1032222,1032670,father
7004,1032223,1032514,mother
7004,1032223,1032670,mother
7004,1032224,1032515,father
7004,1032224,1032671,father
7004,1032225,1032515,mother
7004,1032225,1032671,mother
7004,1032226,1032516,father
7004,1032226,1032672,father
7004,1032227,1032516,mother
7004,1032227,1032672,mother
7004,1032228,1032517,father
7004,1032228,1032673,father
7004,1032229,1032517,mother
7004,1032229,1032673,mother
7004,1032230,1032518,father
7004,1032230,1032674,father
7004,1032231,1032518,mother
7004,1032231,1032674,mother
7004,1032232,1032519,father
7004,1032232,1032675,father
7004,1032233,1032519,mother
7004,1032233,1032675,mother
7004,1032234,1032520,father
7004,1032234,1032676,father
7004,1032235,1032520,mother
7004,1032235,1032676,mother
7004,1032236,1032521,father
7004,1032236,1032677,father
7004,1032237,1032521,mother
7004,1032237,1032677,mother
7004,1032238,1032522,father
7004,1032238,1032678,father
7004,1032239,1032522,mother
7004,1032239,1032678,mother
7004,1032240,1032523,father
7004,1032240,1032679,father
7004,1032241,1032523,mother
7004,1032241,1032679,mother
7004,1032242,1032524,father
7004,1032242,1032680,father
7004,1032243,1032524,mother
7004,1032243,1032680,mother
7004,1032244,1032525,father
7004,1032244,1032681,father
7004,1032245,1032525,mother
7004,1032245,1032681,mother
7004,1032246,1032526,father
7004,1032246,1032682,father
7004,1032247,1032526,mother
7004,1032247,1032682,mother
7004,1032248,1032527,father
7004,1032248,1032683,father
7004,1032249,1032527,mother
7004,1032249,1032683,mother
7004,1032250,1032528,father
7004,1032250,1032684,father
7004,1032251,1032528,mother
7004,1032251,1032684,mother
7004,1032252,1032529,father
7004,1032252,1032685,father
7004,1032253,1032529,mother
7004,1032253,1032685,mother
7004,1032254,1032530,father
7004,1032254,1032686,father
7004,1032255,1032530,mother
7004,1032255,1032686,mother
7004,1032256,1032531,father
7004,1032256,1032687,father
7004,1032257,1032531,mother
7004,1032257,1032687,mother
7004,1032258,1032532,father
7004,1032258,1032688,father
7004,1032259,1032532,mother
7004,1032259,1032688,mother
7004,1032260,1032533,father
7004,1032260,1032689,father
7004,1032261,1032533,mother
7004,1032261,1032689,mother
7004,1032262,1032534,father
7004,1032262,1032690,father
7004,1032263,1032534,mother
7004,1032263,1032690,mother
7004,1032264,1032535,father
7004,1032264,1032691,father
7004,1032265,1032535,mother
7004,1032265,1032691,mother
7004,1032266,1032536,father
7004,1032266,1032692,father
7004,1032267,1032536,mother
7004,1032267,1032692,mother
7004,1032268,1032537,father
7004,1032268,1032693,father
7004,1032269,1032537,mother
7004,1032269,1032693,mother
7004,1032270,1032538,father
7004,1032270,1032694,father
7004,1032271,1032538,mother
7004,1032271,1032694,mother
7004,1032272,1032539,father
7004,1032272,1032695,father
7004,1032273,1032539,mother
7004,1032273,1032695,mother
7004,1032274,1032540,father
7004,1032274,1032696,father
7004,1032275,1032540,mother
7004,1032275,1032696,mother
7004,1032276,1032541,father
7004,1032276,1032697,father
7004,1032277,1032541,mother
7004,1032277,1032697,mother
7004,1032278,1032542,father
7004,1032278,1032698,father
7004,1032279,1032542,mother
7004,1032279,1032698,mother
7004,1032280,1032543,father
7004,1032280,1032699,father
7004,1032281,1032543,mother
7004,1032281,1032699,mother
7004,1032282,1032544,father
7004,1032282,1032700,father
7004,1032283,1032544,mother
7004,1032283,1032700,mother
7004,1032284,1032545,father
7004,1032284,1032701,father
7004,1032285,1032545,mother
7004,1032285,1032701,mother
7004,1032286,1032546,father
7004,1032286,1032702,father
7004,1032287,1032546,mother
7004,1032287,1032702,mother
7004,1032288,1032547,father
7004,1032288,1032703,father
7004,1032289,1032547,mother
7004,1032289,1032703,mother
7004,1032290,1032548,father
7004,1032290,1032704,father
7004,1032291,1032548,mother
7004,1032291,1032704,mother
7004,1032292,1032549,father
7004,1032292,1032705,father
7004,1032293,1032549,mother
7004,1032293,1032705,mother
7004,1032294,1032550,father
7004,1032294,1032706,father
7004,1032295,1032550,mother
7004,1032295,1032706,mother
7004,1032296,1032551,father
7004,1032296,1032707,father
7004,1032297,1032551,mother
7004,1032297,1032707,mother
7004,1032298,1032552,father
7004,1032298,1032708,father
7004,1032299,1032552,mother
7004,1032299,1032708,mother
7004,1032300,1032553,father
7004,1032300,1032709,father
7004,1032301,1032553,mother
7004,1032301,1032709,mother
7004,1032302,1032554,father
7004,1032302,1032710,father
7004,1032303,1032554,mother
7004,1032303,1032710,mother
7004,1032304,1032555,father
7004,1032304,1032711,father
7004,1032305,1032555,mother
7004,1032305,1032711,mother
7004,1032306,1032556,father
7004,1032306,1032712,father
7004,1032307,1032556,mother
7004,1032307,1032712,mother
7004,1032308,1032557,father
7004,1032308,1032713,father
7004,1032309,1032557,mother
7004,1032309,1032713,mother
7004,1032310,1032558,father
7004,1032310,1032714,father
7004,1032311,1032558,mother
7004,1032311,1032714,mother
7004,1032312,1032559,father
7004,1032312,1032715,father
7004,1032313,1032559,mother
7004,1032313,1032715,mother
7004,1032314,1032560,father
7004,1032314,1032716,father
7004,1032315,1032560,mother
7004,1032315,1032716,mother
7004,1032316,1032561,father
7004,1032316,1032717,father
7004,1032317,1032561,mother
7004,1032317,1032717,mother
7004,1032318,1032562,father
7004,1032318,1032718,father
7004,1032319,1032562,mother
7004,1032319,1032718,mother
7004,1032320,1032563,father
7004,1032320,1032719,father
7004,1032321,1032563,mother
7004,1032321,1032719,mother
7004,1032322,1032564,father
7004,1032322,1032720,father
7004,1032323,1032564,mother
7004,1032323,1032720,mother
7004,1032324,1032565,father
7004,1032324,1032721,father
7004,1032325,1032565,mother
7004,1032325,1032721,mother
7004,1032326,1032566,father
7004,1032326,1032722,father
7004,1032327,1032566,mother
7004,1032327,1032722,mother
7004,1032328,1032567,father
7004,1032328,1032723,father
7004,1032329,1032567,mother
7004,1032329,1032723,mother
7004,1032330,1032568,father
7004,1032330,1032724,father
7004,1032331,1032568,mother
7004,1032331,1032724,mother
7004,1032332,1032569,father
7004,1032332,1032725,father
7004,1032333,1032569,mother
7004,1032333,1032725,mother
7004,1032334,1032570,father
7004,1032334,1032726,father
7004,1032335,1032570,mother
7004,1032335,1032726,mother
7004,1032336,1032571,father
7004,1032336,1032727,father
7004,1032337,1032571,mother
7004,1032337,1032727,mother
7004,1032338,1032572,father
7004,1032338,1032728,father
7004,1032339,1032572,mother
7004,1032339,1032728,mother
7004,1032340,1032573,father
7004,1032340,1032729,father
7004,1032341,1032573,mother
7004,1032341,1032729,mother
7004,1032342,1032574,father
7004,1032342,1032730,father
7004,1032343,1032574,mother
7004,1032343,1032730,mother
7004,1032344,1032575,father
7004,1032344,1032731,father
7004,1032345,1032575,mother
7004,1032345,1032731,mother
7004,1032346,1032576,father
7004,1032346,1032732,father
7004,1032347,1032576,mother
7004,1032347,1032732,mother
7004,1032348,1032577,father
7004,1032348,1032733,father
7004,1032349,1032577,mother
7004,1032349,1032733,mother
7004,1032350,1032578,father
7004,1032350,1032734,father
7004,1032351,1032578,mother
7004,1032351,1032734,mother
7004,1032352,1032579,father
7004,1032352,1032735,father
7004,1032353,1032579,mother
7004,1032353,1032735,mother
7004,1032354,1032580,father
7004,1032354,1032736,father
7004,1032355,1032580,mother
7004,1032355,1032736,mother
7004,1032356,1032581,father
7004,1032356,1032737,father
7004,1032357,1032581,mother
7004,1032357,1032737,mother
7004,1032358,1032582,father
7004,1032358,1032738,father
7004,1032359,1032582,mother
7004,1032359,1032738,mother
7004,1032360,1032583,father
7004,1032360,1032739,father
7004,1032361,1032583,mother
7004,1032361,1032739,mother
7004,1032362,1032584,father
7004,1032362,1032740,father
7004,1032363,1032584,mother
7004,1032363,1032740,mother
7004,1032364,1032585,father
7004,1032364,1032741,father
7004,1032365,1032585,mother
7004,1032365,1032741,mother
7004,1032366,1032586,father
7004,1032366,1032742,father
7004,1032367,1032586,mother
7004,1032367,1032742,mother
7004,1032368,1032587,father
7004,1032368,1032743,father
7004,1032369,1032587,mother
7004,1032369,1032743,mother
7004,1032370,1032588,father
7004,1032370,1032744,father
7004,1032371,1032588,mother
7004,1032371,1032744,mother
7004,1032372,1032589,father
7004,1032372,1032745,father
7004,1032373,1032589,mother
7004,1032373,1032745,mother
7004,1032374,1032590,father
7004,1032374,1032746,father
7004,1032375,1032590,mother
7004,1032375,1032746,mother
7004,1032376,1032591,father
7004,1032376,1032747,father
7004,1032377,1032591,mother
7004,1032377,1032747,mother
7004,1032378,1032592,father
7004,1032378,1032748,father
7004,1032379,1032592,mother
7004,1032379,1032748,mother
7004,1032380,1032593,father
7004,1032380,1032749,father
7004,1032381,1032593,mother
7004,1032381,1032749,mother
7004,1032382,1032594,father
7004,1032382,1032750,father
7004,1032383,1032594,mother
7004,1032383,1032750,mother
7004,1032384,1032595,father
7004,1032384,1032751,father
7004,1032385,1032595,mother
7004,1032385,1032751,mother
7004,1032386,1032596,father
7004,1032386,1032752,father
7004,1032387,1032596,mother
7004,1032387,1032752,mother
7004,1032388,1032597,father
7004,1032388,1032753,father
7004,1032389,1032597,mother
7004,1032389,1032753,mother
7004,1032390,1032598,father
7004,1032390,1032754,father
7004,1032391,1032598,mother
7004,1032391,1032754,mother
7004,1032392,1032599,father
7004,1032392,1032755,father
7004,1032393,1032599,mother
7004,1032393,1032755,mother
7004,1032394,1032600,father
7004,1032394,1032756,father
7004,1032395,1032600,mother
7004,1032395,1032756,mother
7004,1032396,1032601,father
7004,1032396,1032757,father
7004,1032397,1032601,mother
7004,1032397,1032757,mother
7004,1032398,1032602,father
7004,1032398,1032758,father
7004,1032399,1032602,mother
7004,1032399,1032758,mother
7004,1032400,1032603,father
7004,1032400,1032759,father
7004,1032401,1032603,mother
7004,1032401,1032759,mother
7004,1032402,1032604,father
7004,1032402,1032760,father
7004,1032403,1032604,mother
7004,1032403,1032760,mother
7004,1032404,1032605,father
7004,1032404,1032761,father
7004,1032405,1032605,mother
7004,1032405,1032761,mother
7004,1032406,1032606,father
7004,1032406,1032762,father
7004,1032407,1032606,mother
7004,1032407,1032762,mother
7004,1032408,1032607,father
7004,1032408,1032763,father
7004,1032409,1032607,mother
7004,1032409,1032763,mother
7004,1032410,1032608,father
7004,1032410,1032764,father
7004,1032411,1032608,mother
7004,1032411,1032764,mother
7004,1032412,1032609,father
7004,1032412,1032765,father
7004,1032413,1032609,mother
7004,1032413,1032765,mother
7004,1032414,1032610,father
7004,1032414,1032766,father
7004,1032415,1032610,mother
7004,1032415,1032766,mother
7004,1032416,1032611,father
7004,1032416,1032767,father
7004,1032417,1032611,mother
7004,1032417,1032767,mother
7004,1032418,1032612,father
7004,1032418,1032768,father
7004,1032419,1032612,mother
7004,1032419,1032768,mother
7004,1032420,1032613,father
7004,1032420,1032769,father
7004,1032421,1032613,mother
7004,1032421,1032769,mother
7004,1032422,1032614,father
7004,1032422,1032770,father
7004,1032423,1032614,mother
7004,1032423,1032770,mother
7004,1032424,1032615,father
7004,1032424,1032771,father
7004,1032425,1032615,mother
7004,1032425,1032771,mother
7004,1032426,1032616,father
7004,1032426,1032772,father
7004,1032427,1032616,mother
7004,1032427,1032772,mother
7004,1032428,1032617,father
7004,1032428,1032773,father
7004,1032429,1032617,mother
7004,1032429,1032773,mother
7004,1032430,1032618,father
7004,1032430,1032774,father
7004,1032431,1032618,mother
7004,1032431,1032774,mother
7004,1032432,1032619,father
7004,1032432,1032775,father
7004,1032433,1032619,mother
7004,1032433,1032775,mother
7004,1032434,1032620,father
7004,1032434,1032776,father
7004,1032435,1032620,mother
7004,1032435,1032776,mother
7004,1032436,1032621,father
7004,1032436,1032777,father
7004,1032437,1032621,mother
7004,1032437,1032777,mother
7004,1032438,1032622,father
7004,1032438,1032778,father
7004,1032439,1032622,mother
7004,1032439,1032778,mother
7004,1032440,1032623,father
7004,1032440,1032779,father
7004,1032441,1032623,mother
7004,1032441,1032779,mother
7004,1032442,1032624,father
7004,1032442,1032780,father
7004,1032443,1032624,mother
7004,1032443,1032780,mother
7004,1032444,1032625,father
7004,1032444,1032781,father
7004,1032445,1032625,mother
7004,1032445,1032781,mother
7004,1032446,1032626,father
7004,1032446,1032782,father
7004,1032447,1032626,mother
7004,1032447,1032782,mother
7004,1032448,1032627,father
7004,1032448,1032783,father
7004,1032449,1032627,mother
7004,1032449,1032783,mother
7004,1032450,1032628,father
7004,1032450,1032784,father
7004,1032451,1032628,mother
7004,1032451,1032784,mother
7004,1032452,1032629,father
7004,1032452,1032785,father
7004,1032453,1032629,mother
7004,1032453,1032785,mother
7004,1032454,1032630,father
7004,1032454,1032786,father
7004,1032455,1032630,mother
7004,1032455,1032786,mother
7004,1032456,1032631,father
7004,1032456,1032787,father
7004,1032457,1032631,mother
7004,1032457,1032787,mother
7004,1032458,1032632,father
7004,1032458,1032788,father
7004,1032459,1032632,mother
7004,1032459,1032788,mother
7004,1032460,1032633,father
7004,1032460,1032789,father
7004,1032461,1032633,mother
7004,1032461,1032789,mother
7004,1032462,1032634,father
7004,1032462,1032790,father
7004,1032463,1032634,mother
7004,1032463,1032790,mother
7004,1032464,1032635,father
7004,1032464,1032791,father
7004,1032465,1032635,mother
7004,1032465,1032791,mother
7004,1032466,1032636,father
7004,1032466,1032792,father
7004,1032467,1032636,mother
7004,1032467,1032792,mother
7004,1032468,1032637,father
7004,1032468,1032793,father
7004,1032469,1032637,mother
7004,1032469,1032793,mother
7004,1032470,1032638,father
7004,1032470,1032794,father
7004,1032471,1032638,mother
7004,1032471,1032794,mother
7004,1032472,1032639,father
7004,1032472,1032795,father
7004,1032473,1032639,mother
7004,1032473,1032795,mother
7004,1032474,1032640,father
7004,1032474,1032796,father
7004,1032475,1032640,mother
7004,1032475,1032796,mother
7004,1032476,1032641,father
7004,1032476,1032797,father
7004,1032477,1032641,mother
7004,1032477,1032797,mother
7004,1032478,1032642,father
7004,1032478,1032798,father
7004,1032479,1032642,mother
7004,1032479,1032798,mother
7004,1032480,1032643,father
7004,1032480,1032799,father
7004,1032481,1032643,mother
7004,1032481,1032799,mother
7004,1032482,1032644,father
7004,1032482,1032800,father
7004,1032483,1032644,mother
7004,1032483,1032800,mother
7004,1032484,1032645,father
7004,1032484,1032801,father
7004,1032485,1032645,mother
7004,1032485,1032801,mother
7004,1032486,1032646,father
7004,1032486,1032802,father
7004,1032487,1032646,mother
7004,1032487,1032802,mother
7004,1032488,1032647,father
7004,1032488,1032803,father
7004,1032489,1032647,mother
7004,1032489,1032803,mother
7004,1032490,1032648,father
7004,1032490,1032804,father
7004,1032491,1032648,mother
7004,1032491,1032804,mother
7004,1032492,1032649,father
7004,1032492,1032805,father
7004,1032493,1032649,mother
7004,1032493,1032805,mother
7004,1032494,1032806,father
7004,1032494,1032962,father
7004,1032495,1032806,mother
7004,1032495,1032962,mother
7004,1032496,1032807,father
7004,1032496,1032963,father
7004,1032497,1032807,mother
7004,1032497,1032963,mother
7004,1032498,1032808,father
7004,1032498,1032964,father
7004,1032499,1032808,mother
7004,1032499,1032964,mother
7004,1032500,1032809,father
7004,1032500,1032965,father
7004,1032501,1032809,mother
7004,1032501,1032965,mother
7004,1032502,1032810,father
7004,1032502,1032966,father
7004,1032503,1032810,mother
7004,1032503,1032966,mother
7004,1032504,1032811,father
7004,1032504,1032967,father
7004,1032505,1032811,mother
7004,1032505,1032967,mother
7004,1032506,1032812,father
7004,1032506,1032968,father
7004,1032507,1032812,mother
7004,1032507,1032968,mother
7004,1032508,1032813,father
7004,1032508,1032969,father
7004,1032509,1032813,mother
7004,1032509,1032969,mother
7004,1032510,1032814,father
7004,1032510,1032970,father
7004,1032511,1032814,mother
7004,1032511,1032970,mother
7004,1032512,1032815,father
7004,1032512,1032971,father
7004,1032513,1032815,mother
7004,1032513,1032971,mother
7004,1032514,1032816,father
7004,1032514,1032972,father
7004,1032515,1032816,mother
7004,1032515,1032972,mother
7004,1032516,1032817,father
7004,1032516,1032973,father
7004,1032517,1032817,mother
7004,1032517,1032973,mother
7004,1032518,1032818,father
7004,1032518,1032974,father
7004,1032519,1032818,mother
7004,1032519,1032974,mother
7004,1032520,1032819,father
7004,1032520,1032975,father
7004,1032521,1032819,mother
7004,1032521,1032975,mother
7004,1032522,1032820,father
7004,1032522,1032976,father
7004,1032523,1032820,mother
7004,1032523,1032976,mother
7004,1032524,1032821,father
7004,1032524,1032977,father
7004,1032525,1032821,mother
7004,1032525,1032977,mother
7004,1032526,1032822,father
7004,1032526,1032978,father
7004,1032527,1032822,mother
7004,1032527,1032978,mother
7004,1032528,1032823,father
7004,1032528,1032979,father
7004,1032529,1032823,mother
7004,1032529,1032979,mother
7004,1032530,1032824,father
7004,1032530,1032980,father
7004,1032531,1032824,mother
7004,1032531,1032980,mother
7004,1032532,1032825,father
7004,1032532,1032981,father
7004,1032533,1032825,mother
7004,1032533,1032981,mother
7004,1032534,1032826,father
7004,1032534,1032982,father
7004,1032535,1032826,mother
7004,1032535,1032982,mother
7004,1032536,1032827,father
7004,1032536,1032983,father
7004,1032537,1032827,mother
7004,1032537,1032983,mother
7004,1032538,1032828,father
7004,1032538,1032984,father
7004,1032539,1032828,mother
7004,1032539,1032984,mother
7004,1032540,1032829,father
7004,1032540,1032985,father
7004,1032541,1032829,mother
7004,1032541,1032985,mother
7004,1032542,1032830,father
7004,1032542,1032986,father
7004,1032543,1032830,mother
7004,1032543,1032986,mother
7004,1032544,1032831,father
7004,1032544,1032987,father
7004,1032545,1032831,mother
7004,1032545,1032987,mother
7004,1032546,1032832,father
7004,1032546,1032988,father
7004,1032547,1032832,mother
7004,1032547,1032988,mother
7004,1032548,1032833,father
7004,1032548,1032989,father
7004,1032549,1032833,mother
7004,1032549,1032989,mother
7004,1032550,1032834,father
7004,1032550,1032990,father
7004,1032551,1032834,mother
7004,1032551,1032990,mother
7004,1032552,1032835,father
7004,1032552,1032991,father
7004,1032553,1032835,mother
7004,1032553,1032991,mother
7004,1032554,1032836,father
7004,1032554,1032992,father
7004,1032555,1032836,mother
7004,1032555,1032992,mother
7004,1032556,1032837,father
7004,1032556,1032993,father
7004,1032557,1032837,mother
7004,1032557,1032993,mother
7004,1032558,1032838,father
7004,1032558,1032994,father
7004,1032559,1032838,mother
7004,1032559,1032994,mother
7004,1032560,1032839,father
7004,1032560,1032995,father
7004,1032561,1032839,mother
7004,1032561,1032995,mother
7004,1032562,1032840,father
7004,1032562,1032996,father
7004,1032563,1032840,mother
7004,1032563,1032996,mother
7004,1032564,1032841,father
7004,1032564,1032997,father
7004,1032565,1032841,mother
7004,1032565,1032997,mother
7004,1032566,1032842,father
7004,1032566,1032998,father
7004,1032567,1032842,mother
7004,1032567,1032998,mother
7004,1032568,1032843,father
7004,1032568,1032999,father
7004,1032569,1032843,mother
7004,1032569,1032999,mother
7004,1032570,1032844,father
7004,1032570,1033000,father
7004,1032571,1032844,mother
7004,1032571,1033000,mother
7004,1032572,1032845,father
7004,1032572,1033001,father
7004,1032573,1032845,mother
7004,1032573,1033001,mother
7004,1032574,1032846,father
7004,1032574,1033002,father
7004,1032575,1032846,mother
7004,1032575,1033002,mother
7004,1032576,1032847,father
7004,1032576,1033003,father
7004,1032577,1032847,mother
7004,1032577,1033003,mother
7004,1032578,1032848,father
7004,1032578,1033004,father
7004,1032579,1032848,mother
7004,1032579,1033004,mother
7004,1032580,1032849,father
7004,1032580,1033005,father
7004,1032581,1032849,mother
7004,1032581,1033005,mother
7004,1032582,1032850,father
7004,1032582,1033006,father
7004,1032583,1032850,mother
7004,1032583,1033006,mother
7004,1032584,1032851,father
7004,1032584,1033007,father
7004,1032585,1032851,mother
7004,1032585,1033007,mother
7004,1032586,1032852,father
7004,1032586,1033008,father
7004,1032587,1032852,mother
7004,1032587,1033008,mother
7004,1032588,1032853,father
7004,1032588,1033009,father
7004,1032589,1032853,mother
7004,1032589,1033009,mother
7004,1032590,1032854,father
7004,1032590,1033010,father
7004,1032591,1032854,mother
7004,1032591,1033010,mother
7004,1032592,1032855,father
7004,1032592,1033011,father
7004,1032593,1032855,mother
7004,1032593,1033011,mother
7004,1032594,1032856,father
7004,1032594,1033012,father
7004,1032595,1032856,mother
7004,1032595,1033012,mother
7004,1032596,1032857,father
7004,1032596,1033013,father
7004,1032597,1032857,mother
7004,1032597,1033013,mother
7004,1032598,1032858,father
7004,1032598,1033014,father
7004,1032599,1032858,mother
7004,1032599,1033014,mother
7004,1032600,1032859,father
7004,1032600,1033015,father
7004,1032601,1032859,mother
7004,1032601,1033015,mother
7004,1032602,1032860,father
7004,1032602,1033016,father
7004,1032603,1032860,mother
7004,1032603,1033016,mother
7004,1032604,1032861,father
7004,1032604,1033017,father
7004,1032605,1032861,mother
7004,1032605,1033017,mother
7004,1032606,1032862,father
7004,1032606,1033018,father
7004,1032607,1032862,mother
7004,1032607,1033018,mother
7004,1032608,1032863,father
7004,1032608,1033019,father
7004,1032609,1032863,mother
7004,1032609,1033019,mother
7004,1032610,1032864,father
7004,1032610,1033020,father
7004,1032611,1032864,mother
7004,1032611,1033020,mother
7004,1032612,1032865,father
7004,1032612,1033021,father
7004,1032613,1032865,mother
7004,1032613,1033021,mother
7004,1032614,1032866,father
7004,1032614,1033022,father
7004,1032615,1032866,mother
7004,1032615,1033022,mother
7004,1032616,1032867,father
7004,1032616,1033023,father
7004,1032617,1032867,mother
7004,1032617,1033023,mother
7004,1032618,1032868,father
7004,1032618,1033024,father
7004,1032619,1032868,mother
7004,1032619,1033024,mother
7004,1032620,1032869,father
7004,1032620,1033025,father
7004,1032621,1032869,mother
7004,1032621,1033025,mother
7004,1032622,1032870,father
7004,1032622,1033026,father
7004,1032623,1032870,mother
7004,1032623,1033026,mother
7004,1032624,1032871,father
7004,1032624,1033027,father
7004,1032625,1032871,mother
7004,1032625,1033027,mother
7004,1032626,1032872,father
7004,1032626,1033028,father
7004,1032627,1032872,mother
7004,1032627,1033028,mother
7004,1032628,1032873,father
7004,1032628,1033029,father
7004,1032629,1032873,mother
7004,1032629,1033029,mother
7004,1032630,1032874,father
7004,1032630,1033030,father
7004,1032631,1032874,mother
7004,1032631,1033030,mother
7004,1032632,1032875,father
7004,1032632,1033031,father
7004,1032633,1032875,mother
7004,1032633,1033031,mother
7004,1032634,1032876,father
7004,1032634,1033032,father
7004,1032635,1032876,mother
7004,1032635,1033032,mother
7004,1032636,1032877,father
7004,1032636,1033033,father
7004,1032637,1032877,mother
7004,1032637,1033033,mother
7004,1032638,1032878,father
7004,1032638,1033034,father
7004,1032639,1032878,mother
7004,1032639,1033034,mother
7004,1032640,1032879,father
7004,1032640,1033035,father
7004,1032641,1032879,mother
7004,1032641,1033035,mother
7004,1032642,1032880,father
7004,1032642,1033036,father
7004,1032643,1032880,mother
7004,1032643,1033036,mother
7004,1032644,1032881,father
7004,1032644,1033037,father
7004,1032645,1032881,mother
7004,1032645,1033037,mother
7004,1032646,1032882,father
7004,1032646,1033038,father
7004,1032647,1032882,mother
7004,1032647,1033038,mother
7004,1032648,1032883,father
7004,1032648,1033039,father
7004,1032649,1032883,mother
7004,1032649,1033039,mother
7004,1032650,1032884,father
7004,1032650,1033040,father
7004,1032651,1032884,mother
7004,1032651,1033040,mother
7004,1032652,1032885,father
7004,1032652,1033041,father
7004,1032653,1032885,mother
7004,1032653,1033041,mother
7004,1032654,1032886,father
7004,1032654,1033042,father
7004,1032655,1032886,mother
7004,1032655,1033042,mother
7004,1032656,1032887,father
7004,1032656,1033043,father
7004,1032657,1032887,mother
7004,1032657,1033043,mother
7004,1032658,1032888,father
7004,1032658,1033044,father
7004,1032659,1032888,mother
7004,1032659,1033044,mother
7004,1032660,1032889,father
7004,1032660,1033045,father
7004,1032661,1032889,mother
7004,1032661,1033045,mother
7004,1032662,1032890,father
7004,1032662,1033046,father
7004,1032663,1032890,mother
7004,1032663,1033046,mother
7004,1032664,1032891,father
7004,1032664,1033047,father
7004,1032665,1032891,mother
7004,1032665,1033047,mother
7004,1032666,1032892,father
7004,1032666,1033048,father
7004,1032667,1032892,mother
7004,1032667,1033048,mother
7004,1032668,1032893,father
7004,1032668,1033049,father
7004,1032669,1032893,mother
7004,1032669,1033049,mother
7004,1032670,1032894,father
7004,1032670,1033050,father
7004,1032671,1032894,mother
7004,1032671,1033050,mother
7004,1032672,1032895,father
7004,1032672,1033051,father
7004,1032673,1032895,mother
7004,1032673,1033051,mother
7004,1032674,1032896,father
7004,1032674,1033052,father
7004,1032675,1032896,mother
7004,1032675,1033052,mother
7004,1032676,1032897,father
7004,1032676,1033053,father
7004,1032677,1032897,mother
7004,1032677,1033053,mother
7004,1032678,1032898,father
7004,1032678,1033054,father
7004,1032679,1032898,mother
7004,1032679,1033054,mother
7004,1032680,1032899,father
7004,1032680,1033055,father
7004,1032681,1032899,mother
7004,1032681,1033055,mother
7004,1032682,1032900,father
7004,1032682,1033056,father
7004,1032683,1032900,mother
7004,1032683,1033056,mother
7004,1032684,1032901,father
7004,1032684,1033057,father
7004,1032685,1032901,mother
7004,1032685,1033057,mother
7004,1032686,1032902,father
7004,1032686,1033058,father
7004,1032687,1032902,mother
7004,1032687,1033058,mother
7004,1032688,1032903,father
7004,1032688,1033059,father
7004,1032689,1032903,mother
7004,1032689,1033059,mother
7004,1032690,1032904,father
7004,1032690,1033060,father
7004,1032691,1032904,mother
7004,1032691,1033060,mother
7004,1032692,1032905,father
7004,1032692,1033061,father
7004,1032693,1032905,mother
7004,1032693,1033061,mother
7004,1032694,1032906,father
7004,1032694,1033062,father
7004,1032695,1032906,mother
7004,1032695,1033062,mother
7004,1032696,1032907,father
7004,1032696,1033063,father
7004,1032697,1032907,mother
7004,1032697,1033063,mother
7004,1032698,1032908,father
7004,1032698,1033064,father
7004,1032699,1032908,mother
7004,1032699,1033064,mother
7004,1032700,1032909,father
7004,1032700,1033065,father
7004,1032701,1032909,mother
7004,1032701,1033065,mother
7004,1032702,1032910,father
7004,1032702,1033066,father
7004,1032703,1032910,mother
7004,1032703,1033066,mother
7004,1032704,1032911,father
7004,1032704,1033067,father
7004,1032705,1032911,mother
7004,1032705,1033067,mother
7004,1032706,1032912,father
7004,1032706,1033068,father
7004,1032707,1032912,mother
7004,1032707,1033068,mother
7004,1032708,1032913,father
7004,1032708,1033069,father
7004,1032709,1032913,mother
7004,1032709,1033069,mother
7004,1032710,1032914,father
7004,1032710,1033070,father
7004,1032711,1032914,mother
7004,1032711,1033070,mother
7004,1032712,1032915,father
7004,1032712,1033071,father
7004,1032713,1032915,mother
7004,1032713,1033071,mother
7004,1032714,1032916,father
7004,1032714,1033072,father
7004,1032715,1032916,mother
7004,1032715,1033072,mother
7004,1032716,1032917,father
7004,1032716,1033073,father
7004,1032717,1032917,mother
7004,1032717,1033073,mother
7004,1032718,1032918,father
7004,1032718,1033074,father
7004,1032719,1032918,mother
7004,1032719,1033074,mother
7004,1032720,1032919,father
7004,1032720,1033075,father
7004,1032721,1032919,mother
7004,1032721,1033075,mother
7004,1032722,1032920,father
7004,1032722,1033076,father
7004,1032723,1032920,mother
7004,1032723,1033076,mother
7004,1032724,1032921,father
7004,1032724,1033077,father
7004,1032725,1032921,mother
7004,1032725,1033077,mother
7004,1032726,1032922,father
7004,1032726,1033078,father
7004,1032727,1032922,mother
7004,1032727,1033078,mother
7004,1032728,1032923,father
7004,1032728,1033079,father
7004,1032729,1032923,mother
7004,1032729,1033079,mother
7004,1032730,1032924,father
7004,1032730,1033080,father
7004,1032731,1032924,mother
7004,1032731,1033080,mother
7004,1032732,1032925,father
7004,1032732,1033081,father
7004,1032733,1032925,mother
7004,1032733,1033081,mother
7004,1032734,1032926,father
7004,1032734,1033082,father
7004,1032735,1032926,mother
7004,1032735,1033082,mother
7004,1032736,1032927,father
7004,1032736,1033083,father
7004,1032737,1032927,mother
7004,1032737,1033083,mother
7004,1032738,1032928,father
7004,1032738,1033084,father
7004,1032739,1032928,mother
7004,1032739,1033084,mother
7004,1032740,1032929,father
7004,1032740,1033085,father
7004,1032741,1032929,mother
7004,1032741,1033085,mother
7004,1032742,1032930,father
7004,1032742,1033086,father
7004,1032743,1032930,mother
7004,1032743,1033086,mother
7004,1032744,1032931,father
7004,1032744,1033087,father
7004,1032745,1032931,mother
7004,1032745,1033087,mother
7004,1032746,1032932,father
7004,1032746,1033088,father
7004,1032747,1032932,mother
7004,1032747,1033088,mother
7004,1032748,1032933,father
7004,1032748,1033089,father
7004,1032749,1032933,mother
7004,1032749,1033089,mother
7004,1032750,1032934,father
7004,1032750,1033090,father
7004,1032751,1032934,mother
7004,1032751,1033090,mother
7004,1032752,1032935,father
7004,1032752,1033091,father
7004,1032753,1032935,mother
7004,1032753,1033091,mother
7004,1032754,1032936,father
7004,1032754,1033092,father
7004,1032755,1032936,mother
7004,1032755,1033092,mother
7004,1032756,1032937,father
7004,1032756,1033093,father
7004,1032757,1032937,mother
7004,1032757,1033093,mother
7004,1032758,1032938,father
7004,1032758,1033094,father
7004,1032759,1032938,mother
7004,1032759,1033094,mother
7004,1032760,1032939,father
7004,1032760,1033095,father
7004,1032761,1032939,mother
7004,1032761,1033095,mother
7004,1032762,1032940,father
7004,1032762,1033096,father
7004,1032763,1032940,mother
7004,1032763,1033096,mother
7004,1032764,1032941,father
7004,1032765,1032941,mother
7004,1032766,1032942,father
7004,1032767,1032942,mother
7004,1032768,1032943,father
7004,1032769,1032943,mother
7004,1032770,1032944,father
7004,1032771,1032944,mother
7004,1032772,1032945,father
7004,1032773,1032945,mother
7004,1032774,1032946,father
7004,1032775,1032946,mother
7004,1032776,1032947,father
7004,1032777,1032947,mother
7004,1032778,1032948,father
7004,1032779,1032948,mother
7004,1032780,1032949,father
7004,1032781,1032949,mother
7004,1032782,1032950,father
7004,1032783,1032950,mother
7004,1032784,1032951,father
7004,1032785,1032951,mother
7004,1032786,1032952,father
7004,1032787,1032952,mother
7004,1032788,1032953,father
7004,1032789,1032953,mother
7004,1032790,1032954,father
7004,1032791,1032954,mother
7004,1032792,1032955,father
7004,1032793,1032955,mother
7004,1032794,1032956,father
7004,1032795,1032956,mother
7004,1032796,1032957,father
7004,1032797,1032957,mother
7004,1032798,1032958,father
7004,1032799,1032958,mother
7004,1032800,1032959,father
7004,1032801,1032959,mother
7004,1032802,1032960,father
7004,1032803,1032960,mother
7004,1032804,1032961,father
7004,1032805,1032961,mother
7004,1032806,1033097,father
7004,1032806,1033243,father
7004,1032807,1033097,mother
7004,1032807,1033242,mother
7004,1032808,1033098,father
7004,1032808,1033244,father
7004,1032809,1033098,mother
7004,1032809,1033243,mother
7004,1032810,1033099,father
7004,1032810,1033245,father
7004,1032811,1033099,mother
7004,1032811,1033244,mother
7004,1032812,1033100,father
7004,1032812,1033246,father
7004,1032813,1033100,mother
7004,1032813,1033245,mother
7004,1032814,1033101,father
7004,1032814,1033247,father
7004,1032815,1033101,mother
7004,1032815,1033246,mother
7004,1032816,1033102,father
7004,1032816,1033248,father
7004,1032817,1033102,mother
7004,1032817,1033247,mother
7004,1032818,1033103,father
7004,1032818,1033249,father
7004,1032819,1033103,mother
7004,1032819,1033248,mother
7004,1032820,1033104,father
7004,1032820,1033250,father
7004,1032821,1033104,mother
7004,1032821,1033249,mother
7004,1032822,1033105,father
7004,1032822,1033251,father
7004,1032823,1033105,mother
7004,1032823,1033250,mother
7004,1032824,1033106,father
7004,1032824,1033252,father
7004,1032825,1033106,mother
7004,1032825,1033251,mother
7004,1032826,1033107,father
7004,1032826,1033253,father
7004,1032827,1033107,mother
7004,1032827,1033252,mother
7004,1032828,1033108,father
7004,1032828,1033254,father
7004,1032829,1033108,mother
7004,1032829,1033253,mother
7004,1032830,1033109,father
7004,1032830,1033255,father
7004,1032831,1033109,mother
7004,1032831,1033254,mother
7004,1032832,1033110,father
7004,1032832,1033256,father
7004,1032833,1033110,mother
7004,1032833,1033255,mother
7004,1032834,1033111,father
7004,1032834,1033257,father
7004,1032835,1033111,mother
7004,1032835,1033256,mother
7004,1032836,1033112,father
7004,1032836,1033258,father
7004,1032837,1033112,mother
7004,1032837,1033257,mother
7004,1032838,1033113,father
7004,1032838,1033259,father
7004,1032839,1033113,mother
7004,1032839,1033258,mother
7004,1032840,1033114,father
7004,1032840,1033260,father
7004,1032841,1033114,mother
7004,1032841,1033259,mother
7004,1032842,1033115,father
7004,1032842,1033261,father
7004,1032843,1033115,mother
7004,1032843,1033260,mother
7004,1032844,1033116,father
7004,1032844,1033262,father
7004,1032845,1033116,mother
7004,1032845,1033261,mother
7004,1032846,1033117,father
7004,1032846,1033263,father
7004,1032847,1033117,mother
7004,1032847,1033262,mother
7004,1032848,1033118,father
7004,1032848,1033264,father
7004,1032849,1033118,mother
7004,1032849,1033263,mother
7004,1032850,1033119,father
7004,1032850,1033265,father
7004,1032851,1033119,mother
7004,1032851,1033264,mother
7004,1032852,1033120,father
7004,1032852,1033266,father
7004,1032853,1033120,mother
7004,1032853,1033265,mother
7004,1032854,1033121,father
7004,1032854,1033267,father
7004,1032855,1033121,mother
7004,1032855,1033266,mother
7004,1032856,1033122,father
7004,1032856,1033268,father
7004,1032857,1033122,mother
7004,1032857,1033267,mother
7004,1032858,1033123,father
7004,1032858,1033269,father
7004,1032859,1033123,mother
7004,1032859,1033268,mother
7004,1032860,1033124,father
7004,1032860,1033270,father
7004,1032861,1033124,mother
7004,1032861,1033269,mother
7004,1032862,1033125,father
7004,1032862,1033271,father
7004,1032863,1033125,mother
7004,1032863,1033270,mother
7004,1032864,1033126,father
7004,1032864,1033272,father
7004,1032865,1033126,mother
7004,1032865,1033271,mother
7004,1032866,1033127,father
7004,1032866,1033273,father
7004,1032867,1033127,mother
7004,1032867,1033272,mother
7004,1032868,1033128,father
7004,1032868,1033274,father
7004,1032869,1033128,mother
7004,1032869,1033273,mother
7004,1032870,1033129,father
7004,1032870,1033275,father
7004,1032871,1033129,mother
7004,1032871,1033274,mother
7004,1032872,1033130,father
7004,1032872,1033276,father
7004,1032873,1033130,mother
7004,1032873,1033275,mother
7004,1032874,1033131,father
7004,1032874,1033277,father
7004,1032875,1033131,mother
7004,1032875,1033276,mother
7004,1032876,1033132,father
7004,1032876,1033278,father
7004,1032877,1033132,mother
7004,1032877,1033277,mother
7004,1032878,1033133,father
7004,1032878,1033279,father
7004,1032879,1033133,mother
7004,1032879,1033278,mother
7004,1032880,1033134,father
7004,1032880,1033280,father
7004,1032881,1033134,mother
7004,1032881,1033279,mother
7004,1032882,1033135,father
7004,1032882,1033281,father
7004,1032883,1033135,mother
7004,1032883,1033280,mother
7004,1032884,1033136,father
7004,1032884,1033282,father
7004,1032885,1033136,mother
7004,1032885,1033281,mother
7004,1032886,1033137,father
7004,1032886,1033283,father
7004,1032887,1033137,mother
7004,1032887,1033282,mother
7004,1032888,1033138,father
7004,1032888,1033284,father
7004,1032889,1033138,mother
7004,1032889,1033283,mother
7004,1032890,1033139,father
7004,1032890,1033285,father
7004,1032891,1033139,mother
7004,1032891,1033284,mother
7004,1032892,1033140,father
7004,1032892,1033286,father
7004,1032893,1033140,mother
7004,1032893,1033285,mother
7004,1032894,1033141,father
7004,1032894,1033287,father
7004,1032895,1033141,mother
7004,1032895,1033286,mother
7004,1032896,1033142,father
7004,1032896,1033288,father
7004,1032897,1033142,mother
7004,1032897,1033287,mother
7004,1032898,1033143,father
7004,1032898,1033289,father
7004,1032899,1033143,mother
7004,1032899,1033288,mother
7004,1032900,1033144,father
7004,1032900,1033290,father
7004,1032901,1033144,mother
7004,1032901,1033289,mother
7004,1032902,1033145,father
7004,1032902,1033291,father
7004,1032903,1033145,mother
7004,1032903,1033290,mother
7004,1032904,1033146,father
7004,1032904,1033292,father
7004,1032905,1033146,mother
7004,1032905,1033291,mother
7004,1032906,1033147,father
7004,1032906,1033293,father
7004,1032907,1033147,mother
7004,1032907,1033292,mother
7004,1032908,1033148,father
7004,1032908,1033294,father
7004,1032909,1033148,mother
7004,1032909,1033293,mother
7004,1032910,1033149,father
7004,1032910,1033295,father
7004,1032911,1033149,mother
7004,1032911,1033294,mother
7004,1032912,1033150,father
7004,1032912,1033296,father
7004,1032913,1033150,mother
7004,1032913,1033295,mother
7004,1032914,1033151,father
7004,1032914,1033297,father
7004,1032915,1033151,mother
7004,1032915,1033296,mother
7004,1032916,1033152,father
7004,1032916,1033298,father
7004,1032917,1033152,mother
7004,1032917,1033297,mother
7004,1032918,1033153,father
7004,1032918,1033299,father
7004,1032919,1033153,mother
7004,1032919,1033298,mother
7004,1032920,1033154,father
7004,1032920,1033300,father
7004,1032921,1033154,mother
7004,1032921,1033299,mother
7004,1032922,1033155,father
7004,1032922,1033301,father
7004,1032923,1033155,mother
7004,1032923,1033300,mother
7004,1032924,1033156,father
7004,1032924,1033302,father
7004,1032925,1033156,mother
7004,1032925,1033301,mother
7004,1032926,1033157,father
7004,1032926,1033303,father
7004,1032927,1033157,mother
7004,1032927,1033302,mother
7004,1032928,1033158,father
7004,1032928,1033304,father
7004,1032929,1033158,mother
7004,1032929,1033303,mother
7004,1032930,1033159,father
7004,1032930,1033305,father
7004,1032931,1033159,mother
7004,1032931,1033304,mother
7004,1032932,1033160,father
7004,1032932,1033306,father
7004,1032933,1033160,mother
7004,1032933,1033305,mother
7004,1032934,1033161,father
7004,1032934,1033307,father
7004,1032935,1033161,mother
7004,1032935,1033306,mother
7004,1032936,1033162,father
7004,1032936,1033308,father
7004,1032937,1033162,mother
7004,1032937,1033307,mother
7004,1032938,1033163,father
7004,1032938,1033309,father
7004,1032939,1033163,mother
7004,1032939,1033308,mother
7004,1032940,1033164,father
7004,1032940,1033310,father
7004,1032941,1033164,mother
7004,1032941,1033309,mother
7004,1032942,1033165,father
7004,1032942,1033311,father
7004,1032943,1033165,mother
7004,1032943,1033310,mother
7004,1032944,1033166,father
7004,1032944,1033312,father
7004,1032945,1033166,mother
7004,1032945,1033311,mother
7004,1032946,1033167,father
7004,1032946,1033313,father
7004,1032947,1033167,mother
7004,1032947,1033312,mother
7004,1032948,1033168,father
7004,1032948,1033314,father
7004,1032949,1033168,mother
7004,1032949,1033313,mother
7004,1032950,1033169,father
7004,1032950,1033315,father
7004,1032951,1033169,mother
7004,1032951,1033314,mother
7004,1032952,1033170,father
7004,1032952,1033316,father
7004,1032953,1033170,mother
7004,1032953,1033315,mother
7004,1032954,1033171,father
7004,1032954,1033317,father
7004,1032955,1033171,mother
7004,1032955,1033316,mother
7004,1032956,1033172,father
7004,1032956,1033318,father
7004,1032957,1033172,mother
7004,1032957,1033317,mother
7004,1032958,1033173,father
7004,1032958,1033319,father
7004,1032959,1033173,mother
7004,1032959,1033318,mother
7004,1032960,1033174,father
7004,1032960,1033320,father
7004,1032961,1033174,mother
7004,1032961,1033319,mother
7004,1032962,1033175,father
7004,1032962,1033321,father
7004,1032963,1033175,mother
7004,1032963,1033320,mother
7004,1032964,1033176,father
7004,1032964,1033322,father
7004,1032965,1033176,mother
7004,1032965,1033321,mother
7004,1032966,1033177,father
7004,1032966,1033323,father
7004,1032967,1033177,mother
7004,1032967,1033322,mother
7004,1032968,1033178,father
7004,1032968,1033324,father
7004,1032969,1033178,mother
7004,1032969,1033323,mother
7004,1032970,1033179,father
7004,1032970,1033325,father
7004,1032971,1033179,mother
7004,1032971,1033324,mother
7004,1032972,1033180,father
7004,1032972,1033326,father
7004,1032973,1033180,mother
7004,1032973,1033325,mother
7004,1032974,1033181,father
7004,1032974,1033327,father
7004,1032975,1033181,mother
7004,1032975,1033326,mother
7004,1032976,1033182,father
7004,1032976,1033328,father
7004,1032977,1033182,mother
7004,1032977,1033327,mother
7004,1032978,1033183,father
7004,1032978,1033329,father
7004,1032979,1033183,mother
7004,1032979,1033328,mother
7004,1032980,1033184,father
7004,1032980,1033330,father
7004,1032981,1033184,mother
7004,1032981,1033329,mother
7004,1032982,1033185,father
7004,1032982,1033331,father
7004,1032983,1033185,mother
7004,1032983,1033330,mother
7004,1032984,1033186,father
7004,1032984,1033332,father
7004,1032985,1033186,mother
7004,1032985,1033331,mother
7004,1032986,1033187,father
7004,1032986,1033333,father
7004,1032987,1033187,mother
7004,1032987,1033332,mother
7004,1032988,1033188,father
7004,1032988,1033334,father
7004,1032989,1033188,mother
7004,1032989,1033333,mother
7004,1032990,1033189,father
7004,1032990,1033335,father
7004,1032991,1033189,mother
7004,1032991,1033334,mother
7004,1032992,1033190,father
7004,1032992,1033336,father
7004,1032993,1033190,mother
7004,1032993,1033335,mother
7004,1032994,1033191,father
7004,1032994,1033337,father
7004,1032995,1033191,mother
7004,1032995,1033336,mother
7004,1032996,1033192,father
7004,1032996,1033338,father
7004,1032997,1033192,mother
7004,1032997,1033337,mother
7004,1032998,1033193,father
7004,1032998,1033339,father
7004,1032999,1033193,mother
7004,1032999,1033338,mother
7004,1033000,1033194,father
7004,1033000,1033340,father
7004,1033001,1033194,mother
7004,1033001,1033339,mother
7004,1033002,1033195,father
7004,1033002,1033341,father
7004,1033003,1033195,mother
7004,1033003,1033340,mother
7004,1033004,1033196,father
7004,1033004,1033342,father
7004,1033005,1033196,mother
7004,1033005,1033341,mother
7004,1033006,1033197,father
7004,1033006,1033343,father
7004,1033007,1033197,mother
7004,1033007,1033342,mother
7004,1033008,1033198,father
7004,1033008,1033344,father
7004,1033009,1033198,mother
7004,1033009,1033343,mother
7004,1033010,1033199,father
7004,1033010,1033345,father
7004,1033011,1033199,mother
7004,1033011,1033344,mother
7004,1033012,1033200,father
7004,1033012,1033346,father
7004,1033013,1033200,mother
7004,1033013,1033345,mother
7004,1033014,1033201,father
7004,1033014,1033347,father
7004,1033015,1033201,mother
7004,1033015,1033346,mother
7004,1033016,1033202,father
7004,1033016,1033348,father
7004,1033017,1033202,mother
7004,1033017,1033347,mother
7004,1033018,1033203,father
7004,1033018,1033349,father
7004,1033019,1033203,mother
7004,1033019,1033348,mother
7004,1033020,1033204,father
7004,1033020,1033350,father
7004,1033021,1033204,mother
7004,1033021,1033349,mother
7004,1033022,1033205,father
7004,1033022,1033351,father
7004,1033023,1033205,mother
7004,1033023,1033350,mother
7004,1033024,1033206,father
7004,1033024,1033352,father
7004,1033025,1033206,mother
7004,1033025,1033351,mother
7004,1033026,1033207,father
7004,1033026,1033353,father
7004,1033027,1033207,mother
7004,1033027,1033352,mother
7004,1033028,1033208,father
7004,1033028,1033354,father
7004,1033029,1033208,mother
7004,1033029,1033353,mother
7004,1033030,1033209,father
7004,1033030,1033355,father
7004,1033031,1033209,mother
7004,1033031,1033354,mother
7004,1033032,1033210,father
7004,1033032,1033356,father
7004,1033033,1033210,mother
7004,1033033,1033355,mother
7004,1033034,1033211,father
7004,1033034,1033357,father
7004,1033035,1033211,mother
7004,1033035,1033356,mother
7004,1033036,1033212,father
7004,1033036,1033358,father
7004,1033037,1033212,mother
7004,1033037,1033357,mother
7004,1033038,1033213,father
7004,1033038,1033359,father
7004,1033039,1033213,mother
7004,1033039,1033358,mother
7004,1033040,1033214,father
7004,1033040,1033360,father
7004,1033041,1033214,mother
7004,1033041,1033359,mother
7004,1033042,1033215,father
7004,1033042,1033361,father
7004,1033043,1033215,mother
7004,1033043,1033360,mother
7004,1033044,1033216,father
7004,1033044,1033362,father
7004,1033045,1033216,mother
7004,1033045,1033361,mother
7004,1033046,1033217,father
7004,1033046,1033363,father
7004,1033047,1033217,mother
7004,1033047,1033362,mother
7004,1033048,1033218,father
7004,1033048,1033364,father
7004,1033049,1033218,mother
7004,1033049,1033363,mother
7004,1033050,1033219,father
7004,1033050,1033365,father
7004,1033051,1033219,mother
7004,1033051,1033364,mother
7004,1033052,1033220,father
7004,1033052,1033366,father
7004,1033053,1033220,mother
7004,1033053,1033365,mother
7004,1033054,1033221,father
7004,1033054,1033367,father
7004,1033055,1033221,mother
7004,1033055,1033366,mother
7004,1033056,1033222,father
7004,1033057,1033222,mother
7004,1033057,1033367,mother
7004,1033058,1033223,father
7004,1033059,1033223,mother
7004,1033060,1033224,father
7004,1033061,1033224,mother
7004,1033062,1033225,father
7004,1033063,1033225,mother
7004,1033064,1033226,father
7004,1033065,1033226,mother
7004,1033066,1033227,father
7004,1033067,1033227,mother
7004,1033068,1033228,father
7004,1033069,1033228,mother
7004,1033070,1033229,father
7004,1033071,1033229,mother
7004,1033072,1033230,father
7004,1033073,1033230,mother
7004,1033074,1033231,father
7004,1033075,1033231,mother
7004,1033076,1033232,father
7004,1033077,1033232,mother
7004,1033078,1033233,father
7004,1033079,1033233,mother
7004,1033080,1033234,father
7004,1033081,1033234,mother
7004,1033082,1033235,father
7004,1033083,1033235,mother
7004,1033084,1033236,father
7004,1033085,1033236,mother
7004,1033086,1033237,father
7004,1033087,1033237,mother
7004,1033088,1033238,father
7004,1033089,1033238,mother
7004,1033090,1033239,father
7004,1033091,1033239,mother
7004,1033092,1033240,father
7004,1033093,1033240,mother
7004,1033094,1033241,father
7004,1033095,1033241,mother
7004,1033096,1033242,father
7004,1033097,1033368,father
7004,1033097,1033504,father
7004,1033098,1033368,mother
7004,1033098,1033503,mother
7004,1033099,1033369,father
7004,1033099,1033505,father
7004,1033100,1033369,mother
7004,1033100,1033504,mother
7004,1033101,1033370,father
7004,1033101,1033506,father
7004,1033102,1033370,mother
7004,1033102,1033505,mother
7004,1033103,1033371,father
7004,1033103,1033507,father
7004,1033104,1033371,mother
7004,1033104,1033506,mother
7004,1033105,1033372,father
7004,1033105,1033508,father
7004,1033106,1033372,mother
7004,1033106,1033507,mother
7004,1033107,1033373,father
7004,1033107,1033509,father
7004,1033108,1033373,mother
7004,1033108,1033508,mother
7004,1033109,1033374,father
7004,1033109,1033510,father
7004,1033110,1033374,mother
7004,1033110,1033509,mother
7004,1033111,1033375,father
7004,1033111,1033511,father
7004,1033112,1033375,mother
7004,1033112,1033510,mother
7004,1033113,1033376,father
7004,1033113,1033512,father
7004,1033114,1033376,mother
7004,1033114,1033511,mother
7004,1033115,1033377,father
7004,1033115,1033513,father
7004,1033116,1033377,mother
7004,1033116,1033512,mother
7004,1033117,1033378,father
7004,1033117,1033514,father
7004,1033118,1033378,mother
7004,1033118,1033513,mother
7004,1033119,1033379,father
7004,1033119,1033515,father
7004,1033120,1033379,mother
7004,1033120,1033514,mother
7004,1033121,1033380,father
7004,1033121,1033516,father
7004,1033122,1033380,mother
7004,1033122,1033515,mother
7004,1033123,1033381,father
7004,1033123,1033517,father
7004,1033124,1033381,mother
7004,1033124,1033516,mother
7004,1033125,1033382,father
7004,1033125,1033518,father
7004,1033126,1033382,mother
7004,1033126,1033517,mother
7004,1033127,1033383,father
7004,1033127,1033519,father
7004,1033128,1033383,mother
7004,1033128,1033518,mother
7004,1033129,1033384,father
7004,1033129,1033520,father
7004,1033130,1033384,mother
7004,1033130,1033519,mother
7004,1033131,1033385,father
7004,1033131,1033521,father
7004,1033132,1033385,mother
7004,1033132,1033520,mother
7004,1033133,1033386,father
7004,1033133,1033522,father
7004,1033134,1033386,mother
7004,1033134,1033521,mother
7004,1033135,1033387,father
7004,1033135,1033523,father
7004,1033136,1033387,mother
7004,1033136,1033522,mother
7004,1033137,1033388,father
7004,1033137,1033524,father
7004,1033138,1033388,mother
7004,1033138,1033523,mother
7004,1033139,1033389,father
7004,1033139,1033525,father
7004,1033140,1033389,mother
7004,1033140,1033524,mother
7004,1033141,1033390,father
7004,1033141,1033526,father
7004,1033142,1033390,mother
7004,1033142,1033525,mother
7004,1033143,1033391,father
7004,1033143,1033527,father
7004,1033144,1033391,mother
7004,1033144,1033526,mother
7004,1033145,1033392,father
7004,1033145,1033528,father
7004,1033146,1033392,mother
7004,1033146,1033527,mother
7004,1033147,1033393,father
7004,1033147,1033529,father
7004,1033148,1033393,mother
7004,1033148,1033528,mother
7004,1033149,1033394,father
7004,1033149,1033530,father
7004,1033150,1033394,mother
7004,1033150,1033529,mother
7004,1033151,1033395,father
7004,1033151,1033531,father
7004,1033152,1033395,mother
7004,1033152,1033530,mother
7004,1033153,1033396,father
7004,1033153,1033532,father
7004,1033154,1033396,mother
7004,1033154,1033531,mother
7004,1033155,1033397,father
7004,1033155,1033533,father
7004,1033156,1033397,mother
7004,1033156,1033532,mother
7004,1033157,1033398,father
7004,1033157,1033534,father
7004,1033158,1033398,mother
7004,1033158,1033533,mother
7004,1033159,1033399,father
7004,1033159,1033535,father
7004,1033160,1033399,mother
7004,1033160,1033534,mother
7004,1033161,1033400,father
7004,1033161,1033536,father
7004,1033162,1033400,mother
7004,1033162,1033535,mother
7004,1033163,1033401,father
7004,1033163,1033537,father
7004,1033164,1033401,mother
7004,1033164,1033536,mother
7004,1033165,1033402,father
7004,1033165,1033538,father
7004,1033166,1033402,mother
7004,1033166,1033537,mother
7004,1033167,1033403,father
7004,1033167,1033539,father
7004,1033168,1033403,mother
7004,1033168,1033538,mother
7004,1033169,1033404,father
7004,1033169,1033540,father
7004,1033170,1033404,mother
7004,1033170,1033539,mother
7004,1033171,1033405,father
7004,1033171,1033541,father
7004,1033172,1033405,mother
7004,1033172,1033540,mother
7004,1033173,1033406,father
7004,1033173,1033542,father
7004,1033174,1033406,mother
7004,1033174,1033541,mother
7004,1033175,1033407,father
7004,1033175,1033543,father
7004,1033176,1033407,mother
7004,1033176,1033542,mother
7004,1033177,1033408,father
7004,1033177,1033544,father
7004,1033178,1033408,mother
7004,1033178,1033543,mother
7004,1033179,1033409,father
7004,1033179,1033545,father
7004,1033180,1033409,mother
7004,1033180,1033544,mother
7004,1033181,1033410,father
7004,1033181,1033546,father
7004,1033182,1033410,mother
7004,1033182,1033545,mother
7004,1033183,1033411,father
7004,1033183,1033547,father
7004,1033184,1033411,mother
7004,1033184,1033546,mother
7004,1033185,1033412,father
7004,1033185,1033548,father
7004,1033186,1033412,mother
7004,1033186,1033547,mother
7004,1033187,1033413,father
7004,1033187,1033549,father
7004,1033188,1033413,mother
7004,1033188,1033548,mother
7004,1033189,1033414,father
7004,1033189,1033550,father
7004,1033190,1033414,mother
7004,1033190,1033549,mother
7004,1033191,1033415,father
7004,1033191,1033551,father
7004,1033192,1033415,mother
7004,1033192,1033550,mother
7004,1033193,1033416,father
7004,1033193,1033552,father
7004,1033194,1033416,mother
7004,1033194,1033551,mother
7004,1033195,1033417,father
7004,1033195,1033553,father
7004,1033196,1033417,mother
7004,1033196,1033552,mother
7004,1033197,1033418,father
7004,1033197,1033554,father
7004,1033198,1033418,mother
7004,1033198,1033553,mother
7004,1033199,1033419,father
7004,1033199,1033555,father
7004,1033200,1033419,mother
7004,1033200,1033554,mother
7004,1033201,1033420,father
7004,1033201,1033556,father
7004,1033202,1033420,mother
7004,1033202,1033555,mother
7004,1033203,1033421,father
7004,1033203,1033557,father
7004,1033204,1033421,mother
7004,1033204,1033556,mother
7004,1033205,1033422,father
7004,1033205,1033558,father
7004,1033206,1033422,mother
7004,1033206,1033557,mother
7004,1033207,1033423,father
7004,1033207,1033559,father
7004,1033208,1033423,mother
7004,1033208,1033558,mother
7004,1033209,1033424,father
7004,1033209,1033560,father
7004,1033210,1033424,mother
7004,1033210,1033559,mother
7004,1033211,1033425,father
7004,1033211,1033561,father
7004,1033212,1033425,mother
7004,1033212,1033560,mother
7004,1033213,1033426,father
7004,1033213,1033562,father
7004,1033214,1033426,mother
7004,1033214,1033561,mother
7004,1033215,1033427,father
7004,1033215,1033563,father
7004,1033216,1033427,mother
7004,1033216,1033562,mother
7004,1033217,1033428,father
7004,1033217,1033564,father
7004,1033218,1033428,mother
7004,1033218,1033563,mother
7004,1033219,1033429,father
7004,1033219,1033565,father
7004,1033220,1033429,mother
7004,1033220,1033564,mother
7004,1033221,1033430,father
7004,1033221,1033566,father
7004,1033222,1033430,mother
7004,1033222,1033565,mother
7004,1033223,1033431,father
7004,1033223,1033567,father
7004,1033224,1033431,mother
7004,1033224,1033566,mother
7004,1033225,1033432,father
7004,1033225,1033568,father
7004,1033226,1033432,mother
7004,1033226,1033567,mother
7004,1033227,1033433,father
7004,1033227,1033569,father
7004,1033228,1033433,mother
7004,1033228,1033568,mother
7004,1033229,1033434,father
7004,1033229,1033570,father
7004,1033230,1033434,mother
7004,1033230,1033569,mother
7004,1033231,1033435,father
7004,1033231,1033571,father
7004,1033232,1033435,mother
7004,1033232,1033570,mother
7004,1033233,1033436,father
7004,1033233,1033572,father
7004,1033234,1033436,mother
7004,1033234,1033571,mother
7004,1033235,1033437,father
7004,1033235,1033573,father
7004,1033236,1033437,mother
7004,1033236,1033572,mother
7004,1033237,1033438,father
7004,1033237,1033574,father
7004,1033238,1033438,mother
7004,1033238,1033573,mother
7004,1033239,1033439,father
7004,1033239,1033575,father
7004,1033240,1033439,mother
7004,1033240,1033574,mother
7004,1033241,1033440,father
7004,1033241,1033576,father
7004,1033242,1033440,mother
7004,1033242,1033575,mother
7004,1033243,1033441,father
7004,1033243,1033577,father
7004,1033244,1033441,mother
7004,1033244,1033576,mother
7004,1033245,1033442,father
7004,1033245,1033578,father
7004,1033246,1033442,mother
7004,1033246,1033577,mother
7004,1033247,1033443,father
7004,1033247,1033579,father
7004,1033248,1033443,mother
7004,1033248,1033578,mother
7004,1033249,1033444,father
7004,1033249,1033580,father
7004,1033250,1033444,mother
7004,1033250,1033579,mother
7004,1033251,1033445,father
7004,1033251,1033581,father
7004,1033252,1033445,mother
7004,1033252,1033580,mother
7004,1033253,1033446,father
7004,1033253,1033582,father
7004,1033254,1033446,mother
7004,1033254,1033581,mother
7004,1033255,1033447,father
7004,1033255,1033583,father
7004,1033256,1033447,mother
7004,1033256,1033582,mother
7004,1033257,1033448,father
7004,1033257,1033584,father
7004,1033258,1033448,mother
7004,1033258,1033583,mother
7004,1033259,1033449,father
7004,1033259,1033585,father
7004,1033260,1033449,mother
7004,1033260,1033584,mother
7004,1033261,1033450,father
7004,1033261,1033586,father
7004,1033262,1033450,mother
7004,1033262,1033585,mother
7004,1033263,1033451,father
7004,1033263,1033587,father
7004,1033264,1033451,mother
7004,1033264,1033586,mother
7004,1033265,1033452,father
7004,1033265,1033588,father
7004,1033266,1033452,mother
7004,1033266,1033587,mother
7004,1033267,1033453,father
7004,1033267,1033589,father
7004,1033268,1033453,mother
7004,1033268,1033588,mother
7004,1033269,1033454,father
7004,1033269,1033590,father
7004,1033270,1033454,mother
7004,1033270,1033589,mother
7004,1033271,1033455,father
7004,1033271,1033591,father
7004,1033272,1033455,mother
7004,1033272,1033590,mother
7004,1033273,1033456,father
7004,1033273,1033592,father
7004,1033274,1033456,mother
7004,1033274,1033591,mother
7004,1033275,1033457,father
7004,1033275,1033593,father
7004,1033276,1033457,mother
7004,1033276,1033592,mother
7004,1033277,1033458,father
7004,1033277,1033594,father
7004,1033278,1033458,mother
7004,1033278,1033593,mother
7004,1033279,1033459,father
7004,1033279,1033595,father
7004,1033280,1033459,mother
7004,1033280,1033594,mother
7004,1033281,1033460,father
7004,1033281,1033596,father
7004,1033282,1033460,mother
7004,1033282,1033595,mother
7004,1033283,1033461,father
7004,1033283,1033597,father
7004,1033284,1033461,mother
7004,1033284,1033596,mother
7004,1033285,1033462,father
7004,1033285,1033598,father
7004,1033286,1033462,mother
7004,1033286,1033597,mother
7004,1033287,1033463,father
7004,1033287,1033599,father
7004,1033288,1033463,mother
7004,1033288,1033598,mother
7004,1033289,1033464,father
7004,1033289,1033600,father
7004,1033290,1033464,mother
7004,1033290,1033599,mother
7004,1033291,1033465,father
7004,1033291,1033601,father
7004,1033292,1033465,mother
7004,1033292,1033600,mother
7004,1033293,1033466,father
7004,1033293,1033602,father
7004,1033294,1033466,mother
7004,1033294,1033601,mother
7004,1033295,1033467,father
7004,1033295,1033603,father
7004,1033296,1033467,mother
7004,1033296,1033602,mother
7004,1033297,1033468,father
7004,1033297,1033604,father
7004,1033298,1033468,mother
7004,1033298,1033603,mother
7004,1033299,1033469,father
7004,1033299,1033605,father
7004,1033300,1033469,mother
7004,1033300,1033604,mother
7004,1033301,1033470,father
7004,1033301,1033606,father
7004,1033302,1033470,mother
7004,1033302,1033605,mother
7004,1033303,1033471,father
7004,1033303,1033607,father
7004,1033304,1033471,mother
7004,1033304,1033606,mother
7004,1033305,1033472,father
7004,1033305,1033608,father
7004,1033306,1033472,mother
7004,1033306,1033607,mother
7004,1033307,1033473,father
7004,1033307,1033609,father
7004,1033308,1033473,mother
7004,1033308,1033608,mother
7004,1033309,1033474,father
7004,1033309,1033610,father
7004,1033310,1033474,mother
7004,1033310,1033609,mother
7004,1033311,1033475,father
7004,1033311,1033611,father
7004,1033312,1033475,mother
7004,1033312,1033610,mother
7004,1033313,1033476,father
7004,1033313,1033612,father
7004,1033314,1033476,mother
7004,1033314,1033611,mother
7004,1033315,1033477,father
7004,1033315,1033613,father
7004,1033316,1033477,mother
7004,1033316,1033612,mother
7004,1033317,1033478,father
7004,1033317,1033614,father
7004,1033318,1033478,mother
7004,1033318,1033613,mother
7004,1033319,1033479,father
7004,1033319,1033615,father
7004,1033320,1033479,mother
7004,1033320,1033614,mother
7004,1033321,1033480,father
7004,1033321,1033616,father
7004,1033322,1033480,mother
7004,1033322,1033615,mother
7004,1033323,1033481,father
7004,1033323,1033617,father
7004,1033324,1033481,mother
7004,1033324,1033616,mother
7004,1033325,1033482,father
7004,1033326,1033482,mother
7004,1033326,1033617,mother
7004,1033327,1033483,father
7004,1033328,1033483,mother
7004,1033329,1033484,father
7004,1033330,1033484,mother
7004,1033331,1033485,father
7004,1033332,1033485,mother
7004,1033333,1033486,father
7004,1033334,1033486,mother
7004,1033335,1033487,father
7004,1033336,1033487,mother
7004,1033337,1033488,father
7004,1033338,1033488,mother
7004,1033339,1033489,father
7004,1033340,1033489,mother
7004,1033341,1033490,father
7004,1033342,1033490,mother
7004,1033343,1033491,father
7004,1033344,1033491,mother
7004,1033345,1033492,father
7004,1033346,1033492,mother
7004,1033347,1033493,father
7004,1033348,1033493,mother
7004,1033349,1033494,father
7004,1033350,1033494,mother
7004,1033351,1033495,father
7004,1033352,1033495,mother
7004,1033353,1033496,father
7004,1033354,1033496,mother
7004,1033355,1033497,father
7004,1033356,1033497,mother
7004,1033357,1033498,father
7004,1033358,1033498,mother
7004,1033359,1033499,father
7004,1033360,1033499,mother
7004,1033361,1033500,father
7004,1033362,1033500,mother
7004,1033363,1033501,father
7004,1033364,1033501,mother
7004,1033365,1033502,father
7004,1033366,1033502,mother
7004,1033367,1033503,father
7004,1033368,1033618,father
7004,1033368,1033743,father
7004,1033369,1033618,mother
7004,1033369,1033743,mother
7004,1033370,1033619,father
7004,1033370,1033744,father
7004,1033371,1033619,mother
7004,1033371,1033744,mother
7004,1033372,1033620,father
7004,1033372,1033745,father
7004,1033373,1033620,mother
7004,1033373,1033745,mother
7004,1033374,1033621,father
7004,1033374,1033746,father
7004,1033375,1033621,mother
7004,1033375,1033746,mother
7004,1033376,1033622,father
7004,1033376,1033747,father
7004,1033377,1033622,mother
7004,1033377,1033747,mother
7004,1033378,1033623,father
7004,1033378,1033748,father
7004,1033379,1033623,mother
7004,1033379,1033748,mother
7004,1033380,1033624,father
7004,1033380,1033749,father
7004,1033381,1033624,mother
7004,1033381,1033749,mother
7004,1033382,1033625,father
7004,1033382,1033750,father
7004,1033383,1033625,mother
7004,1033383,1033750,mother
7004,1033384,1033626,father
7004,1033384,1033751,father
7004,1033385,1033626,mother
7004,1033385,1033751,mother
7004,1033386,1033627,father
7004,1033386,1033752,father
7004,1033387,1033627,mother
7004,1033387,1033752,mother
7004,1033388,1033628,father
7004,1033388,1033753,father
7004,1033389,1033628,mother
7004,1033389,1033753,mother
7004,1033390,1033629,father
7004,1033390,1033754,father
7004,1033391,1033629,mother
7004,1033391,1033754,mother
7004,1033392,1033630,father
7004,1033392,1033755,father
7004,1033393,1033630,mother
7004,1033393,1033755,mother
7004,1033394,1033631,father
7004,1033394,1033756,father
7004,1033395,1033631,mother
7004,1033395,1033756,mother
7004,1033396,1033632,father
7004,1033396,1033757,father
7004,1033397,1033632,mother
7004,1033397,1033757,mother
7004,1033398,1033633,father
7004,1033398,1033758,father
7004,1033399,1033633,mother
7004,1033399,1033758,mother
7004,1033400,1033634,father
7004,1033400,1033759,father
7004,1033401,1033634,mother
7004,1033401,1033759,mother
7004,1033402,1033635,father
7004,1033402,1033760,father
7004,1033403,1033635,mother
7004,1033403,1033760,mother
7004,1033404,1033636,father
7004,1033404,1033761,father
7004,1033405,1033636,mother
7004,1033405,1033761,mother
7004,1033406,1033637,father
7004,1033406,1033762,father
7004,1033407,1033637,mother
7004,1033407,1033762,mother
7004,1033408,1033638,father
7004,1033408,1033763,father
7004,1033409,1033638,mother
7004,1033409,1033763,mother
7004,1033410,1033639,father
7004,1033410,1033764,father
7004,1033411,1033639,mother
7004,1033411,1033764,mother
7004,1033412,1033640,father
7004,1033412,1033765,father
7004,1033413,1033640,mother
7004,1033413,1033765,mother
7004,1033414,1033641,father
7004,1033414,1033766,father
7004,1033415,1033641,mother
7004,1033415,1033766,mother
7004,1033416,1033642,father
7004,1033416,1033767,father
7004,1033417,1033642,mother
7004,1033417,1033767,mother
7004,1033418,1033643,father
7004,1033418,1033768,father
7004,1033419,1033643,mother
7004,1033419,1033768,mother
7004,1033420,1033644,father
7004,1033420,1033769,father
7004,1033421,1033644,mother
7004,1033421,1033769,mother
7004,1033422,1033645,father
7004,1033422,1033770,father
7004,1033423,1033645,mother
7004,1033423,1033770,mother
7004,1033424,1033646,father
7004,1033424,1033771,father
7004,1033425,1033646,mother
7004,1033425,1033771,mother
7004,1033426,1033647,father
7004,1033426,1033772,father
7004,1033427,1033647,mother
7004,1033427,1033772,mother
7004,1033428,1033648,father
7004,1033428,1033773,father
7004,1033429,1033648,mother
7004,1033429,1033773,mother
7004,1033430,1033649,father
7004,1033430,1033774,father
7004,1033431,1033649,mother
7004,1033431,1033774,mother
7004,1033432,1033650,father
7004,1033432,1033775,father
7004,1033433,1033650,mother
7004,1033433,1033775,mother
7004,1033434,1033651,father
7004,1033434,1033776,father
7004,1033435,1033651,mother
7004,1033435,1033776,mother
7004,1033436,1033652,father
7004,1033436,1033777,father
7004,1033437,1033652,mother
7004,1033437,1033777,mother
7004,1033438,1033653,father
7004,1033438,1033778,father
7004,1033439,1033653,mother
7004,1033439,1033778,mother
7004,1033440,1033654,father
7004,1033440,1033779,father
7004,1033441,1033654,mother
7004,1033441,1033779,mother
7004,1033442,1033655,father
7004,1033442,1033780,father
7004,1033443,1033655,mother
7004,1033443,1033780,mother
7004,1033444,1033656,father
7004,1033444,1033781,father
7004,1033445,1033656,mother
7004,1033445,1033781,mother
7004,1033446,1033657,father
7004,1033446,1033782,father
7004,1033447,1033657,mother
7004,1033447,1033782,mother
7004,1033448,1033658,father
7004,1033448,1033783,father
7004,1033449,1033658,mother
7004,1033449,1033783,mother
7004,1033450,1033659,father
7004,1033450,1033784,father
7004,1033451,1033659,mother
7004,1033451,1033784,mother
7004,1033452,1033660,father
7004,1033452,1033785,father
7004,1033453,1033660,mother
7004,1033453,1033785,mother
7004,1033454,1033661,father
7004,1033454,1033786,father
7004,1033455,1033661,mother
7004,1033455,1033786,mother
7004,1033456,1033662,father
7004,1033456,1033787,father
7004,1033457,1033662,mother
7004,1033457,1033787,mother
7004,1033458,1033663,father
7004,1033458,1033788,father
7004,1033459,1033663,mother
7004,1033459,1033788,mother
7004,1033460,1033664,father
7004,1033460,1033789,father
7004,1033461,1033664,mother
7004,1033461,1033789,mother
7004,1033462,1033665,father
7004,1033462,1033790,father
7004,1033463,1033665,mother
7004,1033463,1033790,mother
7004,1033464,1033666,father
7004,1033464,1033791,father
7004,1033465,1033666,mother
7004,1033465,1033791,mother
7004,1033466,1033667,father
7004,1033466,1033792,father
7004,1033467,1033667,mother
7004,1033467,1033792,mother
7004,1033468,1033668,father
7004,1033468,1033793,father
7004,1033469,1033668,mother
7004,1033469,1033793,mother
7004,1033470,1033669,father
7004,1033470,1033794,father
7004,1033471,1033669,mother
7004,1033471,1033794,mother
7004,1033472,1033670,father
7004,1033472,1033795,father
7004,1033473,1033670,mother
7004,1033473,1033795,mother
7004,1033474,1033671,father
7004,1033474,1033796,father
7004,1033475,1033671,mother
7004,1033475,1033796,mother
7004,1033476,1033672,father
7004,1033476,1033797,father
7004,1033477,1033672,mother
7004,1033477,1033797,mother
7004,1033478,1033673,father
7004,1033478,1033798,father
7004,1033479,1033673,mother
7004,1033479,1033798,mother
7004,1033480,1033674,father
7004,1033480,1033799,father
7004,1033481,1033674,mother
7004,1033481,1033799,mother
7004,1033482,1033675,father
7004,1033482,1033800,father
7004,1033483,1033675,mother
7004,1033483,1033800,mother
7004,1033484,1033676,father
7004,1033484,1033801,father
7004,1033485,1033676,mother
7004,1033485,1033801,mother
7004,1033486,1033677,father
7004,1033486,1033802,father
7004,1033487,1033677,mother
7004,1033487,1033802,mother
7004,1033488,1033678,father
7004,1033488,1033803,father
7004,1033489,1033678,mother
7004,1033489,1033803,mother
7004,1033490,1033679,father
7004,1033490,1033804,father
7004,1033491,1033679,mother
7004,1033491,1033804,mother
7004,1033492,1033680,father
7004,1033492,1033805,father
7004,1033493,1033680,mother
7004,1033493,1033805,mother
7004,1033494,1033681,father
7004,1033494,1033806,father
7004,1033495,1033681,mother
7004,1033495,1033806,mother
7004,1033496,1033682,father
7004,1033496,1033807,father
7004,1033497,1033682,mother
7004,1033497,1033807,mother
7004,1033498,1033683,father
7004,1033498,1033808,father
7004,1033499,1033683,mother
7004,1033499,1033808,mother
7004,1033500,1033684,father
7004,1033500,1033809,father
7004,1033501,1033684,mother
7004,1033501,1033809,mother
7004,1033502,1033685,father
7004,1033502,1033810,father
7004,1033503,1033685,mother
7004,1033503,1033810,mother
7004,1033504,1033686,father
7004,1033504,1033811,father
7004,1033505,1033686,mother
7004,1033505,1033811,mother
7004,1033506,1033687,father
7004,1033506,1033812,father
7004,1033507,1033687,mother
7004,1033507,1033812,mother
7004,1033508,1033688,father
7004,1033508,1033813,father
7004,1033509,1033688,mother
7004,1033509,1033813,mother
7004,1033510,1033689,father
7004,1033510,1033814,father
7004,1033511,1033689,mother
7004,1033511,1033814,mother
7004,1033512,1033690,father
7004,1033512,1033815,father
7004,1033513,1033690,mother
7004,1033513,1033815,mother
7004,1033514,1033691,father
7004,1033514,1033816,father
7004,1033515,1033691,mother
7004,1033515,1033816,mother
7004,1033516,1033692,father
7004,1033516,1033817,father
7004,1033517,1033692,mother
7004,1033517,1033817,mother
7004,1033518,1033693,father
7004,1033518,1033818,father
7004,1033519,1033693,mother
7004,1033519,1033818,mother
7004,1033520,1033694,father
7004,1033520,1033819,father
7004,1033521,1033694,mother
7004,1033521,1033819,mother
7004,1033522,1033695,father
7004,1033522,1033820,father
7004,1033523,1033695,mother
7004,1033523,1033820,mother
7004,1033524,1033696,father
7004,1033524,1033821,father
7004,1033525,1033696,mother
7004,1033525,1033821,mother
7004,1033526,1033697,father
7004,1033526,1033822,father
7004,1033527,1033697,mother
7004,1033527,1033822,mother
7004,1033528,1033698,father
7004,1033528,1033823,father
7004,1033529,1033698,mother
7004,1033529,1033823,mother
7004,1033530,1033699,father
7004,1033530,1033824,father
7004,1033531,1033699,mother
7004,1033531,1033824,mother
7004,1033532,1033700,father
7004,1033532,1033825,father
7004,1033533,1033700,mother
7004,1033533,1033825,mother
7004,1033534,1033701,father
7004,1033534,1033826,father
7004,1033535,1033701,mother
7004,1033535,1033826,mother
7004,1033536,1033702,father
7004,1033536,1033827,father
7004,1033537,1033702,mother
7004,1033537,1033827,mother
7004,1033538,1033703,father
7004,1033538,1033828,father
7004,1033539,1033703,mother
7004,1033539,1033828,mother
7004,1033540,1033704,father
7004,1033540,1033829,father
7004,1033541,1033704,mother
7004,1033541,1033829,mother
7004,1033542,1033705,father
7004,1033542,1033830,father
7004,1033543,1033705,mother
7004,1033543,1033830,mother
7004,1033544,1033706,father
7004,1033544,1033831,father
7004,1033545,1033706,mother
7004,1033545,1033831,mother
7004,1033546,1033707,father
7004,1033546,1033832,father
7004,1033547,1033707,mother
7004,1033547,1033832,mother
7004,1033548,1033708,father
7004,1033548,1033833,father
7004,1033549,1033708,mother
7004,1033549,1033833,mother
7004,1033550,1033709,father
7004,1033550,1033834,father
7004,1033551,1033709,mother
7004,1033551,1033834,mother
7004,1033552,1033710,father
7004,1033552,1033835,father
7004,1033553,1033710,mother
7004,1033553,1033835,mother
7004,1033554,1033711,father
7004,1033554,1033836,father
7004,1033555,1033711,mother
7004,1033555,1033836,mother
7004,1033556,1033712,father
7004,1033556,1033837,father
7004,1033557,1033712,mother
7004,1033557,1033837,mother
7004,1033558,1033713,father
7004,1033558,1033838,father
7004,1033559,1033713,mother
7004,1033559,1033838,mother
7004,1033560,1033714,father
7004,1033560,1033839,father
7004,1033561,1033714,mother
7004,1033561,1033839,mother
7004,1033562,1033715,father
7004,1033562,1033840,father
7004,1033563,1033715,mother
7004,1033563,1033840,mother
7004,1033564,1033716,father
7004,1033564,1033841,father
7004,1033565,1033716,mother
7004,1033565,1033841,mother
7004,1033566,1033717,father
7004,1033566,1033842,father
7004,1033567,1033717,mother
7004,1033567,1033842,mother
7004,1033568,1033718,father
7004,1033568,1033843,father
7004,1033569,1033718,mother
7004,1033569,1033843,mother
7004,1033570,1033719,father
7004,1033570,1033844,father
7004,1033571,1033719,mother
7004,1033571,1033844,mother
7004,1033572,1033720,father
7004,1033572,1033845,father
7004,1033573,1033720,mother
7004,1033573,1033845,mother
7004,1033574,1033721,father
7004,1033574,1033846,father
7004,1033575,1033721,mother
7004,1033575,1033846,mother
7004,1033576,1033722,father
7004,1033577,1033722,mother
7004,1033578,1033723,father
7004,1033579,1033723,mother
7004,1033580,1033724,father
7004,1033581,1033724,mother
7004,1033582,1033725,father
7004,1033583,1033725,mother
7004,1033584,1033726,father
7004,1033585,1033726,mother
7004,1033586,1033727,father
7004,1033587,1033727,mother
7004,1033588,1033728,father
7004,1033589,1033728,mother
7004,1033590,1033729,father
7004,1033591,1033729,mother
7004,1033592,1033730,father
7004,1033593,1033730,mother
7004,1033594,1033731,father
7004,1033595,1033731,mother
7004,1033596,1033732,father
7004,1033597,1033732,mother
7004,1033598,1033733,father
7004,1033599,1033733,mother
7004,1033600,1033734,father
7004,1033601,1033734,mother
7004,1033602,1033735,father
7004,1033603,1033735,mother
7004,1033604,1033736,father
7004,1033605,1033736,mother
7004,1033606,1033737,father
7004,1033607,1033737,mother
7004,1033608,1033738,father
7004,1033609,1033738,mother
7004,1033610,1033739,father
7004,1033611,1033739,mother
7004,1033612,1033740,father
7004,1033613,1033740,mother
7004,1033614,1033741,father
7004,1033615,1033741,mother
7004,1033616,1033742,father
7004,1033617,1033742,mother
7004,1033618,1033847,father
7004,1033618,1033962,father
7004,1033619,1033847,mother
7004,1033619,1033961,mother
7004,1033620,1033848,father
7004,1033620,1033963,father
7004,1033621,1033848,mother
7004,1033621,1033962,mother
7004,1033622,1033849,father
7004,1033622,1033964,father
7004,1033623,1033849,mother
7004,1033623,1033963,mother
7004,1033624,1033850,father
7004,1033624,1033965,father
7004,1033625,1033850,mother
7004,1033625,1033964,mother
7004,1033626,1033851,father
7004,1033626,1033966,father
7004,1033627,1033851,mother
7004,1033627,1033965,mother
7004,1033628,1033852,father
7004,1033628,1033967,father
7004,1033629,1033852,mother
7004,1033629,1033966,mother
7004,1033630,1033853,father
7004,1033630,1033968,father
7004,1033631,1033853,mother
7004,1033631,1033967,mother
7004,1033632,1033854,father
7004,1033632,1033969,father
7004,1033633,1033854,mother
7004,1033633,1033968,mother
7004,1033634,1033855,father
7004,1033634,1033970,father
7004,1033635,1033855,mother
7004,1033635,1033969,mother
7004,1033636,1033856,father
7004,1033636,1033971,father
7004,1033637,1033856,mother
7004,1033637,1033970,mother
7004,1033638,1033857,father
7004,1033638,1033972,father
7004,1033639,1033857,mother
7004,1033639,1033971,mother
7004,1033640,1033858,father
7004,1033640,1033973,father
7004,1033641,1033858,mother
7004,1033641,1033972,mother
7004,1033642,1033859,father
7004,1033642,1033974,father
7004,1033643,1033859,mother
7004,1033643,1033973,mother
7004,1033644,1033860,father
7004,1033644,1033975,father
7004,1033645,1033860,mother
7004,1033645,1033974,mother
7004,1033646,1033861,father
7004,1033646,1033976,father
7004,1033647,1033861,mother
7004,1033647,1033975,mother
7004,1033648,1033862,father
7004,1033648,1033977,father
7004,1033649,1033862,mother
7004,1033649,1033976,mother
7004,1033650,1033863,father
7004,1033650,1033978,father
7004,1033651,1033863,mother
7004,1033651,1033977,mother
7004,1033652,1033864,father
7004,1033652,1033979,father
7004,1033653,1033864,mother
7004,1033653,1033978,mother
7004,1033654,1033865,father
7004,1033654,1033980,father
7004,1033655,1033865,mother
7004,1033655,1033979,mother
7004,1033656,1033866,father
7004,1033656,1033981,father
7004,1033657,1033866,mother
7004,1033657,1033980,mother
7004,1033658,1033867,father
7004,1033658,1033982,father
7004,1033659,1033867,mother
7004,1033659,1033981,mother
7004,1033660,1033868,father
7004,1033660,1033983,father
7004,1033661,1033868,mother
7004,1033661,1033982,mother
7004,1033662,1033869,father
7004,1033662,1033984,father
7004,1033663,1033869,mother
7004,1033663,1033983,mother
7004,1033664,1033870,father
7004,1033664,1033985,father
7004,1033665,1033870,mother
7004,1033665,1033984,mother
7004,1033666,1033871,father
7004,1033666,1033986,father
7004,1033667,1033871,mother
7004,1033667,1033985,mother
7004,1033668,1033872,father
7004,1033668,1033987,father
7004,1033669,1033872,mother
7004,1033669,1033986,mother
7004,1033670,1033873,father
7004,1033670,1033988,father
7004,1033671,1033873,mother
7004,1033671,1033987,mother
7004,1033672,1033874,father
7004,1033672,1033989,father
7004,1033673,1033874,mother
7004,1033673,1033988,mother
7004,1033674,1033875,father
7004,1033674,1033990,father
7004,1033675,1033875,mother
7004,1033675,1033989,mother
7004,1033676,1033876,father
7004,1033676,1033991,father
7004,1033677,1033876,mother
7004,1033677,1033990,mother
7004,1033678,1033877,father
7004,1033678,1033992,father
7004,1033679,1033877,mother
7004,1033679,1033991,mother
7004,1033680,1033878,father
7004,1033680,1033993,father
7004,1033681,1033878,mother
7004,1033681,1033992,mother
7004,1033682,1033879,father
7004,1033682,1033994,father
7004,1033683,1033879,mother
7004,1033683,1033993,mother
7004,1033684,1033880,father
7004,1033684,1033995,father
7004,1033685,1033880,mother
7004,1033685,1033994,mother
7004,1033686,1033881,father
7004,1033686,1033996,father
7004,1033687,1033881,mother
7004,1033687,1033995,mother
7004,1033688,1033882,father
7004,1033688,1033997,father
7004,1033689,1033882,mother
7004,1033689,1033996,mother
7004,1033690,1033883,father
7004,1033690,1033998,father
7004,1033691,1033883,mother
7004,1033691,1033997,mother
7004,1033692,1033884,father
7004,1033692,1033999,father
7004,1033693,1033884,mother
7004,1033693,1033998,mother
7004,1033694,1033885,father
7004,1033694,1034000,father
7004,1033695,1033885,mother
7004,1033695,1033999,mother
7004,1033696,1033886,father
7004,1033696,1034001,father
7004,1033697,1033886,mother
7004,1033697,1034000,mother
7004,1033698,1033887,father
7004,1033698,1034002,father
7004,1033699,1033887,mother
7004,1033699,1034001,mother
7004,1033700,1033888,father
7004,1033700,1034003,father
7004,1033701,1033888,mother
7004,1033701,1034002,mother
7004,1033702,1033889,father
7004,1033702,1034004,father
7004,1033703,1033889,mother
7004,1033703,1034003,mother
7004,1033704,1033890,father
7004,1033704,1034005,father
7004,1033705,1033890,mother
7004,1033705,1034004,mother
7004,1033706,1033891,father
7004,1033706,1034006,father
7004,1033707,1033891,mother
7004,1033707,1034005,mother
7004,1033708,1033892,father
7004,1033708,1034007,father
7004,1033709,1033892,mother
7004,1033709,1034006,mother
7004,1033710,1033893,father
7004,1033710,1034008,father
7004,1033711,1033893,mother
7004,1033711,1034007,mother
7004,1033712,1033894,father
7004,1033712,1034009,father
7004,1033713,1033894,mother
7004,1033713,1034008,mother
7004,1033714,1033895,father
7004,1033714,1034010,father
7004,1033715,1033895,mother
7004,1033715,1034009,mother
7004,1033716,1033896,father
7004,1033716,1034011,father
7004,1033717,1033896,mother
7004,1033717,1034010,mother
7004,1033718,1033897,father
7004,1033718,1034012,father
7004,1033719,1033897,mother
7004,1033719,1034011,mother
7004,1033720,1033898,father
7004,1033720,1034013,father
7004,1033721,1033898,mother
7004,1033721,1034012,mother
7004,1033722,1033899,father
7004,1033722,1034014,father
7004,1033723,1033899,mother
7004,1033723,1034013,mother
7004,1033724,1033900,father
7004,1033724,1034015,father
7004,1033725,1033900,mother
7004,1033725,1034014,mother
7004,1033726,1033901,father
7004,1033726,1034016,father
7004,1033727,1033901,mother
7004,1033727,1034015,mother
7004,1033728,1033902,father
7004,1033728,1034017,father
7004,1033729,1033902,mother
7004,1033729,1034016,mother
7004,1033730,1033903,father
7004,1033730,1034018,father
7004,1033731,1033903,mother
7004,1033731,1034017,mother
7004,1033732,1033904,father
7004,1033732,1034019,father
7004,1033733,1033904,mother
7004,1033733,1034018,mother
7004,1033734,1033905,father
7004,1033734,1034020,father
7004,1033735,1033905,mother
7004,1033735,1034019,mother
7004,1033736,1033906,father
7004,1033736,1034021,father
7004,1033737,1033906,mother
7004,1033737,1034020,mother
7004,1033738,1033907,father
7004,1033738,1034022,father
7004,1033739,1033907,mother
7004,1033739,1034021,mother
7004,1033740,1033908,father
7004,1033740,1034023,father
7004,1033741,1033908,mother
7004,1033741,1034022,mother
7004,1033742,1033909,father
7004,1033742,1034024,father
7004,1033743,1033909,mother
7004,1033743,1034023,mother
7004,1033744,1033910,father
7004,1033744,1034025,father
7004,1033745,1033910,mother
7004,1033745,1034024,mother
7004,1033746,1033911,father
7004,1033746,1034026,father
7004,1033747,1033911,mother
7004,1033747,1034025,mother
7004,1033748,1033912,father
7004,1033748,1034027,father
7004,1033749,1033912,mother
7004,1033749,1034026,mother
7004,1033750,1033913,father
7004,1033750,1034028,father
7004,1033751,1033913,mother
7004,1033751,1034027,mother
7004,1033752,1033914,father
7004,1033752,1034029,father
7004,1033753,1033914,mother
7004,1033753,1034028,mother
7004,1033754,1033915,father
7004,1033754,1034030,father
7004,1033755,1033915,mother
7004,1033755,1034029,mother
7004,1033756,1033916,father
7004,1033756,1034031,father
7004,1033757,1033916,mother
7004,1033757,1034030,mother
7004,1033758,1033917,father
7004,1033758,1034032,father
7004,1033759,1033917,mother
7004,1033759,1034031,mother
7004,1033760,1033918,father
7004,1033760,1034033,father
7004,1033761,1033918,mother
7004,1033761,1034032,mother
7004,1033762,1033919,father
7004,1033762,1034034,father
7004,1033763,1033919,mother
7004,1033763,1034033,mother
7004,1033764,1033920,father
7004,1033764,1034035,father
7004,1033765,1033920,mother
7004,1033765,1034034,mother
7004,1033766,1033921,father
7004,1033766,1034036,father
7004,1033767,1033921,mother
7004,1033767,1034035,mother
7004,1033768,1033922,father
7004,1033768,1034037,father
7004,1033769,1033922,mother
7004,1033769,1034036,mother
7004,1033770,1033923,father
7004,1033770,1034038,father
7004,1033771,1033923,mother
7004,1033771,1034037,mother
7004,1033772,1033924,father
7004,1033772,1034039,father
7004,1033773,1033924,mother
7004,1033773,1034038,mother
7004,1033774,1033925,father
7004,1033774,1034040,father
7004,1033775,1033925,mother
7004,1033775,1034039,mother
7004,1033776,1033926,father
7004,1033776,1034041,father
7004,1033777,1033926,mother
7004,1033777,1034040,mother
7004,1033778,1033927,father
7004,1033778,1034042,father
7004,1033779,1033927,mother
7004,1033779,1034041,mother
7004,1033780,1033928,father
7004,1033780,1034043,father
7004,1033781,1033928,mother
7004,1033781,1034042,mother
7004,1033782,1033929,father
7004,1033782,1034044,father
7004,1033783,1033929,mother
7004,1033783,1034043,mother
7004,1033784,1033930,father
7004,1033784,1034045,father
7004,1033785,1033930,mother
7004,1033785,1034044,mother
7004,1033786,1033931,father
7004,1033786,1034046,father
7004,1033787,1033931,mother
7004,1033787,1034045,mother
7004,1033788,1033932,father
7004,1033788,1034047,father
7004,1033789,1033932,mother
7004,1033789,1034046,mother
7004,1033790,1033933,father
7004,1033790,1034048,father
7004,1033791,1033933,mother
7004,1033791,1034047,mother
7004,1033792,1033934,father
7004,1033792,1034049,father
7004,1033793,1033934,mother
7004,1033793,1034048,mother
7004,1033794,1033935,father
7004,1033794,1034050,father
7004,1033795,1033935,mother
7004,1033795,1034049,mother
7004,1033796,1033936,father
7004,1033796,1034051,father
7004,1033797,1033936,mother
7004,1033797,1034050,mother
7004,1033798,1033937,father
7004,1033798,1034052,father
7004,1033799,1033937,mother
7004,1033799,1034051,mother
7004,1033800,1033938,father
7004,1033800,1034053,father
7004,1033801,1033938,mother
7004,1033801,1034052,mother
7004,1033802,1033939,father
7004,1033802,1034054,father
7004,1033803,1033939,mother
7004,1033803,1034053,mother
7004,1033804,1033940,father
7004,1033804,1034055,father
7004,1033805,1033940,mother
7004,1033805,1034054,mother
7004,1033806,1033941,father
7004,1033807,1033941,mother
7004,1033807,1034055,mother
7004,1033808,1033942,father
7004,1033809,1033942,mother
7004,1033810,1033943,father
7004,1033811,1033943,mother
7004,1033812,1033944,father
7004,1033813,1033944,mother
7004,1033814,1033945,father
7004,1033815,1033945,mother
7004,1033816,1033946,father
7004,1033817,1033946,mother
7004,1033818,1033947,father
7004,1033819,1033947,mother
7004,1033820,1033948,father
7004,1033821,1033948,mother
7004,1033822,1033949,father
7004,1033823,1033949,mother
7004,1033824,1033950,father
7004,1033825,1033950,mother
7004,1033826,1033951,father
7004,1033827,1033951,mother
7004,1033828,1033952,father
7004,1033829,1033952,mother
7004,1033830,1033953,father
7004,1033831,1033953,mother
7004,1033832,1033954,father
7004,1033833,1033954,mother
7004,1033834,1033955,father
7004,1033835,1033955,mother
7004,1033836,1033956,father
7004,1033837,1033956,mother
7004,1033838,1033957,father
7004,1033839,1033957,mother
7004,1033840,1033958,father
7004,1033841,1033958,mother
7004,1033842,1033959,father
7004,1033843,1033959,mother
7004,1033844,1033960,father
7004,1033845,1033960,mother
7004,1033846,1033961,father
7004,1033847,1034056,father
7004,1033847,1034161,father
7004,1033848,1034056,mother
7004,1033848,1034160,mother
7004,1033849,1034057,father
7004,1033849,1034162,father
7004,1033850,1034057,mother
7004,1033850,1034161,mother
7004,1033851,1034058,father
7004,1033851,1034163,father
7004,1033852,1034058,mother
7004,1033852,1034162,mother
7004,1033853,1034059,father
7004,1033853,1034164,father
7004,1033854,1034059,mother
7004,1033854,1034163,mother
7004,1033855,1034060,father
7004,1033855,1034165,father
7004,1033856,1034060,mother
7004,1033856,1034164,mother
7004,1033857,1034061,father
7004,1033857,1034166,father
7004,1033858,1034061,mother
7004,1033858,1034165,mother
7004,1033859,1034062,father
7004,1033859,1034167,father
7004,1033860,1034062,mother
7004,1033860,1034166,mother
7004,1033861,1034063,father
7004,1033861,1034168,father
7004,1033862,1034063,mother
7004,1033862,1034167,mother
7004,1033863,1034064,father
7004,1033863,1034169,father
7004,1033864,1034064,mother
7004,1033864,1034168,mother
7004,1033865,1034065,father
7004,1033865,1034170,father
7004,1033866,1034065,mother
7004,1033866,1034169,mother
7004,1033867,1034066,father
7004,1033867,1034171,father
7004,1033868,1034066,mother
7004,1033868,1034170,mother
7004,1033869,1034067,father
7004,1033869,1034172,father
7004,1033870,1034067,mother
7004,1033870,1034171,mother
7004,1033871,1034068,father
7004,1033871,1034173,father
7004,1033872,1034068,mother
7004,1033872,1034172,mother
7004,1033873,1034069,father
7004,1033873,1034174,father
7004,1033874,1034069,mother
7004,1033874,1034173,mother
7004,1033875,1034070,father
7004,1033875,1034175,father
7004,1033876,1034070,mother
7004,1033876,1034174,mother
7004,1033877,1034071,father
7004,1033877,1034176,father
7004,1033878,1034071,mother
7004,1033878,1034175,mother
7004,1033879,1034072,father
7004,1033879,1034177,father
7004,1033880,1034072,mother
7004,1033880,1034176,mother
7004,1033881,1034073,father
7004,1033881,1034178,father
7004,1033882,1034073,mother
7004,1033882,1034177,mother
7004,1033883,1034074,father
7004,1033883,1034179,father
7004,1033884,1034074,mother
7004,1033884,1034178,mother
7004,1033885,1034075,father
7004,1033885,1034180,father
7004,1033886,1034075,mother
7004,1033886,1034179,mother
7004,1033887,1034076,father
7004,1033887,1034181,father
7004,1033888,1034076,mother
7004,1033888,1034180,mother
7004,1033889,1034077,father
7004,1033889,1034182,father
7004,1033890,1034077,mother
7004,1033890,1034181,mother
7004,1033891,1034078,father
7004,1033891,1034183,father
7004,1033892,1034078,mother
7004,1033892,1034182,mother
7004,1033893,1034079,father
7004,1033893,1034184,father
7004,1033894,1034079,mother
7004,1033894,1034183,mother
7004,1033895,1034080,father
7004,1033895,1034185,father
7004,1033896,1034080,mother
7004,1033896,1034184,mother
7004,1033897,1034081,father
7004,1033897,1034186,father
7004,1033898,1034081,mother
7004,1033898,1034185,mother
7004,1033899,1034082,father
7004,1033899,1034187,father
7004,1033900,1034082,mother
7004,1033900,1034186,mother
7004,1033901,1034083,father
7004,1033901,1034188,father
7004,1033902,1034083,mother
7004,1033902,1034187,mother
7004,1033903,1034084,father
7004,1033903,1034189,father
7004,1033904,1034084,mother
7004,1033904,1034188,mother
7004,1033905,1034085,father
7004,1033905,1034190,father
7004,1033906,1034085,mother
7004,1033906,1034189,mother
7004,1033907,1034086,father
7004,1033907,1034191,father
7004,1033908,1034086,mother
7004,1033908,1034190,mother
7004,1033909,1034087,father
7004,1033909,1034192,father
7004,1033910,1034087,mother
7004,1033910,1034191,mother
7004,1033911,1034088,father
7004,1033911,1034193,father
7004,1033912,1034088,mother
7004,1033912,1034192,mother
7004,1033913,1034089,father
7004,1033913,1034194,father
7004,1033914,1034089,mother
7004,1033914,1034193,mother
7004,1033915,1034090,father
7004,1033915,1034195,father
7004,1033916,1034090,mother
7004,1033916,1034194,mother
7004,1033917,1034091,father
7004,1033917,1034196,father
7004,1033918,1034091,mother
7004,1033918,1034195,mother
7004,1033919,1034092,father
7004,1033919,1034197,father
7004,1033920,1034092,mother
7004,1033920,1034196,mother
7004,1033921,1034093,father
7004,1033921,1034198,father
7004,1033922,1034093,mother
7004,1033922,1034197,mother
7004,1033923,1034094,father
7004,1033923,1034199,father
7004,1033924,1034094,mother
7004,1033924,1034198,mother
7004,1033925,1034095,father
7004,1033925,1034200,father
7004,1033926,1034095,mother
7004,1033926,1034199,mother
7004,1033927,1034096,father
7004,1033927,1034201,father
7004,1033928,1034096,mother
7004,1033928,1034200,mother
7004,1033929,1034097,father
7004,1033929,1034202,father
7004,1033930,1034097,mother
7004,1033930,1034201,mother
7004,1033931,1034098,father
7004,1033931,1034203,father
7004,1033932,1034098,mother
7004,1033932,1034202,mother
7004,1033933,1034099,father
7004,1033933,1034204,father
7004,1033934,1034099,mother
7004,1033934,1034203,mother
7004,1033935,1034100,father
7004,1033935,1034205,father
7004,1033936,1034100,mother
7004,1033936,1034204,mother
7004,1033937,1034101,father
7004,1033937,1034206,father
7004,1033938,1034101,mother
7004,1033938,1034205,mother
7004,1033939,1034102,father
7004,1033939,1034207,father
7004,1033940,1034102,mother
7004,1033940,1034206,mother
7004,1033941,1034103,father
7004,1033941,1034208,father
7004,1033942,1034103,mother
7004,1033942,1034207,mother
7004,1033943,1034104,father
7004,1033943,1034209,father
7004,1033944,1034104,mother
7004,1033944,1034208,mother
7004,1033945,1034105,father
7004,1033945,1034210,father
7004,1033946,1034105,mother
7004,1033946,1034209,mother
7004,1033947,1034106,father
7004,1033947,1034211,father
7004,1033948,1034106,mother
7004,1033948,1034210,mother
7004,1033949,1034107,father
7004,1033949,1034212,father
7004,1033950,1034107,mother
7004,1033950,1034211,mother
7004,1033951,1034108,father
7004,1033951,1034213,father
7004,1033952,1034108,mother
7004,1033952,1034212,mother
7004,1033953,1034109,father
7004,1033953,1034214,father
7004,1033954,1034109,mother
7004,1033954,1034213,mother
7004,1033955,1034110,father
7004,1033955,1034215,father
7004,1033956,1034110,mother
7004,1033956,1034214,mother
7004,1033957,1034111,father
7004,1033957,1034216,father
7004,1033958,1034111,mother
7004,1033958,1034215,mother
7004,1033959,1034112,father
7004,1033959,1034217,father
7004,1033960,1034112,mother
7004,1033960,1034216,mother
7004,1033961,1034113,father
7004,1033961,1034218,father
7004,1033962,1034113,mother
7004,1033962,1034217,mother
7004,1033963,1034114,father
7004,1033963,1034219,father
7004,1033964,1034114,mother
7004,1033964,1034218,mother
7004,1033965,1034115,father
7004,1033965,1034220,father
7004,1033966,1034115,mother
7004,1033966,1034219,mother
7004,1033967,1034116,father
7004,1033967,1034221,father
7004,1033968,1034116,mother
7004,1033968,1034220,mother
7004,1033969,1034117,father
7004,1033969,1034222,father
7004,1033970,1034117,mother
7004,1033970,1034221,mother
7004,1033971,1034118,father
7004,1033971,1034223,father
7004,1033972,1034118,mother
7004,1033972,1034222,mother
7004,1033973,1034119,father
7004,1033973,1034224,father
7004,1033974,1034119,mother
7004,1033974,1034223,mother
7004,1033975,1034120,father
7004,1033975,1034225,father
7004,1033976,1034120,mother
7004,1033976,1034224,mother
7004,1033977,1034121,father
7004,1033977,1034226,father
7004,1033978,1034121,mother
7004,1033978,1034225,mother
7004,1033979,1034122,father
7004,1033979,1034227,father
7004,1033980,1034122,mother
7004,1033980,1034226,mother
7004,1033981,1034123,father
7004,1033981,1034228,father
7004,1033982,1034123,mother
7004,1033982,1034227,mother
7004,1033983,1034124,father
7004,1033983,1034229,father
7004,1033984,1034124,mother
7004,1033984,1034228,mother
7004,1033985,1034125,father
7004,1033985,1034230,father
7004,1033986,1034125,mother
7004,1033986,1034229,mother
7004,1033987,1034126,father
7004,1033987,1034231,father
7004,1033988,1034126,mother
7004,1033988,1034230,mother
7004,1033989,1034127,father
7004,1033989,1034232,father
7004,1033990,1034127,mother
7004,1033990,1034231,mother
7004,1033991,1034128,father
7004,1033991,1034233,father
7004,1033992,1034128,mother
7004,1033992,1034232,mother
7004,1033993,1034129,father
7004,1033993,1034234,father
7004,1033994,1034129,mother
7004,1033994,1034233,mother
7004,1033995,1034130,father
7004,1033995,1034235,father
7004,1033996,1034130,mother
7004,1033996,1034234,mother
7004,1033997,1034131,father
7004,1033997,1034236,father
7004,1033998,1034131,mother
7004,1033998,1034235,mother
7004,1033999,1034132,father
7004,1033999,1034237,father
7004,1034000,1034132,mother
7004,1034000,1034236,mother
7004,1034001,1034133,father
7004,1034001,1034238,father
7004,1034002,1034133,mother
7004,1034002,1034237,mother
7004,1034003,1034134,father
7004,1034003,1034239,father
7004,1034004,1034134,mother
7004,1034004,1034238,mother
7004,1034005,1034135,father
7004,1034005,1034240,father
7004,1034006,1034135,mother
7004,1034006,1034239,mother
7004,1034007,1034136,father
7004,1034007,1034241,father
7004,1034008,1034136,mother
7004,1034008,1034240,mother
7004,1034009,1034137,father
7004,1034009,1034242,father
7004,1034010,1034137,mother
7004,1034010,1034241,mother
7004,1034011,1034138,father
7004,1034011,1034243,father
7004,1034012,1034138,mother
7004,1034012,1034242,mother
7004,1034013,1034139,father
7004,1034014,1034139,mother
7004,1034014,1034243,mother
7004,1034015,1034140,father
7004,1034016,1034140,mother
7004,1034017,1034141,father
7004,1034018,1034141,mother
7004,1034019,1034142,father
7004,1034020,1034142,mother
7004,1034021,1034143,father
7004,1034022,1034143,mother
7004,1034023,1034144,father
7004,1034024,1034144,mother
7004,1034025,1034145,father
7004,1034026,1034145,mother
7004,1034027,1034146,father
7004,1034028,1034146,mother
7004,1034029,1034147,father
7004,1034030,1034147,mother
7004,1034031,1034148,father
7004,1034032,1034148,mother
7004,1034033,1034149,father
7004,1034034,1034149,mother
7004,1034035,1034150,father
7004,1034036,1034150,mother
7004,1034037,1034151,father
7004,1034038,1034151,mother
7004,1034039,1034152,father
7004,1034040,1034152,mother
7004,1034041,1034153,father
7004,1034042,1034153,mother
7004,1034043,1034154,father
7004,1034044,1034154,mother
7004,1034045,1034155,father
7004,1034046,1034155,mother
7004,1034047,1034156,father
7004,1034048,1034156,mother
7004,1034049,1034157,father
7004,1034050,1034157,mother
7004,1034051,1034158,father
7004,1034052,1034158,mother
7004,1034053,1034159,father
7004,1034054,1034159,mother
7004,1034055,1034160,father
7004,1034056,1034244,father
7004,1034056,1034338,father
7004,1034057,1034244,mother
7004,1034057,1034338,mother
7004,1034058,1034245,father
7004,1034058,1034339,father
7004,1034059,1034245,mother
7004,1034059,1034339,mother
7004,1034060,1034246,father
7004,1034060,1034340,father
7004,1034061,1034246,mother
7004,1034061,1034340,mother
7004,1034062,1034247,father
7004,1034062,1034341,father
7004,1034063,1034247,mother
7004,1034063,1034341,mother
7004,1034064,1034248,father
7004,1034064,1034342,father
7004,1034065,1034248,mother
7004,1034065,1034342,mother
7004,1034066,1034249,father
7004,1034066,1034343,father
7004,1034067,1034249,mother
7004,1034067,1034343,mother
7004,1034068,1034250,father
7004,1034068,1034344,father
7004,1034069,1034250,mother
7004,1034069,1034344,mother
7004,1034070,1034251,father
7004,1034070,1034345,father
7004,1034071,1034251,mother
7004,1034071,1034345,mother
7004,1034072,1034252,father
7004,1034072,1034346,father
7004,1034073,1034252,mother
7004,1034073,1034346,mother
7004,1034074,1034253,father
7004,1034074,1034347,father
7004,1034075,1034253,mother
7004,1034075,1034347,mother
7004,1034076,1034254,father
7004,1034076,1034348,father
7004,1034077,1034254,mother
7004,1034077,1034348,mother
7004,1034078,1034255,father
7004,1034078,1034349,father
7004,1034079,1034255,mother
7004,1034079,1034349,mother
7004,1034080,1034256,father
7004,1034080,1034350,father
7004,1034081,1034256,mother
7004,1034081,1034350,mother
7004,1034082,1034257,father
7004,1034082,1034351,father
7004,1034083,1034257,mother
7004,1034083,1034351,mother
7004,1034084,1034258,father
7004,1034084,1034352,father
7004,1034085,1034258,mother
7004,1034085,1034352,mother
7004,1034086,1034259,father
7004,1034086,1034353,father
7004,1034087,1034259,mother
7004,1034087,1034353,mother
7004,1034088,1034260,father
7004,1034088,1034354,father
7004,1034089,1034260,mother
7004,1034089,1034354,mother
7004,1034090,1034261,father
7004,1034090,1034355,father
7004,1034091,1034261,mother
7004,1034091,1034355,mother
7004,1034092,1034262,father
7004,1034092,1034356,father
7004,1034093,1034262,mother
7004,1034093,1034356,mother
7004,1034094,1034263,father
7004,1034094,1034357,father
7004,1034095,1034263,mother
7004,1034095,1034357,mother
7004,1034096,1034264,father
7004,1034096,1034358,father
7004,1034097,1034264,mother
7004,1034097,1034358,mother
7004,1034098,1034265,father
7004,1034098,1034359,father
7004,1034099,1034265,mother
7004,1034099,1034359,mother
7004,1034100,1034266,father
7004,1034100,1034360,father
7004,1034101,1034266,mother
7004,1034101,1034360,mother
7004,1034102,1034267,father
7004,1034102,1034361,father
7004,1034103,1034267,mother
7004,1034103,1034361,mother
7004,1034104,1034268,father
7004,1034104,1034362,father
7004,1034105,1034268,mother
7004,1034105,1034362,mother
7004,1034106,1034269,father
7004,1034106,1034363,father
7004,1034107,1034269,mother
7004,1034107,1034363,mother
7004,1034108,1034270,father
7004,1034108,1034364,father
7004,1034109,1034270,mother
7004,1034109,1034364,mother
7004,1034110,1034271,father
7004,1034110,1034365,father
7004,1034111,1034271,mother
7004,1034111,1034365,mother
7004,1034112,1034272,father
7004,1034112,1034366,father
7004,1034113,1034272,mother
7004,1034113,1034366,mother
7004,1034114,1034273,father
7004,1034114,1034367,father
7004,1034115,1034273,mother
7004,1034115,1034367,mother
7004,1034116,1034274,father
7004,1034116,1034368,father
7004,1034117,1034274,mother
7004,1034117,1034368,mother
7004,1034118,1034275,father
7004,1034118,1034369,father
7004,1034119,1034275,mother
7004,1034119,1034369,mother
7004,1034120,1034276,father
7004,1034120,1034370,father
7004,1034121,1034276,mother
7004,1034121,1034370,mother
7004,1034122,1034277,father
7004,1034122,1034371,father
7004,1034123,1034277,mother
7004,1034123,1034371,mother
7004,1034124,1034278,father
7004,1034124,1034372,father
7004,1034125,1034278,mother
7004,1034125,1034372,mother
7004,1034126,1034279,father
7004,1034126,1034373,father
7004,1034127,1034279,mother
7004,1034127,1034373,mother
7004,1034128,1034280,father
7004,1034128,1034374,father
7004,1034129,1034280,mother
7004,1034129,1034374,mother
7004,1034130,1034281,father
7004,1034130,1034375,father
7004,1034131,1034281,mother
7004,1034131,1034375,mother
7004,1034132,1034282,father
7004,1034132,1034376,father
7004,1034133,1034282,mother
7004,1034133,1034376,mother
7004,1034134,1034283,father
7004,1034134,1034377,father
7004,1034135,1034283,mother
7004,1034135,1034377,mother
7004,1034136,1034284,father
7004,1034136,1034378,father
7004,1034137,1034284,mother
7004,1034137,1034378,mother
7004,1034138,1034285,father
7004,1034138,1034379,father
7004,1034139,1034285,mother
7004,1034139,1034379,mother
7004,1034140,1034286,father
7004,1034140,1034380,father
7004,1034141,1034286,mother
7004,1034141,1034380,mother
7004,1034142,1034287,father
7004,1034142,1034381,father
7004,1034143,1034287,mother
7004,1034143,1034381,mother
7004,1034144,1034288,father
7004,1034144,1034382,father
7004,1034145,1034288,mother
7004,1034145,1034382,mother
7004,1034146,1034289,father
7004,1034146,1034383,father
7004,1034147,1034289,mother
7004,1034147,1034383,mother
7004,1034148,1034290,father
7004,1034148,1034384,father
7004,1034149,1034290,mother
7004,1034149,1034384,mother
7004,1034150,1034291,father
7004,1034150,1034385,father
7004,1034151,1034291,mother
7004,1034151,1034385,mother
7004,1034152,1034292,father
7004,1034152,1034386,father
7004,1034153,1034292,mother
7004,1034153,1034386,mother
7004,1034154,1034293,father
7004,1034154,1034387,father
7004,1034155,1034293,mother
7004,1034155,1034387,mother
7004,1034156,1034294,father
7004,1034156,1034388,father
7004,1034157,1034294,mother
7004,1034157,1034388,mother
7004,1034158,1034295,father
7004,1034158,1034389,father
7004,1034159,1034295,mother
7004,1034159,1034389,mother
7004,1034160,1034296,father
7004,1034160,1034390,father
7004,1034161,1034296,mother
7004,1034161,1034390,mother
7004,1034162,1034297,father
7004,1034162,1034391,father
7004,1034163,1034297,mother
7004,1034163,1034391,mother
7004,1034164,1034298,father
7004,1034164,1034392,father
7004,1034165,1034298,mother
7004,1034165,1034392,mother
7004,1034166,1034299,father
7004,1034166,1034393,father
7004,1034167,1034299,mother
7004,1034167,1034393,mother
7004,1034168,1034300,father
7004,1034168,1034394,father
7004,1034169,1034300,mother
7004,1034169,1034394,mother
7004,1034170,1034301,father
7004,1034170,1034395,father
7004,1034171,1034301,mother
7004,1034171,1034395,mother
7004,1034172,1034302,father
7004,1034172,1034396,father
7004,1034173,1034302,mother
7004,1034173,1034396,mother
7004,1034174,1034303,father
7004,1034174,1034397,father
7004,1034175,1034303,mother
7004,1034175,1034397,mother
7004,1034176,1034304,father
7004,1034176,1034398,father
7004,1034177,1034304,mother
7004,1034177,1034398,mother
7004,1034178,1034305,father
7004,1034178,1034399,father
7004,1034179,1034305,mother
7004,1034179,1034399,mother
7004,1034180,1034306,father
7004,1034180,1034400,father
7004,1034181,1034306,mother
7004,1034181,1034400,mother
7004,1034182,1034307,father
7004,1034182,1034401,father
7004,1034183,1034307,mother
7004,1034183,1034401,mother
7004,1034184,1034308,father
7004,1034184,1034402,father
7004,1034185,1034308,mother
7004,1034185,1034402,mother
7004,1034186,1034309,father
7004,1034186,1034403,father
7004,1034187,1034309,mother
7004,1034187,1034403,mother
7004,1034188,1034310,father
7004,1034188,1034404,father
7004,1034189,1034310,mother
7004,1034189,1034404,mother
7004,1034190,1034311,father
7004,1034190,1034405,father
7004,1034191,1034311,mother
7004,1034191,1034405,mother
7004,1034192,1034312,father
7004,1034192,1034406,father
7004,1034193,1034312,mother
7004,1034193,1034406,mother
7004,1034194,1034313,father
7004,1034194,1034407,father
7004,1034195,1034313,mother
7004,1034195,1034407,mother
7004,1034196,1034314,father
7004,1034196,1034408,father
7004,1034197,1034314,mother
7004,1034197,1034408,mother
7004,1034198,1034315,father
7004,1034198,1034409,father
7004,1034199,1034315,mother
7004,1034199,1034409,mother
7004,1034200,1034316,father
7004,1034200,1034410,father
7004,1034201,1034316,mother
7004,1034201,1034410,mother
7004,1034202,1034317,father
7004,1034203,1034317,mother
7004,1034204,1034318,father
7004,1034205,1034318,mother
7004,1034206,1034319,father
7004,1034207,1034319,mother
7004,1034208,1034320,father
7004,1034209,1034320,mother
7004,1034210,1034321,father
7004,1034211,1034321,mother
7004,1034212,1034322,father
7004,1034213,1034322,mother
7004,1034214,1034323,father
7004,1034215,1034323,mother
7004,1034216,1034324,father
7004,1034217,1034324,mother
7004,1034218,1034325,father
7004,1034219,1034325,mother
7004,1034220,1034326,father
7004,1034221,1034326,mother
7004,1034222,1034327,father
7004,1034223,1034327,mother
7004,1034224,1034328,father
7004,1034225,1034328,mother
7004,1034226,1034329,father
7004,1034227,1034329,mother
7004,1034228,1034330,father
7004,1034229,1034330,mother
7004,1034230,1034331,father
7004,1034231,1034331,mother
7004,1034232,1034332,father
7004,1034233,1034332,mother
7004,1034234,1034333,father
7004,1034235,1034333,mother
7004,1034236,1034334,father
7004,1034237,1034334,mother
7004,1034238,1034335,father
7004,1034239,1034335,mother
7004,1034240,1034336,father
7004,1034241,1034336,mother
7004,1034242,1034337,father
7004,1034243,1034337,mother
7004,1034244,1034411,father
7004,1034244,1034495,father
7004,1034245,1034411,mother
7004,1034245,1034494,mother
7004,1034246,1034412,father
7004,1034246,1034496,father
7004,1034247,1034412,mother
7004,1034247,1034495,mother
7004,1034248,1034413,father
7004,1034248,1034497,father
7004,1034249,1034413,mother
7004,1034249,1034496,mother
7004,1034250,1034414,father
7004,1034250,1034498,father
7004,1034251,1034414,mother
7004,1034251,1034497,mother
7004,1034252,1034415,father
7004,1034252,1034499,father
7004,1034253,1034415,mother
7004,1034253,1034498,mother
7004,1034254,1034416,father
7004,1034254,1034500,father
7004,1034255,1034416,mother
7004,1034255,1034499,mother
7004,1034256,1034417,father
7004,1034256,1034501,father
7004,1034257,1034417,mother
7004,1034257,1034500,mother
7004,1034258,1034418,father
7004,1034258,1034502,father
7004,1034259,1034418,mother
7004,1034259,1034501,mother
7004,1034260,1034419,father
7004,1034260,1034503,father
7004,1034261,1034419,mother
7004,1034261,1034502,mother
7004,1034262,1034420,father
7004,1034262,1034504,father
7004,1034263,1034420,mother
7004,1034263,1034503,mother
7004,1034264,1034421,father
7004,1034264,1034505,father
7004,1034265,1034421,mother
7004,1034265,1034504,mother
7004,1034266,1034422,father
7004,1034266,1034506,father
7004,1034267,1034422,mother
7004,1034267,1034505,mother
7004,1034268,1034423,father
7004,1034268,1034507,father
7004,1034269,1034423,mother
7004,1034269,1034506,mother
7004,1034270,1034424,father
7004,1034270,1034508,father
7004,1034271,1034424,mother
7004,1034271,1034507,mother
7004,1034272,1034425,father
7004,1034272,1034509,father
7004,1034273,1034425,mother
7004,1034273,1034508,mother
7004,1034274,1034426,father
7004,1034274,1034510,father
7004,1034275,1034426,mother
7004,1034275,1034509,mother
7004,1034276,1034427,father
7004,1034276,1034511,father
7004,1034277,1034427,mother
7004,1034277,1034510,mother
7004,1034278,1034428,father
7004,1034278,1034512,father
7004,1034279,1034428,mother
7004,1034279,1034511,mother
7004,1034280,1034429,father
7004,1034280,1034513,father
7004,1034281,1034429,mother
7004,1034281,1034512,mother
7004,1034282,1034430,father
7004,1034282,1034514,father
7004,1034283,1034430,mother
7004,1034283,1034513,mother
7004,1034284,1034431,father
7004,1034284,1034515,father
7004,1034285,1034431,mother
7004,1034285,1034514,mother
7004,1034286,1034432,father
7004,1034286,1034516,father
7004,1034287,1034432,mother
7004,1034287,1034515,mother
7004,1034288,1034433,father
7004,1034288,1034517,father
7004,1034289,1034433,mother
7004,1034289,1034516,mother
7004,1034290,1034434,father
7004,1034290,1034518,father
7004,1034291,1034434,mother
7004,1034291,1034517,mother
7004,1034292,1034435,father
7004,1034292,1034519,father
7004,1034293,1034435,mother
7004,1034293,1034518,mother
7004,1034294,1034436,father
7004,1034294,1034520,father
7004,1034295,1034436,mother
7004,1034295,1034519,mother
7004,1034296,1034437,father
7004,1034296,1034521,father
7004,1034297,1034437,mother
7004,1034297,1034520,mother
7004,1034298,1034438,father
7004,1034298,1034522,father
7004,1034299,1034438,mother
7004,1034299,1034521,mother
7004,1034300,1034439,father
7004,1034300,1034523,father
7004,1034301,1034439,mother
7004,1034301,1034522,mother
7004,1034302,1034440,father
7004,1034302,1034524,father
7004,1034303,1034440,mother
7004,1034303,1034523,mother
7004,1034304,1034441,father
7004,1034304,1034525,father
7004,1034305,1034441,mother
7004,1034305,1034524,mother
7004,1034306,1034442,father
7004,1034306,1034526,father
7004,1034307,1034442,mother
7004,1034307,1034525,mother
7004,1034308,1034443,father
7004,1034308,1034527,father
7004,1034309,1034443,mother
7004,1034309,1034526,mother
7004,1034310,1034444,father
7004,1034310,1034528,father
7004,1034311,1034444,mother
7004,1034311,1034527,mother
7004,1034312,1034445,father
7004,1034312,1034529,father
7004,1034313,1034445,mother
7004,1034313,1034528,mother
7004,1034314,1034446,father
7004,1034314,1034530,father
7004,1034315,1034446,mother
7004,1034315,1034529,mother
7004,1034316,1034447,father
7004,1034316,1034531,father
7004,1034317,1034447,mother
7004,1034317,1034530,mother
7004,1034318,1034448,father
7004,1034318,1034532,father
7004,1034319,1034448,mother
7004,1034319,1034531,mother
7004,1034320,1034449,father
7004,1034320,1034533,father
7004,1034321,1034449,mother
7004,1034321,1034532,mother
7004,1034322,1034450,father
7004,1034322,1034534,father
7004,1034323,1034450,mother
7004,1034323,1034533,mother
7004,1034324,1034451,father
7004,1034324,1034535,father
7004,1034325,1034451,mother
7004,1034325,1034534,mother
7004,1034326,1034452,father
7004,1034326,1034536,father
7004,1034327,1034452,mother
7004,1034327,1034535,mother
7004,1034328,1034453,father
7004,1034328,1034537,father
7004,1034329,1034453,mother
7004,1034329,1034536,mother
7004,1034330,1034454,father
7004,1034330,1034538,father
7004,1034331,1034454,mother
7004,1034331,1034537,mother
7004,1034332,1034455,father
7004,1034332,1034539,father
7004,1034333,1034455,mother
7004,1034333,1034538,mother
7004,1034334,1034456,father
7004,1034334,1034540,father
7004,1034335,1034456,mother
7004,1034335,1034539,mother
7004,1034336,1034457,father
7004,1034336,1034541,father
7004,1034337,1034457,mother
7004,1034337,1034540,mother
7004,1034338,1034458,father
7004,1034338,1034542,father
7004,1034339,1034458,mother
7004,1034339,1034541,mother
7004,1034340,1034459,father
7004,1034340,1034543,father
7004,1034341,1034459,mother
7004,1034341,1034542,mother
7004,1034342,1034460,father
7004,1034342,1034544,father
7004,1034343,1034460,mother
7004,1034343,1034543,mother
7004,1034344,1034461,father
7004,1034344,1034545,father
7004,1034345,1034461,mother
7004,1034345,1034544,mother
7004,1034346,1034462,father
7004,1034346,1034546,father
7004,1034347,1034462,mother
7004,1034347,1034545,mother
7004,1034348,1034463,father
7004,1034348,1034547,father
7004,1034349,1034463,mother
7004,1034349,1034546,mother
7004,1034350,1034464,father
7004,1034350,1034548,father
7004,1034351,1034464,mother
7004,1034351,1034547,mother
7004,1034352,1034465,father
7004,1034352,1034549,father
7004,1034353,1034465,mother
7004,1034353,1034548,mother
7004,1034354,1034466,father
7004,1034354,1034550,father
7004,1034355,1034466,mother
7004,1034355,1034549,mother
7004,1034356,1034467,father
7004,1034356,1034551,father
7004,1034357,1034467,mother
7004,1034357,1034550,mother
7004,1034358,1034468,father
7004,1034358,1034552,father
7004,1034359,1034468,mother
7004,1034359,1034551,mother
7004,1034360,1034469,father
7004,1034360,1034553,father
7004,1034361,1034469,mother
7004,1034361,1034552,mother
7004,1034362,1034470,father
7004,1034362,1034554,father
7004,1034363,1034470,mother
7004,1034363,1034553,mother
7004,1034364,1034471,father
7004,1034364,1034555,father
7004,1034365,1034471,mother
7004,1034365,1034554,mother
7004,1034366,1034472,father
7004,1034366,1034556,father
7004,1034367,1034472,mother
7004,1034367,1034555,mother
7004,1034368,1034473,father
7004,1034369,1034473,mother
7004,1034369,1034556,mother
7004,1034370,1034474,father
7004,1034371,1034474,mother
7004,1034372,1034475,father
7004,1034373,1034475,mother
7004,1034374,1034476,father
7004,1034375,1034476,mother
7004,1034376,1034477,father
7004,1034377,1034477,mother
7004,1034378,1034478,father
7004,1034379,1034478,mother
7004,1034380,1034479,father
7004,1034381,1034479,mother
7004,1034382,1034480,father
7004,1034383,1034480,mother
7004,1034384,1034481,father
7004,1034385,1034481,mother
7004,1034386,1034482,father
7004,1034387,1034482,mother
7004,1034388,1034483,father
7004,1034389,1034483,mother
7004,1034390,1034484,father
7004,1034391,1034484,mother
7004,1034392,1034485,father
7004,1034393,1034485,mother
7004,1034394,1034486,father
7004,1034395,1034486,mother
7004,1034396,1034487,father
7004,1034397,1034487,mother
7004,1034398,1034488,father
7004,1034399,1034488,mother
7004,1034400,1034489,father
7004,1034401,1034489,mother
7004,1034402,1034490,father
7004,1034403,1034490,mother
7004,1034404,1034491,father
7004,1034405,1034491,mother
7004,1034406,1034492,father
7004,1034407,1034492,mother
7004,1034408,1034493,father
7004,1034409,1034493,mother
7004,1034410,1034494,father
7004,1034411,1034557,father
7004,1034411,1034630,father
7004,1034412,1034557,mother
7004,1034412,1034630,mother
7004,1034413,1034558,father
7004,1034413,1034631,father
7004,1034414,1034558,mother
7004,1034414,1034631,mother
7004,1034415,1034559,father
7004,1034415,1034632,father
7004,1034416,1034559,mother
7004,1034416,1034632,mother
7004,1034417,1034560,father
7004,1034417,1034633,father
7004,1034418,1034560,mother
7004,1034418,1034633,mother
7004,1034419,1034561,father
7004,1034419,1034634,father
7004,1034420,1034561,mother
7004,1034420,1034634,mother
7004,1034421,1034562,father
7004,1034421,1034635,father
7004,1034422,1034562,mother
7004,1034422,1034635,mother
7004,1034423,1034563,father
7004,1034423,1034636,father
7004,1034424,1034563,mother
7004,1034424,1034636,mother
7004,1034425,1034564,father
7004,1034425,1034637,father
7004,1034426,1034564,mother
7004,1034426,1034637,mother
7004,1034427,1034565,father
7004,1034427,1034638,father
7004,1034428,1034565,mother
7004,1034428,1034638,mother
7004,1034429,1034566,father
7004,1034429,1034639,father
7004,1034430,1034566,mother
7004,1034430,1034639,mother
7004,1034431,1034567,father
7004,1034431,1034640,father
7004,1034432,1034567,mother
7004,1034432,1034640,mother
7004,1034433,1034568,father
7004,1034433,1034641,father
7004,1034434,1034568,mother
7004,1034434,1034641,mother
7004,1034435,1034569,father
7004,1034435,1034642,father
7004,1034436,1034569,mother
7004,1034436,1034642,mother
7004,1034437,1034570,father
7004,1034437,1034643,father
7004,1034438,1034570,mother
7004,1034438,1034643,mother
7004,1034439,1034571,father
7004,1034439,1034644,father
7004,1034440,1034571,mother
7004,1034440,1034644,mother
7004,1034441,1034572,father
7004,1034441,1034645,father
7004,1034442,1034572,mother
7004,1034442,1034645,mother
7004,1034443,1034573,father
7004,1034443,1034646,father
7004,1034444,1034573,mother
7004,1034444,1034646,mother
7004,1034445,1034574,father
7004,1034445,1034647,father
7004,1034446,1034574,mother
7004,1034446,1034647,mother
7004,1034447,1034575,father
7004,1034447,1034648,father
7004,1034448,1034575,mother
7004,1034448,1034648,mother
7004,1034449,1034576,father
7004,1034449,1034649,father
7004,1034450,1034576,mother
7004,1034450,1034649,mother
7004,1034451,1034577,father
7004,1034451,1034650,father
7004,1034452,1034577,mother
7004,1034452,1034650,mother
7004,1034453,1034578,father
7004,1034453,1034651,father
7004,1034454,1034578,mother
7004,1034454,1034651,mother
7004,1034455,1034579,father
7004,1034455,1034652,father
7004,1034456,1034579,mother
7004,1034456,1034652,mother
7004,1034457,1034580,father
7004,1034457,1034653,father
7004,1034458,1034580,mother
7004,1034458,1034653,mother
7004,1034459,1034581,father
7004,1034459,1034654,father
7004,1034460,1034581,mother
7004,1034460,1034654,mother
7004,1034461,1034582,father
7004,1034461,1034655,father
7004,1034462,1034582,mother
7004,1034462,1034655,mother
7004,1034463,1034583,father
7004,1034463,1034656,father
7004,1034464,1034583,mother
7004,1034464,1034656,mother
7004,1034465,1034584,father
7004,1034465,1034657,father
7004,1034466,1034584,mother
7004,1034466,1034657,mother
7004,1034467,1034585,father
7004,1034467,1034658,father
7004,1034468,1034585,mother
7004,1034468,1034658,mother
7004,1034469,1034586,father
7004,1034469,1034659,father
7004,1034470,1034586,mother
7004,1034470,1034659,mother
7004,1034471,1034587,father
7004,1034471,1034660,father
7004,1034472,1034587,mother
7004,1034472,1034660,mother
7004,1034473,1034588,father
7004,1034473,1034661,father
7004,1034474,1034588,mother
7004,1034474,1034661,mother
7004,1034475,1034589,father
7004,1034475,1034662,father
7004,1034476,1034589,mother
7004,1034476,1034662,mother
7004,1034477,1034590,father
7004,1034477,1034663,father
7004,1034478,1034590,mother
7004,1034478,1034663,mother
7004,1034479,1034591,father
7004,1034479,1034664,father
7004,1034480,1034591,mother
7004,1034480,1034664,mother
7004,1034481,1034592,father
7004,1034481,1034665,father
7004,1034482,1034592,mother
7004,1034482,1034665,mother
7004,1034483,1034593,father
7004,1034483,1034666,father
7004,1034484,1034593,mother
7004,1034484,1034666,mother
7004,1034485,1034594,father
7004,1034485,1034667,father
7004,1034486,1034594,mother
7004,1034486,1034667,mother
7004,1034487,1034595,father
7004,1034487,1034668,father
7004,1034488,1034595,mother
7004,1034488,1034668,mother
7004,1034489,1034596,father
7004,1034489,1034669,father
7004,1034490,1034596,mother
7004,1034490,1034669,mother
7004,1034491,1034597,father
7004,1034491,1034670,father
7004,1034492,1034597,mother
7004,1034492,1034670,mother
7004,1034493,1034598,father
7004,1034493,1034671,father
7004,1034494,1034598,mother
7004,1034494,1034671,mother
7004,1034495,1034599,father
7004,1034495,1034672,father
7004,1034496,1034599,mother
7004,1034496,1034672,mother
7004,1034497,1034600,father
7004,1034497,1034673,father
7004,1034498,1034600,mother
7004,1034498,1034673,mother
7004,1034499,1034601,father
7004,1034499,1034674,father
7004,1034500,1034601,mother
7004,1034500,1034674,mother
7004,1034501,1034602,father
7004,1034501,1034675,father
7004,1034502,1034602,mother
7004,1034502,1034675,mother
7004,1034503,1034603,father
7004,1034503,1034676,father
7004,1034504,1034603,mother
7004,1034504,1034676,mother
7004,1034505,1034604,father
7004,1034505,1034677,father
7004,1034506,1034604,mother
7004,1034506,1034677,mother
7004,1034507,1034605,father
7004,1034507,1034678,father
7004,1034508,1034605,mother
7004,1034508,1034678,mother
7004,1034509,1034606,father
7004,1034509,1034679,father
7004,1034510,1034606,mother
7004,1034510,1034679,mother
7004,1034511,1034607,father
7004,1034511,1034680,father
7004,1034512,1034607,mother
7004,1034512,1034680,mother
7004,1034513,1034608,father
7004,1034513,1034681,father
7004,1034514,1034608,mother
7004,1034514,1034681,mother
7004,1034515,1034609,father
7004,1034515,1034682,father
7004,1034516,1034609,mother
7004,1034516,1034682,mother
7004,1034517,1034610,father
7004,1034518,1034610,mother
7004,1034519,1034611,father
7004,1034520,1034611,mother
7004,1034521,1034612,father
7004,1034522,1034612,mother
7004,1034523,1034613,father
7004,1034524,1034613,mother
7004,1034525,1034614,father
7004,1034526,1034614,mother
7004,1034527,1034615,father
7004,1034528,1034615,mother
7004,1034529,1034616,father
7004,1034530,1034616,mother
7004,1034531,1034617,father
7004,1034532,1034617,mother
7004,1034533,1034618,father
7004,1034534,1034618,mother
7004,1034535,1034619,father
7004,1034536,1034619,mother
7004,1034537,1034620,father
7004,1034538,1034620,mother
7004,1034539,1034621,father
7004,1034540,1034621,mother
7004,1034541,1034622,father
7004,1034542,1034622,mother
7004,1034543,1034623,father
7004,1034544,1034623,mother
7004,1034545,1034624,father
7004,1034546,1034624,mother
7004,1034547,1034625,father
7004,1034548,1034625,mother
7004,1034549,1034626,father
7004,1034550,1034626,mother
7004,1034551,1034627,father
7004,1034552,1034627,mother
7004,1034553,1034628,father
7004,1034554,1034628,mother
7004,1034555,1034629,father
7004,1034556,1034629,mother
7004,1034557,1034683,father
7004,1034557,1034746,father
7004,1034558,1034683,mother
7004,1034558,1034746,mother
7004,1034559,1034684,father
7004,1034559,1034747,father
7004,1034560,1034684,mother
7004,1034560,1034747,mother
7004,1034561,1034685,father
7004,1034561,1034748,father
7004,1034562,1034685,mother
7004,1034562,1034748,mother
7004,1034563,1034686,father
7004,1034563,1034749,father
7004,1034564,1034686,mother
7004,1034564,1034749,mother
7004,1034565,1034687,father
7004,1034565,1034750,father
7004,1034566,1034687,mother
7004,1034566,1034750,mother
7004,1034567,1034688,father
7004,1034567,1034751,father
7004,1034568,1034688,mother
7004,1034568,1034751,mother
7004,1034569,1034689,father
7004,1034569,1034752,father
7004,1034570,1034689,mother
7004,1034570,1034752,mother
7004,1034571,1034690,father
7004,1034571,1034753,father
7004,1034572,1034690,mother
7004,1034572,1034753,mother
7004,1034573,1034691,father
7004,1034573,1034754,father
7004,1034574,1034691,mother
7004,1034574,1034754,mother
7004,1034575,1034692,father
7004,1034575,1034755,father
7004,1034576,1034692,mother
7004,1034576,1034755,mother
7004,1034577,1034693,father
7004,1034577,1034756,father
7004,1034578,1034693,mother
7004,1034578,1034756,mother
7004,1034579,1034694,father
7004,1034579,1034757,father
7004,1034580,1034694,mother
7004,1034580,1034757,mother
7004,1034581,1034695,father
7004,1034581,1034758,father
7004,1034582,1034695,mother
7004,1034582,1034758,mother
7004,1034583,1034696,father
7004,1034583,1034759,father
7004,1034584,1034696,mother
7004,1034584,1034759,mother
7004,1034585,1034697,father
7004,1034585,1034760,father
7004,1034586,1034697,mother
7004,1034586,1034760,mother
7004,1034587,1034698,father
7004,1034587,1034761,father
7004,1034588,1034698,mother
7004,1034588,1034761,mother
7004,1034589,1034699,father
7004,1034589,1034762,father
7004,1034590,1034699,mother
7004,1034590,1034762,mother
7004,1034591,1034700,father
7004,1034591,1034763,father
7004,1034592,1034700,mother
7004,1034592,1034763,mother
7004,1034593,1034701,father
7004,1034593,1034764,father
7004,1034594,1034701,mother
7004,1034594,1034764,mother
7004,1034595,1034702,father
7004,1034595,1034765,father
7004,1034596,1034702,mother
7004,1034596,1034765,mother
7004,1034597,1034703,father
7004,1034597,1034766,father
7004,1034598,1034703,mother
7004,1034598,1034766,mother
7004,1034599,1034704,father
7004,1034599,1034767,father
7004,1034600,1034704,mother
7004,1034600,1034767,mother
7004,1034601,1034705,father
7004,1034601,1034768,father
7004,1034602,1034705,mother
7004,1034602,1034768,mother
7004,1034603,1034706,father
7004,1034603,1034769,father
7004,1034604,1034706,mother
7004,1034604,1034769,mother
7004,1034605,1034707,father
7004,1034605,1034770,father
7004,1034606,1034707,mother
7004,1034606,1034770,mother
7004,1034607,1034708,father
7004,1034607,1034771,father
7004,1034608,1034708,mother
7004,1034608,1034771,mother
7004,1034609,1034709,father
7004,1034609,1034772,father
7004,1034610,1034709,mother
7004,1034610,1034772,mother
7004,1034611,1034710,father
7004,1034611,1034773,father
7004,1034612,1034710,mother
7004,1034612,1034773,mother
7004,1034613,1034711,father
7004,1034613,1034774,father
7004,1034614,1034711,mother
7004,1034614,1034774,mother
7004,1034615,1034712,father
7004,1034615,1034775,father
7004,1034616,1034712,mother
7004,1034616,1034775,mother
7004,1034617,1034713,father
7004,1034617,1034776,father
7004,1034618,1034713,mother
7004,1034618,1034776,mother
7004,1034619,1034714,father
7004,1034619,1034777,father
7004,1034620,1034714,mother
7004,1034620,1034777,mother
7004,1034621,1034715,father
7004,1034621,1034778,father
7004,1034622,1034715,mother
7004,1034622,1034778,mother
7004,1034623,1034716,father
7004,1034623,1034779,father
7004,1034624,1034716,mother
7004,1034624,1034779,mother
7004,1034625,1034717,father
7004,1034625,1034780,father
7004,1034626,1034717,mother
7004,1034626,1034780,mother
7004,1034627,1034718,father
7004,1034627,1034781,father
7004,1034628,1034718,mother
7004,1034628,1034781,mother
7004,1034629,1034719,father
7004,1034629,1034782,father
7004,1034630,1034719,mother
7004,1034630,1034782,mother
7004,1034631,1034720,father
7004,1034631,1034783,father
7004,1034632,1034720,mother
7004,1034632,1034783,mother
7004,1034633,1034721,father
7004,1034633,1034784,father
7004,1034634,1034721,mother
7004,1034634,1034784,mother
7004,1034635,1034722,father
7004,1034635,1034785,father
7004,1034636,1034722,mother
7004,1034636,1034785,mother
7004,1034637,1034723,father
7004,1034637,1034786,father
7004,1034638,1034723,mother
7004,1034638,1034786,mother
7004,1034639,1034724,father
7004,1034639,1034787,father
7004,1034640,1034724,mother
7004,1034640,1034787,mother
7004,1034641,1034725,father
7004,1034642,1034725,mother
7004,1034643,1034726,father
7004,1034644,1034726,mother
7004,1034645,1034727,father
7004,1034646,1034727,mother
7004,1034647,1034728,father
7004,1034648,1034728,mother
7004,1034649,1034729,father
7004,1034650,1034729,mother
7004,1034651,1034730,father
7004,1034652,1034730,mother
7004,1034653,1034731,father
7004,1034654,1034731,mother
7004,1034655,1034732,father
7004,1034656,1034732,mother
7004,1034657,1034733,father
7004,1034658,1034733,mother
7004,1034659,1034734,father
7004,1034660,1034734,mother
7004,1034661,1034735,father
7004,1034662,1034735,mother
7004,1034663,1034736,father
7004,1034664,1034736,mother
7004,1034665,1034737,father
7004,1034666,1034737,mother
7004,1034667,1034738,father
7004,1034668,1034738,mother
7004,1034669,1034739,father
7004,1034670,1034739,mother
7004,1034671,1034740,father
7004,1034672,1034740,mother
7004,1034673,1034741,father
7004,1034674,1034741,mother
7004,1034675,1034742,father
7004,1034676,1034742,mother
7004,1034677,1034743,father
7004,1034678,1034743,mother
7004,1034679,1034744,father
7004,1034680,1034744,mother
7004,1034681,1034745,father
7004,1034682,1034745,mother
7004,1034683,1034788,father
7004,1034683,1034841,father
7004,1034684,1034788,mother
7004,1034684,1034840,mother
7004,1034685,1034789,father
7004,1034685,1034842,father
7004,1034686,1034789,mother
7004,1034686,1034841,mother
7004,1034687,1034790,father
7004,1034687,1034843,father
7004,1034688,1034790,mother
7004,1034688,1034842,mother
7004,1034689,1034791,father
7004,1034689,1034844,father
7004,1034690,1034791,mother
7004,1034690,1034843,mother
7004,1034691,1034792,father
7004,1034691,1034845,father
7004,1034692,1034792,mother
7004,1034692,1034844,mother
7004,1034693,1034793,father
7004,1034693,1034846,father
7004,1034694,1034793,mother
7004,1034694,1034845,mother
7004,1034695,1034794,father
7004,1034695,1034847,father
7004,1034696,1034794,mother
7004,1034696,1034846,mother
7004,1034697,1034795,father
7004,1034697,1034848,father
7004,1034698,1034795,mother
7004,1034698,1034847,mother
7004,1034699,1034796,father
7004,1034699,1034849,father
7004,1034700,1034796,mother
7004,1034700,1034848,mother
7004,1034701,1034797,father
7004,1034701,1034850,father
7004,1034702,1034797,mother
7004,1034702,1034849,mother
7004,1034703,1034798,father
7004,1034703,1034851,father
7004,1034704,1034798,mother
7004,1034704,1034850,mother
7004,1034705,1034799,father
7004,1034705,1034852,father
7004,1034706,1034799,mother
7004,1034706,1034851,mother
7004,1034707,1034800,father
7004,1034707,1034853,father
7004,1034708,1034800,mother
7004,1034708,1034852,mother
7004,1034709,1034801,father
7004,1034709,1034854,father
7004,1034710,1034801,mother
7004,1034710,1034853,mother
7004,1034711,1034802,father
7004,1034711,1034855,father
7004,1034712,1034802,mother
7004,1034712,1034854,mother
7004,1034713,1034803,father
7004,1034713,1034856,father
7004,1034714,1034803,mother
7004,1034714,1034855,mother
7004,1034715,1034804,father
7004,1034715,1034857,father
7004,1034716,1034804,mother
7004,1034716,1034856,mother
7004,1034717,1034805,father
7004,1034717,1034858,father
7004,1034718,1034805,mother
7004,1034718,1034857,mother
7004,1034719,1034806,father
7004,1034719,1034859,father
7004,1034720,1034806,mother
7004,1034720,1034858,mother
7004,1034721,1034807,father
7004,1034721,1034860,father
7004,1034722,1034807,mother
7004,1034722,1034859,mother
7004,1034723,1034808,father
7004,1034723,1034861,father
7004,1034724,1034808,mother
7004,1034724,1034860,mother
7004,1034725,1034809,father
7004,1034725,1034862,father
7004,1034726,1034809,mother
7004,1034726,1034861,mother
7004,1034727,1034810,father
7004,1034727,1034863,father
7004,1034728,1034810,mother
7004,1034728,1034862,mother
7004,1034729,1034811,father
7004,1034729,1034864,father
7004,1034730,1034811,mother
7004,1034730,1034863,mother
7004,1034731,1034812,father
7004,1034731,1034865,father
7004,1034732,1034812,mother
7004,1034732,1034864,mother
7004,1034733,1034813,father
7004,1034733,1034866,father
7004,1034734,1034813,mother
7004,1034734,1034865,mother
7004,1034735,1034814,father
7004,1034735,1034867,father
7004,1034736,1034814,mother
7004,1034736,1034866,mother
7004,1034737,1034815,father
7004,1034737,1034868,father
7004,1034738,1034815,mother
7004,1034738,1034867,mother
7004,1034739,1034816,father
7004,1034739,1034869,father
7004,1034740,1034816,mother
7004,1034740,1034868,mother
7004,1034741,1034817,father
7004,1034741,1034870,father
7004,1034742,1034817,mother
7004,1034742,1034869,mother
7004,1034743,1034818,father
7004,1034743,1034871,father
7004,1034744,1034818,mother
7004,1034744,1034870,mother
7004,1034745,1034819,father
7004,1034746,1034819,mother
7004,1034746,1034871,mother
7004,1034747,1034820,father
7004,1034748,1034820,mother
7004,1034749,1034821,father
7004,1034750,1034821,mother
7004,1034751,1034822,father
7004,1034752,1034822,mother
7004,1034753,1034823,father
7004,1034754,1034823,mother
7004,1034755,1034824,father
7004,1034756,1034824,mother
7004,1034757,1034825,father
7004,1034758,1034825,mother
7004,1034759,1034826,father
7004,1034760,1034826,mother
7004,1034761,1034827,father
7004,1034762,1034827,mother
7004,1034763,1034828,father
7004,1034764,1034828,mother
7004,1034765,1034829,father
7004,1034766,1034829,mother
7004,1034767,1034830,father
7004,1034768,1034830,mother
7004,1034769,1034831,father
7004,1034770,1034831,mother
7004,1034771,1034832,father
7004,1034772,1034832,mother
7004,1034773,1034833,father
7004,1034774,1034833,mother
7004,1034775,1034834,father
7004,1034776,1034834,mother
7004,1034777,1034835,father
7004,1034778,1034835,mother
7004,1034779,1034836,father
7004,1034780,1034836,mother
7004,1034781,1034837,father
7004,1034782,1034837,mother
7004,1034783,1034838,father
7004,1034784,1034838,mother
7004,1034785,1034839,father
7004,1034786,1034839,mother
7004,1034787,1034840,father
7004,1034788,1034872,father
7004,1034788,1034914,father
7004,1034789,1034872,mother
7004,1034789,1034914,mother
7004,1034790,1034873,father
7004,1034790,1034915,father
7004,1034791,1034873,mother
7004,1034791,1034915,mother
7004,1034792,1034874,father
7004,1034792,1034916,father
7004,1034793,1034874,mother
7004,1034793,1034916,mother
7004,1034794,1034875,father
7004,1034794,1034917,father
7004,1034795,1034875,mother
7004,1034795,1034917,mother
7004,1034796,1034876,father
7004,1034796,1034918,father
7004,1034797,1034876,mother
7004,1034797,1034918,mother
7004,1034798,1034877,father
7004,1034798,1034919,father
7004,1034799,1034877,mother
7004,1034799,1034919,mother
7004,1034800,1034878,father
7004,1034800,1034920,father
7004,1034801,1034878,mother
7004,1034801,1034920,mother
7004,1034802,1034879,father
7004,1034802,1034921,father
7004,1034803,1034879,mother
7004,1034803,1034921,mother
7004,1034804,1034880,father
7004,1034804,1034922,father
7004,1034805,1034880,mother
7004,1034805,1034922,mother
7004,1034806,1034881,father
7004,1034806,1034923,father
7004,1034807,1034881,mother
7004,1034807,1034923,mother
7004,1034808,1034882,father
7004,1034808,1034924,father
7004,1034809,1034882,mother
7004,1034809,1034924,mother
7004,1034810,1034883,father
7004,1034810,1034925,father
7004,1034811,1034883,mother
7004,1034811,1034925,mother
7004,1034812,1034884,father
7004,1034812,1034926,father
7004,1034813,1034884,mother
7004,1034813,1034926,mother
7004,1034814,1034885,father
7004,1034814,1034927,father
7004,1034815,1034885,mother
7004,1034815,1034927,mother
7004,1034816,1034886,father
7004,1034816,1034928,father
7004,1034817,1034886,mother
7004,1034817,1034928,mother
7004,1034818,1034887,father
7004,1034818,1034929,father
7004,1034819,1034887,mother
7004,1034819,1034929,mother
7004,1034820,1034888,father
7004,1034820,1034930,father
7004,1034821,1034888,mother
7004,1034821,1034930,mother
7004,1034822,1034889,father
7004,1034822,1034931,father
7004,1034823,1034889,mother
7004,1034823,1034931,mother
7004,1034824,1034890,father
7004,1034824,1034932,father
7004,1034825,1034890,mother
7004,1034825,1034932,mother
7004,1034826,1034891,father
7004,1034826,1034933,father
7004,1034827,1034891,mother
7004,1034827,1034933,mother
7004,1034828,1034892,father
7004,1034828,1034934,father
7004,1034829,1034892,mother
7004,1034829,1034934,mother
7004,1034830,1034893,father
7004,1034830,1034935,father
7004,1034831,1034893,mother
7004,1034831,1034935,mother
7004,1034832,1034894,father
7004,1034833,1034894,mother
7004,1034834,1034895,father
7004,1034835,1034895,mother
7004,1034836,1034896,father
7004,1034837,1034896,mother
7004,1034838,1034897,father
7004,1034839,1034897,mother
7004,1034840,1034898,father
7004,1034841,1034898,mother
7004,1034842,1034899,father
7004,1034843,1034899,mother
7004,1034844,1034900,father
7004,1034845,1034900,mother
7004,1034846,1034901,father
7004,1034847,1034901,mother
7004,1034848,1034902,father
7004,1034849,1034902,mother
7004,1034850,1034903,father
7004,1034851,1034903,mother
7004,1034852,1034904,father
7004,1034853,1034904,mother
7004,1034854,1034905,father
7004,1034855,1034905,mother
7004,1034856,1034906,father
7004,1034857,1034906,mother
7004,1034858,1034907,father
7004,1034859,1034907,mother
7004,1034860,1034908,father
7004,1034861,1034908,mother
7004,1034862,1034909,father
7004,1034863,1034909,mother
7004,1034864,1034910,father
7004,1034865,1034910,mother
7004,1034866,1034911,father
7004,1034867,1034911,mother
7004,1034868,1034912,father
7004,1034869,1034912,mother
7004,1034870,1034913,father
7004,1034871,1034913,mother
7004,1034872,1034936,father
7004,1034872,1034968,father
7004,1034873,1034936,mother
7004,1034873,1034968,mother
7004,1034874,1034937,father
7004,1034874,1034969,father
7004,1034875,1034937,mother
7004,1034875,1034969,mother
7004,1034876,1034938,father
7004,1034876,1034970,father
7004,1034877,1034938,mother
7004,1034877,1034970,mother
7004,1034878,1034939,father
7004,1034878,1034971,father
7004,1034879,1034939,mother
7004,1034879,1034971,mother
7004,1034880,1034940,father
7004,1034880,1034972,father
7004,1034881,1034940,mother
7004,1034881,1034972,mother
7004,1034882,1034941,father
7004,1034882,1034973,father
7004,1034883,1034941,mother
7004,1034883,1034973,mother
7004,1034884,1034942,father
7004,1034884,1034974,father
7004,1034885,1034942,mother
7004,1034885,1034974,mother
7004,1034886,1034943,father
7004,1034886,1034975,father
7004,1034887,1034943,mother
7004,1034887,1034975,mother
7004,1034888,1034944,father
7004,1034888,1034976,father
7004,1034889,1034944,mother
7004,1034889,1034976,mother
7004,1034890,1034945,father
7004,1034890,1034977,father
7004,1034891,1034945,mother
7004,1034891,1034977,mother
7004,1034892,1034946,father
7004,1034892,1034978,father
7004,1034893,1034946,mother
7004,1034893,1034978,mother
7004,1034894,1034947,father
7004,1034895,1034947,mother
7004,1034896,1034948,father
7004,1034897,1034948,mother
7004,1034898,1034949,father
7004,1034899,1034949,mother
7004,1034900,1034950,father
7004,1034901,1034950,mother
7004,1034902,1034951,father
7004,1034903,1034951,mother
7004,1034904,1034952,father
7004,1034905,1034952,mother
7004,1034906,1034953,father
7004,1034907,1034953,mother
7004,1034908,1034954,father
7004,1034909,1034954,mother
7004,1034910,1034955,father
7004,1034911,1034955,mother
7004,1034912,1034956,father
7004,1034913,1034956,mother
7004,1034914,1034957,father
7004,1034915,1034957,mother
7004,1034916,1034958,father
7004,1034917,1034958,mother
7004,1034918,1034959,father
7004,1034919,1034959,mother
7004,1034920,1034960,father
7004,1034921,1034960,mother
7004,1034922,1034961,father
7004,1034923,1034961,mother
7004,1034924,1034962,father
7004,1034925,1034962,mother
7004,1034926,1034963,father
7004,1034927,1034963,mother
7004,1034928,1034964,father
7004,1034929,1034964,mother
7004,1034930,1034965,father
7004,1034931,1034965,mother
7004,1034932,1034966,father
7004,1034933,1034966,mother
7004,1034934,1034967,father
7004,1034935,1034967,mother
7004,1034936,1034979,father
7004,1034937,1034979,mother
7004,1034937,1035000,mother
7004,1034938,1034980,father
7004,1034939,1034980,mother
7004,1034940,1034981,father
7004,1034941,1034981,mother
7004,1034942,1034982,father
7004,1034943,1034982,mother
7004,1034944,1034983,father
7004,1034945,1034983,mother
7004,1034946,1034984,father
7004,1034947,1034984,mother
7004,1034948,1034985,father
7004,1034949,1034985,mother
7004,1034950,1034986,father
7004,1034951,1034986,mother
7004,1034952,1034987,father
7004,1034953,1034987,mother
7004,1034954,1034988,father
7004,1034955,1034988,mother
7004,1034956,1034989,father
7004,1034957,1034989,mother
7004,1034958,1034990,father
7004,1034959,1034990,mother
7004,1034960,1034991,father
7004,1034961,1034991,mother
7004,1034962,1034992,father
7004,1034963,1034992,mother
7004,1034964,1034993,father
7004,1034965,1034993,mother
7004,1034966,1034994,father
7004,1034967,1034994,mother
7004,1034968,1034995,father
7004,1034969,1034995,mother
7004,1034970,1034996,father
7004,1034971,1034996,mother
7004,1034972,1034997,father
7004,1034973,1034997,mother
7004,1034974,1034998,father
7004,1034975,1034998,mother
7004,1034976,1034999,father
7004,1034977,1034999,mother
7004,1034978,1035000,father
